Country Name,Country Code,Topic,% of available indicators,Year
Belgium,BEL,Assets,0.000,1960
Belgium,BEL,Assets,0.000,1961
Belgium,BEL,Assets,0.000,1962
Belgium,BEL,Assets,0.000,1963
Belgium,BEL,Assets,0.000,1964
Belgium,BEL,Assets,0.000,1965
Belgium,BEL,Assets,0.000,1966
Belgium,BEL,Assets,0.000,1967
Belgium,BEL,Assets,0.000,1968
Belgium,BEL,Assets,0.000,1969
Belgium,BEL,Assets,2.208,1970
Belgium,BEL,Assets,2.208,1971
Belgium,BEL,Assets,2.208,1972
Belgium,BEL,Assets,2.208,1973
Belgium,BEL,Assets,2.208,1974
Belgium,BEL,Assets,2.208,1975
Belgium,BEL,Assets,2.208,1976
Belgium,BEL,Assets,2.208,1977
Belgium,BEL,Assets,2.208,1978
Belgium,BEL,Assets,2.208,1979
Belgium,BEL,Assets,2.208,1980
Belgium,BEL,Assets,2.208,1981
Belgium,BEL,Assets,2.208,1982
Belgium,BEL,Assets,2.208,1983
Belgium,BEL,Assets,2.208,1984
Belgium,BEL,Assets,2.208,1985
Belgium,BEL,Assets,2.208,1986
Belgium,BEL,Assets,2.208,1987
Belgium,BEL,Assets,2.208,1988
Belgium,BEL,Assets,2.208,1989
Belgium,BEL,Assets,2.208,1990
Belgium,BEL,Assets,2.208,1991
Belgium,BEL,Assets,2.208,1992
Belgium,BEL,Assets,2.208,1993
Belgium,BEL,Assets,2.208,1994
Belgium,BEL,Assets,2.208,1995
Belgium,BEL,Assets,2.208,1996
Belgium,BEL,Assets,2.208,1997
Belgium,BEL,Assets,2.208,1998
Belgium,BEL,Assets,2.208,1999
Belgium,BEL,Assets,2.208,2000
Belgium,BEL,Assets,2.208,2001
Belgium,BEL,Assets,2.208,2002
Belgium,BEL,Assets,2.208,2003
Belgium,BEL,Assets,2.208,2004
Belgium,BEL,Assets,2.208,2005
Belgium,BEL,Assets,2.208,2006
Belgium,BEL,Assets,2.208,2007
Belgium,BEL,Assets,2.208,2008
Belgium,BEL,Assets,2.208,2009
Belgium,BEL,Assets,2.208,2010
Belgium,BEL,Assets,10.726,2011
Belgium,BEL,Assets,2.208,2012
Belgium,BEL,Assets,2.208,2013
Belgium,BEL,Assets,24.921,2014
Belgium,BEL,Assets,2.208,2015
Belgium,BEL,Assets,2.208,2016
Belgium,BEL,Assets,26.814,2017
Belgium,BEL,Assets,2.208,2018
Belgium,BEL,Assets,2.208,2019
Belgium,BEL,Assets,2.208,2020
Belgium,BEL,Assets,51.735,2021
Belgium,BEL,Assets,2.208,2022
Belgium,BEL,Assets,2.208,2023
Belgium,BEL,Children 0-14,19.231,1960
Belgium,BEL,Children 0-14,19.231,1961
Belgium,BEL,Children 0-14,19.231,1962
Belgium,BEL,Children 0-14,19.231,1963
Belgium,BEL,Children 0-14,19.231,1964
Belgium,BEL,Children 0-14,19.231,1965
Belgium,BEL,Children 0-14,19.231,1966
Belgium,BEL,Children 0-14,19.231,1967
Belgium,BEL,Children 0-14,19.231,1968
Belgium,BEL,Children 0-14,19.231,1969
Belgium,BEL,Children 0-14,23.846,1970
Belgium,BEL,Children 0-14,25.385,1971
Belgium,BEL,Children 0-14,25.385,1972
Belgium,BEL,Children 0-14,25.385,1973
Belgium,BEL,Children 0-14,32.308,1974
Belgium,BEL,Children 0-14,32.308,1975
Belgium,BEL,Children 0-14,32.308,1976
Belgium,BEL,Children 0-14,40.000,1977
Belgium,BEL,Children 0-14,30.000,1978
Belgium,BEL,Children 0-14,37.692,1979
Belgium,BEL,Children 0-14,38.462,1980
Belgium,BEL,Children 0-14,39.231,1981
Belgium,BEL,Children 0-14,39.231,1982
Belgium,BEL,Children 0-14,39.231,1983
Belgium,BEL,Children 0-14,39.231,1984
Belgium,BEL,Children 0-14,39.231,1985
Belgium,BEL,Children 0-14,39.231,1986
Belgium,BEL,Children 0-14,39.231,1987
Belgium,BEL,Children 0-14,37.692,1988
Belgium,BEL,Children 0-14,26.923,1989
Belgium,BEL,Children 0-14,26.923,1990
Belgium,BEL,Children 0-14,37.692,1991
Belgium,BEL,Children 0-14,34.615,1992
Belgium,BEL,Children 0-14,36.923,1993
Belgium,BEL,Children 0-14,36.923,1994
Belgium,BEL,Children 0-14,34.615,1995
Belgium,BEL,Children 0-14,34.615,1996
Belgium,BEL,Children 0-14,20.769,1997
Belgium,BEL,Children 0-14,20.769,1998
Belgium,BEL,Children 0-14,34.615,1999
Belgium,BEL,Children 0-14,51.538,2000
Belgium,BEL,Children 0-14,33.077,2001
Belgium,BEL,Children 0-14,36.154,2002
Belgium,BEL,Children 0-14,36.154,2003
Belgium,BEL,Children 0-14,38.462,2004
Belgium,BEL,Children 0-14,39.231,2005
Belgium,BEL,Children 0-14,53.077,2006
Belgium,BEL,Children 0-14,42.308,2007
Belgium,BEL,Children 0-14,46.923,2008
Belgium,BEL,Children 0-14,46.923,2009
Belgium,BEL,Children 0-14,62.308,2010
Belgium,BEL,Children 0-14,51.538,2011
Belgium,BEL,Children 0-14,46.923,2012
Belgium,BEL,Children 0-14,46.923,2013
Belgium,BEL,Children 0-14,54.615,2014
Belgium,BEL,Children 0-14,60.769,2015
Belgium,BEL,Children 0-14,53.077,2016
Belgium,BEL,Children 0-14,50.000,2017
Belgium,BEL,Children 0-14,40.769,2018
Belgium,BEL,Children 0-14,53.077,2019
Belgium,BEL,Children 0-14,40.000,2020
Belgium,BEL,Children 0-14,36.923,2021
Belgium,BEL,Children 0-14,33.846,2022
Belgium,BEL,Children 0-14,9.231,2023
Belgium,BEL,Education,0.000,1960
Belgium,BEL,Education,0.000,1961
Belgium,BEL,Education,0.000,1962
Belgium,BEL,Education,0.000,1963
Belgium,BEL,Education,0.000,1964
Belgium,BEL,Education,0.000,1965
Belgium,BEL,Education,0.000,1966
Belgium,BEL,Education,0.000,1967
Belgium,BEL,Education,0.000,1968
Belgium,BEL,Education,0.000,1969
Belgium,BEL,Education,7.362,1970
Belgium,BEL,Education,16.564,1971
Belgium,BEL,Education,16.564,1972
Belgium,BEL,Education,16.564,1973
Belgium,BEL,Education,24.540,1974
Belgium,BEL,Education,23.926,1975
Belgium,BEL,Education,20.245,1976
Belgium,BEL,Education,28.221,1977
Belgium,BEL,Education,17.791,1978
Belgium,BEL,Education,23.926,1979
Belgium,BEL,Education,23.926,1980
Belgium,BEL,Education,23.926,1981
Belgium,BEL,Education,23.313,1982
Belgium,BEL,Education,25.767,1983
Belgium,BEL,Education,28.221,1984
Belgium,BEL,Education,28.221,1985
Belgium,BEL,Education,28.834,1986
Belgium,BEL,Education,29.448,1987
Belgium,BEL,Education,27.607,1988
Belgium,BEL,Education,15.951,1989
Belgium,BEL,Education,15.951,1990
Belgium,BEL,Education,27.607,1991
Belgium,BEL,Education,17.178,1992
Belgium,BEL,Education,31.288,1993
Belgium,BEL,Education,30.061,1994
Belgium,BEL,Education,26.380,1995
Belgium,BEL,Education,26.380,1996
Belgium,BEL,Education,1.840,1997
Belgium,BEL,Education,1.840,1998
Belgium,BEL,Education,31.902,1999
Belgium,BEL,Education,42.945,2000
Belgium,BEL,Education,41.104,2001
Belgium,BEL,Education,43.558,2002
Belgium,BEL,Education,32.515,2003
Belgium,BEL,Education,34.356,2004
Belgium,BEL,Education,36.196,2005
Belgium,BEL,Education,61.350,2006
Belgium,BEL,Education,37.423,2007
Belgium,BEL,Education,57.669,2008
Belgium,BEL,Education,58.896,2009
Belgium,BEL,Education,74.233,2010
Belgium,BEL,Education,68.098,2011
Belgium,BEL,Education,64.417,2012
Belgium,BEL,Education,66.258,2013
Belgium,BEL,Education,67.485,2014
Belgium,BEL,Education,63.804,2015
Belgium,BEL,Education,70.552,2016
Belgium,BEL,Education,76.074,2017
Belgium,BEL,Education,52.761,2018
Belgium,BEL,Education,38.650,2019
Belgium,BEL,Education,49.693,2020
Belgium,BEL,Education,34.969,2021
Belgium,BEL,Education,33.129,2022
Belgium,BEL,Education,1.840,2023
Belgium,BEL,Employment and Time Use,0.000,1960
Belgium,BEL,Employment and Time Use,5.109,1961
Belgium,BEL,Employment and Time Use,0.000,1962
Belgium,BEL,Employment and Time Use,0.000,1963
Belgium,BEL,Employment and Time Use,0.000,1964
Belgium,BEL,Employment and Time Use,0.000,1965
Belgium,BEL,Employment and Time Use,0.000,1966
Belgium,BEL,Employment and Time Use,0.000,1967
Belgium,BEL,Employment and Time Use,0.000,1968
Belgium,BEL,Employment and Time Use,0.000,1969
Belgium,BEL,Employment and Time Use,26.277,1970
Belgium,BEL,Employment and Time Use,23.358,1971
Belgium,BEL,Employment and Time Use,23.358,1972
Belgium,BEL,Employment and Time Use,23.358,1973
Belgium,BEL,Employment and Time Use,23.358,1974
Belgium,BEL,Employment and Time Use,23.358,1975
Belgium,BEL,Employment and Time Use,23.358,1976
Belgium,BEL,Employment and Time Use,28.467,1977
Belgium,BEL,Employment and Time Use,23.358,1978
Belgium,BEL,Employment and Time Use,28.467,1979
Belgium,BEL,Employment and Time Use,28.467,1980
Belgium,BEL,Employment and Time Use,28.467,1981
Belgium,BEL,Employment and Time Use,23.358,1982
Belgium,BEL,Employment and Time Use,40.146,1983
Belgium,BEL,Employment and Time Use,40.146,1984
Belgium,BEL,Employment and Time Use,40.146,1985
Belgium,BEL,Employment and Time Use,40.146,1986
Belgium,BEL,Employment and Time Use,40.146,1987
Belgium,BEL,Employment and Time Use,40.146,1988
Belgium,BEL,Employment and Time Use,40.146,1989
Belgium,BEL,Employment and Time Use,50.365,1990
Belgium,BEL,Employment and Time Use,75.182,1991
Belgium,BEL,Employment and Time Use,88.321,1992
Belgium,BEL,Employment and Time Use,88.321,1993
Belgium,BEL,Employment and Time Use,88.321,1994
Belgium,BEL,Employment and Time Use,88.321,1995
Belgium,BEL,Employment and Time Use,88.321,1996
Belgium,BEL,Employment and Time Use,88.321,1997
Belgium,BEL,Employment and Time Use,88.321,1998
Belgium,BEL,Employment and Time Use,89.781,1999
Belgium,BEL,Employment and Time Use,91.971,2000
Belgium,BEL,Employment and Time Use,90.511,2001
Belgium,BEL,Employment and Time Use,90.511,2002
Belgium,BEL,Employment and Time Use,90.511,2003
Belgium,BEL,Employment and Time Use,90.511,2004
Belgium,BEL,Employment and Time Use,91.971,2005
Belgium,BEL,Employment and Time Use,90.511,2006
Belgium,BEL,Employment and Time Use,90.511,2007
Belgium,BEL,Employment and Time Use,90.511,2008
Belgium,BEL,Employment and Time Use,90.511,2009
Belgium,BEL,Employment and Time Use,90.511,2010
Belgium,BEL,Employment and Time Use,90.511,2011
Belgium,BEL,Employment and Time Use,90.511,2012
Belgium,BEL,Employment and Time Use,91.971,2013
Belgium,BEL,Employment and Time Use,90.511,2014
Belgium,BEL,Employment and Time Use,90.511,2015
Belgium,BEL,Employment and Time Use,90.511,2016
Belgium,BEL,Employment and Time Use,90.511,2017
Belgium,BEL,Employment and Time Use,90.511,2018
Belgium,BEL,Employment and Time Use,90.511,2019
Belgium,BEL,Employment and Time Use,90.511,2020
Belgium,BEL,Employment and Time Use,90.511,2021
Belgium,BEL,Employment and Time Use,90.511,2022
Belgium,BEL,Employment and Time Use,91.241,2023
Belgium,BEL,Entrepreneurship,0.000,1960
Belgium,BEL,Entrepreneurship,0.000,1961
Belgium,BEL,Entrepreneurship,0.000,1962
Belgium,BEL,Entrepreneurship,0.000,1963
Belgium,BEL,Entrepreneurship,0.000,1964
Belgium,BEL,Entrepreneurship,0.000,1965
Belgium,BEL,Entrepreneurship,0.000,1966
Belgium,BEL,Entrepreneurship,0.000,1967
Belgium,BEL,Entrepreneurship,0.000,1968
Belgium,BEL,Entrepreneurship,0.000,1969
Belgium,BEL,Entrepreneurship,9.375,1970
Belgium,BEL,Entrepreneurship,9.375,1971
Belgium,BEL,Entrepreneurship,9.375,1972
Belgium,BEL,Entrepreneurship,9.375,1973
Belgium,BEL,Entrepreneurship,9.375,1974
Belgium,BEL,Entrepreneurship,9.375,1975
Belgium,BEL,Entrepreneurship,9.375,1976
Belgium,BEL,Entrepreneurship,9.375,1977
Belgium,BEL,Entrepreneurship,9.375,1978
Belgium,BEL,Entrepreneurship,9.375,1979
Belgium,BEL,Entrepreneurship,9.375,1980
Belgium,BEL,Entrepreneurship,9.375,1981
Belgium,BEL,Entrepreneurship,9.375,1982
Belgium,BEL,Entrepreneurship,9.375,1983
Belgium,BEL,Entrepreneurship,9.375,1984
Belgium,BEL,Entrepreneurship,9.375,1985
Belgium,BEL,Entrepreneurship,9.375,1986
Belgium,BEL,Entrepreneurship,9.375,1987
Belgium,BEL,Entrepreneurship,9.375,1988
Belgium,BEL,Entrepreneurship,9.375,1989
Belgium,BEL,Entrepreneurship,9.375,1990
Belgium,BEL,Entrepreneurship,9.375,1991
Belgium,BEL,Entrepreneurship,9.375,1992
Belgium,BEL,Entrepreneurship,9.375,1993
Belgium,BEL,Entrepreneurship,9.375,1994
Belgium,BEL,Entrepreneurship,9.375,1995
Belgium,BEL,Entrepreneurship,9.375,1996
Belgium,BEL,Entrepreneurship,9.375,1997
Belgium,BEL,Entrepreneurship,9.375,1998
Belgium,BEL,Entrepreneurship,9.375,1999
Belgium,BEL,Entrepreneurship,9.375,2000
Belgium,BEL,Entrepreneurship,9.375,2001
Belgium,BEL,Entrepreneurship,9.375,2002
Belgium,BEL,Entrepreneurship,37.500,2003
Belgium,BEL,Entrepreneurship,37.500,2004
Belgium,BEL,Entrepreneurship,37.500,2005
Belgium,BEL,Entrepreneurship,37.500,2006
Belgium,BEL,Entrepreneurship,37.500,2007
Belgium,BEL,Entrepreneurship,37.500,2008
Belgium,BEL,Entrepreneurship,37.500,2009
Belgium,BEL,Entrepreneurship,37.500,2010
Belgium,BEL,Entrepreneurship,37.500,2011
Belgium,BEL,Entrepreneurship,37.500,2012
Belgium,BEL,Entrepreneurship,37.500,2013
Belgium,BEL,Entrepreneurship,56.250,2014
Belgium,BEL,Entrepreneurship,37.500,2015
Belgium,BEL,Entrepreneurship,37.500,2016
Belgium,BEL,Entrepreneurship,56.250,2017
Belgium,BEL,Entrepreneurship,37.500,2018
Belgium,BEL,Entrepreneurship,37.500,2019
Belgium,BEL,Entrepreneurship,15.625,2020
Belgium,BEL,Entrepreneurship,9.375,2021
Belgium,BEL,Entrepreneurship,9.375,2022
Belgium,BEL,Entrepreneurship,9.375,2023
Belgium,BEL,Environment,0.000,1960
Belgium,BEL,Environment,0.000,1961
Belgium,BEL,Environment,0.000,1962
Belgium,BEL,Environment,0.000,1963
Belgium,BEL,Environment,0.000,1964
Belgium,BEL,Environment,0.000,1965
Belgium,BEL,Environment,0.000,1966
Belgium,BEL,Environment,0.000,1967
Belgium,BEL,Environment,0.000,1968
Belgium,BEL,Environment,0.000,1969
Belgium,BEL,Environment,0.000,1970
Belgium,BEL,Environment,0.000,1971
Belgium,BEL,Environment,0.000,1972
Belgium,BEL,Environment,0.000,1973
Belgium,BEL,Environment,0.000,1974
Belgium,BEL,Environment,0.000,1975
Belgium,BEL,Environment,0.000,1976
Belgium,BEL,Environment,0.000,1977
Belgium,BEL,Environment,0.000,1978
Belgium,BEL,Environment,0.000,1979
Belgium,BEL,Environment,0.000,1980
Belgium,BEL,Environment,0.000,1981
Belgium,BEL,Environment,0.000,1982
Belgium,BEL,Environment,0.000,1983
Belgium,BEL,Environment,0.000,1984
Belgium,BEL,Environment,0.000,1985
Belgium,BEL,Environment,0.000,1986
Belgium,BEL,Environment,0.000,1987
Belgium,BEL,Environment,0.000,1988
Belgium,BEL,Environment,0.000,1989
Belgium,BEL,Environment,0.000,1990
Belgium,BEL,Environment,0.000,1991
Belgium,BEL,Environment,0.000,1992
Belgium,BEL,Environment,0.000,1993
Belgium,BEL,Environment,0.000,1994
Belgium,BEL,Environment,0.000,1995
Belgium,BEL,Environment,0.000,1996
Belgium,BEL,Environment,0.000,1997
Belgium,BEL,Environment,0.000,1998
Belgium,BEL,Environment,0.000,1999
Belgium,BEL,Environment,13.333,2000
Belgium,BEL,Environment,13.333,2001
Belgium,BEL,Environment,13.333,2002
Belgium,BEL,Environment,10.000,2003
Belgium,BEL,Environment,10.000,2004
Belgium,BEL,Environment,10.000,2005
Belgium,BEL,Environment,13.333,2006
Belgium,BEL,Environment,10.000,2007
Belgium,BEL,Environment,13.333,2008
Belgium,BEL,Environment,13.333,2009
Belgium,BEL,Environment,13.333,2010
Belgium,BEL,Environment,13.333,2011
Belgium,BEL,Environment,13.333,2012
Belgium,BEL,Environment,13.333,2013
Belgium,BEL,Environment,13.333,2014
Belgium,BEL,Environment,13.333,2015
Belgium,BEL,Environment,13.333,2016
Belgium,BEL,Environment,13.333,2017
Belgium,BEL,Environment,10.000,2018
Belgium,BEL,Environment,30.000,2019
Belgium,BEL,Environment,10.000,2020
Belgium,BEL,Environment,10.000,2021
Belgium,BEL,Environment,10.000,2022
Belgium,BEL,Environment,0.000,2023
Belgium,BEL,Health,8.586,1960
Belgium,BEL,Health,8.586,1961
Belgium,BEL,Health,8.586,1962
Belgium,BEL,Health,8.586,1963
Belgium,BEL,Health,8.586,1964
Belgium,BEL,Health,8.586,1965
Belgium,BEL,Health,9.596,1966
Belgium,BEL,Health,8.586,1967
Belgium,BEL,Health,8.586,1968
Belgium,BEL,Health,8.586,1969
Belgium,BEL,Health,8.586,1970
Belgium,BEL,Health,8.586,1971
Belgium,BEL,Health,8.586,1972
Belgium,BEL,Health,8.586,1973
Belgium,BEL,Health,8.586,1974
Belgium,BEL,Health,11.111,1975
Belgium,BEL,Health,12.121,1976
Belgium,BEL,Health,11.111,1977
Belgium,BEL,Health,11.111,1978
Belgium,BEL,Health,11.111,1979
Belgium,BEL,Health,11.616,1980
Belgium,BEL,Health,12.121,1981
Belgium,BEL,Health,12.121,1982
Belgium,BEL,Health,13.131,1983
Belgium,BEL,Health,12.121,1984
Belgium,BEL,Health,12.626,1985
Belgium,BEL,Health,12.626,1986
Belgium,BEL,Health,13.131,1987
Belgium,BEL,Health,12.626,1988
Belgium,BEL,Health,12.626,1989
Belgium,BEL,Health,17.172,1990
Belgium,BEL,Health,17.172,1991
Belgium,BEL,Health,18.687,1992
Belgium,BEL,Health,17.172,1993
Belgium,BEL,Health,17.172,1994
Belgium,BEL,Health,17.172,1995
Belgium,BEL,Health,17.172,1996
Belgium,BEL,Health,17.172,1997
Belgium,BEL,Health,17.172,1998
Belgium,BEL,Health,17.677,1999
Belgium,BEL,Health,56.061,2000
Belgium,BEL,Health,31.818,2001
Belgium,BEL,Health,31.818,2002
Belgium,BEL,Health,31.818,2003
Belgium,BEL,Health,31.818,2004
Belgium,BEL,Health,33.333,2005
Belgium,BEL,Health,31.818,2006
Belgium,BEL,Health,31.818,2007
Belgium,BEL,Health,31.818,2008
Belgium,BEL,Health,32.828,2009
Belgium,BEL,Health,59.091,2010
Belgium,BEL,Health,31.818,2011
Belgium,BEL,Health,31.818,2012
Belgium,BEL,Health,32.828,2013
Belgium,BEL,Health,37.879,2014
Belgium,BEL,Health,56.061,2015
Belgium,BEL,Health,31.313,2016
Belgium,BEL,Health,33.333,2017
Belgium,BEL,Health,34.343,2018
Belgium,BEL,Health,56.061,2019
Belgium,BEL,Health,25.758,2020
Belgium,BEL,Health,19.192,2021
Belgium,BEL,Health,15.657,2022
Belgium,BEL,Health,1.010,2023
Belgium,BEL,Leadership,0.000,1960
Belgium,BEL,Leadership,0.000,1961
Belgium,BEL,Leadership,0.000,1962
Belgium,BEL,Leadership,0.000,1963
Belgium,BEL,Leadership,0.000,1964
Belgium,BEL,Leadership,0.000,1965
Belgium,BEL,Leadership,0.000,1966
Belgium,BEL,Leadership,0.000,1967
Belgium,BEL,Leadership,0.000,1968
Belgium,BEL,Leadership,0.000,1969
Belgium,BEL,Leadership,0.000,1970
Belgium,BEL,Leadership,0.000,1971
Belgium,BEL,Leadership,0.000,1972
Belgium,BEL,Leadership,0.000,1973
Belgium,BEL,Leadership,0.000,1974
Belgium,BEL,Leadership,0.000,1975
Belgium,BEL,Leadership,0.000,1976
Belgium,BEL,Leadership,0.000,1977
Belgium,BEL,Leadership,0.000,1978
Belgium,BEL,Leadership,0.000,1979
Belgium,BEL,Leadership,0.000,1980
Belgium,BEL,Leadership,0.000,1981
Belgium,BEL,Leadership,0.000,1982
Belgium,BEL,Leadership,0.000,1983
Belgium,BEL,Leadership,0.000,1984
Belgium,BEL,Leadership,0.000,1985
Belgium,BEL,Leadership,0.000,1986
Belgium,BEL,Leadership,0.000,1987
Belgium,BEL,Leadership,0.000,1988
Belgium,BEL,Leadership,0.000,1989
Belgium,BEL,Leadership,0.000,1990
Belgium,BEL,Leadership,0.000,1991
Belgium,BEL,Leadership,0.000,1992
Belgium,BEL,Leadership,0.000,1993
Belgium,BEL,Leadership,0.000,1994
Belgium,BEL,Leadership,0.000,1995
Belgium,BEL,Leadership,0.000,1996
Belgium,BEL,Leadership,25.000,1997
Belgium,BEL,Leadership,25.000,1998
Belgium,BEL,Leadership,25.000,1999
Belgium,BEL,Leadership,50.000,2000
Belgium,BEL,Leadership,50.000,2001
Belgium,BEL,Leadership,50.000,2002
Belgium,BEL,Leadership,50.000,2003
Belgium,BEL,Leadership,50.000,2004
Belgium,BEL,Leadership,75.000,2005
Belgium,BEL,Leadership,50.000,2006
Belgium,BEL,Leadership,50.000,2007
Belgium,BEL,Leadership,75.000,2008
Belgium,BEL,Leadership,50.000,2009
Belgium,BEL,Leadership,75.000,2010
Belgium,BEL,Leadership,50.000,2011
Belgium,BEL,Leadership,75.000,2012
Belgium,BEL,Leadership,50.000,2013
Belgium,BEL,Leadership,75.000,2014
Belgium,BEL,Leadership,75.000,2015
Belgium,BEL,Leadership,75.000,2016
Belgium,BEL,Leadership,50.000,2017
Belgium,BEL,Leadership,75.000,2018
Belgium,BEL,Leadership,75.000,2019
Belgium,BEL,Leadership,100.000,2020
Belgium,BEL,Leadership,50.000,2021
Belgium,BEL,Leadership,75.000,2022
Belgium,BEL,Leadership,25.000,2023
Belgium,BEL,Norms and Decision-making,0.000,1960
Belgium,BEL,Norms and Decision-making,0.000,1961
Belgium,BEL,Norms and Decision-making,0.000,1962
Belgium,BEL,Norms and Decision-making,0.000,1963
Belgium,BEL,Norms and Decision-making,0.000,1964
Belgium,BEL,Norms and Decision-making,0.000,1965
Belgium,BEL,Norms and Decision-making,0.000,1966
Belgium,BEL,Norms and Decision-making,0.000,1967
Belgium,BEL,Norms and Decision-making,0.000,1968
Belgium,BEL,Norms and Decision-making,0.000,1969
Belgium,BEL,Norms and Decision-making,14.074,1970
Belgium,BEL,Norms and Decision-making,12.593,1971
Belgium,BEL,Norms and Decision-making,12.593,1972
Belgium,BEL,Norms and Decision-making,12.593,1973
Belgium,BEL,Norms and Decision-making,12.593,1974
Belgium,BEL,Norms and Decision-making,12.593,1975
Belgium,BEL,Norms and Decision-making,12.593,1976
Belgium,BEL,Norms and Decision-making,12.593,1977
Belgium,BEL,Norms and Decision-making,12.593,1978
Belgium,BEL,Norms and Decision-making,12.593,1979
Belgium,BEL,Norms and Decision-making,12.593,1980
Belgium,BEL,Norms and Decision-making,14.074,1981
Belgium,BEL,Norms and Decision-making,12.593,1982
Belgium,BEL,Norms and Decision-making,12.593,1983
Belgium,BEL,Norms and Decision-making,12.593,1984
Belgium,BEL,Norms and Decision-making,12.593,1985
Belgium,BEL,Norms and Decision-making,12.593,1986
Belgium,BEL,Norms and Decision-making,12.593,1987
Belgium,BEL,Norms and Decision-making,12.593,1988
Belgium,BEL,Norms and Decision-making,12.593,1989
Belgium,BEL,Norms and Decision-making,12.593,1990
Belgium,BEL,Norms and Decision-making,14.074,1991
Belgium,BEL,Norms and Decision-making,12.593,1992
Belgium,BEL,Norms and Decision-making,12.593,1993
Belgium,BEL,Norms and Decision-making,12.593,1994
Belgium,BEL,Norms and Decision-making,12.593,1995
Belgium,BEL,Norms and Decision-making,12.593,1996
Belgium,BEL,Norms and Decision-making,12.593,1997
Belgium,BEL,Norms and Decision-making,12.593,1998
Belgium,BEL,Norms and Decision-making,14.074,1999
Belgium,BEL,Norms and Decision-making,14.074,2000
Belgium,BEL,Norms and Decision-making,14.074,2001
Belgium,BEL,Norms and Decision-making,12.593,2002
Belgium,BEL,Norms and Decision-making,12.593,2003
Belgium,BEL,Norms and Decision-making,14.074,2004
Belgium,BEL,Norms and Decision-making,12.593,2005
Belgium,BEL,Norms and Decision-making,14.074,2006
Belgium,BEL,Norms and Decision-making,14.074,2007
Belgium,BEL,Norms and Decision-making,12.593,2008
Belgium,BEL,Norms and Decision-making,14.074,2009
Belgium,BEL,Norms and Decision-making,12.593,2010
Belgium,BEL,Norms and Decision-making,14.074,2011
Belgium,BEL,Norms and Decision-making,12.593,2012
Belgium,BEL,Norms and Decision-making,12.593,2013
Belgium,BEL,Norms and Decision-making,12.593,2014
Belgium,BEL,Norms and Decision-making,12.593,2015
Belgium,BEL,Norms and Decision-making,12.593,2016
Belgium,BEL,Norms and Decision-making,12.593,2017
Belgium,BEL,Norms and Decision-making,12.593,2018
Belgium,BEL,Norms and Decision-making,12.593,2019
Belgium,BEL,Norms and Decision-making,14.074,2020
Belgium,BEL,Norms and Decision-making,12.593,2021
Belgium,BEL,Norms and Decision-making,12.593,2022
Belgium,BEL,Norms and Decision-making,12.593,2023
Belgium,BEL,Population,86.905,1960
Belgium,BEL,Population,86.905,1961
Belgium,BEL,Population,86.905,1962
Belgium,BEL,Population,86.905,1963
Belgium,BEL,Population,86.905,1964
Belgium,BEL,Population,86.905,1965
Belgium,BEL,Population,86.905,1966
Belgium,BEL,Population,86.905,1967
Belgium,BEL,Population,86.905,1968
Belgium,BEL,Population,86.905,1969
Belgium,BEL,Population,89.286,1970
Belgium,BEL,Population,86.905,1971
Belgium,BEL,Population,86.905,1972
Belgium,BEL,Population,86.905,1973
Belgium,BEL,Population,86.905,1974
Belgium,BEL,Population,86.905,1975
Belgium,BEL,Population,86.905,1976
Belgium,BEL,Population,86.905,1977
Belgium,BEL,Population,86.905,1978
Belgium,BEL,Population,86.905,1979
Belgium,BEL,Population,91.667,1980
Belgium,BEL,Population,89.286,1981
Belgium,BEL,Population,86.905,1982
Belgium,BEL,Population,86.905,1983
Belgium,BEL,Population,86.905,1984
Belgium,BEL,Population,91.667,1985
Belgium,BEL,Population,86.905,1986
Belgium,BEL,Population,86.905,1987
Belgium,BEL,Population,86.905,1988
Belgium,BEL,Population,86.905,1989
Belgium,BEL,Population,92.857,1990
Belgium,BEL,Population,89.286,1991
Belgium,BEL,Population,86.905,1992
Belgium,BEL,Population,86.905,1993
Belgium,BEL,Population,86.905,1994
Belgium,BEL,Population,92.857,1995
Belgium,BEL,Population,86.905,1996
Belgium,BEL,Population,86.905,1997
Belgium,BEL,Population,86.905,1998
Belgium,BEL,Population,89.286,1999
Belgium,BEL,Population,95.238,2000
Belgium,BEL,Population,89.286,2001
Belgium,BEL,Population,86.905,2002
Belgium,BEL,Population,86.905,2003
Belgium,BEL,Population,89.286,2004
Belgium,BEL,Population,92.857,2005
Belgium,BEL,Population,89.286,2006
Belgium,BEL,Population,89.286,2007
Belgium,BEL,Population,86.905,2008
Belgium,BEL,Population,89.286,2009
Belgium,BEL,Population,94.048,2010
Belgium,BEL,Population,89.286,2011
Belgium,BEL,Population,86.905,2012
Belgium,BEL,Population,86.905,2013
Belgium,BEL,Population,88.095,2014
Belgium,BEL,Population,92.857,2015
Belgium,BEL,Population,86.905,2016
Belgium,BEL,Population,88.095,2017
Belgium,BEL,Population,86.905,2018
Belgium,BEL,Population,89.286,2019
Belgium,BEL,Population,88.095,2020
Belgium,BEL,Population,86.905,2021
Belgium,BEL,Population,88.095,2022
Belgium,BEL,Population,77.381,2023
Belgium,BEL,SDGs,2.685,1960
Belgium,BEL,SDGs,2.685,1961
Belgium,BEL,SDGs,2.685,1962
Belgium,BEL,SDGs,2.685,1963
Belgium,BEL,SDGs,2.685,1964
Belgium,BEL,SDGs,2.685,1965
Belgium,BEL,SDGs,2.685,1966
Belgium,BEL,SDGs,2.685,1967
Belgium,BEL,SDGs,2.685,1968
Belgium,BEL,SDGs,2.685,1969
Belgium,BEL,SDGs,11.409,1970
Belgium,BEL,SDGs,13.423,1971
Belgium,BEL,SDGs,13.423,1972
Belgium,BEL,SDGs,13.423,1973
Belgium,BEL,SDGs,13.423,1974
Belgium,BEL,SDGs,13.423,1975
Belgium,BEL,SDGs,13.423,1976
Belgium,BEL,SDGs,13.423,1977
Belgium,BEL,SDGs,13.423,1978
Belgium,BEL,SDGs,13.423,1979
Belgium,BEL,SDGs,14.094,1980
Belgium,BEL,SDGs,14.094,1981
Belgium,BEL,SDGs,14.094,1982
Belgium,BEL,SDGs,16.107,1983
Belgium,BEL,SDGs,16.107,1984
Belgium,BEL,SDGs,16.779,1985
Belgium,BEL,SDGs,16.779,1986
Belgium,BEL,SDGs,17.450,1987
Belgium,BEL,SDGs,16.779,1988
Belgium,BEL,SDGs,16.779,1989
Belgium,BEL,SDGs,20.805,1990
Belgium,BEL,SDGs,24.832,1991
Belgium,BEL,SDGs,24.832,1992
Belgium,BEL,SDGs,24.832,1993
Belgium,BEL,SDGs,24.832,1994
Belgium,BEL,SDGs,24.832,1995
Belgium,BEL,SDGs,24.832,1996
Belgium,BEL,SDGs,25.503,1997
Belgium,BEL,SDGs,25.503,1998
Belgium,BEL,SDGs,26.174,1999
Belgium,BEL,SDGs,71.812,2000
Belgium,BEL,SDGs,38.255,2001
Belgium,BEL,SDGs,38.255,2002
Belgium,BEL,SDGs,38.255,2003
Belgium,BEL,SDGs,38.255,2004
Belgium,BEL,SDGs,41.611,2005
Belgium,BEL,SDGs,40.268,2006
Belgium,BEL,SDGs,38.255,2007
Belgium,BEL,SDGs,38.255,2008
Belgium,BEL,SDGs,38.255,2009
Belgium,BEL,SDGs,70.470,2010
Belgium,BEL,SDGs,42.282,2011
Belgium,BEL,SDGs,38.926,2012
Belgium,BEL,SDGs,39.597,2013
Belgium,BEL,SDGs,40.268,2014
Belgium,BEL,SDGs,70.470,2015
Belgium,BEL,SDGs,39.597,2016
Belgium,BEL,SDGs,39.597,2017
Belgium,BEL,SDGs,40.940,2018
Belgium,BEL,SDGs,73.826,2019
Belgium,BEL,SDGs,32.886,2020
Belgium,BEL,SDGs,28.859,2021
Belgium,BEL,SDGs,26.846,2022
Belgium,BEL,SDGs,18.121,2023
Belgium,BEL,Technology,0.000,1960
Belgium,BEL,Technology,0.000,1961
Belgium,BEL,Technology,0.000,1962
Belgium,BEL,Technology,0.000,1963
Belgium,BEL,Technology,0.000,1964
Belgium,BEL,Technology,0.000,1965
Belgium,BEL,Technology,0.000,1966
Belgium,BEL,Technology,0.000,1967
Belgium,BEL,Technology,0.000,1968
Belgium,BEL,Technology,0.000,1969
Belgium,BEL,Technology,0.000,1970
Belgium,BEL,Technology,0.000,1971
Belgium,BEL,Technology,0.000,1972
Belgium,BEL,Technology,0.000,1973
Belgium,BEL,Technology,0.000,1974
Belgium,BEL,Technology,0.000,1975
Belgium,BEL,Technology,0.000,1976
Belgium,BEL,Technology,0.000,1977
Belgium,BEL,Technology,0.000,1978
Belgium,BEL,Technology,0.000,1979
Belgium,BEL,Technology,0.000,1980
Belgium,BEL,Technology,0.000,1981
Belgium,BEL,Technology,0.000,1982
Belgium,BEL,Technology,0.000,1983
Belgium,BEL,Technology,0.000,1984
Belgium,BEL,Technology,0.000,1985
Belgium,BEL,Technology,0.000,1986
Belgium,BEL,Technology,0.000,1987
Belgium,BEL,Technology,0.000,1988
Belgium,BEL,Technology,0.000,1989
Belgium,BEL,Technology,2.222,1990
Belgium,BEL,Technology,2.222,1991
Belgium,BEL,Technology,2.222,1992
Belgium,BEL,Technology,2.222,1993
Belgium,BEL,Technology,2.222,1994
Belgium,BEL,Technology,2.222,1995
Belgium,BEL,Technology,2.222,1996
Belgium,BEL,Technology,2.222,1997
Belgium,BEL,Technology,2.222,1998
Belgium,BEL,Technology,2.222,1999
Belgium,BEL,Technology,8.889,2000
Belgium,BEL,Technology,8.889,2001
Belgium,BEL,Technology,8.889,2002
Belgium,BEL,Technology,2.222,2003
Belgium,BEL,Technology,2.222,2004
Belgium,BEL,Technology,6.667,2005
Belgium,BEL,Technology,13.333,2006
Belgium,BEL,Technology,6.667,2007
Belgium,BEL,Technology,13.333,2008
Belgium,BEL,Technology,13.333,2009
Belgium,BEL,Technology,13.333,2010
Belgium,BEL,Technology,20.000,2011
Belgium,BEL,Technology,13.333,2012
Belgium,BEL,Technology,13.333,2013
Belgium,BEL,Technology,40.000,2014
Belgium,BEL,Technology,13.333,2015
Belgium,BEL,Technology,13.333,2016
Belgium,BEL,Technology,60.000,2017
Belgium,BEL,Technology,6.667,2018
Belgium,BEL,Technology,6.667,2019
Belgium,BEL,Technology,6.667,2020
Belgium,BEL,Technology,73.333,2021
Belgium,BEL,Technology,6.667,2022
Belgium,BEL,Technology,6.667,2023
Belgium,BEL,Violence,0.000,1960
Belgium,BEL,Violence,0.000,1961
Belgium,BEL,Violence,0.000,1962
Belgium,BEL,Violence,0.000,1963
Belgium,BEL,Violence,0.000,1964
Belgium,BEL,Violence,0.000,1965
Belgium,BEL,Violence,0.000,1966
Belgium,BEL,Violence,0.000,1967
Belgium,BEL,Violence,0.000,1968
Belgium,BEL,Violence,0.000,1969
Belgium,BEL,Violence,2.143,1970
Belgium,BEL,Violence,2.143,1971
Belgium,BEL,Violence,2.143,1972
Belgium,BEL,Violence,2.143,1973
Belgium,BEL,Violence,2.143,1974
Belgium,BEL,Violence,2.143,1975
Belgium,BEL,Violence,2.143,1976
Belgium,BEL,Violence,2.143,1977
Belgium,BEL,Violence,2.143,1978
Belgium,BEL,Violence,2.143,1979
Belgium,BEL,Violence,2.143,1980
Belgium,BEL,Violence,2.143,1981
Belgium,BEL,Violence,2.143,1982
Belgium,BEL,Violence,2.143,1983
Belgium,BEL,Violence,2.143,1984
Belgium,BEL,Violence,2.143,1985
Belgium,BEL,Violence,2.143,1986
Belgium,BEL,Violence,2.143,1987
Belgium,BEL,Violence,2.143,1988
Belgium,BEL,Violence,2.143,1989
Belgium,BEL,Violence,2.857,1990
Belgium,BEL,Violence,2.857,1991
Belgium,BEL,Violence,2.857,1992
Belgium,BEL,Violence,2.857,1993
Belgium,BEL,Violence,2.857,1994
Belgium,BEL,Violence,2.857,1995
Belgium,BEL,Violence,2.857,1996
Belgium,BEL,Violence,2.857,1997
Belgium,BEL,Violence,2.143,1998
Belgium,BEL,Violence,2.143,1999
Belgium,BEL,Violence,6.429,2000
Belgium,BEL,Violence,6.429,2001
Belgium,BEL,Violence,6.429,2002
Belgium,BEL,Violence,5.714,2003
Belgium,BEL,Violence,5.714,2004
Belgium,BEL,Violence,5.714,2005
Belgium,BEL,Violence,5.714,2006
Belgium,BEL,Violence,5.714,2007
Belgium,BEL,Violence,5.714,2008
Belgium,BEL,Violence,5.714,2009
Belgium,BEL,Violence,5.714,2010
Belgium,BEL,Violence,5.714,2011
Belgium,BEL,Violence,6.429,2012
Belgium,BEL,Violence,5.714,2013
Belgium,BEL,Violence,5.714,2014
Belgium,BEL,Violence,5.714,2015
Belgium,BEL,Violence,5.714,2016
Belgium,BEL,Violence,5.714,2017
Belgium,BEL,Violence,8.571,2018
Belgium,BEL,Violence,5.714,2019
Belgium,BEL,Violence,3.571,2020
Belgium,BEL,Violence,4.286,2021
Belgium,BEL,Violence,2.143,2022
Belgium,BEL,Violence,2.143,2023
Belgium,BEL,Youth 15-24,4.587,1960
Belgium,BEL,Youth 15-24,7.339,1961
Belgium,BEL,Youth 15-24,4.587,1962
Belgium,BEL,Youth 15-24,4.587,1963
Belgium,BEL,Youth 15-24,4.587,1964
Belgium,BEL,Youth 15-24,4.587,1965
Belgium,BEL,Youth 15-24,4.587,1966
Belgium,BEL,Youth 15-24,4.587,1967
Belgium,BEL,Youth 15-24,4.587,1968
Belgium,BEL,Youth 15-24,4.587,1969
Belgium,BEL,Youth 15-24,12.844,1970
Belgium,BEL,Youth 15-24,18.349,1971
Belgium,BEL,Youth 15-24,18.349,1972
Belgium,BEL,Youth 15-24,18.349,1973
Belgium,BEL,Youth 15-24,21.101,1974
Belgium,BEL,Youth 15-24,21.101,1975
Belgium,BEL,Youth 15-24,17.431,1976
Belgium,BEL,Youth 15-24,19.266,1977
Belgium,BEL,Youth 15-24,13.761,1978
Belgium,BEL,Youth 15-24,13.761,1979
Belgium,BEL,Youth 15-24,13.761,1980
Belgium,BEL,Youth 15-24,16.514,1981
Belgium,BEL,Youth 15-24,13.761,1982
Belgium,BEL,Youth 15-24,27.523,1983
Belgium,BEL,Youth 15-24,30.275,1984
Belgium,BEL,Youth 15-24,30.275,1985
Belgium,BEL,Youth 15-24,30.275,1986
Belgium,BEL,Youth 15-24,30.275,1987
Belgium,BEL,Youth 15-24,30.275,1988
Belgium,BEL,Youth 15-24,25.688,1989
Belgium,BEL,Youth 15-24,33.028,1990
Belgium,BEL,Youth 15-24,44.037,1991
Belgium,BEL,Youth 15-24,35.780,1992
Belgium,BEL,Youth 15-24,48.624,1993
Belgium,BEL,Youth 15-24,46.789,1994
Belgium,BEL,Youth 15-24,46.789,1995
Belgium,BEL,Youth 15-24,46.789,1996
Belgium,BEL,Youth 15-24,30.275,1997
Belgium,BEL,Youth 15-24,30.275,1998
Belgium,BEL,Youth 15-24,55.963,1999
Belgium,BEL,Youth 15-24,67.890,2000
Belgium,BEL,Youth 15-24,70.642,2001
Belgium,BEL,Youth 15-24,70.642,2002
Belgium,BEL,Youth 15-24,54.128,2003
Belgium,BEL,Youth 15-24,54.128,2004
Belgium,BEL,Youth 15-24,54.128,2005
Belgium,BEL,Youth 15-24,77.064,2006
Belgium,BEL,Youth 15-24,54.128,2007
Belgium,BEL,Youth 15-24,77.064,2008
Belgium,BEL,Youth 15-24,78.899,2009
Belgium,BEL,Youth 15-24,81.651,2010
Belgium,BEL,Youth 15-24,81.651,2011
Belgium,BEL,Youth 15-24,81.651,2012
Belgium,BEL,Youth 15-24,81.651,2013
Belgium,BEL,Youth 15-24,81.651,2014
Belgium,BEL,Youth 15-24,78.899,2015
Belgium,BEL,Youth 15-24,81.651,2016
Belgium,BEL,Youth 15-24,81.651,2017
Belgium,BEL,Youth 15-24,56.881,2018
Belgium,BEL,Youth 15-24,53.211,2019
Belgium,BEL,Youth 15-24,55.046,2020
Belgium,BEL,Youth 15-24,51.376,2021
Belgium,BEL,Youth 15-24,51.376,2022
Belgium,BEL,Youth 15-24,24.771,2023
