Country Name,Country Code,Topic,% of available indicators,Year
Canada,CAN,Assets,0.000,1960
Canada,CAN,Assets,0.000,1961
Canada,CAN,Assets,0.000,1962
Canada,CAN,Assets,0.000,1963
Canada,CAN,Assets,0.000,1964
Canada,CAN,Assets,0.000,1965
Canada,CAN,Assets,0.000,1966
Canada,CAN,Assets,0.000,1967
Canada,CAN,Assets,0.000,1968
Canada,CAN,Assets,0.000,1969
Canada,CAN,Assets,2.208,1970
Canada,CAN,Assets,2.208,1971
Canada,CAN,Assets,2.208,1972
Canada,CAN,Assets,2.208,1973
Canada,CAN,Assets,2.208,1974
Canada,CAN,Assets,2.208,1975
Canada,CAN,Assets,2.208,1976
Canada,CAN,Assets,2.208,1977
Canada,CAN,Assets,2.208,1978
Canada,CAN,Assets,2.208,1979
Canada,CAN,Assets,2.208,1980
Canada,CAN,Assets,2.208,1981
Canada,CAN,Assets,2.208,1982
Canada,CAN,Assets,2.208,1983
Canada,CAN,Assets,2.208,1984
Canada,CAN,Assets,2.208,1985
Canada,CAN,Assets,2.208,1986
Canada,CAN,Assets,2.208,1987
Canada,CAN,Assets,2.208,1988
Canada,CAN,Assets,2.208,1989
Canada,CAN,Assets,2.208,1990
Canada,CAN,Assets,2.208,1991
Canada,CAN,Assets,2.208,1992
Canada,CAN,Assets,2.208,1993
Canada,CAN,Assets,2.208,1994
Canada,CAN,Assets,2.208,1995
Canada,CAN,Assets,2.208,1996
Canada,CAN,Assets,2.208,1997
Canada,CAN,Assets,2.208,1998
Canada,CAN,Assets,2.208,1999
Canada,CAN,Assets,2.208,2000
Canada,CAN,Assets,2.208,2001
Canada,CAN,Assets,2.208,2002
Canada,CAN,Assets,2.208,2003
Canada,CAN,Assets,2.208,2004
Canada,CAN,Assets,2.208,2005
Canada,CAN,Assets,2.208,2006
Canada,CAN,Assets,2.208,2007
Canada,CAN,Assets,2.208,2008
Canada,CAN,Assets,2.208,2009
Canada,CAN,Assets,2.208,2010
Canada,CAN,Assets,10.726,2011
Canada,CAN,Assets,2.208,2012
Canada,CAN,Assets,2.208,2013
Canada,CAN,Assets,24.921,2014
Canada,CAN,Assets,2.208,2015
Canada,CAN,Assets,2.208,2016
Canada,CAN,Assets,26.814,2017
Canada,CAN,Assets,2.208,2018
Canada,CAN,Assets,2.208,2019
Canada,CAN,Assets,2.208,2020
Canada,CAN,Assets,51.735,2021
Canada,CAN,Assets,2.208,2022
Canada,CAN,Assets,2.208,2023
Canada,CAN,Children 0-14,19.231,1960
Canada,CAN,Children 0-14,19.231,1961
Canada,CAN,Children 0-14,19.231,1962
Canada,CAN,Children 0-14,19.231,1963
Canada,CAN,Children 0-14,19.231,1964
Canada,CAN,Children 0-14,19.231,1965
Canada,CAN,Children 0-14,19.231,1966
Canada,CAN,Children 0-14,19.231,1967
Canada,CAN,Children 0-14,19.231,1968
Canada,CAN,Children 0-14,19.231,1969
Canada,CAN,Children 0-14,23.846,1970
Canada,CAN,Children 0-14,25.385,1971
Canada,CAN,Children 0-14,27.692,1972
Canada,CAN,Children 0-14,25.385,1973
Canada,CAN,Children 0-14,25.385,1974
Canada,CAN,Children 0-14,25.385,1975
Canada,CAN,Children 0-14,30.000,1976
Canada,CAN,Children 0-14,25.385,1977
Canada,CAN,Children 0-14,25.385,1978
Canada,CAN,Children 0-14,23.846,1979
Canada,CAN,Children 0-14,25.385,1980
Canada,CAN,Children 0-14,30.000,1981
Canada,CAN,Children 0-14,33.077,1982
Canada,CAN,Children 0-14,33.077,1983
Canada,CAN,Children 0-14,33.077,1984
Canada,CAN,Children 0-14,33.077,1985
Canada,CAN,Children 0-14,37.692,1986
Canada,CAN,Children 0-14,34.615,1987
Canada,CAN,Children 0-14,34.615,1988
Canada,CAN,Children 0-14,34.615,1989
Canada,CAN,Children 0-14,34.615,1990
Canada,CAN,Children 0-14,39.231,1991
Canada,CAN,Children 0-14,34.615,1992
Canada,CAN,Children 0-14,34.615,1993
Canada,CAN,Children 0-14,34.615,1994
Canada,CAN,Children 0-14,34.615,1995
Canada,CAN,Children 0-14,34.615,1996
Canada,CAN,Children 0-14,20.769,1997
Canada,CAN,Children 0-14,36.923,1998
Canada,CAN,Children 0-14,33.846,1999
Canada,CAN,Children 0-14,46.154,2000
Canada,CAN,Children 0-14,26.923,2001
Canada,CAN,Children 0-14,20.769,2002
Canada,CAN,Children 0-14,20.769,2003
Canada,CAN,Children 0-14,25.385,2004
Canada,CAN,Children 0-14,24.615,2005
Canada,CAN,Children 0-14,25.385,2006
Canada,CAN,Children 0-14,25.385,2007
Canada,CAN,Children 0-14,25.385,2008
Canada,CAN,Children 0-14,25.385,2009
Canada,CAN,Children 0-14,46.154,2010
Canada,CAN,Children 0-14,36.923,2011
Canada,CAN,Children 0-14,36.923,2012
Canada,CAN,Children 0-14,36.154,2013
Canada,CAN,Children 0-14,36.154,2014
Canada,CAN,Children 0-14,48.462,2015
Canada,CAN,Children 0-14,42.308,2016
Canada,CAN,Children 0-14,36.154,2017
Canada,CAN,Children 0-14,36.154,2018
Canada,CAN,Children 0-14,46.923,2019
Canada,CAN,Children 0-14,36.154,2020
Canada,CAN,Children 0-14,30.769,2021
Canada,CAN,Children 0-14,31.538,2022
Canada,CAN,Children 0-14,13.846,2023
Canada,CAN,Education,0.000,1960
Canada,CAN,Education,0.000,1961
Canada,CAN,Education,0.000,1962
Canada,CAN,Education,0.000,1963
Canada,CAN,Education,0.000,1964
Canada,CAN,Education,0.000,1965
Canada,CAN,Education,0.000,1966
Canada,CAN,Education,0.000,1967
Canada,CAN,Education,0.000,1968
Canada,CAN,Education,0.000,1969
Canada,CAN,Education,6.135,1970
Canada,CAN,Education,11.656,1971
Canada,CAN,Education,13.497,1972
Canada,CAN,Education,11.656,1973
Canada,CAN,Education,11.656,1974
Canada,CAN,Education,11.656,1975
Canada,CAN,Education,23.926,1976
Canada,CAN,Education,13.497,1977
Canada,CAN,Education,13.497,1978
Canada,CAN,Education,12.270,1979
Canada,CAN,Education,13.497,1980
Canada,CAN,Education,19.018,1981
Canada,CAN,Education,19.632,1982
Canada,CAN,Education,20.859,1983
Canada,CAN,Education,20.859,1984
Canada,CAN,Education,19.632,1985
Canada,CAN,Education,28.221,1986
Canada,CAN,Education,19.632,1987
Canada,CAN,Education,19.632,1988
Canada,CAN,Education,23.926,1989
Canada,CAN,Education,25.153,1990
Canada,CAN,Education,32.515,1991
Canada,CAN,Education,25.153,1992
Canada,CAN,Education,25.767,1993
Canada,CAN,Education,27.607,1994
Canada,CAN,Education,25.767,1995
Canada,CAN,Education,24.540,1996
Canada,CAN,Education,4.294,1997
Canada,CAN,Education,35.583,1998
Canada,CAN,Education,25.767,1999
Canada,CAN,Education,22.699,2000
Canada,CAN,Education,11.043,2001
Canada,CAN,Education,4.908,2002
Canada,CAN,Education,1.840,2003
Canada,CAN,Education,6.748,2004
Canada,CAN,Education,11.043,2005
Canada,CAN,Education,14.724,2006
Canada,CAN,Education,17.791,2007
Canada,CAN,Education,18.405,2008
Canada,CAN,Education,18.405,2009
Canada,CAN,Education,44.172,2010
Canada,CAN,Education,38.650,2011
Canada,CAN,Education,45.399,2012
Canada,CAN,Education,52.761,2013
Canada,CAN,Education,54.601,2014
Canada,CAN,Education,50.307,2015
Canada,CAN,Education,57.669,2016
Canada,CAN,Education,50.920,2017
Canada,CAN,Education,47.239,2018
Canada,CAN,Education,31.902,2019
Canada,CAN,Education,44.785,2020
Canada,CAN,Education,30.061,2021
Canada,CAN,Education,30.675,2022
Canada,CAN,Education,14.724,2023
Canada,CAN,Employment and Time Use,0.000,1960
Canada,CAN,Employment and Time Use,5.109,1961
Canada,CAN,Employment and Time Use,0.000,1962
Canada,CAN,Employment and Time Use,0.000,1963
Canada,CAN,Employment and Time Use,0.000,1964
Canada,CAN,Employment and Time Use,0.000,1965
Canada,CAN,Employment and Time Use,0.000,1966
Canada,CAN,Employment and Time Use,0.000,1967
Canada,CAN,Employment and Time Use,0.000,1968
Canada,CAN,Employment and Time Use,0.730,1969
Canada,CAN,Employment and Time Use,23.358,1970
Canada,CAN,Employment and Time Use,28.467,1971
Canada,CAN,Employment and Time Use,23.358,1972
Canada,CAN,Employment and Time Use,23.358,1973
Canada,CAN,Employment and Time Use,23.358,1974
Canada,CAN,Employment and Time Use,21.168,1975
Canada,CAN,Employment and Time Use,40.146,1976
Canada,CAN,Employment and Time Use,40.146,1977
Canada,CAN,Employment and Time Use,40.146,1978
Canada,CAN,Employment and Time Use,40.146,1979
Canada,CAN,Employment and Time Use,40.146,1980
Canada,CAN,Employment and Time Use,40.146,1981
Canada,CAN,Employment and Time Use,40.146,1982
Canada,CAN,Employment and Time Use,40.146,1983
Canada,CAN,Employment and Time Use,40.146,1984
Canada,CAN,Employment and Time Use,40.146,1985
Canada,CAN,Employment and Time Use,40.146,1986
Canada,CAN,Employment and Time Use,40.146,1987
Canada,CAN,Employment and Time Use,40.146,1988
Canada,CAN,Employment and Time Use,40.146,1989
Canada,CAN,Employment and Time Use,63.504,1990
Canada,CAN,Employment and Time Use,88.321,1991
Canada,CAN,Employment and Time Use,88.321,1992
Canada,CAN,Employment and Time Use,88.321,1993
Canada,CAN,Employment and Time Use,88.321,1994
Canada,CAN,Employment and Time Use,88.321,1995
Canada,CAN,Employment and Time Use,88.321,1996
Canada,CAN,Employment and Time Use,89.781,1997
Canada,CAN,Employment and Time Use,89.781,1998
Canada,CAN,Employment and Time Use,89.781,1999
Canada,CAN,Employment and Time Use,89.781,2000
Canada,CAN,Employment and Time Use,89.781,2001
Canada,CAN,Employment and Time Use,89.781,2002
Canada,CAN,Employment and Time Use,89.781,2003
Canada,CAN,Employment and Time Use,89.781,2004
Canada,CAN,Employment and Time Use,91.241,2005
Canada,CAN,Employment and Time Use,89.781,2006
Canada,CAN,Employment and Time Use,89.781,2007
Canada,CAN,Employment and Time Use,89.781,2008
Canada,CAN,Employment and Time Use,89.781,2009
Canada,CAN,Employment and Time Use,91.241,2010
Canada,CAN,Employment and Time Use,89.781,2011
Canada,CAN,Employment and Time Use,89.781,2012
Canada,CAN,Employment and Time Use,89.781,2013
Canada,CAN,Employment and Time Use,89.781,2014
Canada,CAN,Employment and Time Use,91.241,2015
Canada,CAN,Employment and Time Use,89.781,2016
Canada,CAN,Employment and Time Use,89.781,2017
Canada,CAN,Employment and Time Use,89.781,2018
Canada,CAN,Employment and Time Use,89.781,2019
Canada,CAN,Employment and Time Use,89.781,2020
Canada,CAN,Employment and Time Use,89.781,2021
Canada,CAN,Employment and Time Use,89.781,2022
Canada,CAN,Employment and Time Use,92.701,2023
Canada,CAN,Entrepreneurship,0.000,1960
Canada,CAN,Entrepreneurship,0.000,1961
Canada,CAN,Entrepreneurship,0.000,1962
Canada,CAN,Entrepreneurship,0.000,1963
Canada,CAN,Entrepreneurship,0.000,1964
Canada,CAN,Entrepreneurship,0.000,1965
Canada,CAN,Entrepreneurship,0.000,1966
Canada,CAN,Entrepreneurship,0.000,1967
Canada,CAN,Entrepreneurship,0.000,1968
Canada,CAN,Entrepreneurship,0.000,1969
Canada,CAN,Entrepreneurship,9.375,1970
Canada,CAN,Entrepreneurship,9.375,1971
Canada,CAN,Entrepreneurship,9.375,1972
Canada,CAN,Entrepreneurship,9.375,1973
Canada,CAN,Entrepreneurship,9.375,1974
Canada,CAN,Entrepreneurship,9.375,1975
Canada,CAN,Entrepreneurship,9.375,1976
Canada,CAN,Entrepreneurship,9.375,1977
Canada,CAN,Entrepreneurship,9.375,1978
Canada,CAN,Entrepreneurship,9.375,1979
Canada,CAN,Entrepreneurship,9.375,1980
Canada,CAN,Entrepreneurship,9.375,1981
Canada,CAN,Entrepreneurship,9.375,1982
Canada,CAN,Entrepreneurship,9.375,1983
Canada,CAN,Entrepreneurship,9.375,1984
Canada,CAN,Entrepreneurship,9.375,1985
Canada,CAN,Entrepreneurship,9.375,1986
Canada,CAN,Entrepreneurship,9.375,1987
Canada,CAN,Entrepreneurship,9.375,1988
Canada,CAN,Entrepreneurship,9.375,1989
Canada,CAN,Entrepreneurship,9.375,1990
Canada,CAN,Entrepreneurship,9.375,1991
Canada,CAN,Entrepreneurship,9.375,1992
Canada,CAN,Entrepreneurship,9.375,1993
Canada,CAN,Entrepreneurship,9.375,1994
Canada,CAN,Entrepreneurship,9.375,1995
Canada,CAN,Entrepreneurship,9.375,1996
Canada,CAN,Entrepreneurship,9.375,1997
Canada,CAN,Entrepreneurship,9.375,1998
Canada,CAN,Entrepreneurship,9.375,1999
Canada,CAN,Entrepreneurship,9.375,2000
Canada,CAN,Entrepreneurship,9.375,2001
Canada,CAN,Entrepreneurship,9.375,2002
Canada,CAN,Entrepreneurship,37.500,2003
Canada,CAN,Entrepreneurship,37.500,2004
Canada,CAN,Entrepreneurship,37.500,2005
Canada,CAN,Entrepreneurship,37.500,2006
Canada,CAN,Entrepreneurship,37.500,2007
Canada,CAN,Entrepreneurship,37.500,2008
Canada,CAN,Entrepreneurship,37.500,2009
Canada,CAN,Entrepreneurship,37.500,2010
Canada,CAN,Entrepreneurship,37.500,2011
Canada,CAN,Entrepreneurship,37.500,2012
Canada,CAN,Entrepreneurship,37.500,2013
Canada,CAN,Entrepreneurship,56.250,2014
Canada,CAN,Entrepreneurship,37.500,2015
Canada,CAN,Entrepreneurship,37.500,2016
Canada,CAN,Entrepreneurship,56.250,2017
Canada,CAN,Entrepreneurship,37.500,2018
Canada,CAN,Entrepreneurship,37.500,2019
Canada,CAN,Entrepreneurship,9.375,2020
Canada,CAN,Entrepreneurship,9.375,2021
Canada,CAN,Entrepreneurship,9.375,2022
Canada,CAN,Entrepreneurship,9.375,2023
Canada,CAN,Environment,0.000,1960
Canada,CAN,Environment,0.000,1961
Canada,CAN,Environment,0.000,1962
Canada,CAN,Environment,0.000,1963
Canada,CAN,Environment,0.000,1964
Canada,CAN,Environment,0.000,1965
Canada,CAN,Environment,0.000,1966
Canada,CAN,Environment,0.000,1967
Canada,CAN,Environment,0.000,1968
Canada,CAN,Environment,0.000,1969
Canada,CAN,Environment,0.000,1970
Canada,CAN,Environment,0.000,1971
Canada,CAN,Environment,0.000,1972
Canada,CAN,Environment,0.000,1973
Canada,CAN,Environment,0.000,1974
Canada,CAN,Environment,0.000,1975
Canada,CAN,Environment,0.000,1976
Canada,CAN,Environment,0.000,1977
Canada,CAN,Environment,0.000,1978
Canada,CAN,Environment,0.000,1979
Canada,CAN,Environment,0.000,1980
Canada,CAN,Environment,0.000,1981
Canada,CAN,Environment,0.000,1982
Canada,CAN,Environment,0.000,1983
Canada,CAN,Environment,0.000,1984
Canada,CAN,Environment,0.000,1985
Canada,CAN,Environment,0.000,1986
Canada,CAN,Environment,0.000,1987
Canada,CAN,Environment,0.000,1988
Canada,CAN,Environment,0.000,1989
Canada,CAN,Environment,0.000,1990
Canada,CAN,Environment,0.000,1991
Canada,CAN,Environment,0.000,1992
Canada,CAN,Environment,0.000,1993
Canada,CAN,Environment,0.000,1994
Canada,CAN,Environment,0.000,1995
Canada,CAN,Environment,0.000,1996
Canada,CAN,Environment,0.000,1997
Canada,CAN,Environment,3.333,1998
Canada,CAN,Environment,0.000,1999
Canada,CAN,Environment,10.000,2000
Canada,CAN,Environment,10.000,2001
Canada,CAN,Environment,10.000,2002
Canada,CAN,Environment,10.000,2003
Canada,CAN,Environment,10.000,2004
Canada,CAN,Environment,10.000,2005
Canada,CAN,Environment,10.000,2006
Canada,CAN,Environment,13.333,2007
Canada,CAN,Environment,13.333,2008
Canada,CAN,Environment,13.333,2009
Canada,CAN,Environment,13.333,2010
Canada,CAN,Environment,13.333,2011
Canada,CAN,Environment,10.000,2012
Canada,CAN,Environment,13.333,2013
Canada,CAN,Environment,13.333,2014
Canada,CAN,Environment,13.333,2015
Canada,CAN,Environment,13.333,2016
Canada,CAN,Environment,10.000,2017
Canada,CAN,Environment,10.000,2018
Canada,CAN,Environment,30.000,2019
Canada,CAN,Environment,10.000,2020
Canada,CAN,Environment,10.000,2021
Canada,CAN,Environment,10.000,2022
Canada,CAN,Environment,0.000,2023
Canada,CAN,Health,8.586,1960
Canada,CAN,Health,8.586,1961
Canada,CAN,Health,8.586,1962
Canada,CAN,Health,8.586,1963
Canada,CAN,Health,8.586,1964
Canada,CAN,Health,8.586,1965
Canada,CAN,Health,8.586,1966
Canada,CAN,Health,8.586,1967
Canada,CAN,Health,8.586,1968
Canada,CAN,Health,8.586,1969
Canada,CAN,Health,8.586,1970
Canada,CAN,Health,8.586,1971
Canada,CAN,Health,8.586,1972
Canada,CAN,Health,8.586,1973
Canada,CAN,Health,8.586,1974
Canada,CAN,Health,11.111,1975
Canada,CAN,Health,11.111,1976
Canada,CAN,Health,11.111,1977
Canada,CAN,Health,11.111,1978
Canada,CAN,Health,11.111,1979
Canada,CAN,Health,11.111,1980
Canada,CAN,Health,11.111,1981
Canada,CAN,Health,11.111,1982
Canada,CAN,Health,11.111,1983
Canada,CAN,Health,12.121,1984
Canada,CAN,Health,11.616,1985
Canada,CAN,Health,11.616,1986
Canada,CAN,Health,13.131,1987
Canada,CAN,Health,12.121,1988
Canada,CAN,Health,12.121,1989
Canada,CAN,Health,16.667,1990
Canada,CAN,Health,17.172,1991
Canada,CAN,Health,17.172,1992
Canada,CAN,Health,17.677,1993
Canada,CAN,Health,17.677,1994
Canada,CAN,Health,18.687,1995
Canada,CAN,Health,17.677,1996
Canada,CAN,Health,17.677,1997
Canada,CAN,Health,18.182,1998
Canada,CAN,Health,17.677,1999
Canada,CAN,Health,56.566,2000
Canada,CAN,Health,32.323,2001
Canada,CAN,Health,32.323,2002
Canada,CAN,Health,32.323,2003
Canada,CAN,Health,32.828,2004
Canada,CAN,Health,33.838,2005
Canada,CAN,Health,32.323,2006
Canada,CAN,Health,33.333,2007
Canada,CAN,Health,32.323,2008
Canada,CAN,Health,32.323,2009
Canada,CAN,Health,59.596,2010
Canada,CAN,Health,32.323,2011
Canada,CAN,Health,32.323,2012
Canada,CAN,Health,32.323,2013
Canada,CAN,Health,33.838,2014
Canada,CAN,Health,56.566,2015
Canada,CAN,Health,31.818,2016
Canada,CAN,Health,33.838,2017
Canada,CAN,Health,33.838,2018
Canada,CAN,Health,56.566,2019
Canada,CAN,Health,26.263,2020
Canada,CAN,Health,14.141,2021
Canada,CAN,Health,10.606,2022
Canada,CAN,Health,1.010,2023
Canada,CAN,Leadership,0.000,1960
Canada,CAN,Leadership,0.000,1961
Canada,CAN,Leadership,0.000,1962
Canada,CAN,Leadership,0.000,1963
Canada,CAN,Leadership,0.000,1964
Canada,CAN,Leadership,0.000,1965
Canada,CAN,Leadership,0.000,1966
Canada,CAN,Leadership,0.000,1967
Canada,CAN,Leadership,0.000,1968
Canada,CAN,Leadership,0.000,1969
Canada,CAN,Leadership,0.000,1970
Canada,CAN,Leadership,0.000,1971
Canada,CAN,Leadership,0.000,1972
Canada,CAN,Leadership,0.000,1973
Canada,CAN,Leadership,0.000,1974
Canada,CAN,Leadership,0.000,1975
Canada,CAN,Leadership,0.000,1976
Canada,CAN,Leadership,0.000,1977
Canada,CAN,Leadership,0.000,1978
Canada,CAN,Leadership,0.000,1979
Canada,CAN,Leadership,0.000,1980
Canada,CAN,Leadership,0.000,1981
Canada,CAN,Leadership,0.000,1982
Canada,CAN,Leadership,0.000,1983
Canada,CAN,Leadership,0.000,1984
Canada,CAN,Leadership,0.000,1985
Canada,CAN,Leadership,0.000,1986
Canada,CAN,Leadership,0.000,1987
Canada,CAN,Leadership,0.000,1988
Canada,CAN,Leadership,0.000,1989
Canada,CAN,Leadership,0.000,1990
Canada,CAN,Leadership,0.000,1991
Canada,CAN,Leadership,0.000,1992
Canada,CAN,Leadership,0.000,1993
Canada,CAN,Leadership,0.000,1994
Canada,CAN,Leadership,0.000,1995
Canada,CAN,Leadership,0.000,1996
Canada,CAN,Leadership,25.000,1997
Canada,CAN,Leadership,25.000,1998
Canada,CAN,Leadership,25.000,1999
Canada,CAN,Leadership,0.000,2000
Canada,CAN,Leadership,25.000,2001
Canada,CAN,Leadership,25.000,2002
Canada,CAN,Leadership,25.000,2003
Canada,CAN,Leadership,25.000,2004
Canada,CAN,Leadership,50.000,2005
Canada,CAN,Leadership,25.000,2006
Canada,CAN,Leadership,25.000,2007
Canada,CAN,Leadership,50.000,2008
Canada,CAN,Leadership,25.000,2009
Canada,CAN,Leadership,50.000,2010
Canada,CAN,Leadership,25.000,2011
Canada,CAN,Leadership,50.000,2012
Canada,CAN,Leadership,25.000,2013
Canada,CAN,Leadership,50.000,2014
Canada,CAN,Leadership,50.000,2015
Canada,CAN,Leadership,50.000,2016
Canada,CAN,Leadership,25.000,2017
Canada,CAN,Leadership,50.000,2018
Canada,CAN,Leadership,50.000,2019
Canada,CAN,Leadership,50.000,2020
Canada,CAN,Leadership,25.000,2021
Canada,CAN,Leadership,50.000,2022
Canada,CAN,Leadership,25.000,2023
Canada,CAN,Norms and Decision-making,0.000,1960
Canada,CAN,Norms and Decision-making,0.000,1961
Canada,CAN,Norms and Decision-making,0.000,1962
Canada,CAN,Norms and Decision-making,0.000,1963
Canada,CAN,Norms and Decision-making,0.000,1964
Canada,CAN,Norms and Decision-making,0.000,1965
Canada,CAN,Norms and Decision-making,0.000,1966
Canada,CAN,Norms and Decision-making,0.000,1967
Canada,CAN,Norms and Decision-making,0.000,1968
Canada,CAN,Norms and Decision-making,0.000,1969
Canada,CAN,Norms and Decision-making,12.593,1970
Canada,CAN,Norms and Decision-making,14.074,1971
Canada,CAN,Norms and Decision-making,12.593,1972
Canada,CAN,Norms and Decision-making,12.593,1973
Canada,CAN,Norms and Decision-making,12.593,1974
Canada,CAN,Norms and Decision-making,12.593,1975
Canada,CAN,Norms and Decision-making,14.074,1976
Canada,CAN,Norms and Decision-making,14.074,1977
Canada,CAN,Norms and Decision-making,12.593,1978
Canada,CAN,Norms and Decision-making,14.074,1979
Canada,CAN,Norms and Decision-making,14.074,1980
Canada,CAN,Norms and Decision-making,14.074,1981
Canada,CAN,Norms and Decision-making,14.074,1982
Canada,CAN,Norms and Decision-making,14.074,1983
Canada,CAN,Norms and Decision-making,14.074,1984
Canada,CAN,Norms and Decision-making,14.074,1985
Canada,CAN,Norms and Decision-making,14.074,1986
Canada,CAN,Norms and Decision-making,14.074,1987
Canada,CAN,Norms and Decision-making,14.074,1988
Canada,CAN,Norms and Decision-making,14.074,1989
Canada,CAN,Norms and Decision-making,14.074,1990
Canada,CAN,Norms and Decision-making,14.074,1991
Canada,CAN,Norms and Decision-making,14.074,1992
Canada,CAN,Norms and Decision-making,14.074,1993
Canada,CAN,Norms and Decision-making,14.074,1994
Canada,CAN,Norms and Decision-making,14.074,1995
Canada,CAN,Norms and Decision-making,14.074,1996
Canada,CAN,Norms and Decision-making,14.074,1997
Canada,CAN,Norms and Decision-making,14.074,1998
Canada,CAN,Norms and Decision-making,14.074,1999
Canada,CAN,Norms and Decision-making,14.074,2000
Canada,CAN,Norms and Decision-making,14.074,2001
Canada,CAN,Norms and Decision-making,14.074,2002
Canada,CAN,Norms and Decision-making,14.074,2003
Canada,CAN,Norms and Decision-making,14.074,2004
Canada,CAN,Norms and Decision-making,12.593,2005
Canada,CAN,Norms and Decision-making,14.074,2006
Canada,CAN,Norms and Decision-making,12.593,2007
Canada,CAN,Norms and Decision-making,12.593,2008
Canada,CAN,Norms and Decision-making,12.593,2009
Canada,CAN,Norms and Decision-making,12.593,2010
Canada,CAN,Norms and Decision-making,14.074,2011
Canada,CAN,Norms and Decision-making,12.593,2012
Canada,CAN,Norms and Decision-making,14.074,2013
Canada,CAN,Norms and Decision-making,12.593,2014
Canada,CAN,Norms and Decision-making,14.074,2015
Canada,CAN,Norms and Decision-making,14.074,2016
Canada,CAN,Norms and Decision-making,12.593,2017
Canada,CAN,Norms and Decision-making,12.593,2018
Canada,CAN,Norms and Decision-making,12.593,2019
Canada,CAN,Norms and Decision-making,12.593,2020
Canada,CAN,Norms and Decision-making,12.593,2021
Canada,CAN,Norms and Decision-making,12.593,2022
Canada,CAN,Norms and Decision-making,12.593,2023
Canada,CAN,Population,86.905,1960
Canada,CAN,Population,86.905,1961
Canada,CAN,Population,86.905,1962
Canada,CAN,Population,86.905,1963
Canada,CAN,Population,86.905,1964
Canada,CAN,Population,86.905,1965
Canada,CAN,Population,86.905,1966
Canada,CAN,Population,86.905,1967
Canada,CAN,Population,86.905,1968
Canada,CAN,Population,86.905,1969
Canada,CAN,Population,86.905,1970
Canada,CAN,Population,89.286,1971
Canada,CAN,Population,86.905,1972
Canada,CAN,Population,86.905,1973
Canada,CAN,Population,86.905,1974
Canada,CAN,Population,86.905,1975
Canada,CAN,Population,89.286,1976
Canada,CAN,Population,89.286,1977
Canada,CAN,Population,86.905,1978
Canada,CAN,Population,89.286,1979
Canada,CAN,Population,94.048,1980
Canada,CAN,Population,89.286,1981
Canada,CAN,Population,89.286,1982
Canada,CAN,Population,89.286,1983
Canada,CAN,Population,89.286,1984
Canada,CAN,Population,94.048,1985
Canada,CAN,Population,89.286,1986
Canada,CAN,Population,89.286,1987
Canada,CAN,Population,89.286,1988
Canada,CAN,Population,89.286,1989
Canada,CAN,Population,95.238,1990
Canada,CAN,Population,89.286,1991
Canada,CAN,Population,89.286,1992
Canada,CAN,Population,89.286,1993
Canada,CAN,Population,89.286,1994
Canada,CAN,Population,95.238,1995
Canada,CAN,Population,89.286,1996
Canada,CAN,Population,89.286,1997
Canada,CAN,Population,89.286,1998
Canada,CAN,Population,89.286,1999
Canada,CAN,Population,95.238,2000
Canada,CAN,Population,89.286,2001
Canada,CAN,Population,89.286,2002
Canada,CAN,Population,89.286,2003
Canada,CAN,Population,89.286,2004
Canada,CAN,Population,92.857,2005
Canada,CAN,Population,89.286,2006
Canada,CAN,Population,86.905,2007
Canada,CAN,Population,86.905,2008
Canada,CAN,Population,86.905,2009
Canada,CAN,Population,92.857,2010
Canada,CAN,Population,90.476,2011
Canada,CAN,Population,88.095,2012
Canada,CAN,Population,89.286,2013
Canada,CAN,Population,86.905,2014
Canada,CAN,Population,95.238,2015
Canada,CAN,Population,89.286,2016
Canada,CAN,Population,88.095,2017
Canada,CAN,Population,86.905,2018
Canada,CAN,Population,89.286,2019
Canada,CAN,Population,88.095,2020
Canada,CAN,Population,86.905,2021
Canada,CAN,Population,88.095,2022
Canada,CAN,Population,77.381,2023
Canada,CAN,SDGs,2.685,1960
Canada,CAN,SDGs,2.685,1961
Canada,CAN,SDGs,2.685,1962
Canada,CAN,SDGs,2.685,1963
Canada,CAN,SDGs,2.685,1964
Canada,CAN,SDGs,2.685,1965
Canada,CAN,SDGs,2.685,1966
Canada,CAN,SDGs,2.685,1967
Canada,CAN,SDGs,2.685,1968
Canada,CAN,SDGs,3.356,1969
Canada,CAN,SDGs,13.423,1970
Canada,CAN,SDGs,13.423,1971
Canada,CAN,SDGs,13.423,1972
Canada,CAN,SDGs,13.423,1973
Canada,CAN,SDGs,13.423,1974
Canada,CAN,SDGs,11.409,1975
Canada,CAN,SDGs,15.436,1976
Canada,CAN,SDGs,15.436,1977
Canada,CAN,SDGs,15.436,1978
Canada,CAN,SDGs,15.436,1979
Canada,CAN,SDGs,15.436,1980
Canada,CAN,SDGs,15.436,1981
Canada,CAN,SDGs,15.436,1982
Canada,CAN,SDGs,15.436,1983
Canada,CAN,SDGs,15.436,1984
Canada,CAN,SDGs,16.107,1985
Canada,CAN,SDGs,16.107,1986
Canada,CAN,SDGs,17.450,1987
Canada,CAN,SDGs,16.107,1988
Canada,CAN,SDGs,16.107,1989
Canada,CAN,SDGs,20.134,1990
Canada,CAN,SDGs,24.832,1991
Canada,CAN,SDGs,24.832,1992
Canada,CAN,SDGs,25.503,1993
Canada,CAN,SDGs,25.503,1994
Canada,CAN,SDGs,25.503,1995
Canada,CAN,SDGs,25.503,1996
Canada,CAN,SDGs,26.174,1997
Canada,CAN,SDGs,26.174,1998
Canada,CAN,SDGs,26.174,1999
Canada,CAN,SDGs,70.470,2000
Canada,CAN,SDGs,40.940,2001
Canada,CAN,SDGs,38.926,2002
Canada,CAN,SDGs,38.926,2003
Canada,CAN,SDGs,38.926,2004
Canada,CAN,SDGs,42.282,2005
Canada,CAN,SDGs,38.926,2006
Canada,CAN,SDGs,38.926,2007
Canada,CAN,SDGs,38.926,2008
Canada,CAN,SDGs,38.926,2009
Canada,CAN,SDGs,72.483,2010
Canada,CAN,SDGs,42.953,2011
Canada,CAN,SDGs,38.926,2012
Canada,CAN,SDGs,38.926,2013
Canada,CAN,SDGs,40.940,2014
Canada,CAN,SDGs,72.483,2015
Canada,CAN,SDGs,40.268,2016
Canada,CAN,SDGs,40.268,2017
Canada,CAN,SDGs,41.611,2018
Canada,CAN,SDGs,74.497,2019
Canada,CAN,SDGs,32.215,2020
Canada,CAN,SDGs,24.832,2021
Canada,CAN,SDGs,22.819,2022
Canada,CAN,SDGs,18.121,2023
Canada,CAN,Technology,0.000,1960
Canada,CAN,Technology,0.000,1961
Canada,CAN,Technology,0.000,1962
Canada,CAN,Technology,0.000,1963
Canada,CAN,Technology,0.000,1964
Canada,CAN,Technology,0.000,1965
Canada,CAN,Technology,0.000,1966
Canada,CAN,Technology,0.000,1967
Canada,CAN,Technology,0.000,1968
Canada,CAN,Technology,0.000,1969
Canada,CAN,Technology,0.000,1970
Canada,CAN,Technology,0.000,1971
Canada,CAN,Technology,0.000,1972
Canada,CAN,Technology,0.000,1973
Canada,CAN,Technology,0.000,1974
Canada,CAN,Technology,0.000,1975
Canada,CAN,Technology,0.000,1976
Canada,CAN,Technology,0.000,1977
Canada,CAN,Technology,0.000,1978
Canada,CAN,Technology,0.000,1979
Canada,CAN,Technology,0.000,1980
Canada,CAN,Technology,0.000,1981
Canada,CAN,Technology,0.000,1982
Canada,CAN,Technology,0.000,1983
Canada,CAN,Technology,0.000,1984
Canada,CAN,Technology,0.000,1985
Canada,CAN,Technology,0.000,1986
Canada,CAN,Technology,0.000,1987
Canada,CAN,Technology,0.000,1988
Canada,CAN,Technology,0.000,1989
Canada,CAN,Technology,2.222,1990
Canada,CAN,Technology,2.222,1991
Canada,CAN,Technology,2.222,1992
Canada,CAN,Technology,2.222,1993
Canada,CAN,Technology,2.222,1994
Canada,CAN,Technology,2.222,1995
Canada,CAN,Technology,2.222,1996
Canada,CAN,Technology,2.222,1997
Canada,CAN,Technology,8.889,1998
Canada,CAN,Technology,2.222,1999
Canada,CAN,Technology,2.222,2000
Canada,CAN,Technology,2.222,2001
Canada,CAN,Technology,2.222,2002
Canada,CAN,Technology,2.222,2003
Canada,CAN,Technology,2.222,2004
Canada,CAN,Technology,2.222,2005
Canada,CAN,Technology,2.222,2006
Canada,CAN,Technology,8.889,2007
Canada,CAN,Technology,4.444,2008
Canada,CAN,Technology,8.889,2009
Canada,CAN,Technology,8.889,2010
Canada,CAN,Technology,11.111,2011
Canada,CAN,Technology,2.222,2012
Canada,CAN,Technology,8.889,2013
Canada,CAN,Technology,35.556,2014
Canada,CAN,Technology,8.889,2015
Canada,CAN,Technology,8.889,2016
Canada,CAN,Technology,48.889,2017
Canada,CAN,Technology,2.222,2018
Canada,CAN,Technology,2.222,2019
Canada,CAN,Technology,2.222,2020
Canada,CAN,Technology,68.889,2021
Canada,CAN,Technology,6.667,2022
Canada,CAN,Technology,0.000,2023
Canada,CAN,Violence,0.000,1960
Canada,CAN,Violence,0.000,1961
Canada,CAN,Violence,0.000,1962
Canada,CAN,Violence,0.000,1963
Canada,CAN,Violence,0.000,1964
Canada,CAN,Violence,0.000,1965
Canada,CAN,Violence,0.000,1966
Canada,CAN,Violence,0.000,1967
Canada,CAN,Violence,0.000,1968
Canada,CAN,Violence,0.000,1969
Canada,CAN,Violence,2.143,1970
Canada,CAN,Violence,2.143,1971
Canada,CAN,Violence,2.143,1972
Canada,CAN,Violence,2.143,1973
Canada,CAN,Violence,2.143,1974
Canada,CAN,Violence,2.143,1975
Canada,CAN,Violence,2.143,1976
Canada,CAN,Violence,2.143,1977
Canada,CAN,Violence,2.143,1978
Canada,CAN,Violence,2.143,1979
Canada,CAN,Violence,2.143,1980
Canada,CAN,Violence,2.143,1981
Canada,CAN,Violence,2.143,1982
Canada,CAN,Violence,2.143,1983
Canada,CAN,Violence,2.143,1984
Canada,CAN,Violence,2.143,1985
Canada,CAN,Violence,2.143,1986
Canada,CAN,Violence,2.143,1987
Canada,CAN,Violence,2.143,1988
Canada,CAN,Violence,2.143,1989
Canada,CAN,Violence,4.286,1990
Canada,CAN,Violence,4.286,1991
Canada,CAN,Violence,4.286,1992
Canada,CAN,Violence,4.286,1993
Canada,CAN,Violence,4.286,1994
Canada,CAN,Violence,4.286,1995
Canada,CAN,Violence,4.286,1996
Canada,CAN,Violence,4.286,1997
Canada,CAN,Violence,4.286,1998
Canada,CAN,Violence,4.286,1999
Canada,CAN,Violence,6.429,2000
Canada,CAN,Violence,6.429,2001
Canada,CAN,Violence,6.429,2002
Canada,CAN,Violence,6.429,2003
Canada,CAN,Violence,6.429,2004
Canada,CAN,Violence,6.429,2005
Canada,CAN,Violence,6.429,2006
Canada,CAN,Violence,6.429,2007
Canada,CAN,Violence,6.429,2008
Canada,CAN,Violence,6.429,2009
Canada,CAN,Violence,6.429,2010
Canada,CAN,Violence,6.429,2011
Canada,CAN,Violence,6.429,2012
Canada,CAN,Violence,6.429,2013
Canada,CAN,Violence,6.429,2014
Canada,CAN,Violence,6.429,2015
Canada,CAN,Violence,6.429,2016
Canada,CAN,Violence,6.429,2017
Canada,CAN,Violence,7.857,2018
Canada,CAN,Violence,6.429,2019
Canada,CAN,Violence,4.286,2020
Canada,CAN,Violence,4.286,2021
Canada,CAN,Violence,2.143,2022
Canada,CAN,Violence,2.143,2023
Canada,CAN,Youth 15-24,4.587,1960
Canada,CAN,Youth 15-24,7.339,1961
Canada,CAN,Youth 15-24,4.587,1962
Canada,CAN,Youth 15-24,4.587,1963
Canada,CAN,Youth 15-24,4.587,1964
Canada,CAN,Youth 15-24,4.587,1965
Canada,CAN,Youth 15-24,4.587,1966
Canada,CAN,Youth 15-24,4.587,1967
Canada,CAN,Youth 15-24,4.587,1968
Canada,CAN,Youth 15-24,4.587,1969
Canada,CAN,Youth 15-24,8.257,1970
Canada,CAN,Youth 15-24,16.514,1971
Canada,CAN,Youth 15-24,13.761,1972
Canada,CAN,Youth 15-24,13.761,1973
Canada,CAN,Youth 15-24,13.761,1974
Canada,CAN,Youth 15-24,13.761,1975
Canada,CAN,Youth 15-24,32.110,1976
Canada,CAN,Youth 15-24,25.688,1977
Canada,CAN,Youth 15-24,25.688,1978
Canada,CAN,Youth 15-24,25.688,1979
Canada,CAN,Youth 15-24,25.688,1980
Canada,CAN,Youth 15-24,28.440,1981
Canada,CAN,Youth 15-24,25.688,1982
Canada,CAN,Youth 15-24,25.688,1983
Canada,CAN,Youth 15-24,25.688,1984
Canada,CAN,Youth 15-24,25.688,1985
Canada,CAN,Youth 15-24,32.110,1986
Canada,CAN,Youth 15-24,25.688,1987
Canada,CAN,Youth 15-24,25.688,1988
Canada,CAN,Youth 15-24,29.358,1989
Canada,CAN,Youth 15-24,36.697,1990
Canada,CAN,Youth 15-24,48.624,1991
Canada,CAN,Youth 15-24,43.119,1992
Canada,CAN,Youth 15-24,43.119,1993
Canada,CAN,Youth 15-24,45.872,1994
Canada,CAN,Youth 15-24,43.119,1995
Canada,CAN,Youth 15-24,43.119,1996
Canada,CAN,Youth 15-24,33.945,1997
Canada,CAN,Youth 15-24,57.798,1998
Canada,CAN,Youth 15-24,45.872,1999
Canada,CAN,Youth 15-24,43.119,2000
Canada,CAN,Youth 15-24,35.780,2001
Canada,CAN,Youth 15-24,33.945,2002
Canada,CAN,Youth 15-24,30.275,2003
Canada,CAN,Youth 15-24,33.028,2004
Canada,CAN,Youth 15-24,38.532,2005
Canada,CAN,Youth 15-24,44.037,2006
Canada,CAN,Youth 15-24,44.954,2007
Canada,CAN,Youth 15-24,44.954,2008
Canada,CAN,Youth 15-24,44.954,2009
Canada,CAN,Youth 15-24,55.963,2010
Canada,CAN,Youth 15-24,55.963,2011
Canada,CAN,Youth 15-24,66.972,2012
Canada,CAN,Youth 15-24,77.982,2013
Canada,CAN,Youth 15-24,77.982,2014
Canada,CAN,Youth 15-24,75.229,2015
Canada,CAN,Youth 15-24,77.982,2016
Canada,CAN,Youth 15-24,63.303,2017
Canada,CAN,Youth 15-24,55.963,2018
Canada,CAN,Youth 15-24,53.211,2019
Canada,CAN,Youth 15-24,53.211,2020
Canada,CAN,Youth 15-24,46.789,2021
Canada,CAN,Youth 15-24,46.789,2022
Canada,CAN,Youth 15-24,35.780,2023
