Country Name,Country Code,Topic,% of available indicators,Year
Finland,FIN,Assets,0.000,1960
Finland,FIN,Assets,0.000,1961
Finland,FIN,Assets,0.000,1962
Finland,FIN,Assets,0.000,1963
Finland,FIN,Assets,0.000,1964
Finland,FIN,Assets,0.000,1965
Finland,FIN,Assets,0.000,1966
Finland,FIN,Assets,0.000,1967
Finland,FIN,Assets,0.000,1968
Finland,FIN,Assets,0.000,1969
Finland,FIN,Assets,2.208,1970
Finland,FIN,Assets,2.208,1971
Finland,FIN,Assets,2.208,1972
Finland,FIN,Assets,2.208,1973
Finland,FIN,Assets,2.208,1974
Finland,FIN,Assets,2.208,1975
Finland,FIN,Assets,2.208,1976
Finland,FIN,Assets,2.208,1977
Finland,FIN,Assets,2.208,1978
Finland,FIN,Assets,2.208,1979
Finland,FIN,Assets,2.208,1980
Finland,FIN,Assets,2.208,1981
Finland,FIN,Assets,2.208,1982
Finland,FIN,Assets,2.208,1983
Finland,FIN,Assets,2.208,1984
Finland,FIN,Assets,2.208,1985
Finland,FIN,Assets,2.208,1986
Finland,FIN,Assets,2.208,1987
Finland,FIN,Assets,2.208,1988
Finland,FIN,Assets,2.208,1989
Finland,FIN,Assets,2.208,1990
Finland,FIN,Assets,2.208,1991
Finland,FIN,Assets,2.208,1992
Finland,FIN,Assets,2.208,1993
Finland,FIN,Assets,2.208,1994
Finland,FIN,Assets,2.208,1995
Finland,FIN,Assets,2.208,1996
Finland,FIN,Assets,2.208,1997
Finland,FIN,Assets,2.208,1998
Finland,FIN,Assets,2.208,1999
Finland,FIN,Assets,2.208,2000
Finland,FIN,Assets,2.208,2001
Finland,FIN,Assets,2.208,2002
Finland,FIN,Assets,2.208,2003
Finland,FIN,Assets,2.208,2004
Finland,FIN,Assets,2.208,2005
Finland,FIN,Assets,2.208,2006
Finland,FIN,Assets,2.208,2007
Finland,FIN,Assets,2.208,2008
Finland,FIN,Assets,2.208,2009
Finland,FIN,Assets,2.208,2010
Finland,FIN,Assets,10.726,2011
Finland,FIN,Assets,2.208,2012
Finland,FIN,Assets,2.208,2013
Finland,FIN,Assets,24.921,2014
Finland,FIN,Assets,2.208,2015
Finland,FIN,Assets,2.208,2016
Finland,FIN,Assets,26.814,2017
Finland,FIN,Assets,2.208,2018
Finland,FIN,Assets,2.208,2019
Finland,FIN,Assets,2.208,2020
Finland,FIN,Assets,51.104,2021
Finland,FIN,Assets,2.208,2022
Finland,FIN,Assets,2.208,2023
Finland,FIN,Children 0-14,19.231,1960
Finland,FIN,Children 0-14,19.231,1961
Finland,FIN,Children 0-14,19.231,1962
Finland,FIN,Children 0-14,19.231,1963
Finland,FIN,Children 0-14,19.231,1964
Finland,FIN,Children 0-14,19.231,1965
Finland,FIN,Children 0-14,19.231,1966
Finland,FIN,Children 0-14,19.231,1967
Finland,FIN,Children 0-14,19.231,1968
Finland,FIN,Children 0-14,19.231,1969
Finland,FIN,Children 0-14,19.231,1970
Finland,FIN,Children 0-14,22.308,1971
Finland,FIN,Children 0-14,26.154,1972
Finland,FIN,Children 0-14,25.385,1973
Finland,FIN,Children 0-14,25.385,1974
Finland,FIN,Children 0-14,25.385,1975
Finland,FIN,Children 0-14,23.077,1976
Finland,FIN,Children 0-14,23.077,1977
Finland,FIN,Children 0-14,23.077,1978
Finland,FIN,Children 0-14,26.154,1979
Finland,FIN,Children 0-14,23.846,1980
Finland,FIN,Children 0-14,24.615,1981
Finland,FIN,Children 0-14,24.615,1982
Finland,FIN,Children 0-14,24.615,1983
Finland,FIN,Children 0-14,24.615,1984
Finland,FIN,Children 0-14,27.692,1985
Finland,FIN,Children 0-14,26.923,1986
Finland,FIN,Children 0-14,32.308,1987
Finland,FIN,Children 0-14,32.308,1988
Finland,FIN,Children 0-14,32.308,1989
Finland,FIN,Children 0-14,34.615,1990
Finland,FIN,Children 0-14,32.308,1991
Finland,FIN,Children 0-14,32.308,1992
Finland,FIN,Children 0-14,41.538,1993
Finland,FIN,Children 0-14,41.538,1994
Finland,FIN,Children 0-14,39.231,1995
Finland,FIN,Children 0-14,37.692,1996
Finland,FIN,Children 0-14,37.692,1997
Finland,FIN,Children 0-14,39.231,1998
Finland,FIN,Children 0-14,36.154,1999
Finland,FIN,Children 0-14,50.000,2000
Finland,FIN,Children 0-14,36.154,2001
Finland,FIN,Children 0-14,39.231,2002
Finland,FIN,Children 0-14,39.231,2003
Finland,FIN,Children 0-14,41.538,2004
Finland,FIN,Children 0-14,41.538,2005
Finland,FIN,Children 0-14,39.231,2006
Finland,FIN,Children 0-14,41.538,2007
Finland,FIN,Children 0-14,39.231,2008
Finland,FIN,Children 0-14,41.538,2009
Finland,FIN,Children 0-14,61.538,2010
Finland,FIN,Children 0-14,53.077,2011
Finland,FIN,Children 0-14,46.154,2012
Finland,FIN,Children 0-14,46.154,2013
Finland,FIN,Children 0-14,46.923,2014
Finland,FIN,Children 0-14,59.231,2015
Finland,FIN,Children 0-14,52.308,2016
Finland,FIN,Children 0-14,49.231,2017
Finland,FIN,Children 0-14,42.308,2018
Finland,FIN,Children 0-14,53.846,2019
Finland,FIN,Children 0-14,43.846,2020
Finland,FIN,Children 0-14,39.231,2021
Finland,FIN,Children 0-14,36.154,2022
Finland,FIN,Children 0-14,9.231,2023
Finland,FIN,Education,0.000,1960
Finland,FIN,Education,0.000,1961
Finland,FIN,Education,0.000,1962
Finland,FIN,Education,0.000,1963
Finland,FIN,Education,0.000,1964
Finland,FIN,Education,0.000,1965
Finland,FIN,Education,0.000,1966
Finland,FIN,Education,0.000,1967
Finland,FIN,Education,0.000,1968
Finland,FIN,Education,0.000,1969
Finland,FIN,Education,0.613,1970
Finland,FIN,Education,14.110,1971
Finland,FIN,Education,19.018,1972
Finland,FIN,Education,18.405,1973
Finland,FIN,Education,18.405,1974
Finland,FIN,Education,11.043,1975
Finland,FIN,Education,12.270,1976
Finland,FIN,Education,14.110,1977
Finland,FIN,Education,14.110,1978
Finland,FIN,Education,19.018,1979
Finland,FIN,Education,14.724,1980
Finland,FIN,Education,14.724,1981
Finland,FIN,Education,14.724,1982
Finland,FIN,Education,14.724,1983
Finland,FIN,Education,14.724,1984
Finland,FIN,Education,19.018,1985
Finland,FIN,Education,18.405,1986
Finland,FIN,Education,22.699,1987
Finland,FIN,Education,22.699,1988
Finland,FIN,Education,22.699,1989
Finland,FIN,Education,26.380,1990
Finland,FIN,Education,24.540,1991
Finland,FIN,Education,22.699,1992
Finland,FIN,Education,31.902,1993
Finland,FIN,Education,30.061,1994
Finland,FIN,Education,30.061,1995
Finland,FIN,Education,29.448,1996
Finland,FIN,Education,30.675,1997
Finland,FIN,Education,44.785,1998
Finland,FIN,Education,46.012,1999
Finland,FIN,Education,44.785,2000
Finland,FIN,Education,45.399,2001
Finland,FIN,Education,47.853,2002
Finland,FIN,Education,51.534,2003
Finland,FIN,Education,49.693,2004
Finland,FIN,Education,44.172,2005
Finland,FIN,Education,49.080,2006
Finland,FIN,Education,50.920,2007
Finland,FIN,Education,42.331,2008
Finland,FIN,Education,53.374,2009
Finland,FIN,Education,75.460,2010
Finland,FIN,Education,69.325,2011
Finland,FIN,Education,64.417,2012
Finland,FIN,Education,67.485,2013
Finland,FIN,Education,69.325,2014
Finland,FIN,Education,65.031,2015
Finland,FIN,Education,71.779,2016
Finland,FIN,Education,74.847,2017
Finland,FIN,Education,53.988,2018
Finland,FIN,Education,40.491,2019
Finland,FIN,Education,51.534,2020
Finland,FIN,Education,38.650,2021
Finland,FIN,Education,34.969,2022
Finland,FIN,Education,1.840,2023
Finland,FIN,Employment and Time Use,5.109,1960
Finland,FIN,Employment and Time Use,0.000,1961
Finland,FIN,Employment and Time Use,0.000,1962
Finland,FIN,Employment and Time Use,0.000,1963
Finland,FIN,Employment and Time Use,0.000,1964
Finland,FIN,Employment and Time Use,0.000,1965
Finland,FIN,Employment and Time Use,0.000,1966
Finland,FIN,Employment and Time Use,0.000,1967
Finland,FIN,Employment and Time Use,0.000,1968
Finland,FIN,Employment and Time Use,2.190,1969
Finland,FIN,Employment and Time Use,28.467,1970
Finland,FIN,Employment and Time Use,23.358,1971
Finland,FIN,Employment and Time Use,23.358,1972
Finland,FIN,Employment and Time Use,23.358,1973
Finland,FIN,Employment and Time Use,23.358,1974
Finland,FIN,Employment and Time Use,23.358,1975
Finland,FIN,Employment and Time Use,28.467,1976
Finland,FIN,Employment and Time Use,28.467,1977
Finland,FIN,Employment and Time Use,23.358,1978
Finland,FIN,Employment and Time Use,33.577,1979
Finland,FIN,Employment and Time Use,33.577,1980
Finland,FIN,Employment and Time Use,33.577,1981
Finland,FIN,Employment and Time Use,28.467,1982
Finland,FIN,Employment and Time Use,23.358,1983
Finland,FIN,Employment and Time Use,28.467,1984
Finland,FIN,Employment and Time Use,28.467,1985
Finland,FIN,Employment and Time Use,28.467,1986
Finland,FIN,Employment and Time Use,28.467,1987
Finland,FIN,Employment and Time Use,28.467,1988
Finland,FIN,Employment and Time Use,28.467,1989
Finland,FIN,Employment and Time Use,45.985,1990
Finland,FIN,Employment and Time Use,70.803,1991
Finland,FIN,Employment and Time Use,70.803,1992
Finland,FIN,Employment and Time Use,70.803,1993
Finland,FIN,Employment and Time Use,70.803,1994
Finland,FIN,Employment and Time Use,88.321,1995
Finland,FIN,Employment and Time Use,88.321,1996
Finland,FIN,Employment and Time Use,88.321,1997
Finland,FIN,Employment and Time Use,88.321,1998
Finland,FIN,Employment and Time Use,89.781,1999
Finland,FIN,Employment and Time Use,91.971,2000
Finland,FIN,Employment and Time Use,90.511,2001
Finland,FIN,Employment and Time Use,90.511,2002
Finland,FIN,Employment and Time Use,90.511,2003
Finland,FIN,Employment and Time Use,90.511,2004
Finland,FIN,Employment and Time Use,90.511,2005
Finland,FIN,Employment and Time Use,90.511,2006
Finland,FIN,Employment and Time Use,90.511,2007
Finland,FIN,Employment and Time Use,90.511,2008
Finland,FIN,Employment and Time Use,90.511,2009
Finland,FIN,Employment and Time Use,91.971,2010
Finland,FIN,Employment and Time Use,90.511,2011
Finland,FIN,Employment and Time Use,90.511,2012
Finland,FIN,Employment and Time Use,90.511,2013
Finland,FIN,Employment and Time Use,90.511,2014
Finland,FIN,Employment and Time Use,90.511,2015
Finland,FIN,Employment and Time Use,90.511,2016
Finland,FIN,Employment and Time Use,90.511,2017
Finland,FIN,Employment and Time Use,90.511,2018
Finland,FIN,Employment and Time Use,90.511,2019
Finland,FIN,Employment and Time Use,90.511,2020
Finland,FIN,Employment and Time Use,91.971,2021
Finland,FIN,Employment and Time Use,90.511,2022
Finland,FIN,Employment and Time Use,92.701,2023
Finland,FIN,Entrepreneurship,0.000,1960
Finland,FIN,Entrepreneurship,0.000,1961
Finland,FIN,Entrepreneurship,0.000,1962
Finland,FIN,Entrepreneurship,0.000,1963
Finland,FIN,Entrepreneurship,0.000,1964
Finland,FIN,Entrepreneurship,0.000,1965
Finland,FIN,Entrepreneurship,0.000,1966
Finland,FIN,Entrepreneurship,0.000,1967
Finland,FIN,Entrepreneurship,0.000,1968
Finland,FIN,Entrepreneurship,0.000,1969
Finland,FIN,Entrepreneurship,9.375,1970
Finland,FIN,Entrepreneurship,9.375,1971
Finland,FIN,Entrepreneurship,9.375,1972
Finland,FIN,Entrepreneurship,9.375,1973
Finland,FIN,Entrepreneurship,9.375,1974
Finland,FIN,Entrepreneurship,9.375,1975
Finland,FIN,Entrepreneurship,9.375,1976
Finland,FIN,Entrepreneurship,9.375,1977
Finland,FIN,Entrepreneurship,9.375,1978
Finland,FIN,Entrepreneurship,9.375,1979
Finland,FIN,Entrepreneurship,9.375,1980
Finland,FIN,Entrepreneurship,9.375,1981
Finland,FIN,Entrepreneurship,9.375,1982
Finland,FIN,Entrepreneurship,9.375,1983
Finland,FIN,Entrepreneurship,9.375,1984
Finland,FIN,Entrepreneurship,9.375,1985
Finland,FIN,Entrepreneurship,9.375,1986
Finland,FIN,Entrepreneurship,9.375,1987
Finland,FIN,Entrepreneurship,9.375,1988
Finland,FIN,Entrepreneurship,9.375,1989
Finland,FIN,Entrepreneurship,9.375,1990
Finland,FIN,Entrepreneurship,9.375,1991
Finland,FIN,Entrepreneurship,9.375,1992
Finland,FIN,Entrepreneurship,9.375,1993
Finland,FIN,Entrepreneurship,9.375,1994
Finland,FIN,Entrepreneurship,9.375,1995
Finland,FIN,Entrepreneurship,9.375,1996
Finland,FIN,Entrepreneurship,9.375,1997
Finland,FIN,Entrepreneurship,9.375,1998
Finland,FIN,Entrepreneurship,9.375,1999
Finland,FIN,Entrepreneurship,9.375,2000
Finland,FIN,Entrepreneurship,9.375,2001
Finland,FIN,Entrepreneurship,9.375,2002
Finland,FIN,Entrepreneurship,37.500,2003
Finland,FIN,Entrepreneurship,37.500,2004
Finland,FIN,Entrepreneurship,37.500,2005
Finland,FIN,Entrepreneurship,37.500,2006
Finland,FIN,Entrepreneurship,37.500,2007
Finland,FIN,Entrepreneurship,37.500,2008
Finland,FIN,Entrepreneurship,37.500,2009
Finland,FIN,Entrepreneurship,37.500,2010
Finland,FIN,Entrepreneurship,37.500,2011
Finland,FIN,Entrepreneurship,37.500,2012
Finland,FIN,Entrepreneurship,37.500,2013
Finland,FIN,Entrepreneurship,56.250,2014
Finland,FIN,Entrepreneurship,37.500,2015
Finland,FIN,Entrepreneurship,37.500,2016
Finland,FIN,Entrepreneurship,56.250,2017
Finland,FIN,Entrepreneurship,37.500,2018
Finland,FIN,Entrepreneurship,37.500,2019
Finland,FIN,Entrepreneurship,15.625,2020
Finland,FIN,Entrepreneurship,9.375,2021
Finland,FIN,Entrepreneurship,9.375,2022
Finland,FIN,Entrepreneurship,9.375,2023
Finland,FIN,Environment,0.000,1960
Finland,FIN,Environment,0.000,1961
Finland,FIN,Environment,0.000,1962
Finland,FIN,Environment,0.000,1963
Finland,FIN,Environment,0.000,1964
Finland,FIN,Environment,0.000,1965
Finland,FIN,Environment,0.000,1966
Finland,FIN,Environment,0.000,1967
Finland,FIN,Environment,0.000,1968
Finland,FIN,Environment,0.000,1969
Finland,FIN,Environment,0.000,1970
Finland,FIN,Environment,0.000,1971
Finland,FIN,Environment,0.000,1972
Finland,FIN,Environment,0.000,1973
Finland,FIN,Environment,0.000,1974
Finland,FIN,Environment,0.000,1975
Finland,FIN,Environment,0.000,1976
Finland,FIN,Environment,0.000,1977
Finland,FIN,Environment,0.000,1978
Finland,FIN,Environment,0.000,1979
Finland,FIN,Environment,0.000,1980
Finland,FIN,Environment,0.000,1981
Finland,FIN,Environment,0.000,1982
Finland,FIN,Environment,0.000,1983
Finland,FIN,Environment,0.000,1984
Finland,FIN,Environment,0.000,1985
Finland,FIN,Environment,0.000,1986
Finland,FIN,Environment,0.000,1987
Finland,FIN,Environment,0.000,1988
Finland,FIN,Environment,0.000,1989
Finland,FIN,Environment,0.000,1990
Finland,FIN,Environment,0.000,1991
Finland,FIN,Environment,0.000,1992
Finland,FIN,Environment,0.000,1993
Finland,FIN,Environment,0.000,1994
Finland,FIN,Environment,0.000,1995
Finland,FIN,Environment,0.000,1996
Finland,FIN,Environment,0.000,1997
Finland,FIN,Environment,3.333,1998
Finland,FIN,Environment,3.333,1999
Finland,FIN,Environment,13.333,2000
Finland,FIN,Environment,13.333,2001
Finland,FIN,Environment,13.333,2002
Finland,FIN,Environment,13.333,2003
Finland,FIN,Environment,13.333,2004
Finland,FIN,Environment,10.000,2005
Finland,FIN,Environment,13.333,2006
Finland,FIN,Environment,13.333,2007
Finland,FIN,Environment,10.000,2008
Finland,FIN,Environment,13.333,2009
Finland,FIN,Environment,13.333,2010
Finland,FIN,Environment,13.333,2011
Finland,FIN,Environment,13.333,2012
Finland,FIN,Environment,13.333,2013
Finland,FIN,Environment,13.333,2014
Finland,FIN,Environment,13.333,2015
Finland,FIN,Environment,13.333,2016
Finland,FIN,Environment,13.333,2017
Finland,FIN,Environment,10.000,2018
Finland,FIN,Environment,30.000,2019
Finland,FIN,Environment,10.000,2020
Finland,FIN,Environment,10.000,2021
Finland,FIN,Environment,10.000,2022
Finland,FIN,Environment,0.000,2023
Finland,FIN,Health,8.586,1960
Finland,FIN,Health,8.586,1961
Finland,FIN,Health,8.586,1962
Finland,FIN,Health,8.586,1963
Finland,FIN,Health,8.586,1964
Finland,FIN,Health,8.586,1965
Finland,FIN,Health,8.586,1966
Finland,FIN,Health,8.586,1967
Finland,FIN,Health,8.586,1968
Finland,FIN,Health,8.586,1969
Finland,FIN,Health,8.586,1970
Finland,FIN,Health,8.586,1971
Finland,FIN,Health,8.586,1972
Finland,FIN,Health,8.586,1973
Finland,FIN,Health,8.586,1974
Finland,FIN,Health,11.111,1975
Finland,FIN,Health,11.111,1976
Finland,FIN,Health,11.111,1977
Finland,FIN,Health,11.111,1978
Finland,FIN,Health,11.111,1979
Finland,FIN,Health,11.616,1980
Finland,FIN,Health,12.121,1981
Finland,FIN,Health,12.121,1982
Finland,FIN,Health,12.121,1983
Finland,FIN,Health,12.121,1984
Finland,FIN,Health,12.626,1985
Finland,FIN,Health,12.626,1986
Finland,FIN,Health,12.121,1987
Finland,FIN,Health,12.121,1988
Finland,FIN,Health,12.121,1989
Finland,FIN,Health,14.141,1990
Finland,FIN,Health,12.626,1991
Finland,FIN,Health,14.141,1992
Finland,FIN,Health,13.636,1993
Finland,FIN,Health,13.131,1994
Finland,FIN,Health,13.636,1995
Finland,FIN,Health,13.636,1996
Finland,FIN,Health,13.636,1997
Finland,FIN,Health,13.636,1998
Finland,FIN,Health,14.646,1999
Finland,FIN,Health,51.515,2000
Finland,FIN,Health,27.273,2001
Finland,FIN,Health,27.273,2002
Finland,FIN,Health,27.273,2003
Finland,FIN,Health,27.778,2004
Finland,FIN,Health,28.788,2005
Finland,FIN,Health,27.273,2006
Finland,FIN,Health,28.283,2007
Finland,FIN,Health,27.273,2008
Finland,FIN,Health,27.273,2009
Finland,FIN,Health,54.040,2010
Finland,FIN,Health,27.273,2011
Finland,FIN,Health,27.273,2012
Finland,FIN,Health,27.273,2013
Finland,FIN,Health,28.788,2014
Finland,FIN,Health,52.020,2015
Finland,FIN,Health,27.273,2016
Finland,FIN,Health,29.293,2017
Finland,FIN,Health,28.788,2018
Finland,FIN,Health,51.515,2019
Finland,FIN,Health,21.212,2020
Finland,FIN,Health,14.646,2021
Finland,FIN,Health,11.616,2022
Finland,FIN,Health,1.010,2023
Finland,FIN,Leadership,0.000,1960
Finland,FIN,Leadership,0.000,1961
Finland,FIN,Leadership,0.000,1962
Finland,FIN,Leadership,0.000,1963
Finland,FIN,Leadership,0.000,1964
Finland,FIN,Leadership,0.000,1965
Finland,FIN,Leadership,0.000,1966
Finland,FIN,Leadership,0.000,1967
Finland,FIN,Leadership,0.000,1968
Finland,FIN,Leadership,0.000,1969
Finland,FIN,Leadership,0.000,1970
Finland,FIN,Leadership,0.000,1971
Finland,FIN,Leadership,0.000,1972
Finland,FIN,Leadership,0.000,1973
Finland,FIN,Leadership,0.000,1974
Finland,FIN,Leadership,0.000,1975
Finland,FIN,Leadership,0.000,1976
Finland,FIN,Leadership,0.000,1977
Finland,FIN,Leadership,0.000,1978
Finland,FIN,Leadership,0.000,1979
Finland,FIN,Leadership,0.000,1980
Finland,FIN,Leadership,0.000,1981
Finland,FIN,Leadership,0.000,1982
Finland,FIN,Leadership,0.000,1983
Finland,FIN,Leadership,0.000,1984
Finland,FIN,Leadership,0.000,1985
Finland,FIN,Leadership,0.000,1986
Finland,FIN,Leadership,0.000,1987
Finland,FIN,Leadership,0.000,1988
Finland,FIN,Leadership,0.000,1989
Finland,FIN,Leadership,0.000,1990
Finland,FIN,Leadership,0.000,1991
Finland,FIN,Leadership,0.000,1992
Finland,FIN,Leadership,0.000,1993
Finland,FIN,Leadership,0.000,1994
Finland,FIN,Leadership,0.000,1995
Finland,FIN,Leadership,0.000,1996
Finland,FIN,Leadership,25.000,1997
Finland,FIN,Leadership,25.000,1998
Finland,FIN,Leadership,25.000,1999
Finland,FIN,Leadership,50.000,2000
Finland,FIN,Leadership,50.000,2001
Finland,FIN,Leadership,50.000,2002
Finland,FIN,Leadership,50.000,2003
Finland,FIN,Leadership,50.000,2004
Finland,FIN,Leadership,75.000,2005
Finland,FIN,Leadership,50.000,2006
Finland,FIN,Leadership,50.000,2007
Finland,FIN,Leadership,75.000,2008
Finland,FIN,Leadership,50.000,2009
Finland,FIN,Leadership,75.000,2010
Finland,FIN,Leadership,50.000,2011
Finland,FIN,Leadership,75.000,2012
Finland,FIN,Leadership,50.000,2013
Finland,FIN,Leadership,75.000,2014
Finland,FIN,Leadership,75.000,2015
Finland,FIN,Leadership,75.000,2016
Finland,FIN,Leadership,50.000,2017
Finland,FIN,Leadership,75.000,2018
Finland,FIN,Leadership,75.000,2019
Finland,FIN,Leadership,100.000,2020
Finland,FIN,Leadership,50.000,2021
Finland,FIN,Leadership,75.000,2022
Finland,FIN,Leadership,25.000,2023
Finland,FIN,Norms and Decision-making,0.000,1960
Finland,FIN,Norms and Decision-making,0.000,1961
Finland,FIN,Norms and Decision-making,0.000,1962
Finland,FIN,Norms and Decision-making,0.000,1963
Finland,FIN,Norms and Decision-making,0.000,1964
Finland,FIN,Norms and Decision-making,0.000,1965
Finland,FIN,Norms and Decision-making,0.000,1966
Finland,FIN,Norms and Decision-making,0.000,1967
Finland,FIN,Norms and Decision-making,0.000,1968
Finland,FIN,Norms and Decision-making,0.000,1969
Finland,FIN,Norms and Decision-making,14.074,1970
Finland,FIN,Norms and Decision-making,12.593,1971
Finland,FIN,Norms and Decision-making,14.074,1972
Finland,FIN,Norms and Decision-making,14.074,1973
Finland,FIN,Norms and Decision-making,14.074,1974
Finland,FIN,Norms and Decision-making,14.074,1975
Finland,FIN,Norms and Decision-making,14.074,1976
Finland,FIN,Norms and Decision-making,14.074,1977
Finland,FIN,Norms and Decision-making,14.074,1978
Finland,FIN,Norms and Decision-making,14.074,1979
Finland,FIN,Norms and Decision-making,14.074,1980
Finland,FIN,Norms and Decision-making,14.074,1981
Finland,FIN,Norms and Decision-making,14.074,1982
Finland,FIN,Norms and Decision-making,14.074,1983
Finland,FIN,Norms and Decision-making,14.074,1984
Finland,FIN,Norms and Decision-making,14.074,1985
Finland,FIN,Norms and Decision-making,14.074,1986
Finland,FIN,Norms and Decision-making,14.074,1987
Finland,FIN,Norms and Decision-making,12.593,1988
Finland,FIN,Norms and Decision-making,14.074,1989
Finland,FIN,Norms and Decision-making,14.074,1990
Finland,FIN,Norms and Decision-making,14.074,1991
Finland,FIN,Norms and Decision-making,12.593,1992
Finland,FIN,Norms and Decision-making,12.593,1993
Finland,FIN,Norms and Decision-making,14.074,1994
Finland,FIN,Norms and Decision-making,14.074,1995
Finland,FIN,Norms and Decision-making,14.074,1996
Finland,FIN,Norms and Decision-making,14.074,1997
Finland,FIN,Norms and Decision-making,14.074,1998
Finland,FIN,Norms and Decision-making,12.593,1999
Finland,FIN,Norms and Decision-making,14.074,2000
Finland,FIN,Norms and Decision-making,12.593,2001
Finland,FIN,Norms and Decision-making,12.593,2002
Finland,FIN,Norms and Decision-making,14.074,2003
Finland,FIN,Norms and Decision-making,14.074,2004
Finland,FIN,Norms and Decision-making,14.074,2005
Finland,FIN,Norms and Decision-making,14.074,2006
Finland,FIN,Norms and Decision-making,14.074,2007
Finland,FIN,Norms and Decision-making,14.074,2008
Finland,FIN,Norms and Decision-making,14.074,2009
Finland,FIN,Norms and Decision-making,14.074,2010
Finland,FIN,Norms and Decision-making,14.074,2011
Finland,FIN,Norms and Decision-making,14.074,2012
Finland,FIN,Norms and Decision-making,14.074,2013
Finland,FIN,Norms and Decision-making,14.074,2014
Finland,FIN,Norms and Decision-making,14.074,2015
Finland,FIN,Norms and Decision-making,14.074,2016
Finland,FIN,Norms and Decision-making,14.815,2017
Finland,FIN,Norms and Decision-making,14.074,2018
Finland,FIN,Norms and Decision-making,12.593,2019
Finland,FIN,Norms and Decision-making,12.593,2020
Finland,FIN,Norms and Decision-making,12.593,2021
Finland,FIN,Norms and Decision-making,12.593,2022
Finland,FIN,Norms and Decision-making,12.593,2023
Finland,FIN,Population,86.905,1960
Finland,FIN,Population,86.905,1961
Finland,FIN,Population,86.905,1962
Finland,FIN,Population,86.905,1963
Finland,FIN,Population,86.905,1964
Finland,FIN,Population,86.905,1965
Finland,FIN,Population,86.905,1966
Finland,FIN,Population,86.905,1967
Finland,FIN,Population,86.905,1968
Finland,FIN,Population,86.905,1969
Finland,FIN,Population,89.286,1970
Finland,FIN,Population,86.905,1971
Finland,FIN,Population,89.286,1972
Finland,FIN,Population,89.286,1973
Finland,FIN,Population,89.286,1974
Finland,FIN,Population,89.286,1975
Finland,FIN,Population,89.286,1976
Finland,FIN,Population,89.286,1977
Finland,FIN,Population,89.286,1978
Finland,FIN,Population,89.286,1979
Finland,FIN,Population,94.048,1980
Finland,FIN,Population,89.286,1981
Finland,FIN,Population,89.286,1982
Finland,FIN,Population,89.286,1983
Finland,FIN,Population,89.286,1984
Finland,FIN,Population,94.048,1985
Finland,FIN,Population,89.286,1986
Finland,FIN,Population,89.286,1987
Finland,FIN,Population,86.905,1988
Finland,FIN,Population,89.286,1989
Finland,FIN,Population,95.238,1990
Finland,FIN,Population,89.286,1991
Finland,FIN,Population,86.905,1992
Finland,FIN,Population,86.905,1993
Finland,FIN,Population,89.286,1994
Finland,FIN,Population,95.238,1995
Finland,FIN,Population,89.286,1996
Finland,FIN,Population,89.286,1997
Finland,FIN,Population,89.286,1998
Finland,FIN,Population,86.905,1999
Finland,FIN,Population,95.238,2000
Finland,FIN,Population,86.905,2001
Finland,FIN,Population,86.905,2002
Finland,FIN,Population,89.286,2003
Finland,FIN,Population,89.286,2004
Finland,FIN,Population,95.238,2005
Finland,FIN,Population,89.286,2006
Finland,FIN,Population,89.286,2007
Finland,FIN,Population,89.286,2008
Finland,FIN,Population,89.286,2009
Finland,FIN,Population,95.238,2010
Finland,FIN,Population,90.476,2011
Finland,FIN,Population,89.286,2012
Finland,FIN,Population,89.286,2013
Finland,FIN,Population,90.476,2014
Finland,FIN,Population,95.238,2015
Finland,FIN,Population,89.286,2016
Finland,FIN,Population,90.476,2017
Finland,FIN,Population,89.286,2018
Finland,FIN,Population,86.905,2019
Finland,FIN,Population,90.476,2020
Finland,FIN,Population,86.905,2021
Finland,FIN,Population,88.095,2022
Finland,FIN,Population,77.381,2023
Finland,FIN,SDGs,2.685,1960
Finland,FIN,SDGs,2.685,1961
Finland,FIN,SDGs,2.685,1962
Finland,FIN,SDGs,2.685,1963
Finland,FIN,SDGs,2.685,1964
Finland,FIN,SDGs,2.685,1965
Finland,FIN,SDGs,2.685,1966
Finland,FIN,SDGs,2.685,1967
Finland,FIN,SDGs,2.685,1968
Finland,FIN,SDGs,4.698,1969
Finland,FIN,SDGs,13.423,1970
Finland,FIN,SDGs,13.423,1971
Finland,FIN,SDGs,13.423,1972
Finland,FIN,SDGs,13.423,1973
Finland,FIN,SDGs,13.423,1974
Finland,FIN,SDGs,13.423,1975
Finland,FIN,SDGs,13.423,1976
Finland,FIN,SDGs,13.423,1977
Finland,FIN,SDGs,13.423,1978
Finland,FIN,SDGs,15.436,1979
Finland,FIN,SDGs,16.107,1980
Finland,FIN,SDGs,16.107,1981
Finland,FIN,SDGs,14.094,1982
Finland,FIN,SDGs,14.094,1983
Finland,FIN,SDGs,14.094,1984
Finland,FIN,SDGs,14.765,1985
Finland,FIN,SDGs,14.765,1986
Finland,FIN,SDGs,14.094,1987
Finland,FIN,SDGs,14.094,1988
Finland,FIN,SDGs,14.094,1989
Finland,FIN,SDGs,16.779,1990
Finland,FIN,SDGs,20.134,1991
Finland,FIN,SDGs,20.805,1992
Finland,FIN,SDGs,20.805,1993
Finland,FIN,SDGs,20.805,1994
Finland,FIN,SDGs,21.477,1995
Finland,FIN,SDGs,21.477,1996
Finland,FIN,SDGs,22.148,1997
Finland,FIN,SDGs,22.148,1998
Finland,FIN,SDGs,22.148,1999
Finland,FIN,SDGs,68.456,2000
Finland,FIN,SDGs,34.899,2001
Finland,FIN,SDGs,34.899,2002
Finland,FIN,SDGs,34.899,2003
Finland,FIN,SDGs,34.899,2004
Finland,FIN,SDGs,36.913,2005
Finland,FIN,SDGs,34.899,2006
Finland,FIN,SDGs,34.899,2007
Finland,FIN,SDGs,34.899,2008
Finland,FIN,SDGs,34.899,2009
Finland,FIN,SDGs,67.785,2010
Finland,FIN,SDGs,38.926,2011
Finland,FIN,SDGs,35.570,2012
Finland,FIN,SDGs,34.899,2013
Finland,FIN,SDGs,36.913,2014
Finland,FIN,SDGs,66.443,2015
Finland,FIN,SDGs,36.913,2016
Finland,FIN,SDGs,37.584,2017
Finland,FIN,SDGs,37.584,2018
Finland,FIN,SDGs,70.470,2019
Finland,FIN,SDGs,28.188,2020
Finland,FIN,SDGs,26.846,2021
Finland,FIN,SDGs,22.819,2022
Finland,FIN,SDGs,18.121,2023
Finland,FIN,Technology,0.000,1960
Finland,FIN,Technology,0.000,1961
Finland,FIN,Technology,0.000,1962
Finland,FIN,Technology,0.000,1963
Finland,FIN,Technology,0.000,1964
Finland,FIN,Technology,0.000,1965
Finland,FIN,Technology,0.000,1966
Finland,FIN,Technology,0.000,1967
Finland,FIN,Technology,0.000,1968
Finland,FIN,Technology,0.000,1969
Finland,FIN,Technology,0.000,1970
Finland,FIN,Technology,0.000,1971
Finland,FIN,Technology,0.000,1972
Finland,FIN,Technology,0.000,1973
Finland,FIN,Technology,0.000,1974
Finland,FIN,Technology,0.000,1975
Finland,FIN,Technology,0.000,1976
Finland,FIN,Technology,0.000,1977
Finland,FIN,Technology,0.000,1978
Finland,FIN,Technology,0.000,1979
Finland,FIN,Technology,0.000,1980
Finland,FIN,Technology,0.000,1981
Finland,FIN,Technology,0.000,1982
Finland,FIN,Technology,0.000,1983
Finland,FIN,Technology,0.000,1984
Finland,FIN,Technology,0.000,1985
Finland,FIN,Technology,0.000,1986
Finland,FIN,Technology,0.000,1987
Finland,FIN,Technology,0.000,1988
Finland,FIN,Technology,0.000,1989
Finland,FIN,Technology,2.222,1990
Finland,FIN,Technology,2.222,1991
Finland,FIN,Technology,2.222,1992
Finland,FIN,Technology,2.222,1993
Finland,FIN,Technology,2.222,1994
Finland,FIN,Technology,2.222,1995
Finland,FIN,Technology,2.222,1996
Finland,FIN,Technology,2.222,1997
Finland,FIN,Technology,8.889,1998
Finland,FIN,Technology,8.889,1999
Finland,FIN,Technology,8.889,2000
Finland,FIN,Technology,8.889,2001
Finland,FIN,Technology,13.333,2002
Finland,FIN,Technology,13.333,2003
Finland,FIN,Technology,13.333,2004
Finland,FIN,Technology,6.667,2005
Finland,FIN,Technology,8.889,2006
Finland,FIN,Technology,8.889,2007
Finland,FIN,Technology,6.667,2008
Finland,FIN,Technology,13.333,2009
Finland,FIN,Technology,13.333,2010
Finland,FIN,Technology,20.000,2011
Finland,FIN,Technology,13.333,2012
Finland,FIN,Technology,13.333,2013
Finland,FIN,Technology,40.000,2014
Finland,FIN,Technology,13.333,2015
Finland,FIN,Technology,13.333,2016
Finland,FIN,Technology,60.000,2017
Finland,FIN,Technology,6.667,2018
Finland,FIN,Technology,6.667,2019
Finland,FIN,Technology,6.667,2020
Finland,FIN,Technology,73.333,2021
Finland,FIN,Technology,6.667,2022
Finland,FIN,Technology,6.667,2023
Finland,FIN,Violence,0.000,1960
Finland,FIN,Violence,0.000,1961
Finland,FIN,Violence,0.000,1962
Finland,FIN,Violence,0.000,1963
Finland,FIN,Violence,0.000,1964
Finland,FIN,Violence,0.000,1965
Finland,FIN,Violence,0.000,1966
Finland,FIN,Violence,0.000,1967
Finland,FIN,Violence,0.000,1968
Finland,FIN,Violence,0.000,1969
Finland,FIN,Violence,2.143,1970
Finland,FIN,Violence,2.143,1971
Finland,FIN,Violence,2.143,1972
Finland,FIN,Violence,2.143,1973
Finland,FIN,Violence,2.143,1974
Finland,FIN,Violence,2.143,1975
Finland,FIN,Violence,2.143,1976
Finland,FIN,Violence,2.143,1977
Finland,FIN,Violence,2.143,1978
Finland,FIN,Violence,2.143,1979
Finland,FIN,Violence,2.143,1980
Finland,FIN,Violence,2.143,1981
Finland,FIN,Violence,2.143,1982
Finland,FIN,Violence,2.143,1983
Finland,FIN,Violence,2.143,1984
Finland,FIN,Violence,2.143,1985
Finland,FIN,Violence,2.143,1986
Finland,FIN,Violence,2.143,1987
Finland,FIN,Violence,2.143,1988
Finland,FIN,Violence,2.143,1989
Finland,FIN,Violence,4.286,1990
Finland,FIN,Violence,4.286,1991
Finland,FIN,Violence,4.286,1992
Finland,FIN,Violence,4.286,1993
Finland,FIN,Violence,4.286,1994
Finland,FIN,Violence,4.286,1995
Finland,FIN,Violence,4.286,1996
Finland,FIN,Violence,4.286,1997
Finland,FIN,Violence,4.286,1998
Finland,FIN,Violence,4.286,1999
Finland,FIN,Violence,6.429,2000
Finland,FIN,Violence,6.429,2001
Finland,FIN,Violence,6.429,2002
Finland,FIN,Violence,6.429,2003
Finland,FIN,Violence,6.429,2004
Finland,FIN,Violence,6.429,2005
Finland,FIN,Violence,6.429,2006
Finland,FIN,Violence,6.429,2007
Finland,FIN,Violence,6.429,2008
Finland,FIN,Violence,6.429,2009
Finland,FIN,Violence,6.429,2010
Finland,FIN,Violence,6.429,2011
Finland,FIN,Violence,7.143,2012
Finland,FIN,Violence,6.429,2013
Finland,FIN,Violence,6.429,2014
Finland,FIN,Violence,6.429,2015
Finland,FIN,Violence,6.429,2016
Finland,FIN,Violence,7.143,2017
Finland,FIN,Violence,9.286,2018
Finland,FIN,Violence,6.429,2019
Finland,FIN,Violence,2.857,2020
Finland,FIN,Violence,2.143,2021
Finland,FIN,Violence,2.143,2022
Finland,FIN,Violence,2.143,2023
Finland,FIN,Youth 15-24,7.339,1960
Finland,FIN,Youth 15-24,4.587,1961
Finland,FIN,Youth 15-24,4.587,1962
Finland,FIN,Youth 15-24,4.587,1963
Finland,FIN,Youth 15-24,4.587,1964
Finland,FIN,Youth 15-24,4.587,1965
Finland,FIN,Youth 15-24,4.587,1966
Finland,FIN,Youth 15-24,4.587,1967
Finland,FIN,Youth 15-24,4.587,1968
Finland,FIN,Youth 15-24,4.587,1969
Finland,FIN,Youth 15-24,7.339,1970
Finland,FIN,Youth 15-24,18.349,1971
Finland,FIN,Youth 15-24,18.349,1972
Finland,FIN,Youth 15-24,18.349,1973
Finland,FIN,Youth 15-24,18.349,1974
Finland,FIN,Youth 15-24,11.009,1975
Finland,FIN,Youth 15-24,18.349,1976
Finland,FIN,Youth 15-24,18.349,1977
Finland,FIN,Youth 15-24,18.349,1978
Finland,FIN,Youth 15-24,27.523,1979
Finland,FIN,Youth 15-24,24.771,1980
Finland,FIN,Youth 15-24,24.771,1981
Finland,FIN,Youth 15-24,21.101,1982
Finland,FIN,Youth 15-24,18.349,1983
Finland,FIN,Youth 15-24,21.101,1984
Finland,FIN,Youth 15-24,21.101,1985
Finland,FIN,Youth 15-24,21.101,1986
Finland,FIN,Youth 15-24,21.101,1987
Finland,FIN,Youth 15-24,21.101,1988
Finland,FIN,Youth 15-24,21.101,1989
Finland,FIN,Youth 15-24,35.780,1990
Finland,FIN,Youth 15-24,42.202,1991
Finland,FIN,Youth 15-24,39.450,1992
Finland,FIN,Youth 15-24,42.202,1993
Finland,FIN,Youth 15-24,39.450,1994
Finland,FIN,Youth 15-24,42.202,1995
Finland,FIN,Youth 15-24,42.202,1996
Finland,FIN,Youth 15-24,44.954,1997
Finland,FIN,Youth 15-24,64.220,1998
Finland,FIN,Youth 15-24,65.138,1999
Finland,FIN,Youth 15-24,64.220,2000
Finland,FIN,Youth 15-24,64.220,2001
Finland,FIN,Youth 15-24,64.220,2002
Finland,FIN,Youth 15-24,69.725,2003
Finland,FIN,Youth 15-24,64.220,2004
Finland,FIN,Youth 15-24,55.963,2005
Finland,FIN,Youth 15-24,66.972,2006
Finland,FIN,Youth 15-24,66.972,2007
Finland,FIN,Youth 15-24,55.963,2008
Finland,FIN,Youth 15-24,69.725,2009
Finland,FIN,Youth 15-24,75.229,2010
Finland,FIN,Youth 15-24,75.229,2011
Finland,FIN,Youth 15-24,75.229,2012
Finland,FIN,Youth 15-24,79.817,2013
Finland,FIN,Youth 15-24,79.817,2014
Finland,FIN,Youth 15-24,78.899,2015
Finland,FIN,Youth 15-24,78.899,2016
Finland,FIN,Youth 15-24,77.064,2017
Finland,FIN,Youth 15-24,52.294,2018
Finland,FIN,Youth 15-24,48.624,2019
Finland,FIN,Youth 15-24,48.624,2020
Finland,FIN,Youth 15-24,46.789,2021
Finland,FIN,Youth 15-24,46.789,2022
Finland,FIN,Youth 15-24,24.771,2023
