Country Name,Country Code,Topic,% of available indicators,Year
Monaco,MCO,Assets,0.000,1960
Monaco,MCO,Assets,0.000,1961
Monaco,MCO,Assets,0.000,1962
Monaco,MCO,Assets,0.000,1963
Monaco,MCO,Assets,0.000,1964
Monaco,MCO,Assets,0.000,1965
Monaco,MCO,Assets,0.000,1966
Monaco,MCO,Assets,0.000,1967
Monaco,MCO,Assets,0.000,1968
Monaco,MCO,Assets,0.000,1969
Monaco,MCO,Assets,0.000,1970
Monaco,MCO,Assets,0.000,1971
Monaco,MCO,Assets,0.000,1972
Monaco,MCO,Assets,0.000,1973
Monaco,MCO,Assets,0.000,1974
Monaco,MCO,Assets,0.000,1975
Monaco,MCO,Assets,0.000,1976
Monaco,MCO,Assets,0.000,1977
Monaco,MCO,Assets,0.000,1978
Monaco,MCO,Assets,0.000,1979
Monaco,MCO,Assets,0.000,1980
Monaco,MCO,Assets,0.000,1981
Monaco,MCO,Assets,0.000,1982
Monaco,MCO,Assets,0.000,1983
Monaco,MCO,Assets,0.000,1984
Monaco,MCO,Assets,0.000,1985
Monaco,MCO,Assets,0.000,1986
Monaco,MCO,Assets,0.000,1987
Monaco,MCO,Assets,0.000,1988
Monaco,MCO,Assets,0.000,1989
Monaco,MCO,Assets,0.000,1990
Monaco,MCO,Assets,0.000,1991
Monaco,MCO,Assets,0.000,1992
Monaco,MCO,Assets,0.000,1993
Monaco,MCO,Assets,0.000,1994
Monaco,MCO,Assets,0.000,1995
Monaco,MCO,Assets,0.000,1996
Monaco,MCO,Assets,0.000,1997
Monaco,MCO,Assets,0.000,1998
Monaco,MCO,Assets,0.000,1999
Monaco,MCO,Assets,0.000,2000
Monaco,MCO,Assets,0.000,2001
Monaco,MCO,Assets,0.000,2002
Monaco,MCO,Assets,0.000,2003
Monaco,MCO,Assets,0.000,2004
Monaco,MCO,Assets,0.000,2005
Monaco,MCO,Assets,0.000,2006
Monaco,MCO,Assets,0.000,2007
Monaco,MCO,Assets,0.000,2008
Monaco,MCO,Assets,0.000,2009
Monaco,MCO,Assets,0.000,2010
Monaco,MCO,Assets,0.000,2011
Monaco,MCO,Assets,0.000,2012
Monaco,MCO,Assets,0.000,2013
Monaco,MCO,Assets,0.000,2014
Monaco,MCO,Assets,0.000,2015
Monaco,MCO,Assets,0.000,2016
Monaco,MCO,Assets,0.000,2017
Monaco,MCO,Assets,0.000,2018
Monaco,MCO,Assets,0.000,2019
Monaco,MCO,Assets,0.000,2020
Monaco,MCO,Assets,0.000,2021
Monaco,MCO,Assets,0.000,2022
Monaco,MCO,Assets,0.000,2023
Monaco,MCO,Children 0-14,8.462,1960
Monaco,MCO,Children 0-14,8.462,1961
Monaco,MCO,Children 0-14,8.462,1962
Monaco,MCO,Children 0-14,8.462,1963
Monaco,MCO,Children 0-14,8.462,1964
Monaco,MCO,Children 0-14,8.462,1965
Monaco,MCO,Children 0-14,8.462,1966
Monaco,MCO,Children 0-14,8.462,1967
Monaco,MCO,Children 0-14,8.462,1968
Monaco,MCO,Children 0-14,8.462,1969
Monaco,MCO,Children 0-14,8.462,1970
Monaco,MCO,Children 0-14,11.538,1971
Monaco,MCO,Children 0-14,11.538,1972
Monaco,MCO,Children 0-14,8.462,1973
Monaco,MCO,Children 0-14,8.462,1974
Monaco,MCO,Children 0-14,10.769,1975
Monaco,MCO,Children 0-14,8.462,1976
Monaco,MCO,Children 0-14,8.462,1977
Monaco,MCO,Children 0-14,11.538,1978
Monaco,MCO,Children 0-14,8.462,1979
Monaco,MCO,Children 0-14,8.462,1980
Monaco,MCO,Children 0-14,8.462,1981
Monaco,MCO,Children 0-14,8.462,1982
Monaco,MCO,Children 0-14,9.231,1983
Monaco,MCO,Children 0-14,8.462,1984
Monaco,MCO,Children 0-14,13.077,1985
Monaco,MCO,Children 0-14,15.385,1986
Monaco,MCO,Children 0-14,15.385,1987
Monaco,MCO,Children 0-14,16.923,1988
Monaco,MCO,Children 0-14,16.923,1989
Monaco,MCO,Children 0-14,18.462,1990
Monaco,MCO,Children 0-14,25.385,1991
Monaco,MCO,Children 0-14,26.154,1992
Monaco,MCO,Children 0-14,18.462,1993
Monaco,MCO,Children 0-14,21.538,1994
Monaco,MCO,Children 0-14,21.538,1995
Monaco,MCO,Children 0-14,21.538,1996
Monaco,MCO,Children 0-14,21.538,1997
Monaco,MCO,Children 0-14,24.615,1998
Monaco,MCO,Children 0-14,21.538,1999
Monaco,MCO,Children 0-14,21.538,2000
Monaco,MCO,Children 0-14,19.231,2001
Monaco,MCO,Children 0-14,18.462,2002
Monaco,MCO,Children 0-14,18.462,2003
Monaco,MCO,Children 0-14,18.462,2004
Monaco,MCO,Children 0-14,18.462,2005
Monaco,MCO,Children 0-14,19.231,2006
Monaco,MCO,Children 0-14,18.462,2007
Monaco,MCO,Children 0-14,21.538,2008
Monaco,MCO,Children 0-14,22.308,2009
Monaco,MCO,Children 0-14,19.231,2010
Monaco,MCO,Children 0-14,19.231,2011
Monaco,MCO,Children 0-14,19.231,2012
Monaco,MCO,Children 0-14,19.231,2013
Monaco,MCO,Children 0-14,20.000,2014
Monaco,MCO,Children 0-14,19.231,2015
Monaco,MCO,Children 0-14,30.769,2016
Monaco,MCO,Children 0-14,20.000,2017
Monaco,MCO,Children 0-14,19.231,2018
Monaco,MCO,Children 0-14,19.231,2019
Monaco,MCO,Children 0-14,22.308,2020
Monaco,MCO,Children 0-14,18.462,2021
Monaco,MCO,Children 0-14,19.231,2022
Monaco,MCO,Children 0-14,9.231,2023
Monaco,MCO,Education,0.000,1960
Monaco,MCO,Education,0.000,1961
Monaco,MCO,Education,0.000,1962
Monaco,MCO,Education,0.000,1963
Monaco,MCO,Education,0.000,1964
Monaco,MCO,Education,0.000,1965
Monaco,MCO,Education,0.000,1966
Monaco,MCO,Education,0.000,1967
Monaco,MCO,Education,0.000,1968
Monaco,MCO,Education,0.000,1969
Monaco,MCO,Education,0.000,1970
Monaco,MCO,Education,4.294,1971
Monaco,MCO,Education,7.975,1972
Monaco,MCO,Education,1.227,1973
Monaco,MCO,Education,1.227,1974
Monaco,MCO,Education,3.681,1975
Monaco,MCO,Education,0.000,1976
Monaco,MCO,Education,0.613,1977
Monaco,MCO,Education,8.589,1978
Monaco,MCO,Education,0.000,1979
Monaco,MCO,Education,0.000,1980
Monaco,MCO,Education,0.000,1981
Monaco,MCO,Education,0.000,1982
Monaco,MCO,Education,2.454,1983
Monaco,MCO,Education,0.000,1984
Monaco,MCO,Education,0.000,1985
Monaco,MCO,Education,0.613,1986
Monaco,MCO,Education,0.000,1987
Monaco,MCO,Education,0.613,1988
Monaco,MCO,Education,0.613,1989
Monaco,MCO,Education,0.613,1990
Monaco,MCO,Education,11.043,1991
Monaco,MCO,Education,12.883,1992
Monaco,MCO,Education,0.613,1993
Monaco,MCO,Education,8.589,1994
Monaco,MCO,Education,9.202,1995
Monaco,MCO,Education,9.202,1996
Monaco,MCO,Education,10.429,1997
Monaco,MCO,Education,14.724,1998
Monaco,MCO,Education,13.497,1999
Monaco,MCO,Education,12.270,2000
Monaco,MCO,Education,7.975,2001
Monaco,MCO,Education,0.000,2002
Monaco,MCO,Education,0.000,2003
Monaco,MCO,Education,4.294,2004
Monaco,MCO,Education,0.000,2005
Monaco,MCO,Education,0.000,2006
Monaco,MCO,Education,0.000,2007
Monaco,MCO,Education,13.497,2008
Monaco,MCO,Education,13.497,2009
Monaco,MCO,Education,11.043,2010
Monaco,MCO,Education,9.202,2011
Monaco,MCO,Education,9.202,2012
Monaco,MCO,Education,11.043,2013
Monaco,MCO,Education,11.043,2014
Monaco,MCO,Education,7.975,2015
Monaco,MCO,Education,41.104,2016
Monaco,MCO,Education,13.497,2017
Monaco,MCO,Education,15.951,2018
Monaco,MCO,Education,15.951,2019
Monaco,MCO,Education,7.362,2020
Monaco,MCO,Education,3.067,2021
Monaco,MCO,Education,4.908,2022
Monaco,MCO,Education,2.454,2023
Monaco,MCO,Employment and Time Use,0.000,1960
Monaco,MCO,Employment and Time Use,0.000,1961
Monaco,MCO,Employment and Time Use,0.000,1962
Monaco,MCO,Employment and Time Use,0.000,1963
Monaco,MCO,Employment and Time Use,0.000,1964
Monaco,MCO,Employment and Time Use,0.000,1965
Monaco,MCO,Employment and Time Use,0.000,1966
Monaco,MCO,Employment and Time Use,0.000,1967
Monaco,MCO,Employment and Time Use,0.000,1968
Monaco,MCO,Employment and Time Use,0.000,1969
Monaco,MCO,Employment and Time Use,0.000,1970
Monaco,MCO,Employment and Time Use,0.000,1971
Monaco,MCO,Employment and Time Use,0.000,1972
Monaco,MCO,Employment and Time Use,0.000,1973
Monaco,MCO,Employment and Time Use,0.000,1974
Monaco,MCO,Employment and Time Use,0.000,1975
Monaco,MCO,Employment and Time Use,0.000,1976
Monaco,MCO,Employment and Time Use,0.000,1977
Monaco,MCO,Employment and Time Use,0.000,1978
Monaco,MCO,Employment and Time Use,0.000,1979
Monaco,MCO,Employment and Time Use,0.000,1980
Monaco,MCO,Employment and Time Use,0.000,1981
Monaco,MCO,Employment and Time Use,0.000,1982
Monaco,MCO,Employment and Time Use,0.000,1983
Monaco,MCO,Employment and Time Use,0.000,1984
Monaco,MCO,Employment and Time Use,0.000,1985
Monaco,MCO,Employment and Time Use,0.000,1986
Monaco,MCO,Employment and Time Use,0.000,1987
Monaco,MCO,Employment and Time Use,0.000,1988
Monaco,MCO,Employment and Time Use,0.000,1989
Monaco,MCO,Employment and Time Use,0.000,1990
Monaco,MCO,Employment and Time Use,0.000,1991
Monaco,MCO,Employment and Time Use,0.000,1992
Monaco,MCO,Employment and Time Use,0.000,1993
Monaco,MCO,Employment and Time Use,0.000,1994
Monaco,MCO,Employment and Time Use,0.000,1995
Monaco,MCO,Employment and Time Use,0.000,1996
Monaco,MCO,Employment and Time Use,0.000,1997
Monaco,MCO,Employment and Time Use,0.000,1998
Monaco,MCO,Employment and Time Use,0.000,1999
Monaco,MCO,Employment and Time Use,5.109,2000
Monaco,MCO,Employment and Time Use,0.000,2001
Monaco,MCO,Employment and Time Use,0.000,2002
Monaco,MCO,Employment and Time Use,0.000,2003
Monaco,MCO,Employment and Time Use,0.000,2004
Monaco,MCO,Employment and Time Use,0.000,2005
Monaco,MCO,Employment and Time Use,0.000,2006
Monaco,MCO,Employment and Time Use,0.000,2007
Monaco,MCO,Employment and Time Use,0.000,2008
Monaco,MCO,Employment and Time Use,0.000,2009
Monaco,MCO,Employment and Time Use,0.000,2010
Monaco,MCO,Employment and Time Use,0.000,2011
Monaco,MCO,Employment and Time Use,0.000,2012
Monaco,MCO,Employment and Time Use,0.000,2013
Monaco,MCO,Employment and Time Use,0.000,2014
Monaco,MCO,Employment and Time Use,0.000,2015
Monaco,MCO,Employment and Time Use,23.358,2016
Monaco,MCO,Employment and Time Use,0.000,2017
Monaco,MCO,Employment and Time Use,0.000,2018
Monaco,MCO,Employment and Time Use,0.000,2019
Monaco,MCO,Employment and Time Use,0.000,2020
Monaco,MCO,Employment and Time Use,0.000,2021
Monaco,MCO,Employment and Time Use,0.000,2022
Monaco,MCO,Employment and Time Use,0.000,2023
Monaco,MCO,Entrepreneurship,0.000,1960
Monaco,MCO,Entrepreneurship,0.000,1961
Monaco,MCO,Entrepreneurship,0.000,1962
Monaco,MCO,Entrepreneurship,0.000,1963
Monaco,MCO,Entrepreneurship,0.000,1964
Monaco,MCO,Entrepreneurship,0.000,1965
Monaco,MCO,Entrepreneurship,0.000,1966
Monaco,MCO,Entrepreneurship,0.000,1967
Monaco,MCO,Entrepreneurship,0.000,1968
Monaco,MCO,Entrepreneurship,0.000,1969
Monaco,MCO,Entrepreneurship,0.000,1970
Monaco,MCO,Entrepreneurship,0.000,1971
Monaco,MCO,Entrepreneurship,0.000,1972
Monaco,MCO,Entrepreneurship,0.000,1973
Monaco,MCO,Entrepreneurship,0.000,1974
Monaco,MCO,Entrepreneurship,0.000,1975
Monaco,MCO,Entrepreneurship,0.000,1976
Monaco,MCO,Entrepreneurship,0.000,1977
Monaco,MCO,Entrepreneurship,0.000,1978
Monaco,MCO,Entrepreneurship,0.000,1979
Monaco,MCO,Entrepreneurship,0.000,1980
Monaco,MCO,Entrepreneurship,0.000,1981
Monaco,MCO,Entrepreneurship,0.000,1982
Monaco,MCO,Entrepreneurship,0.000,1983
Monaco,MCO,Entrepreneurship,0.000,1984
Monaco,MCO,Entrepreneurship,0.000,1985
Monaco,MCO,Entrepreneurship,0.000,1986
Monaco,MCO,Entrepreneurship,0.000,1987
Monaco,MCO,Entrepreneurship,0.000,1988
Monaco,MCO,Entrepreneurship,0.000,1989
Monaco,MCO,Entrepreneurship,0.000,1990
Monaco,MCO,Entrepreneurship,0.000,1991
Monaco,MCO,Entrepreneurship,0.000,1992
Monaco,MCO,Entrepreneurship,0.000,1993
Monaco,MCO,Entrepreneurship,0.000,1994
Monaco,MCO,Entrepreneurship,0.000,1995
Monaco,MCO,Entrepreneurship,0.000,1996
Monaco,MCO,Entrepreneurship,0.000,1997
Monaco,MCO,Entrepreneurship,0.000,1998
Monaco,MCO,Entrepreneurship,0.000,1999
Monaco,MCO,Entrepreneurship,0.000,2000
Monaco,MCO,Entrepreneurship,0.000,2001
Monaco,MCO,Entrepreneurship,0.000,2002
Monaco,MCO,Entrepreneurship,0.000,2003
Monaco,MCO,Entrepreneurship,0.000,2004
Monaco,MCO,Entrepreneurship,0.000,2005
Monaco,MCO,Entrepreneurship,0.000,2006
Monaco,MCO,Entrepreneurship,0.000,2007
Monaco,MCO,Entrepreneurship,0.000,2008
Monaco,MCO,Entrepreneurship,0.000,2009
Monaco,MCO,Entrepreneurship,0.000,2010
Monaco,MCO,Entrepreneurship,0.000,2011
Monaco,MCO,Entrepreneurship,0.000,2012
Monaco,MCO,Entrepreneurship,0.000,2013
Monaco,MCO,Entrepreneurship,0.000,2014
Monaco,MCO,Entrepreneurship,0.000,2015
Monaco,MCO,Entrepreneurship,0.000,2016
Monaco,MCO,Entrepreneurship,0.000,2017
Monaco,MCO,Entrepreneurship,0.000,2018
Monaco,MCO,Entrepreneurship,0.000,2019
Monaco,MCO,Entrepreneurship,0.000,2020
Monaco,MCO,Entrepreneurship,0.000,2021
Monaco,MCO,Entrepreneurship,0.000,2022
Monaco,MCO,Entrepreneurship,0.000,2023
Monaco,MCO,Environment,0.000,1960
Monaco,MCO,Environment,0.000,1961
Monaco,MCO,Environment,0.000,1962
Monaco,MCO,Environment,0.000,1963
Monaco,MCO,Environment,0.000,1964
Monaco,MCO,Environment,0.000,1965
Monaco,MCO,Environment,0.000,1966
Monaco,MCO,Environment,0.000,1967
Monaco,MCO,Environment,0.000,1968
Monaco,MCO,Environment,0.000,1969
Monaco,MCO,Environment,0.000,1970
Monaco,MCO,Environment,0.000,1971
Monaco,MCO,Environment,0.000,1972
Monaco,MCO,Environment,0.000,1973
Monaco,MCO,Environment,0.000,1974
Monaco,MCO,Environment,0.000,1975
Monaco,MCO,Environment,0.000,1976
Monaco,MCO,Environment,0.000,1977
Monaco,MCO,Environment,0.000,1978
Monaco,MCO,Environment,0.000,1979
Monaco,MCO,Environment,0.000,1980
Monaco,MCO,Environment,0.000,1981
Monaco,MCO,Environment,0.000,1982
Monaco,MCO,Environment,0.000,1983
Monaco,MCO,Environment,0.000,1984
Monaco,MCO,Environment,0.000,1985
Monaco,MCO,Environment,0.000,1986
Monaco,MCO,Environment,0.000,1987
Monaco,MCO,Environment,0.000,1988
Monaco,MCO,Environment,0.000,1989
Monaco,MCO,Environment,0.000,1990
Monaco,MCO,Environment,0.000,1991
Monaco,MCO,Environment,0.000,1992
Monaco,MCO,Environment,0.000,1993
Monaco,MCO,Environment,0.000,1994
Monaco,MCO,Environment,0.000,1995
Monaco,MCO,Environment,0.000,1996
Monaco,MCO,Environment,0.000,1997
Monaco,MCO,Environment,0.000,1998
Monaco,MCO,Environment,0.000,1999
Monaco,MCO,Environment,6.667,2000
Monaco,MCO,Environment,6.667,2001
Monaco,MCO,Environment,6.667,2002
Monaco,MCO,Environment,6.667,2003
Monaco,MCO,Environment,6.667,2004
Monaco,MCO,Environment,6.667,2005
Monaco,MCO,Environment,6.667,2006
Monaco,MCO,Environment,6.667,2007
Monaco,MCO,Environment,6.667,2008
Monaco,MCO,Environment,6.667,2009
Monaco,MCO,Environment,6.667,2010
Monaco,MCO,Environment,6.667,2011
Monaco,MCO,Environment,6.667,2012
Monaco,MCO,Environment,6.667,2013
Monaco,MCO,Environment,6.667,2014
Monaco,MCO,Environment,6.667,2015
Monaco,MCO,Environment,6.667,2016
Monaco,MCO,Environment,6.667,2017
Monaco,MCO,Environment,6.667,2018
Monaco,MCO,Environment,6.667,2019
Monaco,MCO,Environment,6.667,2020
Monaco,MCO,Environment,6.667,2021
Monaco,MCO,Environment,6.667,2022
Monaco,MCO,Environment,0.000,2023
Monaco,MCO,Health,1.515,1960
Monaco,MCO,Health,1.515,1961
Monaco,MCO,Health,1.515,1962
Monaco,MCO,Health,1.515,1963
Monaco,MCO,Health,1.515,1964
Monaco,MCO,Health,1.515,1965
Monaco,MCO,Health,1.515,1966
Monaco,MCO,Health,1.515,1967
Monaco,MCO,Health,1.515,1968
Monaco,MCO,Health,1.515,1969
Monaco,MCO,Health,1.515,1970
Monaco,MCO,Health,1.515,1971
Monaco,MCO,Health,1.515,1972
Monaco,MCO,Health,1.515,1973
Monaco,MCO,Health,1.515,1974
Monaco,MCO,Health,1.515,1975
Monaco,MCO,Health,1.515,1976
Monaco,MCO,Health,1.515,1977
Monaco,MCO,Health,1.515,1978
Monaco,MCO,Health,1.515,1979
Monaco,MCO,Health,1.515,1980
Monaco,MCO,Health,1.515,1981
Monaco,MCO,Health,1.515,1982
Monaco,MCO,Health,1.515,1983
Monaco,MCO,Health,1.515,1984
Monaco,MCO,Health,4.545,1985
Monaco,MCO,Health,6.061,1986
Monaco,MCO,Health,6.061,1987
Monaco,MCO,Health,7.071,1988
Monaco,MCO,Health,7.071,1989
Monaco,MCO,Health,8.081,1990
Monaco,MCO,Health,8.081,1991
Monaco,MCO,Health,8.081,1992
Monaco,MCO,Health,8.081,1993
Monaco,MCO,Health,8.081,1994
Monaco,MCO,Health,8.081,1995
Monaco,MCO,Health,8.081,1996
Monaco,MCO,Health,8.081,1997
Monaco,MCO,Health,8.081,1998
Monaco,MCO,Health,8.081,1999
Monaco,MCO,Health,11.616,2000
Monaco,MCO,Health,11.616,2001
Monaco,MCO,Health,11.616,2002
Monaco,MCO,Health,11.616,2003
Monaco,MCO,Health,11.616,2004
Monaco,MCO,Health,11.616,2005
Monaco,MCO,Health,11.616,2006
Monaco,MCO,Health,11.616,2007
Monaco,MCO,Health,11.616,2008
Monaco,MCO,Health,11.616,2009
Monaco,MCO,Health,11.616,2010
Monaco,MCO,Health,11.616,2011
Monaco,MCO,Health,11.616,2012
Monaco,MCO,Health,12.121,2013
Monaco,MCO,Health,11.616,2014
Monaco,MCO,Health,11.616,2015
Monaco,MCO,Health,11.616,2016
Monaco,MCO,Health,11.616,2017
Monaco,MCO,Health,11.616,2018
Monaco,MCO,Health,11.616,2019
Monaco,MCO,Health,10.101,2020
Monaco,MCO,Health,10.101,2021
Monaco,MCO,Health,9.091,2022
Monaco,MCO,Health,1.010,2023
Monaco,MCO,Leadership,0.000,1960
Monaco,MCO,Leadership,0.000,1961
Monaco,MCO,Leadership,0.000,1962
Monaco,MCO,Leadership,0.000,1963
Monaco,MCO,Leadership,0.000,1964
Monaco,MCO,Leadership,0.000,1965
Monaco,MCO,Leadership,0.000,1966
Monaco,MCO,Leadership,0.000,1967
Monaco,MCO,Leadership,0.000,1968
Monaco,MCO,Leadership,0.000,1969
Monaco,MCO,Leadership,0.000,1970
Monaco,MCO,Leadership,0.000,1971
Monaco,MCO,Leadership,0.000,1972
Monaco,MCO,Leadership,0.000,1973
Monaco,MCO,Leadership,0.000,1974
Monaco,MCO,Leadership,0.000,1975
Monaco,MCO,Leadership,0.000,1976
Monaco,MCO,Leadership,0.000,1977
Monaco,MCO,Leadership,0.000,1978
Monaco,MCO,Leadership,0.000,1979
Monaco,MCO,Leadership,0.000,1980
Monaco,MCO,Leadership,0.000,1981
Monaco,MCO,Leadership,0.000,1982
Monaco,MCO,Leadership,0.000,1983
Monaco,MCO,Leadership,0.000,1984
Monaco,MCO,Leadership,0.000,1985
Monaco,MCO,Leadership,0.000,1986
Monaco,MCO,Leadership,0.000,1987
Monaco,MCO,Leadership,0.000,1988
Monaco,MCO,Leadership,0.000,1989
Monaco,MCO,Leadership,0.000,1990
Monaco,MCO,Leadership,0.000,1991
Monaco,MCO,Leadership,0.000,1992
Monaco,MCO,Leadership,0.000,1993
Monaco,MCO,Leadership,0.000,1994
Monaco,MCO,Leadership,0.000,1995
Monaco,MCO,Leadership,0.000,1996
Monaco,MCO,Leadership,25.000,1997
Monaco,MCO,Leadership,25.000,1998
Monaco,MCO,Leadership,25.000,1999
Monaco,MCO,Leadership,25.000,2000
Monaco,MCO,Leadership,25.000,2001
Monaco,MCO,Leadership,25.000,2002
Monaco,MCO,Leadership,25.000,2003
Monaco,MCO,Leadership,25.000,2004
Monaco,MCO,Leadership,50.000,2005
Monaco,MCO,Leadership,25.000,2006
Monaco,MCO,Leadership,25.000,2007
Monaco,MCO,Leadership,50.000,2008
Monaco,MCO,Leadership,25.000,2009
Monaco,MCO,Leadership,50.000,2010
Monaco,MCO,Leadership,25.000,2011
Monaco,MCO,Leadership,50.000,2012
Monaco,MCO,Leadership,25.000,2013
Monaco,MCO,Leadership,50.000,2014
Monaco,MCO,Leadership,50.000,2015
Monaco,MCO,Leadership,50.000,2016
Monaco,MCO,Leadership,25.000,2017
Monaco,MCO,Leadership,50.000,2018
Monaco,MCO,Leadership,50.000,2019
Monaco,MCO,Leadership,50.000,2020
Monaco,MCO,Leadership,25.000,2021
Monaco,MCO,Leadership,50.000,2022
Monaco,MCO,Leadership,25.000,2023
Monaco,MCO,Norms and Decision-making,0.000,1960
Monaco,MCO,Norms and Decision-making,0.000,1961
Monaco,MCO,Norms and Decision-making,0.000,1962
Monaco,MCO,Norms and Decision-making,0.000,1963
Monaco,MCO,Norms and Decision-making,0.000,1964
Monaco,MCO,Norms and Decision-making,0.000,1965
Monaco,MCO,Norms and Decision-making,0.000,1966
Monaco,MCO,Norms and Decision-making,0.000,1967
Monaco,MCO,Norms and Decision-making,0.000,1968
Monaco,MCO,Norms and Decision-making,0.000,1969
Monaco,MCO,Norms and Decision-making,0.000,1970
Monaco,MCO,Norms and Decision-making,0.000,1971
Monaco,MCO,Norms and Decision-making,0.000,1972
Monaco,MCO,Norms and Decision-making,0.000,1973
Monaco,MCO,Norms and Decision-making,0.000,1974
Monaco,MCO,Norms and Decision-making,1.481,1975
Monaco,MCO,Norms and Decision-making,0.000,1976
Monaco,MCO,Norms and Decision-making,0.000,1977
Monaco,MCO,Norms and Decision-making,0.000,1978
Monaco,MCO,Norms and Decision-making,0.000,1979
Monaco,MCO,Norms and Decision-making,0.000,1980
Monaco,MCO,Norms and Decision-making,0.000,1981
Monaco,MCO,Norms and Decision-making,1.481,1982
Monaco,MCO,Norms and Decision-making,0.000,1983
Monaco,MCO,Norms and Decision-making,0.000,1984
Monaco,MCO,Norms and Decision-making,0.000,1985
Monaco,MCO,Norms and Decision-making,0.000,1986
Monaco,MCO,Norms and Decision-making,0.000,1987
Monaco,MCO,Norms and Decision-making,0.000,1988
Monaco,MCO,Norms and Decision-making,0.000,1989
Monaco,MCO,Norms and Decision-making,0.000,1990
Monaco,MCO,Norms and Decision-making,0.000,1991
Monaco,MCO,Norms and Decision-making,0.000,1992
Monaco,MCO,Norms and Decision-making,0.000,1993
Monaco,MCO,Norms and Decision-making,0.000,1994
Monaco,MCO,Norms and Decision-making,0.000,1995
Monaco,MCO,Norms and Decision-making,0.000,1996
Monaco,MCO,Norms and Decision-making,0.000,1997
Monaco,MCO,Norms and Decision-making,0.000,1998
Monaco,MCO,Norms and Decision-making,0.000,1999
Monaco,MCO,Norms and Decision-making,1.481,2000
Monaco,MCO,Norms and Decision-making,0.000,2001
Monaco,MCO,Norms and Decision-making,0.000,2002
Monaco,MCO,Norms and Decision-making,0.000,2003
Monaco,MCO,Norms and Decision-making,0.000,2004
Monaco,MCO,Norms and Decision-making,0.000,2005
Monaco,MCO,Norms and Decision-making,0.000,2006
Monaco,MCO,Norms and Decision-making,0.000,2007
Monaco,MCO,Norms and Decision-making,1.481,2008
Monaco,MCO,Norms and Decision-making,0.000,2009
Monaco,MCO,Norms and Decision-making,0.000,2010
Monaco,MCO,Norms and Decision-making,0.000,2011
Monaco,MCO,Norms and Decision-making,0.000,2012
Monaco,MCO,Norms and Decision-making,0.000,2013
Monaco,MCO,Norms and Decision-making,0.000,2014
Monaco,MCO,Norms and Decision-making,0.000,2015
Monaco,MCO,Norms and Decision-making,0.000,2016
Monaco,MCO,Norms and Decision-making,0.000,2017
Monaco,MCO,Norms and Decision-making,0.000,2018
Monaco,MCO,Norms and Decision-making,0.000,2019
Monaco,MCO,Norms and Decision-making,0.000,2020
Monaco,MCO,Norms and Decision-making,0.000,2021
Monaco,MCO,Norms and Decision-making,0.000,2022
Monaco,MCO,Norms and Decision-making,0.000,2023
Monaco,MCO,Population,80.952,1960
Monaco,MCO,Population,80.952,1961
Monaco,MCO,Population,80.952,1962
Monaco,MCO,Population,80.952,1963
Monaco,MCO,Population,80.952,1964
Monaco,MCO,Population,80.952,1965
Monaco,MCO,Population,80.952,1966
Monaco,MCO,Population,80.952,1967
Monaco,MCO,Population,80.952,1968
Monaco,MCO,Population,80.952,1969
Monaco,MCO,Population,80.952,1970
Monaco,MCO,Population,80.952,1971
Monaco,MCO,Population,80.952,1972
Monaco,MCO,Population,80.952,1973
Monaco,MCO,Population,80.952,1974
Monaco,MCO,Population,83.333,1975
Monaco,MCO,Population,80.952,1976
Monaco,MCO,Population,80.952,1977
Monaco,MCO,Population,80.952,1978
Monaco,MCO,Population,80.952,1979
Monaco,MCO,Population,80.952,1980
Monaco,MCO,Population,80.952,1981
Monaco,MCO,Population,83.333,1982
Monaco,MCO,Population,80.952,1983
Monaco,MCO,Population,80.952,1984
Monaco,MCO,Population,80.952,1985
Monaco,MCO,Population,80.952,1986
Monaco,MCO,Population,80.952,1987
Monaco,MCO,Population,80.952,1988
Monaco,MCO,Population,80.952,1989
Monaco,MCO,Population,82.143,1990
Monaco,MCO,Population,80.952,1991
Monaco,MCO,Population,80.952,1992
Monaco,MCO,Population,80.952,1993
Monaco,MCO,Population,80.952,1994
Monaco,MCO,Population,82.143,1995
Monaco,MCO,Population,80.952,1996
Monaco,MCO,Population,80.952,1997
Monaco,MCO,Population,80.952,1998
Monaco,MCO,Population,80.952,1999
Monaco,MCO,Population,84.524,2000
Monaco,MCO,Population,80.952,2001
Monaco,MCO,Population,80.952,2002
Monaco,MCO,Population,80.952,2003
Monaco,MCO,Population,82.143,2004
Monaco,MCO,Population,82.143,2005
Monaco,MCO,Population,82.143,2006
Monaco,MCO,Population,80.952,2007
Monaco,MCO,Population,83.333,2008
Monaco,MCO,Population,80.952,2009
Monaco,MCO,Population,82.143,2010
Monaco,MCO,Population,80.952,2011
Monaco,MCO,Population,80.952,2012
Monaco,MCO,Population,80.952,2013
Monaco,MCO,Population,82.143,2014
Monaco,MCO,Population,83.333,2015
Monaco,MCO,Population,82.143,2016
Monaco,MCO,Population,82.143,2017
Monaco,MCO,Population,82.143,2018
Monaco,MCO,Population,80.952,2019
Monaco,MCO,Population,84.524,2020
Monaco,MCO,Population,80.952,2021
Monaco,MCO,Population,82.143,2022
Monaco,MCO,Population,77.381,2023
Monaco,MCO,SDGs,0.671,1960
Monaco,MCO,SDGs,0.671,1961
Monaco,MCO,SDGs,0.671,1962
Monaco,MCO,SDGs,0.671,1963
Monaco,MCO,SDGs,0.671,1964
Monaco,MCO,SDGs,0.671,1965
Monaco,MCO,SDGs,0.671,1966
Monaco,MCO,SDGs,0.671,1967
Monaco,MCO,SDGs,0.671,1968
Monaco,MCO,SDGs,0.671,1969
Monaco,MCO,SDGs,0.671,1970
Monaco,MCO,SDGs,0.671,1971
Monaco,MCO,SDGs,0.671,1972
Monaco,MCO,SDGs,0.671,1973
Monaco,MCO,SDGs,0.671,1974
Monaco,MCO,SDGs,0.671,1975
Monaco,MCO,SDGs,0.671,1976
Monaco,MCO,SDGs,0.671,1977
Monaco,MCO,SDGs,0.671,1978
Monaco,MCO,SDGs,0.671,1979
Monaco,MCO,SDGs,0.671,1980
Monaco,MCO,SDGs,0.671,1981
Monaco,MCO,SDGs,0.671,1982
Monaco,MCO,SDGs,0.671,1983
Monaco,MCO,SDGs,0.671,1984
Monaco,MCO,SDGs,2.685,1985
Monaco,MCO,SDGs,2.685,1986
Monaco,MCO,SDGs,2.685,1987
Monaco,MCO,SDGs,3.356,1988
Monaco,MCO,SDGs,3.356,1989
Monaco,MCO,SDGs,3.356,1990
Monaco,MCO,SDGs,3.356,1991
Monaco,MCO,SDGs,3.356,1992
Monaco,MCO,SDGs,3.356,1993
Monaco,MCO,SDGs,3.356,1994
Monaco,MCO,SDGs,3.356,1995
Monaco,MCO,SDGs,3.356,1996
Monaco,MCO,SDGs,4.027,1997
Monaco,MCO,SDGs,4.027,1998
Monaco,MCO,SDGs,4.027,1999
Monaco,MCO,SDGs,9.396,2000
Monaco,MCO,SDGs,5.369,2001
Monaco,MCO,SDGs,5.369,2002
Monaco,MCO,SDGs,5.369,2003
Monaco,MCO,SDGs,5.369,2004
Monaco,MCO,SDGs,5.369,2005
Monaco,MCO,SDGs,5.369,2006
Monaco,MCO,SDGs,5.369,2007
Monaco,MCO,SDGs,5.369,2008
Monaco,MCO,SDGs,5.369,2009
Monaco,MCO,SDGs,5.369,2010
Monaco,MCO,SDGs,5.369,2011
Monaco,MCO,SDGs,5.369,2012
Monaco,MCO,SDGs,6.040,2013
Monaco,MCO,SDGs,5.369,2014
Monaco,MCO,SDGs,5.369,2015
Monaco,MCO,SDGs,9.396,2016
Monaco,MCO,SDGs,5.369,2017
Monaco,MCO,SDGs,5.369,2018
Monaco,MCO,SDGs,5.369,2019
Monaco,MCO,SDGs,5.369,2020
Monaco,MCO,SDGs,5.369,2021
Monaco,MCO,SDGs,5.369,2022
Monaco,MCO,SDGs,1.342,2023
Monaco,MCO,Technology,0.000,1960
Monaco,MCO,Technology,0.000,1961
Monaco,MCO,Technology,0.000,1962
Monaco,MCO,Technology,0.000,1963
Monaco,MCO,Technology,0.000,1964
Monaco,MCO,Technology,0.000,1965
Monaco,MCO,Technology,0.000,1966
Monaco,MCO,Technology,0.000,1967
Monaco,MCO,Technology,0.000,1968
Monaco,MCO,Technology,0.000,1969
Monaco,MCO,Technology,0.000,1970
Monaco,MCO,Technology,0.000,1971
Monaco,MCO,Technology,0.000,1972
Monaco,MCO,Technology,0.000,1973
Monaco,MCO,Technology,0.000,1974
Monaco,MCO,Technology,0.000,1975
Monaco,MCO,Technology,0.000,1976
Monaco,MCO,Technology,0.000,1977
Monaco,MCO,Technology,0.000,1978
Monaco,MCO,Technology,0.000,1979
Monaco,MCO,Technology,0.000,1980
Monaco,MCO,Technology,0.000,1981
Monaco,MCO,Technology,0.000,1982
Monaco,MCO,Technology,0.000,1983
Monaco,MCO,Technology,0.000,1984
Monaco,MCO,Technology,0.000,1985
Monaco,MCO,Technology,0.000,1986
Monaco,MCO,Technology,0.000,1987
Monaco,MCO,Technology,0.000,1988
Monaco,MCO,Technology,0.000,1989
Monaco,MCO,Technology,2.222,1990
Monaco,MCO,Technology,2.222,1991
Monaco,MCO,Technology,2.222,1992
Monaco,MCO,Technology,2.222,1993
Monaco,MCO,Technology,2.222,1994
Monaco,MCO,Technology,2.222,1995
Monaco,MCO,Technology,0.000,1996
Monaco,MCO,Technology,0.000,1997
Monaco,MCO,Technology,0.000,1998
Monaco,MCO,Technology,0.000,1999
Monaco,MCO,Technology,2.222,2000
Monaco,MCO,Technology,2.222,2001
Monaco,MCO,Technology,2.222,2002
Monaco,MCO,Technology,2.222,2003
Monaco,MCO,Technology,2.222,2004
Monaco,MCO,Technology,2.222,2005
Monaco,MCO,Technology,2.222,2006
Monaco,MCO,Technology,2.222,2007
Monaco,MCO,Technology,2.222,2008
Monaco,MCO,Technology,2.222,2009
Monaco,MCO,Technology,2.222,2010
Monaco,MCO,Technology,2.222,2011
Monaco,MCO,Technology,2.222,2012
Monaco,MCO,Technology,2.222,2013
Monaco,MCO,Technology,2.222,2014
Monaco,MCO,Technology,2.222,2015
Monaco,MCO,Technology,2.222,2016
Monaco,MCO,Technology,2.222,2017
Monaco,MCO,Technology,2.222,2018
Monaco,MCO,Technology,2.222,2019
Monaco,MCO,Technology,2.222,2020
Monaco,MCO,Technology,2.222,2021
Monaco,MCO,Technology,2.222,2022
Monaco,MCO,Technology,0.000,2023
Monaco,MCO,Violence,0.000,1960
Monaco,MCO,Violence,0.000,1961
Monaco,MCO,Violence,0.000,1962
Monaco,MCO,Violence,0.000,1963
Monaco,MCO,Violence,0.000,1964
Monaco,MCO,Violence,0.000,1965
Monaco,MCO,Violence,0.000,1966
Monaco,MCO,Violence,0.000,1967
Monaco,MCO,Violence,0.000,1968
Monaco,MCO,Violence,0.000,1969
Monaco,MCO,Violence,0.000,1970
Monaco,MCO,Violence,0.000,1971
Monaco,MCO,Violence,0.000,1972
Monaco,MCO,Violence,0.000,1973
Monaco,MCO,Violence,0.000,1974
Monaco,MCO,Violence,0.000,1975
Monaco,MCO,Violence,0.000,1976
Monaco,MCO,Violence,0.000,1977
Monaco,MCO,Violence,0.000,1978
Monaco,MCO,Violence,0.000,1979
Monaco,MCO,Violence,0.000,1980
Monaco,MCO,Violence,0.000,1981
Monaco,MCO,Violence,0.000,1982
Monaco,MCO,Violence,0.000,1983
Monaco,MCO,Violence,0.000,1984
Monaco,MCO,Violence,0.000,1985
Monaco,MCO,Violence,0.000,1986
Monaco,MCO,Violence,0.000,1987
Monaco,MCO,Violence,0.000,1988
Monaco,MCO,Violence,0.000,1989
Monaco,MCO,Violence,0.000,1990
Monaco,MCO,Violence,0.000,1991
Monaco,MCO,Violence,0.000,1992
Monaco,MCO,Violence,0.000,1993
Monaco,MCO,Violence,0.000,1994
Monaco,MCO,Violence,0.000,1995
Monaco,MCO,Violence,0.000,1996
Monaco,MCO,Violence,0.000,1997
Monaco,MCO,Violence,0.000,1998
Monaco,MCO,Violence,0.000,1999
Monaco,MCO,Violence,0.000,2000
Monaco,MCO,Violence,0.714,2001
Monaco,MCO,Violence,0.000,2002
Monaco,MCO,Violence,0.000,2003
Monaco,MCO,Violence,0.000,2004
Monaco,MCO,Violence,0.000,2005
Monaco,MCO,Violence,0.000,2006
Monaco,MCO,Violence,0.714,2007
Monaco,MCO,Violence,0.714,2008
Monaco,MCO,Violence,0.000,2009
Monaco,MCO,Violence,0.000,2010
Monaco,MCO,Violence,0.000,2011
Monaco,MCO,Violence,0.000,2012
Monaco,MCO,Violence,1.429,2013
Monaco,MCO,Violence,0.000,2014
Monaco,MCO,Violence,1.429,2015
Monaco,MCO,Violence,0.000,2016
Monaco,MCO,Violence,0.000,2017
Monaco,MCO,Violence,0.000,2018
Monaco,MCO,Violence,0.000,2019
Monaco,MCO,Violence,0.000,2020
Monaco,MCO,Violence,0.000,2021
Monaco,MCO,Violence,0.000,2022
Monaco,MCO,Violence,0.000,2023
Monaco,MCO,Youth 15-24,4.587,1960
Monaco,MCO,Youth 15-24,4.587,1961
Monaco,MCO,Youth 15-24,4.587,1962
Monaco,MCO,Youth 15-24,4.587,1963
Monaco,MCO,Youth 15-24,4.587,1964
Monaco,MCO,Youth 15-24,4.587,1965
Monaco,MCO,Youth 15-24,4.587,1966
Monaco,MCO,Youth 15-24,4.587,1967
Monaco,MCO,Youth 15-24,4.587,1968
Monaco,MCO,Youth 15-24,4.587,1969
Monaco,MCO,Youth 15-24,4.587,1970
Monaco,MCO,Youth 15-24,7.339,1971
Monaco,MCO,Youth 15-24,12.844,1972
Monaco,MCO,Youth 15-24,6.422,1973
Monaco,MCO,Youth 15-24,6.422,1974
Monaco,MCO,Youth 15-24,7.339,1975
Monaco,MCO,Youth 15-24,4.587,1976
Monaco,MCO,Youth 15-24,5.505,1977
Monaco,MCO,Youth 15-24,12.844,1978
Monaco,MCO,Youth 15-24,4.587,1979
Monaco,MCO,Youth 15-24,4.587,1980
Monaco,MCO,Youth 15-24,4.587,1981
Monaco,MCO,Youth 15-24,4.587,1982
Monaco,MCO,Youth 15-24,7.339,1983
Monaco,MCO,Youth 15-24,4.587,1984
Monaco,MCO,Youth 15-24,4.587,1985
Monaco,MCO,Youth 15-24,5.505,1986
Monaco,MCO,Youth 15-24,4.587,1987
Monaco,MCO,Youth 15-24,4.587,1988
Monaco,MCO,Youth 15-24,4.587,1989
Monaco,MCO,Youth 15-24,5.505,1990
Monaco,MCO,Youth 15-24,12.844,1991
Monaco,MCO,Youth 15-24,12.844,1992
Monaco,MCO,Youth 15-24,5.505,1993
Monaco,MCO,Youth 15-24,12.844,1994
Monaco,MCO,Youth 15-24,12.844,1995
Monaco,MCO,Youth 15-24,12.844,1996
Monaco,MCO,Youth 15-24,12.844,1997
Monaco,MCO,Youth 15-24,16.514,1998
Monaco,MCO,Youth 15-24,16.514,1999
Monaco,MCO,Youth 15-24,20.183,2000
Monaco,MCO,Youth 15-24,13.761,2001
Monaco,MCO,Youth 15-24,4.587,2002
Monaco,MCO,Youth 15-24,4.587,2003
Monaco,MCO,Youth 15-24,7.339,2004
Monaco,MCO,Youth 15-24,4.587,2005
Monaco,MCO,Youth 15-24,4.587,2006
Monaco,MCO,Youth 15-24,4.587,2007
Monaco,MCO,Youth 15-24,20.183,2008
Monaco,MCO,Youth 15-24,17.431,2009
Monaco,MCO,Youth 15-24,17.431,2010
Monaco,MCO,Youth 15-24,14.679,2011
Monaco,MCO,Youth 15-24,14.679,2012
Monaco,MCO,Youth 15-24,17.431,2013
Monaco,MCO,Youth 15-24,17.431,2014
Monaco,MCO,Youth 15-24,13.761,2015
Monaco,MCO,Youth 15-24,42.202,2016
Monaco,MCO,Youth 15-24,18.349,2017
Monaco,MCO,Youth 15-24,22.936,2018
Monaco,MCO,Youth 15-24,22.018,2019
Monaco,MCO,Youth 15-24,7.339,2020
Monaco,MCO,Youth 15-24,5.505,2021
Monaco,MCO,Youth 15-24,5.505,2022
Monaco,MCO,Youth 15-24,4.587,2023
