Country Name,Country Code,Topic,% of available indicators,Year
Bolivia,BOL,Assets,0.000,1960
Bolivia,BOL,Assets,0.000,1961
Bolivia,BOL,Assets,0.000,1962
Bolivia,BOL,Assets,0.000,1963
Bolivia,BOL,Assets,0.000,1964
Bolivia,BOL,Assets,0.000,1965
Bolivia,BOL,Assets,0.000,1966
Bolivia,BOL,Assets,0.000,1967
Bolivia,BOL,Assets,0.000,1968
Bolivia,BOL,Assets,0.000,1969
Bolivia,BOL,Assets,2.208,1970
Bolivia,BOL,Assets,2.208,1971
Bolivia,BOL,Assets,2.208,1972
Bolivia,BOL,Assets,2.208,1973
Bolivia,BOL,Assets,2.208,1974
Bolivia,BOL,Assets,2.208,1975
Bolivia,BOL,Assets,2.208,1976
Bolivia,BOL,Assets,2.208,1977
Bolivia,BOL,Assets,2.208,1978
Bolivia,BOL,Assets,2.208,1979
Bolivia,BOL,Assets,2.208,1980
Bolivia,BOL,Assets,2.208,1981
Bolivia,BOL,Assets,2.208,1982
Bolivia,BOL,Assets,2.208,1983
Bolivia,BOL,Assets,2.208,1984
Bolivia,BOL,Assets,2.208,1985
Bolivia,BOL,Assets,2.208,1986
Bolivia,BOL,Assets,2.208,1987
Bolivia,BOL,Assets,2.208,1988
Bolivia,BOL,Assets,2.208,1989
Bolivia,BOL,Assets,2.208,1990
Bolivia,BOL,Assets,2.208,1991
Bolivia,BOL,Assets,2.208,1992
Bolivia,BOL,Assets,2.208,1993
Bolivia,BOL,Assets,2.208,1994
Bolivia,BOL,Assets,2.208,1995
Bolivia,BOL,Assets,2.208,1996
Bolivia,BOL,Assets,2.208,1997
Bolivia,BOL,Assets,2.208,1998
Bolivia,BOL,Assets,2.208,1999
Bolivia,BOL,Assets,2.208,2000
Bolivia,BOL,Assets,2.208,2001
Bolivia,BOL,Assets,2.208,2002
Bolivia,BOL,Assets,2.208,2003
Bolivia,BOL,Assets,2.208,2004
Bolivia,BOL,Assets,2.208,2005
Bolivia,BOL,Assets,2.208,2006
Bolivia,BOL,Assets,2.208,2007
Bolivia,BOL,Assets,2.208,2008
Bolivia,BOL,Assets,2.208,2009
Bolivia,BOL,Assets,2.208,2010
Bolivia,BOL,Assets,11.672,2011
Bolivia,BOL,Assets,2.208,2012
Bolivia,BOL,Assets,2.208,2013
Bolivia,BOL,Assets,31.546,2014
Bolivia,BOL,Assets,2.208,2015
Bolivia,BOL,Assets,2.208,2016
Bolivia,BOL,Assets,34.069,2017
Bolivia,BOL,Assets,2.208,2018
Bolivia,BOL,Assets,2.208,2019
Bolivia,BOL,Assets,2.208,2020
Bolivia,BOL,Assets,63.091,2021
Bolivia,BOL,Assets,2.208,2022
Bolivia,BOL,Assets,2.208,2023
Bolivia,BOL,Children 0-14,15.385,1960
Bolivia,BOL,Children 0-14,17.692,1961
Bolivia,BOL,Children 0-14,17.692,1962
Bolivia,BOL,Children 0-14,17.692,1963
Bolivia,BOL,Children 0-14,17.692,1964
Bolivia,BOL,Children 0-14,19.231,1965
Bolivia,BOL,Children 0-14,19.231,1966
Bolivia,BOL,Children 0-14,19.231,1967
Bolivia,BOL,Children 0-14,19.231,1968
Bolivia,BOL,Children 0-14,19.231,1969
Bolivia,BOL,Children 0-14,23.846,1970
Bolivia,BOL,Children 0-14,25.385,1971
Bolivia,BOL,Children 0-14,22.308,1972
Bolivia,BOL,Children 0-14,24.615,1973
Bolivia,BOL,Children 0-14,23.846,1974
Bolivia,BOL,Children 0-14,23.077,1975
Bolivia,BOL,Children 0-14,25.385,1976
Bolivia,BOL,Children 0-14,23.077,1977
Bolivia,BOL,Children 0-14,23.077,1978
Bolivia,BOL,Children 0-14,23.077,1979
Bolivia,BOL,Children 0-14,26.923,1980
Bolivia,BOL,Children 0-14,25.385,1981
Bolivia,BOL,Children 0-14,21.538,1982
Bolivia,BOL,Children 0-14,25.385,1983
Bolivia,BOL,Children 0-14,26.923,1984
Bolivia,BOL,Children 0-14,20.769,1985
Bolivia,BOL,Children 0-14,26.923,1986
Bolivia,BOL,Children 0-14,25.385,1987
Bolivia,BOL,Children 0-14,22.308,1988
Bolivia,BOL,Children 0-14,33.846,1989
Bolivia,BOL,Children 0-14,30.769,1990
Bolivia,BOL,Children 0-14,30.769,1991
Bolivia,BOL,Children 0-14,35.385,1992
Bolivia,BOL,Children 0-14,30.000,1993
Bolivia,BOL,Children 0-14,38.462,1994
Bolivia,BOL,Children 0-14,30.000,1995
Bolivia,BOL,Children 0-14,30.000,1996
Bolivia,BOL,Children 0-14,30.000,1997
Bolivia,BOL,Children 0-14,52.308,1998
Bolivia,BOL,Children 0-14,38.462,1999
Bolivia,BOL,Children 0-14,56.154,2000
Bolivia,BOL,Children 0-14,43.077,2001
Bolivia,BOL,Children 0-14,44.615,2002
Bolivia,BOL,Children 0-14,54.615,2003
Bolivia,BOL,Children 0-14,42.308,2004
Bolivia,BOL,Children 0-14,44.615,2005
Bolivia,BOL,Children 0-14,42.308,2006
Bolivia,BOL,Children 0-14,42.308,2007
Bolivia,BOL,Children 0-14,61.538,2008
Bolivia,BOL,Children 0-14,50.769,2009
Bolivia,BOL,Children 0-14,60.000,2010
Bolivia,BOL,Children 0-14,50.769,2011
Bolivia,BOL,Children 0-14,62.308,2012
Bolivia,BOL,Children 0-14,53.077,2013
Bolivia,BOL,Children 0-14,50.769,2014
Bolivia,BOL,Children 0-14,66.923,2015
Bolivia,BOL,Children 0-14,63.077,2016
Bolivia,BOL,Children 0-14,50.769,2017
Bolivia,BOL,Children 0-14,50.769,2018
Bolivia,BOL,Children 0-14,53.846,2019
Bolivia,BOL,Children 0-14,38.462,2020
Bolivia,BOL,Children 0-14,32.308,2021
Bolivia,BOL,Children 0-14,36.923,2022
Bolivia,BOL,Children 0-14,23.846,2023
Bolivia,BOL,Education,0.000,1960
Bolivia,BOL,Education,0.000,1961
Bolivia,BOL,Education,0.000,1962
Bolivia,BOL,Education,0.000,1963
Bolivia,BOL,Education,0.000,1964
Bolivia,BOL,Education,0.000,1965
Bolivia,BOL,Education,0.000,1966
Bolivia,BOL,Education,0.000,1967
Bolivia,BOL,Education,0.000,1968
Bolivia,BOL,Education,0.000,1969
Bolivia,BOL,Education,5.521,1970
Bolivia,BOL,Education,11.656,1971
Bolivia,BOL,Education,5.521,1972
Bolivia,BOL,Education,6.135,1973
Bolivia,BOL,Education,3.681,1974
Bolivia,BOL,Education,4.908,1975
Bolivia,BOL,Education,15.337,1976
Bolivia,BOL,Education,3.067,1977
Bolivia,BOL,Education,3.067,1978
Bolivia,BOL,Education,3.067,1979
Bolivia,BOL,Education,4.908,1980
Bolivia,BOL,Education,3.681,1981
Bolivia,BOL,Education,0.613,1982
Bolivia,BOL,Education,3.681,1983
Bolivia,BOL,Education,4.908,1984
Bolivia,BOL,Education,0.000,1985
Bolivia,BOL,Education,4.908,1986
Bolivia,BOL,Education,3.681,1987
Bolivia,BOL,Education,0.613,1988
Bolivia,BOL,Education,6.748,1989
Bolivia,BOL,Education,9.202,1990
Bolivia,BOL,Education,9.202,1991
Bolivia,BOL,Education,25.153,1992
Bolivia,BOL,Education,9.202,1993
Bolivia,BOL,Education,9.202,1994
Bolivia,BOL,Education,9.202,1995
Bolivia,BOL,Education,7.362,1996
Bolivia,BOL,Education,7.362,1997
Bolivia,BOL,Education,22.699,1998
Bolivia,BOL,Education,26.380,1999
Bolivia,BOL,Education,35.583,2000
Bolivia,BOL,Education,43.558,2001
Bolivia,BOL,Education,36.196,2002
Bolivia,BOL,Education,28.834,2003
Bolivia,BOL,Education,36.196,2004
Bolivia,BOL,Education,36.196,2005
Bolivia,BOL,Education,39.877,2006
Bolivia,BOL,Education,40.491,2007
Bolivia,BOL,Education,44.172,2008
Bolivia,BOL,Education,50.920,2009
Bolivia,BOL,Education,35.583,2010
Bolivia,BOL,Education,59.509,2011
Bolivia,BOL,Education,59.509,2012
Bolivia,BOL,Education,55.215,2013
Bolivia,BOL,Education,58.896,2014
Bolivia,BOL,Education,59.509,2015
Bolivia,BOL,Education,55.215,2016
Bolivia,BOL,Education,55.215,2017
Bolivia,BOL,Education,53.374,2018
Bolivia,BOL,Education,36.196,2019
Bolivia,BOL,Education,36.810,2020
Bolivia,BOL,Education,28.834,2021
Bolivia,BOL,Education,30.061,2022
Bolivia,BOL,Education,27.607,2023
Bolivia,BOL,Employment and Time Use,0.000,1960
Bolivia,BOL,Employment and Time Use,0.000,1961
Bolivia,BOL,Employment and Time Use,0.000,1962
Bolivia,BOL,Employment and Time Use,0.000,1963
Bolivia,BOL,Employment and Time Use,0.000,1964
Bolivia,BOL,Employment and Time Use,0.000,1965
Bolivia,BOL,Employment and Time Use,0.000,1966
Bolivia,BOL,Employment and Time Use,0.000,1967
Bolivia,BOL,Employment and Time Use,0.000,1968
Bolivia,BOL,Employment and Time Use,0.000,1969
Bolivia,BOL,Employment and Time Use,21.168,1970
Bolivia,BOL,Employment and Time Use,21.898,1971
Bolivia,BOL,Employment and Time Use,21.898,1972
Bolivia,BOL,Employment and Time Use,21.898,1973
Bolivia,BOL,Employment and Time Use,21.898,1974
Bolivia,BOL,Employment and Time Use,21.898,1975
Bolivia,BOL,Employment and Time Use,27.007,1976
Bolivia,BOL,Employment and Time Use,21.898,1977
Bolivia,BOL,Employment and Time Use,21.898,1978
Bolivia,BOL,Employment and Time Use,21.898,1979
Bolivia,BOL,Employment and Time Use,29.197,1980
Bolivia,BOL,Employment and Time Use,29.197,1981
Bolivia,BOL,Employment and Time Use,29.197,1982
Bolivia,BOL,Employment and Time Use,21.898,1983
Bolivia,BOL,Employment and Time Use,21.898,1984
Bolivia,BOL,Employment and Time Use,30.657,1985
Bolivia,BOL,Employment and Time Use,33.577,1986
Bolivia,BOL,Employment and Time Use,33.577,1987
Bolivia,BOL,Employment and Time Use,23.358,1988
Bolivia,BOL,Employment and Time Use,30.657,1989
Bolivia,BOL,Employment and Time Use,45.255,1990
Bolivia,BOL,Employment and Time Use,78.832,1991
Bolivia,BOL,Employment and Time Use,83.212,1992
Bolivia,BOL,Employment and Time Use,78.832,1993
Bolivia,BOL,Employment and Time Use,78.832,1994
Bolivia,BOL,Employment and Time Use,83.942,1995
Bolivia,BOL,Employment and Time Use,72.263,1996
Bolivia,BOL,Employment and Time Use,72.993,1997
Bolivia,BOL,Employment and Time Use,56.204,1998
Bolivia,BOL,Employment and Time Use,86.131,1999
Bolivia,BOL,Employment and Time Use,84.672,2000
Bolivia,BOL,Employment and Time Use,83.212,2001
Bolivia,BOL,Employment and Time Use,83.212,2002
Bolivia,BOL,Employment and Time Use,61.314,2003
Bolivia,BOL,Employment and Time Use,81.022,2004
Bolivia,BOL,Employment and Time Use,89.051,2005
Bolivia,BOL,Employment and Time Use,86.131,2006
Bolivia,BOL,Employment and Time Use,82.482,2007
Bolivia,BOL,Employment and Time Use,91.971,2008
Bolivia,BOL,Employment and Time Use,94.161,2009
Bolivia,BOL,Employment and Time Use,56.204,2010
Bolivia,BOL,Employment and Time Use,89.781,2011
Bolivia,BOL,Employment and Time Use,89.781,2012
Bolivia,BOL,Employment and Time Use,91.971,2013
Bolivia,BOL,Employment and Time Use,89.781,2014
Bolivia,BOL,Employment and Time Use,91.971,2015
Bolivia,BOL,Employment and Time Use,89.781,2016
Bolivia,BOL,Employment and Time Use,89.781,2017
Bolivia,BOL,Employment and Time Use,89.781,2018
Bolivia,BOL,Employment and Time Use,89.781,2019
Bolivia,BOL,Employment and Time Use,86.861,2020
Bolivia,BOL,Employment and Time Use,90.511,2021
Bolivia,BOL,Employment and Time Use,90.511,2022
Bolivia,BOL,Employment and Time Use,93.431,2023
Bolivia,BOL,Entrepreneurship,0.000,1960
Bolivia,BOL,Entrepreneurship,0.000,1961
Bolivia,BOL,Entrepreneurship,0.000,1962
Bolivia,BOL,Entrepreneurship,0.000,1963
Bolivia,BOL,Entrepreneurship,0.000,1964
Bolivia,BOL,Entrepreneurship,0.000,1965
Bolivia,BOL,Entrepreneurship,0.000,1966
Bolivia,BOL,Entrepreneurship,0.000,1967
Bolivia,BOL,Entrepreneurship,0.000,1968
Bolivia,BOL,Entrepreneurship,0.000,1969
Bolivia,BOL,Entrepreneurship,9.375,1970
Bolivia,BOL,Entrepreneurship,9.375,1971
Bolivia,BOL,Entrepreneurship,9.375,1972
Bolivia,BOL,Entrepreneurship,9.375,1973
Bolivia,BOL,Entrepreneurship,9.375,1974
Bolivia,BOL,Entrepreneurship,9.375,1975
Bolivia,BOL,Entrepreneurship,9.375,1976
Bolivia,BOL,Entrepreneurship,9.375,1977
Bolivia,BOL,Entrepreneurship,9.375,1978
Bolivia,BOL,Entrepreneurship,9.375,1979
Bolivia,BOL,Entrepreneurship,9.375,1980
Bolivia,BOL,Entrepreneurship,9.375,1981
Bolivia,BOL,Entrepreneurship,9.375,1982
Bolivia,BOL,Entrepreneurship,9.375,1983
Bolivia,BOL,Entrepreneurship,9.375,1984
Bolivia,BOL,Entrepreneurship,9.375,1985
Bolivia,BOL,Entrepreneurship,9.375,1986
Bolivia,BOL,Entrepreneurship,9.375,1987
Bolivia,BOL,Entrepreneurship,9.375,1988
Bolivia,BOL,Entrepreneurship,9.375,1989
Bolivia,BOL,Entrepreneurship,9.375,1990
Bolivia,BOL,Entrepreneurship,9.375,1991
Bolivia,BOL,Entrepreneurship,9.375,1992
Bolivia,BOL,Entrepreneurship,9.375,1993
Bolivia,BOL,Entrepreneurship,9.375,1994
Bolivia,BOL,Entrepreneurship,9.375,1995
Bolivia,BOL,Entrepreneurship,9.375,1996
Bolivia,BOL,Entrepreneurship,9.375,1997
Bolivia,BOL,Entrepreneurship,9.375,1998
Bolivia,BOL,Entrepreneurship,9.375,1999
Bolivia,BOL,Entrepreneurship,9.375,2000
Bolivia,BOL,Entrepreneurship,9.375,2001
Bolivia,BOL,Entrepreneurship,9.375,2002
Bolivia,BOL,Entrepreneurship,37.500,2003
Bolivia,BOL,Entrepreneurship,37.500,2004
Bolivia,BOL,Entrepreneurship,37.500,2005
Bolivia,BOL,Entrepreneurship,40.625,2006
Bolivia,BOL,Entrepreneurship,37.500,2007
Bolivia,BOL,Entrepreneurship,37.500,2008
Bolivia,BOL,Entrepreneurship,37.500,2009
Bolivia,BOL,Entrepreneurship,43.750,2010
Bolivia,BOL,Entrepreneurship,37.500,2011
Bolivia,BOL,Entrepreneurship,37.500,2012
Bolivia,BOL,Entrepreneurship,37.500,2013
Bolivia,BOL,Entrepreneurship,56.250,2014
Bolivia,BOL,Entrepreneurship,37.500,2015
Bolivia,BOL,Entrepreneurship,37.500,2016
Bolivia,BOL,Entrepreneurship,62.500,2017
Bolivia,BOL,Entrepreneurship,37.500,2018
Bolivia,BOL,Entrepreneurship,37.500,2019
Bolivia,BOL,Entrepreneurship,9.375,2020
Bolivia,BOL,Entrepreneurship,9.375,2021
Bolivia,BOL,Entrepreneurship,9.375,2022
Bolivia,BOL,Entrepreneurship,9.375,2023
Bolivia,BOL,Environment,0.000,1960
Bolivia,BOL,Environment,0.000,1961
Bolivia,BOL,Environment,0.000,1962
Bolivia,BOL,Environment,0.000,1963
Bolivia,BOL,Environment,0.000,1964
Bolivia,BOL,Environment,0.000,1965
Bolivia,BOL,Environment,0.000,1966
Bolivia,BOL,Environment,0.000,1967
Bolivia,BOL,Environment,0.000,1968
Bolivia,BOL,Environment,0.000,1969
Bolivia,BOL,Environment,0.000,1970
Bolivia,BOL,Environment,0.000,1971
Bolivia,BOL,Environment,0.000,1972
Bolivia,BOL,Environment,0.000,1973
Bolivia,BOL,Environment,0.000,1974
Bolivia,BOL,Environment,0.000,1975
Bolivia,BOL,Environment,0.000,1976
Bolivia,BOL,Environment,0.000,1977
Bolivia,BOL,Environment,0.000,1978
Bolivia,BOL,Environment,0.000,1979
Bolivia,BOL,Environment,0.000,1980
Bolivia,BOL,Environment,0.000,1981
Bolivia,BOL,Environment,0.000,1982
Bolivia,BOL,Environment,0.000,1983
Bolivia,BOL,Environment,0.000,1984
Bolivia,BOL,Environment,0.000,1985
Bolivia,BOL,Environment,0.000,1986
Bolivia,BOL,Environment,0.000,1987
Bolivia,BOL,Environment,0.000,1988
Bolivia,BOL,Environment,0.000,1989
Bolivia,BOL,Environment,0.000,1990
Bolivia,BOL,Environment,0.000,1991
Bolivia,BOL,Environment,0.000,1992
Bolivia,BOL,Environment,0.000,1993
Bolivia,BOL,Environment,23.333,1994
Bolivia,BOL,Environment,0.000,1995
Bolivia,BOL,Environment,0.000,1996
Bolivia,BOL,Environment,0.000,1997
Bolivia,BOL,Environment,10.000,1998
Bolivia,BOL,Environment,0.000,1999
Bolivia,BOL,Environment,10.000,2000
Bolivia,BOL,Environment,10.000,2001
Bolivia,BOL,Environment,10.000,2002
Bolivia,BOL,Environment,33.333,2003
Bolivia,BOL,Environment,10.000,2004
Bolivia,BOL,Environment,10.000,2005
Bolivia,BOL,Environment,10.000,2006
Bolivia,BOL,Environment,10.000,2007
Bolivia,BOL,Environment,33.333,2008
Bolivia,BOL,Environment,10.000,2009
Bolivia,BOL,Environment,10.000,2010
Bolivia,BOL,Environment,10.000,2011
Bolivia,BOL,Environment,10.000,2012
Bolivia,BOL,Environment,10.000,2013
Bolivia,BOL,Environment,20.000,2014
Bolivia,BOL,Environment,10.000,2015
Bolivia,BOL,Environment,10.000,2016
Bolivia,BOL,Environment,20.000,2017
Bolivia,BOL,Environment,10.000,2018
Bolivia,BOL,Environment,30.000,2019
Bolivia,BOL,Environment,10.000,2020
Bolivia,BOL,Environment,20.000,2021
Bolivia,BOL,Environment,10.000,2022
Bolivia,BOL,Environment,0.000,2023
Bolivia,BOL,Health,6.061,1960
Bolivia,BOL,Health,7.576,1961
Bolivia,BOL,Health,7.576,1962
Bolivia,BOL,Health,7.576,1963
Bolivia,BOL,Health,7.576,1964
Bolivia,BOL,Health,8.586,1965
Bolivia,BOL,Health,8.586,1966
Bolivia,BOL,Health,8.586,1967
Bolivia,BOL,Health,8.586,1968
Bolivia,BOL,Health,8.586,1969
Bolivia,BOL,Health,8.586,1970
Bolivia,BOL,Health,8.586,1971
Bolivia,BOL,Health,8.586,1972
Bolivia,BOL,Health,8.586,1973
Bolivia,BOL,Health,8.586,1974
Bolivia,BOL,Health,11.111,1975
Bolivia,BOL,Health,11.111,1976
Bolivia,BOL,Health,11.111,1977
Bolivia,BOL,Health,11.111,1978
Bolivia,BOL,Health,11.111,1979
Bolivia,BOL,Health,12.121,1980
Bolivia,BOL,Health,12.121,1981
Bolivia,BOL,Health,12.121,1982
Bolivia,BOL,Health,12.121,1983
Bolivia,BOL,Health,12.121,1984
Bolivia,BOL,Health,12.121,1985
Bolivia,BOL,Health,12.121,1986
Bolivia,BOL,Health,12.121,1987
Bolivia,BOL,Health,12.626,1988
Bolivia,BOL,Health,22.222,1989
Bolivia,BOL,Health,17.172,1990
Bolivia,BOL,Health,17.172,1991
Bolivia,BOL,Health,17.172,1992
Bolivia,BOL,Health,16.667,1993
Bolivia,BOL,Health,28.283,1994
Bolivia,BOL,Health,16.667,1995
Bolivia,BOL,Health,16.667,1996
Bolivia,BOL,Health,16.667,1997
Bolivia,BOL,Health,34.848,1998
Bolivia,BOL,Health,16.667,1999
Bolivia,BOL,Health,59.596,2000
Bolivia,BOL,Health,31.818,2001
Bolivia,BOL,Health,32.323,2002
Bolivia,BOL,Health,57.576,2003
Bolivia,BOL,Health,34.848,2004
Bolivia,BOL,Health,33.333,2005
Bolivia,BOL,Health,31.818,2006
Bolivia,BOL,Health,31.818,2007
Bolivia,BOL,Health,57.071,2008
Bolivia,BOL,Health,31.818,2009
Bolivia,BOL,Health,56.061,2010
Bolivia,BOL,Health,32.323,2011
Bolivia,BOL,Health,41.919,2012
Bolivia,BOL,Health,32.828,2013
Bolivia,BOL,Health,34.343,2014
Bolivia,BOL,Health,57.071,2015
Bolivia,BOL,Health,42.929,2016
Bolivia,BOL,Health,31.818,2017
Bolivia,BOL,Health,31.313,2018
Bolivia,BOL,Health,57.071,2019
Bolivia,BOL,Health,23.232,2020
Bolivia,BOL,Health,19.697,2021
Bolivia,BOL,Health,17.172,2022
Bolivia,BOL,Health,1.010,2023
Bolivia,BOL,Leadership,0.000,1960
Bolivia,BOL,Leadership,0.000,1961
Bolivia,BOL,Leadership,0.000,1962
Bolivia,BOL,Leadership,0.000,1963
Bolivia,BOL,Leadership,0.000,1964
Bolivia,BOL,Leadership,0.000,1965
Bolivia,BOL,Leadership,0.000,1966
Bolivia,BOL,Leadership,0.000,1967
Bolivia,BOL,Leadership,0.000,1968
Bolivia,BOL,Leadership,0.000,1969
Bolivia,BOL,Leadership,0.000,1970
Bolivia,BOL,Leadership,0.000,1971
Bolivia,BOL,Leadership,0.000,1972
Bolivia,BOL,Leadership,0.000,1973
Bolivia,BOL,Leadership,0.000,1974
Bolivia,BOL,Leadership,0.000,1975
Bolivia,BOL,Leadership,0.000,1976
Bolivia,BOL,Leadership,0.000,1977
Bolivia,BOL,Leadership,0.000,1978
Bolivia,BOL,Leadership,0.000,1979
Bolivia,BOL,Leadership,0.000,1980
Bolivia,BOL,Leadership,0.000,1981
Bolivia,BOL,Leadership,0.000,1982
Bolivia,BOL,Leadership,0.000,1983
Bolivia,BOL,Leadership,0.000,1984
Bolivia,BOL,Leadership,0.000,1985
Bolivia,BOL,Leadership,0.000,1986
Bolivia,BOL,Leadership,0.000,1987
Bolivia,BOL,Leadership,0.000,1988
Bolivia,BOL,Leadership,0.000,1989
Bolivia,BOL,Leadership,0.000,1990
Bolivia,BOL,Leadership,0.000,1991
Bolivia,BOL,Leadership,0.000,1992
Bolivia,BOL,Leadership,0.000,1993
Bolivia,BOL,Leadership,0.000,1994
Bolivia,BOL,Leadership,0.000,1995
Bolivia,BOL,Leadership,0.000,1996
Bolivia,BOL,Leadership,0.000,1997
Bolivia,BOL,Leadership,0.000,1998
Bolivia,BOL,Leadership,25.000,1999
Bolivia,BOL,Leadership,50.000,2000
Bolivia,BOL,Leadership,50.000,2001
Bolivia,BOL,Leadership,25.000,2002
Bolivia,BOL,Leadership,25.000,2003
Bolivia,BOL,Leadership,25.000,2004
Bolivia,BOL,Leadership,75.000,2005
Bolivia,BOL,Leadership,25.000,2006
Bolivia,BOL,Leadership,50.000,2007
Bolivia,BOL,Leadership,75.000,2008
Bolivia,BOL,Leadership,50.000,2009
Bolivia,BOL,Leadership,75.000,2010
Bolivia,BOL,Leadership,50.000,2011
Bolivia,BOL,Leadership,75.000,2012
Bolivia,BOL,Leadership,50.000,2013
Bolivia,BOL,Leadership,75.000,2014
Bolivia,BOL,Leadership,75.000,2015
Bolivia,BOL,Leadership,75.000,2016
Bolivia,BOL,Leadership,75.000,2017
Bolivia,BOL,Leadership,75.000,2018
Bolivia,BOL,Leadership,75.000,2019
Bolivia,BOL,Leadership,75.000,2020
Bolivia,BOL,Leadership,50.000,2021
Bolivia,BOL,Leadership,75.000,2022
Bolivia,BOL,Leadership,50.000,2023
Bolivia,BOL,Norms and Decision-making,0.000,1960
Bolivia,BOL,Norms and Decision-making,0.000,1961
Bolivia,BOL,Norms and Decision-making,0.000,1962
Bolivia,BOL,Norms and Decision-making,0.000,1963
Bolivia,BOL,Norms and Decision-making,0.000,1964
Bolivia,BOL,Norms and Decision-making,0.000,1965
Bolivia,BOL,Norms and Decision-making,0.000,1966
Bolivia,BOL,Norms and Decision-making,0.000,1967
Bolivia,BOL,Norms and Decision-making,0.000,1968
Bolivia,BOL,Norms and Decision-making,0.000,1969
Bolivia,BOL,Norms and Decision-making,12.593,1970
Bolivia,BOL,Norms and Decision-making,12.593,1971
Bolivia,BOL,Norms and Decision-making,12.593,1972
Bolivia,BOL,Norms and Decision-making,12.593,1973
Bolivia,BOL,Norms and Decision-making,12.593,1974
Bolivia,BOL,Norms and Decision-making,12.593,1975
Bolivia,BOL,Norms and Decision-making,14.074,1976
Bolivia,BOL,Norms and Decision-making,12.593,1977
Bolivia,BOL,Norms and Decision-making,12.593,1978
Bolivia,BOL,Norms and Decision-making,12.593,1979
Bolivia,BOL,Norms and Decision-making,12.593,1980
Bolivia,BOL,Norms and Decision-making,12.593,1981
Bolivia,BOL,Norms and Decision-making,12.593,1982
Bolivia,BOL,Norms and Decision-making,12.593,1983
Bolivia,BOL,Norms and Decision-making,12.593,1984
Bolivia,BOL,Norms and Decision-making,12.593,1985
Bolivia,BOL,Norms and Decision-making,12.593,1986
Bolivia,BOL,Norms and Decision-making,12.593,1987
Bolivia,BOL,Norms and Decision-making,12.593,1988
Bolivia,BOL,Norms and Decision-making,17.778,1989
Bolivia,BOL,Norms and Decision-making,12.593,1990
Bolivia,BOL,Norms and Decision-making,12.593,1991
Bolivia,BOL,Norms and Decision-making,14.074,1992
Bolivia,BOL,Norms and Decision-making,12.593,1993
Bolivia,BOL,Norms and Decision-making,17.778,1994
Bolivia,BOL,Norms and Decision-making,12.593,1995
Bolivia,BOL,Norms and Decision-making,12.593,1996
Bolivia,BOL,Norms and Decision-making,12.593,1997
Bolivia,BOL,Norms and Decision-making,21.481,1998
Bolivia,BOL,Norms and Decision-making,12.593,1999
Bolivia,BOL,Norms and Decision-making,15.556,2000
Bolivia,BOL,Norms and Decision-making,14.074,2001
Bolivia,BOL,Norms and Decision-making,12.593,2002
Bolivia,BOL,Norms and Decision-making,95.556,2003
Bolivia,BOL,Norms and Decision-making,12.593,2004
Bolivia,BOL,Norms and Decision-making,12.593,2005
Bolivia,BOL,Norms and Decision-making,12.593,2006
Bolivia,BOL,Norms and Decision-making,12.593,2007
Bolivia,BOL,Norms and Decision-making,80.741,2008
Bolivia,BOL,Norms and Decision-making,12.593,2009
Bolivia,BOL,Norms and Decision-making,12.593,2010
Bolivia,BOL,Norms and Decision-making,12.593,2011
Bolivia,BOL,Norms and Decision-making,14.074,2012
Bolivia,BOL,Norms and Decision-making,12.593,2013
Bolivia,BOL,Norms and Decision-making,12.593,2014
Bolivia,BOL,Norms and Decision-making,12.593,2015
Bolivia,BOL,Norms and Decision-making,14.815,2016
Bolivia,BOL,Norms and Decision-making,12.593,2017
Bolivia,BOL,Norms and Decision-making,12.593,2018
Bolivia,BOL,Norms and Decision-making,12.593,2019
Bolivia,BOL,Norms and Decision-making,12.593,2020
Bolivia,BOL,Norms and Decision-making,12.593,2021
Bolivia,BOL,Norms and Decision-making,12.593,2022
Bolivia,BOL,Norms and Decision-making,12.593,2023
Bolivia,BOL,Population,86.905,1960
Bolivia,BOL,Population,86.905,1961
Bolivia,BOL,Population,86.905,1962
Bolivia,BOL,Population,86.905,1963
Bolivia,BOL,Population,86.905,1964
Bolivia,BOL,Population,86.905,1965
Bolivia,BOL,Population,86.905,1966
Bolivia,BOL,Population,86.905,1967
Bolivia,BOL,Population,86.905,1968
Bolivia,BOL,Population,86.905,1969
Bolivia,BOL,Population,86.905,1970
Bolivia,BOL,Population,86.905,1971
Bolivia,BOL,Population,86.905,1972
Bolivia,BOL,Population,86.905,1973
Bolivia,BOL,Population,86.905,1974
Bolivia,BOL,Population,86.905,1975
Bolivia,BOL,Population,89.286,1976
Bolivia,BOL,Population,86.905,1977
Bolivia,BOL,Population,86.905,1978
Bolivia,BOL,Population,86.905,1979
Bolivia,BOL,Population,91.667,1980
Bolivia,BOL,Population,86.905,1981
Bolivia,BOL,Population,86.905,1982
Bolivia,BOL,Population,86.905,1983
Bolivia,BOL,Population,86.905,1984
Bolivia,BOL,Population,91.667,1985
Bolivia,BOL,Population,86.905,1986
Bolivia,BOL,Population,86.905,1987
Bolivia,BOL,Population,86.905,1988
Bolivia,BOL,Population,88.095,1989
Bolivia,BOL,Population,92.857,1990
Bolivia,BOL,Population,86.905,1991
Bolivia,BOL,Population,89.286,1992
Bolivia,BOL,Population,86.905,1993
Bolivia,BOL,Population,89.286,1994
Bolivia,BOL,Population,92.857,1995
Bolivia,BOL,Population,86.905,1996
Bolivia,BOL,Population,86.905,1997
Bolivia,BOL,Population,90.476,1998
Bolivia,BOL,Population,86.905,1999
Bolivia,BOL,Population,95.238,2000
Bolivia,BOL,Population,90.476,2001
Bolivia,BOL,Population,86.905,2002
Bolivia,BOL,Population,94.048,2003
Bolivia,BOL,Population,86.905,2004
Bolivia,BOL,Population,92.857,2005
Bolivia,BOL,Population,86.905,2006
Bolivia,BOL,Population,86.905,2007
Bolivia,BOL,Population,94.048,2008
Bolivia,BOL,Population,86.905,2009
Bolivia,BOL,Population,92.857,2010
Bolivia,BOL,Population,86.905,2011
Bolivia,BOL,Population,89.286,2012
Bolivia,BOL,Population,86.905,2013
Bolivia,BOL,Population,86.905,2014
Bolivia,BOL,Population,92.857,2015
Bolivia,BOL,Population,89.286,2016
Bolivia,BOL,Population,86.905,2017
Bolivia,BOL,Population,86.905,2018
Bolivia,BOL,Population,86.905,2019
Bolivia,BOL,Population,88.095,2020
Bolivia,BOL,Population,86.905,2021
Bolivia,BOL,Population,86.905,2022
Bolivia,BOL,Population,77.381,2023
Bolivia,BOL,SDGs,2.685,1960
Bolivia,BOL,SDGs,2.685,1961
Bolivia,BOL,SDGs,2.685,1962
Bolivia,BOL,SDGs,2.685,1963
Bolivia,BOL,SDGs,2.685,1964
Bolivia,BOL,SDGs,2.685,1965
Bolivia,BOL,SDGs,2.685,1966
Bolivia,BOL,SDGs,2.685,1967
Bolivia,BOL,SDGs,2.685,1968
Bolivia,BOL,SDGs,2.685,1969
Bolivia,BOL,SDGs,11.409,1970
Bolivia,BOL,SDGs,12.081,1971
Bolivia,BOL,SDGs,12.081,1972
Bolivia,BOL,SDGs,12.081,1973
Bolivia,BOL,SDGs,12.081,1974
Bolivia,BOL,SDGs,12.081,1975
Bolivia,BOL,SDGs,12.081,1976
Bolivia,BOL,SDGs,12.081,1977
Bolivia,BOL,SDGs,12.081,1978
Bolivia,BOL,SDGs,12.081,1979
Bolivia,BOL,SDGs,12.752,1980
Bolivia,BOL,SDGs,12.752,1981
Bolivia,BOL,SDGs,12.752,1982
Bolivia,BOL,SDGs,12.752,1983
Bolivia,BOL,SDGs,12.752,1984
Bolivia,BOL,SDGs,14.094,1985
Bolivia,BOL,SDGs,16.107,1986
Bolivia,BOL,SDGs,16.107,1987
Bolivia,BOL,SDGs,14.094,1988
Bolivia,BOL,SDGs,16.107,1989
Bolivia,BOL,SDGs,18.121,1990
Bolivia,BOL,SDGs,22.148,1991
Bolivia,BOL,SDGs,22.148,1992
Bolivia,BOL,SDGs,22.148,1993
Bolivia,BOL,SDGs,25.503,1994
Bolivia,BOL,SDGs,24.161,1995
Bolivia,BOL,SDGs,24.161,1996
Bolivia,BOL,SDGs,24.161,1997
Bolivia,BOL,SDGs,22.819,1998
Bolivia,BOL,SDGs,22.819,1999
Bolivia,BOL,SDGs,70.470,2000
Bolivia,BOL,SDGs,36.913,2001
Bolivia,BOL,SDGs,36.242,2002
Bolivia,BOL,SDGs,36.913,2003
Bolivia,BOL,SDGs,36.242,2004
Bolivia,BOL,SDGs,37.584,2005
Bolivia,BOL,SDGs,35.570,2006
Bolivia,BOL,SDGs,35.570,2007
Bolivia,BOL,SDGs,40.940,2008
Bolivia,BOL,SDGs,37.584,2009
Bolivia,BOL,SDGs,65.772,2010
Bolivia,BOL,SDGs,40.268,2011
Bolivia,BOL,SDGs,38.926,2012
Bolivia,BOL,SDGs,38.255,2013
Bolivia,BOL,SDGs,40.268,2014
Bolivia,BOL,SDGs,70.470,2015
Bolivia,BOL,SDGs,40.268,2016
Bolivia,BOL,SDGs,40.268,2017
Bolivia,BOL,SDGs,41.611,2018
Bolivia,BOL,SDGs,74.497,2019
Bolivia,BOL,SDGs,31.544,2020
Bolivia,BOL,SDGs,28.859,2021
Bolivia,BOL,SDGs,26.846,2022
Bolivia,BOL,SDGs,18.121,2023
Bolivia,BOL,Technology,0.000,1960
Bolivia,BOL,Technology,0.000,1961
Bolivia,BOL,Technology,0.000,1962
Bolivia,BOL,Technology,0.000,1963
Bolivia,BOL,Technology,0.000,1964
Bolivia,BOL,Technology,0.000,1965
Bolivia,BOL,Technology,0.000,1966
Bolivia,BOL,Technology,0.000,1967
Bolivia,BOL,Technology,0.000,1968
Bolivia,BOL,Technology,0.000,1969
Bolivia,BOL,Technology,0.000,1970
Bolivia,BOL,Technology,0.000,1971
Bolivia,BOL,Technology,0.000,1972
Bolivia,BOL,Technology,0.000,1973
Bolivia,BOL,Technology,0.000,1974
Bolivia,BOL,Technology,0.000,1975
Bolivia,BOL,Technology,0.000,1976
Bolivia,BOL,Technology,0.000,1977
Bolivia,BOL,Technology,0.000,1978
Bolivia,BOL,Technology,0.000,1979
Bolivia,BOL,Technology,0.000,1980
Bolivia,BOL,Technology,0.000,1981
Bolivia,BOL,Technology,0.000,1982
Bolivia,BOL,Technology,0.000,1983
Bolivia,BOL,Technology,0.000,1984
Bolivia,BOL,Technology,0.000,1985
Bolivia,BOL,Technology,0.000,1986
Bolivia,BOL,Technology,0.000,1987
Bolivia,BOL,Technology,0.000,1988
Bolivia,BOL,Technology,0.000,1989
Bolivia,BOL,Technology,2.222,1990
Bolivia,BOL,Technology,2.222,1991
Bolivia,BOL,Technology,2.222,1992
Bolivia,BOL,Technology,2.222,1993
Bolivia,BOL,Technology,2.222,1994
Bolivia,BOL,Technology,2.222,1995
Bolivia,BOL,Technology,2.222,1996
Bolivia,BOL,Technology,2.222,1997
Bolivia,BOL,Technology,2.222,1998
Bolivia,BOL,Technology,2.222,1999
Bolivia,BOL,Technology,2.222,2000
Bolivia,BOL,Technology,2.222,2001
Bolivia,BOL,Technology,2.222,2002
Bolivia,BOL,Technology,2.222,2003
Bolivia,BOL,Technology,2.222,2004
Bolivia,BOL,Technology,2.222,2005
Bolivia,BOL,Technology,2.222,2006
Bolivia,BOL,Technology,2.222,2007
Bolivia,BOL,Technology,2.222,2008
Bolivia,BOL,Technology,6.667,2009
Bolivia,BOL,Technology,2.222,2010
Bolivia,BOL,Technology,8.889,2011
Bolivia,BOL,Technology,2.222,2012
Bolivia,BOL,Technology,6.667,2013
Bolivia,BOL,Technology,40.000,2014
Bolivia,BOL,Technology,6.667,2015
Bolivia,BOL,Technology,2.222,2016
Bolivia,BOL,Technology,55.556,2017
Bolivia,BOL,Technology,6.667,2018
Bolivia,BOL,Technology,6.667,2019
Bolivia,BOL,Technology,6.667,2020
Bolivia,BOL,Technology,86.667,2021
Bolivia,BOL,Technology,2.222,2022
Bolivia,BOL,Technology,0.000,2023
Bolivia,BOL,Violence,0.000,1960
Bolivia,BOL,Violence,0.000,1961
Bolivia,BOL,Violence,0.000,1962
Bolivia,BOL,Violence,0.000,1963
Bolivia,BOL,Violence,0.000,1964
Bolivia,BOL,Violence,0.000,1965
Bolivia,BOL,Violence,0.000,1966
Bolivia,BOL,Violence,0.000,1967
Bolivia,BOL,Violence,0.000,1968
Bolivia,BOL,Violence,0.000,1969
Bolivia,BOL,Violence,2.143,1970
Bolivia,BOL,Violence,2.143,1971
Bolivia,BOL,Violence,2.143,1972
Bolivia,BOL,Violence,2.143,1973
Bolivia,BOL,Violence,2.143,1974
Bolivia,BOL,Violence,2.143,1975
Bolivia,BOL,Violence,2.143,1976
Bolivia,BOL,Violence,2.143,1977
Bolivia,BOL,Violence,2.143,1978
Bolivia,BOL,Violence,2.143,1979
Bolivia,BOL,Violence,2.143,1980
Bolivia,BOL,Violence,2.143,1981
Bolivia,BOL,Violence,2.143,1982
Bolivia,BOL,Violence,2.143,1983
Bolivia,BOL,Violence,2.143,1984
Bolivia,BOL,Violence,2.143,1985
Bolivia,BOL,Violence,2.143,1986
Bolivia,BOL,Violence,2.143,1987
Bolivia,BOL,Violence,2.143,1988
Bolivia,BOL,Violence,3.571,1989
Bolivia,BOL,Violence,2.143,1990
Bolivia,BOL,Violence,2.143,1991
Bolivia,BOL,Violence,2.143,1992
Bolivia,BOL,Violence,2.143,1993
Bolivia,BOL,Violence,5.000,1994
Bolivia,BOL,Violence,2.143,1995
Bolivia,BOL,Violence,2.143,1996
Bolivia,BOL,Violence,2.143,1997
Bolivia,BOL,Violence,6.429,1998
Bolivia,BOL,Violence,2.143,1999
Bolivia,BOL,Violence,4.286,2000
Bolivia,BOL,Violence,4.286,2001
Bolivia,BOL,Violence,4.286,2002
Bolivia,BOL,Violence,60.000,2003
Bolivia,BOL,Violence,4.286,2004
Bolivia,BOL,Violence,4.286,2005
Bolivia,BOL,Violence,4.286,2006
Bolivia,BOL,Violence,4.286,2007
Bolivia,BOL,Violence,48.571,2008
Bolivia,BOL,Violence,4.286,2009
Bolivia,BOL,Violence,4.286,2010
Bolivia,BOL,Violence,4.286,2011
Bolivia,BOL,Violence,4.286,2012
Bolivia,BOL,Violence,4.286,2013
Bolivia,BOL,Violence,4.286,2014
Bolivia,BOL,Violence,6.429,2015
Bolivia,BOL,Violence,8.571,2016
Bolivia,BOL,Violence,6.429,2017
Bolivia,BOL,Violence,9.286,2018
Bolivia,BOL,Violence,6.429,2019
Bolivia,BOL,Violence,4.286,2020
Bolivia,BOL,Violence,4.286,2021
Bolivia,BOL,Violence,2.143,2022
Bolivia,BOL,Violence,2.143,2023
Bolivia,BOL,Youth 15-24,4.587,1960
Bolivia,BOL,Youth 15-24,4.587,1961
Bolivia,BOL,Youth 15-24,4.587,1962
Bolivia,BOL,Youth 15-24,4.587,1963
Bolivia,BOL,Youth 15-24,4.587,1964
Bolivia,BOL,Youth 15-24,4.587,1965
Bolivia,BOL,Youth 15-24,4.587,1966
Bolivia,BOL,Youth 15-24,4.587,1967
Bolivia,BOL,Youth 15-24,4.587,1968
Bolivia,BOL,Youth 15-24,4.587,1969
Bolivia,BOL,Youth 15-24,7.339,1970
Bolivia,BOL,Youth 15-24,14.679,1971
Bolivia,BOL,Youth 15-24,8.257,1972
Bolivia,BOL,Youth 15-24,7.339,1973
Bolivia,BOL,Youth 15-24,4.587,1974
Bolivia,BOL,Youth 15-24,7.339,1975
Bolivia,BOL,Youth 15-24,20.183,1976
Bolivia,BOL,Youth 15-24,4.587,1977
Bolivia,BOL,Youth 15-24,4.587,1978
Bolivia,BOL,Youth 15-24,4.587,1979
Bolivia,BOL,Youth 15-24,7.339,1980
Bolivia,BOL,Youth 15-24,7.339,1981
Bolivia,BOL,Youth 15-24,7.339,1982
Bolivia,BOL,Youth 15-24,4.587,1983
Bolivia,BOL,Youth 15-24,4.587,1984
Bolivia,BOL,Youth 15-24,7.339,1985
Bolivia,BOL,Youth 15-24,11.009,1986
Bolivia,BOL,Youth 15-24,11.009,1987
Bolivia,BOL,Youth 15-24,4.587,1988
Bolivia,BOL,Youth 15-24,9.174,1989
Bolivia,BOL,Youth 15-24,20.183,1990
Bolivia,BOL,Youth 15-24,21.101,1991
Bolivia,BOL,Youth 15-24,42.202,1992
Bolivia,BOL,Youth 15-24,21.101,1993
Bolivia,BOL,Youth 15-24,24.771,1994
Bolivia,BOL,Youth 15-24,27.523,1995
Bolivia,BOL,Youth 15-24,24.771,1996
Bolivia,BOL,Youth 15-24,24.771,1997
Bolivia,BOL,Youth 15-24,37.615,1998
Bolivia,BOL,Youth 15-24,40.367,1999
Bolivia,BOL,Youth 15-24,52.294,2000
Bolivia,BOL,Youth 15-24,55.046,2001
Bolivia,BOL,Youth 15-24,45.872,2002
Bolivia,BOL,Youth 15-24,45.872,2003
Bolivia,BOL,Youth 15-24,45.872,2004
Bolivia,BOL,Youth 15-24,51.376,2005
Bolivia,BOL,Youth 15-24,56.881,2006
Bolivia,BOL,Youth 15-24,49.541,2007
Bolivia,BOL,Youth 15-24,69.725,2008
Bolivia,BOL,Youth 15-24,66.972,2009
Bolivia,BOL,Youth 15-24,39.450,2010
Bolivia,BOL,Youth 15-24,69.725,2011
Bolivia,BOL,Youth 15-24,69.725,2012
Bolivia,BOL,Youth 15-24,66.055,2013
Bolivia,BOL,Youth 15-24,66.055,2014
Bolivia,BOL,Youth 15-24,69.725,2015
Bolivia,BOL,Youth 15-24,67.890,2016
Bolivia,BOL,Youth 15-24,66.055,2017
Bolivia,BOL,Youth 15-24,63.303,2018
Bolivia,BOL,Youth 15-24,50.459,2019
Bolivia,BOL,Youth 15-24,50.459,2020
Bolivia,BOL,Youth 15-24,48.624,2021
Bolivia,BOL,Youth 15-24,44.954,2022
Bolivia,BOL,Youth 15-24,38.532,2023
