Country Name,Country Code,Topic,% of available indicators,Year
Singapore,SGP,Assets,0.000,1960
Singapore,SGP,Assets,0.000,1961
Singapore,SGP,Assets,0.000,1962
Singapore,SGP,Assets,0.000,1963
Singapore,SGP,Assets,0.000,1964
Singapore,SGP,Assets,0.000,1965
Singapore,SGP,Assets,0.000,1966
Singapore,SGP,Assets,0.000,1967
Singapore,SGP,Assets,0.000,1968
Singapore,SGP,Assets,0.000,1969
Singapore,SGP,Assets,2.208,1970
Singapore,SGP,Assets,2.208,1971
Singapore,SGP,Assets,2.208,1972
Singapore,SGP,Assets,2.208,1973
Singapore,SGP,Assets,2.208,1974
Singapore,SGP,Assets,2.208,1975
Singapore,SGP,Assets,2.208,1976
Singapore,SGP,Assets,2.208,1977
Singapore,SGP,Assets,2.208,1978
Singapore,SGP,Assets,2.208,1979
Singapore,SGP,Assets,2.208,1980
Singapore,SGP,Assets,2.208,1981
Singapore,SGP,Assets,2.208,1982
Singapore,SGP,Assets,2.208,1983
Singapore,SGP,Assets,2.208,1984
Singapore,SGP,Assets,2.208,1985
Singapore,SGP,Assets,2.208,1986
Singapore,SGP,Assets,2.208,1987
Singapore,SGP,Assets,2.208,1988
Singapore,SGP,Assets,2.208,1989
Singapore,SGP,Assets,2.208,1990
Singapore,SGP,Assets,2.208,1991
Singapore,SGP,Assets,2.208,1992
Singapore,SGP,Assets,2.208,1993
Singapore,SGP,Assets,2.208,1994
Singapore,SGP,Assets,2.208,1995
Singapore,SGP,Assets,2.208,1996
Singapore,SGP,Assets,2.208,1997
Singapore,SGP,Assets,2.208,1998
Singapore,SGP,Assets,2.208,1999
Singapore,SGP,Assets,2.208,2000
Singapore,SGP,Assets,2.208,2001
Singapore,SGP,Assets,2.208,2002
Singapore,SGP,Assets,2.208,2003
Singapore,SGP,Assets,2.208,2004
Singapore,SGP,Assets,2.208,2005
Singapore,SGP,Assets,2.208,2006
Singapore,SGP,Assets,2.208,2007
Singapore,SGP,Assets,2.208,2008
Singapore,SGP,Assets,2.208,2009
Singapore,SGP,Assets,2.208,2010
Singapore,SGP,Assets,11.672,2011
Singapore,SGP,Assets,2.208,2012
Singapore,SGP,Assets,2.208,2013
Singapore,SGP,Assets,31.546,2014
Singapore,SGP,Assets,2.208,2015
Singapore,SGP,Assets,2.208,2016
Singapore,SGP,Assets,34.069,2017
Singapore,SGP,Assets,2.208,2018
Singapore,SGP,Assets,2.208,2019
Singapore,SGP,Assets,2.208,2020
Singapore,SGP,Assets,60.252,2021
Singapore,SGP,Assets,2.208,2022
Singapore,SGP,Assets,2.208,2023
Singapore,SGP,Children 0-14,19.231,1960
Singapore,SGP,Children 0-14,19.231,1961
Singapore,SGP,Children 0-14,19.231,1962
Singapore,SGP,Children 0-14,19.231,1963
Singapore,SGP,Children 0-14,19.231,1964
Singapore,SGP,Children 0-14,19.231,1965
Singapore,SGP,Children 0-14,19.231,1966
Singapore,SGP,Children 0-14,19.231,1967
Singapore,SGP,Children 0-14,19.231,1968
Singapore,SGP,Children 0-14,19.231,1969
Singapore,SGP,Children 0-14,20.000,1970
Singapore,SGP,Children 0-14,20.000,1971
Singapore,SGP,Children 0-14,21.538,1972
Singapore,SGP,Children 0-14,21.538,1973
Singapore,SGP,Children 0-14,21.538,1974
Singapore,SGP,Children 0-14,21.538,1975
Singapore,SGP,Children 0-14,21.538,1976
Singapore,SGP,Children 0-14,21.538,1977
Singapore,SGP,Children 0-14,21.538,1978
Singapore,SGP,Children 0-14,21.538,1979
Singapore,SGP,Children 0-14,26.154,1980
Singapore,SGP,Children 0-14,23.077,1981
Singapore,SGP,Children 0-14,21.538,1982
Singapore,SGP,Children 0-14,23.077,1983
Singapore,SGP,Children 0-14,21.538,1984
Singapore,SGP,Children 0-14,21.538,1985
Singapore,SGP,Children 0-14,21.538,1986
Singapore,SGP,Children 0-14,21.538,1987
Singapore,SGP,Children 0-14,21.538,1988
Singapore,SGP,Children 0-14,21.538,1989
Singapore,SGP,Children 0-14,26.154,1990
Singapore,SGP,Children 0-14,21.538,1991
Singapore,SGP,Children 0-14,21.538,1992
Singapore,SGP,Children 0-14,21.538,1993
Singapore,SGP,Children 0-14,21.538,1994
Singapore,SGP,Children 0-14,25.385,1995
Singapore,SGP,Children 0-14,21.538,1996
Singapore,SGP,Children 0-14,20.769,1997
Singapore,SGP,Children 0-14,20.769,1998
Singapore,SGP,Children 0-14,20.769,1999
Singapore,SGP,Children 0-14,46.154,2000
Singapore,SGP,Children 0-14,26.923,2001
Singapore,SGP,Children 0-14,20.769,2002
Singapore,SGP,Children 0-14,20.769,2003
Singapore,SGP,Children 0-14,20.769,2004
Singapore,SGP,Children 0-14,25.385,2005
Singapore,SGP,Children 0-14,31.538,2006
Singapore,SGP,Children 0-14,29.231,2007
Singapore,SGP,Children 0-14,30.769,2008
Singapore,SGP,Children 0-14,29.231,2009
Singapore,SGP,Children 0-14,44.615,2010
Singapore,SGP,Children 0-14,34.615,2011
Singapore,SGP,Children 0-14,28.462,2012
Singapore,SGP,Children 0-14,28.462,2013
Singapore,SGP,Children 0-14,28.462,2014
Singapore,SGP,Children 0-14,41.538,2015
Singapore,SGP,Children 0-14,47.692,2016
Singapore,SGP,Children 0-14,46.154,2017
Singapore,SGP,Children 0-14,40.769,2018
Singapore,SGP,Children 0-14,50.769,2019
Singapore,SGP,Children 0-14,40.000,2020
Singapore,SGP,Children 0-14,39.231,2021
Singapore,SGP,Children 0-14,35.385,2022
Singapore,SGP,Children 0-14,11.538,2023
Singapore,SGP,Education,0.000,1960
Singapore,SGP,Education,0.000,1961
Singapore,SGP,Education,0.000,1962
Singapore,SGP,Education,0.000,1963
Singapore,SGP,Education,0.000,1964
Singapore,SGP,Education,0.000,1965
Singapore,SGP,Education,0.000,1966
Singapore,SGP,Education,0.000,1967
Singapore,SGP,Education,0.000,1968
Singapore,SGP,Education,0.000,1969
Singapore,SGP,Education,7.975,1970
Singapore,SGP,Education,6.748,1971
Singapore,SGP,Education,5.521,1972
Singapore,SGP,Education,5.521,1973
Singapore,SGP,Education,6.748,1974
Singapore,SGP,Education,9.816,1975
Singapore,SGP,Education,9.816,1976
Singapore,SGP,Education,9.816,1977
Singapore,SGP,Education,9.816,1978
Singapore,SGP,Education,7.975,1979
Singapore,SGP,Education,22.699,1980
Singapore,SGP,Education,9.202,1981
Singapore,SGP,Education,7.975,1982
Singapore,SGP,Education,9.202,1983
Singapore,SGP,Education,4.908,1984
Singapore,SGP,Education,4.908,1985
Singapore,SGP,Education,4.908,1986
Singapore,SGP,Education,4.908,1987
Singapore,SGP,Education,5.521,1988
Singapore,SGP,Education,4.908,1989
Singapore,SGP,Education,22.086,1990
Singapore,SGP,Education,4.294,1991
Singapore,SGP,Education,4.294,1992
Singapore,SGP,Education,4.294,1993
Singapore,SGP,Education,5.521,1994
Singapore,SGP,Education,16.564,1995
Singapore,SGP,Education,0.613,1996
Singapore,SGP,Education,0.000,1997
Singapore,SGP,Education,0.000,1998
Singapore,SGP,Education,0.000,1999
Singapore,SGP,Education,7.362,2000
Singapore,SGP,Education,5.521,2001
Singapore,SGP,Education,0.613,2002
Singapore,SGP,Education,0.613,2003
Singapore,SGP,Education,0.613,2004
Singapore,SGP,Education,11.656,2005
Singapore,SGP,Education,16.564,2006
Singapore,SGP,Education,26.380,2007
Singapore,SGP,Education,28.834,2008
Singapore,SGP,Education,25.767,2009
Singapore,SGP,Education,35.583,2010
Singapore,SGP,Education,28.221,2011
Singapore,SGP,Education,23.313,2012
Singapore,SGP,Education,24.540,2013
Singapore,SGP,Education,29.448,2014
Singapore,SGP,Education,25.767,2015
Singapore,SGP,Education,63.804,2016
Singapore,SGP,Education,70.552,2017
Singapore,SGP,Education,53.374,2018
Singapore,SGP,Education,38.037,2019
Singapore,SGP,Education,49.080,2020
Singapore,SGP,Education,38.650,2021
Singapore,SGP,Education,31.288,2022
Singapore,SGP,Education,7.975,2023
Singapore,SGP,Employment and Time Use,0.000,1960
Singapore,SGP,Employment and Time Use,0.000,1961
Singapore,SGP,Employment and Time Use,0.000,1962
Singapore,SGP,Employment and Time Use,0.000,1963
Singapore,SGP,Employment and Time Use,0.000,1964
Singapore,SGP,Employment and Time Use,0.000,1965
Singapore,SGP,Employment and Time Use,0.000,1966
Singapore,SGP,Employment and Time Use,0.000,1967
Singapore,SGP,Employment and Time Use,0.000,1968
Singapore,SGP,Employment and Time Use,0.000,1969
Singapore,SGP,Employment and Time Use,27.007,1970
Singapore,SGP,Employment and Time Use,21.898,1971
Singapore,SGP,Employment and Time Use,21.898,1972
Singapore,SGP,Employment and Time Use,21.898,1973
Singapore,SGP,Employment and Time Use,21.898,1974
Singapore,SGP,Employment and Time Use,29.197,1975
Singapore,SGP,Employment and Time Use,30.657,1976
Singapore,SGP,Employment and Time Use,30.657,1977
Singapore,SGP,Employment and Time Use,33.577,1978
Singapore,SGP,Employment and Time Use,33.577,1979
Singapore,SGP,Employment and Time Use,33.577,1980
Singapore,SGP,Employment and Time Use,23.358,1981
Singapore,SGP,Employment and Time Use,33.577,1982
Singapore,SGP,Employment and Time Use,33.577,1983
Singapore,SGP,Employment and Time Use,33.577,1984
Singapore,SGP,Employment and Time Use,33.577,1985
Singapore,SGP,Employment and Time Use,33.577,1986
Singapore,SGP,Employment and Time Use,33.577,1987
Singapore,SGP,Employment and Time Use,33.577,1988
Singapore,SGP,Employment and Time Use,33.577,1989
Singapore,SGP,Employment and Time Use,31.387,1990
Singapore,SGP,Employment and Time Use,66.423,1991
Singapore,SGP,Employment and Time Use,70.803,1992
Singapore,SGP,Employment and Time Use,70.803,1993
Singapore,SGP,Employment and Time Use,77.372,1994
Singapore,SGP,Employment and Time Use,77.372,1995
Singapore,SGP,Employment and Time Use,77.372,1996
Singapore,SGP,Employment and Time Use,77.372,1997
Singapore,SGP,Employment and Time Use,77.372,1998
Singapore,SGP,Employment and Time Use,66.423,1999
Singapore,SGP,Employment and Time Use,65.693,2000
Singapore,SGP,Employment and Time Use,72.993,2001
Singapore,SGP,Employment and Time Use,72.993,2002
Singapore,SGP,Employment and Time Use,72.993,2003
Singapore,SGP,Employment and Time Use,66.423,2004
Singapore,SGP,Employment and Time Use,59.854,2005
Singapore,SGP,Employment and Time Use,77.372,2006
Singapore,SGP,Employment and Time Use,77.372,2007
Singapore,SGP,Employment and Time Use,77.372,2008
Singapore,SGP,Employment and Time Use,83.942,2009
Singapore,SGP,Employment and Time Use,84.672,2010
Singapore,SGP,Employment and Time Use,78.832,2011
Singapore,SGP,Employment and Time Use,78.832,2012
Singapore,SGP,Employment and Time Use,83.212,2013
Singapore,SGP,Employment and Time Use,82.482,2014
Singapore,SGP,Employment and Time Use,81.022,2015
Singapore,SGP,Employment and Time Use,72.993,2016
Singapore,SGP,Employment and Time Use,78.102,2017
Singapore,SGP,Employment and Time Use,71.533,2018
Singapore,SGP,Employment and Time Use,76.642,2019
Singapore,SGP,Employment and Time Use,83.212,2020
Singapore,SGP,Employment and Time Use,88.321,2021
Singapore,SGP,Employment and Time Use,88.321,2022
Singapore,SGP,Employment and Time Use,91.241,2023
Singapore,SGP,Entrepreneurship,0.000,1960
Singapore,SGP,Entrepreneurship,0.000,1961
Singapore,SGP,Entrepreneurship,0.000,1962
Singapore,SGP,Entrepreneurship,0.000,1963
Singapore,SGP,Entrepreneurship,0.000,1964
Singapore,SGP,Entrepreneurship,0.000,1965
Singapore,SGP,Entrepreneurship,0.000,1966
Singapore,SGP,Entrepreneurship,0.000,1967
Singapore,SGP,Entrepreneurship,0.000,1968
Singapore,SGP,Entrepreneurship,0.000,1969
Singapore,SGP,Entrepreneurship,9.375,1970
Singapore,SGP,Entrepreneurship,9.375,1971
Singapore,SGP,Entrepreneurship,9.375,1972
Singapore,SGP,Entrepreneurship,9.375,1973
Singapore,SGP,Entrepreneurship,9.375,1974
Singapore,SGP,Entrepreneurship,9.375,1975
Singapore,SGP,Entrepreneurship,9.375,1976
Singapore,SGP,Entrepreneurship,9.375,1977
Singapore,SGP,Entrepreneurship,9.375,1978
Singapore,SGP,Entrepreneurship,9.375,1979
Singapore,SGP,Entrepreneurship,9.375,1980
Singapore,SGP,Entrepreneurship,9.375,1981
Singapore,SGP,Entrepreneurship,9.375,1982
Singapore,SGP,Entrepreneurship,9.375,1983
Singapore,SGP,Entrepreneurship,9.375,1984
Singapore,SGP,Entrepreneurship,9.375,1985
Singapore,SGP,Entrepreneurship,9.375,1986
Singapore,SGP,Entrepreneurship,9.375,1987
Singapore,SGP,Entrepreneurship,9.375,1988
Singapore,SGP,Entrepreneurship,9.375,1989
Singapore,SGP,Entrepreneurship,9.375,1990
Singapore,SGP,Entrepreneurship,9.375,1991
Singapore,SGP,Entrepreneurship,9.375,1992
Singapore,SGP,Entrepreneurship,9.375,1993
Singapore,SGP,Entrepreneurship,9.375,1994
Singapore,SGP,Entrepreneurship,9.375,1995
Singapore,SGP,Entrepreneurship,9.375,1996
Singapore,SGP,Entrepreneurship,9.375,1997
Singapore,SGP,Entrepreneurship,9.375,1998
Singapore,SGP,Entrepreneurship,9.375,1999
Singapore,SGP,Entrepreneurship,9.375,2000
Singapore,SGP,Entrepreneurship,9.375,2001
Singapore,SGP,Entrepreneurship,9.375,2002
Singapore,SGP,Entrepreneurship,37.500,2003
Singapore,SGP,Entrepreneurship,37.500,2004
Singapore,SGP,Entrepreneurship,37.500,2005
Singapore,SGP,Entrepreneurship,37.500,2006
Singapore,SGP,Entrepreneurship,37.500,2007
Singapore,SGP,Entrepreneurship,37.500,2008
Singapore,SGP,Entrepreneurship,37.500,2009
Singapore,SGP,Entrepreneurship,37.500,2010
Singapore,SGP,Entrepreneurship,37.500,2011
Singapore,SGP,Entrepreneurship,37.500,2012
Singapore,SGP,Entrepreneurship,37.500,2013
Singapore,SGP,Entrepreneurship,56.250,2014
Singapore,SGP,Entrepreneurship,37.500,2015
Singapore,SGP,Entrepreneurship,37.500,2016
Singapore,SGP,Entrepreneurship,56.250,2017
Singapore,SGP,Entrepreneurship,37.500,2018
Singapore,SGP,Entrepreneurship,37.500,2019
Singapore,SGP,Entrepreneurship,9.375,2020
Singapore,SGP,Entrepreneurship,9.375,2021
Singapore,SGP,Entrepreneurship,9.375,2022
Singapore,SGP,Entrepreneurship,15.625,2023
Singapore,SGP,Environment,0.000,1960
Singapore,SGP,Environment,0.000,1961
Singapore,SGP,Environment,0.000,1962
Singapore,SGP,Environment,0.000,1963
Singapore,SGP,Environment,0.000,1964
Singapore,SGP,Environment,0.000,1965
Singapore,SGP,Environment,0.000,1966
Singapore,SGP,Environment,0.000,1967
Singapore,SGP,Environment,0.000,1968
Singapore,SGP,Environment,0.000,1969
Singapore,SGP,Environment,0.000,1970
Singapore,SGP,Environment,0.000,1971
Singapore,SGP,Environment,0.000,1972
Singapore,SGP,Environment,0.000,1973
Singapore,SGP,Environment,0.000,1974
Singapore,SGP,Environment,0.000,1975
Singapore,SGP,Environment,0.000,1976
Singapore,SGP,Environment,0.000,1977
Singapore,SGP,Environment,0.000,1978
Singapore,SGP,Environment,0.000,1979
Singapore,SGP,Environment,0.000,1980
Singapore,SGP,Environment,0.000,1981
Singapore,SGP,Environment,0.000,1982
Singapore,SGP,Environment,0.000,1983
Singapore,SGP,Environment,0.000,1984
Singapore,SGP,Environment,0.000,1985
Singapore,SGP,Environment,0.000,1986
Singapore,SGP,Environment,0.000,1987
Singapore,SGP,Environment,0.000,1988
Singapore,SGP,Environment,0.000,1989
Singapore,SGP,Environment,0.000,1990
Singapore,SGP,Environment,0.000,1991
Singapore,SGP,Environment,0.000,1992
Singapore,SGP,Environment,0.000,1993
Singapore,SGP,Environment,0.000,1994
Singapore,SGP,Environment,0.000,1995
Singapore,SGP,Environment,0.000,1996
Singapore,SGP,Environment,0.000,1997
Singapore,SGP,Environment,0.000,1998
Singapore,SGP,Environment,0.000,1999
Singapore,SGP,Environment,6.667,2000
Singapore,SGP,Environment,6.667,2001
Singapore,SGP,Environment,6.667,2002
Singapore,SGP,Environment,6.667,2003
Singapore,SGP,Environment,6.667,2004
Singapore,SGP,Environment,6.667,2005
Singapore,SGP,Environment,6.667,2006
Singapore,SGP,Environment,6.667,2007
Singapore,SGP,Environment,6.667,2008
Singapore,SGP,Environment,6.667,2009
Singapore,SGP,Environment,6.667,2010
Singapore,SGP,Environment,6.667,2011
Singapore,SGP,Environment,6.667,2012
Singapore,SGP,Environment,6.667,2013
Singapore,SGP,Environment,16.667,2014
Singapore,SGP,Environment,6.667,2015
Singapore,SGP,Environment,10.000,2016
Singapore,SGP,Environment,20.000,2017
Singapore,SGP,Environment,6.667,2018
Singapore,SGP,Environment,26.667,2019
Singapore,SGP,Environment,6.667,2020
Singapore,SGP,Environment,16.667,2021
Singapore,SGP,Environment,6.667,2022
Singapore,SGP,Environment,0.000,2023
Singapore,SGP,Health,8.586,1960
Singapore,SGP,Health,8.586,1961
Singapore,SGP,Health,8.586,1962
Singapore,SGP,Health,8.586,1963
Singapore,SGP,Health,8.586,1964
Singapore,SGP,Health,8.586,1965
Singapore,SGP,Health,8.586,1966
Singapore,SGP,Health,8.586,1967
Singapore,SGP,Health,8.586,1968
Singapore,SGP,Health,8.586,1969
Singapore,SGP,Health,8.586,1970
Singapore,SGP,Health,8.586,1971
Singapore,SGP,Health,8.586,1972
Singapore,SGP,Health,9.596,1973
Singapore,SGP,Health,8.586,1974
Singapore,SGP,Health,11.111,1975
Singapore,SGP,Health,11.111,1976
Singapore,SGP,Health,12.121,1977
Singapore,SGP,Health,11.111,1978
Singapore,SGP,Health,11.111,1979
Singapore,SGP,Health,12.121,1980
Singapore,SGP,Health,12.121,1981
Singapore,SGP,Health,13.131,1982
Singapore,SGP,Health,12.121,1983
Singapore,SGP,Health,12.121,1984
Singapore,SGP,Health,12.626,1985
Singapore,SGP,Health,12.626,1986
Singapore,SGP,Health,13.636,1987
Singapore,SGP,Health,12.626,1988
Singapore,SGP,Health,12.626,1989
Singapore,SGP,Health,12.626,1990
Singapore,SGP,Health,12.626,1991
Singapore,SGP,Health,13.636,1992
Singapore,SGP,Health,12.626,1993
Singapore,SGP,Health,12.626,1994
Singapore,SGP,Health,12.626,1995
Singapore,SGP,Health,13.636,1996
Singapore,SGP,Health,14.141,1997
Singapore,SGP,Health,13.131,1998
Singapore,SGP,Health,13.131,1999
Singapore,SGP,Health,58.586,2000
Singapore,SGP,Health,26.768,2001
Singapore,SGP,Health,26.768,2002
Singapore,SGP,Health,26.768,2003
Singapore,SGP,Health,26.768,2004
Singapore,SGP,Health,28.283,2005
Singapore,SGP,Health,26.768,2006
Singapore,SGP,Health,26.768,2007
Singapore,SGP,Health,26.768,2008
Singapore,SGP,Health,26.768,2009
Singapore,SGP,Health,54.040,2010
Singapore,SGP,Health,26.768,2011
Singapore,SGP,Health,26.768,2012
Singapore,SGP,Health,26.768,2013
Singapore,SGP,Health,28.283,2014
Singapore,SGP,Health,50.505,2015
Singapore,SGP,Health,26.768,2016
Singapore,SGP,Health,28.283,2017
Singapore,SGP,Health,28.283,2018
Singapore,SGP,Health,51.010,2019
Singapore,SGP,Health,20.707,2020
Singapore,SGP,Health,14.141,2021
Singapore,SGP,Health,11.111,2022
Singapore,SGP,Health,1.010,2023
Singapore,SGP,Leadership,0.000,1960
Singapore,SGP,Leadership,0.000,1961
Singapore,SGP,Leadership,0.000,1962
Singapore,SGP,Leadership,0.000,1963
Singapore,SGP,Leadership,0.000,1964
Singapore,SGP,Leadership,0.000,1965
Singapore,SGP,Leadership,0.000,1966
Singapore,SGP,Leadership,0.000,1967
Singapore,SGP,Leadership,0.000,1968
Singapore,SGP,Leadership,0.000,1969
Singapore,SGP,Leadership,0.000,1970
Singapore,SGP,Leadership,0.000,1971
Singapore,SGP,Leadership,0.000,1972
Singapore,SGP,Leadership,0.000,1973
Singapore,SGP,Leadership,0.000,1974
Singapore,SGP,Leadership,0.000,1975
Singapore,SGP,Leadership,0.000,1976
Singapore,SGP,Leadership,0.000,1977
Singapore,SGP,Leadership,0.000,1978
Singapore,SGP,Leadership,0.000,1979
Singapore,SGP,Leadership,0.000,1980
Singapore,SGP,Leadership,0.000,1981
Singapore,SGP,Leadership,0.000,1982
Singapore,SGP,Leadership,0.000,1983
Singapore,SGP,Leadership,0.000,1984
Singapore,SGP,Leadership,0.000,1985
Singapore,SGP,Leadership,0.000,1986
Singapore,SGP,Leadership,0.000,1987
Singapore,SGP,Leadership,0.000,1988
Singapore,SGP,Leadership,0.000,1989
Singapore,SGP,Leadership,0.000,1990
Singapore,SGP,Leadership,0.000,1991
Singapore,SGP,Leadership,0.000,1992
Singapore,SGP,Leadership,0.000,1993
Singapore,SGP,Leadership,0.000,1994
Singapore,SGP,Leadership,0.000,1995
Singapore,SGP,Leadership,0.000,1996
Singapore,SGP,Leadership,25.000,1997
Singapore,SGP,Leadership,25.000,1998
Singapore,SGP,Leadership,25.000,1999
Singapore,SGP,Leadership,25.000,2000
Singapore,SGP,Leadership,25.000,2001
Singapore,SGP,Leadership,25.000,2002
Singapore,SGP,Leadership,25.000,2003
Singapore,SGP,Leadership,25.000,2004
Singapore,SGP,Leadership,50.000,2005
Singapore,SGP,Leadership,25.000,2006
Singapore,SGP,Leadership,25.000,2007
Singapore,SGP,Leadership,50.000,2008
Singapore,SGP,Leadership,25.000,2009
Singapore,SGP,Leadership,50.000,2010
Singapore,SGP,Leadership,25.000,2011
Singapore,SGP,Leadership,50.000,2012
Singapore,SGP,Leadership,25.000,2013
Singapore,SGP,Leadership,50.000,2014
Singapore,SGP,Leadership,50.000,2015
Singapore,SGP,Leadership,50.000,2016
Singapore,SGP,Leadership,25.000,2017
Singapore,SGP,Leadership,50.000,2018
Singapore,SGP,Leadership,50.000,2019
Singapore,SGP,Leadership,50.000,2020
Singapore,SGP,Leadership,50.000,2021
Singapore,SGP,Leadership,75.000,2022
Singapore,SGP,Leadership,75.000,2023
Singapore,SGP,Norms and Decision-making,0.000,1960
Singapore,SGP,Norms and Decision-making,0.000,1961
Singapore,SGP,Norms and Decision-making,0.000,1962
Singapore,SGP,Norms and Decision-making,0.000,1963
Singapore,SGP,Norms and Decision-making,0.000,1964
Singapore,SGP,Norms and Decision-making,0.000,1965
Singapore,SGP,Norms and Decision-making,0.000,1966
Singapore,SGP,Norms and Decision-making,0.000,1967
Singapore,SGP,Norms and Decision-making,0.000,1968
Singapore,SGP,Norms and Decision-making,0.000,1969
Singapore,SGP,Norms and Decision-making,14.074,1970
Singapore,SGP,Norms and Decision-making,12.593,1971
Singapore,SGP,Norms and Decision-making,12.593,1972
Singapore,SGP,Norms and Decision-making,12.593,1973
Singapore,SGP,Norms and Decision-making,12.593,1974
Singapore,SGP,Norms and Decision-making,12.593,1975
Singapore,SGP,Norms and Decision-making,12.593,1976
Singapore,SGP,Norms and Decision-making,12.593,1977
Singapore,SGP,Norms and Decision-making,12.593,1978
Singapore,SGP,Norms and Decision-making,12.593,1979
Singapore,SGP,Norms and Decision-making,14.074,1980
Singapore,SGP,Norms and Decision-making,12.593,1981
Singapore,SGP,Norms and Decision-making,12.593,1982
Singapore,SGP,Norms and Decision-making,12.593,1983
Singapore,SGP,Norms and Decision-making,12.593,1984
Singapore,SGP,Norms and Decision-making,12.593,1985
Singapore,SGP,Norms and Decision-making,12.593,1986
Singapore,SGP,Norms and Decision-making,12.593,1987
Singapore,SGP,Norms and Decision-making,12.593,1988
Singapore,SGP,Norms and Decision-making,12.593,1989
Singapore,SGP,Norms and Decision-making,14.074,1990
Singapore,SGP,Norms and Decision-making,12.593,1991
Singapore,SGP,Norms and Decision-making,12.593,1992
Singapore,SGP,Norms and Decision-making,12.593,1993
Singapore,SGP,Norms and Decision-making,12.593,1994
Singapore,SGP,Norms and Decision-making,12.593,1995
Singapore,SGP,Norms and Decision-making,12.593,1996
Singapore,SGP,Norms and Decision-making,12.593,1997
Singapore,SGP,Norms and Decision-making,12.593,1998
Singapore,SGP,Norms and Decision-making,12.593,1999
Singapore,SGP,Norms and Decision-making,14.074,2000
Singapore,SGP,Norms and Decision-making,12.593,2001
Singapore,SGP,Norms and Decision-making,12.593,2002
Singapore,SGP,Norms and Decision-making,12.593,2003
Singapore,SGP,Norms and Decision-making,12.593,2004
Singapore,SGP,Norms and Decision-making,14.074,2005
Singapore,SGP,Norms and Decision-making,12.593,2006
Singapore,SGP,Norms and Decision-making,12.593,2007
Singapore,SGP,Norms and Decision-making,12.593,2008
Singapore,SGP,Norms and Decision-making,12.593,2009
Singapore,SGP,Norms and Decision-making,14.074,2010
Singapore,SGP,Norms and Decision-making,12.593,2011
Singapore,SGP,Norms and Decision-making,12.593,2012
Singapore,SGP,Norms and Decision-making,12.593,2013
Singapore,SGP,Norms and Decision-making,12.593,2014
Singapore,SGP,Norms and Decision-making,12.593,2015
Singapore,SGP,Norms and Decision-making,12.593,2016
Singapore,SGP,Norms and Decision-making,12.593,2017
Singapore,SGP,Norms and Decision-making,12.593,2018
Singapore,SGP,Norms and Decision-making,12.593,2019
Singapore,SGP,Norms and Decision-making,12.593,2020
Singapore,SGP,Norms and Decision-making,12.593,2021
Singapore,SGP,Norms and Decision-making,12.593,2022
Singapore,SGP,Norms and Decision-making,14.074,2023
Singapore,SGP,Population,86.905,1960
Singapore,SGP,Population,86.905,1961
Singapore,SGP,Population,86.905,1962
Singapore,SGP,Population,86.905,1963
Singapore,SGP,Population,86.905,1964
Singapore,SGP,Population,86.905,1965
Singapore,SGP,Population,86.905,1966
Singapore,SGP,Population,86.905,1967
Singapore,SGP,Population,86.905,1968
Singapore,SGP,Population,86.905,1969
Singapore,SGP,Population,89.286,1970
Singapore,SGP,Population,86.905,1971
Singapore,SGP,Population,86.905,1972
Singapore,SGP,Population,86.905,1973
Singapore,SGP,Population,86.905,1974
Singapore,SGP,Population,86.905,1975
Singapore,SGP,Population,86.905,1976
Singapore,SGP,Population,86.905,1977
Singapore,SGP,Population,86.905,1978
Singapore,SGP,Population,86.905,1979
Singapore,SGP,Population,94.048,1980
Singapore,SGP,Population,86.905,1981
Singapore,SGP,Population,86.905,1982
Singapore,SGP,Population,86.905,1983
Singapore,SGP,Population,86.905,1984
Singapore,SGP,Population,91.667,1985
Singapore,SGP,Population,86.905,1986
Singapore,SGP,Population,86.905,1987
Singapore,SGP,Population,86.905,1988
Singapore,SGP,Population,86.905,1989
Singapore,SGP,Population,95.238,1990
Singapore,SGP,Population,86.905,1991
Singapore,SGP,Population,86.905,1992
Singapore,SGP,Population,86.905,1993
Singapore,SGP,Population,86.905,1994
Singapore,SGP,Population,92.857,1995
Singapore,SGP,Population,86.905,1996
Singapore,SGP,Population,86.905,1997
Singapore,SGP,Population,86.905,1998
Singapore,SGP,Population,86.905,1999
Singapore,SGP,Population,95.238,2000
Singapore,SGP,Population,86.905,2001
Singapore,SGP,Population,86.905,2002
Singapore,SGP,Population,86.905,2003
Singapore,SGP,Population,86.905,2004
Singapore,SGP,Population,95.238,2005
Singapore,SGP,Population,86.905,2006
Singapore,SGP,Population,86.905,2007
Singapore,SGP,Population,86.905,2008
Singapore,SGP,Population,86.905,2009
Singapore,SGP,Population,95.238,2010
Singapore,SGP,Population,86.905,2011
Singapore,SGP,Population,86.905,2012
Singapore,SGP,Population,86.905,2013
Singapore,SGP,Population,86.905,2014
Singapore,SGP,Population,92.857,2015
Singapore,SGP,Population,86.905,2016
Singapore,SGP,Population,86.905,2017
Singapore,SGP,Population,86.905,2018
Singapore,SGP,Population,86.905,2019
Singapore,SGP,Population,89.286,2020
Singapore,SGP,Population,86.905,2021
Singapore,SGP,Population,86.905,2022
Singapore,SGP,Population,77.381,2023
Singapore,SGP,SDGs,2.685,1960
Singapore,SGP,SDGs,2.685,1961
Singapore,SGP,SDGs,2.685,1962
Singapore,SGP,SDGs,2.685,1963
Singapore,SGP,SDGs,2.685,1964
Singapore,SGP,SDGs,2.685,1965
Singapore,SGP,SDGs,2.685,1966
Singapore,SGP,SDGs,2.685,1967
Singapore,SGP,SDGs,2.685,1968
Singapore,SGP,SDGs,2.685,1969
Singapore,SGP,SDGs,12.081,1970
Singapore,SGP,SDGs,12.081,1971
Singapore,SGP,SDGs,12.081,1972
Singapore,SGP,SDGs,12.081,1973
Singapore,SGP,SDGs,12.081,1974
Singapore,SGP,SDGs,12.081,1975
Singapore,SGP,SDGs,13.423,1976
Singapore,SGP,SDGs,13.423,1977
Singapore,SGP,SDGs,15.436,1978
Singapore,SGP,SDGs,15.436,1979
Singapore,SGP,SDGs,16.107,1980
Singapore,SGP,SDGs,14.094,1981
Singapore,SGP,SDGs,16.107,1982
Singapore,SGP,SDGs,16.107,1983
Singapore,SGP,SDGs,16.107,1984
Singapore,SGP,SDGs,16.779,1985
Singapore,SGP,SDGs,16.779,1986
Singapore,SGP,SDGs,16.779,1987
Singapore,SGP,SDGs,16.779,1988
Singapore,SGP,SDGs,16.779,1989
Singapore,SGP,SDGs,12.081,1990
Singapore,SGP,SDGs,20.134,1991
Singapore,SGP,SDGs,20.134,1992
Singapore,SGP,SDGs,20.134,1993
Singapore,SGP,SDGs,20.134,1994
Singapore,SGP,SDGs,20.134,1995
Singapore,SGP,SDGs,21.477,1996
Singapore,SGP,SDGs,21.477,1997
Singapore,SGP,SDGs,21.477,1998
Singapore,SGP,SDGs,21.477,1999
Singapore,SGP,SDGs,64.430,2000
Singapore,SGP,SDGs,36.242,2001
Singapore,SGP,SDGs,34.228,2002
Singapore,SGP,SDGs,34.228,2003
Singapore,SGP,SDGs,34.228,2004
Singapore,SGP,SDGs,32.886,2005
Singapore,SGP,SDGs,36.242,2006
Singapore,SGP,SDGs,34.228,2007
Singapore,SGP,SDGs,34.228,2008
Singapore,SGP,SDGs,34.228,2009
Singapore,SGP,SDGs,66.443,2010
Singapore,SGP,SDGs,38.255,2011
Singapore,SGP,SDGs,34.228,2012
Singapore,SGP,SDGs,34.228,2013
Singapore,SGP,SDGs,36.242,2014
Singapore,SGP,SDGs,65.772,2015
Singapore,SGP,SDGs,36.242,2016
Singapore,SGP,SDGs,33.557,2017
Singapore,SGP,SDGs,32.886,2018
Singapore,SGP,SDGs,69.799,2019
Singapore,SGP,SDGs,27.517,2020
Singapore,SGP,SDGs,24.832,2021
Singapore,SGP,SDGs,22.148,2022
Singapore,SGP,SDGs,19.463,2023
Singapore,SGP,Technology,0.000,1960
Singapore,SGP,Technology,0.000,1961
Singapore,SGP,Technology,0.000,1962
Singapore,SGP,Technology,0.000,1963
Singapore,SGP,Technology,0.000,1964
Singapore,SGP,Technology,0.000,1965
Singapore,SGP,Technology,0.000,1966
Singapore,SGP,Technology,0.000,1967
Singapore,SGP,Technology,0.000,1968
Singapore,SGP,Technology,0.000,1969
Singapore,SGP,Technology,0.000,1970
Singapore,SGP,Technology,0.000,1971
Singapore,SGP,Technology,0.000,1972
Singapore,SGP,Technology,0.000,1973
Singapore,SGP,Technology,0.000,1974
Singapore,SGP,Technology,0.000,1975
Singapore,SGP,Technology,0.000,1976
Singapore,SGP,Technology,0.000,1977
Singapore,SGP,Technology,0.000,1978
Singapore,SGP,Technology,0.000,1979
Singapore,SGP,Technology,0.000,1980
Singapore,SGP,Technology,0.000,1981
Singapore,SGP,Technology,0.000,1982
Singapore,SGP,Technology,0.000,1983
Singapore,SGP,Technology,0.000,1984
Singapore,SGP,Technology,0.000,1985
Singapore,SGP,Technology,0.000,1986
Singapore,SGP,Technology,0.000,1987
Singapore,SGP,Technology,0.000,1988
Singapore,SGP,Technology,0.000,1989
Singapore,SGP,Technology,2.222,1990
Singapore,SGP,Technology,2.222,1991
Singapore,SGP,Technology,2.222,1992
Singapore,SGP,Technology,2.222,1993
Singapore,SGP,Technology,2.222,1994
Singapore,SGP,Technology,2.222,1995
Singapore,SGP,Technology,2.222,1996
Singapore,SGP,Technology,2.222,1997
Singapore,SGP,Technology,2.222,1998
Singapore,SGP,Technology,2.222,1999
Singapore,SGP,Technology,2.222,2000
Singapore,SGP,Technology,2.222,2001
Singapore,SGP,Technology,2.222,2002
Singapore,SGP,Technology,2.222,2003
Singapore,SGP,Technology,2.222,2004
Singapore,SGP,Technology,2.222,2005
Singapore,SGP,Technology,2.222,2006
Singapore,SGP,Technology,2.222,2007
Singapore,SGP,Technology,2.222,2008
Singapore,SGP,Technology,6.667,2009
Singapore,SGP,Technology,2.222,2010
Singapore,SGP,Technology,8.889,2011
Singapore,SGP,Technology,2.222,2012
Singapore,SGP,Technology,6.667,2013
Singapore,SGP,Technology,40.000,2014
Singapore,SGP,Technology,6.667,2015
Singapore,SGP,Technology,13.333,2016
Singapore,SGP,Technology,66.667,2017
Singapore,SGP,Technology,6.667,2018
Singapore,SGP,Technology,6.667,2019
Singapore,SGP,Technology,6.667,2020
Singapore,SGP,Technology,86.667,2021
Singapore,SGP,Technology,6.667,2022
Singapore,SGP,Technology,6.667,2023
Singapore,SGP,Violence,0.000,1960
Singapore,SGP,Violence,0.000,1961
Singapore,SGP,Violence,0.000,1962
Singapore,SGP,Violence,0.000,1963
Singapore,SGP,Violence,0.000,1964
Singapore,SGP,Violence,0.000,1965
Singapore,SGP,Violence,0.000,1966
Singapore,SGP,Violence,0.000,1967
Singapore,SGP,Violence,0.000,1968
Singapore,SGP,Violence,0.000,1969
Singapore,SGP,Violence,2.143,1970
Singapore,SGP,Violence,2.143,1971
Singapore,SGP,Violence,2.143,1972
Singapore,SGP,Violence,2.143,1973
Singapore,SGP,Violence,2.143,1974
Singapore,SGP,Violence,2.143,1975
Singapore,SGP,Violence,2.143,1976
Singapore,SGP,Violence,2.143,1977
Singapore,SGP,Violence,2.143,1978
Singapore,SGP,Violence,2.143,1979
Singapore,SGP,Violence,2.143,1980
Singapore,SGP,Violence,2.143,1981
Singapore,SGP,Violence,2.143,1982
Singapore,SGP,Violence,2.143,1983
Singapore,SGP,Violence,2.143,1984
Singapore,SGP,Violence,2.143,1985
Singapore,SGP,Violence,2.143,1986
Singapore,SGP,Violence,2.143,1987
Singapore,SGP,Violence,2.143,1988
Singapore,SGP,Violence,2.143,1989
Singapore,SGP,Violence,2.857,1990
Singapore,SGP,Violence,2.857,1991
Singapore,SGP,Violence,2.857,1992
Singapore,SGP,Violence,2.857,1993
Singapore,SGP,Violence,2.857,1994
Singapore,SGP,Violence,2.857,1995
Singapore,SGP,Violence,2.857,1996
Singapore,SGP,Violence,2.857,1997
Singapore,SGP,Violence,2.857,1998
Singapore,SGP,Violence,2.857,1999
Singapore,SGP,Violence,5.000,2000
Singapore,SGP,Violence,5.000,2001
Singapore,SGP,Violence,5.000,2002
Singapore,SGP,Violence,5.000,2003
Singapore,SGP,Violence,5.000,2004
Singapore,SGP,Violence,4.286,2005
Singapore,SGP,Violence,6.429,2006
Singapore,SGP,Violence,6.429,2007
Singapore,SGP,Violence,6.429,2008
Singapore,SGP,Violence,6.429,2009
Singapore,SGP,Violence,6.429,2010
Singapore,SGP,Violence,6.429,2011
Singapore,SGP,Violence,6.429,2012
Singapore,SGP,Violence,6.429,2013
Singapore,SGP,Violence,6.429,2014
Singapore,SGP,Violence,6.429,2015
Singapore,SGP,Violence,6.429,2016
Singapore,SGP,Violence,6.429,2017
Singapore,SGP,Violence,9.286,2018
Singapore,SGP,Violence,6.429,2019
Singapore,SGP,Violence,4.286,2020
Singapore,SGP,Violence,4.286,2021
Singapore,SGP,Violence,2.143,2022
Singapore,SGP,Violence,3.571,2023
Singapore,SGP,Youth 15-24,4.587,1960
Singapore,SGP,Youth 15-24,4.587,1961
Singapore,SGP,Youth 15-24,4.587,1962
Singapore,SGP,Youth 15-24,4.587,1963
Singapore,SGP,Youth 15-24,4.587,1964
Singapore,SGP,Youth 15-24,4.587,1965
Singapore,SGP,Youth 15-24,4.587,1966
Singapore,SGP,Youth 15-24,4.587,1967
Singapore,SGP,Youth 15-24,4.587,1968
Singapore,SGP,Youth 15-24,4.587,1969
Singapore,SGP,Youth 15-24,12.844,1970
Singapore,SGP,Youth 15-24,10.092,1971
Singapore,SGP,Youth 15-24,6.422,1972
Singapore,SGP,Youth 15-24,6.422,1973
Singapore,SGP,Youth 15-24,8.257,1974
Singapore,SGP,Youth 15-24,15.596,1975
Singapore,SGP,Youth 15-24,15.596,1976
Singapore,SGP,Youth 15-24,15.596,1977
Singapore,SGP,Youth 15-24,19.266,1978
Singapore,SGP,Youth 15-24,16.514,1979
Singapore,SGP,Youth 15-24,33.028,1980
Singapore,SGP,Youth 15-24,12.844,1981
Singapore,SGP,Youth 15-24,19.266,1982
Singapore,SGP,Youth 15-24,19.266,1983
Singapore,SGP,Youth 15-24,16.514,1984
Singapore,SGP,Youth 15-24,16.514,1985
Singapore,SGP,Youth 15-24,16.514,1986
Singapore,SGP,Youth 15-24,16.514,1987
Singapore,SGP,Youth 15-24,16.514,1988
Singapore,SGP,Youth 15-24,16.514,1989
Singapore,SGP,Youth 15-24,31.193,1990
Singapore,SGP,Youth 15-24,22.936,1991
Singapore,SGP,Youth 15-24,28.440,1992
Singapore,SGP,Youth 15-24,28.440,1993
Singapore,SGP,Youth 15-24,28.440,1994
Singapore,SGP,Youth 15-24,39.450,1995
Singapore,SGP,Youth 15-24,22.936,1996
Singapore,SGP,Youth 15-24,22.936,1997
Singapore,SGP,Youth 15-24,22.936,1998
Singapore,SGP,Youth 15-24,17.431,1999
Singapore,SGP,Youth 15-24,23.853,2000
Singapore,SGP,Youth 15-24,17.431,2001
Singapore,SGP,Youth 15-24,17.431,2002
Singapore,SGP,Youth 15-24,17.431,2003
Singapore,SGP,Youth 15-24,17.431,2004
Singapore,SGP,Youth 15-24,24.771,2005
Singapore,SGP,Youth 15-24,33.945,2006
Singapore,SGP,Youth 15-24,45.872,2007
Singapore,SGP,Youth 15-24,45.872,2008
Singapore,SGP,Youth 15-24,43.119,2009
Singapore,SGP,Youth 15-24,44.037,2010
Singapore,SGP,Youth 15-24,44.037,2011
Singapore,SGP,Youth 15-24,44.037,2012
Singapore,SGP,Youth 15-24,46.789,2013
Singapore,SGP,Youth 15-24,46.789,2014
Singapore,SGP,Youth 15-24,46.789,2015
Singapore,SGP,Youth 15-24,77.064,2016
Singapore,SGP,Youth 15-24,69.725,2017
Singapore,SGP,Youth 15-24,52.294,2018
Singapore,SGP,Youth 15-24,51.376,2019
Singapore,SGP,Youth 15-24,51.376,2020
Singapore,SGP,Youth 15-24,49.541,2021
Singapore,SGP,Youth 15-24,45.872,2022
Singapore,SGP,Youth 15-24,32.110,2023
