Country Name,Country Code,Topic,% of available indicators,Year
Spain,ESP,Assets,0.000,1960
Spain,ESP,Assets,0.000,1961
Spain,ESP,Assets,0.000,1962
Spain,ESP,Assets,0.000,1963
Spain,ESP,Assets,0.000,1964
Spain,ESP,Assets,0.000,1965
Spain,ESP,Assets,0.000,1966
Spain,ESP,Assets,0.000,1967
Spain,ESP,Assets,0.000,1968
Spain,ESP,Assets,0.000,1969
Spain,ESP,Assets,2.208,1970
Spain,ESP,Assets,2.208,1971
Spain,ESP,Assets,2.208,1972
Spain,ESP,Assets,2.208,1973
Spain,ESP,Assets,2.208,1974
Spain,ESP,Assets,2.208,1975
Spain,ESP,Assets,2.208,1976
Spain,ESP,Assets,2.208,1977
Spain,ESP,Assets,2.208,1978
Spain,ESP,Assets,2.208,1979
Spain,ESP,Assets,2.208,1980
Spain,ESP,Assets,2.208,1981
Spain,ESP,Assets,2.208,1982
Spain,ESP,Assets,2.208,1983
Spain,ESP,Assets,2.208,1984
Spain,ESP,Assets,2.208,1985
Spain,ESP,Assets,2.208,1986
Spain,ESP,Assets,2.208,1987
Spain,ESP,Assets,2.208,1988
Spain,ESP,Assets,2.208,1989
Spain,ESP,Assets,2.208,1990
Spain,ESP,Assets,2.208,1991
Spain,ESP,Assets,2.208,1992
Spain,ESP,Assets,2.208,1993
Spain,ESP,Assets,2.208,1994
Spain,ESP,Assets,2.208,1995
Spain,ESP,Assets,2.208,1996
Spain,ESP,Assets,2.208,1997
Spain,ESP,Assets,2.208,1998
Spain,ESP,Assets,2.208,1999
Spain,ESP,Assets,2.208,2000
Spain,ESP,Assets,2.208,2001
Spain,ESP,Assets,2.208,2002
Spain,ESP,Assets,2.208,2003
Spain,ESP,Assets,2.208,2004
Spain,ESP,Assets,2.208,2005
Spain,ESP,Assets,2.208,2006
Spain,ESP,Assets,2.208,2007
Spain,ESP,Assets,2.208,2008
Spain,ESP,Assets,2.208,2009
Spain,ESP,Assets,2.208,2010
Spain,ESP,Assets,10.726,2011
Spain,ESP,Assets,2.208,2012
Spain,ESP,Assets,2.208,2013
Spain,ESP,Assets,24.921,2014
Spain,ESP,Assets,2.208,2015
Spain,ESP,Assets,2.208,2016
Spain,ESP,Assets,26.814,2017
Spain,ESP,Assets,2.208,2018
Spain,ESP,Assets,2.208,2019
Spain,ESP,Assets,2.208,2020
Spain,ESP,Assets,51.735,2021
Spain,ESP,Assets,2.208,2022
Spain,ESP,Assets,2.208,2023
Spain,ESP,Children 0-14,19.231,1960
Spain,ESP,Children 0-14,19.231,1961
Spain,ESP,Children 0-14,19.231,1962
Spain,ESP,Children 0-14,19.231,1963
Spain,ESP,Children 0-14,19.231,1964
Spain,ESP,Children 0-14,19.231,1965
Spain,ESP,Children 0-14,19.231,1966
Spain,ESP,Children 0-14,19.231,1967
Spain,ESP,Children 0-14,19.231,1968
Spain,ESP,Children 0-14,19.231,1969
Spain,ESP,Children 0-14,23.846,1970
Spain,ESP,Children 0-14,33.077,1971
Spain,ESP,Children 0-14,33.077,1972
Spain,ESP,Children 0-14,33.077,1973
Spain,ESP,Children 0-14,25.385,1974
Spain,ESP,Children 0-14,28.462,1975
Spain,ESP,Children 0-14,28.462,1976
Spain,ESP,Children 0-14,28.462,1977
Spain,ESP,Children 0-14,33.077,1978
Spain,ESP,Children 0-14,33.077,1979
Spain,ESP,Children 0-14,30.769,1980
Spain,ESP,Children 0-14,40.769,1981
Spain,ESP,Children 0-14,33.077,1982
Spain,ESP,Children 0-14,36.154,1983
Spain,ESP,Children 0-14,36.923,1984
Spain,ESP,Children 0-14,36.923,1985
Spain,ESP,Children 0-14,41.538,1986
Spain,ESP,Children 0-14,35.385,1987
Spain,ESP,Children 0-14,38.462,1988
Spain,ESP,Children 0-14,40.000,1989
Spain,ESP,Children 0-14,38.462,1990
Spain,ESP,Children 0-14,32.308,1991
Spain,ESP,Children 0-14,33.077,1992
Spain,ESP,Children 0-14,35.385,1993
Spain,ESP,Children 0-14,35.385,1994
Spain,ESP,Children 0-14,30.000,1995
Spain,ESP,Children 0-14,30.000,1996
Spain,ESP,Children 0-14,30.000,1997
Spain,ESP,Children 0-14,30.000,1998
Spain,ESP,Children 0-14,30.769,1999
Spain,ESP,Children 0-14,44.615,2000
Spain,ESP,Children 0-14,30.769,2001
Spain,ESP,Children 0-14,33.077,2002
Spain,ESP,Children 0-14,33.077,2003
Spain,ESP,Children 0-14,40.000,2004
Spain,ESP,Children 0-14,39.231,2005
Spain,ESP,Children 0-14,49.231,2006
Spain,ESP,Children 0-14,42.308,2007
Spain,ESP,Children 0-14,45.385,2008
Spain,ESP,Children 0-14,45.385,2009
Spain,ESP,Children 0-14,59.231,2010
Spain,ESP,Children 0-14,50.000,2011
Spain,ESP,Children 0-14,43.077,2012
Spain,ESP,Children 0-14,43.077,2013
Spain,ESP,Children 0-14,46.154,2014
Spain,ESP,Children 0-14,62.308,2015
Spain,ESP,Children 0-14,57.692,2016
Spain,ESP,Children 0-14,54.615,2017
Spain,ESP,Children 0-14,43.077,2018
Spain,ESP,Children 0-14,53.846,2019
Spain,ESP,Children 0-14,43.846,2020
Spain,ESP,Children 0-14,39.231,2021
Spain,ESP,Children 0-14,36.154,2022
Spain,ESP,Children 0-14,11.538,2023
Spain,ESP,Education,0.000,1960
Spain,ESP,Education,0.000,1961
Spain,ESP,Education,0.000,1962
Spain,ESP,Education,0.000,1963
Spain,ESP,Education,0.000,1964
Spain,ESP,Education,0.000,1965
Spain,ESP,Education,0.000,1966
Spain,ESP,Education,0.000,1967
Spain,ESP,Education,0.000,1968
Spain,ESP,Education,0.000,1969
Spain,ESP,Education,7.975,1970
Spain,ESP,Education,25.153,1971
Spain,ESP,Education,24.540,1972
Spain,ESP,Education,25.767,1973
Spain,ESP,Education,17.178,1974
Spain,ESP,Education,20.859,1975
Spain,ESP,Education,21.472,1976
Spain,ESP,Education,21.472,1977
Spain,ESP,Education,25.153,1978
Spain,ESP,Education,25.153,1979
Spain,ESP,Education,24.540,1980
Spain,ESP,Education,43.558,1981
Spain,ESP,Education,25.153,1982
Spain,ESP,Education,27.607,1983
Spain,ESP,Education,27.607,1984
Spain,ESP,Education,26.994,1985
Spain,ESP,Education,36.810,1986
Spain,ESP,Education,28.834,1987
Spain,ESP,Education,31.288,1988
Spain,ESP,Education,31.902,1989
Spain,ESP,Education,29.448,1990
Spain,ESP,Education,33.129,1991
Spain,ESP,Education,26.994,1992
Spain,ESP,Education,28.834,1993
Spain,ESP,Education,26.994,1994
Spain,ESP,Education,22.699,1995
Spain,ESP,Education,22.086,1996
Spain,ESP,Education,20.245,1997
Spain,ESP,Education,27.607,1998
Spain,ESP,Education,42.331,1999
Spain,ESP,Education,42.331,2000
Spain,ESP,Education,42.331,2001
Spain,ESP,Education,44.172,2002
Spain,ESP,Education,41.718,2003
Spain,ESP,Education,59.509,2004
Spain,ESP,Education,58.896,2005
Spain,ESP,Education,66.871,2006
Spain,ESP,Education,61.350,2007
Spain,ESP,Education,65.644,2008
Spain,ESP,Education,65.644,2009
Spain,ESP,Education,77.914,2010
Spain,ESP,Education,72.393,2011
Spain,ESP,Education,67.485,2012
Spain,ESP,Education,68.712,2013
Spain,ESP,Education,72.393,2014
Spain,ESP,Education,76.074,2015
Spain,ESP,Education,83.436,2016
Spain,ESP,Education,79.755,2017
Spain,ESP,Education,61.350,2018
Spain,ESP,Education,38.650,2019
Spain,ESP,Education,55.828,2020
Spain,ESP,Education,38.650,2021
Spain,ESP,Education,35.583,2022
Spain,ESP,Education,7.362,2023
Spain,ESP,Employment and Time Use,5.109,1960
Spain,ESP,Employment and Time Use,0.000,1961
Spain,ESP,Employment and Time Use,0.000,1962
Spain,ESP,Employment and Time Use,0.000,1963
Spain,ESP,Employment and Time Use,0.000,1964
Spain,ESP,Employment and Time Use,0.000,1965
Spain,ESP,Employment and Time Use,0.000,1966
Spain,ESP,Employment and Time Use,0.000,1967
Spain,ESP,Employment and Time Use,0.000,1968
Spain,ESP,Employment and Time Use,0.730,1969
Spain,ESP,Employment and Time Use,27.007,1970
Spain,ESP,Employment and Time Use,21.898,1971
Spain,ESP,Employment and Time Use,21.898,1972
Spain,ESP,Employment and Time Use,23.358,1973
Spain,ESP,Employment and Time Use,23.358,1974
Spain,ESP,Employment and Time Use,23.358,1975
Spain,ESP,Employment and Time Use,23.358,1976
Spain,ESP,Employment and Time Use,33.577,1977
Spain,ESP,Employment and Time Use,33.577,1978
Spain,ESP,Employment and Time Use,33.577,1979
Spain,ESP,Employment and Time Use,33.577,1980
Spain,ESP,Employment and Time Use,33.577,1981
Spain,ESP,Employment and Time Use,33.577,1982
Spain,ESP,Employment and Time Use,33.577,1983
Spain,ESP,Employment and Time Use,33.577,1984
Spain,ESP,Employment and Time Use,33.577,1985
Spain,ESP,Employment and Time Use,40.146,1986
Spain,ESP,Employment and Time Use,40.146,1987
Spain,ESP,Employment and Time Use,40.146,1988
Spain,ESP,Employment and Time Use,40.146,1989
Spain,ESP,Employment and Time Use,50.365,1990
Spain,ESP,Employment and Time Use,75.182,1991
Spain,ESP,Employment and Time Use,88.321,1992
Spain,ESP,Employment and Time Use,88.321,1993
Spain,ESP,Employment and Time Use,88.321,1994
Spain,ESP,Employment and Time Use,88.321,1995
Spain,ESP,Employment and Time Use,88.321,1996
Spain,ESP,Employment and Time Use,88.321,1997
Spain,ESP,Employment and Time Use,88.321,1998
Spain,ESP,Employment and Time Use,89.781,1999
Spain,ESP,Employment and Time Use,90.511,2000
Spain,ESP,Employment and Time Use,90.511,2001
Spain,ESP,Employment and Time Use,90.511,2002
Spain,ESP,Employment and Time Use,91.971,2003
Spain,ESP,Employment and Time Use,90.511,2004
Spain,ESP,Employment and Time Use,90.511,2005
Spain,ESP,Employment and Time Use,90.511,2006
Spain,ESP,Employment and Time Use,90.511,2007
Spain,ESP,Employment and Time Use,90.511,2008
Spain,ESP,Employment and Time Use,90.511,2009
Spain,ESP,Employment and Time Use,91.971,2010
Spain,ESP,Employment and Time Use,90.511,2011
Spain,ESP,Employment and Time Use,90.511,2012
Spain,ESP,Employment and Time Use,90.511,2013
Spain,ESP,Employment and Time Use,90.511,2014
Spain,ESP,Employment and Time Use,90.511,2015
Spain,ESP,Employment and Time Use,90.511,2016
Spain,ESP,Employment and Time Use,90.511,2017
Spain,ESP,Employment and Time Use,90.511,2018
Spain,ESP,Employment and Time Use,90.511,2019
Spain,ESP,Employment and Time Use,90.511,2020
Spain,ESP,Employment and Time Use,90.511,2021
Spain,ESP,Employment and Time Use,90.511,2022
Spain,ESP,Employment and Time Use,92.701,2023
Spain,ESP,Entrepreneurship,0.000,1960
Spain,ESP,Entrepreneurship,0.000,1961
Spain,ESP,Entrepreneurship,0.000,1962
Spain,ESP,Entrepreneurship,0.000,1963
Spain,ESP,Entrepreneurship,0.000,1964
Spain,ESP,Entrepreneurship,0.000,1965
Spain,ESP,Entrepreneurship,0.000,1966
Spain,ESP,Entrepreneurship,0.000,1967
Spain,ESP,Entrepreneurship,0.000,1968
Spain,ESP,Entrepreneurship,0.000,1969
Spain,ESP,Entrepreneurship,9.375,1970
Spain,ESP,Entrepreneurship,9.375,1971
Spain,ESP,Entrepreneurship,9.375,1972
Spain,ESP,Entrepreneurship,9.375,1973
Spain,ESP,Entrepreneurship,9.375,1974
Spain,ESP,Entrepreneurship,9.375,1975
Spain,ESP,Entrepreneurship,9.375,1976
Spain,ESP,Entrepreneurship,9.375,1977
Spain,ESP,Entrepreneurship,9.375,1978
Spain,ESP,Entrepreneurship,9.375,1979
Spain,ESP,Entrepreneurship,9.375,1980
Spain,ESP,Entrepreneurship,9.375,1981
Spain,ESP,Entrepreneurship,9.375,1982
Spain,ESP,Entrepreneurship,9.375,1983
Spain,ESP,Entrepreneurship,9.375,1984
Spain,ESP,Entrepreneurship,9.375,1985
Spain,ESP,Entrepreneurship,9.375,1986
Spain,ESP,Entrepreneurship,9.375,1987
Spain,ESP,Entrepreneurship,9.375,1988
Spain,ESP,Entrepreneurship,9.375,1989
Spain,ESP,Entrepreneurship,9.375,1990
Spain,ESP,Entrepreneurship,9.375,1991
Spain,ESP,Entrepreneurship,9.375,1992
Spain,ESP,Entrepreneurship,9.375,1993
Spain,ESP,Entrepreneurship,9.375,1994
Spain,ESP,Entrepreneurship,9.375,1995
Spain,ESP,Entrepreneurship,9.375,1996
Spain,ESP,Entrepreneurship,9.375,1997
Spain,ESP,Entrepreneurship,9.375,1998
Spain,ESP,Entrepreneurship,9.375,1999
Spain,ESP,Entrepreneurship,9.375,2000
Spain,ESP,Entrepreneurship,9.375,2001
Spain,ESP,Entrepreneurship,9.375,2002
Spain,ESP,Entrepreneurship,37.500,2003
Spain,ESP,Entrepreneurship,37.500,2004
Spain,ESP,Entrepreneurship,40.625,2005
Spain,ESP,Entrepreneurship,37.500,2006
Spain,ESP,Entrepreneurship,37.500,2007
Spain,ESP,Entrepreneurship,37.500,2008
Spain,ESP,Entrepreneurship,37.500,2009
Spain,ESP,Entrepreneurship,37.500,2010
Spain,ESP,Entrepreneurship,37.500,2011
Spain,ESP,Entrepreneurship,37.500,2012
Spain,ESP,Entrepreneurship,37.500,2013
Spain,ESP,Entrepreneurship,56.250,2014
Spain,ESP,Entrepreneurship,37.500,2015
Spain,ESP,Entrepreneurship,37.500,2016
Spain,ESP,Entrepreneurship,56.250,2017
Spain,ESP,Entrepreneurship,37.500,2018
Spain,ESP,Entrepreneurship,37.500,2019
Spain,ESP,Entrepreneurship,9.375,2020
Spain,ESP,Entrepreneurship,15.625,2021
Spain,ESP,Entrepreneurship,9.375,2022
Spain,ESP,Entrepreneurship,9.375,2023
Spain,ESP,Environment,0.000,1960
Spain,ESP,Environment,0.000,1961
Spain,ESP,Environment,0.000,1962
Spain,ESP,Environment,0.000,1963
Spain,ESP,Environment,0.000,1964
Spain,ESP,Environment,0.000,1965
Spain,ESP,Environment,0.000,1966
Spain,ESP,Environment,0.000,1967
Spain,ESP,Environment,0.000,1968
Spain,ESP,Environment,0.000,1969
Spain,ESP,Environment,0.000,1970
Spain,ESP,Environment,0.000,1971
Spain,ESP,Environment,0.000,1972
Spain,ESP,Environment,0.000,1973
Spain,ESP,Environment,0.000,1974
Spain,ESP,Environment,0.000,1975
Spain,ESP,Environment,0.000,1976
Spain,ESP,Environment,0.000,1977
Spain,ESP,Environment,0.000,1978
Spain,ESP,Environment,0.000,1979
Spain,ESP,Environment,0.000,1980
Spain,ESP,Environment,0.000,1981
Spain,ESP,Environment,0.000,1982
Spain,ESP,Environment,0.000,1983
Spain,ESP,Environment,0.000,1984
Spain,ESP,Environment,0.000,1985
Spain,ESP,Environment,0.000,1986
Spain,ESP,Environment,0.000,1987
Spain,ESP,Environment,0.000,1988
Spain,ESP,Environment,0.000,1989
Spain,ESP,Environment,0.000,1990
Spain,ESP,Environment,0.000,1991
Spain,ESP,Environment,0.000,1992
Spain,ESP,Environment,0.000,1993
Spain,ESP,Environment,0.000,1994
Spain,ESP,Environment,0.000,1995
Spain,ESP,Environment,0.000,1996
Spain,ESP,Environment,0.000,1997
Spain,ESP,Environment,0.000,1998
Spain,ESP,Environment,3.333,1999
Spain,ESP,Environment,13.333,2000
Spain,ESP,Environment,13.333,2001
Spain,ESP,Environment,13.333,2002
Spain,ESP,Environment,13.333,2003
Spain,ESP,Environment,13.333,2004
Spain,ESP,Environment,13.333,2005
Spain,ESP,Environment,13.333,2006
Spain,ESP,Environment,13.333,2007
Spain,ESP,Environment,13.333,2008
Spain,ESP,Environment,13.333,2009
Spain,ESP,Environment,13.333,2010
Spain,ESP,Environment,13.333,2011
Spain,ESP,Environment,13.333,2012
Spain,ESP,Environment,13.333,2013
Spain,ESP,Environment,13.333,2014
Spain,ESP,Environment,13.333,2015
Spain,ESP,Environment,13.333,2016
Spain,ESP,Environment,13.333,2017
Spain,ESP,Environment,10.000,2018
Spain,ESP,Environment,30.000,2019
Spain,ESP,Environment,10.000,2020
Spain,ESP,Environment,10.000,2021
Spain,ESP,Environment,10.000,2022
Spain,ESP,Environment,0.000,2023
Spain,ESP,Health,8.586,1960
Spain,ESP,Health,8.586,1961
Spain,ESP,Health,8.586,1962
Spain,ESP,Health,8.586,1963
Spain,ESP,Health,8.586,1964
Spain,ESP,Health,8.586,1965
Spain,ESP,Health,8.586,1966
Spain,ESP,Health,8.586,1967
Spain,ESP,Health,8.586,1968
Spain,ESP,Health,8.586,1969
Spain,ESP,Health,8.586,1970
Spain,ESP,Health,8.586,1971
Spain,ESP,Health,8.586,1972
Spain,ESP,Health,8.586,1973
Spain,ESP,Health,8.586,1974
Spain,ESP,Health,11.111,1975
Spain,ESP,Health,11.111,1976
Spain,ESP,Health,12.121,1977
Spain,ESP,Health,11.111,1978
Spain,ESP,Health,11.111,1979
Spain,ESP,Health,11.111,1980
Spain,ESP,Health,11.616,1981
Spain,ESP,Health,11.616,1982
Spain,ESP,Health,11.616,1983
Spain,ESP,Health,12.121,1984
Spain,ESP,Health,13.636,1985
Spain,ESP,Health,12.626,1986
Spain,ESP,Health,12.626,1987
Spain,ESP,Health,12.626,1988
Spain,ESP,Health,12.626,1989
Spain,ESP,Health,14.141,1990
Spain,ESP,Health,14.141,1991
Spain,ESP,Health,14.141,1992
Spain,ESP,Health,14.141,1993
Spain,ESP,Health,14.141,1994
Spain,ESP,Health,15.657,1995
Spain,ESP,Health,14.141,1996
Spain,ESP,Health,14.141,1997
Spain,ESP,Health,14.141,1998
Spain,ESP,Health,15.152,1999
Spain,ESP,Health,53.030,2000
Spain,ESP,Health,28.788,2001
Spain,ESP,Health,28.788,2002
Spain,ESP,Health,28.788,2003
Spain,ESP,Health,28.788,2004
Spain,ESP,Health,30.303,2005
Spain,ESP,Health,29.798,2006
Spain,ESP,Health,28.788,2007
Spain,ESP,Health,28.788,2008
Spain,ESP,Health,29.798,2009
Spain,ESP,Health,56.061,2010
Spain,ESP,Health,28.788,2011
Spain,ESP,Health,28.788,2012
Spain,ESP,Health,28.788,2013
Spain,ESP,Health,30.303,2014
Spain,ESP,Health,53.535,2015
Spain,ESP,Health,28.788,2016
Spain,ESP,Health,30.303,2017
Spain,ESP,Health,31.818,2018
Spain,ESP,Health,53.535,2019
Spain,ESP,Health,23.232,2020
Spain,ESP,Health,16.162,2021
Spain,ESP,Health,11.616,2022
Spain,ESP,Health,1.010,2023
Spain,ESP,Leadership,0.000,1960
Spain,ESP,Leadership,0.000,1961
Spain,ESP,Leadership,0.000,1962
Spain,ESP,Leadership,0.000,1963
Spain,ESP,Leadership,0.000,1964
Spain,ESP,Leadership,0.000,1965
Spain,ESP,Leadership,0.000,1966
Spain,ESP,Leadership,0.000,1967
Spain,ESP,Leadership,0.000,1968
Spain,ESP,Leadership,0.000,1969
Spain,ESP,Leadership,0.000,1970
Spain,ESP,Leadership,0.000,1971
Spain,ESP,Leadership,0.000,1972
Spain,ESP,Leadership,0.000,1973
Spain,ESP,Leadership,0.000,1974
Spain,ESP,Leadership,0.000,1975
Spain,ESP,Leadership,0.000,1976
Spain,ESP,Leadership,0.000,1977
Spain,ESP,Leadership,0.000,1978
Spain,ESP,Leadership,0.000,1979
Spain,ESP,Leadership,0.000,1980
Spain,ESP,Leadership,0.000,1981
Spain,ESP,Leadership,0.000,1982
Spain,ESP,Leadership,0.000,1983
Spain,ESP,Leadership,0.000,1984
Spain,ESP,Leadership,0.000,1985
Spain,ESP,Leadership,0.000,1986
Spain,ESP,Leadership,0.000,1987
Spain,ESP,Leadership,0.000,1988
Spain,ESP,Leadership,0.000,1989
Spain,ESP,Leadership,0.000,1990
Spain,ESP,Leadership,0.000,1991
Spain,ESP,Leadership,0.000,1992
Spain,ESP,Leadership,0.000,1993
Spain,ESP,Leadership,0.000,1994
Spain,ESP,Leadership,0.000,1995
Spain,ESP,Leadership,0.000,1996
Spain,ESP,Leadership,25.000,1997
Spain,ESP,Leadership,25.000,1998
Spain,ESP,Leadership,25.000,1999
Spain,ESP,Leadership,50.000,2000
Spain,ESP,Leadership,50.000,2001
Spain,ESP,Leadership,50.000,2002
Spain,ESP,Leadership,50.000,2003
Spain,ESP,Leadership,50.000,2004
Spain,ESP,Leadership,75.000,2005
Spain,ESP,Leadership,50.000,2006
Spain,ESP,Leadership,50.000,2007
Spain,ESP,Leadership,75.000,2008
Spain,ESP,Leadership,50.000,2009
Spain,ESP,Leadership,75.000,2010
Spain,ESP,Leadership,50.000,2011
Spain,ESP,Leadership,75.000,2012
Spain,ESP,Leadership,50.000,2013
Spain,ESP,Leadership,75.000,2014
Spain,ESP,Leadership,75.000,2015
Spain,ESP,Leadership,75.000,2016
Spain,ESP,Leadership,50.000,2017
Spain,ESP,Leadership,75.000,2018
Spain,ESP,Leadership,75.000,2019
Spain,ESP,Leadership,75.000,2020
Spain,ESP,Leadership,75.000,2021
Spain,ESP,Leadership,75.000,2022
Spain,ESP,Leadership,25.000,2023
Spain,ESP,Norms and Decision-making,0.000,1960
Spain,ESP,Norms and Decision-making,0.000,1961
Spain,ESP,Norms and Decision-making,0.000,1962
Spain,ESP,Norms and Decision-making,0.000,1963
Spain,ESP,Norms and Decision-making,0.000,1964
Spain,ESP,Norms and Decision-making,0.000,1965
Spain,ESP,Norms and Decision-making,0.000,1966
Spain,ESP,Norms and Decision-making,0.000,1967
Spain,ESP,Norms and Decision-making,0.000,1968
Spain,ESP,Norms and Decision-making,0.000,1969
Spain,ESP,Norms and Decision-making,14.074,1970
Spain,ESP,Norms and Decision-making,12.593,1971
Spain,ESP,Norms and Decision-making,12.593,1972
Spain,ESP,Norms and Decision-making,12.593,1973
Spain,ESP,Norms and Decision-making,12.593,1974
Spain,ESP,Norms and Decision-making,12.593,1975
Spain,ESP,Norms and Decision-making,12.593,1976
Spain,ESP,Norms and Decision-making,12.593,1977
Spain,ESP,Norms and Decision-making,14.074,1978
Spain,ESP,Norms and Decision-making,12.593,1979
Spain,ESP,Norms and Decision-making,12.593,1980
Spain,ESP,Norms and Decision-making,14.074,1981
Spain,ESP,Norms and Decision-making,12.593,1982
Spain,ESP,Norms and Decision-making,12.593,1983
Spain,ESP,Norms and Decision-making,12.593,1984
Spain,ESP,Norms and Decision-making,12.593,1985
Spain,ESP,Norms and Decision-making,14.074,1986
Spain,ESP,Norms and Decision-making,12.593,1987
Spain,ESP,Norms and Decision-making,12.593,1988
Spain,ESP,Norms and Decision-making,12.593,1989
Spain,ESP,Norms and Decision-making,12.593,1990
Spain,ESP,Norms and Decision-making,14.074,1991
Spain,ESP,Norms and Decision-making,12.593,1992
Spain,ESP,Norms and Decision-making,12.593,1993
Spain,ESP,Norms and Decision-making,12.593,1994
Spain,ESP,Norms and Decision-making,12.593,1995
Spain,ESP,Norms and Decision-making,12.593,1996
Spain,ESP,Norms and Decision-making,12.593,1997
Spain,ESP,Norms and Decision-making,12.593,1998
Spain,ESP,Norms and Decision-making,12.593,1999
Spain,ESP,Norms and Decision-making,12.593,2000
Spain,ESP,Norms and Decision-making,14.074,2001
Spain,ESP,Norms and Decision-making,12.593,2002
Spain,ESP,Norms and Decision-making,12.593,2003
Spain,ESP,Norms and Decision-making,12.593,2004
Spain,ESP,Norms and Decision-making,12.593,2005
Spain,ESP,Norms and Decision-making,12.593,2006
Spain,ESP,Norms and Decision-making,12.593,2007
Spain,ESP,Norms and Decision-making,12.593,2008
Spain,ESP,Norms and Decision-making,12.593,2009
Spain,ESP,Norms and Decision-making,12.593,2010
Spain,ESP,Norms and Decision-making,14.074,2011
Spain,ESP,Norms and Decision-making,12.593,2012
Spain,ESP,Norms and Decision-making,12.593,2013
Spain,ESP,Norms and Decision-making,12.593,2014
Spain,ESP,Norms and Decision-making,12.593,2015
Spain,ESP,Norms and Decision-making,12.593,2016
Spain,ESP,Norms and Decision-making,12.593,2017
Spain,ESP,Norms and Decision-making,12.593,2018
Spain,ESP,Norms and Decision-making,12.593,2019
Spain,ESP,Norms and Decision-making,12.593,2020
Spain,ESP,Norms and Decision-making,12.593,2021
Spain,ESP,Norms and Decision-making,12.593,2022
Spain,ESP,Norms and Decision-making,12.593,2023
Spain,ESP,Population,86.905,1960
Spain,ESP,Population,86.905,1961
Spain,ESP,Population,86.905,1962
Spain,ESP,Population,86.905,1963
Spain,ESP,Population,86.905,1964
Spain,ESP,Population,86.905,1965
Spain,ESP,Population,86.905,1966
Spain,ESP,Population,86.905,1967
Spain,ESP,Population,86.905,1968
Spain,ESP,Population,86.905,1969
Spain,ESP,Population,89.286,1970
Spain,ESP,Population,86.905,1971
Spain,ESP,Population,86.905,1972
Spain,ESP,Population,86.905,1973
Spain,ESP,Population,86.905,1974
Spain,ESP,Population,86.905,1975
Spain,ESP,Population,86.905,1976
Spain,ESP,Population,86.905,1977
Spain,ESP,Population,89.286,1978
Spain,ESP,Population,86.905,1979
Spain,ESP,Population,91.667,1980
Spain,ESP,Population,89.286,1981
Spain,ESP,Population,86.905,1982
Spain,ESP,Population,86.905,1983
Spain,ESP,Population,86.905,1984
Spain,ESP,Population,91.667,1985
Spain,ESP,Population,89.286,1986
Spain,ESP,Population,86.905,1987
Spain,ESP,Population,86.905,1988
Spain,ESP,Population,86.905,1989
Spain,ESP,Population,92.857,1990
Spain,ESP,Population,89.286,1991
Spain,ESP,Population,86.905,1992
Spain,ESP,Population,86.905,1993
Spain,ESP,Population,86.905,1994
Spain,ESP,Population,92.857,1995
Spain,ESP,Population,86.905,1996
Spain,ESP,Population,86.905,1997
Spain,ESP,Population,86.905,1998
Spain,ESP,Population,86.905,1999
Spain,ESP,Population,92.857,2000
Spain,ESP,Population,89.286,2001
Spain,ESP,Population,86.905,2002
Spain,ESP,Population,86.905,2003
Spain,ESP,Population,86.905,2004
Spain,ESP,Population,92.857,2005
Spain,ESP,Population,86.905,2006
Spain,ESP,Population,86.905,2007
Spain,ESP,Population,86.905,2008
Spain,ESP,Population,86.905,2009
Spain,ESP,Population,92.857,2010
Spain,ESP,Population,90.476,2011
Spain,ESP,Population,86.905,2012
Spain,ESP,Population,86.905,2013
Spain,ESP,Population,88.095,2014
Spain,ESP,Population,92.857,2015
Spain,ESP,Population,86.905,2016
Spain,ESP,Population,88.095,2017
Spain,ESP,Population,86.905,2018
Spain,ESP,Population,86.905,2019
Spain,ESP,Population,90.476,2020
Spain,ESP,Population,86.905,2021
Spain,ESP,Population,88.095,2022
Spain,ESP,Population,77.381,2023
Spain,ESP,SDGs,2.685,1960
Spain,ESP,SDGs,2.685,1961
Spain,ESP,SDGs,2.685,1962
Spain,ESP,SDGs,2.685,1963
Spain,ESP,SDGs,2.685,1964
Spain,ESP,SDGs,2.685,1965
Spain,ESP,SDGs,2.685,1966
Spain,ESP,SDGs,2.685,1967
Spain,ESP,SDGs,2.685,1968
Spain,ESP,SDGs,3.356,1969
Spain,ESP,SDGs,12.081,1970
Spain,ESP,SDGs,12.081,1971
Spain,ESP,SDGs,12.081,1972
Spain,ESP,SDGs,13.423,1973
Spain,ESP,SDGs,13.423,1974
Spain,ESP,SDGs,13.423,1975
Spain,ESP,SDGs,13.423,1976
Spain,ESP,SDGs,15.436,1977
Spain,ESP,SDGs,15.436,1978
Spain,ESP,SDGs,15.436,1979
Spain,ESP,SDGs,15.436,1980
Spain,ESP,SDGs,15.436,1981
Spain,ESP,SDGs,15.436,1982
Spain,ESP,SDGs,15.436,1983
Spain,ESP,SDGs,16.107,1984
Spain,ESP,SDGs,16.779,1985
Spain,ESP,SDGs,16.779,1986
Spain,ESP,SDGs,16.779,1987
Spain,ESP,SDGs,16.779,1988
Spain,ESP,SDGs,16.779,1989
Spain,ESP,SDGs,16.779,1990
Spain,ESP,SDGs,20.805,1991
Spain,ESP,SDGs,20.805,1992
Spain,ESP,SDGs,20.805,1993
Spain,ESP,SDGs,20.805,1994
Spain,ESP,SDGs,20.805,1995
Spain,ESP,SDGs,20.805,1996
Spain,ESP,SDGs,21.477,1997
Spain,ESP,SDGs,21.477,1998
Spain,ESP,SDGs,21.477,1999
Spain,ESP,SDGs,66.443,2000
Spain,ESP,SDGs,34.228,2001
Spain,ESP,SDGs,34.228,2002
Spain,ESP,SDGs,35.570,2003
Spain,ESP,SDGs,34.228,2004
Spain,ESP,SDGs,36.242,2005
Spain,ESP,SDGs,36.242,2006
Spain,ESP,SDGs,34.228,2007
Spain,ESP,SDGs,34.228,2008
Spain,ESP,SDGs,34.228,2009
Spain,ESP,SDGs,67.785,2010
Spain,ESP,SDGs,38.255,2011
Spain,ESP,SDGs,34.899,2012
Spain,ESP,SDGs,34.228,2013
Spain,ESP,SDGs,36.242,2014
Spain,ESP,SDGs,67.114,2015
Spain,ESP,SDGs,36.242,2016
Spain,ESP,SDGs,35.570,2017
Spain,ESP,SDGs,37.584,2018
Spain,ESP,SDGs,70.470,2019
Spain,ESP,SDGs,28.188,2020
Spain,ESP,SDGs,24.832,2021
Spain,ESP,SDGs,22.819,2022
Spain,ESP,SDGs,18.121,2023
Spain,ESP,Technology,0.000,1960
Spain,ESP,Technology,0.000,1961
Spain,ESP,Technology,0.000,1962
Spain,ESP,Technology,0.000,1963
Spain,ESP,Technology,0.000,1964
Spain,ESP,Technology,0.000,1965
Spain,ESP,Technology,0.000,1966
Spain,ESP,Technology,0.000,1967
Spain,ESP,Technology,0.000,1968
Spain,ESP,Technology,0.000,1969
Spain,ESP,Technology,0.000,1970
Spain,ESP,Technology,0.000,1971
Spain,ESP,Technology,0.000,1972
Spain,ESP,Technology,0.000,1973
Spain,ESP,Technology,0.000,1974
Spain,ESP,Technology,0.000,1975
Spain,ESP,Technology,0.000,1976
Spain,ESP,Technology,0.000,1977
Spain,ESP,Technology,0.000,1978
Spain,ESP,Technology,0.000,1979
Spain,ESP,Technology,0.000,1980
Spain,ESP,Technology,0.000,1981
Spain,ESP,Technology,0.000,1982
Spain,ESP,Technology,0.000,1983
Spain,ESP,Technology,0.000,1984
Spain,ESP,Technology,0.000,1985
Spain,ESP,Technology,0.000,1986
Spain,ESP,Technology,0.000,1987
Spain,ESP,Technology,0.000,1988
Spain,ESP,Technology,0.000,1989
Spain,ESP,Technology,2.222,1990
Spain,ESP,Technology,2.222,1991
Spain,ESP,Technology,2.222,1992
Spain,ESP,Technology,2.222,1993
Spain,ESP,Technology,2.222,1994
Spain,ESP,Technology,2.222,1995
Spain,ESP,Technology,2.222,1996
Spain,ESP,Technology,2.222,1997
Spain,ESP,Technology,2.222,1998
Spain,ESP,Technology,8.889,1999
Spain,ESP,Technology,8.889,2000
Spain,ESP,Technology,8.889,2001
Spain,ESP,Technology,13.333,2002
Spain,ESP,Technology,13.333,2003
Spain,ESP,Technology,13.333,2004
Spain,ESP,Technology,13.333,2005
Spain,ESP,Technology,13.333,2006
Spain,ESP,Technology,13.333,2007
Spain,ESP,Technology,13.333,2008
Spain,ESP,Technology,13.333,2009
Spain,ESP,Technology,13.333,2010
Spain,ESP,Technology,20.000,2011
Spain,ESP,Technology,13.333,2012
Spain,ESP,Technology,13.333,2013
Spain,ESP,Technology,40.000,2014
Spain,ESP,Technology,13.333,2015
Spain,ESP,Technology,13.333,2016
Spain,ESP,Technology,60.000,2017
Spain,ESP,Technology,6.667,2018
Spain,ESP,Technology,6.667,2019
Spain,ESP,Technology,6.667,2020
Spain,ESP,Technology,73.333,2021
Spain,ESP,Technology,6.667,2022
Spain,ESP,Technology,6.667,2023
Spain,ESP,Violence,0.000,1960
Spain,ESP,Violence,0.000,1961
Spain,ESP,Violence,0.000,1962
Spain,ESP,Violence,0.000,1963
Spain,ESP,Violence,0.000,1964
Spain,ESP,Violence,0.000,1965
Spain,ESP,Violence,0.000,1966
Spain,ESP,Violence,0.000,1967
Spain,ESP,Violence,0.000,1968
Spain,ESP,Violence,0.000,1969
Spain,ESP,Violence,2.143,1970
Spain,ESP,Violence,2.143,1971
Spain,ESP,Violence,2.143,1972
Spain,ESP,Violence,2.143,1973
Spain,ESP,Violence,2.143,1974
Spain,ESP,Violence,2.143,1975
Spain,ESP,Violence,2.143,1976
Spain,ESP,Violence,2.143,1977
Spain,ESP,Violence,2.143,1978
Spain,ESP,Violence,2.143,1979
Spain,ESP,Violence,2.143,1980
Spain,ESP,Violence,2.143,1981
Spain,ESP,Violence,2.143,1982
Spain,ESP,Violence,2.143,1983
Spain,ESP,Violence,2.143,1984
Spain,ESP,Violence,2.143,1985
Spain,ESP,Violence,2.143,1986
Spain,ESP,Violence,2.143,1987
Spain,ESP,Violence,2.143,1988
Spain,ESP,Violence,2.143,1989
Spain,ESP,Violence,2.857,1990
Spain,ESP,Violence,2.857,1991
Spain,ESP,Violence,2.857,1992
Spain,ESP,Violence,2.857,1993
Spain,ESP,Violence,2.857,1994
Spain,ESP,Violence,2.857,1995
Spain,ESP,Violence,2.857,1996
Spain,ESP,Violence,2.857,1997
Spain,ESP,Violence,2.857,1998
Spain,ESP,Violence,2.857,1999
Spain,ESP,Violence,5.000,2000
Spain,ESP,Violence,6.429,2001
Spain,ESP,Violence,6.429,2002
Spain,ESP,Violence,6.429,2003
Spain,ESP,Violence,6.429,2004
Spain,ESP,Violence,6.429,2005
Spain,ESP,Violence,6.429,2006
Spain,ESP,Violence,6.429,2007
Spain,ESP,Violence,6.429,2008
Spain,ESP,Violence,6.429,2009
Spain,ESP,Violence,6.429,2010
Spain,ESP,Violence,6.429,2011
Spain,ESP,Violence,7.143,2012
Spain,ESP,Violence,6.429,2013
Spain,ESP,Violence,6.429,2014
Spain,ESP,Violence,6.429,2015
Spain,ESP,Violence,6.429,2016
Spain,ESP,Violence,6.429,2017
Spain,ESP,Violence,9.286,2018
Spain,ESP,Violence,6.429,2019
Spain,ESP,Violence,4.286,2020
Spain,ESP,Violence,4.286,2021
Spain,ESP,Violence,2.143,2022
Spain,ESP,Violence,2.143,2023
Spain,ESP,Youth 15-24,7.339,1960
Spain,ESP,Youth 15-24,4.587,1961
Spain,ESP,Youth 15-24,4.587,1962
Spain,ESP,Youth 15-24,4.587,1963
Spain,ESP,Youth 15-24,4.587,1964
Spain,ESP,Youth 15-24,4.587,1965
Spain,ESP,Youth 15-24,4.587,1966
Spain,ESP,Youth 15-24,4.587,1967
Spain,ESP,Youth 15-24,4.587,1968
Spain,ESP,Youth 15-24,4.587,1969
Spain,ESP,Youth 15-24,12.844,1970
Spain,ESP,Youth 15-24,21.101,1971
Spain,ESP,Youth 15-24,21.101,1972
Spain,ESP,Youth 15-24,22.936,1973
Spain,ESP,Youth 15-24,18.349,1974
Spain,ESP,Youth 15-24,21.101,1975
Spain,ESP,Youth 15-24,21.101,1976
Spain,ESP,Youth 15-24,27.523,1977
Spain,ESP,Youth 15-24,27.523,1978
Spain,ESP,Youth 15-24,27.523,1979
Spain,ESP,Youth 15-24,30.275,1980
Spain,ESP,Youth 15-24,43.119,1981
Spain,ESP,Youth 15-24,27.523,1982
Spain,ESP,Youth 15-24,27.523,1983
Spain,ESP,Youth 15-24,27.523,1984
Spain,ESP,Youth 15-24,27.523,1985
Spain,ESP,Youth 15-24,38.532,1986
Spain,ESP,Youth 15-24,33.028,1987
Spain,ESP,Youth 15-24,33.028,1988
Spain,ESP,Youth 15-24,33.028,1989
Spain,ESP,Youth 15-24,34.862,1990
Spain,ESP,Youth 15-24,51.376,1991
Spain,ESP,Youth 15-24,44.037,1992
Spain,ESP,Youth 15-24,44.037,1993
Spain,ESP,Youth 15-24,41.284,1994
Spain,ESP,Youth 15-24,41.284,1995
Spain,ESP,Youth 15-24,41.284,1996
Spain,ESP,Youth 15-24,41.284,1997
Spain,ESP,Youth 15-24,48.624,1998
Spain,ESP,Youth 15-24,67.890,1999
Spain,ESP,Youth 15-24,67.890,2000
Spain,ESP,Youth 15-24,67.890,2001
Spain,ESP,Youth 15-24,67.890,2002
Spain,ESP,Youth 15-24,64.220,2003
Spain,ESP,Youth 15-24,79.817,2004
Spain,ESP,Youth 15-24,79.817,2005
Spain,ESP,Youth 15-24,79.817,2006
Spain,ESP,Youth 15-24,79.817,2007
Spain,ESP,Youth 15-24,82.569,2008
Spain,ESP,Youth 15-24,82.569,2009
Spain,ESP,Youth 15-24,81.651,2010
Spain,ESP,Youth 15-24,82.569,2011
Spain,ESP,Youth 15-24,82.569,2012
Spain,ESP,Youth 15-24,84.404,2013
Spain,ESP,Youth 15-24,84.404,2014
Spain,ESP,Youth 15-24,88.991,2015
Spain,ESP,Youth 15-24,88.991,2016
Spain,ESP,Youth 15-24,78.899,2017
Spain,ESP,Youth 15-24,61.468,2018
Spain,ESP,Youth 15-24,47.706,2019
Spain,ESP,Youth 15-24,54.128,2020
Spain,ESP,Youth 15-24,48.624,2021
Spain,ESP,Youth 15-24,48.624,2022
Spain,ESP,Youth 15-24,30.275,2023
