Country Name,Country Code,Topic,% of available indicators,Year
"Congo, Rep.",COG,Assets,0.000,1960
"Congo, Rep.",COG,Assets,0.000,1961
"Congo, Rep.",COG,Assets,0.000,1962
"Congo, Rep.",COG,Assets,0.000,1963
"Congo, Rep.",COG,Assets,0.000,1964
"Congo, Rep.",COG,Assets,0.000,1965
"Congo, Rep.",COG,Assets,0.000,1966
"Congo, Rep.",COG,Assets,0.000,1967
"Congo, Rep.",COG,Assets,0.000,1968
"Congo, Rep.",COG,Assets,0.000,1969
"Congo, Rep.",COG,Assets,2.208,1970
"Congo, Rep.",COG,Assets,2.208,1971
"Congo, Rep.",COG,Assets,2.208,1972
"Congo, Rep.",COG,Assets,2.208,1973
"Congo, Rep.",COG,Assets,2.208,1974
"Congo, Rep.",COG,Assets,2.208,1975
"Congo, Rep.",COG,Assets,2.208,1976
"Congo, Rep.",COG,Assets,2.208,1977
"Congo, Rep.",COG,Assets,2.208,1978
"Congo, Rep.",COG,Assets,2.208,1979
"Congo, Rep.",COG,Assets,2.208,1980
"Congo, Rep.",COG,Assets,2.208,1981
"Congo, Rep.",COG,Assets,2.208,1982
"Congo, Rep.",COG,Assets,2.208,1983
"Congo, Rep.",COG,Assets,2.208,1984
"Congo, Rep.",COG,Assets,2.208,1985
"Congo, Rep.",COG,Assets,2.208,1986
"Congo, Rep.",COG,Assets,2.208,1987
"Congo, Rep.",COG,Assets,2.208,1988
"Congo, Rep.",COG,Assets,2.208,1989
"Congo, Rep.",COG,Assets,2.208,1990
"Congo, Rep.",COG,Assets,2.208,1991
"Congo, Rep.",COG,Assets,2.208,1992
"Congo, Rep.",COG,Assets,2.208,1993
"Congo, Rep.",COG,Assets,2.208,1994
"Congo, Rep.",COG,Assets,2.208,1995
"Congo, Rep.",COG,Assets,2.208,1996
"Congo, Rep.",COG,Assets,2.208,1997
"Congo, Rep.",COG,Assets,2.208,1998
"Congo, Rep.",COG,Assets,2.208,1999
"Congo, Rep.",COG,Assets,2.208,2000
"Congo, Rep.",COG,Assets,2.208,2001
"Congo, Rep.",COG,Assets,2.208,2002
"Congo, Rep.",COG,Assets,2.208,2003
"Congo, Rep.",COG,Assets,2.208,2004
"Congo, Rep.",COG,Assets,2.208,2005
"Congo, Rep.",COG,Assets,2.208,2006
"Congo, Rep.",COG,Assets,2.208,2007
"Congo, Rep.",COG,Assets,2.208,2008
"Congo, Rep.",COG,Assets,2.208,2009
"Congo, Rep.",COG,Assets,2.208,2010
"Congo, Rep.",COG,Assets,11.672,2011
"Congo, Rep.",COG,Assets,17.350,2012
"Congo, Rep.",COG,Assets,2.208,2013
"Congo, Rep.",COG,Assets,31.546,2014
"Congo, Rep.",COG,Assets,2.208,2015
"Congo, Rep.",COG,Assets,2.208,2016
"Congo, Rep.",COG,Assets,34.069,2017
"Congo, Rep.",COG,Assets,2.208,2018
"Congo, Rep.",COG,Assets,2.208,2019
"Congo, Rep.",COG,Assets,2.208,2020
"Congo, Rep.",COG,Assets,63.091,2021
"Congo, Rep.",COG,Assets,2.208,2022
"Congo, Rep.",COG,Assets,2.208,2023
"Congo, Rep.",COG,Children 0-14,19.231,1960
"Congo, Rep.",COG,Children 0-14,19.231,1961
"Congo, Rep.",COG,Children 0-14,19.231,1962
"Congo, Rep.",COG,Children 0-14,19.231,1963
"Congo, Rep.",COG,Children 0-14,19.231,1964
"Congo, Rep.",COG,Children 0-14,19.231,1965
"Congo, Rep.",COG,Children 0-14,19.231,1966
"Congo, Rep.",COG,Children 0-14,19.231,1967
"Congo, Rep.",COG,Children 0-14,19.231,1968
"Congo, Rep.",COG,Children 0-14,19.231,1969
"Congo, Rep.",COG,Children 0-14,19.231,1970
"Congo, Rep.",COG,Children 0-14,29.231,1971
"Congo, Rep.",COG,Children 0-14,37.692,1972
"Congo, Rep.",COG,Children 0-14,32.308,1973
"Congo, Rep.",COG,Children 0-14,36.154,1974
"Congo, Rep.",COG,Children 0-14,30.000,1975
"Congo, Rep.",COG,Children 0-14,37.692,1976
"Congo, Rep.",COG,Children 0-14,30.000,1977
"Congo, Rep.",COG,Children 0-14,40.000,1978
"Congo, Rep.",COG,Children 0-14,36.923,1979
"Congo, Rep.",COG,Children 0-14,36.154,1980
"Congo, Rep.",COG,Children 0-14,40.000,1981
"Congo, Rep.",COG,Children 0-14,40.000,1982
"Congo, Rep.",COG,Children 0-14,41.538,1983
"Congo, Rep.",COG,Children 0-14,46.154,1984
"Congo, Rep.",COG,Children 0-14,30.000,1985
"Congo, Rep.",COG,Children 0-14,30.000,1986
"Congo, Rep.",COG,Children 0-14,35.385,1987
"Congo, Rep.",COG,Children 0-14,30.000,1988
"Congo, Rep.",COG,Children 0-14,33.846,1989
"Congo, Rep.",COG,Children 0-14,30.000,1990
"Congo, Rep.",COG,Children 0-14,31.538,1991
"Congo, Rep.",COG,Children 0-14,30.000,1992
"Congo, Rep.",COG,Children 0-14,33.846,1993
"Congo, Rep.",COG,Children 0-14,32.308,1994
"Congo, Rep.",COG,Children 0-14,28.462,1995
"Congo, Rep.",COG,Children 0-14,32.308,1996
"Congo, Rep.",COG,Children 0-14,26.923,1997
"Congo, Rep.",COG,Children 0-14,26.923,1998
"Congo, Rep.",COG,Children 0-14,33.077,1999
"Congo, Rep.",COG,Children 0-14,49.231,2000
"Congo, Rep.",COG,Children 0-14,35.385,2001
"Congo, Rep.",COG,Children 0-14,36.923,2002
"Congo, Rep.",COG,Children 0-14,35.385,2003
"Congo, Rep.",COG,Children 0-14,35.385,2004
"Congo, Rep.",COG,Children 0-14,60.000,2005
"Congo, Rep.",COG,Children 0-14,42.308,2006
"Congo, Rep.",COG,Children 0-14,31.538,2007
"Congo, Rep.",COG,Children 0-14,32.308,2008
"Congo, Rep.",COG,Children 0-14,33.846,2009
"Congo, Rep.",COG,Children 0-14,63.077,2010
"Congo, Rep.",COG,Children 0-14,43.077,2011
"Congo, Rep.",COG,Children 0-14,53.077,2012
"Congo, Rep.",COG,Children 0-14,26.154,2013
"Congo, Rep.",COG,Children 0-14,43.846,2014
"Congo, Rep.",COG,Children 0-14,51.538,2015
"Congo, Rep.",COG,Children 0-14,20.769,2016
"Congo, Rep.",COG,Children 0-14,23.846,2017
"Congo, Rep.",COG,Children 0-14,36.154,2018
"Congo, Rep.",COG,Children 0-14,36.923,2019
"Congo, Rep.",COG,Children 0-14,25.385,2020
"Congo, Rep.",COG,Children 0-14,20.769,2021
"Congo, Rep.",COG,Children 0-14,20.769,2022
"Congo, Rep.",COG,Children 0-14,17.692,2023
"Congo, Rep.",COG,Education,0.000,1960
"Congo, Rep.",COG,Education,0.000,1961
"Congo, Rep.",COG,Education,0.000,1962
"Congo, Rep.",COG,Education,0.000,1963
"Congo, Rep.",COG,Education,0.000,1964
"Congo, Rep.",COG,Education,0.000,1965
"Congo, Rep.",COG,Education,0.000,1966
"Congo, Rep.",COG,Education,0.000,1967
"Congo, Rep.",COG,Education,0.000,1968
"Congo, Rep.",COG,Education,0.000,1969
"Congo, Rep.",COG,Education,0.613,1970
"Congo, Rep.",COG,Education,22.086,1971
"Congo, Rep.",COG,Education,31.288,1972
"Congo, Rep.",COG,Education,22.699,1973
"Congo, Rep.",COG,Education,28.221,1974
"Congo, Rep.",COG,Education,23.926,1975
"Congo, Rep.",COG,Education,32.515,1976
"Congo, Rep.",COG,Education,21.472,1977
"Congo, Rep.",COG,Education,31.902,1978
"Congo, Rep.",COG,Education,23.926,1979
"Congo, Rep.",COG,Education,26.994,1980
"Congo, Rep.",COG,Education,27.607,1981
"Congo, Rep.",COG,Education,29.448,1982
"Congo, Rep.",COG,Education,25.153,1983
"Congo, Rep.",COG,Education,42.945,1984
"Congo, Rep.",COG,Education,19.018,1985
"Congo, Rep.",COG,Education,20.859,1986
"Congo, Rep.",COG,Education,17.791,1987
"Congo, Rep.",COG,Education,20.859,1988
"Congo, Rep.",COG,Education,22.086,1989
"Congo, Rep.",COG,Education,19.018,1990
"Congo, Rep.",COG,Education,14.724,1991
"Congo, Rep.",COG,Education,21.472,1992
"Congo, Rep.",COG,Education,13.497,1993
"Congo, Rep.",COG,Education,12.270,1994
"Congo, Rep.",COG,Education,9.202,1995
"Congo, Rep.",COG,Education,16.564,1996
"Congo, Rep.",COG,Education,4.908,1997
"Congo, Rep.",COG,Education,5.521,1998
"Congo, Rep.",COG,Education,13.497,1999
"Congo, Rep.",COG,Education,15.337,2000
"Congo, Rep.",COG,Education,17.178,2001
"Congo, Rep.",COG,Education,31.288,2002
"Congo, Rep.",COG,Education,28.834,2003
"Congo, Rep.",COG,Education,24.540,2004
"Congo, Rep.",COG,Education,25.767,2005
"Congo, Rep.",COG,Education,17.791,2006
"Congo, Rep.",COG,Education,11.043,2007
"Congo, Rep.",COG,Education,11.656,2008
"Congo, Rep.",COG,Education,16.564,2009
"Congo, Rep.",COG,Education,32.515,2010
"Congo, Rep.",COG,Education,21.472,2011
"Congo, Rep.",COG,Education,35.583,2012
"Congo, Rep.",COG,Education,6.748,2013
"Congo, Rep.",COG,Education,13.497,2014
"Congo, Rep.",COG,Education,18.405,2015
"Congo, Rep.",COG,Education,0.000,2016
"Congo, Rep.",COG,Education,22.086,2017
"Congo, Rep.",COG,Education,27.607,2018
"Congo, Rep.",COG,Education,2.454,2019
"Congo, Rep.",COG,Education,11.656,2020
"Congo, Rep.",COG,Education,4.908,2021
"Congo, Rep.",COG,Education,0.613,2022
"Congo, Rep.",COG,Education,10.429,2023
"Congo, Rep.",COG,Employment and Time Use,0.000,1960
"Congo, Rep.",COG,Employment and Time Use,0.000,1961
"Congo, Rep.",COG,Employment and Time Use,0.000,1962
"Congo, Rep.",COG,Employment and Time Use,0.000,1963
"Congo, Rep.",COG,Employment and Time Use,0.000,1964
"Congo, Rep.",COG,Employment and Time Use,0.000,1965
"Congo, Rep.",COG,Employment and Time Use,0.000,1966
"Congo, Rep.",COG,Employment and Time Use,0.000,1967
"Congo, Rep.",COG,Employment and Time Use,0.000,1968
"Congo, Rep.",COG,Employment and Time Use,0.000,1969
"Congo, Rep.",COG,Employment and Time Use,21.168,1970
"Congo, Rep.",COG,Employment and Time Use,21.168,1971
"Congo, Rep.",COG,Employment and Time Use,21.168,1972
"Congo, Rep.",COG,Employment and Time Use,21.168,1973
"Congo, Rep.",COG,Employment and Time Use,26.277,1974
"Congo, Rep.",COG,Employment and Time Use,21.168,1975
"Congo, Rep.",COG,Employment and Time Use,21.168,1976
"Congo, Rep.",COG,Employment and Time Use,21.168,1977
"Congo, Rep.",COG,Employment and Time Use,21.168,1978
"Congo, Rep.",COG,Employment and Time Use,21.168,1979
"Congo, Rep.",COG,Employment and Time Use,21.168,1980
"Congo, Rep.",COG,Employment and Time Use,21.168,1981
"Congo, Rep.",COG,Employment and Time Use,21.168,1982
"Congo, Rep.",COG,Employment and Time Use,21.168,1983
"Congo, Rep.",COG,Employment and Time Use,26.277,1984
"Congo, Rep.",COG,Employment and Time Use,21.168,1985
"Congo, Rep.",COG,Employment and Time Use,21.168,1986
"Congo, Rep.",COG,Employment and Time Use,21.168,1987
"Congo, Rep.",COG,Employment and Time Use,21.168,1988
"Congo, Rep.",COG,Employment and Time Use,21.168,1989
"Congo, Rep.",COG,Employment and Time Use,31.387,1990
"Congo, Rep.",COG,Employment and Time Use,56.204,1991
"Congo, Rep.",COG,Employment and Time Use,56.204,1992
"Congo, Rep.",COG,Employment and Time Use,56.204,1993
"Congo, Rep.",COG,Employment and Time Use,56.204,1994
"Congo, Rep.",COG,Employment and Time Use,56.204,1995
"Congo, Rep.",COG,Employment and Time Use,56.204,1996
"Congo, Rep.",COG,Employment and Time Use,56.204,1997
"Congo, Rep.",COG,Employment and Time Use,56.204,1998
"Congo, Rep.",COG,Employment and Time Use,56.204,1999
"Congo, Rep.",COG,Employment and Time Use,56.204,2000
"Congo, Rep.",COG,Employment and Time Use,56.204,2001
"Congo, Rep.",COG,Employment and Time Use,56.204,2002
"Congo, Rep.",COG,Employment and Time Use,56.204,2003
"Congo, Rep.",COG,Employment and Time Use,56.204,2004
"Congo, Rep.",COG,Employment and Time Use,88.321,2005
"Congo, Rep.",COG,Employment and Time Use,56.204,2006
"Congo, Rep.",COG,Employment and Time Use,56.204,2007
"Congo, Rep.",COG,Employment and Time Use,56.204,2008
"Congo, Rep.",COG,Employment and Time Use,88.321,2009
"Congo, Rep.",COG,Employment and Time Use,56.204,2010
"Congo, Rep.",COG,Employment and Time Use,56.204,2011
"Congo, Rep.",COG,Employment and Time Use,63.504,2012
"Congo, Rep.",COG,Employment and Time Use,56.204,2013
"Congo, Rep.",COG,Employment and Time Use,56.204,2014
"Congo, Rep.",COG,Employment and Time Use,56.204,2015
"Congo, Rep.",COG,Employment and Time Use,56.204,2016
"Congo, Rep.",COG,Employment and Time Use,56.204,2017
"Congo, Rep.",COG,Employment and Time Use,56.204,2018
"Congo, Rep.",COG,Employment and Time Use,56.204,2019
"Congo, Rep.",COG,Employment and Time Use,56.204,2020
"Congo, Rep.",COG,Employment and Time Use,56.204,2021
"Congo, Rep.",COG,Employment and Time Use,56.204,2022
"Congo, Rep.",COG,Employment and Time Use,59.124,2023
"Congo, Rep.",COG,Entrepreneurship,0.000,1960
"Congo, Rep.",COG,Entrepreneurship,0.000,1961
"Congo, Rep.",COG,Entrepreneurship,0.000,1962
"Congo, Rep.",COG,Entrepreneurship,0.000,1963
"Congo, Rep.",COG,Entrepreneurship,0.000,1964
"Congo, Rep.",COG,Entrepreneurship,0.000,1965
"Congo, Rep.",COG,Entrepreneurship,0.000,1966
"Congo, Rep.",COG,Entrepreneurship,0.000,1967
"Congo, Rep.",COG,Entrepreneurship,0.000,1968
"Congo, Rep.",COG,Entrepreneurship,0.000,1969
"Congo, Rep.",COG,Entrepreneurship,9.375,1970
"Congo, Rep.",COG,Entrepreneurship,9.375,1971
"Congo, Rep.",COG,Entrepreneurship,9.375,1972
"Congo, Rep.",COG,Entrepreneurship,9.375,1973
"Congo, Rep.",COG,Entrepreneurship,9.375,1974
"Congo, Rep.",COG,Entrepreneurship,9.375,1975
"Congo, Rep.",COG,Entrepreneurship,9.375,1976
"Congo, Rep.",COG,Entrepreneurship,9.375,1977
"Congo, Rep.",COG,Entrepreneurship,9.375,1978
"Congo, Rep.",COG,Entrepreneurship,9.375,1979
"Congo, Rep.",COG,Entrepreneurship,9.375,1980
"Congo, Rep.",COG,Entrepreneurship,9.375,1981
"Congo, Rep.",COG,Entrepreneurship,9.375,1982
"Congo, Rep.",COG,Entrepreneurship,9.375,1983
"Congo, Rep.",COG,Entrepreneurship,9.375,1984
"Congo, Rep.",COG,Entrepreneurship,9.375,1985
"Congo, Rep.",COG,Entrepreneurship,9.375,1986
"Congo, Rep.",COG,Entrepreneurship,9.375,1987
"Congo, Rep.",COG,Entrepreneurship,9.375,1988
"Congo, Rep.",COG,Entrepreneurship,9.375,1989
"Congo, Rep.",COG,Entrepreneurship,9.375,1990
"Congo, Rep.",COG,Entrepreneurship,9.375,1991
"Congo, Rep.",COG,Entrepreneurship,9.375,1992
"Congo, Rep.",COG,Entrepreneurship,9.375,1993
"Congo, Rep.",COG,Entrepreneurship,9.375,1994
"Congo, Rep.",COG,Entrepreneurship,9.375,1995
"Congo, Rep.",COG,Entrepreneurship,9.375,1996
"Congo, Rep.",COG,Entrepreneurship,9.375,1997
"Congo, Rep.",COG,Entrepreneurship,9.375,1998
"Congo, Rep.",COG,Entrepreneurship,9.375,1999
"Congo, Rep.",COG,Entrepreneurship,9.375,2000
"Congo, Rep.",COG,Entrepreneurship,9.375,2001
"Congo, Rep.",COG,Entrepreneurship,9.375,2002
"Congo, Rep.",COG,Entrepreneurship,37.500,2003
"Congo, Rep.",COG,Entrepreneurship,37.500,2004
"Congo, Rep.",COG,Entrepreneurship,37.500,2005
"Congo, Rep.",COG,Entrepreneurship,37.500,2006
"Congo, Rep.",COG,Entrepreneurship,37.500,2007
"Congo, Rep.",COG,Entrepreneurship,37.500,2008
"Congo, Rep.",COG,Entrepreneurship,43.750,2009
"Congo, Rep.",COG,Entrepreneurship,37.500,2010
"Congo, Rep.",COG,Entrepreneurship,37.500,2011
"Congo, Rep.",COG,Entrepreneurship,37.500,2012
"Congo, Rep.",COG,Entrepreneurship,37.500,2013
"Congo, Rep.",COG,Entrepreneurship,56.250,2014
"Congo, Rep.",COG,Entrepreneurship,37.500,2015
"Congo, Rep.",COG,Entrepreneurship,37.500,2016
"Congo, Rep.",COG,Entrepreneurship,56.250,2017
"Congo, Rep.",COG,Entrepreneurship,37.500,2018
"Congo, Rep.",COG,Entrepreneurship,37.500,2019
"Congo, Rep.",COG,Entrepreneurship,9.375,2020
"Congo, Rep.",COG,Entrepreneurship,9.375,2021
"Congo, Rep.",COG,Entrepreneurship,9.375,2022
"Congo, Rep.",COG,Entrepreneurship,9.375,2023
"Congo, Rep.",COG,Environment,0.000,1960
"Congo, Rep.",COG,Environment,0.000,1961
"Congo, Rep.",COG,Environment,0.000,1962
"Congo, Rep.",COG,Environment,0.000,1963
"Congo, Rep.",COG,Environment,0.000,1964
"Congo, Rep.",COG,Environment,0.000,1965
"Congo, Rep.",COG,Environment,0.000,1966
"Congo, Rep.",COG,Environment,0.000,1967
"Congo, Rep.",COG,Environment,0.000,1968
"Congo, Rep.",COG,Environment,0.000,1969
"Congo, Rep.",COG,Environment,0.000,1970
"Congo, Rep.",COG,Environment,0.000,1971
"Congo, Rep.",COG,Environment,0.000,1972
"Congo, Rep.",COG,Environment,0.000,1973
"Congo, Rep.",COG,Environment,0.000,1974
"Congo, Rep.",COG,Environment,0.000,1975
"Congo, Rep.",COG,Environment,0.000,1976
"Congo, Rep.",COG,Environment,0.000,1977
"Congo, Rep.",COG,Environment,0.000,1978
"Congo, Rep.",COG,Environment,0.000,1979
"Congo, Rep.",COG,Environment,0.000,1980
"Congo, Rep.",COG,Environment,0.000,1981
"Congo, Rep.",COG,Environment,0.000,1982
"Congo, Rep.",COG,Environment,0.000,1983
"Congo, Rep.",COG,Environment,0.000,1984
"Congo, Rep.",COG,Environment,0.000,1985
"Congo, Rep.",COG,Environment,0.000,1986
"Congo, Rep.",COG,Environment,0.000,1987
"Congo, Rep.",COG,Environment,0.000,1988
"Congo, Rep.",COG,Environment,0.000,1989
"Congo, Rep.",COG,Environment,0.000,1990
"Congo, Rep.",COG,Environment,0.000,1991
"Congo, Rep.",COG,Environment,0.000,1992
"Congo, Rep.",COG,Environment,0.000,1993
"Congo, Rep.",COG,Environment,0.000,1994
"Congo, Rep.",COG,Environment,0.000,1995
"Congo, Rep.",COG,Environment,0.000,1996
"Congo, Rep.",COG,Environment,0.000,1997
"Congo, Rep.",COG,Environment,0.000,1998
"Congo, Rep.",COG,Environment,0.000,1999
"Congo, Rep.",COG,Environment,10.000,2000
"Congo, Rep.",COG,Environment,10.000,2001
"Congo, Rep.",COG,Environment,10.000,2002
"Congo, Rep.",COG,Environment,10.000,2003
"Congo, Rep.",COG,Environment,10.000,2004
"Congo, Rep.",COG,Environment,36.667,2005
"Congo, Rep.",COG,Environment,10.000,2006
"Congo, Rep.",COG,Environment,10.000,2007
"Congo, Rep.",COG,Environment,10.000,2008
"Congo, Rep.",COG,Environment,26.667,2009
"Congo, Rep.",COG,Environment,10.000,2010
"Congo, Rep.",COG,Environment,10.000,2011
"Congo, Rep.",COG,Environment,46.667,2012
"Congo, Rep.",COG,Environment,10.000,2013
"Congo, Rep.",COG,Environment,20.000,2014
"Congo, Rep.",COG,Environment,10.000,2015
"Congo, Rep.",COG,Environment,10.000,2016
"Congo, Rep.",COG,Environment,23.333,2017
"Congo, Rep.",COG,Environment,10.000,2018
"Congo, Rep.",COG,Environment,30.000,2019
"Congo, Rep.",COG,Environment,10.000,2020
"Congo, Rep.",COG,Environment,20.000,2021
"Congo, Rep.",COG,Environment,0.000,2022
"Congo, Rep.",COG,Environment,0.000,2023
"Congo, Rep.",COG,Health,8.586,1960
"Congo, Rep.",COG,Health,8.586,1961
"Congo, Rep.",COG,Health,8.586,1962
"Congo, Rep.",COG,Health,8.586,1963
"Congo, Rep.",COG,Health,8.586,1964
"Congo, Rep.",COG,Health,8.586,1965
"Congo, Rep.",COG,Health,8.586,1966
"Congo, Rep.",COG,Health,8.586,1967
"Congo, Rep.",COG,Health,8.586,1968
"Congo, Rep.",COG,Health,8.586,1969
"Congo, Rep.",COG,Health,8.586,1970
"Congo, Rep.",COG,Health,8.586,1971
"Congo, Rep.",COG,Health,8.586,1972
"Congo, Rep.",COG,Health,8.586,1973
"Congo, Rep.",COG,Health,8.586,1974
"Congo, Rep.",COG,Health,11.111,1975
"Congo, Rep.",COG,Health,11.111,1976
"Congo, Rep.",COG,Health,11.111,1977
"Congo, Rep.",COG,Health,11.111,1978
"Congo, Rep.",COG,Health,11.111,1979
"Congo, Rep.",COG,Health,12.121,1980
"Congo, Rep.",COG,Health,12.121,1981
"Congo, Rep.",COG,Health,12.121,1982
"Congo, Rep.",COG,Health,12.121,1983
"Congo, Rep.",COG,Health,12.121,1984
"Congo, Rep.",COG,Health,12.121,1985
"Congo, Rep.",COG,Health,12.121,1986
"Congo, Rep.",COG,Health,14.141,1987
"Congo, Rep.",COG,Health,12.121,1988
"Congo, Rep.",COG,Health,12.121,1989
"Congo, Rep.",COG,Health,16.667,1990
"Congo, Rep.",COG,Health,16.667,1991
"Congo, Rep.",COG,Health,16.667,1992
"Congo, Rep.",COG,Health,16.667,1993
"Congo, Rep.",COG,Health,16.667,1994
"Congo, Rep.",COG,Health,16.667,1995
"Congo, Rep.",COG,Health,16.667,1996
"Congo, Rep.",COG,Health,16.667,1997
"Congo, Rep.",COG,Health,16.667,1998
"Congo, Rep.",COG,Health,16.667,1999
"Congo, Rep.",COG,Health,56.061,2000
"Congo, Rep.",COG,Health,31.818,2001
"Congo, Rep.",COG,Health,31.818,2002
"Congo, Rep.",COG,Health,31.818,2003
"Congo, Rep.",COG,Health,31.818,2004
"Congo, Rep.",COG,Health,53.030,2005
"Congo, Rep.",COG,Health,31.818,2006
"Congo, Rep.",COG,Health,31.818,2007
"Congo, Rep.",COG,Health,31.818,2008
"Congo, Rep.",COG,Health,34.848,2009
"Congo, Rep.",COG,Health,60.606,2010
"Congo, Rep.",COG,Health,39.899,2011
"Congo, Rep.",COG,Health,50.505,2012
"Congo, Rep.",COG,Health,31.818,2013
"Congo, Rep.",COG,Health,41.414,2014
"Congo, Rep.",COG,Health,62.121,2015
"Congo, Rep.",COG,Health,32.323,2016
"Congo, Rep.",COG,Health,34.343,2017
"Congo, Rep.",COG,Health,35.354,2018
"Congo, Rep.",COG,Health,57.071,2019
"Congo, Rep.",COG,Health,27.778,2020
"Congo, Rep.",COG,Health,19.697,2021
"Congo, Rep.",COG,Health,15.657,2022
"Congo, Rep.",COG,Health,1.010,2023
"Congo, Rep.",COG,Leadership,0.000,1960
"Congo, Rep.",COG,Leadership,0.000,1961
"Congo, Rep.",COG,Leadership,0.000,1962
"Congo, Rep.",COG,Leadership,0.000,1963
"Congo, Rep.",COG,Leadership,0.000,1964
"Congo, Rep.",COG,Leadership,0.000,1965
"Congo, Rep.",COG,Leadership,0.000,1966
"Congo, Rep.",COG,Leadership,0.000,1967
"Congo, Rep.",COG,Leadership,0.000,1968
"Congo, Rep.",COG,Leadership,0.000,1969
"Congo, Rep.",COG,Leadership,0.000,1970
"Congo, Rep.",COG,Leadership,0.000,1971
"Congo, Rep.",COG,Leadership,0.000,1972
"Congo, Rep.",COG,Leadership,0.000,1973
"Congo, Rep.",COG,Leadership,0.000,1974
"Congo, Rep.",COG,Leadership,0.000,1975
"Congo, Rep.",COG,Leadership,0.000,1976
"Congo, Rep.",COG,Leadership,0.000,1977
"Congo, Rep.",COG,Leadership,0.000,1978
"Congo, Rep.",COG,Leadership,0.000,1979
"Congo, Rep.",COG,Leadership,0.000,1980
"Congo, Rep.",COG,Leadership,0.000,1981
"Congo, Rep.",COG,Leadership,0.000,1982
"Congo, Rep.",COG,Leadership,0.000,1983
"Congo, Rep.",COG,Leadership,0.000,1984
"Congo, Rep.",COG,Leadership,0.000,1985
"Congo, Rep.",COG,Leadership,0.000,1986
"Congo, Rep.",COG,Leadership,0.000,1987
"Congo, Rep.",COG,Leadership,0.000,1988
"Congo, Rep.",COG,Leadership,0.000,1989
"Congo, Rep.",COG,Leadership,0.000,1990
"Congo, Rep.",COG,Leadership,0.000,1991
"Congo, Rep.",COG,Leadership,0.000,1992
"Congo, Rep.",COG,Leadership,0.000,1993
"Congo, Rep.",COG,Leadership,0.000,1994
"Congo, Rep.",COG,Leadership,0.000,1995
"Congo, Rep.",COG,Leadership,0.000,1996
"Congo, Rep.",COG,Leadership,0.000,1997
"Congo, Rep.",COG,Leadership,25.000,1998
"Congo, Rep.",COG,Leadership,25.000,1999
"Congo, Rep.",COG,Leadership,25.000,2000
"Congo, Rep.",COG,Leadership,25.000,2001
"Congo, Rep.",COG,Leadership,0.000,2002
"Congo, Rep.",COG,Leadership,25.000,2003
"Congo, Rep.",COG,Leadership,25.000,2004
"Congo, Rep.",COG,Leadership,50.000,2005
"Congo, Rep.",COG,Leadership,25.000,2006
"Congo, Rep.",COG,Leadership,25.000,2007
"Congo, Rep.",COG,Leadership,50.000,2008
"Congo, Rep.",COG,Leadership,50.000,2009
"Congo, Rep.",COG,Leadership,50.000,2010
"Congo, Rep.",COG,Leadership,25.000,2011
"Congo, Rep.",COG,Leadership,50.000,2012
"Congo, Rep.",COG,Leadership,25.000,2013
"Congo, Rep.",COG,Leadership,50.000,2014
"Congo, Rep.",COG,Leadership,50.000,2015
"Congo, Rep.",COG,Leadership,50.000,2016
"Congo, Rep.",COG,Leadership,25.000,2017
"Congo, Rep.",COG,Leadership,50.000,2018
"Congo, Rep.",COG,Leadership,50.000,2019
"Congo, Rep.",COG,Leadership,50.000,2020
"Congo, Rep.",COG,Leadership,25.000,2021
"Congo, Rep.",COG,Leadership,50.000,2022
"Congo, Rep.",COG,Leadership,25.000,2023
"Congo, Rep.",COG,Norms and Decision-making,0.000,1960
"Congo, Rep.",COG,Norms and Decision-making,0.000,1961
"Congo, Rep.",COG,Norms and Decision-making,0.000,1962
"Congo, Rep.",COG,Norms and Decision-making,0.000,1963
"Congo, Rep.",COG,Norms and Decision-making,0.000,1964
"Congo, Rep.",COG,Norms and Decision-making,0.000,1965
"Congo, Rep.",COG,Norms and Decision-making,0.000,1966
"Congo, Rep.",COG,Norms and Decision-making,0.000,1967
"Congo, Rep.",COG,Norms and Decision-making,0.000,1968
"Congo, Rep.",COG,Norms and Decision-making,0.000,1969
"Congo, Rep.",COG,Norms and Decision-making,12.593,1970
"Congo, Rep.",COG,Norms and Decision-making,12.593,1971
"Congo, Rep.",COG,Norms and Decision-making,12.593,1972
"Congo, Rep.",COG,Norms and Decision-making,12.593,1973
"Congo, Rep.",COG,Norms and Decision-making,14.074,1974
"Congo, Rep.",COG,Norms and Decision-making,12.593,1975
"Congo, Rep.",COG,Norms and Decision-making,12.593,1976
"Congo, Rep.",COG,Norms and Decision-making,12.593,1977
"Congo, Rep.",COG,Norms and Decision-making,12.593,1978
"Congo, Rep.",COG,Norms and Decision-making,12.593,1979
"Congo, Rep.",COG,Norms and Decision-making,12.593,1980
"Congo, Rep.",COG,Norms and Decision-making,12.593,1981
"Congo, Rep.",COG,Norms and Decision-making,12.593,1982
"Congo, Rep.",COG,Norms and Decision-making,12.593,1983
"Congo, Rep.",COG,Norms and Decision-making,14.074,1984
"Congo, Rep.",COG,Norms and Decision-making,12.593,1985
"Congo, Rep.",COG,Norms and Decision-making,12.593,1986
"Congo, Rep.",COG,Norms and Decision-making,12.593,1987
"Congo, Rep.",COG,Norms and Decision-making,12.593,1988
"Congo, Rep.",COG,Norms and Decision-making,12.593,1989
"Congo, Rep.",COG,Norms and Decision-making,12.593,1990
"Congo, Rep.",COG,Norms and Decision-making,12.593,1991
"Congo, Rep.",COG,Norms and Decision-making,12.593,1992
"Congo, Rep.",COG,Norms and Decision-making,12.593,1993
"Congo, Rep.",COG,Norms and Decision-making,12.593,1994
"Congo, Rep.",COG,Norms and Decision-making,12.593,1995
"Congo, Rep.",COG,Norms and Decision-making,12.593,1996
"Congo, Rep.",COG,Norms and Decision-making,12.593,1997
"Congo, Rep.",COG,Norms and Decision-making,12.593,1998
"Congo, Rep.",COG,Norms and Decision-making,12.593,1999
"Congo, Rep.",COG,Norms and Decision-making,12.593,2000
"Congo, Rep.",COG,Norms and Decision-making,12.593,2001
"Congo, Rep.",COG,Norms and Decision-making,12.593,2002
"Congo, Rep.",COG,Norms and Decision-making,12.593,2003
"Congo, Rep.",COG,Norms and Decision-making,12.593,2004
"Congo, Rep.",COG,Norms and Decision-making,40.741,2005
"Congo, Rep.",COG,Norms and Decision-making,12.593,2006
"Congo, Rep.",COG,Norms and Decision-making,12.593,2007
"Congo, Rep.",COG,Norms and Decision-making,12.593,2008
"Congo, Rep.",COG,Norms and Decision-making,20.000,2009
"Congo, Rep.",COG,Norms and Decision-making,12.593,2010
"Congo, Rep.",COG,Norms and Decision-making,12.593,2011
"Congo, Rep.",COG,Norms and Decision-making,63.704,2012
"Congo, Rep.",COG,Norms and Decision-making,12.593,2013
"Congo, Rep.",COG,Norms and Decision-making,12.593,2014
"Congo, Rep.",COG,Norms and Decision-making,18.519,2015
"Congo, Rep.",COG,Norms and Decision-making,12.593,2016
"Congo, Rep.",COG,Norms and Decision-making,12.593,2017
"Congo, Rep.",COG,Norms and Decision-making,12.593,2018
"Congo, Rep.",COG,Norms and Decision-making,12.593,2019
"Congo, Rep.",COG,Norms and Decision-making,12.593,2020
"Congo, Rep.",COG,Norms and Decision-making,12.593,2021
"Congo, Rep.",COG,Norms and Decision-making,12.593,2022
"Congo, Rep.",COG,Norms and Decision-making,12.593,2023
"Congo, Rep.",COG,Population,86.905,1960
"Congo, Rep.",COG,Population,86.905,1961
"Congo, Rep.",COG,Population,86.905,1962
"Congo, Rep.",COG,Population,86.905,1963
"Congo, Rep.",COG,Population,86.905,1964
"Congo, Rep.",COG,Population,86.905,1965
"Congo, Rep.",COG,Population,86.905,1966
"Congo, Rep.",COG,Population,86.905,1967
"Congo, Rep.",COG,Population,86.905,1968
"Congo, Rep.",COG,Population,86.905,1969
"Congo, Rep.",COG,Population,86.905,1970
"Congo, Rep.",COG,Population,86.905,1971
"Congo, Rep.",COG,Population,86.905,1972
"Congo, Rep.",COG,Population,86.905,1973
"Congo, Rep.",COG,Population,89.286,1974
"Congo, Rep.",COG,Population,86.905,1975
"Congo, Rep.",COG,Population,86.905,1976
"Congo, Rep.",COG,Population,86.905,1977
"Congo, Rep.",COG,Population,86.905,1978
"Congo, Rep.",COG,Population,86.905,1979
"Congo, Rep.",COG,Population,91.667,1980
"Congo, Rep.",COG,Population,86.905,1981
"Congo, Rep.",COG,Population,86.905,1982
"Congo, Rep.",COG,Population,86.905,1983
"Congo, Rep.",COG,Population,89.286,1984
"Congo, Rep.",COG,Population,91.667,1985
"Congo, Rep.",COG,Population,86.905,1986
"Congo, Rep.",COG,Population,86.905,1987
"Congo, Rep.",COG,Population,86.905,1988
"Congo, Rep.",COG,Population,86.905,1989
"Congo, Rep.",COG,Population,92.857,1990
"Congo, Rep.",COG,Population,86.905,1991
"Congo, Rep.",COG,Population,86.905,1992
"Congo, Rep.",COG,Population,86.905,1993
"Congo, Rep.",COG,Population,86.905,1994
"Congo, Rep.",COG,Population,92.857,1995
"Congo, Rep.",COG,Population,86.905,1996
"Congo, Rep.",COG,Population,86.905,1997
"Congo, Rep.",COG,Population,86.905,1998
"Congo, Rep.",COG,Population,86.905,1999
"Congo, Rep.",COG,Population,92.857,2000
"Congo, Rep.",COG,Population,86.905,2001
"Congo, Rep.",COG,Population,86.905,2002
"Congo, Rep.",COG,Population,86.905,2003
"Congo, Rep.",COG,Population,86.905,2004
"Congo, Rep.",COG,Population,100.000,2005
"Congo, Rep.",COG,Population,86.905,2006
"Congo, Rep.",COG,Population,86.905,2007
"Congo, Rep.",COG,Population,86.905,2008
"Congo, Rep.",COG,Population,90.476,2009
"Congo, Rep.",COG,Population,92.857,2010
"Congo, Rep.",COG,Population,86.905,2011
"Congo, Rep.",COG,Population,94.048,2012
"Congo, Rep.",COG,Population,86.905,2013
"Congo, Rep.",COG,Population,86.905,2014
"Congo, Rep.",COG,Population,98.810,2015
"Congo, Rep.",COG,Population,86.905,2016
"Congo, Rep.",COG,Population,86.905,2017
"Congo, Rep.",COG,Population,86.905,2018
"Congo, Rep.",COG,Population,86.905,2019
"Congo, Rep.",COG,Population,88.095,2020
"Congo, Rep.",COG,Population,86.905,2021
"Congo, Rep.",COG,Population,86.905,2022
"Congo, Rep.",COG,Population,77.381,2023
"Congo, Rep.",COG,SDGs,2.685,1960
"Congo, Rep.",COG,SDGs,2.685,1961
"Congo, Rep.",COG,SDGs,2.685,1962
"Congo, Rep.",COG,SDGs,2.685,1963
"Congo, Rep.",COG,SDGs,2.685,1964
"Congo, Rep.",COG,SDGs,2.685,1965
"Congo, Rep.",COG,SDGs,2.685,1966
"Congo, Rep.",COG,SDGs,2.685,1967
"Congo, Rep.",COG,SDGs,2.685,1968
"Congo, Rep.",COG,SDGs,2.685,1969
"Congo, Rep.",COG,SDGs,11.409,1970
"Congo, Rep.",COG,SDGs,11.409,1971
"Congo, Rep.",COG,SDGs,11.409,1972
"Congo, Rep.",COG,SDGs,11.409,1973
"Congo, Rep.",COG,SDGs,11.409,1974
"Congo, Rep.",COG,SDGs,11.409,1975
"Congo, Rep.",COG,SDGs,11.409,1976
"Congo, Rep.",COG,SDGs,11.409,1977
"Congo, Rep.",COG,SDGs,11.409,1978
"Congo, Rep.",COG,SDGs,11.409,1979
"Congo, Rep.",COG,SDGs,12.081,1980
"Congo, Rep.",COG,SDGs,12.081,1981
"Congo, Rep.",COG,SDGs,12.081,1982
"Congo, Rep.",COG,SDGs,12.081,1983
"Congo, Rep.",COG,SDGs,12.081,1984
"Congo, Rep.",COG,SDGs,12.081,1985
"Congo, Rep.",COG,SDGs,12.081,1986
"Congo, Rep.",COG,SDGs,12.081,1987
"Congo, Rep.",COG,SDGs,12.081,1988
"Congo, Rep.",COG,SDGs,12.081,1989
"Congo, Rep.",COG,SDGs,16.107,1990
"Congo, Rep.",COG,SDGs,20.134,1991
"Congo, Rep.",COG,SDGs,20.134,1992
"Congo, Rep.",COG,SDGs,20.134,1993
"Congo, Rep.",COG,SDGs,20.134,1994
"Congo, Rep.",COG,SDGs,20.134,1995
"Congo, Rep.",COG,SDGs,20.134,1996
"Congo, Rep.",COG,SDGs,20.134,1997
"Congo, Rep.",COG,SDGs,20.805,1998
"Congo, Rep.",COG,SDGs,20.805,1999
"Congo, Rep.",COG,SDGs,65.772,2000
"Congo, Rep.",COG,SDGs,33.557,2001
"Congo, Rep.",COG,SDGs,32.886,2002
"Congo, Rep.",COG,SDGs,33.557,2003
"Congo, Rep.",COG,SDGs,33.557,2004
"Congo, Rep.",COG,SDGs,42.953,2005
"Congo, Rep.",COG,SDGs,33.557,2006
"Congo, Rep.",COG,SDGs,33.557,2007
"Congo, Rep.",COG,SDGs,33.557,2008
"Congo, Rep.",COG,SDGs,38.926,2009
"Congo, Rep.",COG,SDGs,65.772,2010
"Congo, Rep.",COG,SDGs,36.242,2011
"Congo, Rep.",COG,SDGs,38.926,2012
"Congo, Rep.",COG,SDGs,33.557,2013
"Congo, Rep.",COG,SDGs,37.584,2014
"Congo, Rep.",COG,SDGs,68.456,2015
"Congo, Rep.",COG,SDGs,33.557,2016
"Congo, Rep.",COG,SDGs,35.570,2017
"Congo, Rep.",COG,SDGs,35.570,2018
"Congo, Rep.",COG,SDGs,69.799,2019
"Congo, Rep.",COG,SDGs,27.517,2020
"Congo, Rep.",COG,SDGs,24.832,2021
"Congo, Rep.",COG,SDGs,20.805,2022
"Congo, Rep.",COG,SDGs,14.094,2023
"Congo, Rep.",COG,Technology,0.000,1960
"Congo, Rep.",COG,Technology,0.000,1961
"Congo, Rep.",COG,Technology,0.000,1962
"Congo, Rep.",COG,Technology,0.000,1963
"Congo, Rep.",COG,Technology,0.000,1964
"Congo, Rep.",COG,Technology,0.000,1965
"Congo, Rep.",COG,Technology,0.000,1966
"Congo, Rep.",COG,Technology,0.000,1967
"Congo, Rep.",COG,Technology,0.000,1968
"Congo, Rep.",COG,Technology,0.000,1969
"Congo, Rep.",COG,Technology,0.000,1970
"Congo, Rep.",COG,Technology,0.000,1971
"Congo, Rep.",COG,Technology,0.000,1972
"Congo, Rep.",COG,Technology,0.000,1973
"Congo, Rep.",COG,Technology,0.000,1974
"Congo, Rep.",COG,Technology,0.000,1975
"Congo, Rep.",COG,Technology,0.000,1976
"Congo, Rep.",COG,Technology,0.000,1977
"Congo, Rep.",COG,Technology,0.000,1978
"Congo, Rep.",COG,Technology,0.000,1979
"Congo, Rep.",COG,Technology,0.000,1980
"Congo, Rep.",COG,Technology,0.000,1981
"Congo, Rep.",COG,Technology,0.000,1982
"Congo, Rep.",COG,Technology,0.000,1983
"Congo, Rep.",COG,Technology,0.000,1984
"Congo, Rep.",COG,Technology,0.000,1985
"Congo, Rep.",COG,Technology,0.000,1986
"Congo, Rep.",COG,Technology,0.000,1987
"Congo, Rep.",COG,Technology,0.000,1988
"Congo, Rep.",COG,Technology,0.000,1989
"Congo, Rep.",COG,Technology,2.222,1990
"Congo, Rep.",COG,Technology,2.222,1991
"Congo, Rep.",COG,Technology,2.222,1992
"Congo, Rep.",COG,Technology,2.222,1993
"Congo, Rep.",COG,Technology,2.222,1994
"Congo, Rep.",COG,Technology,2.222,1995
"Congo, Rep.",COG,Technology,2.222,1996
"Congo, Rep.",COG,Technology,2.222,1997
"Congo, Rep.",COG,Technology,2.222,1998
"Congo, Rep.",COG,Technology,2.222,1999
"Congo, Rep.",COG,Technology,2.222,2000
"Congo, Rep.",COG,Technology,2.222,2001
"Congo, Rep.",COG,Technology,2.222,2002
"Congo, Rep.",COG,Technology,2.222,2003
"Congo, Rep.",COG,Technology,2.222,2004
"Congo, Rep.",COG,Technology,2.222,2005
"Congo, Rep.",COG,Technology,2.222,2006
"Congo, Rep.",COG,Technology,2.222,2007
"Congo, Rep.",COG,Technology,2.222,2008
"Congo, Rep.",COG,Technology,2.222,2009
"Congo, Rep.",COG,Technology,2.222,2010
"Congo, Rep.",COG,Technology,8.889,2011
"Congo, Rep.",COG,Technology,2.222,2012
"Congo, Rep.",COG,Technology,2.222,2013
"Congo, Rep.",COG,Technology,35.556,2014
"Congo, Rep.",COG,Technology,2.222,2015
"Congo, Rep.",COG,Technology,2.222,2016
"Congo, Rep.",COG,Technology,62.222,2017
"Congo, Rep.",COG,Technology,0.000,2018
"Congo, Rep.",COG,Technology,0.000,2019
"Congo, Rep.",COG,Technology,2.222,2020
"Congo, Rep.",COG,Technology,82.222,2021
"Congo, Rep.",COG,Technology,2.222,2022
"Congo, Rep.",COG,Technology,0.000,2023
"Congo, Rep.",COG,Violence,0.000,1960
"Congo, Rep.",COG,Violence,0.000,1961
"Congo, Rep.",COG,Violence,0.000,1962
"Congo, Rep.",COG,Violence,0.000,1963
"Congo, Rep.",COG,Violence,0.000,1964
"Congo, Rep.",COG,Violence,0.000,1965
"Congo, Rep.",COG,Violence,0.000,1966
"Congo, Rep.",COG,Violence,0.000,1967
"Congo, Rep.",COG,Violence,0.000,1968
"Congo, Rep.",COG,Violence,0.000,1969
"Congo, Rep.",COG,Violence,2.143,1970
"Congo, Rep.",COG,Violence,2.143,1971
"Congo, Rep.",COG,Violence,2.143,1972
"Congo, Rep.",COG,Violence,2.143,1973
"Congo, Rep.",COG,Violence,2.143,1974
"Congo, Rep.",COG,Violence,2.143,1975
"Congo, Rep.",COG,Violence,2.143,1976
"Congo, Rep.",COG,Violence,2.143,1977
"Congo, Rep.",COG,Violence,2.143,1978
"Congo, Rep.",COG,Violence,2.143,1979
"Congo, Rep.",COG,Violence,2.143,1980
"Congo, Rep.",COG,Violence,2.143,1981
"Congo, Rep.",COG,Violence,2.143,1982
"Congo, Rep.",COG,Violence,2.143,1983
"Congo, Rep.",COG,Violence,2.143,1984
"Congo, Rep.",COG,Violence,2.143,1985
"Congo, Rep.",COG,Violence,2.143,1986
"Congo, Rep.",COG,Violence,2.143,1987
"Congo, Rep.",COG,Violence,2.143,1988
"Congo, Rep.",COG,Violence,2.143,1989
"Congo, Rep.",COG,Violence,2.143,1990
"Congo, Rep.",COG,Violence,2.143,1991
"Congo, Rep.",COG,Violence,2.143,1992
"Congo, Rep.",COG,Violence,2.143,1993
"Congo, Rep.",COG,Violence,2.143,1994
"Congo, Rep.",COG,Violence,2.143,1995
"Congo, Rep.",COG,Violence,2.143,1996
"Congo, Rep.",COG,Violence,2.143,1997
"Congo, Rep.",COG,Violence,2.143,1998
"Congo, Rep.",COG,Violence,2.143,1999
"Congo, Rep.",COG,Violence,4.286,2000
"Congo, Rep.",COG,Violence,4.286,2001
"Congo, Rep.",COG,Violence,4.286,2002
"Congo, Rep.",COG,Violence,4.286,2003
"Congo, Rep.",COG,Violence,4.286,2004
"Congo, Rep.",COG,Violence,25.714,2005
"Congo, Rep.",COG,Violence,4.286,2006
"Congo, Rep.",COG,Violence,4.286,2007
"Congo, Rep.",COG,Violence,4.286,2008
"Congo, Rep.",COG,Violence,7.143,2009
"Congo, Rep.",COG,Violence,4.286,2010
"Congo, Rep.",COG,Violence,4.286,2011
"Congo, Rep.",COG,Violence,30.000,2012
"Congo, Rep.",COG,Violence,4.286,2013
"Congo, Rep.",COG,Violence,4.286,2014
"Congo, Rep.",COG,Violence,5.714,2015
"Congo, Rep.",COG,Violence,4.286,2016
"Congo, Rep.",COG,Violence,4.286,2017
"Congo, Rep.",COG,Violence,4.286,2018
"Congo, Rep.",COG,Violence,4.286,2019
"Congo, Rep.",COG,Violence,2.143,2020
"Congo, Rep.",COG,Violence,2.143,2021
"Congo, Rep.",COG,Violence,2.143,2022
"Congo, Rep.",COG,Violence,2.143,2023
"Congo, Rep.",COG,Youth 15-24,4.587,1960
"Congo, Rep.",COG,Youth 15-24,4.587,1961
"Congo, Rep.",COG,Youth 15-24,4.587,1962
"Congo, Rep.",COG,Youth 15-24,4.587,1963
"Congo, Rep.",COG,Youth 15-24,4.587,1964
"Congo, Rep.",COG,Youth 15-24,4.587,1965
"Congo, Rep.",COG,Youth 15-24,4.587,1966
"Congo, Rep.",COG,Youth 15-24,4.587,1967
"Congo, Rep.",COG,Youth 15-24,4.587,1968
"Congo, Rep.",COG,Youth 15-24,4.587,1969
"Congo, Rep.",COG,Youth 15-24,4.587,1970
"Congo, Rep.",COG,Youth 15-24,19.266,1971
"Congo, Rep.",COG,Youth 15-24,23.853,1972
"Congo, Rep.",COG,Youth 15-24,18.349,1973
"Congo, Rep.",COG,Youth 15-24,25.688,1974
"Congo, Rep.",COG,Youth 15-24,21.101,1975
"Congo, Rep.",COG,Youth 15-24,25.688,1976
"Congo, Rep.",COG,Youth 15-24,21.101,1977
"Congo, Rep.",COG,Youth 15-24,21.101,1978
"Congo, Rep.",COG,Youth 15-24,15.596,1979
"Congo, Rep.",COG,Youth 15-24,21.101,1980
"Congo, Rep.",COG,Youth 15-24,18.349,1981
"Congo, Rep.",COG,Youth 15-24,21.101,1982
"Congo, Rep.",COG,Youth 15-24,14.679,1983
"Congo, Rep.",COG,Youth 15-24,33.945,1984
"Congo, Rep.",COG,Youth 15-24,18.349,1985
"Congo, Rep.",COG,Youth 15-24,21.101,1986
"Congo, Rep.",COG,Youth 15-24,15.596,1987
"Congo, Rep.",COG,Youth 15-24,21.101,1988
"Congo, Rep.",COG,Youth 15-24,18.349,1989
"Congo, Rep.",COG,Youth 15-24,25.688,1990
"Congo, Rep.",COG,Youth 15-24,24.771,1991
"Congo, Rep.",COG,Youth 15-24,34.862,1992
"Congo, Rep.",COG,Youth 15-24,22.018,1993
"Congo, Rep.",COG,Youth 15-24,21.101,1994
"Congo, Rep.",COG,Youth 15-24,21.101,1995
"Congo, Rep.",COG,Youth 15-24,28.440,1996
"Congo, Rep.",COG,Youth 15-24,18.349,1997
"Congo, Rep.",COG,Youth 15-24,18.349,1998
"Congo, Rep.",COG,Youth 15-24,22.018,1999
"Congo, Rep.",COG,Youth 15-24,22.018,2000
"Congo, Rep.",COG,Youth 15-24,24.771,2001
"Congo, Rep.",COG,Youth 15-24,38.532,2002
"Congo, Rep.",COG,Youth 15-24,38.532,2003
"Congo, Rep.",COG,Youth 15-24,34.862,2004
"Congo, Rep.",COG,Youth 15-24,43.119,2005
"Congo, Rep.",COG,Youth 15-24,18.349,2006
"Congo, Rep.",COG,Youth 15-24,21.101,2007
"Congo, Rep.",COG,Youth 15-24,21.101,2008
"Congo, Rep.",COG,Youth 15-24,40.367,2009
"Congo, Rep.",COG,Youth 15-24,19.266,2010
"Congo, Rep.",COG,Youth 15-24,32.110,2011
"Congo, Rep.",COG,Youth 15-24,41.284,2012
"Congo, Rep.",COG,Youth 15-24,22.018,2013
"Congo, Rep.",COG,Youth 15-24,18.349,2014
"Congo, Rep.",COG,Youth 15-24,29.358,2015
"Congo, Rep.",COG,Youth 15-24,18.349,2016
"Congo, Rep.",COG,Youth 15-24,33.028,2017
"Congo, Rep.",COG,Youth 15-24,27.523,2018
"Congo, Rep.",COG,Youth 15-24,18.349,2019
"Congo, Rep.",COG,Youth 15-24,18.349,2020
"Congo, Rep.",COG,Youth 15-24,22.018,2021
"Congo, Rep.",COG,Youth 15-24,18.349,2022
"Congo, Rep.",COG,Youth 15-24,16.514,2023
