Country Name,Country Code,Topic,% of available indicators,Year
Curacao,CUW,Assets,0.000,1960
Curacao,CUW,Assets,0.000,1961
Curacao,CUW,Assets,0.000,1962
Curacao,CUW,Assets,0.000,1963
Curacao,CUW,Assets,0.000,1964
Curacao,CUW,Assets,0.000,1965
Curacao,CUW,Assets,0.000,1966
Curacao,CUW,Assets,0.000,1967
Curacao,CUW,Assets,0.000,1968
Curacao,CUW,Assets,0.000,1969
Curacao,CUW,Assets,0.000,1970
Curacao,CUW,Assets,0.000,1971
Curacao,CUW,Assets,0.000,1972
Curacao,CUW,Assets,0.000,1973
Curacao,CUW,Assets,0.000,1974
Curacao,CUW,Assets,0.000,1975
Curacao,CUW,Assets,0.000,1976
Curacao,CUW,Assets,0.000,1977
Curacao,CUW,Assets,0.000,1978
Curacao,CUW,Assets,0.000,1979
Curacao,CUW,Assets,0.000,1980
Curacao,CUW,Assets,0.000,1981
Curacao,CUW,Assets,0.000,1982
Curacao,CUW,Assets,0.000,1983
Curacao,CUW,Assets,0.000,1984
Curacao,CUW,Assets,0.000,1985
Curacao,CUW,Assets,0.000,1986
Curacao,CUW,Assets,0.000,1987
Curacao,CUW,Assets,0.000,1988
Curacao,CUW,Assets,0.000,1989
Curacao,CUW,Assets,0.000,1990
Curacao,CUW,Assets,0.000,1991
Curacao,CUW,Assets,0.000,1992
Curacao,CUW,Assets,0.000,1993
Curacao,CUW,Assets,0.000,1994
Curacao,CUW,Assets,0.000,1995
Curacao,CUW,Assets,0.000,1996
Curacao,CUW,Assets,0.000,1997
Curacao,CUW,Assets,0.000,1998
Curacao,CUW,Assets,0.000,1999
Curacao,CUW,Assets,0.000,2000
Curacao,CUW,Assets,0.000,2001
Curacao,CUW,Assets,0.000,2002
Curacao,CUW,Assets,0.000,2003
Curacao,CUW,Assets,0.000,2004
Curacao,CUW,Assets,0.000,2005
Curacao,CUW,Assets,0.000,2006
Curacao,CUW,Assets,0.000,2007
Curacao,CUW,Assets,0.000,2008
Curacao,CUW,Assets,0.000,2009
Curacao,CUW,Assets,0.000,2010
Curacao,CUW,Assets,0.000,2011
Curacao,CUW,Assets,0.000,2012
Curacao,CUW,Assets,0.000,2013
Curacao,CUW,Assets,0.000,2014
Curacao,CUW,Assets,0.000,2015
Curacao,CUW,Assets,0.000,2016
Curacao,CUW,Assets,0.000,2017
Curacao,CUW,Assets,0.000,2018
Curacao,CUW,Assets,0.000,2019
Curacao,CUW,Assets,0.000,2020
Curacao,CUW,Assets,0.000,2021
Curacao,CUW,Assets,0.000,2022
Curacao,CUW,Assets,0.000,2023
Curacao,CUW,Children 0-14,10.769,1960
Curacao,CUW,Children 0-14,10.769,1961
Curacao,CUW,Children 0-14,10.769,1962
Curacao,CUW,Children 0-14,10.769,1963
Curacao,CUW,Children 0-14,10.769,1964
Curacao,CUW,Children 0-14,10.769,1965
Curacao,CUW,Children 0-14,10.769,1966
Curacao,CUW,Children 0-14,10.769,1967
Curacao,CUW,Children 0-14,10.769,1968
Curacao,CUW,Children 0-14,10.769,1969
Curacao,CUW,Children 0-14,10.769,1970
Curacao,CUW,Children 0-14,10.769,1971
Curacao,CUW,Children 0-14,10.769,1972
Curacao,CUW,Children 0-14,10.769,1973
Curacao,CUW,Children 0-14,10.769,1974
Curacao,CUW,Children 0-14,10.769,1975
Curacao,CUW,Children 0-14,10.769,1976
Curacao,CUW,Children 0-14,10.769,1977
Curacao,CUW,Children 0-14,10.769,1978
Curacao,CUW,Children 0-14,10.769,1979
Curacao,CUW,Children 0-14,10.769,1980
Curacao,CUW,Children 0-14,10.769,1981
Curacao,CUW,Children 0-14,10.769,1982
Curacao,CUW,Children 0-14,10.769,1983
Curacao,CUW,Children 0-14,10.769,1984
Curacao,CUW,Children 0-14,10.769,1985
Curacao,CUW,Children 0-14,10.769,1986
Curacao,CUW,Children 0-14,10.769,1987
Curacao,CUW,Children 0-14,10.769,1988
Curacao,CUW,Children 0-14,10.769,1989
Curacao,CUW,Children 0-14,10.769,1990
Curacao,CUW,Children 0-14,10.769,1991
Curacao,CUW,Children 0-14,10.769,1992
Curacao,CUW,Children 0-14,10.769,1993
Curacao,CUW,Children 0-14,10.769,1994
Curacao,CUW,Children 0-14,10.769,1995
Curacao,CUW,Children 0-14,10.769,1996
Curacao,CUW,Children 0-14,10.769,1997
Curacao,CUW,Children 0-14,10.769,1998
Curacao,CUW,Children 0-14,10.769,1999
Curacao,CUW,Children 0-14,10.769,2000
Curacao,CUW,Children 0-14,10.769,2001
Curacao,CUW,Children 0-14,10.769,2002
Curacao,CUW,Children 0-14,10.769,2003
Curacao,CUW,Children 0-14,10.769,2004
Curacao,CUW,Children 0-14,10.769,2005
Curacao,CUW,Children 0-14,10.769,2006
Curacao,CUW,Children 0-14,10.769,2007
Curacao,CUW,Children 0-14,10.769,2008
Curacao,CUW,Children 0-14,10.769,2009
Curacao,CUW,Children 0-14,8.462,2010
Curacao,CUW,Children 0-14,10.769,2011
Curacao,CUW,Children 0-14,10.769,2012
Curacao,CUW,Children 0-14,20.000,2013
Curacao,CUW,Children 0-14,10.769,2014
Curacao,CUW,Children 0-14,10.769,2015
Curacao,CUW,Children 0-14,10.769,2016
Curacao,CUW,Children 0-14,10.769,2017
Curacao,CUW,Children 0-14,13.077,2018
Curacao,CUW,Children 0-14,8.462,2019
Curacao,CUW,Children 0-14,20.000,2020
Curacao,CUW,Children 0-14,8.462,2021
Curacao,CUW,Children 0-14,8.462,2022
Curacao,CUW,Children 0-14,13.077,2023
Curacao,CUW,Education,0.000,1960
Curacao,CUW,Education,0.000,1961
Curacao,CUW,Education,0.000,1962
Curacao,CUW,Education,0.000,1963
Curacao,CUW,Education,0.000,1964
Curacao,CUW,Education,0.000,1965
Curacao,CUW,Education,0.000,1966
Curacao,CUW,Education,0.000,1967
Curacao,CUW,Education,0.000,1968
Curacao,CUW,Education,0.000,1969
Curacao,CUW,Education,0.000,1970
Curacao,CUW,Education,0.000,1971
Curacao,CUW,Education,0.000,1972
Curacao,CUW,Education,0.000,1973
Curacao,CUW,Education,0.000,1974
Curacao,CUW,Education,0.000,1975
Curacao,CUW,Education,0.000,1976
Curacao,CUW,Education,0.000,1977
Curacao,CUW,Education,0.000,1978
Curacao,CUW,Education,0.000,1979
Curacao,CUW,Education,0.000,1980
Curacao,CUW,Education,0.000,1981
Curacao,CUW,Education,0.000,1982
Curacao,CUW,Education,0.000,1983
Curacao,CUW,Education,0.000,1984
Curacao,CUW,Education,0.000,1985
Curacao,CUW,Education,0.000,1986
Curacao,CUW,Education,0.000,1987
Curacao,CUW,Education,0.000,1988
Curacao,CUW,Education,0.000,1989
Curacao,CUW,Education,0.000,1990
Curacao,CUW,Education,0.000,1991
Curacao,CUW,Education,0.000,1992
Curacao,CUW,Education,0.000,1993
Curacao,CUW,Education,0.000,1994
Curacao,CUW,Education,0.000,1995
Curacao,CUW,Education,0.000,1996
Curacao,CUW,Education,0.000,1997
Curacao,CUW,Education,0.000,1998
Curacao,CUW,Education,0.000,1999
Curacao,CUW,Education,0.000,2000
Curacao,CUW,Education,0.000,2001
Curacao,CUW,Education,0.000,2002
Curacao,CUW,Education,0.000,2003
Curacao,CUW,Education,0.000,2004
Curacao,CUW,Education,0.000,2005
Curacao,CUW,Education,0.000,2006
Curacao,CUW,Education,0.000,2007
Curacao,CUW,Education,0.000,2008
Curacao,CUW,Education,0.000,2009
Curacao,CUW,Education,0.613,2010
Curacao,CUW,Education,0.613,2011
Curacao,CUW,Education,0.613,2012
Curacao,CUW,Education,25.767,2013
Curacao,CUW,Education,0.613,2014
Curacao,CUW,Education,0.613,2015
Curacao,CUW,Education,0.613,2016
Curacao,CUW,Education,0.613,2017
Curacao,CUW,Education,17.178,2018
Curacao,CUW,Education,0.613,2019
Curacao,CUW,Education,22.699,2020
Curacao,CUW,Education,0.613,2021
Curacao,CUW,Education,0.613,2022
Curacao,CUW,Education,6.748,2023
Curacao,CUW,Employment and Time Use,0.000,1960
Curacao,CUW,Employment and Time Use,0.000,1961
Curacao,CUW,Employment and Time Use,0.000,1962
Curacao,CUW,Employment and Time Use,0.000,1963
Curacao,CUW,Employment and Time Use,0.000,1964
Curacao,CUW,Employment and Time Use,0.000,1965
Curacao,CUW,Employment and Time Use,0.000,1966
Curacao,CUW,Employment and Time Use,0.000,1967
Curacao,CUW,Employment and Time Use,0.000,1968
Curacao,CUW,Employment and Time Use,0.000,1969
Curacao,CUW,Employment and Time Use,0.000,1970
Curacao,CUW,Employment and Time Use,0.000,1971
Curacao,CUW,Employment and Time Use,0.000,1972
Curacao,CUW,Employment and Time Use,0.000,1973
Curacao,CUW,Employment and Time Use,0.000,1974
Curacao,CUW,Employment and Time Use,0.000,1975
Curacao,CUW,Employment and Time Use,0.000,1976
Curacao,CUW,Employment and Time Use,0.000,1977
Curacao,CUW,Employment and Time Use,0.000,1978
Curacao,CUW,Employment and Time Use,0.000,1979
Curacao,CUW,Employment and Time Use,0.000,1980
Curacao,CUW,Employment and Time Use,0.000,1981
Curacao,CUW,Employment and Time Use,0.000,1982
Curacao,CUW,Employment and Time Use,0.000,1983
Curacao,CUW,Employment and Time Use,0.000,1984
Curacao,CUW,Employment and Time Use,0.000,1985
Curacao,CUW,Employment and Time Use,0.000,1986
Curacao,CUW,Employment and Time Use,0.000,1987
Curacao,CUW,Employment and Time Use,0.000,1988
Curacao,CUW,Employment and Time Use,0.000,1989
Curacao,CUW,Employment and Time Use,0.000,1990
Curacao,CUW,Employment and Time Use,0.000,1991
Curacao,CUW,Employment and Time Use,0.000,1992
Curacao,CUW,Employment and Time Use,0.000,1993
Curacao,CUW,Employment and Time Use,0.000,1994
Curacao,CUW,Employment and Time Use,0.000,1995
Curacao,CUW,Employment and Time Use,0.000,1996
Curacao,CUW,Employment and Time Use,0.000,1997
Curacao,CUW,Employment and Time Use,0.000,1998
Curacao,CUW,Employment and Time Use,0.000,1999
Curacao,CUW,Employment and Time Use,0.000,2000
Curacao,CUW,Employment and Time Use,0.000,2001
Curacao,CUW,Employment and Time Use,0.000,2002
Curacao,CUW,Employment and Time Use,0.000,2003
Curacao,CUW,Employment and Time Use,0.000,2004
Curacao,CUW,Employment and Time Use,0.000,2005
Curacao,CUW,Employment and Time Use,0.000,2006
Curacao,CUW,Employment and Time Use,0.000,2007
Curacao,CUW,Employment and Time Use,0.000,2008
Curacao,CUW,Employment and Time Use,0.000,2009
Curacao,CUW,Employment and Time Use,0.000,2010
Curacao,CUW,Employment and Time Use,4.380,2011
Curacao,CUW,Employment and Time Use,0.000,2012
Curacao,CUW,Employment and Time Use,4.380,2013
Curacao,CUW,Employment and Time Use,4.380,2014
Curacao,CUW,Employment and Time Use,4.380,2015
Curacao,CUW,Employment and Time Use,0.000,2016
Curacao,CUW,Employment and Time Use,0.000,2017
Curacao,CUW,Employment and Time Use,33.577,2018
Curacao,CUW,Employment and Time Use,0.000,2019
Curacao,CUW,Employment and Time Use,21.168,2020
Curacao,CUW,Employment and Time Use,0.000,2021
Curacao,CUW,Employment and Time Use,0.000,2022
Curacao,CUW,Employment and Time Use,0.000,2023
Curacao,CUW,Entrepreneurship,0.000,1960
Curacao,CUW,Entrepreneurship,0.000,1961
Curacao,CUW,Entrepreneurship,0.000,1962
Curacao,CUW,Entrepreneurship,0.000,1963
Curacao,CUW,Entrepreneurship,0.000,1964
Curacao,CUW,Entrepreneurship,0.000,1965
Curacao,CUW,Entrepreneurship,0.000,1966
Curacao,CUW,Entrepreneurship,0.000,1967
Curacao,CUW,Entrepreneurship,0.000,1968
Curacao,CUW,Entrepreneurship,0.000,1969
Curacao,CUW,Entrepreneurship,0.000,1970
Curacao,CUW,Entrepreneurship,0.000,1971
Curacao,CUW,Entrepreneurship,0.000,1972
Curacao,CUW,Entrepreneurship,0.000,1973
Curacao,CUW,Entrepreneurship,0.000,1974
Curacao,CUW,Entrepreneurship,0.000,1975
Curacao,CUW,Entrepreneurship,0.000,1976
Curacao,CUW,Entrepreneurship,0.000,1977
Curacao,CUW,Entrepreneurship,0.000,1978
Curacao,CUW,Entrepreneurship,0.000,1979
Curacao,CUW,Entrepreneurship,0.000,1980
Curacao,CUW,Entrepreneurship,0.000,1981
Curacao,CUW,Entrepreneurship,0.000,1982
Curacao,CUW,Entrepreneurship,0.000,1983
Curacao,CUW,Entrepreneurship,0.000,1984
Curacao,CUW,Entrepreneurship,0.000,1985
Curacao,CUW,Entrepreneurship,0.000,1986
Curacao,CUW,Entrepreneurship,0.000,1987
Curacao,CUW,Entrepreneurship,0.000,1988
Curacao,CUW,Entrepreneurship,0.000,1989
Curacao,CUW,Entrepreneurship,0.000,1990
Curacao,CUW,Entrepreneurship,0.000,1991
Curacao,CUW,Entrepreneurship,0.000,1992
Curacao,CUW,Entrepreneurship,0.000,1993
Curacao,CUW,Entrepreneurship,0.000,1994
Curacao,CUW,Entrepreneurship,0.000,1995
Curacao,CUW,Entrepreneurship,0.000,1996
Curacao,CUW,Entrepreneurship,0.000,1997
Curacao,CUW,Entrepreneurship,0.000,1998
Curacao,CUW,Entrepreneurship,0.000,1999
Curacao,CUW,Entrepreneurship,0.000,2000
Curacao,CUW,Entrepreneurship,0.000,2001
Curacao,CUW,Entrepreneurship,0.000,2002
Curacao,CUW,Entrepreneurship,0.000,2003
Curacao,CUW,Entrepreneurship,0.000,2004
Curacao,CUW,Entrepreneurship,0.000,2005
Curacao,CUW,Entrepreneurship,0.000,2006
Curacao,CUW,Entrepreneurship,0.000,2007
Curacao,CUW,Entrepreneurship,0.000,2008
Curacao,CUW,Entrepreneurship,0.000,2009
Curacao,CUW,Entrepreneurship,0.000,2010
Curacao,CUW,Entrepreneurship,0.000,2011
Curacao,CUW,Entrepreneurship,0.000,2012
Curacao,CUW,Entrepreneurship,0.000,2013
Curacao,CUW,Entrepreneurship,0.000,2014
Curacao,CUW,Entrepreneurship,0.000,2015
Curacao,CUW,Entrepreneurship,0.000,2016
Curacao,CUW,Entrepreneurship,0.000,2017
Curacao,CUW,Entrepreneurship,0.000,2018
Curacao,CUW,Entrepreneurship,0.000,2019
Curacao,CUW,Entrepreneurship,0.000,2020
Curacao,CUW,Entrepreneurship,0.000,2021
Curacao,CUW,Entrepreneurship,0.000,2022
Curacao,CUW,Entrepreneurship,0.000,2023
Curacao,CUW,Environment,0.000,1960
Curacao,CUW,Environment,0.000,1961
Curacao,CUW,Environment,0.000,1962
Curacao,CUW,Environment,0.000,1963
Curacao,CUW,Environment,0.000,1964
Curacao,CUW,Environment,0.000,1965
Curacao,CUW,Environment,0.000,1966
Curacao,CUW,Environment,0.000,1967
Curacao,CUW,Environment,0.000,1968
Curacao,CUW,Environment,0.000,1969
Curacao,CUW,Environment,0.000,1970
Curacao,CUW,Environment,0.000,1971
Curacao,CUW,Environment,0.000,1972
Curacao,CUW,Environment,0.000,1973
Curacao,CUW,Environment,0.000,1974
Curacao,CUW,Environment,0.000,1975
Curacao,CUW,Environment,0.000,1976
Curacao,CUW,Environment,0.000,1977
Curacao,CUW,Environment,0.000,1978
Curacao,CUW,Environment,0.000,1979
Curacao,CUW,Environment,0.000,1980
Curacao,CUW,Environment,0.000,1981
Curacao,CUW,Environment,0.000,1982
Curacao,CUW,Environment,0.000,1983
Curacao,CUW,Environment,0.000,1984
Curacao,CUW,Environment,0.000,1985
Curacao,CUW,Environment,0.000,1986
Curacao,CUW,Environment,0.000,1987
Curacao,CUW,Environment,0.000,1988
Curacao,CUW,Environment,0.000,1989
Curacao,CUW,Environment,0.000,1990
Curacao,CUW,Environment,0.000,1991
Curacao,CUW,Environment,0.000,1992
Curacao,CUW,Environment,0.000,1993
Curacao,CUW,Environment,0.000,1994
Curacao,CUW,Environment,0.000,1995
Curacao,CUW,Environment,0.000,1996
Curacao,CUW,Environment,0.000,1997
Curacao,CUW,Environment,0.000,1998
Curacao,CUW,Environment,0.000,1999
Curacao,CUW,Environment,3.333,2000
Curacao,CUW,Environment,3.333,2001
Curacao,CUW,Environment,3.333,2002
Curacao,CUW,Environment,3.333,2003
Curacao,CUW,Environment,3.333,2004
Curacao,CUW,Environment,3.333,2005
Curacao,CUW,Environment,3.333,2006
Curacao,CUW,Environment,3.333,2007
Curacao,CUW,Environment,3.333,2008
Curacao,CUW,Environment,3.333,2009
Curacao,CUW,Environment,3.333,2010
Curacao,CUW,Environment,3.333,2011
Curacao,CUW,Environment,3.333,2012
Curacao,CUW,Environment,3.333,2013
Curacao,CUW,Environment,3.333,2014
Curacao,CUW,Environment,3.333,2015
Curacao,CUW,Environment,3.333,2016
Curacao,CUW,Environment,3.333,2017
Curacao,CUW,Environment,0.000,2018
Curacao,CUW,Environment,0.000,2019
Curacao,CUW,Environment,0.000,2020
Curacao,CUW,Environment,0.000,2021
Curacao,CUW,Environment,0.000,2022
Curacao,CUW,Environment,0.000,2023
Curacao,CUW,Health,3.030,1960
Curacao,CUW,Health,3.030,1961
Curacao,CUW,Health,3.030,1962
Curacao,CUW,Health,3.030,1963
Curacao,CUW,Health,3.030,1964
Curacao,CUW,Health,3.030,1965
Curacao,CUW,Health,3.030,1966
Curacao,CUW,Health,3.030,1967
Curacao,CUW,Health,3.030,1968
Curacao,CUW,Health,3.030,1969
Curacao,CUW,Health,3.030,1970
Curacao,CUW,Health,3.030,1971
Curacao,CUW,Health,3.030,1972
Curacao,CUW,Health,3.030,1973
Curacao,CUW,Health,3.030,1974
Curacao,CUW,Health,3.030,1975
Curacao,CUW,Health,3.030,1976
Curacao,CUW,Health,3.030,1977
Curacao,CUW,Health,3.030,1978
Curacao,CUW,Health,3.030,1979
Curacao,CUW,Health,3.030,1980
Curacao,CUW,Health,3.030,1981
Curacao,CUW,Health,3.030,1982
Curacao,CUW,Health,3.030,1983
Curacao,CUW,Health,3.030,1984
Curacao,CUW,Health,3.030,1985
Curacao,CUW,Health,3.030,1986
Curacao,CUW,Health,3.030,1987
Curacao,CUW,Health,3.030,1988
Curacao,CUW,Health,3.030,1989
Curacao,CUW,Health,3.030,1990
Curacao,CUW,Health,3.030,1991
Curacao,CUW,Health,3.030,1992
Curacao,CUW,Health,3.030,1993
Curacao,CUW,Health,3.030,1994
Curacao,CUW,Health,3.030,1995
Curacao,CUW,Health,3.030,1996
Curacao,CUW,Health,3.030,1997
Curacao,CUW,Health,3.030,1998
Curacao,CUW,Health,3.030,1999
Curacao,CUW,Health,3.535,2000
Curacao,CUW,Health,3.535,2001
Curacao,CUW,Health,3.535,2002
Curacao,CUW,Health,3.535,2003
Curacao,CUW,Health,3.535,2004
Curacao,CUW,Health,3.535,2005
Curacao,CUW,Health,3.535,2006
Curacao,CUW,Health,3.535,2007
Curacao,CUW,Health,3.535,2008
Curacao,CUW,Health,3.535,2009
Curacao,CUW,Health,3.535,2010
Curacao,CUW,Health,3.535,2011
Curacao,CUW,Health,3.535,2012
Curacao,CUW,Health,3.535,2013
Curacao,CUW,Health,3.535,2014
Curacao,CUW,Health,3.535,2015
Curacao,CUW,Health,3.535,2016
Curacao,CUW,Health,3.535,2017
Curacao,CUW,Health,3.030,2018
Curacao,CUW,Health,3.030,2019
Curacao,CUW,Health,3.030,2020
Curacao,CUW,Health,3.030,2021
Curacao,CUW,Health,3.030,2022
Curacao,CUW,Health,0.000,2023
Curacao,CUW,Leadership,0.000,1960
Curacao,CUW,Leadership,0.000,1961
Curacao,CUW,Leadership,0.000,1962
Curacao,CUW,Leadership,0.000,1963
Curacao,CUW,Leadership,0.000,1964
Curacao,CUW,Leadership,0.000,1965
Curacao,CUW,Leadership,0.000,1966
Curacao,CUW,Leadership,0.000,1967
Curacao,CUW,Leadership,0.000,1968
Curacao,CUW,Leadership,0.000,1969
Curacao,CUW,Leadership,0.000,1970
Curacao,CUW,Leadership,0.000,1971
Curacao,CUW,Leadership,0.000,1972
Curacao,CUW,Leadership,0.000,1973
Curacao,CUW,Leadership,0.000,1974
Curacao,CUW,Leadership,0.000,1975
Curacao,CUW,Leadership,0.000,1976
Curacao,CUW,Leadership,0.000,1977
Curacao,CUW,Leadership,0.000,1978
Curacao,CUW,Leadership,0.000,1979
Curacao,CUW,Leadership,0.000,1980
Curacao,CUW,Leadership,0.000,1981
Curacao,CUW,Leadership,0.000,1982
Curacao,CUW,Leadership,0.000,1983
Curacao,CUW,Leadership,0.000,1984
Curacao,CUW,Leadership,0.000,1985
Curacao,CUW,Leadership,0.000,1986
Curacao,CUW,Leadership,0.000,1987
Curacao,CUW,Leadership,0.000,1988
Curacao,CUW,Leadership,0.000,1989
Curacao,CUW,Leadership,0.000,1990
Curacao,CUW,Leadership,0.000,1991
Curacao,CUW,Leadership,0.000,1992
Curacao,CUW,Leadership,0.000,1993
Curacao,CUW,Leadership,0.000,1994
Curacao,CUW,Leadership,0.000,1995
Curacao,CUW,Leadership,0.000,1996
Curacao,CUW,Leadership,0.000,1997
Curacao,CUW,Leadership,0.000,1998
Curacao,CUW,Leadership,0.000,1999
Curacao,CUW,Leadership,0.000,2000
Curacao,CUW,Leadership,0.000,2001
Curacao,CUW,Leadership,0.000,2002
Curacao,CUW,Leadership,0.000,2003
Curacao,CUW,Leadership,0.000,2004
Curacao,CUW,Leadership,0.000,2005
Curacao,CUW,Leadership,0.000,2006
Curacao,CUW,Leadership,0.000,2007
Curacao,CUW,Leadership,0.000,2008
Curacao,CUW,Leadership,0.000,2009
Curacao,CUW,Leadership,0.000,2010
Curacao,CUW,Leadership,0.000,2011
Curacao,CUW,Leadership,0.000,2012
Curacao,CUW,Leadership,0.000,2013
Curacao,CUW,Leadership,0.000,2014
Curacao,CUW,Leadership,0.000,2015
Curacao,CUW,Leadership,0.000,2016
Curacao,CUW,Leadership,0.000,2017
Curacao,CUW,Leadership,0.000,2018
Curacao,CUW,Leadership,0.000,2019
Curacao,CUW,Leadership,0.000,2020
Curacao,CUW,Leadership,0.000,2021
Curacao,CUW,Leadership,0.000,2022
Curacao,CUW,Leadership,0.000,2023
Curacao,CUW,Norms and Decision-making,0.000,1960
Curacao,CUW,Norms and Decision-making,0.000,1961
Curacao,CUW,Norms and Decision-making,0.000,1962
Curacao,CUW,Norms and Decision-making,0.000,1963
Curacao,CUW,Norms and Decision-making,0.000,1964
Curacao,CUW,Norms and Decision-making,0.000,1965
Curacao,CUW,Norms and Decision-making,0.000,1966
Curacao,CUW,Norms and Decision-making,0.000,1967
Curacao,CUW,Norms and Decision-making,0.000,1968
Curacao,CUW,Norms and Decision-making,0.000,1969
Curacao,CUW,Norms and Decision-making,0.000,1970
Curacao,CUW,Norms and Decision-making,0.000,1971
Curacao,CUW,Norms and Decision-making,0.000,1972
Curacao,CUW,Norms and Decision-making,0.000,1973
Curacao,CUW,Norms and Decision-making,0.000,1974
Curacao,CUW,Norms and Decision-making,0.000,1975
Curacao,CUW,Norms and Decision-making,0.000,1976
Curacao,CUW,Norms and Decision-making,0.000,1977
Curacao,CUW,Norms and Decision-making,0.000,1978
Curacao,CUW,Norms and Decision-making,0.000,1979
Curacao,CUW,Norms and Decision-making,0.000,1980
Curacao,CUW,Norms and Decision-making,0.000,1981
Curacao,CUW,Norms and Decision-making,0.000,1982
Curacao,CUW,Norms and Decision-making,0.000,1983
Curacao,CUW,Norms and Decision-making,0.000,1984
Curacao,CUW,Norms and Decision-making,0.000,1985
Curacao,CUW,Norms and Decision-making,0.000,1986
Curacao,CUW,Norms and Decision-making,0.000,1987
Curacao,CUW,Norms and Decision-making,0.000,1988
Curacao,CUW,Norms and Decision-making,0.000,1989
Curacao,CUW,Norms and Decision-making,0.000,1990
Curacao,CUW,Norms and Decision-making,0.000,1991
Curacao,CUW,Norms and Decision-making,0.000,1992
Curacao,CUW,Norms and Decision-making,0.000,1993
Curacao,CUW,Norms and Decision-making,0.000,1994
Curacao,CUW,Norms and Decision-making,0.000,1995
Curacao,CUW,Norms and Decision-making,0.000,1996
Curacao,CUW,Norms and Decision-making,0.000,1997
Curacao,CUW,Norms and Decision-making,0.000,1998
Curacao,CUW,Norms and Decision-making,0.000,1999
Curacao,CUW,Norms and Decision-making,0.000,2000
Curacao,CUW,Norms and Decision-making,0.000,2001
Curacao,CUW,Norms and Decision-making,0.000,2002
Curacao,CUW,Norms and Decision-making,0.000,2003
Curacao,CUW,Norms and Decision-making,0.000,2004
Curacao,CUW,Norms and Decision-making,0.000,2005
Curacao,CUW,Norms and Decision-making,0.000,2006
Curacao,CUW,Norms and Decision-making,0.000,2007
Curacao,CUW,Norms and Decision-making,0.000,2008
Curacao,CUW,Norms and Decision-making,0.000,2009
Curacao,CUW,Norms and Decision-making,0.000,2010
Curacao,CUW,Norms and Decision-making,0.000,2011
Curacao,CUW,Norms and Decision-making,0.000,2012
Curacao,CUW,Norms and Decision-making,0.000,2013
Curacao,CUW,Norms and Decision-making,0.000,2014
Curacao,CUW,Norms and Decision-making,0.000,2015
Curacao,CUW,Norms and Decision-making,0.000,2016
Curacao,CUW,Norms and Decision-making,0.000,2017
Curacao,CUW,Norms and Decision-making,0.000,2018
Curacao,CUW,Norms and Decision-making,0.000,2019
Curacao,CUW,Norms and Decision-making,0.000,2020
Curacao,CUW,Norms and Decision-making,0.000,2021
Curacao,CUW,Norms and Decision-making,0.000,2022
Curacao,CUW,Norms and Decision-making,0.000,2023
Curacao,CUW,Population,86.905,1960
Curacao,CUW,Population,86.905,1961
Curacao,CUW,Population,86.905,1962
Curacao,CUW,Population,86.905,1963
Curacao,CUW,Population,86.905,1964
Curacao,CUW,Population,86.905,1965
Curacao,CUW,Population,86.905,1966
Curacao,CUW,Population,86.905,1967
Curacao,CUW,Population,86.905,1968
Curacao,CUW,Population,86.905,1969
Curacao,CUW,Population,86.905,1970
Curacao,CUW,Population,86.905,1971
Curacao,CUW,Population,86.905,1972
Curacao,CUW,Population,86.905,1973
Curacao,CUW,Population,86.905,1974
Curacao,CUW,Population,86.905,1975
Curacao,CUW,Population,86.905,1976
Curacao,CUW,Population,86.905,1977
Curacao,CUW,Population,86.905,1978
Curacao,CUW,Population,86.905,1979
Curacao,CUW,Population,86.905,1980
Curacao,CUW,Population,86.905,1981
Curacao,CUW,Population,86.905,1982
Curacao,CUW,Population,86.905,1983
Curacao,CUW,Population,86.905,1984
Curacao,CUW,Population,86.905,1985
Curacao,CUW,Population,86.905,1986
Curacao,CUW,Population,86.905,1987
Curacao,CUW,Population,86.905,1988
Curacao,CUW,Population,86.905,1989
Curacao,CUW,Population,86.905,1990
Curacao,CUW,Population,86.905,1991
Curacao,CUW,Population,86.905,1992
Curacao,CUW,Population,86.905,1993
Curacao,CUW,Population,86.905,1994
Curacao,CUW,Population,86.905,1995
Curacao,CUW,Population,86.905,1996
Curacao,CUW,Population,86.905,1997
Curacao,CUW,Population,86.905,1998
Curacao,CUW,Population,86.905,1999
Curacao,CUW,Population,86.905,2000
Curacao,CUW,Population,86.905,2001
Curacao,CUW,Population,86.905,2002
Curacao,CUW,Population,86.905,2003
Curacao,CUW,Population,86.905,2004
Curacao,CUW,Population,86.905,2005
Curacao,CUW,Population,86.905,2006
Curacao,CUW,Population,86.905,2007
Curacao,CUW,Population,86.905,2008
Curacao,CUW,Population,86.905,2009
Curacao,CUW,Population,84.524,2010
Curacao,CUW,Population,86.905,2011
Curacao,CUW,Population,86.905,2012
Curacao,CUW,Population,86.905,2013
Curacao,CUW,Population,86.905,2014
Curacao,CUW,Population,88.095,2015
Curacao,CUW,Population,86.905,2016
Curacao,CUW,Population,86.905,2017
Curacao,CUW,Population,83.333,2018
Curacao,CUW,Population,83.333,2019
Curacao,CUW,Population,84.524,2020
Curacao,CUW,Population,83.333,2021
Curacao,CUW,Population,83.333,2022
Curacao,CUW,Population,77.381,2023
Curacao,CUW,SDGs,0.671,1960
Curacao,CUW,SDGs,0.671,1961
Curacao,CUW,SDGs,0.671,1962
Curacao,CUW,SDGs,0.671,1963
Curacao,CUW,SDGs,0.671,1964
Curacao,CUW,SDGs,0.671,1965
Curacao,CUW,SDGs,0.671,1966
Curacao,CUW,SDGs,0.671,1967
Curacao,CUW,SDGs,0.671,1968
Curacao,CUW,SDGs,0.671,1969
Curacao,CUW,SDGs,0.671,1970
Curacao,CUW,SDGs,0.671,1971
Curacao,CUW,SDGs,0.671,1972
Curacao,CUW,SDGs,0.671,1973
Curacao,CUW,SDGs,0.671,1974
Curacao,CUW,SDGs,0.671,1975
Curacao,CUW,SDGs,0.671,1976
Curacao,CUW,SDGs,0.671,1977
Curacao,CUW,SDGs,0.671,1978
Curacao,CUW,SDGs,0.671,1979
Curacao,CUW,SDGs,0.671,1980
Curacao,CUW,SDGs,0.671,1981
Curacao,CUW,SDGs,0.671,1982
Curacao,CUW,SDGs,0.671,1983
Curacao,CUW,SDGs,0.671,1984
Curacao,CUW,SDGs,0.671,1985
Curacao,CUW,SDGs,0.671,1986
Curacao,CUW,SDGs,0.671,1987
Curacao,CUW,SDGs,0.671,1988
Curacao,CUW,SDGs,0.671,1989
Curacao,CUW,SDGs,0.671,1990
Curacao,CUW,SDGs,0.671,1991
Curacao,CUW,SDGs,0.671,1992
Curacao,CUW,SDGs,0.671,1993
Curacao,CUW,SDGs,0.671,1994
Curacao,CUW,SDGs,0.671,1995
Curacao,CUW,SDGs,0.671,1996
Curacao,CUW,SDGs,0.671,1997
Curacao,CUW,SDGs,0.671,1998
Curacao,CUW,SDGs,0.671,1999
Curacao,CUW,SDGs,1.342,2000
Curacao,CUW,SDGs,1.342,2001
Curacao,CUW,SDGs,1.342,2002
Curacao,CUW,SDGs,1.342,2003
Curacao,CUW,SDGs,1.342,2004
Curacao,CUW,SDGs,1.342,2005
Curacao,CUW,SDGs,1.342,2006
Curacao,CUW,SDGs,1.342,2007
Curacao,CUW,SDGs,1.342,2008
Curacao,CUW,SDGs,1.342,2009
Curacao,CUW,SDGs,1.342,2010
Curacao,CUW,SDGs,2.685,2011
Curacao,CUW,SDGs,1.342,2012
Curacao,CUW,SDGs,2.685,2013
Curacao,CUW,SDGs,2.685,2014
Curacao,CUW,SDGs,2.685,2015
Curacao,CUW,SDGs,1.342,2016
Curacao,CUW,SDGs,1.342,2017
Curacao,CUW,SDGs,4.698,2018
Curacao,CUW,SDGs,0.671,2019
Curacao,CUW,SDGs,4.698,2020
Curacao,CUW,SDGs,0.671,2021
Curacao,CUW,SDGs,0.671,2022
Curacao,CUW,SDGs,0.000,2023
Curacao,CUW,Technology,0.000,1960
Curacao,CUW,Technology,0.000,1961
Curacao,CUW,Technology,0.000,1962
Curacao,CUW,Technology,0.000,1963
Curacao,CUW,Technology,0.000,1964
Curacao,CUW,Technology,0.000,1965
Curacao,CUW,Technology,0.000,1966
Curacao,CUW,Technology,0.000,1967
Curacao,CUW,Technology,0.000,1968
Curacao,CUW,Technology,0.000,1969
Curacao,CUW,Technology,0.000,1970
Curacao,CUW,Technology,0.000,1971
Curacao,CUW,Technology,0.000,1972
Curacao,CUW,Technology,0.000,1973
Curacao,CUW,Technology,0.000,1974
Curacao,CUW,Technology,0.000,1975
Curacao,CUW,Technology,0.000,1976
Curacao,CUW,Technology,0.000,1977
Curacao,CUW,Technology,0.000,1978
Curacao,CUW,Technology,0.000,1979
Curacao,CUW,Technology,0.000,1980
Curacao,CUW,Technology,0.000,1981
Curacao,CUW,Technology,0.000,1982
Curacao,CUW,Technology,0.000,1983
Curacao,CUW,Technology,0.000,1984
Curacao,CUW,Technology,0.000,1985
Curacao,CUW,Technology,0.000,1986
Curacao,CUW,Technology,0.000,1987
Curacao,CUW,Technology,0.000,1988
Curacao,CUW,Technology,0.000,1989
Curacao,CUW,Technology,0.000,1990
Curacao,CUW,Technology,0.000,1991
Curacao,CUW,Technology,0.000,1992
Curacao,CUW,Technology,0.000,1993
Curacao,CUW,Technology,0.000,1994
Curacao,CUW,Technology,0.000,1995
Curacao,CUW,Technology,0.000,1996
Curacao,CUW,Technology,0.000,1997
Curacao,CUW,Technology,0.000,1998
Curacao,CUW,Technology,0.000,1999
Curacao,CUW,Technology,0.000,2000
Curacao,CUW,Technology,0.000,2001
Curacao,CUW,Technology,0.000,2002
Curacao,CUW,Technology,0.000,2003
Curacao,CUW,Technology,0.000,2004
Curacao,CUW,Technology,0.000,2005
Curacao,CUW,Technology,0.000,2006
Curacao,CUW,Technology,0.000,2007
Curacao,CUW,Technology,0.000,2008
Curacao,CUW,Technology,0.000,2009
Curacao,CUW,Technology,0.000,2010
Curacao,CUW,Technology,0.000,2011
Curacao,CUW,Technology,0.000,2012
Curacao,CUW,Technology,2.222,2013
Curacao,CUW,Technology,0.000,2014
Curacao,CUW,Technology,0.000,2015
Curacao,CUW,Technology,2.222,2016
Curacao,CUW,Technology,6.667,2017
Curacao,CUW,Technology,0.000,2018
Curacao,CUW,Technology,0.000,2019
Curacao,CUW,Technology,0.000,2020
Curacao,CUW,Technology,0.000,2021
Curacao,CUW,Technology,0.000,2022
Curacao,CUW,Technology,0.000,2023
Curacao,CUW,Violence,0.000,1960
Curacao,CUW,Violence,0.000,1961
Curacao,CUW,Violence,0.000,1962
Curacao,CUW,Violence,0.000,1963
Curacao,CUW,Violence,0.000,1964
Curacao,CUW,Violence,0.000,1965
Curacao,CUW,Violence,0.000,1966
Curacao,CUW,Violence,0.000,1967
Curacao,CUW,Violence,0.000,1968
Curacao,CUW,Violence,0.000,1969
Curacao,CUW,Violence,0.000,1970
Curacao,CUW,Violence,0.000,1971
Curacao,CUW,Violence,0.000,1972
Curacao,CUW,Violence,0.000,1973
Curacao,CUW,Violence,0.000,1974
Curacao,CUW,Violence,0.000,1975
Curacao,CUW,Violence,0.000,1976
Curacao,CUW,Violence,0.000,1977
Curacao,CUW,Violence,0.000,1978
Curacao,CUW,Violence,0.000,1979
Curacao,CUW,Violence,0.000,1980
Curacao,CUW,Violence,0.000,1981
Curacao,CUW,Violence,0.000,1982
Curacao,CUW,Violence,0.000,1983
Curacao,CUW,Violence,0.000,1984
Curacao,CUW,Violence,0.000,1985
Curacao,CUW,Violence,0.000,1986
Curacao,CUW,Violence,0.000,1987
Curacao,CUW,Violence,0.000,1988
Curacao,CUW,Violence,0.000,1989
Curacao,CUW,Violence,0.000,1990
Curacao,CUW,Violence,0.000,1991
Curacao,CUW,Violence,0.000,1992
Curacao,CUW,Violence,0.000,1993
Curacao,CUW,Violence,0.000,1994
Curacao,CUW,Violence,0.000,1995
Curacao,CUW,Violence,0.000,1996
Curacao,CUW,Violence,0.000,1997
Curacao,CUW,Violence,0.000,1998
Curacao,CUW,Violence,0.000,1999
Curacao,CUW,Violence,0.000,2000
Curacao,CUW,Violence,2.143,2001
Curacao,CUW,Violence,2.143,2002
Curacao,CUW,Violence,2.143,2003
Curacao,CUW,Violence,2.143,2004
Curacao,CUW,Violence,2.143,2005
Curacao,CUW,Violence,2.143,2006
Curacao,CUW,Violence,2.143,2007
Curacao,CUW,Violence,0.000,2008
Curacao,CUW,Violence,0.000,2009
Curacao,CUW,Violence,0.000,2010
Curacao,CUW,Violence,0.000,2011
Curacao,CUW,Violence,0.000,2012
Curacao,CUW,Violence,0.000,2013
Curacao,CUW,Violence,0.000,2014
Curacao,CUW,Violence,0.000,2015
Curacao,CUW,Violence,0.000,2016
Curacao,CUW,Violence,0.000,2017
Curacao,CUW,Violence,0.000,2018
Curacao,CUW,Violence,0.000,2019
Curacao,CUW,Violence,0.000,2020
Curacao,CUW,Violence,0.000,2021
Curacao,CUW,Violence,0.000,2022
Curacao,CUW,Violence,0.000,2023
Curacao,CUW,Youth 15-24,4.587,1960
Curacao,CUW,Youth 15-24,4.587,1961
Curacao,CUW,Youth 15-24,4.587,1962
Curacao,CUW,Youth 15-24,4.587,1963
Curacao,CUW,Youth 15-24,4.587,1964
Curacao,CUW,Youth 15-24,4.587,1965
Curacao,CUW,Youth 15-24,4.587,1966
Curacao,CUW,Youth 15-24,4.587,1967
Curacao,CUW,Youth 15-24,4.587,1968
Curacao,CUW,Youth 15-24,4.587,1969
Curacao,CUW,Youth 15-24,4.587,1970
Curacao,CUW,Youth 15-24,4.587,1971
Curacao,CUW,Youth 15-24,4.587,1972
Curacao,CUW,Youth 15-24,4.587,1973
Curacao,CUW,Youth 15-24,4.587,1974
Curacao,CUW,Youth 15-24,4.587,1975
Curacao,CUW,Youth 15-24,4.587,1976
Curacao,CUW,Youth 15-24,4.587,1977
Curacao,CUW,Youth 15-24,4.587,1978
Curacao,CUW,Youth 15-24,4.587,1979
Curacao,CUW,Youth 15-24,4.587,1980
Curacao,CUW,Youth 15-24,4.587,1981
Curacao,CUW,Youth 15-24,4.587,1982
Curacao,CUW,Youth 15-24,4.587,1983
Curacao,CUW,Youth 15-24,4.587,1984
Curacao,CUW,Youth 15-24,4.587,1985
Curacao,CUW,Youth 15-24,4.587,1986
Curacao,CUW,Youth 15-24,4.587,1987
Curacao,CUW,Youth 15-24,4.587,1988
Curacao,CUW,Youth 15-24,4.587,1989
Curacao,CUW,Youth 15-24,4.587,1990
Curacao,CUW,Youth 15-24,4.587,1991
Curacao,CUW,Youth 15-24,4.587,1992
Curacao,CUW,Youth 15-24,4.587,1993
Curacao,CUW,Youth 15-24,4.587,1994
Curacao,CUW,Youth 15-24,4.587,1995
Curacao,CUW,Youth 15-24,4.587,1996
Curacao,CUW,Youth 15-24,4.587,1997
Curacao,CUW,Youth 15-24,4.587,1998
Curacao,CUW,Youth 15-24,4.587,1999
Curacao,CUW,Youth 15-24,4.587,2000
Curacao,CUW,Youth 15-24,4.587,2001
Curacao,CUW,Youth 15-24,4.587,2002
Curacao,CUW,Youth 15-24,4.587,2003
Curacao,CUW,Youth 15-24,4.587,2004
Curacao,CUW,Youth 15-24,4.587,2005
Curacao,CUW,Youth 15-24,4.587,2006
Curacao,CUW,Youth 15-24,4.587,2007
Curacao,CUW,Youth 15-24,4.587,2008
Curacao,CUW,Youth 15-24,4.587,2009
Curacao,CUW,Youth 15-24,5.505,2010
Curacao,CUW,Youth 15-24,8.257,2011
Curacao,CUW,Youth 15-24,5.505,2012
Curacao,CUW,Youth 15-24,29.358,2013
Curacao,CUW,Youth 15-24,8.257,2014
Curacao,CUW,Youth 15-24,8.257,2015
Curacao,CUW,Youth 15-24,5.505,2016
Curacao,CUW,Youth 15-24,5.505,2017
Curacao,CUW,Youth 15-24,28.440,2018
Curacao,CUW,Youth 15-24,5.505,2019
Curacao,CUW,Youth 15-24,28.440,2020
Curacao,CUW,Youth 15-24,5.505,2021
Curacao,CUW,Youth 15-24,5.505,2022
Curacao,CUW,Youth 15-24,7.339,2023
