Country Name,Country Code,Topic,% of available indicators,Year
Tonga,TON,Assets,0.000,1960
Tonga,TON,Assets,0.000,1961
Tonga,TON,Assets,0.000,1962
Tonga,TON,Assets,0.000,1963
Tonga,TON,Assets,0.000,1964
Tonga,TON,Assets,0.000,1965
Tonga,TON,Assets,0.000,1966
Tonga,TON,Assets,0.000,1967
Tonga,TON,Assets,0.000,1968
Tonga,TON,Assets,0.000,1969
Tonga,TON,Assets,2.208,1970
Tonga,TON,Assets,2.208,1971
Tonga,TON,Assets,2.208,1972
Tonga,TON,Assets,2.208,1973
Tonga,TON,Assets,2.208,1974
Tonga,TON,Assets,2.208,1975
Tonga,TON,Assets,2.208,1976
Tonga,TON,Assets,2.208,1977
Tonga,TON,Assets,2.208,1978
Tonga,TON,Assets,2.208,1979
Tonga,TON,Assets,2.208,1980
Tonga,TON,Assets,2.208,1981
Tonga,TON,Assets,2.208,1982
Tonga,TON,Assets,2.208,1983
Tonga,TON,Assets,2.208,1984
Tonga,TON,Assets,2.208,1985
Tonga,TON,Assets,2.208,1986
Tonga,TON,Assets,2.208,1987
Tonga,TON,Assets,2.208,1988
Tonga,TON,Assets,2.208,1989
Tonga,TON,Assets,2.208,1990
Tonga,TON,Assets,2.208,1991
Tonga,TON,Assets,2.208,1992
Tonga,TON,Assets,2.208,1993
Tonga,TON,Assets,2.208,1994
Tonga,TON,Assets,2.208,1995
Tonga,TON,Assets,2.208,1996
Tonga,TON,Assets,2.208,1997
Tonga,TON,Assets,2.208,1998
Tonga,TON,Assets,2.208,1999
Tonga,TON,Assets,2.208,2000
Tonga,TON,Assets,2.208,2001
Tonga,TON,Assets,2.208,2002
Tonga,TON,Assets,2.208,2003
Tonga,TON,Assets,2.208,2004
Tonga,TON,Assets,2.208,2005
Tonga,TON,Assets,2.208,2006
Tonga,TON,Assets,2.208,2007
Tonga,TON,Assets,2.208,2008
Tonga,TON,Assets,2.208,2009
Tonga,TON,Assets,2.208,2010
Tonga,TON,Assets,2.208,2011
Tonga,TON,Assets,2.208,2012
Tonga,TON,Assets,2.208,2013
Tonga,TON,Assets,2.208,2014
Tonga,TON,Assets,2.208,2015
Tonga,TON,Assets,2.208,2016
Tonga,TON,Assets,2.208,2017
Tonga,TON,Assets,2.208,2018
Tonga,TON,Assets,2.208,2019
Tonga,TON,Assets,2.208,2020
Tonga,TON,Assets,2.208,2021
Tonga,TON,Assets,2.208,2022
Tonga,TON,Assets,2.208,2023
Tonga,TON,Children 0-14,10.769,1960
Tonga,TON,Children 0-14,10.769,1961
Tonga,TON,Children 0-14,10.769,1962
Tonga,TON,Children 0-14,15.385,1963
Tonga,TON,Children 0-14,17.692,1964
Tonga,TON,Children 0-14,17.692,1965
Tonga,TON,Children 0-14,17.692,1966
Tonga,TON,Children 0-14,17.692,1967
Tonga,TON,Children 0-14,19.231,1968
Tonga,TON,Children 0-14,19.231,1969
Tonga,TON,Children 0-14,30.769,1970
Tonga,TON,Children 0-14,30.769,1971
Tonga,TON,Children 0-14,30.769,1972
Tonga,TON,Children 0-14,23.077,1973
Tonga,TON,Children 0-14,30.769,1974
Tonga,TON,Children 0-14,33.077,1975
Tonga,TON,Children 0-14,23.077,1976
Tonga,TON,Children 0-14,27.692,1977
Tonga,TON,Children 0-14,30.769,1978
Tonga,TON,Children 0-14,26.154,1979
Tonga,TON,Children 0-14,20.769,1980
Tonga,TON,Children 0-14,27.692,1981
Tonga,TON,Children 0-14,34.615,1982
Tonga,TON,Children 0-14,36.154,1983
Tonga,TON,Children 0-14,34.615,1984
Tonga,TON,Children 0-14,39.231,1985
Tonga,TON,Children 0-14,39.231,1986
Tonga,TON,Children 0-14,21.538,1987
Tonga,TON,Children 0-14,20.769,1988
Tonga,TON,Children 0-14,20.769,1989
Tonga,TON,Children 0-14,35.385,1990
Tonga,TON,Children 0-14,27.692,1991
Tonga,TON,Children 0-14,24.615,1992
Tonga,TON,Children 0-14,37.692,1993
Tonga,TON,Children 0-14,24.615,1994
Tonga,TON,Children 0-14,24.615,1995
Tonga,TON,Children 0-14,26.923,1996
Tonga,TON,Children 0-14,24.615,1997
Tonga,TON,Children 0-14,43.077,1998
Tonga,TON,Children 0-14,45.385,1999
Tonga,TON,Children 0-14,40.769,2000
Tonga,TON,Children 0-14,36.923,2001
Tonga,TON,Children 0-14,25.385,2002
Tonga,TON,Children 0-14,26.923,2003
Tonga,TON,Children 0-14,34.615,2004
Tonga,TON,Children 0-14,32.308,2005
Tonga,TON,Children 0-14,33.077,2006
Tonga,TON,Children 0-14,24.615,2007
Tonga,TON,Children 0-14,24.615,2008
Tonga,TON,Children 0-14,24.615,2009
Tonga,TON,Children 0-14,40.769,2010
Tonga,TON,Children 0-14,29.231,2011
Tonga,TON,Children 0-14,47.692,2012
Tonga,TON,Children 0-14,33.077,2013
Tonga,TON,Children 0-14,26.923,2014
Tonga,TON,Children 0-14,43.846,2015
Tonga,TON,Children 0-14,20.769,2016
Tonga,TON,Children 0-14,23.846,2017
Tonga,TON,Children 0-14,36.923,2018
Tonga,TON,Children 0-14,59.231,2019
Tonga,TON,Children 0-14,36.923,2020
Tonga,TON,Children 0-14,31.538,2021
Tonga,TON,Children 0-14,29.231,2022
Tonga,TON,Children 0-14,17.692,2023
Tonga,TON,Education,0.000,1960
Tonga,TON,Education,0.000,1961
Tonga,TON,Education,0.000,1962
Tonga,TON,Education,0.000,1963
Tonga,TON,Education,0.000,1964
Tonga,TON,Education,0.000,1965
Tonga,TON,Education,0.000,1966
Tonga,TON,Education,0.000,1967
Tonga,TON,Education,0.000,1968
Tonga,TON,Education,0.000,1969
Tonga,TON,Education,20.859,1970
Tonga,TON,Education,16.564,1971
Tonga,TON,Education,16.564,1972
Tonga,TON,Education,10.429,1973
Tonga,TON,Education,16.564,1974
Tonga,TON,Education,18.405,1975
Tonga,TON,Education,11.043,1976
Tonga,TON,Education,7.975,1977
Tonga,TON,Education,21.472,1978
Tonga,TON,Education,10.429,1979
Tonga,TON,Education,0.613,1980
Tonga,TON,Education,19.632,1981
Tonga,TON,Education,18.405,1982
Tonga,TON,Education,14.724,1983
Tonga,TON,Education,25.767,1984
Tonga,TON,Education,28.834,1985
Tonga,TON,Education,23.313,1986
Tonga,TON,Education,0.613,1987
Tonga,TON,Education,0.000,1988
Tonga,TON,Education,0.000,1989
Tonga,TON,Education,21.472,1990
Tonga,TON,Education,13.497,1991
Tonga,TON,Education,3.681,1992
Tonga,TON,Education,20.859,1993
Tonga,TON,Education,3.681,1994
Tonga,TON,Education,3.681,1995
Tonga,TON,Education,14.110,1996
Tonga,TON,Education,3.681,1997
Tonga,TON,Education,32.515,1998
Tonga,TON,Education,36.196,1999
Tonga,TON,Education,12.270,2000
Tonga,TON,Education,28.221,2001
Tonga,TON,Education,16.564,2002
Tonga,TON,Education,14.110,2003
Tonga,TON,Education,15.337,2004
Tonga,TON,Education,11.656,2005
Tonga,TON,Education,25.767,2006
Tonga,TON,Education,7.975,2007
Tonga,TON,Education,7.975,2008
Tonga,TON,Education,7.975,2009
Tonga,TON,Education,7.975,2010
Tonga,TON,Education,23.926,2011
Tonga,TON,Education,21.472,2012
Tonga,TON,Education,20.859,2013
Tonga,TON,Education,18.405,2014
Tonga,TON,Education,23.313,2015
Tonga,TON,Education,1.840,2016
Tonga,TON,Education,11.656,2017
Tonga,TON,Education,36.810,2018
Tonga,TON,Education,19.632,2019
Tonga,TON,Education,30.061,2020
Tonga,TON,Education,29.448,2021
Tonga,TON,Education,10.429,2022
Tonga,TON,Education,13.497,2023
Tonga,TON,Employment and Time Use,0.000,1960
Tonga,TON,Employment and Time Use,0.000,1961
Tonga,TON,Employment and Time Use,0.000,1962
Tonga,TON,Employment and Time Use,0.000,1963
Tonga,TON,Employment and Time Use,0.000,1964
Tonga,TON,Employment and Time Use,0.000,1965
Tonga,TON,Employment and Time Use,5.109,1966
Tonga,TON,Employment and Time Use,0.000,1967
Tonga,TON,Employment and Time Use,0.000,1968
Tonga,TON,Employment and Time Use,0.000,1969
Tonga,TON,Employment and Time Use,21.168,1970
Tonga,TON,Employment and Time Use,21.168,1971
Tonga,TON,Employment and Time Use,21.168,1972
Tonga,TON,Employment and Time Use,21.168,1973
Tonga,TON,Employment and Time Use,21.168,1974
Tonga,TON,Employment and Time Use,21.168,1975
Tonga,TON,Employment and Time Use,26.277,1976
Tonga,TON,Employment and Time Use,21.168,1977
Tonga,TON,Employment and Time Use,21.168,1978
Tonga,TON,Employment and Time Use,21.168,1979
Tonga,TON,Employment and Time Use,21.168,1980
Tonga,TON,Employment and Time Use,21.168,1981
Tonga,TON,Employment and Time Use,21.168,1982
Tonga,TON,Employment and Time Use,21.168,1983
Tonga,TON,Employment and Time Use,26.277,1984
Tonga,TON,Employment and Time Use,21.168,1985
Tonga,TON,Employment and Time Use,24.088,1986
Tonga,TON,Employment and Time Use,21.168,1987
Tonga,TON,Employment and Time Use,21.168,1988
Tonga,TON,Employment and Time Use,21.168,1989
Tonga,TON,Employment and Time Use,37.226,1990
Tonga,TON,Employment and Time Use,56.204,1991
Tonga,TON,Employment and Time Use,56.204,1992
Tonga,TON,Employment and Time Use,56.934,1993
Tonga,TON,Employment and Time Use,61.314,1994
Tonga,TON,Employment and Time Use,56.204,1995
Tonga,TON,Employment and Time Use,56.204,1996
Tonga,TON,Employment and Time Use,56.204,1997
Tonga,TON,Employment and Time Use,56.204,1998
Tonga,TON,Employment and Time Use,56.204,1999
Tonga,TON,Employment and Time Use,56.204,2000
Tonga,TON,Employment and Time Use,56.204,2001
Tonga,TON,Employment and Time Use,56.204,2002
Tonga,TON,Employment and Time Use,63.504,2003
Tonga,TON,Employment and Time Use,56.204,2004
Tonga,TON,Employment and Time Use,56.204,2005
Tonga,TON,Employment and Time Use,56.934,2006
Tonga,TON,Employment and Time Use,56.204,2007
Tonga,TON,Employment and Time Use,56.204,2008
Tonga,TON,Employment and Time Use,56.204,2009
Tonga,TON,Employment and Time Use,56.204,2010
Tonga,TON,Employment and Time Use,56.204,2011
Tonga,TON,Employment and Time Use,56.204,2012
Tonga,TON,Employment and Time Use,56.204,2013
Tonga,TON,Employment and Time Use,56.204,2014
Tonga,TON,Employment and Time Use,56.204,2015
Tonga,TON,Employment and Time Use,85.401,2016
Tonga,TON,Employment and Time Use,56.204,2017
Tonga,TON,Employment and Time Use,91.241,2018
Tonga,TON,Employment and Time Use,56.204,2019
Tonga,TON,Employment and Time Use,56.204,2020
Tonga,TON,Employment and Time Use,89.781,2021
Tonga,TON,Employment and Time Use,56.204,2022
Tonga,TON,Employment and Time Use,57.664,2023
Tonga,TON,Entrepreneurship,0.000,1960
Tonga,TON,Entrepreneurship,0.000,1961
Tonga,TON,Entrepreneurship,0.000,1962
Tonga,TON,Entrepreneurship,0.000,1963
Tonga,TON,Entrepreneurship,0.000,1964
Tonga,TON,Entrepreneurship,0.000,1965
Tonga,TON,Entrepreneurship,0.000,1966
Tonga,TON,Entrepreneurship,0.000,1967
Tonga,TON,Entrepreneurship,0.000,1968
Tonga,TON,Entrepreneurship,0.000,1969
Tonga,TON,Entrepreneurship,9.375,1970
Tonga,TON,Entrepreneurship,9.375,1971
Tonga,TON,Entrepreneurship,9.375,1972
Tonga,TON,Entrepreneurship,9.375,1973
Tonga,TON,Entrepreneurship,9.375,1974
Tonga,TON,Entrepreneurship,9.375,1975
Tonga,TON,Entrepreneurship,9.375,1976
Tonga,TON,Entrepreneurship,9.375,1977
Tonga,TON,Entrepreneurship,9.375,1978
Tonga,TON,Entrepreneurship,9.375,1979
Tonga,TON,Entrepreneurship,9.375,1980
Tonga,TON,Entrepreneurship,9.375,1981
Tonga,TON,Entrepreneurship,9.375,1982
Tonga,TON,Entrepreneurship,9.375,1983
Tonga,TON,Entrepreneurship,9.375,1984
Tonga,TON,Entrepreneurship,9.375,1985
Tonga,TON,Entrepreneurship,9.375,1986
Tonga,TON,Entrepreneurship,9.375,1987
Tonga,TON,Entrepreneurship,9.375,1988
Tonga,TON,Entrepreneurship,9.375,1989
Tonga,TON,Entrepreneurship,9.375,1990
Tonga,TON,Entrepreneurship,9.375,1991
Tonga,TON,Entrepreneurship,9.375,1992
Tonga,TON,Entrepreneurship,9.375,1993
Tonga,TON,Entrepreneurship,9.375,1994
Tonga,TON,Entrepreneurship,9.375,1995
Tonga,TON,Entrepreneurship,9.375,1996
Tonga,TON,Entrepreneurship,9.375,1997
Tonga,TON,Entrepreneurship,9.375,1998
Tonga,TON,Entrepreneurship,9.375,1999
Tonga,TON,Entrepreneurship,9.375,2000
Tonga,TON,Entrepreneurship,9.375,2001
Tonga,TON,Entrepreneurship,9.375,2002
Tonga,TON,Entrepreneurship,37.500,2003
Tonga,TON,Entrepreneurship,37.500,2004
Tonga,TON,Entrepreneurship,37.500,2005
Tonga,TON,Entrepreneurship,37.500,2006
Tonga,TON,Entrepreneurship,37.500,2007
Tonga,TON,Entrepreneurship,37.500,2008
Tonga,TON,Entrepreneurship,40.625,2009
Tonga,TON,Entrepreneurship,37.500,2010
Tonga,TON,Entrepreneurship,37.500,2011
Tonga,TON,Entrepreneurship,37.500,2012
Tonga,TON,Entrepreneurship,37.500,2013
Tonga,TON,Entrepreneurship,50.000,2014
Tonga,TON,Entrepreneurship,50.000,2015
Tonga,TON,Entrepreneurship,50.000,2016
Tonga,TON,Entrepreneurship,62.500,2017
Tonga,TON,Entrepreneurship,62.500,2018
Tonga,TON,Entrepreneurship,62.500,2019
Tonga,TON,Entrepreneurship,34.375,2020
Tonga,TON,Entrepreneurship,34.375,2021
Tonga,TON,Entrepreneurship,34.375,2022
Tonga,TON,Entrepreneurship,9.375,2023
Tonga,TON,Environment,0.000,1960
Tonga,TON,Environment,0.000,1961
Tonga,TON,Environment,0.000,1962
Tonga,TON,Environment,0.000,1963
Tonga,TON,Environment,0.000,1964
Tonga,TON,Environment,0.000,1965
Tonga,TON,Environment,0.000,1966
Tonga,TON,Environment,0.000,1967
Tonga,TON,Environment,0.000,1968
Tonga,TON,Environment,0.000,1969
Tonga,TON,Environment,0.000,1970
Tonga,TON,Environment,0.000,1971
Tonga,TON,Environment,0.000,1972
Tonga,TON,Environment,0.000,1973
Tonga,TON,Environment,0.000,1974
Tonga,TON,Environment,0.000,1975
Tonga,TON,Environment,0.000,1976
Tonga,TON,Environment,0.000,1977
Tonga,TON,Environment,0.000,1978
Tonga,TON,Environment,0.000,1979
Tonga,TON,Environment,0.000,1980
Tonga,TON,Environment,0.000,1981
Tonga,TON,Environment,0.000,1982
Tonga,TON,Environment,0.000,1983
Tonga,TON,Environment,0.000,1984
Tonga,TON,Environment,0.000,1985
Tonga,TON,Environment,0.000,1986
Tonga,TON,Environment,0.000,1987
Tonga,TON,Environment,0.000,1988
Tonga,TON,Environment,0.000,1989
Tonga,TON,Environment,0.000,1990
Tonga,TON,Environment,0.000,1991
Tonga,TON,Environment,0.000,1992
Tonga,TON,Environment,0.000,1993
Tonga,TON,Environment,0.000,1994
Tonga,TON,Environment,0.000,1995
Tonga,TON,Environment,0.000,1996
Tonga,TON,Environment,0.000,1997
Tonga,TON,Environment,0.000,1998
Tonga,TON,Environment,0.000,1999
Tonga,TON,Environment,10.000,2000
Tonga,TON,Environment,10.000,2001
Tonga,TON,Environment,10.000,2002
Tonga,TON,Environment,10.000,2003
Tonga,TON,Environment,10.000,2004
Tonga,TON,Environment,10.000,2005
Tonga,TON,Environment,10.000,2006
Tonga,TON,Environment,10.000,2007
Tonga,TON,Environment,10.000,2008
Tonga,TON,Environment,10.000,2009
Tonga,TON,Environment,10.000,2010
Tonga,TON,Environment,10.000,2011
Tonga,TON,Environment,10.000,2012
Tonga,TON,Environment,10.000,2013
Tonga,TON,Environment,10.000,2014
Tonga,TON,Environment,10.000,2015
Tonga,TON,Environment,10.000,2016
Tonga,TON,Environment,10.000,2017
Tonga,TON,Environment,10.000,2018
Tonga,TON,Environment,40.000,2019
Tonga,TON,Environment,10.000,2020
Tonga,TON,Environment,10.000,2021
Tonga,TON,Environment,10.000,2022
Tonga,TON,Environment,0.000,2023
Tonga,TON,Health,3.030,1960
Tonga,TON,Health,3.030,1961
Tonga,TON,Health,3.030,1962
Tonga,TON,Health,6.061,1963
Tonga,TON,Health,7.576,1964
Tonga,TON,Health,7.576,1965
Tonga,TON,Health,7.576,1966
Tonga,TON,Health,7.576,1967
Tonga,TON,Health,8.586,1968
Tonga,TON,Health,8.586,1969
Tonga,TON,Health,8.586,1970
Tonga,TON,Health,8.586,1971
Tonga,TON,Health,8.586,1972
Tonga,TON,Health,8.586,1973
Tonga,TON,Health,8.586,1974
Tonga,TON,Health,11.111,1975
Tonga,TON,Health,11.111,1976
Tonga,TON,Health,11.111,1977
Tonga,TON,Health,11.111,1978
Tonga,TON,Health,11.111,1979
Tonga,TON,Health,11.616,1980
Tonga,TON,Health,12.121,1981
Tonga,TON,Health,12.121,1982
Tonga,TON,Health,12.121,1983
Tonga,TON,Health,12.121,1984
Tonga,TON,Health,12.121,1985
Tonga,TON,Health,13.131,1986
Tonga,TON,Health,12.121,1987
Tonga,TON,Health,12.121,1988
Tonga,TON,Health,12.121,1989
Tonga,TON,Health,12.626,1990
Tonga,TON,Health,12.626,1991
Tonga,TON,Health,12.121,1992
Tonga,TON,Health,12.121,1993
Tonga,TON,Health,12.121,1994
Tonga,TON,Health,12.121,1995
Tonga,TON,Health,12.121,1996
Tonga,TON,Health,12.121,1997
Tonga,TON,Health,12.121,1998
Tonga,TON,Health,12.626,1999
Tonga,TON,Health,50.505,2000
Tonga,TON,Health,26.263,2001
Tonga,TON,Health,26.263,2002
Tonga,TON,Health,26.263,2003
Tonga,TON,Health,26.263,2004
Tonga,TON,Health,27.778,2005
Tonga,TON,Health,26.263,2006
Tonga,TON,Health,26.263,2007
Tonga,TON,Health,26.768,2008
Tonga,TON,Health,26.263,2009
Tonga,TON,Health,54.040,2010
Tonga,TON,Health,25.758,2011
Tonga,TON,Health,38.384,2012
Tonga,TON,Health,26.263,2013
Tonga,TON,Health,26.263,2014
Tonga,TON,Health,50.505,2015
Tonga,TON,Health,26.263,2016
Tonga,TON,Health,26.768,2017
Tonga,TON,Health,29.293,2018
Tonga,TON,Health,67.677,2019
Tonga,TON,Health,21.717,2020
Tonga,TON,Health,12.121,2021
Tonga,TON,Health,11.111,2022
Tonga,TON,Health,1.010,2023
Tonga,TON,Leadership,0.000,1960
Tonga,TON,Leadership,0.000,1961
Tonga,TON,Leadership,0.000,1962
Tonga,TON,Leadership,0.000,1963
Tonga,TON,Leadership,0.000,1964
Tonga,TON,Leadership,0.000,1965
Tonga,TON,Leadership,0.000,1966
Tonga,TON,Leadership,0.000,1967
Tonga,TON,Leadership,0.000,1968
Tonga,TON,Leadership,0.000,1969
Tonga,TON,Leadership,0.000,1970
Tonga,TON,Leadership,0.000,1971
Tonga,TON,Leadership,0.000,1972
Tonga,TON,Leadership,0.000,1973
Tonga,TON,Leadership,0.000,1974
Tonga,TON,Leadership,0.000,1975
Tonga,TON,Leadership,0.000,1976
Tonga,TON,Leadership,0.000,1977
Tonga,TON,Leadership,0.000,1978
Tonga,TON,Leadership,0.000,1979
Tonga,TON,Leadership,0.000,1980
Tonga,TON,Leadership,0.000,1981
Tonga,TON,Leadership,0.000,1982
Tonga,TON,Leadership,0.000,1983
Tonga,TON,Leadership,0.000,1984
Tonga,TON,Leadership,0.000,1985
Tonga,TON,Leadership,0.000,1986
Tonga,TON,Leadership,0.000,1987
Tonga,TON,Leadership,0.000,1988
Tonga,TON,Leadership,0.000,1989
Tonga,TON,Leadership,0.000,1990
Tonga,TON,Leadership,0.000,1991
Tonga,TON,Leadership,0.000,1992
Tonga,TON,Leadership,0.000,1993
Tonga,TON,Leadership,0.000,1994
Tonga,TON,Leadership,0.000,1995
Tonga,TON,Leadership,0.000,1996
Tonga,TON,Leadership,25.000,1997
Tonga,TON,Leadership,25.000,1998
Tonga,TON,Leadership,0.000,1999
Tonga,TON,Leadership,25.000,2000
Tonga,TON,Leadership,25.000,2001
Tonga,TON,Leadership,0.000,2002
Tonga,TON,Leadership,25.000,2003
Tonga,TON,Leadership,25.000,2004
Tonga,TON,Leadership,25.000,2005
Tonga,TON,Leadership,25.000,2006
Tonga,TON,Leadership,25.000,2007
Tonga,TON,Leadership,25.000,2008
Tonga,TON,Leadership,25.000,2009
Tonga,TON,Leadership,50.000,2010
Tonga,TON,Leadership,25.000,2011
Tonga,TON,Leadership,50.000,2012
Tonga,TON,Leadership,25.000,2013
Tonga,TON,Leadership,50.000,2014
Tonga,TON,Leadership,50.000,2015
Tonga,TON,Leadership,75.000,2016
Tonga,TON,Leadership,25.000,2017
Tonga,TON,Leadership,75.000,2018
Tonga,TON,Leadership,50.000,2019
Tonga,TON,Leadership,50.000,2020
Tonga,TON,Leadership,50.000,2021
Tonga,TON,Leadership,50.000,2022
Tonga,TON,Leadership,25.000,2023
Tonga,TON,Norms and Decision-making,0.000,1960
Tonga,TON,Norms and Decision-making,0.000,1961
Tonga,TON,Norms and Decision-making,0.000,1962
Tonga,TON,Norms and Decision-making,0.000,1963
Tonga,TON,Norms and Decision-making,0.000,1964
Tonga,TON,Norms and Decision-making,0.000,1965
Tonga,TON,Norms and Decision-making,0.000,1966
Tonga,TON,Norms and Decision-making,0.000,1967
Tonga,TON,Norms and Decision-making,0.000,1968
Tonga,TON,Norms and Decision-making,0.000,1969
Tonga,TON,Norms and Decision-making,12.593,1970
Tonga,TON,Norms and Decision-making,12.593,1971
Tonga,TON,Norms and Decision-making,12.593,1972
Tonga,TON,Norms and Decision-making,12.593,1973
Tonga,TON,Norms and Decision-making,12.593,1974
Tonga,TON,Norms and Decision-making,12.593,1975
Tonga,TON,Norms and Decision-making,14.074,1976
Tonga,TON,Norms and Decision-making,12.593,1977
Tonga,TON,Norms and Decision-making,12.593,1978
Tonga,TON,Norms and Decision-making,12.593,1979
Tonga,TON,Norms and Decision-making,12.593,1980
Tonga,TON,Norms and Decision-making,12.593,1981
Tonga,TON,Norms and Decision-making,12.593,1982
Tonga,TON,Norms and Decision-making,12.593,1983
Tonga,TON,Norms and Decision-making,12.593,1984
Tonga,TON,Norms and Decision-making,12.593,1985
Tonga,TON,Norms and Decision-making,14.074,1986
Tonga,TON,Norms and Decision-making,12.593,1987
Tonga,TON,Norms and Decision-making,12.593,1988
Tonga,TON,Norms and Decision-making,12.593,1989
Tonga,TON,Norms and Decision-making,12.593,1990
Tonga,TON,Norms and Decision-making,12.593,1991
Tonga,TON,Norms and Decision-making,12.593,1992
Tonga,TON,Norms and Decision-making,12.593,1993
Tonga,TON,Norms and Decision-making,12.593,1994
Tonga,TON,Norms and Decision-making,12.593,1995
Tonga,TON,Norms and Decision-making,14.074,1996
Tonga,TON,Norms and Decision-making,12.593,1997
Tonga,TON,Norms and Decision-making,12.593,1998
Tonga,TON,Norms and Decision-making,12.593,1999
Tonga,TON,Norms and Decision-making,12.593,2000
Tonga,TON,Norms and Decision-making,12.593,2001
Tonga,TON,Norms and Decision-making,12.593,2002
Tonga,TON,Norms and Decision-making,12.593,2003
Tonga,TON,Norms and Decision-making,12.593,2004
Tonga,TON,Norms and Decision-making,12.593,2005
Tonga,TON,Norms and Decision-making,14.074,2006
Tonga,TON,Norms and Decision-making,12.593,2007
Tonga,TON,Norms and Decision-making,12.593,2008
Tonga,TON,Norms and Decision-making,12.593,2009
Tonga,TON,Norms and Decision-making,12.593,2010
Tonga,TON,Norms and Decision-making,14.074,2011
Tonga,TON,Norms and Decision-making,17.037,2012
Tonga,TON,Norms and Decision-making,12.593,2013
Tonga,TON,Norms and Decision-making,12.593,2014
Tonga,TON,Norms and Decision-making,12.593,2015
Tonga,TON,Norms and Decision-making,14.074,2016
Tonga,TON,Norms and Decision-making,12.593,2017
Tonga,TON,Norms and Decision-making,12.593,2018
Tonga,TON,Norms and Decision-making,17.037,2019
Tonga,TON,Norms and Decision-making,12.593,2020
Tonga,TON,Norms and Decision-making,12.593,2021
Tonga,TON,Norms and Decision-making,12.593,2022
Tonga,TON,Norms and Decision-making,12.593,2023
Tonga,TON,Population,86.905,1960
Tonga,TON,Population,86.905,1961
Tonga,TON,Population,86.905,1962
Tonga,TON,Population,86.905,1963
Tonga,TON,Population,86.905,1964
Tonga,TON,Population,86.905,1965
Tonga,TON,Population,86.905,1966
Tonga,TON,Population,86.905,1967
Tonga,TON,Population,86.905,1968
Tonga,TON,Population,86.905,1969
Tonga,TON,Population,86.905,1970
Tonga,TON,Population,86.905,1971
Tonga,TON,Population,86.905,1972
Tonga,TON,Population,86.905,1973
Tonga,TON,Population,86.905,1974
Tonga,TON,Population,86.905,1975
Tonga,TON,Population,89.286,1976
Tonga,TON,Population,86.905,1977
Tonga,TON,Population,86.905,1978
Tonga,TON,Population,86.905,1979
Tonga,TON,Population,91.667,1980
Tonga,TON,Population,86.905,1981
Tonga,TON,Population,86.905,1982
Tonga,TON,Population,86.905,1983
Tonga,TON,Population,86.905,1984
Tonga,TON,Population,91.667,1985
Tonga,TON,Population,89.286,1986
Tonga,TON,Population,86.905,1987
Tonga,TON,Population,86.905,1988
Tonga,TON,Population,86.905,1989
Tonga,TON,Population,92.857,1990
Tonga,TON,Population,86.905,1991
Tonga,TON,Population,86.905,1992
Tonga,TON,Population,86.905,1993
Tonga,TON,Population,86.905,1994
Tonga,TON,Population,92.857,1995
Tonga,TON,Population,89.286,1996
Tonga,TON,Population,86.905,1997
Tonga,TON,Population,86.905,1998
Tonga,TON,Population,86.905,1999
Tonga,TON,Population,92.857,2000
Tonga,TON,Population,86.905,2001
Tonga,TON,Population,86.905,2002
Tonga,TON,Population,86.905,2003
Tonga,TON,Population,86.905,2004
Tonga,TON,Population,92.857,2005
Tonga,TON,Population,89.286,2006
Tonga,TON,Population,86.905,2007
Tonga,TON,Population,86.905,2008
Tonga,TON,Population,86.905,2009
Tonga,TON,Population,92.857,2010
Tonga,TON,Population,89.286,2011
Tonga,TON,Population,90.476,2012
Tonga,TON,Population,86.905,2013
Tonga,TON,Population,86.905,2014
Tonga,TON,Population,92.857,2015
Tonga,TON,Population,89.286,2016
Tonga,TON,Population,86.905,2017
Tonga,TON,Population,86.905,2018
Tonga,TON,Population,90.476,2019
Tonga,TON,Population,88.095,2020
Tonga,TON,Population,86.905,2021
Tonga,TON,Population,86.905,2022
Tonga,TON,Population,77.381,2023
Tonga,TON,SDGs,0.671,1960
Tonga,TON,SDGs,0.671,1961
Tonga,TON,SDGs,0.671,1962
Tonga,TON,SDGs,2.685,1963
Tonga,TON,SDGs,2.685,1964
Tonga,TON,SDGs,2.685,1965
Tonga,TON,SDGs,2.685,1966
Tonga,TON,SDGs,2.685,1967
Tonga,TON,SDGs,2.685,1968
Tonga,TON,SDGs,2.685,1969
Tonga,TON,SDGs,11.409,1970
Tonga,TON,SDGs,11.409,1971
Tonga,TON,SDGs,11.409,1972
Tonga,TON,SDGs,11.409,1973
Tonga,TON,SDGs,11.409,1974
Tonga,TON,SDGs,11.409,1975
Tonga,TON,SDGs,11.409,1976
Tonga,TON,SDGs,11.409,1977
Tonga,TON,SDGs,11.409,1978
Tonga,TON,SDGs,11.409,1979
Tonga,TON,SDGs,12.081,1980
Tonga,TON,SDGs,12.081,1981
Tonga,TON,SDGs,12.081,1982
Tonga,TON,SDGs,12.081,1983
Tonga,TON,SDGs,12.081,1984
Tonga,TON,SDGs,12.081,1985
Tonga,TON,SDGs,12.081,1986
Tonga,TON,SDGs,12.081,1987
Tonga,TON,SDGs,12.081,1988
Tonga,TON,SDGs,12.081,1989
Tonga,TON,SDGs,13.423,1990
Tonga,TON,SDGs,16.779,1991
Tonga,TON,SDGs,16.107,1992
Tonga,TON,SDGs,16.779,1993
Tonga,TON,SDGs,16.107,1994
Tonga,TON,SDGs,16.107,1995
Tonga,TON,SDGs,16.107,1996
Tonga,TON,SDGs,16.779,1997
Tonga,TON,SDGs,16.779,1998
Tonga,TON,SDGs,16.779,1999
Tonga,TON,SDGs,62.416,2000
Tonga,TON,SDGs,30.201,2001
Tonga,TON,SDGs,29.530,2002
Tonga,TON,SDGs,32.215,2003
Tonga,TON,SDGs,30.201,2004
Tonga,TON,SDGs,32.215,2005
Tonga,TON,SDGs,30.872,2006
Tonga,TON,SDGs,30.201,2007
Tonga,TON,SDGs,30.201,2008
Tonga,TON,SDGs,30.872,2009
Tonga,TON,SDGs,62.416,2010
Tonga,TON,SDGs,29.530,2011
Tonga,TON,SDGs,30.201,2012
Tonga,TON,SDGs,29.530,2013
Tonga,TON,SDGs,29.530,2014
Tonga,TON,SDGs,61.745,2015
Tonga,TON,SDGs,33.557,2016
Tonga,TON,SDGs,29.530,2017
Tonga,TON,SDGs,36.913,2018
Tonga,TON,SDGs,67.785,2019
Tonga,TON,SDGs,23.490,2020
Tonga,TON,SDGs,22.819,2021
Tonga,TON,SDGs,18.792,2022
Tonga,TON,SDGs,14.094,2023
Tonga,TON,Technology,0.000,1960
Tonga,TON,Technology,0.000,1961
Tonga,TON,Technology,0.000,1962
Tonga,TON,Technology,0.000,1963
Tonga,TON,Technology,0.000,1964
Tonga,TON,Technology,0.000,1965
Tonga,TON,Technology,0.000,1966
Tonga,TON,Technology,0.000,1967
Tonga,TON,Technology,0.000,1968
Tonga,TON,Technology,0.000,1969
Tonga,TON,Technology,0.000,1970
Tonga,TON,Technology,0.000,1971
Tonga,TON,Technology,0.000,1972
Tonga,TON,Technology,0.000,1973
Tonga,TON,Technology,0.000,1974
Tonga,TON,Technology,0.000,1975
Tonga,TON,Technology,0.000,1976
Tonga,TON,Technology,0.000,1977
Tonga,TON,Technology,0.000,1978
Tonga,TON,Technology,0.000,1979
Tonga,TON,Technology,0.000,1980
Tonga,TON,Technology,0.000,1981
Tonga,TON,Technology,0.000,1982
Tonga,TON,Technology,0.000,1983
Tonga,TON,Technology,0.000,1984
Tonga,TON,Technology,0.000,1985
Tonga,TON,Technology,0.000,1986
Tonga,TON,Technology,0.000,1987
Tonga,TON,Technology,0.000,1988
Tonga,TON,Technology,0.000,1989
Tonga,TON,Technology,2.222,1990
Tonga,TON,Technology,2.222,1991
Tonga,TON,Technology,2.222,1992
Tonga,TON,Technology,2.222,1993
Tonga,TON,Technology,2.222,1994
Tonga,TON,Technology,2.222,1995
Tonga,TON,Technology,2.222,1996
Tonga,TON,Technology,2.222,1997
Tonga,TON,Technology,2.222,1998
Tonga,TON,Technology,2.222,1999
Tonga,TON,Technology,2.222,2000
Tonga,TON,Technology,2.222,2001
Tonga,TON,Technology,2.222,2002
Tonga,TON,Technology,2.222,2003
Tonga,TON,Technology,2.222,2004
Tonga,TON,Technology,2.222,2005
Tonga,TON,Technology,2.222,2006
Tonga,TON,Technology,2.222,2007
Tonga,TON,Technology,2.222,2008
Tonga,TON,Technology,2.222,2009
Tonga,TON,Technology,2.222,2010
Tonga,TON,Technology,2.222,2011
Tonga,TON,Technology,2.222,2012
Tonga,TON,Technology,2.222,2013
Tonga,TON,Technology,2.222,2014
Tonga,TON,Technology,2.222,2015
Tonga,TON,Technology,2.222,2016
Tonga,TON,Technology,2.222,2017
Tonga,TON,Technology,2.222,2018
Tonga,TON,Technology,2.222,2019
Tonga,TON,Technology,2.222,2020
Tonga,TON,Technology,2.222,2021
Tonga,TON,Technology,0.000,2022
Tonga,TON,Technology,0.000,2023
Tonga,TON,Violence,0.000,1960
Tonga,TON,Violence,0.000,1961
Tonga,TON,Violence,0.000,1962
Tonga,TON,Violence,0.000,1963
Tonga,TON,Violence,0.000,1964
Tonga,TON,Violence,0.000,1965
Tonga,TON,Violence,0.000,1966
Tonga,TON,Violence,0.000,1967
Tonga,TON,Violence,0.000,1968
Tonga,TON,Violence,0.000,1969
Tonga,TON,Violence,2.143,1970
Tonga,TON,Violence,2.143,1971
Tonga,TON,Violence,2.143,1972
Tonga,TON,Violence,2.143,1973
Tonga,TON,Violence,2.143,1974
Tonga,TON,Violence,2.143,1975
Tonga,TON,Violence,2.143,1976
Tonga,TON,Violence,2.143,1977
Tonga,TON,Violence,2.143,1978
Tonga,TON,Violence,2.143,1979
Tonga,TON,Violence,2.143,1980
Tonga,TON,Violence,2.143,1981
Tonga,TON,Violence,2.143,1982
Tonga,TON,Violence,2.143,1983
Tonga,TON,Violence,2.143,1984
Tonga,TON,Violence,2.143,1985
Tonga,TON,Violence,2.143,1986
Tonga,TON,Violence,2.143,1987
Tonga,TON,Violence,2.143,1988
Tonga,TON,Violence,2.143,1989
Tonga,TON,Violence,2.143,1990
Tonga,TON,Violence,2.143,1991
Tonga,TON,Violence,2.143,1992
Tonga,TON,Violence,2.143,1993
Tonga,TON,Violence,2.143,1994
Tonga,TON,Violence,2.857,1995
Tonga,TON,Violence,2.857,1996
Tonga,TON,Violence,2.857,1997
Tonga,TON,Violence,2.143,1998
Tonga,TON,Violence,2.143,1999
Tonga,TON,Violence,6.429,2000
Tonga,TON,Violence,6.429,2001
Tonga,TON,Violence,6.429,2002
Tonga,TON,Violence,6.429,2003
Tonga,TON,Violence,6.429,2004
Tonga,TON,Violence,6.429,2005
Tonga,TON,Violence,6.429,2006
Tonga,TON,Violence,6.429,2007
Tonga,TON,Violence,6.429,2008
Tonga,TON,Violence,7.143,2009
Tonga,TON,Violence,6.429,2010
Tonga,TON,Violence,6.429,2011
Tonga,TON,Violence,6.429,2012
Tonga,TON,Violence,4.286,2013
Tonga,TON,Violence,4.286,2014
Tonga,TON,Violence,4.286,2015
Tonga,TON,Violence,4.286,2016
Tonga,TON,Violence,4.286,2017
Tonga,TON,Violence,7.857,2018
Tonga,TON,Violence,7.857,2019
Tonga,TON,Violence,2.857,2020
Tonga,TON,Violence,2.143,2021
Tonga,TON,Violence,2.143,2022
Tonga,TON,Violence,2.143,2023
Tonga,TON,Youth 15-24,4.587,1960
Tonga,TON,Youth 15-24,4.587,1961
Tonga,TON,Youth 15-24,4.587,1962
Tonga,TON,Youth 15-24,4.587,1963
Tonga,TON,Youth 15-24,4.587,1964
Tonga,TON,Youth 15-24,4.587,1965
Tonga,TON,Youth 15-24,7.339,1966
Tonga,TON,Youth 15-24,4.587,1967
Tonga,TON,Youth 15-24,4.587,1968
Tonga,TON,Youth 15-24,4.587,1969
Tonga,TON,Youth 15-24,17.431,1970
Tonga,TON,Youth 15-24,14.679,1971
Tonga,TON,Youth 15-24,14.679,1972
Tonga,TON,Youth 15-24,14.679,1973
Tonga,TON,Youth 15-24,14.679,1974
Tonga,TON,Youth 15-24,14.679,1975
Tonga,TON,Youth 15-24,16.514,1976
Tonga,TON,Youth 15-24,6.422,1977
Tonga,TON,Youth 15-24,18.349,1978
Tonga,TON,Youth 15-24,10.092,1979
Tonga,TON,Youth 15-24,4.587,1980
Tonga,TON,Youth 15-24,21.101,1981
Tonga,TON,Youth 15-24,14.679,1982
Tonga,TON,Youth 15-24,7.339,1983
Tonga,TON,Youth 15-24,21.101,1984
Tonga,TON,Youth 15-24,21.101,1985
Tonga,TON,Youth 15-24,17.431,1986
Tonga,TON,Youth 15-24,4.587,1987
Tonga,TON,Youth 15-24,4.587,1988
Tonga,TON,Youth 15-24,4.587,1989
Tonga,TON,Youth 15-24,22.936,1990
Tonga,TON,Youth 15-24,23.853,1991
Tonga,TON,Youth 15-24,13.761,1992
Tonga,TON,Youth 15-24,23.853,1993
Tonga,TON,Youth 15-24,16.514,1994
Tonga,TON,Youth 15-24,13.761,1995
Tonga,TON,Youth 15-24,23.853,1996
Tonga,TON,Youth 15-24,13.761,1997
Tonga,TON,Youth 15-24,32.110,1998
Tonga,TON,Youth 15-24,32.110,1999
Tonga,TON,Youth 15-24,20.183,2000
Tonga,TON,Youth 15-24,33.028,2001
Tonga,TON,Youth 15-24,25.688,2002
Tonga,TON,Youth 15-24,22.936,2003
Tonga,TON,Youth 15-24,16.514,2004
Tonga,TON,Youth 15-24,17.431,2005
Tonga,TON,Youth 15-24,34.862,2006
Tonga,TON,Youth 15-24,19.266,2007
Tonga,TON,Youth 15-24,19.266,2008
Tonga,TON,Youth 15-24,19.266,2009
Tonga,TON,Youth 15-24,19.266,2010
Tonga,TON,Youth 15-24,34.862,2011
Tonga,TON,Youth 15-24,28.440,2012
Tonga,TON,Youth 15-24,28.440,2013
Tonga,TON,Youth 15-24,32.110,2014
Tonga,TON,Youth 15-24,35.780,2015
Tonga,TON,Youth 15-24,25.688,2016
Tonga,TON,Youth 15-24,13.761,2017
Tonga,TON,Youth 15-24,40.367,2018
Tonga,TON,Youth 15-24,27.523,2019
Tonga,TON,Youth 15-24,22.936,2020
Tonga,TON,Youth 15-24,44.037,2021
Tonga,TON,Youth 15-24,17.431,2022
Tonga,TON,Youth 15-24,20.183,2023
