Country Name,Country Code,Topic,% of available indicators,Year
Central African Republic,CAF,Assets,0.000,1960
Central African Republic,CAF,Assets,0.000,1961
Central African Republic,CAF,Assets,0.000,1962
Central African Republic,CAF,Assets,0.000,1963
Central African Republic,CAF,Assets,0.000,1964
Central African Republic,CAF,Assets,0.000,1965
Central African Republic,CAF,Assets,0.000,1966
Central African Republic,CAF,Assets,0.000,1967
Central African Republic,CAF,Assets,0.000,1968
Central African Republic,CAF,Assets,0.000,1969
Central African Republic,CAF,Assets,2.208,1970
Central African Republic,CAF,Assets,2.208,1971
Central African Republic,CAF,Assets,2.208,1972
Central African Republic,CAF,Assets,2.208,1973
Central African Republic,CAF,Assets,2.208,1974
Central African Republic,CAF,Assets,2.208,1975
Central African Republic,CAF,Assets,2.208,1976
Central African Republic,CAF,Assets,2.208,1977
Central African Republic,CAF,Assets,2.208,1978
Central African Republic,CAF,Assets,2.208,1979
Central African Republic,CAF,Assets,2.208,1980
Central African Republic,CAF,Assets,2.208,1981
Central African Republic,CAF,Assets,2.208,1982
Central African Republic,CAF,Assets,2.208,1983
Central African Republic,CAF,Assets,2.208,1984
Central African Republic,CAF,Assets,2.208,1985
Central African Republic,CAF,Assets,2.208,1986
Central African Republic,CAF,Assets,2.208,1987
Central African Republic,CAF,Assets,2.208,1988
Central African Republic,CAF,Assets,2.208,1989
Central African Republic,CAF,Assets,2.208,1990
Central African Republic,CAF,Assets,2.208,1991
Central African Republic,CAF,Assets,2.208,1992
Central African Republic,CAF,Assets,2.208,1993
Central African Republic,CAF,Assets,2.208,1994
Central African Republic,CAF,Assets,2.208,1995
Central African Republic,CAF,Assets,2.208,1996
Central African Republic,CAF,Assets,2.208,1997
Central African Republic,CAF,Assets,2.208,1998
Central African Republic,CAF,Assets,2.208,1999
Central African Republic,CAF,Assets,2.208,2000
Central African Republic,CAF,Assets,2.208,2001
Central African Republic,CAF,Assets,2.208,2002
Central African Republic,CAF,Assets,2.208,2003
Central African Republic,CAF,Assets,2.208,2004
Central African Republic,CAF,Assets,2.208,2005
Central African Republic,CAF,Assets,2.208,2006
Central African Republic,CAF,Assets,2.208,2007
Central African Republic,CAF,Assets,2.208,2008
Central African Republic,CAF,Assets,2.208,2009
Central African Republic,CAF,Assets,2.208,2010
Central African Republic,CAF,Assets,10.726,2011
Central African Republic,CAF,Assets,2.208,2012
Central African Republic,CAF,Assets,2.208,2013
Central African Republic,CAF,Assets,2.208,2014
Central African Republic,CAF,Assets,2.208,2015
Central African Republic,CAF,Assets,2.208,2016
Central African Republic,CAF,Assets,32.492,2017
Central African Republic,CAF,Assets,2.208,2018
Central African Republic,CAF,Assets,2.208,2019
Central African Republic,CAF,Assets,2.208,2020
Central African Republic,CAF,Assets,2.208,2021
Central African Republic,CAF,Assets,2.208,2022
Central African Republic,CAF,Assets,2.208,2023
Central African Republic,CAF,Children 0-14,15.385,1960
Central African Republic,CAF,Children 0-14,17.692,1961
Central African Republic,CAF,Children 0-14,17.692,1962
Central African Republic,CAF,Children 0-14,17.692,1963
Central African Republic,CAF,Children 0-14,17.692,1964
Central African Republic,CAF,Children 0-14,19.231,1965
Central African Republic,CAF,Children 0-14,19.231,1966
Central African Republic,CAF,Children 0-14,19.231,1967
Central African Republic,CAF,Children 0-14,19.231,1968
Central African Republic,CAF,Children 0-14,19.231,1969
Central African Republic,CAF,Children 0-14,19.231,1970
Central African Republic,CAF,Children 0-14,40.000,1971
Central African Republic,CAF,Children 0-14,40.000,1972
Central African Republic,CAF,Children 0-14,40.000,1973
Central African Republic,CAF,Children 0-14,28.462,1974
Central African Republic,CAF,Children 0-14,30.000,1975
Central African Republic,CAF,Children 0-14,26.923,1976
Central African Republic,CAF,Children 0-14,33.846,1977
Central African Republic,CAF,Children 0-14,36.154,1978
Central African Republic,CAF,Children 0-14,23.077,1979
Central African Republic,CAF,Children 0-14,26.154,1980
Central African Republic,CAF,Children 0-14,40.000,1981
Central African Republic,CAF,Children 0-14,39.231,1982
Central African Republic,CAF,Children 0-14,37.692,1983
Central African Republic,CAF,Children 0-14,24.615,1984
Central African Republic,CAF,Children 0-14,26.154,1985
Central African Republic,CAF,Children 0-14,39.231,1986
Central African Republic,CAF,Children 0-14,41.538,1987
Central African Republic,CAF,Children 0-14,42.308,1988
Central African Republic,CAF,Children 0-14,37.692,1989
Central African Republic,CAF,Children 0-14,39.231,1990
Central African Republic,CAF,Children 0-14,40.000,1991
Central African Republic,CAF,Children 0-14,27.692,1992
Central African Republic,CAF,Children 0-14,20.769,1993
Central African Republic,CAF,Children 0-14,27.692,1994
Central African Republic,CAF,Children 0-14,23.846,1995
Central African Republic,CAF,Children 0-14,20.769,1996
Central African Republic,CAF,Children 0-14,20.769,1997
Central African Republic,CAF,Children 0-14,20.769,1998
Central African Republic,CAF,Children 0-14,20.769,1999
Central African Republic,CAF,Children 0-14,48.462,2000
Central African Republic,CAF,Children 0-14,25.385,2001
Central African Republic,CAF,Children 0-14,26.154,2002
Central African Republic,CAF,Children 0-14,26.923,2003
Central African Republic,CAF,Children 0-14,27.692,2004
Central African Republic,CAF,Children 0-14,40.000,2005
Central African Republic,CAF,Children 0-14,52.308,2006
Central African Republic,CAF,Children 0-14,35.385,2007
Central African Republic,CAF,Children 0-14,42.308,2008
Central African Republic,CAF,Children 0-14,44.615,2009
Central African Republic,CAF,Children 0-14,72.308,2010
Central African Republic,CAF,Children 0-14,42.308,2011
Central African Republic,CAF,Children 0-14,52.308,2012
Central African Republic,CAF,Children 0-14,20.769,2013
Central African Republic,CAF,Children 0-14,32.308,2014
Central African Republic,CAF,Children 0-14,34.615,2015
Central African Republic,CAF,Children 0-14,33.077,2016
Central African Republic,CAF,Children 0-14,36.923,2017
Central African Republic,CAF,Children 0-14,36.923,2018
Central African Republic,CAF,Children 0-14,53.077,2019
Central African Republic,CAF,Children 0-14,25.385,2020
Central African Republic,CAF,Children 0-14,20.769,2021
Central African Republic,CAF,Children 0-14,20.769,2022
Central African Republic,CAF,Children 0-14,9.231,2023
Central African Republic,CAF,Education,0.000,1960
Central African Republic,CAF,Education,0.000,1961
Central African Republic,CAF,Education,0.000,1962
Central African Republic,CAF,Education,0.000,1963
Central African Republic,CAF,Education,0.000,1964
Central African Republic,CAF,Education,0.000,1965
Central African Republic,CAF,Education,0.000,1966
Central African Republic,CAF,Education,0.000,1967
Central African Republic,CAF,Education,0.000,1968
Central African Republic,CAF,Education,0.000,1969
Central African Republic,CAF,Education,0.000,1970
Central African Republic,CAF,Education,28.834,1971
Central African Republic,CAF,Education,27.607,1972
Central African Republic,CAF,Education,27.607,1973
Central African Republic,CAF,Education,11.043,1974
Central African Republic,CAF,Education,23.313,1975
Central African Republic,CAF,Education,14.724,1976
Central African Republic,CAF,Education,22.699,1977
Central African Republic,CAF,Education,22.699,1978
Central African Republic,CAF,Education,14.724,1979
Central African Republic,CAF,Education,18.405,1980
Central African Republic,CAF,Education,30.061,1981
Central African Republic,CAF,Education,28.834,1982
Central African Republic,CAF,Education,19.632,1983
Central African Republic,CAF,Education,7.975,1984
Central African Republic,CAF,Education,9.816,1985
Central African Republic,CAF,Education,29.448,1986
Central African Republic,CAF,Education,28.221,1987
Central African Republic,CAF,Education,39.264,1988
Central African Republic,CAF,Education,24.540,1989
Central African Republic,CAF,Education,28.834,1990
Central African Republic,CAF,Education,27.607,1991
Central African Republic,CAF,Education,16.564,1992
Central African Republic,CAF,Education,0.000,1993
Central African Republic,CAF,Education,0.000,1994
Central African Republic,CAF,Education,0.000,1995
Central African Republic,CAF,Education,0.000,1996
Central African Republic,CAF,Education,0.000,1997
Central African Republic,CAF,Education,0.000,1998
Central African Republic,CAF,Education,3.681,1999
Central African Republic,CAF,Education,10.429,2000
Central African Republic,CAF,Education,12.883,2001
Central African Republic,CAF,Education,7.975,2002
Central African Republic,CAF,Education,5.521,2003
Central African Republic,CAF,Education,8.589,2004
Central African Republic,CAF,Education,16.564,2005
Central African Republic,CAF,Education,19.632,2006
Central African Republic,CAF,Education,12.883,2007
Central African Republic,CAF,Education,23.313,2008
Central African Republic,CAF,Education,38.650,2009
Central African Republic,CAF,Education,27.607,2010
Central African Republic,CAF,Education,34.969,2011
Central African Republic,CAF,Education,34.356,2012
Central African Republic,CAF,Education,0.613,2013
Central African Republic,CAF,Education,0.613,2014
Central African Republic,CAF,Education,0.613,2015
Central African Republic,CAF,Education,20.859,2016
Central African Republic,CAF,Education,25.767,2017
Central African Republic,CAF,Education,9.202,2018
Central African Republic,CAF,Education,12.270,2019
Central African Republic,CAF,Education,9.816,2020
Central African Republic,CAF,Education,0.613,2021
Central African Republic,CAF,Education,0.613,2022
Central African Republic,CAF,Education,0.000,2023
Central African Republic,CAF,Employment and Time Use,0.000,1960
Central African Republic,CAF,Employment and Time Use,0.000,1961
Central African Republic,CAF,Employment and Time Use,0.000,1962
Central African Republic,CAF,Employment and Time Use,0.000,1963
Central African Republic,CAF,Employment and Time Use,0.000,1964
Central African Republic,CAF,Employment and Time Use,0.000,1965
Central African Republic,CAF,Employment and Time Use,0.000,1966
Central African Republic,CAF,Employment and Time Use,0.000,1967
Central African Republic,CAF,Employment and Time Use,0.000,1968
Central African Republic,CAF,Employment and Time Use,0.000,1969
Central African Republic,CAF,Employment and Time Use,21.168,1970
Central African Republic,CAF,Employment and Time Use,21.168,1971
Central African Republic,CAF,Employment and Time Use,21.168,1972
Central African Republic,CAF,Employment and Time Use,21.168,1973
Central African Republic,CAF,Employment and Time Use,21.168,1974
Central African Republic,CAF,Employment and Time Use,24.088,1975
Central African Republic,CAF,Employment and Time Use,21.168,1976
Central African Republic,CAF,Employment and Time Use,21.168,1977
Central African Republic,CAF,Employment and Time Use,21.168,1978
Central African Republic,CAF,Employment and Time Use,21.168,1979
Central African Republic,CAF,Employment and Time Use,21.168,1980
Central African Republic,CAF,Employment and Time Use,21.168,1981
Central African Republic,CAF,Employment and Time Use,21.168,1982
Central African Republic,CAF,Employment and Time Use,21.168,1983
Central African Republic,CAF,Employment and Time Use,21.168,1984
Central African Republic,CAF,Employment and Time Use,21.168,1985
Central African Republic,CAF,Employment and Time Use,21.168,1986
Central African Republic,CAF,Employment and Time Use,21.168,1987
Central African Republic,CAF,Employment and Time Use,26.277,1988
Central African Republic,CAF,Employment and Time Use,21.168,1989
Central African Republic,CAF,Employment and Time Use,31.387,1990
Central African Republic,CAF,Employment and Time Use,56.204,1991
Central African Republic,CAF,Employment and Time Use,56.204,1992
Central African Republic,CAF,Employment and Time Use,56.204,1993
Central African Republic,CAF,Employment and Time Use,56.204,1994
Central African Republic,CAF,Employment and Time Use,56.204,1995
Central African Republic,CAF,Employment and Time Use,56.204,1996
Central African Republic,CAF,Employment and Time Use,56.204,1997
Central African Republic,CAF,Employment and Time Use,56.204,1998
Central African Republic,CAF,Employment and Time Use,56.204,1999
Central African Republic,CAF,Employment and Time Use,58.394,2000
Central African Republic,CAF,Employment and Time Use,56.204,2001
Central African Republic,CAF,Employment and Time Use,56.204,2002
Central African Republic,CAF,Employment and Time Use,56.204,2003
Central African Republic,CAF,Employment and Time Use,56.204,2004
Central African Republic,CAF,Employment and Time Use,56.204,2005
Central African Republic,CAF,Employment and Time Use,56.204,2006
Central African Republic,CAF,Employment and Time Use,56.204,2007
Central African Republic,CAF,Employment and Time Use,56.204,2008
Central African Republic,CAF,Employment and Time Use,56.204,2009
Central African Republic,CAF,Employment and Time Use,58.394,2010
Central African Republic,CAF,Employment and Time Use,56.204,2011
Central African Republic,CAF,Employment and Time Use,56.204,2012
Central African Republic,CAF,Employment and Time Use,56.204,2013
Central African Republic,CAF,Employment and Time Use,56.204,2014
Central African Republic,CAF,Employment and Time Use,56.204,2015
Central African Republic,CAF,Employment and Time Use,56.204,2016
Central African Republic,CAF,Employment and Time Use,56.204,2017
Central African Republic,CAF,Employment and Time Use,56.204,2018
Central African Republic,CAF,Employment and Time Use,56.204,2019
Central African Republic,CAF,Employment and Time Use,56.204,2020
Central African Republic,CAF,Employment and Time Use,56.204,2021
Central African Republic,CAF,Employment and Time Use,56.204,2022
Central African Republic,CAF,Employment and Time Use,59.124,2023
Central African Republic,CAF,Entrepreneurship,0.000,1960
Central African Republic,CAF,Entrepreneurship,0.000,1961
Central African Republic,CAF,Entrepreneurship,0.000,1962
Central African Republic,CAF,Entrepreneurship,0.000,1963
Central African Republic,CAF,Entrepreneurship,0.000,1964
Central African Republic,CAF,Entrepreneurship,0.000,1965
Central African Republic,CAF,Entrepreneurship,0.000,1966
Central African Republic,CAF,Entrepreneurship,0.000,1967
Central African Republic,CAF,Entrepreneurship,0.000,1968
Central African Republic,CAF,Entrepreneurship,0.000,1969
Central African Republic,CAF,Entrepreneurship,9.375,1970
Central African Republic,CAF,Entrepreneurship,9.375,1971
Central African Republic,CAF,Entrepreneurship,9.375,1972
Central African Republic,CAF,Entrepreneurship,9.375,1973
Central African Republic,CAF,Entrepreneurship,9.375,1974
Central African Republic,CAF,Entrepreneurship,9.375,1975
Central African Republic,CAF,Entrepreneurship,9.375,1976
Central African Republic,CAF,Entrepreneurship,9.375,1977
Central African Republic,CAF,Entrepreneurship,9.375,1978
Central African Republic,CAF,Entrepreneurship,9.375,1979
Central African Republic,CAF,Entrepreneurship,9.375,1980
Central African Republic,CAF,Entrepreneurship,9.375,1981
Central African Republic,CAF,Entrepreneurship,9.375,1982
Central African Republic,CAF,Entrepreneurship,9.375,1983
Central African Republic,CAF,Entrepreneurship,9.375,1984
Central African Republic,CAF,Entrepreneurship,9.375,1985
Central African Republic,CAF,Entrepreneurship,9.375,1986
Central African Republic,CAF,Entrepreneurship,9.375,1987
Central African Republic,CAF,Entrepreneurship,9.375,1988
Central African Republic,CAF,Entrepreneurship,9.375,1989
Central African Republic,CAF,Entrepreneurship,9.375,1990
Central African Republic,CAF,Entrepreneurship,9.375,1991
Central African Republic,CAF,Entrepreneurship,9.375,1992
Central African Republic,CAF,Entrepreneurship,9.375,1993
Central African Republic,CAF,Entrepreneurship,9.375,1994
Central African Republic,CAF,Entrepreneurship,9.375,1995
Central African Republic,CAF,Entrepreneurship,9.375,1996
Central African Republic,CAF,Entrepreneurship,9.375,1997
Central African Republic,CAF,Entrepreneurship,9.375,1998
Central African Republic,CAF,Entrepreneurship,9.375,1999
Central African Republic,CAF,Entrepreneurship,9.375,2000
Central African Republic,CAF,Entrepreneurship,9.375,2001
Central African Republic,CAF,Entrepreneurship,9.375,2002
Central African Republic,CAF,Entrepreneurship,37.500,2003
Central African Republic,CAF,Entrepreneurship,37.500,2004
Central African Republic,CAF,Entrepreneurship,37.500,2005
Central African Republic,CAF,Entrepreneurship,37.500,2006
Central African Republic,CAF,Entrepreneurship,37.500,2007
Central African Republic,CAF,Entrepreneurship,37.500,2008
Central African Republic,CAF,Entrepreneurship,37.500,2009
Central African Republic,CAF,Entrepreneurship,37.500,2010
Central African Republic,CAF,Entrepreneurship,43.750,2011
Central African Republic,CAF,Entrepreneurship,37.500,2012
Central African Republic,CAF,Entrepreneurship,37.500,2013
Central African Republic,CAF,Entrepreneurship,75.000,2014
Central African Republic,CAF,Entrepreneurship,75.000,2015
Central African Republic,CAF,Entrepreneurship,75.000,2016
Central African Republic,CAF,Entrepreneurship,93.750,2017
Central African Republic,CAF,Entrepreneurship,75.000,2018
Central African Republic,CAF,Entrepreneurship,75.000,2019
Central African Republic,CAF,Entrepreneurship,46.875,2020
Central African Republic,CAF,Entrepreneurship,9.375,2021
Central African Republic,CAF,Entrepreneurship,9.375,2022
Central African Republic,CAF,Entrepreneurship,15.625,2023
Central African Republic,CAF,Environment,0.000,1960
Central African Republic,CAF,Environment,0.000,1961
Central African Republic,CAF,Environment,0.000,1962
Central African Republic,CAF,Environment,0.000,1963
Central African Republic,CAF,Environment,0.000,1964
Central African Republic,CAF,Environment,0.000,1965
Central African Republic,CAF,Environment,0.000,1966
Central African Republic,CAF,Environment,0.000,1967
Central African Republic,CAF,Environment,0.000,1968
Central African Republic,CAF,Environment,0.000,1969
Central African Republic,CAF,Environment,0.000,1970
Central African Republic,CAF,Environment,0.000,1971
Central African Republic,CAF,Environment,0.000,1972
Central African Republic,CAF,Environment,0.000,1973
Central African Republic,CAF,Environment,0.000,1974
Central African Republic,CAF,Environment,0.000,1975
Central African Republic,CAF,Environment,0.000,1976
Central African Republic,CAF,Environment,0.000,1977
Central African Republic,CAF,Environment,0.000,1978
Central African Republic,CAF,Environment,0.000,1979
Central African Republic,CAF,Environment,0.000,1980
Central African Republic,CAF,Environment,0.000,1981
Central African Republic,CAF,Environment,0.000,1982
Central African Republic,CAF,Environment,0.000,1983
Central African Republic,CAF,Environment,0.000,1984
Central African Republic,CAF,Environment,0.000,1985
Central African Republic,CAF,Environment,0.000,1986
Central African Republic,CAF,Environment,0.000,1987
Central African Republic,CAF,Environment,0.000,1988
Central African Republic,CAF,Environment,0.000,1989
Central African Republic,CAF,Environment,0.000,1990
Central African Republic,CAF,Environment,0.000,1991
Central African Republic,CAF,Environment,0.000,1992
Central African Republic,CAF,Environment,0.000,1993
Central African Republic,CAF,Environment,0.000,1994
Central African Republic,CAF,Environment,10.000,1995
Central African Republic,CAF,Environment,0.000,1996
Central African Republic,CAF,Environment,0.000,1997
Central African Republic,CAF,Environment,0.000,1998
Central African Republic,CAF,Environment,0.000,1999
Central African Republic,CAF,Environment,10.000,2000
Central African Republic,CAF,Environment,10.000,2001
Central African Republic,CAF,Environment,10.000,2002
Central African Republic,CAF,Environment,10.000,2003
Central African Republic,CAF,Environment,10.000,2004
Central African Republic,CAF,Environment,10.000,2005
Central African Republic,CAF,Environment,10.000,2006
Central African Republic,CAF,Environment,10.000,2007
Central African Republic,CAF,Environment,10.000,2008
Central African Republic,CAF,Environment,10.000,2009
Central African Republic,CAF,Environment,10.000,2010
Central African Republic,CAF,Environment,10.000,2011
Central African Republic,CAF,Environment,10.000,2012
Central African Republic,CAF,Environment,10.000,2013
Central African Republic,CAF,Environment,10.000,2014
Central African Republic,CAF,Environment,10.000,2015
Central African Republic,CAF,Environment,10.000,2016
Central African Republic,CAF,Environment,20.000,2017
Central African Republic,CAF,Environment,10.000,2018
Central African Republic,CAF,Environment,40.000,2019
Central African Republic,CAF,Environment,10.000,2020
Central African Republic,CAF,Environment,10.000,2021
Central African Republic,CAF,Environment,10.000,2022
Central African Republic,CAF,Environment,0.000,2023
Central African Republic,CAF,Health,6.061,1960
Central African Republic,CAF,Health,7.576,1961
Central African Republic,CAF,Health,7.576,1962
Central African Republic,CAF,Health,7.576,1963
Central African Republic,CAF,Health,7.576,1964
Central African Republic,CAF,Health,8.586,1965
Central African Republic,CAF,Health,8.586,1966
Central African Republic,CAF,Health,8.586,1967
Central African Republic,CAF,Health,8.586,1968
Central African Republic,CAF,Health,8.586,1969
Central African Republic,CAF,Health,8.586,1970
Central African Republic,CAF,Health,8.586,1971
Central African Republic,CAF,Health,8.586,1972
Central African Republic,CAF,Health,8.586,1973
Central African Republic,CAF,Health,8.586,1974
Central African Republic,CAF,Health,11.111,1975
Central African Republic,CAF,Health,11.111,1976
Central African Republic,CAF,Health,11.111,1977
Central African Republic,CAF,Health,11.111,1978
Central African Republic,CAF,Health,11.111,1979
Central African Republic,CAF,Health,12.121,1980
Central African Republic,CAF,Health,12.121,1981
Central African Republic,CAF,Health,12.121,1982
Central African Republic,CAF,Health,12.121,1983
Central African Republic,CAF,Health,12.121,1984
Central African Republic,CAF,Health,12.121,1985
Central African Republic,CAF,Health,12.121,1986
Central African Republic,CAF,Health,12.121,1987
Central African Republic,CAF,Health,12.121,1988
Central African Republic,CAF,Health,12.121,1989
Central African Republic,CAF,Health,16.667,1990
Central African Republic,CAF,Health,16.667,1991
Central African Republic,CAF,Health,16.667,1992
Central African Republic,CAF,Health,16.667,1993
Central African Republic,CAF,Health,21.717,1994
Central African Republic,CAF,Health,28.788,1995
Central African Republic,CAF,Health,16.667,1996
Central African Republic,CAF,Health,16.667,1997
Central African Republic,CAF,Health,16.667,1998
Central African Republic,CAF,Health,16.667,1999
Central African Republic,CAF,Health,64.646,2000
Central African Republic,CAF,Health,31.818,2001
Central African Republic,CAF,Health,31.818,2002
Central African Republic,CAF,Health,31.818,2003
Central African Republic,CAF,Health,31.818,2004
Central African Republic,CAF,Health,31.818,2005
Central African Republic,CAF,Health,42.929,2006
Central African Republic,CAF,Health,31.818,2007
Central African Republic,CAF,Health,32.323,2008
Central African Republic,CAF,Health,32.323,2009
Central African Republic,CAF,Health,70.202,2010
Central African Republic,CAF,Health,33.838,2011
Central African Republic,CAF,Health,39.394,2012
Central African Republic,CAF,Health,32.323,2013
Central African Republic,CAF,Health,39.394,2014
Central African Republic,CAF,Health,55.051,2015
Central African Republic,CAF,Health,31.818,2016
Central African Republic,CAF,Health,31.313,2017
Central African Republic,CAF,Health,41.919,2018
Central African Republic,CAF,Health,76.263,2019
Central African Republic,CAF,Health,26.263,2020
Central African Republic,CAF,Health,18.687,2021
Central African Republic,CAF,Health,17.172,2022
Central African Republic,CAF,Health,1.010,2023
Central African Republic,CAF,Leadership,0.000,1960
Central African Republic,CAF,Leadership,0.000,1961
Central African Republic,CAF,Leadership,0.000,1962
Central African Republic,CAF,Leadership,0.000,1963
Central African Republic,CAF,Leadership,0.000,1964
Central African Republic,CAF,Leadership,0.000,1965
Central African Republic,CAF,Leadership,0.000,1966
Central African Republic,CAF,Leadership,0.000,1967
Central African Republic,CAF,Leadership,0.000,1968
Central African Republic,CAF,Leadership,0.000,1969
Central African Republic,CAF,Leadership,0.000,1970
Central African Republic,CAF,Leadership,0.000,1971
Central African Republic,CAF,Leadership,0.000,1972
Central African Republic,CAF,Leadership,0.000,1973
Central African Republic,CAF,Leadership,0.000,1974
Central African Republic,CAF,Leadership,0.000,1975
Central African Republic,CAF,Leadership,0.000,1976
Central African Republic,CAF,Leadership,0.000,1977
Central African Republic,CAF,Leadership,0.000,1978
Central African Republic,CAF,Leadership,0.000,1979
Central African Republic,CAF,Leadership,0.000,1980
Central African Republic,CAF,Leadership,0.000,1981
Central African Republic,CAF,Leadership,0.000,1982
Central African Republic,CAF,Leadership,0.000,1983
Central African Republic,CAF,Leadership,0.000,1984
Central African Republic,CAF,Leadership,0.000,1985
Central African Republic,CAF,Leadership,0.000,1986
Central African Republic,CAF,Leadership,0.000,1987
Central African Republic,CAF,Leadership,0.000,1988
Central African Republic,CAF,Leadership,0.000,1989
Central African Republic,CAF,Leadership,0.000,1990
Central African Republic,CAF,Leadership,0.000,1991
Central African Republic,CAF,Leadership,0.000,1992
Central African Republic,CAF,Leadership,0.000,1993
Central African Republic,CAF,Leadership,0.000,1994
Central African Republic,CAF,Leadership,0.000,1995
Central African Republic,CAF,Leadership,0.000,1996
Central African Republic,CAF,Leadership,25.000,1997
Central African Republic,CAF,Leadership,25.000,1998
Central African Republic,CAF,Leadership,25.000,1999
Central African Republic,CAF,Leadership,25.000,2000
Central African Republic,CAF,Leadership,25.000,2001
Central African Republic,CAF,Leadership,25.000,2002
Central African Republic,CAF,Leadership,0.000,2003
Central African Republic,CAF,Leadership,0.000,2004
Central African Republic,CAF,Leadership,50.000,2005
Central African Republic,CAF,Leadership,25.000,2006
Central African Republic,CAF,Leadership,25.000,2007
Central African Republic,CAF,Leadership,50.000,2008
Central African Republic,CAF,Leadership,25.000,2009
Central African Republic,CAF,Leadership,50.000,2010
Central African Republic,CAF,Leadership,50.000,2011
Central African Republic,CAF,Leadership,50.000,2012
Central African Republic,CAF,Leadership,0.000,2013
Central African Republic,CAF,Leadership,0.000,2014
Central African Republic,CAF,Leadership,25.000,2015
Central African Republic,CAF,Leadership,50.000,2016
Central African Republic,CAF,Leadership,25.000,2017
Central African Republic,CAF,Leadership,50.000,2018
Central African Republic,CAF,Leadership,50.000,2019
Central African Republic,CAF,Leadership,50.000,2020
Central African Republic,CAF,Leadership,25.000,2021
Central African Republic,CAF,Leadership,50.000,2022
Central African Republic,CAF,Leadership,50.000,2023
Central African Republic,CAF,Norms and Decision-making,0.000,1960
Central African Republic,CAF,Norms and Decision-making,0.000,1961
Central African Republic,CAF,Norms and Decision-making,0.000,1962
Central African Republic,CAF,Norms and Decision-making,0.000,1963
Central African Republic,CAF,Norms and Decision-making,0.000,1964
Central African Republic,CAF,Norms and Decision-making,0.000,1965
Central African Republic,CAF,Norms and Decision-making,0.000,1966
Central African Republic,CAF,Norms and Decision-making,0.000,1967
Central African Republic,CAF,Norms and Decision-making,0.000,1968
Central African Republic,CAF,Norms and Decision-making,0.000,1969
Central African Republic,CAF,Norms and Decision-making,12.593,1970
Central African Republic,CAF,Norms and Decision-making,12.593,1971
Central African Republic,CAF,Norms and Decision-making,12.593,1972
Central African Republic,CAF,Norms and Decision-making,12.593,1973
Central African Republic,CAF,Norms and Decision-making,12.593,1974
Central African Republic,CAF,Norms and Decision-making,14.074,1975
Central African Republic,CAF,Norms and Decision-making,12.593,1976
Central African Republic,CAF,Norms and Decision-making,12.593,1977
Central African Republic,CAF,Norms and Decision-making,12.593,1978
Central African Republic,CAF,Norms and Decision-making,12.593,1979
Central African Republic,CAF,Norms and Decision-making,12.593,1980
Central African Republic,CAF,Norms and Decision-making,12.593,1981
Central African Republic,CAF,Norms and Decision-making,12.593,1982
Central African Republic,CAF,Norms and Decision-making,12.593,1983
Central African Republic,CAF,Norms and Decision-making,12.593,1984
Central African Republic,CAF,Norms and Decision-making,12.593,1985
Central African Republic,CAF,Norms and Decision-making,12.593,1986
Central African Republic,CAF,Norms and Decision-making,12.593,1987
Central African Republic,CAF,Norms and Decision-making,14.074,1988
Central African Republic,CAF,Norms and Decision-making,12.593,1989
Central African Republic,CAF,Norms and Decision-making,12.593,1990
Central African Republic,CAF,Norms and Decision-making,12.593,1991
Central African Republic,CAF,Norms and Decision-making,12.593,1992
Central African Republic,CAF,Norms and Decision-making,12.593,1993
Central African Republic,CAF,Norms and Decision-making,12.593,1994
Central African Republic,CAF,Norms and Decision-making,22.222,1995
Central African Republic,CAF,Norms and Decision-making,12.593,1996
Central African Republic,CAF,Norms and Decision-making,12.593,1997
Central African Republic,CAF,Norms and Decision-making,12.593,1998
Central African Republic,CAF,Norms and Decision-making,12.593,1999
Central African Republic,CAF,Norms and Decision-making,14.815,2000
Central African Republic,CAF,Norms and Decision-making,12.593,2001
Central African Republic,CAF,Norms and Decision-making,12.593,2002
Central African Republic,CAF,Norms and Decision-making,12.593,2003
Central African Republic,CAF,Norms and Decision-making,12.593,2004
Central African Republic,CAF,Norms and Decision-making,12.593,2005
Central African Republic,CAF,Norms and Decision-making,15.556,2006
Central African Republic,CAF,Norms and Decision-making,12.593,2007
Central African Republic,CAF,Norms and Decision-making,12.593,2008
Central African Republic,CAF,Norms and Decision-making,12.593,2009
Central African Republic,CAF,Norms and Decision-making,15.556,2010
Central African Republic,CAF,Norms and Decision-making,12.593,2011
Central African Republic,CAF,Norms and Decision-making,12.593,2012
Central African Republic,CAF,Norms and Decision-making,12.593,2013
Central African Republic,CAF,Norms and Decision-making,12.593,2014
Central African Republic,CAF,Norms and Decision-making,12.593,2015
Central African Republic,CAF,Norms and Decision-making,12.593,2016
Central African Republic,CAF,Norms and Decision-making,12.593,2017
Central African Republic,CAF,Norms and Decision-making,12.593,2018
Central African Republic,CAF,Norms and Decision-making,17.037,2019
Central African Republic,CAF,Norms and Decision-making,12.593,2020
Central African Republic,CAF,Norms and Decision-making,12.593,2021
Central African Republic,CAF,Norms and Decision-making,12.593,2022
Central African Republic,CAF,Norms and Decision-making,12.593,2023
Central African Republic,CAF,Population,86.905,1960
Central African Republic,CAF,Population,86.905,1961
Central African Republic,CAF,Population,86.905,1962
Central African Republic,CAF,Population,86.905,1963
Central African Republic,CAF,Population,86.905,1964
Central African Republic,CAF,Population,86.905,1965
Central African Republic,CAF,Population,86.905,1966
Central African Republic,CAF,Population,86.905,1967
Central African Republic,CAF,Population,86.905,1968
Central African Republic,CAF,Population,86.905,1969
Central African Republic,CAF,Population,86.905,1970
Central African Republic,CAF,Population,86.905,1971
Central African Republic,CAF,Population,86.905,1972
Central African Republic,CAF,Population,86.905,1973
Central African Republic,CAF,Population,86.905,1974
Central African Republic,CAF,Population,89.286,1975
Central African Republic,CAF,Population,86.905,1976
Central African Republic,CAF,Population,86.905,1977
Central African Republic,CAF,Population,86.905,1978
Central African Republic,CAF,Population,86.905,1979
Central African Republic,CAF,Population,91.667,1980
Central African Republic,CAF,Population,86.905,1981
Central African Republic,CAF,Population,86.905,1982
Central African Republic,CAF,Population,86.905,1983
Central African Republic,CAF,Population,86.905,1984
Central African Republic,CAF,Population,91.667,1985
Central African Republic,CAF,Population,86.905,1986
Central African Republic,CAF,Population,86.905,1987
Central African Republic,CAF,Population,89.286,1988
Central African Republic,CAF,Population,86.905,1989
Central African Republic,CAF,Population,92.857,1990
Central African Republic,CAF,Population,86.905,1991
Central African Republic,CAF,Population,86.905,1992
Central African Republic,CAF,Population,86.905,1993
Central African Republic,CAF,Population,86.905,1994
Central African Republic,CAF,Population,96.429,1995
Central African Republic,CAF,Population,86.905,1996
Central African Republic,CAF,Population,86.905,1997
Central African Republic,CAF,Population,86.905,1998
Central African Republic,CAF,Population,86.905,1999
Central African Republic,CAF,Population,95.238,2000
Central African Republic,CAF,Population,86.905,2001
Central African Republic,CAF,Population,86.905,2002
Central African Republic,CAF,Population,86.905,2003
Central African Republic,CAF,Population,86.905,2004
Central African Republic,CAF,Population,92.857,2005
Central African Republic,CAF,Population,89.286,2006
Central African Republic,CAF,Population,86.905,2007
Central African Republic,CAF,Population,86.905,2008
Central African Republic,CAF,Population,86.905,2009
Central African Republic,CAF,Population,96.429,2010
Central African Republic,CAF,Population,86.905,2011
Central African Republic,CAF,Population,86.905,2012
Central African Republic,CAF,Population,86.905,2013
Central African Republic,CAF,Population,86.905,2014
Central African Republic,CAF,Population,92.857,2015
Central African Republic,CAF,Population,86.905,2016
Central African Republic,CAF,Population,86.905,2017
Central African Republic,CAF,Population,86.905,2018
Central African Republic,CAF,Population,90.476,2019
Central African Republic,CAF,Population,88.095,2020
Central African Republic,CAF,Population,86.905,2021
Central African Republic,CAF,Population,86.905,2022
Central African Republic,CAF,Population,77.381,2023
Central African Republic,CAF,SDGs,2.685,1960
Central African Republic,CAF,SDGs,2.685,1961
Central African Republic,CAF,SDGs,2.685,1962
Central African Republic,CAF,SDGs,2.685,1963
Central African Republic,CAF,SDGs,2.685,1964
Central African Republic,CAF,SDGs,2.685,1965
Central African Republic,CAF,SDGs,2.685,1966
Central African Republic,CAF,SDGs,2.685,1967
Central African Republic,CAF,SDGs,2.685,1968
Central African Republic,CAF,SDGs,2.685,1969
Central African Republic,CAF,SDGs,11.409,1970
Central African Republic,CAF,SDGs,11.409,1971
Central African Republic,CAF,SDGs,11.409,1972
Central African Republic,CAF,SDGs,11.409,1973
Central African Republic,CAF,SDGs,11.409,1974
Central African Republic,CAF,SDGs,11.409,1975
Central African Republic,CAF,SDGs,11.409,1976
Central African Republic,CAF,SDGs,11.409,1977
Central African Republic,CAF,SDGs,11.409,1978
Central African Republic,CAF,SDGs,11.409,1979
Central African Republic,CAF,SDGs,12.081,1980
Central African Republic,CAF,SDGs,12.081,1981
Central African Republic,CAF,SDGs,12.081,1982
Central African Republic,CAF,SDGs,12.081,1983
Central African Republic,CAF,SDGs,12.081,1984
Central African Republic,CAF,SDGs,12.081,1985
Central African Republic,CAF,SDGs,12.081,1986
Central African Republic,CAF,SDGs,12.081,1987
Central African Republic,CAF,SDGs,12.081,1988
Central African Republic,CAF,SDGs,12.081,1989
Central African Republic,CAF,SDGs,16.107,1990
Central African Republic,CAF,SDGs,20.134,1991
Central African Republic,CAF,SDGs,20.134,1992
Central African Republic,CAF,SDGs,20.134,1993
Central African Republic,CAF,SDGs,20.805,1994
Central African Republic,CAF,SDGs,26.846,1995
Central African Republic,CAF,SDGs,20.134,1996
Central African Republic,CAF,SDGs,20.805,1997
Central African Republic,CAF,SDGs,20.805,1998
Central African Republic,CAF,SDGs,20.805,1999
Central African Republic,CAF,SDGs,64.430,2000
Central African Republic,CAF,SDGs,33.557,2001
Central African Republic,CAF,SDGs,33.557,2002
Central African Republic,CAF,SDGs,32.886,2003
Central African Republic,CAF,SDGs,32.886,2004
Central African Republic,CAF,SDGs,33.557,2005
Central African Republic,CAF,SDGs,34.899,2006
Central African Republic,CAF,SDGs,33.557,2007
Central African Republic,CAF,SDGs,34.228,2008
Central African Republic,CAF,SDGs,34.228,2009
Central African Republic,CAF,SDGs,64.430,2010
Central African Republic,CAF,SDGs,35.570,2011
Central African Republic,CAF,SDGs,33.557,2012
Central African Republic,CAF,SDGs,32.886,2013
Central African Republic,CAF,SDGs,32.886,2014
Central African Republic,CAF,SDGs,63.087,2015
Central African Republic,CAF,SDGs,33.557,2016
Central African Republic,CAF,SDGs,35.570,2017
Central African Republic,CAF,SDGs,34.899,2018
Central African Republic,CAF,SDGs,73.826,2019
Central African Republic,CAF,SDGs,25.503,2020
Central African Republic,CAF,SDGs,22.819,2021
Central African Republic,CAF,SDGs,22.819,2022
Central African Republic,CAF,SDGs,14.094,2023
Central African Republic,CAF,Technology,0.000,1960
Central African Republic,CAF,Technology,0.000,1961
Central African Republic,CAF,Technology,0.000,1962
Central African Republic,CAF,Technology,0.000,1963
Central African Republic,CAF,Technology,0.000,1964
Central African Republic,CAF,Technology,0.000,1965
Central African Republic,CAF,Technology,0.000,1966
Central African Republic,CAF,Technology,0.000,1967
Central African Republic,CAF,Technology,0.000,1968
Central African Republic,CAF,Technology,0.000,1969
Central African Republic,CAF,Technology,0.000,1970
Central African Republic,CAF,Technology,0.000,1971
Central African Republic,CAF,Technology,0.000,1972
Central African Republic,CAF,Technology,0.000,1973
Central African Republic,CAF,Technology,0.000,1974
Central African Republic,CAF,Technology,0.000,1975
Central African Republic,CAF,Technology,0.000,1976
Central African Republic,CAF,Technology,0.000,1977
Central African Republic,CAF,Technology,0.000,1978
Central African Republic,CAF,Technology,0.000,1979
Central African Republic,CAF,Technology,0.000,1980
Central African Republic,CAF,Technology,0.000,1981
Central African Republic,CAF,Technology,0.000,1982
Central African Republic,CAF,Technology,0.000,1983
Central African Republic,CAF,Technology,0.000,1984
Central African Republic,CAF,Technology,0.000,1985
Central African Republic,CAF,Technology,0.000,1986
Central African Republic,CAF,Technology,0.000,1987
Central African Republic,CAF,Technology,0.000,1988
Central African Republic,CAF,Technology,0.000,1989
Central African Republic,CAF,Technology,2.222,1990
Central African Republic,CAF,Technology,2.222,1991
Central African Republic,CAF,Technology,2.222,1992
Central African Republic,CAF,Technology,2.222,1993
Central African Republic,CAF,Technology,2.222,1994
Central African Republic,CAF,Technology,2.222,1995
Central African Republic,CAF,Technology,2.222,1996
Central African Republic,CAF,Technology,2.222,1997
Central African Republic,CAF,Technology,2.222,1998
Central African Republic,CAF,Technology,2.222,1999
Central African Republic,CAF,Technology,2.222,2000
Central African Republic,CAF,Technology,2.222,2001
Central African Republic,CAF,Technology,2.222,2002
Central African Republic,CAF,Technology,2.222,2003
Central African Republic,CAF,Technology,2.222,2004
Central African Republic,CAF,Technology,2.222,2005
Central African Republic,CAF,Technology,2.222,2006
Central African Republic,CAF,Technology,2.222,2007
Central African Republic,CAF,Technology,2.222,2008
Central African Republic,CAF,Technology,2.222,2009
Central African Republic,CAF,Technology,2.222,2010
Central African Republic,CAF,Technology,8.889,2011
Central African Republic,CAF,Technology,2.222,2012
Central African Republic,CAF,Technology,2.222,2013
Central African Republic,CAF,Technology,2.222,2014
Central African Republic,CAF,Technology,2.222,2015
Central African Republic,CAF,Technology,2.222,2016
Central African Republic,CAF,Technology,48.889,2017
Central African Republic,CAF,Technology,2.222,2018
Central African Republic,CAF,Technology,2.222,2019
Central African Republic,CAF,Technology,2.222,2020
Central African Republic,CAF,Technology,2.222,2021
Central African Republic,CAF,Technology,0.000,2022
Central African Republic,CAF,Technology,0.000,2023
Central African Republic,CAF,Violence,0.000,1960
Central African Republic,CAF,Violence,0.000,1961
Central African Republic,CAF,Violence,0.000,1962
Central African Republic,CAF,Violence,0.000,1963
Central African Republic,CAF,Violence,0.000,1964
Central African Republic,CAF,Violence,0.000,1965
Central African Republic,CAF,Violence,0.000,1966
Central African Republic,CAF,Violence,0.000,1967
Central African Republic,CAF,Violence,0.000,1968
Central African Republic,CAF,Violence,0.000,1969
Central African Republic,CAF,Violence,2.143,1970
Central African Republic,CAF,Violence,2.143,1971
Central African Republic,CAF,Violence,2.143,1972
Central African Republic,CAF,Violence,2.143,1973
Central African Republic,CAF,Violence,2.143,1974
Central African Republic,CAF,Violence,2.143,1975
Central African Republic,CAF,Violence,2.143,1976
Central African Republic,CAF,Violence,2.143,1977
Central African Republic,CAF,Violence,2.143,1978
Central African Republic,CAF,Violence,2.143,1979
Central African Republic,CAF,Violence,2.143,1980
Central African Republic,CAF,Violence,2.143,1981
Central African Republic,CAF,Violence,2.143,1982
Central African Republic,CAF,Violence,2.143,1983
Central African Republic,CAF,Violence,2.143,1984
Central African Republic,CAF,Violence,2.143,1985
Central African Republic,CAF,Violence,2.143,1986
Central African Republic,CAF,Violence,2.143,1987
Central African Republic,CAF,Violence,2.143,1988
Central African Republic,CAF,Violence,2.143,1989
Central African Republic,CAF,Violence,2.143,1990
Central African Republic,CAF,Violence,2.143,1991
Central African Republic,CAF,Violence,2.143,1992
Central African Republic,CAF,Violence,2.143,1993
Central African Republic,CAF,Violence,2.143,1994
Central African Republic,CAF,Violence,11.429,1995
Central African Republic,CAF,Violence,2.143,1996
Central African Republic,CAF,Violence,2.143,1997
Central African Republic,CAF,Violence,2.143,1998
Central African Republic,CAF,Violence,2.143,1999
Central African Republic,CAF,Violence,4.286,2000
Central African Republic,CAF,Violence,4.286,2001
Central African Republic,CAF,Violence,4.286,2002
Central African Republic,CAF,Violence,4.286,2003
Central African Republic,CAF,Violence,4.286,2004
Central African Republic,CAF,Violence,4.286,2005
Central African Republic,CAF,Violence,5.000,2006
Central African Republic,CAF,Violence,4.286,2007
Central African Republic,CAF,Violence,4.286,2008
Central African Republic,CAF,Violence,4.286,2009
Central African Republic,CAF,Violence,4.286,2010
Central African Republic,CAF,Violence,4.286,2011
Central African Republic,CAF,Violence,4.286,2012
Central African Republic,CAF,Violence,4.286,2013
Central African Republic,CAF,Violence,4.286,2014
Central African Republic,CAF,Violence,4.286,2015
Central African Republic,CAF,Violence,6.429,2016
Central African Republic,CAF,Violence,4.286,2017
Central African Republic,CAF,Violence,7.143,2018
Central African Republic,CAF,Violence,10.000,2019
Central African Republic,CAF,Violence,2.143,2020
Central African Republic,CAF,Violence,2.143,2021
Central African Republic,CAF,Violence,2.143,2022
Central African Republic,CAF,Violence,2.143,2023
Central African Republic,CAF,Youth 15-24,4.587,1960
Central African Republic,CAF,Youth 15-24,4.587,1961
Central African Republic,CAF,Youth 15-24,4.587,1962
Central African Republic,CAF,Youth 15-24,4.587,1963
Central African Republic,CAF,Youth 15-24,4.587,1964
Central African Republic,CAF,Youth 15-24,4.587,1965
Central African Republic,CAF,Youth 15-24,4.587,1966
Central African Republic,CAF,Youth 15-24,4.587,1967
Central African Republic,CAF,Youth 15-24,4.587,1968
Central African Republic,CAF,Youth 15-24,4.587,1969
Central African Republic,CAF,Youth 15-24,4.587,1970
Central African Republic,CAF,Youth 15-24,21.101,1971
Central African Republic,CAF,Youth 15-24,20.183,1972
Central African Republic,CAF,Youth 15-24,20.183,1973
Central African Republic,CAF,Youth 15-24,8.257,1974
Central African Republic,CAF,Youth 15-24,21.101,1975
Central African Republic,CAF,Youth 15-24,15.596,1976
Central African Republic,CAF,Youth 15-24,18.349,1977
Central African Republic,CAF,Youth 15-24,15.596,1978
Central African Republic,CAF,Youth 15-24,18.349,1979
Central African Republic,CAF,Youth 15-24,21.101,1980
Central African Republic,CAF,Youth 15-24,21.101,1981
Central African Republic,CAF,Youth 15-24,21.101,1982
Central African Republic,CAF,Youth 15-24,11.009,1983
Central African Republic,CAF,Youth 15-24,10.092,1984
Central African Republic,CAF,Youth 15-24,11.927,1985
Central African Republic,CAF,Youth 15-24,21.101,1986
Central African Republic,CAF,Youth 15-24,18.349,1987
Central African Republic,CAF,Youth 15-24,33.945,1988
Central African Republic,CAF,Youth 15-24,18.349,1989
Central African Republic,CAF,Youth 15-24,28.440,1990
Central African Republic,CAF,Youth 15-24,32.110,1991
Central African Republic,CAF,Youth 15-24,32.110,1992
Central African Republic,CAF,Youth 15-24,18.349,1993
Central African Republic,CAF,Youth 15-24,18.349,1994
Central African Republic,CAF,Youth 15-24,23.853,1995
Central African Republic,CAF,Youth 15-24,18.349,1996
Central African Republic,CAF,Youth 15-24,18.349,1997
Central African Republic,CAF,Youth 15-24,18.349,1998
Central African Republic,CAF,Youth 15-24,22.018,1999
Central African Republic,CAF,Youth 15-24,29.358,2000
Central African Republic,CAF,Youth 15-24,32.110,2001
Central African Republic,CAF,Youth 15-24,22.936,2002
Central African Republic,CAF,Youth 15-24,18.349,2003
Central African Republic,CAF,Youth 15-24,22.018,2004
Central African Republic,CAF,Youth 15-24,18.349,2005
Central African Republic,CAF,Youth 15-24,22.936,2006
Central African Republic,CAF,Youth 15-24,18.349,2007
Central African Republic,CAF,Youth 15-24,24.771,2008
Central African Republic,CAF,Youth 15-24,40.367,2009
Central African Republic,CAF,Youth 15-24,31.193,2010
Central African Republic,CAF,Youth 15-24,40.367,2011
Central African Republic,CAF,Youth 15-24,40.367,2012
Central African Republic,CAF,Youth 15-24,18.349,2013
Central African Republic,CAF,Youth 15-24,18.349,2014
Central African Republic,CAF,Youth 15-24,18.349,2015
Central African Republic,CAF,Youth 15-24,32.110,2016
Central African Republic,CAF,Youth 15-24,34.862,2017
Central African Republic,CAF,Youth 15-24,25.688,2018
Central African Republic,CAF,Youth 15-24,29.358,2019
Central African Republic,CAF,Youth 15-24,22.018,2020
Central African Republic,CAF,Youth 15-24,18.349,2021
Central African Republic,CAF,Youth 15-24,18.349,2022
Central African Republic,CAF,Youth 15-24,12.844,2023
