Country Name,Country Code,Topic,% of available indicators,Year
United Kingdom,GBR,Assets,0.000,1960
United Kingdom,GBR,Assets,0.000,1961
United Kingdom,GBR,Assets,0.000,1962
United Kingdom,GBR,Assets,0.000,1963
United Kingdom,GBR,Assets,0.000,1964
United Kingdom,GBR,Assets,0.000,1965
United Kingdom,GBR,Assets,0.000,1966
United Kingdom,GBR,Assets,0.000,1967
United Kingdom,GBR,Assets,0.000,1968
United Kingdom,GBR,Assets,0.000,1969
United Kingdom,GBR,Assets,2.208,1970
United Kingdom,GBR,Assets,2.208,1971
United Kingdom,GBR,Assets,2.208,1972
United Kingdom,GBR,Assets,2.208,1973
United Kingdom,GBR,Assets,2.208,1974
United Kingdom,GBR,Assets,2.208,1975
United Kingdom,GBR,Assets,2.208,1976
United Kingdom,GBR,Assets,2.208,1977
United Kingdom,GBR,Assets,2.208,1978
United Kingdom,GBR,Assets,2.208,1979
United Kingdom,GBR,Assets,2.208,1980
United Kingdom,GBR,Assets,2.208,1981
United Kingdom,GBR,Assets,2.208,1982
United Kingdom,GBR,Assets,2.208,1983
United Kingdom,GBR,Assets,2.208,1984
United Kingdom,GBR,Assets,2.208,1985
United Kingdom,GBR,Assets,2.208,1986
United Kingdom,GBR,Assets,2.208,1987
United Kingdom,GBR,Assets,2.208,1988
United Kingdom,GBR,Assets,2.208,1989
United Kingdom,GBR,Assets,2.208,1990
United Kingdom,GBR,Assets,2.208,1991
United Kingdom,GBR,Assets,2.208,1992
United Kingdom,GBR,Assets,2.208,1993
United Kingdom,GBR,Assets,2.208,1994
United Kingdom,GBR,Assets,2.208,1995
United Kingdom,GBR,Assets,2.208,1996
United Kingdom,GBR,Assets,2.208,1997
United Kingdom,GBR,Assets,2.208,1998
United Kingdom,GBR,Assets,2.208,1999
United Kingdom,GBR,Assets,2.208,2000
United Kingdom,GBR,Assets,2.208,2001
United Kingdom,GBR,Assets,2.208,2002
United Kingdom,GBR,Assets,2.208,2003
United Kingdom,GBR,Assets,2.208,2004
United Kingdom,GBR,Assets,2.208,2005
United Kingdom,GBR,Assets,2.208,2006
United Kingdom,GBR,Assets,2.208,2007
United Kingdom,GBR,Assets,2.208,2008
United Kingdom,GBR,Assets,2.208,2009
United Kingdom,GBR,Assets,2.208,2010
United Kingdom,GBR,Assets,10.726,2011
United Kingdom,GBR,Assets,2.208,2012
United Kingdom,GBR,Assets,2.208,2013
United Kingdom,GBR,Assets,24.921,2014
United Kingdom,GBR,Assets,2.208,2015
United Kingdom,GBR,Assets,2.208,2016
United Kingdom,GBR,Assets,26.814,2017
United Kingdom,GBR,Assets,2.208,2018
United Kingdom,GBR,Assets,2.208,2019
United Kingdom,GBR,Assets,2.208,2020
United Kingdom,GBR,Assets,51.104,2021
United Kingdom,GBR,Assets,2.208,2022
United Kingdom,GBR,Assets,2.208,2023
United Kingdom,GBR,Children 0-14,19.231,1960
United Kingdom,GBR,Children 0-14,19.231,1961
United Kingdom,GBR,Children 0-14,19.231,1962
United Kingdom,GBR,Children 0-14,19.231,1963
United Kingdom,GBR,Children 0-14,19.231,1964
United Kingdom,GBR,Children 0-14,19.231,1965
United Kingdom,GBR,Children 0-14,19.231,1966
United Kingdom,GBR,Children 0-14,19.231,1967
United Kingdom,GBR,Children 0-14,19.231,1968
United Kingdom,GBR,Children 0-14,19.231,1969
United Kingdom,GBR,Children 0-14,19.231,1970
United Kingdom,GBR,Children 0-14,30.769,1971
United Kingdom,GBR,Children 0-14,30.769,1972
United Kingdom,GBR,Children 0-14,30.769,1973
United Kingdom,GBR,Children 0-14,30.769,1974
United Kingdom,GBR,Children 0-14,30.769,1975
United Kingdom,GBR,Children 0-14,33.077,1976
United Kingdom,GBR,Children 0-14,30.769,1977
United Kingdom,GBR,Children 0-14,30.769,1978
United Kingdom,GBR,Children 0-14,30.769,1979
United Kingdom,GBR,Children 0-14,32.308,1980
United Kingdom,GBR,Children 0-14,32.308,1981
United Kingdom,GBR,Children 0-14,32.308,1982
United Kingdom,GBR,Children 0-14,34.615,1983
United Kingdom,GBR,Children 0-14,34.615,1984
United Kingdom,GBR,Children 0-14,34.615,1985
United Kingdom,GBR,Children 0-14,34.615,1986
United Kingdom,GBR,Children 0-14,34.615,1987
United Kingdom,GBR,Children 0-14,34.615,1988
United Kingdom,GBR,Children 0-14,31.538,1989
United Kingdom,GBR,Children 0-14,31.538,1990
United Kingdom,GBR,Children 0-14,34.615,1991
United Kingdom,GBR,Children 0-14,34.615,1992
United Kingdom,GBR,Children 0-14,20.769,1993
United Kingdom,GBR,Children 0-14,20.769,1994
United Kingdom,GBR,Children 0-14,20.769,1995
United Kingdom,GBR,Children 0-14,20.769,1996
United Kingdom,GBR,Children 0-14,20.769,1997
United Kingdom,GBR,Children 0-14,30.000,1998
United Kingdom,GBR,Children 0-14,30.000,1999
United Kingdom,GBR,Children 0-14,43.846,2000
United Kingdom,GBR,Children 0-14,30.000,2001
United Kingdom,GBR,Children 0-14,33.077,2002
United Kingdom,GBR,Children 0-14,30.000,2003
United Kingdom,GBR,Children 0-14,34.615,2004
United Kingdom,GBR,Children 0-14,31.538,2005
United Kingdom,GBR,Children 0-14,40.769,2006
United Kingdom,GBR,Children 0-14,34.615,2007
United Kingdom,GBR,Children 0-14,34.615,2008
United Kingdom,GBR,Children 0-14,39.231,2009
United Kingdom,GBR,Children 0-14,60.000,2010
United Kingdom,GBR,Children 0-14,45.385,2011
United Kingdom,GBR,Children 0-14,39.231,2012
United Kingdom,GBR,Children 0-14,46.154,2013
United Kingdom,GBR,Children 0-14,40.000,2014
United Kingdom,GBR,Children 0-14,62.308,2015
United Kingdom,GBR,Children 0-14,54.615,2016
United Kingdom,GBR,Children 0-14,58.462,2017
United Kingdom,GBR,Children 0-14,43.077,2018
United Kingdom,GBR,Children 0-14,52.308,2019
United Kingdom,GBR,Children 0-14,42.308,2020
United Kingdom,GBR,Children 0-14,37.692,2021
United Kingdom,GBR,Children 0-14,34.615,2022
United Kingdom,GBR,Children 0-14,13.846,2023
United Kingdom,GBR,Education,0.000,1960
United Kingdom,GBR,Education,0.000,1961
United Kingdom,GBR,Education,0.000,1962
United Kingdom,GBR,Education,0.000,1963
United Kingdom,GBR,Education,0.000,1964
United Kingdom,GBR,Education,0.000,1965
United Kingdom,GBR,Education,0.000,1966
United Kingdom,GBR,Education,0.000,1967
United Kingdom,GBR,Education,0.000,1968
United Kingdom,GBR,Education,0.000,1969
United Kingdom,GBR,Education,0.000,1970
United Kingdom,GBR,Education,25.153,1971
United Kingdom,GBR,Education,24.540,1972
United Kingdom,GBR,Education,24.540,1973
United Kingdom,GBR,Education,24.540,1974
United Kingdom,GBR,Education,24.540,1975
United Kingdom,GBR,Education,26.380,1976
United Kingdom,GBR,Education,24.540,1977
United Kingdom,GBR,Education,23.926,1978
United Kingdom,GBR,Education,23.926,1979
United Kingdom,GBR,Education,21.472,1980
United Kingdom,GBR,Education,23.926,1981
United Kingdom,GBR,Education,24.540,1982
United Kingdom,GBR,Education,27.607,1983
United Kingdom,GBR,Education,27.607,1984
United Kingdom,GBR,Education,25.153,1985
United Kingdom,GBR,Education,26.994,1986
United Kingdom,GBR,Education,27.607,1987
United Kingdom,GBR,Education,25.767,1988
United Kingdom,GBR,Education,23.313,1989
United Kingdom,GBR,Education,25.153,1990
United Kingdom,GBR,Education,27.607,1991
United Kingdom,GBR,Education,27.607,1992
United Kingdom,GBR,Education,13.497,1993
United Kingdom,GBR,Education,14.110,1994
United Kingdom,GBR,Education,13.497,1995
United Kingdom,GBR,Education,14.110,1996
United Kingdom,GBR,Education,13.497,1997
United Kingdom,GBR,Education,27.607,1998
United Kingdom,GBR,Education,34.969,1999
United Kingdom,GBR,Education,38.650,2000
United Kingdom,GBR,Education,38.650,2001
United Kingdom,GBR,Education,41.104,2002
United Kingdom,GBR,Education,38.650,2003
United Kingdom,GBR,Education,42.945,2004
United Kingdom,GBR,Education,40.491,2005
United Kingdom,GBR,Education,47.853,2006
United Kingdom,GBR,Education,42.945,2007
United Kingdom,GBR,Education,42.945,2008
United Kingdom,GBR,Education,51.534,2009
United Kingdom,GBR,Education,68.098,2010
United Kingdom,GBR,Education,61.963,2011
United Kingdom,GBR,Education,55.828,2012
United Kingdom,GBR,Education,58.282,2013
United Kingdom,GBR,Education,55.828,2014
United Kingdom,GBR,Education,57.669,2015
United Kingdom,GBR,Education,58.282,2016
United Kingdom,GBR,Education,65.644,2017
United Kingdom,GBR,Education,52.147,2018
United Kingdom,GBR,Education,39.264,2019
United Kingdom,GBR,Education,48.466,2020
United Kingdom,GBR,Education,35.583,2021
United Kingdom,GBR,Education,30.061,2022
United Kingdom,GBR,Education,14.724,2023
United Kingdom,GBR,Employment and Time Use,0.000,1960
United Kingdom,GBR,Employment and Time Use,5.109,1961
United Kingdom,GBR,Employment and Time Use,0.000,1962
United Kingdom,GBR,Employment and Time Use,0.000,1963
United Kingdom,GBR,Employment and Time Use,0.000,1964
United Kingdom,GBR,Employment and Time Use,0.000,1965
United Kingdom,GBR,Employment and Time Use,5.109,1966
United Kingdom,GBR,Employment and Time Use,0.000,1967
United Kingdom,GBR,Employment and Time Use,0.000,1968
United Kingdom,GBR,Employment and Time Use,0.000,1969
United Kingdom,GBR,Employment and Time Use,21.168,1970
United Kingdom,GBR,Employment and Time Use,28.467,1971
United Kingdom,GBR,Employment and Time Use,23.358,1972
United Kingdom,GBR,Employment and Time Use,23.358,1973
United Kingdom,GBR,Employment and Time Use,23.358,1974
United Kingdom,GBR,Employment and Time Use,23.358,1975
United Kingdom,GBR,Employment and Time Use,23.358,1976
United Kingdom,GBR,Employment and Time Use,23.358,1977
United Kingdom,GBR,Employment and Time Use,28.467,1978
United Kingdom,GBR,Employment and Time Use,28.467,1979
United Kingdom,GBR,Employment and Time Use,28.467,1980
United Kingdom,GBR,Employment and Time Use,28.467,1981
United Kingdom,GBR,Employment and Time Use,23.358,1982
United Kingdom,GBR,Employment and Time Use,40.146,1983
United Kingdom,GBR,Employment and Time Use,40.146,1984
United Kingdom,GBR,Employment and Time Use,40.146,1985
United Kingdom,GBR,Employment and Time Use,40.146,1986
United Kingdom,GBR,Employment and Time Use,40.146,1987
United Kingdom,GBR,Employment and Time Use,40.146,1988
United Kingdom,GBR,Employment and Time Use,40.146,1989
United Kingdom,GBR,Employment and Time Use,50.365,1990
United Kingdom,GBR,Employment and Time Use,75.182,1991
United Kingdom,GBR,Employment and Time Use,88.321,1992
United Kingdom,GBR,Employment and Time Use,88.321,1993
United Kingdom,GBR,Employment and Time Use,88.321,1994
United Kingdom,GBR,Employment and Time Use,88.321,1995
United Kingdom,GBR,Employment and Time Use,88.321,1996
United Kingdom,GBR,Employment and Time Use,88.321,1997
United Kingdom,GBR,Employment and Time Use,81.752,1998
United Kingdom,GBR,Employment and Time Use,89.781,1999
United Kingdom,GBR,Employment and Time Use,90.511,2000
United Kingdom,GBR,Employment and Time Use,91.971,2001
United Kingdom,GBR,Employment and Time Use,90.511,2002
United Kingdom,GBR,Employment and Time Use,90.511,2003
United Kingdom,GBR,Employment and Time Use,90.511,2004
United Kingdom,GBR,Employment and Time Use,90.511,2005
United Kingdom,GBR,Employment and Time Use,90.511,2006
United Kingdom,GBR,Employment and Time Use,90.511,2007
United Kingdom,GBR,Employment and Time Use,90.511,2008
United Kingdom,GBR,Employment and Time Use,90.511,2009
United Kingdom,GBR,Employment and Time Use,90.511,2010
United Kingdom,GBR,Employment and Time Use,90.511,2011
United Kingdom,GBR,Employment and Time Use,90.511,2012
United Kingdom,GBR,Employment and Time Use,90.511,2013
United Kingdom,GBR,Employment and Time Use,90.511,2014
United Kingdom,GBR,Employment and Time Use,91.971,2015
United Kingdom,GBR,Employment and Time Use,90.511,2016
United Kingdom,GBR,Employment and Time Use,90.511,2017
United Kingdom,GBR,Employment and Time Use,90.511,2018
United Kingdom,GBR,Employment and Time Use,90.511,2019
United Kingdom,GBR,Employment and Time Use,90.511,2020
United Kingdom,GBR,Employment and Time Use,90.511,2021
United Kingdom,GBR,Employment and Time Use,91.971,2022
United Kingdom,GBR,Employment and Time Use,91.971,2023
United Kingdom,GBR,Entrepreneurship,0.000,1960
United Kingdom,GBR,Entrepreneurship,0.000,1961
United Kingdom,GBR,Entrepreneurship,0.000,1962
United Kingdom,GBR,Entrepreneurship,0.000,1963
United Kingdom,GBR,Entrepreneurship,0.000,1964
United Kingdom,GBR,Entrepreneurship,0.000,1965
United Kingdom,GBR,Entrepreneurship,0.000,1966
United Kingdom,GBR,Entrepreneurship,0.000,1967
United Kingdom,GBR,Entrepreneurship,0.000,1968
United Kingdom,GBR,Entrepreneurship,0.000,1969
United Kingdom,GBR,Entrepreneurship,9.375,1970
United Kingdom,GBR,Entrepreneurship,9.375,1971
United Kingdom,GBR,Entrepreneurship,9.375,1972
United Kingdom,GBR,Entrepreneurship,9.375,1973
United Kingdom,GBR,Entrepreneurship,9.375,1974
United Kingdom,GBR,Entrepreneurship,9.375,1975
United Kingdom,GBR,Entrepreneurship,9.375,1976
United Kingdom,GBR,Entrepreneurship,9.375,1977
United Kingdom,GBR,Entrepreneurship,9.375,1978
United Kingdom,GBR,Entrepreneurship,9.375,1979
United Kingdom,GBR,Entrepreneurship,9.375,1980
United Kingdom,GBR,Entrepreneurship,9.375,1981
United Kingdom,GBR,Entrepreneurship,9.375,1982
United Kingdom,GBR,Entrepreneurship,9.375,1983
United Kingdom,GBR,Entrepreneurship,9.375,1984
United Kingdom,GBR,Entrepreneurship,9.375,1985
United Kingdom,GBR,Entrepreneurship,9.375,1986
United Kingdom,GBR,Entrepreneurship,9.375,1987
United Kingdom,GBR,Entrepreneurship,9.375,1988
United Kingdom,GBR,Entrepreneurship,9.375,1989
United Kingdom,GBR,Entrepreneurship,9.375,1990
United Kingdom,GBR,Entrepreneurship,9.375,1991
United Kingdom,GBR,Entrepreneurship,9.375,1992
United Kingdom,GBR,Entrepreneurship,9.375,1993
United Kingdom,GBR,Entrepreneurship,9.375,1994
United Kingdom,GBR,Entrepreneurship,9.375,1995
United Kingdom,GBR,Entrepreneurship,9.375,1996
United Kingdom,GBR,Entrepreneurship,9.375,1997
United Kingdom,GBR,Entrepreneurship,9.375,1998
United Kingdom,GBR,Entrepreneurship,9.375,1999
United Kingdom,GBR,Entrepreneurship,9.375,2000
United Kingdom,GBR,Entrepreneurship,9.375,2001
United Kingdom,GBR,Entrepreneurship,9.375,2002
United Kingdom,GBR,Entrepreneurship,37.500,2003
United Kingdom,GBR,Entrepreneurship,37.500,2004
United Kingdom,GBR,Entrepreneurship,37.500,2005
United Kingdom,GBR,Entrepreneurship,37.500,2006
United Kingdom,GBR,Entrepreneurship,37.500,2007
United Kingdom,GBR,Entrepreneurship,37.500,2008
United Kingdom,GBR,Entrepreneurship,37.500,2009
United Kingdom,GBR,Entrepreneurship,37.500,2010
United Kingdom,GBR,Entrepreneurship,37.500,2011
United Kingdom,GBR,Entrepreneurship,37.500,2012
United Kingdom,GBR,Entrepreneurship,37.500,2013
United Kingdom,GBR,Entrepreneurship,56.250,2014
United Kingdom,GBR,Entrepreneurship,37.500,2015
United Kingdom,GBR,Entrepreneurship,37.500,2016
United Kingdom,GBR,Entrepreneurship,56.250,2017
United Kingdom,GBR,Entrepreneurship,37.500,2018
United Kingdom,GBR,Entrepreneurship,37.500,2019
United Kingdom,GBR,Entrepreneurship,9.375,2020
United Kingdom,GBR,Entrepreneurship,9.375,2021
United Kingdom,GBR,Entrepreneurship,9.375,2022
United Kingdom,GBR,Entrepreneurship,9.375,2023
United Kingdom,GBR,Environment,0.000,1960
United Kingdom,GBR,Environment,0.000,1961
United Kingdom,GBR,Environment,0.000,1962
United Kingdom,GBR,Environment,0.000,1963
United Kingdom,GBR,Environment,0.000,1964
United Kingdom,GBR,Environment,0.000,1965
United Kingdom,GBR,Environment,0.000,1966
United Kingdom,GBR,Environment,0.000,1967
United Kingdom,GBR,Environment,0.000,1968
United Kingdom,GBR,Environment,0.000,1969
United Kingdom,GBR,Environment,0.000,1970
United Kingdom,GBR,Environment,0.000,1971
United Kingdom,GBR,Environment,0.000,1972
United Kingdom,GBR,Environment,0.000,1973
United Kingdom,GBR,Environment,0.000,1974
United Kingdom,GBR,Environment,0.000,1975
United Kingdom,GBR,Environment,0.000,1976
United Kingdom,GBR,Environment,0.000,1977
United Kingdom,GBR,Environment,0.000,1978
United Kingdom,GBR,Environment,0.000,1979
United Kingdom,GBR,Environment,0.000,1980
United Kingdom,GBR,Environment,0.000,1981
United Kingdom,GBR,Environment,0.000,1982
United Kingdom,GBR,Environment,0.000,1983
United Kingdom,GBR,Environment,0.000,1984
United Kingdom,GBR,Environment,0.000,1985
United Kingdom,GBR,Environment,0.000,1986
United Kingdom,GBR,Environment,0.000,1987
United Kingdom,GBR,Environment,0.000,1988
United Kingdom,GBR,Environment,0.000,1989
United Kingdom,GBR,Environment,0.000,1990
United Kingdom,GBR,Environment,0.000,1991
United Kingdom,GBR,Environment,0.000,1992
United Kingdom,GBR,Environment,0.000,1993
United Kingdom,GBR,Environment,0.000,1994
United Kingdom,GBR,Environment,0.000,1995
United Kingdom,GBR,Environment,0.000,1996
United Kingdom,GBR,Environment,0.000,1997
United Kingdom,GBR,Environment,0.000,1998
United Kingdom,GBR,Environment,3.333,1999
United Kingdom,GBR,Environment,13.333,2000
United Kingdom,GBR,Environment,13.333,2001
United Kingdom,GBR,Environment,13.333,2002
United Kingdom,GBR,Environment,13.333,2003
United Kingdom,GBR,Environment,13.333,2004
United Kingdom,GBR,Environment,13.333,2005
United Kingdom,GBR,Environment,13.333,2006
United Kingdom,GBR,Environment,13.333,2007
United Kingdom,GBR,Environment,13.333,2008
United Kingdom,GBR,Environment,13.333,2009
United Kingdom,GBR,Environment,13.333,2010
United Kingdom,GBR,Environment,13.333,2011
United Kingdom,GBR,Environment,13.333,2012
United Kingdom,GBR,Environment,13.333,2013
United Kingdom,GBR,Environment,13.333,2014
United Kingdom,GBR,Environment,13.333,2015
United Kingdom,GBR,Environment,13.333,2016
United Kingdom,GBR,Environment,10.000,2017
United Kingdom,GBR,Environment,10.000,2018
United Kingdom,GBR,Environment,30.000,2019
United Kingdom,GBR,Environment,10.000,2020
United Kingdom,GBR,Environment,10.000,2021
United Kingdom,GBR,Environment,10.000,2022
United Kingdom,GBR,Environment,0.000,2023
United Kingdom,GBR,Health,8.586,1960
United Kingdom,GBR,Health,8.586,1961
United Kingdom,GBR,Health,8.586,1962
United Kingdom,GBR,Health,8.586,1963
United Kingdom,GBR,Health,8.586,1964
United Kingdom,GBR,Health,8.586,1965
United Kingdom,GBR,Health,8.586,1966
United Kingdom,GBR,Health,8.586,1967
United Kingdom,GBR,Health,8.586,1968
United Kingdom,GBR,Health,8.586,1969
United Kingdom,GBR,Health,8.586,1970
United Kingdom,GBR,Health,8.586,1971
United Kingdom,GBR,Health,8.586,1972
United Kingdom,GBR,Health,8.586,1973
United Kingdom,GBR,Health,8.586,1974
United Kingdom,GBR,Health,11.111,1975
United Kingdom,GBR,Health,11.111,1976
United Kingdom,GBR,Health,11.111,1977
United Kingdom,GBR,Health,11.111,1978
United Kingdom,GBR,Health,11.111,1979
United Kingdom,GBR,Health,12.121,1980
United Kingdom,GBR,Health,12.121,1981
United Kingdom,GBR,Health,12.121,1982
United Kingdom,GBR,Health,12.121,1983
United Kingdom,GBR,Health,12.121,1984
United Kingdom,GBR,Health,12.121,1985
United Kingdom,GBR,Health,13.131,1986
United Kingdom,GBR,Health,12.121,1987
United Kingdom,GBR,Health,12.626,1988
United Kingdom,GBR,Health,12.121,1989
United Kingdom,GBR,Health,12.626,1990
United Kingdom,GBR,Health,13.131,1991
United Kingdom,GBR,Health,12.626,1992
United Kingdom,GBR,Health,13.636,1993
United Kingdom,GBR,Health,13.131,1994
United Kingdom,GBR,Health,12.626,1995
United Kingdom,GBR,Health,12.626,1996
United Kingdom,GBR,Health,13.131,1997
United Kingdom,GBR,Health,14.141,1998
United Kingdom,GBR,Health,13.636,1999
United Kingdom,GBR,Health,52.020,2000
United Kingdom,GBR,Health,27.273,2001
United Kingdom,GBR,Health,27.273,2002
United Kingdom,GBR,Health,27.778,2003
United Kingdom,GBR,Health,27.273,2004
United Kingdom,GBR,Health,28.788,2005
United Kingdom,GBR,Health,27.778,2006
United Kingdom,GBR,Health,26.263,2007
United Kingdom,GBR,Health,27.273,2008
United Kingdom,GBR,Health,26.768,2009
United Kingdom,GBR,Health,56.566,2010
United Kingdom,GBR,Health,27.778,2011
United Kingdom,GBR,Health,27.273,2012
United Kingdom,GBR,Health,29.293,2013
United Kingdom,GBR,Health,28.283,2014
United Kingdom,GBR,Health,53.535,2015
United Kingdom,GBR,Health,26.768,2016
United Kingdom,GBR,Health,30.808,2017
United Kingdom,GBR,Health,28.283,2018
United Kingdom,GBR,Health,51.010,2019
United Kingdom,GBR,Health,20.707,2020
United Kingdom,GBR,Health,14.141,2021
United Kingdom,GBR,Health,10.606,2022
United Kingdom,GBR,Health,1.010,2023
United Kingdom,GBR,Leadership,0.000,1960
United Kingdom,GBR,Leadership,0.000,1961
United Kingdom,GBR,Leadership,0.000,1962
United Kingdom,GBR,Leadership,0.000,1963
United Kingdom,GBR,Leadership,0.000,1964
United Kingdom,GBR,Leadership,0.000,1965
United Kingdom,GBR,Leadership,0.000,1966
United Kingdom,GBR,Leadership,0.000,1967
United Kingdom,GBR,Leadership,0.000,1968
United Kingdom,GBR,Leadership,0.000,1969
United Kingdom,GBR,Leadership,0.000,1970
United Kingdom,GBR,Leadership,0.000,1971
United Kingdom,GBR,Leadership,0.000,1972
United Kingdom,GBR,Leadership,0.000,1973
United Kingdom,GBR,Leadership,0.000,1974
United Kingdom,GBR,Leadership,0.000,1975
United Kingdom,GBR,Leadership,0.000,1976
United Kingdom,GBR,Leadership,0.000,1977
United Kingdom,GBR,Leadership,0.000,1978
United Kingdom,GBR,Leadership,0.000,1979
United Kingdom,GBR,Leadership,0.000,1980
United Kingdom,GBR,Leadership,0.000,1981
United Kingdom,GBR,Leadership,0.000,1982
United Kingdom,GBR,Leadership,0.000,1983
United Kingdom,GBR,Leadership,0.000,1984
United Kingdom,GBR,Leadership,0.000,1985
United Kingdom,GBR,Leadership,0.000,1986
United Kingdom,GBR,Leadership,0.000,1987
United Kingdom,GBR,Leadership,0.000,1988
United Kingdom,GBR,Leadership,0.000,1989
United Kingdom,GBR,Leadership,0.000,1990
United Kingdom,GBR,Leadership,0.000,1991
United Kingdom,GBR,Leadership,0.000,1992
United Kingdom,GBR,Leadership,0.000,1993
United Kingdom,GBR,Leadership,0.000,1994
United Kingdom,GBR,Leadership,0.000,1995
United Kingdom,GBR,Leadership,0.000,1996
United Kingdom,GBR,Leadership,25.000,1997
United Kingdom,GBR,Leadership,25.000,1998
United Kingdom,GBR,Leadership,25.000,1999
United Kingdom,GBR,Leadership,50.000,2000
United Kingdom,GBR,Leadership,50.000,2001
United Kingdom,GBR,Leadership,50.000,2002
United Kingdom,GBR,Leadership,50.000,2003
United Kingdom,GBR,Leadership,50.000,2004
United Kingdom,GBR,Leadership,75.000,2005
United Kingdom,GBR,Leadership,50.000,2006
United Kingdom,GBR,Leadership,50.000,2007
United Kingdom,GBR,Leadership,75.000,2008
United Kingdom,GBR,Leadership,50.000,2009
United Kingdom,GBR,Leadership,75.000,2010
United Kingdom,GBR,Leadership,50.000,2011
United Kingdom,GBR,Leadership,75.000,2012
United Kingdom,GBR,Leadership,50.000,2013
United Kingdom,GBR,Leadership,75.000,2014
United Kingdom,GBR,Leadership,75.000,2015
United Kingdom,GBR,Leadership,75.000,2016
United Kingdom,GBR,Leadership,50.000,2017
United Kingdom,GBR,Leadership,75.000,2018
United Kingdom,GBR,Leadership,75.000,2019
United Kingdom,GBR,Leadership,75.000,2020
United Kingdom,GBR,Leadership,50.000,2021
United Kingdom,GBR,Leadership,75.000,2022
United Kingdom,GBR,Leadership,50.000,2023
United Kingdom,GBR,Norms and Decision-making,0.000,1960
United Kingdom,GBR,Norms and Decision-making,0.000,1961
United Kingdom,GBR,Norms and Decision-making,0.000,1962
United Kingdom,GBR,Norms and Decision-making,0.000,1963
United Kingdom,GBR,Norms and Decision-making,0.000,1964
United Kingdom,GBR,Norms and Decision-making,0.000,1965
United Kingdom,GBR,Norms and Decision-making,0.000,1966
United Kingdom,GBR,Norms and Decision-making,0.000,1967
United Kingdom,GBR,Norms and Decision-making,0.000,1968
United Kingdom,GBR,Norms and Decision-making,0.000,1969
United Kingdom,GBR,Norms and Decision-making,12.593,1970
United Kingdom,GBR,Norms and Decision-making,14.074,1971
United Kingdom,GBR,Norms and Decision-making,12.593,1972
United Kingdom,GBR,Norms and Decision-making,12.593,1973
United Kingdom,GBR,Norms and Decision-making,12.593,1974
United Kingdom,GBR,Norms and Decision-making,12.593,1975
United Kingdom,GBR,Norms and Decision-making,12.593,1976
United Kingdom,GBR,Norms and Decision-making,12.593,1977
United Kingdom,GBR,Norms and Decision-making,12.593,1978
United Kingdom,GBR,Norms and Decision-making,12.593,1979
United Kingdom,GBR,Norms and Decision-making,12.593,1980
United Kingdom,GBR,Norms and Decision-making,12.593,1981
United Kingdom,GBR,Norms and Decision-making,14.074,1982
United Kingdom,GBR,Norms and Decision-making,14.074,1983
United Kingdom,GBR,Norms and Decision-making,14.074,1984
United Kingdom,GBR,Norms and Decision-making,14.074,1985
United Kingdom,GBR,Norms and Decision-making,14.074,1986
United Kingdom,GBR,Norms and Decision-making,14.074,1987
United Kingdom,GBR,Norms and Decision-making,14.074,1988
United Kingdom,GBR,Norms and Decision-making,14.074,1989
United Kingdom,GBR,Norms and Decision-making,14.074,1990
United Kingdom,GBR,Norms and Decision-making,14.074,1991
United Kingdom,GBR,Norms and Decision-making,14.074,1992
United Kingdom,GBR,Norms and Decision-making,14.074,1993
United Kingdom,GBR,Norms and Decision-making,14.074,1994
United Kingdom,GBR,Norms and Decision-making,12.593,1995
United Kingdom,GBR,Norms and Decision-making,12.593,1996
United Kingdom,GBR,Norms and Decision-making,14.074,1997
United Kingdom,GBR,Norms and Decision-making,12.593,1998
United Kingdom,GBR,Norms and Decision-making,12.593,1999
United Kingdom,GBR,Norms and Decision-making,12.593,2000
United Kingdom,GBR,Norms and Decision-making,14.074,2001
United Kingdom,GBR,Norms and Decision-making,12.593,2002
United Kingdom,GBR,Norms and Decision-making,12.593,2003
United Kingdom,GBR,Norms and Decision-making,12.593,2004
United Kingdom,GBR,Norms and Decision-making,12.593,2005
United Kingdom,GBR,Norms and Decision-making,12.593,2006
United Kingdom,GBR,Norms and Decision-making,12.593,2007
United Kingdom,GBR,Norms and Decision-making,12.593,2008
United Kingdom,GBR,Norms and Decision-making,14.074,2009
United Kingdom,GBR,Norms and Decision-making,14.074,2010
United Kingdom,GBR,Norms and Decision-making,14.074,2011
United Kingdom,GBR,Norms and Decision-making,12.593,2012
United Kingdom,GBR,Norms and Decision-making,12.593,2013
United Kingdom,GBR,Norms and Decision-making,12.593,2014
United Kingdom,GBR,Norms and Decision-making,12.593,2015
United Kingdom,GBR,Norms and Decision-making,12.593,2016
United Kingdom,GBR,Norms and Decision-making,12.593,2017
United Kingdom,GBR,Norms and Decision-making,12.593,2018
United Kingdom,GBR,Norms and Decision-making,12.593,2019
United Kingdom,GBR,Norms and Decision-making,12.593,2020
United Kingdom,GBR,Norms and Decision-making,13.333,2021
United Kingdom,GBR,Norms and Decision-making,12.593,2022
United Kingdom,GBR,Norms and Decision-making,12.593,2023
United Kingdom,GBR,Population,86.905,1960
United Kingdom,GBR,Population,86.905,1961
United Kingdom,GBR,Population,86.905,1962
United Kingdom,GBR,Population,86.905,1963
United Kingdom,GBR,Population,86.905,1964
United Kingdom,GBR,Population,86.905,1965
United Kingdom,GBR,Population,86.905,1966
United Kingdom,GBR,Population,86.905,1967
United Kingdom,GBR,Population,86.905,1968
United Kingdom,GBR,Population,86.905,1969
United Kingdom,GBR,Population,86.905,1970
United Kingdom,GBR,Population,89.286,1971
United Kingdom,GBR,Population,86.905,1972
United Kingdom,GBR,Population,86.905,1973
United Kingdom,GBR,Population,86.905,1974
United Kingdom,GBR,Population,86.905,1975
United Kingdom,GBR,Population,86.905,1976
United Kingdom,GBR,Population,86.905,1977
United Kingdom,GBR,Population,86.905,1978
United Kingdom,GBR,Population,86.905,1979
United Kingdom,GBR,Population,91.667,1980
United Kingdom,GBR,Population,86.905,1981
United Kingdom,GBR,Population,89.286,1982
United Kingdom,GBR,Population,89.286,1983
United Kingdom,GBR,Population,89.286,1984
United Kingdom,GBR,Population,94.048,1985
United Kingdom,GBR,Population,89.286,1986
United Kingdom,GBR,Population,89.286,1987
United Kingdom,GBR,Population,89.286,1988
United Kingdom,GBR,Population,89.286,1989
United Kingdom,GBR,Population,95.238,1990
United Kingdom,GBR,Population,89.286,1991
United Kingdom,GBR,Population,89.286,1992
United Kingdom,GBR,Population,89.286,1993
United Kingdom,GBR,Population,89.286,1994
United Kingdom,GBR,Population,92.857,1995
United Kingdom,GBR,Population,86.905,1996
United Kingdom,GBR,Population,89.286,1997
United Kingdom,GBR,Population,86.905,1998
United Kingdom,GBR,Population,86.905,1999
United Kingdom,GBR,Population,92.857,2000
United Kingdom,GBR,Population,89.286,2001
United Kingdom,GBR,Population,86.905,2002
United Kingdom,GBR,Population,86.905,2003
United Kingdom,GBR,Population,86.905,2004
United Kingdom,GBR,Population,92.857,2005
United Kingdom,GBR,Population,86.905,2006
United Kingdom,GBR,Population,86.905,2007
United Kingdom,GBR,Population,86.905,2008
United Kingdom,GBR,Population,89.286,2009
United Kingdom,GBR,Population,96.429,2010
United Kingdom,GBR,Population,89.286,2011
United Kingdom,GBR,Population,86.905,2012
United Kingdom,GBR,Population,86.905,2013
United Kingdom,GBR,Population,88.095,2014
United Kingdom,GBR,Population,92.857,2015
United Kingdom,GBR,Population,86.905,2016
United Kingdom,GBR,Population,88.095,2017
United Kingdom,GBR,Population,86.905,2018
United Kingdom,GBR,Population,86.905,2019
United Kingdom,GBR,Population,90.476,2020
United Kingdom,GBR,Population,86.905,2021
United Kingdom,GBR,Population,88.095,2022
United Kingdom,GBR,Population,77.381,2023
United Kingdom,GBR,SDGs,2.685,1960
United Kingdom,GBR,SDGs,2.685,1961
United Kingdom,GBR,SDGs,2.685,1962
United Kingdom,GBR,SDGs,2.685,1963
United Kingdom,GBR,SDGs,2.685,1964
United Kingdom,GBR,SDGs,2.685,1965
United Kingdom,GBR,SDGs,2.685,1966
United Kingdom,GBR,SDGs,2.685,1967
United Kingdom,GBR,SDGs,2.685,1968
United Kingdom,GBR,SDGs,2.685,1969
United Kingdom,GBR,SDGs,11.409,1970
United Kingdom,GBR,SDGs,13.423,1971
United Kingdom,GBR,SDGs,13.423,1972
United Kingdom,GBR,SDGs,13.423,1973
United Kingdom,GBR,SDGs,13.423,1974
United Kingdom,GBR,SDGs,13.423,1975
United Kingdom,GBR,SDGs,13.423,1976
United Kingdom,GBR,SDGs,13.423,1977
United Kingdom,GBR,SDGs,13.423,1978
United Kingdom,GBR,SDGs,13.423,1979
United Kingdom,GBR,SDGs,14.094,1980
United Kingdom,GBR,SDGs,14.094,1981
United Kingdom,GBR,SDGs,14.094,1982
United Kingdom,GBR,SDGs,16.107,1983
United Kingdom,GBR,SDGs,16.107,1984
United Kingdom,GBR,SDGs,16.107,1985
United Kingdom,GBR,SDGs,16.107,1986
United Kingdom,GBR,SDGs,16.107,1987
United Kingdom,GBR,SDGs,16.779,1988
United Kingdom,GBR,SDGs,16.107,1989
United Kingdom,GBR,SDGs,16.107,1990
United Kingdom,GBR,SDGs,20.805,1991
United Kingdom,GBR,SDGs,20.134,1992
United Kingdom,GBR,SDGs,20.134,1993
United Kingdom,GBR,SDGs,20.805,1994
United Kingdom,GBR,SDGs,20.134,1995
United Kingdom,GBR,SDGs,20.134,1996
United Kingdom,GBR,SDGs,21.477,1997
United Kingdom,GBR,SDGs,21.477,1998
United Kingdom,GBR,SDGs,20.805,1999
United Kingdom,GBR,SDGs,66.443,2000
United Kingdom,GBR,SDGs,34.899,2001
United Kingdom,GBR,SDGs,33.557,2002
United Kingdom,GBR,SDGs,34.228,2003
United Kingdom,GBR,SDGs,33.557,2004
United Kingdom,GBR,SDGs,35.570,2005
United Kingdom,GBR,SDGs,36.242,2006
United Kingdom,GBR,SDGs,33.557,2007
United Kingdom,GBR,SDGs,33.557,2008
United Kingdom,GBR,SDGs,34.228,2009
United Kingdom,GBR,SDGs,65.772,2010
United Kingdom,GBR,SDGs,37.584,2011
United Kingdom,GBR,SDGs,34.899,2012
United Kingdom,GBR,SDGs,34.228,2013
United Kingdom,GBR,SDGs,36.242,2014
United Kingdom,GBR,SDGs,67.785,2015
United Kingdom,GBR,SDGs,36.242,2016
United Kingdom,GBR,SDGs,35.570,2017
United Kingdom,GBR,SDGs,36.913,2018
United Kingdom,GBR,SDGs,69.799,2019
United Kingdom,GBR,SDGs,27.517,2020
United Kingdom,GBR,SDGs,25.503,2021
United Kingdom,GBR,SDGs,24.161,2022
United Kingdom,GBR,SDGs,18.121,2023
United Kingdom,GBR,Technology,0.000,1960
United Kingdom,GBR,Technology,0.000,1961
United Kingdom,GBR,Technology,0.000,1962
United Kingdom,GBR,Technology,0.000,1963
United Kingdom,GBR,Technology,0.000,1964
United Kingdom,GBR,Technology,0.000,1965
United Kingdom,GBR,Technology,0.000,1966
United Kingdom,GBR,Technology,0.000,1967
United Kingdom,GBR,Technology,0.000,1968
United Kingdom,GBR,Technology,0.000,1969
United Kingdom,GBR,Technology,0.000,1970
United Kingdom,GBR,Technology,0.000,1971
United Kingdom,GBR,Technology,0.000,1972
United Kingdom,GBR,Technology,0.000,1973
United Kingdom,GBR,Technology,0.000,1974
United Kingdom,GBR,Technology,0.000,1975
United Kingdom,GBR,Technology,0.000,1976
United Kingdom,GBR,Technology,0.000,1977
United Kingdom,GBR,Technology,0.000,1978
United Kingdom,GBR,Technology,0.000,1979
United Kingdom,GBR,Technology,0.000,1980
United Kingdom,GBR,Technology,0.000,1981
United Kingdom,GBR,Technology,0.000,1982
United Kingdom,GBR,Technology,0.000,1983
United Kingdom,GBR,Technology,0.000,1984
United Kingdom,GBR,Technology,0.000,1985
United Kingdom,GBR,Technology,0.000,1986
United Kingdom,GBR,Technology,0.000,1987
United Kingdom,GBR,Technology,0.000,1988
United Kingdom,GBR,Technology,0.000,1989
United Kingdom,GBR,Technology,2.222,1990
United Kingdom,GBR,Technology,2.222,1991
United Kingdom,GBR,Technology,2.222,1992
United Kingdom,GBR,Technology,2.222,1993
United Kingdom,GBR,Technology,2.222,1994
United Kingdom,GBR,Technology,2.222,1995
United Kingdom,GBR,Technology,2.222,1996
United Kingdom,GBR,Technology,2.222,1997
United Kingdom,GBR,Technology,2.222,1998
United Kingdom,GBR,Technology,6.667,1999
United Kingdom,GBR,Technology,8.889,2000
United Kingdom,GBR,Technology,8.889,2001
United Kingdom,GBR,Technology,13.333,2002
United Kingdom,GBR,Technology,13.333,2003
United Kingdom,GBR,Technology,13.333,2004
United Kingdom,GBR,Technology,13.333,2005
United Kingdom,GBR,Technology,13.333,2006
United Kingdom,GBR,Technology,13.333,2007
United Kingdom,GBR,Technology,13.333,2008
United Kingdom,GBR,Technology,13.333,2009
United Kingdom,GBR,Technology,13.333,2010
United Kingdom,GBR,Technology,20.000,2011
United Kingdom,GBR,Technology,13.333,2012
United Kingdom,GBR,Technology,13.333,2013
United Kingdom,GBR,Technology,40.000,2014
United Kingdom,GBR,Technology,13.333,2015
United Kingdom,GBR,Technology,13.333,2016
United Kingdom,GBR,Technology,53.333,2017
United Kingdom,GBR,Technology,6.667,2018
United Kingdom,GBR,Technology,6.667,2019
United Kingdom,GBR,Technology,6.667,2020
United Kingdom,GBR,Technology,68.889,2021
United Kingdom,GBR,Technology,2.222,2022
United Kingdom,GBR,Technology,0.000,2023
United Kingdom,GBR,Violence,0.000,1960
United Kingdom,GBR,Violence,0.000,1961
United Kingdom,GBR,Violence,0.000,1962
United Kingdom,GBR,Violence,0.000,1963
United Kingdom,GBR,Violence,0.000,1964
United Kingdom,GBR,Violence,0.000,1965
United Kingdom,GBR,Violence,0.000,1966
United Kingdom,GBR,Violence,0.000,1967
United Kingdom,GBR,Violence,0.000,1968
United Kingdom,GBR,Violence,0.000,1969
United Kingdom,GBR,Violence,2.143,1970
United Kingdom,GBR,Violence,2.143,1971
United Kingdom,GBR,Violence,2.143,1972
United Kingdom,GBR,Violence,2.143,1973
United Kingdom,GBR,Violence,2.143,1974
United Kingdom,GBR,Violence,2.143,1975
United Kingdom,GBR,Violence,2.143,1976
United Kingdom,GBR,Violence,2.143,1977
United Kingdom,GBR,Violence,2.143,1978
United Kingdom,GBR,Violence,2.143,1979
United Kingdom,GBR,Violence,2.143,1980
United Kingdom,GBR,Violence,2.143,1981
United Kingdom,GBR,Violence,2.143,1982
United Kingdom,GBR,Violence,2.143,1983
United Kingdom,GBR,Violence,2.143,1984
United Kingdom,GBR,Violence,2.143,1985
United Kingdom,GBR,Violence,2.143,1986
United Kingdom,GBR,Violence,2.143,1987
United Kingdom,GBR,Violence,2.143,1988
United Kingdom,GBR,Violence,2.143,1989
United Kingdom,GBR,Violence,2.857,1990
United Kingdom,GBR,Violence,2.857,1991
United Kingdom,GBR,Violence,2.857,1992
United Kingdom,GBR,Violence,2.857,1993
United Kingdom,GBR,Violence,2.857,1994
United Kingdom,GBR,Violence,2.857,1995
United Kingdom,GBR,Violence,2.857,1996
United Kingdom,GBR,Violence,2.857,1997
United Kingdom,GBR,Violence,2.857,1998
United Kingdom,GBR,Violence,2.857,1999
United Kingdom,GBR,Violence,5.000,2000
United Kingdom,GBR,Violence,5.000,2001
United Kingdom,GBR,Violence,5.000,2002
United Kingdom,GBR,Violence,5.000,2003
United Kingdom,GBR,Violence,5.000,2004
United Kingdom,GBR,Violence,6.429,2005
United Kingdom,GBR,Violence,6.429,2006
United Kingdom,GBR,Violence,6.429,2007
United Kingdom,GBR,Violence,6.429,2008
United Kingdom,GBR,Violence,6.429,2009
United Kingdom,GBR,Violence,6.429,2010
United Kingdom,GBR,Violence,6.429,2011
United Kingdom,GBR,Violence,7.143,2012
United Kingdom,GBR,Violence,6.429,2013
United Kingdom,GBR,Violence,6.429,2014
United Kingdom,GBR,Violence,6.429,2015
United Kingdom,GBR,Violence,6.429,2016
United Kingdom,GBR,Violence,6.429,2017
United Kingdom,GBR,Violence,9.286,2018
United Kingdom,GBR,Violence,6.429,2019
United Kingdom,GBR,Violence,4.286,2020
United Kingdom,GBR,Violence,2.857,2021
United Kingdom,GBR,Violence,2.143,2022
United Kingdom,GBR,Violence,2.143,2023
United Kingdom,GBR,Youth 15-24,4.587,1960
United Kingdom,GBR,Youth 15-24,7.339,1961
United Kingdom,GBR,Youth 15-24,4.587,1962
United Kingdom,GBR,Youth 15-24,4.587,1963
United Kingdom,GBR,Youth 15-24,4.587,1964
United Kingdom,GBR,Youth 15-24,4.587,1965
United Kingdom,GBR,Youth 15-24,7.339,1966
United Kingdom,GBR,Youth 15-24,4.587,1967
United Kingdom,GBR,Youth 15-24,4.587,1968
United Kingdom,GBR,Youth 15-24,4.587,1969
United Kingdom,GBR,Youth 15-24,4.587,1970
United Kingdom,GBR,Youth 15-24,26.606,1971
United Kingdom,GBR,Youth 15-24,22.936,1972
United Kingdom,GBR,Youth 15-24,22.936,1973
United Kingdom,GBR,Youth 15-24,22.936,1974
United Kingdom,GBR,Youth 15-24,22.936,1975
United Kingdom,GBR,Youth 15-24,22.936,1976
United Kingdom,GBR,Youth 15-24,22.936,1977
United Kingdom,GBR,Youth 15-24,22.936,1978
United Kingdom,GBR,Youth 15-24,22.936,1979
United Kingdom,GBR,Youth 15-24,18.349,1980
United Kingdom,GBR,Youth 15-24,25.688,1981
United Kingdom,GBR,Youth 15-24,22.936,1982
United Kingdom,GBR,Youth 15-24,33.028,1983
United Kingdom,GBR,Youth 15-24,33.028,1984
United Kingdom,GBR,Youth 15-24,30.275,1985
United Kingdom,GBR,Youth 15-24,33.028,1986
United Kingdom,GBR,Youth 15-24,33.028,1987
United Kingdom,GBR,Youth 15-24,30.275,1988
United Kingdom,GBR,Youth 15-24,30.275,1989
United Kingdom,GBR,Youth 15-24,35.780,1990
United Kingdom,GBR,Youth 15-24,42.202,1991
United Kingdom,GBR,Youth 15-24,42.202,1992
United Kingdom,GBR,Youth 15-24,41.284,1993
United Kingdom,GBR,Youth 15-24,41.284,1994
United Kingdom,GBR,Youth 15-24,41.284,1995
United Kingdom,GBR,Youth 15-24,41.284,1996
United Kingdom,GBR,Youth 15-24,41.284,1997
United Kingdom,GBR,Youth 15-24,47.706,1998
United Kingdom,GBR,Youth 15-24,55.963,1999
United Kingdom,GBR,Youth 15-24,61.468,2000
United Kingdom,GBR,Youth 15-24,61.468,2001
United Kingdom,GBR,Youth 15-24,61.468,2002
United Kingdom,GBR,Youth 15-24,61.468,2003
United Kingdom,GBR,Youth 15-24,62.385,2004
United Kingdom,GBR,Youth 15-24,62.385,2005
United Kingdom,GBR,Youth 15-24,62.385,2006
United Kingdom,GBR,Youth 15-24,62.385,2007
United Kingdom,GBR,Youth 15-24,62.385,2008
United Kingdom,GBR,Youth 15-24,70.642,2009
United Kingdom,GBR,Youth 15-24,73.394,2010
United Kingdom,GBR,Youth 15-24,73.394,2011
United Kingdom,GBR,Youth 15-24,73.394,2012
United Kingdom,GBR,Youth 15-24,70.642,2013
United Kingdom,GBR,Youth 15-24,68.807,2014
United Kingdom,GBR,Youth 15-24,67.890,2015
United Kingdom,GBR,Youth 15-24,58.716,2016
United Kingdom,GBR,Youth 15-24,55.963,2017
United Kingdom,GBR,Youth 15-24,48.624,2018
United Kingdom,GBR,Youth 15-24,48.624,2019
United Kingdom,GBR,Youth 15-24,45.872,2020
United Kingdom,GBR,Youth 15-24,44.954,2021
United Kingdom,GBR,Youth 15-24,41.284,2022
United Kingdom,GBR,Youth 15-24,33.028,2023
