Country Name,Country Code,Topic,% of available indicators,Year
Turkiye,TUR,Assets,0.000,1960
Turkiye,TUR,Assets,0.000,1961
Turkiye,TUR,Assets,0.000,1962
Turkiye,TUR,Assets,0.000,1963
Turkiye,TUR,Assets,0.000,1964
Turkiye,TUR,Assets,0.000,1965
Turkiye,TUR,Assets,0.000,1966
Turkiye,TUR,Assets,0.000,1967
Turkiye,TUR,Assets,0.000,1968
Turkiye,TUR,Assets,0.000,1969
Turkiye,TUR,Assets,2.208,1970
Turkiye,TUR,Assets,2.208,1971
Turkiye,TUR,Assets,2.208,1972
Turkiye,TUR,Assets,2.208,1973
Turkiye,TUR,Assets,2.208,1974
Turkiye,TUR,Assets,2.208,1975
Turkiye,TUR,Assets,2.208,1976
Turkiye,TUR,Assets,2.208,1977
Turkiye,TUR,Assets,2.208,1978
Turkiye,TUR,Assets,2.208,1979
Turkiye,TUR,Assets,2.208,1980
Turkiye,TUR,Assets,2.208,1981
Turkiye,TUR,Assets,2.208,1982
Turkiye,TUR,Assets,2.208,1983
Turkiye,TUR,Assets,2.208,1984
Turkiye,TUR,Assets,2.208,1985
Turkiye,TUR,Assets,2.208,1986
Turkiye,TUR,Assets,2.208,1987
Turkiye,TUR,Assets,2.208,1988
Turkiye,TUR,Assets,2.208,1989
Turkiye,TUR,Assets,2.208,1990
Turkiye,TUR,Assets,2.208,1991
Turkiye,TUR,Assets,2.208,1992
Turkiye,TUR,Assets,2.208,1993
Turkiye,TUR,Assets,2.208,1994
Turkiye,TUR,Assets,2.208,1995
Turkiye,TUR,Assets,2.208,1996
Turkiye,TUR,Assets,2.208,1997
Turkiye,TUR,Assets,2.208,1998
Turkiye,TUR,Assets,2.208,1999
Turkiye,TUR,Assets,2.208,2000
Turkiye,TUR,Assets,2.208,2001
Turkiye,TUR,Assets,2.208,2002
Turkiye,TUR,Assets,2.208,2003
Turkiye,TUR,Assets,2.208,2004
Turkiye,TUR,Assets,2.208,2005
Turkiye,TUR,Assets,2.208,2006
Turkiye,TUR,Assets,2.208,2007
Turkiye,TUR,Assets,2.208,2008
Turkiye,TUR,Assets,2.208,2009
Turkiye,TUR,Assets,2.208,2010
Turkiye,TUR,Assets,11.672,2011
Turkiye,TUR,Assets,2.208,2012
Turkiye,TUR,Assets,13.565,2013
Turkiye,TUR,Assets,31.546,2014
Turkiye,TUR,Assets,2.208,2015
Turkiye,TUR,Assets,2.208,2016
Turkiye,TUR,Assets,34.069,2017
Turkiye,TUR,Assets,2.208,2018
Turkiye,TUR,Assets,2.208,2019
Turkiye,TUR,Assets,2.208,2020
Turkiye,TUR,Assets,63.091,2021
Turkiye,TUR,Assets,2.208,2022
Turkiye,TUR,Assets,2.208,2023
Turkiye,TUR,Children 0-14,19.231,1960
Turkiye,TUR,Children 0-14,19.231,1961
Turkiye,TUR,Children 0-14,19.231,1962
Turkiye,TUR,Children 0-14,19.231,1963
Turkiye,TUR,Children 0-14,19.231,1964
Turkiye,TUR,Children 0-14,19.231,1965
Turkiye,TUR,Children 0-14,19.231,1966
Turkiye,TUR,Children 0-14,19.231,1967
Turkiye,TUR,Children 0-14,19.231,1968
Turkiye,TUR,Children 0-14,19.231,1969
Turkiye,TUR,Children 0-14,19.231,1970
Turkiye,TUR,Children 0-14,25.385,1971
Turkiye,TUR,Children 0-14,25.385,1972
Turkiye,TUR,Children 0-14,25.385,1973
Turkiye,TUR,Children 0-14,33.077,1974
Turkiye,TUR,Children 0-14,27.692,1975
Turkiye,TUR,Children 0-14,25.385,1976
Turkiye,TUR,Children 0-14,25.385,1977
Turkiye,TUR,Children 0-14,25.385,1978
Turkiye,TUR,Children 0-14,25.385,1979
Turkiye,TUR,Children 0-14,23.077,1980
Turkiye,TUR,Children 0-14,26.923,1981
Turkiye,TUR,Children 0-14,29.231,1982
Turkiye,TUR,Children 0-14,26.154,1983
Turkiye,TUR,Children 0-14,33.846,1984
Turkiye,TUR,Children 0-14,36.923,1985
Turkiye,TUR,Children 0-14,36.923,1986
Turkiye,TUR,Children 0-14,36.923,1987
Turkiye,TUR,Children 0-14,36.923,1988
Turkiye,TUR,Children 0-14,36.923,1989
Turkiye,TUR,Children 0-14,36.923,1990
Turkiye,TUR,Children 0-14,36.923,1991
Turkiye,TUR,Children 0-14,36.923,1992
Turkiye,TUR,Children 0-14,46.154,1993
Turkiye,TUR,Children 0-14,37.692,1994
Turkiye,TUR,Children 0-14,38.462,1995
Turkiye,TUR,Children 0-14,20.769,1996
Turkiye,TUR,Children 0-14,34.615,1997
Turkiye,TUR,Children 0-14,34.615,1998
Turkiye,TUR,Children 0-14,33.846,1999
Turkiye,TUR,Children 0-14,42.308,2000
Turkiye,TUR,Children 0-14,30.769,2001
Turkiye,TUR,Children 0-14,28.462,2002
Turkiye,TUR,Children 0-14,29.231,2003
Turkiye,TUR,Children 0-14,49.231,2004
Turkiye,TUR,Children 0-14,37.692,2005
Turkiye,TUR,Children 0-14,43.077,2006
Turkiye,TUR,Children 0-14,40.769,2007
Turkiye,TUR,Children 0-14,53.077,2008
Turkiye,TUR,Children 0-14,40.769,2009
Turkiye,TUR,Children 0-14,59.231,2010
Turkiye,TUR,Children 0-14,44.615,2011
Turkiye,TUR,Children 0-14,39.231,2012
Turkiye,TUR,Children 0-14,56.923,2013
Turkiye,TUR,Children 0-14,48.462,2014
Turkiye,TUR,Children 0-14,62.308,2015
Turkiye,TUR,Children 0-14,44.615,2016
Turkiye,TUR,Children 0-14,47.692,2017
Turkiye,TUR,Children 0-14,55.385,2018
Turkiye,TUR,Children 0-14,50.769,2019
Turkiye,TUR,Children 0-14,41.538,2020
Turkiye,TUR,Children 0-14,36.154,2021
Turkiye,TUR,Children 0-14,33.846,2022
Turkiye,TUR,Children 0-14,11.538,2023
Turkiye,TUR,Education,0.000,1960
Turkiye,TUR,Education,0.000,1961
Turkiye,TUR,Education,0.000,1962
Turkiye,TUR,Education,0.000,1963
Turkiye,TUR,Education,0.000,1964
Turkiye,TUR,Education,0.000,1965
Turkiye,TUR,Education,0.000,1966
Turkiye,TUR,Education,0.000,1967
Turkiye,TUR,Education,0.000,1968
Turkiye,TUR,Education,0.000,1969
Turkiye,TUR,Education,0.000,1970
Turkiye,TUR,Education,17.791,1971
Turkiye,TUR,Education,17.791,1972
Turkiye,TUR,Education,17.791,1973
Turkiye,TUR,Education,25.767,1974
Turkiye,TUR,Education,20.245,1975
Turkiye,TUR,Education,17.178,1976
Turkiye,TUR,Education,16.564,1977
Turkiye,TUR,Education,18.405,1978
Turkiye,TUR,Education,18.405,1979
Turkiye,TUR,Education,20.245,1980
Turkiye,TUR,Education,9.816,1981
Turkiye,TUR,Education,20.245,1982
Turkiye,TUR,Education,15.337,1983
Turkiye,TUR,Education,23.313,1984
Turkiye,TUR,Education,26.994,1985
Turkiye,TUR,Education,28.834,1986
Turkiye,TUR,Education,28.221,1987
Turkiye,TUR,Education,28.221,1988
Turkiye,TUR,Education,28.221,1989
Turkiye,TUR,Education,34.969,1990
Turkiye,TUR,Education,28.221,1991
Turkiye,TUR,Education,26.380,1992
Turkiye,TUR,Education,25.153,1993
Turkiye,TUR,Education,26.994,1994
Turkiye,TUR,Education,26.994,1995
Turkiye,TUR,Education,0.000,1996
Turkiye,TUR,Education,25.153,1997
Turkiye,TUR,Education,4.908,1998
Turkiye,TUR,Education,34.969,1999
Turkiye,TUR,Education,29.448,2000
Turkiye,TUR,Education,33.742,2001
Turkiye,TUR,Education,32.515,2002
Turkiye,TUR,Education,34.356,2003
Turkiye,TUR,Education,53.988,2004
Turkiye,TUR,Education,53.988,2005
Turkiye,TUR,Education,57.055,2006
Turkiye,TUR,Education,56.442,2007
Turkiye,TUR,Education,50.307,2008
Turkiye,TUR,Education,55.215,2009
Turkiye,TUR,Education,73.620,2010
Turkiye,TUR,Education,65.644,2011
Turkiye,TUR,Education,63.804,2012
Turkiye,TUR,Education,57.055,2013
Turkiye,TUR,Education,75.460,2014
Turkiye,TUR,Education,61.963,2015
Turkiye,TUR,Education,57.055,2016
Turkiye,TUR,Education,66.871,2017
Turkiye,TUR,Education,53.374,2018
Turkiye,TUR,Education,40.491,2019
Turkiye,TUR,Education,49.080,2020
Turkiye,TUR,Education,36.196,2021
Turkiye,TUR,Education,34.356,2022
Turkiye,TUR,Education,7.362,2023
Turkiye,TUR,Employment and Time Use,5.109,1960
Turkiye,TUR,Employment and Time Use,0.000,1961
Turkiye,TUR,Employment and Time Use,0.000,1962
Turkiye,TUR,Employment and Time Use,0.000,1963
Turkiye,TUR,Employment and Time Use,0.000,1964
Turkiye,TUR,Employment and Time Use,5.109,1965
Turkiye,TUR,Employment and Time Use,0.000,1966
Turkiye,TUR,Employment and Time Use,0.000,1967
Turkiye,TUR,Employment and Time Use,0.000,1968
Turkiye,TUR,Employment and Time Use,0.000,1969
Turkiye,TUR,Employment and Time Use,26.277,1970
Turkiye,TUR,Employment and Time Use,21.168,1971
Turkiye,TUR,Employment and Time Use,21.168,1972
Turkiye,TUR,Employment and Time Use,21.168,1973
Turkiye,TUR,Employment and Time Use,21.168,1974
Turkiye,TUR,Employment and Time Use,26.277,1975
Turkiye,TUR,Employment and Time Use,21.168,1976
Turkiye,TUR,Employment and Time Use,21.168,1977
Turkiye,TUR,Employment and Time Use,21.168,1978
Turkiye,TUR,Employment and Time Use,21.168,1979
Turkiye,TUR,Employment and Time Use,26.277,1980
Turkiye,TUR,Employment and Time Use,21.168,1981
Turkiye,TUR,Employment and Time Use,23.358,1982
Turkiye,TUR,Employment and Time Use,23.358,1983
Turkiye,TUR,Employment and Time Use,23.358,1984
Turkiye,TUR,Employment and Time Use,28.467,1985
Turkiye,TUR,Employment and Time Use,21.168,1986
Turkiye,TUR,Employment and Time Use,21.168,1987
Turkiye,TUR,Employment and Time Use,33.577,1988
Turkiye,TUR,Employment and Time Use,33.577,1989
Turkiye,TUR,Employment and Time Use,45.985,1990
Turkiye,TUR,Employment and Time Use,70.803,1991
Turkiye,TUR,Employment and Time Use,70.803,1992
Turkiye,TUR,Employment and Time Use,70.803,1993
Turkiye,TUR,Employment and Time Use,70.803,1994
Turkiye,TUR,Employment and Time Use,70.803,1995
Turkiye,TUR,Employment and Time Use,70.803,1996
Turkiye,TUR,Employment and Time Use,70.803,1997
Turkiye,TUR,Employment and Time Use,70.803,1998
Turkiye,TUR,Employment and Time Use,72.993,1999
Turkiye,TUR,Employment and Time Use,83.942,2000
Turkiye,TUR,Employment and Time Use,83.942,2001
Turkiye,TUR,Employment and Time Use,83.942,2002
Turkiye,TUR,Employment and Time Use,83.942,2003
Turkiye,TUR,Employment and Time Use,90.511,2004
Turkiye,TUR,Employment and Time Use,90.511,2005
Turkiye,TUR,Employment and Time Use,94.161,2006
Turkiye,TUR,Employment and Time Use,90.511,2007
Turkiye,TUR,Employment and Time Use,90.511,2008
Turkiye,TUR,Employment and Time Use,90.511,2009
Turkiye,TUR,Employment and Time Use,90.511,2010
Turkiye,TUR,Employment and Time Use,90.511,2011
Turkiye,TUR,Employment and Time Use,90.511,2012
Turkiye,TUR,Employment and Time Use,90.511,2013
Turkiye,TUR,Employment and Time Use,90.511,2014
Turkiye,TUR,Employment and Time Use,91.971,2015
Turkiye,TUR,Employment and Time Use,90.511,2016
Turkiye,TUR,Employment and Time Use,90.511,2017
Turkiye,TUR,Employment and Time Use,90.511,2018
Turkiye,TUR,Employment and Time Use,90.511,2019
Turkiye,TUR,Employment and Time Use,90.511,2020
Turkiye,TUR,Employment and Time Use,90.511,2021
Turkiye,TUR,Employment and Time Use,90.511,2022
Turkiye,TUR,Employment and Time Use,91.971,2023
Turkiye,TUR,Entrepreneurship,0.000,1960
Turkiye,TUR,Entrepreneurship,0.000,1961
Turkiye,TUR,Entrepreneurship,0.000,1962
Turkiye,TUR,Entrepreneurship,0.000,1963
Turkiye,TUR,Entrepreneurship,0.000,1964
Turkiye,TUR,Entrepreneurship,0.000,1965
Turkiye,TUR,Entrepreneurship,0.000,1966
Turkiye,TUR,Entrepreneurship,0.000,1967
Turkiye,TUR,Entrepreneurship,0.000,1968
Turkiye,TUR,Entrepreneurship,0.000,1969
Turkiye,TUR,Entrepreneurship,9.375,1970
Turkiye,TUR,Entrepreneurship,9.375,1971
Turkiye,TUR,Entrepreneurship,9.375,1972
Turkiye,TUR,Entrepreneurship,9.375,1973
Turkiye,TUR,Entrepreneurship,9.375,1974
Turkiye,TUR,Entrepreneurship,9.375,1975
Turkiye,TUR,Entrepreneurship,9.375,1976
Turkiye,TUR,Entrepreneurship,9.375,1977
Turkiye,TUR,Entrepreneurship,9.375,1978
Turkiye,TUR,Entrepreneurship,9.375,1979
Turkiye,TUR,Entrepreneurship,9.375,1980
Turkiye,TUR,Entrepreneurship,9.375,1981
Turkiye,TUR,Entrepreneurship,9.375,1982
Turkiye,TUR,Entrepreneurship,9.375,1983
Turkiye,TUR,Entrepreneurship,9.375,1984
Turkiye,TUR,Entrepreneurship,9.375,1985
Turkiye,TUR,Entrepreneurship,9.375,1986
Turkiye,TUR,Entrepreneurship,9.375,1987
Turkiye,TUR,Entrepreneurship,9.375,1988
Turkiye,TUR,Entrepreneurship,9.375,1989
Turkiye,TUR,Entrepreneurship,9.375,1990
Turkiye,TUR,Entrepreneurship,9.375,1991
Turkiye,TUR,Entrepreneurship,9.375,1992
Turkiye,TUR,Entrepreneurship,9.375,1993
Turkiye,TUR,Entrepreneurship,9.375,1994
Turkiye,TUR,Entrepreneurship,9.375,1995
Turkiye,TUR,Entrepreneurship,9.375,1996
Turkiye,TUR,Entrepreneurship,9.375,1997
Turkiye,TUR,Entrepreneurship,9.375,1998
Turkiye,TUR,Entrepreneurship,9.375,1999
Turkiye,TUR,Entrepreneurship,9.375,2000
Turkiye,TUR,Entrepreneurship,9.375,2001
Turkiye,TUR,Entrepreneurship,9.375,2002
Turkiye,TUR,Entrepreneurship,37.500,2003
Turkiye,TUR,Entrepreneurship,40.625,2004
Turkiye,TUR,Entrepreneurship,40.625,2005
Turkiye,TUR,Entrepreneurship,37.500,2006
Turkiye,TUR,Entrepreneurship,37.500,2007
Turkiye,TUR,Entrepreneurship,43.750,2008
Turkiye,TUR,Entrepreneurship,37.500,2009
Turkiye,TUR,Entrepreneurship,37.500,2010
Turkiye,TUR,Entrepreneurship,37.500,2011
Turkiye,TUR,Entrepreneurship,37.500,2012
Turkiye,TUR,Entrepreneurship,43.750,2013
Turkiye,TUR,Entrepreneurship,93.750,2014
Turkiye,TUR,Entrepreneurship,75.000,2015
Turkiye,TUR,Entrepreneurship,75.000,2016
Turkiye,TUR,Entrepreneurship,93.750,2017
Turkiye,TUR,Entrepreneurship,75.000,2018
Turkiye,TUR,Entrepreneurship,81.250,2019
Turkiye,TUR,Entrepreneurship,46.875,2020
Turkiye,TUR,Entrepreneurship,46.875,2021
Turkiye,TUR,Entrepreneurship,46.875,2022
Turkiye,TUR,Entrepreneurship,9.375,2023
Turkiye,TUR,Environment,0.000,1960
Turkiye,TUR,Environment,0.000,1961
Turkiye,TUR,Environment,0.000,1962
Turkiye,TUR,Environment,0.000,1963
Turkiye,TUR,Environment,0.000,1964
Turkiye,TUR,Environment,0.000,1965
Turkiye,TUR,Environment,0.000,1966
Turkiye,TUR,Environment,0.000,1967
Turkiye,TUR,Environment,0.000,1968
Turkiye,TUR,Environment,0.000,1969
Turkiye,TUR,Environment,0.000,1970
Turkiye,TUR,Environment,0.000,1971
Turkiye,TUR,Environment,0.000,1972
Turkiye,TUR,Environment,0.000,1973
Turkiye,TUR,Environment,0.000,1974
Turkiye,TUR,Environment,0.000,1975
Turkiye,TUR,Environment,0.000,1976
Turkiye,TUR,Environment,0.000,1977
Turkiye,TUR,Environment,0.000,1978
Turkiye,TUR,Environment,0.000,1979
Turkiye,TUR,Environment,0.000,1980
Turkiye,TUR,Environment,0.000,1981
Turkiye,TUR,Environment,0.000,1982
Turkiye,TUR,Environment,0.000,1983
Turkiye,TUR,Environment,0.000,1984
Turkiye,TUR,Environment,0.000,1985
Turkiye,TUR,Environment,0.000,1986
Turkiye,TUR,Environment,0.000,1987
Turkiye,TUR,Environment,0.000,1988
Turkiye,TUR,Environment,0.000,1989
Turkiye,TUR,Environment,0.000,1990
Turkiye,TUR,Environment,0.000,1991
Turkiye,TUR,Environment,0.000,1992
Turkiye,TUR,Environment,0.000,1993
Turkiye,TUR,Environment,0.000,1994
Turkiye,TUR,Environment,0.000,1995
Turkiye,TUR,Environment,0.000,1996
Turkiye,TUR,Environment,0.000,1997
Turkiye,TUR,Environment,10.000,1998
Turkiye,TUR,Environment,3.333,1999
Turkiye,TUR,Environment,13.333,2000
Turkiye,TUR,Environment,13.333,2001
Turkiye,TUR,Environment,13.333,2002
Turkiye,TUR,Environment,23.333,2003
Turkiye,TUR,Environment,13.333,2004
Turkiye,TUR,Environment,13.333,2005
Turkiye,TUR,Environment,13.333,2006
Turkiye,TUR,Environment,13.333,2007
Turkiye,TUR,Environment,13.333,2008
Turkiye,TUR,Environment,13.333,2009
Turkiye,TUR,Environment,13.333,2010
Turkiye,TUR,Environment,13.333,2011
Turkiye,TUR,Environment,13.333,2012
Turkiye,TUR,Environment,20.000,2013
Turkiye,TUR,Environment,23.333,2014
Turkiye,TUR,Environment,10.000,2015
Turkiye,TUR,Environment,10.000,2016
Turkiye,TUR,Environment,20.000,2017
Turkiye,TUR,Environment,10.000,2018
Turkiye,TUR,Environment,30.000,2019
Turkiye,TUR,Environment,10.000,2020
Turkiye,TUR,Environment,20.000,2021
Turkiye,TUR,Environment,10.000,2022
Turkiye,TUR,Environment,0.000,2023
Turkiye,TUR,Health,8.586,1960
Turkiye,TUR,Health,8.586,1961
Turkiye,TUR,Health,8.586,1962
Turkiye,TUR,Health,9.596,1963
Turkiye,TUR,Health,8.586,1964
Turkiye,TUR,Health,8.586,1965
Turkiye,TUR,Health,8.586,1966
Turkiye,TUR,Health,8.586,1967
Turkiye,TUR,Health,9.596,1968
Turkiye,TUR,Health,8.586,1969
Turkiye,TUR,Health,8.586,1970
Turkiye,TUR,Health,8.586,1971
Turkiye,TUR,Health,8.586,1972
Turkiye,TUR,Health,9.596,1973
Turkiye,TUR,Health,8.586,1974
Turkiye,TUR,Health,11.111,1975
Turkiye,TUR,Health,11.111,1976
Turkiye,TUR,Health,11.111,1977
Turkiye,TUR,Health,12.121,1978
Turkiye,TUR,Health,11.111,1979
Turkiye,TUR,Health,12.121,1980
Turkiye,TUR,Health,12.121,1981
Turkiye,TUR,Health,12.121,1982
Turkiye,TUR,Health,13.131,1983
Turkiye,TUR,Health,12.121,1984
Turkiye,TUR,Health,12.121,1985
Turkiye,TUR,Health,12.121,1986
Turkiye,TUR,Health,12.121,1987
Turkiye,TUR,Health,13.131,1988
Turkiye,TUR,Health,12.121,1989
Turkiye,TUR,Health,13.131,1990
Turkiye,TUR,Health,12.626,1991
Turkiye,TUR,Health,12.626,1992
Turkiye,TUR,Health,27.778,1993
Turkiye,TUR,Health,12.626,1994
Turkiye,TUR,Health,13.131,1995
Turkiye,TUR,Health,12.626,1996
Turkiye,TUR,Health,12.626,1997
Turkiye,TUR,Health,30.808,1998
Turkiye,TUR,Health,12.626,1999
Turkiye,TUR,Health,49.495,2000
Turkiye,TUR,Health,24.747,2001
Turkiye,TUR,Health,24.747,2002
Turkiye,TUR,Health,32.323,2003
Turkiye,TUR,Health,35.354,2004
Turkiye,TUR,Health,26.263,2005
Turkiye,TUR,Health,25.253,2006
Turkiye,TUR,Health,25.758,2007
Turkiye,TUR,Health,39.394,2008
Turkiye,TUR,Health,26.263,2009
Turkiye,TUR,Health,54.040,2010
Turkiye,TUR,Health,25.253,2011
Turkiye,TUR,Health,25.253,2012
Turkiye,TUR,Health,41.414,2013
Turkiye,TUR,Health,29.798,2014
Turkiye,TUR,Health,50.000,2015
Turkiye,TUR,Health,25.253,2016
Turkiye,TUR,Health,28.283,2017
Turkiye,TUR,Health,39.394,2018
Turkiye,TUR,Health,50.000,2019
Turkiye,TUR,Health,22.222,2020
Turkiye,TUR,Health,14.141,2021
Turkiye,TUR,Health,11.616,2022
Turkiye,TUR,Health,1.010,2023
Turkiye,TUR,Leadership,0.000,1960
Turkiye,TUR,Leadership,0.000,1961
Turkiye,TUR,Leadership,0.000,1962
Turkiye,TUR,Leadership,0.000,1963
Turkiye,TUR,Leadership,0.000,1964
Turkiye,TUR,Leadership,0.000,1965
Turkiye,TUR,Leadership,0.000,1966
Turkiye,TUR,Leadership,0.000,1967
Turkiye,TUR,Leadership,0.000,1968
Turkiye,TUR,Leadership,0.000,1969
Turkiye,TUR,Leadership,0.000,1970
Turkiye,TUR,Leadership,0.000,1971
Turkiye,TUR,Leadership,0.000,1972
Turkiye,TUR,Leadership,0.000,1973
Turkiye,TUR,Leadership,0.000,1974
Turkiye,TUR,Leadership,0.000,1975
Turkiye,TUR,Leadership,0.000,1976
Turkiye,TUR,Leadership,0.000,1977
Turkiye,TUR,Leadership,0.000,1978
Turkiye,TUR,Leadership,0.000,1979
Turkiye,TUR,Leadership,0.000,1980
Turkiye,TUR,Leadership,0.000,1981
Turkiye,TUR,Leadership,0.000,1982
Turkiye,TUR,Leadership,0.000,1983
Turkiye,TUR,Leadership,0.000,1984
Turkiye,TUR,Leadership,0.000,1985
Turkiye,TUR,Leadership,0.000,1986
Turkiye,TUR,Leadership,0.000,1987
Turkiye,TUR,Leadership,0.000,1988
Turkiye,TUR,Leadership,0.000,1989
Turkiye,TUR,Leadership,0.000,1990
Turkiye,TUR,Leadership,0.000,1991
Turkiye,TUR,Leadership,0.000,1992
Turkiye,TUR,Leadership,0.000,1993
Turkiye,TUR,Leadership,0.000,1994
Turkiye,TUR,Leadership,0.000,1995
Turkiye,TUR,Leadership,0.000,1996
Turkiye,TUR,Leadership,25.000,1997
Turkiye,TUR,Leadership,25.000,1998
Turkiye,TUR,Leadership,25.000,1999
Turkiye,TUR,Leadership,25.000,2000
Turkiye,TUR,Leadership,25.000,2001
Turkiye,TUR,Leadership,0.000,2002
Turkiye,TUR,Leadership,25.000,2003
Turkiye,TUR,Leadership,50.000,2004
Turkiye,TUR,Leadership,75.000,2005
Turkiye,TUR,Leadership,50.000,2006
Turkiye,TUR,Leadership,50.000,2007
Turkiye,TUR,Leadership,100.000,2008
Turkiye,TUR,Leadership,50.000,2009
Turkiye,TUR,Leadership,75.000,2010
Turkiye,TUR,Leadership,50.000,2011
Turkiye,TUR,Leadership,75.000,2012
Turkiye,TUR,Leadership,75.000,2013
Turkiye,TUR,Leadership,75.000,2014
Turkiye,TUR,Leadership,75.000,2015
Turkiye,TUR,Leadership,75.000,2016
Turkiye,TUR,Leadership,50.000,2017
Turkiye,TUR,Leadership,75.000,2018
Turkiye,TUR,Leadership,100.000,2019
Turkiye,TUR,Leadership,75.000,2020
Turkiye,TUR,Leadership,50.000,2021
Turkiye,TUR,Leadership,75.000,2022
Turkiye,TUR,Leadership,50.000,2023
Turkiye,TUR,Norms and Decision-making,0.000,1960
Turkiye,TUR,Norms and Decision-making,0.000,1961
Turkiye,TUR,Norms and Decision-making,0.000,1962
Turkiye,TUR,Norms and Decision-making,0.000,1963
Turkiye,TUR,Norms and Decision-making,0.000,1964
Turkiye,TUR,Norms and Decision-making,0.000,1965
Turkiye,TUR,Norms and Decision-making,0.000,1966
Turkiye,TUR,Norms and Decision-making,0.000,1967
Turkiye,TUR,Norms and Decision-making,0.000,1968
Turkiye,TUR,Norms and Decision-making,0.000,1969
Turkiye,TUR,Norms and Decision-making,14.074,1970
Turkiye,TUR,Norms and Decision-making,12.593,1971
Turkiye,TUR,Norms and Decision-making,12.593,1972
Turkiye,TUR,Norms and Decision-making,12.593,1973
Turkiye,TUR,Norms and Decision-making,12.593,1974
Turkiye,TUR,Norms and Decision-making,14.074,1975
Turkiye,TUR,Norms and Decision-making,12.593,1976
Turkiye,TUR,Norms and Decision-making,12.593,1977
Turkiye,TUR,Norms and Decision-making,14.074,1978
Turkiye,TUR,Norms and Decision-making,12.593,1979
Turkiye,TUR,Norms and Decision-making,14.074,1980
Turkiye,TUR,Norms and Decision-making,12.593,1981
Turkiye,TUR,Norms and Decision-making,12.593,1982
Turkiye,TUR,Norms and Decision-making,13.333,1983
Turkiye,TUR,Norms and Decision-making,12.593,1984
Turkiye,TUR,Norms and Decision-making,14.074,1985
Turkiye,TUR,Norms and Decision-making,12.593,1986
Turkiye,TUR,Norms and Decision-making,12.593,1987
Turkiye,TUR,Norms and Decision-making,13.333,1988
Turkiye,TUR,Norms and Decision-making,12.593,1989
Turkiye,TUR,Norms and Decision-making,14.074,1990
Turkiye,TUR,Norms and Decision-making,12.593,1991
Turkiye,TUR,Norms and Decision-making,12.593,1992
Turkiye,TUR,Norms and Decision-making,17.037,1993
Turkiye,TUR,Norms and Decision-making,12.593,1994
Turkiye,TUR,Norms and Decision-making,12.593,1995
Turkiye,TUR,Norms and Decision-making,12.593,1996
Turkiye,TUR,Norms and Decision-making,12.593,1997
Turkiye,TUR,Norms and Decision-making,21.481,1998
Turkiye,TUR,Norms and Decision-making,12.593,1999
Turkiye,TUR,Norms and Decision-making,14.074,2000
Turkiye,TUR,Norms and Decision-making,12.593,2001
Turkiye,TUR,Norms and Decision-making,12.593,2002
Turkiye,TUR,Norms and Decision-making,39.259,2003
Turkiye,TUR,Norms and Decision-making,12.593,2004
Turkiye,TUR,Norms and Decision-making,12.593,2005
Turkiye,TUR,Norms and Decision-making,12.593,2006
Turkiye,TUR,Norms and Decision-making,12.593,2007
Turkiye,TUR,Norms and Decision-making,37.778,2008
Turkiye,TUR,Norms and Decision-making,12.593,2009
Turkiye,TUR,Norms and Decision-making,12.593,2010
Turkiye,TUR,Norms and Decision-making,14.074,2011
Turkiye,TUR,Norms and Decision-making,12.593,2012
Turkiye,TUR,Norms and Decision-making,45.185,2013
Turkiye,TUR,Norms and Decision-making,12.593,2014
Turkiye,TUR,Norms and Decision-making,12.593,2015
Turkiye,TUR,Norms and Decision-making,12.593,2016
Turkiye,TUR,Norms and Decision-making,12.593,2017
Turkiye,TUR,Norms and Decision-making,14.074,2018
Turkiye,TUR,Norms and Decision-making,12.593,2019
Turkiye,TUR,Norms and Decision-making,12.593,2020
Turkiye,TUR,Norms and Decision-making,12.593,2021
Turkiye,TUR,Norms and Decision-making,12.593,2022
Turkiye,TUR,Norms and Decision-making,12.593,2023
Turkiye,TUR,Population,86.905,1960
Turkiye,TUR,Population,86.905,1961
Turkiye,TUR,Population,86.905,1962
Turkiye,TUR,Population,86.905,1963
Turkiye,TUR,Population,86.905,1964
Turkiye,TUR,Population,86.905,1965
Turkiye,TUR,Population,86.905,1966
Turkiye,TUR,Population,86.905,1967
Turkiye,TUR,Population,86.905,1968
Turkiye,TUR,Population,86.905,1969
Turkiye,TUR,Population,89.286,1970
Turkiye,TUR,Population,86.905,1971
Turkiye,TUR,Population,86.905,1972
Turkiye,TUR,Population,86.905,1973
Turkiye,TUR,Population,86.905,1974
Turkiye,TUR,Population,89.286,1975
Turkiye,TUR,Population,86.905,1976
Turkiye,TUR,Population,86.905,1977
Turkiye,TUR,Population,89.286,1978
Turkiye,TUR,Population,86.905,1979
Turkiye,TUR,Population,94.048,1980
Turkiye,TUR,Population,86.905,1981
Turkiye,TUR,Population,86.905,1982
Turkiye,TUR,Population,88.095,1983
Turkiye,TUR,Population,86.905,1984
Turkiye,TUR,Population,94.048,1985
Turkiye,TUR,Population,86.905,1986
Turkiye,TUR,Population,86.905,1987
Turkiye,TUR,Population,88.095,1988
Turkiye,TUR,Population,86.905,1989
Turkiye,TUR,Population,95.238,1990
Turkiye,TUR,Population,86.905,1991
Turkiye,TUR,Population,86.905,1992
Turkiye,TUR,Population,90.476,1993
Turkiye,TUR,Population,86.905,1994
Turkiye,TUR,Population,92.857,1995
Turkiye,TUR,Population,86.905,1996
Turkiye,TUR,Population,86.905,1997
Turkiye,TUR,Population,90.476,1998
Turkiye,TUR,Population,86.905,1999
Turkiye,TUR,Population,95.238,2000
Turkiye,TUR,Population,86.905,2001
Turkiye,TUR,Population,86.905,2002
Turkiye,TUR,Population,91.667,2003
Turkiye,TUR,Population,86.905,2004
Turkiye,TUR,Population,92.857,2005
Turkiye,TUR,Population,86.905,2006
Turkiye,TUR,Population,86.905,2007
Turkiye,TUR,Population,91.667,2008
Turkiye,TUR,Population,86.905,2009
Turkiye,TUR,Population,92.857,2010
Turkiye,TUR,Population,89.286,2011
Turkiye,TUR,Population,86.905,2012
Turkiye,TUR,Population,91.667,2013
Turkiye,TUR,Population,86.905,2014
Turkiye,TUR,Population,92.857,2015
Turkiye,TUR,Population,86.905,2016
Turkiye,TUR,Population,86.905,2017
Turkiye,TUR,Population,90.476,2018
Turkiye,TUR,Population,86.905,2019
Turkiye,TUR,Population,88.095,2020
Turkiye,TUR,Population,86.905,2021
Turkiye,TUR,Population,86.905,2022
Turkiye,TUR,Population,77.381,2023
Turkiye,TUR,SDGs,2.685,1960
Turkiye,TUR,SDGs,2.685,1961
Turkiye,TUR,SDGs,2.685,1962
Turkiye,TUR,SDGs,2.685,1963
Turkiye,TUR,SDGs,2.685,1964
Turkiye,TUR,SDGs,2.685,1965
Turkiye,TUR,SDGs,2.685,1966
Turkiye,TUR,SDGs,2.685,1967
Turkiye,TUR,SDGs,2.685,1968
Turkiye,TUR,SDGs,2.685,1969
Turkiye,TUR,SDGs,11.409,1970
Turkiye,TUR,SDGs,11.409,1971
Turkiye,TUR,SDGs,11.409,1972
Turkiye,TUR,SDGs,11.409,1973
Turkiye,TUR,SDGs,11.409,1974
Turkiye,TUR,SDGs,11.409,1975
Turkiye,TUR,SDGs,11.409,1976
Turkiye,TUR,SDGs,11.409,1977
Turkiye,TUR,SDGs,11.409,1978
Turkiye,TUR,SDGs,11.409,1979
Turkiye,TUR,SDGs,12.081,1980
Turkiye,TUR,SDGs,12.081,1981
Turkiye,TUR,SDGs,14.094,1982
Turkiye,TUR,SDGs,14.094,1983
Turkiye,TUR,SDGs,14.094,1984
Turkiye,TUR,SDGs,14.094,1985
Turkiye,TUR,SDGs,12.081,1986
Turkiye,TUR,SDGs,12.081,1987
Turkiye,TUR,SDGs,16.107,1988
Turkiye,TUR,SDGs,16.107,1989
Turkiye,TUR,SDGs,16.107,1990
Turkiye,TUR,SDGs,20.134,1991
Turkiye,TUR,SDGs,20.134,1992
Turkiye,TUR,SDGs,22.819,1993
Turkiye,TUR,SDGs,20.134,1994
Turkiye,TUR,SDGs,20.134,1995
Turkiye,TUR,SDGs,20.134,1996
Turkiye,TUR,SDGs,20.805,1997
Turkiye,TUR,SDGs,23.490,1998
Turkiye,TUR,SDGs,20.805,1999
Turkiye,TUR,SDGs,65.772,2000
Turkiye,TUR,SDGs,33.557,2001
Turkiye,TUR,SDGs,32.886,2002
Turkiye,TUR,SDGs,36.242,2003
Turkiye,TUR,SDGs,34.228,2004
Turkiye,TUR,SDGs,35.570,2005
Turkiye,TUR,SDGs,35.570,2006
Turkiye,TUR,SDGs,34.228,2007
Turkiye,TUR,SDGs,36.913,2008
Turkiye,TUR,SDGs,34.899,2009
Turkiye,TUR,SDGs,66.443,2010
Turkiye,TUR,SDGs,38.255,2011
Turkiye,TUR,SDGs,34.228,2012
Turkiye,TUR,SDGs,36.913,2013
Turkiye,TUR,SDGs,37.584,2014
Turkiye,TUR,SDGs,70.470,2015
Turkiye,TUR,SDGs,34.228,2016
Turkiye,TUR,SDGs,36.913,2017
Turkiye,TUR,SDGs,39.597,2018
Turkiye,TUR,SDGs,70.470,2019
Turkiye,TUR,SDGs,27.517,2020
Turkiye,TUR,SDGs,24.832,2021
Turkiye,TUR,SDGs,22.819,2022
Turkiye,TUR,SDGs,18.121,2023
Turkiye,TUR,Technology,0.000,1960
Turkiye,TUR,Technology,0.000,1961
Turkiye,TUR,Technology,0.000,1962
Turkiye,TUR,Technology,0.000,1963
Turkiye,TUR,Technology,0.000,1964
Turkiye,TUR,Technology,0.000,1965
Turkiye,TUR,Technology,0.000,1966
Turkiye,TUR,Technology,0.000,1967
Turkiye,TUR,Technology,0.000,1968
Turkiye,TUR,Technology,0.000,1969
Turkiye,TUR,Technology,0.000,1970
Turkiye,TUR,Technology,0.000,1971
Turkiye,TUR,Technology,0.000,1972
Turkiye,TUR,Technology,0.000,1973
Turkiye,TUR,Technology,0.000,1974
Turkiye,TUR,Technology,0.000,1975
Turkiye,TUR,Technology,0.000,1976
Turkiye,TUR,Technology,0.000,1977
Turkiye,TUR,Technology,0.000,1978
Turkiye,TUR,Technology,0.000,1979
Turkiye,TUR,Technology,0.000,1980
Turkiye,TUR,Technology,0.000,1981
Turkiye,TUR,Technology,0.000,1982
Turkiye,TUR,Technology,0.000,1983
Turkiye,TUR,Technology,0.000,1984
Turkiye,TUR,Technology,0.000,1985
Turkiye,TUR,Technology,0.000,1986
Turkiye,TUR,Technology,0.000,1987
Turkiye,TUR,Technology,0.000,1988
Turkiye,TUR,Technology,0.000,1989
Turkiye,TUR,Technology,2.222,1990
Turkiye,TUR,Technology,2.222,1991
Turkiye,TUR,Technology,2.222,1992
Turkiye,TUR,Technology,2.222,1993
Turkiye,TUR,Technology,2.222,1994
Turkiye,TUR,Technology,2.222,1995
Turkiye,TUR,Technology,2.222,1996
Turkiye,TUR,Technology,2.222,1997
Turkiye,TUR,Technology,2.222,1998
Turkiye,TUR,Technology,8.889,1999
Turkiye,TUR,Technology,8.889,2000
Turkiye,TUR,Technology,8.889,2001
Turkiye,TUR,Technology,8.889,2002
Turkiye,TUR,Technology,8.889,2003
Turkiye,TUR,Technology,13.333,2004
Turkiye,TUR,Technology,13.333,2005
Turkiye,TUR,Technology,8.889,2006
Turkiye,TUR,Technology,13.333,2007
Turkiye,TUR,Technology,13.333,2008
Turkiye,TUR,Technology,13.333,2009
Turkiye,TUR,Technology,13.333,2010
Turkiye,TUR,Technology,20.000,2011
Turkiye,TUR,Technology,13.333,2012
Turkiye,TUR,Technology,6.667,2013
Turkiye,TUR,Technology,46.667,2014
Turkiye,TUR,Technology,6.667,2015
Turkiye,TUR,Technology,6.667,2016
Turkiye,TUR,Technology,60.000,2017
Turkiye,TUR,Technology,6.667,2018
Turkiye,TUR,Technology,6.667,2019
Turkiye,TUR,Technology,6.667,2020
Turkiye,TUR,Technology,86.667,2021
Turkiye,TUR,Technology,6.667,2022
Turkiye,TUR,Technology,6.667,2023
Turkiye,TUR,Violence,0.000,1960
Turkiye,TUR,Violence,0.000,1961
Turkiye,TUR,Violence,0.000,1962
Turkiye,TUR,Violence,0.000,1963
Turkiye,TUR,Violence,0.000,1964
Turkiye,TUR,Violence,0.000,1965
Turkiye,TUR,Violence,0.000,1966
Turkiye,TUR,Violence,0.000,1967
Turkiye,TUR,Violence,0.000,1968
Turkiye,TUR,Violence,0.000,1969
Turkiye,TUR,Violence,2.143,1970
Turkiye,TUR,Violence,2.143,1971
Turkiye,TUR,Violence,2.143,1972
Turkiye,TUR,Violence,2.143,1973
Turkiye,TUR,Violence,2.143,1974
Turkiye,TUR,Violence,2.143,1975
Turkiye,TUR,Violence,2.143,1976
Turkiye,TUR,Violence,2.143,1977
Turkiye,TUR,Violence,2.143,1978
Turkiye,TUR,Violence,2.143,1979
Turkiye,TUR,Violence,2.143,1980
Turkiye,TUR,Violence,2.143,1981
Turkiye,TUR,Violence,2.143,1982
Turkiye,TUR,Violence,2.143,1983
Turkiye,TUR,Violence,2.143,1984
Turkiye,TUR,Violence,2.143,1985
Turkiye,TUR,Violence,2.143,1986
Turkiye,TUR,Violence,2.143,1987
Turkiye,TUR,Violence,2.143,1988
Turkiye,TUR,Violence,2.143,1989
Turkiye,TUR,Violence,2.143,1990
Turkiye,TUR,Violence,2.143,1991
Turkiye,TUR,Violence,2.143,1992
Turkiye,TUR,Violence,3.571,1993
Turkiye,TUR,Violence,2.143,1994
Turkiye,TUR,Violence,2.143,1995
Turkiye,TUR,Violence,2.143,1996
Turkiye,TUR,Violence,2.143,1997
Turkiye,TUR,Violence,3.571,1998
Turkiye,TUR,Violence,2.143,1999
Turkiye,TUR,Violence,4.286,2000
Turkiye,TUR,Violence,4.286,2001
Turkiye,TUR,Violence,4.286,2002
Turkiye,TUR,Violence,29.286,2003
Turkiye,TUR,Violence,6.429,2004
Turkiye,TUR,Violence,6.429,2005
Turkiye,TUR,Violence,6.429,2006
Turkiye,TUR,Violence,6.429,2007
Turkiye,TUR,Violence,29.286,2008
Turkiye,TUR,Violence,4.286,2009
Turkiye,TUR,Violence,6.429,2010
Turkiye,TUR,Violence,6.429,2011
Turkiye,TUR,Violence,6.429,2012
Turkiye,TUR,Violence,31.429,2013
Turkiye,TUR,Violence,5.000,2014
Turkiye,TUR,Violence,6.429,2015
Turkiye,TUR,Violence,6.429,2016
Turkiye,TUR,Violence,6.429,2017
Turkiye,TUR,Violence,10.714,2018
Turkiye,TUR,Violence,6.429,2019
Turkiye,TUR,Violence,4.286,2020
Turkiye,TUR,Violence,4.286,2021
Turkiye,TUR,Violence,2.143,2022
Turkiye,TUR,Violence,2.143,2023
Turkiye,TUR,Youth 15-24,7.339,1960
Turkiye,TUR,Youth 15-24,4.587,1961
Turkiye,TUR,Youth 15-24,4.587,1962
Turkiye,TUR,Youth 15-24,4.587,1963
Turkiye,TUR,Youth 15-24,4.587,1964
Turkiye,TUR,Youth 15-24,7.339,1965
Turkiye,TUR,Youth 15-24,4.587,1966
Turkiye,TUR,Youth 15-24,4.587,1967
Turkiye,TUR,Youth 15-24,4.587,1968
Turkiye,TUR,Youth 15-24,4.587,1969
Turkiye,TUR,Youth 15-24,7.339,1970
Turkiye,TUR,Youth 15-24,18.349,1971
Turkiye,TUR,Youth 15-24,18.349,1972
Turkiye,TUR,Youth 15-24,18.349,1973
Turkiye,TUR,Youth 15-24,21.101,1974
Turkiye,TUR,Youth 15-24,22.936,1975
Turkiye,TUR,Youth 15-24,18.349,1976
Turkiye,TUR,Youth 15-24,18.349,1977
Turkiye,TUR,Youth 15-24,18.349,1978
Turkiye,TUR,Youth 15-24,18.349,1979
Turkiye,TUR,Youth 15-24,30.275,1980
Turkiye,TUR,Youth 15-24,8.257,1981
Turkiye,TUR,Youth 15-24,18.349,1982
Turkiye,TUR,Youth 15-24,17.431,1983
Turkiye,TUR,Youth 15-24,18.349,1984
Turkiye,TUR,Youth 15-24,23.853,1985
Turkiye,TUR,Youth 15-24,22.018,1986
Turkiye,TUR,Youth 15-24,22.018,1987
Turkiye,TUR,Youth 15-24,28.440,1988
Turkiye,TUR,Youth 15-24,28.440,1989
Turkiye,TUR,Youth 15-24,41.284,1990
Turkiye,TUR,Youth 15-24,40.367,1991
Turkiye,TUR,Youth 15-24,37.615,1992
Turkiye,TUR,Youth 15-24,39.450,1993
Turkiye,TUR,Youth 15-24,36.697,1994
Turkiye,TUR,Youth 15-24,36.697,1995
Turkiye,TUR,Youth 15-24,22.936,1996
Turkiye,TUR,Youth 15-24,39.450,1997
Turkiye,TUR,Youth 15-24,28.440,1998
Turkiye,TUR,Youth 15-24,58.716,1999
Turkiye,TUR,Youth 15-24,57.798,2000
Turkiye,TUR,Youth 15-24,58.716,2001
Turkiye,TUR,Youth 15-24,58.716,2002
Turkiye,TUR,Youth 15-24,63.303,2003
Turkiye,TUR,Youth 15-24,77.064,2004
Turkiye,TUR,Youth 15-24,77.064,2005
Turkiye,TUR,Youth 15-24,77.982,2006
Turkiye,TUR,Youth 15-24,77.064,2007
Turkiye,TUR,Youth 15-24,71.560,2008
Turkiye,TUR,Youth 15-24,74.312,2009
Turkiye,TUR,Youth 15-24,79.817,2010
Turkiye,TUR,Youth 15-24,79.817,2011
Turkiye,TUR,Youth 15-24,79.817,2012
Turkiye,TUR,Youth 15-24,65.138,2013
Turkiye,TUR,Youth 15-24,80.734,2014
Turkiye,TUR,Youth 15-24,66.055,2015
Turkiye,TUR,Youth 15-24,63.303,2016
Turkiye,TUR,Youth 15-24,63.303,2017
Turkiye,TUR,Youth 15-24,56.881,2018
Turkiye,TUR,Youth 15-24,49.541,2019
Turkiye,TUR,Youth 15-24,48.624,2020
Turkiye,TUR,Youth 15-24,46.789,2021
Turkiye,TUR,Youth 15-24,46.789,2022
Turkiye,TUR,Youth 15-24,30.275,2023
