Country Name,Country Code,Topic,% of available indicators,Year
Togo,TGO,Assets,0.000,1960
Togo,TGO,Assets,0.000,1961
Togo,TGO,Assets,0.000,1962
Togo,TGO,Assets,0.000,1963
Togo,TGO,Assets,0.000,1964
Togo,TGO,Assets,0.000,1965
Togo,TGO,Assets,0.000,1966
Togo,TGO,Assets,0.000,1967
Togo,TGO,Assets,0.000,1968
Togo,TGO,Assets,0.000,1969
Togo,TGO,Assets,2.208,1970
Togo,TGO,Assets,2.208,1971
Togo,TGO,Assets,2.208,1972
Togo,TGO,Assets,2.208,1973
Togo,TGO,Assets,2.208,1974
Togo,TGO,Assets,2.208,1975
Togo,TGO,Assets,2.208,1976
Togo,TGO,Assets,2.208,1977
Togo,TGO,Assets,2.208,1978
Togo,TGO,Assets,2.208,1979
Togo,TGO,Assets,2.208,1980
Togo,TGO,Assets,2.208,1981
Togo,TGO,Assets,2.208,1982
Togo,TGO,Assets,2.208,1983
Togo,TGO,Assets,2.208,1984
Togo,TGO,Assets,2.208,1985
Togo,TGO,Assets,2.208,1986
Togo,TGO,Assets,2.208,1987
Togo,TGO,Assets,2.208,1988
Togo,TGO,Assets,2.208,1989
Togo,TGO,Assets,2.208,1990
Togo,TGO,Assets,2.208,1991
Togo,TGO,Assets,2.208,1992
Togo,TGO,Assets,2.208,1993
Togo,TGO,Assets,2.208,1994
Togo,TGO,Assets,2.208,1995
Togo,TGO,Assets,2.208,1996
Togo,TGO,Assets,2.208,1997
Togo,TGO,Assets,2.208,1998
Togo,TGO,Assets,2.208,1999
Togo,TGO,Assets,2.208,2000
Togo,TGO,Assets,2.208,2001
Togo,TGO,Assets,2.208,2002
Togo,TGO,Assets,2.208,2003
Togo,TGO,Assets,2.208,2004
Togo,TGO,Assets,2.208,2005
Togo,TGO,Assets,2.208,2006
Togo,TGO,Assets,2.208,2007
Togo,TGO,Assets,2.208,2008
Togo,TGO,Assets,2.208,2009
Togo,TGO,Assets,2.208,2010
Togo,TGO,Assets,11.672,2011
Togo,TGO,Assets,2.208,2012
Togo,TGO,Assets,2.208,2013
Togo,TGO,Assets,61.830,2014
Togo,TGO,Assets,2.208,2015
Togo,TGO,Assets,2.208,2016
Togo,TGO,Assets,34.069,2017
Togo,TGO,Assets,2.208,2018
Togo,TGO,Assets,2.208,2019
Togo,TGO,Assets,2.208,2020
Togo,TGO,Assets,63.091,2021
Togo,TGO,Assets,2.208,2022
Togo,TGO,Assets,2.208,2023
Togo,TGO,Children 0-14,19.231,1960
Togo,TGO,Children 0-14,19.231,1961
Togo,TGO,Children 0-14,19.231,1962
Togo,TGO,Children 0-14,19.231,1963
Togo,TGO,Children 0-14,19.231,1964
Togo,TGO,Children 0-14,19.231,1965
Togo,TGO,Children 0-14,19.231,1966
Togo,TGO,Children 0-14,19.231,1967
Togo,TGO,Children 0-14,19.231,1968
Togo,TGO,Children 0-14,19.231,1969
Togo,TGO,Children 0-14,23.846,1970
Togo,TGO,Children 0-14,38.462,1971
Togo,TGO,Children 0-14,36.923,1972
Togo,TGO,Children 0-14,26.154,1973
Togo,TGO,Children 0-14,27.692,1974
Togo,TGO,Children 0-14,27.692,1975
Togo,TGO,Children 0-14,30.769,1976
Togo,TGO,Children 0-14,27.692,1977
Togo,TGO,Children 0-14,40.000,1978
Togo,TGO,Children 0-14,40.000,1979
Togo,TGO,Children 0-14,40.000,1980
Togo,TGO,Children 0-14,33.077,1981
Togo,TGO,Children 0-14,40.769,1982
Togo,TGO,Children 0-14,40.769,1983
Togo,TGO,Children 0-14,41.538,1984
Togo,TGO,Children 0-14,41.538,1985
Togo,TGO,Children 0-14,41.538,1986
Togo,TGO,Children 0-14,41.538,1987
Togo,TGO,Children 0-14,48.462,1988
Togo,TGO,Children 0-14,41.538,1989
Togo,TGO,Children 0-14,41.538,1990
Togo,TGO,Children 0-14,41.538,1991
Togo,TGO,Children 0-14,30.000,1992
Togo,TGO,Children 0-14,20.769,1993
Togo,TGO,Children 0-14,40.000,1994
Togo,TGO,Children 0-14,41.538,1995
Togo,TGO,Children 0-14,41.538,1996
Togo,TGO,Children 0-14,34.615,1997
Togo,TGO,Children 0-14,36.154,1998
Togo,TGO,Children 0-14,42.308,1999
Togo,TGO,Children 0-14,56.154,2000
Togo,TGO,Children 0-14,42.308,2001
Togo,TGO,Children 0-14,40.769,2002
Togo,TGO,Children 0-14,49.231,2003
Togo,TGO,Children 0-14,46.154,2004
Togo,TGO,Children 0-14,44.615,2005
Togo,TGO,Children 0-14,50.000,2006
Togo,TGO,Children 0-14,46.923,2007
Togo,TGO,Children 0-14,49.231,2008
Togo,TGO,Children 0-14,47.692,2009
Togo,TGO,Children 0-14,71.538,2010
Togo,TGO,Children 0-14,43.846,2011
Togo,TGO,Children 0-14,47.692,2012
Togo,TGO,Children 0-14,36.154,2013
Togo,TGO,Children 0-14,68.462,2014
Togo,TGO,Children 0-14,60.769,2015
Togo,TGO,Children 0-14,38.462,2016
Togo,TGO,Children 0-14,70.769,2017
Togo,TGO,Children 0-14,46.923,2018
Togo,TGO,Children 0-14,54.615,2019
Togo,TGO,Children 0-14,40.000,2020
Togo,TGO,Children 0-14,33.846,2021
Togo,TGO,Children 0-14,35.385,2022
Togo,TGO,Children 0-14,17.692,2023
Togo,TGO,Education,0.000,1960
Togo,TGO,Education,0.000,1961
Togo,TGO,Education,0.000,1962
Togo,TGO,Education,0.000,1963
Togo,TGO,Education,0.000,1964
Togo,TGO,Education,0.000,1965
Togo,TGO,Education,0.000,1966
Togo,TGO,Education,0.000,1967
Togo,TGO,Education,0.000,1968
Togo,TGO,Education,0.000,1969
Togo,TGO,Education,7.975,1970
Togo,TGO,Education,25.153,1971
Togo,TGO,Education,26.994,1972
Togo,TGO,Education,18.405,1973
Togo,TGO,Education,19.632,1974
Togo,TGO,Education,19.632,1975
Togo,TGO,Education,21.472,1976
Togo,TGO,Education,19.018,1977
Togo,TGO,Education,31.288,1978
Togo,TGO,Education,31.902,1979
Togo,TGO,Education,31.288,1980
Togo,TGO,Education,16.564,1981
Togo,TGO,Education,31.288,1982
Togo,TGO,Education,30.675,1983
Togo,TGO,Education,31.288,1984
Togo,TGO,Education,25.767,1985
Togo,TGO,Education,26.380,1986
Togo,TGO,Education,31.288,1987
Togo,TGO,Education,30.675,1988
Togo,TGO,Education,27.607,1989
Togo,TGO,Education,30.675,1990
Togo,TGO,Education,33.129,1991
Togo,TGO,Education,20.245,1992
Togo,TGO,Education,3.067,1993
Togo,TGO,Education,29.448,1994
Togo,TGO,Education,31.288,1995
Togo,TGO,Education,28.221,1996
Togo,TGO,Education,19.018,1997
Togo,TGO,Education,9.202,1998
Togo,TGO,Education,34.969,1999
Togo,TGO,Education,42.331,2000
Togo,TGO,Education,28.221,2001
Togo,TGO,Education,26.994,2002
Togo,TGO,Education,38.650,2003
Togo,TGO,Education,36.196,2004
Togo,TGO,Education,34.969,2005
Togo,TGO,Education,42.331,2006
Togo,TGO,Education,38.037,2007
Togo,TGO,Education,17.178,2008
Togo,TGO,Education,28.221,2009
Togo,TGO,Education,30.061,2010
Togo,TGO,Education,46.626,2011
Togo,TGO,Education,19.018,2012
Togo,TGO,Education,19.018,2013
Togo,TGO,Education,34.969,2014
Togo,TGO,Education,45.399,2015
Togo,TGO,Education,20.859,2016
Togo,TGO,Education,71.779,2017
Togo,TGO,Education,32.515,2018
Togo,TGO,Education,37.423,2019
Togo,TGO,Education,27.607,2020
Togo,TGO,Education,16.564,2021
Togo,TGO,Education,25.153,2022
Togo,TGO,Education,10.429,2023
Togo,TGO,Employment and Time Use,2.920,1960
Togo,TGO,Employment and Time Use,0.000,1961
Togo,TGO,Employment and Time Use,0.000,1962
Togo,TGO,Employment and Time Use,0.000,1963
Togo,TGO,Employment and Time Use,0.000,1964
Togo,TGO,Employment and Time Use,0.000,1965
Togo,TGO,Employment and Time Use,0.000,1966
Togo,TGO,Employment and Time Use,0.000,1967
Togo,TGO,Employment and Time Use,0.000,1968
Togo,TGO,Employment and Time Use,0.000,1969
Togo,TGO,Employment and Time Use,24.088,1970
Togo,TGO,Employment and Time Use,21.168,1971
Togo,TGO,Employment and Time Use,21.168,1972
Togo,TGO,Employment and Time Use,21.168,1973
Togo,TGO,Employment and Time Use,21.168,1974
Togo,TGO,Employment and Time Use,21.168,1975
Togo,TGO,Employment and Time Use,21.168,1976
Togo,TGO,Employment and Time Use,21.168,1977
Togo,TGO,Employment and Time Use,21.168,1978
Togo,TGO,Employment and Time Use,21.168,1979
Togo,TGO,Employment and Time Use,26.277,1980
Togo,TGO,Employment and Time Use,26.277,1981
Togo,TGO,Employment and Time Use,21.168,1982
Togo,TGO,Employment and Time Use,21.168,1983
Togo,TGO,Employment and Time Use,21.168,1984
Togo,TGO,Employment and Time Use,21.168,1985
Togo,TGO,Employment and Time Use,21.168,1986
Togo,TGO,Employment and Time Use,21.168,1987
Togo,TGO,Employment and Time Use,21.168,1988
Togo,TGO,Employment and Time Use,21.168,1989
Togo,TGO,Employment and Time Use,31.387,1990
Togo,TGO,Employment and Time Use,56.204,1991
Togo,TGO,Employment and Time Use,56.204,1992
Togo,TGO,Employment and Time Use,56.204,1993
Togo,TGO,Employment and Time Use,56.204,1994
Togo,TGO,Employment and Time Use,56.204,1995
Togo,TGO,Employment and Time Use,56.204,1996
Togo,TGO,Employment and Time Use,56.204,1997
Togo,TGO,Employment and Time Use,56.934,1998
Togo,TGO,Employment and Time Use,56.204,1999
Togo,TGO,Employment and Time Use,56.204,2000
Togo,TGO,Employment and Time Use,56.204,2001
Togo,TGO,Employment and Time Use,56.204,2002
Togo,TGO,Employment and Time Use,56.204,2003
Togo,TGO,Employment and Time Use,56.204,2004
Togo,TGO,Employment and Time Use,56.204,2005
Togo,TGO,Employment and Time Use,88.321,2006
Togo,TGO,Employment and Time Use,56.204,2007
Togo,TGO,Employment and Time Use,56.204,2008
Togo,TGO,Employment and Time Use,56.204,2009
Togo,TGO,Employment and Time Use,58.394,2010
Togo,TGO,Employment and Time Use,86.861,2011
Togo,TGO,Employment and Time Use,56.204,2012
Togo,TGO,Employment and Time Use,56.204,2013
Togo,TGO,Employment and Time Use,59.854,2014
Togo,TGO,Employment and Time Use,85.401,2015
Togo,TGO,Employment and Time Use,56.204,2016
Togo,TGO,Employment and Time Use,89.781,2017
Togo,TGO,Employment and Time Use,56.204,2018
Togo,TGO,Employment and Time Use,86.131,2019
Togo,TGO,Employment and Time Use,56.204,2020
Togo,TGO,Employment and Time Use,56.204,2021
Togo,TGO,Employment and Time Use,86.131,2022
Togo,TGO,Employment and Time Use,59.124,2023
Togo,TGO,Entrepreneurship,0.000,1960
Togo,TGO,Entrepreneurship,0.000,1961
Togo,TGO,Entrepreneurship,0.000,1962
Togo,TGO,Entrepreneurship,0.000,1963
Togo,TGO,Entrepreneurship,0.000,1964
Togo,TGO,Entrepreneurship,0.000,1965
Togo,TGO,Entrepreneurship,0.000,1966
Togo,TGO,Entrepreneurship,0.000,1967
Togo,TGO,Entrepreneurship,0.000,1968
Togo,TGO,Entrepreneurship,0.000,1969
Togo,TGO,Entrepreneurship,9.375,1970
Togo,TGO,Entrepreneurship,9.375,1971
Togo,TGO,Entrepreneurship,9.375,1972
Togo,TGO,Entrepreneurship,9.375,1973
Togo,TGO,Entrepreneurship,9.375,1974
Togo,TGO,Entrepreneurship,9.375,1975
Togo,TGO,Entrepreneurship,9.375,1976
Togo,TGO,Entrepreneurship,9.375,1977
Togo,TGO,Entrepreneurship,9.375,1978
Togo,TGO,Entrepreneurship,9.375,1979
Togo,TGO,Entrepreneurship,9.375,1980
Togo,TGO,Entrepreneurship,9.375,1981
Togo,TGO,Entrepreneurship,9.375,1982
Togo,TGO,Entrepreneurship,9.375,1983
Togo,TGO,Entrepreneurship,9.375,1984
Togo,TGO,Entrepreneurship,9.375,1985
Togo,TGO,Entrepreneurship,9.375,1986
Togo,TGO,Entrepreneurship,9.375,1987
Togo,TGO,Entrepreneurship,9.375,1988
Togo,TGO,Entrepreneurship,9.375,1989
Togo,TGO,Entrepreneurship,9.375,1990
Togo,TGO,Entrepreneurship,9.375,1991
Togo,TGO,Entrepreneurship,9.375,1992
Togo,TGO,Entrepreneurship,9.375,1993
Togo,TGO,Entrepreneurship,9.375,1994
Togo,TGO,Entrepreneurship,9.375,1995
Togo,TGO,Entrepreneurship,9.375,1996
Togo,TGO,Entrepreneurship,9.375,1997
Togo,TGO,Entrepreneurship,9.375,1998
Togo,TGO,Entrepreneurship,9.375,1999
Togo,TGO,Entrepreneurship,9.375,2000
Togo,TGO,Entrepreneurship,9.375,2001
Togo,TGO,Entrepreneurship,9.375,2002
Togo,TGO,Entrepreneurship,37.500,2003
Togo,TGO,Entrepreneurship,37.500,2004
Togo,TGO,Entrepreneurship,37.500,2005
Togo,TGO,Entrepreneurship,37.500,2006
Togo,TGO,Entrepreneurship,37.500,2007
Togo,TGO,Entrepreneurship,37.500,2008
Togo,TGO,Entrepreneurship,43.750,2009
Togo,TGO,Entrepreneurship,37.500,2010
Togo,TGO,Entrepreneurship,37.500,2011
Togo,TGO,Entrepreneurship,37.500,2012
Togo,TGO,Entrepreneurship,37.500,2013
Togo,TGO,Entrepreneurship,93.750,2014
Togo,TGO,Entrepreneurship,75.000,2015
Togo,TGO,Entrepreneurship,81.250,2016
Togo,TGO,Entrepreneurship,93.750,2017
Togo,TGO,Entrepreneurship,75.000,2018
Togo,TGO,Entrepreneurship,75.000,2019
Togo,TGO,Entrepreneurship,46.875,2020
Togo,TGO,Entrepreneurship,46.875,2021
Togo,TGO,Entrepreneurship,46.875,2022
Togo,TGO,Entrepreneurship,15.625,2023
Togo,TGO,Environment,0.000,1960
Togo,TGO,Environment,0.000,1961
Togo,TGO,Environment,0.000,1962
Togo,TGO,Environment,0.000,1963
Togo,TGO,Environment,0.000,1964
Togo,TGO,Environment,0.000,1965
Togo,TGO,Environment,0.000,1966
Togo,TGO,Environment,0.000,1967
Togo,TGO,Environment,0.000,1968
Togo,TGO,Environment,0.000,1969
Togo,TGO,Environment,0.000,1970
Togo,TGO,Environment,0.000,1971
Togo,TGO,Environment,0.000,1972
Togo,TGO,Environment,0.000,1973
Togo,TGO,Environment,0.000,1974
Togo,TGO,Environment,0.000,1975
Togo,TGO,Environment,0.000,1976
Togo,TGO,Environment,0.000,1977
Togo,TGO,Environment,0.000,1978
Togo,TGO,Environment,0.000,1979
Togo,TGO,Environment,0.000,1980
Togo,TGO,Environment,0.000,1981
Togo,TGO,Environment,0.000,1982
Togo,TGO,Environment,0.000,1983
Togo,TGO,Environment,0.000,1984
Togo,TGO,Environment,0.000,1985
Togo,TGO,Environment,0.000,1986
Togo,TGO,Environment,0.000,1987
Togo,TGO,Environment,0.000,1988
Togo,TGO,Environment,0.000,1989
Togo,TGO,Environment,0.000,1990
Togo,TGO,Environment,0.000,1991
Togo,TGO,Environment,0.000,1992
Togo,TGO,Environment,0.000,1993
Togo,TGO,Environment,0.000,1994
Togo,TGO,Environment,0.000,1995
Togo,TGO,Environment,0.000,1996
Togo,TGO,Environment,0.000,1997
Togo,TGO,Environment,0.000,1998
Togo,TGO,Environment,0.000,1999
Togo,TGO,Environment,10.000,2000
Togo,TGO,Environment,10.000,2001
Togo,TGO,Environment,10.000,2002
Togo,TGO,Environment,10.000,2003
Togo,TGO,Environment,10.000,2004
Togo,TGO,Environment,10.000,2005
Togo,TGO,Environment,10.000,2006
Togo,TGO,Environment,10.000,2007
Togo,TGO,Environment,10.000,2008
Togo,TGO,Environment,10.000,2009
Togo,TGO,Environment,10.000,2010
Togo,TGO,Environment,10.000,2011
Togo,TGO,Environment,10.000,2012
Togo,TGO,Environment,10.000,2013
Togo,TGO,Environment,66.667,2014
Togo,TGO,Environment,10.000,2015
Togo,TGO,Environment,10.000,2016
Togo,TGO,Environment,60.000,2017
Togo,TGO,Environment,10.000,2018
Togo,TGO,Environment,30.000,2019
Togo,TGO,Environment,10.000,2020
Togo,TGO,Environment,20.000,2021
Togo,TGO,Environment,10.000,2022
Togo,TGO,Environment,0.000,2023
Togo,TGO,Health,8.586,1960
Togo,TGO,Health,8.586,1961
Togo,TGO,Health,8.586,1962
Togo,TGO,Health,8.586,1963
Togo,TGO,Health,8.586,1964
Togo,TGO,Health,8.586,1965
Togo,TGO,Health,8.586,1966
Togo,TGO,Health,8.586,1967
Togo,TGO,Health,8.586,1968
Togo,TGO,Health,8.586,1969
Togo,TGO,Health,8.586,1970
Togo,TGO,Health,8.586,1971
Togo,TGO,Health,8.586,1972
Togo,TGO,Health,8.586,1973
Togo,TGO,Health,8.586,1974
Togo,TGO,Health,11.111,1975
Togo,TGO,Health,11.111,1976
Togo,TGO,Health,11.111,1977
Togo,TGO,Health,11.111,1978
Togo,TGO,Health,11.111,1979
Togo,TGO,Health,11.111,1980
Togo,TGO,Health,11.616,1981
Togo,TGO,Health,11.616,1982
Togo,TGO,Health,11.616,1983
Togo,TGO,Health,12.121,1984
Togo,TGO,Health,12.121,1985
Togo,TGO,Health,12.121,1986
Togo,TGO,Health,12.121,1987
Togo,TGO,Health,22.222,1988
Togo,TGO,Health,12.121,1989
Togo,TGO,Health,16.667,1990
Togo,TGO,Health,16.667,1991
Togo,TGO,Health,16.667,1992
Togo,TGO,Health,16.667,1993
Togo,TGO,Health,16.667,1994
Togo,TGO,Health,16.667,1995
Togo,TGO,Health,17.677,1996
Togo,TGO,Health,16.667,1997
Togo,TGO,Health,31.818,1998
Togo,TGO,Health,16.667,1999
Togo,TGO,Health,59.596,2000
Togo,TGO,Health,31.818,2001
Togo,TGO,Health,31.818,2002
Togo,TGO,Health,32.828,2003
Togo,TGO,Health,31.818,2004
Togo,TGO,Health,33.333,2005
Togo,TGO,Health,36.869,2006
Togo,TGO,Health,31.818,2007
Togo,TGO,Health,37.879,2008
Togo,TGO,Health,39.394,2009
Togo,TGO,Health,73.737,2010
Togo,TGO,Health,31.818,2011
Togo,TGO,Health,39.394,2012
Togo,TGO,Health,32.323,2013
Togo,TGO,Health,63.636,2014
Togo,TGO,Health,56.566,2015
Togo,TGO,Health,32.323,2016
Togo,TGO,Health,57.071,2017
Togo,TGO,Health,35.859,2018
Togo,TGO,Health,57.071,2019
Togo,TGO,Health,28.283,2020
Togo,TGO,Health,20.202,2021
Togo,TGO,Health,17.677,2022
Togo,TGO,Health,1.010,2023
Togo,TGO,Leadership,0.000,1960
Togo,TGO,Leadership,0.000,1961
Togo,TGO,Leadership,0.000,1962
Togo,TGO,Leadership,0.000,1963
Togo,TGO,Leadership,0.000,1964
Togo,TGO,Leadership,0.000,1965
Togo,TGO,Leadership,0.000,1966
Togo,TGO,Leadership,0.000,1967
Togo,TGO,Leadership,0.000,1968
Togo,TGO,Leadership,0.000,1969
Togo,TGO,Leadership,0.000,1970
Togo,TGO,Leadership,0.000,1971
Togo,TGO,Leadership,0.000,1972
Togo,TGO,Leadership,0.000,1973
Togo,TGO,Leadership,0.000,1974
Togo,TGO,Leadership,0.000,1975
Togo,TGO,Leadership,0.000,1976
Togo,TGO,Leadership,0.000,1977
Togo,TGO,Leadership,0.000,1978
Togo,TGO,Leadership,0.000,1979
Togo,TGO,Leadership,0.000,1980
Togo,TGO,Leadership,0.000,1981
Togo,TGO,Leadership,0.000,1982
Togo,TGO,Leadership,0.000,1983
Togo,TGO,Leadership,0.000,1984
Togo,TGO,Leadership,0.000,1985
Togo,TGO,Leadership,0.000,1986
Togo,TGO,Leadership,0.000,1987
Togo,TGO,Leadership,0.000,1988
Togo,TGO,Leadership,0.000,1989
Togo,TGO,Leadership,0.000,1990
Togo,TGO,Leadership,0.000,1991
Togo,TGO,Leadership,0.000,1992
Togo,TGO,Leadership,0.000,1993
Togo,TGO,Leadership,0.000,1994
Togo,TGO,Leadership,0.000,1995
Togo,TGO,Leadership,0.000,1996
Togo,TGO,Leadership,25.000,1997
Togo,TGO,Leadership,25.000,1998
Togo,TGO,Leadership,0.000,1999
Togo,TGO,Leadership,25.000,2000
Togo,TGO,Leadership,25.000,2001
Togo,TGO,Leadership,25.000,2002
Togo,TGO,Leadership,25.000,2003
Togo,TGO,Leadership,25.000,2004
Togo,TGO,Leadership,50.000,2005
Togo,TGO,Leadership,25.000,2006
Togo,TGO,Leadership,25.000,2007
Togo,TGO,Leadership,50.000,2008
Togo,TGO,Leadership,50.000,2009
Togo,TGO,Leadership,50.000,2010
Togo,TGO,Leadership,25.000,2011
Togo,TGO,Leadership,50.000,2012
Togo,TGO,Leadership,25.000,2013
Togo,TGO,Leadership,50.000,2014
Togo,TGO,Leadership,50.000,2015
Togo,TGO,Leadership,75.000,2016
Togo,TGO,Leadership,50.000,2017
Togo,TGO,Leadership,50.000,2018
Togo,TGO,Leadership,50.000,2019
Togo,TGO,Leadership,50.000,2020
Togo,TGO,Leadership,25.000,2021
Togo,TGO,Leadership,50.000,2022
Togo,TGO,Leadership,50.000,2023
Togo,TGO,Norms and Decision-making,0.000,1960
Togo,TGO,Norms and Decision-making,0.000,1961
Togo,TGO,Norms and Decision-making,0.000,1962
Togo,TGO,Norms and Decision-making,0.000,1963
Togo,TGO,Norms and Decision-making,0.000,1964
Togo,TGO,Norms and Decision-making,0.000,1965
Togo,TGO,Norms and Decision-making,0.000,1966
Togo,TGO,Norms and Decision-making,0.000,1967
Togo,TGO,Norms and Decision-making,0.000,1968
Togo,TGO,Norms and Decision-making,0.000,1969
Togo,TGO,Norms and Decision-making,14.074,1970
Togo,TGO,Norms and Decision-making,12.593,1971
Togo,TGO,Norms and Decision-making,12.593,1972
Togo,TGO,Norms and Decision-making,12.593,1973
Togo,TGO,Norms and Decision-making,12.593,1974
Togo,TGO,Norms and Decision-making,12.593,1975
Togo,TGO,Norms and Decision-making,12.593,1976
Togo,TGO,Norms and Decision-making,12.593,1977
Togo,TGO,Norms and Decision-making,12.593,1978
Togo,TGO,Norms and Decision-making,12.593,1979
Togo,TGO,Norms and Decision-making,12.593,1980
Togo,TGO,Norms and Decision-making,14.074,1981
Togo,TGO,Norms and Decision-making,12.593,1982
Togo,TGO,Norms and Decision-making,12.593,1983
Togo,TGO,Norms and Decision-making,12.593,1984
Togo,TGO,Norms and Decision-making,12.593,1985
Togo,TGO,Norms and Decision-making,12.593,1986
Togo,TGO,Norms and Decision-making,12.593,1987
Togo,TGO,Norms and Decision-making,17.778,1988
Togo,TGO,Norms and Decision-making,12.593,1989
Togo,TGO,Norms and Decision-making,12.593,1990
Togo,TGO,Norms and Decision-making,12.593,1991
Togo,TGO,Norms and Decision-making,12.593,1992
Togo,TGO,Norms and Decision-making,12.593,1993
Togo,TGO,Norms and Decision-making,12.593,1994
Togo,TGO,Norms and Decision-making,12.593,1995
Togo,TGO,Norms and Decision-making,12.593,1996
Togo,TGO,Norms and Decision-making,12.593,1997
Togo,TGO,Norms and Decision-making,22.963,1998
Togo,TGO,Norms and Decision-making,12.593,1999
Togo,TGO,Norms and Decision-making,15.556,2000
Togo,TGO,Norms and Decision-making,12.593,2001
Togo,TGO,Norms and Decision-making,12.593,2002
Togo,TGO,Norms and Decision-making,12.593,2003
Togo,TGO,Norms and Decision-making,12.593,2004
Togo,TGO,Norms and Decision-making,12.593,2005
Togo,TGO,Norms and Decision-making,14.074,2006
Togo,TGO,Norms and Decision-making,12.593,2007
Togo,TGO,Norms and Decision-making,12.593,2008
Togo,TGO,Norms and Decision-making,12.593,2009
Togo,TGO,Norms and Decision-making,17.037,2010
Togo,TGO,Norms and Decision-making,12.593,2011
Togo,TGO,Norms and Decision-making,12.593,2012
Togo,TGO,Norms and Decision-making,12.593,2013
Togo,TGO,Norms and Decision-making,76.296,2014
Togo,TGO,Norms and Decision-making,12.593,2015
Togo,TGO,Norms and Decision-making,12.593,2016
Togo,TGO,Norms and Decision-making,18.519,2017
Togo,TGO,Norms and Decision-making,12.593,2018
Togo,TGO,Norms and Decision-making,12.593,2019
Togo,TGO,Norms and Decision-making,12.593,2020
Togo,TGO,Norms and Decision-making,12.593,2021
Togo,TGO,Norms and Decision-making,12.593,2022
Togo,TGO,Norms and Decision-making,12.593,2023
Togo,TGO,Population,86.905,1960
Togo,TGO,Population,86.905,1961
Togo,TGO,Population,86.905,1962
Togo,TGO,Population,86.905,1963
Togo,TGO,Population,86.905,1964
Togo,TGO,Population,86.905,1965
Togo,TGO,Population,86.905,1966
Togo,TGO,Population,86.905,1967
Togo,TGO,Population,86.905,1968
Togo,TGO,Population,86.905,1969
Togo,TGO,Population,89.286,1970
Togo,TGO,Population,86.905,1971
Togo,TGO,Population,86.905,1972
Togo,TGO,Population,86.905,1973
Togo,TGO,Population,86.905,1974
Togo,TGO,Population,86.905,1975
Togo,TGO,Population,86.905,1976
Togo,TGO,Population,86.905,1977
Togo,TGO,Population,86.905,1978
Togo,TGO,Population,86.905,1979
Togo,TGO,Population,91.667,1980
Togo,TGO,Population,89.286,1981
Togo,TGO,Population,86.905,1982
Togo,TGO,Population,86.905,1983
Togo,TGO,Population,86.905,1984
Togo,TGO,Population,91.667,1985
Togo,TGO,Population,86.905,1986
Togo,TGO,Population,86.905,1987
Togo,TGO,Population,88.095,1988
Togo,TGO,Population,86.905,1989
Togo,TGO,Population,92.857,1990
Togo,TGO,Population,86.905,1991
Togo,TGO,Population,86.905,1992
Togo,TGO,Population,86.905,1993
Togo,TGO,Population,86.905,1994
Togo,TGO,Population,92.857,1995
Togo,TGO,Population,86.905,1996
Togo,TGO,Population,86.905,1997
Togo,TGO,Population,90.476,1998
Togo,TGO,Population,86.905,1999
Togo,TGO,Population,95.238,2000
Togo,TGO,Population,86.905,2001
Togo,TGO,Population,86.905,2002
Togo,TGO,Population,86.905,2003
Togo,TGO,Population,86.905,2004
Togo,TGO,Population,92.857,2005
Togo,TGO,Population,88.095,2006
Togo,TGO,Population,86.905,2007
Togo,TGO,Population,86.905,2008
Togo,TGO,Population,86.905,2009
Togo,TGO,Population,96.429,2010
Togo,TGO,Population,86.905,2011
Togo,TGO,Population,86.905,2012
Togo,TGO,Population,86.905,2013
Togo,TGO,Population,91.667,2014
Togo,TGO,Population,92.857,2015
Togo,TGO,Population,86.905,2016
Togo,TGO,Population,94.048,2017
Togo,TGO,Population,86.905,2018
Togo,TGO,Population,86.905,2019
Togo,TGO,Population,88.095,2020
Togo,TGO,Population,86.905,2021
Togo,TGO,Population,86.905,2022
Togo,TGO,Population,77.381,2023
Togo,TGO,SDGs,2.685,1960
Togo,TGO,SDGs,2.685,1961
Togo,TGO,SDGs,2.685,1962
Togo,TGO,SDGs,2.685,1963
Togo,TGO,SDGs,2.685,1964
Togo,TGO,SDGs,2.685,1965
Togo,TGO,SDGs,2.685,1966
Togo,TGO,SDGs,2.685,1967
Togo,TGO,SDGs,2.685,1968
Togo,TGO,SDGs,2.685,1969
Togo,TGO,SDGs,11.409,1970
Togo,TGO,SDGs,11.409,1971
Togo,TGO,SDGs,11.409,1972
Togo,TGO,SDGs,11.409,1973
Togo,TGO,SDGs,11.409,1974
Togo,TGO,SDGs,11.409,1975
Togo,TGO,SDGs,11.409,1976
Togo,TGO,SDGs,11.409,1977
Togo,TGO,SDGs,11.409,1978
Togo,TGO,SDGs,11.409,1979
Togo,TGO,SDGs,11.409,1980
Togo,TGO,SDGs,12.081,1981
Togo,TGO,SDGs,12.081,1982
Togo,TGO,SDGs,12.081,1983
Togo,TGO,SDGs,12.081,1984
Togo,TGO,SDGs,12.081,1985
Togo,TGO,SDGs,12.081,1986
Togo,TGO,SDGs,12.081,1987
Togo,TGO,SDGs,14.094,1988
Togo,TGO,SDGs,12.081,1989
Togo,TGO,SDGs,16.107,1990
Togo,TGO,SDGs,20.134,1991
Togo,TGO,SDGs,20.134,1992
Togo,TGO,SDGs,20.134,1993
Togo,TGO,SDGs,20.134,1994
Togo,TGO,SDGs,20.134,1995
Togo,TGO,SDGs,20.134,1996
Togo,TGO,SDGs,20.805,1997
Togo,TGO,SDGs,24.161,1998
Togo,TGO,SDGs,20.134,1999
Togo,TGO,SDGs,66.443,2000
Togo,TGO,SDGs,33.557,2001
Togo,TGO,SDGs,33.557,2002
Togo,TGO,SDGs,34.228,2003
Togo,TGO,SDGs,33.557,2004
Togo,TGO,SDGs,35.570,2005
Togo,TGO,SDGs,38.255,2006
Togo,TGO,SDGs,33.557,2007
Togo,TGO,SDGs,33.557,2008
Togo,TGO,SDGs,33.557,2009
Togo,TGO,SDGs,66.443,2010
Togo,TGO,SDGs,39.597,2011
Togo,TGO,SDGs,33.557,2012
Togo,TGO,SDGs,33.557,2013
Togo,TGO,SDGs,46.309,2014
Togo,TGO,SDGs,69.799,2015
Togo,TGO,SDGs,33.557,2016
Togo,TGO,SDGs,45.638,2017
Togo,TGO,SDGs,36.913,2018
Togo,TGO,SDGs,73.826,2019
Togo,TGO,SDGs,27.517,2020
Togo,TGO,SDGs,24.832,2021
Togo,TGO,SDGs,26.846,2022
Togo,TGO,SDGs,14.094,2023
Togo,TGO,Technology,2.222,1960
Togo,TGO,Technology,0.000,1961
Togo,TGO,Technology,0.000,1962
Togo,TGO,Technology,0.000,1963
Togo,TGO,Technology,0.000,1964
Togo,TGO,Technology,2.222,1965
Togo,TGO,Technology,0.000,1966
Togo,TGO,Technology,0.000,1967
Togo,TGO,Technology,0.000,1968
Togo,TGO,Technology,0.000,1969
Togo,TGO,Technology,2.222,1970
Togo,TGO,Technology,0.000,1971
Togo,TGO,Technology,0.000,1972
Togo,TGO,Technology,0.000,1973
Togo,TGO,Technology,0.000,1974
Togo,TGO,Technology,2.222,1975
Togo,TGO,Technology,2.222,1976
Togo,TGO,Technology,2.222,1977
Togo,TGO,Technology,2.222,1978
Togo,TGO,Technology,2.222,1979
Togo,TGO,Technology,2.222,1980
Togo,TGO,Technology,2.222,1981
Togo,TGO,Technology,2.222,1982
Togo,TGO,Technology,2.222,1983
Togo,TGO,Technology,2.222,1984
Togo,TGO,Technology,2.222,1985
Togo,TGO,Technology,2.222,1986
Togo,TGO,Technology,2.222,1987
Togo,TGO,Technology,2.222,1988
Togo,TGO,Technology,2.222,1989
Togo,TGO,Technology,2.222,1990
Togo,TGO,Technology,2.222,1991
Togo,TGO,Technology,2.222,1992
Togo,TGO,Technology,2.222,1993
Togo,TGO,Technology,2.222,1994
Togo,TGO,Technology,2.222,1995
Togo,TGO,Technology,2.222,1996
Togo,TGO,Technology,2.222,1997
Togo,TGO,Technology,2.222,1998
Togo,TGO,Technology,2.222,1999
Togo,TGO,Technology,2.222,2000
Togo,TGO,Technology,2.222,2001
Togo,TGO,Technology,2.222,2002
Togo,TGO,Technology,2.222,2003
Togo,TGO,Technology,2.222,2004
Togo,TGO,Technology,2.222,2005
Togo,TGO,Technology,2.222,2006
Togo,TGO,Technology,2.222,2007
Togo,TGO,Technology,2.222,2008
Togo,TGO,Technology,2.222,2009
Togo,TGO,Technology,2.222,2010
Togo,TGO,Technology,8.889,2011
Togo,TGO,Technology,2.222,2012
Togo,TGO,Technology,2.222,2013
Togo,TGO,Technology,35.556,2014
Togo,TGO,Technology,2.222,2015
Togo,TGO,Technology,2.222,2016
Togo,TGO,Technology,60.000,2017
Togo,TGO,Technology,2.222,2018
Togo,TGO,Technology,2.222,2019
Togo,TGO,Technology,2.222,2020
Togo,TGO,Technology,82.222,2021
Togo,TGO,Technology,2.222,2022
Togo,TGO,Technology,0.000,2023
Togo,TGO,Violence,0.000,1960
Togo,TGO,Violence,0.000,1961
Togo,TGO,Violence,0.000,1962
Togo,TGO,Violence,0.000,1963
Togo,TGO,Violence,0.000,1964
Togo,TGO,Violence,0.000,1965
Togo,TGO,Violence,0.000,1966
Togo,TGO,Violence,0.000,1967
Togo,TGO,Violence,0.000,1968
Togo,TGO,Violence,0.000,1969
Togo,TGO,Violence,2.143,1970
Togo,TGO,Violence,2.143,1971
Togo,TGO,Violence,2.143,1972
Togo,TGO,Violence,2.143,1973
Togo,TGO,Violence,2.143,1974
Togo,TGO,Violence,2.143,1975
Togo,TGO,Violence,2.143,1976
Togo,TGO,Violence,2.143,1977
Togo,TGO,Violence,2.143,1978
Togo,TGO,Violence,2.143,1979
Togo,TGO,Violence,2.143,1980
Togo,TGO,Violence,2.143,1981
Togo,TGO,Violence,2.143,1982
Togo,TGO,Violence,2.143,1983
Togo,TGO,Violence,2.143,1984
Togo,TGO,Violence,2.143,1985
Togo,TGO,Violence,2.143,1986
Togo,TGO,Violence,2.143,1987
Togo,TGO,Violence,3.571,1988
Togo,TGO,Violence,2.143,1989
Togo,TGO,Violence,2.143,1990
Togo,TGO,Violence,2.143,1991
Togo,TGO,Violence,2.143,1992
Togo,TGO,Violence,2.143,1993
Togo,TGO,Violence,2.143,1994
Togo,TGO,Violence,2.143,1995
Togo,TGO,Violence,2.143,1996
Togo,TGO,Violence,2.143,1997
Togo,TGO,Violence,5.714,1998
Togo,TGO,Violence,2.143,1999
Togo,TGO,Violence,4.286,2000
Togo,TGO,Violence,4.286,2001
Togo,TGO,Violence,4.286,2002
Togo,TGO,Violence,4.286,2003
Togo,TGO,Violence,4.286,2004
Togo,TGO,Violence,4.286,2005
Togo,TGO,Violence,4.286,2006
Togo,TGO,Violence,4.286,2007
Togo,TGO,Violence,4.286,2008
Togo,TGO,Violence,4.286,2009
Togo,TGO,Violence,4.286,2010
Togo,TGO,Violence,4.286,2011
Togo,TGO,Violence,4.286,2012
Togo,TGO,Violence,4.286,2013
Togo,TGO,Violence,61.429,2014
Togo,TGO,Violence,4.286,2015
Togo,TGO,Violence,4.286,2016
Togo,TGO,Violence,10.000,2017
Togo,TGO,Violence,7.143,2018
Togo,TGO,Violence,4.286,2019
Togo,TGO,Violence,2.143,2020
Togo,TGO,Violence,2.143,2021
Togo,TGO,Violence,2.143,2022
Togo,TGO,Violence,2.143,2023
Togo,TGO,Youth 15-24,4.587,1960
Togo,TGO,Youth 15-24,4.587,1961
Togo,TGO,Youth 15-24,4.587,1962
Togo,TGO,Youth 15-24,4.587,1963
Togo,TGO,Youth 15-24,4.587,1964
Togo,TGO,Youth 15-24,4.587,1965
Togo,TGO,Youth 15-24,4.587,1966
Togo,TGO,Youth 15-24,4.587,1967
Togo,TGO,Youth 15-24,4.587,1968
Togo,TGO,Youth 15-24,4.587,1969
Togo,TGO,Youth 15-24,10.092,1970
Togo,TGO,Youth 15-24,16.514,1971
Togo,TGO,Youth 15-24,18.349,1972
Togo,TGO,Youth 15-24,18.349,1973
Togo,TGO,Youth 15-24,18.349,1974
Togo,TGO,Youth 15-24,18.349,1975
Togo,TGO,Youth 15-24,18.349,1976
Togo,TGO,Youth 15-24,18.349,1977
Togo,TGO,Youth 15-24,21.101,1978
Togo,TGO,Youth 15-24,21.101,1979
Togo,TGO,Youth 15-24,23.853,1980
Togo,TGO,Youth 15-24,13.761,1981
Togo,TGO,Youth 15-24,21.101,1982
Togo,TGO,Youth 15-24,21.101,1983
Togo,TGO,Youth 15-24,21.101,1984
Togo,TGO,Youth 15-24,17.431,1985
Togo,TGO,Youth 15-24,17.431,1986
Togo,TGO,Youth 15-24,21.101,1987
Togo,TGO,Youth 15-24,22.936,1988
Togo,TGO,Youth 15-24,18.349,1989
Togo,TGO,Youth 15-24,28.440,1990
Togo,TGO,Youth 15-24,37.615,1991
Togo,TGO,Youth 15-24,32.110,1992
Togo,TGO,Youth 15-24,22.018,1993
Togo,TGO,Youth 15-24,34.862,1994
Togo,TGO,Youth 15-24,34.862,1995
Togo,TGO,Youth 15-24,32.110,1996
Togo,TGO,Youth 15-24,28.440,1997
Togo,TGO,Youth 15-24,26.606,1998
Togo,TGO,Youth 15-24,39.450,1999
Togo,TGO,Youth 15-24,44.954,2000
Togo,TGO,Youth 15-24,28.440,2001
Togo,TGO,Youth 15-24,31.193,2002
Togo,TGO,Youth 15-24,34.862,2003
Togo,TGO,Youth 15-24,34.862,2004
Togo,TGO,Youth 15-24,34.862,2005
Togo,TGO,Youth 15-24,52.294,2006
Togo,TGO,Youth 15-24,35.780,2007
Togo,TGO,Youth 15-24,18.349,2008
Togo,TGO,Youth 15-24,36.697,2009
Togo,TGO,Youth 15-24,22.936,2010
Togo,TGO,Youth 15-24,55.963,2011
Togo,TGO,Youth 15-24,24.771,2012
Togo,TGO,Youth 15-24,24.771,2013
Togo,TGO,Youth 15-24,36.697,2014
Togo,TGO,Youth 15-24,52.294,2015
Togo,TGO,Youth 15-24,24.771,2016
Togo,TGO,Youth 15-24,71.560,2017
Togo,TGO,Youth 15-24,22.018,2018
Togo,TGO,Youth 15-24,48.624,2019
Togo,TGO,Youth 15-24,22.018,2020
Togo,TGO,Youth 15-24,23.853,2021
Togo,TGO,Youth 15-24,41.284,2022
Togo,TGO,Youth 15-24,16.514,2023
