Country Name,Country Code,Topic,% of available indicators,Year
Zimbabwe,ZWE,Assets,0.000,1960
Zimbabwe,ZWE,Assets,0.000,1961
Zimbabwe,ZWE,Assets,0.000,1962
Zimbabwe,ZWE,Assets,0.000,1963
Zimbabwe,ZWE,Assets,0.000,1964
Zimbabwe,ZWE,Assets,0.000,1965
Zimbabwe,ZWE,Assets,0.000,1966
Zimbabwe,ZWE,Assets,0.000,1967
Zimbabwe,ZWE,Assets,0.000,1968
Zimbabwe,ZWE,Assets,0.000,1969
Zimbabwe,ZWE,Assets,2.208,1970
Zimbabwe,ZWE,Assets,2.208,1971
Zimbabwe,ZWE,Assets,2.208,1972
Zimbabwe,ZWE,Assets,2.208,1973
Zimbabwe,ZWE,Assets,2.208,1974
Zimbabwe,ZWE,Assets,2.208,1975
Zimbabwe,ZWE,Assets,2.208,1976
Zimbabwe,ZWE,Assets,2.208,1977
Zimbabwe,ZWE,Assets,2.208,1978
Zimbabwe,ZWE,Assets,2.208,1979
Zimbabwe,ZWE,Assets,2.208,1980
Zimbabwe,ZWE,Assets,2.208,1981
Zimbabwe,ZWE,Assets,2.208,1982
Zimbabwe,ZWE,Assets,2.208,1983
Zimbabwe,ZWE,Assets,2.208,1984
Zimbabwe,ZWE,Assets,2.208,1985
Zimbabwe,ZWE,Assets,2.208,1986
Zimbabwe,ZWE,Assets,2.208,1987
Zimbabwe,ZWE,Assets,2.208,1988
Zimbabwe,ZWE,Assets,2.208,1989
Zimbabwe,ZWE,Assets,2.208,1990
Zimbabwe,ZWE,Assets,2.208,1991
Zimbabwe,ZWE,Assets,2.208,1992
Zimbabwe,ZWE,Assets,2.208,1993
Zimbabwe,ZWE,Assets,2.208,1994
Zimbabwe,ZWE,Assets,2.208,1995
Zimbabwe,ZWE,Assets,2.208,1996
Zimbabwe,ZWE,Assets,2.208,1997
Zimbabwe,ZWE,Assets,2.208,1998
Zimbabwe,ZWE,Assets,2.208,1999
Zimbabwe,ZWE,Assets,2.208,2000
Zimbabwe,ZWE,Assets,2.208,2001
Zimbabwe,ZWE,Assets,2.208,2002
Zimbabwe,ZWE,Assets,2.208,2003
Zimbabwe,ZWE,Assets,2.208,2004
Zimbabwe,ZWE,Assets,2.208,2005
Zimbabwe,ZWE,Assets,2.208,2006
Zimbabwe,ZWE,Assets,2.208,2007
Zimbabwe,ZWE,Assets,2.208,2008
Zimbabwe,ZWE,Assets,2.208,2009
Zimbabwe,ZWE,Assets,2.208,2010
Zimbabwe,ZWE,Assets,41.956,2011
Zimbabwe,ZWE,Assets,2.208,2012
Zimbabwe,ZWE,Assets,2.208,2013
Zimbabwe,ZWE,Assets,31.546,2014
Zimbabwe,ZWE,Assets,32.492,2015
Zimbabwe,ZWE,Assets,2.208,2016
Zimbabwe,ZWE,Assets,34.069,2017
Zimbabwe,ZWE,Assets,2.208,2018
Zimbabwe,ZWE,Assets,2.208,2019
Zimbabwe,ZWE,Assets,2.208,2020
Zimbabwe,ZWE,Assets,63.091,2021
Zimbabwe,ZWE,Assets,2.208,2022
Zimbabwe,ZWE,Assets,2.208,2023
Zimbabwe,ZWE,Children 0-14,19.231,1960
Zimbabwe,ZWE,Children 0-14,19.231,1961
Zimbabwe,ZWE,Children 0-14,19.231,1962
Zimbabwe,ZWE,Children 0-14,19.231,1963
Zimbabwe,ZWE,Children 0-14,19.231,1964
Zimbabwe,ZWE,Children 0-14,19.231,1965
Zimbabwe,ZWE,Children 0-14,19.231,1966
Zimbabwe,ZWE,Children 0-14,19.231,1967
Zimbabwe,ZWE,Children 0-14,19.231,1968
Zimbabwe,ZWE,Children 0-14,19.231,1969
Zimbabwe,ZWE,Children 0-14,23.077,1970
Zimbabwe,ZWE,Children 0-14,23.077,1971
Zimbabwe,ZWE,Children 0-14,23.077,1972
Zimbabwe,ZWE,Children 0-14,23.077,1973
Zimbabwe,ZWE,Children 0-14,23.077,1974
Zimbabwe,ZWE,Children 0-14,23.077,1975
Zimbabwe,ZWE,Children 0-14,23.077,1976
Zimbabwe,ZWE,Children 0-14,23.077,1977
Zimbabwe,ZWE,Children 0-14,23.077,1978
Zimbabwe,ZWE,Children 0-14,23.077,1979
Zimbabwe,ZWE,Children 0-14,20.000,1980
Zimbabwe,ZWE,Children 0-14,24.615,1981
Zimbabwe,ZWE,Children 0-14,27.692,1982
Zimbabwe,ZWE,Children 0-14,26.154,1983
Zimbabwe,ZWE,Children 0-14,33.077,1984
Zimbabwe,ZWE,Children 0-14,24.615,1985
Zimbabwe,ZWE,Children 0-14,27.692,1986
Zimbabwe,ZWE,Children 0-14,25.385,1987
Zimbabwe,ZWE,Children 0-14,36.154,1988
Zimbabwe,ZWE,Children 0-14,24.615,1989
Zimbabwe,ZWE,Children 0-14,24.615,1990
Zimbabwe,ZWE,Children 0-14,24.615,1991
Zimbabwe,ZWE,Children 0-14,27.692,1992
Zimbabwe,ZWE,Children 0-14,21.538,1993
Zimbabwe,ZWE,Children 0-14,30.769,1994
Zimbabwe,ZWE,Children 0-14,26.923,1995
Zimbabwe,ZWE,Children 0-14,24.615,1996
Zimbabwe,ZWE,Children 0-14,21.538,1997
Zimbabwe,ZWE,Children 0-14,34.615,1998
Zimbabwe,ZWE,Children 0-14,52.308,1999
Zimbabwe,ZWE,Children 0-14,51.538,2000
Zimbabwe,ZWE,Children 0-14,39.231,2001
Zimbabwe,ZWE,Children 0-14,46.154,2002
Zimbabwe,ZWE,Children 0-14,40.000,2003
Zimbabwe,ZWE,Children 0-14,20.769,2004
Zimbabwe,ZWE,Children 0-14,32.308,2005
Zimbabwe,ZWE,Children 0-14,28.462,2006
Zimbabwe,ZWE,Children 0-14,20.769,2007
Zimbabwe,ZWE,Children 0-14,20.769,2008
Zimbabwe,ZWE,Children 0-14,33.077,2009
Zimbabwe,ZWE,Children 0-14,50.769,2010
Zimbabwe,ZWE,Children 0-14,33.077,2011
Zimbabwe,ZWE,Children 0-14,45.385,2012
Zimbabwe,ZWE,Children 0-14,41.538,2013
Zimbabwe,ZWE,Children 0-14,50.769,2014
Zimbabwe,ZWE,Children 0-14,73.077,2015
Zimbabwe,ZWE,Children 0-14,35.385,2016
Zimbabwe,ZWE,Children 0-14,45.385,2017
Zimbabwe,ZWE,Children 0-14,40.000,2018
Zimbabwe,ZWE,Children 0-14,67.692,2019
Zimbabwe,ZWE,Children 0-14,38.462,2020
Zimbabwe,ZWE,Children 0-14,36.154,2021
Zimbabwe,ZWE,Children 0-14,30.769,2022
Zimbabwe,ZWE,Children 0-14,9.231,2023
Zimbabwe,ZWE,Education,0.000,1960
Zimbabwe,ZWE,Education,0.000,1961
Zimbabwe,ZWE,Education,0.000,1962
Zimbabwe,ZWE,Education,0.000,1963
Zimbabwe,ZWE,Education,0.000,1964
Zimbabwe,ZWE,Education,0.000,1965
Zimbabwe,ZWE,Education,0.000,1966
Zimbabwe,ZWE,Education,0.000,1967
Zimbabwe,ZWE,Education,0.000,1968
Zimbabwe,ZWE,Education,0.000,1969
Zimbabwe,ZWE,Education,9.816,1970
Zimbabwe,ZWE,Education,11.043,1971
Zimbabwe,ZWE,Education,11.043,1972
Zimbabwe,ZWE,Education,12.270,1973
Zimbabwe,ZWE,Education,12.270,1974
Zimbabwe,ZWE,Education,11.656,1975
Zimbabwe,ZWE,Education,12.270,1976
Zimbabwe,ZWE,Education,12.270,1977
Zimbabwe,ZWE,Education,12.270,1978
Zimbabwe,ZWE,Education,12.883,1979
Zimbabwe,ZWE,Education,5.521,1980
Zimbabwe,ZWE,Education,12.270,1981
Zimbabwe,ZWE,Education,20.859,1982
Zimbabwe,ZWE,Education,18.405,1983
Zimbabwe,ZWE,Education,22.086,1984
Zimbabwe,ZWE,Education,12.270,1985
Zimbabwe,ZWE,Education,17.791,1986
Zimbabwe,ZWE,Education,11.043,1987
Zimbabwe,ZWE,Education,11.043,1988
Zimbabwe,ZWE,Education,12.270,1989
Zimbabwe,ZWE,Education,11.656,1990
Zimbabwe,ZWE,Education,11.656,1991
Zimbabwe,ZWE,Education,26.380,1992
Zimbabwe,ZWE,Education,6.748,1993
Zimbabwe,ZWE,Education,6.748,1994
Zimbabwe,ZWE,Education,12.270,1995
Zimbabwe,ZWE,Education,10.429,1996
Zimbabwe,ZWE,Education,3.681,1997
Zimbabwe,ZWE,Education,11.043,1998
Zimbabwe,ZWE,Education,25.767,1999
Zimbabwe,ZWE,Education,25.767,2000
Zimbabwe,ZWE,Education,25.153,2001
Zimbabwe,ZWE,Education,38.037,2002
Zimbabwe,ZWE,Education,27.607,2003
Zimbabwe,ZWE,Education,0.000,2004
Zimbabwe,ZWE,Education,0.000,2005
Zimbabwe,ZWE,Education,0.000,2006
Zimbabwe,ZWE,Education,0.000,2007
Zimbabwe,ZWE,Education,0.000,2008
Zimbabwe,ZWE,Education,0.613,2009
Zimbabwe,ZWE,Education,21.472,2010
Zimbabwe,ZWE,Education,26.380,2011
Zimbabwe,ZWE,Education,46.626,2012
Zimbabwe,ZWE,Education,36.196,2013
Zimbabwe,ZWE,Education,31.288,2014
Zimbabwe,ZWE,Education,30.675,2015
Zimbabwe,ZWE,Education,14.724,2016
Zimbabwe,ZWE,Education,33.129,2017
Zimbabwe,ZWE,Education,20.245,2018
Zimbabwe,ZWE,Education,35.583,2019
Zimbabwe,ZWE,Education,18.405,2020
Zimbabwe,ZWE,Education,25.767,2021
Zimbabwe,ZWE,Education,25.767,2022
Zimbabwe,ZWE,Education,1.840,2023
Zimbabwe,ZWE,Employment and Time Use,0.000,1960
Zimbabwe,ZWE,Employment and Time Use,0.000,1961
Zimbabwe,ZWE,Employment and Time Use,0.000,1962
Zimbabwe,ZWE,Employment and Time Use,0.000,1963
Zimbabwe,ZWE,Employment and Time Use,0.000,1964
Zimbabwe,ZWE,Employment and Time Use,0.000,1965
Zimbabwe,ZWE,Employment and Time Use,0.000,1966
Zimbabwe,ZWE,Employment and Time Use,0.000,1967
Zimbabwe,ZWE,Employment and Time Use,0.000,1968
Zimbabwe,ZWE,Employment and Time Use,0.000,1969
Zimbabwe,ZWE,Employment and Time Use,21.168,1970
Zimbabwe,ZWE,Employment and Time Use,21.168,1971
Zimbabwe,ZWE,Employment and Time Use,21.168,1972
Zimbabwe,ZWE,Employment and Time Use,21.168,1973
Zimbabwe,ZWE,Employment and Time Use,21.168,1974
Zimbabwe,ZWE,Employment and Time Use,21.168,1975
Zimbabwe,ZWE,Employment and Time Use,21.168,1976
Zimbabwe,ZWE,Employment and Time Use,21.168,1977
Zimbabwe,ZWE,Employment and Time Use,21.168,1978
Zimbabwe,ZWE,Employment and Time Use,21.168,1979
Zimbabwe,ZWE,Employment and Time Use,21.168,1980
Zimbabwe,ZWE,Employment and Time Use,21.168,1981
Zimbabwe,ZWE,Employment and Time Use,28.467,1982
Zimbabwe,ZWE,Employment and Time Use,21.168,1983
Zimbabwe,ZWE,Employment and Time Use,21.168,1984
Zimbabwe,ZWE,Employment and Time Use,21.168,1985
Zimbabwe,ZWE,Employment and Time Use,23.358,1986
Zimbabwe,ZWE,Employment and Time Use,30.657,1987
Zimbabwe,ZWE,Employment and Time Use,21.168,1988
Zimbabwe,ZWE,Employment and Time Use,21.168,1989
Zimbabwe,ZWE,Employment and Time Use,31.387,1990
Zimbabwe,ZWE,Employment and Time Use,56.204,1991
Zimbabwe,ZWE,Employment and Time Use,56.204,1992
Zimbabwe,ZWE,Employment and Time Use,56.204,1993
Zimbabwe,ZWE,Employment and Time Use,58.394,1994
Zimbabwe,ZWE,Employment and Time Use,56.204,1995
Zimbabwe,ZWE,Employment and Time Use,56.204,1996
Zimbabwe,ZWE,Employment and Time Use,68.613,1997
Zimbabwe,ZWE,Employment and Time Use,56.204,1998
Zimbabwe,ZWE,Employment and Time Use,70.803,1999
Zimbabwe,ZWE,Employment and Time Use,56.204,2000
Zimbabwe,ZWE,Employment and Time Use,56.204,2001
Zimbabwe,ZWE,Employment and Time Use,56.204,2002
Zimbabwe,ZWE,Employment and Time Use,56.204,2003
Zimbabwe,ZWE,Employment and Time Use,70.803,2004
Zimbabwe,ZWE,Employment and Time Use,56.204,2005
Zimbabwe,ZWE,Employment and Time Use,56.204,2006
Zimbabwe,ZWE,Employment and Time Use,56.204,2007
Zimbabwe,ZWE,Employment and Time Use,56.204,2008
Zimbabwe,ZWE,Employment and Time Use,56.204,2009
Zimbabwe,ZWE,Employment and Time Use,56.204,2010
Zimbabwe,ZWE,Employment and Time Use,89.781,2011
Zimbabwe,ZWE,Employment and Time Use,63.504,2012
Zimbabwe,ZWE,Employment and Time Use,56.204,2013
Zimbabwe,ZWE,Employment and Time Use,89.781,2014
Zimbabwe,ZWE,Employment and Time Use,56.204,2015
Zimbabwe,ZWE,Employment and Time Use,56.204,2016
Zimbabwe,ZWE,Employment and Time Use,56.204,2017
Zimbabwe,ZWE,Employment and Time Use,56.204,2018
Zimbabwe,ZWE,Employment and Time Use,91.971,2019
Zimbabwe,ZWE,Employment and Time Use,56.204,2020
Zimbabwe,ZWE,Employment and Time Use,90.511,2021
Zimbabwe,ZWE,Employment and Time Use,90.511,2022
Zimbabwe,ZWE,Employment and Time Use,93.431,2023
Zimbabwe,ZWE,Entrepreneurship,0.000,1960
Zimbabwe,ZWE,Entrepreneurship,0.000,1961
Zimbabwe,ZWE,Entrepreneurship,0.000,1962
Zimbabwe,ZWE,Entrepreneurship,0.000,1963
Zimbabwe,ZWE,Entrepreneurship,0.000,1964
Zimbabwe,ZWE,Entrepreneurship,0.000,1965
Zimbabwe,ZWE,Entrepreneurship,0.000,1966
Zimbabwe,ZWE,Entrepreneurship,0.000,1967
Zimbabwe,ZWE,Entrepreneurship,0.000,1968
Zimbabwe,ZWE,Entrepreneurship,0.000,1969
Zimbabwe,ZWE,Entrepreneurship,9.375,1970
Zimbabwe,ZWE,Entrepreneurship,9.375,1971
Zimbabwe,ZWE,Entrepreneurship,9.375,1972
Zimbabwe,ZWE,Entrepreneurship,9.375,1973
Zimbabwe,ZWE,Entrepreneurship,9.375,1974
Zimbabwe,ZWE,Entrepreneurship,9.375,1975
Zimbabwe,ZWE,Entrepreneurship,9.375,1976
Zimbabwe,ZWE,Entrepreneurship,9.375,1977
Zimbabwe,ZWE,Entrepreneurship,9.375,1978
Zimbabwe,ZWE,Entrepreneurship,9.375,1979
Zimbabwe,ZWE,Entrepreneurship,9.375,1980
Zimbabwe,ZWE,Entrepreneurship,9.375,1981
Zimbabwe,ZWE,Entrepreneurship,9.375,1982
Zimbabwe,ZWE,Entrepreneurship,9.375,1983
Zimbabwe,ZWE,Entrepreneurship,9.375,1984
Zimbabwe,ZWE,Entrepreneurship,9.375,1985
Zimbabwe,ZWE,Entrepreneurship,9.375,1986
Zimbabwe,ZWE,Entrepreneurship,9.375,1987
Zimbabwe,ZWE,Entrepreneurship,9.375,1988
Zimbabwe,ZWE,Entrepreneurship,9.375,1989
Zimbabwe,ZWE,Entrepreneurship,9.375,1990
Zimbabwe,ZWE,Entrepreneurship,9.375,1991
Zimbabwe,ZWE,Entrepreneurship,9.375,1992
Zimbabwe,ZWE,Entrepreneurship,9.375,1993
Zimbabwe,ZWE,Entrepreneurship,9.375,1994
Zimbabwe,ZWE,Entrepreneurship,9.375,1995
Zimbabwe,ZWE,Entrepreneurship,9.375,1996
Zimbabwe,ZWE,Entrepreneurship,9.375,1997
Zimbabwe,ZWE,Entrepreneurship,9.375,1998
Zimbabwe,ZWE,Entrepreneurship,9.375,1999
Zimbabwe,ZWE,Entrepreneurship,9.375,2000
Zimbabwe,ZWE,Entrepreneurship,9.375,2001
Zimbabwe,ZWE,Entrepreneurship,9.375,2002
Zimbabwe,ZWE,Entrepreneurship,37.500,2003
Zimbabwe,ZWE,Entrepreneurship,37.500,2004
Zimbabwe,ZWE,Entrepreneurship,37.500,2005
Zimbabwe,ZWE,Entrepreneurship,37.500,2006
Zimbabwe,ZWE,Entrepreneurship,37.500,2007
Zimbabwe,ZWE,Entrepreneurship,37.500,2008
Zimbabwe,ZWE,Entrepreneurship,37.500,2009
Zimbabwe,ZWE,Entrepreneurship,37.500,2010
Zimbabwe,ZWE,Entrepreneurship,43.750,2011
Zimbabwe,ZWE,Entrepreneurship,37.500,2012
Zimbabwe,ZWE,Entrepreneurship,37.500,2013
Zimbabwe,ZWE,Entrepreneurship,56.250,2014
Zimbabwe,ZWE,Entrepreneurship,37.500,2015
Zimbabwe,ZWE,Entrepreneurship,43.750,2016
Zimbabwe,ZWE,Entrepreneurship,56.250,2017
Zimbabwe,ZWE,Entrepreneurship,37.500,2018
Zimbabwe,ZWE,Entrepreneurship,37.500,2019
Zimbabwe,ZWE,Entrepreneurship,9.375,2020
Zimbabwe,ZWE,Entrepreneurship,9.375,2021
Zimbabwe,ZWE,Entrepreneurship,9.375,2022
Zimbabwe,ZWE,Entrepreneurship,9.375,2023
Zimbabwe,ZWE,Environment,0.000,1960
Zimbabwe,ZWE,Environment,0.000,1961
Zimbabwe,ZWE,Environment,0.000,1962
Zimbabwe,ZWE,Environment,0.000,1963
Zimbabwe,ZWE,Environment,0.000,1964
Zimbabwe,ZWE,Environment,0.000,1965
Zimbabwe,ZWE,Environment,0.000,1966
Zimbabwe,ZWE,Environment,0.000,1967
Zimbabwe,ZWE,Environment,0.000,1968
Zimbabwe,ZWE,Environment,0.000,1969
Zimbabwe,ZWE,Environment,0.000,1970
Zimbabwe,ZWE,Environment,0.000,1971
Zimbabwe,ZWE,Environment,0.000,1972
Zimbabwe,ZWE,Environment,0.000,1973
Zimbabwe,ZWE,Environment,0.000,1974
Zimbabwe,ZWE,Environment,0.000,1975
Zimbabwe,ZWE,Environment,0.000,1976
Zimbabwe,ZWE,Environment,0.000,1977
Zimbabwe,ZWE,Environment,0.000,1978
Zimbabwe,ZWE,Environment,0.000,1979
Zimbabwe,ZWE,Environment,0.000,1980
Zimbabwe,ZWE,Environment,0.000,1981
Zimbabwe,ZWE,Environment,0.000,1982
Zimbabwe,ZWE,Environment,0.000,1983
Zimbabwe,ZWE,Environment,0.000,1984
Zimbabwe,ZWE,Environment,0.000,1985
Zimbabwe,ZWE,Environment,0.000,1986
Zimbabwe,ZWE,Environment,0.000,1987
Zimbabwe,ZWE,Environment,0.000,1988
Zimbabwe,ZWE,Environment,0.000,1989
Zimbabwe,ZWE,Environment,0.000,1990
Zimbabwe,ZWE,Environment,0.000,1991
Zimbabwe,ZWE,Environment,0.000,1992
Zimbabwe,ZWE,Environment,0.000,1993
Zimbabwe,ZWE,Environment,10.000,1994
Zimbabwe,ZWE,Environment,0.000,1995
Zimbabwe,ZWE,Environment,0.000,1996
Zimbabwe,ZWE,Environment,0.000,1997
Zimbabwe,ZWE,Environment,0.000,1998
Zimbabwe,ZWE,Environment,26.667,1999
Zimbabwe,ZWE,Environment,10.000,2000
Zimbabwe,ZWE,Environment,10.000,2001
Zimbabwe,ZWE,Environment,10.000,2002
Zimbabwe,ZWE,Environment,10.000,2003
Zimbabwe,ZWE,Environment,10.000,2004
Zimbabwe,ZWE,Environment,10.000,2005
Zimbabwe,ZWE,Environment,56.667,2006
Zimbabwe,ZWE,Environment,10.000,2007
Zimbabwe,ZWE,Environment,10.000,2008
Zimbabwe,ZWE,Environment,10.000,2009
Zimbabwe,ZWE,Environment,13.333,2010
Zimbabwe,ZWE,Environment,56.667,2011
Zimbabwe,ZWE,Environment,13.333,2012
Zimbabwe,ZWE,Environment,13.333,2013
Zimbabwe,ZWE,Environment,20.000,2014
Zimbabwe,ZWE,Environment,56.667,2015
Zimbabwe,ZWE,Environment,10.000,2016
Zimbabwe,ZWE,Environment,20.000,2017
Zimbabwe,ZWE,Environment,10.000,2018
Zimbabwe,ZWE,Environment,40.000,2019
Zimbabwe,ZWE,Environment,10.000,2020
Zimbabwe,ZWE,Environment,20.000,2021
Zimbabwe,ZWE,Environment,10.000,2022
Zimbabwe,ZWE,Environment,0.000,2023
Zimbabwe,ZWE,Health,8.586,1960
Zimbabwe,ZWE,Health,8.586,1961
Zimbabwe,ZWE,Health,8.586,1962
Zimbabwe,ZWE,Health,8.586,1963
Zimbabwe,ZWE,Health,8.586,1964
Zimbabwe,ZWE,Health,8.586,1965
Zimbabwe,ZWE,Health,8.586,1966
Zimbabwe,ZWE,Health,8.586,1967
Zimbabwe,ZWE,Health,8.586,1968
Zimbabwe,ZWE,Health,8.586,1969
Zimbabwe,ZWE,Health,8.586,1970
Zimbabwe,ZWE,Health,8.586,1971
Zimbabwe,ZWE,Health,8.586,1972
Zimbabwe,ZWE,Health,8.586,1973
Zimbabwe,ZWE,Health,8.586,1974
Zimbabwe,ZWE,Health,11.111,1975
Zimbabwe,ZWE,Health,11.111,1976
Zimbabwe,ZWE,Health,11.111,1977
Zimbabwe,ZWE,Health,11.111,1978
Zimbabwe,ZWE,Health,11.111,1979
Zimbabwe,ZWE,Health,11.111,1980
Zimbabwe,ZWE,Health,12.121,1981
Zimbabwe,ZWE,Health,12.121,1982
Zimbabwe,ZWE,Health,12.121,1983
Zimbabwe,ZWE,Health,13.636,1984
Zimbabwe,ZWE,Health,12.121,1985
Zimbabwe,ZWE,Health,12.121,1986
Zimbabwe,ZWE,Health,12.626,1987
Zimbabwe,ZWE,Health,24.747,1988
Zimbabwe,ZWE,Health,13.131,1989
Zimbabwe,ZWE,Health,16.667,1990
Zimbabwe,ZWE,Health,16.667,1991
Zimbabwe,ZWE,Health,16.667,1992
Zimbabwe,ZWE,Health,16.667,1993
Zimbabwe,ZWE,Health,31.313,1994
Zimbabwe,ZWE,Health,16.667,1995
Zimbabwe,ZWE,Health,16.667,1996
Zimbabwe,ZWE,Health,17.172,1997
Zimbabwe,ZWE,Health,16.667,1998
Zimbabwe,ZWE,Health,39.899,1999
Zimbabwe,ZWE,Health,56.566,2000
Zimbabwe,ZWE,Health,31.818,2001
Zimbabwe,ZWE,Health,31.818,2002
Zimbabwe,ZWE,Health,31.818,2003
Zimbabwe,ZWE,Health,31.818,2004
Zimbabwe,ZWE,Health,40.909,2005
Zimbabwe,ZWE,Health,50.505,2006
Zimbabwe,ZWE,Health,31.818,2007
Zimbabwe,ZWE,Health,31.818,2008
Zimbabwe,ZWE,Health,43.434,2009
Zimbabwe,ZWE,Health,68.182,2010
Zimbabwe,ZWE,Health,51.010,2011
Zimbabwe,ZWE,Health,32.323,2012
Zimbabwe,ZWE,Health,32.323,2013
Zimbabwe,ZWE,Health,46.970,2014
Zimbabwe,ZWE,Health,82.323,2015
Zimbabwe,ZWE,Health,33.333,2016
Zimbabwe,ZWE,Health,35.859,2017
Zimbabwe,ZWE,Health,35.859,2018
Zimbabwe,ZWE,Health,71.212,2019
Zimbabwe,ZWE,Health,28.283,2020
Zimbabwe,ZWE,Health,20.202,2021
Zimbabwe,ZWE,Health,17.677,2022
Zimbabwe,ZWE,Health,1.010,2023
Zimbabwe,ZWE,Leadership,0.000,1960
Zimbabwe,ZWE,Leadership,0.000,1961
Zimbabwe,ZWE,Leadership,0.000,1962
Zimbabwe,ZWE,Leadership,0.000,1963
Zimbabwe,ZWE,Leadership,0.000,1964
Zimbabwe,ZWE,Leadership,0.000,1965
Zimbabwe,ZWE,Leadership,0.000,1966
Zimbabwe,ZWE,Leadership,0.000,1967
Zimbabwe,ZWE,Leadership,0.000,1968
Zimbabwe,ZWE,Leadership,0.000,1969
Zimbabwe,ZWE,Leadership,0.000,1970
Zimbabwe,ZWE,Leadership,0.000,1971
Zimbabwe,ZWE,Leadership,0.000,1972
Zimbabwe,ZWE,Leadership,0.000,1973
Zimbabwe,ZWE,Leadership,0.000,1974
Zimbabwe,ZWE,Leadership,0.000,1975
Zimbabwe,ZWE,Leadership,0.000,1976
Zimbabwe,ZWE,Leadership,0.000,1977
Zimbabwe,ZWE,Leadership,0.000,1978
Zimbabwe,ZWE,Leadership,0.000,1979
Zimbabwe,ZWE,Leadership,0.000,1980
Zimbabwe,ZWE,Leadership,0.000,1981
Zimbabwe,ZWE,Leadership,0.000,1982
Zimbabwe,ZWE,Leadership,0.000,1983
Zimbabwe,ZWE,Leadership,0.000,1984
Zimbabwe,ZWE,Leadership,0.000,1985
Zimbabwe,ZWE,Leadership,0.000,1986
Zimbabwe,ZWE,Leadership,0.000,1987
Zimbabwe,ZWE,Leadership,0.000,1988
Zimbabwe,ZWE,Leadership,0.000,1989
Zimbabwe,ZWE,Leadership,0.000,1990
Zimbabwe,ZWE,Leadership,0.000,1991
Zimbabwe,ZWE,Leadership,0.000,1992
Zimbabwe,ZWE,Leadership,0.000,1993
Zimbabwe,ZWE,Leadership,0.000,1994
Zimbabwe,ZWE,Leadership,0.000,1995
Zimbabwe,ZWE,Leadership,0.000,1996
Zimbabwe,ZWE,Leadership,25.000,1997
Zimbabwe,ZWE,Leadership,25.000,1998
Zimbabwe,ZWE,Leadership,25.000,1999
Zimbabwe,ZWE,Leadership,25.000,2000
Zimbabwe,ZWE,Leadership,25.000,2001
Zimbabwe,ZWE,Leadership,25.000,2002
Zimbabwe,ZWE,Leadership,25.000,2003
Zimbabwe,ZWE,Leadership,25.000,2004
Zimbabwe,ZWE,Leadership,50.000,2005
Zimbabwe,ZWE,Leadership,25.000,2006
Zimbabwe,ZWE,Leadership,25.000,2007
Zimbabwe,ZWE,Leadership,50.000,2008
Zimbabwe,ZWE,Leadership,25.000,2009
Zimbabwe,ZWE,Leadership,50.000,2010
Zimbabwe,ZWE,Leadership,75.000,2011
Zimbabwe,ZWE,Leadership,50.000,2012
Zimbabwe,ZWE,Leadership,25.000,2013
Zimbabwe,ZWE,Leadership,50.000,2014
Zimbabwe,ZWE,Leadership,50.000,2015
Zimbabwe,ZWE,Leadership,75.000,2016
Zimbabwe,ZWE,Leadership,25.000,2017
Zimbabwe,ZWE,Leadership,50.000,2018
Zimbabwe,ZWE,Leadership,75.000,2019
Zimbabwe,ZWE,Leadership,50.000,2020
Zimbabwe,ZWE,Leadership,50.000,2021
Zimbabwe,ZWE,Leadership,75.000,2022
Zimbabwe,ZWE,Leadership,50.000,2023
Zimbabwe,ZWE,Norms and Decision-making,0.000,1960
Zimbabwe,ZWE,Norms and Decision-making,0.000,1961
Zimbabwe,ZWE,Norms and Decision-making,0.000,1962
Zimbabwe,ZWE,Norms and Decision-making,0.000,1963
Zimbabwe,ZWE,Norms and Decision-making,0.000,1964
Zimbabwe,ZWE,Norms and Decision-making,0.000,1965
Zimbabwe,ZWE,Norms and Decision-making,0.000,1966
Zimbabwe,ZWE,Norms and Decision-making,0.000,1967
Zimbabwe,ZWE,Norms and Decision-making,0.000,1968
Zimbabwe,ZWE,Norms and Decision-making,0.000,1969
Zimbabwe,ZWE,Norms and Decision-making,12.593,1970
Zimbabwe,ZWE,Norms and Decision-making,12.593,1971
Zimbabwe,ZWE,Norms and Decision-making,12.593,1972
Zimbabwe,ZWE,Norms and Decision-making,12.593,1973
Zimbabwe,ZWE,Norms and Decision-making,12.593,1974
Zimbabwe,ZWE,Norms and Decision-making,12.593,1975
Zimbabwe,ZWE,Norms and Decision-making,12.593,1976
Zimbabwe,ZWE,Norms and Decision-making,12.593,1977
Zimbabwe,ZWE,Norms and Decision-making,12.593,1978
Zimbabwe,ZWE,Norms and Decision-making,12.593,1979
Zimbabwe,ZWE,Norms and Decision-making,12.593,1980
Zimbabwe,ZWE,Norms and Decision-making,12.593,1981
Zimbabwe,ZWE,Norms and Decision-making,14.074,1982
Zimbabwe,ZWE,Norms and Decision-making,12.593,1983
Zimbabwe,ZWE,Norms and Decision-making,12.593,1984
Zimbabwe,ZWE,Norms and Decision-making,12.593,1985
Zimbabwe,ZWE,Norms and Decision-making,12.593,1986
Zimbabwe,ZWE,Norms and Decision-making,14.074,1987
Zimbabwe,ZWE,Norms and Decision-making,17.778,1988
Zimbabwe,ZWE,Norms and Decision-making,12.593,1989
Zimbabwe,ZWE,Norms and Decision-making,12.593,1990
Zimbabwe,ZWE,Norms and Decision-making,12.593,1991
Zimbabwe,ZWE,Norms and Decision-making,14.074,1992
Zimbabwe,ZWE,Norms and Decision-making,12.593,1993
Zimbabwe,ZWE,Norms and Decision-making,22.963,1994
Zimbabwe,ZWE,Norms and Decision-making,12.593,1995
Zimbabwe,ZWE,Norms and Decision-making,12.593,1996
Zimbabwe,ZWE,Norms and Decision-making,14.074,1997
Zimbabwe,ZWE,Norms and Decision-making,12.593,1998
Zimbabwe,ZWE,Norms and Decision-making,79.259,1999
Zimbabwe,ZWE,Norms and Decision-making,12.593,2000
Zimbabwe,ZWE,Norms and Decision-making,12.593,2001
Zimbabwe,ZWE,Norms and Decision-making,14.074,2002
Zimbabwe,ZWE,Norms and Decision-making,12.593,2003
Zimbabwe,ZWE,Norms and Decision-making,12.593,2004
Zimbabwe,ZWE,Norms and Decision-making,12.593,2005
Zimbabwe,ZWE,Norms and Decision-making,82.963,2006
Zimbabwe,ZWE,Norms and Decision-making,12.593,2007
Zimbabwe,ZWE,Norms and Decision-making,12.593,2008
Zimbabwe,ZWE,Norms and Decision-making,15.556,2009
Zimbabwe,ZWE,Norms and Decision-making,12.593,2010
Zimbabwe,ZWE,Norms and Decision-making,68.889,2011
Zimbabwe,ZWE,Norms and Decision-making,14.074,2012
Zimbabwe,ZWE,Norms and Decision-making,12.593,2013
Zimbabwe,ZWE,Norms and Decision-making,16.296,2014
Zimbabwe,ZWE,Norms and Decision-making,73.333,2015
Zimbabwe,ZWE,Norms and Decision-making,14.074,2016
Zimbabwe,ZWE,Norms and Decision-making,14.074,2017
Zimbabwe,ZWE,Norms and Decision-making,12.593,2018
Zimbabwe,ZWE,Norms and Decision-making,14.074,2019
Zimbabwe,ZWE,Norms and Decision-making,12.593,2020
Zimbabwe,ZWE,Norms and Decision-making,12.593,2021
Zimbabwe,ZWE,Norms and Decision-making,12.593,2022
Zimbabwe,ZWE,Norms and Decision-making,12.593,2023
Zimbabwe,ZWE,Population,86.905,1960
Zimbabwe,ZWE,Population,86.905,1961
Zimbabwe,ZWE,Population,86.905,1962
Zimbabwe,ZWE,Population,86.905,1963
Zimbabwe,ZWE,Population,86.905,1964
Zimbabwe,ZWE,Population,86.905,1965
Zimbabwe,ZWE,Population,86.905,1966
Zimbabwe,ZWE,Population,86.905,1967
Zimbabwe,ZWE,Population,86.905,1968
Zimbabwe,ZWE,Population,86.905,1969
Zimbabwe,ZWE,Population,86.905,1970
Zimbabwe,ZWE,Population,86.905,1971
Zimbabwe,ZWE,Population,86.905,1972
Zimbabwe,ZWE,Population,86.905,1973
Zimbabwe,ZWE,Population,86.905,1974
Zimbabwe,ZWE,Population,86.905,1975
Zimbabwe,ZWE,Population,86.905,1976
Zimbabwe,ZWE,Population,86.905,1977
Zimbabwe,ZWE,Population,86.905,1978
Zimbabwe,ZWE,Population,86.905,1979
Zimbabwe,ZWE,Population,91.667,1980
Zimbabwe,ZWE,Population,86.905,1981
Zimbabwe,ZWE,Population,89.286,1982
Zimbabwe,ZWE,Population,86.905,1983
Zimbabwe,ZWE,Population,86.905,1984
Zimbabwe,ZWE,Population,91.667,1985
Zimbabwe,ZWE,Population,86.905,1986
Zimbabwe,ZWE,Population,89.286,1987
Zimbabwe,ZWE,Population,88.095,1988
Zimbabwe,ZWE,Population,86.905,1989
Zimbabwe,ZWE,Population,92.857,1990
Zimbabwe,ZWE,Population,86.905,1991
Zimbabwe,ZWE,Population,89.286,1992
Zimbabwe,ZWE,Population,86.905,1993
Zimbabwe,ZWE,Population,90.476,1994
Zimbabwe,ZWE,Population,92.857,1995
Zimbabwe,ZWE,Population,86.905,1996
Zimbabwe,ZWE,Population,89.286,1997
Zimbabwe,ZWE,Population,86.905,1998
Zimbabwe,ZWE,Population,90.476,1999
Zimbabwe,ZWE,Population,92.857,2000
Zimbabwe,ZWE,Population,86.905,2001
Zimbabwe,ZWE,Population,89.286,2002
Zimbabwe,ZWE,Population,86.905,2003
Zimbabwe,ZWE,Population,86.905,2004
Zimbabwe,ZWE,Population,92.857,2005
Zimbabwe,ZWE,Population,94.048,2006
Zimbabwe,ZWE,Population,86.905,2007
Zimbabwe,ZWE,Population,86.905,2008
Zimbabwe,ZWE,Population,90.476,2009
Zimbabwe,ZWE,Population,92.857,2010
Zimbabwe,ZWE,Population,94.048,2011
Zimbabwe,ZWE,Population,89.286,2012
Zimbabwe,ZWE,Population,86.905,2013
Zimbabwe,ZWE,Population,89.286,2014
Zimbabwe,ZWE,Population,100.000,2015
Zimbabwe,ZWE,Population,86.905,2016
Zimbabwe,ZWE,Population,90.476,2017
Zimbabwe,ZWE,Population,86.905,2018
Zimbabwe,ZWE,Population,90.476,2019
Zimbabwe,ZWE,Population,88.095,2020
Zimbabwe,ZWE,Population,86.905,2021
Zimbabwe,ZWE,Population,86.905,2022
Zimbabwe,ZWE,Population,77.381,2023
Zimbabwe,ZWE,SDGs,2.685,1960
Zimbabwe,ZWE,SDGs,2.685,1961
Zimbabwe,ZWE,SDGs,2.685,1962
Zimbabwe,ZWE,SDGs,2.685,1963
Zimbabwe,ZWE,SDGs,2.685,1964
Zimbabwe,ZWE,SDGs,2.685,1965
Zimbabwe,ZWE,SDGs,2.685,1966
Zimbabwe,ZWE,SDGs,2.685,1967
Zimbabwe,ZWE,SDGs,2.685,1968
Zimbabwe,ZWE,SDGs,2.685,1969
Zimbabwe,ZWE,SDGs,11.409,1970
Zimbabwe,ZWE,SDGs,11.409,1971
Zimbabwe,ZWE,SDGs,11.409,1972
Zimbabwe,ZWE,SDGs,11.409,1973
Zimbabwe,ZWE,SDGs,11.409,1974
Zimbabwe,ZWE,SDGs,11.409,1975
Zimbabwe,ZWE,SDGs,11.409,1976
Zimbabwe,ZWE,SDGs,11.409,1977
Zimbabwe,ZWE,SDGs,11.409,1978
Zimbabwe,ZWE,SDGs,11.409,1979
Zimbabwe,ZWE,SDGs,11.409,1980
Zimbabwe,ZWE,SDGs,12.081,1981
Zimbabwe,ZWE,SDGs,14.094,1982
Zimbabwe,ZWE,SDGs,12.081,1983
Zimbabwe,ZWE,SDGs,12.081,1984
Zimbabwe,ZWE,SDGs,12.081,1985
Zimbabwe,ZWE,SDGs,12.081,1986
Zimbabwe,ZWE,SDGs,14.094,1987
Zimbabwe,ZWE,SDGs,14.094,1988
Zimbabwe,ZWE,SDGs,12.081,1989
Zimbabwe,ZWE,SDGs,16.107,1990
Zimbabwe,ZWE,SDGs,20.134,1991
Zimbabwe,ZWE,SDGs,20.134,1992
Zimbabwe,ZWE,SDGs,20.134,1993
Zimbabwe,ZWE,SDGs,24.832,1994
Zimbabwe,ZWE,SDGs,20.134,1995
Zimbabwe,ZWE,SDGs,20.134,1996
Zimbabwe,ZWE,SDGs,24.832,1997
Zimbabwe,ZWE,SDGs,20.805,1998
Zimbabwe,ZWE,SDGs,27.517,1999
Zimbabwe,ZWE,SDGs,65.772,2000
Zimbabwe,ZWE,SDGs,33.557,2001
Zimbabwe,ZWE,SDGs,33.557,2002
Zimbabwe,ZWE,SDGs,33.557,2003
Zimbabwe,ZWE,SDGs,37.584,2004
Zimbabwe,ZWE,SDGs,35.570,2005
Zimbabwe,ZWE,SDGs,36.913,2006
Zimbabwe,ZWE,SDGs,33.557,2007
Zimbabwe,ZWE,SDGs,33.557,2008
Zimbabwe,ZWE,SDGs,34.228,2009
Zimbabwe,ZWE,SDGs,65.772,2010
Zimbabwe,ZWE,SDGs,42.953,2011
Zimbabwe,ZWE,SDGs,33.557,2012
Zimbabwe,ZWE,SDGs,33.557,2013
Zimbabwe,ZWE,SDGs,40.268,2014
Zimbabwe,ZWE,SDGs,69.799,2015
Zimbabwe,ZWE,SDGs,33.557,2016
Zimbabwe,ZWE,SDGs,35.570,2017
Zimbabwe,ZWE,SDGs,36.913,2018
Zimbabwe,ZWE,SDGs,75.839,2019
Zimbabwe,ZWE,SDGs,27.517,2020
Zimbabwe,ZWE,SDGs,28.859,2021
Zimbabwe,ZWE,SDGs,26.846,2022
Zimbabwe,ZWE,SDGs,18.121,2023
Zimbabwe,ZWE,Technology,0.000,1960
Zimbabwe,ZWE,Technology,0.000,1961
Zimbabwe,ZWE,Technology,0.000,1962
Zimbabwe,ZWE,Technology,0.000,1963
Zimbabwe,ZWE,Technology,0.000,1964
Zimbabwe,ZWE,Technology,0.000,1965
Zimbabwe,ZWE,Technology,0.000,1966
Zimbabwe,ZWE,Technology,0.000,1967
Zimbabwe,ZWE,Technology,0.000,1968
Zimbabwe,ZWE,Technology,0.000,1969
Zimbabwe,ZWE,Technology,0.000,1970
Zimbabwe,ZWE,Technology,0.000,1971
Zimbabwe,ZWE,Technology,0.000,1972
Zimbabwe,ZWE,Technology,0.000,1973
Zimbabwe,ZWE,Technology,0.000,1974
Zimbabwe,ZWE,Technology,0.000,1975
Zimbabwe,ZWE,Technology,0.000,1976
Zimbabwe,ZWE,Technology,0.000,1977
Zimbabwe,ZWE,Technology,0.000,1978
Zimbabwe,ZWE,Technology,0.000,1979
Zimbabwe,ZWE,Technology,0.000,1980
Zimbabwe,ZWE,Technology,0.000,1981
Zimbabwe,ZWE,Technology,0.000,1982
Zimbabwe,ZWE,Technology,0.000,1983
Zimbabwe,ZWE,Technology,0.000,1984
Zimbabwe,ZWE,Technology,0.000,1985
Zimbabwe,ZWE,Technology,0.000,1986
Zimbabwe,ZWE,Technology,0.000,1987
Zimbabwe,ZWE,Technology,0.000,1988
Zimbabwe,ZWE,Technology,0.000,1989
Zimbabwe,ZWE,Technology,2.222,1990
Zimbabwe,ZWE,Technology,2.222,1991
Zimbabwe,ZWE,Technology,2.222,1992
Zimbabwe,ZWE,Technology,2.222,1993
Zimbabwe,ZWE,Technology,2.222,1994
Zimbabwe,ZWE,Technology,2.222,1995
Zimbabwe,ZWE,Technology,2.222,1996
Zimbabwe,ZWE,Technology,2.222,1997
Zimbabwe,ZWE,Technology,2.222,1998
Zimbabwe,ZWE,Technology,2.222,1999
Zimbabwe,ZWE,Technology,2.222,2000
Zimbabwe,ZWE,Technology,2.222,2001
Zimbabwe,ZWE,Technology,2.222,2002
Zimbabwe,ZWE,Technology,2.222,2003
Zimbabwe,ZWE,Technology,2.222,2004
Zimbabwe,ZWE,Technology,2.222,2005
Zimbabwe,ZWE,Technology,2.222,2006
Zimbabwe,ZWE,Technology,2.222,2007
Zimbabwe,ZWE,Technology,2.222,2008
Zimbabwe,ZWE,Technology,2.222,2009
Zimbabwe,ZWE,Technology,8.889,2010
Zimbabwe,ZWE,Technology,15.556,2011
Zimbabwe,ZWE,Technology,8.889,2012
Zimbabwe,ZWE,Technology,4.444,2013
Zimbabwe,ZWE,Technology,40.000,2014
Zimbabwe,ZWE,Technology,8.889,2015
Zimbabwe,ZWE,Technology,2.222,2016
Zimbabwe,ZWE,Technology,55.556,2017
Zimbabwe,ZWE,Technology,2.222,2018
Zimbabwe,ZWE,Technology,2.222,2019
Zimbabwe,ZWE,Technology,6.667,2020
Zimbabwe,ZWE,Technology,82.222,2021
Zimbabwe,ZWE,Technology,2.222,2022
Zimbabwe,ZWE,Technology,0.000,2023
Zimbabwe,ZWE,Violence,0.000,1960
Zimbabwe,ZWE,Violence,0.000,1961
Zimbabwe,ZWE,Violence,0.000,1962
Zimbabwe,ZWE,Violence,0.000,1963
Zimbabwe,ZWE,Violence,0.000,1964
Zimbabwe,ZWE,Violence,0.000,1965
Zimbabwe,ZWE,Violence,0.000,1966
Zimbabwe,ZWE,Violence,0.000,1967
Zimbabwe,ZWE,Violence,0.000,1968
Zimbabwe,ZWE,Violence,0.000,1969
Zimbabwe,ZWE,Violence,2.143,1970
Zimbabwe,ZWE,Violence,2.143,1971
Zimbabwe,ZWE,Violence,2.143,1972
Zimbabwe,ZWE,Violence,2.143,1973
Zimbabwe,ZWE,Violence,2.143,1974
Zimbabwe,ZWE,Violence,2.143,1975
Zimbabwe,ZWE,Violence,2.143,1976
Zimbabwe,ZWE,Violence,2.143,1977
Zimbabwe,ZWE,Violence,2.143,1978
Zimbabwe,ZWE,Violence,2.143,1979
Zimbabwe,ZWE,Violence,2.143,1980
Zimbabwe,ZWE,Violence,2.143,1981
Zimbabwe,ZWE,Violence,2.143,1982
Zimbabwe,ZWE,Violence,2.143,1983
Zimbabwe,ZWE,Violence,2.143,1984
Zimbabwe,ZWE,Violence,2.143,1985
Zimbabwe,ZWE,Violence,2.143,1986
Zimbabwe,ZWE,Violence,2.143,1987
Zimbabwe,ZWE,Violence,3.571,1988
Zimbabwe,ZWE,Violence,2.143,1989
Zimbabwe,ZWE,Violence,4.286,1990
Zimbabwe,ZWE,Violence,2.143,1991
Zimbabwe,ZWE,Violence,2.143,1992
Zimbabwe,ZWE,Violence,2.143,1993
Zimbabwe,ZWE,Violence,6.429,1994
Zimbabwe,ZWE,Violence,2.143,1995
Zimbabwe,ZWE,Violence,2.143,1996
Zimbabwe,ZWE,Violence,2.143,1997
Zimbabwe,ZWE,Violence,2.143,1998
Zimbabwe,ZWE,Violence,45.000,1999
Zimbabwe,ZWE,Violence,4.286,2000
Zimbabwe,ZWE,Violence,5.000,2001
Zimbabwe,ZWE,Violence,5.000,2002
Zimbabwe,ZWE,Violence,5.000,2003
Zimbabwe,ZWE,Violence,5.000,2004
Zimbabwe,ZWE,Violence,5.000,2005
Zimbabwe,ZWE,Violence,62.857,2006
Zimbabwe,ZWE,Violence,4.286,2007
Zimbabwe,ZWE,Violence,4.286,2008
Zimbabwe,ZWE,Violence,4.286,2009
Zimbabwe,ZWE,Violence,5.000,2010
Zimbabwe,ZWE,Violence,49.286,2011
Zimbabwe,ZWE,Violence,5.000,2012
Zimbabwe,ZWE,Violence,4.286,2013
Zimbabwe,ZWE,Violence,4.286,2014
Zimbabwe,ZWE,Violence,54.286,2015
Zimbabwe,ZWE,Violence,4.286,2016
Zimbabwe,ZWE,Violence,4.286,2017
Zimbabwe,ZWE,Violence,9.286,2018
Zimbabwe,ZWE,Violence,7.857,2019
Zimbabwe,ZWE,Violence,4.286,2020
Zimbabwe,ZWE,Violence,4.286,2021
Zimbabwe,ZWE,Violence,2.143,2022
Zimbabwe,ZWE,Violence,2.143,2023
Zimbabwe,ZWE,Youth 15-24,4.587,1960
Zimbabwe,ZWE,Youth 15-24,4.587,1961
Zimbabwe,ZWE,Youth 15-24,4.587,1962
Zimbabwe,ZWE,Youth 15-24,4.587,1963
Zimbabwe,ZWE,Youth 15-24,4.587,1964
Zimbabwe,ZWE,Youth 15-24,4.587,1965
Zimbabwe,ZWE,Youth 15-24,4.587,1966
Zimbabwe,ZWE,Youth 15-24,4.587,1967
Zimbabwe,ZWE,Youth 15-24,4.587,1968
Zimbabwe,ZWE,Youth 15-24,4.587,1969
Zimbabwe,ZWE,Youth 15-24,14.679,1970
Zimbabwe,ZWE,Youth 15-24,15.596,1971
Zimbabwe,ZWE,Youth 15-24,15.596,1972
Zimbabwe,ZWE,Youth 15-24,15.596,1973
Zimbabwe,ZWE,Youth 15-24,15.596,1974
Zimbabwe,ZWE,Youth 15-24,15.596,1975
Zimbabwe,ZWE,Youth 15-24,15.596,1976
Zimbabwe,ZWE,Youth 15-24,15.596,1977
Zimbabwe,ZWE,Youth 15-24,15.596,1978
Zimbabwe,ZWE,Youth 15-24,15.596,1979
Zimbabwe,ZWE,Youth 15-24,10.092,1980
Zimbabwe,ZWE,Youth 15-24,15.596,1981
Zimbabwe,ZWE,Youth 15-24,25.688,1982
Zimbabwe,ZWE,Youth 15-24,21.101,1983
Zimbabwe,ZWE,Youth 15-24,18.349,1984
Zimbabwe,ZWE,Youth 15-24,15.596,1985
Zimbabwe,ZWE,Youth 15-24,21.101,1986
Zimbabwe,ZWE,Youth 15-24,16.514,1987
Zimbabwe,ZWE,Youth 15-24,15.596,1988
Zimbabwe,ZWE,Youth 15-24,14.679,1989
Zimbabwe,ZWE,Youth 15-24,22.018,1990
Zimbabwe,ZWE,Youth 15-24,28.440,1991
Zimbabwe,ZWE,Youth 15-24,41.284,1992
Zimbabwe,ZWE,Youth 15-24,26.606,1993
Zimbabwe,ZWE,Youth 15-24,32.110,1994
Zimbabwe,ZWE,Youth 15-24,27.523,1995
Zimbabwe,ZWE,Youth 15-24,27.523,1996
Zimbabwe,ZWE,Youth 15-24,29.358,1997
Zimbabwe,ZWE,Youth 15-24,18.349,1998
Zimbabwe,ZWE,Youth 15-24,46.789,1999
Zimbabwe,ZWE,Youth 15-24,32.110,2000
Zimbabwe,ZWE,Youth 15-24,29.358,2001
Zimbabwe,ZWE,Youth 15-24,40.367,2002
Zimbabwe,ZWE,Youth 15-24,32.110,2003
Zimbabwe,ZWE,Youth 15-24,27.523,2004
Zimbabwe,ZWE,Youth 15-24,18.349,2005
Zimbabwe,ZWE,Youth 15-24,26.606,2006
Zimbabwe,ZWE,Youth 15-24,18.349,2007
Zimbabwe,ZWE,Youth 15-24,18.349,2008
Zimbabwe,ZWE,Youth 15-24,19.266,2009
Zimbabwe,ZWE,Youth 15-24,32.110,2010
Zimbabwe,ZWE,Youth 15-24,66.055,2011
Zimbabwe,ZWE,Youth 15-24,54.128,2012
Zimbabwe,ZWE,Youth 15-24,39.450,2013
Zimbabwe,ZWE,Youth 15-24,43.119,2014
Zimbabwe,ZWE,Youth 15-24,47.706,2015
Zimbabwe,ZWE,Youth 15-24,22.018,2016
Zimbabwe,ZWE,Youth 15-24,30.275,2017
Zimbabwe,ZWE,Youth 15-24,22.018,2018
Zimbabwe,ZWE,Youth 15-24,50.459,2019
Zimbabwe,ZWE,Youth 15-24,22.018,2020
Zimbabwe,ZWE,Youth 15-24,41.284,2021
Zimbabwe,ZWE,Youth 15-24,44.954,2022
Zimbabwe,ZWE,Youth 15-24,24.771,2023
