Country Name,Country Code,Topic,% of available indicators,Year
Turkmenistan,TKM,Assets,0.000,1960
Turkmenistan,TKM,Assets,0.000,1961
Turkmenistan,TKM,Assets,0.000,1962
Turkmenistan,TKM,Assets,0.000,1963
Turkmenistan,TKM,Assets,0.000,1964
Turkmenistan,TKM,Assets,0.000,1965
Turkmenistan,TKM,Assets,0.000,1966
Turkmenistan,TKM,Assets,0.000,1967
Turkmenistan,TKM,Assets,0.000,1968
Turkmenistan,TKM,Assets,0.000,1969
Turkmenistan,TKM,Assets,0.000,1970
Turkmenistan,TKM,Assets,0.000,1971
Turkmenistan,TKM,Assets,0.000,1972
Turkmenistan,TKM,Assets,0.000,1973
Turkmenistan,TKM,Assets,0.000,1974
Turkmenistan,TKM,Assets,0.000,1975
Turkmenistan,TKM,Assets,0.000,1976
Turkmenistan,TKM,Assets,0.000,1977
Turkmenistan,TKM,Assets,0.000,1978
Turkmenistan,TKM,Assets,0.000,1979
Turkmenistan,TKM,Assets,0.000,1980
Turkmenistan,TKM,Assets,0.000,1981
Turkmenistan,TKM,Assets,0.000,1982
Turkmenistan,TKM,Assets,0.000,1983
Turkmenistan,TKM,Assets,0.000,1984
Turkmenistan,TKM,Assets,0.000,1985
Turkmenistan,TKM,Assets,0.000,1986
Turkmenistan,TKM,Assets,0.000,1987
Turkmenistan,TKM,Assets,0.000,1988
Turkmenistan,TKM,Assets,0.000,1989
Turkmenistan,TKM,Assets,0.000,1990
Turkmenistan,TKM,Assets,0.000,1991
Turkmenistan,TKM,Assets,0.000,1992
Turkmenistan,TKM,Assets,0.000,1993
Turkmenistan,TKM,Assets,0.000,1994
Turkmenistan,TKM,Assets,0.000,1995
Turkmenistan,TKM,Assets,0.000,1996
Turkmenistan,TKM,Assets,0.000,1997
Turkmenistan,TKM,Assets,0.000,1998
Turkmenistan,TKM,Assets,0.000,1999
Turkmenistan,TKM,Assets,0.000,2000
Turkmenistan,TKM,Assets,0.000,2001
Turkmenistan,TKM,Assets,0.000,2002
Turkmenistan,TKM,Assets,0.000,2003
Turkmenistan,TKM,Assets,0.000,2004
Turkmenistan,TKM,Assets,0.000,2005
Turkmenistan,TKM,Assets,0.000,2006
Turkmenistan,TKM,Assets,0.000,2007
Turkmenistan,TKM,Assets,0.000,2008
Turkmenistan,TKM,Assets,0.000,2009
Turkmenistan,TKM,Assets,0.000,2010
Turkmenistan,TKM,Assets,8.517,2011
Turkmenistan,TKM,Assets,0.000,2012
Turkmenistan,TKM,Assets,0.000,2013
Turkmenistan,TKM,Assets,0.000,2014
Turkmenistan,TKM,Assets,0.000,2015
Turkmenistan,TKM,Assets,0.000,2016
Turkmenistan,TKM,Assets,30.915,2017
Turkmenistan,TKM,Assets,0.000,2018
Turkmenistan,TKM,Assets,0.000,2019
Turkmenistan,TKM,Assets,0.000,2020
Turkmenistan,TKM,Assets,0.000,2021
Turkmenistan,TKM,Assets,0.000,2022
Turkmenistan,TKM,Assets,0.000,2023
Turkmenistan,TKM,Children 0-14,10.769,1960
Turkmenistan,TKM,Children 0-14,10.769,1961
Turkmenistan,TKM,Children 0-14,10.769,1962
Turkmenistan,TKM,Children 0-14,10.769,1963
Turkmenistan,TKM,Children 0-14,10.769,1964
Turkmenistan,TKM,Children 0-14,10.769,1965
Turkmenistan,TKM,Children 0-14,10.769,1966
Turkmenistan,TKM,Children 0-14,10.769,1967
Turkmenistan,TKM,Children 0-14,10.769,1968
Turkmenistan,TKM,Children 0-14,10.769,1969
Turkmenistan,TKM,Children 0-14,10.769,1970
Turkmenistan,TKM,Children 0-14,10.769,1971
Turkmenistan,TKM,Children 0-14,10.769,1972
Turkmenistan,TKM,Children 0-14,10.769,1973
Turkmenistan,TKM,Children 0-14,10.769,1974
Turkmenistan,TKM,Children 0-14,10.769,1975
Turkmenistan,TKM,Children 0-14,10.769,1976
Turkmenistan,TKM,Children 0-14,15.385,1977
Turkmenistan,TKM,Children 0-14,17.692,1978
Turkmenistan,TKM,Children 0-14,17.692,1979
Turkmenistan,TKM,Children 0-14,17.692,1980
Turkmenistan,TKM,Children 0-14,17.692,1981
Turkmenistan,TKM,Children 0-14,19.231,1982
Turkmenistan,TKM,Children 0-14,19.231,1983
Turkmenistan,TKM,Children 0-14,19.231,1984
Turkmenistan,TKM,Children 0-14,19.231,1985
Turkmenistan,TKM,Children 0-14,19.231,1986
Turkmenistan,TKM,Children 0-14,19.231,1987
Turkmenistan,TKM,Children 0-14,19.231,1988
Turkmenistan,TKM,Children 0-14,19.231,1989
Turkmenistan,TKM,Children 0-14,19.231,1990
Turkmenistan,TKM,Children 0-14,19.231,1991
Turkmenistan,TKM,Children 0-14,20.769,1992
Turkmenistan,TKM,Children 0-14,20.769,1993
Turkmenistan,TKM,Children 0-14,20.769,1994
Turkmenistan,TKM,Children 0-14,25.385,1995
Turkmenistan,TKM,Children 0-14,20.769,1996
Turkmenistan,TKM,Children 0-14,20.769,1997
Turkmenistan,TKM,Children 0-14,20.769,1998
Turkmenistan,TKM,Children 0-14,20.769,1999
Turkmenistan,TKM,Children 0-14,47.692,2000
Turkmenistan,TKM,Children 0-14,20.769,2001
Turkmenistan,TKM,Children 0-14,20.769,2002
Turkmenistan,TKM,Children 0-14,20.769,2003
Turkmenistan,TKM,Children 0-14,20.769,2004
Turkmenistan,TKM,Children 0-14,20.769,2005
Turkmenistan,TKM,Children 0-14,33.077,2006
Turkmenistan,TKM,Children 0-14,20.769,2007
Turkmenistan,TKM,Children 0-14,20.769,2008
Turkmenistan,TKM,Children 0-14,20.769,2009
Turkmenistan,TKM,Children 0-14,34.615,2010
Turkmenistan,TKM,Children 0-14,20.769,2011
Turkmenistan,TKM,Children 0-14,20.769,2012
Turkmenistan,TKM,Children 0-14,20.769,2013
Turkmenistan,TKM,Children 0-14,23.846,2014
Turkmenistan,TKM,Children 0-14,50.769,2015
Turkmenistan,TKM,Children 0-14,21.538,2016
Turkmenistan,TKM,Children 0-14,20.769,2017
Turkmenistan,TKM,Children 0-14,20.769,2018
Turkmenistan,TKM,Children 0-14,56.154,2019
Turkmenistan,TKM,Children 0-14,24.615,2020
Turkmenistan,TKM,Children 0-14,23.846,2021
Turkmenistan,TKM,Children 0-14,24.615,2022
Turkmenistan,TKM,Children 0-14,9.231,2023
Turkmenistan,TKM,Education,0.000,1960
Turkmenistan,TKM,Education,0.000,1961
Turkmenistan,TKM,Education,0.000,1962
Turkmenistan,TKM,Education,0.000,1963
Turkmenistan,TKM,Education,0.000,1964
Turkmenistan,TKM,Education,0.000,1965
Turkmenistan,TKM,Education,0.000,1966
Turkmenistan,TKM,Education,0.000,1967
Turkmenistan,TKM,Education,0.000,1968
Turkmenistan,TKM,Education,0.000,1969
Turkmenistan,TKM,Education,0.000,1970
Turkmenistan,TKM,Education,0.000,1971
Turkmenistan,TKM,Education,0.000,1972
Turkmenistan,TKM,Education,0.000,1973
Turkmenistan,TKM,Education,0.000,1974
Turkmenistan,TKM,Education,0.000,1975
Turkmenistan,TKM,Education,0.000,1976
Turkmenistan,TKM,Education,0.000,1977
Turkmenistan,TKM,Education,0.000,1978
Turkmenistan,TKM,Education,0.000,1979
Turkmenistan,TKM,Education,0.000,1980
Turkmenistan,TKM,Education,0.613,1981
Turkmenistan,TKM,Education,0.000,1982
Turkmenistan,TKM,Education,0.000,1983
Turkmenistan,TKM,Education,0.000,1984
Turkmenistan,TKM,Education,0.000,1985
Turkmenistan,TKM,Education,0.613,1986
Turkmenistan,TKM,Education,0.000,1987
Turkmenistan,TKM,Education,0.613,1988
Turkmenistan,TKM,Education,0.613,1989
Turkmenistan,TKM,Education,0.613,1990
Turkmenistan,TKM,Education,0.613,1991
Turkmenistan,TKM,Education,0.000,1992
Turkmenistan,TKM,Education,0.000,1993
Turkmenistan,TKM,Education,0.000,1994
Turkmenistan,TKM,Education,15.951,1995
Turkmenistan,TKM,Education,0.000,1996
Turkmenistan,TKM,Education,0.000,1997
Turkmenistan,TKM,Education,0.000,1998
Turkmenistan,TKM,Education,0.000,1999
Turkmenistan,TKM,Education,0.000,2000
Turkmenistan,TKM,Education,0.000,2001
Turkmenistan,TKM,Education,0.000,2002
Turkmenistan,TKM,Education,0.000,2003
Turkmenistan,TKM,Education,0.000,2004
Turkmenistan,TKM,Education,4.294,2005
Turkmenistan,TKM,Education,0.000,2006
Turkmenistan,TKM,Education,0.000,2007
Turkmenistan,TKM,Education,0.000,2008
Turkmenistan,TKM,Education,0.000,2009
Turkmenistan,TKM,Education,0.000,2010
Turkmenistan,TKM,Education,0.000,2011
Turkmenistan,TKM,Education,0.613,2012
Turkmenistan,TKM,Education,0.000,2013
Turkmenistan,TKM,Education,13.497,2014
Turkmenistan,TKM,Education,7.975,2015
Turkmenistan,TKM,Education,0.000,2016
Turkmenistan,TKM,Education,0.000,2017
Turkmenistan,TKM,Education,0.000,2018
Turkmenistan,TKM,Education,22.699,2019
Turkmenistan,TKM,Education,12.883,2020
Turkmenistan,TKM,Education,11.043,2021
Turkmenistan,TKM,Education,11.043,2022
Turkmenistan,TKM,Education,0.613,2023
Turkmenistan,TKM,Employment and Time Use,0.000,1960
Turkmenistan,TKM,Employment and Time Use,0.000,1961
Turkmenistan,TKM,Employment and Time Use,0.000,1962
Turkmenistan,TKM,Employment and Time Use,0.000,1963
Turkmenistan,TKM,Employment and Time Use,0.000,1964
Turkmenistan,TKM,Employment and Time Use,0.000,1965
Turkmenistan,TKM,Employment and Time Use,0.000,1966
Turkmenistan,TKM,Employment and Time Use,0.000,1967
Turkmenistan,TKM,Employment and Time Use,0.000,1968
Turkmenistan,TKM,Employment and Time Use,0.000,1969
Turkmenistan,TKM,Employment and Time Use,0.000,1970
Turkmenistan,TKM,Employment and Time Use,0.000,1971
Turkmenistan,TKM,Employment and Time Use,0.000,1972
Turkmenistan,TKM,Employment and Time Use,0.000,1973
Turkmenistan,TKM,Employment and Time Use,0.000,1974
Turkmenistan,TKM,Employment and Time Use,0.000,1975
Turkmenistan,TKM,Employment and Time Use,0.000,1976
Turkmenistan,TKM,Employment and Time Use,0.000,1977
Turkmenistan,TKM,Employment and Time Use,0.000,1978
Turkmenistan,TKM,Employment and Time Use,0.000,1979
Turkmenistan,TKM,Employment and Time Use,0.000,1980
Turkmenistan,TKM,Employment and Time Use,0.000,1981
Turkmenistan,TKM,Employment and Time Use,0.000,1982
Turkmenistan,TKM,Employment and Time Use,0.000,1983
Turkmenistan,TKM,Employment and Time Use,0.000,1984
Turkmenistan,TKM,Employment and Time Use,0.000,1985
Turkmenistan,TKM,Employment and Time Use,0.000,1986
Turkmenistan,TKM,Employment and Time Use,0.000,1987
Turkmenistan,TKM,Employment and Time Use,0.000,1988
Turkmenistan,TKM,Employment and Time Use,0.000,1989
Turkmenistan,TKM,Employment and Time Use,10.219,1990
Turkmenistan,TKM,Employment and Time Use,35.036,1991
Turkmenistan,TKM,Employment and Time Use,35.036,1992
Turkmenistan,TKM,Employment and Time Use,35.036,1993
Turkmenistan,TKM,Employment and Time Use,35.036,1994
Turkmenistan,TKM,Employment and Time Use,35.036,1995
Turkmenistan,TKM,Employment and Time Use,35.036,1996
Turkmenistan,TKM,Employment and Time Use,35.036,1997
Turkmenistan,TKM,Employment and Time Use,35.036,1998
Turkmenistan,TKM,Employment and Time Use,36.496,1999
Turkmenistan,TKM,Employment and Time Use,35.036,2000
Turkmenistan,TKM,Employment and Time Use,35.036,2001
Turkmenistan,TKM,Employment and Time Use,35.036,2002
Turkmenistan,TKM,Employment and Time Use,35.036,2003
Turkmenistan,TKM,Employment and Time Use,35.036,2004
Turkmenistan,TKM,Employment and Time Use,35.036,2005
Turkmenistan,TKM,Employment and Time Use,35.036,2006
Turkmenistan,TKM,Employment and Time Use,35.036,2007
Turkmenistan,TKM,Employment and Time Use,35.036,2008
Turkmenistan,TKM,Employment and Time Use,37.226,2009
Turkmenistan,TKM,Employment and Time Use,37.226,2010
Turkmenistan,TKM,Employment and Time Use,35.036,2011
Turkmenistan,TKM,Employment and Time Use,35.036,2012
Turkmenistan,TKM,Employment and Time Use,35.036,2013
Turkmenistan,TKM,Employment and Time Use,35.036,2014
Turkmenistan,TKM,Employment and Time Use,35.036,2015
Turkmenistan,TKM,Employment and Time Use,35.036,2016
Turkmenistan,TKM,Employment and Time Use,35.036,2017
Turkmenistan,TKM,Employment and Time Use,35.036,2018
Turkmenistan,TKM,Employment and Time Use,35.036,2019
Turkmenistan,TKM,Employment and Time Use,35.036,2020
Turkmenistan,TKM,Employment and Time Use,35.036,2021
Turkmenistan,TKM,Employment and Time Use,35.036,2022
Turkmenistan,TKM,Employment and Time Use,35.036,2023
Turkmenistan,TKM,Entrepreneurship,0.000,1960
Turkmenistan,TKM,Entrepreneurship,0.000,1961
Turkmenistan,TKM,Entrepreneurship,0.000,1962
Turkmenistan,TKM,Entrepreneurship,0.000,1963
Turkmenistan,TKM,Entrepreneurship,0.000,1964
Turkmenistan,TKM,Entrepreneurship,0.000,1965
Turkmenistan,TKM,Entrepreneurship,0.000,1966
Turkmenistan,TKM,Entrepreneurship,0.000,1967
Turkmenistan,TKM,Entrepreneurship,0.000,1968
Turkmenistan,TKM,Entrepreneurship,0.000,1969
Turkmenistan,TKM,Entrepreneurship,0.000,1970
Turkmenistan,TKM,Entrepreneurship,0.000,1971
Turkmenistan,TKM,Entrepreneurship,0.000,1972
Turkmenistan,TKM,Entrepreneurship,0.000,1973
Turkmenistan,TKM,Entrepreneurship,0.000,1974
Turkmenistan,TKM,Entrepreneurship,0.000,1975
Turkmenistan,TKM,Entrepreneurship,0.000,1976
Turkmenistan,TKM,Entrepreneurship,0.000,1977
Turkmenistan,TKM,Entrepreneurship,0.000,1978
Turkmenistan,TKM,Entrepreneurship,0.000,1979
Turkmenistan,TKM,Entrepreneurship,0.000,1980
Turkmenistan,TKM,Entrepreneurship,0.000,1981
Turkmenistan,TKM,Entrepreneurship,0.000,1982
Turkmenistan,TKM,Entrepreneurship,0.000,1983
Turkmenistan,TKM,Entrepreneurship,0.000,1984
Turkmenistan,TKM,Entrepreneurship,0.000,1985
Turkmenistan,TKM,Entrepreneurship,0.000,1986
Turkmenistan,TKM,Entrepreneurship,0.000,1987
Turkmenistan,TKM,Entrepreneurship,0.000,1988
Turkmenistan,TKM,Entrepreneurship,0.000,1989
Turkmenistan,TKM,Entrepreneurship,0.000,1990
Turkmenistan,TKM,Entrepreneurship,0.000,1991
Turkmenistan,TKM,Entrepreneurship,0.000,1992
Turkmenistan,TKM,Entrepreneurship,0.000,1993
Turkmenistan,TKM,Entrepreneurship,0.000,1994
Turkmenistan,TKM,Entrepreneurship,0.000,1995
Turkmenistan,TKM,Entrepreneurship,0.000,1996
Turkmenistan,TKM,Entrepreneurship,0.000,1997
Turkmenistan,TKM,Entrepreneurship,0.000,1998
Turkmenistan,TKM,Entrepreneurship,0.000,1999
Turkmenistan,TKM,Entrepreneurship,0.000,2000
Turkmenistan,TKM,Entrepreneurship,0.000,2001
Turkmenistan,TKM,Entrepreneurship,0.000,2002
Turkmenistan,TKM,Entrepreneurship,0.000,2003
Turkmenistan,TKM,Entrepreneurship,0.000,2004
Turkmenistan,TKM,Entrepreneurship,0.000,2005
Turkmenistan,TKM,Entrepreneurship,0.000,2006
Turkmenistan,TKM,Entrepreneurship,0.000,2007
Turkmenistan,TKM,Entrepreneurship,0.000,2008
Turkmenistan,TKM,Entrepreneurship,0.000,2009
Turkmenistan,TKM,Entrepreneurship,0.000,2010
Turkmenistan,TKM,Entrepreneurship,0.000,2011
Turkmenistan,TKM,Entrepreneurship,0.000,2012
Turkmenistan,TKM,Entrepreneurship,0.000,2013
Turkmenistan,TKM,Entrepreneurship,0.000,2014
Turkmenistan,TKM,Entrepreneurship,0.000,2015
Turkmenistan,TKM,Entrepreneurship,0.000,2016
Turkmenistan,TKM,Entrepreneurship,18.750,2017
Turkmenistan,TKM,Entrepreneurship,0.000,2018
Turkmenistan,TKM,Entrepreneurship,0.000,2019
Turkmenistan,TKM,Entrepreneurship,0.000,2020
Turkmenistan,TKM,Entrepreneurship,0.000,2021
Turkmenistan,TKM,Entrepreneurship,0.000,2022
Turkmenistan,TKM,Entrepreneurship,0.000,2023
Turkmenistan,TKM,Environment,0.000,1960
Turkmenistan,TKM,Environment,0.000,1961
Turkmenistan,TKM,Environment,0.000,1962
Turkmenistan,TKM,Environment,0.000,1963
Turkmenistan,TKM,Environment,0.000,1964
Turkmenistan,TKM,Environment,0.000,1965
Turkmenistan,TKM,Environment,0.000,1966
Turkmenistan,TKM,Environment,0.000,1967
Turkmenistan,TKM,Environment,0.000,1968
Turkmenistan,TKM,Environment,0.000,1969
Turkmenistan,TKM,Environment,0.000,1970
Turkmenistan,TKM,Environment,0.000,1971
Turkmenistan,TKM,Environment,0.000,1972
Turkmenistan,TKM,Environment,0.000,1973
Turkmenistan,TKM,Environment,0.000,1974
Turkmenistan,TKM,Environment,0.000,1975
Turkmenistan,TKM,Environment,0.000,1976
Turkmenistan,TKM,Environment,0.000,1977
Turkmenistan,TKM,Environment,0.000,1978
Turkmenistan,TKM,Environment,0.000,1979
Turkmenistan,TKM,Environment,0.000,1980
Turkmenistan,TKM,Environment,0.000,1981
Turkmenistan,TKM,Environment,0.000,1982
Turkmenistan,TKM,Environment,0.000,1983
Turkmenistan,TKM,Environment,0.000,1984
Turkmenistan,TKM,Environment,0.000,1985
Turkmenistan,TKM,Environment,0.000,1986
Turkmenistan,TKM,Environment,0.000,1987
Turkmenistan,TKM,Environment,0.000,1988
Turkmenistan,TKM,Environment,0.000,1989
Turkmenistan,TKM,Environment,0.000,1990
Turkmenistan,TKM,Environment,0.000,1991
Turkmenistan,TKM,Environment,0.000,1992
Turkmenistan,TKM,Environment,0.000,1993
Turkmenistan,TKM,Environment,0.000,1994
Turkmenistan,TKM,Environment,0.000,1995
Turkmenistan,TKM,Environment,0.000,1996
Turkmenistan,TKM,Environment,0.000,1997
Turkmenistan,TKM,Environment,0.000,1998
Turkmenistan,TKM,Environment,0.000,1999
Turkmenistan,TKM,Environment,33.333,2000
Turkmenistan,TKM,Environment,10.000,2001
Turkmenistan,TKM,Environment,10.000,2002
Turkmenistan,TKM,Environment,10.000,2003
Turkmenistan,TKM,Environment,10.000,2004
Turkmenistan,TKM,Environment,10.000,2005
Turkmenistan,TKM,Environment,10.000,2006
Turkmenistan,TKM,Environment,10.000,2007
Turkmenistan,TKM,Environment,10.000,2008
Turkmenistan,TKM,Environment,10.000,2009
Turkmenistan,TKM,Environment,10.000,2010
Turkmenistan,TKM,Environment,10.000,2011
Turkmenistan,TKM,Environment,10.000,2012
Turkmenistan,TKM,Environment,10.000,2013
Turkmenistan,TKM,Environment,10.000,2014
Turkmenistan,TKM,Environment,10.000,2015
Turkmenistan,TKM,Environment,10.000,2016
Turkmenistan,TKM,Environment,20.000,2017
Turkmenistan,TKM,Environment,10.000,2018
Turkmenistan,TKM,Environment,40.000,2019
Turkmenistan,TKM,Environment,10.000,2020
Turkmenistan,TKM,Environment,10.000,2021
Turkmenistan,TKM,Environment,10.000,2022
Turkmenistan,TKM,Environment,0.000,2023
Turkmenistan,TKM,Health,3.030,1960
Turkmenistan,TKM,Health,3.030,1961
Turkmenistan,TKM,Health,3.030,1962
Turkmenistan,TKM,Health,3.030,1963
Turkmenistan,TKM,Health,3.030,1964
Turkmenistan,TKM,Health,3.030,1965
Turkmenistan,TKM,Health,3.030,1966
Turkmenistan,TKM,Health,3.030,1967
Turkmenistan,TKM,Health,3.030,1968
Turkmenistan,TKM,Health,3.030,1969
Turkmenistan,TKM,Health,3.030,1970
Turkmenistan,TKM,Health,3.030,1971
Turkmenistan,TKM,Health,3.030,1972
Turkmenistan,TKM,Health,3.030,1973
Turkmenistan,TKM,Health,3.030,1974
Turkmenistan,TKM,Health,5.556,1975
Turkmenistan,TKM,Health,5.556,1976
Turkmenistan,TKM,Health,8.586,1977
Turkmenistan,TKM,Health,10.101,1978
Turkmenistan,TKM,Health,10.101,1979
Turkmenistan,TKM,Health,10.101,1980
Turkmenistan,TKM,Health,10.101,1981
Turkmenistan,TKM,Health,11.111,1982
Turkmenistan,TKM,Health,11.111,1983
Turkmenistan,TKM,Health,11.111,1984
Turkmenistan,TKM,Health,11.616,1985
Turkmenistan,TKM,Health,11.616,1986
Turkmenistan,TKM,Health,11.616,1987
Turkmenistan,TKM,Health,11.616,1988
Turkmenistan,TKM,Health,11.616,1989
Turkmenistan,TKM,Health,12.121,1990
Turkmenistan,TKM,Health,12.121,1991
Turkmenistan,TKM,Health,13.131,1992
Turkmenistan,TKM,Health,13.131,1993
Turkmenistan,TKM,Health,13.131,1994
Turkmenistan,TKM,Health,13.131,1995
Turkmenistan,TKM,Health,13.636,1996
Turkmenistan,TKM,Health,13.131,1997
Turkmenistan,TKM,Health,13.131,1998
Turkmenistan,TKM,Health,13.131,1999
Turkmenistan,TKM,Health,72.727,2000
Turkmenistan,TKM,Health,26.768,2001
Turkmenistan,TKM,Health,27.273,2002
Turkmenistan,TKM,Health,27.273,2003
Turkmenistan,TKM,Health,27.273,2004
Turkmenistan,TKM,Health,28.788,2005
Turkmenistan,TKM,Health,37.374,2006
Turkmenistan,TKM,Health,26.768,2007
Turkmenistan,TKM,Health,26.768,2008
Turkmenistan,TKM,Health,26.768,2009
Turkmenistan,TKM,Health,51.010,2010
Turkmenistan,TKM,Health,26.768,2011
Turkmenistan,TKM,Health,26.768,2012
Turkmenistan,TKM,Health,26.768,2013
Turkmenistan,TKM,Health,26.768,2014
Turkmenistan,TKM,Health,59.091,2015
Turkmenistan,TKM,Health,30.303,2016
Turkmenistan,TKM,Health,25.253,2017
Turkmenistan,TKM,Health,25.253,2018
Turkmenistan,TKM,Health,66.667,2019
Turkmenistan,TKM,Health,17.677,2020
Turkmenistan,TKM,Health,12.626,2021
Turkmenistan,TKM,Health,11.616,2022
Turkmenistan,TKM,Health,1.010,2023
Turkmenistan,TKM,Leadership,0.000,1960
Turkmenistan,TKM,Leadership,0.000,1961
Turkmenistan,TKM,Leadership,0.000,1962
Turkmenistan,TKM,Leadership,0.000,1963
Turkmenistan,TKM,Leadership,0.000,1964
Turkmenistan,TKM,Leadership,0.000,1965
Turkmenistan,TKM,Leadership,0.000,1966
Turkmenistan,TKM,Leadership,0.000,1967
Turkmenistan,TKM,Leadership,0.000,1968
Turkmenistan,TKM,Leadership,0.000,1969
Turkmenistan,TKM,Leadership,0.000,1970
Turkmenistan,TKM,Leadership,0.000,1971
Turkmenistan,TKM,Leadership,0.000,1972
Turkmenistan,TKM,Leadership,0.000,1973
Turkmenistan,TKM,Leadership,0.000,1974
Turkmenistan,TKM,Leadership,0.000,1975
Turkmenistan,TKM,Leadership,0.000,1976
Turkmenistan,TKM,Leadership,0.000,1977
Turkmenistan,TKM,Leadership,0.000,1978
Turkmenistan,TKM,Leadership,0.000,1979
Turkmenistan,TKM,Leadership,0.000,1980
Turkmenistan,TKM,Leadership,0.000,1981
Turkmenistan,TKM,Leadership,0.000,1982
Turkmenistan,TKM,Leadership,0.000,1983
Turkmenistan,TKM,Leadership,0.000,1984
Turkmenistan,TKM,Leadership,0.000,1985
Turkmenistan,TKM,Leadership,0.000,1986
Turkmenistan,TKM,Leadership,0.000,1987
Turkmenistan,TKM,Leadership,0.000,1988
Turkmenistan,TKM,Leadership,0.000,1989
Turkmenistan,TKM,Leadership,0.000,1990
Turkmenistan,TKM,Leadership,0.000,1991
Turkmenistan,TKM,Leadership,0.000,1992
Turkmenistan,TKM,Leadership,0.000,1993
Turkmenistan,TKM,Leadership,0.000,1994
Turkmenistan,TKM,Leadership,0.000,1995
Turkmenistan,TKM,Leadership,0.000,1996
Turkmenistan,TKM,Leadership,25.000,1997
Turkmenistan,TKM,Leadership,25.000,1998
Turkmenistan,TKM,Leadership,0.000,1999
Turkmenistan,TKM,Leadership,25.000,2000
Turkmenistan,TKM,Leadership,25.000,2001
Turkmenistan,TKM,Leadership,25.000,2002
Turkmenistan,TKM,Leadership,25.000,2003
Turkmenistan,TKM,Leadership,0.000,2004
Turkmenistan,TKM,Leadership,50.000,2005
Turkmenistan,TKM,Leadership,25.000,2006
Turkmenistan,TKM,Leadership,25.000,2007
Turkmenistan,TKM,Leadership,25.000,2008
Turkmenistan,TKM,Leadership,25.000,2009
Turkmenistan,TKM,Leadership,50.000,2010
Turkmenistan,TKM,Leadership,25.000,2011
Turkmenistan,TKM,Leadership,50.000,2012
Turkmenistan,TKM,Leadership,25.000,2013
Turkmenistan,TKM,Leadership,50.000,2014
Turkmenistan,TKM,Leadership,50.000,2015
Turkmenistan,TKM,Leadership,50.000,2016
Turkmenistan,TKM,Leadership,25.000,2017
Turkmenistan,TKM,Leadership,50.000,2018
Turkmenistan,TKM,Leadership,50.000,2019
Turkmenistan,TKM,Leadership,50.000,2020
Turkmenistan,TKM,Leadership,25.000,2021
Turkmenistan,TKM,Leadership,50.000,2022
Turkmenistan,TKM,Leadership,25.000,2023
Turkmenistan,TKM,Norms and Decision-making,0.000,1960
Turkmenistan,TKM,Norms and Decision-making,0.000,1961
Turkmenistan,TKM,Norms and Decision-making,0.000,1962
Turkmenistan,TKM,Norms and Decision-making,0.000,1963
Turkmenistan,TKM,Norms and Decision-making,0.000,1964
Turkmenistan,TKM,Norms and Decision-making,0.000,1965
Turkmenistan,TKM,Norms and Decision-making,0.000,1966
Turkmenistan,TKM,Norms and Decision-making,0.000,1967
Turkmenistan,TKM,Norms and Decision-making,0.000,1968
Turkmenistan,TKM,Norms and Decision-making,0.000,1969
Turkmenistan,TKM,Norms and Decision-making,0.000,1970
Turkmenistan,TKM,Norms and Decision-making,0.000,1971
Turkmenistan,TKM,Norms and Decision-making,0.000,1972
Turkmenistan,TKM,Norms and Decision-making,0.000,1973
Turkmenistan,TKM,Norms and Decision-making,0.000,1974
Turkmenistan,TKM,Norms and Decision-making,0.000,1975
Turkmenistan,TKM,Norms and Decision-making,0.000,1976
Turkmenistan,TKM,Norms and Decision-making,0.000,1977
Turkmenistan,TKM,Norms and Decision-making,0.000,1978
Turkmenistan,TKM,Norms and Decision-making,0.000,1979
Turkmenistan,TKM,Norms and Decision-making,0.000,1980
Turkmenistan,TKM,Norms and Decision-making,0.000,1981
Turkmenistan,TKM,Norms and Decision-making,0.000,1982
Turkmenistan,TKM,Norms and Decision-making,0.000,1983
Turkmenistan,TKM,Norms and Decision-making,0.000,1984
Turkmenistan,TKM,Norms and Decision-making,0.000,1985
Turkmenistan,TKM,Norms and Decision-making,0.000,1986
Turkmenistan,TKM,Norms and Decision-making,0.000,1987
Turkmenistan,TKM,Norms and Decision-making,0.000,1988
Turkmenistan,TKM,Norms and Decision-making,0.000,1989
Turkmenistan,TKM,Norms and Decision-making,0.000,1990
Turkmenistan,TKM,Norms and Decision-making,0.000,1991
Turkmenistan,TKM,Norms and Decision-making,0.000,1992
Turkmenistan,TKM,Norms and Decision-making,0.000,1993
Turkmenistan,TKM,Norms and Decision-making,0.000,1994
Turkmenistan,TKM,Norms and Decision-making,0.000,1995
Turkmenistan,TKM,Norms and Decision-making,0.000,1996
Turkmenistan,TKM,Norms and Decision-making,0.000,1997
Turkmenistan,TKM,Norms and Decision-making,0.000,1998
Turkmenistan,TKM,Norms and Decision-making,0.000,1999
Turkmenistan,TKM,Norms and Decision-making,63.704,2000
Turkmenistan,TKM,Norms and Decision-making,0.000,2001
Turkmenistan,TKM,Norms and Decision-making,0.000,2002
Turkmenistan,TKM,Norms and Decision-making,0.000,2003
Turkmenistan,TKM,Norms and Decision-making,0.000,2004
Turkmenistan,TKM,Norms and Decision-making,0.000,2005
Turkmenistan,TKM,Norms and Decision-making,2.222,2006
Turkmenistan,TKM,Norms and Decision-making,0.000,2007
Turkmenistan,TKM,Norms and Decision-making,0.000,2008
Turkmenistan,TKM,Norms and Decision-making,0.000,2009
Turkmenistan,TKM,Norms and Decision-making,0.000,2010
Turkmenistan,TKM,Norms and Decision-making,0.000,2011
Turkmenistan,TKM,Norms and Decision-making,0.000,2012
Turkmenistan,TKM,Norms and Decision-making,0.000,2013
Turkmenistan,TKM,Norms and Decision-making,0.000,2014
Turkmenistan,TKM,Norms and Decision-making,0.741,2015
Turkmenistan,TKM,Norms and Decision-making,1.481,2016
Turkmenistan,TKM,Norms and Decision-making,0.000,2017
Turkmenistan,TKM,Norms and Decision-making,0.000,2018
Turkmenistan,TKM,Norms and Decision-making,2.222,2019
Turkmenistan,TKM,Norms and Decision-making,0.000,2020
Turkmenistan,TKM,Norms and Decision-making,0.000,2021
Turkmenistan,TKM,Norms and Decision-making,0.000,2022
Turkmenistan,TKM,Norms and Decision-making,0.000,2023
Turkmenistan,TKM,Population,86.905,1960
Turkmenistan,TKM,Population,86.905,1961
Turkmenistan,TKM,Population,86.905,1962
Turkmenistan,TKM,Population,86.905,1963
Turkmenistan,TKM,Population,86.905,1964
Turkmenistan,TKM,Population,86.905,1965
Turkmenistan,TKM,Population,86.905,1966
Turkmenistan,TKM,Population,86.905,1967
Turkmenistan,TKM,Population,86.905,1968
Turkmenistan,TKM,Population,86.905,1969
Turkmenistan,TKM,Population,86.905,1970
Turkmenistan,TKM,Population,86.905,1971
Turkmenistan,TKM,Population,86.905,1972
Turkmenistan,TKM,Population,86.905,1973
Turkmenistan,TKM,Population,86.905,1974
Turkmenistan,TKM,Population,86.905,1975
Turkmenistan,TKM,Population,86.905,1976
Turkmenistan,TKM,Population,86.905,1977
Turkmenistan,TKM,Population,86.905,1978
Turkmenistan,TKM,Population,86.905,1979
Turkmenistan,TKM,Population,91.667,1980
Turkmenistan,TKM,Population,86.905,1981
Turkmenistan,TKM,Population,86.905,1982
Turkmenistan,TKM,Population,86.905,1983
Turkmenistan,TKM,Population,86.905,1984
Turkmenistan,TKM,Population,91.667,1985
Turkmenistan,TKM,Population,86.905,1986
Turkmenistan,TKM,Population,86.905,1987
Turkmenistan,TKM,Population,86.905,1988
Turkmenistan,TKM,Population,86.905,1989
Turkmenistan,TKM,Population,92.857,1990
Turkmenistan,TKM,Population,86.905,1991
Turkmenistan,TKM,Population,86.905,1992
Turkmenistan,TKM,Population,86.905,1993
Turkmenistan,TKM,Population,86.905,1994
Turkmenistan,TKM,Population,92.857,1995
Turkmenistan,TKM,Population,86.905,1996
Turkmenistan,TKM,Population,86.905,1997
Turkmenistan,TKM,Population,86.905,1998
Turkmenistan,TKM,Population,86.905,1999
Turkmenistan,TKM,Population,95.238,2000
Turkmenistan,TKM,Population,86.905,2001
Turkmenistan,TKM,Population,86.905,2002
Turkmenistan,TKM,Population,86.905,2003
Turkmenistan,TKM,Population,86.905,2004
Turkmenistan,TKM,Population,92.857,2005
Turkmenistan,TKM,Population,89.286,2006
Turkmenistan,TKM,Population,86.905,2007
Turkmenistan,TKM,Population,86.905,2008
Turkmenistan,TKM,Population,86.905,2009
Turkmenistan,TKM,Population,92.857,2010
Turkmenistan,TKM,Population,86.905,2011
Turkmenistan,TKM,Population,86.905,2012
Turkmenistan,TKM,Population,86.905,2013
Turkmenistan,TKM,Population,86.905,2014
Turkmenistan,TKM,Population,94.048,2015
Turkmenistan,TKM,Population,88.095,2016
Turkmenistan,TKM,Population,86.905,2017
Turkmenistan,TKM,Population,86.905,2018
Turkmenistan,TKM,Population,90.476,2019
Turkmenistan,TKM,Population,88.095,2020
Turkmenistan,TKM,Population,86.905,2021
Turkmenistan,TKM,Population,86.905,2022
Turkmenistan,TKM,Population,77.381,2023
Turkmenistan,TKM,SDGs,0.671,1960
Turkmenistan,TKM,SDGs,0.671,1961
Turkmenistan,TKM,SDGs,0.671,1962
Turkmenistan,TKM,SDGs,0.671,1963
Turkmenistan,TKM,SDGs,0.671,1964
Turkmenistan,TKM,SDGs,0.671,1965
Turkmenistan,TKM,SDGs,0.671,1966
Turkmenistan,TKM,SDGs,0.671,1967
Turkmenistan,TKM,SDGs,0.671,1968
Turkmenistan,TKM,SDGs,0.671,1969
Turkmenistan,TKM,SDGs,0.671,1970
Turkmenistan,TKM,SDGs,0.671,1971
Turkmenistan,TKM,SDGs,0.671,1972
Turkmenistan,TKM,SDGs,0.671,1973
Turkmenistan,TKM,SDGs,0.671,1974
Turkmenistan,TKM,SDGs,0.671,1975
Turkmenistan,TKM,SDGs,0.671,1976
Turkmenistan,TKM,SDGs,2.685,1977
Turkmenistan,TKM,SDGs,2.685,1978
Turkmenistan,TKM,SDGs,2.685,1979
Turkmenistan,TKM,SDGs,2.685,1980
Turkmenistan,TKM,SDGs,2.685,1981
Turkmenistan,TKM,SDGs,2.685,1982
Turkmenistan,TKM,SDGs,2.685,1983
Turkmenistan,TKM,SDGs,2.685,1984
Turkmenistan,TKM,SDGs,3.356,1985
Turkmenistan,TKM,SDGs,3.356,1986
Turkmenistan,TKM,SDGs,3.356,1987
Turkmenistan,TKM,SDGs,3.356,1988
Turkmenistan,TKM,SDGs,3.356,1989
Turkmenistan,TKM,SDGs,3.356,1990
Turkmenistan,TKM,SDGs,7.383,1991
Turkmenistan,TKM,SDGs,8.054,1992
Turkmenistan,TKM,SDGs,8.054,1993
Turkmenistan,TKM,SDGs,8.054,1994
Turkmenistan,TKM,SDGs,8.054,1995
Turkmenistan,TKM,SDGs,8.725,1996
Turkmenistan,TKM,SDGs,8.725,1997
Turkmenistan,TKM,SDGs,8.725,1998
Turkmenistan,TKM,SDGs,8.054,1999
Turkmenistan,TKM,SDGs,56.376,2000
Turkmenistan,TKM,SDGs,21.477,2001
Turkmenistan,TKM,SDGs,22.148,2002
Turkmenistan,TKM,SDGs,22.148,2003
Turkmenistan,TKM,SDGs,21.477,2004
Turkmenistan,TKM,SDGs,24.161,2005
Turkmenistan,TKM,SDGs,22.148,2006
Turkmenistan,TKM,SDGs,21.477,2007
Turkmenistan,TKM,SDGs,20.805,2008
Turkmenistan,TKM,SDGs,23.490,2009
Turkmenistan,TKM,SDGs,55.705,2010
Turkmenistan,TKM,SDGs,23.490,2011
Turkmenistan,TKM,SDGs,21.477,2012
Turkmenistan,TKM,SDGs,21.477,2013
Turkmenistan,TKM,SDGs,21.477,2014
Turkmenistan,TKM,SDGs,53.691,2015
Turkmenistan,TKM,SDGs,21.477,2016
Turkmenistan,TKM,SDGs,22.819,2017
Turkmenistan,TKM,SDGs,22.819,2018
Turkmenistan,TKM,SDGs,59.732,2019
Turkmenistan,TKM,SDGs,14.765,2020
Turkmenistan,TKM,SDGs,10.067,2021
Turkmenistan,TKM,SDGs,10.067,2022
Turkmenistan,TKM,SDGs,5.369,2023
Turkmenistan,TKM,Technology,0.000,1960
Turkmenistan,TKM,Technology,0.000,1961
Turkmenistan,TKM,Technology,0.000,1962
Turkmenistan,TKM,Technology,0.000,1963
Turkmenistan,TKM,Technology,0.000,1964
Turkmenistan,TKM,Technology,0.000,1965
Turkmenistan,TKM,Technology,0.000,1966
Turkmenistan,TKM,Technology,0.000,1967
Turkmenistan,TKM,Technology,0.000,1968
Turkmenistan,TKM,Technology,0.000,1969
Turkmenistan,TKM,Technology,0.000,1970
Turkmenistan,TKM,Technology,0.000,1971
Turkmenistan,TKM,Technology,0.000,1972
Turkmenistan,TKM,Technology,0.000,1973
Turkmenistan,TKM,Technology,0.000,1974
Turkmenistan,TKM,Technology,0.000,1975
Turkmenistan,TKM,Technology,0.000,1976
Turkmenistan,TKM,Technology,0.000,1977
Turkmenistan,TKM,Technology,0.000,1978
Turkmenistan,TKM,Technology,0.000,1979
Turkmenistan,TKM,Technology,0.000,1980
Turkmenistan,TKM,Technology,0.000,1981
Turkmenistan,TKM,Technology,0.000,1982
Turkmenistan,TKM,Technology,0.000,1983
Turkmenistan,TKM,Technology,0.000,1984
Turkmenistan,TKM,Technology,0.000,1985
Turkmenistan,TKM,Technology,0.000,1986
Turkmenistan,TKM,Technology,0.000,1987
Turkmenistan,TKM,Technology,0.000,1988
Turkmenistan,TKM,Technology,0.000,1989
Turkmenistan,TKM,Technology,2.222,1990
Turkmenistan,TKM,Technology,2.222,1991
Turkmenistan,TKM,Technology,2.222,1992
Turkmenistan,TKM,Technology,2.222,1993
Turkmenistan,TKM,Technology,2.222,1994
Turkmenistan,TKM,Technology,2.222,1995
Turkmenistan,TKM,Technology,0.000,1996
Turkmenistan,TKM,Technology,0.000,1997
Turkmenistan,TKM,Technology,0.000,1998
Turkmenistan,TKM,Technology,2.222,1999
Turkmenistan,TKM,Technology,2.222,2000
Turkmenistan,TKM,Technology,2.222,2001
Turkmenistan,TKM,Technology,2.222,2002
Turkmenistan,TKM,Technology,2.222,2003
Turkmenistan,TKM,Technology,2.222,2004
Turkmenistan,TKM,Technology,2.222,2005
Turkmenistan,TKM,Technology,2.222,2006
Turkmenistan,TKM,Technology,2.222,2007
Turkmenistan,TKM,Technology,2.222,2008
Turkmenistan,TKM,Technology,2.222,2009
Turkmenistan,TKM,Technology,2.222,2010
Turkmenistan,TKM,Technology,8.889,2011
Turkmenistan,TKM,Technology,2.222,2012
Turkmenistan,TKM,Technology,2.222,2013
Turkmenistan,TKM,Technology,2.222,2014
Turkmenistan,TKM,Technology,2.222,2015
Turkmenistan,TKM,Technology,2.222,2016
Turkmenistan,TKM,Technology,48.889,2017
Turkmenistan,TKM,Technology,0.000,2018
Turkmenistan,TKM,Technology,0.000,2019
Turkmenistan,TKM,Technology,0.000,2020
Turkmenistan,TKM,Technology,0.000,2021
Turkmenistan,TKM,Technology,0.000,2022
Turkmenistan,TKM,Technology,0.000,2023
Turkmenistan,TKM,Violence,0.000,1960
Turkmenistan,TKM,Violence,0.000,1961
Turkmenistan,TKM,Violence,0.000,1962
Turkmenistan,TKM,Violence,0.000,1963
Turkmenistan,TKM,Violence,0.000,1964
Turkmenistan,TKM,Violence,0.000,1965
Turkmenistan,TKM,Violence,0.000,1966
Turkmenistan,TKM,Violence,0.000,1967
Turkmenistan,TKM,Violence,0.000,1968
Turkmenistan,TKM,Violence,0.000,1969
Turkmenistan,TKM,Violence,0.000,1970
Turkmenistan,TKM,Violence,0.000,1971
Turkmenistan,TKM,Violence,0.000,1972
Turkmenistan,TKM,Violence,0.000,1973
Turkmenistan,TKM,Violence,0.000,1974
Turkmenistan,TKM,Violence,0.000,1975
Turkmenistan,TKM,Violence,0.000,1976
Turkmenistan,TKM,Violence,0.000,1977
Turkmenistan,TKM,Violence,0.000,1978
Turkmenistan,TKM,Violence,0.000,1979
Turkmenistan,TKM,Violence,0.000,1980
Turkmenistan,TKM,Violence,0.000,1981
Turkmenistan,TKM,Violence,0.000,1982
Turkmenistan,TKM,Violence,0.000,1983
Turkmenistan,TKM,Violence,0.000,1984
Turkmenistan,TKM,Violence,0.000,1985
Turkmenistan,TKM,Violence,0.000,1986
Turkmenistan,TKM,Violence,0.000,1987
Turkmenistan,TKM,Violence,0.000,1988
Turkmenistan,TKM,Violence,0.000,1989
Turkmenistan,TKM,Violence,0.714,1990
Turkmenistan,TKM,Violence,0.714,1991
Turkmenistan,TKM,Violence,0.714,1992
Turkmenistan,TKM,Violence,0.714,1993
Turkmenistan,TKM,Violence,0.714,1994
Turkmenistan,TKM,Violence,0.714,1995
Turkmenistan,TKM,Violence,0.714,1996
Turkmenistan,TKM,Violence,0.714,1997
Turkmenistan,TKM,Violence,0.714,1998
Turkmenistan,TKM,Violence,0.714,1999
Turkmenistan,TKM,Violence,44.286,2000
Turkmenistan,TKM,Violence,2.857,2001
Turkmenistan,TKM,Violence,2.857,2002
Turkmenistan,TKM,Violence,2.857,2003
Turkmenistan,TKM,Violence,2.857,2004
Turkmenistan,TKM,Violence,2.857,2005
Turkmenistan,TKM,Violence,2.857,2006
Turkmenistan,TKM,Violence,2.143,2007
Turkmenistan,TKM,Violence,2.143,2008
Turkmenistan,TKM,Violence,2.143,2009
Turkmenistan,TKM,Violence,4.286,2010
Turkmenistan,TKM,Violence,4.286,2011
Turkmenistan,TKM,Violence,4.286,2012
Turkmenistan,TKM,Violence,4.286,2013
Turkmenistan,TKM,Violence,4.286,2014
Turkmenistan,TKM,Violence,4.286,2015
Turkmenistan,TKM,Violence,2.143,2016
Turkmenistan,TKM,Violence,2.143,2017
Turkmenistan,TKM,Violence,2.143,2018
Turkmenistan,TKM,Violence,3.571,2019
Turkmenistan,TKM,Violence,0.000,2020
Turkmenistan,TKM,Violence,0.000,2021
Turkmenistan,TKM,Violence,0.000,2022
Turkmenistan,TKM,Violence,0.000,2023
Turkmenistan,TKM,Youth 15-24,4.587,1960
Turkmenistan,TKM,Youth 15-24,4.587,1961
Turkmenistan,TKM,Youth 15-24,4.587,1962
Turkmenistan,TKM,Youth 15-24,4.587,1963
Turkmenistan,TKM,Youth 15-24,4.587,1964
Turkmenistan,TKM,Youth 15-24,4.587,1965
Turkmenistan,TKM,Youth 15-24,4.587,1966
Turkmenistan,TKM,Youth 15-24,4.587,1967
Turkmenistan,TKM,Youth 15-24,4.587,1968
Turkmenistan,TKM,Youth 15-24,4.587,1969
Turkmenistan,TKM,Youth 15-24,4.587,1970
Turkmenistan,TKM,Youth 15-24,4.587,1971
Turkmenistan,TKM,Youth 15-24,4.587,1972
Turkmenistan,TKM,Youth 15-24,4.587,1973
Turkmenistan,TKM,Youth 15-24,4.587,1974
Turkmenistan,TKM,Youth 15-24,4.587,1975
Turkmenistan,TKM,Youth 15-24,4.587,1976
Turkmenistan,TKM,Youth 15-24,4.587,1977
Turkmenistan,TKM,Youth 15-24,4.587,1978
Turkmenistan,TKM,Youth 15-24,4.587,1979
Turkmenistan,TKM,Youth 15-24,4.587,1980
Turkmenistan,TKM,Youth 15-24,5.505,1981
Turkmenistan,TKM,Youth 15-24,4.587,1982
Turkmenistan,TKM,Youth 15-24,4.587,1983
Turkmenistan,TKM,Youth 15-24,4.587,1984
Turkmenistan,TKM,Youth 15-24,4.587,1985
Turkmenistan,TKM,Youth 15-24,5.505,1986
Turkmenistan,TKM,Youth 15-24,4.587,1987
Turkmenistan,TKM,Youth 15-24,5.505,1988
Turkmenistan,TKM,Youth 15-24,5.505,1989
Turkmenistan,TKM,Youth 15-24,8.257,1990
Turkmenistan,TKM,Youth 15-24,14.679,1991
Turkmenistan,TKM,Youth 15-24,13.761,1992
Turkmenistan,TKM,Youth 15-24,13.761,1993
Turkmenistan,TKM,Youth 15-24,13.761,1994
Turkmenistan,TKM,Youth 15-24,29.358,1995
Turkmenistan,TKM,Youth 15-24,13.761,1996
Turkmenistan,TKM,Youth 15-24,13.761,1997
Turkmenistan,TKM,Youth 15-24,13.761,1998
Turkmenistan,TKM,Youth 15-24,13.761,1999
Turkmenistan,TKM,Youth 15-24,17.431,2000
Turkmenistan,TKM,Youth 15-24,13.761,2001
Turkmenistan,TKM,Youth 15-24,13.761,2002
Turkmenistan,TKM,Youth 15-24,13.761,2003
Turkmenistan,TKM,Youth 15-24,13.761,2004
Turkmenistan,TKM,Youth 15-24,17.431,2005
Turkmenistan,TKM,Youth 15-24,13.761,2006
Turkmenistan,TKM,Youth 15-24,13.761,2007
Turkmenistan,TKM,Youth 15-24,13.761,2008
Turkmenistan,TKM,Youth 15-24,13.761,2009
Turkmenistan,TKM,Youth 15-24,13.761,2010
Turkmenistan,TKM,Youth 15-24,13.761,2011
Turkmenistan,TKM,Youth 15-24,13.761,2012
Turkmenistan,TKM,Youth 15-24,13.761,2013
Turkmenistan,TKM,Youth 15-24,29.358,2014
Turkmenistan,TKM,Youth 15-24,20.183,2015
Turkmenistan,TKM,Youth 15-24,13.761,2016
Turkmenistan,TKM,Youth 15-24,13.761,2017
Turkmenistan,TKM,Youth 15-24,13.761,2018
Turkmenistan,TKM,Youth 15-24,33.028,2019
Turkmenistan,TKM,Youth 15-24,22.018,2020
Turkmenistan,TKM,Youth 15-24,20.183,2021
Turkmenistan,TKM,Youth 15-24,20.183,2022
Turkmenistan,TKM,Youth 15-24,12.844,2023
