Country Name,Country Code,Topic,% of available indicators,Year
Mauritania,MRT,Assets,0.000,1960
Mauritania,MRT,Assets,0.000,1961
Mauritania,MRT,Assets,0.000,1962
Mauritania,MRT,Assets,0.000,1963
Mauritania,MRT,Assets,0.000,1964
Mauritania,MRT,Assets,0.000,1965
Mauritania,MRT,Assets,0.000,1966
Mauritania,MRT,Assets,0.000,1967
Mauritania,MRT,Assets,0.000,1968
Mauritania,MRT,Assets,0.000,1969
Mauritania,MRT,Assets,2.208,1970
Mauritania,MRT,Assets,2.208,1971
Mauritania,MRT,Assets,2.208,1972
Mauritania,MRT,Assets,2.208,1973
Mauritania,MRT,Assets,2.208,1974
Mauritania,MRT,Assets,2.208,1975
Mauritania,MRT,Assets,2.208,1976
Mauritania,MRT,Assets,2.208,1977
Mauritania,MRT,Assets,2.208,1978
Mauritania,MRT,Assets,2.208,1979
Mauritania,MRT,Assets,2.208,1980
Mauritania,MRT,Assets,2.208,1981
Mauritania,MRT,Assets,2.208,1982
Mauritania,MRT,Assets,2.208,1983
Mauritania,MRT,Assets,2.208,1984
Mauritania,MRT,Assets,2.208,1985
Mauritania,MRT,Assets,2.208,1986
Mauritania,MRT,Assets,2.208,1987
Mauritania,MRT,Assets,2.208,1988
Mauritania,MRT,Assets,2.208,1989
Mauritania,MRT,Assets,2.208,1990
Mauritania,MRT,Assets,2.208,1991
Mauritania,MRT,Assets,2.208,1992
Mauritania,MRT,Assets,2.208,1993
Mauritania,MRT,Assets,2.208,1994
Mauritania,MRT,Assets,2.208,1995
Mauritania,MRT,Assets,2.208,1996
Mauritania,MRT,Assets,2.208,1997
Mauritania,MRT,Assets,2.208,1998
Mauritania,MRT,Assets,2.208,1999
Mauritania,MRT,Assets,2.208,2000
Mauritania,MRT,Assets,2.208,2001
Mauritania,MRT,Assets,2.208,2002
Mauritania,MRT,Assets,2.208,2003
Mauritania,MRT,Assets,2.208,2004
Mauritania,MRT,Assets,2.208,2005
Mauritania,MRT,Assets,2.208,2006
Mauritania,MRT,Assets,2.208,2007
Mauritania,MRT,Assets,2.208,2008
Mauritania,MRT,Assets,2.208,2009
Mauritania,MRT,Assets,2.208,2010
Mauritania,MRT,Assets,11.672,2011
Mauritania,MRT,Assets,2.208,2012
Mauritania,MRT,Assets,2.208,2013
Mauritania,MRT,Assets,31.546,2014
Mauritania,MRT,Assets,2.208,2015
Mauritania,MRT,Assets,2.208,2016
Mauritania,MRT,Assets,34.069,2017
Mauritania,MRT,Assets,2.208,2018
Mauritania,MRT,Assets,2.208,2019
Mauritania,MRT,Assets,2.208,2020
Mauritania,MRT,Assets,32.492,2021
Mauritania,MRT,Assets,62.461,2022
Mauritania,MRT,Assets,2.208,2023
Mauritania,MRT,Children 0-14,19.231,1960
Mauritania,MRT,Children 0-14,19.231,1961
Mauritania,MRT,Children 0-14,19.231,1962
Mauritania,MRT,Children 0-14,19.231,1963
Mauritania,MRT,Children 0-14,19.231,1964
Mauritania,MRT,Children 0-14,19.231,1965
Mauritania,MRT,Children 0-14,19.231,1966
Mauritania,MRT,Children 0-14,19.231,1967
Mauritania,MRT,Children 0-14,19.231,1968
Mauritania,MRT,Children 0-14,19.231,1969
Mauritania,MRT,Children 0-14,19.231,1970
Mauritania,MRT,Children 0-14,23.077,1971
Mauritania,MRT,Children 0-14,23.077,1972
Mauritania,MRT,Children 0-14,20.000,1973
Mauritania,MRT,Children 0-14,20.000,1974
Mauritania,MRT,Children 0-14,20.000,1975
Mauritania,MRT,Children 0-14,26.154,1976
Mauritania,MRT,Children 0-14,26.154,1977
Mauritania,MRT,Children 0-14,28.462,1978
Mauritania,MRT,Children 0-14,28.462,1979
Mauritania,MRT,Children 0-14,23.846,1980
Mauritania,MRT,Children 0-14,30.000,1981
Mauritania,MRT,Children 0-14,24.615,1982
Mauritania,MRT,Children 0-14,26.923,1983
Mauritania,MRT,Children 0-14,24.615,1984
Mauritania,MRT,Children 0-14,31.538,1985
Mauritania,MRT,Children 0-14,28.462,1986
Mauritania,MRT,Children 0-14,28.462,1987
Mauritania,MRT,Children 0-14,32.308,1988
Mauritania,MRT,Children 0-14,31.538,1989
Mauritania,MRT,Children 0-14,29.231,1990
Mauritania,MRT,Children 0-14,31.538,1991
Mauritania,MRT,Children 0-14,31.538,1992
Mauritania,MRT,Children 0-14,32.308,1993
Mauritania,MRT,Children 0-14,39.231,1994
Mauritania,MRT,Children 0-14,39.231,1995
Mauritania,MRT,Children 0-14,39.231,1996
Mauritania,MRT,Children 0-14,29.231,1997
Mauritania,MRT,Children 0-14,36.923,1998
Mauritania,MRT,Children 0-14,37.692,1999
Mauritania,MRT,Children 0-14,57.692,2000
Mauritania,MRT,Children 0-14,44.615,2001
Mauritania,MRT,Children 0-14,40.000,2002
Mauritania,MRT,Children 0-14,43.846,2003
Mauritania,MRT,Children 0-14,46.923,2004
Mauritania,MRT,Children 0-14,44.615,2005
Mauritania,MRT,Children 0-14,44.615,2006
Mauritania,MRT,Children 0-14,56.923,2007
Mauritania,MRT,Children 0-14,50.769,2008
Mauritania,MRT,Children 0-14,42.308,2009
Mauritania,MRT,Children 0-14,56.154,2010
Mauritania,MRT,Children 0-14,54.615,2011
Mauritania,MRT,Children 0-14,57.692,2012
Mauritania,MRT,Children 0-14,44.615,2013
Mauritania,MRT,Children 0-14,44.615,2014
Mauritania,MRT,Children 0-14,69.231,2015
Mauritania,MRT,Children 0-14,41.538,2016
Mauritania,MRT,Children 0-14,52.308,2017
Mauritania,MRT,Children 0-14,60.769,2018
Mauritania,MRT,Children 0-14,62.308,2019
Mauritania,MRT,Children 0-14,40.000,2020
Mauritania,MRT,Children 0-14,36.923,2021
Mauritania,MRT,Children 0-14,26.923,2022
Mauritania,MRT,Children 0-14,11.538,2023
Mauritania,MRT,Education,0.000,1960
Mauritania,MRT,Education,0.000,1961
Mauritania,MRT,Education,0.000,1962
Mauritania,MRT,Education,0.000,1963
Mauritania,MRT,Education,0.000,1964
Mauritania,MRT,Education,0.000,1965
Mauritania,MRT,Education,0.000,1966
Mauritania,MRT,Education,0.000,1967
Mauritania,MRT,Education,0.000,1968
Mauritania,MRT,Education,0.000,1969
Mauritania,MRT,Education,0.000,1970
Mauritania,MRT,Education,3.681,1971
Mauritania,MRT,Education,4.908,1972
Mauritania,MRT,Education,0.613,1973
Mauritania,MRT,Education,0.613,1974
Mauritania,MRT,Education,0.613,1975
Mauritania,MRT,Education,5.521,1976
Mauritania,MRT,Education,7.975,1977
Mauritania,MRT,Education,13.497,1978
Mauritania,MRT,Education,8.589,1979
Mauritania,MRT,Education,5.521,1980
Mauritania,MRT,Education,14.724,1981
Mauritania,MRT,Education,3.067,1982
Mauritania,MRT,Education,5.521,1983
Mauritania,MRT,Education,3.067,1984
Mauritania,MRT,Education,9.816,1985
Mauritania,MRT,Education,11.043,1986
Mauritania,MRT,Education,15.337,1987
Mauritania,MRT,Education,23.313,1988
Mauritania,MRT,Education,20.245,1989
Mauritania,MRT,Education,20.245,1990
Mauritania,MRT,Education,22.086,1991
Mauritania,MRT,Education,22.086,1992
Mauritania,MRT,Education,22.699,1993
Mauritania,MRT,Education,28.834,1994
Mauritania,MRT,Education,26.994,1995
Mauritania,MRT,Education,23.926,1996
Mauritania,MRT,Education,16.564,1997
Mauritania,MRT,Education,29.448,1998
Mauritania,MRT,Education,30.061,1999
Mauritania,MRT,Education,26.380,2000
Mauritania,MRT,Education,39.264,2001
Mauritania,MRT,Education,33.742,2002
Mauritania,MRT,Education,36.196,2003
Mauritania,MRT,Education,43.558,2004
Mauritania,MRT,Education,42.331,2005
Mauritania,MRT,Education,39.877,2006
Mauritania,MRT,Education,25.153,2007
Mauritania,MRT,Education,26.994,2008
Mauritania,MRT,Education,26.380,2009
Mauritania,MRT,Education,23.926,2010
Mauritania,MRT,Education,28.834,2011
Mauritania,MRT,Education,52.761,2012
Mauritania,MRT,Education,55.828,2013
Mauritania,MRT,Education,38.650,2014
Mauritania,MRT,Education,49.080,2015
Mauritania,MRT,Education,47.239,2016
Mauritania,MRT,Education,77.914,2017
Mauritania,MRT,Education,47.853,2018
Mauritania,MRT,Education,39.264,2019
Mauritania,MRT,Education,26.380,2020
Mauritania,MRT,Education,4.908,2021
Mauritania,MRT,Education,0.613,2022
Mauritania,MRT,Education,2.454,2023
Mauritania,MRT,Employment and Time Use,0.000,1960
Mauritania,MRT,Employment and Time Use,0.000,1961
Mauritania,MRT,Employment and Time Use,0.000,1962
Mauritania,MRT,Employment and Time Use,0.000,1963
Mauritania,MRT,Employment and Time Use,0.000,1964
Mauritania,MRT,Employment and Time Use,0.000,1965
Mauritania,MRT,Employment and Time Use,0.000,1966
Mauritania,MRT,Employment and Time Use,0.000,1967
Mauritania,MRT,Employment and Time Use,0.000,1968
Mauritania,MRT,Employment and Time Use,0.000,1969
Mauritania,MRT,Employment and Time Use,21.168,1970
Mauritania,MRT,Employment and Time Use,21.168,1971
Mauritania,MRT,Employment and Time Use,21.168,1972
Mauritania,MRT,Employment and Time Use,21.168,1973
Mauritania,MRT,Employment and Time Use,21.168,1974
Mauritania,MRT,Employment and Time Use,26.277,1975
Mauritania,MRT,Employment and Time Use,21.168,1976
Mauritania,MRT,Employment and Time Use,21.898,1977
Mauritania,MRT,Employment and Time Use,21.168,1978
Mauritania,MRT,Employment and Time Use,21.168,1979
Mauritania,MRT,Employment and Time Use,21.168,1980
Mauritania,MRT,Employment and Time Use,21.168,1981
Mauritania,MRT,Employment and Time Use,21.168,1982
Mauritania,MRT,Employment and Time Use,21.168,1983
Mauritania,MRT,Employment and Time Use,21.168,1984
Mauritania,MRT,Employment and Time Use,21.168,1985
Mauritania,MRT,Employment and Time Use,21.168,1986
Mauritania,MRT,Employment and Time Use,21.168,1987
Mauritania,MRT,Employment and Time Use,28.467,1988
Mauritania,MRT,Employment and Time Use,21.168,1989
Mauritania,MRT,Employment and Time Use,31.387,1990
Mauritania,MRT,Employment and Time Use,56.204,1991
Mauritania,MRT,Employment and Time Use,56.204,1992
Mauritania,MRT,Employment and Time Use,56.204,1993
Mauritania,MRT,Employment and Time Use,56.204,1994
Mauritania,MRT,Employment and Time Use,56.204,1995
Mauritania,MRT,Employment and Time Use,56.204,1996
Mauritania,MRT,Employment and Time Use,56.204,1997
Mauritania,MRT,Employment and Time Use,56.204,1998
Mauritania,MRT,Employment and Time Use,56.204,1999
Mauritania,MRT,Employment and Time Use,59.124,2000
Mauritania,MRT,Employment and Time Use,56.204,2001
Mauritania,MRT,Employment and Time Use,56.204,2002
Mauritania,MRT,Employment and Time Use,56.204,2003
Mauritania,MRT,Employment and Time Use,56.204,2004
Mauritania,MRT,Employment and Time Use,56.204,2005
Mauritania,MRT,Employment and Time Use,56.204,2006
Mauritania,MRT,Employment and Time Use,58.394,2007
Mauritania,MRT,Employment and Time Use,56.204,2008
Mauritania,MRT,Employment and Time Use,56.204,2009
Mauritania,MRT,Employment and Time Use,56.204,2010
Mauritania,MRT,Employment and Time Use,58.394,2011
Mauritania,MRT,Employment and Time Use,88.321,2012
Mauritania,MRT,Employment and Time Use,56.204,2013
Mauritania,MRT,Employment and Time Use,56.204,2014
Mauritania,MRT,Employment and Time Use,56.204,2015
Mauritania,MRT,Employment and Time Use,56.204,2016
Mauritania,MRT,Employment and Time Use,91.241,2017
Mauritania,MRT,Employment and Time Use,56.204,2018
Mauritania,MRT,Employment and Time Use,88.321,2019
Mauritania,MRT,Employment and Time Use,56.204,2020
Mauritania,MRT,Employment and Time Use,56.204,2021
Mauritania,MRT,Employment and Time Use,56.204,2022
Mauritania,MRT,Employment and Time Use,59.124,2023
Mauritania,MRT,Entrepreneurship,0.000,1960
Mauritania,MRT,Entrepreneurship,0.000,1961
Mauritania,MRT,Entrepreneurship,0.000,1962
Mauritania,MRT,Entrepreneurship,0.000,1963
Mauritania,MRT,Entrepreneurship,0.000,1964
Mauritania,MRT,Entrepreneurship,0.000,1965
Mauritania,MRT,Entrepreneurship,0.000,1966
Mauritania,MRT,Entrepreneurship,0.000,1967
Mauritania,MRT,Entrepreneurship,0.000,1968
Mauritania,MRT,Entrepreneurship,0.000,1969
Mauritania,MRT,Entrepreneurship,9.375,1970
Mauritania,MRT,Entrepreneurship,9.375,1971
Mauritania,MRT,Entrepreneurship,9.375,1972
Mauritania,MRT,Entrepreneurship,9.375,1973
Mauritania,MRT,Entrepreneurship,9.375,1974
Mauritania,MRT,Entrepreneurship,9.375,1975
Mauritania,MRT,Entrepreneurship,9.375,1976
Mauritania,MRT,Entrepreneurship,9.375,1977
Mauritania,MRT,Entrepreneurship,9.375,1978
Mauritania,MRT,Entrepreneurship,9.375,1979
Mauritania,MRT,Entrepreneurship,9.375,1980
Mauritania,MRT,Entrepreneurship,9.375,1981
Mauritania,MRT,Entrepreneurship,9.375,1982
Mauritania,MRT,Entrepreneurship,9.375,1983
Mauritania,MRT,Entrepreneurship,9.375,1984
Mauritania,MRT,Entrepreneurship,9.375,1985
Mauritania,MRT,Entrepreneurship,9.375,1986
Mauritania,MRT,Entrepreneurship,9.375,1987
Mauritania,MRT,Entrepreneurship,9.375,1988
Mauritania,MRT,Entrepreneurship,9.375,1989
Mauritania,MRT,Entrepreneurship,9.375,1990
Mauritania,MRT,Entrepreneurship,9.375,1991
Mauritania,MRT,Entrepreneurship,9.375,1992
Mauritania,MRT,Entrepreneurship,9.375,1993
Mauritania,MRT,Entrepreneurship,9.375,1994
Mauritania,MRT,Entrepreneurship,9.375,1995
Mauritania,MRT,Entrepreneurship,9.375,1996
Mauritania,MRT,Entrepreneurship,9.375,1997
Mauritania,MRT,Entrepreneurship,9.375,1998
Mauritania,MRT,Entrepreneurship,9.375,1999
Mauritania,MRT,Entrepreneurship,9.375,2000
Mauritania,MRT,Entrepreneurship,9.375,2001
Mauritania,MRT,Entrepreneurship,9.375,2002
Mauritania,MRT,Entrepreneurship,37.500,2003
Mauritania,MRT,Entrepreneurship,37.500,2004
Mauritania,MRT,Entrepreneurship,37.500,2005
Mauritania,MRT,Entrepreneurship,40.625,2006
Mauritania,MRT,Entrepreneurship,37.500,2007
Mauritania,MRT,Entrepreneurship,37.500,2008
Mauritania,MRT,Entrepreneurship,37.500,2009
Mauritania,MRT,Entrepreneurship,37.500,2010
Mauritania,MRT,Entrepreneurship,37.500,2011
Mauritania,MRT,Entrepreneurship,37.500,2012
Mauritania,MRT,Entrepreneurship,37.500,2013
Mauritania,MRT,Entrepreneurship,62.500,2014
Mauritania,MRT,Entrepreneurship,62.500,2015
Mauritania,MRT,Entrepreneurship,62.500,2016
Mauritania,MRT,Entrepreneurship,81.250,2017
Mauritania,MRT,Entrepreneurship,62.500,2018
Mauritania,MRT,Entrepreneurship,37.500,2019
Mauritania,MRT,Entrepreneurship,9.375,2020
Mauritania,MRT,Entrepreneurship,9.375,2021
Mauritania,MRT,Entrepreneurship,9.375,2022
Mauritania,MRT,Entrepreneurship,9.375,2023
Mauritania,MRT,Environment,0.000,1960
Mauritania,MRT,Environment,0.000,1961
Mauritania,MRT,Environment,0.000,1962
Mauritania,MRT,Environment,0.000,1963
Mauritania,MRT,Environment,0.000,1964
Mauritania,MRT,Environment,0.000,1965
Mauritania,MRT,Environment,0.000,1966
Mauritania,MRT,Environment,0.000,1967
Mauritania,MRT,Environment,0.000,1968
Mauritania,MRT,Environment,0.000,1969
Mauritania,MRT,Environment,0.000,1970
Mauritania,MRT,Environment,0.000,1971
Mauritania,MRT,Environment,0.000,1972
Mauritania,MRT,Environment,0.000,1973
Mauritania,MRT,Environment,0.000,1974
Mauritania,MRT,Environment,0.000,1975
Mauritania,MRT,Environment,0.000,1976
Mauritania,MRT,Environment,0.000,1977
Mauritania,MRT,Environment,0.000,1978
Mauritania,MRT,Environment,0.000,1979
Mauritania,MRT,Environment,0.000,1980
Mauritania,MRT,Environment,0.000,1981
Mauritania,MRT,Environment,0.000,1982
Mauritania,MRT,Environment,0.000,1983
Mauritania,MRT,Environment,0.000,1984
Mauritania,MRT,Environment,0.000,1985
Mauritania,MRT,Environment,0.000,1986
Mauritania,MRT,Environment,0.000,1987
Mauritania,MRT,Environment,0.000,1988
Mauritania,MRT,Environment,0.000,1989
Mauritania,MRT,Environment,0.000,1990
Mauritania,MRT,Environment,0.000,1991
Mauritania,MRT,Environment,0.000,1992
Mauritania,MRT,Environment,0.000,1993
Mauritania,MRT,Environment,0.000,1994
Mauritania,MRT,Environment,0.000,1995
Mauritania,MRT,Environment,0.000,1996
Mauritania,MRT,Environment,0.000,1997
Mauritania,MRT,Environment,0.000,1998
Mauritania,MRT,Environment,0.000,1999
Mauritania,MRT,Environment,10.000,2000
Mauritania,MRT,Environment,20.000,2001
Mauritania,MRT,Environment,10.000,2002
Mauritania,MRT,Environment,10.000,2003
Mauritania,MRT,Environment,10.000,2004
Mauritania,MRT,Environment,10.000,2005
Mauritania,MRT,Environment,10.000,2006
Mauritania,MRT,Environment,10.000,2007
Mauritania,MRT,Environment,10.000,2008
Mauritania,MRT,Environment,10.000,2009
Mauritania,MRT,Environment,10.000,2010
Mauritania,MRT,Environment,10.000,2011
Mauritania,MRT,Environment,10.000,2012
Mauritania,MRT,Environment,10.000,2013
Mauritania,MRT,Environment,20.000,2014
Mauritania,MRT,Environment,13.333,2015
Mauritania,MRT,Environment,13.333,2016
Mauritania,MRT,Environment,23.333,2017
Mauritania,MRT,Environment,10.000,2018
Mauritania,MRT,Environment,30.000,2019
Mauritania,MRT,Environment,10.000,2020
Mauritania,MRT,Environment,53.333,2021
Mauritania,MRT,Environment,20.000,2022
Mauritania,MRT,Environment,0.000,2023
Mauritania,MRT,Health,8.586,1960
Mauritania,MRT,Health,8.586,1961
Mauritania,MRT,Health,8.586,1962
Mauritania,MRT,Health,8.586,1963
Mauritania,MRT,Health,8.586,1964
Mauritania,MRT,Health,8.586,1965
Mauritania,MRT,Health,8.586,1966
Mauritania,MRT,Health,8.586,1967
Mauritania,MRT,Health,8.586,1968
Mauritania,MRT,Health,8.586,1969
Mauritania,MRT,Health,8.586,1970
Mauritania,MRT,Health,8.586,1971
Mauritania,MRT,Health,8.586,1972
Mauritania,MRT,Health,8.586,1973
Mauritania,MRT,Health,8.586,1974
Mauritania,MRT,Health,11.111,1975
Mauritania,MRT,Health,11.111,1976
Mauritania,MRT,Health,11.111,1977
Mauritania,MRT,Health,11.111,1978
Mauritania,MRT,Health,11.111,1979
Mauritania,MRT,Health,11.111,1980
Mauritania,MRT,Health,13.131,1981
Mauritania,MRT,Health,12.121,1982
Mauritania,MRT,Health,12.121,1983
Mauritania,MRT,Health,12.121,1984
Mauritania,MRT,Health,12.121,1985
Mauritania,MRT,Health,12.121,1986
Mauritania,MRT,Health,12.121,1987
Mauritania,MRT,Health,13.131,1988
Mauritania,MRT,Health,12.121,1989
Mauritania,MRT,Health,16.667,1990
Mauritania,MRT,Health,18.687,1991
Mauritania,MRT,Health,16.667,1992
Mauritania,MRT,Health,16.667,1993
Mauritania,MRT,Health,16.667,1994
Mauritania,MRT,Health,16.667,1995
Mauritania,MRT,Health,18.182,1996
Mauritania,MRT,Health,16.667,1997
Mauritania,MRT,Health,16.667,1998
Mauritania,MRT,Health,16.667,1999
Mauritania,MRT,Health,64.141,2000
Mauritania,MRT,Health,45.455,2001
Mauritania,MRT,Health,31.818,2002
Mauritania,MRT,Health,31.818,2003
Mauritania,MRT,Health,31.818,2004
Mauritania,MRT,Health,33.333,2005
Mauritania,MRT,Health,31.818,2006
Mauritania,MRT,Health,43.434,2007
Mauritania,MRT,Health,39.394,2008
Mauritania,MRT,Health,31.818,2009
Mauritania,MRT,Health,60.606,2010
Mauritania,MRT,Health,44.444,2011
Mauritania,MRT,Health,39.394,2012
Mauritania,MRT,Health,32.323,2013
Mauritania,MRT,Health,33.333,2014
Mauritania,MRT,Health,69.192,2015
Mauritania,MRT,Health,31.818,2016
Mauritania,MRT,Health,34.343,2017
Mauritania,MRT,Health,43.434,2018
Mauritania,MRT,Health,64.141,2019
Mauritania,MRT,Health,36.869,2020
Mauritania,MRT,Health,44.444,2021
Mauritania,MRT,Health,22.727,2022
Mauritania,MRT,Health,1.010,2023
Mauritania,MRT,Leadership,0.000,1960
Mauritania,MRT,Leadership,0.000,1961
Mauritania,MRT,Leadership,0.000,1962
Mauritania,MRT,Leadership,0.000,1963
Mauritania,MRT,Leadership,0.000,1964
Mauritania,MRT,Leadership,0.000,1965
Mauritania,MRT,Leadership,0.000,1966
Mauritania,MRT,Leadership,0.000,1967
Mauritania,MRT,Leadership,0.000,1968
Mauritania,MRT,Leadership,0.000,1969
Mauritania,MRT,Leadership,0.000,1970
Mauritania,MRT,Leadership,0.000,1971
Mauritania,MRT,Leadership,0.000,1972
Mauritania,MRT,Leadership,0.000,1973
Mauritania,MRT,Leadership,0.000,1974
Mauritania,MRT,Leadership,0.000,1975
Mauritania,MRT,Leadership,0.000,1976
Mauritania,MRT,Leadership,0.000,1977
Mauritania,MRT,Leadership,0.000,1978
Mauritania,MRT,Leadership,0.000,1979
Mauritania,MRT,Leadership,0.000,1980
Mauritania,MRT,Leadership,0.000,1981
Mauritania,MRT,Leadership,0.000,1982
Mauritania,MRT,Leadership,0.000,1983
Mauritania,MRT,Leadership,0.000,1984
Mauritania,MRT,Leadership,0.000,1985
Mauritania,MRT,Leadership,0.000,1986
Mauritania,MRT,Leadership,0.000,1987
Mauritania,MRT,Leadership,0.000,1988
Mauritania,MRT,Leadership,0.000,1989
Mauritania,MRT,Leadership,0.000,1990
Mauritania,MRT,Leadership,0.000,1991
Mauritania,MRT,Leadership,0.000,1992
Mauritania,MRT,Leadership,0.000,1993
Mauritania,MRT,Leadership,0.000,1994
Mauritania,MRT,Leadership,0.000,1995
Mauritania,MRT,Leadership,0.000,1996
Mauritania,MRT,Leadership,25.000,1997
Mauritania,MRT,Leadership,25.000,1998
Mauritania,MRT,Leadership,25.000,1999
Mauritania,MRT,Leadership,25.000,2000
Mauritania,MRT,Leadership,0.000,2001
Mauritania,MRT,Leadership,0.000,2002
Mauritania,MRT,Leadership,25.000,2003
Mauritania,MRT,Leadership,25.000,2004
Mauritania,MRT,Leadership,25.000,2005
Mauritania,MRT,Leadership,25.000,2006
Mauritania,MRT,Leadership,25.000,2007
Mauritania,MRT,Leadership,50.000,2008
Mauritania,MRT,Leadership,25.000,2009
Mauritania,MRT,Leadership,50.000,2010
Mauritania,MRT,Leadership,25.000,2011
Mauritania,MRT,Leadership,50.000,2012
Mauritania,MRT,Leadership,0.000,2013
Mauritania,MRT,Leadership,75.000,2014
Mauritania,MRT,Leadership,50.000,2015
Mauritania,MRT,Leadership,50.000,2016
Mauritania,MRT,Leadership,25.000,2017
Mauritania,MRT,Leadership,50.000,2018
Mauritania,MRT,Leadership,50.000,2019
Mauritania,MRT,Leadership,50.000,2020
Mauritania,MRT,Leadership,25.000,2021
Mauritania,MRT,Leadership,50.000,2022
Mauritania,MRT,Leadership,25.000,2023
Mauritania,MRT,Norms and Decision-making,0.000,1960
Mauritania,MRT,Norms and Decision-making,0.000,1961
Mauritania,MRT,Norms and Decision-making,0.000,1962
Mauritania,MRT,Norms and Decision-making,0.000,1963
Mauritania,MRT,Norms and Decision-making,0.000,1964
Mauritania,MRT,Norms and Decision-making,1.481,1965
Mauritania,MRT,Norms and Decision-making,0.000,1966
Mauritania,MRT,Norms and Decision-making,0.000,1967
Mauritania,MRT,Norms and Decision-making,0.000,1968
Mauritania,MRT,Norms and Decision-making,0.000,1969
Mauritania,MRT,Norms and Decision-making,12.593,1970
Mauritania,MRT,Norms and Decision-making,12.593,1971
Mauritania,MRT,Norms and Decision-making,12.593,1972
Mauritania,MRT,Norms and Decision-making,12.593,1973
Mauritania,MRT,Norms and Decision-making,12.593,1974
Mauritania,MRT,Norms and Decision-making,12.593,1975
Mauritania,MRT,Norms and Decision-making,12.593,1976
Mauritania,MRT,Norms and Decision-making,14.074,1977
Mauritania,MRT,Norms and Decision-making,12.593,1978
Mauritania,MRT,Norms and Decision-making,12.593,1979
Mauritania,MRT,Norms and Decision-making,12.593,1980
Mauritania,MRT,Norms and Decision-making,12.593,1981
Mauritania,MRT,Norms and Decision-making,12.593,1982
Mauritania,MRT,Norms and Decision-making,12.593,1983
Mauritania,MRT,Norms and Decision-making,12.593,1984
Mauritania,MRT,Norms and Decision-making,12.593,1985
Mauritania,MRT,Norms and Decision-making,12.593,1986
Mauritania,MRT,Norms and Decision-making,12.593,1987
Mauritania,MRT,Norms and Decision-making,14.074,1988
Mauritania,MRT,Norms and Decision-making,12.593,1989
Mauritania,MRT,Norms and Decision-making,12.593,1990
Mauritania,MRT,Norms and Decision-making,14.074,1991
Mauritania,MRT,Norms and Decision-making,12.593,1992
Mauritania,MRT,Norms and Decision-making,12.593,1993
Mauritania,MRT,Norms and Decision-making,12.593,1994
Mauritania,MRT,Norms and Decision-making,12.593,1995
Mauritania,MRT,Norms and Decision-making,12.593,1996
Mauritania,MRT,Norms and Decision-making,12.593,1997
Mauritania,MRT,Norms and Decision-making,12.593,1998
Mauritania,MRT,Norms and Decision-making,12.593,1999
Mauritania,MRT,Norms and Decision-making,14.074,2000
Mauritania,MRT,Norms and Decision-making,24.444,2001
Mauritania,MRT,Norms and Decision-making,12.593,2002
Mauritania,MRT,Norms and Decision-making,12.593,2003
Mauritania,MRT,Norms and Decision-making,13.333,2004
Mauritania,MRT,Norms and Decision-making,12.593,2005
Mauritania,MRT,Norms and Decision-making,12.593,2006
Mauritania,MRT,Norms and Decision-making,15.556,2007
Mauritania,MRT,Norms and Decision-making,12.593,2008
Mauritania,MRT,Norms and Decision-making,12.593,2009
Mauritania,MRT,Norms and Decision-making,12.593,2010
Mauritania,MRT,Norms and Decision-making,15.556,2011
Mauritania,MRT,Norms and Decision-making,12.593,2012
Mauritania,MRT,Norms and Decision-making,12.593,2013
Mauritania,MRT,Norms and Decision-making,12.593,2014
Mauritania,MRT,Norms and Decision-making,17.037,2015
Mauritania,MRT,Norms and Decision-making,12.593,2016
Mauritania,MRT,Norms and Decision-making,12.593,2017
Mauritania,MRT,Norms and Decision-making,12.593,2018
Mauritania,MRT,Norms and Decision-making,12.593,2019
Mauritania,MRT,Norms and Decision-making,12.593,2020
Mauritania,MRT,Norms and Decision-making,69.630,2021
Mauritania,MRT,Norms and Decision-making,12.593,2022
Mauritania,MRT,Norms and Decision-making,12.593,2023
Mauritania,MRT,Population,86.905,1960
Mauritania,MRT,Population,86.905,1961
Mauritania,MRT,Population,86.905,1962
Mauritania,MRT,Population,86.905,1963
Mauritania,MRT,Population,86.905,1964
Mauritania,MRT,Population,89.286,1965
Mauritania,MRT,Population,86.905,1966
Mauritania,MRT,Population,86.905,1967
Mauritania,MRT,Population,86.905,1968
Mauritania,MRT,Population,86.905,1969
Mauritania,MRT,Population,86.905,1970
Mauritania,MRT,Population,86.905,1971
Mauritania,MRT,Population,86.905,1972
Mauritania,MRT,Population,86.905,1973
Mauritania,MRT,Population,86.905,1974
Mauritania,MRT,Population,86.905,1975
Mauritania,MRT,Population,86.905,1976
Mauritania,MRT,Population,89.286,1977
Mauritania,MRT,Population,86.905,1978
Mauritania,MRT,Population,86.905,1979
Mauritania,MRT,Population,91.667,1980
Mauritania,MRT,Population,86.905,1981
Mauritania,MRT,Population,86.905,1982
Mauritania,MRT,Population,86.905,1983
Mauritania,MRT,Population,86.905,1984
Mauritania,MRT,Population,91.667,1985
Mauritania,MRT,Population,86.905,1986
Mauritania,MRT,Population,86.905,1987
Mauritania,MRT,Population,89.286,1988
Mauritania,MRT,Population,86.905,1989
Mauritania,MRT,Population,92.857,1990
Mauritania,MRT,Population,89.286,1991
Mauritania,MRT,Population,86.905,1992
Mauritania,MRT,Population,86.905,1993
Mauritania,MRT,Population,86.905,1994
Mauritania,MRT,Population,92.857,1995
Mauritania,MRT,Population,86.905,1996
Mauritania,MRT,Population,86.905,1997
Mauritania,MRT,Population,86.905,1998
Mauritania,MRT,Population,86.905,1999
Mauritania,MRT,Population,95.238,2000
Mauritania,MRT,Population,90.476,2001
Mauritania,MRT,Population,86.905,2002
Mauritania,MRT,Population,86.905,2003
Mauritania,MRT,Population,88.095,2004
Mauritania,MRT,Population,92.857,2005
Mauritania,MRT,Population,86.905,2006
Mauritania,MRT,Population,89.286,2007
Mauritania,MRT,Population,86.905,2008
Mauritania,MRT,Population,86.905,2009
Mauritania,MRT,Population,92.857,2010
Mauritania,MRT,Population,90.476,2011
Mauritania,MRT,Population,86.905,2012
Mauritania,MRT,Population,86.905,2013
Mauritania,MRT,Population,86.905,2014
Mauritania,MRT,Population,98.810,2015
Mauritania,MRT,Population,86.905,2016
Mauritania,MRT,Population,86.905,2017
Mauritania,MRT,Population,86.905,2018
Mauritania,MRT,Population,86.905,2019
Mauritania,MRT,Population,88.095,2020
Mauritania,MRT,Population,91.667,2021
Mauritania,MRT,Population,86.905,2022
Mauritania,MRT,Population,77.381,2023
Mauritania,MRT,SDGs,2.685,1960
Mauritania,MRT,SDGs,2.685,1961
Mauritania,MRT,SDGs,2.685,1962
Mauritania,MRT,SDGs,2.685,1963
Mauritania,MRT,SDGs,2.685,1964
Mauritania,MRT,SDGs,2.685,1965
Mauritania,MRT,SDGs,2.685,1966
Mauritania,MRT,SDGs,2.685,1967
Mauritania,MRT,SDGs,2.685,1968
Mauritania,MRT,SDGs,2.685,1969
Mauritania,MRT,SDGs,11.409,1970
Mauritania,MRT,SDGs,11.409,1971
Mauritania,MRT,SDGs,11.409,1972
Mauritania,MRT,SDGs,11.409,1973
Mauritania,MRT,SDGs,11.409,1974
Mauritania,MRT,SDGs,11.409,1975
Mauritania,MRT,SDGs,11.409,1976
Mauritania,MRT,SDGs,12.081,1977
Mauritania,MRT,SDGs,11.409,1978
Mauritania,MRT,SDGs,11.409,1979
Mauritania,MRT,SDGs,11.409,1980
Mauritania,MRT,SDGs,12.081,1981
Mauritania,MRT,SDGs,12.081,1982
Mauritania,MRT,SDGs,12.081,1983
Mauritania,MRT,SDGs,12.081,1984
Mauritania,MRT,SDGs,12.081,1985
Mauritania,MRT,SDGs,12.081,1986
Mauritania,MRT,SDGs,12.081,1987
Mauritania,MRT,SDGs,14.094,1988
Mauritania,MRT,SDGs,12.081,1989
Mauritania,MRT,SDGs,16.107,1990
Mauritania,MRT,SDGs,20.805,1991
Mauritania,MRT,SDGs,20.134,1992
Mauritania,MRT,SDGs,20.134,1993
Mauritania,MRT,SDGs,20.134,1994
Mauritania,MRT,SDGs,20.134,1995
Mauritania,MRT,SDGs,20.134,1996
Mauritania,MRT,SDGs,20.805,1997
Mauritania,MRT,SDGs,20.805,1998
Mauritania,MRT,SDGs,20.805,1999
Mauritania,MRT,SDGs,66.443,2000
Mauritania,MRT,SDGs,39.597,2001
Mauritania,MRT,SDGs,32.886,2002
Mauritania,MRT,SDGs,33.557,2003
Mauritania,MRT,SDGs,34.228,2004
Mauritania,MRT,SDGs,34.899,2005
Mauritania,MRT,SDGs,33.557,2006
Mauritania,MRT,SDGs,34.228,2007
Mauritania,MRT,SDGs,33.557,2008
Mauritania,MRT,SDGs,33.557,2009
Mauritania,MRT,SDGs,65.772,2010
Mauritania,MRT,SDGs,36.913,2011
Mauritania,MRT,SDGs,37.584,2012
Mauritania,MRT,SDGs,32.886,2013
Mauritania,MRT,SDGs,35.570,2014
Mauritania,MRT,SDGs,66.443,2015
Mauritania,MRT,SDGs,33.557,2016
Mauritania,MRT,SDGs,39.597,2017
Mauritania,MRT,SDGs,35.570,2018
Mauritania,MRT,SDGs,73.826,2019
Mauritania,MRT,SDGs,27.517,2020
Mauritania,MRT,SDGs,30.201,2021
Mauritania,MRT,SDGs,24.832,2022
Mauritania,MRT,SDGs,14.094,2023
Mauritania,MRT,Technology,0.000,1960
Mauritania,MRT,Technology,0.000,1961
Mauritania,MRT,Technology,0.000,1962
Mauritania,MRT,Technology,0.000,1963
Mauritania,MRT,Technology,0.000,1964
Mauritania,MRT,Technology,0.000,1965
Mauritania,MRT,Technology,0.000,1966
Mauritania,MRT,Technology,0.000,1967
Mauritania,MRT,Technology,0.000,1968
Mauritania,MRT,Technology,0.000,1969
Mauritania,MRT,Technology,0.000,1970
Mauritania,MRT,Technology,0.000,1971
Mauritania,MRT,Technology,0.000,1972
Mauritania,MRT,Technology,0.000,1973
Mauritania,MRT,Technology,0.000,1974
Mauritania,MRT,Technology,0.000,1975
Mauritania,MRT,Technology,0.000,1976
Mauritania,MRT,Technology,0.000,1977
Mauritania,MRT,Technology,0.000,1978
Mauritania,MRT,Technology,0.000,1979
Mauritania,MRT,Technology,0.000,1980
Mauritania,MRT,Technology,0.000,1981
Mauritania,MRT,Technology,0.000,1982
Mauritania,MRT,Technology,0.000,1983
Mauritania,MRT,Technology,0.000,1984
Mauritania,MRT,Technology,0.000,1985
Mauritania,MRT,Technology,0.000,1986
Mauritania,MRT,Technology,0.000,1987
Mauritania,MRT,Technology,0.000,1988
Mauritania,MRT,Technology,0.000,1989
Mauritania,MRT,Technology,2.222,1990
Mauritania,MRT,Technology,2.222,1991
Mauritania,MRT,Technology,2.222,1992
Mauritania,MRT,Technology,2.222,1993
Mauritania,MRT,Technology,2.222,1994
Mauritania,MRT,Technology,2.222,1995
Mauritania,MRT,Technology,0.000,1996
Mauritania,MRT,Technology,2.222,1997
Mauritania,MRT,Technology,2.222,1998
Mauritania,MRT,Technology,2.222,1999
Mauritania,MRT,Technology,2.222,2000
Mauritania,MRT,Technology,2.222,2001
Mauritania,MRT,Technology,2.222,2002
Mauritania,MRT,Technology,2.222,2003
Mauritania,MRT,Technology,2.222,2004
Mauritania,MRT,Technology,2.222,2005
Mauritania,MRT,Technology,2.222,2006
Mauritania,MRT,Technology,2.222,2007
Mauritania,MRT,Technology,2.222,2008
Mauritania,MRT,Technology,2.222,2009
Mauritania,MRT,Technology,2.222,2010
Mauritania,MRT,Technology,8.889,2011
Mauritania,MRT,Technology,2.222,2012
Mauritania,MRT,Technology,2.222,2013
Mauritania,MRT,Technology,35.556,2014
Mauritania,MRT,Technology,4.444,2015
Mauritania,MRT,Technology,8.889,2016
Mauritania,MRT,Technology,62.222,2017
Mauritania,MRT,Technology,2.222,2018
Mauritania,MRT,Technology,2.222,2019
Mauritania,MRT,Technology,2.222,2020
Mauritania,MRT,Technology,2.222,2021
Mauritania,MRT,Technology,82.222,2022
Mauritania,MRT,Technology,0.000,2023
Mauritania,MRT,Violence,0.000,1960
Mauritania,MRT,Violence,0.000,1961
Mauritania,MRT,Violence,0.000,1962
Mauritania,MRT,Violence,0.000,1963
Mauritania,MRT,Violence,0.000,1964
Mauritania,MRT,Violence,0.000,1965
Mauritania,MRT,Violence,0.000,1966
Mauritania,MRT,Violence,0.000,1967
Mauritania,MRT,Violence,0.000,1968
Mauritania,MRT,Violence,0.000,1969
Mauritania,MRT,Violence,2.143,1970
Mauritania,MRT,Violence,2.143,1971
Mauritania,MRT,Violence,2.143,1972
Mauritania,MRT,Violence,2.143,1973
Mauritania,MRT,Violence,2.143,1974
Mauritania,MRT,Violence,2.143,1975
Mauritania,MRT,Violence,2.143,1976
Mauritania,MRT,Violence,2.143,1977
Mauritania,MRT,Violence,2.143,1978
Mauritania,MRT,Violence,2.143,1979
Mauritania,MRT,Violence,2.143,1980
Mauritania,MRT,Violence,2.143,1981
Mauritania,MRT,Violence,2.143,1982
Mauritania,MRT,Violence,2.143,1983
Mauritania,MRT,Violence,2.143,1984
Mauritania,MRT,Violence,2.143,1985
Mauritania,MRT,Violence,2.143,1986
Mauritania,MRT,Violence,2.143,1987
Mauritania,MRT,Violence,2.143,1988
Mauritania,MRT,Violence,2.143,1989
Mauritania,MRT,Violence,2.143,1990
Mauritania,MRT,Violence,2.143,1991
Mauritania,MRT,Violence,2.143,1992
Mauritania,MRT,Violence,2.143,1993
Mauritania,MRT,Violence,2.143,1994
Mauritania,MRT,Violence,2.143,1995
Mauritania,MRT,Violence,2.143,1996
Mauritania,MRT,Violence,2.143,1997
Mauritania,MRT,Violence,2.143,1998
Mauritania,MRT,Violence,2.143,1999
Mauritania,MRT,Violence,4.286,2000
Mauritania,MRT,Violence,15.714,2001
Mauritania,MRT,Violence,4.286,2002
Mauritania,MRT,Violence,4.286,2003
Mauritania,MRT,Violence,4.286,2004
Mauritania,MRT,Violence,4.286,2005
Mauritania,MRT,Violence,4.286,2006
Mauritania,MRT,Violence,4.286,2007
Mauritania,MRT,Violence,4.286,2008
Mauritania,MRT,Violence,4.286,2009
Mauritania,MRT,Violence,4.286,2010
Mauritania,MRT,Violence,4.286,2011
Mauritania,MRT,Violence,4.286,2012
Mauritania,MRT,Violence,4.286,2013
Mauritania,MRT,Violence,4.286,2014
Mauritania,MRT,Violence,4.286,2015
Mauritania,MRT,Violence,4.286,2016
Mauritania,MRT,Violence,4.286,2017
Mauritania,MRT,Violence,5.000,2018
Mauritania,MRT,Violence,5.000,2019
Mauritania,MRT,Violence,2.857,2020
Mauritania,MRT,Violence,52.143,2021
Mauritania,MRT,Violence,2.143,2022
Mauritania,MRT,Violence,2.143,2023
Mauritania,MRT,Youth 15-24,4.587,1960
Mauritania,MRT,Youth 15-24,4.587,1961
Mauritania,MRT,Youth 15-24,4.587,1962
Mauritania,MRT,Youth 15-24,4.587,1963
Mauritania,MRT,Youth 15-24,4.587,1964
Mauritania,MRT,Youth 15-24,4.587,1965
Mauritania,MRT,Youth 15-24,4.587,1966
Mauritania,MRT,Youth 15-24,4.587,1967
Mauritania,MRT,Youth 15-24,4.587,1968
Mauritania,MRT,Youth 15-24,4.587,1969
Mauritania,MRT,Youth 15-24,4.587,1970
Mauritania,MRT,Youth 15-24,4.587,1971
Mauritania,MRT,Youth 15-24,7.339,1972
Mauritania,MRT,Youth 15-24,4.587,1973
Mauritania,MRT,Youth 15-24,4.587,1974
Mauritania,MRT,Youth 15-24,7.339,1975
Mauritania,MRT,Youth 15-24,4.587,1976
Mauritania,MRT,Youth 15-24,7.339,1977
Mauritania,MRT,Youth 15-24,11.009,1978
Mauritania,MRT,Youth 15-24,4.587,1979
Mauritania,MRT,Youth 15-24,5.505,1980
Mauritania,MRT,Youth 15-24,14.679,1981
Mauritania,MRT,Youth 15-24,4.587,1982
Mauritania,MRT,Youth 15-24,4.587,1983
Mauritania,MRT,Youth 15-24,4.587,1984
Mauritania,MRT,Youth 15-24,6.422,1985
Mauritania,MRT,Youth 15-24,10.092,1986
Mauritania,MRT,Youth 15-24,16.514,1987
Mauritania,MRT,Youth 15-24,23.853,1988
Mauritania,MRT,Youth 15-24,18.349,1989
Mauritania,MRT,Youth 15-24,28.440,1990
Mauritania,MRT,Youth 15-24,34.862,1991
Mauritania,MRT,Youth 15-24,34.862,1992
Mauritania,MRT,Youth 15-24,34.862,1993
Mauritania,MRT,Youth 15-24,34.862,1994
Mauritania,MRT,Youth 15-24,32.110,1995
Mauritania,MRT,Youth 15-24,32.110,1996
Mauritania,MRT,Youth 15-24,27.523,1997
Mauritania,MRT,Youth 15-24,38.532,1998
Mauritania,MRT,Youth 15-24,35.780,1999
Mauritania,MRT,Youth 15-24,39.450,2000
Mauritania,MRT,Youth 15-24,52.294,2001
Mauritania,MRT,Youth 15-24,40.367,2002
Mauritania,MRT,Youth 15-24,38.532,2003
Mauritania,MRT,Youth 15-24,45.872,2004
Mauritania,MRT,Youth 15-24,45.872,2005
Mauritania,MRT,Youth 15-24,43.119,2006
Mauritania,MRT,Youth 15-24,26.606,2007
Mauritania,MRT,Youth 15-24,30.275,2008
Mauritania,MRT,Youth 15-24,27.523,2009
Mauritania,MRT,Youth 15-24,27.523,2010
Mauritania,MRT,Youth 15-24,31.193,2011
Mauritania,MRT,Youth 15-24,63.303,2012
Mauritania,MRT,Youth 15-24,57.798,2013
Mauritania,MRT,Youth 15-24,39.450,2014
Mauritania,MRT,Youth 15-24,56.881,2015
Mauritania,MRT,Youth 15-24,56.881,2016
Mauritania,MRT,Youth 15-24,83.486,2017
Mauritania,MRT,Youth 15-24,40.367,2018
Mauritania,MRT,Youth 15-24,55.963,2019
Mauritania,MRT,Youth 15-24,31.193,2020
Mauritania,MRT,Youth 15-24,26.606,2021
Mauritania,MRT,Youth 15-24,18.349,2022
Mauritania,MRT,Youth 15-24,12.844,2023
