Country Name,Country Code,Topic,% of available indicators,Year
Chile,CHL,Assets,0.000,1960
Chile,CHL,Assets,0.000,1961
Chile,CHL,Assets,0.000,1962
Chile,CHL,Assets,0.000,1963
Chile,CHL,Assets,0.000,1964
Chile,CHL,Assets,0.000,1965
Chile,CHL,Assets,0.000,1966
Chile,CHL,Assets,0.000,1967
Chile,CHL,Assets,0.000,1968
Chile,CHL,Assets,0.000,1969
Chile,CHL,Assets,2.208,1970
Chile,CHL,Assets,2.208,1971
Chile,CHL,Assets,2.208,1972
Chile,CHL,Assets,2.208,1973
Chile,CHL,Assets,2.208,1974
Chile,CHL,Assets,2.208,1975
Chile,CHL,Assets,2.208,1976
Chile,CHL,Assets,2.208,1977
Chile,CHL,Assets,2.208,1978
Chile,CHL,Assets,2.208,1979
Chile,CHL,Assets,2.208,1980
Chile,CHL,Assets,2.208,1981
Chile,CHL,Assets,2.208,1982
Chile,CHL,Assets,2.208,1983
Chile,CHL,Assets,2.208,1984
Chile,CHL,Assets,2.208,1985
Chile,CHL,Assets,2.208,1986
Chile,CHL,Assets,2.208,1987
Chile,CHL,Assets,2.208,1988
Chile,CHL,Assets,2.208,1989
Chile,CHL,Assets,2.208,1990
Chile,CHL,Assets,2.208,1991
Chile,CHL,Assets,2.208,1992
Chile,CHL,Assets,2.208,1993
Chile,CHL,Assets,2.208,1994
Chile,CHL,Assets,2.208,1995
Chile,CHL,Assets,2.208,1996
Chile,CHL,Assets,2.208,1997
Chile,CHL,Assets,2.208,1998
Chile,CHL,Assets,2.208,1999
Chile,CHL,Assets,2.208,2000
Chile,CHL,Assets,2.208,2001
Chile,CHL,Assets,2.208,2002
Chile,CHL,Assets,2.208,2003
Chile,CHL,Assets,2.208,2004
Chile,CHL,Assets,2.208,2005
Chile,CHL,Assets,2.208,2006
Chile,CHL,Assets,2.208,2007
Chile,CHL,Assets,2.208,2008
Chile,CHL,Assets,2.208,2009
Chile,CHL,Assets,2.208,2010
Chile,CHL,Assets,11.672,2011
Chile,CHL,Assets,2.208,2012
Chile,CHL,Assets,2.208,2013
Chile,CHL,Assets,31.546,2014
Chile,CHL,Assets,2.208,2015
Chile,CHL,Assets,2.208,2016
Chile,CHL,Assets,34.069,2017
Chile,CHL,Assets,2.208,2018
Chile,CHL,Assets,2.208,2019
Chile,CHL,Assets,2.208,2020
Chile,CHL,Assets,58.360,2021
Chile,CHL,Assets,2.208,2022
Chile,CHL,Assets,2.208,2023
Chile,CHL,Children 0-14,19.231,1960
Chile,CHL,Children 0-14,19.231,1961
Chile,CHL,Children 0-14,19.231,1962
Chile,CHL,Children 0-14,19.231,1963
Chile,CHL,Children 0-14,19.231,1964
Chile,CHL,Children 0-14,19.231,1965
Chile,CHL,Children 0-14,19.231,1966
Chile,CHL,Children 0-14,19.231,1967
Chile,CHL,Children 0-14,19.231,1968
Chile,CHL,Children 0-14,19.231,1969
Chile,CHL,Children 0-14,34.615,1970
Chile,CHL,Children 0-14,32.308,1971
Chile,CHL,Children 0-14,32.308,1972
Chile,CHL,Children 0-14,32.308,1973
Chile,CHL,Children 0-14,30.769,1974
Chile,CHL,Children 0-14,30.769,1975
Chile,CHL,Children 0-14,32.308,1976
Chile,CHL,Children 0-14,30.769,1977
Chile,CHL,Children 0-14,25.385,1978
Chile,CHL,Children 0-14,25.385,1979
Chile,CHL,Children 0-14,25.385,1980
Chile,CHL,Children 0-14,25.385,1981
Chile,CHL,Children 0-14,29.231,1982
Chile,CHL,Children 0-14,30.000,1983
Chile,CHL,Children 0-14,26.923,1984
Chile,CHL,Children 0-14,26.923,1985
Chile,CHL,Children 0-14,30.000,1986
Chile,CHL,Children 0-14,20.769,1987
Chile,CHL,Children 0-14,23.846,1988
Chile,CHL,Children 0-14,26.923,1989
Chile,CHL,Children 0-14,26.923,1990
Chile,CHL,Children 0-14,26.923,1991
Chile,CHL,Children 0-14,26.923,1992
Chile,CHL,Children 0-14,26.923,1993
Chile,CHL,Children 0-14,26.154,1994
Chile,CHL,Children 0-14,26.154,1995
Chile,CHL,Children 0-14,31.538,1996
Chile,CHL,Children 0-14,27.692,1997
Chile,CHL,Children 0-14,30.769,1998
Chile,CHL,Children 0-14,30.769,1999
Chile,CHL,Children 0-14,46.154,2000
Chile,CHL,Children 0-14,23.846,2001
Chile,CHL,Children 0-14,30.769,2002
Chile,CHL,Children 0-14,37.692,2003
Chile,CHL,Children 0-14,36.154,2004
Chile,CHL,Children 0-14,27.692,2005
Chile,CHL,Children 0-14,39.231,2006
Chile,CHL,Children 0-14,43.846,2007
Chile,CHL,Children 0-14,50.000,2008
Chile,CHL,Children 0-14,40.000,2009
Chile,CHL,Children 0-14,58.462,2010
Chile,CHL,Children 0-14,49.231,2011
Chile,CHL,Children 0-14,46.923,2012
Chile,CHL,Children 0-14,66.923,2013
Chile,CHL,Children 0-14,63.077,2014
Chile,CHL,Children 0-14,70.000,2015
Chile,CHL,Children 0-14,50.769,2016
Chile,CHL,Children 0-14,58.462,2017
Chile,CHL,Children 0-14,43.077,2018
Chile,CHL,Children 0-14,56.154,2019
Chile,CHL,Children 0-14,42.308,2020
Chile,CHL,Children 0-14,35.385,2021
Chile,CHL,Children 0-14,35.385,2022
Chile,CHL,Children 0-14,13.846,2023
Chile,CHL,Education,0.000,1960
Chile,CHL,Education,0.000,1961
Chile,CHL,Education,0.000,1962
Chile,CHL,Education,0.000,1963
Chile,CHL,Education,0.000,1964
Chile,CHL,Education,0.000,1965
Chile,CHL,Education,0.000,1966
Chile,CHL,Education,0.000,1967
Chile,CHL,Education,0.000,1968
Chile,CHL,Education,0.000,1969
Chile,CHL,Education,26.994,1970
Chile,CHL,Education,23.313,1971
Chile,CHL,Education,23.313,1972
Chile,CHL,Education,20.245,1973
Chile,CHL,Education,19.632,1974
Chile,CHL,Education,22.699,1975
Chile,CHL,Education,23.313,1976
Chile,CHL,Education,20.245,1977
Chile,CHL,Education,16.564,1978
Chile,CHL,Education,16.564,1979
Chile,CHL,Education,15.337,1980
Chile,CHL,Education,11.043,1981
Chile,CHL,Education,25.153,1982
Chile,CHL,Education,19.018,1983
Chile,CHL,Education,16.564,1984
Chile,CHL,Education,15.951,1985
Chile,CHL,Education,15.951,1986
Chile,CHL,Education,3.681,1987
Chile,CHL,Education,6.135,1988
Chile,CHL,Education,11.656,1989
Chile,CHL,Education,14.110,1990
Chile,CHL,Education,12.883,1991
Chile,CHL,Education,21.472,1992
Chile,CHL,Education,16.564,1993
Chile,CHL,Education,7.975,1994
Chile,CHL,Education,4.908,1995
Chile,CHL,Education,12.883,1996
Chile,CHL,Education,9.202,1997
Chile,CHL,Education,25.153,1998
Chile,CHL,Education,22.699,1999
Chile,CHL,Education,33.742,2000
Chile,CHL,Education,0.000,2001
Chile,CHL,Education,28.834,2002
Chile,CHL,Education,36.196,2003
Chile,CHL,Education,36.810,2004
Chile,CHL,Education,22.086,2005
Chile,CHL,Education,44.172,2006
Chile,CHL,Education,48.466,2007
Chile,CHL,Education,50.920,2008
Chile,CHL,Education,53.374,2009
Chile,CHL,Education,72.393,2010
Chile,CHL,Education,61.350,2011
Chile,CHL,Education,61.963,2012
Chile,CHL,Education,76.074,2013
Chile,CHL,Education,71.779,2014
Chile,CHL,Education,74.847,2015
Chile,CHL,Education,66.258,2016
Chile,CHL,Education,82.822,2017
Chile,CHL,Education,51.534,2018
Chile,CHL,Education,39.877,2019
Chile,CHL,Education,50.920,2020
Chile,CHL,Education,34.969,2021
Chile,CHL,Education,38.650,2022
Chile,CHL,Education,14.724,2023
Chile,CHL,Employment and Time Use,5.109,1960
Chile,CHL,Employment and Time Use,0.000,1961
Chile,CHL,Employment and Time Use,0.000,1962
Chile,CHL,Employment and Time Use,0.000,1963
Chile,CHL,Employment and Time Use,0.000,1964
Chile,CHL,Employment and Time Use,0.000,1965
Chile,CHL,Employment and Time Use,0.000,1966
Chile,CHL,Employment and Time Use,0.000,1967
Chile,CHL,Employment and Time Use,0.000,1968
Chile,CHL,Employment and Time Use,0.000,1969
Chile,CHL,Employment and Time Use,26.277,1970
Chile,CHL,Employment and Time Use,21.168,1971
Chile,CHL,Employment and Time Use,21.168,1972
Chile,CHL,Employment and Time Use,21.168,1973
Chile,CHL,Employment and Time Use,21.168,1974
Chile,CHL,Employment and Time Use,21.898,1975
Chile,CHL,Employment and Time Use,23.358,1976
Chile,CHL,Employment and Time Use,23.358,1977
Chile,CHL,Employment and Time Use,23.358,1978
Chile,CHL,Employment and Time Use,23.358,1979
Chile,CHL,Employment and Time Use,30.657,1980
Chile,CHL,Employment and Time Use,30.657,1981
Chile,CHL,Employment and Time Use,30.657,1982
Chile,CHL,Employment and Time Use,33.577,1983
Chile,CHL,Employment and Time Use,28.467,1984
Chile,CHL,Employment and Time Use,26.277,1985
Chile,CHL,Employment and Time Use,31.387,1986
Chile,CHL,Employment and Time Use,21.168,1987
Chile,CHL,Employment and Time Use,31.387,1988
Chile,CHL,Employment and Time Use,31.387,1989
Chile,CHL,Employment and Time Use,50.365,1990
Chile,CHL,Employment and Time Use,66.423,1991
Chile,CHL,Employment and Time Use,75.182,1992
Chile,CHL,Employment and Time Use,66.423,1993
Chile,CHL,Employment and Time Use,75.182,1994
Chile,CHL,Employment and Time Use,63.504,1995
Chile,CHL,Employment and Time Use,75.182,1996
Chile,CHL,Employment and Time Use,70.803,1997
Chile,CHL,Employment and Time Use,88.321,1998
Chile,CHL,Employment and Time Use,70.803,1999
Chile,CHL,Employment and Time Use,89.051,2000
Chile,CHL,Employment and Time Use,70.803,2001
Chile,CHL,Employment and Time Use,70.803,2002
Chile,CHL,Employment and Time Use,89.051,2003
Chile,CHL,Employment and Time Use,70.803,2004
Chile,CHL,Employment and Time Use,70.803,2005
Chile,CHL,Employment and Time Use,89.051,2006
Chile,CHL,Employment and Time Use,77.372,2007
Chile,CHL,Employment and Time Use,72.263,2008
Chile,CHL,Employment and Time Use,90.511,2009
Chile,CHL,Employment and Time Use,89.781,2010
Chile,CHL,Employment and Time Use,90.511,2011
Chile,CHL,Employment and Time Use,91.971,2012
Chile,CHL,Employment and Time Use,90.511,2013
Chile,CHL,Employment and Time Use,89.781,2014
Chile,CHL,Employment and Time Use,91.971,2015
Chile,CHL,Employment and Time Use,89.781,2016
Chile,CHL,Employment and Time Use,91.971,2017
Chile,CHL,Employment and Time Use,89.051,2018
Chile,CHL,Employment and Time Use,89.051,2019
Chile,CHL,Employment and Time Use,90.511,2020
Chile,CHL,Employment and Time Use,89.781,2021
Chile,CHL,Employment and Time Use,90.511,2022
Chile,CHL,Employment and Time Use,91.241,2023
Chile,CHL,Entrepreneurship,0.000,1960
Chile,CHL,Entrepreneurship,0.000,1961
Chile,CHL,Entrepreneurship,0.000,1962
Chile,CHL,Entrepreneurship,0.000,1963
Chile,CHL,Entrepreneurship,0.000,1964
Chile,CHL,Entrepreneurship,0.000,1965
Chile,CHL,Entrepreneurship,0.000,1966
Chile,CHL,Entrepreneurship,0.000,1967
Chile,CHL,Entrepreneurship,0.000,1968
Chile,CHL,Entrepreneurship,0.000,1969
Chile,CHL,Entrepreneurship,9.375,1970
Chile,CHL,Entrepreneurship,9.375,1971
Chile,CHL,Entrepreneurship,9.375,1972
Chile,CHL,Entrepreneurship,9.375,1973
Chile,CHL,Entrepreneurship,9.375,1974
Chile,CHL,Entrepreneurship,9.375,1975
Chile,CHL,Entrepreneurship,9.375,1976
Chile,CHL,Entrepreneurship,9.375,1977
Chile,CHL,Entrepreneurship,9.375,1978
Chile,CHL,Entrepreneurship,9.375,1979
Chile,CHL,Entrepreneurship,9.375,1980
Chile,CHL,Entrepreneurship,9.375,1981
Chile,CHL,Entrepreneurship,9.375,1982
Chile,CHL,Entrepreneurship,9.375,1983
Chile,CHL,Entrepreneurship,9.375,1984
Chile,CHL,Entrepreneurship,9.375,1985
Chile,CHL,Entrepreneurship,9.375,1986
Chile,CHL,Entrepreneurship,9.375,1987
Chile,CHL,Entrepreneurship,9.375,1988
Chile,CHL,Entrepreneurship,9.375,1989
Chile,CHL,Entrepreneurship,9.375,1990
Chile,CHL,Entrepreneurship,9.375,1991
Chile,CHL,Entrepreneurship,9.375,1992
Chile,CHL,Entrepreneurship,9.375,1993
Chile,CHL,Entrepreneurship,9.375,1994
Chile,CHL,Entrepreneurship,9.375,1995
Chile,CHL,Entrepreneurship,9.375,1996
Chile,CHL,Entrepreneurship,9.375,1997
Chile,CHL,Entrepreneurship,9.375,1998
Chile,CHL,Entrepreneurship,9.375,1999
Chile,CHL,Entrepreneurship,9.375,2000
Chile,CHL,Entrepreneurship,9.375,2001
Chile,CHL,Entrepreneurship,9.375,2002
Chile,CHL,Entrepreneurship,37.500,2003
Chile,CHL,Entrepreneurship,37.500,2004
Chile,CHL,Entrepreneurship,37.500,2005
Chile,CHL,Entrepreneurship,40.625,2006
Chile,CHL,Entrepreneurship,37.500,2007
Chile,CHL,Entrepreneurship,37.500,2008
Chile,CHL,Entrepreneurship,37.500,2009
Chile,CHL,Entrepreneurship,43.750,2010
Chile,CHL,Entrepreneurship,37.500,2011
Chile,CHL,Entrepreneurship,37.500,2012
Chile,CHL,Entrepreneurship,37.500,2013
Chile,CHL,Entrepreneurship,93.750,2014
Chile,CHL,Entrepreneurship,75.000,2015
Chile,CHL,Entrepreneurship,75.000,2016
Chile,CHL,Entrepreneurship,93.750,2017
Chile,CHL,Entrepreneurship,75.000,2018
Chile,CHL,Entrepreneurship,75.000,2019
Chile,CHL,Entrepreneurship,46.875,2020
Chile,CHL,Entrepreneurship,46.875,2021
Chile,CHL,Entrepreneurship,46.875,2022
Chile,CHL,Entrepreneurship,9.375,2023
Chile,CHL,Environment,0.000,1960
Chile,CHL,Environment,0.000,1961
Chile,CHL,Environment,0.000,1962
Chile,CHL,Environment,0.000,1963
Chile,CHL,Environment,0.000,1964
Chile,CHL,Environment,0.000,1965
Chile,CHL,Environment,0.000,1966
Chile,CHL,Environment,0.000,1967
Chile,CHL,Environment,0.000,1968
Chile,CHL,Environment,0.000,1969
Chile,CHL,Environment,0.000,1970
Chile,CHL,Environment,0.000,1971
Chile,CHL,Environment,0.000,1972
Chile,CHL,Environment,0.000,1973
Chile,CHL,Environment,0.000,1974
Chile,CHL,Environment,0.000,1975
Chile,CHL,Environment,0.000,1976
Chile,CHL,Environment,0.000,1977
Chile,CHL,Environment,0.000,1978
Chile,CHL,Environment,0.000,1979
Chile,CHL,Environment,0.000,1980
Chile,CHL,Environment,0.000,1981
Chile,CHL,Environment,0.000,1982
Chile,CHL,Environment,0.000,1983
Chile,CHL,Environment,0.000,1984
Chile,CHL,Environment,0.000,1985
Chile,CHL,Environment,0.000,1986
Chile,CHL,Environment,0.000,1987
Chile,CHL,Environment,0.000,1988
Chile,CHL,Environment,0.000,1989
Chile,CHL,Environment,0.000,1990
Chile,CHL,Environment,0.000,1991
Chile,CHL,Environment,0.000,1992
Chile,CHL,Environment,0.000,1993
Chile,CHL,Environment,0.000,1994
Chile,CHL,Environment,0.000,1995
Chile,CHL,Environment,0.000,1996
Chile,CHL,Environment,0.000,1997
Chile,CHL,Environment,0.000,1998
Chile,CHL,Environment,0.000,1999
Chile,CHL,Environment,10.000,2000
Chile,CHL,Environment,10.000,2001
Chile,CHL,Environment,10.000,2002
Chile,CHL,Environment,13.333,2003
Chile,CHL,Environment,13.333,2004
Chile,CHL,Environment,10.000,2005
Chile,CHL,Environment,13.333,2006
Chile,CHL,Environment,13.333,2007
Chile,CHL,Environment,13.333,2008
Chile,CHL,Environment,13.333,2009
Chile,CHL,Environment,13.333,2010
Chile,CHL,Environment,10.000,2011
Chile,CHL,Environment,13.333,2012
Chile,CHL,Environment,13.333,2013
Chile,CHL,Environment,23.333,2014
Chile,CHL,Environment,13.333,2015
Chile,CHL,Environment,13.333,2016
Chile,CHL,Environment,23.333,2017
Chile,CHL,Environment,10.000,2018
Chile,CHL,Environment,30.000,2019
Chile,CHL,Environment,10.000,2020
Chile,CHL,Environment,20.000,2021
Chile,CHL,Environment,10.000,2022
Chile,CHL,Environment,0.000,2023
Chile,CHL,Health,8.586,1960
Chile,CHL,Health,8.586,1961
Chile,CHL,Health,8.586,1962
Chile,CHL,Health,8.586,1963
Chile,CHL,Health,8.586,1964
Chile,CHL,Health,8.586,1965
Chile,CHL,Health,8.586,1966
Chile,CHL,Health,8.586,1967
Chile,CHL,Health,8.586,1968
Chile,CHL,Health,8.586,1969
Chile,CHL,Health,8.586,1970
Chile,CHL,Health,8.586,1971
Chile,CHL,Health,8.586,1972
Chile,CHL,Health,8.586,1973
Chile,CHL,Health,8.586,1974
Chile,CHL,Health,11.111,1975
Chile,CHL,Health,11.111,1976
Chile,CHL,Health,11.111,1977
Chile,CHL,Health,11.111,1978
Chile,CHL,Health,11.111,1979
Chile,CHL,Health,12.121,1980
Chile,CHL,Health,12.121,1981
Chile,CHL,Health,12.121,1982
Chile,CHL,Health,12.121,1983
Chile,CHL,Health,12.121,1984
Chile,CHL,Health,12.626,1985
Chile,CHL,Health,14.646,1986
Chile,CHL,Health,12.626,1987
Chile,CHL,Health,12.626,1988
Chile,CHL,Health,12.626,1989
Chile,CHL,Health,17.172,1990
Chile,CHL,Health,17.172,1991
Chile,CHL,Health,17.172,1992
Chile,CHL,Health,18.182,1993
Chile,CHL,Health,19.697,1994
Chile,CHL,Health,19.697,1995
Chile,CHL,Health,19.697,1996
Chile,CHL,Health,17.677,1997
Chile,CHL,Health,19.697,1998
Chile,CHL,Health,19.697,1999
Chile,CHL,Health,56.566,2000
Chile,CHL,Health,34.343,2001
Chile,CHL,Health,34.343,2002
Chile,CHL,Health,34.343,2003
Chile,CHL,Health,34.343,2004
Chile,CHL,Health,33.838,2005
Chile,CHL,Health,35.354,2006
Chile,CHL,Health,34.343,2007
Chile,CHL,Health,38.384,2008
Chile,CHL,Health,32.323,2009
Chile,CHL,Health,59.091,2010
Chile,CHL,Health,32.828,2011
Chile,CHL,Health,32.828,2012
Chile,CHL,Health,38.889,2013
Chile,CHL,Health,40.404,2014
Chile,CHL,Health,57.071,2015
Chile,CHL,Health,33.838,2016
Chile,CHL,Health,36.364,2017
Chile,CHL,Health,34.343,2018
Chile,CHL,Health,57.071,2019
Chile,CHL,Health,26.263,2020
Chile,CHL,Health,19.697,2021
Chile,CHL,Health,16.667,2022
Chile,CHL,Health,1.010,2023
Chile,CHL,Leadership,0.000,1960
Chile,CHL,Leadership,0.000,1961
Chile,CHL,Leadership,0.000,1962
Chile,CHL,Leadership,0.000,1963
Chile,CHL,Leadership,0.000,1964
Chile,CHL,Leadership,0.000,1965
Chile,CHL,Leadership,0.000,1966
Chile,CHL,Leadership,0.000,1967
Chile,CHL,Leadership,0.000,1968
Chile,CHL,Leadership,0.000,1969
Chile,CHL,Leadership,0.000,1970
Chile,CHL,Leadership,0.000,1971
Chile,CHL,Leadership,0.000,1972
Chile,CHL,Leadership,0.000,1973
Chile,CHL,Leadership,0.000,1974
Chile,CHL,Leadership,0.000,1975
Chile,CHL,Leadership,0.000,1976
Chile,CHL,Leadership,0.000,1977
Chile,CHL,Leadership,0.000,1978
Chile,CHL,Leadership,0.000,1979
Chile,CHL,Leadership,0.000,1980
Chile,CHL,Leadership,0.000,1981
Chile,CHL,Leadership,0.000,1982
Chile,CHL,Leadership,0.000,1983
Chile,CHL,Leadership,0.000,1984
Chile,CHL,Leadership,0.000,1985
Chile,CHL,Leadership,0.000,1986
Chile,CHL,Leadership,0.000,1987
Chile,CHL,Leadership,0.000,1988
Chile,CHL,Leadership,0.000,1989
Chile,CHL,Leadership,0.000,1990
Chile,CHL,Leadership,0.000,1991
Chile,CHL,Leadership,0.000,1992
Chile,CHL,Leadership,0.000,1993
Chile,CHL,Leadership,0.000,1994
Chile,CHL,Leadership,0.000,1995
Chile,CHL,Leadership,0.000,1996
Chile,CHL,Leadership,25.000,1997
Chile,CHL,Leadership,25.000,1998
Chile,CHL,Leadership,25.000,1999
Chile,CHL,Leadership,50.000,2000
Chile,CHL,Leadership,25.000,2001
Chile,CHL,Leadership,25.000,2002
Chile,CHL,Leadership,50.000,2003
Chile,CHL,Leadership,25.000,2004
Chile,CHL,Leadership,50.000,2005
Chile,CHL,Leadership,50.000,2006
Chile,CHL,Leadership,25.000,2007
Chile,CHL,Leadership,50.000,2008
Chile,CHL,Leadership,50.000,2009
Chile,CHL,Leadership,75.000,2010
Chile,CHL,Leadership,50.000,2011
Chile,CHL,Leadership,50.000,2012
Chile,CHL,Leadership,50.000,2013
Chile,CHL,Leadership,50.000,2014
Chile,CHL,Leadership,75.000,2015
Chile,CHL,Leadership,50.000,2016
Chile,CHL,Leadership,25.000,2017
Chile,CHL,Leadership,50.000,2018
Chile,CHL,Leadership,50.000,2019
Chile,CHL,Leadership,75.000,2020
Chile,CHL,Leadership,25.000,2021
Chile,CHL,Leadership,75.000,2022
Chile,CHL,Leadership,25.000,2023
Chile,CHL,Norms and Decision-making,0.000,1960
Chile,CHL,Norms and Decision-making,0.000,1961
Chile,CHL,Norms and Decision-making,0.000,1962
Chile,CHL,Norms and Decision-making,0.000,1963
Chile,CHL,Norms and Decision-making,0.000,1964
Chile,CHL,Norms and Decision-making,0.000,1965
Chile,CHL,Norms and Decision-making,0.000,1966
Chile,CHL,Norms and Decision-making,0.000,1967
Chile,CHL,Norms and Decision-making,0.000,1968
Chile,CHL,Norms and Decision-making,0.000,1969
Chile,CHL,Norms and Decision-making,14.074,1970
Chile,CHL,Norms and Decision-making,14.074,1971
Chile,CHL,Norms and Decision-making,12.593,1972
Chile,CHL,Norms and Decision-making,12.593,1973
Chile,CHL,Norms and Decision-making,12.593,1974
Chile,CHL,Norms and Decision-making,12.593,1975
Chile,CHL,Norms and Decision-making,14.074,1976
Chile,CHL,Norms and Decision-making,14.074,1977
Chile,CHL,Norms and Decision-making,14.074,1978
Chile,CHL,Norms and Decision-making,14.074,1979
Chile,CHL,Norms and Decision-making,14.074,1980
Chile,CHL,Norms and Decision-making,14.074,1981
Chile,CHL,Norms and Decision-making,14.074,1982
Chile,CHL,Norms and Decision-making,14.074,1983
Chile,CHL,Norms and Decision-making,14.074,1984
Chile,CHL,Norms and Decision-making,14.074,1985
Chile,CHL,Norms and Decision-making,12.593,1986
Chile,CHL,Norms and Decision-making,12.593,1987
Chile,CHL,Norms and Decision-making,12.593,1988
Chile,CHL,Norms and Decision-making,12.593,1989
Chile,CHL,Norms and Decision-making,12.593,1990
Chile,CHL,Norms and Decision-making,12.593,1991
Chile,CHL,Norms and Decision-making,14.074,1992
Chile,CHL,Norms and Decision-making,12.593,1993
Chile,CHL,Norms and Decision-making,12.593,1994
Chile,CHL,Norms and Decision-making,12.593,1995
Chile,CHL,Norms and Decision-making,12.593,1996
Chile,CHL,Norms and Decision-making,12.593,1997
Chile,CHL,Norms and Decision-making,12.593,1998
Chile,CHL,Norms and Decision-making,12.593,1999
Chile,CHL,Norms and Decision-making,12.593,2000
Chile,CHL,Norms and Decision-making,12.593,2001
Chile,CHL,Norms and Decision-making,14.074,2002
Chile,CHL,Norms and Decision-making,12.593,2003
Chile,CHL,Norms and Decision-making,12.593,2004
Chile,CHL,Norms and Decision-making,12.593,2005
Chile,CHL,Norms and Decision-making,14.074,2006
Chile,CHL,Norms and Decision-making,12.593,2007
Chile,CHL,Norms and Decision-making,12.593,2008
Chile,CHL,Norms and Decision-making,12.593,2009
Chile,CHL,Norms and Decision-making,12.593,2010
Chile,CHL,Norms and Decision-making,14.074,2011
Chile,CHL,Norms and Decision-making,12.593,2012
Chile,CHL,Norms and Decision-making,12.593,2013
Chile,CHL,Norms and Decision-making,12.593,2014
Chile,CHL,Norms and Decision-making,12.593,2015
Chile,CHL,Norms and Decision-making,12.593,2016
Chile,CHL,Norms and Decision-making,12.593,2017
Chile,CHL,Norms and Decision-making,12.593,2018
Chile,CHL,Norms and Decision-making,12.593,2019
Chile,CHL,Norms and Decision-making,12.593,2020
Chile,CHL,Norms and Decision-making,12.593,2021
Chile,CHL,Norms and Decision-making,12.593,2022
Chile,CHL,Norms and Decision-making,12.593,2023
Chile,CHL,Population,86.905,1960
Chile,CHL,Population,86.905,1961
Chile,CHL,Population,86.905,1962
Chile,CHL,Population,86.905,1963
Chile,CHL,Population,86.905,1964
Chile,CHL,Population,86.905,1965
Chile,CHL,Population,86.905,1966
Chile,CHL,Population,86.905,1967
Chile,CHL,Population,86.905,1968
Chile,CHL,Population,86.905,1969
Chile,CHL,Population,89.286,1970
Chile,CHL,Population,89.286,1971
Chile,CHL,Population,86.905,1972
Chile,CHL,Population,86.905,1973
Chile,CHL,Population,86.905,1974
Chile,CHL,Population,86.905,1975
Chile,CHL,Population,89.286,1976
Chile,CHL,Population,89.286,1977
Chile,CHL,Population,89.286,1978
Chile,CHL,Population,89.286,1979
Chile,CHL,Population,94.048,1980
Chile,CHL,Population,89.286,1981
Chile,CHL,Population,89.286,1982
Chile,CHL,Population,89.286,1983
Chile,CHL,Population,89.286,1984
Chile,CHL,Population,94.048,1985
Chile,CHL,Population,86.905,1986
Chile,CHL,Population,86.905,1987
Chile,CHL,Population,86.905,1988
Chile,CHL,Population,86.905,1989
Chile,CHL,Population,92.857,1990
Chile,CHL,Population,86.905,1991
Chile,CHL,Population,89.286,1992
Chile,CHL,Population,86.905,1993
Chile,CHL,Population,86.905,1994
Chile,CHL,Population,92.857,1995
Chile,CHL,Population,86.905,1996
Chile,CHL,Population,86.905,1997
Chile,CHL,Population,86.905,1998
Chile,CHL,Population,86.905,1999
Chile,CHL,Population,92.857,2000
Chile,CHL,Population,86.905,2001
Chile,CHL,Population,89.286,2002
Chile,CHL,Population,86.905,2003
Chile,CHL,Population,88.095,2004
Chile,CHL,Population,92.857,2005
Chile,CHL,Population,89.286,2006
Chile,CHL,Population,88.095,2007
Chile,CHL,Population,88.095,2008
Chile,CHL,Population,86.905,2009
Chile,CHL,Population,94.048,2010
Chile,CHL,Population,90.476,2011
Chile,CHL,Population,86.905,2012
Chile,CHL,Population,86.905,2013
Chile,CHL,Population,86.905,2014
Chile,CHL,Population,92.857,2015
Chile,CHL,Population,86.905,2016
Chile,CHL,Population,86.905,2017
Chile,CHL,Population,86.905,2018
Chile,CHL,Population,86.905,2019
Chile,CHL,Population,88.095,2020
Chile,CHL,Population,86.905,2021
Chile,CHL,Population,86.905,2022
Chile,CHL,Population,77.381,2023
Chile,CHL,SDGs,2.685,1960
Chile,CHL,SDGs,2.685,1961
Chile,CHL,SDGs,2.685,1962
Chile,CHL,SDGs,2.685,1963
Chile,CHL,SDGs,2.685,1964
Chile,CHL,SDGs,2.685,1965
Chile,CHL,SDGs,2.685,1966
Chile,CHL,SDGs,2.685,1967
Chile,CHL,SDGs,2.685,1968
Chile,CHL,SDGs,2.685,1969
Chile,CHL,SDGs,11.409,1970
Chile,CHL,SDGs,11.409,1971
Chile,CHL,SDGs,11.409,1972
Chile,CHL,SDGs,11.409,1973
Chile,CHL,SDGs,11.409,1974
Chile,CHL,SDGs,12.081,1975
Chile,CHL,SDGs,13.423,1976
Chile,CHL,SDGs,13.423,1977
Chile,CHL,SDGs,13.423,1978
Chile,CHL,SDGs,13.423,1979
Chile,CHL,SDGs,14.094,1980
Chile,CHL,SDGs,14.094,1981
Chile,CHL,SDGs,14.094,1982
Chile,CHL,SDGs,16.107,1983
Chile,CHL,SDGs,14.094,1984
Chile,CHL,SDGs,12.752,1985
Chile,CHL,SDGs,16.779,1986
Chile,CHL,SDGs,12.752,1987
Chile,CHL,SDGs,16.779,1988
Chile,CHL,SDGs,16.779,1989
Chile,CHL,SDGs,20.805,1990
Chile,CHL,SDGs,24.832,1991
Chile,CHL,SDGs,24.832,1992
Chile,CHL,SDGs,25.503,1993
Chile,CHL,SDGs,25.503,1994
Chile,CHL,SDGs,23.490,1995
Chile,CHL,SDGs,25.503,1996
Chile,CHL,SDGs,26.174,1997
Chile,CHL,SDGs,26.174,1998
Chile,CHL,SDGs,26.174,1999
Chile,CHL,SDGs,71.141,2000
Chile,CHL,SDGs,38.926,2001
Chile,CHL,SDGs,38.926,2002
Chile,CHL,SDGs,38.926,2003
Chile,CHL,SDGs,38.926,2004
Chile,CHL,SDGs,40.940,2005
Chile,CHL,SDGs,40.940,2006
Chile,CHL,SDGs,38.926,2007
Chile,CHL,SDGs,40.268,2008
Chile,CHL,SDGs,38.926,2009
Chile,CHL,SDGs,70.470,2010
Chile,CHL,SDGs,40.940,2011
Chile,CHL,SDGs,38.926,2012
Chile,CHL,SDGs,40.940,2013
Chile,CHL,SDGs,40.940,2014
Chile,CHL,SDGs,72.483,2015
Chile,CHL,SDGs,38.926,2016
Chile,CHL,SDGs,40.268,2017
Chile,CHL,SDGs,41.611,2018
Chile,CHL,SDGs,74.497,2019
Chile,CHL,SDGs,31.544,2020
Chile,CHL,SDGs,28.859,2021
Chile,CHL,SDGs,26.846,2022
Chile,CHL,SDGs,18.121,2023
Chile,CHL,Technology,0.000,1960
Chile,CHL,Technology,0.000,1961
Chile,CHL,Technology,0.000,1962
Chile,CHL,Technology,0.000,1963
Chile,CHL,Technology,0.000,1964
Chile,CHL,Technology,0.000,1965
Chile,CHL,Technology,0.000,1966
Chile,CHL,Technology,0.000,1967
Chile,CHL,Technology,0.000,1968
Chile,CHL,Technology,0.000,1969
Chile,CHL,Technology,0.000,1970
Chile,CHL,Technology,0.000,1971
Chile,CHL,Technology,0.000,1972
Chile,CHL,Technology,0.000,1973
Chile,CHL,Technology,0.000,1974
Chile,CHL,Technology,0.000,1975
Chile,CHL,Technology,0.000,1976
Chile,CHL,Technology,0.000,1977
Chile,CHL,Technology,0.000,1978
Chile,CHL,Technology,0.000,1979
Chile,CHL,Technology,0.000,1980
Chile,CHL,Technology,0.000,1981
Chile,CHL,Technology,0.000,1982
Chile,CHL,Technology,0.000,1983
Chile,CHL,Technology,0.000,1984
Chile,CHL,Technology,0.000,1985
Chile,CHL,Technology,0.000,1986
Chile,CHL,Technology,0.000,1987
Chile,CHL,Technology,0.000,1988
Chile,CHL,Technology,0.000,1989
Chile,CHL,Technology,2.222,1990
Chile,CHL,Technology,2.222,1991
Chile,CHL,Technology,2.222,1992
Chile,CHL,Technology,2.222,1993
Chile,CHL,Technology,2.222,1994
Chile,CHL,Technology,2.222,1995
Chile,CHL,Technology,2.222,1996
Chile,CHL,Technology,2.222,1997
Chile,CHL,Technology,2.222,1998
Chile,CHL,Technology,2.222,1999
Chile,CHL,Technology,2.222,2000
Chile,CHL,Technology,2.222,2001
Chile,CHL,Technology,2.222,2002
Chile,CHL,Technology,8.889,2003
Chile,CHL,Technology,8.889,2004
Chile,CHL,Technology,2.222,2005
Chile,CHL,Technology,13.333,2006
Chile,CHL,Technology,8.889,2007
Chile,CHL,Technology,8.889,2008
Chile,CHL,Technology,13.333,2009
Chile,CHL,Technology,8.889,2010
Chile,CHL,Technology,8.889,2011
Chile,CHL,Technology,8.889,2012
Chile,CHL,Technology,8.889,2013
Chile,CHL,Technology,42.222,2014
Chile,CHL,Technology,13.333,2015
Chile,CHL,Technology,13.333,2016
Chile,CHL,Technology,66.667,2017
Chile,CHL,Technology,2.222,2018
Chile,CHL,Technology,2.222,2019
Chile,CHL,Technology,2.222,2020
Chile,CHL,Technology,68.889,2021
Chile,CHL,Technology,2.222,2022
Chile,CHL,Technology,6.667,2023
Chile,CHL,Violence,0.000,1960
Chile,CHL,Violence,0.000,1961
Chile,CHL,Violence,0.000,1962
Chile,CHL,Violence,0.000,1963
Chile,CHL,Violence,0.000,1964
Chile,CHL,Violence,0.000,1965
Chile,CHL,Violence,0.000,1966
Chile,CHL,Violence,0.000,1967
Chile,CHL,Violence,0.000,1968
Chile,CHL,Violence,0.000,1969
Chile,CHL,Violence,2.143,1970
Chile,CHL,Violence,2.143,1971
Chile,CHL,Violence,2.143,1972
Chile,CHL,Violence,2.143,1973
Chile,CHL,Violence,2.143,1974
Chile,CHL,Violence,2.143,1975
Chile,CHL,Violence,2.143,1976
Chile,CHL,Violence,2.143,1977
Chile,CHL,Violence,2.143,1978
Chile,CHL,Violence,2.143,1979
Chile,CHL,Violence,2.143,1980
Chile,CHL,Violence,2.143,1981
Chile,CHL,Violence,2.143,1982
Chile,CHL,Violence,2.143,1983
Chile,CHL,Violence,2.143,1984
Chile,CHL,Violence,2.143,1985
Chile,CHL,Violence,2.143,1986
Chile,CHL,Violence,2.143,1987
Chile,CHL,Violence,2.143,1988
Chile,CHL,Violence,2.143,1989
Chile,CHL,Violence,2.143,1990
Chile,CHL,Violence,2.143,1991
Chile,CHL,Violence,2.143,1992
Chile,CHL,Violence,2.143,1993
Chile,CHL,Violence,2.143,1994
Chile,CHL,Violence,2.143,1995
Chile,CHL,Violence,2.143,1996
Chile,CHL,Violence,2.143,1997
Chile,CHL,Violence,2.143,1998
Chile,CHL,Violence,2.143,1999
Chile,CHL,Violence,4.286,2000
Chile,CHL,Violence,4.286,2001
Chile,CHL,Violence,4.286,2002
Chile,CHL,Violence,5.000,2003
Chile,CHL,Violence,4.286,2004
Chile,CHL,Violence,6.429,2005
Chile,CHL,Violence,6.429,2006
Chile,CHL,Violence,6.429,2007
Chile,CHL,Violence,6.429,2008
Chile,CHL,Violence,6.429,2009
Chile,CHL,Violence,6.429,2010
Chile,CHL,Violence,6.429,2011
Chile,CHL,Violence,6.429,2012
Chile,CHL,Violence,6.429,2013
Chile,CHL,Violence,6.429,2014
Chile,CHL,Violence,6.429,2015
Chile,CHL,Violence,6.429,2016
Chile,CHL,Violence,6.429,2017
Chile,CHL,Violence,9.286,2018
Chile,CHL,Violence,6.429,2019
Chile,CHL,Violence,4.286,2020
Chile,CHL,Violence,4.286,2021
Chile,CHL,Violence,2.143,2022
Chile,CHL,Violence,2.143,2023
Chile,CHL,Youth 15-24,7.339,1960
Chile,CHL,Youth 15-24,4.587,1961
Chile,CHL,Youth 15-24,4.587,1962
Chile,CHL,Youth 15-24,4.587,1963
Chile,CHL,Youth 15-24,4.587,1964
Chile,CHL,Youth 15-24,4.587,1965
Chile,CHL,Youth 15-24,4.587,1966
Chile,CHL,Youth 15-24,4.587,1967
Chile,CHL,Youth 15-24,4.587,1968
Chile,CHL,Youth 15-24,4.587,1969
Chile,CHL,Youth 15-24,26.606,1970
Chile,CHL,Youth 15-24,21.101,1971
Chile,CHL,Youth 15-24,21.101,1972
Chile,CHL,Youth 15-24,18.349,1973
Chile,CHL,Youth 15-24,18.349,1974
Chile,CHL,Youth 15-24,21.101,1975
Chile,CHL,Youth 15-24,21.101,1976
Chile,CHL,Youth 15-24,18.349,1977
Chile,CHL,Youth 15-24,18.349,1978
Chile,CHL,Youth 15-24,18.349,1979
Chile,CHL,Youth 15-24,21.101,1980
Chile,CHL,Youth 15-24,17.431,1981
Chile,CHL,Youth 15-24,31.193,1982
Chile,CHL,Youth 15-24,24.771,1983
Chile,CHL,Youth 15-24,21.101,1984
Chile,CHL,Youth 15-24,21.101,1985
Chile,CHL,Youth 15-24,24.771,1986
Chile,CHL,Youth 15-24,9.174,1987
Chile,CHL,Youth 15-24,15.596,1988
Chile,CHL,Youth 15-24,21.101,1989
Chile,CHL,Youth 15-24,33.945,1990
Chile,CHL,Youth 15-24,35.780,1991
Chile,CHL,Youth 15-24,48.624,1992
Chile,CHL,Youth 15-24,38.532,1993
Chile,CHL,Youth 15-24,35.780,1994
Chile,CHL,Youth 15-24,24.771,1995
Chile,CHL,Youth 15-24,36.697,1996
Chile,CHL,Youth 15-24,31.193,1997
Chile,CHL,Youth 15-24,50.459,1998
Chile,CHL,Youth 15-24,47.706,1999
Chile,CHL,Youth 15-24,56.881,2000
Chile,CHL,Youth 15-24,27.523,2001
Chile,CHL,Youth 15-24,52.294,2002
Chile,CHL,Youth 15-24,61.468,2003
Chile,CHL,Youth 15-24,61.468,2004
Chile,CHL,Youth 15-24,44.954,2005
Chile,CHL,Youth 15-24,67.890,2006
Chile,CHL,Youth 15-24,69.725,2007
Chile,CHL,Youth 15-24,73.394,2008
Chile,CHL,Youth 15-24,77.064,2009
Chile,CHL,Youth 15-24,81.651,2010
Chile,CHL,Youth 15-24,70.642,2011
Chile,CHL,Youth 15-24,79.817,2012
Chile,CHL,Youth 15-24,81.651,2013
Chile,CHL,Youth 15-24,77.064,2014
Chile,CHL,Youth 15-24,81.651,2015
Chile,CHL,Youth 15-24,77.982,2016
Chile,CHL,Youth 15-24,79.817,2017
Chile,CHL,Youth 15-24,53.211,2018
Chile,CHL,Youth 15-24,50.459,2019
Chile,CHL,Youth 15-24,53.211,2020
Chile,CHL,Youth 15-24,51.376,2021
Chile,CHL,Youth 15-24,55.046,2022
Chile,CHL,Youth 15-24,33.028,2023
