Country Name,Country Code,Topic,% of available indicators,Year
Russian Federation,RUS,Assets,0.000,1960
Russian Federation,RUS,Assets,0.000,1961
Russian Federation,RUS,Assets,0.000,1962
Russian Federation,RUS,Assets,0.000,1963
Russian Federation,RUS,Assets,0.000,1964
Russian Federation,RUS,Assets,0.000,1965
Russian Federation,RUS,Assets,0.000,1966
Russian Federation,RUS,Assets,0.000,1967
Russian Federation,RUS,Assets,0.000,1968
Russian Federation,RUS,Assets,0.000,1969
Russian Federation,RUS,Assets,2.208,1970
Russian Federation,RUS,Assets,2.208,1971
Russian Federation,RUS,Assets,2.208,1972
Russian Federation,RUS,Assets,2.208,1973
Russian Federation,RUS,Assets,2.208,1974
Russian Federation,RUS,Assets,2.208,1975
Russian Federation,RUS,Assets,2.208,1976
Russian Federation,RUS,Assets,2.208,1977
Russian Federation,RUS,Assets,2.208,1978
Russian Federation,RUS,Assets,2.208,1979
Russian Federation,RUS,Assets,2.208,1980
Russian Federation,RUS,Assets,2.208,1981
Russian Federation,RUS,Assets,2.208,1982
Russian Federation,RUS,Assets,2.208,1983
Russian Federation,RUS,Assets,2.208,1984
Russian Federation,RUS,Assets,2.208,1985
Russian Federation,RUS,Assets,2.208,1986
Russian Federation,RUS,Assets,2.208,1987
Russian Federation,RUS,Assets,2.208,1988
Russian Federation,RUS,Assets,2.208,1989
Russian Federation,RUS,Assets,2.208,1990
Russian Federation,RUS,Assets,2.208,1991
Russian Federation,RUS,Assets,2.208,1992
Russian Federation,RUS,Assets,2.208,1993
Russian Federation,RUS,Assets,2.208,1994
Russian Federation,RUS,Assets,2.208,1995
Russian Federation,RUS,Assets,2.208,1996
Russian Federation,RUS,Assets,2.208,1997
Russian Federation,RUS,Assets,2.208,1998
Russian Federation,RUS,Assets,2.208,1999
Russian Federation,RUS,Assets,2.208,2000
Russian Federation,RUS,Assets,2.208,2001
Russian Federation,RUS,Assets,2.208,2002
Russian Federation,RUS,Assets,2.208,2003
Russian Federation,RUS,Assets,2.208,2004
Russian Federation,RUS,Assets,2.208,2005
Russian Federation,RUS,Assets,2.208,2006
Russian Federation,RUS,Assets,2.208,2007
Russian Federation,RUS,Assets,2.208,2008
Russian Federation,RUS,Assets,2.208,2009
Russian Federation,RUS,Assets,2.208,2010
Russian Federation,RUS,Assets,11.672,2011
Russian Federation,RUS,Assets,2.208,2012
Russian Federation,RUS,Assets,2.208,2013
Russian Federation,RUS,Assets,30.599,2014
Russian Federation,RUS,Assets,2.208,2015
Russian Federation,RUS,Assets,2.208,2016
Russian Federation,RUS,Assets,33.123,2017
Russian Federation,RUS,Assets,2.208,2018
Russian Federation,RUS,Assets,2.208,2019
Russian Federation,RUS,Assets,2.208,2020
Russian Federation,RUS,Assets,63.091,2021
Russian Federation,RUS,Assets,2.208,2022
Russian Federation,RUS,Assets,2.208,2023
Russian Federation,RUS,Children 0-14,17.692,1960
Russian Federation,RUS,Children 0-14,17.692,1961
Russian Federation,RUS,Children 0-14,17.692,1962
Russian Federation,RUS,Children 0-14,19.231,1963
Russian Federation,RUS,Children 0-14,19.231,1964
Russian Federation,RUS,Children 0-14,19.231,1965
Russian Federation,RUS,Children 0-14,19.231,1966
Russian Federation,RUS,Children 0-14,19.231,1967
Russian Federation,RUS,Children 0-14,19.231,1968
Russian Federation,RUS,Children 0-14,19.231,1969
Russian Federation,RUS,Children 0-14,19.231,1970
Russian Federation,RUS,Children 0-14,20.000,1971
Russian Federation,RUS,Children 0-14,20.000,1972
Russian Federation,RUS,Children 0-14,20.000,1973
Russian Federation,RUS,Children 0-14,20.000,1974
Russian Federation,RUS,Children 0-14,20.000,1975
Russian Federation,RUS,Children 0-14,20.000,1976
Russian Federation,RUS,Children 0-14,20.000,1977
Russian Federation,RUS,Children 0-14,20.000,1978
Russian Federation,RUS,Children 0-14,20.000,1979
Russian Federation,RUS,Children 0-14,20.000,1980
Russian Federation,RUS,Children 0-14,23.846,1981
Russian Federation,RUS,Children 0-14,20.000,1982
Russian Federation,RUS,Children 0-14,20.000,1983
Russian Federation,RUS,Children 0-14,20.000,1984
Russian Federation,RUS,Children 0-14,20.000,1985
Russian Federation,RUS,Children 0-14,23.846,1986
Russian Federation,RUS,Children 0-14,20.000,1987
Russian Federation,RUS,Children 0-14,20.000,1988
Russian Federation,RUS,Children 0-14,26.154,1989
Russian Federation,RUS,Children 0-14,23.846,1990
Russian Federation,RUS,Children 0-14,23.846,1991
Russian Federation,RUS,Children 0-14,26.923,1992
Russian Federation,RUS,Children 0-14,25.385,1993
Russian Federation,RUS,Children 0-14,40.000,1994
Russian Federation,RUS,Children 0-14,43.077,1995
Russian Federation,RUS,Children 0-14,28.462,1996
Russian Federation,RUS,Children 0-14,21.538,1997
Russian Federation,RUS,Children 0-14,28.462,1998
Russian Federation,RUS,Children 0-14,26.923,1999
Russian Federation,RUS,Children 0-14,47.692,2000
Russian Federation,RUS,Children 0-14,38.462,2001
Russian Federation,RUS,Children 0-14,37.692,2002
Russian Federation,RUS,Children 0-14,33.846,2003
Russian Federation,RUS,Children 0-14,29.231,2004
Russian Federation,RUS,Children 0-14,33.846,2005
Russian Federation,RUS,Children 0-14,39.231,2006
Russian Federation,RUS,Children 0-14,35.385,2007
Russian Federation,RUS,Children 0-14,36.923,2008
Russian Federation,RUS,Children 0-14,36.923,2009
Russian Federation,RUS,Children 0-14,42.308,2010
Russian Federation,RUS,Children 0-14,43.077,2011
Russian Federation,RUS,Children 0-14,38.462,2012
Russian Federation,RUS,Children 0-14,38.462,2013
Russian Federation,RUS,Children 0-14,46.923,2014
Russian Federation,RUS,Children 0-14,58.462,2015
Russian Federation,RUS,Children 0-14,49.231,2016
Russian Federation,RUS,Children 0-14,44.615,2017
Russian Federation,RUS,Children 0-14,39.231,2018
Russian Federation,RUS,Children 0-14,50.769,2019
Russian Federation,RUS,Children 0-14,34.615,2020
Russian Federation,RUS,Children 0-14,31.538,2021
Russian Federation,RUS,Children 0-14,31.538,2022
Russian Federation,RUS,Children 0-14,19.231,2023
Russian Federation,RUS,Education,0.000,1960
Russian Federation,RUS,Education,0.000,1961
Russian Federation,RUS,Education,0.000,1962
Russian Federation,RUS,Education,0.000,1963
Russian Federation,RUS,Education,0.000,1964
Russian Federation,RUS,Education,0.000,1965
Russian Federation,RUS,Education,0.000,1966
Russian Federation,RUS,Education,0.000,1967
Russian Federation,RUS,Education,0.000,1968
Russian Federation,RUS,Education,0.000,1969
Russian Federation,RUS,Education,0.613,1970
Russian Federation,RUS,Education,4.294,1971
Russian Federation,RUS,Education,1.227,1972
Russian Federation,RUS,Education,1.227,1973
Russian Federation,RUS,Education,1.227,1974
Russian Federation,RUS,Education,1.227,1975
Russian Federation,RUS,Education,2.454,1976
Russian Federation,RUS,Education,1.227,1977
Russian Federation,RUS,Education,1.227,1978
Russian Federation,RUS,Education,1.227,1979
Russian Federation,RUS,Education,1.227,1980
Russian Federation,RUS,Education,9.202,1981
Russian Federation,RUS,Education,1.227,1982
Russian Federation,RUS,Education,1.227,1983
Russian Federation,RUS,Education,1.227,1984
Russian Federation,RUS,Education,1.227,1985
Russian Federation,RUS,Education,9.202,1986
Russian Federation,RUS,Education,2.454,1987
Russian Federation,RUS,Education,2.454,1988
Russian Federation,RUS,Education,17.791,1989
Russian Federation,RUS,Education,7.362,1990
Russian Federation,RUS,Education,9.202,1991
Russian Federation,RUS,Education,10.429,1992
Russian Federation,RUS,Education,9.202,1993
Russian Federation,RUS,Education,22.086,1994
Russian Federation,RUS,Education,14.110,1995
Russian Federation,RUS,Education,2.454,1996
Russian Federation,RUS,Education,2.454,1997
Russian Federation,RUS,Education,4.294,1998
Russian Federation,RUS,Education,9.816,1999
Russian Federation,RUS,Education,7.975,2000
Russian Federation,RUS,Education,13.497,2001
Russian Federation,RUS,Education,27.607,2002
Russian Federation,RUS,Education,23.313,2003
Russian Federation,RUS,Education,16.564,2004
Russian Federation,RUS,Education,23.313,2005
Russian Federation,RUS,Education,33.742,2006
Russian Federation,RUS,Education,30.675,2007
Russian Federation,RUS,Education,32.515,2008
Russian Federation,RUS,Education,33.742,2009
Russian Federation,RUS,Education,26.994,2010
Russian Federation,RUS,Education,44.785,2011
Russian Federation,RUS,Education,43.558,2012
Russian Federation,RUS,Education,46.012,2013
Russian Federation,RUS,Education,56.442,2014
Russian Federation,RUS,Education,49.693,2015
Russian Federation,RUS,Education,51.534,2016
Russian Federation,RUS,Education,57.669,2017
Russian Federation,RUS,Education,47.853,2018
Russian Federation,RUS,Education,30.675,2019
Russian Federation,RUS,Education,34.969,2020
Russian Federation,RUS,Education,32.515,2021
Russian Federation,RUS,Education,25.767,2022
Russian Federation,RUS,Education,20.859,2023
Russian Federation,RUS,Employment and Time Use,0.000,1960
Russian Federation,RUS,Employment and Time Use,0.000,1961
Russian Federation,RUS,Employment and Time Use,0.000,1962
Russian Federation,RUS,Employment and Time Use,0.000,1963
Russian Federation,RUS,Employment and Time Use,0.000,1964
Russian Federation,RUS,Employment and Time Use,0.000,1965
Russian Federation,RUS,Employment and Time Use,0.000,1966
Russian Federation,RUS,Employment and Time Use,0.000,1967
Russian Federation,RUS,Employment and Time Use,0.000,1968
Russian Federation,RUS,Employment and Time Use,0.000,1969
Russian Federation,RUS,Employment and Time Use,21.168,1970
Russian Federation,RUS,Employment and Time Use,21.168,1971
Russian Federation,RUS,Employment and Time Use,21.168,1972
Russian Federation,RUS,Employment and Time Use,21.168,1973
Russian Federation,RUS,Employment and Time Use,21.168,1974
Russian Federation,RUS,Employment and Time Use,21.168,1975
Russian Federation,RUS,Employment and Time Use,21.168,1976
Russian Federation,RUS,Employment and Time Use,21.168,1977
Russian Federation,RUS,Employment and Time Use,21.168,1978
Russian Federation,RUS,Employment and Time Use,21.168,1979
Russian Federation,RUS,Employment and Time Use,21.168,1980
Russian Federation,RUS,Employment and Time Use,21.168,1981
Russian Federation,RUS,Employment and Time Use,21.168,1982
Russian Federation,RUS,Employment and Time Use,21.168,1983
Russian Federation,RUS,Employment and Time Use,21.168,1984
Russian Federation,RUS,Employment and Time Use,21.168,1985
Russian Federation,RUS,Employment and Time Use,21.168,1986
Russian Federation,RUS,Employment and Time Use,21.168,1987
Russian Federation,RUS,Employment and Time Use,21.168,1988
Russian Federation,RUS,Employment and Time Use,26.277,1989
Russian Federation,RUS,Employment and Time Use,31.387,1990
Russian Federation,RUS,Employment and Time Use,56.204,1991
Russian Federation,RUS,Employment and Time Use,70.803,1992
Russian Federation,RUS,Employment and Time Use,70.803,1993
Russian Federation,RUS,Employment and Time Use,70.803,1994
Russian Federation,RUS,Employment and Time Use,70.803,1995
Russian Federation,RUS,Employment and Time Use,70.803,1996
Russian Federation,RUS,Employment and Time Use,70.803,1997
Russian Federation,RUS,Employment and Time Use,77.372,1998
Russian Federation,RUS,Employment and Time Use,70.803,1999
Russian Federation,RUS,Employment and Time Use,70.803,2000
Russian Federation,RUS,Employment and Time Use,70.803,2001
Russian Federation,RUS,Employment and Time Use,77.372,2002
Russian Federation,RUS,Employment and Time Use,77.372,2003
Russian Federation,RUS,Employment and Time Use,77.372,2004
Russian Federation,RUS,Employment and Time Use,70.803,2005
Russian Federation,RUS,Employment and Time Use,77.372,2006
Russian Federation,RUS,Employment and Time Use,77.372,2007
Russian Federation,RUS,Employment and Time Use,77.372,2008
Russian Federation,RUS,Employment and Time Use,83.212,2009
Russian Federation,RUS,Employment and Time Use,90.511,2010
Russian Federation,RUS,Employment and Time Use,90.511,2011
Russian Federation,RUS,Employment and Time Use,90.511,2012
Russian Federation,RUS,Employment and Time Use,90.511,2013
Russian Federation,RUS,Employment and Time Use,91.971,2014
Russian Federation,RUS,Employment and Time Use,90.511,2015
Russian Federation,RUS,Employment and Time Use,90.511,2016
Russian Federation,RUS,Employment and Time Use,86.861,2017
Russian Federation,RUS,Employment and Time Use,86.861,2018
Russian Federation,RUS,Employment and Time Use,88.321,2019
Russian Federation,RUS,Employment and Time Use,86.861,2020
Russian Federation,RUS,Employment and Time Use,86.861,2021
Russian Federation,RUS,Employment and Time Use,89.051,2022
Russian Federation,RUS,Employment and Time Use,91.971,2023
Russian Federation,RUS,Entrepreneurship,0.000,1960
Russian Federation,RUS,Entrepreneurship,0.000,1961
Russian Federation,RUS,Entrepreneurship,0.000,1962
Russian Federation,RUS,Entrepreneurship,0.000,1963
Russian Federation,RUS,Entrepreneurship,0.000,1964
Russian Federation,RUS,Entrepreneurship,0.000,1965
Russian Federation,RUS,Entrepreneurship,0.000,1966
Russian Federation,RUS,Entrepreneurship,0.000,1967
Russian Federation,RUS,Entrepreneurship,0.000,1968
Russian Federation,RUS,Entrepreneurship,0.000,1969
Russian Federation,RUS,Entrepreneurship,9.375,1970
Russian Federation,RUS,Entrepreneurship,9.375,1971
Russian Federation,RUS,Entrepreneurship,9.375,1972
Russian Federation,RUS,Entrepreneurship,9.375,1973
Russian Federation,RUS,Entrepreneurship,9.375,1974
Russian Federation,RUS,Entrepreneurship,9.375,1975
Russian Federation,RUS,Entrepreneurship,9.375,1976
Russian Federation,RUS,Entrepreneurship,9.375,1977
Russian Federation,RUS,Entrepreneurship,9.375,1978
Russian Federation,RUS,Entrepreneurship,9.375,1979
Russian Federation,RUS,Entrepreneurship,9.375,1980
Russian Federation,RUS,Entrepreneurship,9.375,1981
Russian Federation,RUS,Entrepreneurship,9.375,1982
Russian Federation,RUS,Entrepreneurship,9.375,1983
Russian Federation,RUS,Entrepreneurship,9.375,1984
Russian Federation,RUS,Entrepreneurship,9.375,1985
Russian Federation,RUS,Entrepreneurship,9.375,1986
Russian Federation,RUS,Entrepreneurship,9.375,1987
Russian Federation,RUS,Entrepreneurship,9.375,1988
Russian Federation,RUS,Entrepreneurship,9.375,1989
Russian Federation,RUS,Entrepreneurship,9.375,1990
Russian Federation,RUS,Entrepreneurship,9.375,1991
Russian Federation,RUS,Entrepreneurship,9.375,1992
Russian Federation,RUS,Entrepreneurship,9.375,1993
Russian Federation,RUS,Entrepreneurship,9.375,1994
Russian Federation,RUS,Entrepreneurship,9.375,1995
Russian Federation,RUS,Entrepreneurship,9.375,1996
Russian Federation,RUS,Entrepreneurship,9.375,1997
Russian Federation,RUS,Entrepreneurship,9.375,1998
Russian Federation,RUS,Entrepreneurship,9.375,1999
Russian Federation,RUS,Entrepreneurship,9.375,2000
Russian Federation,RUS,Entrepreneurship,9.375,2001
Russian Federation,RUS,Entrepreneurship,9.375,2002
Russian Federation,RUS,Entrepreneurship,9.375,2003
Russian Federation,RUS,Entrepreneurship,9.375,2004
Russian Federation,RUS,Entrepreneurship,12.500,2005
Russian Federation,RUS,Entrepreneurship,9.375,2006
Russian Federation,RUS,Entrepreneurship,9.375,2007
Russian Federation,RUS,Entrepreneurship,9.375,2008
Russian Federation,RUS,Entrepreneurship,15.625,2009
Russian Federation,RUS,Entrepreneurship,9.375,2010
Russian Federation,RUS,Entrepreneurship,9.375,2011
Russian Federation,RUS,Entrepreneurship,15.625,2012
Russian Federation,RUS,Entrepreneurship,37.500,2013
Russian Federation,RUS,Entrepreneurship,68.750,2014
Russian Federation,RUS,Entrepreneurship,50.000,2015
Russian Federation,RUS,Entrepreneurship,50.000,2016
Russian Federation,RUS,Entrepreneurship,68.750,2017
Russian Federation,RUS,Entrepreneurship,50.000,2018
Russian Federation,RUS,Entrepreneurship,56.250,2019
Russian Federation,RUS,Entrepreneurship,21.875,2020
Russian Federation,RUS,Entrepreneurship,21.875,2021
Russian Federation,RUS,Entrepreneurship,21.875,2022
Russian Federation,RUS,Entrepreneurship,9.375,2023
Russian Federation,RUS,Environment,0.000,1960
Russian Federation,RUS,Environment,0.000,1961
Russian Federation,RUS,Environment,0.000,1962
Russian Federation,RUS,Environment,0.000,1963
Russian Federation,RUS,Environment,0.000,1964
Russian Federation,RUS,Environment,0.000,1965
Russian Federation,RUS,Environment,0.000,1966
Russian Federation,RUS,Environment,0.000,1967
Russian Federation,RUS,Environment,0.000,1968
Russian Federation,RUS,Environment,0.000,1969
Russian Federation,RUS,Environment,0.000,1970
Russian Federation,RUS,Environment,0.000,1971
Russian Federation,RUS,Environment,0.000,1972
Russian Federation,RUS,Environment,0.000,1973
Russian Federation,RUS,Environment,0.000,1974
Russian Federation,RUS,Environment,0.000,1975
Russian Federation,RUS,Environment,0.000,1976
Russian Federation,RUS,Environment,0.000,1977
Russian Federation,RUS,Environment,0.000,1978
Russian Federation,RUS,Environment,0.000,1979
Russian Federation,RUS,Environment,0.000,1980
Russian Federation,RUS,Environment,0.000,1981
Russian Federation,RUS,Environment,0.000,1982
Russian Federation,RUS,Environment,0.000,1983
Russian Federation,RUS,Environment,0.000,1984
Russian Federation,RUS,Environment,0.000,1985
Russian Federation,RUS,Environment,0.000,1986
Russian Federation,RUS,Environment,0.000,1987
Russian Federation,RUS,Environment,0.000,1988
Russian Federation,RUS,Environment,0.000,1989
Russian Federation,RUS,Environment,0.000,1990
Russian Federation,RUS,Environment,0.000,1991
Russian Federation,RUS,Environment,0.000,1992
Russian Federation,RUS,Environment,0.000,1993
Russian Federation,RUS,Environment,0.000,1994
Russian Federation,RUS,Environment,0.000,1995
Russian Federation,RUS,Environment,0.000,1996
Russian Federation,RUS,Environment,0.000,1997
Russian Federation,RUS,Environment,0.000,1998
Russian Federation,RUS,Environment,0.000,1999
Russian Federation,RUS,Environment,10.000,2000
Russian Federation,RUS,Environment,10.000,2001
Russian Federation,RUS,Environment,10.000,2002
Russian Federation,RUS,Environment,10.000,2003
Russian Federation,RUS,Environment,10.000,2004
Russian Federation,RUS,Environment,10.000,2005
Russian Federation,RUS,Environment,10.000,2006
Russian Federation,RUS,Environment,10.000,2007
Russian Federation,RUS,Environment,10.000,2008
Russian Federation,RUS,Environment,10.000,2009
Russian Federation,RUS,Environment,10.000,2010
Russian Federation,RUS,Environment,10.000,2011
Russian Federation,RUS,Environment,10.000,2012
Russian Federation,RUS,Environment,10.000,2013
Russian Federation,RUS,Environment,20.000,2014
Russian Federation,RUS,Environment,10.000,2015
Russian Federation,RUS,Environment,10.000,2016
Russian Federation,RUS,Environment,20.000,2017
Russian Federation,RUS,Environment,10.000,2018
Russian Federation,RUS,Environment,30.000,2019
Russian Federation,RUS,Environment,10.000,2020
Russian Federation,RUS,Environment,20.000,2021
Russian Federation,RUS,Environment,10.000,2022
Russian Federation,RUS,Environment,0.000,2023
Russian Federation,RUS,Health,7.576,1960
Russian Federation,RUS,Health,7.576,1961
Russian Federation,RUS,Health,7.576,1962
Russian Federation,RUS,Health,8.586,1963
Russian Federation,RUS,Health,8.586,1964
Russian Federation,RUS,Health,8.586,1965
Russian Federation,RUS,Health,8.586,1966
Russian Federation,RUS,Health,8.586,1967
Russian Federation,RUS,Health,8.586,1968
Russian Federation,RUS,Health,8.586,1969
Russian Federation,RUS,Health,8.586,1970
Russian Federation,RUS,Health,8.586,1971
Russian Federation,RUS,Health,8.586,1972
Russian Federation,RUS,Health,8.586,1973
Russian Federation,RUS,Health,8.586,1974
Russian Federation,RUS,Health,11.111,1975
Russian Federation,RUS,Health,11.111,1976
Russian Federation,RUS,Health,11.111,1977
Russian Federation,RUS,Health,11.111,1978
Russian Federation,RUS,Health,11.111,1979
Russian Federation,RUS,Health,11.111,1980
Russian Federation,RUS,Health,11.111,1981
Russian Federation,RUS,Health,11.111,1982
Russian Federation,RUS,Health,11.111,1983
Russian Federation,RUS,Health,11.111,1984
Russian Federation,RUS,Health,11.616,1985
Russian Federation,RUS,Health,11.616,1986
Russian Federation,RUS,Health,11.616,1987
Russian Federation,RUS,Health,11.616,1988
Russian Federation,RUS,Health,12.121,1989
Russian Federation,RUS,Health,12.626,1990
Russian Federation,RUS,Health,12.626,1991
Russian Federation,RUS,Health,13.636,1992
Russian Federation,RUS,Health,14.646,1993
Russian Federation,RUS,Health,14.646,1994
Russian Federation,RUS,Health,19.192,1995
Russian Federation,RUS,Health,19.192,1996
Russian Federation,RUS,Health,13.636,1997
Russian Federation,RUS,Health,18.182,1998
Russian Federation,RUS,Health,13.636,1999
Russian Federation,RUS,Health,56.061,2000
Russian Federation,RUS,Health,31.818,2001
Russian Federation,RUS,Health,31.818,2002
Russian Federation,RUS,Health,31.818,2003
Russian Federation,RUS,Health,32.828,2004
Russian Federation,RUS,Health,33.333,2005
Russian Federation,RUS,Health,27.273,2006
Russian Federation,RUS,Health,28.283,2007
Russian Federation,RUS,Health,27.273,2008
Russian Federation,RUS,Health,27.273,2009
Russian Federation,RUS,Health,54.545,2010
Russian Federation,RUS,Health,28.788,2011
Russian Federation,RUS,Health,27.273,2012
Russian Federation,RUS,Health,27.273,2013
Russian Federation,RUS,Health,28.788,2014
Russian Federation,RUS,Health,50.505,2015
Russian Federation,RUS,Health,25.758,2016
Russian Federation,RUS,Health,27.778,2017
Russian Federation,RUS,Health,27.778,2018
Russian Federation,RUS,Health,50.505,2019
Russian Federation,RUS,Health,20.202,2020
Russian Federation,RUS,Health,13.131,2021
Russian Federation,RUS,Health,10.606,2022
Russian Federation,RUS,Health,1.010,2023
Russian Federation,RUS,Leadership,0.000,1960
Russian Federation,RUS,Leadership,0.000,1961
Russian Federation,RUS,Leadership,0.000,1962
Russian Federation,RUS,Leadership,0.000,1963
Russian Federation,RUS,Leadership,0.000,1964
Russian Federation,RUS,Leadership,0.000,1965
Russian Federation,RUS,Leadership,0.000,1966
Russian Federation,RUS,Leadership,0.000,1967
Russian Federation,RUS,Leadership,0.000,1968
Russian Federation,RUS,Leadership,0.000,1969
Russian Federation,RUS,Leadership,0.000,1970
Russian Federation,RUS,Leadership,0.000,1971
Russian Federation,RUS,Leadership,0.000,1972
Russian Federation,RUS,Leadership,0.000,1973
Russian Federation,RUS,Leadership,0.000,1974
Russian Federation,RUS,Leadership,0.000,1975
Russian Federation,RUS,Leadership,0.000,1976
Russian Federation,RUS,Leadership,0.000,1977
Russian Federation,RUS,Leadership,0.000,1978
Russian Federation,RUS,Leadership,0.000,1979
Russian Federation,RUS,Leadership,0.000,1980
Russian Federation,RUS,Leadership,0.000,1981
Russian Federation,RUS,Leadership,0.000,1982
Russian Federation,RUS,Leadership,0.000,1983
Russian Federation,RUS,Leadership,0.000,1984
Russian Federation,RUS,Leadership,0.000,1985
Russian Federation,RUS,Leadership,0.000,1986
Russian Federation,RUS,Leadership,0.000,1987
Russian Federation,RUS,Leadership,0.000,1988
Russian Federation,RUS,Leadership,0.000,1989
Russian Federation,RUS,Leadership,0.000,1990
Russian Federation,RUS,Leadership,0.000,1991
Russian Federation,RUS,Leadership,0.000,1992
Russian Federation,RUS,Leadership,0.000,1993
Russian Federation,RUS,Leadership,0.000,1994
Russian Federation,RUS,Leadership,0.000,1995
Russian Federation,RUS,Leadership,0.000,1996
Russian Federation,RUS,Leadership,25.000,1997
Russian Federation,RUS,Leadership,25.000,1998
Russian Federation,RUS,Leadership,0.000,1999
Russian Federation,RUS,Leadership,25.000,2000
Russian Federation,RUS,Leadership,25.000,2001
Russian Federation,RUS,Leadership,25.000,2002
Russian Federation,RUS,Leadership,25.000,2003
Russian Federation,RUS,Leadership,25.000,2004
Russian Federation,RUS,Leadership,50.000,2005
Russian Federation,RUS,Leadership,25.000,2006
Russian Federation,RUS,Leadership,25.000,2007
Russian Federation,RUS,Leadership,50.000,2008
Russian Federation,RUS,Leadership,50.000,2009
Russian Federation,RUS,Leadership,75.000,2010
Russian Federation,RUS,Leadership,50.000,2011
Russian Federation,RUS,Leadership,100.000,2012
Russian Federation,RUS,Leadership,50.000,2013
Russian Federation,RUS,Leadership,75.000,2014
Russian Federation,RUS,Leadership,75.000,2015
Russian Federation,RUS,Leadership,75.000,2016
Russian Federation,RUS,Leadership,50.000,2017
Russian Federation,RUS,Leadership,75.000,2018
Russian Federation,RUS,Leadership,100.000,2019
Russian Federation,RUS,Leadership,75.000,2020
Russian Federation,RUS,Leadership,50.000,2021
Russian Federation,RUS,Leadership,75.000,2022
Russian Federation,RUS,Leadership,50.000,2023
Russian Federation,RUS,Norms and Decision-making,0.000,1960
Russian Federation,RUS,Norms and Decision-making,0.000,1961
Russian Federation,RUS,Norms and Decision-making,0.000,1962
Russian Federation,RUS,Norms and Decision-making,0.000,1963
Russian Federation,RUS,Norms and Decision-making,0.000,1964
Russian Federation,RUS,Norms and Decision-making,0.000,1965
Russian Federation,RUS,Norms and Decision-making,0.000,1966
Russian Federation,RUS,Norms and Decision-making,0.000,1967
Russian Federation,RUS,Norms and Decision-making,0.000,1968
Russian Federation,RUS,Norms and Decision-making,0.000,1969
Russian Federation,RUS,Norms and Decision-making,12.593,1970
Russian Federation,RUS,Norms and Decision-making,12.593,1971
Russian Federation,RUS,Norms and Decision-making,12.593,1972
Russian Federation,RUS,Norms and Decision-making,12.593,1973
Russian Federation,RUS,Norms and Decision-making,12.593,1974
Russian Federation,RUS,Norms and Decision-making,12.593,1975
Russian Federation,RUS,Norms and Decision-making,12.593,1976
Russian Federation,RUS,Norms and Decision-making,12.593,1977
Russian Federation,RUS,Norms and Decision-making,12.593,1978
Russian Federation,RUS,Norms and Decision-making,12.593,1979
Russian Federation,RUS,Norms and Decision-making,12.593,1980
Russian Federation,RUS,Norms and Decision-making,12.593,1981
Russian Federation,RUS,Norms and Decision-making,12.593,1982
Russian Federation,RUS,Norms and Decision-making,12.593,1983
Russian Federation,RUS,Norms and Decision-making,12.593,1984
Russian Federation,RUS,Norms and Decision-making,12.593,1985
Russian Federation,RUS,Norms and Decision-making,12.593,1986
Russian Federation,RUS,Norms and Decision-making,12.593,1987
Russian Federation,RUS,Norms and Decision-making,12.593,1988
Russian Federation,RUS,Norms and Decision-making,14.074,1989
Russian Federation,RUS,Norms and Decision-making,12.593,1990
Russian Federation,RUS,Norms and Decision-making,12.593,1991
Russian Federation,RUS,Norms and Decision-making,12.593,1992
Russian Federation,RUS,Norms and Decision-making,12.593,1993
Russian Federation,RUS,Norms and Decision-making,12.593,1994
Russian Federation,RUS,Norms and Decision-making,12.593,1995
Russian Federation,RUS,Norms and Decision-making,12.593,1996
Russian Federation,RUS,Norms and Decision-making,12.593,1997
Russian Federation,RUS,Norms and Decision-making,12.593,1998
Russian Federation,RUS,Norms and Decision-making,12.593,1999
Russian Federation,RUS,Norms and Decision-making,12.593,2000
Russian Federation,RUS,Norms and Decision-making,12.593,2001
Russian Federation,RUS,Norms and Decision-making,12.593,2002
Russian Federation,RUS,Norms and Decision-making,12.593,2003
Russian Federation,RUS,Norms and Decision-making,12.593,2004
Russian Federation,RUS,Norms and Decision-making,12.593,2005
Russian Federation,RUS,Norms and Decision-making,12.593,2006
Russian Federation,RUS,Norms and Decision-making,12.593,2007
Russian Federation,RUS,Norms and Decision-making,12.593,2008
Russian Federation,RUS,Norms and Decision-making,12.593,2009
Russian Federation,RUS,Norms and Decision-making,14.074,2010
Russian Federation,RUS,Norms and Decision-making,12.593,2011
Russian Federation,RUS,Norms and Decision-making,12.593,2012
Russian Federation,RUS,Norms and Decision-making,12.593,2013
Russian Federation,RUS,Norms and Decision-making,12.593,2014
Russian Federation,RUS,Norms and Decision-making,12.593,2015
Russian Federation,RUS,Norms and Decision-making,12.593,2016
Russian Federation,RUS,Norms and Decision-making,14.074,2017
Russian Federation,RUS,Norms and Decision-making,12.593,2018
Russian Federation,RUS,Norms and Decision-making,12.593,2019
Russian Federation,RUS,Norms and Decision-making,12.593,2020
Russian Federation,RUS,Norms and Decision-making,12.593,2021
Russian Federation,RUS,Norms and Decision-making,12.593,2022
Russian Federation,RUS,Norms and Decision-making,12.593,2023
Russian Federation,RUS,Population,86.905,1960
Russian Federation,RUS,Population,86.905,1961
Russian Federation,RUS,Population,86.905,1962
Russian Federation,RUS,Population,86.905,1963
Russian Federation,RUS,Population,86.905,1964
Russian Federation,RUS,Population,86.905,1965
Russian Federation,RUS,Population,86.905,1966
Russian Federation,RUS,Population,86.905,1967
Russian Federation,RUS,Population,86.905,1968
Russian Federation,RUS,Population,86.905,1969
Russian Federation,RUS,Population,86.905,1970
Russian Federation,RUS,Population,86.905,1971
Russian Federation,RUS,Population,86.905,1972
Russian Federation,RUS,Population,86.905,1973
Russian Federation,RUS,Population,86.905,1974
Russian Federation,RUS,Population,86.905,1975
Russian Federation,RUS,Population,86.905,1976
Russian Federation,RUS,Population,86.905,1977
Russian Federation,RUS,Population,86.905,1978
Russian Federation,RUS,Population,86.905,1979
Russian Federation,RUS,Population,91.667,1980
Russian Federation,RUS,Population,86.905,1981
Russian Federation,RUS,Population,86.905,1982
Russian Federation,RUS,Population,86.905,1983
Russian Federation,RUS,Population,86.905,1984
Russian Federation,RUS,Population,91.667,1985
Russian Federation,RUS,Population,86.905,1986
Russian Federation,RUS,Population,86.905,1987
Russian Federation,RUS,Population,86.905,1988
Russian Federation,RUS,Population,89.286,1989
Russian Federation,RUS,Population,92.857,1990
Russian Federation,RUS,Population,86.905,1991
Russian Federation,RUS,Population,86.905,1992
Russian Federation,RUS,Population,86.905,1993
Russian Federation,RUS,Population,86.905,1994
Russian Federation,RUS,Population,92.857,1995
Russian Federation,RUS,Population,86.905,1996
Russian Federation,RUS,Population,86.905,1997
Russian Federation,RUS,Population,86.905,1998
Russian Federation,RUS,Population,86.905,1999
Russian Federation,RUS,Population,92.857,2000
Russian Federation,RUS,Population,86.905,2001
Russian Federation,RUS,Population,86.905,2002
Russian Federation,RUS,Population,86.905,2003
Russian Federation,RUS,Population,86.905,2004
Russian Federation,RUS,Population,92.857,2005
Russian Federation,RUS,Population,86.905,2006
Russian Federation,RUS,Population,86.905,2007
Russian Federation,RUS,Population,86.905,2008
Russian Federation,RUS,Population,86.905,2009
Russian Federation,RUS,Population,96.429,2010
Russian Federation,RUS,Population,86.905,2011
Russian Federation,RUS,Population,86.905,2012
Russian Federation,RUS,Population,86.905,2013
Russian Federation,RUS,Population,86.905,2014
Russian Federation,RUS,Population,92.857,2015
Russian Federation,RUS,Population,86.905,2016
Russian Federation,RUS,Population,88.095,2017
Russian Federation,RUS,Population,86.905,2018
Russian Federation,RUS,Population,86.905,2019
Russian Federation,RUS,Population,90.476,2020
Russian Federation,RUS,Population,86.905,2021
Russian Federation,RUS,Population,88.095,2022
Russian Federation,RUS,Population,77.381,2023
Russian Federation,RUS,SDGs,2.685,1960
Russian Federation,RUS,SDGs,2.685,1961
Russian Federation,RUS,SDGs,2.685,1962
Russian Federation,RUS,SDGs,2.685,1963
Russian Federation,RUS,SDGs,2.685,1964
Russian Federation,RUS,SDGs,2.685,1965
Russian Federation,RUS,SDGs,2.685,1966
Russian Federation,RUS,SDGs,2.685,1967
Russian Federation,RUS,SDGs,2.685,1968
Russian Federation,RUS,SDGs,2.685,1969
Russian Federation,RUS,SDGs,11.409,1970
Russian Federation,RUS,SDGs,11.409,1971
Russian Federation,RUS,SDGs,11.409,1972
Russian Federation,RUS,SDGs,11.409,1973
Russian Federation,RUS,SDGs,11.409,1974
Russian Federation,RUS,SDGs,11.409,1975
Russian Federation,RUS,SDGs,11.409,1976
Russian Federation,RUS,SDGs,11.409,1977
Russian Federation,RUS,SDGs,11.409,1978
Russian Federation,RUS,SDGs,11.409,1979
Russian Federation,RUS,SDGs,11.409,1980
Russian Federation,RUS,SDGs,11.409,1981
Russian Federation,RUS,SDGs,11.409,1982
Russian Federation,RUS,SDGs,11.409,1983
Russian Federation,RUS,SDGs,11.409,1984
Russian Federation,RUS,SDGs,12.081,1985
Russian Federation,RUS,SDGs,12.081,1986
Russian Federation,RUS,SDGs,12.081,1987
Russian Federation,RUS,SDGs,12.081,1988
Russian Federation,RUS,SDGs,12.752,1989
Russian Federation,RUS,SDGs,12.752,1990
Russian Federation,RUS,SDGs,16.779,1991
Russian Federation,RUS,SDGs,21.477,1992
Russian Federation,RUS,SDGs,21.477,1993
Russian Federation,RUS,SDGs,21.477,1994
Russian Federation,RUS,SDGs,21.477,1995
Russian Federation,RUS,SDGs,21.477,1996
Russian Federation,RUS,SDGs,22.148,1997
Russian Federation,RUS,SDGs,22.148,1998
Russian Federation,RUS,SDGs,21.477,1999
Russian Federation,RUS,SDGs,67.114,2000
Russian Federation,RUS,SDGs,36.913,2001
Russian Federation,RUS,SDGs,34.899,2002
Russian Federation,RUS,SDGs,34.899,2003
Russian Federation,RUS,SDGs,34.899,2004
Russian Federation,RUS,SDGs,36.913,2005
Russian Federation,RUS,SDGs,36.913,2006
Russian Federation,RUS,SDGs,34.899,2007
Russian Federation,RUS,SDGs,34.899,2008
Russian Federation,RUS,SDGs,34.899,2009
Russian Federation,RUS,SDGs,67.114,2010
Russian Federation,RUS,SDGs,38.926,2011
Russian Federation,RUS,SDGs,34.899,2012
Russian Federation,RUS,SDGs,34.899,2013
Russian Federation,RUS,SDGs,38.255,2014
Russian Federation,RUS,SDGs,67.114,2015
Russian Federation,RUS,SDGs,36.242,2016
Russian Federation,RUS,SDGs,37.584,2017
Russian Federation,RUS,SDGs,36.242,2018
Russian Federation,RUS,SDGs,71.812,2019
Russian Federation,RUS,SDGs,28.188,2020
Russian Federation,RUS,SDGs,24.832,2021
Russian Federation,RUS,SDGs,22.819,2022
Russian Federation,RUS,SDGs,18.121,2023
Russian Federation,RUS,Technology,0.000,1960
Russian Federation,RUS,Technology,0.000,1961
Russian Federation,RUS,Technology,0.000,1962
Russian Federation,RUS,Technology,0.000,1963
Russian Federation,RUS,Technology,0.000,1964
Russian Federation,RUS,Technology,0.000,1965
Russian Federation,RUS,Technology,0.000,1966
Russian Federation,RUS,Technology,0.000,1967
Russian Federation,RUS,Technology,0.000,1968
Russian Federation,RUS,Technology,0.000,1969
Russian Federation,RUS,Technology,0.000,1970
Russian Federation,RUS,Technology,0.000,1971
Russian Federation,RUS,Technology,0.000,1972
Russian Federation,RUS,Technology,0.000,1973
Russian Federation,RUS,Technology,0.000,1974
Russian Federation,RUS,Technology,0.000,1975
Russian Federation,RUS,Technology,0.000,1976
Russian Federation,RUS,Technology,0.000,1977
Russian Federation,RUS,Technology,0.000,1978
Russian Federation,RUS,Technology,0.000,1979
Russian Federation,RUS,Technology,0.000,1980
Russian Federation,RUS,Technology,0.000,1981
Russian Federation,RUS,Technology,0.000,1982
Russian Federation,RUS,Technology,0.000,1983
Russian Federation,RUS,Technology,0.000,1984
Russian Federation,RUS,Technology,0.000,1985
Russian Federation,RUS,Technology,0.000,1986
Russian Federation,RUS,Technology,0.000,1987
Russian Federation,RUS,Technology,0.000,1988
Russian Federation,RUS,Technology,0.000,1989
Russian Federation,RUS,Technology,2.222,1990
Russian Federation,RUS,Technology,2.222,1991
Russian Federation,RUS,Technology,2.222,1992
Russian Federation,RUS,Technology,2.222,1993
Russian Federation,RUS,Technology,2.222,1994
Russian Federation,RUS,Technology,2.222,1995
Russian Federation,RUS,Technology,2.222,1996
Russian Federation,RUS,Technology,2.222,1997
Russian Federation,RUS,Technology,2.222,1998
Russian Federation,RUS,Technology,2.222,1999
Russian Federation,RUS,Technology,2.222,2000
Russian Federation,RUS,Technology,2.222,2001
Russian Federation,RUS,Technology,2.222,2002
Russian Federation,RUS,Technology,2.222,2003
Russian Federation,RUS,Technology,2.222,2004
Russian Federation,RUS,Technology,2.222,2005
Russian Federation,RUS,Technology,2.222,2006
Russian Federation,RUS,Technology,2.222,2007
Russian Federation,RUS,Technology,2.222,2008
Russian Federation,RUS,Technology,6.667,2009
Russian Federation,RUS,Technology,2.222,2010
Russian Federation,RUS,Technology,8.889,2011
Russian Federation,RUS,Technology,2.222,2012
Russian Federation,RUS,Technology,6.667,2013
Russian Federation,RUS,Technology,33.333,2014
Russian Federation,RUS,Technology,6.667,2015
Russian Federation,RUS,Technology,6.667,2016
Russian Federation,RUS,Technology,53.333,2017
Russian Federation,RUS,Technology,6.667,2018
Russian Federation,RUS,Technology,6.667,2019
Russian Federation,RUS,Technology,6.667,2020
Russian Federation,RUS,Technology,86.667,2021
Russian Federation,RUS,Technology,6.667,2022
Russian Federation,RUS,Technology,6.667,2023
Russian Federation,RUS,Violence,0.000,1960
Russian Federation,RUS,Violence,0.000,1961
Russian Federation,RUS,Violence,0.000,1962
Russian Federation,RUS,Violence,0.000,1963
Russian Federation,RUS,Violence,0.000,1964
Russian Federation,RUS,Violence,0.000,1965
Russian Federation,RUS,Violence,0.000,1966
Russian Federation,RUS,Violence,0.000,1967
Russian Federation,RUS,Violence,0.000,1968
Russian Federation,RUS,Violence,0.000,1969
Russian Federation,RUS,Violence,2.143,1970
Russian Federation,RUS,Violence,2.143,1971
Russian Federation,RUS,Violence,2.143,1972
Russian Federation,RUS,Violence,2.143,1973
Russian Federation,RUS,Violence,2.143,1974
Russian Federation,RUS,Violence,2.143,1975
Russian Federation,RUS,Violence,2.143,1976
Russian Federation,RUS,Violence,2.143,1977
Russian Federation,RUS,Violence,2.143,1978
Russian Federation,RUS,Violence,2.143,1979
Russian Federation,RUS,Violence,2.143,1980
Russian Federation,RUS,Violence,2.143,1981
Russian Federation,RUS,Violence,2.143,1982
Russian Federation,RUS,Violence,2.143,1983
Russian Federation,RUS,Violence,2.143,1984
Russian Federation,RUS,Violence,2.143,1985
Russian Federation,RUS,Violence,2.143,1986
Russian Federation,RUS,Violence,2.143,1987
Russian Federation,RUS,Violence,2.143,1988
Russian Federation,RUS,Violence,2.143,1989
Russian Federation,RUS,Violence,4.286,1990
Russian Federation,RUS,Violence,4.286,1991
Russian Federation,RUS,Violence,4.286,1992
Russian Federation,RUS,Violence,4.286,1993
Russian Federation,RUS,Violence,4.286,1994
Russian Federation,RUS,Violence,4.286,1995
Russian Federation,RUS,Violence,4.286,1996
Russian Federation,RUS,Violence,4.286,1997
Russian Federation,RUS,Violence,4.286,1998
Russian Federation,RUS,Violence,4.286,1999
Russian Federation,RUS,Violence,6.429,2000
Russian Federation,RUS,Violence,6.429,2001
Russian Federation,RUS,Violence,6.429,2002
Russian Federation,RUS,Violence,6.429,2003
Russian Federation,RUS,Violence,6.429,2004
Russian Federation,RUS,Violence,6.429,2005
Russian Federation,RUS,Violence,6.429,2006
Russian Federation,RUS,Violence,6.429,2007
Russian Federation,RUS,Violence,6.429,2008
Russian Federation,RUS,Violence,6.429,2009
Russian Federation,RUS,Violence,6.429,2010
Russian Federation,RUS,Violence,6.429,2011
Russian Federation,RUS,Violence,6.429,2012
Russian Federation,RUS,Violence,6.429,2013
Russian Federation,RUS,Violence,6.429,2014
Russian Federation,RUS,Violence,6.429,2015
Russian Federation,RUS,Violence,6.429,2016
Russian Federation,RUS,Violence,7.857,2017
Russian Federation,RUS,Violence,6.429,2018
Russian Federation,RUS,Violence,6.429,2019
Russian Federation,RUS,Violence,4.286,2020
Russian Federation,RUS,Violence,4.286,2021
Russian Federation,RUS,Violence,2.143,2022
Russian Federation,RUS,Violence,2.143,2023
Russian Federation,RUS,Youth 15-24,4.587,1960
Russian Federation,RUS,Youth 15-24,4.587,1961
Russian Federation,RUS,Youth 15-24,4.587,1962
Russian Federation,RUS,Youth 15-24,4.587,1963
Russian Federation,RUS,Youth 15-24,4.587,1964
Russian Federation,RUS,Youth 15-24,4.587,1965
Russian Federation,RUS,Youth 15-24,4.587,1966
Russian Federation,RUS,Youth 15-24,4.587,1967
Russian Federation,RUS,Youth 15-24,4.587,1968
Russian Federation,RUS,Youth 15-24,4.587,1969
Russian Federation,RUS,Youth 15-24,5.505,1970
Russian Federation,RUS,Youth 15-24,9.174,1971
Russian Federation,RUS,Youth 15-24,5.505,1972
Russian Federation,RUS,Youth 15-24,5.505,1973
Russian Federation,RUS,Youth 15-24,5.505,1974
Russian Federation,RUS,Youth 15-24,5.505,1975
Russian Federation,RUS,Youth 15-24,6.422,1976
Russian Federation,RUS,Youth 15-24,5.505,1977
Russian Federation,RUS,Youth 15-24,5.505,1978
Russian Federation,RUS,Youth 15-24,5.505,1979
Russian Federation,RUS,Youth 15-24,5.505,1980
Russian Federation,RUS,Youth 15-24,11.009,1981
Russian Federation,RUS,Youth 15-24,5.505,1982
Russian Federation,RUS,Youth 15-24,5.505,1983
Russian Federation,RUS,Youth 15-24,5.505,1984
Russian Federation,RUS,Youth 15-24,5.505,1985
Russian Federation,RUS,Youth 15-24,11.009,1986
Russian Federation,RUS,Youth 15-24,6.422,1987
Russian Federation,RUS,Youth 15-24,6.422,1988
Russian Federation,RUS,Youth 15-24,21.101,1989
Russian Federation,RUS,Youth 15-24,11.009,1990
Russian Federation,RUS,Youth 15-24,20.183,1991
Russian Federation,RUS,Youth 15-24,29.358,1992
Russian Federation,RUS,Youth 15-24,29.358,1993
Russian Federation,RUS,Youth 15-24,31.193,1994
Russian Federation,RUS,Youth 15-24,24.771,1995
Russian Federation,RUS,Youth 15-24,24.771,1996
Russian Federation,RUS,Youth 15-24,24.771,1997
Russian Federation,RUS,Youth 15-24,27.523,1998
Russian Federation,RUS,Youth 15-24,28.440,1999
Russian Federation,RUS,Youth 15-24,24.771,2000
Russian Federation,RUS,Youth 15-24,27.523,2001
Russian Federation,RUS,Youth 15-24,46.789,2002
Russian Federation,RUS,Youth 15-24,44.954,2003
Russian Federation,RUS,Youth 15-24,44.037,2004
Russian Federation,RUS,Youth 15-24,44.954,2005
Russian Federation,RUS,Youth 15-24,44.954,2006
Russian Federation,RUS,Youth 15-24,45.872,2007
Russian Federation,RUS,Youth 15-24,45.872,2008
Russian Federation,RUS,Youth 15-24,47.706,2009
Russian Federation,RUS,Youth 15-24,44.037,2010
Russian Federation,RUS,Youth 15-24,56.881,2011
Russian Federation,RUS,Youth 15-24,58.716,2012
Russian Federation,RUS,Youth 15-24,62.385,2013
Russian Federation,RUS,Youth 15-24,62.385,2014
Russian Federation,RUS,Youth 15-24,60.550,2015
Russian Federation,RUS,Youth 15-24,57.798,2016
Russian Federation,RUS,Youth 15-24,61.468,2017
Russian Federation,RUS,Youth 15-24,50.459,2018
Russian Federation,RUS,Youth 15-24,43.119,2019
Russian Federation,RUS,Youth 15-24,38.532,2020
Russian Federation,RUS,Youth 15-24,44.954,2021
Russian Federation,RUS,Youth 15-24,41.284,2022
Russian Federation,RUS,Youth 15-24,36.697,2023
