Country Name,Country Code,Topic,% of available indicators,Year
Benin,BEN,Assets,0.000,1960
Benin,BEN,Assets,0.000,1961
Benin,BEN,Assets,0.000,1962
Benin,BEN,Assets,0.000,1963
Benin,BEN,Assets,0.000,1964
Benin,BEN,Assets,0.000,1965
Benin,BEN,Assets,0.000,1966
Benin,BEN,Assets,0.000,1967
Benin,BEN,Assets,0.000,1968
Benin,BEN,Assets,0.000,1969
Benin,BEN,Assets,2.208,1970
Benin,BEN,Assets,2.208,1971
Benin,BEN,Assets,2.208,1972
Benin,BEN,Assets,2.208,1973
Benin,BEN,Assets,2.208,1974
Benin,BEN,Assets,2.208,1975
Benin,BEN,Assets,2.208,1976
Benin,BEN,Assets,2.208,1977
Benin,BEN,Assets,2.208,1978
Benin,BEN,Assets,2.208,1979
Benin,BEN,Assets,2.208,1980
Benin,BEN,Assets,2.208,1981
Benin,BEN,Assets,2.208,1982
Benin,BEN,Assets,2.208,1983
Benin,BEN,Assets,2.208,1984
Benin,BEN,Assets,2.208,1985
Benin,BEN,Assets,2.208,1986
Benin,BEN,Assets,2.208,1987
Benin,BEN,Assets,2.208,1988
Benin,BEN,Assets,2.208,1989
Benin,BEN,Assets,2.208,1990
Benin,BEN,Assets,2.208,1991
Benin,BEN,Assets,2.208,1992
Benin,BEN,Assets,2.208,1993
Benin,BEN,Assets,2.208,1994
Benin,BEN,Assets,2.208,1995
Benin,BEN,Assets,2.208,1996
Benin,BEN,Assets,2.208,1997
Benin,BEN,Assets,2.208,1998
Benin,BEN,Assets,2.208,1999
Benin,BEN,Assets,2.208,2000
Benin,BEN,Assets,2.208,2001
Benin,BEN,Assets,2.208,2002
Benin,BEN,Assets,2.208,2003
Benin,BEN,Assets,2.208,2004
Benin,BEN,Assets,2.208,2005
Benin,BEN,Assets,2.208,2006
Benin,BEN,Assets,2.208,2007
Benin,BEN,Assets,2.208,2008
Benin,BEN,Assets,2.208,2009
Benin,BEN,Assets,2.208,2010
Benin,BEN,Assets,11.672,2011
Benin,BEN,Assets,32.492,2012
Benin,BEN,Assets,2.208,2013
Benin,BEN,Assets,31.546,2014
Benin,BEN,Assets,2.208,2015
Benin,BEN,Assets,2.208,2016
Benin,BEN,Assets,34.069,2017
Benin,BEN,Assets,32.492,2018
Benin,BEN,Assets,2.208,2019
Benin,BEN,Assets,2.208,2020
Benin,BEN,Assets,63.091,2021
Benin,BEN,Assets,2.208,2022
Benin,BEN,Assets,2.208,2023
Benin,BEN,Children 0-14,19.231,1960
Benin,BEN,Children 0-14,19.231,1961
Benin,BEN,Children 0-14,19.231,1962
Benin,BEN,Children 0-14,19.231,1963
Benin,BEN,Children 0-14,19.231,1964
Benin,BEN,Children 0-14,19.231,1965
Benin,BEN,Children 0-14,19.231,1966
Benin,BEN,Children 0-14,19.231,1967
Benin,BEN,Children 0-14,19.231,1968
Benin,BEN,Children 0-14,19.231,1969
Benin,BEN,Children 0-14,19.231,1970
Benin,BEN,Children 0-14,30.000,1971
Benin,BEN,Children 0-14,30.000,1972
Benin,BEN,Children 0-14,30.000,1973
Benin,BEN,Children 0-14,28.462,1974
Benin,BEN,Children 0-14,30.000,1975
Benin,BEN,Children 0-14,32.308,1976
Benin,BEN,Children 0-14,30.000,1977
Benin,BEN,Children 0-14,32.308,1978
Benin,BEN,Children 0-14,34.615,1979
Benin,BEN,Children 0-14,32.308,1980
Benin,BEN,Children 0-14,29.231,1981
Benin,BEN,Children 0-14,30.000,1982
Benin,BEN,Children 0-14,32.308,1983
Benin,BEN,Children 0-14,40.000,1984
Benin,BEN,Children 0-14,40.000,1985
Benin,BEN,Children 0-14,40.000,1986
Benin,BEN,Children 0-14,32.308,1987
Benin,BEN,Children 0-14,39.231,1988
Benin,BEN,Children 0-14,39.231,1989
Benin,BEN,Children 0-14,40.000,1990
Benin,BEN,Children 0-14,31.538,1991
Benin,BEN,Children 0-14,40.000,1992
Benin,BEN,Children 0-14,39.231,1993
Benin,BEN,Children 0-14,39.231,1994
Benin,BEN,Children 0-14,39.231,1995
Benin,BEN,Children 0-14,48.462,1996
Benin,BEN,Children 0-14,36.923,1997
Benin,BEN,Children 0-14,27.692,1998
Benin,BEN,Children 0-14,26.923,1999
Benin,BEN,Children 0-14,50.769,2000
Benin,BEN,Children 0-14,51.538,2001
Benin,BEN,Children 0-14,41.538,2002
Benin,BEN,Children 0-14,42.308,2003
Benin,BEN,Children 0-14,40.769,2004
Benin,BEN,Children 0-14,36.154,2005
Benin,BEN,Children 0-14,45.385,2006
Benin,BEN,Children 0-14,20.769,2007
Benin,BEN,Children 0-14,46.923,2008
Benin,BEN,Children 0-14,35.385,2009
Benin,BEN,Children 0-14,53.077,2010
Benin,BEN,Children 0-14,46.923,2011
Benin,BEN,Children 0-14,44.615,2012
Benin,BEN,Children 0-14,40.769,2013
Benin,BEN,Children 0-14,56.154,2014
Benin,BEN,Children 0-14,53.077,2015
Benin,BEN,Children 0-14,39.231,2016
Benin,BEN,Children 0-14,42.308,2017
Benin,BEN,Children 0-14,64.615,2018
Benin,BEN,Children 0-14,52.308,2019
Benin,BEN,Children 0-14,37.692,2020
Benin,BEN,Children 0-14,51.538,2021
Benin,BEN,Children 0-14,35.385,2022
Benin,BEN,Children 0-14,9.231,2023
Benin,BEN,Education,0.000,1960
Benin,BEN,Education,0.000,1961
Benin,BEN,Education,0.000,1962
Benin,BEN,Education,0.000,1963
Benin,BEN,Education,0.000,1964
Benin,BEN,Education,0.000,1965
Benin,BEN,Education,0.000,1966
Benin,BEN,Education,0.000,1967
Benin,BEN,Education,0.000,1968
Benin,BEN,Education,0.000,1969
Benin,BEN,Education,0.000,1970
Benin,BEN,Education,23.313,1971
Benin,BEN,Education,16.564,1972
Benin,BEN,Education,22.699,1973
Benin,BEN,Education,21.472,1974
Benin,BEN,Education,22.086,1975
Benin,BEN,Education,17.178,1976
Benin,BEN,Education,19.632,1977
Benin,BEN,Education,17.791,1978
Benin,BEN,Education,31.902,1979
Benin,BEN,Education,15.337,1980
Benin,BEN,Education,11.656,1981
Benin,BEN,Education,15.951,1982
Benin,BEN,Education,17.791,1983
Benin,BEN,Education,22.699,1984
Benin,BEN,Education,27.607,1985
Benin,BEN,Education,27.607,1986
Benin,BEN,Education,20.245,1987
Benin,BEN,Education,17.791,1988
Benin,BEN,Education,17.791,1989
Benin,BEN,Education,16.564,1990
Benin,BEN,Education,11.656,1991
Benin,BEN,Education,26.994,1992
Benin,BEN,Education,18.405,1993
Benin,BEN,Education,18.405,1994
Benin,BEN,Education,17.791,1995
Benin,BEN,Education,17.791,1996
Benin,BEN,Education,15.951,1997
Benin,BEN,Education,6.748,1998
Benin,BEN,Education,17.791,1999
Benin,BEN,Education,33.742,2000
Benin,BEN,Education,34.356,2001
Benin,BEN,Education,42.945,2002
Benin,BEN,Education,31.902,2003
Benin,BEN,Education,30.675,2004
Benin,BEN,Education,17.178,2005
Benin,BEN,Education,24.540,2006
Benin,BEN,Education,3.067,2007
Benin,BEN,Education,20.245,2008
Benin,BEN,Education,19.632,2009
Benin,BEN,Education,33.742,2010
Benin,BEN,Education,49.693,2011
Benin,BEN,Education,25.767,2012
Benin,BEN,Education,37.423,2013
Benin,BEN,Education,48.466,2014
Benin,BEN,Education,44.172,2015
Benin,BEN,Education,30.061,2016
Benin,BEN,Education,36.810,2017
Benin,BEN,Education,46.626,2018
Benin,BEN,Education,23.313,2019
Benin,BEN,Education,32.515,2020
Benin,BEN,Education,33.129,2021
Benin,BEN,Education,36.196,2022
Benin,BEN,Education,0.000,2023
Benin,BEN,Employment and Time Use,0.000,1960
Benin,BEN,Employment and Time Use,2.920,1961
Benin,BEN,Employment and Time Use,0.000,1962
Benin,BEN,Employment and Time Use,0.000,1963
Benin,BEN,Employment and Time Use,0.000,1964
Benin,BEN,Employment and Time Use,0.000,1965
Benin,BEN,Employment and Time Use,0.000,1966
Benin,BEN,Employment and Time Use,0.000,1967
Benin,BEN,Employment and Time Use,0.000,1968
Benin,BEN,Employment and Time Use,0.000,1969
Benin,BEN,Employment and Time Use,21.168,1970
Benin,BEN,Employment and Time Use,21.168,1971
Benin,BEN,Employment and Time Use,21.168,1972
Benin,BEN,Employment and Time Use,21.168,1973
Benin,BEN,Employment and Time Use,21.168,1974
Benin,BEN,Employment and Time Use,26.277,1975
Benin,BEN,Employment and Time Use,21.168,1976
Benin,BEN,Employment and Time Use,24.088,1977
Benin,BEN,Employment and Time Use,21.168,1978
Benin,BEN,Employment and Time Use,26.277,1979
Benin,BEN,Employment and Time Use,21.168,1980
Benin,BEN,Employment and Time Use,21.168,1981
Benin,BEN,Employment and Time Use,21.168,1982
Benin,BEN,Employment and Time Use,21.168,1983
Benin,BEN,Employment and Time Use,21.168,1984
Benin,BEN,Employment and Time Use,21.168,1985
Benin,BEN,Employment and Time Use,31.387,1986
Benin,BEN,Employment and Time Use,21.168,1987
Benin,BEN,Employment and Time Use,21.168,1988
Benin,BEN,Employment and Time Use,21.168,1989
Benin,BEN,Employment and Time Use,31.387,1990
Benin,BEN,Employment and Time Use,56.204,1991
Benin,BEN,Employment and Time Use,66.423,1992
Benin,BEN,Employment and Time Use,56.204,1993
Benin,BEN,Employment and Time Use,56.204,1994
Benin,BEN,Employment and Time Use,56.204,1995
Benin,BEN,Employment and Time Use,59.124,1996
Benin,BEN,Employment and Time Use,56.204,1997
Benin,BEN,Employment and Time Use,56.204,1998
Benin,BEN,Employment and Time Use,56.204,1999
Benin,BEN,Employment and Time Use,56.204,2000
Benin,BEN,Employment and Time Use,61.314,2001
Benin,BEN,Employment and Time Use,66.423,2002
Benin,BEN,Employment and Time Use,63.504,2003
Benin,BEN,Employment and Time Use,56.204,2004
Benin,BEN,Employment and Time Use,56.204,2005
Benin,BEN,Employment and Time Use,58.394,2006
Benin,BEN,Employment and Time Use,56.204,2007
Benin,BEN,Employment and Time Use,56.204,2008
Benin,BEN,Employment and Time Use,56.204,2009
Benin,BEN,Employment and Time Use,72.993,2010
Benin,BEN,Employment and Time Use,89.781,2011
Benin,BEN,Employment and Time Use,58.394,2012
Benin,BEN,Employment and Time Use,56.204,2013
Benin,BEN,Employment and Time Use,56.204,2014
Benin,BEN,Employment and Time Use,56.204,2015
Benin,BEN,Employment and Time Use,56.204,2016
Benin,BEN,Employment and Time Use,56.204,2017
Benin,BEN,Employment and Time Use,56.204,2018
Benin,BEN,Employment and Time Use,86.131,2019
Benin,BEN,Employment and Time Use,56.204,2020
Benin,BEN,Employment and Time Use,56.204,2021
Benin,BEN,Employment and Time Use,86.861,2022
Benin,BEN,Employment and Time Use,59.124,2023
Benin,BEN,Entrepreneurship,0.000,1960
Benin,BEN,Entrepreneurship,0.000,1961
Benin,BEN,Entrepreneurship,0.000,1962
Benin,BEN,Entrepreneurship,0.000,1963
Benin,BEN,Entrepreneurship,0.000,1964
Benin,BEN,Entrepreneurship,0.000,1965
Benin,BEN,Entrepreneurship,0.000,1966
Benin,BEN,Entrepreneurship,0.000,1967
Benin,BEN,Entrepreneurship,0.000,1968
Benin,BEN,Entrepreneurship,0.000,1969
Benin,BEN,Entrepreneurship,9.375,1970
Benin,BEN,Entrepreneurship,9.375,1971
Benin,BEN,Entrepreneurship,9.375,1972
Benin,BEN,Entrepreneurship,9.375,1973
Benin,BEN,Entrepreneurship,9.375,1974
Benin,BEN,Entrepreneurship,9.375,1975
Benin,BEN,Entrepreneurship,9.375,1976
Benin,BEN,Entrepreneurship,9.375,1977
Benin,BEN,Entrepreneurship,9.375,1978
Benin,BEN,Entrepreneurship,9.375,1979
Benin,BEN,Entrepreneurship,9.375,1980
Benin,BEN,Entrepreneurship,9.375,1981
Benin,BEN,Entrepreneurship,9.375,1982
Benin,BEN,Entrepreneurship,9.375,1983
Benin,BEN,Entrepreneurship,9.375,1984
Benin,BEN,Entrepreneurship,9.375,1985
Benin,BEN,Entrepreneurship,9.375,1986
Benin,BEN,Entrepreneurship,9.375,1987
Benin,BEN,Entrepreneurship,9.375,1988
Benin,BEN,Entrepreneurship,9.375,1989
Benin,BEN,Entrepreneurship,9.375,1990
Benin,BEN,Entrepreneurship,9.375,1991
Benin,BEN,Entrepreneurship,9.375,1992
Benin,BEN,Entrepreneurship,9.375,1993
Benin,BEN,Entrepreneurship,9.375,1994
Benin,BEN,Entrepreneurship,9.375,1995
Benin,BEN,Entrepreneurship,9.375,1996
Benin,BEN,Entrepreneurship,9.375,1997
Benin,BEN,Entrepreneurship,9.375,1998
Benin,BEN,Entrepreneurship,9.375,1999
Benin,BEN,Entrepreneurship,9.375,2000
Benin,BEN,Entrepreneurship,9.375,2001
Benin,BEN,Entrepreneurship,9.375,2002
Benin,BEN,Entrepreneurship,37.500,2003
Benin,BEN,Entrepreneurship,37.500,2004
Benin,BEN,Entrepreneurship,37.500,2005
Benin,BEN,Entrepreneurship,37.500,2006
Benin,BEN,Entrepreneurship,37.500,2007
Benin,BEN,Entrepreneurship,37.500,2008
Benin,BEN,Entrepreneurship,43.750,2009
Benin,BEN,Entrepreneurship,37.500,2010
Benin,BEN,Entrepreneurship,37.500,2011
Benin,BEN,Entrepreneurship,37.500,2012
Benin,BEN,Entrepreneurship,37.500,2013
Benin,BEN,Entrepreneurship,93.750,2014
Benin,BEN,Entrepreneurship,75.000,2015
Benin,BEN,Entrepreneurship,81.250,2016
Benin,BEN,Entrepreneurship,93.750,2017
Benin,BEN,Entrepreneurship,75.000,2018
Benin,BEN,Entrepreneurship,75.000,2019
Benin,BEN,Entrepreneurship,46.875,2020
Benin,BEN,Entrepreneurship,34.375,2021
Benin,BEN,Entrepreneurship,34.375,2022
Benin,BEN,Entrepreneurship,9.375,2023
Benin,BEN,Environment,0.000,1960
Benin,BEN,Environment,0.000,1961
Benin,BEN,Environment,0.000,1962
Benin,BEN,Environment,0.000,1963
Benin,BEN,Environment,0.000,1964
Benin,BEN,Environment,0.000,1965
Benin,BEN,Environment,0.000,1966
Benin,BEN,Environment,0.000,1967
Benin,BEN,Environment,0.000,1968
Benin,BEN,Environment,0.000,1969
Benin,BEN,Environment,0.000,1970
Benin,BEN,Environment,0.000,1971
Benin,BEN,Environment,0.000,1972
Benin,BEN,Environment,0.000,1973
Benin,BEN,Environment,0.000,1974
Benin,BEN,Environment,0.000,1975
Benin,BEN,Environment,0.000,1976
Benin,BEN,Environment,0.000,1977
Benin,BEN,Environment,0.000,1978
Benin,BEN,Environment,0.000,1979
Benin,BEN,Environment,0.000,1980
Benin,BEN,Environment,0.000,1981
Benin,BEN,Environment,0.000,1982
Benin,BEN,Environment,0.000,1983
Benin,BEN,Environment,0.000,1984
Benin,BEN,Environment,0.000,1985
Benin,BEN,Environment,0.000,1986
Benin,BEN,Environment,0.000,1987
Benin,BEN,Environment,0.000,1988
Benin,BEN,Environment,0.000,1989
Benin,BEN,Environment,0.000,1990
Benin,BEN,Environment,0.000,1991
Benin,BEN,Environment,0.000,1992
Benin,BEN,Environment,0.000,1993
Benin,BEN,Environment,0.000,1994
Benin,BEN,Environment,0.000,1995
Benin,BEN,Environment,13.333,1996
Benin,BEN,Environment,0.000,1997
Benin,BEN,Environment,0.000,1998
Benin,BEN,Environment,3.333,1999
Benin,BEN,Environment,10.000,2000
Benin,BEN,Environment,30.000,2001
Benin,BEN,Environment,10.000,2002
Benin,BEN,Environment,10.000,2003
Benin,BEN,Environment,10.000,2004
Benin,BEN,Environment,10.000,2005
Benin,BEN,Environment,33.333,2006
Benin,BEN,Environment,10.000,2007
Benin,BEN,Environment,10.000,2008
Benin,BEN,Environment,13.333,2009
Benin,BEN,Environment,13.333,2010
Benin,BEN,Environment,13.333,2011
Benin,BEN,Environment,56.667,2012
Benin,BEN,Environment,10.000,2013
Benin,BEN,Environment,23.333,2014
Benin,BEN,Environment,13.333,2015
Benin,BEN,Environment,10.000,2016
Benin,BEN,Environment,20.000,2017
Benin,BEN,Environment,56.667,2018
Benin,BEN,Environment,30.000,2019
Benin,BEN,Environment,10.000,2020
Benin,BEN,Environment,20.000,2021
Benin,BEN,Environment,10.000,2022
Benin,BEN,Environment,0.000,2023
Benin,BEN,Health,8.586,1960
Benin,BEN,Health,8.586,1961
Benin,BEN,Health,8.586,1962
Benin,BEN,Health,8.586,1963
Benin,BEN,Health,8.586,1964
Benin,BEN,Health,8.586,1965
Benin,BEN,Health,8.586,1966
Benin,BEN,Health,8.586,1967
Benin,BEN,Health,8.586,1968
Benin,BEN,Health,8.586,1969
Benin,BEN,Health,8.586,1970
Benin,BEN,Health,8.586,1971
Benin,BEN,Health,8.586,1972
Benin,BEN,Health,8.586,1973
Benin,BEN,Health,8.586,1974
Benin,BEN,Health,11.111,1975
Benin,BEN,Health,11.111,1976
Benin,BEN,Health,11.111,1977
Benin,BEN,Health,11.111,1978
Benin,BEN,Health,11.111,1979
Benin,BEN,Health,11.111,1980
Benin,BEN,Health,11.111,1981
Benin,BEN,Health,12.121,1982
Benin,BEN,Health,11.111,1983
Benin,BEN,Health,11.111,1984
Benin,BEN,Health,12.121,1985
Benin,BEN,Health,12.121,1986
Benin,BEN,Health,12.121,1987
Benin,BEN,Health,12.121,1988
Benin,BEN,Health,12.121,1989
Benin,BEN,Health,16.667,1990
Benin,BEN,Health,16.667,1991
Benin,BEN,Health,17.172,1992
Benin,BEN,Health,16.667,1993
Benin,BEN,Health,16.667,1994
Benin,BEN,Health,16.667,1995
Benin,BEN,Health,31.818,1996
Benin,BEN,Health,16.667,1997
Benin,BEN,Health,16.667,1998
Benin,BEN,Health,16.667,1999
Benin,BEN,Health,56.061,2000
Benin,BEN,Health,60.101,2001
Benin,BEN,Health,31.818,2002
Benin,BEN,Health,31.818,2003
Benin,BEN,Health,31.818,2004
Benin,BEN,Health,33.838,2005
Benin,BEN,Health,54.040,2006
Benin,BEN,Health,31.818,2007
Benin,BEN,Health,36.364,2008
Benin,BEN,Health,31.818,2009
Benin,BEN,Health,59.091,2010
Benin,BEN,Health,32.323,2011
Benin,BEN,Health,54.040,2012
Benin,BEN,Health,32.323,2013
Benin,BEN,Health,50.505,2014
Benin,BEN,Health,56.566,2015
Benin,BEN,Health,32.323,2016
Benin,BEN,Health,35.859,2017
Benin,BEN,Health,60.101,2018
Benin,BEN,Health,56.566,2019
Benin,BEN,Health,26.768,2020
Benin,BEN,Health,27.778,2021
Benin,BEN,Health,18.182,2022
Benin,BEN,Health,1.010,2023
Benin,BEN,Leadership,0.000,1960
Benin,BEN,Leadership,0.000,1961
Benin,BEN,Leadership,0.000,1962
Benin,BEN,Leadership,0.000,1963
Benin,BEN,Leadership,0.000,1964
Benin,BEN,Leadership,0.000,1965
Benin,BEN,Leadership,0.000,1966
Benin,BEN,Leadership,0.000,1967
Benin,BEN,Leadership,0.000,1968
Benin,BEN,Leadership,0.000,1969
Benin,BEN,Leadership,0.000,1970
Benin,BEN,Leadership,0.000,1971
Benin,BEN,Leadership,0.000,1972
Benin,BEN,Leadership,0.000,1973
Benin,BEN,Leadership,0.000,1974
Benin,BEN,Leadership,0.000,1975
Benin,BEN,Leadership,0.000,1976
Benin,BEN,Leadership,0.000,1977
Benin,BEN,Leadership,0.000,1978
Benin,BEN,Leadership,0.000,1979
Benin,BEN,Leadership,0.000,1980
Benin,BEN,Leadership,0.000,1981
Benin,BEN,Leadership,0.000,1982
Benin,BEN,Leadership,0.000,1983
Benin,BEN,Leadership,0.000,1984
Benin,BEN,Leadership,0.000,1985
Benin,BEN,Leadership,0.000,1986
Benin,BEN,Leadership,0.000,1987
Benin,BEN,Leadership,0.000,1988
Benin,BEN,Leadership,0.000,1989
Benin,BEN,Leadership,0.000,1990
Benin,BEN,Leadership,0.000,1991
Benin,BEN,Leadership,0.000,1992
Benin,BEN,Leadership,0.000,1993
Benin,BEN,Leadership,0.000,1994
Benin,BEN,Leadership,0.000,1995
Benin,BEN,Leadership,0.000,1996
Benin,BEN,Leadership,25.000,1997
Benin,BEN,Leadership,25.000,1998
Benin,BEN,Leadership,25.000,1999
Benin,BEN,Leadership,25.000,2000
Benin,BEN,Leadership,25.000,2001
Benin,BEN,Leadership,25.000,2002
Benin,BEN,Leadership,25.000,2003
Benin,BEN,Leadership,25.000,2004
Benin,BEN,Leadership,50.000,2005
Benin,BEN,Leadership,25.000,2006
Benin,BEN,Leadership,25.000,2007
Benin,BEN,Leadership,50.000,2008
Benin,BEN,Leadership,50.000,2009
Benin,BEN,Leadership,50.000,2010
Benin,BEN,Leadership,25.000,2011
Benin,BEN,Leadership,50.000,2012
Benin,BEN,Leadership,25.000,2013
Benin,BEN,Leadership,50.000,2014
Benin,BEN,Leadership,50.000,2015
Benin,BEN,Leadership,75.000,2016
Benin,BEN,Leadership,25.000,2017
Benin,BEN,Leadership,50.000,2018
Benin,BEN,Leadership,50.000,2019
Benin,BEN,Leadership,50.000,2020
Benin,BEN,Leadership,25.000,2021
Benin,BEN,Leadership,75.000,2022
Benin,BEN,Leadership,25.000,2023
Benin,BEN,Norms and Decision-making,0.000,1960
Benin,BEN,Norms and Decision-making,0.000,1961
Benin,BEN,Norms and Decision-making,0.000,1962
Benin,BEN,Norms and Decision-making,0.000,1963
Benin,BEN,Norms and Decision-making,0.000,1964
Benin,BEN,Norms and Decision-making,0.000,1965
Benin,BEN,Norms and Decision-making,0.000,1966
Benin,BEN,Norms and Decision-making,0.000,1967
Benin,BEN,Norms and Decision-making,0.000,1968
Benin,BEN,Norms and Decision-making,0.000,1969
Benin,BEN,Norms and Decision-making,12.593,1970
Benin,BEN,Norms and Decision-making,12.593,1971
Benin,BEN,Norms and Decision-making,12.593,1972
Benin,BEN,Norms and Decision-making,12.593,1973
Benin,BEN,Norms and Decision-making,12.593,1974
Benin,BEN,Norms and Decision-making,12.593,1975
Benin,BEN,Norms and Decision-making,12.593,1976
Benin,BEN,Norms and Decision-making,12.593,1977
Benin,BEN,Norms and Decision-making,12.593,1978
Benin,BEN,Norms and Decision-making,14.074,1979
Benin,BEN,Norms and Decision-making,12.593,1980
Benin,BEN,Norms and Decision-making,12.593,1981
Benin,BEN,Norms and Decision-making,12.593,1982
Benin,BEN,Norms and Decision-making,12.593,1983
Benin,BEN,Norms and Decision-making,12.593,1984
Benin,BEN,Norms and Decision-making,12.593,1985
Benin,BEN,Norms and Decision-making,12.593,1986
Benin,BEN,Norms and Decision-making,12.593,1987
Benin,BEN,Norms and Decision-making,12.593,1988
Benin,BEN,Norms and Decision-making,12.593,1989
Benin,BEN,Norms and Decision-making,12.593,1990
Benin,BEN,Norms and Decision-making,12.593,1991
Benin,BEN,Norms and Decision-making,12.593,1992
Benin,BEN,Norms and Decision-making,12.593,1993
Benin,BEN,Norms and Decision-making,12.593,1994
Benin,BEN,Norms and Decision-making,12.593,1995
Benin,BEN,Norms and Decision-making,22.222,1996
Benin,BEN,Norms and Decision-making,12.593,1997
Benin,BEN,Norms and Decision-making,12.593,1998
Benin,BEN,Norms and Decision-making,12.593,1999
Benin,BEN,Norms and Decision-making,12.593,2000
Benin,BEN,Norms and Decision-making,98.519,2001
Benin,BEN,Norms and Decision-making,14.074,2002
Benin,BEN,Norms and Decision-making,12.593,2003
Benin,BEN,Norms and Decision-making,12.593,2004
Benin,BEN,Norms and Decision-making,12.593,2005
Benin,BEN,Norms and Decision-making,99.259,2006
Benin,BEN,Norms and Decision-making,12.593,2007
Benin,BEN,Norms and Decision-making,12.593,2008
Benin,BEN,Norms and Decision-making,12.593,2009
Benin,BEN,Norms and Decision-making,12.593,2010
Benin,BEN,Norms and Decision-making,12.593,2011
Benin,BEN,Norms and Decision-making,97.037,2012
Benin,BEN,Norms and Decision-making,12.593,2013
Benin,BEN,Norms and Decision-making,17.037,2014
Benin,BEN,Norms and Decision-making,12.593,2015
Benin,BEN,Norms and Decision-making,12.593,2016
Benin,BEN,Norms and Decision-making,12.593,2017
Benin,BEN,Norms and Decision-making,73.333,2018
Benin,BEN,Norms and Decision-making,12.593,2019
Benin,BEN,Norms and Decision-making,12.593,2020
Benin,BEN,Norms and Decision-making,12.593,2021
Benin,BEN,Norms and Decision-making,14.815,2022
Benin,BEN,Norms and Decision-making,12.593,2023
Benin,BEN,Population,86.905,1960
Benin,BEN,Population,86.905,1961
Benin,BEN,Population,86.905,1962
Benin,BEN,Population,86.905,1963
Benin,BEN,Population,86.905,1964
Benin,BEN,Population,86.905,1965
Benin,BEN,Population,86.905,1966
Benin,BEN,Population,86.905,1967
Benin,BEN,Population,86.905,1968
Benin,BEN,Population,86.905,1969
Benin,BEN,Population,86.905,1970
Benin,BEN,Population,86.905,1971
Benin,BEN,Population,86.905,1972
Benin,BEN,Population,86.905,1973
Benin,BEN,Population,86.905,1974
Benin,BEN,Population,86.905,1975
Benin,BEN,Population,86.905,1976
Benin,BEN,Population,86.905,1977
Benin,BEN,Population,86.905,1978
Benin,BEN,Population,89.286,1979
Benin,BEN,Population,91.667,1980
Benin,BEN,Population,86.905,1981
Benin,BEN,Population,86.905,1982
Benin,BEN,Population,86.905,1983
Benin,BEN,Population,86.905,1984
Benin,BEN,Population,91.667,1985
Benin,BEN,Population,86.905,1986
Benin,BEN,Population,86.905,1987
Benin,BEN,Population,86.905,1988
Benin,BEN,Population,86.905,1989
Benin,BEN,Population,92.857,1990
Benin,BEN,Population,86.905,1991
Benin,BEN,Population,86.905,1992
Benin,BEN,Population,86.905,1993
Benin,BEN,Population,86.905,1994
Benin,BEN,Population,92.857,1995
Benin,BEN,Population,89.286,1996
Benin,BEN,Population,86.905,1997
Benin,BEN,Population,86.905,1998
Benin,BEN,Population,86.905,1999
Benin,BEN,Population,92.857,2000
Benin,BEN,Population,90.476,2001
Benin,BEN,Population,89.286,2002
Benin,BEN,Population,86.905,2003
Benin,BEN,Population,86.905,2004
Benin,BEN,Population,92.857,2005
Benin,BEN,Population,94.048,2006
Benin,BEN,Population,86.905,2007
Benin,BEN,Population,86.905,2008
Benin,BEN,Population,86.905,2009
Benin,BEN,Population,92.857,2010
Benin,BEN,Population,86.905,2011
Benin,BEN,Population,94.048,2012
Benin,BEN,Population,86.905,2013
Benin,BEN,Population,90.476,2014
Benin,BEN,Population,92.857,2015
Benin,BEN,Population,86.905,2016
Benin,BEN,Population,86.905,2017
Benin,BEN,Population,94.048,2018
Benin,BEN,Population,86.905,2019
Benin,BEN,Population,88.095,2020
Benin,BEN,Population,86.905,2021
Benin,BEN,Population,86.905,2022
Benin,BEN,Population,77.381,2023
Benin,BEN,SDGs,2.685,1960
Benin,BEN,SDGs,2.685,1961
Benin,BEN,SDGs,2.685,1962
Benin,BEN,SDGs,2.685,1963
Benin,BEN,SDGs,2.685,1964
Benin,BEN,SDGs,2.685,1965
Benin,BEN,SDGs,2.685,1966
Benin,BEN,SDGs,2.685,1967
Benin,BEN,SDGs,2.685,1968
Benin,BEN,SDGs,2.685,1969
Benin,BEN,SDGs,11.409,1970
Benin,BEN,SDGs,11.409,1971
Benin,BEN,SDGs,11.409,1972
Benin,BEN,SDGs,11.409,1973
Benin,BEN,SDGs,11.409,1974
Benin,BEN,SDGs,11.409,1975
Benin,BEN,SDGs,11.409,1976
Benin,BEN,SDGs,11.409,1977
Benin,BEN,SDGs,11.409,1978
Benin,BEN,SDGs,11.409,1979
Benin,BEN,SDGs,11.409,1980
Benin,BEN,SDGs,11.409,1981
Benin,BEN,SDGs,11.409,1982
Benin,BEN,SDGs,11.409,1983
Benin,BEN,SDGs,11.409,1984
Benin,BEN,SDGs,12.081,1985
Benin,BEN,SDGs,16.107,1986
Benin,BEN,SDGs,12.081,1987
Benin,BEN,SDGs,12.081,1988
Benin,BEN,SDGs,12.081,1989
Benin,BEN,SDGs,16.107,1990
Benin,BEN,SDGs,20.134,1991
Benin,BEN,SDGs,24.832,1992
Benin,BEN,SDGs,20.134,1993
Benin,BEN,SDGs,20.134,1994
Benin,BEN,SDGs,20.134,1995
Benin,BEN,SDGs,23.490,1996
Benin,BEN,SDGs,20.805,1997
Benin,BEN,SDGs,20.805,1998
Benin,BEN,SDGs,20.805,1999
Benin,BEN,SDGs,65.772,2000
Benin,BEN,SDGs,40.268,2001
Benin,BEN,SDGs,37.584,2002
Benin,BEN,SDGs,33.557,2003
Benin,BEN,SDGs,33.557,2004
Benin,BEN,SDGs,36.242,2005
Benin,BEN,SDGs,41.611,2006
Benin,BEN,SDGs,33.557,2007
Benin,BEN,SDGs,33.557,2008
Benin,BEN,SDGs,33.557,2009
Benin,BEN,SDGs,69.799,2010
Benin,BEN,SDGs,39.597,2011
Benin,BEN,SDGs,40.940,2012
Benin,BEN,SDGs,33.557,2013
Benin,BEN,SDGs,41.611,2014
Benin,BEN,SDGs,65.772,2015
Benin,BEN,SDGs,33.557,2016
Benin,BEN,SDGs,35.570,2017
Benin,BEN,SDGs,40.268,2018
Benin,BEN,SDGs,73.826,2019
Benin,BEN,SDGs,27.517,2020
Benin,BEN,SDGs,24.832,2021
Benin,BEN,SDGs,28.859,2022
Benin,BEN,SDGs,14.094,2023
Benin,BEN,Technology,0.000,1960
Benin,BEN,Technology,0.000,1961
Benin,BEN,Technology,0.000,1962
Benin,BEN,Technology,0.000,1963
Benin,BEN,Technology,0.000,1964
Benin,BEN,Technology,0.000,1965
Benin,BEN,Technology,0.000,1966
Benin,BEN,Technology,0.000,1967
Benin,BEN,Technology,0.000,1968
Benin,BEN,Technology,0.000,1969
Benin,BEN,Technology,0.000,1970
Benin,BEN,Technology,0.000,1971
Benin,BEN,Technology,0.000,1972
Benin,BEN,Technology,0.000,1973
Benin,BEN,Technology,0.000,1974
Benin,BEN,Technology,0.000,1975
Benin,BEN,Technology,0.000,1976
Benin,BEN,Technology,0.000,1977
Benin,BEN,Technology,0.000,1978
Benin,BEN,Technology,0.000,1979
Benin,BEN,Technology,0.000,1980
Benin,BEN,Technology,0.000,1981
Benin,BEN,Technology,0.000,1982
Benin,BEN,Technology,0.000,1983
Benin,BEN,Technology,0.000,1984
Benin,BEN,Technology,0.000,1985
Benin,BEN,Technology,0.000,1986
Benin,BEN,Technology,0.000,1987
Benin,BEN,Technology,0.000,1988
Benin,BEN,Technology,0.000,1989
Benin,BEN,Technology,2.222,1990
Benin,BEN,Technology,2.222,1991
Benin,BEN,Technology,2.222,1992
Benin,BEN,Technology,2.222,1993
Benin,BEN,Technology,2.222,1994
Benin,BEN,Technology,2.222,1995
Benin,BEN,Technology,2.222,1996
Benin,BEN,Technology,2.222,1997
Benin,BEN,Technology,2.222,1998
Benin,BEN,Technology,4.444,1999
Benin,BEN,Technology,2.222,2000
Benin,BEN,Technology,2.222,2001
Benin,BEN,Technology,2.222,2002
Benin,BEN,Technology,2.222,2003
Benin,BEN,Technology,2.222,2004
Benin,BEN,Technology,2.222,2005
Benin,BEN,Technology,2.222,2006
Benin,BEN,Technology,2.222,2007
Benin,BEN,Technology,2.222,2008
Benin,BEN,Technology,4.444,2009
Benin,BEN,Technology,4.444,2010
Benin,BEN,Technology,15.556,2011
Benin,BEN,Technology,2.222,2012
Benin,BEN,Technology,2.222,2013
Benin,BEN,Technology,42.222,2014
Benin,BEN,Technology,8.889,2015
Benin,BEN,Technology,2.222,2016
Benin,BEN,Technology,55.556,2017
Benin,BEN,Technology,2.222,2018
Benin,BEN,Technology,2.222,2019
Benin,BEN,Technology,2.222,2020
Benin,BEN,Technology,82.222,2021
Benin,BEN,Technology,2.222,2022
Benin,BEN,Technology,0.000,2023
Benin,BEN,Violence,0.000,1960
Benin,BEN,Violence,0.000,1961
Benin,BEN,Violence,0.000,1962
Benin,BEN,Violence,0.000,1963
Benin,BEN,Violence,0.000,1964
Benin,BEN,Violence,0.000,1965
Benin,BEN,Violence,0.000,1966
Benin,BEN,Violence,0.000,1967
Benin,BEN,Violence,0.000,1968
Benin,BEN,Violence,0.000,1969
Benin,BEN,Violence,2.143,1970
Benin,BEN,Violence,2.143,1971
Benin,BEN,Violence,2.143,1972
Benin,BEN,Violence,2.143,1973
Benin,BEN,Violence,2.143,1974
Benin,BEN,Violence,2.143,1975
Benin,BEN,Violence,2.143,1976
Benin,BEN,Violence,2.143,1977
Benin,BEN,Violence,2.143,1978
Benin,BEN,Violence,2.143,1979
Benin,BEN,Violence,2.143,1980
Benin,BEN,Violence,2.143,1981
Benin,BEN,Violence,2.143,1982
Benin,BEN,Violence,2.143,1983
Benin,BEN,Violence,2.143,1984
Benin,BEN,Violence,2.143,1985
Benin,BEN,Violence,2.143,1986
Benin,BEN,Violence,2.143,1987
Benin,BEN,Violence,2.143,1988
Benin,BEN,Violence,2.143,1989
Benin,BEN,Violence,2.143,1990
Benin,BEN,Violence,2.143,1991
Benin,BEN,Violence,2.143,1992
Benin,BEN,Violence,2.143,1993
Benin,BEN,Violence,2.143,1994
Benin,BEN,Violence,2.143,1995
Benin,BEN,Violence,5.714,1996
Benin,BEN,Violence,2.143,1997
Benin,BEN,Violence,2.143,1998
Benin,BEN,Violence,2.143,1999
Benin,BEN,Violence,4.286,2000
Benin,BEN,Violence,67.143,2001
Benin,BEN,Violence,4.286,2002
Benin,BEN,Violence,4.286,2003
Benin,BEN,Violence,4.286,2004
Benin,BEN,Violence,4.286,2005
Benin,BEN,Violence,67.143,2006
Benin,BEN,Violence,4.286,2007
Benin,BEN,Violence,4.286,2008
Benin,BEN,Violence,4.286,2009
Benin,BEN,Violence,4.286,2010
Benin,BEN,Violence,4.286,2011
Benin,BEN,Violence,67.143,2012
Benin,BEN,Violence,4.286,2013
Benin,BEN,Violence,8.571,2014
Benin,BEN,Violence,4.286,2015
Benin,BEN,Violence,4.286,2016
Benin,BEN,Violence,5.000,2017
Benin,BEN,Violence,56.429,2018
Benin,BEN,Violence,4.286,2019
Benin,BEN,Violence,2.143,2020
Benin,BEN,Violence,2.143,2021
Benin,BEN,Violence,3.571,2022
Benin,BEN,Violence,2.143,2023
Benin,BEN,Youth 15-24,4.587,1960
Benin,BEN,Youth 15-24,4.587,1961
Benin,BEN,Youth 15-24,4.587,1962
Benin,BEN,Youth 15-24,4.587,1963
Benin,BEN,Youth 15-24,4.587,1964
Benin,BEN,Youth 15-24,4.587,1965
Benin,BEN,Youth 15-24,4.587,1966
Benin,BEN,Youth 15-24,4.587,1967
Benin,BEN,Youth 15-24,4.587,1968
Benin,BEN,Youth 15-24,4.587,1969
Benin,BEN,Youth 15-24,4.587,1970
Benin,BEN,Youth 15-24,21.101,1971
Benin,BEN,Youth 15-24,13.761,1972
Benin,BEN,Youth 15-24,21.101,1973
Benin,BEN,Youth 15-24,21.101,1974
Benin,BEN,Youth 15-24,23.853,1975
Benin,BEN,Youth 15-24,13.761,1976
Benin,BEN,Youth 15-24,18.349,1977
Benin,BEN,Youth 15-24,13.761,1978
Benin,BEN,Youth 15-24,32.110,1979
Benin,BEN,Youth 15-24,11.009,1980
Benin,BEN,Youth 15-24,8.257,1981
Benin,BEN,Youth 15-24,13.761,1982
Benin,BEN,Youth 15-24,13.761,1983
Benin,BEN,Youth 15-24,11.927,1984
Benin,BEN,Youth 15-24,19.266,1985
Benin,BEN,Youth 15-24,25.688,1986
Benin,BEN,Youth 15-24,18.349,1987
Benin,BEN,Youth 15-24,8.257,1988
Benin,BEN,Youth 15-24,8.257,1989
Benin,BEN,Youth 15-24,12.844,1990
Benin,BEN,Youth 15-24,22.018,1991
Benin,BEN,Youth 15-24,37.615,1992
Benin,BEN,Youth 15-24,22.018,1993
Benin,BEN,Youth 15-24,22.018,1994
Benin,BEN,Youth 15-24,22.018,1995
Benin,BEN,Youth 15-24,26.606,1996
Benin,BEN,Youth 15-24,22.018,1997
Benin,BEN,Youth 15-24,18.349,1998
Benin,BEN,Youth 15-24,31.193,1999
Benin,BEN,Youth 15-24,41.284,2000
Benin,BEN,Youth 15-24,50.459,2001
Benin,BEN,Youth 15-24,55.046,2002
Benin,BEN,Youth 15-24,35.780,2003
Benin,BEN,Youth 15-24,33.028,2004
Benin,BEN,Youth 15-24,22.936,2005
Benin,BEN,Youth 15-24,34.862,2006
Benin,BEN,Youth 15-24,22.018,2007
Benin,BEN,Youth 15-24,22.018,2008
Benin,BEN,Youth 15-24,26.606,2009
Benin,BEN,Youth 15-24,38.532,2010
Benin,BEN,Youth 15-24,65.138,2011
Benin,BEN,Youth 15-24,37.615,2012
Benin,BEN,Youth 15-24,43.119,2013
Benin,BEN,Youth 15-24,50.459,2014
Benin,BEN,Youth 15-24,55.046,2015
Benin,BEN,Youth 15-24,35.780,2016
Benin,BEN,Youth 15-24,31.193,2017
Benin,BEN,Youth 15-24,44.954,2018
Benin,BEN,Youth 15-24,39.450,2019
Benin,BEN,Youth 15-24,27.523,2020
Benin,BEN,Youth 15-24,36.697,2021
Benin,BEN,Youth 15-24,53.211,2022
Benin,BEN,Youth 15-24,12.844,2023
