Country Name,Country Code,Topic,% of available indicators,Year
Israel,ISR,Assets,0.000,1960
Israel,ISR,Assets,0.000,1961
Israel,ISR,Assets,0.000,1962
Israel,ISR,Assets,0.000,1963
Israel,ISR,Assets,0.000,1964
Israel,ISR,Assets,0.000,1965
Israel,ISR,Assets,0.000,1966
Israel,ISR,Assets,0.000,1967
Israel,ISR,Assets,0.000,1968
Israel,ISR,Assets,0.000,1969
Israel,ISR,Assets,2.208,1970
Israel,ISR,Assets,2.208,1971
Israel,ISR,Assets,2.208,1972
Israel,ISR,Assets,2.208,1973
Israel,ISR,Assets,2.208,1974
Israel,ISR,Assets,2.208,1975
Israel,ISR,Assets,2.208,1976
Israel,ISR,Assets,2.208,1977
Israel,ISR,Assets,2.208,1978
Israel,ISR,Assets,2.208,1979
Israel,ISR,Assets,2.208,1980
Israel,ISR,Assets,2.208,1981
Israel,ISR,Assets,2.208,1982
Israel,ISR,Assets,2.208,1983
Israel,ISR,Assets,2.208,1984
Israel,ISR,Assets,2.208,1985
Israel,ISR,Assets,2.208,1986
Israel,ISR,Assets,2.208,1987
Israel,ISR,Assets,2.208,1988
Israel,ISR,Assets,2.208,1989
Israel,ISR,Assets,2.208,1990
Israel,ISR,Assets,2.208,1991
Israel,ISR,Assets,2.208,1992
Israel,ISR,Assets,2.208,1993
Israel,ISR,Assets,2.208,1994
Israel,ISR,Assets,2.208,1995
Israel,ISR,Assets,2.208,1996
Israel,ISR,Assets,2.208,1997
Israel,ISR,Assets,2.208,1998
Israel,ISR,Assets,2.208,1999
Israel,ISR,Assets,2.208,2000
Israel,ISR,Assets,2.208,2001
Israel,ISR,Assets,2.208,2002
Israel,ISR,Assets,2.208,2003
Israel,ISR,Assets,2.208,2004
Israel,ISR,Assets,2.208,2005
Israel,ISR,Assets,2.208,2006
Israel,ISR,Assets,2.208,2007
Israel,ISR,Assets,2.208,2008
Israel,ISR,Assets,2.208,2009
Israel,ISR,Assets,2.208,2010
Israel,ISR,Assets,11.672,2011
Israel,ISR,Assets,2.208,2012
Israel,ISR,Assets,2.208,2013
Israel,ISR,Assets,30.599,2014
Israel,ISR,Assets,2.208,2015
Israel,ISR,Assets,2.208,2016
Israel,ISR,Assets,33.123,2017
Israel,ISR,Assets,2.208,2018
Israel,ISR,Assets,2.208,2019
Israel,ISR,Assets,2.208,2020
Israel,ISR,Assets,58.360,2021
Israel,ISR,Assets,2.208,2022
Israel,ISR,Assets,2.208,2023
Israel,ISR,Children 0-14,16.923,1960
Israel,ISR,Children 0-14,19.231,1961
Israel,ISR,Children 0-14,19.231,1962
Israel,ISR,Children 0-14,16.923,1963
Israel,ISR,Children 0-14,16.923,1964
Israel,ISR,Children 0-14,16.923,1965
Israel,ISR,Children 0-14,19.231,1966
Israel,ISR,Children 0-14,19.231,1967
Israel,ISR,Children 0-14,19.231,1968
Israel,ISR,Children 0-14,19.231,1969
Israel,ISR,Children 0-14,19.231,1970
Israel,ISR,Children 0-14,20.000,1971
Israel,ISR,Children 0-14,22.308,1972
Israel,ISR,Children 0-14,25.385,1973
Israel,ISR,Children 0-14,25.385,1974
Israel,ISR,Children 0-14,25.385,1975
Israel,ISR,Children 0-14,25.385,1976
Israel,ISR,Children 0-14,25.385,1977
Israel,ISR,Children 0-14,25.385,1978
Israel,ISR,Children 0-14,23.846,1979
Israel,ISR,Children 0-14,25.385,1980
Israel,ISR,Children 0-14,23.846,1981
Israel,ISR,Children 0-14,24.615,1982
Israel,ISR,Children 0-14,27.692,1983
Israel,ISR,Children 0-14,26.923,1984
Israel,ISR,Children 0-14,25.385,1985
Israel,ISR,Children 0-14,25.385,1986
Israel,ISR,Children 0-14,25.385,1987
Israel,ISR,Children 0-14,25.385,1988
Israel,ISR,Children 0-14,25.385,1989
Israel,ISR,Children 0-14,25.385,1990
Israel,ISR,Children 0-14,25.385,1991
Israel,ISR,Children 0-14,25.385,1992
Israel,ISR,Children 0-14,25.385,1993
Israel,ISR,Children 0-14,25.385,1994
Israel,ISR,Children 0-14,22.308,1995
Israel,ISR,Children 0-14,22.308,1996
Israel,ISR,Children 0-14,20.769,1997
Israel,ISR,Children 0-14,20.769,1998
Israel,ISR,Children 0-14,30.000,1999
Israel,ISR,Children 0-14,45.385,2000
Israel,ISR,Children 0-14,38.462,2001
Israel,ISR,Children 0-14,38.462,2002
Israel,ISR,Children 0-14,38.462,2003
Israel,ISR,Children 0-14,43.077,2004
Israel,ISR,Children 0-14,38.462,2005
Israel,ISR,Children 0-14,46.154,2006
Israel,ISR,Children 0-14,43.077,2007
Israel,ISR,Children 0-14,38.462,2008
Israel,ISR,Children 0-14,41.538,2009
Israel,ISR,Children 0-14,62.308,2010
Israel,ISR,Children 0-14,50.769,2011
Israel,ISR,Children 0-14,46.923,2012
Israel,ISR,Children 0-14,50.769,2013
Israel,ISR,Children 0-14,51.538,2014
Israel,ISR,Children 0-14,64.615,2015
Israel,ISR,Children 0-14,50.000,2016
Israel,ISR,Children 0-14,51.538,2017
Israel,ISR,Children 0-14,43.077,2018
Israel,ISR,Children 0-14,53.846,2019
Israel,ISR,Children 0-14,43.846,2020
Israel,ISR,Children 0-14,37.692,2021
Israel,ISR,Children 0-14,36.154,2022
Israel,ISR,Children 0-14,9.231,2023
Israel,ISR,Education,0.000,1960
Israel,ISR,Education,0.000,1961
Israel,ISR,Education,0.000,1962
Israel,ISR,Education,0.000,1963
Israel,ISR,Education,0.000,1964
Israel,ISR,Education,0.000,1965
Israel,ISR,Education,0.000,1966
Israel,ISR,Education,0.000,1967
Israel,ISR,Education,0.000,1968
Israel,ISR,Education,0.000,1969
Israel,ISR,Education,0.000,1970
Israel,ISR,Education,3.681,1971
Israel,ISR,Education,5.521,1972
Israel,ISR,Education,16.564,1973
Israel,ISR,Education,12.270,1974
Israel,ISR,Education,17.178,1975
Israel,ISR,Education,12.270,1976
Israel,ISR,Education,17.791,1977
Israel,ISR,Education,17.791,1978
Israel,ISR,Education,16.564,1979
Israel,ISR,Education,16.564,1980
Israel,ISR,Education,9.202,1981
Israel,ISR,Education,10.429,1982
Israel,ISR,Education,26.380,1983
Israel,ISR,Education,16.564,1984
Israel,ISR,Education,11.043,1985
Israel,ISR,Education,15.337,1986
Israel,ISR,Education,15.337,1987
Israel,ISR,Education,16.564,1988
Israel,ISR,Education,16.564,1989
Israel,ISR,Education,16.564,1990
Israel,ISR,Education,16.564,1991
Israel,ISR,Education,12.270,1992
Israel,ISR,Education,16.564,1993
Israel,ISR,Education,12.270,1994
Israel,ISR,Education,4.294,1995
Israel,ISR,Education,4.294,1996
Israel,ISR,Education,0.000,1997
Israel,ISR,Education,6.748,1998
Israel,ISR,Education,35.583,1999
Israel,ISR,Education,34.969,2000
Israel,ISR,Education,36.196,2001
Israel,ISR,Education,36.196,2002
Israel,ISR,Education,36.196,2003
Israel,ISR,Education,43.558,2004
Israel,ISR,Education,36.196,2005
Israel,ISR,Education,44.172,2006
Israel,ISR,Education,43.558,2007
Israel,ISR,Education,34.969,2008
Israel,ISR,Education,43.558,2009
Israel,ISR,Education,57.669,2010
Israel,ISR,Education,50.920,2011
Israel,ISR,Education,52.761,2012
Israel,ISR,Education,56.442,2013
Israel,ISR,Education,60.736,2014
Israel,ISR,Education,54.601,2015
Israel,ISR,Education,54.601,2016
Israel,ISR,Education,54.601,2017
Israel,ISR,Education,49.693,2018
Israel,ISR,Education,38.037,2019
Israel,ISR,Education,50.307,2020
Israel,ISR,Education,36.810,2021
Israel,ISR,Education,34.969,2022
Israel,ISR,Education,1.840,2023
Israel,ISR,Employment and Time Use,0.000,1960
Israel,ISR,Employment and Time Use,0.000,1961
Israel,ISR,Employment and Time Use,0.000,1962
Israel,ISR,Employment and Time Use,0.000,1963
Israel,ISR,Employment and Time Use,0.000,1964
Israel,ISR,Employment and Time Use,0.000,1965
Israel,ISR,Employment and Time Use,0.000,1966
Israel,ISR,Employment and Time Use,0.000,1967
Israel,ISR,Employment and Time Use,0.000,1968
Israel,ISR,Employment and Time Use,0.730,1969
Israel,ISR,Employment and Time Use,21.898,1970
Israel,ISR,Employment and Time Use,21.898,1971
Israel,ISR,Employment and Time Use,27.007,1972
Israel,ISR,Employment and Time Use,23.358,1973
Israel,ISR,Employment and Time Use,33.577,1974
Israel,ISR,Employment and Time Use,21.168,1975
Israel,ISR,Employment and Time Use,33.577,1976
Israel,ISR,Employment and Time Use,21.168,1977
Israel,ISR,Employment and Time Use,33.577,1978
Israel,ISR,Employment and Time Use,33.577,1979
Israel,ISR,Employment and Time Use,33.577,1980
Israel,ISR,Employment and Time Use,33.577,1981
Israel,ISR,Employment and Time Use,33.577,1982
Israel,ISR,Employment and Time Use,33.577,1983
Israel,ISR,Employment and Time Use,28.467,1984
Israel,ISR,Employment and Time Use,28.467,1985
Israel,ISR,Employment and Time Use,28.467,1986
Israel,ISR,Employment and Time Use,28.467,1987
Israel,ISR,Employment and Time Use,28.467,1988
Israel,ISR,Employment and Time Use,28.467,1989
Israel,ISR,Employment and Time Use,45.985,1990
Israel,ISR,Employment and Time Use,70.803,1991
Israel,ISR,Employment and Time Use,70.803,1992
Israel,ISR,Employment and Time Use,70.803,1993
Israel,ISR,Employment and Time Use,70.803,1994
Israel,ISR,Employment and Time Use,70.803,1995
Israel,ISR,Employment and Time Use,77.372,1996
Israel,ISR,Employment and Time Use,70.803,1997
Israel,ISR,Employment and Time Use,77.372,1998
Israel,ISR,Employment and Time Use,77.372,1999
Israel,ISR,Employment and Time Use,77.372,2000
Israel,ISR,Employment and Time Use,77.372,2001
Israel,ISR,Employment and Time Use,77.372,2002
Israel,ISR,Employment and Time Use,77.372,2003
Israel,ISR,Employment and Time Use,77.372,2004
Israel,ISR,Employment and Time Use,77.372,2005
Israel,ISR,Employment and Time Use,77.372,2006
Israel,ISR,Employment and Time Use,77.372,2007
Israel,ISR,Employment and Time Use,77.372,2008
Israel,ISR,Employment and Time Use,87.591,2009
Israel,ISR,Employment and Time Use,87.591,2010
Israel,ISR,Employment and Time Use,87.591,2011
Israel,ISR,Employment and Time Use,90.511,2012
Israel,ISR,Employment and Time Use,90.511,2013
Israel,ISR,Employment and Time Use,90.511,2014
Israel,ISR,Employment and Time Use,90.511,2015
Israel,ISR,Employment and Time Use,90.511,2016
Israel,ISR,Employment and Time Use,90.511,2017
Israel,ISR,Employment and Time Use,90.511,2018
Israel,ISR,Employment and Time Use,90.511,2019
Israel,ISR,Employment and Time Use,90.511,2020
Israel,ISR,Employment and Time Use,90.511,2021
Israel,ISR,Employment and Time Use,89.051,2022
Israel,ISR,Employment and Time Use,93.431,2023
Israel,ISR,Entrepreneurship,0.000,1960
Israel,ISR,Entrepreneurship,0.000,1961
Israel,ISR,Entrepreneurship,0.000,1962
Israel,ISR,Entrepreneurship,0.000,1963
Israel,ISR,Entrepreneurship,0.000,1964
Israel,ISR,Entrepreneurship,0.000,1965
Israel,ISR,Entrepreneurship,0.000,1966
Israel,ISR,Entrepreneurship,0.000,1967
Israel,ISR,Entrepreneurship,0.000,1968
Israel,ISR,Entrepreneurship,0.000,1969
Israel,ISR,Entrepreneurship,9.375,1970
Israel,ISR,Entrepreneurship,9.375,1971
Israel,ISR,Entrepreneurship,9.375,1972
Israel,ISR,Entrepreneurship,9.375,1973
Israel,ISR,Entrepreneurship,9.375,1974
Israel,ISR,Entrepreneurship,9.375,1975
Israel,ISR,Entrepreneurship,9.375,1976
Israel,ISR,Entrepreneurship,9.375,1977
Israel,ISR,Entrepreneurship,9.375,1978
Israel,ISR,Entrepreneurship,9.375,1979
Israel,ISR,Entrepreneurship,9.375,1980
Israel,ISR,Entrepreneurship,9.375,1981
Israel,ISR,Entrepreneurship,9.375,1982
Israel,ISR,Entrepreneurship,9.375,1983
Israel,ISR,Entrepreneurship,9.375,1984
Israel,ISR,Entrepreneurship,9.375,1985
Israel,ISR,Entrepreneurship,9.375,1986
Israel,ISR,Entrepreneurship,9.375,1987
Israel,ISR,Entrepreneurship,9.375,1988
Israel,ISR,Entrepreneurship,9.375,1989
Israel,ISR,Entrepreneurship,9.375,1990
Israel,ISR,Entrepreneurship,9.375,1991
Israel,ISR,Entrepreneurship,9.375,1992
Israel,ISR,Entrepreneurship,9.375,1993
Israel,ISR,Entrepreneurship,9.375,1994
Israel,ISR,Entrepreneurship,9.375,1995
Israel,ISR,Entrepreneurship,9.375,1996
Israel,ISR,Entrepreneurship,9.375,1997
Israel,ISR,Entrepreneurship,9.375,1998
Israel,ISR,Entrepreneurship,9.375,1999
Israel,ISR,Entrepreneurship,9.375,2000
Israel,ISR,Entrepreneurship,9.375,2001
Israel,ISR,Entrepreneurship,9.375,2002
Israel,ISR,Entrepreneurship,37.500,2003
Israel,ISR,Entrepreneurship,37.500,2004
Israel,ISR,Entrepreneurship,37.500,2005
Israel,ISR,Entrepreneurship,37.500,2006
Israel,ISR,Entrepreneurship,37.500,2007
Israel,ISR,Entrepreneurship,37.500,2008
Israel,ISR,Entrepreneurship,37.500,2009
Israel,ISR,Entrepreneurship,37.500,2010
Israel,ISR,Entrepreneurship,37.500,2011
Israel,ISR,Entrepreneurship,37.500,2012
Israel,ISR,Entrepreneurship,43.750,2013
Israel,ISR,Entrepreneurship,56.250,2014
Israel,ISR,Entrepreneurship,37.500,2015
Israel,ISR,Entrepreneurship,37.500,2016
Israel,ISR,Entrepreneurship,56.250,2017
Israel,ISR,Entrepreneurship,37.500,2018
Israel,ISR,Entrepreneurship,37.500,2019
Israel,ISR,Entrepreneurship,9.375,2020
Israel,ISR,Entrepreneurship,9.375,2021
Israel,ISR,Entrepreneurship,9.375,2022
Israel,ISR,Entrepreneurship,9.375,2023
Israel,ISR,Environment,0.000,1960
Israel,ISR,Environment,0.000,1961
Israel,ISR,Environment,0.000,1962
Israel,ISR,Environment,0.000,1963
Israel,ISR,Environment,0.000,1964
Israel,ISR,Environment,0.000,1965
Israel,ISR,Environment,0.000,1966
Israel,ISR,Environment,0.000,1967
Israel,ISR,Environment,0.000,1968
Israel,ISR,Environment,0.000,1969
Israel,ISR,Environment,0.000,1970
Israel,ISR,Environment,0.000,1971
Israel,ISR,Environment,0.000,1972
Israel,ISR,Environment,0.000,1973
Israel,ISR,Environment,0.000,1974
Israel,ISR,Environment,0.000,1975
Israel,ISR,Environment,0.000,1976
Israel,ISR,Environment,0.000,1977
Israel,ISR,Environment,0.000,1978
Israel,ISR,Environment,0.000,1979
Israel,ISR,Environment,0.000,1980
Israel,ISR,Environment,0.000,1981
Israel,ISR,Environment,0.000,1982
Israel,ISR,Environment,0.000,1983
Israel,ISR,Environment,0.000,1984
Israel,ISR,Environment,0.000,1985
Israel,ISR,Environment,0.000,1986
Israel,ISR,Environment,0.000,1987
Israel,ISR,Environment,0.000,1988
Israel,ISR,Environment,0.000,1989
Israel,ISR,Environment,0.000,1990
Israel,ISR,Environment,0.000,1991
Israel,ISR,Environment,0.000,1992
Israel,ISR,Environment,0.000,1993
Israel,ISR,Environment,0.000,1994
Israel,ISR,Environment,0.000,1995
Israel,ISR,Environment,0.000,1996
Israel,ISR,Environment,0.000,1997
Israel,ISR,Environment,0.000,1998
Israel,ISR,Environment,3.333,1999
Israel,ISR,Environment,13.333,2000
Israel,ISR,Environment,10.000,2001
Israel,ISR,Environment,10.000,2002
Israel,ISR,Environment,10.000,2003
Israel,ISR,Environment,10.000,2004
Israel,ISR,Environment,10.000,2005
Israel,ISR,Environment,10.000,2006
Israel,ISR,Environment,10.000,2007
Israel,ISR,Environment,10.000,2008
Israel,ISR,Environment,10.000,2009
Israel,ISR,Environment,10.000,2010
Israel,ISR,Environment,10.000,2011
Israel,ISR,Environment,10.000,2012
Israel,ISR,Environment,10.000,2013
Israel,ISR,Environment,23.333,2014
Israel,ISR,Environment,10.000,2015
Israel,ISR,Environment,10.000,2016
Israel,ISR,Environment,20.000,2017
Israel,ISR,Environment,10.000,2018
Israel,ISR,Environment,30.000,2019
Israel,ISR,Environment,10.000,2020
Israel,ISR,Environment,20.000,2021
Israel,ISR,Environment,10.000,2022
Israel,ISR,Environment,0.000,2023
Israel,ISR,Health,8.586,1960
Israel,ISR,Health,7.576,1961
Israel,ISR,Health,7.576,1962
Israel,ISR,Health,7.576,1963
Israel,ISR,Health,7.576,1964
Israel,ISR,Health,7.576,1965
Israel,ISR,Health,7.576,1966
Israel,ISR,Health,7.576,1967
Israel,ISR,Health,7.576,1968
Israel,ISR,Health,7.576,1969
Israel,ISR,Health,8.586,1970
Israel,ISR,Health,7.576,1971
Israel,ISR,Health,7.576,1972
Israel,ISR,Health,7.576,1973
Israel,ISR,Health,7.576,1974
Israel,ISR,Health,10.101,1975
Israel,ISR,Health,10.101,1976
Israel,ISR,Health,10.101,1977
Israel,ISR,Health,10.101,1978
Israel,ISR,Health,10.101,1979
Israel,ISR,Health,12.121,1980
Israel,ISR,Health,11.111,1981
Israel,ISR,Health,11.111,1982
Israel,ISR,Health,12.121,1983
Israel,ISR,Health,12.121,1984
Israel,ISR,Health,12.626,1985
Israel,ISR,Health,12.626,1986
Israel,ISR,Health,13.131,1987
Israel,ISR,Health,13.636,1988
Israel,ISR,Health,12.626,1989
Israel,ISR,Health,13.131,1990
Israel,ISR,Health,13.131,1991
Israel,ISR,Health,13.131,1992
Israel,ISR,Health,13.131,1993
Israel,ISR,Health,13.131,1994
Israel,ISR,Health,13.131,1995
Israel,ISR,Health,13.131,1996
Israel,ISR,Health,13.131,1997
Israel,ISR,Health,13.131,1998
Israel,ISR,Health,13.131,1999
Israel,ISR,Health,50.505,2000
Israel,ISR,Health,26.768,2001
Israel,ISR,Health,26.768,2002
Israel,ISR,Health,26.768,2003
Israel,ISR,Health,26.768,2004
Israel,ISR,Health,28.283,2005
Israel,ISR,Health,26.768,2006
Israel,ISR,Health,26.768,2007
Israel,ISR,Health,26.768,2008
Israel,ISR,Health,26.768,2009
Israel,ISR,Health,54.040,2010
Israel,ISR,Health,26.768,2011
Israel,ISR,Health,26.768,2012
Israel,ISR,Health,26.768,2013
Israel,ISR,Health,28.283,2014
Israel,ISR,Health,51.010,2015
Israel,ISR,Health,26.768,2016
Israel,ISR,Health,27.778,2017
Israel,ISR,Health,27.273,2018
Israel,ISR,Health,50.000,2019
Israel,ISR,Health,19.697,2020
Israel,ISR,Health,13.131,2021
Israel,ISR,Health,10.606,2022
Israel,ISR,Health,1.010,2023
Israel,ISR,Leadership,0.000,1960
Israel,ISR,Leadership,0.000,1961
Israel,ISR,Leadership,0.000,1962
Israel,ISR,Leadership,0.000,1963
Israel,ISR,Leadership,0.000,1964
Israel,ISR,Leadership,0.000,1965
Israel,ISR,Leadership,0.000,1966
Israel,ISR,Leadership,0.000,1967
Israel,ISR,Leadership,0.000,1968
Israel,ISR,Leadership,0.000,1969
Israel,ISR,Leadership,0.000,1970
Israel,ISR,Leadership,0.000,1971
Israel,ISR,Leadership,0.000,1972
Israel,ISR,Leadership,0.000,1973
Israel,ISR,Leadership,0.000,1974
Israel,ISR,Leadership,0.000,1975
Israel,ISR,Leadership,0.000,1976
Israel,ISR,Leadership,0.000,1977
Israel,ISR,Leadership,0.000,1978
Israel,ISR,Leadership,0.000,1979
Israel,ISR,Leadership,0.000,1980
Israel,ISR,Leadership,0.000,1981
Israel,ISR,Leadership,0.000,1982
Israel,ISR,Leadership,0.000,1983
Israel,ISR,Leadership,0.000,1984
Israel,ISR,Leadership,0.000,1985
Israel,ISR,Leadership,0.000,1986
Israel,ISR,Leadership,0.000,1987
Israel,ISR,Leadership,0.000,1988
Israel,ISR,Leadership,0.000,1989
Israel,ISR,Leadership,0.000,1990
Israel,ISR,Leadership,0.000,1991
Israel,ISR,Leadership,0.000,1992
Israel,ISR,Leadership,0.000,1993
Israel,ISR,Leadership,0.000,1994
Israel,ISR,Leadership,0.000,1995
Israel,ISR,Leadership,0.000,1996
Israel,ISR,Leadership,25.000,1997
Israel,ISR,Leadership,25.000,1998
Israel,ISR,Leadership,25.000,1999
Israel,ISR,Leadership,25.000,2000
Israel,ISR,Leadership,25.000,2001
Israel,ISR,Leadership,25.000,2002
Israel,ISR,Leadership,25.000,2003
Israel,ISR,Leadership,25.000,2004
Israel,ISR,Leadership,50.000,2005
Israel,ISR,Leadership,25.000,2006
Israel,ISR,Leadership,25.000,2007
Israel,ISR,Leadership,50.000,2008
Israel,ISR,Leadership,25.000,2009
Israel,ISR,Leadership,50.000,2010
Israel,ISR,Leadership,25.000,2011
Israel,ISR,Leadership,75.000,2012
Israel,ISR,Leadership,75.000,2013
Israel,ISR,Leadership,75.000,2014
Israel,ISR,Leadership,75.000,2015
Israel,ISR,Leadership,75.000,2016
Israel,ISR,Leadership,50.000,2017
Israel,ISR,Leadership,75.000,2018
Israel,ISR,Leadership,75.000,2019
Israel,ISR,Leadership,75.000,2020
Israel,ISR,Leadership,50.000,2021
Israel,ISR,Leadership,75.000,2022
Israel,ISR,Leadership,50.000,2023
Israel,ISR,Norms and Decision-making,0.000,1960
Israel,ISR,Norms and Decision-making,0.000,1961
Israel,ISR,Norms and Decision-making,0.000,1962
Israel,ISR,Norms and Decision-making,0.000,1963
Israel,ISR,Norms and Decision-making,0.000,1964
Israel,ISR,Norms and Decision-making,0.000,1965
Israel,ISR,Norms and Decision-making,0.000,1966
Israel,ISR,Norms and Decision-making,0.000,1967
Israel,ISR,Norms and Decision-making,0.000,1968
Israel,ISR,Norms and Decision-making,0.000,1969
Israel,ISR,Norms and Decision-making,12.593,1970
Israel,ISR,Norms and Decision-making,12.593,1971
Israel,ISR,Norms and Decision-making,14.074,1972
Israel,ISR,Norms and Decision-making,12.593,1973
Israel,ISR,Norms and Decision-making,12.593,1974
Israel,ISR,Norms and Decision-making,12.593,1975
Israel,ISR,Norms and Decision-making,12.593,1976
Israel,ISR,Norms and Decision-making,12.593,1977
Israel,ISR,Norms and Decision-making,12.593,1978
Israel,ISR,Norms and Decision-making,12.593,1979
Israel,ISR,Norms and Decision-making,14.074,1980
Israel,ISR,Norms and Decision-making,14.074,1981
Israel,ISR,Norms and Decision-making,14.074,1982
Israel,ISR,Norms and Decision-making,14.074,1983
Israel,ISR,Norms and Decision-making,14.074,1984
Israel,ISR,Norms and Decision-making,14.074,1985
Israel,ISR,Norms and Decision-making,14.074,1986
Israel,ISR,Norms and Decision-making,14.074,1987
Israel,ISR,Norms and Decision-making,12.593,1988
Israel,ISR,Norms and Decision-making,12.593,1989
Israel,ISR,Norms and Decision-making,14.074,1990
Israel,ISR,Norms and Decision-making,12.593,1991
Israel,ISR,Norms and Decision-making,14.074,1992
Israel,ISR,Norms and Decision-making,14.074,1993
Israel,ISR,Norms and Decision-making,12.593,1994
Israel,ISR,Norms and Decision-making,14.074,1995
Israel,ISR,Norms and Decision-making,12.593,1996
Israel,ISR,Norms and Decision-making,12.593,1997
Israel,ISR,Norms and Decision-making,12.593,1998
Israel,ISR,Norms and Decision-making,14.074,1999
Israel,ISR,Norms and Decision-making,14.074,2000
Israel,ISR,Norms and Decision-making,12.593,2001
Israel,ISR,Norms and Decision-making,14.074,2002
Israel,ISR,Norms and Decision-making,14.074,2003
Israel,ISR,Norms and Decision-making,14.074,2004
Israel,ISR,Norms and Decision-making,14.074,2005
Israel,ISR,Norms and Decision-making,14.074,2006
Israel,ISR,Norms and Decision-making,14.074,2007
Israel,ISR,Norms and Decision-making,14.074,2008
Israel,ISR,Norms and Decision-making,14.074,2009
Israel,ISR,Norms and Decision-making,14.074,2010
Israel,ISR,Norms and Decision-making,14.074,2011
Israel,ISR,Norms and Decision-making,14.074,2012
Israel,ISR,Norms and Decision-making,14.074,2013
Israel,ISR,Norms and Decision-making,14.074,2014
Israel,ISR,Norms and Decision-making,14.074,2015
Israel,ISR,Norms and Decision-making,14.074,2016
Israel,ISR,Norms and Decision-making,12.593,2017
Israel,ISR,Norms and Decision-making,12.593,2018
Israel,ISR,Norms and Decision-making,12.593,2019
Israel,ISR,Norms and Decision-making,12.593,2020
Israel,ISR,Norms and Decision-making,12.593,2021
Israel,ISR,Norms and Decision-making,12.593,2022
Israel,ISR,Norms and Decision-making,12.593,2023
Israel,ISR,Population,83.333,1960
Israel,ISR,Population,86.905,1961
Israel,ISR,Population,86.905,1962
Israel,ISR,Population,83.333,1963
Israel,ISR,Population,83.333,1964
Israel,ISR,Population,83.333,1965
Israel,ISR,Population,86.905,1966
Israel,ISR,Population,86.905,1967
Israel,ISR,Population,86.905,1968
Israel,ISR,Population,86.905,1969
Israel,ISR,Population,86.905,1970
Israel,ISR,Population,86.905,1971
Israel,ISR,Population,89.286,1972
Israel,ISR,Population,86.905,1973
Israel,ISR,Population,86.905,1974
Israel,ISR,Population,86.905,1975
Israel,ISR,Population,86.905,1976
Israel,ISR,Population,86.905,1977
Israel,ISR,Population,86.905,1978
Israel,ISR,Population,86.905,1979
Israel,ISR,Population,94.048,1980
Israel,ISR,Population,89.286,1981
Israel,ISR,Population,89.286,1982
Israel,ISR,Population,89.286,1983
Israel,ISR,Population,89.286,1984
Israel,ISR,Population,94.048,1985
Israel,ISR,Population,89.286,1986
Israel,ISR,Population,89.286,1987
Israel,ISR,Population,86.905,1988
Israel,ISR,Population,86.905,1989
Israel,ISR,Population,95.238,1990
Israel,ISR,Population,86.905,1991
Israel,ISR,Population,89.286,1992
Israel,ISR,Population,89.286,1993
Israel,ISR,Population,86.905,1994
Israel,ISR,Population,95.238,1995
Israel,ISR,Population,86.905,1996
Israel,ISR,Population,86.905,1997
Israel,ISR,Population,86.905,1998
Israel,ISR,Population,89.286,1999
Israel,ISR,Population,95.238,2000
Israel,ISR,Population,86.905,2001
Israel,ISR,Population,89.286,2002
Israel,ISR,Population,89.286,2003
Israel,ISR,Population,89.286,2004
Israel,ISR,Population,95.238,2005
Israel,ISR,Population,89.286,2006
Israel,ISR,Population,89.286,2007
Israel,ISR,Population,89.286,2008
Israel,ISR,Population,89.286,2009
Israel,ISR,Population,95.238,2010
Israel,ISR,Population,89.286,2011
Israel,ISR,Population,90.476,2012
Israel,ISR,Population,89.286,2013
Israel,ISR,Population,90.476,2014
Israel,ISR,Population,95.238,2015
Israel,ISR,Population,89.286,2016
Israel,ISR,Population,88.095,2017
Israel,ISR,Population,86.905,2018
Israel,ISR,Population,86.905,2019
Israel,ISR,Population,90.476,2020
Israel,ISR,Population,86.905,2021
Israel,ISR,Population,88.095,2022
Israel,ISR,Population,77.381,2023
Israel,ISR,SDGs,2.685,1960
Israel,ISR,SDGs,2.685,1961
Israel,ISR,SDGs,2.685,1962
Israel,ISR,SDGs,2.685,1963
Israel,ISR,SDGs,2.685,1964
Israel,ISR,SDGs,2.685,1965
Israel,ISR,SDGs,2.685,1966
Israel,ISR,SDGs,2.685,1967
Israel,ISR,SDGs,2.685,1968
Israel,ISR,SDGs,3.356,1969
Israel,ISR,SDGs,12.081,1970
Israel,ISR,SDGs,12.081,1971
Israel,ISR,SDGs,12.081,1972
Israel,ISR,SDGs,13.423,1973
Israel,ISR,SDGs,15.436,1974
Israel,ISR,SDGs,11.409,1975
Israel,ISR,SDGs,15.436,1976
Israel,ISR,SDGs,11.409,1977
Israel,ISR,SDGs,15.436,1978
Israel,ISR,SDGs,15.436,1979
Israel,ISR,SDGs,16.107,1980
Israel,ISR,SDGs,16.107,1981
Israel,ISR,SDGs,16.107,1982
Israel,ISR,SDGs,16.107,1983
Israel,ISR,SDGs,16.107,1984
Israel,ISR,SDGs,16.779,1985
Israel,ISR,SDGs,12.752,1986
Israel,ISR,SDGs,13.423,1987
Israel,ISR,SDGs,12.752,1988
Israel,ISR,SDGs,12.752,1989
Israel,ISR,SDGs,16.779,1990
Israel,ISR,SDGs,20.805,1991
Israel,ISR,SDGs,20.805,1992
Israel,ISR,SDGs,20.805,1993
Israel,ISR,SDGs,20.805,1994
Israel,ISR,SDGs,20.805,1995
Israel,ISR,SDGs,20.805,1996
Israel,ISR,SDGs,21.477,1997
Israel,ISR,SDGs,21.477,1998
Israel,ISR,SDGs,21.477,1999
Israel,ISR,SDGs,65.772,2000
Israel,ISR,SDGs,36.242,2001
Israel,ISR,SDGs,34.228,2002
Israel,ISR,SDGs,34.228,2003
Israel,ISR,SDGs,34.228,2004
Israel,ISR,SDGs,36.242,2005
Israel,ISR,SDGs,36.242,2006
Israel,ISR,SDGs,34.228,2007
Israel,ISR,SDGs,34.228,2008
Israel,ISR,SDGs,34.228,2009
Israel,ISR,SDGs,66.443,2010
Israel,ISR,SDGs,38.255,2011
Israel,ISR,SDGs,34.228,2012
Israel,ISR,SDGs,34.228,2013
Israel,ISR,SDGs,36.242,2014
Israel,ISR,SDGs,66.443,2015
Israel,ISR,SDGs,36.242,2016
Israel,ISR,SDGs,36.242,2017
Israel,ISR,SDGs,36.913,2018
Israel,ISR,SDGs,69.799,2019
Israel,ISR,SDGs,27.517,2020
Israel,ISR,SDGs,24.832,2021
Israel,ISR,SDGs,22.819,2022
Israel,ISR,SDGs,18.121,2023
Israel,ISR,Technology,0.000,1960
Israel,ISR,Technology,0.000,1961
Israel,ISR,Technology,0.000,1962
Israel,ISR,Technology,0.000,1963
Israel,ISR,Technology,0.000,1964
Israel,ISR,Technology,0.000,1965
Israel,ISR,Technology,0.000,1966
Israel,ISR,Technology,0.000,1967
Israel,ISR,Technology,0.000,1968
Israel,ISR,Technology,0.000,1969
Israel,ISR,Technology,0.000,1970
Israel,ISR,Technology,0.000,1971
Israel,ISR,Technology,0.000,1972
Israel,ISR,Technology,0.000,1973
Israel,ISR,Technology,0.000,1974
Israel,ISR,Technology,0.000,1975
Israel,ISR,Technology,0.000,1976
Israel,ISR,Technology,0.000,1977
Israel,ISR,Technology,0.000,1978
Israel,ISR,Technology,0.000,1979
Israel,ISR,Technology,0.000,1980
Israel,ISR,Technology,0.000,1981
Israel,ISR,Technology,0.000,1982
Israel,ISR,Technology,0.000,1983
Israel,ISR,Technology,0.000,1984
Israel,ISR,Technology,0.000,1985
Israel,ISR,Technology,0.000,1986
Israel,ISR,Technology,0.000,1987
Israel,ISR,Technology,0.000,1988
Israel,ISR,Technology,0.000,1989
Israel,ISR,Technology,2.222,1990
Israel,ISR,Technology,2.222,1991
Israel,ISR,Technology,2.222,1992
Israel,ISR,Technology,2.222,1993
Israel,ISR,Technology,2.222,1994
Israel,ISR,Technology,2.222,1995
Israel,ISR,Technology,2.222,1996
Israel,ISR,Technology,2.222,1997
Israel,ISR,Technology,2.222,1998
Israel,ISR,Technology,6.667,1999
Israel,ISR,Technology,4.444,2000
Israel,ISR,Technology,2.222,2001
Israel,ISR,Technology,2.222,2002
Israel,ISR,Technology,2.222,2003
Israel,ISR,Technology,2.222,2004
Israel,ISR,Technology,2.222,2005
Israel,ISR,Technology,2.222,2006
Israel,ISR,Technology,2.222,2007
Israel,ISR,Technology,6.667,2008
Israel,ISR,Technology,6.667,2009
Israel,ISR,Technology,6.667,2010
Israel,ISR,Technology,8.889,2011
Israel,ISR,Technology,6.667,2012
Israel,ISR,Technology,6.667,2013
Israel,ISR,Technology,33.333,2014
Israel,ISR,Technology,6.667,2015
Israel,ISR,Technology,6.667,2016
Israel,ISR,Technology,53.333,2017
Israel,ISR,Technology,6.667,2018
Israel,ISR,Technology,6.667,2019
Israel,ISR,Technology,6.667,2020
Israel,ISR,Technology,73.333,2021
Israel,ISR,Technology,6.667,2022
Israel,ISR,Technology,0.000,2023
Israel,ISR,Violence,0.000,1960
Israel,ISR,Violence,0.000,1961
Israel,ISR,Violence,0.000,1962
Israel,ISR,Violence,0.000,1963
Israel,ISR,Violence,0.000,1964
Israel,ISR,Violence,0.000,1965
Israel,ISR,Violence,0.000,1966
Israel,ISR,Violence,0.000,1967
Israel,ISR,Violence,0.000,1968
Israel,ISR,Violence,0.000,1969
Israel,ISR,Violence,2.143,1970
Israel,ISR,Violence,2.143,1971
Israel,ISR,Violence,2.143,1972
Israel,ISR,Violence,2.143,1973
Israel,ISR,Violence,2.143,1974
Israel,ISR,Violence,2.143,1975
Israel,ISR,Violence,2.143,1976
Israel,ISR,Violence,2.143,1977
Israel,ISR,Violence,2.143,1978
Israel,ISR,Violence,2.143,1979
Israel,ISR,Violence,2.143,1980
Israel,ISR,Violence,2.143,1981
Israel,ISR,Violence,2.143,1982
Israel,ISR,Violence,2.143,1983
Israel,ISR,Violence,2.143,1984
Israel,ISR,Violence,2.143,1985
Israel,ISR,Violence,2.143,1986
Israel,ISR,Violence,2.143,1987
Israel,ISR,Violence,2.143,1988
Israel,ISR,Violence,2.143,1989
Israel,ISR,Violence,2.857,1990
Israel,ISR,Violence,2.857,1991
Israel,ISR,Violence,2.857,1992
Israel,ISR,Violence,4.286,1993
Israel,ISR,Violence,4.286,1994
Israel,ISR,Violence,2.857,1995
Israel,ISR,Violence,2.857,1996
Israel,ISR,Violence,2.857,1997
Israel,ISR,Violence,2.857,1998
Israel,ISR,Violence,4.286,1999
Israel,ISR,Violence,6.429,2000
Israel,ISR,Violence,6.429,2001
Israel,ISR,Violence,6.429,2002
Israel,ISR,Violence,6.429,2003
Israel,ISR,Violence,6.429,2004
Israel,ISR,Violence,6.429,2005
Israel,ISR,Violence,6.429,2006
Israel,ISR,Violence,6.429,2007
Israel,ISR,Violence,6.429,2008
Israel,ISR,Violence,6.429,2009
Israel,ISR,Violence,6.429,2010
Israel,ISR,Violence,6.429,2011
Israel,ISR,Violence,6.429,2012
Israel,ISR,Violence,6.429,2013
Israel,ISR,Violence,6.429,2014
Israel,ISR,Violence,6.429,2015
Israel,ISR,Violence,6.429,2016
Israel,ISR,Violence,6.429,2017
Israel,ISR,Violence,7.857,2018
Israel,ISR,Violence,6.429,2019
Israel,ISR,Violence,4.286,2020
Israel,ISR,Violence,4.286,2021
Israel,ISR,Violence,2.143,2022
Israel,ISR,Violence,2.143,2023
Israel,ISR,Youth 15-24,4.587,1960
Israel,ISR,Youth 15-24,4.587,1961
Israel,ISR,Youth 15-24,4.587,1962
Israel,ISR,Youth 15-24,4.587,1963
Israel,ISR,Youth 15-24,4.587,1964
Israel,ISR,Youth 15-24,4.587,1965
Israel,ISR,Youth 15-24,4.587,1966
Israel,ISR,Youth 15-24,4.587,1967
Israel,ISR,Youth 15-24,4.587,1968
Israel,ISR,Youth 15-24,4.587,1969
Israel,ISR,Youth 15-24,4.587,1970
Israel,ISR,Youth 15-24,9.174,1971
Israel,ISR,Youth 15-24,11.927,1972
Israel,ISR,Youth 15-24,18.349,1973
Israel,ISR,Youth 15-24,21.101,1974
Israel,ISR,Youth 15-24,18.349,1975
Israel,ISR,Youth 15-24,21.101,1976
Israel,ISR,Youth 15-24,18.349,1977
Israel,ISR,Youth 15-24,24.771,1978
Israel,ISR,Youth 15-24,24.771,1979
Israel,ISR,Youth 15-24,24.771,1980
Israel,ISR,Youth 15-24,18.349,1981
Israel,ISR,Youth 15-24,20.183,1982
Israel,ISR,Youth 15-24,34.862,1983
Israel,ISR,Youth 15-24,22.018,1984
Israel,ISR,Youth 15-24,18.349,1985
Israel,ISR,Youth 15-24,21.101,1986
Israel,ISR,Youth 15-24,21.101,1987
Israel,ISR,Youth 15-24,21.101,1988
Israel,ISR,Youth 15-24,21.101,1989
Israel,ISR,Youth 15-24,30.275,1990
Israel,ISR,Youth 15-24,36.697,1991
Israel,ISR,Youth 15-24,33.028,1992
Israel,ISR,Youth 15-24,36.697,1993
Israel,ISR,Youth 15-24,33.028,1994
Israel,ISR,Youth 15-24,26.606,1995
Israel,ISR,Youth 15-24,26.606,1996
Israel,ISR,Youth 15-24,22.936,1997
Israel,ISR,Youth 15-24,32.110,1998
Israel,ISR,Youth 15-24,57.798,1999
Israel,ISR,Youth 15-24,55.046,2000
Israel,ISR,Youth 15-24,48.624,2001
Israel,ISR,Youth 15-24,48.624,2002
Israel,ISR,Youth 15-24,48.624,2003
Israel,ISR,Youth 15-24,54.128,2004
Israel,ISR,Youth 15-24,48.624,2005
Israel,ISR,Youth 15-24,51.376,2006
Israel,ISR,Youth 15-24,54.128,2007
Israel,ISR,Youth 15-24,46.789,2008
Israel,ISR,Youth 15-24,55.963,2009
Israel,ISR,Youth 15-24,55.963,2010
Israel,ISR,Youth 15-24,57.798,2011
Israel,ISR,Youth 15-24,60.550,2012
Israel,ISR,Youth 15-24,59.633,2013
Israel,ISR,Youth 15-24,60.550,2014
Israel,ISR,Youth 15-24,56.881,2015
Israel,ISR,Youth 15-24,57.798,2016
Israel,ISR,Youth 15-24,55.046,2017
Israel,ISR,Youth 15-24,46.789,2018
Israel,ISR,Youth 15-24,45.872,2019
Israel,ISR,Youth 15-24,48.624,2020
Israel,ISR,Youth 15-24,46.789,2021
Israel,ISR,Youth 15-24,46.789,2022
Israel,ISR,Youth 15-24,24.771,2023
