Country Name,Country Code,Topic,% of available indicators,Year
"Egypt, Arab Rep.",EGY,Assets,0.000,1960
"Egypt, Arab Rep.",EGY,Assets,0.000,1961
"Egypt, Arab Rep.",EGY,Assets,0.000,1962
"Egypt, Arab Rep.",EGY,Assets,0.000,1963
"Egypt, Arab Rep.",EGY,Assets,0.000,1964
"Egypt, Arab Rep.",EGY,Assets,0.000,1965
"Egypt, Arab Rep.",EGY,Assets,0.000,1966
"Egypt, Arab Rep.",EGY,Assets,0.000,1967
"Egypt, Arab Rep.",EGY,Assets,0.000,1968
"Egypt, Arab Rep.",EGY,Assets,0.000,1969
"Egypt, Arab Rep.",EGY,Assets,2.208,1970
"Egypt, Arab Rep.",EGY,Assets,2.208,1971
"Egypt, Arab Rep.",EGY,Assets,2.208,1972
"Egypt, Arab Rep.",EGY,Assets,2.208,1973
"Egypt, Arab Rep.",EGY,Assets,2.208,1974
"Egypt, Arab Rep.",EGY,Assets,2.208,1975
"Egypt, Arab Rep.",EGY,Assets,2.208,1976
"Egypt, Arab Rep.",EGY,Assets,2.208,1977
"Egypt, Arab Rep.",EGY,Assets,2.208,1978
"Egypt, Arab Rep.",EGY,Assets,2.208,1979
"Egypt, Arab Rep.",EGY,Assets,2.208,1980
"Egypt, Arab Rep.",EGY,Assets,2.208,1981
"Egypt, Arab Rep.",EGY,Assets,2.208,1982
"Egypt, Arab Rep.",EGY,Assets,2.208,1983
"Egypt, Arab Rep.",EGY,Assets,2.208,1984
"Egypt, Arab Rep.",EGY,Assets,2.208,1985
"Egypt, Arab Rep.",EGY,Assets,2.208,1986
"Egypt, Arab Rep.",EGY,Assets,2.208,1987
"Egypt, Arab Rep.",EGY,Assets,2.208,1988
"Egypt, Arab Rep.",EGY,Assets,2.208,1989
"Egypt, Arab Rep.",EGY,Assets,2.208,1990
"Egypt, Arab Rep.",EGY,Assets,2.208,1991
"Egypt, Arab Rep.",EGY,Assets,2.208,1992
"Egypt, Arab Rep.",EGY,Assets,2.208,1993
"Egypt, Arab Rep.",EGY,Assets,2.208,1994
"Egypt, Arab Rep.",EGY,Assets,2.208,1995
"Egypt, Arab Rep.",EGY,Assets,2.208,1996
"Egypt, Arab Rep.",EGY,Assets,2.208,1997
"Egypt, Arab Rep.",EGY,Assets,2.208,1998
"Egypt, Arab Rep.",EGY,Assets,2.208,1999
"Egypt, Arab Rep.",EGY,Assets,2.208,2000
"Egypt, Arab Rep.",EGY,Assets,2.208,2001
"Egypt, Arab Rep.",EGY,Assets,2.208,2002
"Egypt, Arab Rep.",EGY,Assets,2.208,2003
"Egypt, Arab Rep.",EGY,Assets,2.208,2004
"Egypt, Arab Rep.",EGY,Assets,2.208,2005
"Egypt, Arab Rep.",EGY,Assets,2.208,2006
"Egypt, Arab Rep.",EGY,Assets,2.208,2007
"Egypt, Arab Rep.",EGY,Assets,2.208,2008
"Egypt, Arab Rep.",EGY,Assets,2.208,2009
"Egypt, Arab Rep.",EGY,Assets,2.208,2010
"Egypt, Arab Rep.",EGY,Assets,11.672,2011
"Egypt, Arab Rep.",EGY,Assets,2.208,2012
"Egypt, Arab Rep.",EGY,Assets,2.208,2013
"Egypt, Arab Rep.",EGY,Assets,46.688,2014
"Egypt, Arab Rep.",EGY,Assets,2.208,2015
"Egypt, Arab Rep.",EGY,Assets,2.208,2016
"Egypt, Arab Rep.",EGY,Assets,34.069,2017
"Egypt, Arab Rep.",EGY,Assets,2.208,2018
"Egypt, Arab Rep.",EGY,Assets,2.208,2019
"Egypt, Arab Rep.",EGY,Assets,2.208,2020
"Egypt, Arab Rep.",EGY,Assets,63.091,2021
"Egypt, Arab Rep.",EGY,Assets,2.208,2022
"Egypt, Arab Rep.",EGY,Assets,2.208,2023
"Egypt, Arab Rep.",EGY,Children 0-14,19.231,1960
"Egypt, Arab Rep.",EGY,Children 0-14,19.231,1961
"Egypt, Arab Rep.",EGY,Children 0-14,19.231,1962
"Egypt, Arab Rep.",EGY,Children 0-14,19.231,1963
"Egypt, Arab Rep.",EGY,Children 0-14,19.231,1964
"Egypt, Arab Rep.",EGY,Children 0-14,19.231,1965
"Egypt, Arab Rep.",EGY,Children 0-14,19.231,1966
"Egypt, Arab Rep.",EGY,Children 0-14,19.231,1967
"Egypt, Arab Rep.",EGY,Children 0-14,19.231,1968
"Egypt, Arab Rep.",EGY,Children 0-14,19.231,1969
"Egypt, Arab Rep.",EGY,Children 0-14,19.231,1970
"Egypt, Arab Rep.",EGY,Children 0-14,35.385,1971
"Egypt, Arab Rep.",EGY,Children 0-14,35.385,1972
"Egypt, Arab Rep.",EGY,Children 0-14,35.385,1973
"Egypt, Arab Rep.",EGY,Children 0-14,27.692,1974
"Egypt, Arab Rep.",EGY,Children 0-14,30.000,1975
"Egypt, Arab Rep.",EGY,Children 0-14,30.000,1976
"Egypt, Arab Rep.",EGY,Children 0-14,30.000,1977
"Egypt, Arab Rep.",EGY,Children 0-14,35.385,1978
"Egypt, Arab Rep.",EGY,Children 0-14,30.000,1979
"Egypt, Arab Rep.",EGY,Children 0-14,31.538,1980
"Egypt, Arab Rep.",EGY,Children 0-14,29.231,1981
"Egypt, Arab Rep.",EGY,Children 0-14,26.923,1982
"Egypt, Arab Rep.",EGY,Children 0-14,27.692,1983
"Egypt, Arab Rep.",EGY,Children 0-14,24.615,1984
"Egypt, Arab Rep.",EGY,Children 0-14,24.615,1985
"Egypt, Arab Rep.",EGY,Children 0-14,32.308,1986
"Egypt, Arab Rep.",EGY,Children 0-14,28.462,1987
"Egypt, Arab Rep.",EGY,Children 0-14,33.846,1988
"Egypt, Arab Rep.",EGY,Children 0-14,26.923,1989
"Egypt, Arab Rep.",EGY,Children 0-14,26.923,1990
"Egypt, Arab Rep.",EGY,Children 0-14,38.462,1991
"Egypt, Arab Rep.",EGY,Children 0-14,38.462,1992
"Egypt, Arab Rep.",EGY,Children 0-14,26.923,1993
"Egypt, Arab Rep.",EGY,Children 0-14,36.923,1994
"Egypt, Arab Rep.",EGY,Children 0-14,38.462,1995
"Egypt, Arab Rep.",EGY,Children 0-14,29.231,1996
"Egypt, Arab Rep.",EGY,Children 0-14,40.000,1997
"Egypt, Arab Rep.",EGY,Children 0-14,25.385,1998
"Egypt, Arab Rep.",EGY,Children 0-14,39.231,1999
"Egypt, Arab Rep.",EGY,Children 0-14,55.385,2000
"Egypt, Arab Rep.",EGY,Children 0-14,42.308,2001
"Egypt, Arab Rep.",EGY,Children 0-14,43.077,2002
"Egypt, Arab Rep.",EGY,Children 0-14,53.077,2003
"Egypt, Arab Rep.",EGY,Children 0-14,40.769,2004
"Egypt, Arab Rep.",EGY,Children 0-14,49.231,2005
"Egypt, Arab Rep.",EGY,Children 0-14,37.692,2006
"Egypt, Arab Rep.",EGY,Children 0-14,33.077,2007
"Egypt, Arab Rep.",EGY,Children 0-14,34.615,2008
"Egypt, Arab Rep.",EGY,Children 0-14,44.615,2009
"Egypt, Arab Rep.",EGY,Children 0-14,58.462,2010
"Egypt, Arab Rep.",EGY,Children 0-14,37.692,2011
"Egypt, Arab Rep.",EGY,Children 0-14,43.077,2012
"Egypt, Arab Rep.",EGY,Children 0-14,42.308,2013
"Egypt, Arab Rep.",EGY,Children 0-14,59.231,2014
"Egypt, Arab Rep.",EGY,Children 0-14,39.231,2015
"Egypt, Arab Rep.",EGY,Children 0-14,55.385,2016
"Egypt, Arab Rep.",EGY,Children 0-14,51.538,2017
"Egypt, Arab Rep.",EGY,Children 0-14,55.385,2018
"Egypt, Arab Rep.",EGY,Children 0-14,54.615,2019
"Egypt, Arab Rep.",EGY,Children 0-14,41.538,2020
"Egypt, Arab Rep.",EGY,Children 0-14,36.154,2021
"Egypt, Arab Rep.",EGY,Children 0-14,25.385,2022
"Egypt, Arab Rep.",EGY,Children 0-14,11.538,2023
"Egypt, Arab Rep.",EGY,Education,0.000,1960
"Egypt, Arab Rep.",EGY,Education,0.000,1961
"Egypt, Arab Rep.",EGY,Education,0.000,1962
"Egypt, Arab Rep.",EGY,Education,0.000,1963
"Egypt, Arab Rep.",EGY,Education,0.000,1964
"Egypt, Arab Rep.",EGY,Education,0.000,1965
"Egypt, Arab Rep.",EGY,Education,0.000,1966
"Egypt, Arab Rep.",EGY,Education,0.000,1967
"Egypt, Arab Rep.",EGY,Education,0.000,1968
"Egypt, Arab Rep.",EGY,Education,0.000,1969
"Egypt, Arab Rep.",EGY,Education,0.000,1970
"Egypt, Arab Rep.",EGY,Education,27.607,1971
"Egypt, Arab Rep.",EGY,Education,26.994,1972
"Egypt, Arab Rep.",EGY,Education,25.767,1973
"Egypt, Arab Rep.",EGY,Education,20.859,1974
"Egypt, Arab Rep.",EGY,Education,21.472,1975
"Egypt, Arab Rep.",EGY,Education,30.061,1976
"Egypt, Arab Rep.",EGY,Education,23.313,1977
"Egypt, Arab Rep.",EGY,Education,25.767,1978
"Egypt, Arab Rep.",EGY,Education,20.859,1979
"Egypt, Arab Rep.",EGY,Education,20.245,1980
"Egypt, Arab Rep.",EGY,Education,18.405,1981
"Egypt, Arab Rep.",EGY,Education,17.791,1982
"Egypt, Arab Rep.",EGY,Education,18.405,1983
"Egypt, Arab Rep.",EGY,Education,15.337,1984
"Egypt, Arab Rep.",EGY,Education,14.110,1985
"Egypt, Arab Rep.",EGY,Education,30.061,1986
"Egypt, Arab Rep.",EGY,Education,18.405,1987
"Egypt, Arab Rep.",EGY,Education,17.791,1988
"Egypt, Arab Rep.",EGY,Education,17.178,1989
"Egypt, Arab Rep.",EGY,Education,17.178,1990
"Egypt, Arab Rep.",EGY,Education,16.564,1991
"Egypt, Arab Rep.",EGY,Education,13.497,1992
"Egypt, Arab Rep.",EGY,Education,13.497,1993
"Egypt, Arab Rep.",EGY,Education,23.313,1994
"Egypt, Arab Rep.",EGY,Education,10.429,1995
"Egypt, Arab Rep.",EGY,Education,20.859,1996
"Egypt, Arab Rep.",EGY,Education,19.632,1997
"Egypt, Arab Rep.",EGY,Education,1.840,1998
"Egypt, Arab Rep.",EGY,Education,22.699,1999
"Egypt, Arab Rep.",EGY,Education,22.086,2000
"Egypt, Arab Rep.",EGY,Education,36.810,2001
"Egypt, Arab Rep.",EGY,Education,32.515,2002
"Egypt, Arab Rep.",EGY,Education,38.037,2003
"Egypt, Arab Rep.",EGY,Education,35.583,2004
"Egypt, Arab Rep.",EGY,Education,25.767,2005
"Egypt, Arab Rep.",EGY,Education,33.742,2006
"Egypt, Arab Rep.",EGY,Education,18.405,2007
"Egypt, Arab Rep.",EGY,Education,11.043,2008
"Egypt, Arab Rep.",EGY,Education,38.650,2009
"Egypt, Arab Rep.",EGY,Education,58.282,2010
"Egypt, Arab Rep.",EGY,Education,39.264,2011
"Egypt, Arab Rep.",EGY,Education,51.534,2012
"Egypt, Arab Rep.",EGY,Education,56.442,2013
"Egypt, Arab Rep.",EGY,Education,52.147,2014
"Egypt, Arab Rep.",EGY,Education,15.951,2015
"Egypt, Arab Rep.",EGY,Education,65.644,2016
"Egypt, Arab Rep.",EGY,Education,72.393,2017
"Egypt, Arab Rep.",EGY,Education,62.577,2018
"Egypt, Arab Rep.",EGY,Education,28.221,2019
"Egypt, Arab Rep.",EGY,Education,45.399,2020
"Egypt, Arab Rep.",EGY,Education,28.834,2021
"Egypt, Arab Rep.",EGY,Education,21.472,2022
"Egypt, Arab Rep.",EGY,Education,9.816,2023
"Egypt, Arab Rep.",EGY,Employment and Time Use,5.109,1960
"Egypt, Arab Rep.",EGY,Employment and Time Use,0.000,1961
"Egypt, Arab Rep.",EGY,Employment and Time Use,0.000,1962
"Egypt, Arab Rep.",EGY,Employment and Time Use,0.000,1963
"Egypt, Arab Rep.",EGY,Employment and Time Use,0.000,1964
"Egypt, Arab Rep.",EGY,Employment and Time Use,0.000,1965
"Egypt, Arab Rep.",EGY,Employment and Time Use,2.920,1966
"Egypt, Arab Rep.",EGY,Employment and Time Use,0.000,1967
"Egypt, Arab Rep.",EGY,Employment and Time Use,0.000,1968
"Egypt, Arab Rep.",EGY,Employment and Time Use,0.000,1969
"Egypt, Arab Rep.",EGY,Employment and Time Use,21.898,1970
"Egypt, Arab Rep.",EGY,Employment and Time Use,21.898,1971
"Egypt, Arab Rep.",EGY,Employment and Time Use,21.898,1972
"Egypt, Arab Rep.",EGY,Employment and Time Use,29.197,1973
"Egypt, Arab Rep.",EGY,Employment and Time Use,21.898,1974
"Egypt, Arab Rep.",EGY,Employment and Time Use,29.197,1975
"Egypt, Arab Rep.",EGY,Employment and Time Use,26.277,1976
"Egypt, Arab Rep.",EGY,Employment and Time Use,30.657,1977
"Egypt, Arab Rep.",EGY,Employment and Time Use,30.657,1978
"Egypt, Arab Rep.",EGY,Employment and Time Use,30.657,1979
"Egypt, Arab Rep.",EGY,Employment and Time Use,30.657,1980
"Egypt, Arab Rep.",EGY,Employment and Time Use,28.467,1981
"Egypt, Arab Rep.",EGY,Employment and Time Use,28.467,1982
"Egypt, Arab Rep.",EGY,Employment and Time Use,30.657,1983
"Egypt, Arab Rep.",EGY,Employment and Time Use,30.657,1984
"Egypt, Arab Rep.",EGY,Employment and Time Use,21.168,1985
"Egypt, Arab Rep.",EGY,Employment and Time Use,26.277,1986
"Egypt, Arab Rep.",EGY,Employment and Time Use,21.168,1987
"Egypt, Arab Rep.",EGY,Employment and Time Use,21.168,1988
"Egypt, Arab Rep.",EGY,Employment and Time Use,30.657,1989
"Egypt, Arab Rep.",EGY,Employment and Time Use,40.876,1990
"Egypt, Arab Rep.",EGY,Employment and Time Use,65.693,1991
"Egypt, Arab Rep.",EGY,Employment and Time Use,65.693,1992
"Egypt, Arab Rep.",EGY,Employment and Time Use,65.693,1993
"Egypt, Arab Rep.",EGY,Employment and Time Use,65.693,1994
"Egypt, Arab Rep.",EGY,Employment and Time Use,65.693,1995
"Egypt, Arab Rep.",EGY,Employment and Time Use,63.504,1996
"Egypt, Arab Rep.",EGY,Employment and Time Use,58.394,1997
"Egypt, Arab Rep.",EGY,Employment and Time Use,68.613,1998
"Egypt, Arab Rep.",EGY,Employment and Time Use,68.613,1999
"Egypt, Arab Rep.",EGY,Employment and Time Use,63.504,2000
"Egypt, Arab Rep.",EGY,Employment and Time Use,68.613,2001
"Egypt, Arab Rep.",EGY,Employment and Time Use,68.613,2002
"Egypt, Arab Rep.",EGY,Employment and Time Use,58.394,2003
"Egypt, Arab Rep.",EGY,Employment and Time Use,58.394,2004
"Egypt, Arab Rep.",EGY,Employment and Time Use,65.693,2005
"Egypt, Arab Rep.",EGY,Employment and Time Use,66.423,2006
"Egypt, Arab Rep.",EGY,Employment and Time Use,66.423,2007
"Egypt, Arab Rep.",EGY,Employment and Time Use,89.781,2008
"Egypt, Arab Rep.",EGY,Employment and Time Use,92.701,2009
"Egypt, Arab Rep.",EGY,Employment and Time Use,90.511,2010
"Egypt, Arab Rep.",EGY,Employment and Time Use,91.971,2011
"Egypt, Arab Rep.",EGY,Employment and Time Use,91.971,2012
"Egypt, Arab Rep.",EGY,Employment and Time Use,91.971,2013
"Egypt, Arab Rep.",EGY,Employment and Time Use,86.131,2014
"Egypt, Arab Rep.",EGY,Employment and Time Use,91.971,2015
"Egypt, Arab Rep.",EGY,Employment and Time Use,91.971,2016
"Egypt, Arab Rep.",EGY,Employment and Time Use,91.971,2017
"Egypt, Arab Rep.",EGY,Employment and Time Use,91.971,2018
"Egypt, Arab Rep.",EGY,Employment and Time Use,86.131,2019
"Egypt, Arab Rep.",EGY,Employment and Time Use,89.051,2020
"Egypt, Arab Rep.",EGY,Employment and Time Use,89.051,2021
"Egypt, Arab Rep.",EGY,Employment and Time Use,89.051,2022
"Egypt, Arab Rep.",EGY,Employment and Time Use,91.971,2023
"Egypt, Arab Rep.",EGY,Entrepreneurship,0.000,1960
"Egypt, Arab Rep.",EGY,Entrepreneurship,0.000,1961
"Egypt, Arab Rep.",EGY,Entrepreneurship,0.000,1962
"Egypt, Arab Rep.",EGY,Entrepreneurship,0.000,1963
"Egypt, Arab Rep.",EGY,Entrepreneurship,0.000,1964
"Egypt, Arab Rep.",EGY,Entrepreneurship,0.000,1965
"Egypt, Arab Rep.",EGY,Entrepreneurship,0.000,1966
"Egypt, Arab Rep.",EGY,Entrepreneurship,0.000,1967
"Egypt, Arab Rep.",EGY,Entrepreneurship,0.000,1968
"Egypt, Arab Rep.",EGY,Entrepreneurship,0.000,1969
"Egypt, Arab Rep.",EGY,Entrepreneurship,9.375,1970
"Egypt, Arab Rep.",EGY,Entrepreneurship,9.375,1971
"Egypt, Arab Rep.",EGY,Entrepreneurship,9.375,1972
"Egypt, Arab Rep.",EGY,Entrepreneurship,9.375,1973
"Egypt, Arab Rep.",EGY,Entrepreneurship,9.375,1974
"Egypt, Arab Rep.",EGY,Entrepreneurship,9.375,1975
"Egypt, Arab Rep.",EGY,Entrepreneurship,9.375,1976
"Egypt, Arab Rep.",EGY,Entrepreneurship,9.375,1977
"Egypt, Arab Rep.",EGY,Entrepreneurship,9.375,1978
"Egypt, Arab Rep.",EGY,Entrepreneurship,9.375,1979
"Egypt, Arab Rep.",EGY,Entrepreneurship,9.375,1980
"Egypt, Arab Rep.",EGY,Entrepreneurship,9.375,1981
"Egypt, Arab Rep.",EGY,Entrepreneurship,9.375,1982
"Egypt, Arab Rep.",EGY,Entrepreneurship,9.375,1983
"Egypt, Arab Rep.",EGY,Entrepreneurship,9.375,1984
"Egypt, Arab Rep.",EGY,Entrepreneurship,9.375,1985
"Egypt, Arab Rep.",EGY,Entrepreneurship,9.375,1986
"Egypt, Arab Rep.",EGY,Entrepreneurship,9.375,1987
"Egypt, Arab Rep.",EGY,Entrepreneurship,9.375,1988
"Egypt, Arab Rep.",EGY,Entrepreneurship,9.375,1989
"Egypt, Arab Rep.",EGY,Entrepreneurship,9.375,1990
"Egypt, Arab Rep.",EGY,Entrepreneurship,9.375,1991
"Egypt, Arab Rep.",EGY,Entrepreneurship,9.375,1992
"Egypt, Arab Rep.",EGY,Entrepreneurship,9.375,1993
"Egypt, Arab Rep.",EGY,Entrepreneurship,9.375,1994
"Egypt, Arab Rep.",EGY,Entrepreneurship,9.375,1995
"Egypt, Arab Rep.",EGY,Entrepreneurship,9.375,1996
"Egypt, Arab Rep.",EGY,Entrepreneurship,9.375,1997
"Egypt, Arab Rep.",EGY,Entrepreneurship,9.375,1998
"Egypt, Arab Rep.",EGY,Entrepreneurship,9.375,1999
"Egypt, Arab Rep.",EGY,Entrepreneurship,9.375,2000
"Egypt, Arab Rep.",EGY,Entrepreneurship,9.375,2001
"Egypt, Arab Rep.",EGY,Entrepreneurship,9.375,2002
"Egypt, Arab Rep.",EGY,Entrepreneurship,37.500,2003
"Egypt, Arab Rep.",EGY,Entrepreneurship,37.500,2004
"Egypt, Arab Rep.",EGY,Entrepreneurship,37.500,2005
"Egypt, Arab Rep.",EGY,Entrepreneurship,37.500,2006
"Egypt, Arab Rep.",EGY,Entrepreneurship,40.625,2007
"Egypt, Arab Rep.",EGY,Entrepreneurship,40.625,2008
"Egypt, Arab Rep.",EGY,Entrepreneurship,37.500,2009
"Egypt, Arab Rep.",EGY,Entrepreneurship,37.500,2010
"Egypt, Arab Rep.",EGY,Entrepreneurship,37.500,2011
"Egypt, Arab Rep.",EGY,Entrepreneurship,37.500,2012
"Egypt, Arab Rep.",EGY,Entrepreneurship,43.750,2013
"Egypt, Arab Rep.",EGY,Entrepreneurship,81.250,2014
"Egypt, Arab Rep.",EGY,Entrepreneurship,62.500,2015
"Egypt, Arab Rep.",EGY,Entrepreneurship,68.750,2016
"Egypt, Arab Rep.",EGY,Entrepreneurship,81.250,2017
"Egypt, Arab Rep.",EGY,Entrepreneurship,62.500,2018
"Egypt, Arab Rep.",EGY,Entrepreneurship,62.500,2019
"Egypt, Arab Rep.",EGY,Entrepreneurship,40.625,2020
"Egypt, Arab Rep.",EGY,Entrepreneurship,9.375,2021
"Egypt, Arab Rep.",EGY,Entrepreneurship,9.375,2022
"Egypt, Arab Rep.",EGY,Entrepreneurship,9.375,2023
"Egypt, Arab Rep.",EGY,Environment,0.000,1960
"Egypt, Arab Rep.",EGY,Environment,0.000,1961
"Egypt, Arab Rep.",EGY,Environment,0.000,1962
"Egypt, Arab Rep.",EGY,Environment,0.000,1963
"Egypt, Arab Rep.",EGY,Environment,0.000,1964
"Egypt, Arab Rep.",EGY,Environment,0.000,1965
"Egypt, Arab Rep.",EGY,Environment,0.000,1966
"Egypt, Arab Rep.",EGY,Environment,0.000,1967
"Egypt, Arab Rep.",EGY,Environment,0.000,1968
"Egypt, Arab Rep.",EGY,Environment,0.000,1969
"Egypt, Arab Rep.",EGY,Environment,0.000,1970
"Egypt, Arab Rep.",EGY,Environment,0.000,1971
"Egypt, Arab Rep.",EGY,Environment,0.000,1972
"Egypt, Arab Rep.",EGY,Environment,0.000,1973
"Egypt, Arab Rep.",EGY,Environment,0.000,1974
"Egypt, Arab Rep.",EGY,Environment,0.000,1975
"Egypt, Arab Rep.",EGY,Environment,0.000,1976
"Egypt, Arab Rep.",EGY,Environment,0.000,1977
"Egypt, Arab Rep.",EGY,Environment,0.000,1978
"Egypt, Arab Rep.",EGY,Environment,0.000,1979
"Egypt, Arab Rep.",EGY,Environment,0.000,1980
"Egypt, Arab Rep.",EGY,Environment,0.000,1981
"Egypt, Arab Rep.",EGY,Environment,0.000,1982
"Egypt, Arab Rep.",EGY,Environment,0.000,1983
"Egypt, Arab Rep.",EGY,Environment,0.000,1984
"Egypt, Arab Rep.",EGY,Environment,0.000,1985
"Egypt, Arab Rep.",EGY,Environment,0.000,1986
"Egypt, Arab Rep.",EGY,Environment,0.000,1987
"Egypt, Arab Rep.",EGY,Environment,0.000,1988
"Egypt, Arab Rep.",EGY,Environment,0.000,1989
"Egypt, Arab Rep.",EGY,Environment,0.000,1990
"Egypt, Arab Rep.",EGY,Environment,0.000,1991
"Egypt, Arab Rep.",EGY,Environment,0.000,1992
"Egypt, Arab Rep.",EGY,Environment,0.000,1993
"Egypt, Arab Rep.",EGY,Environment,0.000,1994
"Egypt, Arab Rep.",EGY,Environment,10.000,1995
"Egypt, Arab Rep.",EGY,Environment,0.000,1996
"Egypt, Arab Rep.",EGY,Environment,0.000,1997
"Egypt, Arab Rep.",EGY,Environment,0.000,1998
"Egypt, Arab Rep.",EGY,Environment,0.000,1999
"Egypt, Arab Rep.",EGY,Environment,36.667,2000
"Egypt, Arab Rep.",EGY,Environment,10.000,2001
"Egypt, Arab Rep.",EGY,Environment,10.000,2002
"Egypt, Arab Rep.",EGY,Environment,36.667,2003
"Egypt, Arab Rep.",EGY,Environment,10.000,2004
"Egypt, Arab Rep.",EGY,Environment,36.667,2005
"Egypt, Arab Rep.",EGY,Environment,10.000,2006
"Egypt, Arab Rep.",EGY,Environment,10.000,2007
"Egypt, Arab Rep.",EGY,Environment,20.000,2008
"Egypt, Arab Rep.",EGY,Environment,10.000,2009
"Egypt, Arab Rep.",EGY,Environment,10.000,2010
"Egypt, Arab Rep.",EGY,Environment,10.000,2011
"Egypt, Arab Rep.",EGY,Environment,13.333,2012
"Egypt, Arab Rep.",EGY,Environment,13.333,2013
"Egypt, Arab Rep.",EGY,Environment,30.000,2014
"Egypt, Arab Rep.",EGY,Environment,10.000,2015
"Egypt, Arab Rep.",EGY,Environment,13.333,2016
"Egypt, Arab Rep.",EGY,Environment,20.000,2017
"Egypt, Arab Rep.",EGY,Environment,10.000,2018
"Egypt, Arab Rep.",EGY,Environment,30.000,2019
"Egypt, Arab Rep.",EGY,Environment,10.000,2020
"Egypt, Arab Rep.",EGY,Environment,20.000,2021
"Egypt, Arab Rep.",EGY,Environment,10.000,2022
"Egypt, Arab Rep.",EGY,Environment,0.000,2023
"Egypt, Arab Rep.",EGY,Health,8.586,1960
"Egypt, Arab Rep.",EGY,Health,8.586,1961
"Egypt, Arab Rep.",EGY,Health,8.586,1962
"Egypt, Arab Rep.",EGY,Health,8.586,1963
"Egypt, Arab Rep.",EGY,Health,8.586,1964
"Egypt, Arab Rep.",EGY,Health,8.586,1965
"Egypt, Arab Rep.",EGY,Health,8.586,1966
"Egypt, Arab Rep.",EGY,Health,8.586,1967
"Egypt, Arab Rep.",EGY,Health,8.586,1968
"Egypt, Arab Rep.",EGY,Health,8.586,1969
"Egypt, Arab Rep.",EGY,Health,8.586,1970
"Egypt, Arab Rep.",EGY,Health,8.586,1971
"Egypt, Arab Rep.",EGY,Health,8.586,1972
"Egypt, Arab Rep.",EGY,Health,8.586,1973
"Egypt, Arab Rep.",EGY,Health,8.586,1974
"Egypt, Arab Rep.",EGY,Health,12.121,1975
"Egypt, Arab Rep.",EGY,Health,11.111,1976
"Egypt, Arab Rep.",EGY,Health,11.111,1977
"Egypt, Arab Rep.",EGY,Health,11.111,1978
"Egypt, Arab Rep.",EGY,Health,11.111,1979
"Egypt, Arab Rep.",EGY,Health,13.131,1980
"Egypt, Arab Rep.",EGY,Health,12.121,1981
"Egypt, Arab Rep.",EGY,Health,12.121,1982
"Egypt, Arab Rep.",EGY,Health,12.121,1983
"Egypt, Arab Rep.",EGY,Health,13.131,1984
"Egypt, Arab Rep.",EGY,Health,12.121,1985
"Egypt, Arab Rep.",EGY,Health,12.121,1986
"Egypt, Arab Rep.",EGY,Health,12.626,1987
"Egypt, Arab Rep.",EGY,Health,20.707,1988
"Egypt, Arab Rep.",EGY,Health,13.131,1989
"Egypt, Arab Rep.",EGY,Health,17.172,1990
"Egypt, Arab Rep.",EGY,Health,26.768,1991
"Egypt, Arab Rep.",EGY,Health,32.323,1992
"Egypt, Arab Rep.",EGY,Health,20.202,1993
"Egypt, Arab Rep.",EGY,Health,16.667,1994
"Egypt, Arab Rep.",EGY,Health,34.848,1995
"Egypt, Arab Rep.",EGY,Health,19.697,1996
"Egypt, Arab Rep.",EGY,Health,20.202,1997
"Egypt, Arab Rep.",EGY,Health,21.212,1998
"Egypt, Arab Rep.",EGY,Health,16.667,1999
"Egypt, Arab Rep.",EGY,Health,72.727,2000
"Egypt, Arab Rep.",EGY,Health,32.323,2001
"Egypt, Arab Rep.",EGY,Health,32.323,2002
"Egypt, Arab Rep.",EGY,Health,50.505,2003
"Egypt, Arab Rep.",EGY,Health,32.323,2004
"Egypt, Arab Rep.",EGY,Health,57.071,2005
"Egypt, Arab Rep.",EGY,Health,32.323,2006
"Egypt, Arab Rep.",EGY,Health,32.323,2007
"Egypt, Arab Rep.",EGY,Health,56.566,2008
"Egypt, Arab Rep.",EGY,Health,33.838,2009
"Egypt, Arab Rep.",EGY,Health,61.111,2010
"Egypt, Arab Rep.",EGY,Health,32.323,2011
"Egypt, Arab Rep.",EGY,Health,32.323,2012
"Egypt, Arab Rep.",EGY,Health,32.323,2013
"Egypt, Arab Rep.",EGY,Health,58.586,2014
"Egypt, Arab Rep.",EGY,Health,61.616,2015
"Egypt, Arab Rep.",EGY,Health,31.818,2016
"Egypt, Arab Rep.",EGY,Health,35.354,2017
"Egypt, Arab Rep.",EGY,Health,35.354,2018
"Egypt, Arab Rep.",EGY,Health,56.566,2019
"Egypt, Arab Rep.",EGY,Health,27.778,2020
"Egypt, Arab Rep.",EGY,Health,20.202,2021
"Egypt, Arab Rep.",EGY,Health,17.172,2022
"Egypt, Arab Rep.",EGY,Health,1.010,2023
"Egypt, Arab Rep.",EGY,Leadership,0.000,1960
"Egypt, Arab Rep.",EGY,Leadership,0.000,1961
"Egypt, Arab Rep.",EGY,Leadership,0.000,1962
"Egypt, Arab Rep.",EGY,Leadership,0.000,1963
"Egypt, Arab Rep.",EGY,Leadership,0.000,1964
"Egypt, Arab Rep.",EGY,Leadership,0.000,1965
"Egypt, Arab Rep.",EGY,Leadership,0.000,1966
"Egypt, Arab Rep.",EGY,Leadership,0.000,1967
"Egypt, Arab Rep.",EGY,Leadership,0.000,1968
"Egypt, Arab Rep.",EGY,Leadership,0.000,1969
"Egypt, Arab Rep.",EGY,Leadership,0.000,1970
"Egypt, Arab Rep.",EGY,Leadership,0.000,1971
"Egypt, Arab Rep.",EGY,Leadership,0.000,1972
"Egypt, Arab Rep.",EGY,Leadership,0.000,1973
"Egypt, Arab Rep.",EGY,Leadership,0.000,1974
"Egypt, Arab Rep.",EGY,Leadership,0.000,1975
"Egypt, Arab Rep.",EGY,Leadership,0.000,1976
"Egypt, Arab Rep.",EGY,Leadership,0.000,1977
"Egypt, Arab Rep.",EGY,Leadership,0.000,1978
"Egypt, Arab Rep.",EGY,Leadership,0.000,1979
"Egypt, Arab Rep.",EGY,Leadership,0.000,1980
"Egypt, Arab Rep.",EGY,Leadership,0.000,1981
"Egypt, Arab Rep.",EGY,Leadership,0.000,1982
"Egypt, Arab Rep.",EGY,Leadership,0.000,1983
"Egypt, Arab Rep.",EGY,Leadership,0.000,1984
"Egypt, Arab Rep.",EGY,Leadership,0.000,1985
"Egypt, Arab Rep.",EGY,Leadership,0.000,1986
"Egypt, Arab Rep.",EGY,Leadership,0.000,1987
"Egypt, Arab Rep.",EGY,Leadership,0.000,1988
"Egypt, Arab Rep.",EGY,Leadership,0.000,1989
"Egypt, Arab Rep.",EGY,Leadership,0.000,1990
"Egypt, Arab Rep.",EGY,Leadership,0.000,1991
"Egypt, Arab Rep.",EGY,Leadership,0.000,1992
"Egypt, Arab Rep.",EGY,Leadership,0.000,1993
"Egypt, Arab Rep.",EGY,Leadership,0.000,1994
"Egypt, Arab Rep.",EGY,Leadership,0.000,1995
"Egypt, Arab Rep.",EGY,Leadership,0.000,1996
"Egypt, Arab Rep.",EGY,Leadership,25.000,1997
"Egypt, Arab Rep.",EGY,Leadership,25.000,1998
"Egypt, Arab Rep.",EGY,Leadership,25.000,1999
"Egypt, Arab Rep.",EGY,Leadership,25.000,2000
"Egypt, Arab Rep.",EGY,Leadership,25.000,2001
"Egypt, Arab Rep.",EGY,Leadership,25.000,2002
"Egypt, Arab Rep.",EGY,Leadership,25.000,2003
"Egypt, Arab Rep.",EGY,Leadership,25.000,2004
"Egypt, Arab Rep.",EGY,Leadership,50.000,2005
"Egypt, Arab Rep.",EGY,Leadership,25.000,2006
"Egypt, Arab Rep.",EGY,Leadership,25.000,2007
"Egypt, Arab Rep.",EGY,Leadership,50.000,2008
"Egypt, Arab Rep.",EGY,Leadership,50.000,2009
"Egypt, Arab Rep.",EGY,Leadership,75.000,2010
"Egypt, Arab Rep.",EGY,Leadership,50.000,2011
"Egypt, Arab Rep.",EGY,Leadership,75.000,2012
"Egypt, Arab Rep.",EGY,Leadership,50.000,2013
"Egypt, Arab Rep.",EGY,Leadership,25.000,2014
"Egypt, Arab Rep.",EGY,Leadership,50.000,2015
"Egypt, Arab Rep.",EGY,Leadership,100.000,2016
"Egypt, Arab Rep.",EGY,Leadership,50.000,2017
"Egypt, Arab Rep.",EGY,Leadership,75.000,2018
"Egypt, Arab Rep.",EGY,Leadership,75.000,2019
"Egypt, Arab Rep.",EGY,Leadership,100.000,2020
"Egypt, Arab Rep.",EGY,Leadership,50.000,2021
"Egypt, Arab Rep.",EGY,Leadership,75.000,2022
"Egypt, Arab Rep.",EGY,Leadership,50.000,2023
"Egypt, Arab Rep.",EGY,Norms and Decision-making,0.000,1960
"Egypt, Arab Rep.",EGY,Norms and Decision-making,0.000,1961
"Egypt, Arab Rep.",EGY,Norms and Decision-making,0.000,1962
"Egypt, Arab Rep.",EGY,Norms and Decision-making,0.000,1963
"Egypt, Arab Rep.",EGY,Norms and Decision-making,0.000,1964
"Egypt, Arab Rep.",EGY,Norms and Decision-making,0.000,1965
"Egypt, Arab Rep.",EGY,Norms and Decision-making,0.000,1966
"Egypt, Arab Rep.",EGY,Norms and Decision-making,0.000,1967
"Egypt, Arab Rep.",EGY,Norms and Decision-making,0.000,1968
"Egypt, Arab Rep.",EGY,Norms and Decision-making,0.000,1969
"Egypt, Arab Rep.",EGY,Norms and Decision-making,12.593,1970
"Egypt, Arab Rep.",EGY,Norms and Decision-making,12.593,1971
"Egypt, Arab Rep.",EGY,Norms and Decision-making,12.593,1972
"Egypt, Arab Rep.",EGY,Norms and Decision-making,12.593,1973
"Egypt, Arab Rep.",EGY,Norms and Decision-making,12.593,1974
"Egypt, Arab Rep.",EGY,Norms and Decision-making,12.593,1975
"Egypt, Arab Rep.",EGY,Norms and Decision-making,14.074,1976
"Egypt, Arab Rep.",EGY,Norms and Decision-making,12.593,1977
"Egypt, Arab Rep.",EGY,Norms and Decision-making,12.593,1978
"Egypt, Arab Rep.",EGY,Norms and Decision-making,12.593,1979
"Egypt, Arab Rep.",EGY,Norms and Decision-making,14.074,1980
"Egypt, Arab Rep.",EGY,Norms and Decision-making,12.593,1981
"Egypt, Arab Rep.",EGY,Norms and Decision-making,12.593,1982
"Egypt, Arab Rep.",EGY,Norms and Decision-making,12.593,1983
"Egypt, Arab Rep.",EGY,Norms and Decision-making,12.593,1984
"Egypt, Arab Rep.",EGY,Norms and Decision-making,12.593,1985
"Egypt, Arab Rep.",EGY,Norms and Decision-making,12.593,1986
"Egypt, Arab Rep.",EGY,Norms and Decision-making,12.593,1987
"Egypt, Arab Rep.",EGY,Norms and Decision-making,16.296,1988
"Egypt, Arab Rep.",EGY,Norms and Decision-making,12.593,1989
"Egypt, Arab Rep.",EGY,Norms and Decision-making,12.593,1990
"Egypt, Arab Rep.",EGY,Norms and Decision-making,12.593,1991
"Egypt, Arab Rep.",EGY,Norms and Decision-making,17.037,1992
"Egypt, Arab Rep.",EGY,Norms and Decision-making,12.593,1993
"Egypt, Arab Rep.",EGY,Norms and Decision-making,12.593,1994
"Egypt, Arab Rep.",EGY,Norms and Decision-making,17.778,1995
"Egypt, Arab Rep.",EGY,Norms and Decision-making,13.333,1996
"Egypt, Arab Rep.",EGY,Norms and Decision-making,12.593,1997
"Egypt, Arab Rep.",EGY,Norms and Decision-making,12.593,1998
"Egypt, Arab Rep.",EGY,Norms and Decision-making,12.593,1999
"Egypt, Arab Rep.",EGY,Norms and Decision-making,34.815,2000
"Egypt, Arab Rep.",EGY,Norms and Decision-making,12.593,2001
"Egypt, Arab Rep.",EGY,Norms and Decision-making,12.593,2002
"Egypt, Arab Rep.",EGY,Norms and Decision-making,18.519,2003
"Egypt, Arab Rep.",EGY,Norms and Decision-making,12.593,2004
"Egypt, Arab Rep.",EGY,Norms and Decision-making,62.222,2005
"Egypt, Arab Rep.",EGY,Norms and Decision-making,12.593,2006
"Egypt, Arab Rep.",EGY,Norms and Decision-making,12.593,2007
"Egypt, Arab Rep.",EGY,Norms and Decision-making,63.704,2008
"Egypt, Arab Rep.",EGY,Norms and Decision-making,12.593,2009
"Egypt, Arab Rep.",EGY,Norms and Decision-making,12.593,2010
"Egypt, Arab Rep.",EGY,Norms and Decision-making,12.593,2011
"Egypt, Arab Rep.",EGY,Norms and Decision-making,12.593,2012
"Egypt, Arab Rep.",EGY,Norms and Decision-making,12.593,2013
"Egypt, Arab Rep.",EGY,Norms and Decision-making,62.222,2014
"Egypt, Arab Rep.",EGY,Norms and Decision-making,15.556,2015
"Egypt, Arab Rep.",EGY,Norms and Decision-making,12.593,2016
"Egypt, Arab Rep.",EGY,Norms and Decision-making,14.074,2017
"Egypt, Arab Rep.",EGY,Norms and Decision-making,12.593,2018
"Egypt, Arab Rep.",EGY,Norms and Decision-making,12.593,2019
"Egypt, Arab Rep.",EGY,Norms and Decision-making,12.593,2020
"Egypt, Arab Rep.",EGY,Norms and Decision-making,14.074,2021
"Egypt, Arab Rep.",EGY,Norms and Decision-making,12.593,2022
"Egypt, Arab Rep.",EGY,Norms and Decision-making,12.593,2023
"Egypt, Arab Rep.",EGY,Population,86.905,1960
"Egypt, Arab Rep.",EGY,Population,86.905,1961
"Egypt, Arab Rep.",EGY,Population,86.905,1962
"Egypt, Arab Rep.",EGY,Population,86.905,1963
"Egypt, Arab Rep.",EGY,Population,86.905,1964
"Egypt, Arab Rep.",EGY,Population,86.905,1965
"Egypt, Arab Rep.",EGY,Population,86.905,1966
"Egypt, Arab Rep.",EGY,Population,86.905,1967
"Egypt, Arab Rep.",EGY,Population,86.905,1968
"Egypt, Arab Rep.",EGY,Population,86.905,1969
"Egypt, Arab Rep.",EGY,Population,86.905,1970
"Egypt, Arab Rep.",EGY,Population,86.905,1971
"Egypt, Arab Rep.",EGY,Population,86.905,1972
"Egypt, Arab Rep.",EGY,Population,86.905,1973
"Egypt, Arab Rep.",EGY,Population,86.905,1974
"Egypt, Arab Rep.",EGY,Population,86.905,1975
"Egypt, Arab Rep.",EGY,Population,89.286,1976
"Egypt, Arab Rep.",EGY,Population,86.905,1977
"Egypt, Arab Rep.",EGY,Population,86.905,1978
"Egypt, Arab Rep.",EGY,Population,86.905,1979
"Egypt, Arab Rep.",EGY,Population,94.048,1980
"Egypt, Arab Rep.",EGY,Population,86.905,1981
"Egypt, Arab Rep.",EGY,Population,86.905,1982
"Egypt, Arab Rep.",EGY,Population,86.905,1983
"Egypt, Arab Rep.",EGY,Population,86.905,1984
"Egypt, Arab Rep.",EGY,Population,91.667,1985
"Egypt, Arab Rep.",EGY,Population,86.905,1986
"Egypt, Arab Rep.",EGY,Population,86.905,1987
"Egypt, Arab Rep.",EGY,Population,88.095,1988
"Egypt, Arab Rep.",EGY,Population,86.905,1989
"Egypt, Arab Rep.",EGY,Population,92.857,1990
"Egypt, Arab Rep.",EGY,Population,86.905,1991
"Egypt, Arab Rep.",EGY,Population,90.476,1992
"Egypt, Arab Rep.",EGY,Population,86.905,1993
"Egypt, Arab Rep.",EGY,Population,86.905,1994
"Egypt, Arab Rep.",EGY,Population,95.238,1995
"Egypt, Arab Rep.",EGY,Population,88.095,1996
"Egypt, Arab Rep.",EGY,Population,86.905,1997
"Egypt, Arab Rep.",EGY,Population,86.905,1998
"Egypt, Arab Rep.",EGY,Population,86.905,1999
"Egypt, Arab Rep.",EGY,Population,96.429,2000
"Egypt, Arab Rep.",EGY,Population,86.905,2001
"Egypt, Arab Rep.",EGY,Population,86.905,2002
"Egypt, Arab Rep.",EGY,Population,90.476,2003
"Egypt, Arab Rep.",EGY,Population,86.905,2004
"Egypt, Arab Rep.",EGY,Population,97.619,2005
"Egypt, Arab Rep.",EGY,Population,86.905,2006
"Egypt, Arab Rep.",EGY,Population,86.905,2007
"Egypt, Arab Rep.",EGY,Population,90.476,2008
"Egypt, Arab Rep.",EGY,Population,86.905,2009
"Egypt, Arab Rep.",EGY,Population,92.857,2010
"Egypt, Arab Rep.",EGY,Population,86.905,2011
"Egypt, Arab Rep.",EGY,Population,86.905,2012
"Egypt, Arab Rep.",EGY,Population,86.905,2013
"Egypt, Arab Rep.",EGY,Population,94.048,2014
"Egypt, Arab Rep.",EGY,Population,92.857,2015
"Egypt, Arab Rep.",EGY,Population,86.905,2016
"Egypt, Arab Rep.",EGY,Population,89.286,2017
"Egypt, Arab Rep.",EGY,Population,86.905,2018
"Egypt, Arab Rep.",EGY,Population,86.905,2019
"Egypt, Arab Rep.",EGY,Population,88.095,2020
"Egypt, Arab Rep.",EGY,Population,86.905,2021
"Egypt, Arab Rep.",EGY,Population,86.905,2022
"Egypt, Arab Rep.",EGY,Population,77.381,2023
"Egypt, Arab Rep.",EGY,SDGs,2.685,1960
"Egypt, Arab Rep.",EGY,SDGs,2.685,1961
"Egypt, Arab Rep.",EGY,SDGs,2.685,1962
"Egypt, Arab Rep.",EGY,SDGs,2.685,1963
"Egypt, Arab Rep.",EGY,SDGs,2.685,1964
"Egypt, Arab Rep.",EGY,SDGs,2.685,1965
"Egypt, Arab Rep.",EGY,SDGs,2.685,1966
"Egypt, Arab Rep.",EGY,SDGs,2.685,1967
"Egypt, Arab Rep.",EGY,SDGs,2.685,1968
"Egypt, Arab Rep.",EGY,SDGs,2.685,1969
"Egypt, Arab Rep.",EGY,SDGs,12.081,1970
"Egypt, Arab Rep.",EGY,SDGs,12.081,1971
"Egypt, Arab Rep.",EGY,SDGs,12.081,1972
"Egypt, Arab Rep.",EGY,SDGs,12.081,1973
"Egypt, Arab Rep.",EGY,SDGs,12.081,1974
"Egypt, Arab Rep.",EGY,SDGs,12.081,1975
"Egypt, Arab Rep.",EGY,SDGs,11.409,1976
"Egypt, Arab Rep.",EGY,SDGs,13.423,1977
"Egypt, Arab Rep.",EGY,SDGs,13.423,1978
"Egypt, Arab Rep.",EGY,SDGs,13.423,1979
"Egypt, Arab Rep.",EGY,SDGs,14.094,1980
"Egypt, Arab Rep.",EGY,SDGs,14.094,1981
"Egypt, Arab Rep.",EGY,SDGs,14.094,1982
"Egypt, Arab Rep.",EGY,SDGs,14.094,1983
"Egypt, Arab Rep.",EGY,SDGs,14.094,1984
"Egypt, Arab Rep.",EGY,SDGs,12.081,1985
"Egypt, Arab Rep.",EGY,SDGs,12.081,1986
"Egypt, Arab Rep.",EGY,SDGs,12.752,1987
"Egypt, Arab Rep.",EGY,SDGs,14.094,1988
"Egypt, Arab Rep.",EGY,SDGs,14.094,1989
"Egypt, Arab Rep.",EGY,SDGs,18.121,1990
"Egypt, Arab Rep.",EGY,SDGs,23.490,1991
"Egypt, Arab Rep.",EGY,SDGs,25.503,1992
"Egypt, Arab Rep.",EGY,SDGs,23.490,1993
"Egypt, Arab Rep.",EGY,SDGs,22.148,1994
"Egypt, Arab Rep.",EGY,SDGs,28.859,1995
"Egypt, Arab Rep.",EGY,SDGs,22.819,1996
"Egypt, Arab Rep.",EGY,SDGs,23.490,1997
"Egypt, Arab Rep.",EGY,SDGs,25.503,1998
"Egypt, Arab Rep.",EGY,SDGs,24.832,1999
"Egypt, Arab Rep.",EGY,SDGs,75.168,2000
"Egypt, Arab Rep.",EGY,SDGs,38.255,2001
"Egypt, Arab Rep.",EGY,SDGs,38.255,2002
"Egypt, Arab Rep.",EGY,SDGs,42.953,2003
"Egypt, Arab Rep.",EGY,SDGs,36.242,2004
"Egypt, Arab Rep.",EGY,SDGs,44.966,2005
"Egypt, Arab Rep.",EGY,SDGs,38.255,2006
"Egypt, Arab Rep.",EGY,SDGs,38.255,2007
"Egypt, Arab Rep.",EGY,SDGs,44.966,2008
"Egypt, Arab Rep.",EGY,SDGs,38.255,2009
"Egypt, Arab Rep.",EGY,SDGs,70.470,2010
"Egypt, Arab Rep.",EGY,SDGs,40.268,2011
"Egypt, Arab Rep.",EGY,SDGs,38.255,2012
"Egypt, Arab Rep.",EGY,SDGs,37.584,2013
"Egypt, Arab Rep.",EGY,SDGs,46.980,2014
"Egypt, Arab Rep.",EGY,SDGs,75.168,2015
"Egypt, Arab Rep.",EGY,SDGs,39.597,2016
"Egypt, Arab Rep.",EGY,SDGs,39.597,2017
"Egypt, Arab Rep.",EGY,SDGs,40.940,2018
"Egypt, Arab Rep.",EGY,SDGs,73.826,2019
"Egypt, Arab Rep.",EGY,SDGs,31.544,2020
"Egypt, Arab Rep.",EGY,SDGs,30.872,2021
"Egypt, Arab Rep.",EGY,SDGs,26.846,2022
"Egypt, Arab Rep.",EGY,SDGs,18.121,2023
"Egypt, Arab Rep.",EGY,Technology,0.000,1960
"Egypt, Arab Rep.",EGY,Technology,0.000,1961
"Egypt, Arab Rep.",EGY,Technology,0.000,1962
"Egypt, Arab Rep.",EGY,Technology,0.000,1963
"Egypt, Arab Rep.",EGY,Technology,0.000,1964
"Egypt, Arab Rep.",EGY,Technology,0.000,1965
"Egypt, Arab Rep.",EGY,Technology,0.000,1966
"Egypt, Arab Rep.",EGY,Technology,0.000,1967
"Egypt, Arab Rep.",EGY,Technology,0.000,1968
"Egypt, Arab Rep.",EGY,Technology,0.000,1969
"Egypt, Arab Rep.",EGY,Technology,0.000,1970
"Egypt, Arab Rep.",EGY,Technology,0.000,1971
"Egypt, Arab Rep.",EGY,Technology,0.000,1972
"Egypt, Arab Rep.",EGY,Technology,0.000,1973
"Egypt, Arab Rep.",EGY,Technology,0.000,1974
"Egypt, Arab Rep.",EGY,Technology,0.000,1975
"Egypt, Arab Rep.",EGY,Technology,0.000,1976
"Egypt, Arab Rep.",EGY,Technology,0.000,1977
"Egypt, Arab Rep.",EGY,Technology,0.000,1978
"Egypt, Arab Rep.",EGY,Technology,0.000,1979
"Egypt, Arab Rep.",EGY,Technology,0.000,1980
"Egypt, Arab Rep.",EGY,Technology,0.000,1981
"Egypt, Arab Rep.",EGY,Technology,0.000,1982
"Egypt, Arab Rep.",EGY,Technology,0.000,1983
"Egypt, Arab Rep.",EGY,Technology,0.000,1984
"Egypt, Arab Rep.",EGY,Technology,0.000,1985
"Egypt, Arab Rep.",EGY,Technology,0.000,1986
"Egypt, Arab Rep.",EGY,Technology,0.000,1987
"Egypt, Arab Rep.",EGY,Technology,0.000,1988
"Egypt, Arab Rep.",EGY,Technology,0.000,1989
"Egypt, Arab Rep.",EGY,Technology,2.222,1990
"Egypt, Arab Rep.",EGY,Technology,2.222,1991
"Egypt, Arab Rep.",EGY,Technology,2.222,1992
"Egypt, Arab Rep.",EGY,Technology,2.222,1993
"Egypt, Arab Rep.",EGY,Technology,2.222,1994
"Egypt, Arab Rep.",EGY,Technology,2.222,1995
"Egypt, Arab Rep.",EGY,Technology,2.222,1996
"Egypt, Arab Rep.",EGY,Technology,2.222,1997
"Egypt, Arab Rep.",EGY,Technology,2.222,1998
"Egypt, Arab Rep.",EGY,Technology,2.222,1999
"Egypt, Arab Rep.",EGY,Technology,2.222,2000
"Egypt, Arab Rep.",EGY,Technology,2.222,2001
"Egypt, Arab Rep.",EGY,Technology,2.222,2002
"Egypt, Arab Rep.",EGY,Technology,2.222,2003
"Egypt, Arab Rep.",EGY,Technology,2.222,2004
"Egypt, Arab Rep.",EGY,Technology,2.222,2005
"Egypt, Arab Rep.",EGY,Technology,2.222,2006
"Egypt, Arab Rep.",EGY,Technology,2.222,2007
"Egypt, Arab Rep.",EGY,Technology,2.222,2008
"Egypt, Arab Rep.",EGY,Technology,2.222,2009
"Egypt, Arab Rep.",EGY,Technology,2.222,2010
"Egypt, Arab Rep.",EGY,Technology,8.889,2011
"Egypt, Arab Rep.",EGY,Technology,4.444,2012
"Egypt, Arab Rep.",EGY,Technology,8.889,2013
"Egypt, Arab Rep.",EGY,Technology,40.000,2014
"Egypt, Arab Rep.",EGY,Technology,6.667,2015
"Egypt, Arab Rep.",EGY,Technology,13.333,2016
"Egypt, Arab Rep.",EGY,Technology,60.000,2017
"Egypt, Arab Rep.",EGY,Technology,6.667,2018
"Egypt, Arab Rep.",EGY,Technology,6.667,2019
"Egypt, Arab Rep.",EGY,Technology,6.667,2020
"Egypt, Arab Rep.",EGY,Technology,82.222,2021
"Egypt, Arab Rep.",EGY,Technology,6.667,2022
"Egypt, Arab Rep.",EGY,Technology,0.000,2023
"Egypt, Arab Rep.",EGY,Violence,0.000,1960
"Egypt, Arab Rep.",EGY,Violence,0.000,1961
"Egypt, Arab Rep.",EGY,Violence,0.000,1962
"Egypt, Arab Rep.",EGY,Violence,0.000,1963
"Egypt, Arab Rep.",EGY,Violence,0.000,1964
"Egypt, Arab Rep.",EGY,Violence,0.000,1965
"Egypt, Arab Rep.",EGY,Violence,0.000,1966
"Egypt, Arab Rep.",EGY,Violence,0.000,1967
"Egypt, Arab Rep.",EGY,Violence,0.000,1968
"Egypt, Arab Rep.",EGY,Violence,0.000,1969
"Egypt, Arab Rep.",EGY,Violence,2.143,1970
"Egypt, Arab Rep.",EGY,Violence,2.143,1971
"Egypt, Arab Rep.",EGY,Violence,2.143,1972
"Egypt, Arab Rep.",EGY,Violence,2.143,1973
"Egypt, Arab Rep.",EGY,Violence,2.143,1974
"Egypt, Arab Rep.",EGY,Violence,2.143,1975
"Egypt, Arab Rep.",EGY,Violence,2.143,1976
"Egypt, Arab Rep.",EGY,Violence,2.143,1977
"Egypt, Arab Rep.",EGY,Violence,2.143,1978
"Egypt, Arab Rep.",EGY,Violence,2.143,1979
"Egypt, Arab Rep.",EGY,Violence,2.143,1980
"Egypt, Arab Rep.",EGY,Violence,2.143,1981
"Egypt, Arab Rep.",EGY,Violence,2.143,1982
"Egypt, Arab Rep.",EGY,Violence,2.143,1983
"Egypt, Arab Rep.",EGY,Violence,2.143,1984
"Egypt, Arab Rep.",EGY,Violence,2.143,1985
"Egypt, Arab Rep.",EGY,Violence,2.143,1986
"Egypt, Arab Rep.",EGY,Violence,2.143,1987
"Egypt, Arab Rep.",EGY,Violence,3.571,1988
"Egypt, Arab Rep.",EGY,Violence,2.143,1989
"Egypt, Arab Rep.",EGY,Violence,2.857,1990
"Egypt, Arab Rep.",EGY,Violence,2.857,1991
"Egypt, Arab Rep.",EGY,Violence,4.286,1992
"Egypt, Arab Rep.",EGY,Violence,2.857,1993
"Egypt, Arab Rep.",EGY,Violence,2.857,1994
"Egypt, Arab Rep.",EGY,Violence,9.286,1995
"Egypt, Arab Rep.",EGY,Violence,2.143,1996
"Egypt, Arab Rep.",EGY,Violence,2.143,1997
"Egypt, Arab Rep.",EGY,Violence,2.143,1998
"Egypt, Arab Rep.",EGY,Violence,2.143,1999
"Egypt, Arab Rep.",EGY,Violence,11.429,2000
"Egypt, Arab Rep.",EGY,Violence,4.286,2001
"Egypt, Arab Rep.",EGY,Violence,4.286,2002
"Egypt, Arab Rep.",EGY,Violence,12.143,2003
"Egypt, Arab Rep.",EGY,Violence,6.429,2004
"Egypt, Arab Rep.",EGY,Violence,39.286,2005
"Egypt, Arab Rep.",EGY,Violence,6.429,2006
"Egypt, Arab Rep.",EGY,Violence,6.429,2007
"Egypt, Arab Rep.",EGY,Violence,39.286,2008
"Egypt, Arab Rep.",EGY,Violence,6.429,2009
"Egypt, Arab Rep.",EGY,Violence,6.429,2010
"Egypt, Arab Rep.",EGY,Violence,6.429,2011
"Egypt, Arab Rep.",EGY,Violence,6.429,2012
"Egypt, Arab Rep.",EGY,Violence,4.286,2013
"Egypt, Arab Rep.",EGY,Violence,52.143,2014
"Egypt, Arab Rep.",EGY,Violence,9.286,2015
"Egypt, Arab Rep.",EGY,Violence,5.000,2016
"Egypt, Arab Rep.",EGY,Violence,5.000,2017
"Egypt, Arab Rep.",EGY,Violence,7.143,2018
"Egypt, Arab Rep.",EGY,Violence,4.286,2019
"Egypt, Arab Rep.",EGY,Violence,2.857,2020
"Egypt, Arab Rep.",EGY,Violence,4.286,2021
"Egypt, Arab Rep.",EGY,Violence,2.143,2022
"Egypt, Arab Rep.",EGY,Violence,2.143,2023
"Egypt, Arab Rep.",EGY,Youth 15-24,7.339,1960
"Egypt, Arab Rep.",EGY,Youth 15-24,4.587,1961
"Egypt, Arab Rep.",EGY,Youth 15-24,4.587,1962
"Egypt, Arab Rep.",EGY,Youth 15-24,4.587,1963
"Egypt, Arab Rep.",EGY,Youth 15-24,4.587,1964
"Egypt, Arab Rep.",EGY,Youth 15-24,4.587,1965
"Egypt, Arab Rep.",EGY,Youth 15-24,4.587,1966
"Egypt, Arab Rep.",EGY,Youth 15-24,4.587,1967
"Egypt, Arab Rep.",EGY,Youth 15-24,4.587,1968
"Egypt, Arab Rep.",EGY,Youth 15-24,4.587,1969
"Egypt, Arab Rep.",EGY,Youth 15-24,4.587,1970
"Egypt, Arab Rep.",EGY,Youth 15-24,21.101,1971
"Egypt, Arab Rep.",EGY,Youth 15-24,21.101,1972
"Egypt, Arab Rep.",EGY,Youth 15-24,23.853,1973
"Egypt, Arab Rep.",EGY,Youth 15-24,22.018,1974
"Egypt, Arab Rep.",EGY,Youth 15-24,22.018,1975
"Egypt, Arab Rep.",EGY,Youth 15-24,31.193,1976
"Egypt, Arab Rep.",EGY,Youth 15-24,23.853,1977
"Egypt, Arab Rep.",EGY,Youth 15-24,21.101,1978
"Egypt, Arab Rep.",EGY,Youth 15-24,21.101,1979
"Egypt, Arab Rep.",EGY,Youth 15-24,21.101,1980
"Egypt, Arab Rep.",EGY,Youth 15-24,18.349,1981
"Egypt, Arab Rep.",EGY,Youth 15-24,18.349,1982
"Egypt, Arab Rep.",EGY,Youth 15-24,21.101,1983
"Egypt, Arab Rep.",EGY,Youth 15-24,21.101,1984
"Egypt, Arab Rep.",EGY,Youth 15-24,18.349,1985
"Egypt, Arab Rep.",EGY,Youth 15-24,31.193,1986
"Egypt, Arab Rep.",EGY,Youth 15-24,18.349,1987
"Egypt, Arab Rep.",EGY,Youth 15-24,20.183,1988
"Egypt, Arab Rep.",EGY,Youth 15-24,21.101,1989
"Egypt, Arab Rep.",EGY,Youth 15-24,28.440,1990
"Egypt, Arab Rep.",EGY,Youth 15-24,34.862,1991
"Egypt, Arab Rep.",EGY,Youth 15-24,33.028,1992
"Egypt, Arab Rep.",EGY,Youth 15-24,31.193,1993
"Egypt, Arab Rep.",EGY,Youth 15-24,33.945,1994
"Egypt, Arab Rep.",EGY,Youth 15-24,28.440,1995
"Egypt, Arab Rep.",EGY,Youth 15-24,33.945,1996
"Egypt, Arab Rep.",EGY,Youth 15-24,25.688,1997
"Egypt, Arab Rep.",EGY,Youth 15-24,24.771,1998
"Egypt, Arab Rep.",EGY,Youth 15-24,33.945,1999
"Egypt, Arab Rep.",EGY,Youth 15-24,29.358,2000
"Egypt, Arab Rep.",EGY,Youth 15-24,49.541,2001
"Egypt, Arab Rep.",EGY,Youth 15-24,41.284,2002
"Egypt, Arab Rep.",EGY,Youth 15-24,46.789,2003
"Egypt, Arab Rep.",EGY,Youth 15-24,42.202,2004
"Egypt, Arab Rep.",EGY,Youth 15-24,40.367,2005
"Egypt, Arab Rep.",EGY,Youth 15-24,50.459,2006
"Egypt, Arab Rep.",EGY,Youth 15-24,34.862,2007
"Egypt, Arab Rep.",EGY,Youth 15-24,42.202,2008
"Egypt, Arab Rep.",EGY,Youth 15-24,54.128,2009
"Egypt, Arab Rep.",EGY,Youth 15-24,65.138,2010
"Egypt, Arab Rep.",EGY,Youth 15-24,59.633,2011
"Egypt, Arab Rep.",EGY,Youth 15-24,68.807,2012
"Egypt, Arab Rep.",EGY,Youth 15-24,76.147,2013
"Egypt, Arab Rep.",EGY,Youth 15-24,66.972,2014
"Egypt, Arab Rep.",EGY,Youth 15-24,42.202,2015
"Egypt, Arab Rep.",EGY,Youth 15-24,77.064,2016
"Egypt, Arab Rep.",EGY,Youth 15-24,73.394,2017
"Egypt, Arab Rep.",EGY,Youth 15-24,60.550,2018
"Egypt, Arab Rep.",EGY,Youth 15-24,44.037,2019
"Egypt, Arab Rep.",EGY,Youth 15-24,48.624,2020
"Egypt, Arab Rep.",EGY,Youth 15-24,46.789,2021
"Egypt, Arab Rep.",EGY,Youth 15-24,48.624,2022
"Egypt, Arab Rep.",EGY,Youth 15-24,31.193,2023
