Country Name,Country Code,Topic,% of available indicators,Year
Bangladesh,BGD,Assets,0.000,1960
Bangladesh,BGD,Assets,0.000,1961
Bangladesh,BGD,Assets,0.000,1962
Bangladesh,BGD,Assets,0.000,1963
Bangladesh,BGD,Assets,0.000,1964
Bangladesh,BGD,Assets,0.000,1965
Bangladesh,BGD,Assets,0.000,1966
Bangladesh,BGD,Assets,0.000,1967
Bangladesh,BGD,Assets,0.000,1968
Bangladesh,BGD,Assets,0.000,1969
Bangladesh,BGD,Assets,2.208,1970
Bangladesh,BGD,Assets,2.208,1971
Bangladesh,BGD,Assets,2.208,1972
Bangladesh,BGD,Assets,2.208,1973
Bangladesh,BGD,Assets,2.208,1974
Bangladesh,BGD,Assets,2.208,1975
Bangladesh,BGD,Assets,2.208,1976
Bangladesh,BGD,Assets,2.208,1977
Bangladesh,BGD,Assets,2.208,1978
Bangladesh,BGD,Assets,2.208,1979
Bangladesh,BGD,Assets,2.208,1980
Bangladesh,BGD,Assets,2.208,1981
Bangladesh,BGD,Assets,2.208,1982
Bangladesh,BGD,Assets,2.208,1983
Bangladesh,BGD,Assets,2.208,1984
Bangladesh,BGD,Assets,2.208,1985
Bangladesh,BGD,Assets,2.208,1986
Bangladesh,BGD,Assets,2.208,1987
Bangladesh,BGD,Assets,2.208,1988
Bangladesh,BGD,Assets,2.208,1989
Bangladesh,BGD,Assets,2.208,1990
Bangladesh,BGD,Assets,2.208,1991
Bangladesh,BGD,Assets,2.208,1992
Bangladesh,BGD,Assets,2.208,1993
Bangladesh,BGD,Assets,2.208,1994
Bangladesh,BGD,Assets,2.208,1995
Bangladesh,BGD,Assets,2.208,1996
Bangladesh,BGD,Assets,2.208,1997
Bangladesh,BGD,Assets,2.208,1998
Bangladesh,BGD,Assets,2.208,1999
Bangladesh,BGD,Assets,2.208,2000
Bangladesh,BGD,Assets,2.208,2001
Bangladesh,BGD,Assets,2.208,2002
Bangladesh,BGD,Assets,2.208,2003
Bangladesh,BGD,Assets,2.208,2004
Bangladesh,BGD,Assets,2.208,2005
Bangladesh,BGD,Assets,2.208,2006
Bangladesh,BGD,Assets,2.208,2007
Bangladesh,BGD,Assets,2.208,2008
Bangladesh,BGD,Assets,2.208,2009
Bangladesh,BGD,Assets,2.208,2010
Bangladesh,BGD,Assets,11.672,2011
Bangladesh,BGD,Assets,2.208,2012
Bangladesh,BGD,Assets,2.208,2013
Bangladesh,BGD,Assets,31.546,2014
Bangladesh,BGD,Assets,2.208,2015
Bangladesh,BGD,Assets,2.208,2016
Bangladesh,BGD,Assets,34.069,2017
Bangladesh,BGD,Assets,2.208,2018
Bangladesh,BGD,Assets,2.208,2019
Bangladesh,BGD,Assets,2.208,2020
Bangladesh,BGD,Assets,63.091,2021
Bangladesh,BGD,Assets,2.208,2022
Bangladesh,BGD,Assets,2.208,2023
Bangladesh,BGD,Children 0-14,19.231,1960
Bangladesh,BGD,Children 0-14,19.231,1961
Bangladesh,BGD,Children 0-14,19.231,1962
Bangladesh,BGD,Children 0-14,19.231,1963
Bangladesh,BGD,Children 0-14,19.231,1964
Bangladesh,BGD,Children 0-14,19.231,1965
Bangladesh,BGD,Children 0-14,19.231,1966
Bangladesh,BGD,Children 0-14,19.231,1967
Bangladesh,BGD,Children 0-14,19.231,1968
Bangladesh,BGD,Children 0-14,19.231,1969
Bangladesh,BGD,Children 0-14,30.769,1970
Bangladesh,BGD,Children 0-14,23.077,1971
Bangladesh,BGD,Children 0-14,23.846,1972
Bangladesh,BGD,Children 0-14,33.077,1973
Bangladesh,BGD,Children 0-14,25.385,1974
Bangladesh,BGD,Children 0-14,23.077,1975
Bangladesh,BGD,Children 0-14,30.769,1976
Bangladesh,BGD,Children 0-14,32.308,1977
Bangladesh,BGD,Children 0-14,30.769,1978
Bangladesh,BGD,Children 0-14,23.077,1979
Bangladesh,BGD,Children 0-14,24.615,1980
Bangladesh,BGD,Children 0-14,36.923,1981
Bangladesh,BGD,Children 0-14,24.615,1982
Bangladesh,BGD,Children 0-14,32.308,1983
Bangladesh,BGD,Children 0-14,32.308,1984
Bangladesh,BGD,Children 0-14,32.308,1985
Bangladesh,BGD,Children 0-14,35.385,1986
Bangladesh,BGD,Children 0-14,32.308,1987
Bangladesh,BGD,Children 0-14,34.615,1988
Bangladesh,BGD,Children 0-14,33.846,1989
Bangladesh,BGD,Children 0-14,35.385,1990
Bangladesh,BGD,Children 0-14,24.615,1991
Bangladesh,BGD,Children 0-14,24.615,1992
Bangladesh,BGD,Children 0-14,24.615,1993
Bangladesh,BGD,Children 0-14,24.615,1994
Bangladesh,BGD,Children 0-14,24.615,1995
Bangladesh,BGD,Children 0-14,24.615,1996
Bangladesh,BGD,Children 0-14,32.308,1997
Bangladesh,BGD,Children 0-14,29.231,1998
Bangladesh,BGD,Children 0-14,29.231,1999
Bangladesh,BGD,Children 0-14,50.769,2000
Bangladesh,BGD,Children 0-14,33.846,2001
Bangladesh,BGD,Children 0-14,29.231,2002
Bangladesh,BGD,Children 0-14,31.538,2003
Bangladesh,BGD,Children 0-14,38.462,2004
Bangladesh,BGD,Children 0-14,46.923,2005
Bangladesh,BGD,Children 0-14,41.538,2006
Bangladesh,BGD,Children 0-14,44.615,2007
Bangladesh,BGD,Children 0-14,41.538,2008
Bangladesh,BGD,Children 0-14,43.077,2009
Bangladesh,BGD,Children 0-14,60.000,2010
Bangladesh,BGD,Children 0-14,50.000,2011
Bangladesh,BGD,Children 0-14,34.615,2012
Bangladesh,BGD,Children 0-14,45.385,2013
Bangladesh,BGD,Children 0-14,40.769,2014
Bangladesh,BGD,Children 0-14,49.231,2015
Bangladesh,BGD,Children 0-14,33.077,2016
Bangladesh,BGD,Children 0-14,42.308,2017
Bangladesh,BGD,Children 0-14,56.923,2018
Bangladesh,BGD,Children 0-14,53.077,2019
Bangladesh,BGD,Children 0-14,33.077,2020
Bangladesh,BGD,Children 0-14,35.385,2021
Bangladesh,BGD,Children 0-14,46.154,2022
Bangladesh,BGD,Children 0-14,16.154,2023
Bangladesh,BGD,Education,0.000,1960
Bangladesh,BGD,Education,0.000,1961
Bangladesh,BGD,Education,0.000,1962
Bangladesh,BGD,Education,0.000,1963
Bangladesh,BGD,Education,0.000,1964
Bangladesh,BGD,Education,0.000,1965
Bangladesh,BGD,Education,0.000,1966
Bangladesh,BGD,Education,0.000,1967
Bangladesh,BGD,Education,0.000,1968
Bangladesh,BGD,Education,0.000,1969
Bangladesh,BGD,Education,12.270,1970
Bangladesh,BGD,Education,3.681,1971
Bangladesh,BGD,Education,6.748,1972
Bangladesh,BGD,Education,20.245,1973
Bangladesh,BGD,Education,9.816,1974
Bangladesh,BGD,Education,3.681,1975
Bangladesh,BGD,Education,22.086,1976
Bangladesh,BGD,Education,24.540,1977
Bangladesh,BGD,Education,12.883,1978
Bangladesh,BGD,Education,16.564,1979
Bangladesh,BGD,Education,17.791,1980
Bangladesh,BGD,Education,38.650,1981
Bangladesh,BGD,Education,7.362,1982
Bangladesh,BGD,Education,16.564,1983
Bangladesh,BGD,Education,22.086,1984
Bangladesh,BGD,Education,22.699,1985
Bangladesh,BGD,Education,22.699,1986
Bangladesh,BGD,Education,22.699,1987
Bangladesh,BGD,Education,23.313,1988
Bangladesh,BGD,Education,22.699,1989
Bangladesh,BGD,Education,22.699,1990
Bangladesh,BGD,Education,7.362,1991
Bangladesh,BGD,Education,0.613,1992
Bangladesh,BGD,Education,0.613,1993
Bangladesh,BGD,Education,0.000,1994
Bangladesh,BGD,Education,0.000,1995
Bangladesh,BGD,Education,0.000,1996
Bangladesh,BGD,Education,0.613,1997
Bangladesh,BGD,Education,17.178,1998
Bangladesh,BGD,Education,22.699,1999
Bangladesh,BGD,Education,23.926,2000
Bangladesh,BGD,Education,34.969,2001
Bangladesh,BGD,Education,30.675,2002
Bangladesh,BGD,Education,31.902,2003
Bangladesh,BGD,Education,21.472,2004
Bangladesh,BGD,Education,35.583,2005
Bangladesh,BGD,Education,36.196,2006
Bangladesh,BGD,Education,37.423,2007
Bangladesh,BGD,Education,36.810,2008
Bangladesh,BGD,Education,41.104,2009
Bangladesh,BGD,Education,37.423,2010
Bangladesh,BGD,Education,48.466,2011
Bangladesh,BGD,Education,44.172,2012
Bangladesh,BGD,Education,45.399,2013
Bangladesh,BGD,Education,31.902,2014
Bangladesh,BGD,Education,44.172,2015
Bangladesh,BGD,Education,58.282,2016
Bangladesh,BGD,Education,71.779,2017
Bangladesh,BGD,Education,68.098,2018
Bangladesh,BGD,Education,30.061,2019
Bangladesh,BGD,Education,33.742,2020
Bangladesh,BGD,Education,36.196,2021
Bangladesh,BGD,Education,30.675,2022
Bangladesh,BGD,Education,13.497,2023
Bangladesh,BGD,Employment and Time Use,0.000,1960
Bangladesh,BGD,Employment and Time Use,5.109,1961
Bangladesh,BGD,Employment and Time Use,0.000,1962
Bangladesh,BGD,Employment and Time Use,0.000,1963
Bangladesh,BGD,Employment and Time Use,0.000,1964
Bangladesh,BGD,Employment and Time Use,0.000,1965
Bangladesh,BGD,Employment and Time Use,0.000,1966
Bangladesh,BGD,Employment and Time Use,0.000,1967
Bangladesh,BGD,Employment and Time Use,0.000,1968
Bangladesh,BGD,Employment and Time Use,0.000,1969
Bangladesh,BGD,Employment and Time Use,21.168,1970
Bangladesh,BGD,Employment and Time Use,21.168,1971
Bangladesh,BGD,Employment and Time Use,21.168,1972
Bangladesh,BGD,Employment and Time Use,21.168,1973
Bangladesh,BGD,Employment and Time Use,26.277,1974
Bangladesh,BGD,Employment and Time Use,21.168,1975
Bangladesh,BGD,Employment and Time Use,21.168,1976
Bangladesh,BGD,Employment and Time Use,21.168,1977
Bangladesh,BGD,Employment and Time Use,21.168,1978
Bangladesh,BGD,Employment and Time Use,21.168,1979
Bangladesh,BGD,Employment and Time Use,21.168,1980
Bangladesh,BGD,Employment and Time Use,26.277,1981
Bangladesh,BGD,Employment and Time Use,21.168,1982
Bangladesh,BGD,Employment and Time Use,21.168,1983
Bangladesh,BGD,Employment and Time Use,30.657,1984
Bangladesh,BGD,Employment and Time Use,30.657,1985
Bangladesh,BGD,Employment and Time Use,33.577,1986
Bangladesh,BGD,Employment and Time Use,21.168,1987
Bangladesh,BGD,Employment and Time Use,21.168,1988
Bangladesh,BGD,Employment and Time Use,33.577,1989
Bangladesh,BGD,Employment and Time Use,31.387,1990
Bangladesh,BGD,Employment and Time Use,65.693,1991
Bangladesh,BGD,Employment and Time Use,56.204,1992
Bangladesh,BGD,Employment and Time Use,56.204,1993
Bangladesh,BGD,Employment and Time Use,56.204,1994
Bangladesh,BGD,Employment and Time Use,56.204,1995
Bangladesh,BGD,Employment and Time Use,68.613,1996
Bangladesh,BGD,Employment and Time Use,56.204,1997
Bangladesh,BGD,Employment and Time Use,56.204,1998
Bangladesh,BGD,Employment and Time Use,56.204,1999
Bangladesh,BGD,Employment and Time Use,68.613,2000
Bangladesh,BGD,Employment and Time Use,56.204,2001
Bangladesh,BGD,Employment and Time Use,56.204,2002
Bangladesh,BGD,Employment and Time Use,70.803,2003
Bangladesh,BGD,Employment and Time Use,56.204,2004
Bangladesh,BGD,Employment and Time Use,63.504,2005
Bangladesh,BGD,Employment and Time Use,91.241,2006
Bangladesh,BGD,Employment and Time Use,56.204,2007
Bangladesh,BGD,Employment and Time Use,56.204,2008
Bangladesh,BGD,Employment and Time Use,58.394,2009
Bangladesh,BGD,Employment and Time Use,88.321,2010
Bangladesh,BGD,Employment and Time Use,56.204,2011
Bangladesh,BGD,Employment and Time Use,56.204,2012
Bangladesh,BGD,Employment and Time Use,93.431,2013
Bangladesh,BGD,Employment and Time Use,56.204,2014
Bangladesh,BGD,Employment and Time Use,56.204,2015
Bangladesh,BGD,Employment and Time Use,89.781,2016
Bangladesh,BGD,Employment and Time Use,91.971,2017
Bangladesh,BGD,Employment and Time Use,56.204,2018
Bangladesh,BGD,Employment and Time Use,56.204,2019
Bangladesh,BGD,Employment and Time Use,56.204,2020
Bangladesh,BGD,Employment and Time Use,56.204,2021
Bangladesh,BGD,Employment and Time Use,90.511,2022
Bangladesh,BGD,Employment and Time Use,57.664,2023
Bangladesh,BGD,Entrepreneurship,0.000,1960
Bangladesh,BGD,Entrepreneurship,0.000,1961
Bangladesh,BGD,Entrepreneurship,0.000,1962
Bangladesh,BGD,Entrepreneurship,0.000,1963
Bangladesh,BGD,Entrepreneurship,0.000,1964
Bangladesh,BGD,Entrepreneurship,0.000,1965
Bangladesh,BGD,Entrepreneurship,0.000,1966
Bangladesh,BGD,Entrepreneurship,0.000,1967
Bangladesh,BGD,Entrepreneurship,0.000,1968
Bangladesh,BGD,Entrepreneurship,0.000,1969
Bangladesh,BGD,Entrepreneurship,9.375,1970
Bangladesh,BGD,Entrepreneurship,9.375,1971
Bangladesh,BGD,Entrepreneurship,9.375,1972
Bangladesh,BGD,Entrepreneurship,9.375,1973
Bangladesh,BGD,Entrepreneurship,9.375,1974
Bangladesh,BGD,Entrepreneurship,9.375,1975
Bangladesh,BGD,Entrepreneurship,9.375,1976
Bangladesh,BGD,Entrepreneurship,9.375,1977
Bangladesh,BGD,Entrepreneurship,9.375,1978
Bangladesh,BGD,Entrepreneurship,9.375,1979
Bangladesh,BGD,Entrepreneurship,9.375,1980
Bangladesh,BGD,Entrepreneurship,9.375,1981
Bangladesh,BGD,Entrepreneurship,9.375,1982
Bangladesh,BGD,Entrepreneurship,9.375,1983
Bangladesh,BGD,Entrepreneurship,9.375,1984
Bangladesh,BGD,Entrepreneurship,9.375,1985
Bangladesh,BGD,Entrepreneurship,9.375,1986
Bangladesh,BGD,Entrepreneurship,9.375,1987
Bangladesh,BGD,Entrepreneurship,9.375,1988
Bangladesh,BGD,Entrepreneurship,9.375,1989
Bangladesh,BGD,Entrepreneurship,9.375,1990
Bangladesh,BGD,Entrepreneurship,9.375,1991
Bangladesh,BGD,Entrepreneurship,9.375,1992
Bangladesh,BGD,Entrepreneurship,9.375,1993
Bangladesh,BGD,Entrepreneurship,9.375,1994
Bangladesh,BGD,Entrepreneurship,9.375,1995
Bangladesh,BGD,Entrepreneurship,9.375,1996
Bangladesh,BGD,Entrepreneurship,9.375,1997
Bangladesh,BGD,Entrepreneurship,9.375,1998
Bangladesh,BGD,Entrepreneurship,9.375,1999
Bangladesh,BGD,Entrepreneurship,9.375,2000
Bangladesh,BGD,Entrepreneurship,9.375,2001
Bangladesh,BGD,Entrepreneurship,9.375,2002
Bangladesh,BGD,Entrepreneurship,9.375,2003
Bangladesh,BGD,Entrepreneurship,9.375,2004
Bangladesh,BGD,Entrepreneurship,9.375,2005
Bangladesh,BGD,Entrepreneurship,9.375,2006
Bangladesh,BGD,Entrepreneurship,15.625,2007
Bangladesh,BGD,Entrepreneurship,9.375,2008
Bangladesh,BGD,Entrepreneurship,9.375,2009
Bangladesh,BGD,Entrepreneurship,9.375,2010
Bangladesh,BGD,Entrepreneurship,9.375,2011
Bangladesh,BGD,Entrepreneurship,9.375,2012
Bangladesh,BGD,Entrepreneurship,43.750,2013
Bangladesh,BGD,Entrepreneurship,56.250,2014
Bangladesh,BGD,Entrepreneurship,37.500,2015
Bangladesh,BGD,Entrepreneurship,37.500,2016
Bangladesh,BGD,Entrepreneurship,56.250,2017
Bangladesh,BGD,Entrepreneurship,37.500,2018
Bangladesh,BGD,Entrepreneurship,37.500,2019
Bangladesh,BGD,Entrepreneurship,9.375,2020
Bangladesh,BGD,Entrepreneurship,9.375,2021
Bangladesh,BGD,Entrepreneurship,15.625,2022
Bangladesh,BGD,Entrepreneurship,9.375,2023
Bangladesh,BGD,Environment,0.000,1960
Bangladesh,BGD,Environment,0.000,1961
Bangladesh,BGD,Environment,0.000,1962
Bangladesh,BGD,Environment,0.000,1963
Bangladesh,BGD,Environment,0.000,1964
Bangladesh,BGD,Environment,0.000,1965
Bangladesh,BGD,Environment,0.000,1966
Bangladesh,BGD,Environment,0.000,1967
Bangladesh,BGD,Environment,0.000,1968
Bangladesh,BGD,Environment,0.000,1969
Bangladesh,BGD,Environment,0.000,1970
Bangladesh,BGD,Environment,0.000,1971
Bangladesh,BGD,Environment,0.000,1972
Bangladesh,BGD,Environment,0.000,1973
Bangladesh,BGD,Environment,0.000,1974
Bangladesh,BGD,Environment,0.000,1975
Bangladesh,BGD,Environment,0.000,1976
Bangladesh,BGD,Environment,0.000,1977
Bangladesh,BGD,Environment,0.000,1978
Bangladesh,BGD,Environment,0.000,1979
Bangladesh,BGD,Environment,0.000,1980
Bangladesh,BGD,Environment,0.000,1981
Bangladesh,BGD,Environment,0.000,1982
Bangladesh,BGD,Environment,0.000,1983
Bangladesh,BGD,Environment,0.000,1984
Bangladesh,BGD,Environment,0.000,1985
Bangladesh,BGD,Environment,0.000,1986
Bangladesh,BGD,Environment,0.000,1987
Bangladesh,BGD,Environment,0.000,1988
Bangladesh,BGD,Environment,0.000,1989
Bangladesh,BGD,Environment,0.000,1990
Bangladesh,BGD,Environment,0.000,1991
Bangladesh,BGD,Environment,0.000,1992
Bangladesh,BGD,Environment,0.000,1993
Bangladesh,BGD,Environment,10.000,1994
Bangladesh,BGD,Environment,0.000,1995
Bangladesh,BGD,Environment,0.000,1996
Bangladesh,BGD,Environment,0.000,1997
Bangladesh,BGD,Environment,0.000,1998
Bangladesh,BGD,Environment,0.000,1999
Bangladesh,BGD,Environment,10.000,2000
Bangladesh,BGD,Environment,10.000,2001
Bangladesh,BGD,Environment,13.333,2002
Bangladesh,BGD,Environment,13.333,2003
Bangladesh,BGD,Environment,30.000,2004
Bangladesh,BGD,Environment,10.000,2005
Bangladesh,BGD,Environment,10.000,2006
Bangladesh,BGD,Environment,46.667,2007
Bangladesh,BGD,Environment,10.000,2008
Bangladesh,BGD,Environment,10.000,2009
Bangladesh,BGD,Environment,10.000,2010
Bangladesh,BGD,Environment,56.667,2011
Bangladesh,BGD,Environment,13.333,2012
Bangladesh,BGD,Environment,10.000,2013
Bangladesh,BGD,Environment,70.000,2014
Bangladesh,BGD,Environment,10.000,2015
Bangladesh,BGD,Environment,13.333,2016
Bangladesh,BGD,Environment,23.333,2017
Bangladesh,BGD,Environment,60.000,2018
Bangladesh,BGD,Environment,40.000,2019
Bangladesh,BGD,Environment,10.000,2020
Bangladesh,BGD,Environment,20.000,2021
Bangladesh,BGD,Environment,10.000,2022
Bangladesh,BGD,Environment,0.000,2023
Bangladesh,BGD,Health,8.586,1960
Bangladesh,BGD,Health,8.586,1961
Bangladesh,BGD,Health,8.586,1962
Bangladesh,BGD,Health,8.586,1963
Bangladesh,BGD,Health,8.586,1964
Bangladesh,BGD,Health,8.586,1965
Bangladesh,BGD,Health,8.586,1966
Bangladesh,BGD,Health,8.586,1967
Bangladesh,BGD,Health,8.586,1968
Bangladesh,BGD,Health,8.586,1969
Bangladesh,BGD,Health,8.586,1970
Bangladesh,BGD,Health,8.586,1971
Bangladesh,BGD,Health,8.586,1972
Bangladesh,BGD,Health,8.586,1973
Bangladesh,BGD,Health,8.586,1974
Bangladesh,BGD,Health,11.111,1975
Bangladesh,BGD,Health,12.121,1976
Bangladesh,BGD,Health,11.111,1977
Bangladesh,BGD,Health,11.111,1978
Bangladesh,BGD,Health,11.111,1979
Bangladesh,BGD,Health,12.121,1980
Bangladesh,BGD,Health,12.626,1981
Bangladesh,BGD,Health,12.121,1982
Bangladesh,BGD,Health,12.121,1983
Bangladesh,BGD,Health,13.131,1984
Bangladesh,BGD,Health,12.121,1985
Bangladesh,BGD,Health,15.152,1986
Bangladesh,BGD,Health,12.121,1987
Bangladesh,BGD,Health,12.121,1988
Bangladesh,BGD,Health,13.131,1989
Bangladesh,BGD,Health,18.687,1990
Bangladesh,BGD,Health,20.202,1991
Bangladesh,BGD,Health,19.192,1992
Bangladesh,BGD,Health,19.192,1993
Bangladesh,BGD,Health,25.253,1994
Bangladesh,BGD,Health,19.192,1995
Bangladesh,BGD,Health,19.192,1996
Bangladesh,BGD,Health,33.838,1997
Bangladesh,BGD,Health,19.192,1998
Bangladesh,BGD,Health,19.192,1999
Bangladesh,BGD,Health,71.212,2000
Bangladesh,BGD,Health,37.374,2001
Bangladesh,BGD,Health,34.343,2002
Bangladesh,BGD,Health,35.354,2003
Bangladesh,BGD,Health,51.010,2004
Bangladesh,BGD,Health,39.899,2005
Bangladesh,BGD,Health,36.364,2006
Bangladesh,BGD,Health,53.030,2007
Bangladesh,BGD,Health,31.818,2008
Bangladesh,BGD,Health,32.828,2009
Bangladesh,BGD,Health,62.121,2010
Bangladesh,BGD,Health,52.525,2011
Bangladesh,BGD,Health,37.879,2012
Bangladesh,BGD,Health,43.939,2013
Bangladesh,BGD,Health,51.515,2014
Bangladesh,BGD,Health,59.091,2015
Bangladesh,BGD,Health,33.838,2016
Bangladesh,BGD,Health,36.869,2017
Bangladesh,BGD,Health,56.061,2018
Bangladesh,BGD,Health,71.212,2019
Bangladesh,BGD,Health,27.778,2020
Bangladesh,BGD,Health,20.202,2021
Bangladesh,BGD,Health,24.747,2022
Bangladesh,BGD,Health,1.010,2023
Bangladesh,BGD,Leadership,0.000,1960
Bangladesh,BGD,Leadership,0.000,1961
Bangladesh,BGD,Leadership,0.000,1962
Bangladesh,BGD,Leadership,0.000,1963
Bangladesh,BGD,Leadership,0.000,1964
Bangladesh,BGD,Leadership,0.000,1965
Bangladesh,BGD,Leadership,0.000,1966
Bangladesh,BGD,Leadership,0.000,1967
Bangladesh,BGD,Leadership,0.000,1968
Bangladesh,BGD,Leadership,0.000,1969
Bangladesh,BGD,Leadership,0.000,1970
Bangladesh,BGD,Leadership,0.000,1971
Bangladesh,BGD,Leadership,0.000,1972
Bangladesh,BGD,Leadership,0.000,1973
Bangladesh,BGD,Leadership,0.000,1974
Bangladesh,BGD,Leadership,0.000,1975
Bangladesh,BGD,Leadership,0.000,1976
Bangladesh,BGD,Leadership,0.000,1977
Bangladesh,BGD,Leadership,0.000,1978
Bangladesh,BGD,Leadership,0.000,1979
Bangladesh,BGD,Leadership,0.000,1980
Bangladesh,BGD,Leadership,0.000,1981
Bangladesh,BGD,Leadership,0.000,1982
Bangladesh,BGD,Leadership,0.000,1983
Bangladesh,BGD,Leadership,0.000,1984
Bangladesh,BGD,Leadership,0.000,1985
Bangladesh,BGD,Leadership,0.000,1986
Bangladesh,BGD,Leadership,0.000,1987
Bangladesh,BGD,Leadership,0.000,1988
Bangladesh,BGD,Leadership,0.000,1989
Bangladesh,BGD,Leadership,0.000,1990
Bangladesh,BGD,Leadership,0.000,1991
Bangladesh,BGD,Leadership,0.000,1992
Bangladesh,BGD,Leadership,0.000,1993
Bangladesh,BGD,Leadership,0.000,1994
Bangladesh,BGD,Leadership,0.000,1995
Bangladesh,BGD,Leadership,0.000,1996
Bangladesh,BGD,Leadership,25.000,1997
Bangladesh,BGD,Leadership,25.000,1998
Bangladesh,BGD,Leadership,25.000,1999
Bangladesh,BGD,Leadership,25.000,2000
Bangladesh,BGD,Leadership,0.000,2001
Bangladesh,BGD,Leadership,25.000,2002
Bangladesh,BGD,Leadership,25.000,2003
Bangladesh,BGD,Leadership,25.000,2004
Bangladesh,BGD,Leadership,50.000,2005
Bangladesh,BGD,Leadership,50.000,2006
Bangladesh,BGD,Leadership,25.000,2007
Bangladesh,BGD,Leadership,50.000,2008
Bangladesh,BGD,Leadership,25.000,2009
Bangladesh,BGD,Leadership,75.000,2010
Bangladesh,BGD,Leadership,25.000,2011
Bangladesh,BGD,Leadership,50.000,2012
Bangladesh,BGD,Leadership,50.000,2013
Bangladesh,BGD,Leadership,50.000,2014
Bangladesh,BGD,Leadership,50.000,2015
Bangladesh,BGD,Leadership,50.000,2016
Bangladesh,BGD,Leadership,50.000,2017
Bangladesh,BGD,Leadership,50.000,2018
Bangladesh,BGD,Leadership,50.000,2019
Bangladesh,BGD,Leadership,50.000,2020
Bangladesh,BGD,Leadership,25.000,2021
Bangladesh,BGD,Leadership,100.000,2022
Bangladesh,BGD,Leadership,25.000,2023
Bangladesh,BGD,Norms and Decision-making,0.000,1960
Bangladesh,BGD,Norms and Decision-making,0.000,1961
Bangladesh,BGD,Norms and Decision-making,0.000,1962
Bangladesh,BGD,Norms and Decision-making,0.000,1963
Bangladesh,BGD,Norms and Decision-making,0.000,1964
Bangladesh,BGD,Norms and Decision-making,0.000,1965
Bangladesh,BGD,Norms and Decision-making,0.000,1966
Bangladesh,BGD,Norms and Decision-making,0.000,1967
Bangladesh,BGD,Norms and Decision-making,0.000,1968
Bangladesh,BGD,Norms and Decision-making,0.000,1969
Bangladesh,BGD,Norms and Decision-making,12.593,1970
Bangladesh,BGD,Norms and Decision-making,12.593,1971
Bangladesh,BGD,Norms and Decision-making,12.593,1972
Bangladesh,BGD,Norms and Decision-making,12.593,1973
Bangladesh,BGD,Norms and Decision-making,14.074,1974
Bangladesh,BGD,Norms and Decision-making,12.593,1975
Bangladesh,BGD,Norms and Decision-making,14.074,1976
Bangladesh,BGD,Norms and Decision-making,12.593,1977
Bangladesh,BGD,Norms and Decision-making,12.593,1978
Bangladesh,BGD,Norms and Decision-making,12.593,1979
Bangladesh,BGD,Norms and Decision-making,12.593,1980
Bangladesh,BGD,Norms and Decision-making,14.074,1981
Bangladesh,BGD,Norms and Decision-making,12.593,1982
Bangladesh,BGD,Norms and Decision-making,12.593,1983
Bangladesh,BGD,Norms and Decision-making,12.593,1984
Bangladesh,BGD,Norms and Decision-making,12.593,1985
Bangladesh,BGD,Norms and Decision-making,12.593,1986
Bangladesh,BGD,Norms and Decision-making,12.593,1987
Bangladesh,BGD,Norms and Decision-making,12.593,1988
Bangladesh,BGD,Norms and Decision-making,12.593,1989
Bangladesh,BGD,Norms and Decision-making,12.593,1990
Bangladesh,BGD,Norms and Decision-making,14.074,1991
Bangladesh,BGD,Norms and Decision-making,12.593,1992
Bangladesh,BGD,Norms and Decision-making,12.593,1993
Bangladesh,BGD,Norms and Decision-making,16.296,1994
Bangladesh,BGD,Norms and Decision-making,12.593,1995
Bangladesh,BGD,Norms and Decision-making,12.593,1996
Bangladesh,BGD,Norms and Decision-making,19.259,1997
Bangladesh,BGD,Norms and Decision-making,12.593,1998
Bangladesh,BGD,Norms and Decision-making,12.593,1999
Bangladesh,BGD,Norms and Decision-making,16.296,2000
Bangladesh,BGD,Norms and Decision-making,14.074,2001
Bangladesh,BGD,Norms and Decision-making,12.593,2002
Bangladesh,BGD,Norms and Decision-making,12.593,2003
Bangladesh,BGD,Norms and Decision-making,33.333,2004
Bangladesh,BGD,Norms and Decision-making,12.593,2005
Bangladesh,BGD,Norms and Decision-making,14.815,2006
Bangladesh,BGD,Norms and Decision-making,62.963,2007
Bangladesh,BGD,Norms and Decision-making,12.593,2008
Bangladesh,BGD,Norms and Decision-making,13.333,2009
Bangladesh,BGD,Norms and Decision-making,12.593,2010
Bangladesh,BGD,Norms and Decision-making,60.000,2011
Bangladesh,BGD,Norms and Decision-making,12.593,2012
Bangladesh,BGD,Norms and Decision-making,14.815,2013
Bangladesh,BGD,Norms and Decision-making,57.778,2014
Bangladesh,BGD,Norms and Decision-making,12.593,2015
Bangladesh,BGD,Norms and Decision-making,12.593,2016
Bangladesh,BGD,Norms and Decision-making,12.593,2017
Bangladesh,BGD,Norms and Decision-making,60.741,2018
Bangladesh,BGD,Norms and Decision-making,15.556,2019
Bangladesh,BGD,Norms and Decision-making,12.593,2020
Bangladesh,BGD,Norms and Decision-making,12.593,2021
Bangladesh,BGD,Norms and Decision-making,12.593,2022
Bangladesh,BGD,Norms and Decision-making,12.593,2023
Bangladesh,BGD,Population,86.905,1960
Bangladesh,BGD,Population,86.905,1961
Bangladesh,BGD,Population,86.905,1962
Bangladesh,BGD,Population,86.905,1963
Bangladesh,BGD,Population,86.905,1964
Bangladesh,BGD,Population,86.905,1965
Bangladesh,BGD,Population,86.905,1966
Bangladesh,BGD,Population,86.905,1967
Bangladesh,BGD,Population,86.905,1968
Bangladesh,BGD,Population,86.905,1969
Bangladesh,BGD,Population,86.905,1970
Bangladesh,BGD,Population,86.905,1971
Bangladesh,BGD,Population,86.905,1972
Bangladesh,BGD,Population,86.905,1973
Bangladesh,BGD,Population,89.286,1974
Bangladesh,BGD,Population,86.905,1975
Bangladesh,BGD,Population,89.286,1976
Bangladesh,BGD,Population,86.905,1977
Bangladesh,BGD,Population,86.905,1978
Bangladesh,BGD,Population,86.905,1979
Bangladesh,BGD,Population,91.667,1980
Bangladesh,BGD,Population,89.286,1981
Bangladesh,BGD,Population,86.905,1982
Bangladesh,BGD,Population,86.905,1983
Bangladesh,BGD,Population,86.905,1984
Bangladesh,BGD,Population,91.667,1985
Bangladesh,BGD,Population,86.905,1986
Bangladesh,BGD,Population,86.905,1987
Bangladesh,BGD,Population,86.905,1988
Bangladesh,BGD,Population,86.905,1989
Bangladesh,BGD,Population,92.857,1990
Bangladesh,BGD,Population,89.286,1991
Bangladesh,BGD,Population,86.905,1992
Bangladesh,BGD,Population,86.905,1993
Bangladesh,BGD,Population,89.286,1994
Bangladesh,BGD,Population,92.857,1995
Bangladesh,BGD,Population,86.905,1996
Bangladesh,BGD,Population,89.286,1997
Bangladesh,BGD,Population,86.905,1998
Bangladesh,BGD,Population,86.905,1999
Bangladesh,BGD,Population,95.238,2000
Bangladesh,BGD,Population,89.286,2001
Bangladesh,BGD,Population,86.905,2002
Bangladesh,BGD,Population,86.905,2003
Bangladesh,BGD,Population,90.476,2004
Bangladesh,BGD,Population,92.857,2005
Bangladesh,BGD,Population,89.286,2006
Bangladesh,BGD,Population,90.476,2007
Bangladesh,BGD,Population,86.905,2008
Bangladesh,BGD,Population,86.905,2009
Bangladesh,BGD,Population,92.857,2010
Bangladesh,BGD,Population,94.048,2011
Bangladesh,BGD,Population,86.905,2012
Bangladesh,BGD,Population,89.286,2013
Bangladesh,BGD,Population,92.857,2014
Bangladesh,BGD,Population,92.857,2015
Bangladesh,BGD,Population,86.905,2016
Bangladesh,BGD,Population,86.905,2017
Bangladesh,BGD,Population,91.667,2018
Bangladesh,BGD,Population,90.476,2019
Bangladesh,BGD,Population,88.095,2020
Bangladesh,BGD,Population,86.905,2021
Bangladesh,BGD,Population,86.905,2022
Bangladesh,BGD,Population,77.381,2023
Bangladesh,BGD,SDGs,2.685,1960
Bangladesh,BGD,SDGs,2.685,1961
Bangladesh,BGD,SDGs,2.685,1962
Bangladesh,BGD,SDGs,2.685,1963
Bangladesh,BGD,SDGs,2.685,1964
Bangladesh,BGD,SDGs,2.685,1965
Bangladesh,BGD,SDGs,2.685,1966
Bangladesh,BGD,SDGs,2.685,1967
Bangladesh,BGD,SDGs,2.685,1968
Bangladesh,BGD,SDGs,2.685,1969
Bangladesh,BGD,SDGs,11.409,1970
Bangladesh,BGD,SDGs,11.409,1971
Bangladesh,BGD,SDGs,11.409,1972
Bangladesh,BGD,SDGs,11.409,1973
Bangladesh,BGD,SDGs,11.409,1974
Bangladesh,BGD,SDGs,11.409,1975
Bangladesh,BGD,SDGs,11.409,1976
Bangladesh,BGD,SDGs,11.409,1977
Bangladesh,BGD,SDGs,11.409,1978
Bangladesh,BGD,SDGs,11.409,1979
Bangladesh,BGD,SDGs,11.409,1980
Bangladesh,BGD,SDGs,12.081,1981
Bangladesh,BGD,SDGs,12.081,1982
Bangladesh,BGD,SDGs,12.081,1983
Bangladesh,BGD,SDGs,14.094,1984
Bangladesh,BGD,SDGs,14.094,1985
Bangladesh,BGD,SDGs,16.107,1986
Bangladesh,BGD,SDGs,12.081,1987
Bangladesh,BGD,SDGs,12.081,1988
Bangladesh,BGD,SDGs,16.107,1989
Bangladesh,BGD,SDGs,16.107,1990
Bangladesh,BGD,SDGs,22.148,1991
Bangladesh,BGD,SDGs,20.134,1992
Bangladesh,BGD,SDGs,20.134,1993
Bangladesh,BGD,SDGs,22.819,1994
Bangladesh,BGD,SDGs,20.134,1995
Bangladesh,BGD,SDGs,24.161,1996
Bangladesh,BGD,SDGs,23.490,1997
Bangladesh,BGD,SDGs,20.805,1998
Bangladesh,BGD,SDGs,20.805,1999
Bangladesh,BGD,SDGs,72.483,2000
Bangladesh,BGD,SDGs,34.228,2001
Bangladesh,BGD,SDGs,33.557,2002
Bangladesh,BGD,SDGs,38.255,2003
Bangladesh,BGD,SDGs,36.242,2004
Bangladesh,BGD,SDGs,39.597,2005
Bangladesh,BGD,SDGs,38.255,2006
Bangladesh,BGD,SDGs,35.570,2007
Bangladesh,BGD,SDGs,33.557,2008
Bangladesh,BGD,SDGs,36.242,2009
Bangladesh,BGD,SDGs,70.470,2010
Bangladesh,BGD,SDGs,38.926,2011
Bangladesh,BGD,SDGs,33.557,2012
Bangladesh,BGD,SDGs,38.255,2013
Bangladesh,BGD,SDGs,38.255,2014
Bangladesh,BGD,SDGs,67.114,2015
Bangladesh,BGD,SDGs,38.255,2016
Bangladesh,BGD,SDGs,41.611,2017
Bangladesh,BGD,SDGs,40.268,2018
Bangladesh,BGD,SDGs,71.812,2019
Bangladesh,BGD,SDGs,27.517,2020
Bangladesh,BGD,SDGs,24.832,2021
Bangladesh,BGD,SDGs,26.846,2022
Bangladesh,BGD,SDGs,14.094,2023
Bangladesh,BGD,Technology,0.000,1960
Bangladesh,BGD,Technology,0.000,1961
Bangladesh,BGD,Technology,0.000,1962
Bangladesh,BGD,Technology,0.000,1963
Bangladesh,BGD,Technology,0.000,1964
Bangladesh,BGD,Technology,0.000,1965
Bangladesh,BGD,Technology,0.000,1966
Bangladesh,BGD,Technology,0.000,1967
Bangladesh,BGD,Technology,0.000,1968
Bangladesh,BGD,Technology,0.000,1969
Bangladesh,BGD,Technology,0.000,1970
Bangladesh,BGD,Technology,0.000,1971
Bangladesh,BGD,Technology,0.000,1972
Bangladesh,BGD,Technology,0.000,1973
Bangladesh,BGD,Technology,0.000,1974
Bangladesh,BGD,Technology,0.000,1975
Bangladesh,BGD,Technology,0.000,1976
Bangladesh,BGD,Technology,0.000,1977
Bangladesh,BGD,Technology,0.000,1978
Bangladesh,BGD,Technology,0.000,1979
Bangladesh,BGD,Technology,0.000,1980
Bangladesh,BGD,Technology,0.000,1981
Bangladesh,BGD,Technology,0.000,1982
Bangladesh,BGD,Technology,0.000,1983
Bangladesh,BGD,Technology,0.000,1984
Bangladesh,BGD,Technology,0.000,1985
Bangladesh,BGD,Technology,0.000,1986
Bangladesh,BGD,Technology,0.000,1987
Bangladesh,BGD,Technology,0.000,1988
Bangladesh,BGD,Technology,0.000,1989
Bangladesh,BGD,Technology,2.222,1990
Bangladesh,BGD,Technology,2.222,1991
Bangladesh,BGD,Technology,2.222,1992
Bangladesh,BGD,Technology,2.222,1993
Bangladesh,BGD,Technology,2.222,1994
Bangladesh,BGD,Technology,2.222,1995
Bangladesh,BGD,Technology,0.000,1996
Bangladesh,BGD,Technology,2.222,1997
Bangladesh,BGD,Technology,2.222,1998
Bangladesh,BGD,Technology,2.222,1999
Bangladesh,BGD,Technology,2.222,2000
Bangladesh,BGD,Technology,2.222,2001
Bangladesh,BGD,Technology,8.889,2002
Bangladesh,BGD,Technology,8.889,2003
Bangladesh,BGD,Technology,2.222,2004
Bangladesh,BGD,Technology,2.222,2005
Bangladesh,BGD,Technology,2.222,2006
Bangladesh,BGD,Technology,2.222,2007
Bangladesh,BGD,Technology,2.222,2008
Bangladesh,BGD,Technology,2.222,2009
Bangladesh,BGD,Technology,2.222,2010
Bangladesh,BGD,Technology,8.889,2011
Bangladesh,BGD,Technology,4.444,2012
Bangladesh,BGD,Technology,6.667,2013
Bangladesh,BGD,Technology,37.778,2014
Bangladesh,BGD,Technology,2.222,2015
Bangladesh,BGD,Technology,8.889,2016
Bangladesh,BGD,Technology,62.222,2017
Bangladesh,BGD,Technology,8.889,2018
Bangladesh,BGD,Technology,2.222,2019
Bangladesh,BGD,Technology,2.222,2020
Bangladesh,BGD,Technology,86.667,2021
Bangladesh,BGD,Technology,2.222,2022
Bangladesh,BGD,Technology,6.667,2023
Bangladesh,BGD,Violence,0.000,1960
Bangladesh,BGD,Violence,0.000,1961
Bangladesh,BGD,Violence,0.000,1962
Bangladesh,BGD,Violence,0.000,1963
Bangladesh,BGD,Violence,0.000,1964
Bangladesh,BGD,Violence,0.000,1965
Bangladesh,BGD,Violence,0.000,1966
Bangladesh,BGD,Violence,0.000,1967
Bangladesh,BGD,Violence,0.000,1968
Bangladesh,BGD,Violence,0.000,1969
Bangladesh,BGD,Violence,2.143,1970
Bangladesh,BGD,Violence,2.143,1971
Bangladesh,BGD,Violence,2.143,1972
Bangladesh,BGD,Violence,2.143,1973
Bangladesh,BGD,Violence,2.143,1974
Bangladesh,BGD,Violence,2.143,1975
Bangladesh,BGD,Violence,2.143,1976
Bangladesh,BGD,Violence,2.143,1977
Bangladesh,BGD,Violence,2.143,1978
Bangladesh,BGD,Violence,2.143,1979
Bangladesh,BGD,Violence,2.143,1980
Bangladesh,BGD,Violence,2.143,1981
Bangladesh,BGD,Violence,2.143,1982
Bangladesh,BGD,Violence,2.143,1983
Bangladesh,BGD,Violence,2.143,1984
Bangladesh,BGD,Violence,2.143,1985
Bangladesh,BGD,Violence,2.143,1986
Bangladesh,BGD,Violence,2.143,1987
Bangladesh,BGD,Violence,2.143,1988
Bangladesh,BGD,Violence,2.143,1989
Bangladesh,BGD,Violence,2.143,1990
Bangladesh,BGD,Violence,2.143,1991
Bangladesh,BGD,Violence,2.143,1992
Bangladesh,BGD,Violence,2.143,1993
Bangladesh,BGD,Violence,3.571,1994
Bangladesh,BGD,Violence,2.143,1995
Bangladesh,BGD,Violence,2.143,1996
Bangladesh,BGD,Violence,3.571,1997
Bangladesh,BGD,Violence,2.143,1998
Bangladesh,BGD,Violence,2.143,1999
Bangladesh,BGD,Violence,6.429,2000
Bangladesh,BGD,Violence,5.000,2001
Bangladesh,BGD,Violence,5.000,2002
Bangladesh,BGD,Violence,5.000,2003
Bangladesh,BGD,Violence,7.857,2004
Bangladesh,BGD,Violence,5.000,2005
Bangladesh,BGD,Violence,5.000,2006
Bangladesh,BGD,Violence,37.143,2007
Bangladesh,BGD,Violence,5.000,2008
Bangladesh,BGD,Violence,5.000,2009
Bangladesh,BGD,Violence,5.000,2010
Bangladesh,BGD,Violence,34.286,2011
Bangladesh,BGD,Violence,5.000,2012
Bangladesh,BGD,Violence,5.000,2013
Bangladesh,BGD,Violence,33.571,2014
Bangladesh,BGD,Violence,5.714,2015
Bangladesh,BGD,Violence,5.000,2016
Bangladesh,BGD,Violence,5.000,2017
Bangladesh,BGD,Violence,40.714,2018
Bangladesh,BGD,Violence,5.714,2019
Bangladesh,BGD,Violence,2.143,2020
Bangladesh,BGD,Violence,2.143,2021
Bangladesh,BGD,Violence,2.143,2022
Bangladesh,BGD,Violence,2.143,2023
Bangladesh,BGD,Youth 15-24,4.587,1960
Bangladesh,BGD,Youth 15-24,7.339,1961
Bangladesh,BGD,Youth 15-24,4.587,1962
Bangladesh,BGD,Youth 15-24,4.587,1963
Bangladesh,BGD,Youth 15-24,4.587,1964
Bangladesh,BGD,Youth 15-24,4.587,1965
Bangladesh,BGD,Youth 15-24,4.587,1966
Bangladesh,BGD,Youth 15-24,4.587,1967
Bangladesh,BGD,Youth 15-24,4.587,1968
Bangladesh,BGD,Youth 15-24,4.587,1969
Bangladesh,BGD,Youth 15-24,8.257,1970
Bangladesh,BGD,Youth 15-24,4.587,1971
Bangladesh,BGD,Youth 15-24,8.257,1972
Bangladesh,BGD,Youth 15-24,15.596,1973
Bangladesh,BGD,Youth 15-24,13.761,1974
Bangladesh,BGD,Youth 15-24,4.587,1975
Bangladesh,BGD,Youth 15-24,19.266,1976
Bangladesh,BGD,Youth 15-24,21.101,1977
Bangladesh,BGD,Youth 15-24,8.257,1978
Bangladesh,BGD,Youth 15-24,18.349,1979
Bangladesh,BGD,Youth 15-24,18.349,1980
Bangladesh,BGD,Youth 15-24,36.697,1981
Bangladesh,BGD,Youth 15-24,9.174,1982
Bangladesh,BGD,Youth 15-24,11.927,1983
Bangladesh,BGD,Youth 15-24,21.101,1984
Bangladesh,BGD,Youth 15-24,21.101,1985
Bangladesh,BGD,Youth 15-24,24.771,1986
Bangladesh,BGD,Youth 15-24,19.266,1987
Bangladesh,BGD,Youth 15-24,18.349,1988
Bangladesh,BGD,Youth 15-24,24.771,1989
Bangladesh,BGD,Youth 15-24,25.688,1990
Bangladesh,BGD,Youth 15-24,28.440,1991
Bangladesh,BGD,Youth 15-24,18.349,1992
Bangladesh,BGD,Youth 15-24,18.349,1993
Bangladesh,BGD,Youth 15-24,20.183,1994
Bangladesh,BGD,Youth 15-24,18.349,1995
Bangladesh,BGD,Youth 15-24,24.771,1996
Bangladesh,BGD,Youth 15-24,20.183,1997
Bangladesh,BGD,Youth 15-24,37.615,1998
Bangladesh,BGD,Youth 15-24,43.119,1999
Bangladesh,BGD,Youth 15-24,53.211,2000
Bangladesh,BGD,Youth 15-24,54.128,2001
Bangladesh,BGD,Youth 15-24,55.046,2002
Bangladesh,BGD,Youth 15-24,63.303,2003
Bangladesh,BGD,Youth 15-24,44.954,2004
Bangladesh,BGD,Youth 15-24,50.459,2005
Bangladesh,BGD,Youth 15-24,56.881,2006
Bangladesh,BGD,Youth 15-24,52.294,2007
Bangladesh,BGD,Youth 15-24,40.367,2008
Bangladesh,BGD,Youth 15-24,44.954,2009
Bangladesh,BGD,Youth 15-24,53.211,2010
Bangladesh,BGD,Youth 15-24,66.972,2011
Bangladesh,BGD,Youth 15-24,66.972,2012
Bangladesh,BGD,Youth 15-24,73.394,2013
Bangladesh,BGD,Youth 15-24,48.624,2014
Bangladesh,BGD,Youth 15-24,61.468,2015
Bangladesh,BGD,Youth 15-24,84.404,2016
Bangladesh,BGD,Youth 15-24,83.486,2017
Bangladesh,BGD,Youth 15-24,73.394,2018
Bangladesh,BGD,Youth 15-24,48.624,2019
Bangladesh,BGD,Youth 15-24,31.193,2020
Bangladesh,BGD,Youth 15-24,42.202,2021
Bangladesh,BGD,Youth 15-24,45.872,2022
Bangladesh,BGD,Youth 15-24,20.183,2023
