Country Name,Country Code,Topic,% of available indicators,Year
Morocco,MAR,Assets,0.000,1960
Morocco,MAR,Assets,0.000,1961
Morocco,MAR,Assets,0.000,1962
Morocco,MAR,Assets,0.000,1963
Morocco,MAR,Assets,0.000,1964
Morocco,MAR,Assets,0.000,1965
Morocco,MAR,Assets,0.000,1966
Morocco,MAR,Assets,0.000,1967
Morocco,MAR,Assets,0.000,1968
Morocco,MAR,Assets,0.000,1969
Morocco,MAR,Assets,2.208,1970
Morocco,MAR,Assets,2.208,1971
Morocco,MAR,Assets,2.208,1972
Morocco,MAR,Assets,2.208,1973
Morocco,MAR,Assets,2.208,1974
Morocco,MAR,Assets,2.208,1975
Morocco,MAR,Assets,2.208,1976
Morocco,MAR,Assets,2.208,1977
Morocco,MAR,Assets,2.208,1978
Morocco,MAR,Assets,2.208,1979
Morocco,MAR,Assets,2.208,1980
Morocco,MAR,Assets,2.208,1981
Morocco,MAR,Assets,2.208,1982
Morocco,MAR,Assets,2.208,1983
Morocco,MAR,Assets,2.208,1984
Morocco,MAR,Assets,2.208,1985
Morocco,MAR,Assets,2.208,1986
Morocco,MAR,Assets,2.208,1987
Morocco,MAR,Assets,2.208,1988
Morocco,MAR,Assets,2.208,1989
Morocco,MAR,Assets,2.208,1990
Morocco,MAR,Assets,2.208,1991
Morocco,MAR,Assets,2.208,1992
Morocco,MAR,Assets,2.208,1993
Morocco,MAR,Assets,2.208,1994
Morocco,MAR,Assets,2.208,1995
Morocco,MAR,Assets,2.208,1996
Morocco,MAR,Assets,2.208,1997
Morocco,MAR,Assets,2.208,1998
Morocco,MAR,Assets,2.208,1999
Morocco,MAR,Assets,2.208,2000
Morocco,MAR,Assets,2.208,2001
Morocco,MAR,Assets,2.208,2002
Morocco,MAR,Assets,2.208,2003
Morocco,MAR,Assets,2.208,2004
Morocco,MAR,Assets,2.208,2005
Morocco,MAR,Assets,2.208,2006
Morocco,MAR,Assets,2.208,2007
Morocco,MAR,Assets,2.208,2008
Morocco,MAR,Assets,2.208,2009
Morocco,MAR,Assets,2.208,2010
Morocco,MAR,Assets,2.208,2011
Morocco,MAR,Assets,2.208,2012
Morocco,MAR,Assets,2.208,2013
Morocco,MAR,Assets,2.208,2014
Morocco,MAR,Assets,2.208,2015
Morocco,MAR,Assets,2.208,2016
Morocco,MAR,Assets,34.069,2017
Morocco,MAR,Assets,2.208,2018
Morocco,MAR,Assets,2.208,2019
Morocco,MAR,Assets,2.208,2020
Morocco,MAR,Assets,63.091,2021
Morocco,MAR,Assets,2.208,2022
Morocco,MAR,Assets,2.208,2023
Morocco,MAR,Children 0-14,17.692,1960
Morocco,MAR,Children 0-14,19.231,1961
Morocco,MAR,Children 0-14,19.231,1962
Morocco,MAR,Children 0-14,19.231,1963
Morocco,MAR,Children 0-14,19.231,1964
Morocco,MAR,Children 0-14,19.231,1965
Morocco,MAR,Children 0-14,19.231,1966
Morocco,MAR,Children 0-14,19.231,1967
Morocco,MAR,Children 0-14,19.231,1968
Morocco,MAR,Children 0-14,19.231,1969
Morocco,MAR,Children 0-14,19.231,1970
Morocco,MAR,Children 0-14,33.077,1971
Morocco,MAR,Children 0-14,30.000,1972
Morocco,MAR,Children 0-14,32.308,1973
Morocco,MAR,Children 0-14,28.462,1974
Morocco,MAR,Children 0-14,38.462,1975
Morocco,MAR,Children 0-14,36.923,1976
Morocco,MAR,Children 0-14,40.000,1977
Morocco,MAR,Children 0-14,40.000,1978
Morocco,MAR,Children 0-14,40.000,1979
Morocco,MAR,Children 0-14,38.462,1980
Morocco,MAR,Children 0-14,40.000,1981
Morocco,MAR,Children 0-14,39.231,1982
Morocco,MAR,Children 0-14,41.538,1983
Morocco,MAR,Children 0-14,39.231,1984
Morocco,MAR,Children 0-14,41.538,1985
Morocco,MAR,Children 0-14,41.538,1986
Morocco,MAR,Children 0-14,53.077,1987
Morocco,MAR,Children 0-14,41.538,1988
Morocco,MAR,Children 0-14,41.538,1989
Morocco,MAR,Children 0-14,41.538,1990
Morocco,MAR,Children 0-14,41.538,1991
Morocco,MAR,Children 0-14,53.077,1992
Morocco,MAR,Children 0-14,41.538,1993
Morocco,MAR,Children 0-14,41.538,1994
Morocco,MAR,Children 0-14,41.538,1995
Morocco,MAR,Children 0-14,39.231,1996
Morocco,MAR,Children 0-14,53.077,1997
Morocco,MAR,Children 0-14,39.231,1998
Morocco,MAR,Children 0-14,49.231,1999
Morocco,MAR,Children 0-14,61.538,2000
Morocco,MAR,Children 0-14,53.077,2001
Morocco,MAR,Children 0-14,46.923,2002
Morocco,MAR,Children 0-14,58.462,2003
Morocco,MAR,Children 0-14,51.538,2004
Morocco,MAR,Children 0-14,46.923,2005
Morocco,MAR,Children 0-14,55.385,2006
Morocco,MAR,Children 0-14,49.231,2007
Morocco,MAR,Children 0-14,49.231,2008
Morocco,MAR,Children 0-14,46.923,2009
Morocco,MAR,Children 0-14,67.692,2010
Morocco,MAR,Children 0-14,65.385,2011
Morocco,MAR,Children 0-14,46.923,2012
Morocco,MAR,Children 0-14,49.231,2013
Morocco,MAR,Children 0-14,50.769,2014
Morocco,MAR,Children 0-14,50.000,2015
Morocco,MAR,Children 0-14,50.000,2016
Morocco,MAR,Children 0-14,65.385,2017
Morocco,MAR,Children 0-14,53.077,2018
Morocco,MAR,Children 0-14,56.923,2019
Morocco,MAR,Children 0-14,38.462,2020
Morocco,MAR,Children 0-14,36.154,2021
Morocco,MAR,Children 0-14,30.769,2022
Morocco,MAR,Children 0-14,17.692,2023
Morocco,MAR,Education,0.000,1960
Morocco,MAR,Education,0.000,1961
Morocco,MAR,Education,0.000,1962
Morocco,MAR,Education,0.000,1963
Morocco,MAR,Education,0.000,1964
Morocco,MAR,Education,0.000,1965
Morocco,MAR,Education,0.000,1966
Morocco,MAR,Education,0.000,1967
Morocco,MAR,Education,0.000,1968
Morocco,MAR,Education,0.000,1969
Morocco,MAR,Education,0.000,1970
Morocco,MAR,Education,24.540,1971
Morocco,MAR,Education,22.086,1972
Morocco,MAR,Education,16.564,1973
Morocco,MAR,Education,22.086,1974
Morocco,MAR,Education,28.834,1975
Morocco,MAR,Education,27.607,1976
Morocco,MAR,Education,30.061,1977
Morocco,MAR,Education,30.061,1978
Morocco,MAR,Education,30.675,1979
Morocco,MAR,Education,25.767,1980
Morocco,MAR,Education,25.767,1981
Morocco,MAR,Education,33.129,1982
Morocco,MAR,Education,26.380,1983
Morocco,MAR,Education,26.380,1984
Morocco,MAR,Education,26.380,1985
Morocco,MAR,Education,31.288,1986
Morocco,MAR,Education,31.288,1987
Morocco,MAR,Education,31.288,1988
Morocco,MAR,Education,31.288,1989
Morocco,MAR,Education,31.288,1990
Morocco,MAR,Education,31.288,1991
Morocco,MAR,Education,30.675,1992
Morocco,MAR,Education,31.288,1993
Morocco,MAR,Education,37.423,1994
Morocco,MAR,Education,29.448,1995
Morocco,MAR,Education,24.540,1996
Morocco,MAR,Education,28.834,1997
Morocco,MAR,Education,32.515,1998
Morocco,MAR,Education,39.877,1999
Morocco,MAR,Education,38.650,2000
Morocco,MAR,Education,52.761,2001
Morocco,MAR,Education,38.650,2002
Morocco,MAR,Education,39.264,2003
Morocco,MAR,Education,46.012,2004
Morocco,MAR,Education,41.718,2005
Morocco,MAR,Education,50.307,2006
Morocco,MAR,Education,51.534,2007
Morocco,MAR,Education,58.896,2008
Morocco,MAR,Education,53.374,2009
Morocco,MAR,Education,61.963,2010
Morocco,MAR,Education,52.761,2011
Morocco,MAR,Education,48.466,2012
Morocco,MAR,Education,28.221,2013
Morocco,MAR,Education,38.650,2014
Morocco,MAR,Education,28.221,2015
Morocco,MAR,Education,39.264,2016
Morocco,MAR,Education,66.871,2017
Morocco,MAR,Education,55.215,2018
Morocco,MAR,Education,26.994,2019
Morocco,MAR,Education,33.742,2020
Morocco,MAR,Education,24.540,2021
Morocco,MAR,Education,23.313,2022
Morocco,MAR,Education,17.791,2023
Morocco,MAR,Employment and Time Use,5.109,1960
Morocco,MAR,Employment and Time Use,0.000,1961
Morocco,MAR,Employment and Time Use,0.000,1962
Morocco,MAR,Employment and Time Use,0.000,1963
Morocco,MAR,Employment and Time Use,0.000,1964
Morocco,MAR,Employment and Time Use,0.000,1965
Morocco,MAR,Employment and Time Use,0.000,1966
Morocco,MAR,Employment and Time Use,0.000,1967
Morocco,MAR,Employment and Time Use,0.000,1968
Morocco,MAR,Employment and Time Use,0.000,1969
Morocco,MAR,Employment and Time Use,21.168,1970
Morocco,MAR,Employment and Time Use,26.277,1971
Morocco,MAR,Employment and Time Use,21.168,1972
Morocco,MAR,Employment and Time Use,21.168,1973
Morocco,MAR,Employment and Time Use,21.168,1974
Morocco,MAR,Employment and Time Use,21.168,1975
Morocco,MAR,Employment and Time Use,21.168,1976
Morocco,MAR,Employment and Time Use,21.168,1977
Morocco,MAR,Employment and Time Use,21.168,1978
Morocco,MAR,Employment and Time Use,21.168,1979
Morocco,MAR,Employment and Time Use,21.168,1980
Morocco,MAR,Employment and Time Use,21.168,1981
Morocco,MAR,Employment and Time Use,48.905,1982
Morocco,MAR,Employment and Time Use,21.168,1983
Morocco,MAR,Employment and Time Use,21.168,1984
Morocco,MAR,Employment and Time Use,21.168,1985
Morocco,MAR,Employment and Time Use,21.168,1986
Morocco,MAR,Employment and Time Use,23.358,1987
Morocco,MAR,Employment and Time Use,23.358,1988
Morocco,MAR,Employment and Time Use,23.358,1989
Morocco,MAR,Employment and Time Use,43.796,1990
Morocco,MAR,Employment and Time Use,58.394,1991
Morocco,MAR,Employment and Time Use,58.394,1992
Morocco,MAR,Employment and Time Use,58.394,1993
Morocco,MAR,Employment and Time Use,83.942,1994
Morocco,MAR,Employment and Time Use,70.073,1995
Morocco,MAR,Employment and Time Use,58.394,1996
Morocco,MAR,Employment and Time Use,58.394,1997
Morocco,MAR,Employment and Time Use,68.613,1998
Morocco,MAR,Employment and Time Use,70.803,1999
Morocco,MAR,Employment and Time Use,65.693,2000
Morocco,MAR,Employment and Time Use,68.613,2001
Morocco,MAR,Employment and Time Use,75.182,2002
Morocco,MAR,Employment and Time Use,75.182,2003
Morocco,MAR,Employment and Time Use,83.942,2004
Morocco,MAR,Employment and Time Use,68.613,2005
Morocco,MAR,Employment and Time Use,70.803,2006
Morocco,MAR,Employment and Time Use,70.803,2007
Morocco,MAR,Employment and Time Use,70.803,2008
Morocco,MAR,Employment and Time Use,70.803,2009
Morocco,MAR,Employment and Time Use,70.803,2010
Morocco,MAR,Employment and Time Use,83.212,2011
Morocco,MAR,Employment and Time Use,84.672,2012
Morocco,MAR,Employment and Time Use,72.263,2013
Morocco,MAR,Employment and Time Use,86.131,2014
Morocco,MAR,Employment and Time Use,70.803,2015
Morocco,MAR,Employment and Time Use,70.803,2016
Morocco,MAR,Employment and Time Use,56.934,2017
Morocco,MAR,Employment and Time Use,56.204,2018
Morocco,MAR,Employment and Time Use,56.204,2019
Morocco,MAR,Employment and Time Use,56.204,2020
Morocco,MAR,Employment and Time Use,75.182,2021
Morocco,MAR,Employment and Time Use,83.212,2022
Morocco,MAR,Employment and Time Use,59.124,2023
Morocco,MAR,Entrepreneurship,0.000,1960
Morocco,MAR,Entrepreneurship,0.000,1961
Morocco,MAR,Entrepreneurship,0.000,1962
Morocco,MAR,Entrepreneurship,0.000,1963
Morocco,MAR,Entrepreneurship,0.000,1964
Morocco,MAR,Entrepreneurship,0.000,1965
Morocco,MAR,Entrepreneurship,0.000,1966
Morocco,MAR,Entrepreneurship,0.000,1967
Morocco,MAR,Entrepreneurship,0.000,1968
Morocco,MAR,Entrepreneurship,0.000,1969
Morocco,MAR,Entrepreneurship,9.375,1970
Morocco,MAR,Entrepreneurship,9.375,1971
Morocco,MAR,Entrepreneurship,9.375,1972
Morocco,MAR,Entrepreneurship,9.375,1973
Morocco,MAR,Entrepreneurship,9.375,1974
Morocco,MAR,Entrepreneurship,9.375,1975
Morocco,MAR,Entrepreneurship,9.375,1976
Morocco,MAR,Entrepreneurship,9.375,1977
Morocco,MAR,Entrepreneurship,9.375,1978
Morocco,MAR,Entrepreneurship,9.375,1979
Morocco,MAR,Entrepreneurship,9.375,1980
Morocco,MAR,Entrepreneurship,9.375,1981
Morocco,MAR,Entrepreneurship,9.375,1982
Morocco,MAR,Entrepreneurship,9.375,1983
Morocco,MAR,Entrepreneurship,9.375,1984
Morocco,MAR,Entrepreneurship,9.375,1985
Morocco,MAR,Entrepreneurship,9.375,1986
Morocco,MAR,Entrepreneurship,9.375,1987
Morocco,MAR,Entrepreneurship,9.375,1988
Morocco,MAR,Entrepreneurship,9.375,1989
Morocco,MAR,Entrepreneurship,9.375,1990
Morocco,MAR,Entrepreneurship,9.375,1991
Morocco,MAR,Entrepreneurship,9.375,1992
Morocco,MAR,Entrepreneurship,9.375,1993
Morocco,MAR,Entrepreneurship,9.375,1994
Morocco,MAR,Entrepreneurship,9.375,1995
Morocco,MAR,Entrepreneurship,9.375,1996
Morocco,MAR,Entrepreneurship,9.375,1997
Morocco,MAR,Entrepreneurship,9.375,1998
Morocco,MAR,Entrepreneurship,9.375,1999
Morocco,MAR,Entrepreneurship,9.375,2000
Morocco,MAR,Entrepreneurship,9.375,2001
Morocco,MAR,Entrepreneurship,9.375,2002
Morocco,MAR,Entrepreneurship,37.500,2003
Morocco,MAR,Entrepreneurship,37.500,2004
Morocco,MAR,Entrepreneurship,37.500,2005
Morocco,MAR,Entrepreneurship,37.500,2006
Morocco,MAR,Entrepreneurship,40.625,2007
Morocco,MAR,Entrepreneurship,37.500,2008
Morocco,MAR,Entrepreneurship,37.500,2009
Morocco,MAR,Entrepreneurship,37.500,2010
Morocco,MAR,Entrepreneurship,37.500,2011
Morocco,MAR,Entrepreneurship,37.500,2012
Morocco,MAR,Entrepreneurship,43.750,2013
Morocco,MAR,Entrepreneurship,62.500,2014
Morocco,MAR,Entrepreneurship,62.500,2015
Morocco,MAR,Entrepreneurship,62.500,2016
Morocco,MAR,Entrepreneurship,93.750,2017
Morocco,MAR,Entrepreneurship,75.000,2018
Morocco,MAR,Entrepreneurship,81.250,2019
Morocco,MAR,Entrepreneurship,46.875,2020
Morocco,MAR,Entrepreneurship,46.875,2021
Morocco,MAR,Entrepreneurship,46.875,2022
Morocco,MAR,Entrepreneurship,15.625,2023
Morocco,MAR,Environment,0.000,1960
Morocco,MAR,Environment,0.000,1961
Morocco,MAR,Environment,0.000,1962
Morocco,MAR,Environment,0.000,1963
Morocco,MAR,Environment,0.000,1964
Morocco,MAR,Environment,0.000,1965
Morocco,MAR,Environment,0.000,1966
Morocco,MAR,Environment,0.000,1967
Morocco,MAR,Environment,0.000,1968
Morocco,MAR,Environment,0.000,1969
Morocco,MAR,Environment,0.000,1970
Morocco,MAR,Environment,0.000,1971
Morocco,MAR,Environment,0.000,1972
Morocco,MAR,Environment,0.000,1973
Morocco,MAR,Environment,0.000,1974
Morocco,MAR,Environment,0.000,1975
Morocco,MAR,Environment,0.000,1976
Morocco,MAR,Environment,0.000,1977
Morocco,MAR,Environment,0.000,1978
Morocco,MAR,Environment,0.000,1979
Morocco,MAR,Environment,0.000,1980
Morocco,MAR,Environment,0.000,1981
Morocco,MAR,Environment,0.000,1982
Morocco,MAR,Environment,0.000,1983
Morocco,MAR,Environment,0.000,1984
Morocco,MAR,Environment,0.000,1985
Morocco,MAR,Environment,0.000,1986
Morocco,MAR,Environment,0.000,1987
Morocco,MAR,Environment,0.000,1988
Morocco,MAR,Environment,0.000,1989
Morocco,MAR,Environment,0.000,1990
Morocco,MAR,Environment,0.000,1991
Morocco,MAR,Environment,10.000,1992
Morocco,MAR,Environment,0.000,1993
Morocco,MAR,Environment,0.000,1994
Morocco,MAR,Environment,0.000,1995
Morocco,MAR,Environment,0.000,1996
Morocco,MAR,Environment,0.000,1997
Morocco,MAR,Environment,0.000,1998
Morocco,MAR,Environment,0.000,1999
Morocco,MAR,Environment,10.000,2000
Morocco,MAR,Environment,13.333,2001
Morocco,MAR,Environment,10.000,2002
Morocco,MAR,Environment,10.000,2003
Morocco,MAR,Environment,23.333,2004
Morocco,MAR,Environment,10.000,2005
Morocco,MAR,Environment,10.000,2006
Morocco,MAR,Environment,13.333,2007
Morocco,MAR,Environment,13.333,2008
Morocco,MAR,Environment,13.333,2009
Morocco,MAR,Environment,13.333,2010
Morocco,MAR,Environment,10.000,2011
Morocco,MAR,Environment,10.000,2012
Morocco,MAR,Environment,10.000,2013
Morocco,MAR,Environment,10.000,2014
Morocco,MAR,Environment,13.333,2015
Morocco,MAR,Environment,13.333,2016
Morocco,MAR,Environment,23.333,2017
Morocco,MAR,Environment,10.000,2018
Morocco,MAR,Environment,30.000,2019
Morocco,MAR,Environment,10.000,2020
Morocco,MAR,Environment,20.000,2021
Morocco,MAR,Environment,10.000,2022
Morocco,MAR,Environment,0.000,2023
Morocco,MAR,Health,7.576,1960
Morocco,MAR,Health,8.586,1961
Morocco,MAR,Health,8.586,1962
Morocco,MAR,Health,8.586,1963
Morocco,MAR,Health,8.586,1964
Morocco,MAR,Health,8.586,1965
Morocco,MAR,Health,8.586,1966
Morocco,MAR,Health,8.586,1967
Morocco,MAR,Health,8.586,1968
Morocco,MAR,Health,8.586,1969
Morocco,MAR,Health,8.586,1970
Morocco,MAR,Health,8.586,1971
Morocco,MAR,Health,8.586,1972
Morocco,MAR,Health,8.586,1973
Morocco,MAR,Health,8.586,1974
Morocco,MAR,Health,11.111,1975
Morocco,MAR,Health,11.111,1976
Morocco,MAR,Health,11.111,1977
Morocco,MAR,Health,11.111,1978
Morocco,MAR,Health,11.111,1979
Morocco,MAR,Health,12.121,1980
Morocco,MAR,Health,11.111,1981
Morocco,MAR,Health,12.121,1982
Morocco,MAR,Health,12.121,1983
Morocco,MAR,Health,13.636,1984
Morocco,MAR,Health,12.121,1985
Morocco,MAR,Health,12.121,1986
Morocco,MAR,Health,24.242,1987
Morocco,MAR,Health,12.121,1988
Morocco,MAR,Health,12.121,1989
Morocco,MAR,Health,16.667,1990
Morocco,MAR,Health,16.667,1991
Morocco,MAR,Health,33.333,1992
Morocco,MAR,Health,16.667,1993
Morocco,MAR,Health,16.667,1994
Morocco,MAR,Health,19.697,1995
Morocco,MAR,Health,16.667,1996
Morocco,MAR,Health,26.768,1997
Morocco,MAR,Health,16.667,1998
Morocco,MAR,Health,16.667,1999
Morocco,MAR,Health,56.061,2000
Morocco,MAR,Health,31.818,2001
Morocco,MAR,Health,31.818,2002
Morocco,MAR,Health,39.899,2003
Morocco,MAR,Health,43.434,2004
Morocco,MAR,Health,33.333,2005
Morocco,MAR,Health,31.818,2006
Morocco,MAR,Health,31.818,2007
Morocco,MAR,Health,31.818,2008
Morocco,MAR,Health,31.818,2009
Morocco,MAR,Health,62.121,2010
Morocco,MAR,Health,42.929,2011
Morocco,MAR,Health,32.323,2012
Morocco,MAR,Health,31.818,2013
Morocco,MAR,Health,31.818,2014
Morocco,MAR,Health,56.061,2015
Morocco,MAR,Health,31.818,2016
Morocco,MAR,Health,43.434,2017
Morocco,MAR,Health,38.889,2018
Morocco,MAR,Health,61.616,2019
Morocco,MAR,Health,27.778,2020
Morocco,MAR,Health,19.697,2021
Morocco,MAR,Health,17.677,2022
Morocco,MAR,Health,1.010,2023
Morocco,MAR,Leadership,0.000,1960
Morocco,MAR,Leadership,0.000,1961
Morocco,MAR,Leadership,0.000,1962
Morocco,MAR,Leadership,0.000,1963
Morocco,MAR,Leadership,0.000,1964
Morocco,MAR,Leadership,0.000,1965
Morocco,MAR,Leadership,0.000,1966
Morocco,MAR,Leadership,0.000,1967
Morocco,MAR,Leadership,0.000,1968
Morocco,MAR,Leadership,0.000,1969
Morocco,MAR,Leadership,0.000,1970
Morocco,MAR,Leadership,0.000,1971
Morocco,MAR,Leadership,0.000,1972
Morocco,MAR,Leadership,0.000,1973
Morocco,MAR,Leadership,0.000,1974
Morocco,MAR,Leadership,0.000,1975
Morocco,MAR,Leadership,0.000,1976
Morocco,MAR,Leadership,0.000,1977
Morocco,MAR,Leadership,0.000,1978
Morocco,MAR,Leadership,0.000,1979
Morocco,MAR,Leadership,0.000,1980
Morocco,MAR,Leadership,0.000,1981
Morocco,MAR,Leadership,0.000,1982
Morocco,MAR,Leadership,0.000,1983
Morocco,MAR,Leadership,0.000,1984
Morocco,MAR,Leadership,0.000,1985
Morocco,MAR,Leadership,0.000,1986
Morocco,MAR,Leadership,0.000,1987
Morocco,MAR,Leadership,0.000,1988
Morocco,MAR,Leadership,0.000,1989
Morocco,MAR,Leadership,0.000,1990
Morocco,MAR,Leadership,0.000,1991
Morocco,MAR,Leadership,0.000,1992
Morocco,MAR,Leadership,0.000,1993
Morocco,MAR,Leadership,0.000,1994
Morocco,MAR,Leadership,0.000,1995
Morocco,MAR,Leadership,0.000,1996
Morocco,MAR,Leadership,25.000,1997
Morocco,MAR,Leadership,25.000,1998
Morocco,MAR,Leadership,25.000,1999
Morocco,MAR,Leadership,25.000,2000
Morocco,MAR,Leadership,25.000,2001
Morocco,MAR,Leadership,25.000,2002
Morocco,MAR,Leadership,25.000,2003
Morocco,MAR,Leadership,25.000,2004
Morocco,MAR,Leadership,50.000,2005
Morocco,MAR,Leadership,25.000,2006
Morocco,MAR,Leadership,25.000,2007
Morocco,MAR,Leadership,50.000,2008
Morocco,MAR,Leadership,25.000,2009
Morocco,MAR,Leadership,50.000,2010
Morocco,MAR,Leadership,25.000,2011
Morocco,MAR,Leadership,50.000,2012
Morocco,MAR,Leadership,50.000,2013
Morocco,MAR,Leadership,25.000,2014
Morocco,MAR,Leadership,50.000,2015
Morocco,MAR,Leadership,50.000,2016
Morocco,MAR,Leadership,25.000,2017
Morocco,MAR,Leadership,50.000,2018
Morocco,MAR,Leadership,75.000,2019
Morocco,MAR,Leadership,50.000,2020
Morocco,MAR,Leadership,25.000,2021
Morocco,MAR,Leadership,50.000,2022
Morocco,MAR,Leadership,50.000,2023
Morocco,MAR,Norms and Decision-making,0.000,1960
Morocco,MAR,Norms and Decision-making,0.000,1961
Morocco,MAR,Norms and Decision-making,0.000,1962
Morocco,MAR,Norms and Decision-making,0.000,1963
Morocco,MAR,Norms and Decision-making,0.000,1964
Morocco,MAR,Norms and Decision-making,0.000,1965
Morocco,MAR,Norms and Decision-making,0.000,1966
Morocco,MAR,Norms and Decision-making,0.000,1967
Morocco,MAR,Norms and Decision-making,0.000,1968
Morocco,MAR,Norms and Decision-making,0.000,1969
Morocco,MAR,Norms and Decision-making,12.593,1970
Morocco,MAR,Norms and Decision-making,14.074,1971
Morocco,MAR,Norms and Decision-making,12.593,1972
Morocco,MAR,Norms and Decision-making,12.593,1973
Morocco,MAR,Norms and Decision-making,12.593,1974
Morocco,MAR,Norms and Decision-making,12.593,1975
Morocco,MAR,Norms and Decision-making,12.593,1976
Morocco,MAR,Norms and Decision-making,12.593,1977
Morocco,MAR,Norms and Decision-making,12.593,1978
Morocco,MAR,Norms and Decision-making,12.593,1979
Morocco,MAR,Norms and Decision-making,12.593,1980
Morocco,MAR,Norms and Decision-making,12.593,1981
Morocco,MAR,Norms and Decision-making,14.074,1982
Morocco,MAR,Norms and Decision-making,12.593,1983
Morocco,MAR,Norms and Decision-making,12.593,1984
Morocco,MAR,Norms and Decision-making,12.593,1985
Morocco,MAR,Norms and Decision-making,12.593,1986
Morocco,MAR,Norms and Decision-making,16.296,1987
Morocco,MAR,Norms and Decision-making,12.593,1988
Morocco,MAR,Norms and Decision-making,12.593,1989
Morocco,MAR,Norms and Decision-making,12.593,1990
Morocco,MAR,Norms and Decision-making,12.593,1991
Morocco,MAR,Norms and Decision-making,17.778,1992
Morocco,MAR,Norms and Decision-making,12.593,1993
Morocco,MAR,Norms and Decision-making,14.074,1994
Morocco,MAR,Norms and Decision-making,13.333,1995
Morocco,MAR,Norms and Decision-making,12.593,1996
Morocco,MAR,Norms and Decision-making,14.074,1997
Morocco,MAR,Norms and Decision-making,12.593,1998
Morocco,MAR,Norms and Decision-making,12.593,1999
Morocco,MAR,Norms and Decision-making,12.593,2000
Morocco,MAR,Norms and Decision-making,12.593,2001
Morocco,MAR,Norms and Decision-making,12.593,2002
Morocco,MAR,Norms and Decision-making,12.593,2003
Morocco,MAR,Norms and Decision-making,86.667,2004
Morocco,MAR,Norms and Decision-making,12.593,2005
Morocco,MAR,Norms and Decision-making,12.593,2006
Morocco,MAR,Norms and Decision-making,12.593,2007
Morocco,MAR,Norms and Decision-making,12.593,2008
Morocco,MAR,Norms and Decision-making,12.593,2009
Morocco,MAR,Norms and Decision-making,12.593,2010
Morocco,MAR,Norms and Decision-making,14.074,2011
Morocco,MAR,Norms and Decision-making,12.593,2012
Morocco,MAR,Norms and Decision-making,12.593,2013
Morocco,MAR,Norms and Decision-making,12.593,2014
Morocco,MAR,Norms and Decision-making,12.593,2015
Morocco,MAR,Norms and Decision-making,12.593,2016
Morocco,MAR,Norms and Decision-making,12.593,2017
Morocco,MAR,Norms and Decision-making,15.556,2018
Morocco,MAR,Norms and Decision-making,12.593,2019
Morocco,MAR,Norms and Decision-making,12.593,2020
Morocco,MAR,Norms and Decision-making,12.593,2021
Morocco,MAR,Norms and Decision-making,12.593,2022
Morocco,MAR,Norms and Decision-making,12.593,2023
Morocco,MAR,Population,86.905,1960
Morocco,MAR,Population,86.905,1961
Morocco,MAR,Population,86.905,1962
Morocco,MAR,Population,86.905,1963
Morocco,MAR,Population,86.905,1964
Morocco,MAR,Population,86.905,1965
Morocco,MAR,Population,86.905,1966
Morocco,MAR,Population,86.905,1967
Morocco,MAR,Population,86.905,1968
Morocco,MAR,Population,86.905,1969
Morocco,MAR,Population,86.905,1970
Morocco,MAR,Population,89.286,1971
Morocco,MAR,Population,86.905,1972
Morocco,MAR,Population,86.905,1973
Morocco,MAR,Population,86.905,1974
Morocco,MAR,Population,86.905,1975
Morocco,MAR,Population,86.905,1976
Morocco,MAR,Population,86.905,1977
Morocco,MAR,Population,86.905,1978
Morocco,MAR,Population,86.905,1979
Morocco,MAR,Population,91.667,1980
Morocco,MAR,Population,86.905,1981
Morocco,MAR,Population,89.286,1982
Morocco,MAR,Population,86.905,1983
Morocco,MAR,Population,86.905,1984
Morocco,MAR,Population,91.667,1985
Morocco,MAR,Population,86.905,1986
Morocco,MAR,Population,88.095,1987
Morocco,MAR,Population,86.905,1988
Morocco,MAR,Population,86.905,1989
Morocco,MAR,Population,92.857,1990
Morocco,MAR,Population,86.905,1991
Morocco,MAR,Population,89.286,1992
Morocco,MAR,Population,86.905,1993
Morocco,MAR,Population,89.286,1994
Morocco,MAR,Population,94.048,1995
Morocco,MAR,Population,86.905,1996
Morocco,MAR,Population,89.286,1997
Morocco,MAR,Population,86.905,1998
Morocco,MAR,Population,86.905,1999
Morocco,MAR,Population,94.048,2000
Morocco,MAR,Population,86.905,2001
Morocco,MAR,Population,86.905,2002
Morocco,MAR,Population,86.905,2003
Morocco,MAR,Population,90.476,2004
Morocco,MAR,Population,92.857,2005
Morocco,MAR,Population,86.905,2006
Morocco,MAR,Population,86.905,2007
Morocco,MAR,Population,86.905,2008
Morocco,MAR,Population,86.905,2009
Morocco,MAR,Population,92.857,2010
Morocco,MAR,Population,90.476,2011
Morocco,MAR,Population,86.905,2012
Morocco,MAR,Population,86.905,2013
Morocco,MAR,Population,86.905,2014
Morocco,MAR,Population,92.857,2015
Morocco,MAR,Population,86.905,2016
Morocco,MAR,Population,86.905,2017
Morocco,MAR,Population,92.857,2018
Morocco,MAR,Population,86.905,2019
Morocco,MAR,Population,88.095,2020
Morocco,MAR,Population,86.905,2021
Morocco,MAR,Population,86.905,2022
Morocco,MAR,Population,77.381,2023
Morocco,MAR,SDGs,2.685,1960
Morocco,MAR,SDGs,2.685,1961
Morocco,MAR,SDGs,2.685,1962
Morocco,MAR,SDGs,2.685,1963
Morocco,MAR,SDGs,2.685,1964
Morocco,MAR,SDGs,2.685,1965
Morocco,MAR,SDGs,2.685,1966
Morocco,MAR,SDGs,2.685,1967
Morocco,MAR,SDGs,2.685,1968
Morocco,MAR,SDGs,2.685,1969
Morocco,MAR,SDGs,11.409,1970
Morocco,MAR,SDGs,11.409,1971
Morocco,MAR,SDGs,11.409,1972
Morocco,MAR,SDGs,11.409,1973
Morocco,MAR,SDGs,11.409,1974
Morocco,MAR,SDGs,11.409,1975
Morocco,MAR,SDGs,11.409,1976
Morocco,MAR,SDGs,11.409,1977
Morocco,MAR,SDGs,11.409,1978
Morocco,MAR,SDGs,11.409,1979
Morocco,MAR,SDGs,11.409,1980
Morocco,MAR,SDGs,11.409,1981
Morocco,MAR,SDGs,16.107,1982
Morocco,MAR,SDGs,12.081,1983
Morocco,MAR,SDGs,12.752,1984
Morocco,MAR,SDGs,12.081,1985
Morocco,MAR,SDGs,12.081,1986
Morocco,MAR,SDGs,16.107,1987
Morocco,MAR,SDGs,14.094,1988
Morocco,MAR,SDGs,14.094,1989
Morocco,MAR,SDGs,20.134,1990
Morocco,MAR,SDGs,22.148,1991
Morocco,MAR,SDGs,25.503,1992
Morocco,MAR,SDGs,22.148,1993
Morocco,MAR,SDGs,24.161,1994
Morocco,MAR,SDGs,22.819,1995
Morocco,MAR,SDGs,22.148,1996
Morocco,MAR,SDGs,24.161,1997
Morocco,MAR,SDGs,24.832,1998
Morocco,MAR,SDGs,24.832,1999
Morocco,MAR,SDGs,67.785,2000
Morocco,MAR,SDGs,39.597,2001
Morocco,MAR,SDGs,37.584,2002
Morocco,MAR,SDGs,38.255,2003
Morocco,MAR,SDGs,40.268,2004
Morocco,MAR,SDGs,39.597,2005
Morocco,MAR,SDGs,39.597,2006
Morocco,MAR,SDGs,37.584,2007
Morocco,MAR,SDGs,37.584,2008
Morocco,MAR,SDGs,37.584,2009
Morocco,MAR,SDGs,71.141,2010
Morocco,MAR,SDGs,40.940,2011
Morocco,MAR,SDGs,38.926,2012
Morocco,MAR,SDGs,37.584,2013
Morocco,MAR,SDGs,37.584,2014
Morocco,MAR,SDGs,69.799,2015
Morocco,MAR,SDGs,39.597,2016
Morocco,MAR,SDGs,35.570,2017
Morocco,MAR,SDGs,38.926,2018
Morocco,MAR,SDGs,69.799,2019
Morocco,MAR,SDGs,27.517,2020
Morocco,MAR,SDGs,28.859,2021
Morocco,MAR,SDGs,26.846,2022
Morocco,MAR,SDGs,14.094,2023
Morocco,MAR,Technology,0.000,1960
Morocco,MAR,Technology,0.000,1961
Morocco,MAR,Technology,0.000,1962
Morocco,MAR,Technology,0.000,1963
Morocco,MAR,Technology,0.000,1964
Morocco,MAR,Technology,0.000,1965
Morocco,MAR,Technology,0.000,1966
Morocco,MAR,Technology,0.000,1967
Morocco,MAR,Technology,0.000,1968
Morocco,MAR,Technology,0.000,1969
Morocco,MAR,Technology,0.000,1970
Morocco,MAR,Technology,0.000,1971
Morocco,MAR,Technology,0.000,1972
Morocco,MAR,Technology,0.000,1973
Morocco,MAR,Technology,0.000,1974
Morocco,MAR,Technology,0.000,1975
Morocco,MAR,Technology,0.000,1976
Morocco,MAR,Technology,0.000,1977
Morocco,MAR,Technology,0.000,1978
Morocco,MAR,Technology,0.000,1979
Morocco,MAR,Technology,0.000,1980
Morocco,MAR,Technology,0.000,1981
Morocco,MAR,Technology,0.000,1982
Morocco,MAR,Technology,0.000,1983
Morocco,MAR,Technology,0.000,1984
Morocco,MAR,Technology,0.000,1985
Morocco,MAR,Technology,0.000,1986
Morocco,MAR,Technology,0.000,1987
Morocco,MAR,Technology,0.000,1988
Morocco,MAR,Technology,0.000,1989
Morocco,MAR,Technology,2.222,1990
Morocco,MAR,Technology,2.222,1991
Morocco,MAR,Technology,2.222,1992
Morocco,MAR,Technology,2.222,1993
Morocco,MAR,Technology,2.222,1994
Morocco,MAR,Technology,2.222,1995
Morocco,MAR,Technology,2.222,1996
Morocco,MAR,Technology,2.222,1997
Morocco,MAR,Technology,2.222,1998
Morocco,MAR,Technology,2.222,1999
Morocco,MAR,Technology,2.222,2000
Morocco,MAR,Technology,8.889,2001
Morocco,MAR,Technology,2.222,2002
Morocco,MAR,Technology,2.222,2003
Morocco,MAR,Technology,2.222,2004
Morocco,MAR,Technology,2.222,2005
Morocco,MAR,Technology,2.222,2006
Morocco,MAR,Technology,8.889,2007
Morocco,MAR,Technology,8.889,2008
Morocco,MAR,Technology,8.889,2009
Morocco,MAR,Technology,8.889,2010
Morocco,MAR,Technology,2.222,2011
Morocco,MAR,Technology,6.667,2012
Morocco,MAR,Technology,6.667,2013
Morocco,MAR,Technology,6.667,2014
Morocco,MAR,Technology,13.333,2015
Morocco,MAR,Technology,13.333,2016
Morocco,MAR,Technology,66.667,2017
Morocco,MAR,Technology,6.667,2018
Morocco,MAR,Technology,6.667,2019
Morocco,MAR,Technology,6.667,2020
Morocco,MAR,Technology,86.667,2021
Morocco,MAR,Technology,2.222,2022
Morocco,MAR,Technology,0.000,2023
Morocco,MAR,Violence,0.000,1960
Morocco,MAR,Violence,0.000,1961
Morocco,MAR,Violence,0.000,1962
Morocco,MAR,Violence,0.000,1963
Morocco,MAR,Violence,0.000,1964
Morocco,MAR,Violence,0.000,1965
Morocco,MAR,Violence,0.000,1966
Morocco,MAR,Violence,0.000,1967
Morocco,MAR,Violence,0.000,1968
Morocco,MAR,Violence,0.000,1969
Morocco,MAR,Violence,2.143,1970
Morocco,MAR,Violence,2.143,1971
Morocco,MAR,Violence,2.143,1972
Morocco,MAR,Violence,2.143,1973
Morocco,MAR,Violence,2.143,1974
Morocco,MAR,Violence,2.143,1975
Morocco,MAR,Violence,2.143,1976
Morocco,MAR,Violence,2.143,1977
Morocco,MAR,Violence,2.143,1978
Morocco,MAR,Violence,2.143,1979
Morocco,MAR,Violence,2.143,1980
Morocco,MAR,Violence,2.143,1981
Morocco,MAR,Violence,2.143,1982
Morocco,MAR,Violence,2.143,1983
Morocco,MAR,Violence,2.143,1984
Morocco,MAR,Violence,2.143,1985
Morocco,MAR,Violence,2.143,1986
Morocco,MAR,Violence,3.571,1987
Morocco,MAR,Violence,2.143,1988
Morocco,MAR,Violence,2.143,1989
Morocco,MAR,Violence,2.857,1990
Morocco,MAR,Violence,2.857,1991
Morocco,MAR,Violence,4.286,1992
Morocco,MAR,Violence,2.857,1993
Morocco,MAR,Violence,2.857,1994
Morocco,MAR,Violence,2.143,1995
Morocco,MAR,Violence,2.143,1996
Morocco,MAR,Violence,2.857,1997
Morocco,MAR,Violence,2.857,1998
Morocco,MAR,Violence,2.857,1999
Morocco,MAR,Violence,5.000,2000
Morocco,MAR,Violence,5.000,2001
Morocco,MAR,Violence,5.000,2002
Morocco,MAR,Violence,5.000,2003
Morocco,MAR,Violence,57.857,2004
Morocco,MAR,Violence,5.000,2005
Morocco,MAR,Violence,5.000,2006
Morocco,MAR,Violence,5.000,2007
Morocco,MAR,Violence,5.000,2008
Morocco,MAR,Violence,6.429,2009
Morocco,MAR,Violence,5.000,2010
Morocco,MAR,Violence,5.000,2011
Morocco,MAR,Violence,6.429,2012
Morocco,MAR,Violence,6.429,2013
Morocco,MAR,Violence,6.429,2014
Morocco,MAR,Violence,6.429,2015
Morocco,MAR,Violence,6.429,2016
Morocco,MAR,Violence,6.429,2017
Morocco,MAR,Violence,9.286,2018
Morocco,MAR,Violence,6.429,2019
Morocco,MAR,Violence,4.286,2020
Morocco,MAR,Violence,4.286,2021
Morocco,MAR,Violence,2.143,2022
Morocco,MAR,Violence,2.143,2023
Morocco,MAR,Youth 15-24,7.339,1960
Morocco,MAR,Youth 15-24,4.587,1961
Morocco,MAR,Youth 15-24,4.587,1962
Morocco,MAR,Youth 15-24,4.587,1963
Morocco,MAR,Youth 15-24,4.587,1964
Morocco,MAR,Youth 15-24,4.587,1965
Morocco,MAR,Youth 15-24,4.587,1966
Morocco,MAR,Youth 15-24,4.587,1967
Morocco,MAR,Youth 15-24,4.587,1968
Morocco,MAR,Youth 15-24,4.587,1969
Morocco,MAR,Youth 15-24,4.587,1970
Morocco,MAR,Youth 15-24,22.018,1971
Morocco,MAR,Youth 15-24,19.266,1972
Morocco,MAR,Youth 15-24,11.927,1973
Morocco,MAR,Youth 15-24,21.101,1974
Morocco,MAR,Youth 15-24,19.266,1975
Morocco,MAR,Youth 15-24,21.101,1976
Morocco,MAR,Youth 15-24,21.101,1977
Morocco,MAR,Youth 15-24,21.101,1978
Morocco,MAR,Youth 15-24,21.101,1979
Morocco,MAR,Youth 15-24,17.431,1980
Morocco,MAR,Youth 15-24,15.596,1981
Morocco,MAR,Youth 15-24,34.862,1982
Morocco,MAR,Youth 15-24,15.596,1983
Morocco,MAR,Youth 15-24,18.349,1984
Morocco,MAR,Youth 15-24,17.431,1985
Morocco,MAR,Youth 15-24,21.101,1986
Morocco,MAR,Youth 15-24,22.936,1987
Morocco,MAR,Youth 15-24,21.101,1988
Morocco,MAR,Youth 15-24,21.101,1989
Morocco,MAR,Youth 15-24,34.862,1990
Morocco,MAR,Youth 15-24,34.862,1991
Morocco,MAR,Youth 15-24,36.697,1992
Morocco,MAR,Youth 15-24,34.862,1993
Morocco,MAR,Youth 15-24,51.376,1994
Morocco,MAR,Youth 15-24,34.862,1995
Morocco,MAR,Youth 15-24,31.193,1996
Morocco,MAR,Youth 15-24,32.110,1997
Morocco,MAR,Youth 15-24,44.954,1998
Morocco,MAR,Youth 15-24,44.954,1999
Morocco,MAR,Youth 15-24,41.284,2000
Morocco,MAR,Youth 15-24,58.716,2001
Morocco,MAR,Youth 15-24,44.954,2002
Morocco,MAR,Youth 15-24,44.954,2003
Morocco,MAR,Youth 15-24,51.376,2004
Morocco,MAR,Youth 15-24,49.541,2005
Morocco,MAR,Youth 15-24,55.046,2006
Morocco,MAR,Youth 15-24,64.220,2007
Morocco,MAR,Youth 15-24,71.560,2008
Morocco,MAR,Youth 15-24,66.055,2009
Morocco,MAR,Youth 15-24,64.220,2010
Morocco,MAR,Youth 15-24,59.633,2011
Morocco,MAR,Youth 15-24,59.633,2012
Morocco,MAR,Youth 15-24,33.945,2013
Morocco,MAR,Youth 15-24,44.954,2014
Morocco,MAR,Youth 15-24,48.624,2015
Morocco,MAR,Youth 15-24,48.624,2016
Morocco,MAR,Youth 15-24,61.468,2017
Morocco,MAR,Youth 15-24,49.541,2018
Morocco,MAR,Youth 15-24,33.945,2019
Morocco,MAR,Youth 15-24,30.275,2020
Morocco,MAR,Youth 15-24,33.945,2021
Morocco,MAR,Youth 15-24,35.780,2022
Morocco,MAR,Youth 15-24,22.936,2023
