Country Name,Country Code,Topic,% of available indicators,Year
Kazakhstan,KAZ,Assets,0.000,1960
Kazakhstan,KAZ,Assets,0.000,1961
Kazakhstan,KAZ,Assets,0.000,1962
Kazakhstan,KAZ,Assets,0.000,1963
Kazakhstan,KAZ,Assets,0.000,1964
Kazakhstan,KAZ,Assets,0.000,1965
Kazakhstan,KAZ,Assets,0.000,1966
Kazakhstan,KAZ,Assets,0.000,1967
Kazakhstan,KAZ,Assets,0.000,1968
Kazakhstan,KAZ,Assets,0.000,1969
Kazakhstan,KAZ,Assets,2.208,1970
Kazakhstan,KAZ,Assets,2.208,1971
Kazakhstan,KAZ,Assets,2.208,1972
Kazakhstan,KAZ,Assets,2.208,1973
Kazakhstan,KAZ,Assets,2.208,1974
Kazakhstan,KAZ,Assets,2.208,1975
Kazakhstan,KAZ,Assets,2.208,1976
Kazakhstan,KAZ,Assets,2.208,1977
Kazakhstan,KAZ,Assets,2.208,1978
Kazakhstan,KAZ,Assets,2.208,1979
Kazakhstan,KAZ,Assets,2.208,1980
Kazakhstan,KAZ,Assets,2.208,1981
Kazakhstan,KAZ,Assets,2.208,1982
Kazakhstan,KAZ,Assets,2.208,1983
Kazakhstan,KAZ,Assets,2.208,1984
Kazakhstan,KAZ,Assets,2.208,1985
Kazakhstan,KAZ,Assets,2.208,1986
Kazakhstan,KAZ,Assets,2.208,1987
Kazakhstan,KAZ,Assets,2.208,1988
Kazakhstan,KAZ,Assets,2.208,1989
Kazakhstan,KAZ,Assets,2.208,1990
Kazakhstan,KAZ,Assets,2.208,1991
Kazakhstan,KAZ,Assets,2.208,1992
Kazakhstan,KAZ,Assets,2.208,1993
Kazakhstan,KAZ,Assets,2.208,1994
Kazakhstan,KAZ,Assets,2.208,1995
Kazakhstan,KAZ,Assets,2.208,1996
Kazakhstan,KAZ,Assets,2.208,1997
Kazakhstan,KAZ,Assets,2.208,1998
Kazakhstan,KAZ,Assets,2.208,1999
Kazakhstan,KAZ,Assets,2.208,2000
Kazakhstan,KAZ,Assets,2.208,2001
Kazakhstan,KAZ,Assets,2.208,2002
Kazakhstan,KAZ,Assets,2.208,2003
Kazakhstan,KAZ,Assets,2.208,2004
Kazakhstan,KAZ,Assets,2.208,2005
Kazakhstan,KAZ,Assets,2.208,2006
Kazakhstan,KAZ,Assets,2.208,2007
Kazakhstan,KAZ,Assets,2.208,2008
Kazakhstan,KAZ,Assets,2.208,2009
Kazakhstan,KAZ,Assets,2.208,2010
Kazakhstan,KAZ,Assets,11.672,2011
Kazakhstan,KAZ,Assets,2.208,2012
Kazakhstan,KAZ,Assets,2.208,2013
Kazakhstan,KAZ,Assets,30.599,2014
Kazakhstan,KAZ,Assets,2.208,2015
Kazakhstan,KAZ,Assets,2.208,2016
Kazakhstan,KAZ,Assets,33.123,2017
Kazakhstan,KAZ,Assets,2.208,2018
Kazakhstan,KAZ,Assets,2.208,2019
Kazakhstan,KAZ,Assets,2.208,2020
Kazakhstan,KAZ,Assets,61.199,2021
Kazakhstan,KAZ,Assets,2.208,2022
Kazakhstan,KAZ,Assets,2.208,2023
Kazakhstan,KAZ,Children 0-14,10.769,1960
Kazakhstan,KAZ,Children 0-14,10.769,1961
Kazakhstan,KAZ,Children 0-14,10.769,1962
Kazakhstan,KAZ,Children 0-14,10.769,1963
Kazakhstan,KAZ,Children 0-14,10.769,1964
Kazakhstan,KAZ,Children 0-14,10.769,1965
Kazakhstan,KAZ,Children 0-14,10.769,1966
Kazakhstan,KAZ,Children 0-14,10.769,1967
Kazakhstan,KAZ,Children 0-14,10.769,1968
Kazakhstan,KAZ,Children 0-14,10.769,1969
Kazakhstan,KAZ,Children 0-14,10.769,1970
Kazakhstan,KAZ,Children 0-14,15.385,1971
Kazakhstan,KAZ,Children 0-14,17.692,1972
Kazakhstan,KAZ,Children 0-14,17.692,1973
Kazakhstan,KAZ,Children 0-14,17.692,1974
Kazakhstan,KAZ,Children 0-14,17.692,1975
Kazakhstan,KAZ,Children 0-14,19.231,1976
Kazakhstan,KAZ,Children 0-14,19.231,1977
Kazakhstan,KAZ,Children 0-14,19.231,1978
Kazakhstan,KAZ,Children 0-14,19.231,1979
Kazakhstan,KAZ,Children 0-14,19.231,1980
Kazakhstan,KAZ,Children 0-14,20.769,1981
Kazakhstan,KAZ,Children 0-14,19.231,1982
Kazakhstan,KAZ,Children 0-14,19.231,1983
Kazakhstan,KAZ,Children 0-14,19.231,1984
Kazakhstan,KAZ,Children 0-14,19.231,1985
Kazakhstan,KAZ,Children 0-14,20.769,1986
Kazakhstan,KAZ,Children 0-14,19.231,1987
Kazakhstan,KAZ,Children 0-14,19.231,1988
Kazakhstan,KAZ,Children 0-14,25.385,1989
Kazakhstan,KAZ,Children 0-14,25.385,1990
Kazakhstan,KAZ,Children 0-14,25.385,1991
Kazakhstan,KAZ,Children 0-14,26.923,1992
Kazakhstan,KAZ,Children 0-14,26.923,1993
Kazakhstan,KAZ,Children 0-14,30.769,1994
Kazakhstan,KAZ,Children 0-14,38.462,1995
Kazakhstan,KAZ,Children 0-14,29.231,1996
Kazakhstan,KAZ,Children 0-14,29.231,1997
Kazakhstan,KAZ,Children 0-14,28.462,1998
Kazakhstan,KAZ,Children 0-14,43.846,1999
Kazakhstan,KAZ,Children 0-14,56.154,2000
Kazakhstan,KAZ,Children 0-14,37.692,2001
Kazakhstan,KAZ,Children 0-14,40.769,2002
Kazakhstan,KAZ,Children 0-14,37.692,2003
Kazakhstan,KAZ,Children 0-14,40.000,2004
Kazakhstan,KAZ,Children 0-14,40.000,2005
Kazakhstan,KAZ,Children 0-14,56.923,2006
Kazakhstan,KAZ,Children 0-14,46.923,2007
Kazakhstan,KAZ,Children 0-14,39.231,2008
Kazakhstan,KAZ,Children 0-14,43.846,2009
Kazakhstan,KAZ,Children 0-14,69.231,2010
Kazakhstan,KAZ,Children 0-14,40.000,2011
Kazakhstan,KAZ,Children 0-14,39.231,2012
Kazakhstan,KAZ,Children 0-14,39.231,2013
Kazakhstan,KAZ,Children 0-14,39.231,2014
Kazakhstan,KAZ,Children 0-14,71.538,2015
Kazakhstan,KAZ,Children 0-14,45.385,2016
Kazakhstan,KAZ,Children 0-14,46.154,2017
Kazakhstan,KAZ,Children 0-14,49.231,2018
Kazakhstan,KAZ,Children 0-14,60.000,2019
Kazakhstan,KAZ,Children 0-14,38.462,2020
Kazakhstan,KAZ,Children 0-14,33.077,2021
Kazakhstan,KAZ,Children 0-14,30.769,2022
Kazakhstan,KAZ,Children 0-14,19.231,2023
Kazakhstan,KAZ,Education,0.000,1960
Kazakhstan,KAZ,Education,0.000,1961
Kazakhstan,KAZ,Education,0.000,1962
Kazakhstan,KAZ,Education,0.000,1963
Kazakhstan,KAZ,Education,0.000,1964
Kazakhstan,KAZ,Education,0.000,1965
Kazakhstan,KAZ,Education,0.000,1966
Kazakhstan,KAZ,Education,0.000,1967
Kazakhstan,KAZ,Education,0.000,1968
Kazakhstan,KAZ,Education,0.000,1969
Kazakhstan,KAZ,Education,0.000,1970
Kazakhstan,KAZ,Education,0.000,1971
Kazakhstan,KAZ,Education,0.000,1972
Kazakhstan,KAZ,Education,0.000,1973
Kazakhstan,KAZ,Education,0.000,1974
Kazakhstan,KAZ,Education,0.000,1975
Kazakhstan,KAZ,Education,0.000,1976
Kazakhstan,KAZ,Education,0.000,1977
Kazakhstan,KAZ,Education,0.000,1978
Kazakhstan,KAZ,Education,0.000,1979
Kazakhstan,KAZ,Education,0.000,1980
Kazakhstan,KAZ,Education,4.294,1981
Kazakhstan,KAZ,Education,0.000,1982
Kazakhstan,KAZ,Education,0.000,1983
Kazakhstan,KAZ,Education,0.000,1984
Kazakhstan,KAZ,Education,0.000,1985
Kazakhstan,KAZ,Education,4.908,1986
Kazakhstan,KAZ,Education,0.000,1987
Kazakhstan,KAZ,Education,0.613,1988
Kazakhstan,KAZ,Education,17.178,1989
Kazakhstan,KAZ,Education,8.589,1990
Kazakhstan,KAZ,Education,8.589,1991
Kazakhstan,KAZ,Education,8.589,1992
Kazakhstan,KAZ,Education,10.429,1993
Kazakhstan,KAZ,Education,13.497,1994
Kazakhstan,KAZ,Education,11.043,1995
Kazakhstan,KAZ,Education,9.202,1996
Kazakhstan,KAZ,Education,15.337,1997
Kazakhstan,KAZ,Education,18.405,1998
Kazakhstan,KAZ,Education,38.037,1999
Kazakhstan,KAZ,Education,41.104,2000
Kazakhstan,KAZ,Education,19.018,2001
Kazakhstan,KAZ,Education,21.472,2002
Kazakhstan,KAZ,Education,19.018,2003
Kazakhstan,KAZ,Education,20.859,2004
Kazakhstan,KAZ,Education,20.859,2005
Kazakhstan,KAZ,Education,41.718,2006
Kazakhstan,KAZ,Education,30.061,2007
Kazakhstan,KAZ,Education,18.405,2008
Kazakhstan,KAZ,Education,39.877,2009
Kazakhstan,KAZ,Education,54.601,2010
Kazakhstan,KAZ,Education,36.810,2011
Kazakhstan,KAZ,Education,35.583,2012
Kazakhstan,KAZ,Education,39.877,2013
Kazakhstan,KAZ,Education,44.785,2014
Kazakhstan,KAZ,Education,50.920,2015
Kazakhstan,KAZ,Education,51.534,2016
Kazakhstan,KAZ,Education,58.896,2017
Kazakhstan,KAZ,Education,73.006,2018
Kazakhstan,KAZ,Education,52.761,2019
Kazakhstan,KAZ,Education,38.037,2020
Kazakhstan,KAZ,Education,17.791,2021
Kazakhstan,KAZ,Education,16.564,2022
Kazakhstan,KAZ,Education,15.951,2023
Kazakhstan,KAZ,Employment and Time Use,0.000,1960
Kazakhstan,KAZ,Employment and Time Use,0.000,1961
Kazakhstan,KAZ,Employment and Time Use,0.000,1962
Kazakhstan,KAZ,Employment and Time Use,0.000,1963
Kazakhstan,KAZ,Employment and Time Use,0.000,1964
Kazakhstan,KAZ,Employment and Time Use,0.000,1965
Kazakhstan,KAZ,Employment and Time Use,0.000,1966
Kazakhstan,KAZ,Employment and Time Use,0.000,1967
Kazakhstan,KAZ,Employment and Time Use,0.000,1968
Kazakhstan,KAZ,Employment and Time Use,0.000,1969
Kazakhstan,KAZ,Employment and Time Use,21.168,1970
Kazakhstan,KAZ,Employment and Time Use,21.168,1971
Kazakhstan,KAZ,Employment and Time Use,21.168,1972
Kazakhstan,KAZ,Employment and Time Use,21.168,1973
Kazakhstan,KAZ,Employment and Time Use,21.168,1974
Kazakhstan,KAZ,Employment and Time Use,21.168,1975
Kazakhstan,KAZ,Employment and Time Use,21.168,1976
Kazakhstan,KAZ,Employment and Time Use,21.168,1977
Kazakhstan,KAZ,Employment and Time Use,21.168,1978
Kazakhstan,KAZ,Employment and Time Use,21.168,1979
Kazakhstan,KAZ,Employment and Time Use,21.168,1980
Kazakhstan,KAZ,Employment and Time Use,21.168,1981
Kazakhstan,KAZ,Employment and Time Use,21.168,1982
Kazakhstan,KAZ,Employment and Time Use,21.168,1983
Kazakhstan,KAZ,Employment and Time Use,21.168,1984
Kazakhstan,KAZ,Employment and Time Use,21.168,1985
Kazakhstan,KAZ,Employment and Time Use,21.168,1986
Kazakhstan,KAZ,Employment and Time Use,21.168,1987
Kazakhstan,KAZ,Employment and Time Use,21.168,1988
Kazakhstan,KAZ,Employment and Time Use,21.168,1989
Kazakhstan,KAZ,Employment and Time Use,31.387,1990
Kazakhstan,KAZ,Employment and Time Use,56.934,1991
Kazakhstan,KAZ,Employment and Time Use,56.934,1992
Kazakhstan,KAZ,Employment and Time Use,56.934,1993
Kazakhstan,KAZ,Employment and Time Use,56.934,1994
Kazakhstan,KAZ,Employment and Time Use,56.934,1995
Kazakhstan,KAZ,Employment and Time Use,59.124,1996
Kazakhstan,KAZ,Employment and Time Use,58.394,1997
Kazakhstan,KAZ,Employment and Time Use,58.394,1998
Kazakhstan,KAZ,Employment and Time Use,56.934,1999
Kazakhstan,KAZ,Employment and Time Use,58.394,2000
Kazakhstan,KAZ,Employment and Time Use,59.124,2001
Kazakhstan,KAZ,Employment and Time Use,69.343,2002
Kazakhstan,KAZ,Employment and Time Use,70.803,2003
Kazakhstan,KAZ,Employment and Time Use,69.343,2004
Kazakhstan,KAZ,Employment and Time Use,59.124,2005
Kazakhstan,KAZ,Employment and Time Use,62.774,2006
Kazakhstan,KAZ,Employment and Time Use,59.124,2007
Kazakhstan,KAZ,Employment and Time Use,69.343,2008
Kazakhstan,KAZ,Employment and Time Use,71.533,2009
Kazakhstan,KAZ,Employment and Time Use,71.533,2010
Kazakhstan,KAZ,Employment and Time Use,73.723,2011
Kazakhstan,KAZ,Employment and Time Use,75.182,2012
Kazakhstan,KAZ,Employment and Time Use,72.263,2013
Kazakhstan,KAZ,Employment and Time Use,59.124,2014
Kazakhstan,KAZ,Employment and Time Use,61.314,2015
Kazakhstan,KAZ,Employment and Time Use,59.124,2016
Kazakhstan,KAZ,Employment and Time Use,71.533,2017
Kazakhstan,KAZ,Employment and Time Use,59.854,2018
Kazakhstan,KAZ,Employment and Time Use,58.394,2019
Kazakhstan,KAZ,Employment and Time Use,68.613,2020
Kazakhstan,KAZ,Employment and Time Use,56.204,2021
Kazakhstan,KAZ,Employment and Time Use,70.073,2022
Kazakhstan,KAZ,Employment and Time Use,60.584,2023
Kazakhstan,KAZ,Entrepreneurship,0.000,1960
Kazakhstan,KAZ,Entrepreneurship,0.000,1961
Kazakhstan,KAZ,Entrepreneurship,0.000,1962
Kazakhstan,KAZ,Entrepreneurship,0.000,1963
Kazakhstan,KAZ,Entrepreneurship,0.000,1964
Kazakhstan,KAZ,Entrepreneurship,0.000,1965
Kazakhstan,KAZ,Entrepreneurship,0.000,1966
Kazakhstan,KAZ,Entrepreneurship,0.000,1967
Kazakhstan,KAZ,Entrepreneurship,0.000,1968
Kazakhstan,KAZ,Entrepreneurship,0.000,1969
Kazakhstan,KAZ,Entrepreneurship,9.375,1970
Kazakhstan,KAZ,Entrepreneurship,9.375,1971
Kazakhstan,KAZ,Entrepreneurship,9.375,1972
Kazakhstan,KAZ,Entrepreneurship,9.375,1973
Kazakhstan,KAZ,Entrepreneurship,9.375,1974
Kazakhstan,KAZ,Entrepreneurship,9.375,1975
Kazakhstan,KAZ,Entrepreneurship,9.375,1976
Kazakhstan,KAZ,Entrepreneurship,9.375,1977
Kazakhstan,KAZ,Entrepreneurship,9.375,1978
Kazakhstan,KAZ,Entrepreneurship,9.375,1979
Kazakhstan,KAZ,Entrepreneurship,9.375,1980
Kazakhstan,KAZ,Entrepreneurship,9.375,1981
Kazakhstan,KAZ,Entrepreneurship,9.375,1982
Kazakhstan,KAZ,Entrepreneurship,9.375,1983
Kazakhstan,KAZ,Entrepreneurship,9.375,1984
Kazakhstan,KAZ,Entrepreneurship,9.375,1985
Kazakhstan,KAZ,Entrepreneurship,9.375,1986
Kazakhstan,KAZ,Entrepreneurship,9.375,1987
Kazakhstan,KAZ,Entrepreneurship,9.375,1988
Kazakhstan,KAZ,Entrepreneurship,9.375,1989
Kazakhstan,KAZ,Entrepreneurship,9.375,1990
Kazakhstan,KAZ,Entrepreneurship,9.375,1991
Kazakhstan,KAZ,Entrepreneurship,9.375,1992
Kazakhstan,KAZ,Entrepreneurship,9.375,1993
Kazakhstan,KAZ,Entrepreneurship,9.375,1994
Kazakhstan,KAZ,Entrepreneurship,9.375,1995
Kazakhstan,KAZ,Entrepreneurship,9.375,1996
Kazakhstan,KAZ,Entrepreneurship,9.375,1997
Kazakhstan,KAZ,Entrepreneurship,9.375,1998
Kazakhstan,KAZ,Entrepreneurship,9.375,1999
Kazakhstan,KAZ,Entrepreneurship,9.375,2000
Kazakhstan,KAZ,Entrepreneurship,9.375,2001
Kazakhstan,KAZ,Entrepreneurship,9.375,2002
Kazakhstan,KAZ,Entrepreneurship,37.500,2003
Kazakhstan,KAZ,Entrepreneurship,37.500,2004
Kazakhstan,KAZ,Entrepreneurship,40.625,2005
Kazakhstan,KAZ,Entrepreneurship,37.500,2006
Kazakhstan,KAZ,Entrepreneurship,37.500,2007
Kazakhstan,KAZ,Entrepreneurship,37.500,2008
Kazakhstan,KAZ,Entrepreneurship,43.750,2009
Kazakhstan,KAZ,Entrepreneurship,37.500,2010
Kazakhstan,KAZ,Entrepreneurship,37.500,2011
Kazakhstan,KAZ,Entrepreneurship,37.500,2012
Kazakhstan,KAZ,Entrepreneurship,43.750,2013
Kazakhstan,KAZ,Entrepreneurship,68.750,2014
Kazakhstan,KAZ,Entrepreneurship,50.000,2015
Kazakhstan,KAZ,Entrepreneurship,50.000,2016
Kazakhstan,KAZ,Entrepreneurship,56.250,2017
Kazakhstan,KAZ,Entrepreneurship,37.500,2018
Kazakhstan,KAZ,Entrepreneurship,43.750,2019
Kazakhstan,KAZ,Entrepreneurship,9.375,2020
Kazakhstan,KAZ,Entrepreneurship,9.375,2021
Kazakhstan,KAZ,Entrepreneurship,9.375,2022
Kazakhstan,KAZ,Entrepreneurship,9.375,2023
Kazakhstan,KAZ,Environment,0.000,1960
Kazakhstan,KAZ,Environment,0.000,1961
Kazakhstan,KAZ,Environment,0.000,1962
Kazakhstan,KAZ,Environment,0.000,1963
Kazakhstan,KAZ,Environment,0.000,1964
Kazakhstan,KAZ,Environment,0.000,1965
Kazakhstan,KAZ,Environment,0.000,1966
Kazakhstan,KAZ,Environment,0.000,1967
Kazakhstan,KAZ,Environment,0.000,1968
Kazakhstan,KAZ,Environment,0.000,1969
Kazakhstan,KAZ,Environment,0.000,1970
Kazakhstan,KAZ,Environment,0.000,1971
Kazakhstan,KAZ,Environment,0.000,1972
Kazakhstan,KAZ,Environment,0.000,1973
Kazakhstan,KAZ,Environment,0.000,1974
Kazakhstan,KAZ,Environment,0.000,1975
Kazakhstan,KAZ,Environment,0.000,1976
Kazakhstan,KAZ,Environment,0.000,1977
Kazakhstan,KAZ,Environment,0.000,1978
Kazakhstan,KAZ,Environment,0.000,1979
Kazakhstan,KAZ,Environment,0.000,1980
Kazakhstan,KAZ,Environment,0.000,1981
Kazakhstan,KAZ,Environment,0.000,1982
Kazakhstan,KAZ,Environment,0.000,1983
Kazakhstan,KAZ,Environment,0.000,1984
Kazakhstan,KAZ,Environment,0.000,1985
Kazakhstan,KAZ,Environment,0.000,1986
Kazakhstan,KAZ,Environment,0.000,1987
Kazakhstan,KAZ,Environment,0.000,1988
Kazakhstan,KAZ,Environment,0.000,1989
Kazakhstan,KAZ,Environment,0.000,1990
Kazakhstan,KAZ,Environment,0.000,1991
Kazakhstan,KAZ,Environment,0.000,1992
Kazakhstan,KAZ,Environment,0.000,1993
Kazakhstan,KAZ,Environment,0.000,1994
Kazakhstan,KAZ,Environment,10.000,1995
Kazakhstan,KAZ,Environment,0.000,1996
Kazakhstan,KAZ,Environment,0.000,1997
Kazakhstan,KAZ,Environment,0.000,1998
Kazakhstan,KAZ,Environment,10.000,1999
Kazakhstan,KAZ,Environment,10.000,2000
Kazakhstan,KAZ,Environment,10.000,2001
Kazakhstan,KAZ,Environment,10.000,2002
Kazakhstan,KAZ,Environment,10.000,2003
Kazakhstan,KAZ,Environment,10.000,2004
Kazakhstan,KAZ,Environment,10.000,2005
Kazakhstan,KAZ,Environment,10.000,2006
Kazakhstan,KAZ,Environment,10.000,2007
Kazakhstan,KAZ,Environment,10.000,2008
Kazakhstan,KAZ,Environment,10.000,2009
Kazakhstan,KAZ,Environment,10.000,2010
Kazakhstan,KAZ,Environment,10.000,2011
Kazakhstan,KAZ,Environment,10.000,2012
Kazakhstan,KAZ,Environment,13.333,2013
Kazakhstan,KAZ,Environment,23.333,2014
Kazakhstan,KAZ,Environment,13.333,2015
Kazakhstan,KAZ,Environment,13.333,2016
Kazakhstan,KAZ,Environment,23.333,2017
Kazakhstan,KAZ,Environment,13.333,2018
Kazakhstan,KAZ,Environment,33.333,2019
Kazakhstan,KAZ,Environment,10.000,2020
Kazakhstan,KAZ,Environment,20.000,2021
Kazakhstan,KAZ,Environment,10.000,2022
Kazakhstan,KAZ,Environment,0.000,2023
Kazakhstan,KAZ,Health,3.030,1960
Kazakhstan,KAZ,Health,3.030,1961
Kazakhstan,KAZ,Health,3.030,1962
Kazakhstan,KAZ,Health,3.030,1963
Kazakhstan,KAZ,Health,3.030,1964
Kazakhstan,KAZ,Health,3.030,1965
Kazakhstan,KAZ,Health,3.030,1966
Kazakhstan,KAZ,Health,3.030,1967
Kazakhstan,KAZ,Health,3.030,1968
Kazakhstan,KAZ,Health,3.030,1969
Kazakhstan,KAZ,Health,3.030,1970
Kazakhstan,KAZ,Health,6.061,1971
Kazakhstan,KAZ,Health,7.576,1972
Kazakhstan,KAZ,Health,7.576,1973
Kazakhstan,KAZ,Health,7.576,1974
Kazakhstan,KAZ,Health,10.101,1975
Kazakhstan,KAZ,Health,11.111,1976
Kazakhstan,KAZ,Health,11.111,1977
Kazakhstan,KAZ,Health,11.111,1978
Kazakhstan,KAZ,Health,11.111,1979
Kazakhstan,KAZ,Health,11.111,1980
Kazakhstan,KAZ,Health,11.111,1981
Kazakhstan,KAZ,Health,11.111,1982
Kazakhstan,KAZ,Health,11.111,1983
Kazakhstan,KAZ,Health,11.111,1984
Kazakhstan,KAZ,Health,11.616,1985
Kazakhstan,KAZ,Health,11.616,1986
Kazakhstan,KAZ,Health,11.616,1987
Kazakhstan,KAZ,Health,11.616,1988
Kazakhstan,KAZ,Health,12.121,1989
Kazakhstan,KAZ,Health,12.121,1990
Kazakhstan,KAZ,Health,12.121,1991
Kazakhstan,KAZ,Health,13.636,1992
Kazakhstan,KAZ,Health,13.636,1993
Kazakhstan,KAZ,Health,13.636,1994
Kazakhstan,KAZ,Health,24.747,1995
Kazakhstan,KAZ,Health,13.636,1996
Kazakhstan,KAZ,Health,13.636,1997
Kazakhstan,KAZ,Health,13.636,1998
Kazakhstan,KAZ,Health,32.323,1999
Kazakhstan,KAZ,Health,52.020,2000
Kazakhstan,KAZ,Health,27.273,2001
Kazakhstan,KAZ,Health,27.273,2002
Kazakhstan,KAZ,Health,27.273,2003
Kazakhstan,KAZ,Health,27.273,2004
Kazakhstan,KAZ,Health,28.788,2005
Kazakhstan,KAZ,Health,37.374,2006
Kazakhstan,KAZ,Health,27.273,2007
Kazakhstan,KAZ,Health,27.273,2008
Kazakhstan,KAZ,Health,26.768,2009
Kazakhstan,KAZ,Health,63.636,2010
Kazakhstan,KAZ,Health,31.818,2011
Kazakhstan,KAZ,Health,27.273,2012
Kazakhstan,KAZ,Health,27.778,2013
Kazakhstan,KAZ,Health,28.788,2014
Kazakhstan,KAZ,Health,63.131,2015
Kazakhstan,KAZ,Health,27.273,2016
Kazakhstan,KAZ,Health,30.303,2017
Kazakhstan,KAZ,Health,32.323,2018
Kazakhstan,KAZ,Health,51.515,2019
Kazakhstan,KAZ,Health,22.727,2020
Kazakhstan,KAZ,Health,14.646,2021
Kazakhstan,KAZ,Health,12.121,2022
Kazakhstan,KAZ,Health,1.010,2023
Kazakhstan,KAZ,Leadership,0.000,1960
Kazakhstan,KAZ,Leadership,0.000,1961
Kazakhstan,KAZ,Leadership,0.000,1962
Kazakhstan,KAZ,Leadership,0.000,1963
Kazakhstan,KAZ,Leadership,0.000,1964
Kazakhstan,KAZ,Leadership,0.000,1965
Kazakhstan,KAZ,Leadership,0.000,1966
Kazakhstan,KAZ,Leadership,0.000,1967
Kazakhstan,KAZ,Leadership,0.000,1968
Kazakhstan,KAZ,Leadership,0.000,1969
Kazakhstan,KAZ,Leadership,0.000,1970
Kazakhstan,KAZ,Leadership,0.000,1971
Kazakhstan,KAZ,Leadership,0.000,1972
Kazakhstan,KAZ,Leadership,0.000,1973
Kazakhstan,KAZ,Leadership,0.000,1974
Kazakhstan,KAZ,Leadership,0.000,1975
Kazakhstan,KAZ,Leadership,0.000,1976
Kazakhstan,KAZ,Leadership,0.000,1977
Kazakhstan,KAZ,Leadership,0.000,1978
Kazakhstan,KAZ,Leadership,0.000,1979
Kazakhstan,KAZ,Leadership,0.000,1980
Kazakhstan,KAZ,Leadership,0.000,1981
Kazakhstan,KAZ,Leadership,0.000,1982
Kazakhstan,KAZ,Leadership,0.000,1983
Kazakhstan,KAZ,Leadership,0.000,1984
Kazakhstan,KAZ,Leadership,0.000,1985
Kazakhstan,KAZ,Leadership,0.000,1986
Kazakhstan,KAZ,Leadership,0.000,1987
Kazakhstan,KAZ,Leadership,0.000,1988
Kazakhstan,KAZ,Leadership,0.000,1989
Kazakhstan,KAZ,Leadership,0.000,1990
Kazakhstan,KAZ,Leadership,0.000,1991
Kazakhstan,KAZ,Leadership,0.000,1992
Kazakhstan,KAZ,Leadership,0.000,1993
Kazakhstan,KAZ,Leadership,0.000,1994
Kazakhstan,KAZ,Leadership,0.000,1995
Kazakhstan,KAZ,Leadership,0.000,1996
Kazakhstan,KAZ,Leadership,25.000,1997
Kazakhstan,KAZ,Leadership,25.000,1998
Kazakhstan,KAZ,Leadership,25.000,1999
Kazakhstan,KAZ,Leadership,25.000,2000
Kazakhstan,KAZ,Leadership,25.000,2001
Kazakhstan,KAZ,Leadership,25.000,2002
Kazakhstan,KAZ,Leadership,25.000,2003
Kazakhstan,KAZ,Leadership,25.000,2004
Kazakhstan,KAZ,Leadership,50.000,2005
Kazakhstan,KAZ,Leadership,25.000,2006
Kazakhstan,KAZ,Leadership,25.000,2007
Kazakhstan,KAZ,Leadership,50.000,2008
Kazakhstan,KAZ,Leadership,50.000,2009
Kazakhstan,KAZ,Leadership,50.000,2010
Kazakhstan,KAZ,Leadership,25.000,2011
Kazakhstan,KAZ,Leadership,50.000,2012
Kazakhstan,KAZ,Leadership,50.000,2013
Kazakhstan,KAZ,Leadership,50.000,2014
Kazakhstan,KAZ,Leadership,50.000,2015
Kazakhstan,KAZ,Leadership,50.000,2016
Kazakhstan,KAZ,Leadership,25.000,2017
Kazakhstan,KAZ,Leadership,50.000,2018
Kazakhstan,KAZ,Leadership,75.000,2019
Kazakhstan,KAZ,Leadership,50.000,2020
Kazakhstan,KAZ,Leadership,25.000,2021
Kazakhstan,KAZ,Leadership,50.000,2022
Kazakhstan,KAZ,Leadership,25.000,2023
Kazakhstan,KAZ,Norms and Decision-making,0.000,1960
Kazakhstan,KAZ,Norms and Decision-making,0.000,1961
Kazakhstan,KAZ,Norms and Decision-making,0.000,1962
Kazakhstan,KAZ,Norms and Decision-making,0.000,1963
Kazakhstan,KAZ,Norms and Decision-making,0.000,1964
Kazakhstan,KAZ,Norms and Decision-making,0.000,1965
Kazakhstan,KAZ,Norms and Decision-making,0.000,1966
Kazakhstan,KAZ,Norms and Decision-making,0.000,1967
Kazakhstan,KAZ,Norms and Decision-making,0.000,1968
Kazakhstan,KAZ,Norms and Decision-making,0.000,1969
Kazakhstan,KAZ,Norms and Decision-making,12.593,1970
Kazakhstan,KAZ,Norms and Decision-making,12.593,1971
Kazakhstan,KAZ,Norms and Decision-making,12.593,1972
Kazakhstan,KAZ,Norms and Decision-making,12.593,1973
Kazakhstan,KAZ,Norms and Decision-making,12.593,1974
Kazakhstan,KAZ,Norms and Decision-making,12.593,1975
Kazakhstan,KAZ,Norms and Decision-making,12.593,1976
Kazakhstan,KAZ,Norms and Decision-making,12.593,1977
Kazakhstan,KAZ,Norms and Decision-making,12.593,1978
Kazakhstan,KAZ,Norms and Decision-making,14.074,1979
Kazakhstan,KAZ,Norms and Decision-making,12.593,1980
Kazakhstan,KAZ,Norms and Decision-making,12.593,1981
Kazakhstan,KAZ,Norms and Decision-making,12.593,1982
Kazakhstan,KAZ,Norms and Decision-making,12.593,1983
Kazakhstan,KAZ,Norms and Decision-making,12.593,1984
Kazakhstan,KAZ,Norms and Decision-making,12.593,1985
Kazakhstan,KAZ,Norms and Decision-making,12.593,1986
Kazakhstan,KAZ,Norms and Decision-making,12.593,1987
Kazakhstan,KAZ,Norms and Decision-making,12.593,1988
Kazakhstan,KAZ,Norms and Decision-making,14.074,1989
Kazakhstan,KAZ,Norms and Decision-making,12.593,1990
Kazakhstan,KAZ,Norms and Decision-making,12.593,1991
Kazakhstan,KAZ,Norms and Decision-making,12.593,1992
Kazakhstan,KAZ,Norms and Decision-making,12.593,1993
Kazakhstan,KAZ,Norms and Decision-making,12.593,1994
Kazakhstan,KAZ,Norms and Decision-making,17.778,1995
Kazakhstan,KAZ,Norms and Decision-making,12.593,1996
Kazakhstan,KAZ,Norms and Decision-making,12.593,1997
Kazakhstan,KAZ,Norms and Decision-making,12.593,1998
Kazakhstan,KAZ,Norms and Decision-making,22.963,1999
Kazakhstan,KAZ,Norms and Decision-making,12.593,2000
Kazakhstan,KAZ,Norms and Decision-making,12.593,2001
Kazakhstan,KAZ,Norms and Decision-making,12.593,2002
Kazakhstan,KAZ,Norms and Decision-making,12.593,2003
Kazakhstan,KAZ,Norms and Decision-making,12.593,2004
Kazakhstan,KAZ,Norms and Decision-making,12.593,2005
Kazakhstan,KAZ,Norms and Decision-making,14.815,2006
Kazakhstan,KAZ,Norms and Decision-making,12.593,2007
Kazakhstan,KAZ,Norms and Decision-making,12.593,2008
Kazakhstan,KAZ,Norms and Decision-making,14.074,2009
Kazakhstan,KAZ,Norms and Decision-making,12.593,2010
Kazakhstan,KAZ,Norms and Decision-making,17.037,2011
Kazakhstan,KAZ,Norms and Decision-making,12.593,2012
Kazakhstan,KAZ,Norms and Decision-making,12.593,2013
Kazakhstan,KAZ,Norms and Decision-making,12.593,2014
Kazakhstan,KAZ,Norms and Decision-making,16.296,2015
Kazakhstan,KAZ,Norms and Decision-making,12.593,2016
Kazakhstan,KAZ,Norms and Decision-making,12.593,2017
Kazakhstan,KAZ,Norms and Decision-making,12.593,2018
Kazakhstan,KAZ,Norms and Decision-making,12.593,2019
Kazakhstan,KAZ,Norms and Decision-making,12.593,2020
Kazakhstan,KAZ,Norms and Decision-making,12.593,2021
Kazakhstan,KAZ,Norms and Decision-making,12.593,2022
Kazakhstan,KAZ,Norms and Decision-making,12.593,2023
Kazakhstan,KAZ,Population,86.905,1960
Kazakhstan,KAZ,Population,86.905,1961
Kazakhstan,KAZ,Population,86.905,1962
Kazakhstan,KAZ,Population,86.905,1963
Kazakhstan,KAZ,Population,86.905,1964
Kazakhstan,KAZ,Population,86.905,1965
Kazakhstan,KAZ,Population,86.905,1966
Kazakhstan,KAZ,Population,86.905,1967
Kazakhstan,KAZ,Population,86.905,1968
Kazakhstan,KAZ,Population,86.905,1969
Kazakhstan,KAZ,Population,86.905,1970
Kazakhstan,KAZ,Population,86.905,1971
Kazakhstan,KAZ,Population,86.905,1972
Kazakhstan,KAZ,Population,86.905,1973
Kazakhstan,KAZ,Population,86.905,1974
Kazakhstan,KAZ,Population,86.905,1975
Kazakhstan,KAZ,Population,86.905,1976
Kazakhstan,KAZ,Population,86.905,1977
Kazakhstan,KAZ,Population,86.905,1978
Kazakhstan,KAZ,Population,89.286,1979
Kazakhstan,KAZ,Population,91.667,1980
Kazakhstan,KAZ,Population,86.905,1981
Kazakhstan,KAZ,Population,86.905,1982
Kazakhstan,KAZ,Population,86.905,1983
Kazakhstan,KAZ,Population,86.905,1984
Kazakhstan,KAZ,Population,91.667,1985
Kazakhstan,KAZ,Population,86.905,1986
Kazakhstan,KAZ,Population,86.905,1987
Kazakhstan,KAZ,Population,86.905,1988
Kazakhstan,KAZ,Population,89.286,1989
Kazakhstan,KAZ,Population,92.857,1990
Kazakhstan,KAZ,Population,86.905,1991
Kazakhstan,KAZ,Population,86.905,1992
Kazakhstan,KAZ,Population,86.905,1993
Kazakhstan,KAZ,Population,86.905,1994
Kazakhstan,KAZ,Population,95.238,1995
Kazakhstan,KAZ,Population,86.905,1996
Kazakhstan,KAZ,Population,86.905,1997
Kazakhstan,KAZ,Population,86.905,1998
Kazakhstan,KAZ,Population,90.476,1999
Kazakhstan,KAZ,Population,92.857,2000
Kazakhstan,KAZ,Population,86.905,2001
Kazakhstan,KAZ,Population,86.905,2002
Kazakhstan,KAZ,Population,86.905,2003
Kazakhstan,KAZ,Population,86.905,2004
Kazakhstan,KAZ,Population,92.857,2005
Kazakhstan,KAZ,Population,89.286,2006
Kazakhstan,KAZ,Population,86.905,2007
Kazakhstan,KAZ,Population,86.905,2008
Kazakhstan,KAZ,Population,89.286,2009
Kazakhstan,KAZ,Population,92.857,2010
Kazakhstan,KAZ,Population,90.476,2011
Kazakhstan,KAZ,Population,86.905,2012
Kazakhstan,KAZ,Population,86.905,2013
Kazakhstan,KAZ,Population,86.905,2014
Kazakhstan,KAZ,Population,97.619,2015
Kazakhstan,KAZ,Population,86.905,2016
Kazakhstan,KAZ,Population,86.905,2017
Kazakhstan,KAZ,Population,86.905,2018
Kazakhstan,KAZ,Population,86.905,2019
Kazakhstan,KAZ,Population,88.095,2020
Kazakhstan,KAZ,Population,86.905,2021
Kazakhstan,KAZ,Population,86.905,2022
Kazakhstan,KAZ,Population,77.381,2023
Kazakhstan,KAZ,SDGs,0.671,1960
Kazakhstan,KAZ,SDGs,0.671,1961
Kazakhstan,KAZ,SDGs,0.671,1962
Kazakhstan,KAZ,SDGs,0.671,1963
Kazakhstan,KAZ,SDGs,0.671,1964
Kazakhstan,KAZ,SDGs,0.671,1965
Kazakhstan,KAZ,SDGs,0.671,1966
Kazakhstan,KAZ,SDGs,0.671,1967
Kazakhstan,KAZ,SDGs,0.671,1968
Kazakhstan,KAZ,SDGs,0.671,1969
Kazakhstan,KAZ,SDGs,9.396,1970
Kazakhstan,KAZ,SDGs,11.409,1971
Kazakhstan,KAZ,SDGs,11.409,1972
Kazakhstan,KAZ,SDGs,11.409,1973
Kazakhstan,KAZ,SDGs,11.409,1974
Kazakhstan,KAZ,SDGs,11.409,1975
Kazakhstan,KAZ,SDGs,11.409,1976
Kazakhstan,KAZ,SDGs,11.409,1977
Kazakhstan,KAZ,SDGs,11.409,1978
Kazakhstan,KAZ,SDGs,11.409,1979
Kazakhstan,KAZ,SDGs,11.409,1980
Kazakhstan,KAZ,SDGs,11.409,1981
Kazakhstan,KAZ,SDGs,11.409,1982
Kazakhstan,KAZ,SDGs,11.409,1983
Kazakhstan,KAZ,SDGs,11.409,1984
Kazakhstan,KAZ,SDGs,12.081,1985
Kazakhstan,KAZ,SDGs,12.081,1986
Kazakhstan,KAZ,SDGs,12.081,1987
Kazakhstan,KAZ,SDGs,12.081,1988
Kazakhstan,KAZ,SDGs,12.752,1989
Kazakhstan,KAZ,SDGs,12.752,1990
Kazakhstan,KAZ,SDGs,17.450,1991
Kazakhstan,KAZ,SDGs,18.121,1992
Kazakhstan,KAZ,SDGs,18.121,1993
Kazakhstan,KAZ,SDGs,18.121,1994
Kazakhstan,KAZ,SDGs,20.134,1995
Kazakhstan,KAZ,SDGs,18.121,1996
Kazakhstan,KAZ,SDGs,18.792,1997
Kazakhstan,KAZ,SDGs,18.792,1998
Kazakhstan,KAZ,SDGs,20.805,1999
Kazakhstan,KAZ,SDGs,65.101,2000
Kazakhstan,KAZ,SDGs,32.886,2001
Kazakhstan,KAZ,SDGs,34.899,2002
Kazakhstan,KAZ,SDGs,36.242,2003
Kazakhstan,KAZ,SDGs,34.899,2004
Kazakhstan,KAZ,SDGs,33.557,2005
Kazakhstan,KAZ,SDGs,32.886,2006
Kazakhstan,KAZ,SDGs,31.544,2007
Kazakhstan,KAZ,SDGs,34.899,2008
Kazakhstan,KAZ,SDGs,34.228,2009
Kazakhstan,KAZ,SDGs,67.114,2010
Kazakhstan,KAZ,SDGs,36.913,2011
Kazakhstan,KAZ,SDGs,36.242,2012
Kazakhstan,KAZ,SDGs,34.899,2013
Kazakhstan,KAZ,SDGs,33.557,2014
Kazakhstan,KAZ,SDGs,65.101,2015
Kazakhstan,KAZ,SDGs,32.886,2016
Kazakhstan,KAZ,SDGs,36.242,2017
Kazakhstan,KAZ,SDGs,35.570,2018
Kazakhstan,KAZ,SDGs,66.443,2019
Kazakhstan,KAZ,SDGs,27.517,2020
Kazakhstan,KAZ,SDGs,20.805,2021
Kazakhstan,KAZ,SDGs,22.819,2022
Kazakhstan,KAZ,SDGs,14.094,2023
Kazakhstan,KAZ,Technology,0.000,1960
Kazakhstan,KAZ,Technology,0.000,1961
Kazakhstan,KAZ,Technology,0.000,1962
Kazakhstan,KAZ,Technology,0.000,1963
Kazakhstan,KAZ,Technology,0.000,1964
Kazakhstan,KAZ,Technology,0.000,1965
Kazakhstan,KAZ,Technology,0.000,1966
Kazakhstan,KAZ,Technology,0.000,1967
Kazakhstan,KAZ,Technology,0.000,1968
Kazakhstan,KAZ,Technology,0.000,1969
Kazakhstan,KAZ,Technology,0.000,1970
Kazakhstan,KAZ,Technology,0.000,1971
Kazakhstan,KAZ,Technology,0.000,1972
Kazakhstan,KAZ,Technology,0.000,1973
Kazakhstan,KAZ,Technology,0.000,1974
Kazakhstan,KAZ,Technology,0.000,1975
Kazakhstan,KAZ,Technology,0.000,1976
Kazakhstan,KAZ,Technology,0.000,1977
Kazakhstan,KAZ,Technology,0.000,1978
Kazakhstan,KAZ,Technology,0.000,1979
Kazakhstan,KAZ,Technology,0.000,1980
Kazakhstan,KAZ,Technology,0.000,1981
Kazakhstan,KAZ,Technology,0.000,1982
Kazakhstan,KAZ,Technology,0.000,1983
Kazakhstan,KAZ,Technology,0.000,1984
Kazakhstan,KAZ,Technology,0.000,1985
Kazakhstan,KAZ,Technology,0.000,1986
Kazakhstan,KAZ,Technology,0.000,1987
Kazakhstan,KAZ,Technology,0.000,1988
Kazakhstan,KAZ,Technology,0.000,1989
Kazakhstan,KAZ,Technology,2.222,1990
Kazakhstan,KAZ,Technology,2.222,1991
Kazakhstan,KAZ,Technology,2.222,1992
Kazakhstan,KAZ,Technology,2.222,1993
Kazakhstan,KAZ,Technology,2.222,1994
Kazakhstan,KAZ,Technology,2.222,1995
Kazakhstan,KAZ,Technology,2.222,1996
Kazakhstan,KAZ,Technology,2.222,1997
Kazakhstan,KAZ,Technology,2.222,1998
Kazakhstan,KAZ,Technology,2.222,1999
Kazakhstan,KAZ,Technology,2.222,2000
Kazakhstan,KAZ,Technology,2.222,2001
Kazakhstan,KAZ,Technology,2.222,2002
Kazakhstan,KAZ,Technology,2.222,2003
Kazakhstan,KAZ,Technology,2.222,2004
Kazakhstan,KAZ,Technology,2.222,2005
Kazakhstan,KAZ,Technology,2.222,2006
Kazakhstan,KAZ,Technology,2.222,2007
Kazakhstan,KAZ,Technology,2.222,2008
Kazakhstan,KAZ,Technology,2.222,2009
Kazakhstan,KAZ,Technology,2.222,2010
Kazakhstan,KAZ,Technology,8.889,2011
Kazakhstan,KAZ,Technology,2.222,2012
Kazakhstan,KAZ,Technology,4.444,2013
Kazakhstan,KAZ,Technology,31.111,2014
Kazakhstan,KAZ,Technology,8.889,2015
Kazakhstan,KAZ,Technology,13.333,2016
Kazakhstan,KAZ,Technology,60.000,2017
Kazakhstan,KAZ,Technology,13.333,2018
Kazakhstan,KAZ,Technology,13.333,2019
Kazakhstan,KAZ,Technology,6.667,2020
Kazakhstan,KAZ,Technology,73.333,2021
Kazakhstan,KAZ,Technology,6.667,2022
Kazakhstan,KAZ,Technology,6.667,2023
Kazakhstan,KAZ,Violence,0.000,1960
Kazakhstan,KAZ,Violence,0.000,1961
Kazakhstan,KAZ,Violence,0.000,1962
Kazakhstan,KAZ,Violence,0.000,1963
Kazakhstan,KAZ,Violence,0.000,1964
Kazakhstan,KAZ,Violence,0.000,1965
Kazakhstan,KAZ,Violence,0.000,1966
Kazakhstan,KAZ,Violence,0.000,1967
Kazakhstan,KAZ,Violence,0.000,1968
Kazakhstan,KAZ,Violence,0.000,1969
Kazakhstan,KAZ,Violence,2.143,1970
Kazakhstan,KAZ,Violence,2.143,1971
Kazakhstan,KAZ,Violence,2.143,1972
Kazakhstan,KAZ,Violence,2.143,1973
Kazakhstan,KAZ,Violence,2.143,1974
Kazakhstan,KAZ,Violence,2.143,1975
Kazakhstan,KAZ,Violence,2.143,1976
Kazakhstan,KAZ,Violence,2.143,1977
Kazakhstan,KAZ,Violence,2.143,1978
Kazakhstan,KAZ,Violence,2.143,1979
Kazakhstan,KAZ,Violence,2.143,1980
Kazakhstan,KAZ,Violence,2.143,1981
Kazakhstan,KAZ,Violence,2.143,1982
Kazakhstan,KAZ,Violence,2.143,1983
Kazakhstan,KAZ,Violence,2.143,1984
Kazakhstan,KAZ,Violence,2.143,1985
Kazakhstan,KAZ,Violence,2.143,1986
Kazakhstan,KAZ,Violence,2.143,1987
Kazakhstan,KAZ,Violence,2.143,1988
Kazakhstan,KAZ,Violence,2.143,1989
Kazakhstan,KAZ,Violence,2.857,1990
Kazakhstan,KAZ,Violence,2.857,1991
Kazakhstan,KAZ,Violence,2.857,1992
Kazakhstan,KAZ,Violence,2.857,1993
Kazakhstan,KAZ,Violence,2.857,1994
Kazakhstan,KAZ,Violence,5.714,1995
Kazakhstan,KAZ,Violence,2.857,1996
Kazakhstan,KAZ,Violence,2.857,1997
Kazakhstan,KAZ,Violence,2.857,1998
Kazakhstan,KAZ,Violence,7.143,1999
Kazakhstan,KAZ,Violence,5.000,2000
Kazakhstan,KAZ,Violence,5.000,2001
Kazakhstan,KAZ,Violence,5.000,2002
Kazakhstan,KAZ,Violence,5.000,2003
Kazakhstan,KAZ,Violence,5.000,2004
Kazakhstan,KAZ,Violence,4.286,2005
Kazakhstan,KAZ,Violence,4.286,2006
Kazakhstan,KAZ,Violence,4.286,2007
Kazakhstan,KAZ,Violence,6.429,2008
Kazakhstan,KAZ,Violence,6.429,2009
Kazakhstan,KAZ,Violence,6.429,2010
Kazakhstan,KAZ,Violence,6.429,2011
Kazakhstan,KAZ,Violence,6.429,2012
Kazakhstan,KAZ,Violence,6.429,2013
Kazakhstan,KAZ,Violence,6.429,2014
Kazakhstan,KAZ,Violence,7.857,2015
Kazakhstan,KAZ,Violence,4.286,2016
Kazakhstan,KAZ,Violence,6.429,2017
Kazakhstan,KAZ,Violence,7.143,2018
Kazakhstan,KAZ,Violence,4.286,2019
Kazakhstan,KAZ,Violence,4.286,2020
Kazakhstan,KAZ,Violence,2.143,2021
Kazakhstan,KAZ,Violence,2.143,2022
Kazakhstan,KAZ,Violence,2.143,2023
Kazakhstan,KAZ,Youth 15-24,4.587,1960
Kazakhstan,KAZ,Youth 15-24,4.587,1961
Kazakhstan,KAZ,Youth 15-24,4.587,1962
Kazakhstan,KAZ,Youth 15-24,4.587,1963
Kazakhstan,KAZ,Youth 15-24,4.587,1964
Kazakhstan,KAZ,Youth 15-24,4.587,1965
Kazakhstan,KAZ,Youth 15-24,4.587,1966
Kazakhstan,KAZ,Youth 15-24,4.587,1967
Kazakhstan,KAZ,Youth 15-24,4.587,1968
Kazakhstan,KAZ,Youth 15-24,4.587,1969
Kazakhstan,KAZ,Youth 15-24,4.587,1970
Kazakhstan,KAZ,Youth 15-24,4.587,1971
Kazakhstan,KAZ,Youth 15-24,4.587,1972
Kazakhstan,KAZ,Youth 15-24,4.587,1973
Kazakhstan,KAZ,Youth 15-24,4.587,1974
Kazakhstan,KAZ,Youth 15-24,4.587,1975
Kazakhstan,KAZ,Youth 15-24,4.587,1976
Kazakhstan,KAZ,Youth 15-24,4.587,1977
Kazakhstan,KAZ,Youth 15-24,4.587,1978
Kazakhstan,KAZ,Youth 15-24,4.587,1979
Kazakhstan,KAZ,Youth 15-24,4.587,1980
Kazakhstan,KAZ,Youth 15-24,8.257,1981
Kazakhstan,KAZ,Youth 15-24,4.587,1982
Kazakhstan,KAZ,Youth 15-24,4.587,1983
Kazakhstan,KAZ,Youth 15-24,4.587,1984
Kazakhstan,KAZ,Youth 15-24,4.587,1985
Kazakhstan,KAZ,Youth 15-24,8.257,1986
Kazakhstan,KAZ,Youth 15-24,4.587,1987
Kazakhstan,KAZ,Youth 15-24,5.505,1988
Kazakhstan,KAZ,Youth 15-24,18.349,1989
Kazakhstan,KAZ,Youth 15-24,11.009,1990
Kazakhstan,KAZ,Youth 15-24,17.431,1991
Kazakhstan,KAZ,Youth 15-24,17.431,1992
Kazakhstan,KAZ,Youth 15-24,21.101,1993
Kazakhstan,KAZ,Youth 15-24,20.183,1994
Kazakhstan,KAZ,Youth 15-24,21.101,1995
Kazakhstan,KAZ,Youth 15-24,18.349,1996
Kazakhstan,KAZ,Youth 15-24,23.853,1997
Kazakhstan,KAZ,Youth 15-24,31.193,1998
Kazakhstan,KAZ,Youth 15-24,58.716,1999
Kazakhstan,KAZ,Youth 15-24,44.954,2000
Kazakhstan,KAZ,Youth 15-24,20.183,2001
Kazakhstan,KAZ,Youth 15-24,26.606,2002
Kazakhstan,KAZ,Youth 15-24,26.606,2003
Kazakhstan,KAZ,Youth 15-24,26.606,2004
Kazakhstan,KAZ,Youth 15-24,20.183,2005
Kazakhstan,KAZ,Youth 15-24,44.954,2006
Kazakhstan,KAZ,Youth 15-24,25.688,2007
Kazakhstan,KAZ,Youth 15-24,23.853,2008
Kazakhstan,KAZ,Youth 15-24,42.202,2009
Kazakhstan,KAZ,Youth 15-24,52.294,2010
Kazakhstan,KAZ,Youth 15-24,44.954,2011
Kazakhstan,KAZ,Youth 15-24,43.119,2012
Kazakhstan,KAZ,Youth 15-24,48.624,2013
Kazakhstan,KAZ,Youth 15-24,47.706,2014
Kazakhstan,KAZ,Youth 15-24,56.881,2015
Kazakhstan,KAZ,Youth 15-24,54.128,2016
Kazakhstan,KAZ,Youth 15-24,56.881,2017
Kazakhstan,KAZ,Youth 15-24,67.890,2018
Kazakhstan,KAZ,Youth 15-24,55.963,2019
Kazakhstan,KAZ,Youth 15-24,33.028,2020
Kazakhstan,KAZ,Youth 15-24,21.101,2021
Kazakhstan,KAZ,Youth 15-24,24.771,2022
Kazakhstan,KAZ,Youth 15-24,20.183,2023
