Country Name,Country Code,Topic,% of available indicators,Year
Lithuania,LTU,Assets,0.000,1960
Lithuania,LTU,Assets,0.000,1961
Lithuania,LTU,Assets,0.000,1962
Lithuania,LTU,Assets,0.000,1963
Lithuania,LTU,Assets,0.000,1964
Lithuania,LTU,Assets,0.000,1965
Lithuania,LTU,Assets,0.000,1966
Lithuania,LTU,Assets,0.000,1967
Lithuania,LTU,Assets,0.000,1968
Lithuania,LTU,Assets,0.000,1969
Lithuania,LTU,Assets,2.208,1970
Lithuania,LTU,Assets,2.208,1971
Lithuania,LTU,Assets,2.208,1972
Lithuania,LTU,Assets,2.208,1973
Lithuania,LTU,Assets,2.208,1974
Lithuania,LTU,Assets,2.208,1975
Lithuania,LTU,Assets,2.208,1976
Lithuania,LTU,Assets,2.208,1977
Lithuania,LTU,Assets,2.208,1978
Lithuania,LTU,Assets,2.208,1979
Lithuania,LTU,Assets,2.208,1980
Lithuania,LTU,Assets,2.208,1981
Lithuania,LTU,Assets,2.208,1982
Lithuania,LTU,Assets,2.208,1983
Lithuania,LTU,Assets,2.208,1984
Lithuania,LTU,Assets,2.208,1985
Lithuania,LTU,Assets,2.208,1986
Lithuania,LTU,Assets,2.208,1987
Lithuania,LTU,Assets,2.208,1988
Lithuania,LTU,Assets,2.208,1989
Lithuania,LTU,Assets,2.208,1990
Lithuania,LTU,Assets,2.208,1991
Lithuania,LTU,Assets,2.208,1992
Lithuania,LTU,Assets,2.208,1993
Lithuania,LTU,Assets,2.208,1994
Lithuania,LTU,Assets,2.208,1995
Lithuania,LTU,Assets,2.208,1996
Lithuania,LTU,Assets,2.208,1997
Lithuania,LTU,Assets,2.208,1998
Lithuania,LTU,Assets,2.208,1999
Lithuania,LTU,Assets,2.208,2000
Lithuania,LTU,Assets,2.208,2001
Lithuania,LTU,Assets,2.208,2002
Lithuania,LTU,Assets,2.208,2003
Lithuania,LTU,Assets,2.208,2004
Lithuania,LTU,Assets,2.208,2005
Lithuania,LTU,Assets,2.208,2006
Lithuania,LTU,Assets,2.208,2007
Lithuania,LTU,Assets,2.208,2008
Lithuania,LTU,Assets,2.208,2009
Lithuania,LTU,Assets,2.208,2010
Lithuania,LTU,Assets,11.672,2011
Lithuania,LTU,Assets,2.208,2012
Lithuania,LTU,Assets,2.208,2013
Lithuania,LTU,Assets,30.599,2014
Lithuania,LTU,Assets,2.208,2015
Lithuania,LTU,Assets,2.208,2016
Lithuania,LTU,Assets,33.123,2017
Lithuania,LTU,Assets,2.208,2018
Lithuania,LTU,Assets,2.208,2019
Lithuania,LTU,Assets,2.208,2020
Lithuania,LTU,Assets,58.360,2021
Lithuania,LTU,Assets,2.208,2022
Lithuania,LTU,Assets,2.208,2023
Lithuania,LTU,Children 0-14,10.769,1960
Lithuania,LTU,Children 0-14,10.769,1961
Lithuania,LTU,Children 0-14,10.769,1962
Lithuania,LTU,Children 0-14,10.769,1963
Lithuania,LTU,Children 0-14,10.769,1964
Lithuania,LTU,Children 0-14,10.769,1965
Lithuania,LTU,Children 0-14,10.769,1966
Lithuania,LTU,Children 0-14,15.385,1967
Lithuania,LTU,Children 0-14,17.692,1968
Lithuania,LTU,Children 0-14,17.692,1969
Lithuania,LTU,Children 0-14,17.692,1970
Lithuania,LTU,Children 0-14,17.692,1971
Lithuania,LTU,Children 0-14,19.231,1972
Lithuania,LTU,Children 0-14,19.231,1973
Lithuania,LTU,Children 0-14,19.231,1974
Lithuania,LTU,Children 0-14,19.231,1975
Lithuania,LTU,Children 0-14,19.231,1976
Lithuania,LTU,Children 0-14,19.231,1977
Lithuania,LTU,Children 0-14,19.231,1978
Lithuania,LTU,Children 0-14,19.231,1979
Lithuania,LTU,Children 0-14,19.231,1980
Lithuania,LTU,Children 0-14,23.846,1981
Lithuania,LTU,Children 0-14,19.231,1982
Lithuania,LTU,Children 0-14,19.231,1983
Lithuania,LTU,Children 0-14,19.231,1984
Lithuania,LTU,Children 0-14,19.231,1985
Lithuania,LTU,Children 0-14,23.846,1986
Lithuania,LTU,Children 0-14,19.231,1987
Lithuania,LTU,Children 0-14,19.231,1988
Lithuania,LTU,Children 0-14,23.077,1989
Lithuania,LTU,Children 0-14,20.769,1990
Lithuania,LTU,Children 0-14,25.385,1991
Lithuania,LTU,Children 0-14,26.923,1992
Lithuania,LTU,Children 0-14,26.923,1993
Lithuania,LTU,Children 0-14,26.923,1994
Lithuania,LTU,Children 0-14,32.308,1995
Lithuania,LTU,Children 0-14,30.769,1996
Lithuania,LTU,Children 0-14,32.308,1997
Lithuania,LTU,Children 0-14,37.692,1998
Lithuania,LTU,Children 0-14,38.462,1999
Lithuania,LTU,Children 0-14,52.308,2000
Lithuania,LTU,Children 0-14,44.615,2001
Lithuania,LTU,Children 0-14,38.462,2002
Lithuania,LTU,Children 0-14,43.077,2003
Lithuania,LTU,Children 0-14,34.615,2004
Lithuania,LTU,Children 0-14,39.231,2005
Lithuania,LTU,Children 0-14,45.385,2006
Lithuania,LTU,Children 0-14,39.231,2007
Lithuania,LTU,Children 0-14,39.231,2008
Lithuania,LTU,Children 0-14,39.231,2009
Lithuania,LTU,Children 0-14,55.385,2010
Lithuania,LTU,Children 0-14,48.462,2011
Lithuania,LTU,Children 0-14,41.538,2012
Lithuania,LTU,Children 0-14,45.385,2013
Lithuania,LTU,Children 0-14,48.462,2014
Lithuania,LTU,Children 0-14,61.538,2015
Lithuania,LTU,Children 0-14,53.846,2016
Lithuania,LTU,Children 0-14,50.769,2017
Lithuania,LTU,Children 0-14,40.000,2018
Lithuania,LTU,Children 0-14,50.769,2019
Lithuania,LTU,Children 0-14,41.538,2020
Lithuania,LTU,Children 0-14,44.615,2021
Lithuania,LTU,Children 0-14,36.154,2022
Lithuania,LTU,Children 0-14,9.231,2023
Lithuania,LTU,Education,0.000,1960
Lithuania,LTU,Education,0.000,1961
Lithuania,LTU,Education,0.000,1962
Lithuania,LTU,Education,0.000,1963
Lithuania,LTU,Education,0.000,1964
Lithuania,LTU,Education,0.000,1965
Lithuania,LTU,Education,0.000,1966
Lithuania,LTU,Education,0.000,1967
Lithuania,LTU,Education,0.000,1968
Lithuania,LTU,Education,0.000,1969
Lithuania,LTU,Education,0.000,1970
Lithuania,LTU,Education,0.000,1971
Lithuania,LTU,Education,0.000,1972
Lithuania,LTU,Education,0.000,1973
Lithuania,LTU,Education,0.000,1974
Lithuania,LTU,Education,0.000,1975
Lithuania,LTU,Education,0.000,1976
Lithuania,LTU,Education,0.000,1977
Lithuania,LTU,Education,0.000,1978
Lithuania,LTU,Education,0.000,1979
Lithuania,LTU,Education,0.000,1980
Lithuania,LTU,Education,6.748,1981
Lithuania,LTU,Education,0.000,1982
Lithuania,LTU,Education,0.000,1983
Lithuania,LTU,Education,0.000,1984
Lithuania,LTU,Education,0.000,1985
Lithuania,LTU,Education,9.202,1986
Lithuania,LTU,Education,0.000,1987
Lithuania,LTU,Education,0.000,1988
Lithuania,LTU,Education,17.178,1989
Lithuania,LTU,Education,6.748,1990
Lithuania,LTU,Education,8.589,1991
Lithuania,LTU,Education,11.043,1992
Lithuania,LTU,Education,17.791,1993
Lithuania,LTU,Education,12.883,1994
Lithuania,LTU,Education,25.153,1995
Lithuania,LTU,Education,23.926,1996
Lithuania,LTU,Education,22.699,1997
Lithuania,LTU,Education,37.423,1998
Lithuania,LTU,Education,47.239,1999
Lithuania,LTU,Education,47.853,2000
Lithuania,LTU,Education,58.896,2001
Lithuania,LTU,Education,47.239,2002
Lithuania,LTU,Education,52.761,2003
Lithuania,LTU,Education,46.626,2004
Lithuania,LTU,Education,55.828,2005
Lithuania,LTU,Education,59.509,2006
Lithuania,LTU,Education,53.374,2007
Lithuania,LTU,Education,53.374,2008
Lithuania,LTU,Education,54.601,2009
Lithuania,LTU,Education,71.166,2010
Lithuania,LTU,Education,74.847,2011
Lithuania,LTU,Education,63.190,2012
Lithuania,LTU,Education,66.871,2013
Lithuania,LTU,Education,69.939,2014
Lithuania,LTU,Education,66.871,2015
Lithuania,LTU,Education,71.779,2016
Lithuania,LTU,Education,74.847,2017
Lithuania,LTU,Education,52.147,2018
Lithuania,LTU,Education,38.037,2019
Lithuania,LTU,Education,47.239,2020
Lithuania,LTU,Education,41.718,2021
Lithuania,LTU,Education,33.742,2022
Lithuania,LTU,Education,1.840,2023
Lithuania,LTU,Employment and Time Use,0.000,1960
Lithuania,LTU,Employment and Time Use,0.000,1961
Lithuania,LTU,Employment and Time Use,0.000,1962
Lithuania,LTU,Employment and Time Use,0.000,1963
Lithuania,LTU,Employment and Time Use,0.000,1964
Lithuania,LTU,Employment and Time Use,0.000,1965
Lithuania,LTU,Employment and Time Use,0.000,1966
Lithuania,LTU,Employment and Time Use,0.000,1967
Lithuania,LTU,Employment and Time Use,0.000,1968
Lithuania,LTU,Employment and Time Use,0.000,1969
Lithuania,LTU,Employment and Time Use,21.168,1970
Lithuania,LTU,Employment and Time Use,21.168,1971
Lithuania,LTU,Employment and Time Use,21.168,1972
Lithuania,LTU,Employment and Time Use,21.168,1973
Lithuania,LTU,Employment and Time Use,21.168,1974
Lithuania,LTU,Employment and Time Use,21.168,1975
Lithuania,LTU,Employment and Time Use,21.168,1976
Lithuania,LTU,Employment and Time Use,21.168,1977
Lithuania,LTU,Employment and Time Use,21.168,1978
Lithuania,LTU,Employment and Time Use,21.168,1979
Lithuania,LTU,Employment and Time Use,21.168,1980
Lithuania,LTU,Employment and Time Use,21.168,1981
Lithuania,LTU,Employment and Time Use,21.168,1982
Lithuania,LTU,Employment and Time Use,21.168,1983
Lithuania,LTU,Employment and Time Use,21.168,1984
Lithuania,LTU,Employment and Time Use,21.168,1985
Lithuania,LTU,Employment and Time Use,21.168,1986
Lithuania,LTU,Employment and Time Use,21.168,1987
Lithuania,LTU,Employment and Time Use,21.168,1988
Lithuania,LTU,Employment and Time Use,26.277,1989
Lithuania,LTU,Employment and Time Use,31.387,1990
Lithuania,LTU,Employment and Time Use,56.204,1991
Lithuania,LTU,Employment and Time Use,56.204,1992
Lithuania,LTU,Employment and Time Use,56.204,1993
Lithuania,LTU,Employment and Time Use,56.934,1994
Lithuania,LTU,Employment and Time Use,56.934,1995
Lithuania,LTU,Employment and Time Use,57.664,1996
Lithuania,LTU,Employment and Time Use,72.263,1997
Lithuania,LTU,Employment and Time Use,88.321,1998
Lithuania,LTU,Employment and Time Use,88.321,1999
Lithuania,LTU,Employment and Time Use,89.051,2000
Lithuania,LTU,Employment and Time Use,90.511,2001
Lithuania,LTU,Employment and Time Use,90.511,2002
Lithuania,LTU,Employment and Time Use,91.971,2003
Lithuania,LTU,Employment and Time Use,90.511,2004
Lithuania,LTU,Employment and Time Use,90.511,2005
Lithuania,LTU,Employment and Time Use,90.511,2006
Lithuania,LTU,Employment and Time Use,90.511,2007
Lithuania,LTU,Employment and Time Use,90.511,2008
Lithuania,LTU,Employment and Time Use,90.511,2009
Lithuania,LTU,Employment and Time Use,90.511,2010
Lithuania,LTU,Employment and Time Use,90.511,2011
Lithuania,LTU,Employment and Time Use,90.511,2012
Lithuania,LTU,Employment and Time Use,90.511,2013
Lithuania,LTU,Employment and Time Use,90.511,2014
Lithuania,LTU,Employment and Time Use,90.511,2015
Lithuania,LTU,Employment and Time Use,90.511,2016
Lithuania,LTU,Employment and Time Use,90.511,2017
Lithuania,LTU,Employment and Time Use,90.511,2018
Lithuania,LTU,Employment and Time Use,90.511,2019
Lithuania,LTU,Employment and Time Use,90.511,2020
Lithuania,LTU,Employment and Time Use,90.511,2021
Lithuania,LTU,Employment and Time Use,90.511,2022
Lithuania,LTU,Employment and Time Use,92.701,2023
Lithuania,LTU,Entrepreneurship,0.000,1960
Lithuania,LTU,Entrepreneurship,0.000,1961
Lithuania,LTU,Entrepreneurship,0.000,1962
Lithuania,LTU,Entrepreneurship,0.000,1963
Lithuania,LTU,Entrepreneurship,0.000,1964
Lithuania,LTU,Entrepreneurship,0.000,1965
Lithuania,LTU,Entrepreneurship,0.000,1966
Lithuania,LTU,Entrepreneurship,0.000,1967
Lithuania,LTU,Entrepreneurship,0.000,1968
Lithuania,LTU,Entrepreneurship,0.000,1969
Lithuania,LTU,Entrepreneurship,9.375,1970
Lithuania,LTU,Entrepreneurship,9.375,1971
Lithuania,LTU,Entrepreneurship,9.375,1972
Lithuania,LTU,Entrepreneurship,9.375,1973
Lithuania,LTU,Entrepreneurship,9.375,1974
Lithuania,LTU,Entrepreneurship,9.375,1975
Lithuania,LTU,Entrepreneurship,9.375,1976
Lithuania,LTU,Entrepreneurship,9.375,1977
Lithuania,LTU,Entrepreneurship,9.375,1978
Lithuania,LTU,Entrepreneurship,9.375,1979
Lithuania,LTU,Entrepreneurship,9.375,1980
Lithuania,LTU,Entrepreneurship,9.375,1981
Lithuania,LTU,Entrepreneurship,9.375,1982
Lithuania,LTU,Entrepreneurship,9.375,1983
Lithuania,LTU,Entrepreneurship,9.375,1984
Lithuania,LTU,Entrepreneurship,9.375,1985
Lithuania,LTU,Entrepreneurship,9.375,1986
Lithuania,LTU,Entrepreneurship,9.375,1987
Lithuania,LTU,Entrepreneurship,9.375,1988
Lithuania,LTU,Entrepreneurship,9.375,1989
Lithuania,LTU,Entrepreneurship,9.375,1990
Lithuania,LTU,Entrepreneurship,9.375,1991
Lithuania,LTU,Entrepreneurship,9.375,1992
Lithuania,LTU,Entrepreneurship,9.375,1993
Lithuania,LTU,Entrepreneurship,9.375,1994
Lithuania,LTU,Entrepreneurship,9.375,1995
Lithuania,LTU,Entrepreneurship,9.375,1996
Lithuania,LTU,Entrepreneurship,9.375,1997
Lithuania,LTU,Entrepreneurship,9.375,1998
Lithuania,LTU,Entrepreneurship,9.375,1999
Lithuania,LTU,Entrepreneurship,9.375,2000
Lithuania,LTU,Entrepreneurship,9.375,2001
Lithuania,LTU,Entrepreneurship,9.375,2002
Lithuania,LTU,Entrepreneurship,37.500,2003
Lithuania,LTU,Entrepreneurship,40.625,2004
Lithuania,LTU,Entrepreneurship,40.625,2005
Lithuania,LTU,Entrepreneurship,37.500,2006
Lithuania,LTU,Entrepreneurship,37.500,2007
Lithuania,LTU,Entrepreneurship,37.500,2008
Lithuania,LTU,Entrepreneurship,43.750,2009
Lithuania,LTU,Entrepreneurship,37.500,2010
Lithuania,LTU,Entrepreneurship,37.500,2011
Lithuania,LTU,Entrepreneurship,37.500,2012
Lithuania,LTU,Entrepreneurship,43.750,2013
Lithuania,LTU,Entrepreneurship,56.250,2014
Lithuania,LTU,Entrepreneurship,37.500,2015
Lithuania,LTU,Entrepreneurship,37.500,2016
Lithuania,LTU,Entrepreneurship,56.250,2017
Lithuania,LTU,Entrepreneurship,37.500,2018
Lithuania,LTU,Entrepreneurship,43.750,2019
Lithuania,LTU,Entrepreneurship,9.375,2020
Lithuania,LTU,Entrepreneurship,9.375,2021
Lithuania,LTU,Entrepreneurship,9.375,2022
Lithuania,LTU,Entrepreneurship,9.375,2023
Lithuania,LTU,Environment,0.000,1960
Lithuania,LTU,Environment,0.000,1961
Lithuania,LTU,Environment,0.000,1962
Lithuania,LTU,Environment,0.000,1963
Lithuania,LTU,Environment,0.000,1964
Lithuania,LTU,Environment,0.000,1965
Lithuania,LTU,Environment,0.000,1966
Lithuania,LTU,Environment,0.000,1967
Lithuania,LTU,Environment,0.000,1968
Lithuania,LTU,Environment,0.000,1969
Lithuania,LTU,Environment,0.000,1970
Lithuania,LTU,Environment,0.000,1971
Lithuania,LTU,Environment,0.000,1972
Lithuania,LTU,Environment,0.000,1973
Lithuania,LTU,Environment,0.000,1974
Lithuania,LTU,Environment,0.000,1975
Lithuania,LTU,Environment,0.000,1976
Lithuania,LTU,Environment,0.000,1977
Lithuania,LTU,Environment,0.000,1978
Lithuania,LTU,Environment,0.000,1979
Lithuania,LTU,Environment,0.000,1980
Lithuania,LTU,Environment,0.000,1981
Lithuania,LTU,Environment,0.000,1982
Lithuania,LTU,Environment,0.000,1983
Lithuania,LTU,Environment,0.000,1984
Lithuania,LTU,Environment,0.000,1985
Lithuania,LTU,Environment,0.000,1986
Lithuania,LTU,Environment,0.000,1987
Lithuania,LTU,Environment,0.000,1988
Lithuania,LTU,Environment,0.000,1989
Lithuania,LTU,Environment,0.000,1990
Lithuania,LTU,Environment,0.000,1991
Lithuania,LTU,Environment,0.000,1992
Lithuania,LTU,Environment,0.000,1993
Lithuania,LTU,Environment,0.000,1994
Lithuania,LTU,Environment,0.000,1995
Lithuania,LTU,Environment,0.000,1996
Lithuania,LTU,Environment,0.000,1997
Lithuania,LTU,Environment,0.000,1998
Lithuania,LTU,Environment,3.333,1999
Lithuania,LTU,Environment,13.333,2000
Lithuania,LTU,Environment,13.333,2001
Lithuania,LTU,Environment,13.333,2002
Lithuania,LTU,Environment,13.333,2003
Lithuania,LTU,Environment,13.333,2004
Lithuania,LTU,Environment,13.333,2005
Lithuania,LTU,Environment,13.333,2006
Lithuania,LTU,Environment,13.333,2007
Lithuania,LTU,Environment,13.333,2008
Lithuania,LTU,Environment,13.333,2009
Lithuania,LTU,Environment,13.333,2010
Lithuania,LTU,Environment,13.333,2011
Lithuania,LTU,Environment,13.333,2012
Lithuania,LTU,Environment,13.333,2013
Lithuania,LTU,Environment,23.333,2014
Lithuania,LTU,Environment,13.333,2015
Lithuania,LTU,Environment,13.333,2016
Lithuania,LTU,Environment,23.333,2017
Lithuania,LTU,Environment,10.000,2018
Lithuania,LTU,Environment,30.000,2019
Lithuania,LTU,Environment,10.000,2020
Lithuania,LTU,Environment,20.000,2021
Lithuania,LTU,Environment,10.000,2022
Lithuania,LTU,Environment,0.000,2023
Lithuania,LTU,Health,3.030,1960
Lithuania,LTU,Health,3.030,1961
Lithuania,LTU,Health,3.030,1962
Lithuania,LTU,Health,3.030,1963
Lithuania,LTU,Health,3.030,1964
Lithuania,LTU,Health,3.030,1965
Lithuania,LTU,Health,3.030,1966
Lithuania,LTU,Health,6.061,1967
Lithuania,LTU,Health,7.576,1968
Lithuania,LTU,Health,7.576,1969
Lithuania,LTU,Health,7.576,1970
Lithuania,LTU,Health,7.576,1971
Lithuania,LTU,Health,8.586,1972
Lithuania,LTU,Health,8.586,1973
Lithuania,LTU,Health,8.586,1974
Lithuania,LTU,Health,11.111,1975
Lithuania,LTU,Health,11.111,1976
Lithuania,LTU,Health,11.111,1977
Lithuania,LTU,Health,11.111,1978
Lithuania,LTU,Health,11.111,1979
Lithuania,LTU,Health,11.111,1980
Lithuania,LTU,Health,11.111,1981
Lithuania,LTU,Health,11.111,1982
Lithuania,LTU,Health,11.111,1983
Lithuania,LTU,Health,11.111,1984
Lithuania,LTU,Health,11.616,1985
Lithuania,LTU,Health,11.616,1986
Lithuania,LTU,Health,11.616,1987
Lithuania,LTU,Health,11.616,1988
Lithuania,LTU,Health,12.121,1989
Lithuania,LTU,Health,16.667,1990
Lithuania,LTU,Health,16.667,1991
Lithuania,LTU,Health,17.677,1992
Lithuania,LTU,Health,17.677,1993
Lithuania,LTU,Health,17.677,1994
Lithuania,LTU,Health,19.192,1995
Lithuania,LTU,Health,17.677,1996
Lithuania,LTU,Health,17.677,1997
Lithuania,LTU,Health,17.677,1998
Lithuania,LTU,Health,17.677,1999
Lithuania,LTU,Health,56.566,2000
Lithuania,LTU,Health,32.323,2001
Lithuania,LTU,Health,32.323,2002
Lithuania,LTU,Health,32.323,2003
Lithuania,LTU,Health,32.828,2004
Lithuania,LTU,Health,33.838,2005
Lithuania,LTU,Health,33.333,2006
Lithuania,LTU,Health,32.323,2007
Lithuania,LTU,Health,32.323,2008
Lithuania,LTU,Health,33.333,2009
Lithuania,LTU,Health,60.101,2010
Lithuania,LTU,Health,32.323,2011
Lithuania,LTU,Health,32.828,2012
Lithuania,LTU,Health,32.828,2013
Lithuania,LTU,Health,34.343,2014
Lithuania,LTU,Health,57.071,2015
Lithuania,LTU,Health,32.828,2016
Lithuania,LTU,Health,34.343,2017
Lithuania,LTU,Health,33.838,2018
Lithuania,LTU,Health,56.566,2019
Lithuania,LTU,Health,26.263,2020
Lithuania,LTU,Health,23.232,2021
Lithuania,LTU,Health,17.172,2022
Lithuania,LTU,Health,1.010,2023
Lithuania,LTU,Leadership,0.000,1960
Lithuania,LTU,Leadership,0.000,1961
Lithuania,LTU,Leadership,0.000,1962
Lithuania,LTU,Leadership,0.000,1963
Lithuania,LTU,Leadership,0.000,1964
Lithuania,LTU,Leadership,0.000,1965
Lithuania,LTU,Leadership,0.000,1966
Lithuania,LTU,Leadership,0.000,1967
Lithuania,LTU,Leadership,0.000,1968
Lithuania,LTU,Leadership,0.000,1969
Lithuania,LTU,Leadership,0.000,1970
Lithuania,LTU,Leadership,0.000,1971
Lithuania,LTU,Leadership,0.000,1972
Lithuania,LTU,Leadership,0.000,1973
Lithuania,LTU,Leadership,0.000,1974
Lithuania,LTU,Leadership,0.000,1975
Lithuania,LTU,Leadership,0.000,1976
Lithuania,LTU,Leadership,0.000,1977
Lithuania,LTU,Leadership,0.000,1978
Lithuania,LTU,Leadership,0.000,1979
Lithuania,LTU,Leadership,0.000,1980
Lithuania,LTU,Leadership,0.000,1981
Lithuania,LTU,Leadership,0.000,1982
Lithuania,LTU,Leadership,0.000,1983
Lithuania,LTU,Leadership,0.000,1984
Lithuania,LTU,Leadership,0.000,1985
Lithuania,LTU,Leadership,0.000,1986
Lithuania,LTU,Leadership,0.000,1987
Lithuania,LTU,Leadership,0.000,1988
Lithuania,LTU,Leadership,0.000,1989
Lithuania,LTU,Leadership,0.000,1990
Lithuania,LTU,Leadership,0.000,1991
Lithuania,LTU,Leadership,0.000,1992
Lithuania,LTU,Leadership,0.000,1993
Lithuania,LTU,Leadership,0.000,1994
Lithuania,LTU,Leadership,0.000,1995
Lithuania,LTU,Leadership,0.000,1996
Lithuania,LTU,Leadership,25.000,1997
Lithuania,LTU,Leadership,25.000,1998
Lithuania,LTU,Leadership,25.000,1999
Lithuania,LTU,Leadership,50.000,2000
Lithuania,LTU,Leadership,50.000,2001
Lithuania,LTU,Leadership,50.000,2002
Lithuania,LTU,Leadership,50.000,2003
Lithuania,LTU,Leadership,50.000,2004
Lithuania,LTU,Leadership,75.000,2005
Lithuania,LTU,Leadership,50.000,2006
Lithuania,LTU,Leadership,50.000,2007
Lithuania,LTU,Leadership,75.000,2008
Lithuania,LTU,Leadership,75.000,2009
Lithuania,LTU,Leadership,75.000,2010
Lithuania,LTU,Leadership,50.000,2011
Lithuania,LTU,Leadership,75.000,2012
Lithuania,LTU,Leadership,75.000,2013
Lithuania,LTU,Leadership,75.000,2014
Lithuania,LTU,Leadership,75.000,2015
Lithuania,LTU,Leadership,75.000,2016
Lithuania,LTU,Leadership,50.000,2017
Lithuania,LTU,Leadership,75.000,2018
Lithuania,LTU,Leadership,100.000,2019
Lithuania,LTU,Leadership,75.000,2020
Lithuania,LTU,Leadership,50.000,2021
Lithuania,LTU,Leadership,75.000,2022
Lithuania,LTU,Leadership,25.000,2023
Lithuania,LTU,Norms and Decision-making,0.000,1960
Lithuania,LTU,Norms and Decision-making,0.000,1961
Lithuania,LTU,Norms and Decision-making,0.000,1962
Lithuania,LTU,Norms and Decision-making,0.000,1963
Lithuania,LTU,Norms and Decision-making,0.000,1964
Lithuania,LTU,Norms and Decision-making,0.000,1965
Lithuania,LTU,Norms and Decision-making,0.000,1966
Lithuania,LTU,Norms and Decision-making,0.000,1967
Lithuania,LTU,Norms and Decision-making,0.000,1968
Lithuania,LTU,Norms and Decision-making,0.000,1969
Lithuania,LTU,Norms and Decision-making,12.593,1970
Lithuania,LTU,Norms and Decision-making,12.593,1971
Lithuania,LTU,Norms and Decision-making,12.593,1972
Lithuania,LTU,Norms and Decision-making,12.593,1973
Lithuania,LTU,Norms and Decision-making,12.593,1974
Lithuania,LTU,Norms and Decision-making,12.593,1975
Lithuania,LTU,Norms and Decision-making,12.593,1976
Lithuania,LTU,Norms and Decision-making,12.593,1977
Lithuania,LTU,Norms and Decision-making,12.593,1978
Lithuania,LTU,Norms and Decision-making,12.593,1979
Lithuania,LTU,Norms and Decision-making,12.593,1980
Lithuania,LTU,Norms and Decision-making,12.593,1981
Lithuania,LTU,Norms and Decision-making,12.593,1982
Lithuania,LTU,Norms and Decision-making,12.593,1983
Lithuania,LTU,Norms and Decision-making,12.593,1984
Lithuania,LTU,Norms and Decision-making,12.593,1985
Lithuania,LTU,Norms and Decision-making,12.593,1986
Lithuania,LTU,Norms and Decision-making,12.593,1987
Lithuania,LTU,Norms and Decision-making,12.593,1988
Lithuania,LTU,Norms and Decision-making,14.074,1989
Lithuania,LTU,Norms and Decision-making,12.593,1990
Lithuania,LTU,Norms and Decision-making,12.593,1991
Lithuania,LTU,Norms and Decision-making,12.593,1992
Lithuania,LTU,Norms and Decision-making,12.593,1993
Lithuania,LTU,Norms and Decision-making,12.593,1994
Lithuania,LTU,Norms and Decision-making,12.593,1995
Lithuania,LTU,Norms and Decision-making,12.593,1996
Lithuania,LTU,Norms and Decision-making,12.593,1997
Lithuania,LTU,Norms and Decision-making,12.593,1998
Lithuania,LTU,Norms and Decision-making,12.593,1999
Lithuania,LTU,Norms and Decision-making,12.593,2000
Lithuania,LTU,Norms and Decision-making,14.074,2001
Lithuania,LTU,Norms and Decision-making,12.593,2002
Lithuania,LTU,Norms and Decision-making,12.593,2003
Lithuania,LTU,Norms and Decision-making,12.593,2004
Lithuania,LTU,Norms and Decision-making,14.074,2005
Lithuania,LTU,Norms and Decision-making,14.074,2006
Lithuania,LTU,Norms and Decision-making,14.074,2007
Lithuania,LTU,Norms and Decision-making,14.074,2008
Lithuania,LTU,Norms and Decision-making,14.074,2009
Lithuania,LTU,Norms and Decision-making,14.074,2010
Lithuania,LTU,Norms and Decision-making,14.074,2011
Lithuania,LTU,Norms and Decision-making,12.593,2012
Lithuania,LTU,Norms and Decision-making,14.074,2013
Lithuania,LTU,Norms and Decision-making,14.074,2014
Lithuania,LTU,Norms and Decision-making,14.074,2015
Lithuania,LTU,Norms and Decision-making,14.074,2016
Lithuania,LTU,Norms and Decision-making,14.074,2017
Lithuania,LTU,Norms and Decision-making,14.074,2018
Lithuania,LTU,Norms and Decision-making,12.593,2019
Lithuania,LTU,Norms and Decision-making,12.593,2020
Lithuania,LTU,Norms and Decision-making,12.593,2021
Lithuania,LTU,Norms and Decision-making,14.074,2022
Lithuania,LTU,Norms and Decision-making,12.593,2023
Lithuania,LTU,Population,86.905,1960
Lithuania,LTU,Population,86.905,1961
Lithuania,LTU,Population,86.905,1962
Lithuania,LTU,Population,86.905,1963
Lithuania,LTU,Population,86.905,1964
Lithuania,LTU,Population,86.905,1965
Lithuania,LTU,Population,86.905,1966
Lithuania,LTU,Population,86.905,1967
Lithuania,LTU,Population,86.905,1968
Lithuania,LTU,Population,86.905,1969
Lithuania,LTU,Population,86.905,1970
Lithuania,LTU,Population,86.905,1971
Lithuania,LTU,Population,86.905,1972
Lithuania,LTU,Population,86.905,1973
Lithuania,LTU,Population,86.905,1974
Lithuania,LTU,Population,86.905,1975
Lithuania,LTU,Population,86.905,1976
Lithuania,LTU,Population,86.905,1977
Lithuania,LTU,Population,86.905,1978
Lithuania,LTU,Population,86.905,1979
Lithuania,LTU,Population,91.667,1980
Lithuania,LTU,Population,86.905,1981
Lithuania,LTU,Population,86.905,1982
Lithuania,LTU,Population,86.905,1983
Lithuania,LTU,Population,86.905,1984
Lithuania,LTU,Population,91.667,1985
Lithuania,LTU,Population,86.905,1986
Lithuania,LTU,Population,86.905,1987
Lithuania,LTU,Population,86.905,1988
Lithuania,LTU,Population,89.286,1989
Lithuania,LTU,Population,92.857,1990
Lithuania,LTU,Population,86.905,1991
Lithuania,LTU,Population,86.905,1992
Lithuania,LTU,Population,86.905,1993
Lithuania,LTU,Population,86.905,1994
Lithuania,LTU,Population,92.857,1995
Lithuania,LTU,Population,86.905,1996
Lithuania,LTU,Population,86.905,1997
Lithuania,LTU,Population,86.905,1998
Lithuania,LTU,Population,86.905,1999
Lithuania,LTU,Population,92.857,2000
Lithuania,LTU,Population,89.286,2001
Lithuania,LTU,Population,86.905,2002
Lithuania,LTU,Population,86.905,2003
Lithuania,LTU,Population,86.905,2004
Lithuania,LTU,Population,95.238,2005
Lithuania,LTU,Population,89.286,2006
Lithuania,LTU,Population,89.286,2007
Lithuania,LTU,Population,89.286,2008
Lithuania,LTU,Population,89.286,2009
Lithuania,LTU,Population,95.238,2010
Lithuania,LTU,Population,90.476,2011
Lithuania,LTU,Population,86.905,2012
Lithuania,LTU,Population,89.286,2013
Lithuania,LTU,Population,90.476,2014
Lithuania,LTU,Population,95.238,2015
Lithuania,LTU,Population,89.286,2016
Lithuania,LTU,Population,90.476,2017
Lithuania,LTU,Population,89.286,2018
Lithuania,LTU,Population,86.905,2019
Lithuania,LTU,Population,91.667,2020
Lithuania,LTU,Population,86.905,2021
Lithuania,LTU,Population,86.905,2022
Lithuania,LTU,Population,77.381,2023
Lithuania,LTU,SDGs,0.671,1960
Lithuania,LTU,SDGs,0.671,1961
Lithuania,LTU,SDGs,0.671,1962
Lithuania,LTU,SDGs,0.671,1963
Lithuania,LTU,SDGs,0.671,1964
Lithuania,LTU,SDGs,0.671,1965
Lithuania,LTU,SDGs,0.671,1966
Lithuania,LTU,SDGs,2.685,1967
Lithuania,LTU,SDGs,2.685,1968
Lithuania,LTU,SDGs,2.685,1969
Lithuania,LTU,SDGs,11.409,1970
Lithuania,LTU,SDGs,11.409,1971
Lithuania,LTU,SDGs,11.409,1972
Lithuania,LTU,SDGs,11.409,1973
Lithuania,LTU,SDGs,11.409,1974
Lithuania,LTU,SDGs,11.409,1975
Lithuania,LTU,SDGs,11.409,1976
Lithuania,LTU,SDGs,11.409,1977
Lithuania,LTU,SDGs,11.409,1978
Lithuania,LTU,SDGs,11.409,1979
Lithuania,LTU,SDGs,11.409,1980
Lithuania,LTU,SDGs,11.409,1981
Lithuania,LTU,SDGs,11.409,1982
Lithuania,LTU,SDGs,11.409,1983
Lithuania,LTU,SDGs,11.409,1984
Lithuania,LTU,SDGs,12.081,1985
Lithuania,LTU,SDGs,12.081,1986
Lithuania,LTU,SDGs,12.081,1987
Lithuania,LTU,SDGs,12.081,1988
Lithuania,LTU,SDGs,12.752,1989
Lithuania,LTU,SDGs,16.779,1990
Lithuania,LTU,SDGs,20.805,1991
Lithuania,LTU,SDGs,21.477,1992
Lithuania,LTU,SDGs,21.477,1993
Lithuania,LTU,SDGs,22.148,1994
Lithuania,LTU,SDGs,22.148,1995
Lithuania,LTU,SDGs,22.148,1996
Lithuania,LTU,SDGs,24.161,1997
Lithuania,LTU,SDGs,26.174,1998
Lithuania,LTU,SDGs,26.174,1999
Lithuania,LTU,SDGs,71.141,2000
Lithuania,LTU,SDGs,40.940,2001
Lithuania,LTU,SDGs,38.926,2002
Lithuania,LTU,SDGs,40.268,2003
Lithuania,LTU,SDGs,38.926,2004
Lithuania,LTU,SDGs,40.940,2005
Lithuania,LTU,SDGs,40.940,2006
Lithuania,LTU,SDGs,38.926,2007
Lithuania,LTU,SDGs,38.926,2008
Lithuania,LTU,SDGs,38.926,2009
Lithuania,LTU,SDGs,71.141,2010
Lithuania,LTU,SDGs,42.953,2011
Lithuania,LTU,SDGs,39.597,2012
Lithuania,LTU,SDGs,38.926,2013
Lithuania,LTU,SDGs,40.940,2014
Lithuania,LTU,SDGs,71.141,2015
Lithuania,LTU,SDGs,40.940,2016
Lithuania,LTU,SDGs,40.940,2017
Lithuania,LTU,SDGs,41.611,2018
Lithuania,LTU,SDGs,74.497,2019
Lithuania,LTU,SDGs,32.215,2020
Lithuania,LTU,SDGs,29.530,2021
Lithuania,LTU,SDGs,28.188,2022
Lithuania,LTU,SDGs,18.121,2023
Lithuania,LTU,Technology,0.000,1960
Lithuania,LTU,Technology,0.000,1961
Lithuania,LTU,Technology,0.000,1962
Lithuania,LTU,Technology,0.000,1963
Lithuania,LTU,Technology,0.000,1964
Lithuania,LTU,Technology,0.000,1965
Lithuania,LTU,Technology,0.000,1966
Lithuania,LTU,Technology,0.000,1967
Lithuania,LTU,Technology,0.000,1968
Lithuania,LTU,Technology,0.000,1969
Lithuania,LTU,Technology,0.000,1970
Lithuania,LTU,Technology,0.000,1971
Lithuania,LTU,Technology,0.000,1972
Lithuania,LTU,Technology,0.000,1973
Lithuania,LTU,Technology,0.000,1974
Lithuania,LTU,Technology,0.000,1975
Lithuania,LTU,Technology,0.000,1976
Lithuania,LTU,Technology,0.000,1977
Lithuania,LTU,Technology,0.000,1978
Lithuania,LTU,Technology,0.000,1979
Lithuania,LTU,Technology,0.000,1980
Lithuania,LTU,Technology,0.000,1981
Lithuania,LTU,Technology,0.000,1982
Lithuania,LTU,Technology,0.000,1983
Lithuania,LTU,Technology,0.000,1984
Lithuania,LTU,Technology,0.000,1985
Lithuania,LTU,Technology,0.000,1986
Lithuania,LTU,Technology,0.000,1987
Lithuania,LTU,Technology,0.000,1988
Lithuania,LTU,Technology,0.000,1989
Lithuania,LTU,Technology,2.222,1990
Lithuania,LTU,Technology,2.222,1991
Lithuania,LTU,Technology,2.222,1992
Lithuania,LTU,Technology,2.222,1993
Lithuania,LTU,Technology,2.222,1994
Lithuania,LTU,Technology,2.222,1995
Lithuania,LTU,Technology,2.222,1996
Lithuania,LTU,Technology,2.222,1997
Lithuania,LTU,Technology,2.222,1998
Lithuania,LTU,Technology,8.889,1999
Lithuania,LTU,Technology,8.889,2000
Lithuania,LTU,Technology,8.889,2001
Lithuania,LTU,Technology,8.889,2002
Lithuania,LTU,Technology,8.889,2003
Lithuania,LTU,Technology,13.333,2004
Lithuania,LTU,Technology,13.333,2005
Lithuania,LTU,Technology,13.333,2006
Lithuania,LTU,Technology,13.333,2007
Lithuania,LTU,Technology,13.333,2008
Lithuania,LTU,Technology,13.333,2009
Lithuania,LTU,Technology,13.333,2010
Lithuania,LTU,Technology,20.000,2011
Lithuania,LTU,Technology,13.333,2012
Lithuania,LTU,Technology,13.333,2013
Lithuania,LTU,Technology,40.000,2014
Lithuania,LTU,Technology,13.333,2015
Lithuania,LTU,Technology,13.333,2016
Lithuania,LTU,Technology,60.000,2017
Lithuania,LTU,Technology,6.667,2018
Lithuania,LTU,Technology,6.667,2019
Lithuania,LTU,Technology,6.667,2020
Lithuania,LTU,Technology,73.333,2021
Lithuania,LTU,Technology,6.667,2022
Lithuania,LTU,Technology,6.667,2023
Lithuania,LTU,Violence,0.000,1960
Lithuania,LTU,Violence,0.000,1961
Lithuania,LTU,Violence,0.000,1962
Lithuania,LTU,Violence,0.000,1963
Lithuania,LTU,Violence,0.000,1964
Lithuania,LTU,Violence,0.000,1965
Lithuania,LTU,Violence,0.000,1966
Lithuania,LTU,Violence,0.000,1967
Lithuania,LTU,Violence,0.000,1968
Lithuania,LTU,Violence,0.000,1969
Lithuania,LTU,Violence,2.143,1970
Lithuania,LTU,Violence,2.143,1971
Lithuania,LTU,Violence,2.143,1972
Lithuania,LTU,Violence,2.143,1973
Lithuania,LTU,Violence,2.143,1974
Lithuania,LTU,Violence,2.143,1975
Lithuania,LTU,Violence,2.143,1976
Lithuania,LTU,Violence,2.143,1977
Lithuania,LTU,Violence,2.143,1978
Lithuania,LTU,Violence,2.143,1979
Lithuania,LTU,Violence,2.143,1980
Lithuania,LTU,Violence,2.143,1981
Lithuania,LTU,Violence,2.143,1982
Lithuania,LTU,Violence,2.143,1983
Lithuania,LTU,Violence,2.143,1984
Lithuania,LTU,Violence,2.143,1985
Lithuania,LTU,Violence,2.143,1986
Lithuania,LTU,Violence,2.143,1987
Lithuania,LTU,Violence,2.143,1988
Lithuania,LTU,Violence,2.143,1989
Lithuania,LTU,Violence,2.857,1990
Lithuania,LTU,Violence,2.857,1991
Lithuania,LTU,Violence,2.857,1992
Lithuania,LTU,Violence,4.286,1993
Lithuania,LTU,Violence,4.286,1994
Lithuania,LTU,Violence,4.286,1995
Lithuania,LTU,Violence,4.286,1996
Lithuania,LTU,Violence,4.286,1997
Lithuania,LTU,Violence,4.286,1998
Lithuania,LTU,Violence,4.286,1999
Lithuania,LTU,Violence,6.429,2000
Lithuania,LTU,Violence,6.429,2001
Lithuania,LTU,Violence,6.429,2002
Lithuania,LTU,Violence,5.714,2003
Lithuania,LTU,Violence,6.429,2004
Lithuania,LTU,Violence,6.429,2005
Lithuania,LTU,Violence,6.429,2006
Lithuania,LTU,Violence,6.429,2007
Lithuania,LTU,Violence,6.429,2008
Lithuania,LTU,Violence,6.429,2009
Lithuania,LTU,Violence,6.429,2010
Lithuania,LTU,Violence,6.429,2011
Lithuania,LTU,Violence,7.143,2012
Lithuania,LTU,Violence,6.429,2013
Lithuania,LTU,Violence,6.429,2014
Lithuania,LTU,Violence,6.429,2015
Lithuania,LTU,Violence,6.429,2016
Lithuania,LTU,Violence,6.429,2017
Lithuania,LTU,Violence,9.286,2018
Lithuania,LTU,Violence,6.429,2019
Lithuania,LTU,Violence,4.286,2020
Lithuania,LTU,Violence,4.286,2021
Lithuania,LTU,Violence,3.571,2022
Lithuania,LTU,Violence,2.143,2023
Lithuania,LTU,Youth 15-24,4.587,1960
Lithuania,LTU,Youth 15-24,4.587,1961
Lithuania,LTU,Youth 15-24,4.587,1962
Lithuania,LTU,Youth 15-24,4.587,1963
Lithuania,LTU,Youth 15-24,4.587,1964
Lithuania,LTU,Youth 15-24,4.587,1965
Lithuania,LTU,Youth 15-24,4.587,1966
Lithuania,LTU,Youth 15-24,4.587,1967
Lithuania,LTU,Youth 15-24,4.587,1968
Lithuania,LTU,Youth 15-24,4.587,1969
Lithuania,LTU,Youth 15-24,4.587,1970
Lithuania,LTU,Youth 15-24,4.587,1971
Lithuania,LTU,Youth 15-24,4.587,1972
Lithuania,LTU,Youth 15-24,4.587,1973
Lithuania,LTU,Youth 15-24,4.587,1974
Lithuania,LTU,Youth 15-24,4.587,1975
Lithuania,LTU,Youth 15-24,4.587,1976
Lithuania,LTU,Youth 15-24,4.587,1977
Lithuania,LTU,Youth 15-24,4.587,1978
Lithuania,LTU,Youth 15-24,4.587,1979
Lithuania,LTU,Youth 15-24,4.587,1980
Lithuania,LTU,Youth 15-24,8.257,1981
Lithuania,LTU,Youth 15-24,4.587,1982
Lithuania,LTU,Youth 15-24,4.587,1983
Lithuania,LTU,Youth 15-24,4.587,1984
Lithuania,LTU,Youth 15-24,4.587,1985
Lithuania,LTU,Youth 15-24,11.009,1986
Lithuania,LTU,Youth 15-24,4.587,1987
Lithuania,LTU,Youth 15-24,4.587,1988
Lithuania,LTU,Youth 15-24,23.853,1989
Lithuania,LTU,Youth 15-24,18.349,1990
Lithuania,LTU,Youth 15-24,22.018,1991
Lithuania,LTU,Youth 15-24,25.688,1992
Lithuania,LTU,Youth 15-24,32.110,1993
Lithuania,LTU,Youth 15-24,25.688,1994
Lithuania,LTU,Youth 15-24,35.780,1995
Lithuania,LTU,Youth 15-24,35.780,1996
Lithuania,LTU,Youth 15-24,34.862,1997
Lithuania,LTU,Youth 15-24,58.716,1998
Lithuania,LTU,Youth 15-24,72.477,1999
Lithuania,LTU,Youth 15-24,72.477,2000
Lithuania,LTU,Youth 15-24,79.817,2001
Lithuania,LTU,Youth 15-24,72.477,2002
Lithuania,LTU,Youth 15-24,72.477,2003
Lithuania,LTU,Youth 15-24,72.477,2004
Lithuania,LTU,Youth 15-24,80.734,2005
Lithuania,LTU,Youth 15-24,78.899,2006
Lithuania,LTU,Youth 15-24,77.064,2007
Lithuania,LTU,Youth 15-24,77.064,2008
Lithuania,LTU,Youth 15-24,78.899,2009
Lithuania,LTU,Youth 15-24,81.651,2010
Lithuania,LTU,Youth 15-24,90.826,2011
Lithuania,LTU,Youth 15-24,83.486,2012
Lithuania,LTU,Youth 15-24,84.404,2013
Lithuania,LTU,Youth 15-24,80.734,2014
Lithuania,LTU,Youth 15-24,81.651,2015
Lithuania,LTU,Youth 15-24,81.651,2016
Lithuania,LTU,Youth 15-24,78.899,2017
Lithuania,LTU,Youth 15-24,56.881,2018
Lithuania,LTU,Youth 15-24,53.211,2019
Lithuania,LTU,Youth 15-24,50.459,2020
Lithuania,LTU,Youth 15-24,55.046,2021
Lithuania,LTU,Youth 15-24,53.211,2022
Lithuania,LTU,Youth 15-24,24.771,2023
