Country Name,Country Code,Topic,% of available indicators,Year
South Sudan,SSD,Assets,0.000,1960
South Sudan,SSD,Assets,0.000,1961
South Sudan,SSD,Assets,0.000,1962
South Sudan,SSD,Assets,0.000,1963
South Sudan,SSD,Assets,0.000,1964
South Sudan,SSD,Assets,0.000,1965
South Sudan,SSD,Assets,0.000,1966
South Sudan,SSD,Assets,0.000,1967
South Sudan,SSD,Assets,0.000,1968
South Sudan,SSD,Assets,0.000,1969
South Sudan,SSD,Assets,2.208,1970
South Sudan,SSD,Assets,2.208,1971
South Sudan,SSD,Assets,2.208,1972
South Sudan,SSD,Assets,2.208,1973
South Sudan,SSD,Assets,2.208,1974
South Sudan,SSD,Assets,2.208,1975
South Sudan,SSD,Assets,2.208,1976
South Sudan,SSD,Assets,2.208,1977
South Sudan,SSD,Assets,2.208,1978
South Sudan,SSD,Assets,2.208,1979
South Sudan,SSD,Assets,2.208,1980
South Sudan,SSD,Assets,2.208,1981
South Sudan,SSD,Assets,2.208,1982
South Sudan,SSD,Assets,2.208,1983
South Sudan,SSD,Assets,2.208,1984
South Sudan,SSD,Assets,2.208,1985
South Sudan,SSD,Assets,2.208,1986
South Sudan,SSD,Assets,2.208,1987
South Sudan,SSD,Assets,2.208,1988
South Sudan,SSD,Assets,2.208,1989
South Sudan,SSD,Assets,2.208,1990
South Sudan,SSD,Assets,2.208,1991
South Sudan,SSD,Assets,2.208,1992
South Sudan,SSD,Assets,2.208,1993
South Sudan,SSD,Assets,2.208,1994
South Sudan,SSD,Assets,2.208,1995
South Sudan,SSD,Assets,2.208,1996
South Sudan,SSD,Assets,2.208,1997
South Sudan,SSD,Assets,2.208,1998
South Sudan,SSD,Assets,2.208,1999
South Sudan,SSD,Assets,2.208,2000
South Sudan,SSD,Assets,2.208,2001
South Sudan,SSD,Assets,2.208,2002
South Sudan,SSD,Assets,2.208,2003
South Sudan,SSD,Assets,2.208,2004
South Sudan,SSD,Assets,2.208,2005
South Sudan,SSD,Assets,2.208,2006
South Sudan,SSD,Assets,2.208,2007
South Sudan,SSD,Assets,2.208,2008
South Sudan,SSD,Assets,2.208,2009
South Sudan,SSD,Assets,2.208,2010
South Sudan,SSD,Assets,2.208,2011
South Sudan,SSD,Assets,2.208,2012
South Sudan,SSD,Assets,2.208,2013
South Sudan,SSD,Assets,2.208,2014
South Sudan,SSD,Assets,2.208,2015
South Sudan,SSD,Assets,2.208,2016
South Sudan,SSD,Assets,32.177,2017
South Sudan,SSD,Assets,2.208,2018
South Sudan,SSD,Assets,2.208,2019
South Sudan,SSD,Assets,2.208,2020
South Sudan,SSD,Assets,62.145,2021
South Sudan,SSD,Assets,2.208,2022
South Sudan,SSD,Assets,2.208,2023
South Sudan,SSD,Children 0-14,11.538,1960
South Sudan,SSD,Children 0-14,11.538,1961
South Sudan,SSD,Children 0-14,11.538,1962
South Sudan,SSD,Children 0-14,11.538,1963
South Sudan,SSD,Children 0-14,11.538,1964
South Sudan,SSD,Children 0-14,11.538,1965
South Sudan,SSD,Children 0-14,11.538,1966
South Sudan,SSD,Children 0-14,11.538,1967
South Sudan,SSD,Children 0-14,11.538,1968
South Sudan,SSD,Children 0-14,11.538,1969
South Sudan,SSD,Children 0-14,11.538,1970
South Sudan,SSD,Children 0-14,11.538,1971
South Sudan,SSD,Children 0-14,11.538,1972
South Sudan,SSD,Children 0-14,11.538,1973
South Sudan,SSD,Children 0-14,11.538,1974
South Sudan,SSD,Children 0-14,11.538,1975
South Sudan,SSD,Children 0-14,11.538,1976
South Sudan,SSD,Children 0-14,11.538,1977
South Sudan,SSD,Children 0-14,11.538,1978
South Sudan,SSD,Children 0-14,15.385,1979
South Sudan,SSD,Children 0-14,17.692,1980
South Sudan,SSD,Children 0-14,17.692,1981
South Sudan,SSD,Children 0-14,17.692,1982
South Sudan,SSD,Children 0-14,17.692,1983
South Sudan,SSD,Children 0-14,19.231,1984
South Sudan,SSD,Children 0-14,19.231,1985
South Sudan,SSD,Children 0-14,19.231,1986
South Sudan,SSD,Children 0-14,19.231,1987
South Sudan,SSD,Children 0-14,19.231,1988
South Sudan,SSD,Children 0-14,19.231,1989
South Sudan,SSD,Children 0-14,19.231,1990
South Sudan,SSD,Children 0-14,19.231,1991
South Sudan,SSD,Children 0-14,19.231,1992
South Sudan,SSD,Children 0-14,19.231,1993
South Sudan,SSD,Children 0-14,19.231,1994
South Sudan,SSD,Children 0-14,19.231,1995
South Sudan,SSD,Children 0-14,19.231,1996
South Sudan,SSD,Children 0-14,19.231,1997
South Sudan,SSD,Children 0-14,19.231,1998
South Sudan,SSD,Children 0-14,19.231,1999
South Sudan,SSD,Children 0-14,33.077,2000
South Sudan,SSD,Children 0-14,19.231,2001
South Sudan,SSD,Children 0-14,19.231,2002
South Sudan,SSD,Children 0-14,19.231,2003
South Sudan,SSD,Children 0-14,19.231,2004
South Sudan,SSD,Children 0-14,19.231,2005
South Sudan,SSD,Children 0-14,30.769,2006
South Sudan,SSD,Children 0-14,19.231,2007
South Sudan,SSD,Children 0-14,26.154,2008
South Sudan,SSD,Children 0-14,19.231,2009
South Sudan,SSD,Children 0-14,51.538,2010
South Sudan,SSD,Children 0-14,40.000,2011
South Sudan,SSD,Children 0-14,20.769,2012
South Sudan,SSD,Children 0-14,21.538,2013
South Sudan,SSD,Children 0-14,20.769,2014
South Sudan,SSD,Children 0-14,52.308,2015
South Sudan,SSD,Children 0-14,23.077,2016
South Sudan,SSD,Children 0-14,25.385,2017
South Sudan,SSD,Children 0-14,27.692,2018
South Sudan,SSD,Children 0-14,34.615,2019
South Sudan,SSD,Children 0-14,25.385,2020
South Sudan,SSD,Children 0-14,21.538,2021
South Sudan,SSD,Children 0-14,20.769,2022
South Sudan,SSD,Children 0-14,9.231,2023
South Sudan,SSD,Education,0.000,1960
South Sudan,SSD,Education,0.000,1961
South Sudan,SSD,Education,0.000,1962
South Sudan,SSD,Education,0.000,1963
South Sudan,SSD,Education,0.000,1964
South Sudan,SSD,Education,0.000,1965
South Sudan,SSD,Education,0.000,1966
South Sudan,SSD,Education,0.000,1967
South Sudan,SSD,Education,0.000,1968
South Sudan,SSD,Education,0.000,1969
South Sudan,SSD,Education,0.000,1970
South Sudan,SSD,Education,0.000,1971
South Sudan,SSD,Education,0.000,1972
South Sudan,SSD,Education,0.000,1973
South Sudan,SSD,Education,0.000,1974
South Sudan,SSD,Education,0.000,1975
South Sudan,SSD,Education,0.000,1976
South Sudan,SSD,Education,0.000,1977
South Sudan,SSD,Education,0.000,1978
South Sudan,SSD,Education,0.000,1979
South Sudan,SSD,Education,0.000,1980
South Sudan,SSD,Education,0.000,1981
South Sudan,SSD,Education,0.000,1982
South Sudan,SSD,Education,0.000,1983
South Sudan,SSD,Education,0.000,1984
South Sudan,SSD,Education,0.000,1985
South Sudan,SSD,Education,0.000,1986
South Sudan,SSD,Education,0.000,1987
South Sudan,SSD,Education,0.000,1988
South Sudan,SSD,Education,0.000,1989
South Sudan,SSD,Education,0.000,1990
South Sudan,SSD,Education,0.000,1991
South Sudan,SSD,Education,0.000,1992
South Sudan,SSD,Education,0.000,1993
South Sudan,SSD,Education,0.000,1994
South Sudan,SSD,Education,0.000,1995
South Sudan,SSD,Education,0.000,1996
South Sudan,SSD,Education,0.000,1997
South Sudan,SSD,Education,0.000,1998
South Sudan,SSD,Education,0.000,1999
South Sudan,SSD,Education,0.000,2000
South Sudan,SSD,Education,0.000,2001
South Sudan,SSD,Education,0.000,2002
South Sudan,SSD,Education,0.000,2003
South Sudan,SSD,Education,0.000,2004
South Sudan,SSD,Education,0.000,2005
South Sudan,SSD,Education,0.000,2006
South Sudan,SSD,Education,0.000,2007
South Sudan,SSD,Education,23.313,2008
South Sudan,SSD,Education,0.000,2009
South Sudan,SSD,Education,3.067,2010
South Sudan,SSD,Education,25.153,2011
South Sudan,SSD,Education,0.613,2012
South Sudan,SSD,Education,1.227,2013
South Sudan,SSD,Education,0.613,2014
South Sudan,SSD,Education,22.699,2015
South Sudan,SSD,Education,6.135,2016
South Sudan,SSD,Education,4.908,2017
South Sudan,SSD,Education,15.951,2018
South Sudan,SSD,Education,0.000,2019
South Sudan,SSD,Education,4.908,2020
South Sudan,SSD,Education,0.613,2021
South Sudan,SSD,Education,0.000,2022
South Sudan,SSD,Education,0.000,2023
South Sudan,SSD,Employment and Time Use,0.000,1960
South Sudan,SSD,Employment and Time Use,0.000,1961
South Sudan,SSD,Employment and Time Use,0.000,1962
South Sudan,SSD,Employment and Time Use,0.000,1963
South Sudan,SSD,Employment and Time Use,0.000,1964
South Sudan,SSD,Employment and Time Use,0.000,1965
South Sudan,SSD,Employment and Time Use,0.000,1966
South Sudan,SSD,Employment and Time Use,0.000,1967
South Sudan,SSD,Employment and Time Use,0.000,1968
South Sudan,SSD,Employment and Time Use,0.000,1969
South Sudan,SSD,Employment and Time Use,21.168,1970
South Sudan,SSD,Employment and Time Use,21.168,1971
South Sudan,SSD,Employment and Time Use,21.168,1972
South Sudan,SSD,Employment and Time Use,21.168,1973
South Sudan,SSD,Employment and Time Use,21.168,1974
South Sudan,SSD,Employment and Time Use,21.168,1975
South Sudan,SSD,Employment and Time Use,21.168,1976
South Sudan,SSD,Employment and Time Use,21.168,1977
South Sudan,SSD,Employment and Time Use,21.168,1978
South Sudan,SSD,Employment and Time Use,21.168,1979
South Sudan,SSD,Employment and Time Use,21.168,1980
South Sudan,SSD,Employment and Time Use,21.168,1981
South Sudan,SSD,Employment and Time Use,21.168,1982
South Sudan,SSD,Employment and Time Use,21.168,1983
South Sudan,SSD,Employment and Time Use,21.168,1984
South Sudan,SSD,Employment and Time Use,21.168,1985
South Sudan,SSD,Employment and Time Use,21.168,1986
South Sudan,SSD,Employment and Time Use,21.168,1987
South Sudan,SSD,Employment and Time Use,21.168,1988
South Sudan,SSD,Employment and Time Use,21.168,1989
South Sudan,SSD,Employment and Time Use,31.387,1990
South Sudan,SSD,Employment and Time Use,56.204,1991
South Sudan,SSD,Employment and Time Use,56.204,1992
South Sudan,SSD,Employment and Time Use,56.204,1993
South Sudan,SSD,Employment and Time Use,56.204,1994
South Sudan,SSD,Employment and Time Use,56.204,1995
South Sudan,SSD,Employment and Time Use,56.204,1996
South Sudan,SSD,Employment and Time Use,56.204,1997
South Sudan,SSD,Employment and Time Use,56.204,1998
South Sudan,SSD,Employment and Time Use,56.204,1999
South Sudan,SSD,Employment and Time Use,56.204,2000
South Sudan,SSD,Employment and Time Use,56.204,2001
South Sudan,SSD,Employment and Time Use,56.204,2002
South Sudan,SSD,Employment and Time Use,56.204,2003
South Sudan,SSD,Employment and Time Use,56.204,2004
South Sudan,SSD,Employment and Time Use,56.204,2005
South Sudan,SSD,Employment and Time Use,56.204,2006
South Sudan,SSD,Employment and Time Use,56.204,2007
South Sudan,SSD,Employment and Time Use,88.321,2008
South Sudan,SSD,Employment and Time Use,56.204,2009
South Sudan,SSD,Employment and Time Use,56.204,2010
South Sudan,SSD,Employment and Time Use,56.204,2011
South Sudan,SSD,Employment and Time Use,56.204,2012
South Sudan,SSD,Employment and Time Use,56.204,2013
South Sudan,SSD,Employment and Time Use,56.204,2014
South Sudan,SSD,Employment and Time Use,56.204,2015
South Sudan,SSD,Employment and Time Use,56.204,2016
South Sudan,SSD,Employment and Time Use,56.204,2017
South Sudan,SSD,Employment and Time Use,56.204,2018
South Sudan,SSD,Employment and Time Use,56.204,2019
South Sudan,SSD,Employment and Time Use,56.204,2020
South Sudan,SSD,Employment and Time Use,56.204,2021
South Sudan,SSD,Employment and Time Use,56.204,2022
South Sudan,SSD,Employment and Time Use,56.204,2023
South Sudan,SSD,Entrepreneurship,0.000,1960
South Sudan,SSD,Entrepreneurship,0.000,1961
South Sudan,SSD,Entrepreneurship,0.000,1962
South Sudan,SSD,Entrepreneurship,0.000,1963
South Sudan,SSD,Entrepreneurship,0.000,1964
South Sudan,SSD,Entrepreneurship,0.000,1965
South Sudan,SSD,Entrepreneurship,0.000,1966
South Sudan,SSD,Entrepreneurship,0.000,1967
South Sudan,SSD,Entrepreneurship,0.000,1968
South Sudan,SSD,Entrepreneurship,0.000,1969
South Sudan,SSD,Entrepreneurship,9.375,1970
South Sudan,SSD,Entrepreneurship,9.375,1971
South Sudan,SSD,Entrepreneurship,9.375,1972
South Sudan,SSD,Entrepreneurship,9.375,1973
South Sudan,SSD,Entrepreneurship,9.375,1974
South Sudan,SSD,Entrepreneurship,9.375,1975
South Sudan,SSD,Entrepreneurship,9.375,1976
South Sudan,SSD,Entrepreneurship,9.375,1977
South Sudan,SSD,Entrepreneurship,9.375,1978
South Sudan,SSD,Entrepreneurship,9.375,1979
South Sudan,SSD,Entrepreneurship,9.375,1980
South Sudan,SSD,Entrepreneurship,9.375,1981
South Sudan,SSD,Entrepreneurship,9.375,1982
South Sudan,SSD,Entrepreneurship,9.375,1983
South Sudan,SSD,Entrepreneurship,9.375,1984
South Sudan,SSD,Entrepreneurship,9.375,1985
South Sudan,SSD,Entrepreneurship,9.375,1986
South Sudan,SSD,Entrepreneurship,9.375,1987
South Sudan,SSD,Entrepreneurship,9.375,1988
South Sudan,SSD,Entrepreneurship,9.375,1989
South Sudan,SSD,Entrepreneurship,9.375,1990
South Sudan,SSD,Entrepreneurship,9.375,1991
South Sudan,SSD,Entrepreneurship,9.375,1992
South Sudan,SSD,Entrepreneurship,9.375,1993
South Sudan,SSD,Entrepreneurship,9.375,1994
South Sudan,SSD,Entrepreneurship,9.375,1995
South Sudan,SSD,Entrepreneurship,9.375,1996
South Sudan,SSD,Entrepreneurship,9.375,1997
South Sudan,SSD,Entrepreneurship,9.375,1998
South Sudan,SSD,Entrepreneurship,9.375,1999
South Sudan,SSD,Entrepreneurship,9.375,2000
South Sudan,SSD,Entrepreneurship,9.375,2001
South Sudan,SSD,Entrepreneurship,9.375,2002
South Sudan,SSD,Entrepreneurship,9.375,2003
South Sudan,SSD,Entrepreneurship,9.375,2004
South Sudan,SSD,Entrepreneurship,9.375,2005
South Sudan,SSD,Entrepreneurship,9.375,2006
South Sudan,SSD,Entrepreneurship,9.375,2007
South Sudan,SSD,Entrepreneurship,9.375,2008
South Sudan,SSD,Entrepreneurship,9.375,2009
South Sudan,SSD,Entrepreneurship,9.375,2010
South Sudan,SSD,Entrepreneurship,9.375,2011
South Sudan,SSD,Entrepreneurship,37.500,2012
South Sudan,SSD,Entrepreneurship,37.500,2013
South Sudan,SSD,Entrepreneurship,43.750,2014
South Sudan,SSD,Entrepreneurship,37.500,2015
South Sudan,SSD,Entrepreneurship,37.500,2016
South Sudan,SSD,Entrepreneurship,56.250,2017
South Sudan,SSD,Entrepreneurship,37.500,2018
South Sudan,SSD,Entrepreneurship,37.500,2019
South Sudan,SSD,Entrepreneurship,9.375,2020
South Sudan,SSD,Entrepreneurship,9.375,2021
South Sudan,SSD,Entrepreneurship,9.375,2022
South Sudan,SSD,Entrepreneurship,9.375,2023
South Sudan,SSD,Environment,0.000,1960
South Sudan,SSD,Environment,0.000,1961
South Sudan,SSD,Environment,0.000,1962
South Sudan,SSD,Environment,0.000,1963
South Sudan,SSD,Environment,0.000,1964
South Sudan,SSD,Environment,0.000,1965
South Sudan,SSD,Environment,0.000,1966
South Sudan,SSD,Environment,0.000,1967
South Sudan,SSD,Environment,0.000,1968
South Sudan,SSD,Environment,0.000,1969
South Sudan,SSD,Environment,0.000,1970
South Sudan,SSD,Environment,0.000,1971
South Sudan,SSD,Environment,0.000,1972
South Sudan,SSD,Environment,0.000,1973
South Sudan,SSD,Environment,0.000,1974
South Sudan,SSD,Environment,0.000,1975
South Sudan,SSD,Environment,0.000,1976
South Sudan,SSD,Environment,0.000,1977
South Sudan,SSD,Environment,0.000,1978
South Sudan,SSD,Environment,0.000,1979
South Sudan,SSD,Environment,0.000,1980
South Sudan,SSD,Environment,0.000,1981
South Sudan,SSD,Environment,0.000,1982
South Sudan,SSD,Environment,0.000,1983
South Sudan,SSD,Environment,0.000,1984
South Sudan,SSD,Environment,0.000,1985
South Sudan,SSD,Environment,0.000,1986
South Sudan,SSD,Environment,0.000,1987
South Sudan,SSD,Environment,0.000,1988
South Sudan,SSD,Environment,0.000,1989
South Sudan,SSD,Environment,0.000,1990
South Sudan,SSD,Environment,0.000,1991
South Sudan,SSD,Environment,0.000,1992
South Sudan,SSD,Environment,0.000,1993
South Sudan,SSD,Environment,0.000,1994
South Sudan,SSD,Environment,0.000,1995
South Sudan,SSD,Environment,0.000,1996
South Sudan,SSD,Environment,0.000,1997
South Sudan,SSD,Environment,0.000,1998
South Sudan,SSD,Environment,0.000,1999
South Sudan,SSD,Environment,0.000,2000
South Sudan,SSD,Environment,0.000,2001
South Sudan,SSD,Environment,0.000,2002
South Sudan,SSD,Environment,0.000,2003
South Sudan,SSD,Environment,0.000,2004
South Sudan,SSD,Environment,0.000,2005
South Sudan,SSD,Environment,0.000,2006
South Sudan,SSD,Environment,0.000,2007
South Sudan,SSD,Environment,0.000,2008
South Sudan,SSD,Environment,0.000,2009
South Sudan,SSD,Environment,0.000,2010
South Sudan,SSD,Environment,10.000,2011
South Sudan,SSD,Environment,10.000,2012
South Sudan,SSD,Environment,10.000,2013
South Sudan,SSD,Environment,10.000,2014
South Sudan,SSD,Environment,10.000,2015
South Sudan,SSD,Environment,10.000,2016
South Sudan,SSD,Environment,20.000,2017
South Sudan,SSD,Environment,10.000,2018
South Sudan,SSD,Environment,30.000,2019
South Sudan,SSD,Environment,10.000,2020
South Sudan,SSD,Environment,20.000,2021
South Sudan,SSD,Environment,10.000,2022
South Sudan,SSD,Environment,0.000,2023
South Sudan,SSD,Health,3.535,1960
South Sudan,SSD,Health,3.535,1961
South Sudan,SSD,Health,3.535,1962
South Sudan,SSD,Health,3.535,1963
South Sudan,SSD,Health,3.535,1964
South Sudan,SSD,Health,3.535,1965
South Sudan,SSD,Health,3.535,1966
South Sudan,SSD,Health,3.535,1967
South Sudan,SSD,Health,3.535,1968
South Sudan,SSD,Health,3.535,1969
South Sudan,SSD,Health,3.535,1970
South Sudan,SSD,Health,3.535,1971
South Sudan,SSD,Health,3.535,1972
South Sudan,SSD,Health,3.535,1973
South Sudan,SSD,Health,3.535,1974
South Sudan,SSD,Health,3.535,1975
South Sudan,SSD,Health,3.535,1976
South Sudan,SSD,Health,3.535,1977
South Sudan,SSD,Health,3.535,1978
South Sudan,SSD,Health,6.061,1979
South Sudan,SSD,Health,7.576,1980
South Sudan,SSD,Health,7.576,1981
South Sudan,SSD,Health,7.576,1982
South Sudan,SSD,Health,7.576,1983
South Sudan,SSD,Health,8.586,1984
South Sudan,SSD,Health,8.586,1985
South Sudan,SSD,Health,8.586,1986
South Sudan,SSD,Health,8.586,1987
South Sudan,SSD,Health,8.586,1988
South Sudan,SSD,Health,8.586,1989
South Sudan,SSD,Health,12.626,1990
South Sudan,SSD,Health,12.626,1991
South Sudan,SSD,Health,12.626,1992
South Sudan,SSD,Health,12.626,1993
South Sudan,SSD,Health,12.626,1994
South Sudan,SSD,Health,12.626,1995
South Sudan,SSD,Health,12.626,1996
South Sudan,SSD,Health,12.626,1997
South Sudan,SSD,Health,12.626,1998
South Sudan,SSD,Health,12.626,1999
South Sudan,SSD,Health,47.475,2000
South Sudan,SSD,Health,24.747,2001
South Sudan,SSD,Health,24.747,2002
South Sudan,SSD,Health,24.747,2003
South Sudan,SSD,Health,24.747,2004
South Sudan,SSD,Health,24.747,2005
South Sudan,SSD,Health,34.848,2006
South Sudan,SSD,Health,24.747,2007
South Sudan,SSD,Health,25.253,2008
South Sudan,SSD,Health,24.747,2009
South Sudan,SSD,Health,63.131,2010
South Sudan,SSD,Health,27.273,2011
South Sudan,SSD,Health,27.778,2012
South Sudan,SSD,Health,28.283,2013
South Sudan,SSD,Health,27.273,2014
South Sudan,SSD,Health,50.000,2015
South Sudan,SSD,Health,27.273,2016
South Sudan,SSD,Health,34.343,2017
South Sudan,SSD,Health,32.323,2018
South Sudan,SSD,Health,53.535,2019
South Sudan,SSD,Health,25.253,2020
South Sudan,SSD,Health,19.697,2021
South Sudan,SSD,Health,17.172,2022
South Sudan,SSD,Health,1.010,2023
South Sudan,SSD,Leadership,0.000,1960
South Sudan,SSD,Leadership,0.000,1961
South Sudan,SSD,Leadership,0.000,1962
South Sudan,SSD,Leadership,0.000,1963
South Sudan,SSD,Leadership,0.000,1964
South Sudan,SSD,Leadership,0.000,1965
South Sudan,SSD,Leadership,0.000,1966
South Sudan,SSD,Leadership,0.000,1967
South Sudan,SSD,Leadership,0.000,1968
South Sudan,SSD,Leadership,0.000,1969
South Sudan,SSD,Leadership,0.000,1970
South Sudan,SSD,Leadership,0.000,1971
South Sudan,SSD,Leadership,0.000,1972
South Sudan,SSD,Leadership,0.000,1973
South Sudan,SSD,Leadership,0.000,1974
South Sudan,SSD,Leadership,0.000,1975
South Sudan,SSD,Leadership,0.000,1976
South Sudan,SSD,Leadership,0.000,1977
South Sudan,SSD,Leadership,0.000,1978
South Sudan,SSD,Leadership,0.000,1979
South Sudan,SSD,Leadership,0.000,1980
South Sudan,SSD,Leadership,0.000,1981
South Sudan,SSD,Leadership,0.000,1982
South Sudan,SSD,Leadership,0.000,1983
South Sudan,SSD,Leadership,0.000,1984
South Sudan,SSD,Leadership,0.000,1985
South Sudan,SSD,Leadership,0.000,1986
South Sudan,SSD,Leadership,0.000,1987
South Sudan,SSD,Leadership,0.000,1988
South Sudan,SSD,Leadership,0.000,1989
South Sudan,SSD,Leadership,0.000,1990
South Sudan,SSD,Leadership,0.000,1991
South Sudan,SSD,Leadership,0.000,1992
South Sudan,SSD,Leadership,0.000,1993
South Sudan,SSD,Leadership,0.000,1994
South Sudan,SSD,Leadership,0.000,1995
South Sudan,SSD,Leadership,0.000,1996
South Sudan,SSD,Leadership,0.000,1997
South Sudan,SSD,Leadership,0.000,1998
South Sudan,SSD,Leadership,0.000,1999
South Sudan,SSD,Leadership,0.000,2000
South Sudan,SSD,Leadership,0.000,2001
South Sudan,SSD,Leadership,0.000,2002
South Sudan,SSD,Leadership,0.000,2003
South Sudan,SSD,Leadership,0.000,2004
South Sudan,SSD,Leadership,0.000,2005
South Sudan,SSD,Leadership,0.000,2006
South Sudan,SSD,Leadership,0.000,2007
South Sudan,SSD,Leadership,0.000,2008
South Sudan,SSD,Leadership,0.000,2009
South Sudan,SSD,Leadership,0.000,2010
South Sudan,SSD,Leadership,25.000,2011
South Sudan,SSD,Leadership,50.000,2012
South Sudan,SSD,Leadership,25.000,2013
South Sudan,SSD,Leadership,75.000,2014
South Sudan,SSD,Leadership,50.000,2015
South Sudan,SSD,Leadership,50.000,2016
South Sudan,SSD,Leadership,25.000,2017
South Sudan,SSD,Leadership,50.000,2018
South Sudan,SSD,Leadership,50.000,2019
South Sudan,SSD,Leadership,50.000,2020
South Sudan,SSD,Leadership,25.000,2021
South Sudan,SSD,Leadership,50.000,2022
South Sudan,SSD,Leadership,25.000,2023
South Sudan,SSD,Norms and Decision-making,0.000,1960
South Sudan,SSD,Norms and Decision-making,0.000,1961
South Sudan,SSD,Norms and Decision-making,0.000,1962
South Sudan,SSD,Norms and Decision-making,0.000,1963
South Sudan,SSD,Norms and Decision-making,0.000,1964
South Sudan,SSD,Norms and Decision-making,0.000,1965
South Sudan,SSD,Norms and Decision-making,0.000,1966
South Sudan,SSD,Norms and Decision-making,0.000,1967
South Sudan,SSD,Norms and Decision-making,0.000,1968
South Sudan,SSD,Norms and Decision-making,0.000,1969
South Sudan,SSD,Norms and Decision-making,12.593,1970
South Sudan,SSD,Norms and Decision-making,12.593,1971
South Sudan,SSD,Norms and Decision-making,12.593,1972
South Sudan,SSD,Norms and Decision-making,14.074,1973
South Sudan,SSD,Norms and Decision-making,12.593,1974
South Sudan,SSD,Norms and Decision-making,12.593,1975
South Sudan,SSD,Norms and Decision-making,12.593,1976
South Sudan,SSD,Norms and Decision-making,12.593,1977
South Sudan,SSD,Norms and Decision-making,12.593,1978
South Sudan,SSD,Norms and Decision-making,12.593,1979
South Sudan,SSD,Norms and Decision-making,12.593,1980
South Sudan,SSD,Norms and Decision-making,12.593,1981
South Sudan,SSD,Norms and Decision-making,12.593,1982
South Sudan,SSD,Norms and Decision-making,14.074,1983
South Sudan,SSD,Norms and Decision-making,12.593,1984
South Sudan,SSD,Norms and Decision-making,12.593,1985
South Sudan,SSD,Norms and Decision-making,12.593,1986
South Sudan,SSD,Norms and Decision-making,12.593,1987
South Sudan,SSD,Norms and Decision-making,12.593,1988
South Sudan,SSD,Norms and Decision-making,12.593,1989
South Sudan,SSD,Norms and Decision-making,13.333,1990
South Sudan,SSD,Norms and Decision-making,12.593,1991
South Sudan,SSD,Norms and Decision-making,12.593,1992
South Sudan,SSD,Norms and Decision-making,14.074,1993
South Sudan,SSD,Norms and Decision-making,12.593,1994
South Sudan,SSD,Norms and Decision-making,12.593,1995
South Sudan,SSD,Norms and Decision-making,12.593,1996
South Sudan,SSD,Norms and Decision-making,12.593,1997
South Sudan,SSD,Norms and Decision-making,12.593,1998
South Sudan,SSD,Norms and Decision-making,12.593,1999
South Sudan,SSD,Norms and Decision-making,12.593,2000
South Sudan,SSD,Norms and Decision-making,12.593,2001
South Sudan,SSD,Norms and Decision-making,12.593,2002
South Sudan,SSD,Norms and Decision-making,12.593,2003
South Sudan,SSD,Norms and Decision-making,12.593,2004
South Sudan,SSD,Norms and Decision-making,12.593,2005
South Sudan,SSD,Norms and Decision-making,12.593,2006
South Sudan,SSD,Norms and Decision-making,12.593,2007
South Sudan,SSD,Norms and Decision-making,14.074,2008
South Sudan,SSD,Norms and Decision-making,12.593,2009
South Sudan,SSD,Norms and Decision-making,17.037,2010
South Sudan,SSD,Norms and Decision-making,12.593,2011
South Sudan,SSD,Norms and Decision-making,12.593,2012
South Sudan,SSD,Norms and Decision-making,12.593,2013
South Sudan,SSD,Norms and Decision-making,12.593,2014
South Sudan,SSD,Norms and Decision-making,12.593,2015
South Sudan,SSD,Norms and Decision-making,12.593,2016
South Sudan,SSD,Norms and Decision-making,12.593,2017
South Sudan,SSD,Norms and Decision-making,12.593,2018
South Sudan,SSD,Norms and Decision-making,12.593,2019
South Sudan,SSD,Norms and Decision-making,12.593,2020
South Sudan,SSD,Norms and Decision-making,12.593,2021
South Sudan,SSD,Norms and Decision-making,12.593,2022
South Sudan,SSD,Norms and Decision-making,12.593,2023
South Sudan,SSD,Population,86.905,1960
South Sudan,SSD,Population,86.905,1961
South Sudan,SSD,Population,86.905,1962
South Sudan,SSD,Population,86.905,1963
South Sudan,SSD,Population,86.905,1964
South Sudan,SSD,Population,86.905,1965
South Sudan,SSD,Population,86.905,1966
South Sudan,SSD,Population,86.905,1967
South Sudan,SSD,Population,86.905,1968
South Sudan,SSD,Population,86.905,1969
South Sudan,SSD,Population,86.905,1970
South Sudan,SSD,Population,86.905,1971
South Sudan,SSD,Population,86.905,1972
South Sudan,SSD,Population,89.286,1973
South Sudan,SSD,Population,86.905,1974
South Sudan,SSD,Population,86.905,1975
South Sudan,SSD,Population,86.905,1976
South Sudan,SSD,Population,86.905,1977
South Sudan,SSD,Population,86.905,1978
South Sudan,SSD,Population,86.905,1979
South Sudan,SSD,Population,91.667,1980
South Sudan,SSD,Population,86.905,1981
South Sudan,SSD,Population,86.905,1982
South Sudan,SSD,Population,89.286,1983
South Sudan,SSD,Population,86.905,1984
South Sudan,SSD,Population,91.667,1985
South Sudan,SSD,Population,86.905,1986
South Sudan,SSD,Population,86.905,1987
South Sudan,SSD,Population,86.905,1988
South Sudan,SSD,Population,86.905,1989
South Sudan,SSD,Population,92.857,1990
South Sudan,SSD,Population,86.905,1991
South Sudan,SSD,Population,86.905,1992
South Sudan,SSD,Population,89.286,1993
South Sudan,SSD,Population,86.905,1994
South Sudan,SSD,Population,91.667,1995
South Sudan,SSD,Population,86.905,1996
South Sudan,SSD,Population,86.905,1997
South Sudan,SSD,Population,86.905,1998
South Sudan,SSD,Population,86.905,1999
South Sudan,SSD,Population,91.667,2000
South Sudan,SSD,Population,86.905,2001
South Sudan,SSD,Population,86.905,2002
South Sudan,SSD,Population,86.905,2003
South Sudan,SSD,Population,86.905,2004
South Sudan,SSD,Population,91.667,2005
South Sudan,SSD,Population,86.905,2006
South Sudan,SSD,Population,86.905,2007
South Sudan,SSD,Population,89.286,2008
South Sudan,SSD,Population,86.905,2009
South Sudan,SSD,Population,98.810,2010
South Sudan,SSD,Population,86.905,2011
South Sudan,SSD,Population,86.905,2012
South Sudan,SSD,Population,86.905,2013
South Sudan,SSD,Population,86.905,2014
South Sudan,SSD,Population,92.857,2015
South Sudan,SSD,Population,86.905,2016
South Sudan,SSD,Population,86.905,2017
South Sudan,SSD,Population,86.905,2018
South Sudan,SSD,Population,86.905,2019
South Sudan,SSD,Population,88.095,2020
South Sudan,SSD,Population,86.905,2021
South Sudan,SSD,Population,86.905,2022
South Sudan,SSD,Population,77.381,2023
South Sudan,SSD,SDGs,1.342,1960
South Sudan,SSD,SDGs,1.342,1961
South Sudan,SSD,SDGs,1.342,1962
South Sudan,SSD,SDGs,1.342,1963
South Sudan,SSD,SDGs,1.342,1964
South Sudan,SSD,SDGs,1.342,1965
South Sudan,SSD,SDGs,1.342,1966
South Sudan,SSD,SDGs,1.342,1967
South Sudan,SSD,SDGs,1.342,1968
South Sudan,SSD,SDGs,1.342,1969
South Sudan,SSD,SDGs,10.067,1970
South Sudan,SSD,SDGs,10.067,1971
South Sudan,SSD,SDGs,10.067,1972
South Sudan,SSD,SDGs,10.067,1973
South Sudan,SSD,SDGs,10.067,1974
South Sudan,SSD,SDGs,10.067,1975
South Sudan,SSD,SDGs,10.067,1976
South Sudan,SSD,SDGs,10.067,1977
South Sudan,SSD,SDGs,10.067,1978
South Sudan,SSD,SDGs,11.409,1979
South Sudan,SSD,SDGs,11.409,1980
South Sudan,SSD,SDGs,11.409,1981
South Sudan,SSD,SDGs,11.409,1982
South Sudan,SSD,SDGs,11.409,1983
South Sudan,SSD,SDGs,11.409,1984
South Sudan,SSD,SDGs,11.409,1985
South Sudan,SSD,SDGs,11.409,1986
South Sudan,SSD,SDGs,11.409,1987
South Sudan,SSD,SDGs,11.409,1988
South Sudan,SSD,SDGs,11.409,1989
South Sudan,SSD,SDGs,14.765,1990
South Sudan,SSD,SDGs,18.792,1991
South Sudan,SSD,SDGs,18.792,1992
South Sudan,SSD,SDGs,18.792,1993
South Sudan,SSD,SDGs,18.792,1994
South Sudan,SSD,SDGs,18.792,1995
South Sudan,SSD,SDGs,18.792,1996
South Sudan,SSD,SDGs,18.792,1997
South Sudan,SSD,SDGs,18.792,1998
South Sudan,SSD,SDGs,18.792,1999
South Sudan,SSD,SDGs,57.718,2000
South Sudan,SSD,SDGs,27.517,2001
South Sudan,SSD,SDGs,27.517,2002
South Sudan,SSD,SDGs,27.517,2003
South Sudan,SSD,SDGs,27.517,2004
South Sudan,SSD,SDGs,27.517,2005
South Sudan,SSD,SDGs,28.859,2006
South Sudan,SSD,SDGs,27.517,2007
South Sudan,SSD,SDGs,32.215,2008
South Sudan,SSD,SDGs,27.517,2009
South Sudan,SSD,SDGs,59.732,2010
South Sudan,SSD,SDGs,30.872,2011
South Sudan,SSD,SDGs,30.872,2012
South Sudan,SSD,SDGs,30.872,2013
South Sudan,SSD,SDGs,30.872,2014
South Sudan,SSD,SDGs,61.074,2015
South Sudan,SSD,SDGs,30.872,2016
South Sudan,SSD,SDGs,32.886,2017
South Sudan,SSD,SDGs,32.215,2018
South Sudan,SSD,SDGs,65.101,2019
South Sudan,SSD,SDGs,23.490,2020
South Sudan,SSD,SDGs,24.161,2021
South Sudan,SSD,SDGs,22.148,2022
South Sudan,SSD,SDGs,14.094,2023
South Sudan,SSD,Technology,0.000,1960
South Sudan,SSD,Technology,0.000,1961
South Sudan,SSD,Technology,0.000,1962
South Sudan,SSD,Technology,0.000,1963
South Sudan,SSD,Technology,0.000,1964
South Sudan,SSD,Technology,0.000,1965
South Sudan,SSD,Technology,0.000,1966
South Sudan,SSD,Technology,0.000,1967
South Sudan,SSD,Technology,0.000,1968
South Sudan,SSD,Technology,0.000,1969
South Sudan,SSD,Technology,0.000,1970
South Sudan,SSD,Technology,0.000,1971
South Sudan,SSD,Technology,0.000,1972
South Sudan,SSD,Technology,0.000,1973
South Sudan,SSD,Technology,0.000,1974
South Sudan,SSD,Technology,0.000,1975
South Sudan,SSD,Technology,0.000,1976
South Sudan,SSD,Technology,0.000,1977
South Sudan,SSD,Technology,0.000,1978
South Sudan,SSD,Technology,0.000,1979
South Sudan,SSD,Technology,0.000,1980
South Sudan,SSD,Technology,0.000,1981
South Sudan,SSD,Technology,0.000,1982
South Sudan,SSD,Technology,0.000,1983
South Sudan,SSD,Technology,0.000,1984
South Sudan,SSD,Technology,0.000,1985
South Sudan,SSD,Technology,0.000,1986
South Sudan,SSD,Technology,0.000,1987
South Sudan,SSD,Technology,0.000,1988
South Sudan,SSD,Technology,0.000,1989
South Sudan,SSD,Technology,0.000,1990
South Sudan,SSD,Technology,0.000,1991
South Sudan,SSD,Technology,0.000,1992
South Sudan,SSD,Technology,0.000,1993
South Sudan,SSD,Technology,0.000,1994
South Sudan,SSD,Technology,0.000,1995
South Sudan,SSD,Technology,0.000,1996
South Sudan,SSD,Technology,0.000,1997
South Sudan,SSD,Technology,0.000,1998
South Sudan,SSD,Technology,0.000,1999
South Sudan,SSD,Technology,0.000,2000
South Sudan,SSD,Technology,0.000,2001
South Sudan,SSD,Technology,0.000,2002
South Sudan,SSD,Technology,0.000,2003
South Sudan,SSD,Technology,0.000,2004
South Sudan,SSD,Technology,0.000,2005
South Sudan,SSD,Technology,0.000,2006
South Sudan,SSD,Technology,0.000,2007
South Sudan,SSD,Technology,0.000,2008
South Sudan,SSD,Technology,0.000,2009
South Sudan,SSD,Technology,0.000,2010
South Sudan,SSD,Technology,0.000,2011
South Sudan,SSD,Technology,0.000,2012
South Sudan,SSD,Technology,2.222,2013
South Sudan,SSD,Technology,2.222,2014
South Sudan,SSD,Technology,2.222,2015
South Sudan,SSD,Technology,2.222,2016
South Sudan,SSD,Technology,48.889,2017
South Sudan,SSD,Technology,2.222,2018
South Sudan,SSD,Technology,2.222,2019
South Sudan,SSD,Technology,2.222,2020
South Sudan,SSD,Technology,82.222,2021
South Sudan,SSD,Technology,2.222,2022
South Sudan,SSD,Technology,0.000,2023
South Sudan,SSD,Violence,0.000,1960
South Sudan,SSD,Violence,0.000,1961
South Sudan,SSD,Violence,0.000,1962
South Sudan,SSD,Violence,0.000,1963
South Sudan,SSD,Violence,0.000,1964
South Sudan,SSD,Violence,0.000,1965
South Sudan,SSD,Violence,0.000,1966
South Sudan,SSD,Violence,0.000,1967
South Sudan,SSD,Violence,0.000,1968
South Sudan,SSD,Violence,0.000,1969
South Sudan,SSD,Violence,2.143,1970
South Sudan,SSD,Violence,2.143,1971
South Sudan,SSD,Violence,2.143,1972
South Sudan,SSD,Violence,2.143,1973
South Sudan,SSD,Violence,2.143,1974
South Sudan,SSD,Violence,2.143,1975
South Sudan,SSD,Violence,2.143,1976
South Sudan,SSD,Violence,2.143,1977
South Sudan,SSD,Violence,2.143,1978
South Sudan,SSD,Violence,2.143,1979
South Sudan,SSD,Violence,2.143,1980
South Sudan,SSD,Violence,2.143,1981
South Sudan,SSD,Violence,2.143,1982
South Sudan,SSD,Violence,2.143,1983
South Sudan,SSD,Violence,2.143,1984
South Sudan,SSD,Violence,2.143,1985
South Sudan,SSD,Violence,2.143,1986
South Sudan,SSD,Violence,2.143,1987
South Sudan,SSD,Violence,2.143,1988
South Sudan,SSD,Violence,2.143,1989
South Sudan,SSD,Violence,2.143,1990
South Sudan,SSD,Violence,2.143,1991
South Sudan,SSD,Violence,2.143,1992
South Sudan,SSD,Violence,2.143,1993
South Sudan,SSD,Violence,2.143,1994
South Sudan,SSD,Violence,2.143,1995
South Sudan,SSD,Violence,2.143,1996
South Sudan,SSD,Violence,2.143,1997
South Sudan,SSD,Violence,2.143,1998
South Sudan,SSD,Violence,2.143,1999
South Sudan,SSD,Violence,4.286,2000
South Sudan,SSD,Violence,4.286,2001
South Sudan,SSD,Violence,4.286,2002
South Sudan,SSD,Violence,4.286,2003
South Sudan,SSD,Violence,4.286,2004
South Sudan,SSD,Violence,4.286,2005
South Sudan,SSD,Violence,4.286,2006
South Sudan,SSD,Violence,4.286,2007
South Sudan,SSD,Violence,4.286,2008
South Sudan,SSD,Violence,4.286,2009
South Sudan,SSD,Violence,5.714,2010
South Sudan,SSD,Violence,4.286,2011
South Sudan,SSD,Violence,5.000,2012
South Sudan,SSD,Violence,4.286,2013
South Sudan,SSD,Violence,4.286,2014
South Sudan,SSD,Violence,4.286,2015
South Sudan,SSD,Violence,4.286,2016
South Sudan,SSD,Violence,4.286,2017
South Sudan,SSD,Violence,7.143,2018
South Sudan,SSD,Violence,4.286,2019
South Sudan,SSD,Violence,2.143,2020
South Sudan,SSD,Violence,2.143,2021
South Sudan,SSD,Violence,2.143,2022
South Sudan,SSD,Violence,2.143,2023
South Sudan,SSD,Youth 15-24,4.587,1960
South Sudan,SSD,Youth 15-24,4.587,1961
South Sudan,SSD,Youth 15-24,4.587,1962
South Sudan,SSD,Youth 15-24,4.587,1963
South Sudan,SSD,Youth 15-24,4.587,1964
South Sudan,SSD,Youth 15-24,4.587,1965
South Sudan,SSD,Youth 15-24,4.587,1966
South Sudan,SSD,Youth 15-24,4.587,1967
South Sudan,SSD,Youth 15-24,4.587,1968
South Sudan,SSD,Youth 15-24,4.587,1969
South Sudan,SSD,Youth 15-24,4.587,1970
South Sudan,SSD,Youth 15-24,4.587,1971
South Sudan,SSD,Youth 15-24,4.587,1972
South Sudan,SSD,Youth 15-24,4.587,1973
South Sudan,SSD,Youth 15-24,4.587,1974
South Sudan,SSD,Youth 15-24,4.587,1975
South Sudan,SSD,Youth 15-24,4.587,1976
South Sudan,SSD,Youth 15-24,4.587,1977
South Sudan,SSD,Youth 15-24,4.587,1978
South Sudan,SSD,Youth 15-24,4.587,1979
South Sudan,SSD,Youth 15-24,4.587,1980
South Sudan,SSD,Youth 15-24,4.587,1981
South Sudan,SSD,Youth 15-24,4.587,1982
South Sudan,SSD,Youth 15-24,4.587,1983
South Sudan,SSD,Youth 15-24,4.587,1984
South Sudan,SSD,Youth 15-24,4.587,1985
South Sudan,SSD,Youth 15-24,4.587,1986
South Sudan,SSD,Youth 15-24,4.587,1987
South Sudan,SSD,Youth 15-24,4.587,1988
South Sudan,SSD,Youth 15-24,4.587,1989
South Sudan,SSD,Youth 15-24,11.927,1990
South Sudan,SSD,Youth 15-24,18.349,1991
South Sudan,SSD,Youth 15-24,18.349,1992
South Sudan,SSD,Youth 15-24,18.349,1993
South Sudan,SSD,Youth 15-24,18.349,1994
South Sudan,SSD,Youth 15-24,18.349,1995
South Sudan,SSD,Youth 15-24,18.349,1996
South Sudan,SSD,Youth 15-24,18.349,1997
South Sudan,SSD,Youth 15-24,18.349,1998
South Sudan,SSD,Youth 15-24,18.349,1999
South Sudan,SSD,Youth 15-24,18.349,2000
South Sudan,SSD,Youth 15-24,18.349,2001
South Sudan,SSD,Youth 15-24,18.349,2002
South Sudan,SSD,Youth 15-24,18.349,2003
South Sudan,SSD,Youth 15-24,18.349,2004
South Sudan,SSD,Youth 15-24,18.349,2005
South Sudan,SSD,Youth 15-24,18.349,2006
South Sudan,SSD,Youth 15-24,18.349,2007
South Sudan,SSD,Youth 15-24,48.624,2008
South Sudan,SSD,Youth 15-24,18.349,2009
South Sudan,SSD,Youth 15-24,21.101,2010
South Sudan,SSD,Youth 15-24,29.358,2011
South Sudan,SSD,Youth 15-24,18.349,2012
South Sudan,SSD,Youth 15-24,18.349,2013
South Sudan,SSD,Youth 15-24,18.349,2014
South Sudan,SSD,Youth 15-24,28.440,2015
South Sudan,SSD,Youth 15-24,22.018,2016
South Sudan,SSD,Youth 15-24,18.349,2017
South Sudan,SSD,Youth 15-24,29.358,2018
South Sudan,SSD,Youth 15-24,18.349,2019
South Sudan,SSD,Youth 15-24,18.349,2020
South Sudan,SSD,Youth 15-24,18.349,2021
South Sudan,SSD,Youth 15-24,18.349,2022
South Sudan,SSD,Youth 15-24,12.844,2023
