Country Name,Country Code,Topic,% of available indicators,Year
New Caledonia,NCL,Assets,0.000,1960
New Caledonia,NCL,Assets,0.000,1961
New Caledonia,NCL,Assets,0.000,1962
New Caledonia,NCL,Assets,0.000,1963
New Caledonia,NCL,Assets,0.000,1964
New Caledonia,NCL,Assets,0.000,1965
New Caledonia,NCL,Assets,0.000,1966
New Caledonia,NCL,Assets,0.000,1967
New Caledonia,NCL,Assets,0.000,1968
New Caledonia,NCL,Assets,0.000,1969
New Caledonia,NCL,Assets,0.000,1970
New Caledonia,NCL,Assets,0.000,1971
New Caledonia,NCL,Assets,0.000,1972
New Caledonia,NCL,Assets,0.000,1973
New Caledonia,NCL,Assets,0.000,1974
New Caledonia,NCL,Assets,0.000,1975
New Caledonia,NCL,Assets,0.000,1976
New Caledonia,NCL,Assets,0.000,1977
New Caledonia,NCL,Assets,0.000,1978
New Caledonia,NCL,Assets,0.000,1979
New Caledonia,NCL,Assets,0.000,1980
New Caledonia,NCL,Assets,0.000,1981
New Caledonia,NCL,Assets,0.000,1982
New Caledonia,NCL,Assets,0.000,1983
New Caledonia,NCL,Assets,0.000,1984
New Caledonia,NCL,Assets,0.000,1985
New Caledonia,NCL,Assets,0.000,1986
New Caledonia,NCL,Assets,0.000,1987
New Caledonia,NCL,Assets,0.000,1988
New Caledonia,NCL,Assets,0.000,1989
New Caledonia,NCL,Assets,0.000,1990
New Caledonia,NCL,Assets,0.000,1991
New Caledonia,NCL,Assets,0.000,1992
New Caledonia,NCL,Assets,0.000,1993
New Caledonia,NCL,Assets,0.000,1994
New Caledonia,NCL,Assets,0.000,1995
New Caledonia,NCL,Assets,0.000,1996
New Caledonia,NCL,Assets,0.000,1997
New Caledonia,NCL,Assets,0.000,1998
New Caledonia,NCL,Assets,0.000,1999
New Caledonia,NCL,Assets,0.000,2000
New Caledonia,NCL,Assets,0.000,2001
New Caledonia,NCL,Assets,0.000,2002
New Caledonia,NCL,Assets,0.000,2003
New Caledonia,NCL,Assets,0.000,2004
New Caledonia,NCL,Assets,0.000,2005
New Caledonia,NCL,Assets,0.000,2006
New Caledonia,NCL,Assets,0.000,2007
New Caledonia,NCL,Assets,0.000,2008
New Caledonia,NCL,Assets,0.000,2009
New Caledonia,NCL,Assets,0.000,2010
New Caledonia,NCL,Assets,0.000,2011
New Caledonia,NCL,Assets,0.000,2012
New Caledonia,NCL,Assets,0.000,2013
New Caledonia,NCL,Assets,0.000,2014
New Caledonia,NCL,Assets,0.000,2015
New Caledonia,NCL,Assets,0.000,2016
New Caledonia,NCL,Assets,0.000,2017
New Caledonia,NCL,Assets,0.000,2018
New Caledonia,NCL,Assets,0.000,2019
New Caledonia,NCL,Assets,0.000,2020
New Caledonia,NCL,Assets,0.000,2021
New Caledonia,NCL,Assets,0.000,2022
New Caledonia,NCL,Assets,0.000,2023
New Caledonia,NCL,Children 0-14,10.769,1960
New Caledonia,NCL,Children 0-14,10.769,1961
New Caledonia,NCL,Children 0-14,10.769,1962
New Caledonia,NCL,Children 0-14,10.769,1963
New Caledonia,NCL,Children 0-14,10.769,1964
New Caledonia,NCL,Children 0-14,10.769,1965
New Caledonia,NCL,Children 0-14,10.769,1966
New Caledonia,NCL,Children 0-14,10.769,1967
New Caledonia,NCL,Children 0-14,10.769,1968
New Caledonia,NCL,Children 0-14,10.769,1969
New Caledonia,NCL,Children 0-14,13.077,1970
New Caledonia,NCL,Children 0-14,11.538,1971
New Caledonia,NCL,Children 0-14,11.538,1972
New Caledonia,NCL,Children 0-14,11.538,1973
New Caledonia,NCL,Children 0-14,11.538,1974
New Caledonia,NCL,Children 0-14,11.538,1975
New Caledonia,NCL,Children 0-14,11.538,1976
New Caledonia,NCL,Children 0-14,11.538,1977
New Caledonia,NCL,Children 0-14,11.538,1978
New Caledonia,NCL,Children 0-14,11.538,1979
New Caledonia,NCL,Children 0-14,11.538,1980
New Caledonia,NCL,Children 0-14,13.077,1981
New Caledonia,NCL,Children 0-14,20.769,1982
New Caledonia,NCL,Children 0-14,20.769,1983
New Caledonia,NCL,Children 0-14,20.769,1984
New Caledonia,NCL,Children 0-14,20.769,1985
New Caledonia,NCL,Children 0-14,19.231,1986
New Caledonia,NCL,Children 0-14,20.769,1987
New Caledonia,NCL,Children 0-14,23.077,1988
New Caledonia,NCL,Children 0-14,23.077,1989
New Caledonia,NCL,Children 0-14,21.538,1990
New Caledonia,NCL,Children 0-14,16.923,1991
New Caledonia,NCL,Children 0-14,11.538,1992
New Caledonia,NCL,Children 0-14,11.538,1993
New Caledonia,NCL,Children 0-14,11.538,1994
New Caledonia,NCL,Children 0-14,10.769,1995
New Caledonia,NCL,Children 0-14,10.769,1996
New Caledonia,NCL,Children 0-14,10.769,1997
New Caledonia,NCL,Children 0-14,10.769,1998
New Caledonia,NCL,Children 0-14,10.769,1999
New Caledonia,NCL,Children 0-14,10.769,2000
New Caledonia,NCL,Children 0-14,10.769,2001
New Caledonia,NCL,Children 0-14,10.769,2002
New Caledonia,NCL,Children 0-14,10.769,2003
New Caledonia,NCL,Children 0-14,10.769,2004
New Caledonia,NCL,Children 0-14,10.769,2005
New Caledonia,NCL,Children 0-14,10.769,2006
New Caledonia,NCL,Children 0-14,10.769,2007
New Caledonia,NCL,Children 0-14,10.769,2008
New Caledonia,NCL,Children 0-14,10.769,2009
New Caledonia,NCL,Children 0-14,10.769,2010
New Caledonia,NCL,Children 0-14,10.769,2011
New Caledonia,NCL,Children 0-14,10.769,2012
New Caledonia,NCL,Children 0-14,10.769,2013
New Caledonia,NCL,Children 0-14,15.385,2014
New Caledonia,NCL,Children 0-14,10.769,2015
New Caledonia,NCL,Children 0-14,10.769,2016
New Caledonia,NCL,Children 0-14,10.769,2017
New Caledonia,NCL,Children 0-14,10.769,2018
New Caledonia,NCL,Children 0-14,15.385,2019
New Caledonia,NCL,Children 0-14,10.769,2020
New Caledonia,NCL,Children 0-14,10.769,2021
New Caledonia,NCL,Children 0-14,15.385,2022
New Caledonia,NCL,Children 0-14,7.692,2023
New Caledonia,NCL,Education,0.000,1960
New Caledonia,NCL,Education,0.000,1961
New Caledonia,NCL,Education,0.000,1962
New Caledonia,NCL,Education,0.000,1963
New Caledonia,NCL,Education,0.000,1964
New Caledonia,NCL,Education,0.000,1965
New Caledonia,NCL,Education,0.000,1966
New Caledonia,NCL,Education,0.000,1967
New Caledonia,NCL,Education,0.000,1968
New Caledonia,NCL,Education,0.000,1969
New Caledonia,NCL,Education,7.362,1970
New Caledonia,NCL,Education,5.521,1971
New Caledonia,NCL,Education,6.135,1972
New Caledonia,NCL,Education,6.135,1973
New Caledonia,NCL,Education,5.521,1974
New Caledonia,NCL,Education,5.521,1975
New Caledonia,NCL,Education,12.270,1976
New Caledonia,NCL,Education,4.908,1977
New Caledonia,NCL,Education,4.908,1978
New Caledonia,NCL,Education,5.521,1979
New Caledonia,NCL,Education,4.908,1980
New Caledonia,NCL,Education,5.521,1981
New Caledonia,NCL,Education,14.110,1982
New Caledonia,NCL,Education,13.497,1983
New Caledonia,NCL,Education,12.270,1984
New Caledonia,NCL,Education,13.497,1985
New Caledonia,NCL,Education,12.270,1986
New Caledonia,NCL,Education,13.497,1987
New Caledonia,NCL,Education,17.178,1988
New Caledonia,NCL,Education,24.540,1989
New Caledonia,NCL,Education,14.110,1990
New Caledonia,NCL,Education,10.429,1991
New Caledonia,NCL,Education,1.840,1992
New Caledonia,NCL,Education,1.840,1993
New Caledonia,NCL,Education,1.840,1994
New Caledonia,NCL,Education,1.227,1995
New Caledonia,NCL,Education,7.975,1996
New Caledonia,NCL,Education,6.135,1997
New Caledonia,NCL,Education,0.000,1998
New Caledonia,NCL,Education,0.000,1999
New Caledonia,NCL,Education,0.000,2000
New Caledonia,NCL,Education,0.000,2001
New Caledonia,NCL,Education,0.000,2002
New Caledonia,NCL,Education,0.000,2003
New Caledonia,NCL,Education,0.000,2004
New Caledonia,NCL,Education,0.000,2005
New Caledonia,NCL,Education,4.294,2006
New Caledonia,NCL,Education,0.000,2007
New Caledonia,NCL,Education,0.000,2008
New Caledonia,NCL,Education,0.000,2009
New Caledonia,NCL,Education,0.000,2010
New Caledonia,NCL,Education,0.000,2011
New Caledonia,NCL,Education,0.000,2012
New Caledonia,NCL,Education,0.000,2013
New Caledonia,NCL,Education,19.018,2014
New Caledonia,NCL,Education,0.000,2015
New Caledonia,NCL,Education,0.000,2016
New Caledonia,NCL,Education,1.840,2017
New Caledonia,NCL,Education,1.840,2018
New Caledonia,NCL,Education,9.202,2019
New Caledonia,NCL,Education,1.840,2020
New Caledonia,NCL,Education,0.000,2021
New Caledonia,NCL,Education,16.564,2022
New Caledonia,NCL,Education,0.000,2023
New Caledonia,NCL,Employment and Time Use,0.000,1960
New Caledonia,NCL,Employment and Time Use,0.000,1961
New Caledonia,NCL,Employment and Time Use,0.000,1962
New Caledonia,NCL,Employment and Time Use,2.920,1963
New Caledonia,NCL,Employment and Time Use,0.000,1964
New Caledonia,NCL,Employment and Time Use,0.000,1965
New Caledonia,NCL,Employment and Time Use,0.000,1966
New Caledonia,NCL,Employment and Time Use,0.000,1967
New Caledonia,NCL,Employment and Time Use,0.000,1968
New Caledonia,NCL,Employment and Time Use,2.920,1969
New Caledonia,NCL,Employment and Time Use,0.000,1970
New Caledonia,NCL,Employment and Time Use,0.000,1971
New Caledonia,NCL,Employment and Time Use,0.000,1972
New Caledonia,NCL,Employment and Time Use,0.000,1973
New Caledonia,NCL,Employment and Time Use,0.000,1974
New Caledonia,NCL,Employment and Time Use,0.000,1975
New Caledonia,NCL,Employment and Time Use,0.000,1976
New Caledonia,NCL,Employment and Time Use,0.000,1977
New Caledonia,NCL,Employment and Time Use,0.000,1978
New Caledonia,NCL,Employment and Time Use,0.000,1979
New Caledonia,NCL,Employment and Time Use,0.000,1980
New Caledonia,NCL,Employment and Time Use,0.000,1981
New Caledonia,NCL,Employment and Time Use,0.000,1982
New Caledonia,NCL,Employment and Time Use,0.000,1983
New Caledonia,NCL,Employment and Time Use,0.000,1984
New Caledonia,NCL,Employment and Time Use,0.000,1985
New Caledonia,NCL,Employment and Time Use,0.000,1986
New Caledonia,NCL,Employment and Time Use,0.000,1987
New Caledonia,NCL,Employment and Time Use,0.000,1988
New Caledonia,NCL,Employment and Time Use,0.000,1989
New Caledonia,NCL,Employment and Time Use,10.219,1990
New Caledonia,NCL,Employment and Time Use,35.036,1991
New Caledonia,NCL,Employment and Time Use,35.036,1992
New Caledonia,NCL,Employment and Time Use,35.036,1993
New Caledonia,NCL,Employment and Time Use,35.036,1994
New Caledonia,NCL,Employment and Time Use,35.036,1995
New Caledonia,NCL,Employment and Time Use,42.336,1996
New Caledonia,NCL,Employment and Time Use,35.036,1997
New Caledonia,NCL,Employment and Time Use,35.036,1998
New Caledonia,NCL,Employment and Time Use,35.036,1999
New Caledonia,NCL,Employment and Time Use,35.036,2000
New Caledonia,NCL,Employment and Time Use,35.036,2001
New Caledonia,NCL,Employment and Time Use,35.036,2002
New Caledonia,NCL,Employment and Time Use,35.036,2003
New Caledonia,NCL,Employment and Time Use,38.686,2004
New Caledonia,NCL,Employment and Time Use,35.036,2005
New Caledonia,NCL,Employment and Time Use,35.036,2006
New Caledonia,NCL,Employment and Time Use,35.036,2007
New Caledonia,NCL,Employment and Time Use,35.036,2008
New Caledonia,NCL,Employment and Time Use,42.336,2009
New Caledonia,NCL,Employment and Time Use,35.036,2010
New Caledonia,NCL,Employment and Time Use,35.036,2011
New Caledonia,NCL,Employment and Time Use,35.036,2012
New Caledonia,NCL,Employment and Time Use,35.036,2013
New Caledonia,NCL,Employment and Time Use,60.584,2014
New Caledonia,NCL,Employment and Time Use,35.036,2015
New Caledonia,NCL,Employment and Time Use,35.036,2016
New Caledonia,NCL,Employment and Time Use,55.474,2017
New Caledonia,NCL,Employment and Time Use,55.474,2018
New Caledonia,NCL,Employment and Time Use,55.474,2019
New Caledonia,NCL,Employment and Time Use,55.474,2020
New Caledonia,NCL,Employment and Time Use,35.036,2021
New Caledonia,NCL,Employment and Time Use,64.964,2022
New Caledonia,NCL,Employment and Time Use,35.036,2023
New Caledonia,NCL,Entrepreneurship,0.000,1960
New Caledonia,NCL,Entrepreneurship,0.000,1961
New Caledonia,NCL,Entrepreneurship,0.000,1962
New Caledonia,NCL,Entrepreneurship,0.000,1963
New Caledonia,NCL,Entrepreneurship,0.000,1964
New Caledonia,NCL,Entrepreneurship,0.000,1965
New Caledonia,NCL,Entrepreneurship,0.000,1966
New Caledonia,NCL,Entrepreneurship,0.000,1967
New Caledonia,NCL,Entrepreneurship,0.000,1968
New Caledonia,NCL,Entrepreneurship,0.000,1969
New Caledonia,NCL,Entrepreneurship,0.000,1970
New Caledonia,NCL,Entrepreneurship,0.000,1971
New Caledonia,NCL,Entrepreneurship,0.000,1972
New Caledonia,NCL,Entrepreneurship,0.000,1973
New Caledonia,NCL,Entrepreneurship,0.000,1974
New Caledonia,NCL,Entrepreneurship,0.000,1975
New Caledonia,NCL,Entrepreneurship,0.000,1976
New Caledonia,NCL,Entrepreneurship,0.000,1977
New Caledonia,NCL,Entrepreneurship,0.000,1978
New Caledonia,NCL,Entrepreneurship,0.000,1979
New Caledonia,NCL,Entrepreneurship,0.000,1980
New Caledonia,NCL,Entrepreneurship,0.000,1981
New Caledonia,NCL,Entrepreneurship,0.000,1982
New Caledonia,NCL,Entrepreneurship,0.000,1983
New Caledonia,NCL,Entrepreneurship,0.000,1984
New Caledonia,NCL,Entrepreneurship,0.000,1985
New Caledonia,NCL,Entrepreneurship,0.000,1986
New Caledonia,NCL,Entrepreneurship,0.000,1987
New Caledonia,NCL,Entrepreneurship,0.000,1988
New Caledonia,NCL,Entrepreneurship,0.000,1989
New Caledonia,NCL,Entrepreneurship,0.000,1990
New Caledonia,NCL,Entrepreneurship,0.000,1991
New Caledonia,NCL,Entrepreneurship,0.000,1992
New Caledonia,NCL,Entrepreneurship,0.000,1993
New Caledonia,NCL,Entrepreneurship,0.000,1994
New Caledonia,NCL,Entrepreneurship,0.000,1995
New Caledonia,NCL,Entrepreneurship,0.000,1996
New Caledonia,NCL,Entrepreneurship,0.000,1997
New Caledonia,NCL,Entrepreneurship,0.000,1998
New Caledonia,NCL,Entrepreneurship,0.000,1999
New Caledonia,NCL,Entrepreneurship,0.000,2000
New Caledonia,NCL,Entrepreneurship,0.000,2001
New Caledonia,NCL,Entrepreneurship,0.000,2002
New Caledonia,NCL,Entrepreneurship,0.000,2003
New Caledonia,NCL,Entrepreneurship,0.000,2004
New Caledonia,NCL,Entrepreneurship,0.000,2005
New Caledonia,NCL,Entrepreneurship,0.000,2006
New Caledonia,NCL,Entrepreneurship,0.000,2007
New Caledonia,NCL,Entrepreneurship,0.000,2008
New Caledonia,NCL,Entrepreneurship,0.000,2009
New Caledonia,NCL,Entrepreneurship,0.000,2010
New Caledonia,NCL,Entrepreneurship,0.000,2011
New Caledonia,NCL,Entrepreneurship,0.000,2012
New Caledonia,NCL,Entrepreneurship,0.000,2013
New Caledonia,NCL,Entrepreneurship,0.000,2014
New Caledonia,NCL,Entrepreneurship,0.000,2015
New Caledonia,NCL,Entrepreneurship,0.000,2016
New Caledonia,NCL,Entrepreneurship,0.000,2017
New Caledonia,NCL,Entrepreneurship,0.000,2018
New Caledonia,NCL,Entrepreneurship,0.000,2019
New Caledonia,NCL,Entrepreneurship,0.000,2020
New Caledonia,NCL,Entrepreneurship,0.000,2021
New Caledonia,NCL,Entrepreneurship,0.000,2022
New Caledonia,NCL,Entrepreneurship,0.000,2023
New Caledonia,NCL,Environment,0.000,1960
New Caledonia,NCL,Environment,0.000,1961
New Caledonia,NCL,Environment,0.000,1962
New Caledonia,NCL,Environment,0.000,1963
New Caledonia,NCL,Environment,0.000,1964
New Caledonia,NCL,Environment,0.000,1965
New Caledonia,NCL,Environment,0.000,1966
New Caledonia,NCL,Environment,0.000,1967
New Caledonia,NCL,Environment,0.000,1968
New Caledonia,NCL,Environment,0.000,1969
New Caledonia,NCL,Environment,0.000,1970
New Caledonia,NCL,Environment,0.000,1971
New Caledonia,NCL,Environment,0.000,1972
New Caledonia,NCL,Environment,0.000,1973
New Caledonia,NCL,Environment,0.000,1974
New Caledonia,NCL,Environment,0.000,1975
New Caledonia,NCL,Environment,0.000,1976
New Caledonia,NCL,Environment,0.000,1977
New Caledonia,NCL,Environment,0.000,1978
New Caledonia,NCL,Environment,0.000,1979
New Caledonia,NCL,Environment,0.000,1980
New Caledonia,NCL,Environment,0.000,1981
New Caledonia,NCL,Environment,0.000,1982
New Caledonia,NCL,Environment,0.000,1983
New Caledonia,NCL,Environment,0.000,1984
New Caledonia,NCL,Environment,0.000,1985
New Caledonia,NCL,Environment,0.000,1986
New Caledonia,NCL,Environment,0.000,1987
New Caledonia,NCL,Environment,0.000,1988
New Caledonia,NCL,Environment,0.000,1989
New Caledonia,NCL,Environment,0.000,1990
New Caledonia,NCL,Environment,0.000,1991
New Caledonia,NCL,Environment,0.000,1992
New Caledonia,NCL,Environment,0.000,1993
New Caledonia,NCL,Environment,0.000,1994
New Caledonia,NCL,Environment,0.000,1995
New Caledonia,NCL,Environment,0.000,1996
New Caledonia,NCL,Environment,0.000,1997
New Caledonia,NCL,Environment,0.000,1998
New Caledonia,NCL,Environment,0.000,1999
New Caledonia,NCL,Environment,3.333,2000
New Caledonia,NCL,Environment,3.333,2001
New Caledonia,NCL,Environment,3.333,2002
New Caledonia,NCL,Environment,3.333,2003
New Caledonia,NCL,Environment,3.333,2004
New Caledonia,NCL,Environment,3.333,2005
New Caledonia,NCL,Environment,3.333,2006
New Caledonia,NCL,Environment,3.333,2007
New Caledonia,NCL,Environment,3.333,2008
New Caledonia,NCL,Environment,3.333,2009
New Caledonia,NCL,Environment,3.333,2010
New Caledonia,NCL,Environment,3.333,2011
New Caledonia,NCL,Environment,3.333,2012
New Caledonia,NCL,Environment,3.333,2013
New Caledonia,NCL,Environment,3.333,2014
New Caledonia,NCL,Environment,3.333,2015
New Caledonia,NCL,Environment,3.333,2016
New Caledonia,NCL,Environment,3.333,2017
New Caledonia,NCL,Environment,3.333,2018
New Caledonia,NCL,Environment,3.333,2019
New Caledonia,NCL,Environment,3.333,2020
New Caledonia,NCL,Environment,3.333,2021
New Caledonia,NCL,Environment,3.333,2022
New Caledonia,NCL,Environment,0.000,2023
New Caledonia,NCL,Health,3.030,1960
New Caledonia,NCL,Health,3.030,1961
New Caledonia,NCL,Health,3.030,1962
New Caledonia,NCL,Health,3.030,1963
New Caledonia,NCL,Health,3.030,1964
New Caledonia,NCL,Health,3.030,1965
New Caledonia,NCL,Health,3.030,1966
New Caledonia,NCL,Health,3.030,1967
New Caledonia,NCL,Health,3.030,1968
New Caledonia,NCL,Health,3.030,1969
New Caledonia,NCL,Health,3.030,1970
New Caledonia,NCL,Health,3.030,1971
New Caledonia,NCL,Health,3.030,1972
New Caledonia,NCL,Health,3.030,1973
New Caledonia,NCL,Health,3.030,1974
New Caledonia,NCL,Health,3.030,1975
New Caledonia,NCL,Health,3.030,1976
New Caledonia,NCL,Health,3.030,1977
New Caledonia,NCL,Health,3.030,1978
New Caledonia,NCL,Health,3.030,1979
New Caledonia,NCL,Health,3.030,1980
New Caledonia,NCL,Health,3.030,1981
New Caledonia,NCL,Health,3.030,1982
New Caledonia,NCL,Health,3.030,1983
New Caledonia,NCL,Health,3.030,1984
New Caledonia,NCL,Health,3.030,1985
New Caledonia,NCL,Health,3.030,1986
New Caledonia,NCL,Health,3.030,1987
New Caledonia,NCL,Health,3.030,1988
New Caledonia,NCL,Health,3.030,1989
New Caledonia,NCL,Health,3.030,1990
New Caledonia,NCL,Health,3.030,1991
New Caledonia,NCL,Health,3.030,1992
New Caledonia,NCL,Health,3.030,1993
New Caledonia,NCL,Health,3.030,1994
New Caledonia,NCL,Health,3.030,1995
New Caledonia,NCL,Health,3.030,1996
New Caledonia,NCL,Health,3.030,1997
New Caledonia,NCL,Health,3.030,1998
New Caledonia,NCL,Health,3.030,1999
New Caledonia,NCL,Health,3.535,2000
New Caledonia,NCL,Health,3.535,2001
New Caledonia,NCL,Health,3.535,2002
New Caledonia,NCL,Health,3.535,2003
New Caledonia,NCL,Health,3.535,2004
New Caledonia,NCL,Health,3.535,2005
New Caledonia,NCL,Health,3.535,2006
New Caledonia,NCL,Health,3.535,2007
New Caledonia,NCL,Health,3.535,2008
New Caledonia,NCL,Health,3.535,2009
New Caledonia,NCL,Health,3.535,2010
New Caledonia,NCL,Health,3.535,2011
New Caledonia,NCL,Health,3.535,2012
New Caledonia,NCL,Health,3.535,2013
New Caledonia,NCL,Health,3.535,2014
New Caledonia,NCL,Health,3.535,2015
New Caledonia,NCL,Health,3.535,2016
New Caledonia,NCL,Health,3.535,2017
New Caledonia,NCL,Health,3.535,2018
New Caledonia,NCL,Health,3.535,2019
New Caledonia,NCL,Health,3.535,2020
New Caledonia,NCL,Health,3.535,2021
New Caledonia,NCL,Health,3.535,2022
New Caledonia,NCL,Health,0.000,2023
New Caledonia,NCL,Leadership,0.000,1960
New Caledonia,NCL,Leadership,0.000,1961
New Caledonia,NCL,Leadership,0.000,1962
New Caledonia,NCL,Leadership,0.000,1963
New Caledonia,NCL,Leadership,0.000,1964
New Caledonia,NCL,Leadership,0.000,1965
New Caledonia,NCL,Leadership,0.000,1966
New Caledonia,NCL,Leadership,0.000,1967
New Caledonia,NCL,Leadership,0.000,1968
New Caledonia,NCL,Leadership,0.000,1969
New Caledonia,NCL,Leadership,0.000,1970
New Caledonia,NCL,Leadership,0.000,1971
New Caledonia,NCL,Leadership,0.000,1972
New Caledonia,NCL,Leadership,0.000,1973
New Caledonia,NCL,Leadership,0.000,1974
New Caledonia,NCL,Leadership,0.000,1975
New Caledonia,NCL,Leadership,0.000,1976
New Caledonia,NCL,Leadership,0.000,1977
New Caledonia,NCL,Leadership,0.000,1978
New Caledonia,NCL,Leadership,0.000,1979
New Caledonia,NCL,Leadership,0.000,1980
New Caledonia,NCL,Leadership,0.000,1981
New Caledonia,NCL,Leadership,0.000,1982
New Caledonia,NCL,Leadership,0.000,1983
New Caledonia,NCL,Leadership,0.000,1984
New Caledonia,NCL,Leadership,0.000,1985
New Caledonia,NCL,Leadership,0.000,1986
New Caledonia,NCL,Leadership,0.000,1987
New Caledonia,NCL,Leadership,0.000,1988
New Caledonia,NCL,Leadership,0.000,1989
New Caledonia,NCL,Leadership,0.000,1990
New Caledonia,NCL,Leadership,0.000,1991
New Caledonia,NCL,Leadership,0.000,1992
New Caledonia,NCL,Leadership,0.000,1993
New Caledonia,NCL,Leadership,0.000,1994
New Caledonia,NCL,Leadership,0.000,1995
New Caledonia,NCL,Leadership,0.000,1996
New Caledonia,NCL,Leadership,0.000,1997
New Caledonia,NCL,Leadership,0.000,1998
New Caledonia,NCL,Leadership,0.000,1999
New Caledonia,NCL,Leadership,0.000,2000
New Caledonia,NCL,Leadership,0.000,2001
New Caledonia,NCL,Leadership,0.000,2002
New Caledonia,NCL,Leadership,0.000,2003
New Caledonia,NCL,Leadership,0.000,2004
New Caledonia,NCL,Leadership,0.000,2005
New Caledonia,NCL,Leadership,0.000,2006
New Caledonia,NCL,Leadership,0.000,2007
New Caledonia,NCL,Leadership,0.000,2008
New Caledonia,NCL,Leadership,0.000,2009
New Caledonia,NCL,Leadership,0.000,2010
New Caledonia,NCL,Leadership,0.000,2011
New Caledonia,NCL,Leadership,0.000,2012
New Caledonia,NCL,Leadership,0.000,2013
New Caledonia,NCL,Leadership,0.000,2014
New Caledonia,NCL,Leadership,0.000,2015
New Caledonia,NCL,Leadership,0.000,2016
New Caledonia,NCL,Leadership,0.000,2017
New Caledonia,NCL,Leadership,0.000,2018
New Caledonia,NCL,Leadership,0.000,2019
New Caledonia,NCL,Leadership,0.000,2020
New Caledonia,NCL,Leadership,0.000,2021
New Caledonia,NCL,Leadership,0.000,2022
New Caledonia,NCL,Leadership,0.000,2023
New Caledonia,NCL,Norms and Decision-making,0.000,1960
New Caledonia,NCL,Norms and Decision-making,0.000,1961
New Caledonia,NCL,Norms and Decision-making,0.000,1962
New Caledonia,NCL,Norms and Decision-making,0.000,1963
New Caledonia,NCL,Norms and Decision-making,0.000,1964
New Caledonia,NCL,Norms and Decision-making,0.000,1965
New Caledonia,NCL,Norms and Decision-making,0.000,1966
New Caledonia,NCL,Norms and Decision-making,0.000,1967
New Caledonia,NCL,Norms and Decision-making,0.000,1968
New Caledonia,NCL,Norms and Decision-making,0.000,1969
New Caledonia,NCL,Norms and Decision-making,0.000,1970
New Caledonia,NCL,Norms and Decision-making,0.000,1971
New Caledonia,NCL,Norms and Decision-making,0.000,1972
New Caledonia,NCL,Norms and Decision-making,0.000,1973
New Caledonia,NCL,Norms and Decision-making,0.000,1974
New Caledonia,NCL,Norms and Decision-making,0.000,1975
New Caledonia,NCL,Norms and Decision-making,1.481,1976
New Caledonia,NCL,Norms and Decision-making,0.000,1977
New Caledonia,NCL,Norms and Decision-making,0.000,1978
New Caledonia,NCL,Norms and Decision-making,0.000,1979
New Caledonia,NCL,Norms and Decision-making,0.000,1980
New Caledonia,NCL,Norms and Decision-making,0.000,1981
New Caledonia,NCL,Norms and Decision-making,0.000,1982
New Caledonia,NCL,Norms and Decision-making,0.000,1983
New Caledonia,NCL,Norms and Decision-making,0.000,1984
New Caledonia,NCL,Norms and Decision-making,0.000,1985
New Caledonia,NCL,Norms and Decision-making,0.000,1986
New Caledonia,NCL,Norms and Decision-making,0.000,1987
New Caledonia,NCL,Norms and Decision-making,0.000,1988
New Caledonia,NCL,Norms and Decision-making,1.481,1989
New Caledonia,NCL,Norms and Decision-making,0.000,1990
New Caledonia,NCL,Norms and Decision-making,0.000,1991
New Caledonia,NCL,Norms and Decision-making,0.000,1992
New Caledonia,NCL,Norms and Decision-making,0.000,1993
New Caledonia,NCL,Norms and Decision-making,0.000,1994
New Caledonia,NCL,Norms and Decision-making,0.000,1995
New Caledonia,NCL,Norms and Decision-making,1.481,1996
New Caledonia,NCL,Norms and Decision-making,0.000,1997
New Caledonia,NCL,Norms and Decision-making,0.000,1998
New Caledonia,NCL,Norms and Decision-making,0.000,1999
New Caledonia,NCL,Norms and Decision-making,0.000,2000
New Caledonia,NCL,Norms and Decision-making,0.000,2001
New Caledonia,NCL,Norms and Decision-making,0.000,2002
New Caledonia,NCL,Norms and Decision-making,0.000,2003
New Caledonia,NCL,Norms and Decision-making,1.481,2004
New Caledonia,NCL,Norms and Decision-making,0.000,2005
New Caledonia,NCL,Norms and Decision-making,0.000,2006
New Caledonia,NCL,Norms and Decision-making,0.000,2007
New Caledonia,NCL,Norms and Decision-making,0.000,2008
New Caledonia,NCL,Norms and Decision-making,0.000,2009
New Caledonia,NCL,Norms and Decision-making,0.000,2010
New Caledonia,NCL,Norms and Decision-making,0.000,2011
New Caledonia,NCL,Norms and Decision-making,0.000,2012
New Caledonia,NCL,Norms and Decision-making,0.000,2013
New Caledonia,NCL,Norms and Decision-making,1.481,2014
New Caledonia,NCL,Norms and Decision-making,0.000,2015
New Caledonia,NCL,Norms and Decision-making,0.000,2016
New Caledonia,NCL,Norms and Decision-making,0.000,2017
New Caledonia,NCL,Norms and Decision-making,0.000,2018
New Caledonia,NCL,Norms and Decision-making,0.000,2019
New Caledonia,NCL,Norms and Decision-making,0.000,2020
New Caledonia,NCL,Norms and Decision-making,0.000,2021
New Caledonia,NCL,Norms and Decision-making,0.000,2022
New Caledonia,NCL,Norms and Decision-making,0.000,2023
New Caledonia,NCL,Population,86.905,1960
New Caledonia,NCL,Population,86.905,1961
New Caledonia,NCL,Population,86.905,1962
New Caledonia,NCL,Population,86.905,1963
New Caledonia,NCL,Population,86.905,1964
New Caledonia,NCL,Population,86.905,1965
New Caledonia,NCL,Population,86.905,1966
New Caledonia,NCL,Population,86.905,1967
New Caledonia,NCL,Population,86.905,1968
New Caledonia,NCL,Population,86.905,1969
New Caledonia,NCL,Population,86.905,1970
New Caledonia,NCL,Population,86.905,1971
New Caledonia,NCL,Population,86.905,1972
New Caledonia,NCL,Population,86.905,1973
New Caledonia,NCL,Population,86.905,1974
New Caledonia,NCL,Population,86.905,1975
New Caledonia,NCL,Population,89.286,1976
New Caledonia,NCL,Population,86.905,1977
New Caledonia,NCL,Population,86.905,1978
New Caledonia,NCL,Population,86.905,1979
New Caledonia,NCL,Population,91.667,1980
New Caledonia,NCL,Population,86.905,1981
New Caledonia,NCL,Population,86.905,1982
New Caledonia,NCL,Population,86.905,1983
New Caledonia,NCL,Population,86.905,1984
New Caledonia,NCL,Population,91.667,1985
New Caledonia,NCL,Population,86.905,1986
New Caledonia,NCL,Population,86.905,1987
New Caledonia,NCL,Population,86.905,1988
New Caledonia,NCL,Population,89.286,1989
New Caledonia,NCL,Population,92.857,1990
New Caledonia,NCL,Population,86.905,1991
New Caledonia,NCL,Population,86.905,1992
New Caledonia,NCL,Population,86.905,1993
New Caledonia,NCL,Population,86.905,1994
New Caledonia,NCL,Population,92.857,1995
New Caledonia,NCL,Population,89.286,1996
New Caledonia,NCL,Population,86.905,1997
New Caledonia,NCL,Population,86.905,1998
New Caledonia,NCL,Population,86.905,1999
New Caledonia,NCL,Population,92.857,2000
New Caledonia,NCL,Population,86.905,2001
New Caledonia,NCL,Population,86.905,2002
New Caledonia,NCL,Population,86.905,2003
New Caledonia,NCL,Population,89.286,2004
New Caledonia,NCL,Population,92.857,2005
New Caledonia,NCL,Population,86.905,2006
New Caledonia,NCL,Population,86.905,2007
New Caledonia,NCL,Population,86.905,2008
New Caledonia,NCL,Population,86.905,2009
New Caledonia,NCL,Population,92.857,2010
New Caledonia,NCL,Population,86.905,2011
New Caledonia,NCL,Population,86.905,2012
New Caledonia,NCL,Population,86.905,2013
New Caledonia,NCL,Population,89.286,2014
New Caledonia,NCL,Population,92.857,2015
New Caledonia,NCL,Population,86.905,2016
New Caledonia,NCL,Population,86.905,2017
New Caledonia,NCL,Population,86.905,2018
New Caledonia,NCL,Population,86.905,2019
New Caledonia,NCL,Population,88.095,2020
New Caledonia,NCL,Population,86.905,2021
New Caledonia,NCL,Population,86.905,2022
New Caledonia,NCL,Population,77.381,2023
New Caledonia,NCL,SDGs,0.671,1960
New Caledonia,NCL,SDGs,0.671,1961
New Caledonia,NCL,SDGs,0.671,1962
New Caledonia,NCL,SDGs,0.671,1963
New Caledonia,NCL,SDGs,0.671,1964
New Caledonia,NCL,SDGs,0.671,1965
New Caledonia,NCL,SDGs,0.671,1966
New Caledonia,NCL,SDGs,0.671,1967
New Caledonia,NCL,SDGs,0.671,1968
New Caledonia,NCL,SDGs,0.671,1969
New Caledonia,NCL,SDGs,0.671,1970
New Caledonia,NCL,SDGs,0.671,1971
New Caledonia,NCL,SDGs,0.671,1972
New Caledonia,NCL,SDGs,0.671,1973
New Caledonia,NCL,SDGs,0.671,1974
New Caledonia,NCL,SDGs,0.671,1975
New Caledonia,NCL,SDGs,0.671,1976
New Caledonia,NCL,SDGs,0.671,1977
New Caledonia,NCL,SDGs,0.671,1978
New Caledonia,NCL,SDGs,0.671,1979
New Caledonia,NCL,SDGs,0.671,1980
New Caledonia,NCL,SDGs,0.671,1981
New Caledonia,NCL,SDGs,0.671,1982
New Caledonia,NCL,SDGs,0.671,1983
New Caledonia,NCL,SDGs,0.671,1984
New Caledonia,NCL,SDGs,0.671,1985
New Caledonia,NCL,SDGs,0.671,1986
New Caledonia,NCL,SDGs,0.671,1987
New Caledonia,NCL,SDGs,0.671,1988
New Caledonia,NCL,SDGs,0.671,1989
New Caledonia,NCL,SDGs,0.671,1990
New Caledonia,NCL,SDGs,4.698,1991
New Caledonia,NCL,SDGs,4.698,1992
New Caledonia,NCL,SDGs,4.698,1993
New Caledonia,NCL,SDGs,4.698,1994
New Caledonia,NCL,SDGs,4.698,1995
New Caledonia,NCL,SDGs,6.711,1996
New Caledonia,NCL,SDGs,4.698,1997
New Caledonia,NCL,SDGs,4.698,1998
New Caledonia,NCL,SDGs,4.698,1999
New Caledonia,NCL,SDGs,5.369,2000
New Caledonia,NCL,SDGs,5.369,2001
New Caledonia,NCL,SDGs,5.369,2002
New Caledonia,NCL,SDGs,5.369,2003
New Caledonia,NCL,SDGs,6.040,2004
New Caledonia,NCL,SDGs,5.369,2005
New Caledonia,NCL,SDGs,5.369,2006
New Caledonia,NCL,SDGs,5.369,2007
New Caledonia,NCL,SDGs,5.369,2008
New Caledonia,NCL,SDGs,7.383,2009
New Caledonia,NCL,SDGs,5.369,2010
New Caledonia,NCL,SDGs,5.369,2011
New Caledonia,NCL,SDGs,5.369,2012
New Caledonia,NCL,SDGs,5.369,2013
New Caledonia,NCL,SDGs,9.396,2014
New Caledonia,NCL,SDGs,5.369,2015
New Caledonia,NCL,SDGs,5.369,2016
New Caledonia,NCL,SDGs,9.396,2017
New Caledonia,NCL,SDGs,9.396,2018
New Caledonia,NCL,SDGs,9.396,2019
New Caledonia,NCL,SDGs,9.396,2020
New Caledonia,NCL,SDGs,5.369,2021
New Caledonia,NCL,SDGs,9.396,2022
New Caledonia,NCL,SDGs,4.027,2023
New Caledonia,NCL,Technology,0.000,1960
New Caledonia,NCL,Technology,0.000,1961
New Caledonia,NCL,Technology,0.000,1962
New Caledonia,NCL,Technology,0.000,1963
New Caledonia,NCL,Technology,0.000,1964
New Caledonia,NCL,Technology,0.000,1965
New Caledonia,NCL,Technology,0.000,1966
New Caledonia,NCL,Technology,0.000,1967
New Caledonia,NCL,Technology,0.000,1968
New Caledonia,NCL,Technology,0.000,1969
New Caledonia,NCL,Technology,0.000,1970
New Caledonia,NCL,Technology,0.000,1971
New Caledonia,NCL,Technology,0.000,1972
New Caledonia,NCL,Technology,0.000,1973
New Caledonia,NCL,Technology,0.000,1974
New Caledonia,NCL,Technology,0.000,1975
New Caledonia,NCL,Technology,0.000,1976
New Caledonia,NCL,Technology,0.000,1977
New Caledonia,NCL,Technology,0.000,1978
New Caledonia,NCL,Technology,0.000,1979
New Caledonia,NCL,Technology,0.000,1980
New Caledonia,NCL,Technology,0.000,1981
New Caledonia,NCL,Technology,0.000,1982
New Caledonia,NCL,Technology,0.000,1983
New Caledonia,NCL,Technology,0.000,1984
New Caledonia,NCL,Technology,0.000,1985
New Caledonia,NCL,Technology,0.000,1986
New Caledonia,NCL,Technology,0.000,1987
New Caledonia,NCL,Technology,0.000,1988
New Caledonia,NCL,Technology,0.000,1989
New Caledonia,NCL,Technology,2.222,1990
New Caledonia,NCL,Technology,2.222,1991
New Caledonia,NCL,Technology,2.222,1992
New Caledonia,NCL,Technology,2.222,1993
New Caledonia,NCL,Technology,2.222,1994
New Caledonia,NCL,Technology,2.222,1995
New Caledonia,NCL,Technology,2.222,1996
New Caledonia,NCL,Technology,2.222,1997
New Caledonia,NCL,Technology,2.222,1998
New Caledonia,NCL,Technology,2.222,1999
New Caledonia,NCL,Technology,2.222,2000
New Caledonia,NCL,Technology,2.222,2001
New Caledonia,NCL,Technology,2.222,2002
New Caledonia,NCL,Technology,2.222,2003
New Caledonia,NCL,Technology,2.222,2004
New Caledonia,NCL,Technology,2.222,2005
New Caledonia,NCL,Technology,2.222,2006
New Caledonia,NCL,Technology,2.222,2007
New Caledonia,NCL,Technology,2.222,2008
New Caledonia,NCL,Technology,2.222,2009
New Caledonia,NCL,Technology,2.222,2010
New Caledonia,NCL,Technology,2.222,2011
New Caledonia,NCL,Technology,2.222,2012
New Caledonia,NCL,Technology,2.222,2013
New Caledonia,NCL,Technology,2.222,2014
New Caledonia,NCL,Technology,2.222,2015
New Caledonia,NCL,Technology,0.000,2016
New Caledonia,NCL,Technology,2.222,2017
New Caledonia,NCL,Technology,0.000,2018
New Caledonia,NCL,Technology,0.000,2019
New Caledonia,NCL,Technology,0.000,2020
New Caledonia,NCL,Technology,0.000,2021
New Caledonia,NCL,Technology,0.000,2022
New Caledonia,NCL,Technology,0.000,2023
New Caledonia,NCL,Violence,0.000,1960
New Caledonia,NCL,Violence,0.000,1961
New Caledonia,NCL,Violence,0.000,1962
New Caledonia,NCL,Violence,0.000,1963
New Caledonia,NCL,Violence,0.000,1964
New Caledonia,NCL,Violence,0.000,1965
New Caledonia,NCL,Violence,0.000,1966
New Caledonia,NCL,Violence,0.000,1967
New Caledonia,NCL,Violence,0.000,1968
New Caledonia,NCL,Violence,0.000,1969
New Caledonia,NCL,Violence,0.000,1970
New Caledonia,NCL,Violence,0.000,1971
New Caledonia,NCL,Violence,0.000,1972
New Caledonia,NCL,Violence,0.000,1973
New Caledonia,NCL,Violence,0.000,1974
New Caledonia,NCL,Violence,0.000,1975
New Caledonia,NCL,Violence,0.000,1976
New Caledonia,NCL,Violence,0.000,1977
New Caledonia,NCL,Violence,0.000,1978
New Caledonia,NCL,Violence,0.000,1979
New Caledonia,NCL,Violence,0.000,1980
New Caledonia,NCL,Violence,0.000,1981
New Caledonia,NCL,Violence,0.000,1982
New Caledonia,NCL,Violence,0.000,1983
New Caledonia,NCL,Violence,0.000,1984
New Caledonia,NCL,Violence,0.000,1985
New Caledonia,NCL,Violence,0.000,1986
New Caledonia,NCL,Violence,0.000,1987
New Caledonia,NCL,Violence,0.000,1988
New Caledonia,NCL,Violence,0.000,1989
New Caledonia,NCL,Violence,0.000,1990
New Caledonia,NCL,Violence,0.000,1991
New Caledonia,NCL,Violence,0.000,1992
New Caledonia,NCL,Violence,0.000,1993
New Caledonia,NCL,Violence,0.000,1994
New Caledonia,NCL,Violence,0.000,1995
New Caledonia,NCL,Violence,0.000,1996
New Caledonia,NCL,Violence,0.000,1997
New Caledonia,NCL,Violence,0.000,1998
New Caledonia,NCL,Violence,0.000,1999
New Caledonia,NCL,Violence,0.000,2000
New Caledonia,NCL,Violence,0.000,2001
New Caledonia,NCL,Violence,0.000,2002
New Caledonia,NCL,Violence,0.000,2003
New Caledonia,NCL,Violence,0.000,2004
New Caledonia,NCL,Violence,0.000,2005
New Caledonia,NCL,Violence,0.714,2006
New Caledonia,NCL,Violence,0.714,2007
New Caledonia,NCL,Violence,0.714,2008
New Caledonia,NCL,Violence,0.714,2009
New Caledonia,NCL,Violence,0.000,2010
New Caledonia,NCL,Violence,0.000,2011
New Caledonia,NCL,Violence,0.000,2012
New Caledonia,NCL,Violence,0.000,2013
New Caledonia,NCL,Violence,0.000,2014
New Caledonia,NCL,Violence,0.000,2015
New Caledonia,NCL,Violence,0.000,2016
New Caledonia,NCL,Violence,0.000,2017
New Caledonia,NCL,Violence,0.000,2018
New Caledonia,NCL,Violence,0.000,2019
New Caledonia,NCL,Violence,0.000,2020
New Caledonia,NCL,Violence,0.000,2021
New Caledonia,NCL,Violence,0.000,2022
New Caledonia,NCL,Violence,0.000,2023
New Caledonia,NCL,Youth 15-24,4.587,1960
New Caledonia,NCL,Youth 15-24,4.587,1961
New Caledonia,NCL,Youth 15-24,4.587,1962
New Caledonia,NCL,Youth 15-24,4.587,1963
New Caledonia,NCL,Youth 15-24,4.587,1964
New Caledonia,NCL,Youth 15-24,4.587,1965
New Caledonia,NCL,Youth 15-24,4.587,1966
New Caledonia,NCL,Youth 15-24,4.587,1967
New Caledonia,NCL,Youth 15-24,4.587,1968
New Caledonia,NCL,Youth 15-24,4.587,1969
New Caledonia,NCL,Youth 15-24,10.092,1970
New Caledonia,NCL,Youth 15-24,10.092,1971
New Caledonia,NCL,Youth 15-24,10.092,1972
New Caledonia,NCL,Youth 15-24,10.092,1973
New Caledonia,NCL,Youth 15-24,10.092,1974
New Caledonia,NCL,Youth 15-24,10.092,1975
New Caledonia,NCL,Youth 15-24,17.431,1976
New Caledonia,NCL,Youth 15-24,10.092,1977
New Caledonia,NCL,Youth 15-24,10.092,1978
New Caledonia,NCL,Youth 15-24,10.092,1979
New Caledonia,NCL,Youth 15-24,10.092,1980
New Caledonia,NCL,Youth 15-24,10.092,1981
New Caledonia,NCL,Youth 15-24,12.844,1982
New Caledonia,NCL,Youth 15-24,12.844,1983
New Caledonia,NCL,Youth 15-24,10.092,1984
New Caledonia,NCL,Youth 15-24,12.844,1985
New Caledonia,NCL,Youth 15-24,12.844,1986
New Caledonia,NCL,Youth 15-24,12.844,1987
New Caledonia,NCL,Youth 15-24,15.596,1988
New Caledonia,NCL,Youth 15-24,22.936,1989
New Caledonia,NCL,Youth 15-24,15.596,1990
New Caledonia,NCL,Youth 15-24,22.018,1991
New Caledonia,NCL,Youth 15-24,15.596,1992
New Caledonia,NCL,Youth 15-24,15.596,1993
New Caledonia,NCL,Youth 15-24,15.596,1994
New Caledonia,NCL,Youth 15-24,15.596,1995
New Caledonia,NCL,Youth 15-24,22.936,1996
New Caledonia,NCL,Youth 15-24,22.018,1997
New Caledonia,NCL,Youth 15-24,13.761,1998
New Caledonia,NCL,Youth 15-24,13.761,1999
New Caledonia,NCL,Youth 15-24,13.761,2000
New Caledonia,NCL,Youth 15-24,13.761,2001
New Caledonia,NCL,Youth 15-24,13.761,2002
New Caledonia,NCL,Youth 15-24,13.761,2003
New Caledonia,NCL,Youth 15-24,13.761,2004
New Caledonia,NCL,Youth 15-24,13.761,2005
New Caledonia,NCL,Youth 15-24,17.431,2006
New Caledonia,NCL,Youth 15-24,13.761,2007
New Caledonia,NCL,Youth 15-24,13.761,2008
New Caledonia,NCL,Youth 15-24,13.761,2009
New Caledonia,NCL,Youth 15-24,13.761,2010
New Caledonia,NCL,Youth 15-24,13.761,2011
New Caledonia,NCL,Youth 15-24,13.761,2012
New Caledonia,NCL,Youth 15-24,13.761,2013
New Caledonia,NCL,Youth 15-24,40.367,2014
New Caledonia,NCL,Youth 15-24,13.761,2015
New Caledonia,NCL,Youth 15-24,13.761,2016
New Caledonia,NCL,Youth 15-24,25.688,2017
New Caledonia,NCL,Youth 15-24,25.688,2018
New Caledonia,NCL,Youth 15-24,31.193,2019
New Caledonia,NCL,Youth 15-24,25.688,2020
New Caledonia,NCL,Youth 15-24,13.761,2021
New Caledonia,NCL,Youth 15-24,36.697,2022
New Caledonia,NCL,Youth 15-24,12.844,2023
