Country Name,Country Code,Topic,% of available indicators,Year
Namibia,NAM,Assets,0.000,1960
Namibia,NAM,Assets,0.000,1961
Namibia,NAM,Assets,0.000,1962
Namibia,NAM,Assets,0.000,1963
Namibia,NAM,Assets,0.000,1964
Namibia,NAM,Assets,0.000,1965
Namibia,NAM,Assets,0.000,1966
Namibia,NAM,Assets,0.000,1967
Namibia,NAM,Assets,0.000,1968
Namibia,NAM,Assets,0.000,1969
Namibia,NAM,Assets,2.208,1970
Namibia,NAM,Assets,2.208,1971
Namibia,NAM,Assets,2.208,1972
Namibia,NAM,Assets,2.208,1973
Namibia,NAM,Assets,2.208,1974
Namibia,NAM,Assets,2.208,1975
Namibia,NAM,Assets,2.208,1976
Namibia,NAM,Assets,2.208,1977
Namibia,NAM,Assets,2.208,1978
Namibia,NAM,Assets,2.208,1979
Namibia,NAM,Assets,2.208,1980
Namibia,NAM,Assets,2.208,1981
Namibia,NAM,Assets,2.208,1982
Namibia,NAM,Assets,2.208,1983
Namibia,NAM,Assets,2.208,1984
Namibia,NAM,Assets,2.208,1985
Namibia,NAM,Assets,2.208,1986
Namibia,NAM,Assets,2.208,1987
Namibia,NAM,Assets,2.208,1988
Namibia,NAM,Assets,2.208,1989
Namibia,NAM,Assets,2.208,1990
Namibia,NAM,Assets,2.208,1991
Namibia,NAM,Assets,2.208,1992
Namibia,NAM,Assets,2.208,1993
Namibia,NAM,Assets,2.208,1994
Namibia,NAM,Assets,2.208,1995
Namibia,NAM,Assets,2.208,1996
Namibia,NAM,Assets,2.208,1997
Namibia,NAM,Assets,2.208,1998
Namibia,NAM,Assets,2.208,1999
Namibia,NAM,Assets,2.208,2000
Namibia,NAM,Assets,2.208,2001
Namibia,NAM,Assets,2.208,2002
Namibia,NAM,Assets,2.208,2003
Namibia,NAM,Assets,2.208,2004
Namibia,NAM,Assets,2.208,2005
Namibia,NAM,Assets,2.208,2006
Namibia,NAM,Assets,2.208,2007
Namibia,NAM,Assets,2.208,2008
Namibia,NAM,Assets,2.208,2009
Namibia,NAM,Assets,2.208,2010
Namibia,NAM,Assets,2.208,2011
Namibia,NAM,Assets,2.208,2012
Namibia,NAM,Assets,32.492,2013
Namibia,NAM,Assets,31.546,2014
Namibia,NAM,Assets,2.208,2015
Namibia,NAM,Assets,2.208,2016
Namibia,NAM,Assets,34.069,2017
Namibia,NAM,Assets,2.208,2018
Namibia,NAM,Assets,2.208,2019
Namibia,NAM,Assets,2.208,2020
Namibia,NAM,Assets,63.091,2021
Namibia,NAM,Assets,2.208,2022
Namibia,NAM,Assets,2.208,2023
Namibia,NAM,Children 0-14,10.769,1960
Namibia,NAM,Children 0-14,10.769,1961
Namibia,NAM,Children 0-14,10.769,1962
Namibia,NAM,Children 0-14,10.769,1963
Namibia,NAM,Children 0-14,10.769,1964
Namibia,NAM,Children 0-14,10.769,1965
Namibia,NAM,Children 0-14,10.769,1966
Namibia,NAM,Children 0-14,15.385,1967
Namibia,NAM,Children 0-14,17.692,1968
Namibia,NAM,Children 0-14,17.692,1969
Namibia,NAM,Children 0-14,17.692,1970
Namibia,NAM,Children 0-14,17.692,1971
Namibia,NAM,Children 0-14,19.231,1972
Namibia,NAM,Children 0-14,19.231,1973
Namibia,NAM,Children 0-14,19.231,1974
Namibia,NAM,Children 0-14,19.231,1975
Namibia,NAM,Children 0-14,19.231,1976
Namibia,NAM,Children 0-14,19.231,1977
Namibia,NAM,Children 0-14,19.231,1978
Namibia,NAM,Children 0-14,19.231,1979
Namibia,NAM,Children 0-14,19.231,1980
Namibia,NAM,Children 0-14,19.231,1981
Namibia,NAM,Children 0-14,19.231,1982
Namibia,NAM,Children 0-14,19.231,1983
Namibia,NAM,Children 0-14,19.231,1984
Namibia,NAM,Children 0-14,19.231,1985
Namibia,NAM,Children 0-14,20.769,1986
Namibia,NAM,Children 0-14,20.769,1987
Namibia,NAM,Children 0-14,20.769,1988
Namibia,NAM,Children 0-14,33.077,1989
Namibia,NAM,Children 0-14,33.077,1990
Namibia,NAM,Children 0-14,30.769,1991
Namibia,NAM,Children 0-14,53.077,1992
Namibia,NAM,Children 0-14,28.462,1993
Namibia,NAM,Children 0-14,33.846,1994
Namibia,NAM,Children 0-14,30.000,1995
Namibia,NAM,Children 0-14,30.000,1996
Namibia,NAM,Children 0-14,30.000,1997
Namibia,NAM,Children 0-14,41.538,1998
Namibia,NAM,Children 0-14,46.154,1999
Namibia,NAM,Children 0-14,68.462,2000
Namibia,NAM,Children 0-14,44.615,2001
Namibia,NAM,Children 0-14,41.538,2002
Namibia,NAM,Children 0-14,39.231,2003
Namibia,NAM,Children 0-14,39.231,2004
Namibia,NAM,Children 0-14,41.538,2005
Namibia,NAM,Children 0-14,42.308,2006
Namibia,NAM,Children 0-14,49.231,2007
Namibia,NAM,Children 0-14,41.538,2008
Namibia,NAM,Children 0-14,39.231,2009
Namibia,NAM,Children 0-14,61.538,2010
Namibia,NAM,Children 0-14,22.308,2011
Namibia,NAM,Children 0-14,48.462,2012
Namibia,NAM,Children 0-14,61.538,2013
Namibia,NAM,Children 0-14,26.154,2014
Namibia,NAM,Children 0-14,41.538,2015
Namibia,NAM,Children 0-14,31.538,2016
Namibia,NAM,Children 0-14,40.000,2017
Namibia,NAM,Children 0-14,38.462,2018
Namibia,NAM,Children 0-14,40.000,2019
Namibia,NAM,Children 0-14,30.769,2020
Namibia,NAM,Children 0-14,26.154,2021
Namibia,NAM,Children 0-14,23.077,2022
Namibia,NAM,Children 0-14,9.231,2023
Namibia,NAM,Education,0.000,1960
Namibia,NAM,Education,0.000,1961
Namibia,NAM,Education,0.000,1962
Namibia,NAM,Education,0.000,1963
Namibia,NAM,Education,0.000,1964
Namibia,NAM,Education,0.000,1965
Namibia,NAM,Education,0.000,1966
Namibia,NAM,Education,0.000,1967
Namibia,NAM,Education,0.000,1968
Namibia,NAM,Education,0.000,1969
Namibia,NAM,Education,0.000,1970
Namibia,NAM,Education,0.000,1971
Namibia,NAM,Education,0.000,1972
Namibia,NAM,Education,0.000,1973
Namibia,NAM,Education,0.000,1974
Namibia,NAM,Education,0.000,1975
Namibia,NAM,Education,0.000,1976
Namibia,NAM,Education,0.000,1977
Namibia,NAM,Education,0.000,1978
Namibia,NAM,Education,0.000,1979
Namibia,NAM,Education,0.000,1980
Namibia,NAM,Education,0.000,1981
Namibia,NAM,Education,0.000,1982
Namibia,NAM,Education,0.000,1983
Namibia,NAM,Education,0.000,1984
Namibia,NAM,Education,0.000,1985
Namibia,NAM,Education,3.067,1986
Namibia,NAM,Education,3.067,1987
Namibia,NAM,Education,3.067,1988
Namibia,NAM,Education,13.497,1989
Namibia,NAM,Education,17.791,1990
Namibia,NAM,Education,30.061,1991
Namibia,NAM,Education,24.540,1992
Namibia,NAM,Education,13.497,1993
Namibia,NAM,Education,23.926,1994
Namibia,NAM,Education,19.632,1995
Namibia,NAM,Education,14.110,1996
Namibia,NAM,Education,20.859,1997
Namibia,NAM,Education,31.902,1998
Namibia,NAM,Education,34.356,1999
Namibia,NAM,Education,30.061,2000
Namibia,NAM,Education,57.669,2001
Namibia,NAM,Education,30.061,2002
Namibia,NAM,Education,40.491,2003
Namibia,NAM,Education,26.994,2004
Namibia,NAM,Education,42.331,2005
Namibia,NAM,Education,40.491,2006
Namibia,NAM,Education,25.153,2007
Namibia,NAM,Education,32.515,2008
Namibia,NAM,Education,17.178,2009
Namibia,NAM,Education,36.196,2010
Namibia,NAM,Education,7.975,2011
Namibia,NAM,Education,40.491,2012
Namibia,NAM,Education,37.423,2013
Namibia,NAM,Education,33.129,2014
Namibia,NAM,Education,17.791,2015
Namibia,NAM,Education,33.129,2016
Namibia,NAM,Education,31.288,2017
Namibia,NAM,Education,28.221,2018
Namibia,NAM,Education,9.816,2019
Namibia,NAM,Education,14.724,2020
Namibia,NAM,Education,9.202,2021
Namibia,NAM,Education,7.362,2022
Namibia,NAM,Education,0.613,2023
Namibia,NAM,Employment and Time Use,2.920,1960
Namibia,NAM,Employment and Time Use,0.000,1961
Namibia,NAM,Employment and Time Use,0.000,1962
Namibia,NAM,Employment and Time Use,0.000,1963
Namibia,NAM,Employment and Time Use,0.000,1964
Namibia,NAM,Employment and Time Use,0.000,1965
Namibia,NAM,Employment and Time Use,0.000,1966
Namibia,NAM,Employment and Time Use,0.000,1967
Namibia,NAM,Employment and Time Use,0.000,1968
Namibia,NAM,Employment and Time Use,0.000,1969
Namibia,NAM,Employment and Time Use,21.168,1970
Namibia,NAM,Employment and Time Use,21.168,1971
Namibia,NAM,Employment and Time Use,21.168,1972
Namibia,NAM,Employment and Time Use,21.168,1973
Namibia,NAM,Employment and Time Use,21.168,1974
Namibia,NAM,Employment and Time Use,21.168,1975
Namibia,NAM,Employment and Time Use,21.168,1976
Namibia,NAM,Employment and Time Use,21.168,1977
Namibia,NAM,Employment and Time Use,21.168,1978
Namibia,NAM,Employment and Time Use,21.168,1979
Namibia,NAM,Employment and Time Use,21.168,1980
Namibia,NAM,Employment and Time Use,21.168,1981
Namibia,NAM,Employment and Time Use,21.168,1982
Namibia,NAM,Employment and Time Use,21.168,1983
Namibia,NAM,Employment and Time Use,21.168,1984
Namibia,NAM,Employment and Time Use,21.168,1985
Namibia,NAM,Employment and Time Use,21.168,1986
Namibia,NAM,Employment and Time Use,21.168,1987
Namibia,NAM,Employment and Time Use,21.168,1988
Namibia,NAM,Employment and Time Use,21.168,1989
Namibia,NAM,Employment and Time Use,31.387,1990
Namibia,NAM,Employment and Time Use,65.693,1991
Namibia,NAM,Employment and Time Use,56.204,1992
Namibia,NAM,Employment and Time Use,56.204,1993
Namibia,NAM,Employment and Time Use,85.401,1994
Namibia,NAM,Employment and Time Use,56.204,1995
Namibia,NAM,Employment and Time Use,56.204,1996
Namibia,NAM,Employment and Time Use,65.693,1997
Namibia,NAM,Employment and Time Use,56.204,1998
Namibia,NAM,Employment and Time Use,58.394,1999
Namibia,NAM,Employment and Time Use,65.693,2000
Namibia,NAM,Employment and Time Use,63.504,2001
Namibia,NAM,Employment and Time Use,56.204,2002
Namibia,NAM,Employment and Time Use,56.204,2003
Namibia,NAM,Employment and Time Use,68.613,2004
Namibia,NAM,Employment and Time Use,56.204,2005
Namibia,NAM,Employment and Time Use,56.204,2006
Namibia,NAM,Employment and Time Use,56.204,2007
Namibia,NAM,Employment and Time Use,63.504,2008
Namibia,NAM,Employment and Time Use,56.204,2009
Namibia,NAM,Employment and Time Use,89.051,2010
Namibia,NAM,Employment and Time Use,56.204,2011
Namibia,NAM,Employment and Time Use,88.321,2012
Namibia,NAM,Employment and Time Use,89.781,2013
Namibia,NAM,Employment and Time Use,89.051,2014
Namibia,NAM,Employment and Time Use,56.204,2015
Namibia,NAM,Employment and Time Use,90.511,2016
Namibia,NAM,Employment and Time Use,56.204,2017
Namibia,NAM,Employment and Time Use,90.511,2018
Namibia,NAM,Employment and Time Use,56.204,2019
Namibia,NAM,Employment and Time Use,56.204,2020
Namibia,NAM,Employment and Time Use,56.204,2021
Namibia,NAM,Employment and Time Use,56.204,2022
Namibia,NAM,Employment and Time Use,57.664,2023
Namibia,NAM,Entrepreneurship,0.000,1960
Namibia,NAM,Entrepreneurship,0.000,1961
Namibia,NAM,Entrepreneurship,0.000,1962
Namibia,NAM,Entrepreneurship,0.000,1963
Namibia,NAM,Entrepreneurship,0.000,1964
Namibia,NAM,Entrepreneurship,0.000,1965
Namibia,NAM,Entrepreneurship,0.000,1966
Namibia,NAM,Entrepreneurship,0.000,1967
Namibia,NAM,Entrepreneurship,0.000,1968
Namibia,NAM,Entrepreneurship,0.000,1969
Namibia,NAM,Entrepreneurship,9.375,1970
Namibia,NAM,Entrepreneurship,9.375,1971
Namibia,NAM,Entrepreneurship,9.375,1972
Namibia,NAM,Entrepreneurship,9.375,1973
Namibia,NAM,Entrepreneurship,9.375,1974
Namibia,NAM,Entrepreneurship,9.375,1975
Namibia,NAM,Entrepreneurship,9.375,1976
Namibia,NAM,Entrepreneurship,9.375,1977
Namibia,NAM,Entrepreneurship,9.375,1978
Namibia,NAM,Entrepreneurship,9.375,1979
Namibia,NAM,Entrepreneurship,9.375,1980
Namibia,NAM,Entrepreneurship,9.375,1981
Namibia,NAM,Entrepreneurship,9.375,1982
Namibia,NAM,Entrepreneurship,9.375,1983
Namibia,NAM,Entrepreneurship,9.375,1984
Namibia,NAM,Entrepreneurship,9.375,1985
Namibia,NAM,Entrepreneurship,9.375,1986
Namibia,NAM,Entrepreneurship,9.375,1987
Namibia,NAM,Entrepreneurship,9.375,1988
Namibia,NAM,Entrepreneurship,9.375,1989
Namibia,NAM,Entrepreneurship,9.375,1990
Namibia,NAM,Entrepreneurship,9.375,1991
Namibia,NAM,Entrepreneurship,9.375,1992
Namibia,NAM,Entrepreneurship,9.375,1993
Namibia,NAM,Entrepreneurship,9.375,1994
Namibia,NAM,Entrepreneurship,9.375,1995
Namibia,NAM,Entrepreneurship,9.375,1996
Namibia,NAM,Entrepreneurship,9.375,1997
Namibia,NAM,Entrepreneurship,9.375,1998
Namibia,NAM,Entrepreneurship,9.375,1999
Namibia,NAM,Entrepreneurship,9.375,2000
Namibia,NAM,Entrepreneurship,9.375,2001
Namibia,NAM,Entrepreneurship,9.375,2002
Namibia,NAM,Entrepreneurship,37.500,2003
Namibia,NAM,Entrepreneurship,37.500,2004
Namibia,NAM,Entrepreneurship,37.500,2005
Namibia,NAM,Entrepreneurship,40.625,2006
Namibia,NAM,Entrepreneurship,37.500,2007
Namibia,NAM,Entrepreneurship,37.500,2008
Namibia,NAM,Entrepreneurship,37.500,2009
Namibia,NAM,Entrepreneurship,37.500,2010
Namibia,NAM,Entrepreneurship,37.500,2011
Namibia,NAM,Entrepreneurship,37.500,2012
Namibia,NAM,Entrepreneurship,37.500,2013
Namibia,NAM,Entrepreneurship,87.500,2014
Namibia,NAM,Entrepreneurship,62.500,2015
Namibia,NAM,Entrepreneurship,62.500,2016
Namibia,NAM,Entrepreneurship,81.250,2017
Namibia,NAM,Entrepreneurship,62.500,2018
Namibia,NAM,Entrepreneurship,62.500,2019
Namibia,NAM,Entrepreneurship,34.375,2020
Namibia,NAM,Entrepreneurship,34.375,2021
Namibia,NAM,Entrepreneurship,34.375,2022
Namibia,NAM,Entrepreneurship,9.375,2023
Namibia,NAM,Environment,0.000,1960
Namibia,NAM,Environment,0.000,1961
Namibia,NAM,Environment,0.000,1962
Namibia,NAM,Environment,0.000,1963
Namibia,NAM,Environment,0.000,1964
Namibia,NAM,Environment,0.000,1965
Namibia,NAM,Environment,0.000,1966
Namibia,NAM,Environment,0.000,1967
Namibia,NAM,Environment,0.000,1968
Namibia,NAM,Environment,0.000,1969
Namibia,NAM,Environment,0.000,1970
Namibia,NAM,Environment,0.000,1971
Namibia,NAM,Environment,0.000,1972
Namibia,NAM,Environment,0.000,1973
Namibia,NAM,Environment,0.000,1974
Namibia,NAM,Environment,0.000,1975
Namibia,NAM,Environment,0.000,1976
Namibia,NAM,Environment,0.000,1977
Namibia,NAM,Environment,0.000,1978
Namibia,NAM,Environment,0.000,1979
Namibia,NAM,Environment,0.000,1980
Namibia,NAM,Environment,0.000,1981
Namibia,NAM,Environment,0.000,1982
Namibia,NAM,Environment,0.000,1983
Namibia,NAM,Environment,0.000,1984
Namibia,NAM,Environment,0.000,1985
Namibia,NAM,Environment,0.000,1986
Namibia,NAM,Environment,0.000,1987
Namibia,NAM,Environment,0.000,1988
Namibia,NAM,Environment,0.000,1989
Namibia,NAM,Environment,0.000,1990
Namibia,NAM,Environment,0.000,1991
Namibia,NAM,Environment,10.000,1992
Namibia,NAM,Environment,0.000,1993
Namibia,NAM,Environment,0.000,1994
Namibia,NAM,Environment,0.000,1995
Namibia,NAM,Environment,0.000,1996
Namibia,NAM,Environment,0.000,1997
Namibia,NAM,Environment,0.000,1998
Namibia,NAM,Environment,0.000,1999
Namibia,NAM,Environment,33.333,2000
Namibia,NAM,Environment,13.333,2001
Namibia,NAM,Environment,10.000,2002
Namibia,NAM,Environment,13.333,2003
Namibia,NAM,Environment,10.000,2004
Namibia,NAM,Environment,13.333,2005
Namibia,NAM,Environment,13.333,2006
Namibia,NAM,Environment,53.333,2007
Namibia,NAM,Environment,13.333,2008
Namibia,NAM,Environment,10.000,2009
Namibia,NAM,Environment,10.000,2010
Namibia,NAM,Environment,10.000,2011
Namibia,NAM,Environment,13.333,2012
Namibia,NAM,Environment,56.667,2013
Namibia,NAM,Environment,23.333,2014
Namibia,NAM,Environment,13.333,2015
Namibia,NAM,Environment,13.333,2016
Namibia,NAM,Environment,23.333,2017
Namibia,NAM,Environment,10.000,2018
Namibia,NAM,Environment,30.000,2019
Namibia,NAM,Environment,10.000,2020
Namibia,NAM,Environment,20.000,2021
Namibia,NAM,Environment,10.000,2022
Namibia,NAM,Environment,0.000,2023
Namibia,NAM,Health,3.030,1960
Namibia,NAM,Health,3.030,1961
Namibia,NAM,Health,3.030,1962
Namibia,NAM,Health,3.030,1963
Namibia,NAM,Health,3.030,1964
Namibia,NAM,Health,3.030,1965
Namibia,NAM,Health,3.030,1966
Namibia,NAM,Health,6.061,1967
Namibia,NAM,Health,7.576,1968
Namibia,NAM,Health,7.576,1969
Namibia,NAM,Health,7.576,1970
Namibia,NAM,Health,7.576,1971
Namibia,NAM,Health,8.586,1972
Namibia,NAM,Health,8.586,1973
Namibia,NAM,Health,8.586,1974
Namibia,NAM,Health,11.111,1975
Namibia,NAM,Health,11.111,1976
Namibia,NAM,Health,11.111,1977
Namibia,NAM,Health,11.111,1978
Namibia,NAM,Health,11.111,1979
Namibia,NAM,Health,11.111,1980
Namibia,NAM,Health,11.111,1981
Namibia,NAM,Health,11.111,1982
Namibia,NAM,Health,11.111,1983
Namibia,NAM,Health,11.111,1984
Namibia,NAM,Health,11.111,1985
Namibia,NAM,Health,11.111,1986
Namibia,NAM,Health,11.111,1987
Namibia,NAM,Health,11.111,1988
Namibia,NAM,Health,12.121,1989
Namibia,NAM,Health,16.162,1990
Namibia,NAM,Health,16.667,1991
Namibia,NAM,Health,33.333,1992
Namibia,NAM,Health,16.667,1993
Namibia,NAM,Health,16.667,1994
Namibia,NAM,Health,16.667,1995
Namibia,NAM,Health,16.667,1996
Namibia,NAM,Health,16.667,1997
Namibia,NAM,Health,16.667,1998
Namibia,NAM,Health,16.667,1999
Namibia,NAM,Health,77.778,2000
Namibia,NAM,Health,31.818,2001
Namibia,NAM,Health,31.818,2002
Namibia,NAM,Health,31.818,2003
Namibia,NAM,Health,31.818,2004
Namibia,NAM,Health,33.333,2005
Namibia,NAM,Health,33.333,2006
Namibia,NAM,Health,58.081,2007
Namibia,NAM,Health,31.818,2008
Namibia,NAM,Health,31.818,2009
Namibia,NAM,Health,61.111,2010
Namibia,NAM,Health,32.323,2011
Namibia,NAM,Health,32.323,2012
Namibia,NAM,Health,58.586,2013
Namibia,NAM,Health,33.838,2014
Namibia,NAM,Health,56.061,2015
Namibia,NAM,Health,31.818,2016
Namibia,NAM,Health,36.869,2017
Namibia,NAM,Health,35.354,2018
Namibia,NAM,Health,56.566,2019
Namibia,NAM,Health,27.778,2020
Namibia,NAM,Health,19.697,2021
Namibia,NAM,Health,17.677,2022
Namibia,NAM,Health,1.010,2023
Namibia,NAM,Leadership,0.000,1960
Namibia,NAM,Leadership,0.000,1961
Namibia,NAM,Leadership,0.000,1962
Namibia,NAM,Leadership,0.000,1963
Namibia,NAM,Leadership,0.000,1964
Namibia,NAM,Leadership,0.000,1965
Namibia,NAM,Leadership,0.000,1966
Namibia,NAM,Leadership,0.000,1967
Namibia,NAM,Leadership,0.000,1968
Namibia,NAM,Leadership,0.000,1969
Namibia,NAM,Leadership,0.000,1970
Namibia,NAM,Leadership,0.000,1971
Namibia,NAM,Leadership,0.000,1972
Namibia,NAM,Leadership,0.000,1973
Namibia,NAM,Leadership,0.000,1974
Namibia,NAM,Leadership,0.000,1975
Namibia,NAM,Leadership,0.000,1976
Namibia,NAM,Leadership,0.000,1977
Namibia,NAM,Leadership,0.000,1978
Namibia,NAM,Leadership,0.000,1979
Namibia,NAM,Leadership,0.000,1980
Namibia,NAM,Leadership,0.000,1981
Namibia,NAM,Leadership,0.000,1982
Namibia,NAM,Leadership,0.000,1983
Namibia,NAM,Leadership,0.000,1984
Namibia,NAM,Leadership,0.000,1985
Namibia,NAM,Leadership,0.000,1986
Namibia,NAM,Leadership,0.000,1987
Namibia,NAM,Leadership,0.000,1988
Namibia,NAM,Leadership,0.000,1989
Namibia,NAM,Leadership,0.000,1990
Namibia,NAM,Leadership,0.000,1991
Namibia,NAM,Leadership,0.000,1992
Namibia,NAM,Leadership,0.000,1993
Namibia,NAM,Leadership,0.000,1994
Namibia,NAM,Leadership,0.000,1995
Namibia,NAM,Leadership,0.000,1996
Namibia,NAM,Leadership,25.000,1997
Namibia,NAM,Leadership,25.000,1998
Namibia,NAM,Leadership,25.000,1999
Namibia,NAM,Leadership,25.000,2000
Namibia,NAM,Leadership,25.000,2001
Namibia,NAM,Leadership,25.000,2002
Namibia,NAM,Leadership,25.000,2003
Namibia,NAM,Leadership,25.000,2004
Namibia,NAM,Leadership,50.000,2005
Namibia,NAM,Leadership,25.000,2006
Namibia,NAM,Leadership,25.000,2007
Namibia,NAM,Leadership,50.000,2008
Namibia,NAM,Leadership,25.000,2009
Namibia,NAM,Leadership,75.000,2010
Namibia,NAM,Leadership,25.000,2011
Namibia,NAM,Leadership,75.000,2012
Namibia,NAM,Leadership,50.000,2013
Namibia,NAM,Leadership,75.000,2014
Namibia,NAM,Leadership,50.000,2015
Namibia,NAM,Leadership,75.000,2016
Namibia,NAM,Leadership,25.000,2017
Namibia,NAM,Leadership,75.000,2018
Namibia,NAM,Leadership,50.000,2019
Namibia,NAM,Leadership,50.000,2020
Namibia,NAM,Leadership,25.000,2021
Namibia,NAM,Leadership,50.000,2022
Namibia,NAM,Leadership,25.000,2023
Namibia,NAM,Norms and Decision-making,0.000,1960
Namibia,NAM,Norms and Decision-making,0.000,1961
Namibia,NAM,Norms and Decision-making,0.000,1962
Namibia,NAM,Norms and Decision-making,0.000,1963
Namibia,NAM,Norms and Decision-making,0.000,1964
Namibia,NAM,Norms and Decision-making,0.000,1965
Namibia,NAM,Norms and Decision-making,0.000,1966
Namibia,NAM,Norms and Decision-making,0.000,1967
Namibia,NAM,Norms and Decision-making,0.000,1968
Namibia,NAM,Norms and Decision-making,0.000,1969
Namibia,NAM,Norms and Decision-making,12.593,1970
Namibia,NAM,Norms and Decision-making,12.593,1971
Namibia,NAM,Norms and Decision-making,12.593,1972
Namibia,NAM,Norms and Decision-making,12.593,1973
Namibia,NAM,Norms and Decision-making,12.593,1974
Namibia,NAM,Norms and Decision-making,12.593,1975
Namibia,NAM,Norms and Decision-making,12.593,1976
Namibia,NAM,Norms and Decision-making,12.593,1977
Namibia,NAM,Norms and Decision-making,12.593,1978
Namibia,NAM,Norms and Decision-making,12.593,1979
Namibia,NAM,Norms and Decision-making,12.593,1980
Namibia,NAM,Norms and Decision-making,12.593,1981
Namibia,NAM,Norms and Decision-making,12.593,1982
Namibia,NAM,Norms and Decision-making,12.593,1983
Namibia,NAM,Norms and Decision-making,12.593,1984
Namibia,NAM,Norms and Decision-making,12.593,1985
Namibia,NAM,Norms and Decision-making,12.593,1986
Namibia,NAM,Norms and Decision-making,12.593,1987
Namibia,NAM,Norms and Decision-making,12.593,1988
Namibia,NAM,Norms and Decision-making,13.333,1989
Namibia,NAM,Norms and Decision-making,12.593,1990
Namibia,NAM,Norms and Decision-making,12.593,1991
Namibia,NAM,Norms and Decision-making,17.778,1992
Namibia,NAM,Norms and Decision-making,12.593,1993
Namibia,NAM,Norms and Decision-making,12.593,1994
Namibia,NAM,Norms and Decision-making,12.593,1995
Namibia,NAM,Norms and Decision-making,12.593,1996
Namibia,NAM,Norms and Decision-making,12.593,1997
Namibia,NAM,Norms and Decision-making,12.593,1998
Namibia,NAM,Norms and Decision-making,12.593,1999
Namibia,NAM,Norms and Decision-making,25.926,2000
Namibia,NAM,Norms and Decision-making,14.074,2001
Namibia,NAM,Norms and Decision-making,12.593,2002
Namibia,NAM,Norms and Decision-making,12.593,2003
Namibia,NAM,Norms and Decision-making,12.593,2004
Namibia,NAM,Norms and Decision-making,12.593,2005
Namibia,NAM,Norms and Decision-making,14.074,2006
Namibia,NAM,Norms and Decision-making,82.222,2007
Namibia,NAM,Norms and Decision-making,12.593,2008
Namibia,NAM,Norms and Decision-making,12.593,2009
Namibia,NAM,Norms and Decision-making,12.593,2010
Namibia,NAM,Norms and Decision-making,14.074,2011
Namibia,NAM,Norms and Decision-making,12.593,2012
Namibia,NAM,Norms and Decision-making,73.333,2013
Namibia,NAM,Norms and Decision-making,12.593,2014
Namibia,NAM,Norms and Decision-making,12.593,2015
Namibia,NAM,Norms and Decision-making,14.074,2016
Namibia,NAM,Norms and Decision-making,14.074,2017
Namibia,NAM,Norms and Decision-making,12.593,2018
Namibia,NAM,Norms and Decision-making,12.593,2019
Namibia,NAM,Norms and Decision-making,12.593,2020
Namibia,NAM,Norms and Decision-making,12.593,2021
Namibia,NAM,Norms and Decision-making,12.593,2022
Namibia,NAM,Norms and Decision-making,12.593,2023
Namibia,NAM,Population,86.905,1960
Namibia,NAM,Population,86.905,1961
Namibia,NAM,Population,86.905,1962
Namibia,NAM,Population,86.905,1963
Namibia,NAM,Population,86.905,1964
Namibia,NAM,Population,86.905,1965
Namibia,NAM,Population,86.905,1966
Namibia,NAM,Population,86.905,1967
Namibia,NAM,Population,86.905,1968
Namibia,NAM,Population,86.905,1969
Namibia,NAM,Population,86.905,1970
Namibia,NAM,Population,86.905,1971
Namibia,NAM,Population,86.905,1972
Namibia,NAM,Population,86.905,1973
Namibia,NAM,Population,86.905,1974
Namibia,NAM,Population,86.905,1975
Namibia,NAM,Population,86.905,1976
Namibia,NAM,Population,86.905,1977
Namibia,NAM,Population,86.905,1978
Namibia,NAM,Population,86.905,1979
Namibia,NAM,Population,91.667,1980
Namibia,NAM,Population,86.905,1981
Namibia,NAM,Population,86.905,1982
Namibia,NAM,Population,86.905,1983
Namibia,NAM,Population,86.905,1984
Namibia,NAM,Population,91.667,1985
Namibia,NAM,Population,86.905,1986
Namibia,NAM,Population,86.905,1987
Namibia,NAM,Population,86.905,1988
Namibia,NAM,Population,88.095,1989
Namibia,NAM,Population,92.857,1990
Namibia,NAM,Population,86.905,1991
Namibia,NAM,Population,89.286,1992
Namibia,NAM,Population,86.905,1993
Namibia,NAM,Population,86.905,1994
Namibia,NAM,Population,92.857,1995
Namibia,NAM,Population,86.905,1996
Namibia,NAM,Population,86.905,1997
Namibia,NAM,Population,86.905,1998
Namibia,NAM,Population,86.905,1999
Namibia,NAM,Population,96.429,2000
Namibia,NAM,Population,89.286,2001
Namibia,NAM,Population,86.905,2002
Namibia,NAM,Population,86.905,2003
Namibia,NAM,Population,86.905,2004
Namibia,NAM,Population,92.857,2005
Namibia,NAM,Population,86.905,2006
Namibia,NAM,Population,94.048,2007
Namibia,NAM,Population,86.905,2008
Namibia,NAM,Population,86.905,2009
Namibia,NAM,Population,92.857,2010
Namibia,NAM,Population,90.476,2011
Namibia,NAM,Population,86.905,2012
Namibia,NAM,Population,94.048,2013
Namibia,NAM,Population,86.905,2014
Namibia,NAM,Population,92.857,2015
Namibia,NAM,Population,90.476,2016
Namibia,NAM,Population,86.905,2017
Namibia,NAM,Population,86.905,2018
Namibia,NAM,Population,86.905,2019
Namibia,NAM,Population,88.095,2020
Namibia,NAM,Population,86.905,2021
Namibia,NAM,Population,86.905,2022
Namibia,NAM,Population,77.381,2023
Namibia,NAM,SDGs,0.671,1960
Namibia,NAM,SDGs,0.671,1961
Namibia,NAM,SDGs,0.671,1962
Namibia,NAM,SDGs,0.671,1963
Namibia,NAM,SDGs,0.671,1964
Namibia,NAM,SDGs,0.671,1965
Namibia,NAM,SDGs,0.671,1966
Namibia,NAM,SDGs,2.685,1967
Namibia,NAM,SDGs,2.685,1968
Namibia,NAM,SDGs,2.685,1969
Namibia,NAM,SDGs,11.409,1970
Namibia,NAM,SDGs,11.409,1971
Namibia,NAM,SDGs,11.409,1972
Namibia,NAM,SDGs,11.409,1973
Namibia,NAM,SDGs,11.409,1974
Namibia,NAM,SDGs,11.409,1975
Namibia,NAM,SDGs,11.409,1976
Namibia,NAM,SDGs,11.409,1977
Namibia,NAM,SDGs,11.409,1978
Namibia,NAM,SDGs,11.409,1979
Namibia,NAM,SDGs,11.409,1980
Namibia,NAM,SDGs,11.409,1981
Namibia,NAM,SDGs,11.409,1982
Namibia,NAM,SDGs,11.409,1983
Namibia,NAM,SDGs,11.409,1984
Namibia,NAM,SDGs,11.409,1985
Namibia,NAM,SDGs,11.409,1986
Namibia,NAM,SDGs,11.409,1987
Namibia,NAM,SDGs,11.409,1988
Namibia,NAM,SDGs,11.409,1989
Namibia,NAM,SDGs,15.436,1990
Namibia,NAM,SDGs,22.148,1991
Namibia,NAM,SDGs,23.490,1992
Namibia,NAM,SDGs,20.134,1993
Namibia,NAM,SDGs,22.148,1994
Namibia,NAM,SDGs,20.134,1995
Namibia,NAM,SDGs,20.134,1996
Namibia,NAM,SDGs,22.819,1997
Namibia,NAM,SDGs,20.805,1998
Namibia,NAM,SDGs,20.805,1999
Namibia,NAM,SDGs,71.141,2000
Namibia,NAM,SDGs,33.557,2001
Namibia,NAM,SDGs,33.557,2002
Namibia,NAM,SDGs,33.557,2003
Namibia,NAM,SDGs,37.584,2004
Namibia,NAM,SDGs,35.570,2005
Namibia,NAM,SDGs,34.228,2006
Namibia,NAM,SDGs,36.913,2007
Namibia,NAM,SDGs,33.557,2008
Namibia,NAM,SDGs,33.557,2009
Namibia,NAM,SDGs,69.799,2010
Namibia,NAM,SDGs,34.228,2011
Namibia,NAM,SDGs,37.584,2012
Namibia,NAM,SDGs,42.282,2013
Namibia,NAM,SDGs,38.926,2014
Namibia,NAM,SDGs,65.772,2015
Namibia,NAM,SDGs,37.584,2016
Namibia,NAM,SDGs,35.570,2017
Namibia,NAM,SDGs,40.940,2018
Namibia,NAM,SDGs,69.799,2019
Namibia,NAM,SDGs,27.517,2020
Namibia,NAM,SDGs,24.832,2021
Namibia,NAM,SDGs,22.819,2022
Namibia,NAM,SDGs,14.094,2023
Namibia,NAM,Technology,0.000,1960
Namibia,NAM,Technology,0.000,1961
Namibia,NAM,Technology,0.000,1962
Namibia,NAM,Technology,0.000,1963
Namibia,NAM,Technology,0.000,1964
Namibia,NAM,Technology,0.000,1965
Namibia,NAM,Technology,0.000,1966
Namibia,NAM,Technology,0.000,1967
Namibia,NAM,Technology,0.000,1968
Namibia,NAM,Technology,0.000,1969
Namibia,NAM,Technology,0.000,1970
Namibia,NAM,Technology,0.000,1971
Namibia,NAM,Technology,0.000,1972
Namibia,NAM,Technology,0.000,1973
Namibia,NAM,Technology,0.000,1974
Namibia,NAM,Technology,0.000,1975
Namibia,NAM,Technology,0.000,1976
Namibia,NAM,Technology,0.000,1977
Namibia,NAM,Technology,0.000,1978
Namibia,NAM,Technology,0.000,1979
Namibia,NAM,Technology,0.000,1980
Namibia,NAM,Technology,0.000,1981
Namibia,NAM,Technology,0.000,1982
Namibia,NAM,Technology,0.000,1983
Namibia,NAM,Technology,0.000,1984
Namibia,NAM,Technology,0.000,1985
Namibia,NAM,Technology,0.000,1986
Namibia,NAM,Technology,0.000,1987
Namibia,NAM,Technology,0.000,1988
Namibia,NAM,Technology,0.000,1989
Namibia,NAM,Technology,2.222,1990
Namibia,NAM,Technology,2.222,1991
Namibia,NAM,Technology,2.222,1992
Namibia,NAM,Technology,2.222,1993
Namibia,NAM,Technology,2.222,1994
Namibia,NAM,Technology,2.222,1995
Namibia,NAM,Technology,2.222,1996
Namibia,NAM,Technology,2.222,1997
Namibia,NAM,Technology,2.222,1998
Namibia,NAM,Technology,2.222,1999
Namibia,NAM,Technology,2.222,2000
Namibia,NAM,Technology,8.889,2001
Namibia,NAM,Technology,2.222,2002
Namibia,NAM,Technology,8.889,2003
Namibia,NAM,Technology,2.222,2004
Namibia,NAM,Technology,8.889,2005
Namibia,NAM,Technology,4.444,2006
Namibia,NAM,Technology,2.222,2007
Namibia,NAM,Technology,6.667,2008
Namibia,NAM,Technology,2.222,2009
Namibia,NAM,Technology,2.222,2010
Namibia,NAM,Technology,2.222,2011
Namibia,NAM,Technology,4.444,2012
Namibia,NAM,Technology,4.444,2013
Namibia,NAM,Technology,42.222,2014
Namibia,NAM,Technology,8.889,2015
Namibia,NAM,Technology,8.889,2016
Namibia,NAM,Technology,62.222,2017
Namibia,NAM,Technology,2.222,2018
Namibia,NAM,Technology,2.222,2019
Namibia,NAM,Technology,2.222,2020
Namibia,NAM,Technology,82.222,2021
Namibia,NAM,Technology,2.222,2022
Namibia,NAM,Technology,0.000,2023
Namibia,NAM,Violence,0.000,1960
Namibia,NAM,Violence,0.000,1961
Namibia,NAM,Violence,0.000,1962
Namibia,NAM,Violence,0.000,1963
Namibia,NAM,Violence,0.000,1964
Namibia,NAM,Violence,0.000,1965
Namibia,NAM,Violence,0.000,1966
Namibia,NAM,Violence,0.000,1967
Namibia,NAM,Violence,0.000,1968
Namibia,NAM,Violence,0.000,1969
Namibia,NAM,Violence,2.143,1970
Namibia,NAM,Violence,2.143,1971
Namibia,NAM,Violence,2.143,1972
Namibia,NAM,Violence,2.143,1973
Namibia,NAM,Violence,2.143,1974
Namibia,NAM,Violence,2.143,1975
Namibia,NAM,Violence,2.143,1976
Namibia,NAM,Violence,2.143,1977
Namibia,NAM,Violence,2.143,1978
Namibia,NAM,Violence,2.143,1979
Namibia,NAM,Violence,2.143,1980
Namibia,NAM,Violence,2.143,1981
Namibia,NAM,Violence,2.143,1982
Namibia,NAM,Violence,2.143,1983
Namibia,NAM,Violence,2.143,1984
Namibia,NAM,Violence,2.143,1985
Namibia,NAM,Violence,2.143,1986
Namibia,NAM,Violence,2.143,1987
Namibia,NAM,Violence,2.143,1988
Namibia,NAM,Violence,2.143,1989
Namibia,NAM,Violence,2.143,1990
Namibia,NAM,Violence,2.143,1991
Namibia,NAM,Violence,5.000,1992
Namibia,NAM,Violence,2.143,1993
Namibia,NAM,Violence,2.143,1994
Namibia,NAM,Violence,2.857,1995
Namibia,NAM,Violence,2.857,1996
Namibia,NAM,Violence,2.857,1997
Namibia,NAM,Violence,2.857,1998
Namibia,NAM,Violence,2.857,1999
Namibia,NAM,Violence,9.286,2000
Namibia,NAM,Violence,5.000,2001
Namibia,NAM,Violence,5.000,2002
Namibia,NAM,Violence,4.286,2003
Namibia,NAM,Violence,5.000,2004
Namibia,NAM,Violence,4.286,2005
Namibia,NAM,Violence,4.286,2006
Namibia,NAM,Violence,47.143,2007
Namibia,NAM,Violence,5.000,2008
Namibia,NAM,Violence,5.000,2009
Namibia,NAM,Violence,5.000,2010
Namibia,NAM,Violence,5.000,2011
Namibia,NAM,Violence,5.000,2012
Namibia,NAM,Violence,54.286,2013
Namibia,NAM,Violence,4.286,2014
Namibia,NAM,Violence,4.286,2015
Namibia,NAM,Violence,4.286,2016
Namibia,NAM,Violence,4.286,2017
Namibia,NAM,Violence,9.286,2018
Namibia,NAM,Violence,6.429,2019
Namibia,NAM,Violence,4.286,2020
Namibia,NAM,Violence,4.286,2021
Namibia,NAM,Violence,2.143,2022
Namibia,NAM,Violence,2.143,2023
Namibia,NAM,Youth 15-24,4.587,1960
Namibia,NAM,Youth 15-24,4.587,1961
Namibia,NAM,Youth 15-24,4.587,1962
Namibia,NAM,Youth 15-24,4.587,1963
Namibia,NAM,Youth 15-24,4.587,1964
Namibia,NAM,Youth 15-24,4.587,1965
Namibia,NAM,Youth 15-24,4.587,1966
Namibia,NAM,Youth 15-24,4.587,1967
Namibia,NAM,Youth 15-24,4.587,1968
Namibia,NAM,Youth 15-24,4.587,1969
Namibia,NAM,Youth 15-24,4.587,1970
Namibia,NAM,Youth 15-24,4.587,1971
Namibia,NAM,Youth 15-24,4.587,1972
Namibia,NAM,Youth 15-24,4.587,1973
Namibia,NAM,Youth 15-24,4.587,1974
Namibia,NAM,Youth 15-24,4.587,1975
Namibia,NAM,Youth 15-24,4.587,1976
Namibia,NAM,Youth 15-24,4.587,1977
Namibia,NAM,Youth 15-24,4.587,1978
Namibia,NAM,Youth 15-24,4.587,1979
Namibia,NAM,Youth 15-24,4.587,1980
Namibia,NAM,Youth 15-24,4.587,1981
Namibia,NAM,Youth 15-24,4.587,1982
Namibia,NAM,Youth 15-24,4.587,1983
Namibia,NAM,Youth 15-24,4.587,1984
Namibia,NAM,Youth 15-24,4.587,1985
Namibia,NAM,Youth 15-24,7.339,1986
Namibia,NAM,Youth 15-24,7.339,1987
Namibia,NAM,Youth 15-24,7.339,1988
Namibia,NAM,Youth 15-24,8.257,1989
Namibia,NAM,Youth 15-24,22.018,1990
Namibia,NAM,Youth 15-24,47.706,1991
Namibia,NAM,Youth 15-24,33.945,1992
Namibia,NAM,Youth 15-24,29.358,1993
Namibia,NAM,Youth 15-24,41.284,1994
Namibia,NAM,Youth 15-24,33.945,1995
Namibia,NAM,Youth 15-24,28.440,1996
Namibia,NAM,Youth 15-24,37.615,1997
Namibia,NAM,Youth 15-24,38.532,1998
Namibia,NAM,Youth 15-24,34.862,1999
Namibia,NAM,Youth 15-24,44.037,2000
Namibia,NAM,Youth 15-24,68.807,2001
Namibia,NAM,Youth 15-24,32.110,2002
Namibia,NAM,Youth 15-24,50.459,2003
Namibia,NAM,Youth 15-24,41.284,2004
Namibia,NAM,Youth 15-24,51.376,2005
Namibia,NAM,Youth 15-24,46.789,2006
Namibia,NAM,Youth 15-24,44.954,2007
Namibia,NAM,Youth 15-24,41.284,2008
Namibia,NAM,Youth 15-24,21.101,2009
Namibia,NAM,Youth 15-24,35.780,2010
Namibia,NAM,Youth 15-24,25.688,2011
Namibia,NAM,Youth 15-24,48.624,2012
Namibia,NAM,Youth 15-24,59.633,2013
Namibia,NAM,Youth 15-24,58.716,2014
Namibia,NAM,Youth 15-24,35.780,2015
Namibia,NAM,Youth 15-24,58.716,2016
Namibia,NAM,Youth 15-24,39.450,2017
Namibia,NAM,Youth 15-24,44.037,2018
Namibia,NAM,Youth 15-24,24.771,2019
Namibia,NAM,Youth 15-24,24.771,2020
Namibia,NAM,Youth 15-24,22.018,2021
Namibia,NAM,Youth 15-24,24.771,2022
Namibia,NAM,Youth 15-24,12.844,2023
