Country Name,Country Code,Topic,% of available indicators,Year
Greece,GRC,Assets,0.000,1960
Greece,GRC,Assets,0.000,1961
Greece,GRC,Assets,0.000,1962
Greece,GRC,Assets,0.000,1963
Greece,GRC,Assets,0.000,1964
Greece,GRC,Assets,0.000,1965
Greece,GRC,Assets,0.000,1966
Greece,GRC,Assets,0.000,1967
Greece,GRC,Assets,0.000,1968
Greece,GRC,Assets,0.000,1969
Greece,GRC,Assets,2.208,1970
Greece,GRC,Assets,2.208,1971
Greece,GRC,Assets,2.208,1972
Greece,GRC,Assets,2.208,1973
Greece,GRC,Assets,2.208,1974
Greece,GRC,Assets,2.208,1975
Greece,GRC,Assets,2.208,1976
Greece,GRC,Assets,2.208,1977
Greece,GRC,Assets,2.208,1978
Greece,GRC,Assets,2.208,1979
Greece,GRC,Assets,2.208,1980
Greece,GRC,Assets,2.208,1981
Greece,GRC,Assets,2.208,1982
Greece,GRC,Assets,2.208,1983
Greece,GRC,Assets,2.208,1984
Greece,GRC,Assets,2.208,1985
Greece,GRC,Assets,2.208,1986
Greece,GRC,Assets,2.208,1987
Greece,GRC,Assets,2.208,1988
Greece,GRC,Assets,2.208,1989
Greece,GRC,Assets,2.208,1990
Greece,GRC,Assets,2.208,1991
Greece,GRC,Assets,2.208,1992
Greece,GRC,Assets,2.208,1993
Greece,GRC,Assets,2.208,1994
Greece,GRC,Assets,2.208,1995
Greece,GRC,Assets,2.208,1996
Greece,GRC,Assets,2.208,1997
Greece,GRC,Assets,2.208,1998
Greece,GRC,Assets,2.208,1999
Greece,GRC,Assets,2.208,2000
Greece,GRC,Assets,2.208,2001
Greece,GRC,Assets,2.208,2002
Greece,GRC,Assets,2.208,2003
Greece,GRC,Assets,2.208,2004
Greece,GRC,Assets,2.208,2005
Greece,GRC,Assets,2.208,2006
Greece,GRC,Assets,2.208,2007
Greece,GRC,Assets,2.208,2008
Greece,GRC,Assets,2.208,2009
Greece,GRC,Assets,2.208,2010
Greece,GRC,Assets,11.672,2011
Greece,GRC,Assets,2.208,2012
Greece,GRC,Assets,2.208,2013
Greece,GRC,Assets,30.599,2014
Greece,GRC,Assets,2.208,2015
Greece,GRC,Assets,2.208,2016
Greece,GRC,Assets,33.123,2017
Greece,GRC,Assets,2.208,2018
Greece,GRC,Assets,2.208,2019
Greece,GRC,Assets,2.208,2020
Greece,GRC,Assets,58.360,2021
Greece,GRC,Assets,2.208,2022
Greece,GRC,Assets,2.208,2023
Greece,GRC,Children 0-14,19.231,1960
Greece,GRC,Children 0-14,19.231,1961
Greece,GRC,Children 0-14,19.231,1962
Greece,GRC,Children 0-14,19.231,1963
Greece,GRC,Children 0-14,19.231,1964
Greece,GRC,Children 0-14,19.231,1965
Greece,GRC,Children 0-14,19.231,1966
Greece,GRC,Children 0-14,19.231,1967
Greece,GRC,Children 0-14,19.231,1968
Greece,GRC,Children 0-14,19.231,1969
Greece,GRC,Children 0-14,19.231,1970
Greece,GRC,Children 0-14,40.000,1971
Greece,GRC,Children 0-14,40.000,1972
Greece,GRC,Children 0-14,40.000,1973
Greece,GRC,Children 0-14,40.000,1974
Greece,GRC,Children 0-14,40.000,1975
Greece,GRC,Children 0-14,40.000,1976
Greece,GRC,Children 0-14,40.000,1977
Greece,GRC,Children 0-14,40.000,1978
Greece,GRC,Children 0-14,40.000,1979
Greece,GRC,Children 0-14,40.769,1980
Greece,GRC,Children 0-14,43.077,1981
Greece,GRC,Children 0-14,40.769,1982
Greece,GRC,Children 0-14,40.769,1983
Greece,GRC,Children 0-14,41.538,1984
Greece,GRC,Children 0-14,41.538,1985
Greece,GRC,Children 0-14,41.538,1986
Greece,GRC,Children 0-14,40.000,1987
Greece,GRC,Children 0-14,41.538,1988
Greece,GRC,Children 0-14,40.000,1989
Greece,GRC,Children 0-14,36.923,1990
Greece,GRC,Children 0-14,40.000,1991
Greece,GRC,Children 0-14,40.000,1992
Greece,GRC,Children 0-14,34.615,1993
Greece,GRC,Children 0-14,34.615,1994
Greece,GRC,Children 0-14,34.615,1995
Greece,GRC,Children 0-14,34.615,1996
Greece,GRC,Children 0-14,34.615,1997
Greece,GRC,Children 0-14,36.154,1998
Greece,GRC,Children 0-14,36.154,1999
Greece,GRC,Children 0-14,50.000,2000
Greece,GRC,Children 0-14,42.308,2001
Greece,GRC,Children 0-14,37.692,2002
Greece,GRC,Children 0-14,44.615,2003
Greece,GRC,Children 0-14,41.538,2004
Greece,GRC,Children 0-14,46.154,2005
Greece,GRC,Children 0-14,46.154,2006
Greece,GRC,Children 0-14,44.615,2007
Greece,GRC,Children 0-14,25.385,2008
Greece,GRC,Children 0-14,20.769,2009
Greece,GRC,Children 0-14,63.077,2010
Greece,GRC,Children 0-14,46.154,2011
Greece,GRC,Children 0-14,46.154,2012
Greece,GRC,Children 0-14,50.769,2013
Greece,GRC,Children 0-14,53.077,2014
Greece,GRC,Children 0-14,65.385,2015
Greece,GRC,Children 0-14,51.538,2016
Greece,GRC,Children 0-14,54.615,2017
Greece,GRC,Children 0-14,43.077,2018
Greece,GRC,Children 0-14,53.846,2019
Greece,GRC,Children 0-14,43.846,2020
Greece,GRC,Children 0-14,36.923,2021
Greece,GRC,Children 0-14,34.615,2022
Greece,GRC,Children 0-14,9.231,2023
Greece,GRC,Education,0.000,1960
Greece,GRC,Education,0.000,1961
Greece,GRC,Education,0.000,1962
Greece,GRC,Education,0.000,1963
Greece,GRC,Education,0.000,1964
Greece,GRC,Education,0.000,1965
Greece,GRC,Education,0.000,1966
Greece,GRC,Education,0.000,1967
Greece,GRC,Education,0.000,1968
Greece,GRC,Education,0.000,1969
Greece,GRC,Education,0.613,1970
Greece,GRC,Education,33.129,1971
Greece,GRC,Education,32.515,1972
Greece,GRC,Education,33.129,1973
Greece,GRC,Education,33.129,1974
Greece,GRC,Education,33.129,1975
Greece,GRC,Education,33.742,1976
Greece,GRC,Education,33.129,1977
Greece,GRC,Education,33.129,1978
Greece,GRC,Education,32.515,1979
Greece,GRC,Education,31.288,1980
Greece,GRC,Education,46.012,1981
Greece,GRC,Education,33.742,1982
Greece,GRC,Education,31.902,1983
Greece,GRC,Education,33.742,1984
Greece,GRC,Education,33.129,1985
Greece,GRC,Education,33.742,1986
Greece,GRC,Education,33.129,1987
Greece,GRC,Education,35.583,1988
Greece,GRC,Education,32.515,1989
Greece,GRC,Education,28.834,1990
Greece,GRC,Education,39.877,1991
Greece,GRC,Education,31.902,1992
Greece,GRC,Education,25.767,1993
Greece,GRC,Education,27.607,1994
Greece,GRC,Education,26.380,1995
Greece,GRC,Education,27.607,1996
Greece,GRC,Education,27.607,1997
Greece,GRC,Education,36.196,1998
Greece,GRC,Education,36.196,1999
Greece,GRC,Education,31.902,2000
Greece,GRC,Education,46.012,2001
Greece,GRC,Education,35.583,2002
Greece,GRC,Education,36.196,2003
Greece,GRC,Education,51.534,2004
Greece,GRC,Education,61.350,2005
Greece,GRC,Education,52.761,2006
Greece,GRC,Education,59.509,2007
Greece,GRC,Education,20.859,2008
Greece,GRC,Education,9.202,2009
Greece,GRC,Education,67.485,2010
Greece,GRC,Education,57.669,2011
Greece,GRC,Education,55.828,2012
Greece,GRC,Education,61.963,2013
Greece,GRC,Education,69.939,2014
Greece,GRC,Education,57.055,2015
Greece,GRC,Education,69.325,2016
Greece,GRC,Education,79.141,2017
Greece,GRC,Education,57.055,2018
Greece,GRC,Education,40.491,2019
Greece,GRC,Education,51.534,2020
Greece,GRC,Education,36.810,2021
Greece,GRC,Education,33.742,2022
Greece,GRC,Education,1.840,2023
Greece,GRC,Employment and Time Use,0.000,1960
Greece,GRC,Employment and Time Use,5.109,1961
Greece,GRC,Employment and Time Use,0.000,1962
Greece,GRC,Employment and Time Use,0.000,1963
Greece,GRC,Employment and Time Use,0.000,1964
Greece,GRC,Employment and Time Use,0.000,1965
Greece,GRC,Employment and Time Use,0.000,1966
Greece,GRC,Employment and Time Use,0.000,1967
Greece,GRC,Employment and Time Use,0.000,1968
Greece,GRC,Employment and Time Use,0.000,1969
Greece,GRC,Employment and Time Use,21.168,1970
Greece,GRC,Employment and Time Use,26.277,1971
Greece,GRC,Employment and Time Use,21.168,1972
Greece,GRC,Employment and Time Use,21.168,1973
Greece,GRC,Employment and Time Use,21.168,1974
Greece,GRC,Employment and Time Use,21.168,1975
Greece,GRC,Employment and Time Use,21.168,1976
Greece,GRC,Employment and Time Use,21.168,1977
Greece,GRC,Employment and Time Use,21.168,1978
Greece,GRC,Employment and Time Use,21.168,1979
Greece,GRC,Employment and Time Use,21.168,1980
Greece,GRC,Employment and Time Use,33.577,1981
Greece,GRC,Employment and Time Use,33.577,1982
Greece,GRC,Employment and Time Use,37.956,1983
Greece,GRC,Employment and Time Use,37.956,1984
Greece,GRC,Employment and Time Use,37.956,1985
Greece,GRC,Employment and Time Use,37.956,1986
Greece,GRC,Employment and Time Use,53.285,1987
Greece,GRC,Employment and Time Use,53.285,1988
Greece,GRC,Employment and Time Use,53.285,1989
Greece,GRC,Employment and Time Use,63.504,1990
Greece,GRC,Employment and Time Use,88.321,1991
Greece,GRC,Employment and Time Use,88.321,1992
Greece,GRC,Employment and Time Use,88.321,1993
Greece,GRC,Employment and Time Use,88.321,1994
Greece,GRC,Employment and Time Use,88.321,1995
Greece,GRC,Employment and Time Use,88.321,1996
Greece,GRC,Employment and Time Use,88.321,1997
Greece,GRC,Employment and Time Use,88.321,1998
Greece,GRC,Employment and Time Use,88.321,1999
Greece,GRC,Employment and Time Use,89.051,2000
Greece,GRC,Employment and Time Use,89.051,2001
Greece,GRC,Employment and Time Use,89.051,2002
Greece,GRC,Employment and Time Use,89.051,2003
Greece,GRC,Employment and Time Use,89.051,2004
Greece,GRC,Employment and Time Use,89.051,2005
Greece,GRC,Employment and Time Use,90.511,2006
Greece,GRC,Employment and Time Use,90.511,2007
Greece,GRC,Employment and Time Use,90.511,2008
Greece,GRC,Employment and Time Use,90.511,2009
Greece,GRC,Employment and Time Use,90.511,2010
Greece,GRC,Employment and Time Use,90.511,2011
Greece,GRC,Employment and Time Use,90.511,2012
Greece,GRC,Employment and Time Use,90.511,2013
Greece,GRC,Employment and Time Use,91.971,2014
Greece,GRC,Employment and Time Use,90.511,2015
Greece,GRC,Employment and Time Use,90.511,2016
Greece,GRC,Employment and Time Use,90.511,2017
Greece,GRC,Employment and Time Use,90.511,2018
Greece,GRC,Employment and Time Use,90.511,2019
Greece,GRC,Employment and Time Use,90.511,2020
Greece,GRC,Employment and Time Use,90.511,2021
Greece,GRC,Employment and Time Use,90.511,2022
Greece,GRC,Employment and Time Use,93.431,2023
Greece,GRC,Entrepreneurship,0.000,1960
Greece,GRC,Entrepreneurship,0.000,1961
Greece,GRC,Entrepreneurship,0.000,1962
Greece,GRC,Entrepreneurship,0.000,1963
Greece,GRC,Entrepreneurship,0.000,1964
Greece,GRC,Entrepreneurship,0.000,1965
Greece,GRC,Entrepreneurship,0.000,1966
Greece,GRC,Entrepreneurship,0.000,1967
Greece,GRC,Entrepreneurship,0.000,1968
Greece,GRC,Entrepreneurship,0.000,1969
Greece,GRC,Entrepreneurship,9.375,1970
Greece,GRC,Entrepreneurship,9.375,1971
Greece,GRC,Entrepreneurship,9.375,1972
Greece,GRC,Entrepreneurship,9.375,1973
Greece,GRC,Entrepreneurship,9.375,1974
Greece,GRC,Entrepreneurship,9.375,1975
Greece,GRC,Entrepreneurship,9.375,1976
Greece,GRC,Entrepreneurship,9.375,1977
Greece,GRC,Entrepreneurship,9.375,1978
Greece,GRC,Entrepreneurship,9.375,1979
Greece,GRC,Entrepreneurship,9.375,1980
Greece,GRC,Entrepreneurship,9.375,1981
Greece,GRC,Entrepreneurship,9.375,1982
Greece,GRC,Entrepreneurship,9.375,1983
Greece,GRC,Entrepreneurship,9.375,1984
Greece,GRC,Entrepreneurship,9.375,1985
Greece,GRC,Entrepreneurship,9.375,1986
Greece,GRC,Entrepreneurship,9.375,1987
Greece,GRC,Entrepreneurship,9.375,1988
Greece,GRC,Entrepreneurship,9.375,1989
Greece,GRC,Entrepreneurship,9.375,1990
Greece,GRC,Entrepreneurship,9.375,1991
Greece,GRC,Entrepreneurship,9.375,1992
Greece,GRC,Entrepreneurship,9.375,1993
Greece,GRC,Entrepreneurship,9.375,1994
Greece,GRC,Entrepreneurship,9.375,1995
Greece,GRC,Entrepreneurship,9.375,1996
Greece,GRC,Entrepreneurship,9.375,1997
Greece,GRC,Entrepreneurship,9.375,1998
Greece,GRC,Entrepreneurship,9.375,1999
Greece,GRC,Entrepreneurship,9.375,2000
Greece,GRC,Entrepreneurship,9.375,2001
Greece,GRC,Entrepreneurship,9.375,2002
Greece,GRC,Entrepreneurship,37.500,2003
Greece,GRC,Entrepreneurship,37.500,2004
Greece,GRC,Entrepreneurship,40.625,2005
Greece,GRC,Entrepreneurship,37.500,2006
Greece,GRC,Entrepreneurship,37.500,2007
Greece,GRC,Entrepreneurship,37.500,2008
Greece,GRC,Entrepreneurship,37.500,2009
Greece,GRC,Entrepreneurship,37.500,2010
Greece,GRC,Entrepreneurship,37.500,2011
Greece,GRC,Entrepreneurship,37.500,2012
Greece,GRC,Entrepreneurship,37.500,2013
Greece,GRC,Entrepreneurship,93.750,2014
Greece,GRC,Entrepreneurship,75.000,2015
Greece,GRC,Entrepreneurship,75.000,2016
Greece,GRC,Entrepreneurship,93.750,2017
Greece,GRC,Entrepreneurship,81.250,2018
Greece,GRC,Entrepreneurship,75.000,2019
Greece,GRC,Entrepreneurship,46.875,2020
Greece,GRC,Entrepreneurship,9.375,2021
Greece,GRC,Entrepreneurship,9.375,2022
Greece,GRC,Entrepreneurship,15.625,2023
Greece,GRC,Environment,0.000,1960
Greece,GRC,Environment,0.000,1961
Greece,GRC,Environment,0.000,1962
Greece,GRC,Environment,0.000,1963
Greece,GRC,Environment,0.000,1964
Greece,GRC,Environment,0.000,1965
Greece,GRC,Environment,0.000,1966
Greece,GRC,Environment,0.000,1967
Greece,GRC,Environment,0.000,1968
Greece,GRC,Environment,0.000,1969
Greece,GRC,Environment,0.000,1970
Greece,GRC,Environment,0.000,1971
Greece,GRC,Environment,0.000,1972
Greece,GRC,Environment,0.000,1973
Greece,GRC,Environment,0.000,1974
Greece,GRC,Environment,0.000,1975
Greece,GRC,Environment,0.000,1976
Greece,GRC,Environment,0.000,1977
Greece,GRC,Environment,0.000,1978
Greece,GRC,Environment,0.000,1979
Greece,GRC,Environment,0.000,1980
Greece,GRC,Environment,0.000,1981
Greece,GRC,Environment,0.000,1982
Greece,GRC,Environment,0.000,1983
Greece,GRC,Environment,0.000,1984
Greece,GRC,Environment,0.000,1985
Greece,GRC,Environment,0.000,1986
Greece,GRC,Environment,0.000,1987
Greece,GRC,Environment,0.000,1988
Greece,GRC,Environment,0.000,1989
Greece,GRC,Environment,0.000,1990
Greece,GRC,Environment,0.000,1991
Greece,GRC,Environment,0.000,1992
Greece,GRC,Environment,0.000,1993
Greece,GRC,Environment,0.000,1994
Greece,GRC,Environment,0.000,1995
Greece,GRC,Environment,0.000,1996
Greece,GRC,Environment,0.000,1997
Greece,GRC,Environment,0.000,1998
Greece,GRC,Environment,0.000,1999
Greece,GRC,Environment,10.000,2000
Greece,GRC,Environment,10.000,2001
Greece,GRC,Environment,10.000,2002
Greece,GRC,Environment,10.000,2003
Greece,GRC,Environment,13.333,2004
Greece,GRC,Environment,13.333,2005
Greece,GRC,Environment,10.000,2006
Greece,GRC,Environment,13.333,2007
Greece,GRC,Environment,13.333,2008
Greece,GRC,Environment,10.000,2009
Greece,GRC,Environment,13.333,2010
Greece,GRC,Environment,13.333,2011
Greece,GRC,Environment,13.333,2012
Greece,GRC,Environment,13.333,2013
Greece,GRC,Environment,23.333,2014
Greece,GRC,Environment,10.000,2015
Greece,GRC,Environment,13.333,2016
Greece,GRC,Environment,23.333,2017
Greece,GRC,Environment,10.000,2018
Greece,GRC,Environment,30.000,2019
Greece,GRC,Environment,10.000,2020
Greece,GRC,Environment,20.000,2021
Greece,GRC,Environment,10.000,2022
Greece,GRC,Environment,0.000,2023
Greece,GRC,Health,8.586,1960
Greece,GRC,Health,8.586,1961
Greece,GRC,Health,8.586,1962
Greece,GRC,Health,8.586,1963
Greece,GRC,Health,8.586,1964
Greece,GRC,Health,8.586,1965
Greece,GRC,Health,8.586,1966
Greece,GRC,Health,8.586,1967
Greece,GRC,Health,8.586,1968
Greece,GRC,Health,8.586,1969
Greece,GRC,Health,8.586,1970
Greece,GRC,Health,8.586,1971
Greece,GRC,Health,8.586,1972
Greece,GRC,Health,8.586,1973
Greece,GRC,Health,8.586,1974
Greece,GRC,Health,11.111,1975
Greece,GRC,Health,11.111,1976
Greece,GRC,Health,11.111,1977
Greece,GRC,Health,11.111,1978
Greece,GRC,Health,11.111,1979
Greece,GRC,Health,12.121,1980
Greece,GRC,Health,12.121,1981
Greece,GRC,Health,12.121,1982
Greece,GRC,Health,12.121,1983
Greece,GRC,Health,12.626,1984
Greece,GRC,Health,13.131,1985
Greece,GRC,Health,13.131,1986
Greece,GRC,Health,13.131,1987
Greece,GRC,Health,13.131,1988
Greece,GRC,Health,13.131,1989
Greece,GRC,Health,17.677,1990
Greece,GRC,Health,17.677,1991
Greece,GRC,Health,17.677,1992
Greece,GRC,Health,17.677,1993
Greece,GRC,Health,17.677,1994
Greece,GRC,Health,17.677,1995
Greece,GRC,Health,17.677,1996
Greece,GRC,Health,17.677,1997
Greece,GRC,Health,17.677,1998
Greece,GRC,Health,18.687,1999
Greece,GRC,Health,56.566,2000
Greece,GRC,Health,32.323,2001
Greece,GRC,Health,32.323,2002
Greece,GRC,Health,36.869,2003
Greece,GRC,Health,32.323,2004
Greece,GRC,Health,33.838,2005
Greece,GRC,Health,32.323,2006
Greece,GRC,Health,32.323,2007
Greece,GRC,Health,32.323,2008
Greece,GRC,Health,32.323,2009
Greece,GRC,Health,59.596,2010
Greece,GRC,Health,32.323,2011
Greece,GRC,Health,32.323,2012
Greece,GRC,Health,32.323,2013
Greece,GRC,Health,33.838,2014
Greece,GRC,Health,56.566,2015
Greece,GRC,Health,31.818,2016
Greece,GRC,Health,33.838,2017
Greece,GRC,Health,33.838,2018
Greece,GRC,Health,56.061,2019
Greece,GRC,Health,25.758,2020
Greece,GRC,Health,19.192,2021
Greece,GRC,Health,16.667,2022
Greece,GRC,Health,1.010,2023
Greece,GRC,Leadership,0.000,1960
Greece,GRC,Leadership,0.000,1961
Greece,GRC,Leadership,0.000,1962
Greece,GRC,Leadership,0.000,1963
Greece,GRC,Leadership,0.000,1964
Greece,GRC,Leadership,0.000,1965
Greece,GRC,Leadership,0.000,1966
Greece,GRC,Leadership,0.000,1967
Greece,GRC,Leadership,0.000,1968
Greece,GRC,Leadership,0.000,1969
Greece,GRC,Leadership,0.000,1970
Greece,GRC,Leadership,0.000,1971
Greece,GRC,Leadership,0.000,1972
Greece,GRC,Leadership,0.000,1973
Greece,GRC,Leadership,0.000,1974
Greece,GRC,Leadership,0.000,1975
Greece,GRC,Leadership,0.000,1976
Greece,GRC,Leadership,0.000,1977
Greece,GRC,Leadership,0.000,1978
Greece,GRC,Leadership,0.000,1979
Greece,GRC,Leadership,0.000,1980
Greece,GRC,Leadership,0.000,1981
Greece,GRC,Leadership,0.000,1982
Greece,GRC,Leadership,0.000,1983
Greece,GRC,Leadership,0.000,1984
Greece,GRC,Leadership,0.000,1985
Greece,GRC,Leadership,0.000,1986
Greece,GRC,Leadership,0.000,1987
Greece,GRC,Leadership,0.000,1988
Greece,GRC,Leadership,0.000,1989
Greece,GRC,Leadership,0.000,1990
Greece,GRC,Leadership,0.000,1991
Greece,GRC,Leadership,0.000,1992
Greece,GRC,Leadership,0.000,1993
Greece,GRC,Leadership,0.000,1994
Greece,GRC,Leadership,0.000,1995
Greece,GRC,Leadership,0.000,1996
Greece,GRC,Leadership,25.000,1997
Greece,GRC,Leadership,25.000,1998
Greece,GRC,Leadership,25.000,1999
Greece,GRC,Leadership,50.000,2000
Greece,GRC,Leadership,50.000,2001
Greece,GRC,Leadership,50.000,2002
Greece,GRC,Leadership,50.000,2003
Greece,GRC,Leadership,50.000,2004
Greece,GRC,Leadership,75.000,2005
Greece,GRC,Leadership,50.000,2006
Greece,GRC,Leadership,50.000,2007
Greece,GRC,Leadership,75.000,2008
Greece,GRC,Leadership,50.000,2009
Greece,GRC,Leadership,75.000,2010
Greece,GRC,Leadership,50.000,2011
Greece,GRC,Leadership,75.000,2012
Greece,GRC,Leadership,50.000,2013
Greece,GRC,Leadership,75.000,2014
Greece,GRC,Leadership,75.000,2015
Greece,GRC,Leadership,75.000,2016
Greece,GRC,Leadership,50.000,2017
Greece,GRC,Leadership,100.000,2018
Greece,GRC,Leadership,75.000,2019
Greece,GRC,Leadership,75.000,2020
Greece,GRC,Leadership,50.000,2021
Greece,GRC,Leadership,75.000,2022
Greece,GRC,Leadership,75.000,2023
Greece,GRC,Norms and Decision-making,0.000,1960
Greece,GRC,Norms and Decision-making,0.000,1961
Greece,GRC,Norms and Decision-making,0.000,1962
Greece,GRC,Norms and Decision-making,0.000,1963
Greece,GRC,Norms and Decision-making,0.000,1964
Greece,GRC,Norms and Decision-making,0.000,1965
Greece,GRC,Norms and Decision-making,0.000,1966
Greece,GRC,Norms and Decision-making,0.000,1967
Greece,GRC,Norms and Decision-making,0.000,1968
Greece,GRC,Norms and Decision-making,0.000,1969
Greece,GRC,Norms and Decision-making,12.593,1970
Greece,GRC,Norms and Decision-making,12.593,1971
Greece,GRC,Norms and Decision-making,12.593,1972
Greece,GRC,Norms and Decision-making,12.593,1973
Greece,GRC,Norms and Decision-making,12.593,1974
Greece,GRC,Norms and Decision-making,12.593,1975
Greece,GRC,Norms and Decision-making,12.593,1976
Greece,GRC,Norms and Decision-making,12.593,1977
Greece,GRC,Norms and Decision-making,12.593,1978
Greece,GRC,Norms and Decision-making,12.593,1979
Greece,GRC,Norms and Decision-making,12.593,1980
Greece,GRC,Norms and Decision-making,14.074,1981
Greece,GRC,Norms and Decision-making,12.593,1982
Greece,GRC,Norms and Decision-making,12.593,1983
Greece,GRC,Norms and Decision-making,12.593,1984
Greece,GRC,Norms and Decision-making,12.593,1985
Greece,GRC,Norms and Decision-making,12.593,1986
Greece,GRC,Norms and Decision-making,12.593,1987
Greece,GRC,Norms and Decision-making,12.593,1988
Greece,GRC,Norms and Decision-making,12.593,1989
Greece,GRC,Norms and Decision-making,12.593,1990
Greece,GRC,Norms and Decision-making,14.074,1991
Greece,GRC,Norms and Decision-making,12.593,1992
Greece,GRC,Norms and Decision-making,12.593,1993
Greece,GRC,Norms and Decision-making,12.593,1994
Greece,GRC,Norms and Decision-making,12.593,1995
Greece,GRC,Norms and Decision-making,12.593,1996
Greece,GRC,Norms and Decision-making,12.593,1997
Greece,GRC,Norms and Decision-making,12.593,1998
Greece,GRC,Norms and Decision-making,12.593,1999
Greece,GRC,Norms and Decision-making,12.593,2000
Greece,GRC,Norms and Decision-making,14.074,2001
Greece,GRC,Norms and Decision-making,12.593,2002
Greece,GRC,Norms and Decision-making,12.593,2003
Greece,GRC,Norms and Decision-making,12.593,2004
Greece,GRC,Norms and Decision-making,12.593,2005
Greece,GRC,Norms and Decision-making,12.593,2006
Greece,GRC,Norms and Decision-making,12.593,2007
Greece,GRC,Norms and Decision-making,12.593,2008
Greece,GRC,Norms and Decision-making,12.593,2009
Greece,GRC,Norms and Decision-making,12.593,2010
Greece,GRC,Norms and Decision-making,14.074,2011
Greece,GRC,Norms and Decision-making,12.593,2012
Greece,GRC,Norms and Decision-making,12.593,2013
Greece,GRC,Norms and Decision-making,12.593,2014
Greece,GRC,Norms and Decision-making,12.593,2015
Greece,GRC,Norms and Decision-making,12.593,2016
Greece,GRC,Norms and Decision-making,12.593,2017
Greece,GRC,Norms and Decision-making,12.593,2018
Greece,GRC,Norms and Decision-making,12.593,2019
Greece,GRC,Norms and Decision-making,12.593,2020
Greece,GRC,Norms and Decision-making,12.593,2021
Greece,GRC,Norms and Decision-making,12.593,2022
Greece,GRC,Norms and Decision-making,12.593,2023
Greece,GRC,Population,86.905,1960
Greece,GRC,Population,86.905,1961
Greece,GRC,Population,86.905,1962
Greece,GRC,Population,86.905,1963
Greece,GRC,Population,86.905,1964
Greece,GRC,Population,86.905,1965
Greece,GRC,Population,86.905,1966
Greece,GRC,Population,86.905,1967
Greece,GRC,Population,86.905,1968
Greece,GRC,Population,86.905,1969
Greece,GRC,Population,86.905,1970
Greece,GRC,Population,86.905,1971
Greece,GRC,Population,86.905,1972
Greece,GRC,Population,86.905,1973
Greece,GRC,Population,86.905,1974
Greece,GRC,Population,86.905,1975
Greece,GRC,Population,86.905,1976
Greece,GRC,Population,86.905,1977
Greece,GRC,Population,86.905,1978
Greece,GRC,Population,86.905,1979
Greece,GRC,Population,91.667,1980
Greece,GRC,Population,89.286,1981
Greece,GRC,Population,86.905,1982
Greece,GRC,Population,86.905,1983
Greece,GRC,Population,86.905,1984
Greece,GRC,Population,91.667,1985
Greece,GRC,Population,86.905,1986
Greece,GRC,Population,86.905,1987
Greece,GRC,Population,86.905,1988
Greece,GRC,Population,86.905,1989
Greece,GRC,Population,92.857,1990
Greece,GRC,Population,89.286,1991
Greece,GRC,Population,86.905,1992
Greece,GRC,Population,86.905,1993
Greece,GRC,Population,86.905,1994
Greece,GRC,Population,92.857,1995
Greece,GRC,Population,86.905,1996
Greece,GRC,Population,86.905,1997
Greece,GRC,Population,86.905,1998
Greece,GRC,Population,86.905,1999
Greece,GRC,Population,92.857,2000
Greece,GRC,Population,89.286,2001
Greece,GRC,Population,86.905,2002
Greece,GRC,Population,86.905,2003
Greece,GRC,Population,86.905,2004
Greece,GRC,Population,92.857,2005
Greece,GRC,Population,86.905,2006
Greece,GRC,Population,86.905,2007
Greece,GRC,Population,86.905,2008
Greece,GRC,Population,86.905,2009
Greece,GRC,Population,94.048,2010
Greece,GRC,Population,89.286,2011
Greece,GRC,Population,86.905,2012
Greece,GRC,Population,86.905,2013
Greece,GRC,Population,88.095,2014
Greece,GRC,Population,92.857,2015
Greece,GRC,Population,86.905,2016
Greece,GRC,Population,88.095,2017
Greece,GRC,Population,86.905,2018
Greece,GRC,Population,86.905,2019
Greece,GRC,Population,90.476,2020
Greece,GRC,Population,86.905,2021
Greece,GRC,Population,88.095,2022
Greece,GRC,Population,77.381,2023
Greece,GRC,SDGs,2.685,1960
Greece,GRC,SDGs,2.685,1961
Greece,GRC,SDGs,2.685,1962
Greece,GRC,SDGs,2.685,1963
Greece,GRC,SDGs,2.685,1964
Greece,GRC,SDGs,2.685,1965
Greece,GRC,SDGs,2.685,1966
Greece,GRC,SDGs,2.685,1967
Greece,GRC,SDGs,2.685,1968
Greece,GRC,SDGs,2.685,1969
Greece,GRC,SDGs,11.409,1970
Greece,GRC,SDGs,11.409,1971
Greece,GRC,SDGs,11.409,1972
Greece,GRC,SDGs,11.409,1973
Greece,GRC,SDGs,11.409,1974
Greece,GRC,SDGs,11.409,1975
Greece,GRC,SDGs,11.409,1976
Greece,GRC,SDGs,11.409,1977
Greece,GRC,SDGs,11.409,1978
Greece,GRC,SDGs,11.409,1979
Greece,GRC,SDGs,12.752,1980
Greece,GRC,SDGs,16.779,1981
Greece,GRC,SDGs,16.779,1982
Greece,GRC,SDGs,16.779,1983
Greece,GRC,SDGs,16.779,1984
Greece,GRC,SDGs,17.450,1985
Greece,GRC,SDGs,17.450,1986
Greece,GRC,SDGs,17.450,1987
Greece,GRC,SDGs,17.450,1988
Greece,GRC,SDGs,17.450,1989
Greece,GRC,SDGs,21.477,1990
Greece,GRC,SDGs,25.503,1991
Greece,GRC,SDGs,25.503,1992
Greece,GRC,SDGs,25.503,1993
Greece,GRC,SDGs,25.503,1994
Greece,GRC,SDGs,25.503,1995
Greece,GRC,SDGs,25.503,1996
Greece,GRC,SDGs,26.174,1997
Greece,GRC,SDGs,26.174,1998
Greece,GRC,SDGs,26.174,1999
Greece,GRC,SDGs,71.141,2000
Greece,GRC,SDGs,40.940,2001
Greece,GRC,SDGs,38.926,2002
Greece,GRC,SDGs,38.926,2003
Greece,GRC,SDGs,38.926,2004
Greece,GRC,SDGs,40.940,2005
Greece,GRC,SDGs,38.926,2006
Greece,GRC,SDGs,38.926,2007
Greece,GRC,SDGs,38.926,2008
Greece,GRC,SDGs,38.926,2009
Greece,GRC,SDGs,71.141,2010
Greece,GRC,SDGs,40.940,2011
Greece,GRC,SDGs,39.597,2012
Greece,GRC,SDGs,38.926,2013
Greece,GRC,SDGs,42.282,2014
Greece,GRC,SDGs,71.141,2015
Greece,GRC,SDGs,38.255,2016
Greece,GRC,SDGs,40.268,2017
Greece,GRC,SDGs,41.611,2018
Greece,GRC,SDGs,73.826,2019
Greece,GRC,SDGs,31.544,2020
Greece,GRC,SDGs,28.859,2021
Greece,GRC,SDGs,26.846,2022
Greece,GRC,SDGs,18.121,2023
Greece,GRC,Technology,0.000,1960
Greece,GRC,Technology,0.000,1961
Greece,GRC,Technology,0.000,1962
Greece,GRC,Technology,0.000,1963
Greece,GRC,Technology,0.000,1964
Greece,GRC,Technology,0.000,1965
Greece,GRC,Technology,0.000,1966
Greece,GRC,Technology,0.000,1967
Greece,GRC,Technology,0.000,1968
Greece,GRC,Technology,0.000,1969
Greece,GRC,Technology,0.000,1970
Greece,GRC,Technology,0.000,1971
Greece,GRC,Technology,0.000,1972
Greece,GRC,Technology,0.000,1973
Greece,GRC,Technology,0.000,1974
Greece,GRC,Technology,0.000,1975
Greece,GRC,Technology,0.000,1976
Greece,GRC,Technology,0.000,1977
Greece,GRC,Technology,0.000,1978
Greece,GRC,Technology,0.000,1979
Greece,GRC,Technology,0.000,1980
Greece,GRC,Technology,0.000,1981
Greece,GRC,Technology,0.000,1982
Greece,GRC,Technology,0.000,1983
Greece,GRC,Technology,0.000,1984
Greece,GRC,Technology,0.000,1985
Greece,GRC,Technology,0.000,1986
Greece,GRC,Technology,0.000,1987
Greece,GRC,Technology,0.000,1988
Greece,GRC,Technology,0.000,1989
Greece,GRC,Technology,2.222,1990
Greece,GRC,Technology,2.222,1991
Greece,GRC,Technology,2.222,1992
Greece,GRC,Technology,2.222,1993
Greece,GRC,Technology,2.222,1994
Greece,GRC,Technology,2.222,1995
Greece,GRC,Technology,2.222,1996
Greece,GRC,Technology,2.222,1997
Greece,GRC,Technology,2.222,1998
Greece,GRC,Technology,2.222,1999
Greece,GRC,Technology,2.222,2000
Greece,GRC,Technology,2.222,2001
Greece,GRC,Technology,6.667,2002
Greece,GRC,Technology,6.667,2003
Greece,GRC,Technology,13.333,2004
Greece,GRC,Technology,13.333,2005
Greece,GRC,Technology,6.667,2006
Greece,GRC,Technology,13.333,2007
Greece,GRC,Technology,13.333,2008
Greece,GRC,Technology,6.667,2009
Greece,GRC,Technology,13.333,2010
Greece,GRC,Technology,20.000,2011
Greece,GRC,Technology,13.333,2012
Greece,GRC,Technology,13.333,2013
Greece,GRC,Technology,40.000,2014
Greece,GRC,Technology,6.667,2015
Greece,GRC,Technology,13.333,2016
Greece,GRC,Technology,60.000,2017
Greece,GRC,Technology,6.667,2018
Greece,GRC,Technology,6.667,2019
Greece,GRC,Technology,6.667,2020
Greece,GRC,Technology,73.333,2021
Greece,GRC,Technology,6.667,2022
Greece,GRC,Technology,6.667,2023
Greece,GRC,Violence,0.000,1960
Greece,GRC,Violence,0.000,1961
Greece,GRC,Violence,0.000,1962
Greece,GRC,Violence,0.000,1963
Greece,GRC,Violence,0.000,1964
Greece,GRC,Violence,0.000,1965
Greece,GRC,Violence,0.000,1966
Greece,GRC,Violence,0.000,1967
Greece,GRC,Violence,0.000,1968
Greece,GRC,Violence,0.000,1969
Greece,GRC,Violence,2.143,1970
Greece,GRC,Violence,2.143,1971
Greece,GRC,Violence,2.143,1972
Greece,GRC,Violence,2.143,1973
Greece,GRC,Violence,2.143,1974
Greece,GRC,Violence,2.143,1975
Greece,GRC,Violence,2.143,1976
Greece,GRC,Violence,2.143,1977
Greece,GRC,Violence,2.143,1978
Greece,GRC,Violence,2.143,1979
Greece,GRC,Violence,2.143,1980
Greece,GRC,Violence,2.143,1981
Greece,GRC,Violence,2.143,1982
Greece,GRC,Violence,2.143,1983
Greece,GRC,Violence,2.143,1984
Greece,GRC,Violence,2.143,1985
Greece,GRC,Violence,2.143,1986
Greece,GRC,Violence,2.143,1987
Greece,GRC,Violence,2.143,1988
Greece,GRC,Violence,2.143,1989
Greece,GRC,Violence,4.286,1990
Greece,GRC,Violence,4.286,1991
Greece,GRC,Violence,4.286,1992
Greece,GRC,Violence,4.286,1993
Greece,GRC,Violence,4.286,1994
Greece,GRC,Violence,4.286,1995
Greece,GRC,Violence,4.286,1996
Greece,GRC,Violence,4.286,1997
Greece,GRC,Violence,4.286,1998
Greece,GRC,Violence,4.286,1999
Greece,GRC,Violence,4.286,2000
Greece,GRC,Violence,6.429,2001
Greece,GRC,Violence,6.429,2002
Greece,GRC,Violence,5.714,2003
Greece,GRC,Violence,6.429,2004
Greece,GRC,Violence,6.429,2005
Greece,GRC,Violence,6.429,2006
Greece,GRC,Violence,6.429,2007
Greece,GRC,Violence,6.429,2008
Greece,GRC,Violence,6.429,2009
Greece,GRC,Violence,6.429,2010
Greece,GRC,Violence,6.429,2011
Greece,GRC,Violence,7.143,2012
Greece,GRC,Violence,6.429,2013
Greece,GRC,Violence,6.429,2014
Greece,GRC,Violence,6.429,2015
Greece,GRC,Violence,6.429,2016
Greece,GRC,Violence,6.429,2017
Greece,GRC,Violence,9.286,2018
Greece,GRC,Violence,6.429,2019
Greece,GRC,Violence,4.286,2020
Greece,GRC,Violence,4.286,2021
Greece,GRC,Violence,2.143,2022
Greece,GRC,Violence,2.143,2023
Greece,GRC,Youth 15-24,4.587,1960
Greece,GRC,Youth 15-24,7.339,1961
Greece,GRC,Youth 15-24,4.587,1962
Greece,GRC,Youth 15-24,4.587,1963
Greece,GRC,Youth 15-24,4.587,1964
Greece,GRC,Youth 15-24,4.587,1965
Greece,GRC,Youth 15-24,4.587,1966
Greece,GRC,Youth 15-24,4.587,1967
Greece,GRC,Youth 15-24,4.587,1968
Greece,GRC,Youth 15-24,4.587,1969
Greece,GRC,Youth 15-24,4.587,1970
Greece,GRC,Youth 15-24,26.606,1971
Greece,GRC,Youth 15-24,23.853,1972
Greece,GRC,Youth 15-24,23.853,1973
Greece,GRC,Youth 15-24,23.853,1974
Greece,GRC,Youth 15-24,23.853,1975
Greece,GRC,Youth 15-24,23.853,1976
Greece,GRC,Youth 15-24,23.853,1977
Greece,GRC,Youth 15-24,23.853,1978
Greece,GRC,Youth 15-24,23.853,1979
Greece,GRC,Youth 15-24,21.101,1980
Greece,GRC,Youth 15-24,43.119,1981
Greece,GRC,Youth 15-24,30.275,1982
Greece,GRC,Youth 15-24,30.275,1983
Greece,GRC,Youth 15-24,33.028,1984
Greece,GRC,Youth 15-24,33.028,1985
Greece,GRC,Youth 15-24,33.028,1986
Greece,GRC,Youth 15-24,33.945,1987
Greece,GRC,Youth 15-24,35.780,1988
Greece,GRC,Youth 15-24,33.028,1989
Greece,GRC,Youth 15-24,38.532,1990
Greece,GRC,Youth 15-24,56.881,1991
Greece,GRC,Youth 15-24,46.789,1992
Greece,GRC,Youth 15-24,44.037,1993
Greece,GRC,Youth 15-24,46.789,1994
Greece,GRC,Youth 15-24,44.954,1995
Greece,GRC,Youth 15-24,46.789,1996
Greece,GRC,Youth 15-24,46.789,1997
Greece,GRC,Youth 15-24,55.963,1998
Greece,GRC,Youth 15-24,55.963,1999
Greece,GRC,Youth 15-24,52.294,2000
Greece,GRC,Youth 15-24,63.303,2001
Greece,GRC,Youth 15-24,55.963,2002
Greece,GRC,Youth 15-24,55.963,2003
Greece,GRC,Youth 15-24,72.477,2004
Greece,GRC,Youth 15-24,81.651,2005
Greece,GRC,Youth 15-24,69.725,2006
Greece,GRC,Youth 15-24,81.651,2007
Greece,GRC,Youth 15-24,52.294,2008
Greece,GRC,Youth 15-24,37.615,2009
Greece,GRC,Youth 15-24,77.982,2010
Greece,GRC,Youth 15-24,77.064,2011
Greece,GRC,Youth 15-24,73.394,2012
Greece,GRC,Youth 15-24,75.229,2013
Greece,GRC,Youth 15-24,77.064,2014
Greece,GRC,Youth 15-24,66.055,2015
Greece,GRC,Youth 15-24,80.734,2016
Greece,GRC,Youth 15-24,80.734,2017
Greece,GRC,Youth 15-24,60.550,2018
Greece,GRC,Youth 15-24,53.211,2019
Greece,GRC,Youth 15-24,53.211,2020
Greece,GRC,Youth 15-24,51.376,2021
Greece,GRC,Youth 15-24,51.376,2022
Greece,GRC,Youth 15-24,24.771,2023
