Country Name,Country Code,Topic,% of available indicators,Year
Estonia,EST,Assets,0.000,1960
Estonia,EST,Assets,0.000,1961
Estonia,EST,Assets,0.000,1962
Estonia,EST,Assets,0.000,1963
Estonia,EST,Assets,0.000,1964
Estonia,EST,Assets,0.000,1965
Estonia,EST,Assets,0.000,1966
Estonia,EST,Assets,0.000,1967
Estonia,EST,Assets,0.000,1968
Estonia,EST,Assets,0.000,1969
Estonia,EST,Assets,2.208,1970
Estonia,EST,Assets,2.208,1971
Estonia,EST,Assets,2.208,1972
Estonia,EST,Assets,2.208,1973
Estonia,EST,Assets,2.208,1974
Estonia,EST,Assets,2.208,1975
Estonia,EST,Assets,2.208,1976
Estonia,EST,Assets,2.208,1977
Estonia,EST,Assets,2.208,1978
Estonia,EST,Assets,2.208,1979
Estonia,EST,Assets,2.208,1980
Estonia,EST,Assets,2.208,1981
Estonia,EST,Assets,2.208,1982
Estonia,EST,Assets,2.208,1983
Estonia,EST,Assets,2.208,1984
Estonia,EST,Assets,2.208,1985
Estonia,EST,Assets,2.208,1986
Estonia,EST,Assets,2.208,1987
Estonia,EST,Assets,2.208,1988
Estonia,EST,Assets,2.208,1989
Estonia,EST,Assets,2.208,1990
Estonia,EST,Assets,2.208,1991
Estonia,EST,Assets,2.208,1992
Estonia,EST,Assets,2.208,1993
Estonia,EST,Assets,2.208,1994
Estonia,EST,Assets,2.208,1995
Estonia,EST,Assets,2.208,1996
Estonia,EST,Assets,2.208,1997
Estonia,EST,Assets,2.208,1998
Estonia,EST,Assets,2.208,1999
Estonia,EST,Assets,2.208,2000
Estonia,EST,Assets,2.208,2001
Estonia,EST,Assets,2.208,2002
Estonia,EST,Assets,2.208,2003
Estonia,EST,Assets,2.208,2004
Estonia,EST,Assets,2.208,2005
Estonia,EST,Assets,2.208,2006
Estonia,EST,Assets,2.208,2007
Estonia,EST,Assets,2.208,2008
Estonia,EST,Assets,2.208,2009
Estonia,EST,Assets,2.208,2010
Estonia,EST,Assets,11.672,2011
Estonia,EST,Assets,2.208,2012
Estonia,EST,Assets,2.208,2013
Estonia,EST,Assets,30.599,2014
Estonia,EST,Assets,2.208,2015
Estonia,EST,Assets,2.208,2016
Estonia,EST,Assets,33.123,2017
Estonia,EST,Assets,2.208,2018
Estonia,EST,Assets,2.208,2019
Estonia,EST,Assets,2.208,2020
Estonia,EST,Assets,58.360,2021
Estonia,EST,Assets,2.208,2022
Estonia,EST,Assets,2.208,2023
Estonia,EST,Children 0-14,10.769,1960
Estonia,EST,Children 0-14,10.769,1961
Estonia,EST,Children 0-14,10.769,1962
Estonia,EST,Children 0-14,10.769,1963
Estonia,EST,Children 0-14,10.769,1964
Estonia,EST,Children 0-14,10.769,1965
Estonia,EST,Children 0-14,10.769,1966
Estonia,EST,Children 0-14,10.769,1967
Estonia,EST,Children 0-14,10.769,1968
Estonia,EST,Children 0-14,10.769,1969
Estonia,EST,Children 0-14,10.769,1970
Estonia,EST,Children 0-14,10.769,1971
Estonia,EST,Children 0-14,10.769,1972
Estonia,EST,Children 0-14,10.769,1973
Estonia,EST,Children 0-14,10.769,1974
Estonia,EST,Children 0-14,10.769,1975
Estonia,EST,Children 0-14,10.769,1976
Estonia,EST,Children 0-14,10.769,1977
Estonia,EST,Children 0-14,10.769,1978
Estonia,EST,Children 0-14,10.769,1979
Estonia,EST,Children 0-14,15.385,1980
Estonia,EST,Children 0-14,22.308,1981
Estonia,EST,Children 0-14,22.308,1982
Estonia,EST,Children 0-14,22.308,1983
Estonia,EST,Children 0-14,22.308,1984
Estonia,EST,Children 0-14,23.846,1985
Estonia,EST,Children 0-14,23.846,1986
Estonia,EST,Children 0-14,23.846,1987
Estonia,EST,Children 0-14,23.846,1988
Estonia,EST,Children 0-14,26.154,1989
Estonia,EST,Children 0-14,23.846,1990
Estonia,EST,Children 0-14,25.385,1991
Estonia,EST,Children 0-14,25.385,1992
Estonia,EST,Children 0-14,27.692,1993
Estonia,EST,Children 0-14,27.692,1994
Estonia,EST,Children 0-14,41.538,1995
Estonia,EST,Children 0-14,40.000,1996
Estonia,EST,Children 0-14,26.923,1997
Estonia,EST,Children 0-14,39.231,1998
Estonia,EST,Children 0-14,39.231,1999
Estonia,EST,Children 0-14,56.923,2000
Estonia,EST,Children 0-14,36.923,2001
Estonia,EST,Children 0-14,36.923,2002
Estonia,EST,Children 0-14,34.615,2003
Estonia,EST,Children 0-14,38.462,2004
Estonia,EST,Children 0-14,39.231,2005
Estonia,EST,Children 0-14,39.231,2006
Estonia,EST,Children 0-14,35.385,2007
Estonia,EST,Children 0-14,37.692,2008
Estonia,EST,Children 0-14,37.692,2009
Estonia,EST,Children 0-14,59.231,2010
Estonia,EST,Children 0-14,43.846,2011
Estonia,EST,Children 0-14,43.077,2012
Estonia,EST,Children 0-14,48.462,2013
Estonia,EST,Children 0-14,63.846,2014
Estonia,EST,Children 0-14,65.385,2015
Estonia,EST,Children 0-14,51.538,2016
Estonia,EST,Children 0-14,54.615,2017
Estonia,EST,Children 0-14,43.077,2018
Estonia,EST,Children 0-14,53.077,2019
Estonia,EST,Children 0-14,41.538,2020
Estonia,EST,Children 0-14,36.923,2021
Estonia,EST,Children 0-14,36.154,2022
Estonia,EST,Children 0-14,9.231,2023
Estonia,EST,Education,0.000,1960
Estonia,EST,Education,0.000,1961
Estonia,EST,Education,0.000,1962
Estonia,EST,Education,0.000,1963
Estonia,EST,Education,0.000,1964
Estonia,EST,Education,0.000,1965
Estonia,EST,Education,0.000,1966
Estonia,EST,Education,0.000,1967
Estonia,EST,Education,0.000,1968
Estonia,EST,Education,0.000,1969
Estonia,EST,Education,0.000,1970
Estonia,EST,Education,0.000,1971
Estonia,EST,Education,0.000,1972
Estonia,EST,Education,0.000,1973
Estonia,EST,Education,0.000,1974
Estonia,EST,Education,0.000,1975
Estonia,EST,Education,0.000,1976
Estonia,EST,Education,0.000,1977
Estonia,EST,Education,0.000,1978
Estonia,EST,Education,0.000,1979
Estonia,EST,Education,0.000,1980
Estonia,EST,Education,4.294,1981
Estonia,EST,Education,3.681,1982
Estonia,EST,Education,3.681,1983
Estonia,EST,Education,3.681,1984
Estonia,EST,Education,3.681,1985
Estonia,EST,Education,6.748,1986
Estonia,EST,Education,3.681,1987
Estonia,EST,Education,4.294,1988
Estonia,EST,Education,19.018,1989
Estonia,EST,Education,6.748,1990
Estonia,EST,Education,7.975,1991
Estonia,EST,Education,16.564,1992
Estonia,EST,Education,17.791,1993
Estonia,EST,Education,18.405,1994
Estonia,EST,Education,30.675,1995
Estonia,EST,Education,28.221,1996
Estonia,EST,Education,11.043,1997
Estonia,EST,Education,39.264,1998
Estonia,EST,Education,50.307,1999
Estonia,EST,Education,64.417,2000
Estonia,EST,Education,48.466,2001
Estonia,EST,Education,44.785,2002
Estonia,EST,Education,44.785,2003
Estonia,EST,Education,48.466,2004
Estonia,EST,Education,47.239,2005
Estonia,EST,Education,50.307,2006
Estonia,EST,Education,50.307,2007
Estonia,EST,Education,52.147,2008
Estonia,EST,Education,52.147,2009
Estonia,EST,Education,69.325,2010
Estonia,EST,Education,65.031,2011
Estonia,EST,Education,55.215,2012
Estonia,EST,Education,62.577,2013
Estonia,EST,Education,73.006,2014
Estonia,EST,Education,67.485,2015
Estonia,EST,Education,69.325,2016
Estonia,EST,Education,77.301,2017
Estonia,EST,Education,54.601,2018
Estonia,EST,Education,40.491,2019
Estonia,EST,Education,49.693,2020
Estonia,EST,Education,41.104,2021
Estonia,EST,Education,34.969,2022
Estonia,EST,Education,1.840,2023
Estonia,EST,Employment and Time Use,0.000,1960
Estonia,EST,Employment and Time Use,0.000,1961
Estonia,EST,Employment and Time Use,0.000,1962
Estonia,EST,Employment and Time Use,0.000,1963
Estonia,EST,Employment and Time Use,0.000,1964
Estonia,EST,Employment and Time Use,0.000,1965
Estonia,EST,Employment and Time Use,0.000,1966
Estonia,EST,Employment and Time Use,0.000,1967
Estonia,EST,Employment and Time Use,0.000,1968
Estonia,EST,Employment and Time Use,0.000,1969
Estonia,EST,Employment and Time Use,21.168,1970
Estonia,EST,Employment and Time Use,21.168,1971
Estonia,EST,Employment and Time Use,21.168,1972
Estonia,EST,Employment and Time Use,21.168,1973
Estonia,EST,Employment and Time Use,21.168,1974
Estonia,EST,Employment and Time Use,21.168,1975
Estonia,EST,Employment and Time Use,21.168,1976
Estonia,EST,Employment and Time Use,21.168,1977
Estonia,EST,Employment and Time Use,21.168,1978
Estonia,EST,Employment and Time Use,21.168,1979
Estonia,EST,Employment and Time Use,21.168,1980
Estonia,EST,Employment and Time Use,21.168,1981
Estonia,EST,Employment and Time Use,21.168,1982
Estonia,EST,Employment and Time Use,21.168,1983
Estonia,EST,Employment and Time Use,21.168,1984
Estonia,EST,Employment and Time Use,21.168,1985
Estonia,EST,Employment and Time Use,21.168,1986
Estonia,EST,Employment and Time Use,21.168,1987
Estonia,EST,Employment and Time Use,21.168,1988
Estonia,EST,Employment and Time Use,27.007,1989
Estonia,EST,Employment and Time Use,45.985,1990
Estonia,EST,Employment and Time Use,70.803,1991
Estonia,EST,Employment and Time Use,70.803,1992
Estonia,EST,Employment and Time Use,70.803,1993
Estonia,EST,Employment and Time Use,70.803,1994
Estonia,EST,Employment and Time Use,77.372,1995
Estonia,EST,Employment and Time Use,70.803,1996
Estonia,EST,Employment and Time Use,88.321,1997
Estonia,EST,Employment and Time Use,89.781,1998
Estonia,EST,Employment and Time Use,89.781,1999
Estonia,EST,Employment and Time Use,91.971,2000
Estonia,EST,Employment and Time Use,90.511,2001
Estonia,EST,Employment and Time Use,90.511,2002
Estonia,EST,Employment and Time Use,90.511,2003
Estonia,EST,Employment and Time Use,90.511,2004
Estonia,EST,Employment and Time Use,90.511,2005
Estonia,EST,Employment and Time Use,90.511,2006
Estonia,EST,Employment and Time Use,90.511,2007
Estonia,EST,Employment and Time Use,90.511,2008
Estonia,EST,Employment and Time Use,90.511,2009
Estonia,EST,Employment and Time Use,91.971,2010
Estonia,EST,Employment and Time Use,90.511,2011
Estonia,EST,Employment and Time Use,90.511,2012
Estonia,EST,Employment and Time Use,90.511,2013
Estonia,EST,Employment and Time Use,90.511,2014
Estonia,EST,Employment and Time Use,90.511,2015
Estonia,EST,Employment and Time Use,90.511,2016
Estonia,EST,Employment and Time Use,90.511,2017
Estonia,EST,Employment and Time Use,90.511,2018
Estonia,EST,Employment and Time Use,90.511,2019
Estonia,EST,Employment and Time Use,90.511,2020
Estonia,EST,Employment and Time Use,90.511,2021
Estonia,EST,Employment and Time Use,90.511,2022
Estonia,EST,Employment and Time Use,91.241,2023
Estonia,EST,Entrepreneurship,0.000,1960
Estonia,EST,Entrepreneurship,0.000,1961
Estonia,EST,Entrepreneurship,0.000,1962
Estonia,EST,Entrepreneurship,0.000,1963
Estonia,EST,Entrepreneurship,0.000,1964
Estonia,EST,Entrepreneurship,0.000,1965
Estonia,EST,Entrepreneurship,0.000,1966
Estonia,EST,Entrepreneurship,0.000,1967
Estonia,EST,Entrepreneurship,0.000,1968
Estonia,EST,Entrepreneurship,0.000,1969
Estonia,EST,Entrepreneurship,9.375,1970
Estonia,EST,Entrepreneurship,9.375,1971
Estonia,EST,Entrepreneurship,9.375,1972
Estonia,EST,Entrepreneurship,9.375,1973
Estonia,EST,Entrepreneurship,9.375,1974
Estonia,EST,Entrepreneurship,9.375,1975
Estonia,EST,Entrepreneurship,9.375,1976
Estonia,EST,Entrepreneurship,9.375,1977
Estonia,EST,Entrepreneurship,9.375,1978
Estonia,EST,Entrepreneurship,9.375,1979
Estonia,EST,Entrepreneurship,9.375,1980
Estonia,EST,Entrepreneurship,9.375,1981
Estonia,EST,Entrepreneurship,9.375,1982
Estonia,EST,Entrepreneurship,9.375,1983
Estonia,EST,Entrepreneurship,9.375,1984
Estonia,EST,Entrepreneurship,9.375,1985
Estonia,EST,Entrepreneurship,9.375,1986
Estonia,EST,Entrepreneurship,9.375,1987
Estonia,EST,Entrepreneurship,9.375,1988
Estonia,EST,Entrepreneurship,9.375,1989
Estonia,EST,Entrepreneurship,9.375,1990
Estonia,EST,Entrepreneurship,9.375,1991
Estonia,EST,Entrepreneurship,9.375,1992
Estonia,EST,Entrepreneurship,9.375,1993
Estonia,EST,Entrepreneurship,9.375,1994
Estonia,EST,Entrepreneurship,9.375,1995
Estonia,EST,Entrepreneurship,9.375,1996
Estonia,EST,Entrepreneurship,9.375,1997
Estonia,EST,Entrepreneurship,9.375,1998
Estonia,EST,Entrepreneurship,9.375,1999
Estonia,EST,Entrepreneurship,9.375,2000
Estonia,EST,Entrepreneurship,9.375,2001
Estonia,EST,Entrepreneurship,9.375,2002
Estonia,EST,Entrepreneurship,37.500,2003
Estonia,EST,Entrepreneurship,37.500,2004
Estonia,EST,Entrepreneurship,40.625,2005
Estonia,EST,Entrepreneurship,37.500,2006
Estonia,EST,Entrepreneurship,37.500,2007
Estonia,EST,Entrepreneurship,37.500,2008
Estonia,EST,Entrepreneurship,43.750,2009
Estonia,EST,Entrepreneurship,37.500,2010
Estonia,EST,Entrepreneurship,37.500,2011
Estonia,EST,Entrepreneurship,37.500,2012
Estonia,EST,Entrepreneurship,43.750,2013
Estonia,EST,Entrepreneurship,93.750,2014
Estonia,EST,Entrepreneurship,75.000,2015
Estonia,EST,Entrepreneurship,75.000,2016
Estonia,EST,Entrepreneurship,93.750,2017
Estonia,EST,Entrepreneurship,75.000,2018
Estonia,EST,Entrepreneurship,81.250,2019
Estonia,EST,Entrepreneurship,46.875,2020
Estonia,EST,Entrepreneurship,46.875,2021
Estonia,EST,Entrepreneurship,46.875,2022
Estonia,EST,Entrepreneurship,15.625,2023
Estonia,EST,Environment,0.000,1960
Estonia,EST,Environment,0.000,1961
Estonia,EST,Environment,0.000,1962
Estonia,EST,Environment,0.000,1963
Estonia,EST,Environment,0.000,1964
Estonia,EST,Environment,0.000,1965
Estonia,EST,Environment,0.000,1966
Estonia,EST,Environment,0.000,1967
Estonia,EST,Environment,0.000,1968
Estonia,EST,Environment,0.000,1969
Estonia,EST,Environment,0.000,1970
Estonia,EST,Environment,0.000,1971
Estonia,EST,Environment,0.000,1972
Estonia,EST,Environment,0.000,1973
Estonia,EST,Environment,0.000,1974
Estonia,EST,Environment,0.000,1975
Estonia,EST,Environment,0.000,1976
Estonia,EST,Environment,0.000,1977
Estonia,EST,Environment,0.000,1978
Estonia,EST,Environment,0.000,1979
Estonia,EST,Environment,0.000,1980
Estonia,EST,Environment,0.000,1981
Estonia,EST,Environment,0.000,1982
Estonia,EST,Environment,0.000,1983
Estonia,EST,Environment,0.000,1984
Estonia,EST,Environment,0.000,1985
Estonia,EST,Environment,0.000,1986
Estonia,EST,Environment,0.000,1987
Estonia,EST,Environment,0.000,1988
Estonia,EST,Environment,0.000,1989
Estonia,EST,Environment,0.000,1990
Estonia,EST,Environment,0.000,1991
Estonia,EST,Environment,0.000,1992
Estonia,EST,Environment,0.000,1993
Estonia,EST,Environment,0.000,1994
Estonia,EST,Environment,0.000,1995
Estonia,EST,Environment,0.000,1996
Estonia,EST,Environment,0.000,1997
Estonia,EST,Environment,0.000,1998
Estonia,EST,Environment,3.333,1999
Estonia,EST,Environment,13.333,2000
Estonia,EST,Environment,13.333,2001
Estonia,EST,Environment,13.333,2002
Estonia,EST,Environment,13.333,2003
Estonia,EST,Environment,13.333,2004
Estonia,EST,Environment,13.333,2005
Estonia,EST,Environment,13.333,2006
Estonia,EST,Environment,13.333,2007
Estonia,EST,Environment,13.333,2008
Estonia,EST,Environment,13.333,2009
Estonia,EST,Environment,13.333,2010
Estonia,EST,Environment,13.333,2011
Estonia,EST,Environment,13.333,2012
Estonia,EST,Environment,13.333,2013
Estonia,EST,Environment,23.333,2014
Estonia,EST,Environment,13.333,2015
Estonia,EST,Environment,13.333,2016
Estonia,EST,Environment,23.333,2017
Estonia,EST,Environment,10.000,2018
Estonia,EST,Environment,30.000,2019
Estonia,EST,Environment,10.000,2020
Estonia,EST,Environment,20.000,2021
Estonia,EST,Environment,10.000,2022
Estonia,EST,Environment,0.000,2023
Estonia,EST,Health,3.030,1960
Estonia,EST,Health,3.030,1961
Estonia,EST,Health,3.030,1962
Estonia,EST,Health,3.030,1963
Estonia,EST,Health,3.030,1964
Estonia,EST,Health,3.030,1965
Estonia,EST,Health,3.030,1966
Estonia,EST,Health,3.030,1967
Estonia,EST,Health,3.030,1968
Estonia,EST,Health,3.030,1969
Estonia,EST,Health,3.030,1970
Estonia,EST,Health,3.030,1971
Estonia,EST,Health,3.030,1972
Estonia,EST,Health,3.030,1973
Estonia,EST,Health,3.030,1974
Estonia,EST,Health,5.556,1975
Estonia,EST,Health,5.556,1976
Estonia,EST,Health,5.556,1977
Estonia,EST,Health,5.556,1978
Estonia,EST,Health,5.556,1979
Estonia,EST,Health,8.586,1980
Estonia,EST,Health,10.101,1981
Estonia,EST,Health,10.101,1982
Estonia,EST,Health,10.101,1983
Estonia,EST,Health,10.101,1984
Estonia,EST,Health,11.616,1985
Estonia,EST,Health,11.616,1986
Estonia,EST,Health,11.616,1987
Estonia,EST,Health,11.616,1988
Estonia,EST,Health,12.121,1989
Estonia,EST,Health,15.657,1990
Estonia,EST,Health,15.657,1991
Estonia,EST,Health,16.162,1992
Estonia,EST,Health,17.172,1993
Estonia,EST,Health,18.182,1994
Estonia,EST,Health,17.172,1995
Estonia,EST,Health,17.172,1996
Estonia,EST,Health,17.172,1997
Estonia,EST,Health,17.172,1998
Estonia,EST,Health,17.172,1999
Estonia,EST,Health,56.566,2000
Estonia,EST,Health,32.323,2001
Estonia,EST,Health,32.323,2002
Estonia,EST,Health,32.323,2003
Estonia,EST,Health,32.323,2004
Estonia,EST,Health,34.848,2005
Estonia,EST,Health,33.838,2006
Estonia,EST,Health,32.323,2007
Estonia,EST,Health,32.323,2008
Estonia,EST,Health,32.323,2009
Estonia,EST,Health,61.111,2010
Estonia,EST,Health,32.323,2011
Estonia,EST,Health,32.323,2012
Estonia,EST,Health,32.323,2013
Estonia,EST,Health,43.434,2014
Estonia,EST,Health,56.566,2015
Estonia,EST,Health,32.323,2016
Estonia,EST,Health,33.838,2017
Estonia,EST,Health,33.838,2018
Estonia,EST,Health,56.061,2019
Estonia,EST,Health,24.242,2020
Estonia,EST,Health,17.172,2021
Estonia,EST,Health,14.646,2022
Estonia,EST,Health,1.010,2023
Estonia,EST,Leadership,0.000,1960
Estonia,EST,Leadership,0.000,1961
Estonia,EST,Leadership,0.000,1962
Estonia,EST,Leadership,0.000,1963
Estonia,EST,Leadership,0.000,1964
Estonia,EST,Leadership,0.000,1965
Estonia,EST,Leadership,0.000,1966
Estonia,EST,Leadership,0.000,1967
Estonia,EST,Leadership,0.000,1968
Estonia,EST,Leadership,0.000,1969
Estonia,EST,Leadership,0.000,1970
Estonia,EST,Leadership,0.000,1971
Estonia,EST,Leadership,0.000,1972
Estonia,EST,Leadership,0.000,1973
Estonia,EST,Leadership,0.000,1974
Estonia,EST,Leadership,0.000,1975
Estonia,EST,Leadership,0.000,1976
Estonia,EST,Leadership,0.000,1977
Estonia,EST,Leadership,0.000,1978
Estonia,EST,Leadership,0.000,1979
Estonia,EST,Leadership,0.000,1980
Estonia,EST,Leadership,0.000,1981
Estonia,EST,Leadership,0.000,1982
Estonia,EST,Leadership,0.000,1983
Estonia,EST,Leadership,0.000,1984
Estonia,EST,Leadership,0.000,1985
Estonia,EST,Leadership,0.000,1986
Estonia,EST,Leadership,0.000,1987
Estonia,EST,Leadership,0.000,1988
Estonia,EST,Leadership,0.000,1989
Estonia,EST,Leadership,0.000,1990
Estonia,EST,Leadership,0.000,1991
Estonia,EST,Leadership,0.000,1992
Estonia,EST,Leadership,0.000,1993
Estonia,EST,Leadership,0.000,1994
Estonia,EST,Leadership,0.000,1995
Estonia,EST,Leadership,0.000,1996
Estonia,EST,Leadership,25.000,1997
Estonia,EST,Leadership,25.000,1998
Estonia,EST,Leadership,25.000,1999
Estonia,EST,Leadership,50.000,2000
Estonia,EST,Leadership,50.000,2001
Estonia,EST,Leadership,50.000,2002
Estonia,EST,Leadership,50.000,2003
Estonia,EST,Leadership,50.000,2004
Estonia,EST,Leadership,75.000,2005
Estonia,EST,Leadership,50.000,2006
Estonia,EST,Leadership,50.000,2007
Estonia,EST,Leadership,75.000,2008
Estonia,EST,Leadership,75.000,2009
Estonia,EST,Leadership,75.000,2010
Estonia,EST,Leadership,50.000,2011
Estonia,EST,Leadership,75.000,2012
Estonia,EST,Leadership,75.000,2013
Estonia,EST,Leadership,75.000,2014
Estonia,EST,Leadership,75.000,2015
Estonia,EST,Leadership,75.000,2016
Estonia,EST,Leadership,50.000,2017
Estonia,EST,Leadership,75.000,2018
Estonia,EST,Leadership,100.000,2019
Estonia,EST,Leadership,75.000,2020
Estonia,EST,Leadership,50.000,2021
Estonia,EST,Leadership,75.000,2022
Estonia,EST,Leadership,50.000,2023
Estonia,EST,Norms and Decision-making,0.000,1960
Estonia,EST,Norms and Decision-making,0.000,1961
Estonia,EST,Norms and Decision-making,0.000,1962
Estonia,EST,Norms and Decision-making,0.000,1963
Estonia,EST,Norms and Decision-making,0.000,1964
Estonia,EST,Norms and Decision-making,0.000,1965
Estonia,EST,Norms and Decision-making,0.000,1966
Estonia,EST,Norms and Decision-making,0.000,1967
Estonia,EST,Norms and Decision-making,0.000,1968
Estonia,EST,Norms and Decision-making,0.000,1969
Estonia,EST,Norms and Decision-making,12.593,1970
Estonia,EST,Norms and Decision-making,12.593,1971
Estonia,EST,Norms and Decision-making,12.593,1972
Estonia,EST,Norms and Decision-making,12.593,1973
Estonia,EST,Norms and Decision-making,12.593,1974
Estonia,EST,Norms and Decision-making,12.593,1975
Estonia,EST,Norms and Decision-making,12.593,1976
Estonia,EST,Norms and Decision-making,12.593,1977
Estonia,EST,Norms and Decision-making,12.593,1978
Estonia,EST,Norms and Decision-making,12.593,1979
Estonia,EST,Norms and Decision-making,12.593,1980
Estonia,EST,Norms and Decision-making,12.593,1981
Estonia,EST,Norms and Decision-making,12.593,1982
Estonia,EST,Norms and Decision-making,12.593,1983
Estonia,EST,Norms and Decision-making,12.593,1984
Estonia,EST,Norms and Decision-making,12.593,1985
Estonia,EST,Norms and Decision-making,12.593,1986
Estonia,EST,Norms and Decision-making,12.593,1987
Estonia,EST,Norms and Decision-making,12.593,1988
Estonia,EST,Norms and Decision-making,12.593,1989
Estonia,EST,Norms and Decision-making,12.593,1990
Estonia,EST,Norms and Decision-making,12.593,1991
Estonia,EST,Norms and Decision-making,12.593,1992
Estonia,EST,Norms and Decision-making,12.593,1993
Estonia,EST,Norms and Decision-making,12.593,1994
Estonia,EST,Norms and Decision-making,12.593,1995
Estonia,EST,Norms and Decision-making,12.593,1996
Estonia,EST,Norms and Decision-making,12.593,1997
Estonia,EST,Norms and Decision-making,12.593,1998
Estonia,EST,Norms and Decision-making,12.593,1999
Estonia,EST,Norms and Decision-making,14.074,2000
Estonia,EST,Norms and Decision-making,12.593,2001
Estonia,EST,Norms and Decision-making,12.593,2002
Estonia,EST,Norms and Decision-making,12.593,2003
Estonia,EST,Norms and Decision-making,12.593,2004
Estonia,EST,Norms and Decision-making,12.593,2005
Estonia,EST,Norms and Decision-making,12.593,2006
Estonia,EST,Norms and Decision-making,12.593,2007
Estonia,EST,Norms and Decision-making,12.593,2008
Estonia,EST,Norms and Decision-making,12.593,2009
Estonia,EST,Norms and Decision-making,12.593,2010
Estonia,EST,Norms and Decision-making,12.593,2011
Estonia,EST,Norms and Decision-making,14.074,2012
Estonia,EST,Norms and Decision-making,12.593,2013
Estonia,EST,Norms and Decision-making,14.074,2014
Estonia,EST,Norms and Decision-making,12.593,2015
Estonia,EST,Norms and Decision-making,12.593,2016
Estonia,EST,Norms and Decision-making,14.074,2017
Estonia,EST,Norms and Decision-making,14.074,2018
Estonia,EST,Norms and Decision-making,12.593,2019
Estonia,EST,Norms and Decision-making,12.593,2020
Estonia,EST,Norms and Decision-making,12.593,2021
Estonia,EST,Norms and Decision-making,12.593,2022
Estonia,EST,Norms and Decision-making,12.593,2023
Estonia,EST,Population,86.905,1960
Estonia,EST,Population,86.905,1961
Estonia,EST,Population,86.905,1962
Estonia,EST,Population,86.905,1963
Estonia,EST,Population,86.905,1964
Estonia,EST,Population,86.905,1965
Estonia,EST,Population,86.905,1966
Estonia,EST,Population,86.905,1967
Estonia,EST,Population,86.905,1968
Estonia,EST,Population,86.905,1969
Estonia,EST,Population,86.905,1970
Estonia,EST,Population,86.905,1971
Estonia,EST,Population,86.905,1972
Estonia,EST,Population,86.905,1973
Estonia,EST,Population,86.905,1974
Estonia,EST,Population,86.905,1975
Estonia,EST,Population,86.905,1976
Estonia,EST,Population,86.905,1977
Estonia,EST,Population,86.905,1978
Estonia,EST,Population,86.905,1979
Estonia,EST,Population,91.667,1980
Estonia,EST,Population,86.905,1981
Estonia,EST,Population,86.905,1982
Estonia,EST,Population,86.905,1983
Estonia,EST,Population,86.905,1984
Estonia,EST,Population,91.667,1985
Estonia,EST,Population,86.905,1986
Estonia,EST,Population,86.905,1987
Estonia,EST,Population,86.905,1988
Estonia,EST,Population,86.905,1989
Estonia,EST,Population,92.857,1990
Estonia,EST,Population,86.905,1991
Estonia,EST,Population,86.905,1992
Estonia,EST,Population,86.905,1993
Estonia,EST,Population,86.905,1994
Estonia,EST,Population,92.857,1995
Estonia,EST,Population,86.905,1996
Estonia,EST,Population,86.905,1997
Estonia,EST,Population,86.905,1998
Estonia,EST,Population,86.905,1999
Estonia,EST,Population,95.238,2000
Estonia,EST,Population,86.905,2001
Estonia,EST,Population,86.905,2002
Estonia,EST,Population,86.905,2003
Estonia,EST,Population,86.905,2004
Estonia,EST,Population,92.857,2005
Estonia,EST,Population,86.905,2006
Estonia,EST,Population,86.905,2007
Estonia,EST,Population,86.905,2008
Estonia,EST,Population,86.905,2009
Estonia,EST,Population,92.857,2010
Estonia,EST,Population,88.095,2011
Estonia,EST,Population,89.286,2012
Estonia,EST,Population,86.905,2013
Estonia,EST,Population,90.476,2014
Estonia,EST,Population,92.857,2015
Estonia,EST,Population,86.905,2016
Estonia,EST,Population,90.476,2017
Estonia,EST,Population,89.286,2018
Estonia,EST,Population,86.905,2019
Estonia,EST,Population,90.476,2020
Estonia,EST,Population,86.905,2021
Estonia,EST,Population,88.095,2022
Estonia,EST,Population,77.381,2023
Estonia,EST,SDGs,0.671,1960
Estonia,EST,SDGs,0.671,1961
Estonia,EST,SDGs,0.671,1962
Estonia,EST,SDGs,0.671,1963
Estonia,EST,SDGs,0.671,1964
Estonia,EST,SDGs,0.671,1965
Estonia,EST,SDGs,0.671,1966
Estonia,EST,SDGs,0.671,1967
Estonia,EST,SDGs,0.671,1968
Estonia,EST,SDGs,0.671,1969
Estonia,EST,SDGs,9.396,1970
Estonia,EST,SDGs,9.396,1971
Estonia,EST,SDGs,9.396,1972
Estonia,EST,SDGs,9.396,1973
Estonia,EST,SDGs,9.396,1974
Estonia,EST,SDGs,9.396,1975
Estonia,EST,SDGs,9.396,1976
Estonia,EST,SDGs,9.396,1977
Estonia,EST,SDGs,9.396,1978
Estonia,EST,SDGs,9.396,1979
Estonia,EST,SDGs,11.409,1980
Estonia,EST,SDGs,11.409,1981
Estonia,EST,SDGs,11.409,1982
Estonia,EST,SDGs,11.409,1983
Estonia,EST,SDGs,11.409,1984
Estonia,EST,SDGs,12.081,1985
Estonia,EST,SDGs,12.081,1986
Estonia,EST,SDGs,12.081,1987
Estonia,EST,SDGs,12.081,1988
Estonia,EST,SDGs,13.423,1989
Estonia,EST,SDGs,20.134,1990
Estonia,EST,SDGs,24.161,1991
Estonia,EST,SDGs,24.832,1992
Estonia,EST,SDGs,25.503,1993
Estonia,EST,SDGs,25.503,1994
Estonia,EST,SDGs,25.503,1995
Estonia,EST,SDGs,25.503,1996
Estonia,EST,SDGs,26.174,1997
Estonia,EST,SDGs,26.174,1998
Estonia,EST,SDGs,26.174,1999
Estonia,EST,SDGs,72.483,2000
Estonia,EST,SDGs,38.926,2001
Estonia,EST,SDGs,38.926,2002
Estonia,EST,SDGs,38.926,2003
Estonia,EST,SDGs,38.926,2004
Estonia,EST,SDGs,40.940,2005
Estonia,EST,SDGs,38.926,2006
Estonia,EST,SDGs,38.926,2007
Estonia,EST,SDGs,38.926,2008
Estonia,EST,SDGs,38.926,2009
Estonia,EST,SDGs,72.483,2010
Estonia,EST,SDGs,40.940,2011
Estonia,EST,SDGs,39.597,2012
Estonia,EST,SDGs,38.926,2013
Estonia,EST,SDGs,40.940,2014
Estonia,EST,SDGs,71.141,2015
Estonia,EST,SDGs,38.926,2016
Estonia,EST,SDGs,40.268,2017
Estonia,EST,SDGs,41.611,2018
Estonia,EST,SDGs,73.826,2019
Estonia,EST,SDGs,32.215,2020
Estonia,EST,SDGs,28.859,2021
Estonia,EST,SDGs,26.846,2022
Estonia,EST,SDGs,18.121,2023
Estonia,EST,Technology,0.000,1960
Estonia,EST,Technology,0.000,1961
Estonia,EST,Technology,0.000,1962
Estonia,EST,Technology,0.000,1963
Estonia,EST,Technology,0.000,1964
Estonia,EST,Technology,0.000,1965
Estonia,EST,Technology,0.000,1966
Estonia,EST,Technology,0.000,1967
Estonia,EST,Technology,0.000,1968
Estonia,EST,Technology,0.000,1969
Estonia,EST,Technology,0.000,1970
Estonia,EST,Technology,0.000,1971
Estonia,EST,Technology,0.000,1972
Estonia,EST,Technology,0.000,1973
Estonia,EST,Technology,0.000,1974
Estonia,EST,Technology,0.000,1975
Estonia,EST,Technology,0.000,1976
Estonia,EST,Technology,0.000,1977
Estonia,EST,Technology,0.000,1978
Estonia,EST,Technology,0.000,1979
Estonia,EST,Technology,0.000,1980
Estonia,EST,Technology,0.000,1981
Estonia,EST,Technology,0.000,1982
Estonia,EST,Technology,0.000,1983
Estonia,EST,Technology,0.000,1984
Estonia,EST,Technology,0.000,1985
Estonia,EST,Technology,0.000,1986
Estonia,EST,Technology,0.000,1987
Estonia,EST,Technology,0.000,1988
Estonia,EST,Technology,0.000,1989
Estonia,EST,Technology,2.222,1990
Estonia,EST,Technology,2.222,1991
Estonia,EST,Technology,2.222,1992
Estonia,EST,Technology,2.222,1993
Estonia,EST,Technology,2.222,1994
Estonia,EST,Technology,2.222,1995
Estonia,EST,Technology,2.222,1996
Estonia,EST,Technology,2.222,1997
Estonia,EST,Technology,2.222,1998
Estonia,EST,Technology,8.889,1999
Estonia,EST,Technology,8.889,2000
Estonia,EST,Technology,8.889,2001
Estonia,EST,Technology,8.889,2002
Estonia,EST,Technology,8.889,2003
Estonia,EST,Technology,13.333,2004
Estonia,EST,Technology,13.333,2005
Estonia,EST,Technology,13.333,2006
Estonia,EST,Technology,13.333,2007
Estonia,EST,Technology,13.333,2008
Estonia,EST,Technology,13.333,2009
Estonia,EST,Technology,13.333,2010
Estonia,EST,Technology,20.000,2011
Estonia,EST,Technology,13.333,2012
Estonia,EST,Technology,13.333,2013
Estonia,EST,Technology,40.000,2014
Estonia,EST,Technology,13.333,2015
Estonia,EST,Technology,13.333,2016
Estonia,EST,Technology,60.000,2017
Estonia,EST,Technology,6.667,2018
Estonia,EST,Technology,6.667,2019
Estonia,EST,Technology,6.667,2020
Estonia,EST,Technology,73.333,2021
Estonia,EST,Technology,6.667,2022
Estonia,EST,Technology,6.667,2023
Estonia,EST,Violence,0.000,1960
Estonia,EST,Violence,0.000,1961
Estonia,EST,Violence,0.000,1962
Estonia,EST,Violence,0.000,1963
Estonia,EST,Violence,0.000,1964
Estonia,EST,Violence,0.000,1965
Estonia,EST,Violence,0.000,1966
Estonia,EST,Violence,0.000,1967
Estonia,EST,Violence,0.000,1968
Estonia,EST,Violence,0.000,1969
Estonia,EST,Violence,2.143,1970
Estonia,EST,Violence,2.143,1971
Estonia,EST,Violence,2.143,1972
Estonia,EST,Violence,2.143,1973
Estonia,EST,Violence,2.143,1974
Estonia,EST,Violence,2.143,1975
Estonia,EST,Violence,2.143,1976
Estonia,EST,Violence,2.143,1977
Estonia,EST,Violence,2.143,1978
Estonia,EST,Violence,2.143,1979
Estonia,EST,Violence,2.143,1980
Estonia,EST,Violence,2.143,1981
Estonia,EST,Violence,2.143,1982
Estonia,EST,Violence,2.143,1983
Estonia,EST,Violence,2.143,1984
Estonia,EST,Violence,2.143,1985
Estonia,EST,Violence,2.143,1986
Estonia,EST,Violence,2.143,1987
Estonia,EST,Violence,2.143,1988
Estonia,EST,Violence,2.143,1989
Estonia,EST,Violence,2.857,1990
Estonia,EST,Violence,2.857,1991
Estonia,EST,Violence,2.857,1992
Estonia,EST,Violence,2.857,1993
Estonia,EST,Violence,4.286,1994
Estonia,EST,Violence,4.286,1995
Estonia,EST,Violence,4.286,1996
Estonia,EST,Violence,4.286,1997
Estonia,EST,Violence,4.286,1998
Estonia,EST,Violence,4.286,1999
Estonia,EST,Violence,6.429,2000
Estonia,EST,Violence,6.429,2001
Estonia,EST,Violence,6.429,2002
Estonia,EST,Violence,5.714,2003
Estonia,EST,Violence,5.714,2004
Estonia,EST,Violence,5.714,2005
Estonia,EST,Violence,5.714,2006
Estonia,EST,Violence,6.429,2007
Estonia,EST,Violence,6.429,2008
Estonia,EST,Violence,6.429,2009
Estonia,EST,Violence,6.429,2010
Estonia,EST,Violence,6.429,2011
Estonia,EST,Violence,7.143,2012
Estonia,EST,Violence,6.429,2013
Estonia,EST,Violence,6.429,2014
Estonia,EST,Violence,6.429,2015
Estonia,EST,Violence,6.429,2016
Estonia,EST,Violence,6.429,2017
Estonia,EST,Violence,9.286,2018
Estonia,EST,Violence,6.429,2019
Estonia,EST,Violence,4.286,2020
Estonia,EST,Violence,4.286,2021
Estonia,EST,Violence,2.143,2022
Estonia,EST,Violence,2.143,2023
Estonia,EST,Youth 15-24,4.587,1960
Estonia,EST,Youth 15-24,4.587,1961
Estonia,EST,Youth 15-24,4.587,1962
Estonia,EST,Youth 15-24,4.587,1963
Estonia,EST,Youth 15-24,4.587,1964
Estonia,EST,Youth 15-24,4.587,1965
Estonia,EST,Youth 15-24,4.587,1966
Estonia,EST,Youth 15-24,4.587,1967
Estonia,EST,Youth 15-24,4.587,1968
Estonia,EST,Youth 15-24,4.587,1969
Estonia,EST,Youth 15-24,4.587,1970
Estonia,EST,Youth 15-24,4.587,1971
Estonia,EST,Youth 15-24,4.587,1972
Estonia,EST,Youth 15-24,4.587,1973
Estonia,EST,Youth 15-24,4.587,1974
Estonia,EST,Youth 15-24,4.587,1975
Estonia,EST,Youth 15-24,4.587,1976
Estonia,EST,Youth 15-24,4.587,1977
Estonia,EST,Youth 15-24,4.587,1978
Estonia,EST,Youth 15-24,4.587,1979
Estonia,EST,Youth 15-24,4.587,1980
Estonia,EST,Youth 15-24,5.505,1981
Estonia,EST,Youth 15-24,4.587,1982
Estonia,EST,Youth 15-24,4.587,1983
Estonia,EST,Youth 15-24,4.587,1984
Estonia,EST,Youth 15-24,4.587,1985
Estonia,EST,Youth 15-24,8.257,1986
Estonia,EST,Youth 15-24,4.587,1987
Estonia,EST,Youth 15-24,5.505,1988
Estonia,EST,Youth 15-24,23.853,1989
Estonia,EST,Youth 15-24,24.771,1990
Estonia,EST,Youth 15-24,31.193,1991
Estonia,EST,Youth 15-24,41.284,1992
Estonia,EST,Youth 15-24,41.284,1993
Estonia,EST,Youth 15-24,41.284,1994
Estonia,EST,Youth 15-24,44.037,1995
Estonia,EST,Youth 15-24,41.284,1996
Estonia,EST,Youth 15-24,33.945,1997
Estonia,EST,Youth 15-24,58.716,1998
Estonia,EST,Youth 15-24,72.477,1999
Estonia,EST,Youth 15-24,88.073,2000
Estonia,EST,Youth 15-24,72.477,2001
Estonia,EST,Youth 15-24,69.725,2002
Estonia,EST,Youth 15-24,72.477,2003
Estonia,EST,Youth 15-24,72.477,2004
Estonia,EST,Youth 15-24,69.725,2005
Estonia,EST,Youth 15-24,75.229,2006
Estonia,EST,Youth 15-24,77.982,2007
Estonia,EST,Youth 15-24,77.982,2008
Estonia,EST,Youth 15-24,77.982,2009
Estonia,EST,Youth 15-24,80.734,2010
Estonia,EST,Youth 15-24,88.073,2011
Estonia,EST,Youth 15-24,77.982,2012
Estonia,EST,Youth 15-24,80.734,2013
Estonia,EST,Youth 15-24,83.486,2014
Estonia,EST,Youth 15-24,80.734,2015
Estonia,EST,Youth 15-24,80.734,2016
Estonia,EST,Youth 15-24,77.982,2017
Estonia,EST,Youth 15-24,56.881,2018
Estonia,EST,Youth 15-24,53.211,2019
Estonia,EST,Youth 15-24,53.211,2020
Estonia,EST,Youth 15-24,55.046,2021
Estonia,EST,Youth 15-24,51.376,2022
Estonia,EST,Youth 15-24,24.771,2023
