Country Name,Country Code,Topic,% of available indicators,Year
Bhutan,BTN,Assets,0.000,1960
Bhutan,BTN,Assets,0.000,1961
Bhutan,BTN,Assets,0.000,1962
Bhutan,BTN,Assets,0.000,1963
Bhutan,BTN,Assets,0.000,1964
Bhutan,BTN,Assets,0.000,1965
Bhutan,BTN,Assets,0.000,1966
Bhutan,BTN,Assets,0.000,1967
Bhutan,BTN,Assets,0.000,1968
Bhutan,BTN,Assets,0.000,1969
Bhutan,BTN,Assets,2.208,1970
Bhutan,BTN,Assets,2.208,1971
Bhutan,BTN,Assets,2.208,1972
Bhutan,BTN,Assets,2.208,1973
Bhutan,BTN,Assets,2.208,1974
Bhutan,BTN,Assets,2.208,1975
Bhutan,BTN,Assets,2.208,1976
Bhutan,BTN,Assets,2.208,1977
Bhutan,BTN,Assets,2.208,1978
Bhutan,BTN,Assets,2.208,1979
Bhutan,BTN,Assets,2.208,1980
Bhutan,BTN,Assets,2.208,1981
Bhutan,BTN,Assets,2.208,1982
Bhutan,BTN,Assets,2.208,1983
Bhutan,BTN,Assets,2.208,1984
Bhutan,BTN,Assets,2.208,1985
Bhutan,BTN,Assets,2.208,1986
Bhutan,BTN,Assets,2.208,1987
Bhutan,BTN,Assets,2.208,1988
Bhutan,BTN,Assets,2.208,1989
Bhutan,BTN,Assets,2.208,1990
Bhutan,BTN,Assets,2.208,1991
Bhutan,BTN,Assets,2.208,1992
Bhutan,BTN,Assets,2.208,1993
Bhutan,BTN,Assets,2.208,1994
Bhutan,BTN,Assets,2.208,1995
Bhutan,BTN,Assets,2.208,1996
Bhutan,BTN,Assets,2.208,1997
Bhutan,BTN,Assets,2.208,1998
Bhutan,BTN,Assets,2.208,1999
Bhutan,BTN,Assets,2.208,2000
Bhutan,BTN,Assets,2.208,2001
Bhutan,BTN,Assets,2.208,2002
Bhutan,BTN,Assets,2.208,2003
Bhutan,BTN,Assets,2.208,2004
Bhutan,BTN,Assets,2.208,2005
Bhutan,BTN,Assets,2.208,2006
Bhutan,BTN,Assets,2.208,2007
Bhutan,BTN,Assets,2.208,2008
Bhutan,BTN,Assets,2.208,2009
Bhutan,BTN,Assets,2.208,2010
Bhutan,BTN,Assets,2.208,2011
Bhutan,BTN,Assets,2.208,2012
Bhutan,BTN,Assets,2.208,2013
Bhutan,BTN,Assets,30.599,2014
Bhutan,BTN,Assets,2.208,2015
Bhutan,BTN,Assets,2.208,2016
Bhutan,BTN,Assets,2.208,2017
Bhutan,BTN,Assets,2.208,2018
Bhutan,BTN,Assets,2.208,2019
Bhutan,BTN,Assets,2.208,2020
Bhutan,BTN,Assets,2.208,2021
Bhutan,BTN,Assets,2.208,2022
Bhutan,BTN,Assets,2.208,2023
Bhutan,BTN,Children 0-14,10.769,1960
Bhutan,BTN,Children 0-14,10.769,1961
Bhutan,BTN,Children 0-14,10.769,1962
Bhutan,BTN,Children 0-14,10.769,1963
Bhutan,BTN,Children 0-14,10.769,1964
Bhutan,BTN,Children 0-14,10.769,1965
Bhutan,BTN,Children 0-14,10.769,1966
Bhutan,BTN,Children 0-14,10.769,1967
Bhutan,BTN,Children 0-14,15.385,1968
Bhutan,BTN,Children 0-14,17.692,1969
Bhutan,BTN,Children 0-14,21.538,1970
Bhutan,BTN,Children 0-14,21.538,1971
Bhutan,BTN,Children 0-14,21.538,1972
Bhutan,BTN,Children 0-14,19.231,1973
Bhutan,BTN,Children 0-14,23.077,1974
Bhutan,BTN,Children 0-14,19.231,1975
Bhutan,BTN,Children 0-14,25.385,1976
Bhutan,BTN,Children 0-14,26.923,1977
Bhutan,BTN,Children 0-14,37.692,1978
Bhutan,BTN,Children 0-14,36.154,1979
Bhutan,BTN,Children 0-14,21.538,1980
Bhutan,BTN,Children 0-14,21.538,1981
Bhutan,BTN,Children 0-14,24.615,1982
Bhutan,BTN,Children 0-14,24.615,1983
Bhutan,BTN,Children 0-14,24.615,1984
Bhutan,BTN,Children 0-14,24.615,1985
Bhutan,BTN,Children 0-14,24.615,1986
Bhutan,BTN,Children 0-14,24.615,1987
Bhutan,BTN,Children 0-14,26.923,1988
Bhutan,BTN,Children 0-14,20.769,1989
Bhutan,BTN,Children 0-14,20.769,1990
Bhutan,BTN,Children 0-14,25.385,1991
Bhutan,BTN,Children 0-14,25.385,1992
Bhutan,BTN,Children 0-14,31.538,1993
Bhutan,BTN,Children 0-14,30.000,1994
Bhutan,BTN,Children 0-14,27.692,1995
Bhutan,BTN,Children 0-14,25.385,1996
Bhutan,BTN,Children 0-14,26.923,1997
Bhutan,BTN,Children 0-14,41.538,1998
Bhutan,BTN,Children 0-14,48.462,1999
Bhutan,BTN,Children 0-14,55.385,2000
Bhutan,BTN,Children 0-14,37.692,2001
Bhutan,BTN,Children 0-14,25.385,2002
Bhutan,BTN,Children 0-14,25.385,2003
Bhutan,BTN,Children 0-14,30.000,2004
Bhutan,BTN,Children 0-14,42.308,2005
Bhutan,BTN,Children 0-14,37.692,2006
Bhutan,BTN,Children 0-14,29.231,2007
Bhutan,BTN,Children 0-14,55.385,2008
Bhutan,BTN,Children 0-14,42.308,2009
Bhutan,BTN,Children 0-14,76.154,2010
Bhutan,BTN,Children 0-14,43.846,2011
Bhutan,BTN,Children 0-14,46.923,2012
Bhutan,BTN,Children 0-14,44.615,2013
Bhutan,BTN,Children 0-14,36.923,2014
Bhutan,BTN,Children 0-14,53.077,2015
Bhutan,BTN,Children 0-14,43.846,2016
Bhutan,BTN,Children 0-14,48.462,2017
Bhutan,BTN,Children 0-14,49.231,2018
Bhutan,BTN,Children 0-14,44.615,2019
Bhutan,BTN,Children 0-14,38.462,2020
Bhutan,BTN,Children 0-14,33.846,2021
Bhutan,BTN,Children 0-14,30.769,2022
Bhutan,BTN,Children 0-14,9.231,2023
Bhutan,BTN,Education,0.000,1960
Bhutan,BTN,Education,0.000,1961
Bhutan,BTN,Education,0.000,1962
Bhutan,BTN,Education,0.000,1963
Bhutan,BTN,Education,0.000,1964
Bhutan,BTN,Education,0.000,1965
Bhutan,BTN,Education,0.000,1966
Bhutan,BTN,Education,0.000,1967
Bhutan,BTN,Education,0.000,1968
Bhutan,BTN,Education,0.000,1969
Bhutan,BTN,Education,10.429,1970
Bhutan,BTN,Education,11.043,1971
Bhutan,BTN,Education,11.043,1972
Bhutan,BTN,Education,0.000,1973
Bhutan,BTN,Education,10.429,1974
Bhutan,BTN,Education,0.613,1975
Bhutan,BTN,Education,5.521,1976
Bhutan,BTN,Education,14.724,1977
Bhutan,BTN,Education,20.859,1978
Bhutan,BTN,Education,17.791,1979
Bhutan,BTN,Education,3.681,1980
Bhutan,BTN,Education,0.613,1981
Bhutan,BTN,Education,4.908,1982
Bhutan,BTN,Education,14.110,1983
Bhutan,BTN,Education,9.816,1984
Bhutan,BTN,Education,5.521,1985
Bhutan,BTN,Education,3.067,1986
Bhutan,BTN,Education,0.613,1987
Bhutan,BTN,Education,4.908,1988
Bhutan,BTN,Education,0.000,1989
Bhutan,BTN,Education,0.000,1990
Bhutan,BTN,Education,4.294,1991
Bhutan,BTN,Education,3.681,1992
Bhutan,BTN,Education,10.429,1993
Bhutan,BTN,Education,7.362,1994
Bhutan,BTN,Education,6.135,1995
Bhutan,BTN,Education,3.681,1996
Bhutan,BTN,Education,6.748,1997
Bhutan,BTN,Education,30.061,1998
Bhutan,BTN,Education,34.969,1999
Bhutan,BTN,Education,30.675,2000
Bhutan,BTN,Education,29.448,2001
Bhutan,BTN,Education,3.681,2002
Bhutan,BTN,Education,4.294,2003
Bhutan,BTN,Education,9.202,2004
Bhutan,BTN,Education,44.785,2005
Bhutan,BTN,Education,31.288,2006
Bhutan,BTN,Education,20.859,2007
Bhutan,BTN,Education,34.356,2008
Bhutan,BTN,Education,33.129,2009
Bhutan,BTN,Education,38.037,2010
Bhutan,BTN,Education,37.423,2011
Bhutan,BTN,Education,53.374,2012
Bhutan,BTN,Education,40.491,2013
Bhutan,BTN,Education,31.288,2014
Bhutan,BTN,Education,29.448,2015
Bhutan,BTN,Education,36.196,2016
Bhutan,BTN,Education,56.442,2017
Bhutan,BTN,Education,41.718,2018
Bhutan,BTN,Education,14.110,2019
Bhutan,BTN,Education,28.834,2020
Bhutan,BTN,Education,19.632,2021
Bhutan,BTN,Education,21.472,2022
Bhutan,BTN,Education,5.521,2023
Bhutan,BTN,Employment and Time Use,0.000,1960
Bhutan,BTN,Employment and Time Use,0.000,1961
Bhutan,BTN,Employment and Time Use,0.000,1962
Bhutan,BTN,Employment and Time Use,0.000,1963
Bhutan,BTN,Employment and Time Use,0.000,1964
Bhutan,BTN,Employment and Time Use,0.000,1965
Bhutan,BTN,Employment and Time Use,0.000,1966
Bhutan,BTN,Employment and Time Use,0.000,1967
Bhutan,BTN,Employment and Time Use,0.000,1968
Bhutan,BTN,Employment and Time Use,0.000,1969
Bhutan,BTN,Employment and Time Use,21.168,1970
Bhutan,BTN,Employment and Time Use,21.168,1971
Bhutan,BTN,Employment and Time Use,21.168,1972
Bhutan,BTN,Employment and Time Use,21.168,1973
Bhutan,BTN,Employment and Time Use,21.168,1974
Bhutan,BTN,Employment and Time Use,21.168,1975
Bhutan,BTN,Employment and Time Use,21.168,1976
Bhutan,BTN,Employment and Time Use,21.168,1977
Bhutan,BTN,Employment and Time Use,21.168,1978
Bhutan,BTN,Employment and Time Use,21.168,1979
Bhutan,BTN,Employment and Time Use,21.168,1980
Bhutan,BTN,Employment and Time Use,21.168,1981
Bhutan,BTN,Employment and Time Use,21.168,1982
Bhutan,BTN,Employment and Time Use,21.168,1983
Bhutan,BTN,Employment and Time Use,21.168,1984
Bhutan,BTN,Employment and Time Use,21.168,1985
Bhutan,BTN,Employment and Time Use,21.168,1986
Bhutan,BTN,Employment and Time Use,21.168,1987
Bhutan,BTN,Employment and Time Use,21.168,1988
Bhutan,BTN,Employment and Time Use,21.168,1989
Bhutan,BTN,Employment and Time Use,31.387,1990
Bhutan,BTN,Employment and Time Use,56.204,1991
Bhutan,BTN,Employment and Time Use,56.204,1992
Bhutan,BTN,Employment and Time Use,56.204,1993
Bhutan,BTN,Employment and Time Use,56.204,1994
Bhutan,BTN,Employment and Time Use,56.204,1995
Bhutan,BTN,Employment and Time Use,56.204,1996
Bhutan,BTN,Employment and Time Use,56.204,1997
Bhutan,BTN,Employment and Time Use,58.394,1998
Bhutan,BTN,Employment and Time Use,58.394,1999
Bhutan,BTN,Employment and Time Use,56.204,2000
Bhutan,BTN,Employment and Time Use,58.394,2001
Bhutan,BTN,Employment and Time Use,56.204,2002
Bhutan,BTN,Employment and Time Use,56.934,2003
Bhutan,BTN,Employment and Time Use,58.394,2004
Bhutan,BTN,Employment and Time Use,65.693,2005
Bhutan,BTN,Employment and Time Use,65.693,2006
Bhutan,BTN,Employment and Time Use,58.394,2007
Bhutan,BTN,Employment and Time Use,56.204,2008
Bhutan,BTN,Employment and Time Use,81.022,2009
Bhutan,BTN,Employment and Time Use,81.022,2010
Bhutan,BTN,Employment and Time Use,70.803,2011
Bhutan,BTN,Employment and Time Use,77.372,2012
Bhutan,BTN,Employment and Time Use,72.993,2013
Bhutan,BTN,Employment and Time Use,77.372,2014
Bhutan,BTN,Employment and Time Use,87.591,2015
Bhutan,BTN,Employment and Time Use,56.204,2016
Bhutan,BTN,Employment and Time Use,56.204,2017
Bhutan,BTN,Employment and Time Use,89.051,2018
Bhutan,BTN,Employment and Time Use,89.051,2019
Bhutan,BTN,Employment and Time Use,89.051,2020
Bhutan,BTN,Employment and Time Use,90.511,2021
Bhutan,BTN,Employment and Time Use,90.511,2022
Bhutan,BTN,Employment and Time Use,86.861,2023
Bhutan,BTN,Entrepreneurship,0.000,1960
Bhutan,BTN,Entrepreneurship,0.000,1961
Bhutan,BTN,Entrepreneurship,0.000,1962
Bhutan,BTN,Entrepreneurship,0.000,1963
Bhutan,BTN,Entrepreneurship,0.000,1964
Bhutan,BTN,Entrepreneurship,0.000,1965
Bhutan,BTN,Entrepreneurship,0.000,1966
Bhutan,BTN,Entrepreneurship,0.000,1967
Bhutan,BTN,Entrepreneurship,0.000,1968
Bhutan,BTN,Entrepreneurship,0.000,1969
Bhutan,BTN,Entrepreneurship,9.375,1970
Bhutan,BTN,Entrepreneurship,9.375,1971
Bhutan,BTN,Entrepreneurship,9.375,1972
Bhutan,BTN,Entrepreneurship,9.375,1973
Bhutan,BTN,Entrepreneurship,9.375,1974
Bhutan,BTN,Entrepreneurship,9.375,1975
Bhutan,BTN,Entrepreneurship,9.375,1976
Bhutan,BTN,Entrepreneurship,9.375,1977
Bhutan,BTN,Entrepreneurship,9.375,1978
Bhutan,BTN,Entrepreneurship,9.375,1979
Bhutan,BTN,Entrepreneurship,9.375,1980
Bhutan,BTN,Entrepreneurship,9.375,1981
Bhutan,BTN,Entrepreneurship,9.375,1982
Bhutan,BTN,Entrepreneurship,9.375,1983
Bhutan,BTN,Entrepreneurship,9.375,1984
Bhutan,BTN,Entrepreneurship,9.375,1985
Bhutan,BTN,Entrepreneurship,9.375,1986
Bhutan,BTN,Entrepreneurship,9.375,1987
Bhutan,BTN,Entrepreneurship,9.375,1988
Bhutan,BTN,Entrepreneurship,9.375,1989
Bhutan,BTN,Entrepreneurship,9.375,1990
Bhutan,BTN,Entrepreneurship,9.375,1991
Bhutan,BTN,Entrepreneurship,9.375,1992
Bhutan,BTN,Entrepreneurship,9.375,1993
Bhutan,BTN,Entrepreneurship,9.375,1994
Bhutan,BTN,Entrepreneurship,9.375,1995
Bhutan,BTN,Entrepreneurship,9.375,1996
Bhutan,BTN,Entrepreneurship,9.375,1997
Bhutan,BTN,Entrepreneurship,9.375,1998
Bhutan,BTN,Entrepreneurship,9.375,1999
Bhutan,BTN,Entrepreneurship,9.375,2000
Bhutan,BTN,Entrepreneurship,9.375,2001
Bhutan,BTN,Entrepreneurship,9.375,2002
Bhutan,BTN,Entrepreneurship,37.500,2003
Bhutan,BTN,Entrepreneurship,37.500,2004
Bhutan,BTN,Entrepreneurship,37.500,2005
Bhutan,BTN,Entrepreneurship,37.500,2006
Bhutan,BTN,Entrepreneurship,37.500,2007
Bhutan,BTN,Entrepreneurship,37.500,2008
Bhutan,BTN,Entrepreneurship,40.625,2009
Bhutan,BTN,Entrepreneurship,37.500,2010
Bhutan,BTN,Entrepreneurship,37.500,2011
Bhutan,BTN,Entrepreneurship,37.500,2012
Bhutan,BTN,Entrepreneurship,37.500,2013
Bhutan,BTN,Entrepreneurship,81.250,2014
Bhutan,BTN,Entrepreneurship,68.750,2015
Bhutan,BTN,Entrepreneurship,62.500,2016
Bhutan,BTN,Entrepreneurship,62.500,2017
Bhutan,BTN,Entrepreneurship,62.500,2018
Bhutan,BTN,Entrepreneurship,37.500,2019
Bhutan,BTN,Entrepreneurship,9.375,2020
Bhutan,BTN,Entrepreneurship,9.375,2021
Bhutan,BTN,Entrepreneurship,9.375,2022
Bhutan,BTN,Entrepreneurship,9.375,2023
Bhutan,BTN,Environment,0.000,1960
Bhutan,BTN,Environment,0.000,1961
Bhutan,BTN,Environment,0.000,1962
Bhutan,BTN,Environment,0.000,1963
Bhutan,BTN,Environment,0.000,1964
Bhutan,BTN,Environment,0.000,1965
Bhutan,BTN,Environment,0.000,1966
Bhutan,BTN,Environment,0.000,1967
Bhutan,BTN,Environment,0.000,1968
Bhutan,BTN,Environment,0.000,1969
Bhutan,BTN,Environment,0.000,1970
Bhutan,BTN,Environment,0.000,1971
Bhutan,BTN,Environment,0.000,1972
Bhutan,BTN,Environment,0.000,1973
Bhutan,BTN,Environment,0.000,1974
Bhutan,BTN,Environment,0.000,1975
Bhutan,BTN,Environment,0.000,1976
Bhutan,BTN,Environment,0.000,1977
Bhutan,BTN,Environment,0.000,1978
Bhutan,BTN,Environment,0.000,1979
Bhutan,BTN,Environment,0.000,1980
Bhutan,BTN,Environment,0.000,1981
Bhutan,BTN,Environment,0.000,1982
Bhutan,BTN,Environment,0.000,1983
Bhutan,BTN,Environment,0.000,1984
Bhutan,BTN,Environment,0.000,1985
Bhutan,BTN,Environment,0.000,1986
Bhutan,BTN,Environment,0.000,1987
Bhutan,BTN,Environment,0.000,1988
Bhutan,BTN,Environment,0.000,1989
Bhutan,BTN,Environment,0.000,1990
Bhutan,BTN,Environment,0.000,1991
Bhutan,BTN,Environment,0.000,1992
Bhutan,BTN,Environment,0.000,1993
Bhutan,BTN,Environment,0.000,1994
Bhutan,BTN,Environment,0.000,1995
Bhutan,BTN,Environment,0.000,1996
Bhutan,BTN,Environment,0.000,1997
Bhutan,BTN,Environment,0.000,1998
Bhutan,BTN,Environment,0.000,1999
Bhutan,BTN,Environment,10.000,2000
Bhutan,BTN,Environment,10.000,2001
Bhutan,BTN,Environment,10.000,2002
Bhutan,BTN,Environment,10.000,2003
Bhutan,BTN,Environment,10.000,2004
Bhutan,BTN,Environment,10.000,2005
Bhutan,BTN,Environment,10.000,2006
Bhutan,BTN,Environment,10.000,2007
Bhutan,BTN,Environment,10.000,2008
Bhutan,BTN,Environment,10.000,2009
Bhutan,BTN,Environment,10.000,2010
Bhutan,BTN,Environment,10.000,2011
Bhutan,BTN,Environment,10.000,2012
Bhutan,BTN,Environment,13.333,2013
Bhutan,BTN,Environment,20.000,2014
Bhutan,BTN,Environment,10.000,2015
Bhutan,BTN,Environment,10.000,2016
Bhutan,BTN,Environment,10.000,2017
Bhutan,BTN,Environment,10.000,2018
Bhutan,BTN,Environment,30.000,2019
Bhutan,BTN,Environment,10.000,2020
Bhutan,BTN,Environment,10.000,2021
Bhutan,BTN,Environment,10.000,2022
Bhutan,BTN,Environment,0.000,2023
Bhutan,BTN,Health,3.030,1960
Bhutan,BTN,Health,3.030,1961
Bhutan,BTN,Health,3.030,1962
Bhutan,BTN,Health,3.030,1963
Bhutan,BTN,Health,3.030,1964
Bhutan,BTN,Health,3.030,1965
Bhutan,BTN,Health,3.030,1966
Bhutan,BTN,Health,3.030,1967
Bhutan,BTN,Health,6.061,1968
Bhutan,BTN,Health,7.576,1969
Bhutan,BTN,Health,7.576,1970
Bhutan,BTN,Health,7.576,1971
Bhutan,BTN,Health,7.576,1972
Bhutan,BTN,Health,8.586,1973
Bhutan,BTN,Health,8.586,1974
Bhutan,BTN,Health,11.111,1975
Bhutan,BTN,Health,11.111,1976
Bhutan,BTN,Health,11.111,1977
Bhutan,BTN,Health,11.111,1978
Bhutan,BTN,Health,11.111,1979
Bhutan,BTN,Health,12.121,1980
Bhutan,BTN,Health,12.121,1981
Bhutan,BTN,Health,12.121,1982
Bhutan,BTN,Health,12.121,1983
Bhutan,BTN,Health,12.121,1984
Bhutan,BTN,Health,12.121,1985
Bhutan,BTN,Health,12.121,1986
Bhutan,BTN,Health,14.141,1987
Bhutan,BTN,Health,12.121,1988
Bhutan,BTN,Health,12.121,1989
Bhutan,BTN,Health,16.667,1990
Bhutan,BTN,Health,16.667,1991
Bhutan,BTN,Health,16.667,1992
Bhutan,BTN,Health,16.667,1993
Bhutan,BTN,Health,17.677,1994
Bhutan,BTN,Health,16.667,1995
Bhutan,BTN,Health,16.667,1996
Bhutan,BTN,Health,16.667,1997
Bhutan,BTN,Health,16.667,1998
Bhutan,BTN,Health,21.212,1999
Bhutan,BTN,Health,56.566,2000
Bhutan,BTN,Health,31.313,2001
Bhutan,BTN,Health,31.313,2002
Bhutan,BTN,Health,31.818,2003
Bhutan,BTN,Health,31.313,2004
Bhutan,BTN,Health,32.323,2005
Bhutan,BTN,Health,31.818,2006
Bhutan,BTN,Health,32.323,2007
Bhutan,BTN,Health,39.394,2008
Bhutan,BTN,Health,31.818,2009
Bhutan,BTN,Health,70.202,2010
Bhutan,BTN,Health,32.323,2011
Bhutan,BTN,Health,32.828,2012
Bhutan,BTN,Health,31.818,2013
Bhutan,BTN,Health,33.333,2014
Bhutan,BTN,Health,55.051,2015
Bhutan,BTN,Health,31.818,2016
Bhutan,BTN,Health,29.293,2017
Bhutan,BTN,Health,33.838,2018
Bhutan,BTN,Health,55.051,2019
Bhutan,BTN,Health,26.768,2020
Bhutan,BTN,Health,18.182,2021
Bhutan,BTN,Health,17.172,2022
Bhutan,BTN,Health,1.010,2023
Bhutan,BTN,Leadership,0.000,1960
Bhutan,BTN,Leadership,0.000,1961
Bhutan,BTN,Leadership,0.000,1962
Bhutan,BTN,Leadership,0.000,1963
Bhutan,BTN,Leadership,0.000,1964
Bhutan,BTN,Leadership,0.000,1965
Bhutan,BTN,Leadership,0.000,1966
Bhutan,BTN,Leadership,0.000,1967
Bhutan,BTN,Leadership,0.000,1968
Bhutan,BTN,Leadership,0.000,1969
Bhutan,BTN,Leadership,0.000,1970
Bhutan,BTN,Leadership,0.000,1971
Bhutan,BTN,Leadership,0.000,1972
Bhutan,BTN,Leadership,0.000,1973
Bhutan,BTN,Leadership,0.000,1974
Bhutan,BTN,Leadership,0.000,1975
Bhutan,BTN,Leadership,0.000,1976
Bhutan,BTN,Leadership,0.000,1977
Bhutan,BTN,Leadership,0.000,1978
Bhutan,BTN,Leadership,0.000,1979
Bhutan,BTN,Leadership,0.000,1980
Bhutan,BTN,Leadership,0.000,1981
Bhutan,BTN,Leadership,0.000,1982
Bhutan,BTN,Leadership,0.000,1983
Bhutan,BTN,Leadership,0.000,1984
Bhutan,BTN,Leadership,0.000,1985
Bhutan,BTN,Leadership,0.000,1986
Bhutan,BTN,Leadership,0.000,1987
Bhutan,BTN,Leadership,0.000,1988
Bhutan,BTN,Leadership,0.000,1989
Bhutan,BTN,Leadership,0.000,1990
Bhutan,BTN,Leadership,0.000,1991
Bhutan,BTN,Leadership,0.000,1992
Bhutan,BTN,Leadership,0.000,1993
Bhutan,BTN,Leadership,0.000,1994
Bhutan,BTN,Leadership,0.000,1995
Bhutan,BTN,Leadership,0.000,1996
Bhutan,BTN,Leadership,25.000,1997
Bhutan,BTN,Leadership,25.000,1998
Bhutan,BTN,Leadership,25.000,1999
Bhutan,BTN,Leadership,25.000,2000
Bhutan,BTN,Leadership,25.000,2001
Bhutan,BTN,Leadership,25.000,2002
Bhutan,BTN,Leadership,25.000,2003
Bhutan,BTN,Leadership,25.000,2004
Bhutan,BTN,Leadership,50.000,2005
Bhutan,BTN,Leadership,25.000,2006
Bhutan,BTN,Leadership,25.000,2007
Bhutan,BTN,Leadership,50.000,2008
Bhutan,BTN,Leadership,25.000,2009
Bhutan,BTN,Leadership,50.000,2010
Bhutan,BTN,Leadership,25.000,2011
Bhutan,BTN,Leadership,50.000,2012
Bhutan,BTN,Leadership,25.000,2013
Bhutan,BTN,Leadership,50.000,2014
Bhutan,BTN,Leadership,75.000,2015
Bhutan,BTN,Leadership,50.000,2016
Bhutan,BTN,Leadership,25.000,2017
Bhutan,BTN,Leadership,75.000,2018
Bhutan,BTN,Leadership,75.000,2019
Bhutan,BTN,Leadership,75.000,2020
Bhutan,BTN,Leadership,50.000,2021
Bhutan,BTN,Leadership,75.000,2022
Bhutan,BTN,Leadership,50.000,2023
Bhutan,BTN,Norms and Decision-making,0.000,1960
Bhutan,BTN,Norms and Decision-making,0.000,1961
Bhutan,BTN,Norms and Decision-making,0.000,1962
Bhutan,BTN,Norms and Decision-making,0.000,1963
Bhutan,BTN,Norms and Decision-making,0.000,1964
Bhutan,BTN,Norms and Decision-making,0.000,1965
Bhutan,BTN,Norms and Decision-making,0.000,1966
Bhutan,BTN,Norms and Decision-making,0.000,1967
Bhutan,BTN,Norms and Decision-making,0.000,1968
Bhutan,BTN,Norms and Decision-making,0.000,1969
Bhutan,BTN,Norms and Decision-making,12.593,1970
Bhutan,BTN,Norms and Decision-making,12.593,1971
Bhutan,BTN,Norms and Decision-making,12.593,1972
Bhutan,BTN,Norms and Decision-making,12.593,1973
Bhutan,BTN,Norms and Decision-making,12.593,1974
Bhutan,BTN,Norms and Decision-making,12.593,1975
Bhutan,BTN,Norms and Decision-making,12.593,1976
Bhutan,BTN,Norms and Decision-making,12.593,1977
Bhutan,BTN,Norms and Decision-making,12.593,1978
Bhutan,BTN,Norms and Decision-making,12.593,1979
Bhutan,BTN,Norms and Decision-making,12.593,1980
Bhutan,BTN,Norms and Decision-making,12.593,1981
Bhutan,BTN,Norms and Decision-making,12.593,1982
Bhutan,BTN,Norms and Decision-making,12.593,1983
Bhutan,BTN,Norms and Decision-making,12.593,1984
Bhutan,BTN,Norms and Decision-making,12.593,1985
Bhutan,BTN,Norms and Decision-making,12.593,1986
Bhutan,BTN,Norms and Decision-making,12.593,1987
Bhutan,BTN,Norms and Decision-making,12.593,1988
Bhutan,BTN,Norms and Decision-making,12.593,1989
Bhutan,BTN,Norms and Decision-making,12.593,1990
Bhutan,BTN,Norms and Decision-making,12.593,1991
Bhutan,BTN,Norms and Decision-making,12.593,1992
Bhutan,BTN,Norms and Decision-making,12.593,1993
Bhutan,BTN,Norms and Decision-making,12.593,1994
Bhutan,BTN,Norms and Decision-making,12.593,1995
Bhutan,BTN,Norms and Decision-making,12.593,1996
Bhutan,BTN,Norms and Decision-making,12.593,1997
Bhutan,BTN,Norms and Decision-making,12.593,1998
Bhutan,BTN,Norms and Decision-making,12.593,1999
Bhutan,BTN,Norms and Decision-making,12.593,2000
Bhutan,BTN,Norms and Decision-making,12.593,2001
Bhutan,BTN,Norms and Decision-making,12.593,2002
Bhutan,BTN,Norms and Decision-making,12.593,2003
Bhutan,BTN,Norms and Decision-making,12.593,2004
Bhutan,BTN,Norms and Decision-making,14.074,2005
Bhutan,BTN,Norms and Decision-making,12.593,2006
Bhutan,BTN,Norms and Decision-making,12.593,2007
Bhutan,BTN,Norms and Decision-making,12.593,2008
Bhutan,BTN,Norms and Decision-making,12.593,2009
Bhutan,BTN,Norms and Decision-making,16.296,2010
Bhutan,BTN,Norms and Decision-making,12.593,2011
Bhutan,BTN,Norms and Decision-making,12.593,2012
Bhutan,BTN,Norms and Decision-making,12.593,2013
Bhutan,BTN,Norms and Decision-making,12.593,2014
Bhutan,BTN,Norms and Decision-making,12.593,2015
Bhutan,BTN,Norms and Decision-making,12.593,2016
Bhutan,BTN,Norms and Decision-making,14.074,2017
Bhutan,BTN,Norms and Decision-making,12.593,2018
Bhutan,BTN,Norms and Decision-making,12.593,2019
Bhutan,BTN,Norms and Decision-making,12.593,2020
Bhutan,BTN,Norms and Decision-making,12.593,2021
Bhutan,BTN,Norms and Decision-making,12.593,2022
Bhutan,BTN,Norms and Decision-making,12.593,2023
Bhutan,BTN,Population,86.905,1960
Bhutan,BTN,Population,86.905,1961
Bhutan,BTN,Population,86.905,1962
Bhutan,BTN,Population,86.905,1963
Bhutan,BTN,Population,86.905,1964
Bhutan,BTN,Population,86.905,1965
Bhutan,BTN,Population,86.905,1966
Bhutan,BTN,Population,86.905,1967
Bhutan,BTN,Population,86.905,1968
Bhutan,BTN,Population,86.905,1969
Bhutan,BTN,Population,86.905,1970
Bhutan,BTN,Population,86.905,1971
Bhutan,BTN,Population,86.905,1972
Bhutan,BTN,Population,86.905,1973
Bhutan,BTN,Population,86.905,1974
Bhutan,BTN,Population,86.905,1975
Bhutan,BTN,Population,86.905,1976
Bhutan,BTN,Population,86.905,1977
Bhutan,BTN,Population,86.905,1978
Bhutan,BTN,Population,86.905,1979
Bhutan,BTN,Population,91.667,1980
Bhutan,BTN,Population,86.905,1981
Bhutan,BTN,Population,86.905,1982
Bhutan,BTN,Population,86.905,1983
Bhutan,BTN,Population,86.905,1984
Bhutan,BTN,Population,91.667,1985
Bhutan,BTN,Population,86.905,1986
Bhutan,BTN,Population,86.905,1987
Bhutan,BTN,Population,86.905,1988
Bhutan,BTN,Population,86.905,1989
Bhutan,BTN,Population,92.857,1990
Bhutan,BTN,Population,86.905,1991
Bhutan,BTN,Population,86.905,1992
Bhutan,BTN,Population,86.905,1993
Bhutan,BTN,Population,86.905,1994
Bhutan,BTN,Population,92.857,1995
Bhutan,BTN,Population,86.905,1996
Bhutan,BTN,Population,86.905,1997
Bhutan,BTN,Population,86.905,1998
Bhutan,BTN,Population,86.905,1999
Bhutan,BTN,Population,92.857,2000
Bhutan,BTN,Population,86.905,2001
Bhutan,BTN,Population,86.905,2002
Bhutan,BTN,Population,86.905,2003
Bhutan,BTN,Population,86.905,2004
Bhutan,BTN,Population,95.238,2005
Bhutan,BTN,Population,86.905,2006
Bhutan,BTN,Population,86.905,2007
Bhutan,BTN,Population,86.905,2008
Bhutan,BTN,Population,86.905,2009
Bhutan,BTN,Population,97.619,2010
Bhutan,BTN,Population,86.905,2011
Bhutan,BTN,Population,86.905,2012
Bhutan,BTN,Population,86.905,2013
Bhutan,BTN,Population,86.905,2014
Bhutan,BTN,Population,92.857,2015
Bhutan,BTN,Population,86.905,2016
Bhutan,BTN,Population,89.286,2017
Bhutan,BTN,Population,86.905,2018
Bhutan,BTN,Population,86.905,2019
Bhutan,BTN,Population,88.095,2020
Bhutan,BTN,Population,86.905,2021
Bhutan,BTN,Population,86.905,2022
Bhutan,BTN,Population,77.381,2023
Bhutan,BTN,SDGs,0.671,1960
Bhutan,BTN,SDGs,0.671,1961
Bhutan,BTN,SDGs,0.671,1962
Bhutan,BTN,SDGs,0.671,1963
Bhutan,BTN,SDGs,0.671,1964
Bhutan,BTN,SDGs,0.671,1965
Bhutan,BTN,SDGs,0.671,1966
Bhutan,BTN,SDGs,0.671,1967
Bhutan,BTN,SDGs,2.685,1968
Bhutan,BTN,SDGs,2.685,1969
Bhutan,BTN,SDGs,11.409,1970
Bhutan,BTN,SDGs,11.409,1971
Bhutan,BTN,SDGs,11.409,1972
Bhutan,BTN,SDGs,11.409,1973
Bhutan,BTN,SDGs,11.409,1974
Bhutan,BTN,SDGs,11.409,1975
Bhutan,BTN,SDGs,11.409,1976
Bhutan,BTN,SDGs,11.409,1977
Bhutan,BTN,SDGs,11.409,1978
Bhutan,BTN,SDGs,11.409,1979
Bhutan,BTN,SDGs,12.081,1980
Bhutan,BTN,SDGs,12.081,1981
Bhutan,BTN,SDGs,12.081,1982
Bhutan,BTN,SDGs,12.081,1983
Bhutan,BTN,SDGs,12.081,1984
Bhutan,BTN,SDGs,12.081,1985
Bhutan,BTN,SDGs,12.081,1986
Bhutan,BTN,SDGs,12.081,1987
Bhutan,BTN,SDGs,12.081,1988
Bhutan,BTN,SDGs,12.081,1989
Bhutan,BTN,SDGs,16.107,1990
Bhutan,BTN,SDGs,20.134,1991
Bhutan,BTN,SDGs,20.134,1992
Bhutan,BTN,SDGs,20.134,1993
Bhutan,BTN,SDGs,21.477,1994
Bhutan,BTN,SDGs,20.134,1995
Bhutan,BTN,SDGs,20.134,1996
Bhutan,BTN,SDGs,20.805,1997
Bhutan,BTN,SDGs,22.819,1998
Bhutan,BTN,SDGs,22.819,1999
Bhutan,BTN,SDGs,65.101,2000
Bhutan,BTN,SDGs,35.570,2001
Bhutan,BTN,SDGs,33.557,2002
Bhutan,BTN,SDGs,34.899,2003
Bhutan,BTN,SDGs,35.570,2004
Bhutan,BTN,SDGs,36.913,2005
Bhutan,BTN,SDGs,36.242,2006
Bhutan,BTN,SDGs,36.242,2007
Bhutan,BTN,SDGs,34.228,2008
Bhutan,BTN,SDGs,38.255,2009
Bhutan,BTN,SDGs,69.799,2010
Bhutan,BTN,SDGs,38.926,2011
Bhutan,BTN,SDGs,38.255,2012
Bhutan,BTN,SDGs,38.255,2013
Bhutan,BTN,SDGs,40.268,2014
Bhutan,BTN,SDGs,69.799,2015
Bhutan,BTN,SDGs,34.228,2016
Bhutan,BTN,SDGs,34.228,2017
Bhutan,BTN,SDGs,39.597,2018
Bhutan,BTN,SDGs,72.483,2019
Bhutan,BTN,SDGs,30.201,2020
Bhutan,BTN,SDGs,27.517,2021
Bhutan,BTN,SDGs,26.846,2022
Bhutan,BTN,SDGs,18.121,2023
Bhutan,BTN,Technology,0.000,1960
Bhutan,BTN,Technology,0.000,1961
Bhutan,BTN,Technology,0.000,1962
Bhutan,BTN,Technology,0.000,1963
Bhutan,BTN,Technology,0.000,1964
Bhutan,BTN,Technology,0.000,1965
Bhutan,BTN,Technology,0.000,1966
Bhutan,BTN,Technology,0.000,1967
Bhutan,BTN,Technology,0.000,1968
Bhutan,BTN,Technology,0.000,1969
Bhutan,BTN,Technology,0.000,1970
Bhutan,BTN,Technology,0.000,1971
Bhutan,BTN,Technology,0.000,1972
Bhutan,BTN,Technology,0.000,1973
Bhutan,BTN,Technology,0.000,1974
Bhutan,BTN,Technology,0.000,1975
Bhutan,BTN,Technology,0.000,1976
Bhutan,BTN,Technology,0.000,1977
Bhutan,BTN,Technology,0.000,1978
Bhutan,BTN,Technology,0.000,1979
Bhutan,BTN,Technology,0.000,1980
Bhutan,BTN,Technology,0.000,1981
Bhutan,BTN,Technology,0.000,1982
Bhutan,BTN,Technology,0.000,1983
Bhutan,BTN,Technology,0.000,1984
Bhutan,BTN,Technology,0.000,1985
Bhutan,BTN,Technology,0.000,1986
Bhutan,BTN,Technology,0.000,1987
Bhutan,BTN,Technology,0.000,1988
Bhutan,BTN,Technology,0.000,1989
Bhutan,BTN,Technology,2.222,1990
Bhutan,BTN,Technology,2.222,1991
Bhutan,BTN,Technology,2.222,1992
Bhutan,BTN,Technology,2.222,1993
Bhutan,BTN,Technology,2.222,1994
Bhutan,BTN,Technology,2.222,1995
Bhutan,BTN,Technology,0.000,1996
Bhutan,BTN,Technology,0.000,1997
Bhutan,BTN,Technology,0.000,1998
Bhutan,BTN,Technology,2.222,1999
Bhutan,BTN,Technology,2.222,2000
Bhutan,BTN,Technology,2.222,2001
Bhutan,BTN,Technology,2.222,2002
Bhutan,BTN,Technology,2.222,2003
Bhutan,BTN,Technology,2.222,2004
Bhutan,BTN,Technology,2.222,2005
Bhutan,BTN,Technology,2.222,2006
Bhutan,BTN,Technology,2.222,2007
Bhutan,BTN,Technology,2.222,2008
Bhutan,BTN,Technology,2.222,2009
Bhutan,BTN,Technology,2.222,2010
Bhutan,BTN,Technology,2.222,2011
Bhutan,BTN,Technology,2.222,2012
Bhutan,BTN,Technology,4.444,2013
Bhutan,BTN,Technology,28.889,2014
Bhutan,BTN,Technology,2.222,2015
Bhutan,BTN,Technology,2.222,2016
Bhutan,BTN,Technology,2.222,2017
Bhutan,BTN,Technology,2.222,2018
Bhutan,BTN,Technology,2.222,2019
Bhutan,BTN,Technology,2.222,2020
Bhutan,BTN,Technology,6.667,2021
Bhutan,BTN,Technology,2.222,2022
Bhutan,BTN,Technology,0.000,2023
Bhutan,BTN,Violence,0.000,1960
Bhutan,BTN,Violence,0.000,1961
Bhutan,BTN,Violence,0.000,1962
Bhutan,BTN,Violence,0.000,1963
Bhutan,BTN,Violence,0.000,1964
Bhutan,BTN,Violence,0.000,1965
Bhutan,BTN,Violence,0.000,1966
Bhutan,BTN,Violence,0.000,1967
Bhutan,BTN,Violence,0.000,1968
Bhutan,BTN,Violence,0.000,1969
Bhutan,BTN,Violence,2.143,1970
Bhutan,BTN,Violence,2.143,1971
Bhutan,BTN,Violence,2.143,1972
Bhutan,BTN,Violence,2.143,1973
Bhutan,BTN,Violence,2.143,1974
Bhutan,BTN,Violence,2.143,1975
Bhutan,BTN,Violence,2.143,1976
Bhutan,BTN,Violence,2.143,1977
Bhutan,BTN,Violence,2.143,1978
Bhutan,BTN,Violence,2.143,1979
Bhutan,BTN,Violence,2.143,1980
Bhutan,BTN,Violence,2.143,1981
Bhutan,BTN,Violence,2.143,1982
Bhutan,BTN,Violence,2.143,1983
Bhutan,BTN,Violence,2.143,1984
Bhutan,BTN,Violence,2.143,1985
Bhutan,BTN,Violence,2.143,1986
Bhutan,BTN,Violence,2.143,1987
Bhutan,BTN,Violence,2.143,1988
Bhutan,BTN,Violence,2.143,1989
Bhutan,BTN,Violence,2.857,1990
Bhutan,BTN,Violence,2.857,1991
Bhutan,BTN,Violence,2.857,1992
Bhutan,BTN,Violence,2.857,1993
Bhutan,BTN,Violence,2.857,1994
Bhutan,BTN,Violence,2.857,1995
Bhutan,BTN,Violence,2.857,1996
Bhutan,BTN,Violence,2.857,1997
Bhutan,BTN,Violence,2.857,1998
Bhutan,BTN,Violence,2.857,1999
Bhutan,BTN,Violence,5.000,2000
Bhutan,BTN,Violence,5.000,2001
Bhutan,BTN,Violence,5.000,2002
Bhutan,BTN,Violence,5.000,2003
Bhutan,BTN,Violence,5.000,2004
Bhutan,BTN,Violence,5.000,2005
Bhutan,BTN,Violence,5.000,2006
Bhutan,BTN,Violence,5.000,2007
Bhutan,BTN,Violence,5.000,2008
Bhutan,BTN,Violence,5.000,2009
Bhutan,BTN,Violence,6.429,2010
Bhutan,BTN,Violence,5.000,2011
Bhutan,BTN,Violence,5.000,2012
Bhutan,BTN,Violence,5.000,2013
Bhutan,BTN,Violence,4.286,2014
Bhutan,BTN,Violence,6.429,2015
Bhutan,BTN,Violence,6.429,2016
Bhutan,BTN,Violence,6.429,2017
Bhutan,BTN,Violence,9.286,2018
Bhutan,BTN,Violence,6.429,2019
Bhutan,BTN,Violence,4.286,2020
Bhutan,BTN,Violence,2.143,2021
Bhutan,BTN,Violence,2.143,2022
Bhutan,BTN,Violence,2.143,2023
Bhutan,BTN,Youth 15-24,4.587,1960
Bhutan,BTN,Youth 15-24,4.587,1961
Bhutan,BTN,Youth 15-24,4.587,1962
Bhutan,BTN,Youth 15-24,4.587,1963
Bhutan,BTN,Youth 15-24,4.587,1964
Bhutan,BTN,Youth 15-24,4.587,1965
Bhutan,BTN,Youth 15-24,4.587,1966
Bhutan,BTN,Youth 15-24,4.587,1967
Bhutan,BTN,Youth 15-24,4.587,1968
Bhutan,BTN,Youth 15-24,4.587,1969
Bhutan,BTN,Youth 15-24,14.679,1970
Bhutan,BTN,Youth 15-24,14.679,1971
Bhutan,BTN,Youth 15-24,14.679,1972
Bhutan,BTN,Youth 15-24,4.587,1973
Bhutan,BTN,Youth 15-24,14.679,1974
Bhutan,BTN,Youth 15-24,4.587,1975
Bhutan,BTN,Youth 15-24,5.505,1976
Bhutan,BTN,Youth 15-24,17.431,1977
Bhutan,BTN,Youth 15-24,11.009,1978
Bhutan,BTN,Youth 15-24,8.257,1979
Bhutan,BTN,Youth 15-24,8.257,1980
Bhutan,BTN,Youth 15-24,4.587,1981
Bhutan,BTN,Youth 15-24,7.339,1982
Bhutan,BTN,Youth 15-24,18.349,1983
Bhutan,BTN,Youth 15-24,14.679,1984
Bhutan,BTN,Youth 15-24,8.257,1985
Bhutan,BTN,Youth 15-24,4.587,1986
Bhutan,BTN,Youth 15-24,4.587,1987
Bhutan,BTN,Youth 15-24,4.587,1988
Bhutan,BTN,Youth 15-24,4.587,1989
Bhutan,BTN,Youth 15-24,11.927,1990
Bhutan,BTN,Youth 15-24,18.349,1991
Bhutan,BTN,Youth 15-24,18.349,1992
Bhutan,BTN,Youth 15-24,21.101,1993
Bhutan,BTN,Youth 15-24,18.349,1994
Bhutan,BTN,Youth 15-24,18.349,1995
Bhutan,BTN,Youth 15-24,18.349,1996
Bhutan,BTN,Youth 15-24,21.101,1997
Bhutan,BTN,Youth 15-24,37.615,1998
Bhutan,BTN,Youth 15-24,41.284,1999
Bhutan,BTN,Youth 15-24,37.615,2000
Bhutan,BTN,Youth 15-24,40.367,2001
Bhutan,BTN,Youth 15-24,18.349,2002
Bhutan,BTN,Youth 15-24,19.266,2003
Bhutan,BTN,Youth 15-24,19.266,2004
Bhutan,BTN,Youth 15-24,53.211,2005
Bhutan,BTN,Youth 15-24,44.037,2006
Bhutan,BTN,Youth 15-24,36.697,2007
Bhutan,BTN,Youth 15-24,34.862,2008
Bhutan,BTN,Youth 15-24,44.037,2009
Bhutan,BTN,Youth 15-24,50.459,2010
Bhutan,BTN,Youth 15-24,47.706,2011
Bhutan,BTN,Youth 15-24,62.385,2012
Bhutan,BTN,Youth 15-24,46.789,2013
Bhutan,BTN,Youth 15-24,45.872,2014
Bhutan,BTN,Youth 15-24,45.872,2015
Bhutan,BTN,Youth 15-24,42.202,2016
Bhutan,BTN,Youth 15-24,58.716,2017
Bhutan,BTN,Youth 15-24,52.294,2018
Bhutan,BTN,Youth 15-24,33.945,2019
Bhutan,BTN,Youth 15-24,34.862,2020
Bhutan,BTN,Youth 15-24,37.615,2021
Bhutan,BTN,Youth 15-24,41.284,2022
Bhutan,BTN,Youth 15-24,28.440,2023
