Country Name,Country Code,Topic,% of available indicators,Year
Nigeria,NGA,Assets,0.000,1960
Nigeria,NGA,Assets,0.000,1961
Nigeria,NGA,Assets,0.000,1962
Nigeria,NGA,Assets,0.000,1963
Nigeria,NGA,Assets,0.000,1964
Nigeria,NGA,Assets,0.000,1965
Nigeria,NGA,Assets,0.000,1966
Nigeria,NGA,Assets,0.000,1967
Nigeria,NGA,Assets,0.000,1968
Nigeria,NGA,Assets,0.000,1969
Nigeria,NGA,Assets,2.208,1970
Nigeria,NGA,Assets,2.208,1971
Nigeria,NGA,Assets,2.208,1972
Nigeria,NGA,Assets,2.208,1973
Nigeria,NGA,Assets,2.208,1974
Nigeria,NGA,Assets,2.208,1975
Nigeria,NGA,Assets,2.208,1976
Nigeria,NGA,Assets,2.208,1977
Nigeria,NGA,Assets,2.208,1978
Nigeria,NGA,Assets,2.208,1979
Nigeria,NGA,Assets,2.208,1980
Nigeria,NGA,Assets,2.208,1981
Nigeria,NGA,Assets,2.208,1982
Nigeria,NGA,Assets,2.208,1983
Nigeria,NGA,Assets,2.208,1984
Nigeria,NGA,Assets,2.208,1985
Nigeria,NGA,Assets,2.208,1986
Nigeria,NGA,Assets,2.208,1987
Nigeria,NGA,Assets,2.208,1988
Nigeria,NGA,Assets,2.208,1989
Nigeria,NGA,Assets,2.208,1990
Nigeria,NGA,Assets,2.208,1991
Nigeria,NGA,Assets,2.208,1992
Nigeria,NGA,Assets,2.208,1993
Nigeria,NGA,Assets,2.208,1994
Nigeria,NGA,Assets,2.208,1995
Nigeria,NGA,Assets,2.208,1996
Nigeria,NGA,Assets,2.208,1997
Nigeria,NGA,Assets,2.208,1998
Nigeria,NGA,Assets,2.208,1999
Nigeria,NGA,Assets,2.208,2000
Nigeria,NGA,Assets,2.208,2001
Nigeria,NGA,Assets,2.208,2002
Nigeria,NGA,Assets,2.208,2003
Nigeria,NGA,Assets,2.208,2004
Nigeria,NGA,Assets,2.208,2005
Nigeria,NGA,Assets,2.208,2006
Nigeria,NGA,Assets,2.208,2007
Nigeria,NGA,Assets,2.208,2008
Nigeria,NGA,Assets,2.208,2009
Nigeria,NGA,Assets,2.208,2010
Nigeria,NGA,Assets,11.672,2011
Nigeria,NGA,Assets,2.208,2012
Nigeria,NGA,Assets,32.492,2013
Nigeria,NGA,Assets,31.546,2014
Nigeria,NGA,Assets,2.208,2015
Nigeria,NGA,Assets,2.208,2016
Nigeria,NGA,Assets,33.438,2017
Nigeria,NGA,Assets,32.492,2018
Nigeria,NGA,Assets,2.208,2019
Nigeria,NGA,Assets,2.208,2020
Nigeria,NGA,Assets,62.461,2021
Nigeria,NGA,Assets,2.208,2022
Nigeria,NGA,Assets,2.208,2023
Nigeria,NGA,Children 0-14,10.769,1960
Nigeria,NGA,Children 0-14,10.769,1961
Nigeria,NGA,Children 0-14,10.769,1962
Nigeria,NGA,Children 0-14,10.769,1963
Nigeria,NGA,Children 0-14,15.385,1964
Nigeria,NGA,Children 0-14,17.692,1965
Nigeria,NGA,Children 0-14,17.692,1966
Nigeria,NGA,Children 0-14,17.692,1967
Nigeria,NGA,Children 0-14,17.692,1968
Nigeria,NGA,Children 0-14,19.231,1969
Nigeria,NGA,Children 0-14,23.077,1970
Nigeria,NGA,Children 0-14,23.077,1971
Nigeria,NGA,Children 0-14,23.077,1972
Nigeria,NGA,Children 0-14,23.077,1973
Nigeria,NGA,Children 0-14,19.231,1974
Nigeria,NGA,Children 0-14,19.231,1975
Nigeria,NGA,Children 0-14,23.077,1976
Nigeria,NGA,Children 0-14,23.077,1977
Nigeria,NGA,Children 0-14,23.077,1978
Nigeria,NGA,Children 0-14,23.077,1979
Nigeria,NGA,Children 0-14,23.077,1980
Nigeria,NGA,Children 0-14,23.077,1981
Nigeria,NGA,Children 0-14,23.077,1982
Nigeria,NGA,Children 0-14,23.077,1983
Nigeria,NGA,Children 0-14,24.615,1984
Nigeria,NGA,Children 0-14,24.615,1985
Nigeria,NGA,Children 0-14,24.615,1986
Nigeria,NGA,Children 0-14,24.615,1987
Nigeria,NGA,Children 0-14,24.615,1988
Nigeria,NGA,Children 0-14,24.615,1989
Nigeria,NGA,Children 0-14,37.692,1990
Nigeria,NGA,Children 0-14,24.615,1991
Nigeria,NGA,Children 0-14,24.615,1992
Nigeria,NGA,Children 0-14,27.692,1993
Nigeria,NGA,Children 0-14,24.615,1994
Nigeria,NGA,Children 0-14,24.615,1995
Nigeria,NGA,Children 0-14,24.615,1996
Nigeria,NGA,Children 0-14,20.769,1997
Nigeria,NGA,Children 0-14,20.769,1998
Nigeria,NGA,Children 0-14,36.923,1999
Nigeria,NGA,Children 0-14,53.846,2000
Nigeria,NGA,Children 0-14,32.308,2001
Nigeria,NGA,Children 0-14,26.923,2002
Nigeria,NGA,Children 0-14,46.923,2003
Nigeria,NGA,Children 0-14,41.538,2004
Nigeria,NGA,Children 0-14,39.231,2005
Nigeria,NGA,Children 0-14,43.846,2006
Nigeria,NGA,Children 0-14,41.538,2007
Nigeria,NGA,Children 0-14,49.231,2008
Nigeria,NGA,Children 0-14,41.538,2009
Nigeria,NGA,Children 0-14,60.769,2010
Nigeria,NGA,Children 0-14,41.538,2011
Nigeria,NGA,Children 0-14,24.615,2012
Nigeria,NGA,Children 0-14,32.308,2013
Nigeria,NGA,Children 0-14,38.462,2014
Nigeria,NGA,Children 0-14,51.538,2015
Nigeria,NGA,Children 0-14,43.077,2016
Nigeria,NGA,Children 0-14,31.538,2017
Nigeria,NGA,Children 0-14,54.615,2018
Nigeria,NGA,Children 0-14,42.308,2019
Nigeria,NGA,Children 0-14,39.231,2020
Nigeria,NGA,Children 0-14,27.692,2021
Nigeria,NGA,Children 0-14,25.385,2022
Nigeria,NGA,Children 0-14,9.231,2023
Nigeria,NGA,Education,0.000,1960
Nigeria,NGA,Education,0.000,1961
Nigeria,NGA,Education,0.000,1962
Nigeria,NGA,Education,0.000,1963
Nigeria,NGA,Education,0.000,1964
Nigeria,NGA,Education,0.000,1965
Nigeria,NGA,Education,0.000,1966
Nigeria,NGA,Education,0.000,1967
Nigeria,NGA,Education,0.000,1968
Nigeria,NGA,Education,0.000,1969
Nigeria,NGA,Education,11.043,1970
Nigeria,NGA,Education,10.429,1971
Nigeria,NGA,Education,11.043,1972
Nigeria,NGA,Education,10.429,1973
Nigeria,NGA,Education,0.613,1974
Nigeria,NGA,Education,1.227,1975
Nigeria,NGA,Education,4.294,1976
Nigeria,NGA,Education,11.043,1977
Nigeria,NGA,Education,11.043,1978
Nigeria,NGA,Education,11.043,1979
Nigeria,NGA,Education,11.043,1980
Nigeria,NGA,Education,12.270,1981
Nigeria,NGA,Education,12.270,1982
Nigeria,NGA,Education,11.043,1983
Nigeria,NGA,Education,11.043,1984
Nigeria,NGA,Education,7.975,1985
Nigeria,NGA,Education,12.883,1986
Nigeria,NGA,Education,11.656,1987
Nigeria,NGA,Education,6.135,1988
Nigeria,NGA,Education,15.337,1989
Nigeria,NGA,Education,11.043,1990
Nigeria,NGA,Education,11.043,1991
Nigeria,NGA,Education,4.294,1992
Nigeria,NGA,Education,4.294,1993
Nigeria,NGA,Education,4.294,1994
Nigeria,NGA,Education,3.681,1995
Nigeria,NGA,Education,3.681,1996
Nigeria,NGA,Education,0.000,1997
Nigeria,NGA,Education,0.000,1998
Nigeria,NGA,Education,26.380,1999
Nigeria,NGA,Education,23.926,2000
Nigeria,NGA,Education,15.951,2001
Nigeria,NGA,Education,10.429,2002
Nigeria,NGA,Education,19.632,2003
Nigeria,NGA,Education,26.380,2004
Nigeria,NGA,Education,23.926,2005
Nigeria,NGA,Education,41.104,2006
Nigeria,NGA,Education,22.086,2007
Nigeria,NGA,Education,27.607,2008
Nigeria,NGA,Education,22.086,2009
Nigeria,NGA,Education,25.767,2010
Nigeria,NGA,Education,16.564,2011
Nigeria,NGA,Education,7.362,2012
Nigeria,NGA,Education,11.656,2013
Nigeria,NGA,Education,12.883,2014
Nigeria,NGA,Education,8.589,2015
Nigeria,NGA,Education,30.675,2016
Nigeria,NGA,Education,19.018,2017
Nigeria,NGA,Education,36.810,2018
Nigeria,NGA,Education,20.245,2019
Nigeria,NGA,Education,16.564,2020
Nigeria,NGA,Education,17.178,2021
Nigeria,NGA,Education,17.178,2022
Nigeria,NGA,Education,1.840,2023
Nigeria,NGA,Employment and Time Use,0.000,1960
Nigeria,NGA,Employment and Time Use,0.000,1961
Nigeria,NGA,Employment and Time Use,0.000,1962
Nigeria,NGA,Employment and Time Use,5.109,1963
Nigeria,NGA,Employment and Time Use,0.000,1964
Nigeria,NGA,Employment and Time Use,0.000,1965
Nigeria,NGA,Employment and Time Use,0.000,1966
Nigeria,NGA,Employment and Time Use,0.000,1967
Nigeria,NGA,Employment and Time Use,0.000,1968
Nigeria,NGA,Employment and Time Use,0.000,1969
Nigeria,NGA,Employment and Time Use,21.168,1970
Nigeria,NGA,Employment and Time Use,21.168,1971
Nigeria,NGA,Employment and Time Use,21.168,1972
Nigeria,NGA,Employment and Time Use,21.168,1973
Nigeria,NGA,Employment and Time Use,21.168,1974
Nigeria,NGA,Employment and Time Use,21.168,1975
Nigeria,NGA,Employment and Time Use,21.168,1976
Nigeria,NGA,Employment and Time Use,21.168,1977
Nigeria,NGA,Employment and Time Use,21.168,1978
Nigeria,NGA,Employment and Time Use,21.168,1979
Nigeria,NGA,Employment and Time Use,21.168,1980
Nigeria,NGA,Employment and Time Use,21.168,1981
Nigeria,NGA,Employment and Time Use,21.168,1982
Nigeria,NGA,Employment and Time Use,28.467,1983
Nigeria,NGA,Employment and Time Use,21.168,1984
Nigeria,NGA,Employment and Time Use,21.168,1985
Nigeria,NGA,Employment and Time Use,33.577,1986
Nigeria,NGA,Employment and Time Use,21.168,1987
Nigeria,NGA,Employment and Time Use,21.168,1988
Nigeria,NGA,Employment and Time Use,21.168,1989
Nigeria,NGA,Employment and Time Use,31.387,1990
Nigeria,NGA,Employment and Time Use,61.314,1991
Nigeria,NGA,Employment and Time Use,56.204,1992
Nigeria,NGA,Employment and Time Use,56.204,1993
Nigeria,NGA,Employment and Time Use,56.204,1994
Nigeria,NGA,Employment and Time Use,56.204,1995
Nigeria,NGA,Employment and Time Use,56.204,1996
Nigeria,NGA,Employment and Time Use,56.204,1997
Nigeria,NGA,Employment and Time Use,56.204,1998
Nigeria,NGA,Employment and Time Use,56.204,1999
Nigeria,NGA,Employment and Time Use,56.204,2000
Nigeria,NGA,Employment and Time Use,56.204,2001
Nigeria,NGA,Employment and Time Use,56.204,2002
Nigeria,NGA,Employment and Time Use,58.394,2003
Nigeria,NGA,Employment and Time Use,61.314,2004
Nigeria,NGA,Employment and Time Use,56.204,2005
Nigeria,NGA,Employment and Time Use,56.204,2006
Nigeria,NGA,Employment and Time Use,58.394,2007
Nigeria,NGA,Employment and Time Use,56.204,2008
Nigeria,NGA,Employment and Time Use,56.204,2009
Nigeria,NGA,Employment and Time Use,58.394,2010
Nigeria,NGA,Employment and Time Use,78.102,2011
Nigeria,NGA,Employment and Time Use,56.204,2012
Nigeria,NGA,Employment and Time Use,75.912,2013
Nigeria,NGA,Employment and Time Use,59.124,2014
Nigeria,NGA,Employment and Time Use,60.584,2015
Nigeria,NGA,Employment and Time Use,78.102,2016
Nigeria,NGA,Employment and Time Use,60.584,2017
Nigeria,NGA,Employment and Time Use,56.204,2018
Nigeria,NGA,Employment and Time Use,88.321,2019
Nigeria,NGA,Employment and Time Use,56.204,2020
Nigeria,NGA,Employment and Time Use,56.204,2021
Nigeria,NGA,Employment and Time Use,88.321,2022
Nigeria,NGA,Employment and Time Use,89.781,2023
Nigeria,NGA,Entrepreneurship,0.000,1960
Nigeria,NGA,Entrepreneurship,0.000,1961
Nigeria,NGA,Entrepreneurship,0.000,1962
Nigeria,NGA,Entrepreneurship,0.000,1963
Nigeria,NGA,Entrepreneurship,0.000,1964
Nigeria,NGA,Entrepreneurship,0.000,1965
Nigeria,NGA,Entrepreneurship,0.000,1966
Nigeria,NGA,Entrepreneurship,0.000,1967
Nigeria,NGA,Entrepreneurship,0.000,1968
Nigeria,NGA,Entrepreneurship,0.000,1969
Nigeria,NGA,Entrepreneurship,9.375,1970
Nigeria,NGA,Entrepreneurship,9.375,1971
Nigeria,NGA,Entrepreneurship,9.375,1972
Nigeria,NGA,Entrepreneurship,9.375,1973
Nigeria,NGA,Entrepreneurship,9.375,1974
Nigeria,NGA,Entrepreneurship,9.375,1975
Nigeria,NGA,Entrepreneurship,9.375,1976
Nigeria,NGA,Entrepreneurship,9.375,1977
Nigeria,NGA,Entrepreneurship,9.375,1978
Nigeria,NGA,Entrepreneurship,9.375,1979
Nigeria,NGA,Entrepreneurship,9.375,1980
Nigeria,NGA,Entrepreneurship,9.375,1981
Nigeria,NGA,Entrepreneurship,9.375,1982
Nigeria,NGA,Entrepreneurship,9.375,1983
Nigeria,NGA,Entrepreneurship,9.375,1984
Nigeria,NGA,Entrepreneurship,9.375,1985
Nigeria,NGA,Entrepreneurship,9.375,1986
Nigeria,NGA,Entrepreneurship,9.375,1987
Nigeria,NGA,Entrepreneurship,9.375,1988
Nigeria,NGA,Entrepreneurship,9.375,1989
Nigeria,NGA,Entrepreneurship,9.375,1990
Nigeria,NGA,Entrepreneurship,9.375,1991
Nigeria,NGA,Entrepreneurship,9.375,1992
Nigeria,NGA,Entrepreneurship,9.375,1993
Nigeria,NGA,Entrepreneurship,9.375,1994
Nigeria,NGA,Entrepreneurship,9.375,1995
Nigeria,NGA,Entrepreneurship,9.375,1996
Nigeria,NGA,Entrepreneurship,9.375,1997
Nigeria,NGA,Entrepreneurship,9.375,1998
Nigeria,NGA,Entrepreneurship,9.375,1999
Nigeria,NGA,Entrepreneurship,9.375,2000
Nigeria,NGA,Entrepreneurship,9.375,2001
Nigeria,NGA,Entrepreneurship,9.375,2002
Nigeria,NGA,Entrepreneurship,9.375,2003
Nigeria,NGA,Entrepreneurship,9.375,2004
Nigeria,NGA,Entrepreneurship,9.375,2005
Nigeria,NGA,Entrepreneurship,9.375,2006
Nigeria,NGA,Entrepreneurship,12.500,2007
Nigeria,NGA,Entrepreneurship,9.375,2008
Nigeria,NGA,Entrepreneurship,9.375,2009
Nigeria,NGA,Entrepreneurship,9.375,2010
Nigeria,NGA,Entrepreneurship,9.375,2011
Nigeria,NGA,Entrepreneurship,9.375,2012
Nigeria,NGA,Entrepreneurship,37.500,2013
Nigeria,NGA,Entrepreneurship,62.500,2014
Nigeria,NGA,Entrepreneurship,75.000,2015
Nigeria,NGA,Entrepreneurship,75.000,2016
Nigeria,NGA,Entrepreneurship,93.750,2017
Nigeria,NGA,Entrepreneurship,75.000,2018
Nigeria,NGA,Entrepreneurship,75.000,2019
Nigeria,NGA,Entrepreneurship,46.875,2020
Nigeria,NGA,Entrepreneurship,9.375,2021
Nigeria,NGA,Entrepreneurship,9.375,2022
Nigeria,NGA,Entrepreneurship,9.375,2023
Nigeria,NGA,Environment,0.000,1960
Nigeria,NGA,Environment,0.000,1961
Nigeria,NGA,Environment,0.000,1962
Nigeria,NGA,Environment,0.000,1963
Nigeria,NGA,Environment,0.000,1964
Nigeria,NGA,Environment,0.000,1965
Nigeria,NGA,Environment,0.000,1966
Nigeria,NGA,Environment,0.000,1967
Nigeria,NGA,Environment,0.000,1968
Nigeria,NGA,Environment,0.000,1969
Nigeria,NGA,Environment,0.000,1970
Nigeria,NGA,Environment,0.000,1971
Nigeria,NGA,Environment,0.000,1972
Nigeria,NGA,Environment,0.000,1973
Nigeria,NGA,Environment,0.000,1974
Nigeria,NGA,Environment,0.000,1975
Nigeria,NGA,Environment,0.000,1976
Nigeria,NGA,Environment,0.000,1977
Nigeria,NGA,Environment,0.000,1978
Nigeria,NGA,Environment,0.000,1979
Nigeria,NGA,Environment,0.000,1980
Nigeria,NGA,Environment,0.000,1981
Nigeria,NGA,Environment,0.000,1982
Nigeria,NGA,Environment,0.000,1983
Nigeria,NGA,Environment,0.000,1984
Nigeria,NGA,Environment,0.000,1985
Nigeria,NGA,Environment,0.000,1986
Nigeria,NGA,Environment,0.000,1987
Nigeria,NGA,Environment,0.000,1988
Nigeria,NGA,Environment,0.000,1989
Nigeria,NGA,Environment,0.000,1990
Nigeria,NGA,Environment,0.000,1991
Nigeria,NGA,Environment,0.000,1992
Nigeria,NGA,Environment,0.000,1993
Nigeria,NGA,Environment,0.000,1994
Nigeria,NGA,Environment,0.000,1995
Nigeria,NGA,Environment,0.000,1996
Nigeria,NGA,Environment,0.000,1997
Nigeria,NGA,Environment,0.000,1998
Nigeria,NGA,Environment,0.000,1999
Nigeria,NGA,Environment,10.000,2000
Nigeria,NGA,Environment,10.000,2001
Nigeria,NGA,Environment,10.000,2002
Nigeria,NGA,Environment,36.667,2003
Nigeria,NGA,Environment,10.000,2004
Nigeria,NGA,Environment,10.000,2005
Nigeria,NGA,Environment,10.000,2006
Nigeria,NGA,Environment,10.000,2007
Nigeria,NGA,Environment,56.667,2008
Nigeria,NGA,Environment,10.000,2009
Nigeria,NGA,Environment,30.000,2010
Nigeria,NGA,Environment,10.000,2011
Nigeria,NGA,Environment,10.000,2012
Nigeria,NGA,Environment,56.667,2013
Nigeria,NGA,Environment,20.000,2014
Nigeria,NGA,Environment,43.333,2015
Nigeria,NGA,Environment,10.000,2016
Nigeria,NGA,Environment,20.000,2017
Nigeria,NGA,Environment,66.667,2018
Nigeria,NGA,Environment,30.000,2019
Nigeria,NGA,Environment,10.000,2020
Nigeria,NGA,Environment,63.333,2021
Nigeria,NGA,Environment,10.000,2022
Nigeria,NGA,Environment,0.000,2023
Nigeria,NGA,Health,3.030,1960
Nigeria,NGA,Health,3.030,1961
Nigeria,NGA,Health,3.030,1962
Nigeria,NGA,Health,3.030,1963
Nigeria,NGA,Health,6.061,1964
Nigeria,NGA,Health,7.576,1965
Nigeria,NGA,Health,7.576,1966
Nigeria,NGA,Health,7.576,1967
Nigeria,NGA,Health,7.576,1968
Nigeria,NGA,Health,8.586,1969
Nigeria,NGA,Health,8.586,1970
Nigeria,NGA,Health,8.586,1971
Nigeria,NGA,Health,8.586,1972
Nigeria,NGA,Health,8.586,1973
Nigeria,NGA,Health,8.586,1974
Nigeria,NGA,Health,11.111,1975
Nigeria,NGA,Health,11.111,1976
Nigeria,NGA,Health,11.111,1977
Nigeria,NGA,Health,11.111,1978
Nigeria,NGA,Health,11.111,1979
Nigeria,NGA,Health,11.111,1980
Nigeria,NGA,Health,11.111,1981
Nigeria,NGA,Health,12.121,1982
Nigeria,NGA,Health,11.111,1983
Nigeria,NGA,Health,12.121,1984
Nigeria,NGA,Health,12.121,1985
Nigeria,NGA,Health,12.626,1986
Nigeria,NGA,Health,12.121,1987
Nigeria,NGA,Health,12.121,1988
Nigeria,NGA,Health,12.121,1989
Nigeria,NGA,Health,28.788,1990
Nigeria,NGA,Health,12.626,1991
Nigeria,NGA,Health,12.626,1992
Nigeria,NGA,Health,14.646,1993
Nigeria,NGA,Health,12.626,1994
Nigeria,NGA,Health,12.626,1995
Nigeria,NGA,Health,12.626,1996
Nigeria,NGA,Health,12.626,1997
Nigeria,NGA,Health,12.626,1998
Nigeria,NGA,Health,15.657,1999
Nigeria,NGA,Health,51.010,2000
Nigeria,NGA,Health,26.263,2001
Nigeria,NGA,Health,26.263,2002
Nigeria,NGA,Health,55.051,2003
Nigeria,NGA,Health,26.263,2004
Nigeria,NGA,Health,27.778,2005
Nigeria,NGA,Health,26.263,2006
Nigeria,NGA,Health,27.778,2007
Nigeria,NGA,Health,48.485,2008
Nigeria,NGA,Health,26.263,2009
Nigeria,NGA,Health,56.566,2010
Nigeria,NGA,Health,38.384,2011
Nigeria,NGA,Health,27.273,2012
Nigeria,NGA,Health,48.485,2013
Nigeria,NGA,Health,35.859,2014
Nigeria,NGA,Health,60.101,2015
Nigeria,NGA,Health,35.859,2016
Nigeria,NGA,Health,35.859,2017
Nigeria,NGA,Health,64.141,2018
Nigeria,NGA,Health,51.515,2019
Nigeria,NGA,Health,30.303,2020
Nigeria,NGA,Health,22.727,2021
Nigeria,NGA,Health,12.626,2022
Nigeria,NGA,Health,1.010,2023
Nigeria,NGA,Leadership,0.000,1960
Nigeria,NGA,Leadership,0.000,1961
Nigeria,NGA,Leadership,0.000,1962
Nigeria,NGA,Leadership,0.000,1963
Nigeria,NGA,Leadership,0.000,1964
Nigeria,NGA,Leadership,0.000,1965
Nigeria,NGA,Leadership,0.000,1966
Nigeria,NGA,Leadership,0.000,1967
Nigeria,NGA,Leadership,0.000,1968
Nigeria,NGA,Leadership,0.000,1969
Nigeria,NGA,Leadership,0.000,1970
Nigeria,NGA,Leadership,0.000,1971
Nigeria,NGA,Leadership,0.000,1972
Nigeria,NGA,Leadership,0.000,1973
Nigeria,NGA,Leadership,0.000,1974
Nigeria,NGA,Leadership,0.000,1975
Nigeria,NGA,Leadership,0.000,1976
Nigeria,NGA,Leadership,0.000,1977
Nigeria,NGA,Leadership,0.000,1978
Nigeria,NGA,Leadership,0.000,1979
Nigeria,NGA,Leadership,0.000,1980
Nigeria,NGA,Leadership,0.000,1981
Nigeria,NGA,Leadership,0.000,1982
Nigeria,NGA,Leadership,0.000,1983
Nigeria,NGA,Leadership,0.000,1984
Nigeria,NGA,Leadership,0.000,1985
Nigeria,NGA,Leadership,0.000,1986
Nigeria,NGA,Leadership,0.000,1987
Nigeria,NGA,Leadership,0.000,1988
Nigeria,NGA,Leadership,0.000,1989
Nigeria,NGA,Leadership,0.000,1990
Nigeria,NGA,Leadership,0.000,1991
Nigeria,NGA,Leadership,0.000,1992
Nigeria,NGA,Leadership,0.000,1993
Nigeria,NGA,Leadership,0.000,1994
Nigeria,NGA,Leadership,0.000,1995
Nigeria,NGA,Leadership,0.000,1996
Nigeria,NGA,Leadership,0.000,1997
Nigeria,NGA,Leadership,0.000,1998
Nigeria,NGA,Leadership,0.000,1999
Nigeria,NGA,Leadership,25.000,2000
Nigeria,NGA,Leadership,25.000,2001
Nigeria,NGA,Leadership,25.000,2002
Nigeria,NGA,Leadership,25.000,2003
Nigeria,NGA,Leadership,25.000,2004
Nigeria,NGA,Leadership,50.000,2005
Nigeria,NGA,Leadership,25.000,2006
Nigeria,NGA,Leadership,25.000,2007
Nigeria,NGA,Leadership,50.000,2008
Nigeria,NGA,Leadership,25.000,2009
Nigeria,NGA,Leadership,50.000,2010
Nigeria,NGA,Leadership,50.000,2011
Nigeria,NGA,Leadership,50.000,2012
Nigeria,NGA,Leadership,50.000,2013
Nigeria,NGA,Leadership,75.000,2014
Nigeria,NGA,Leadership,50.000,2015
Nigeria,NGA,Leadership,50.000,2016
Nigeria,NGA,Leadership,25.000,2017
Nigeria,NGA,Leadership,50.000,2018
Nigeria,NGA,Leadership,75.000,2019
Nigeria,NGA,Leadership,50.000,2020
Nigeria,NGA,Leadership,25.000,2021
Nigeria,NGA,Leadership,75.000,2022
Nigeria,NGA,Leadership,50.000,2023
Nigeria,NGA,Norms and Decision-making,0.000,1960
Nigeria,NGA,Norms and Decision-making,0.000,1961
Nigeria,NGA,Norms and Decision-making,0.000,1962
Nigeria,NGA,Norms and Decision-making,0.000,1963
Nigeria,NGA,Norms and Decision-making,0.000,1964
Nigeria,NGA,Norms and Decision-making,0.000,1965
Nigeria,NGA,Norms and Decision-making,0.000,1966
Nigeria,NGA,Norms and Decision-making,0.000,1967
Nigeria,NGA,Norms and Decision-making,0.000,1968
Nigeria,NGA,Norms and Decision-making,0.000,1969
Nigeria,NGA,Norms and Decision-making,12.593,1970
Nigeria,NGA,Norms and Decision-making,12.593,1971
Nigeria,NGA,Norms and Decision-making,12.593,1972
Nigeria,NGA,Norms and Decision-making,12.593,1973
Nigeria,NGA,Norms and Decision-making,12.593,1974
Nigeria,NGA,Norms and Decision-making,12.593,1975
Nigeria,NGA,Norms and Decision-making,12.593,1976
Nigeria,NGA,Norms and Decision-making,12.593,1977
Nigeria,NGA,Norms and Decision-making,12.593,1978
Nigeria,NGA,Norms and Decision-making,12.593,1979
Nigeria,NGA,Norms and Decision-making,12.593,1980
Nigeria,NGA,Norms and Decision-making,12.593,1981
Nigeria,NGA,Norms and Decision-making,12.593,1982
Nigeria,NGA,Norms and Decision-making,12.593,1983
Nigeria,NGA,Norms and Decision-making,12.593,1984
Nigeria,NGA,Norms and Decision-making,12.593,1985
Nigeria,NGA,Norms and Decision-making,12.593,1986
Nigeria,NGA,Norms and Decision-making,12.593,1987
Nigeria,NGA,Norms and Decision-making,12.593,1988
Nigeria,NGA,Norms and Decision-making,12.593,1989
Nigeria,NGA,Norms and Decision-making,17.778,1990
Nigeria,NGA,Norms and Decision-making,14.074,1991
Nigeria,NGA,Norms and Decision-making,12.593,1992
Nigeria,NGA,Norms and Decision-making,12.593,1993
Nigeria,NGA,Norms and Decision-making,12.593,1994
Nigeria,NGA,Norms and Decision-making,12.593,1995
Nigeria,NGA,Norms and Decision-making,12.593,1996
Nigeria,NGA,Norms and Decision-making,12.593,1997
Nigeria,NGA,Norms and Decision-making,12.593,1998
Nigeria,NGA,Norms and Decision-making,12.593,1999
Nigeria,NGA,Norms and Decision-making,12.593,2000
Nigeria,NGA,Norms and Decision-making,12.593,2001
Nigeria,NGA,Norms and Decision-making,12.593,2002
Nigeria,NGA,Norms and Decision-making,98.519,2003
Nigeria,NGA,Norms and Decision-making,12.593,2004
Nigeria,NGA,Norms and Decision-making,12.593,2005
Nigeria,NGA,Norms and Decision-making,14.074,2006
Nigeria,NGA,Norms and Decision-making,13.333,2007
Nigeria,NGA,Norms and Decision-making,85.926,2008
Nigeria,NGA,Norms and Decision-making,12.593,2009
Nigeria,NGA,Norms and Decision-making,12.593,2010
Nigeria,NGA,Norms and Decision-making,14.815,2011
Nigeria,NGA,Norms and Decision-making,12.593,2012
Nigeria,NGA,Norms and Decision-making,76.296,2013
Nigeria,NGA,Norms and Decision-making,12.593,2014
Nigeria,NGA,Norms and Decision-making,12.593,2015
Nigeria,NGA,Norms and Decision-making,12.593,2016
Nigeria,NGA,Norms and Decision-making,15.556,2017
Nigeria,NGA,Norms and Decision-making,73.333,2018
Nigeria,NGA,Norms and Decision-making,12.593,2019
Nigeria,NGA,Norms and Decision-making,12.593,2020
Nigeria,NGA,Norms and Decision-making,14.074,2021
Nigeria,NGA,Norms and Decision-making,12.593,2022
Nigeria,NGA,Norms and Decision-making,12.593,2023
Nigeria,NGA,Population,86.905,1960
Nigeria,NGA,Population,86.905,1961
Nigeria,NGA,Population,86.905,1962
Nigeria,NGA,Population,86.905,1963
Nigeria,NGA,Population,86.905,1964
Nigeria,NGA,Population,86.905,1965
Nigeria,NGA,Population,86.905,1966
Nigeria,NGA,Population,86.905,1967
Nigeria,NGA,Population,86.905,1968
Nigeria,NGA,Population,86.905,1969
Nigeria,NGA,Population,86.905,1970
Nigeria,NGA,Population,86.905,1971
Nigeria,NGA,Population,86.905,1972
Nigeria,NGA,Population,86.905,1973
Nigeria,NGA,Population,86.905,1974
Nigeria,NGA,Population,86.905,1975
Nigeria,NGA,Population,86.905,1976
Nigeria,NGA,Population,86.905,1977
Nigeria,NGA,Population,86.905,1978
Nigeria,NGA,Population,86.905,1979
Nigeria,NGA,Population,91.667,1980
Nigeria,NGA,Population,86.905,1981
Nigeria,NGA,Population,86.905,1982
Nigeria,NGA,Population,86.905,1983
Nigeria,NGA,Population,86.905,1984
Nigeria,NGA,Population,91.667,1985
Nigeria,NGA,Population,86.905,1986
Nigeria,NGA,Population,86.905,1987
Nigeria,NGA,Population,86.905,1988
Nigeria,NGA,Population,86.905,1989
Nigeria,NGA,Population,95.238,1990
Nigeria,NGA,Population,89.286,1991
Nigeria,NGA,Population,86.905,1992
Nigeria,NGA,Population,86.905,1993
Nigeria,NGA,Population,86.905,1994
Nigeria,NGA,Population,92.857,1995
Nigeria,NGA,Population,86.905,1996
Nigeria,NGA,Population,86.905,1997
Nigeria,NGA,Population,86.905,1998
Nigeria,NGA,Population,86.905,1999
Nigeria,NGA,Population,92.857,2000
Nigeria,NGA,Population,86.905,2001
Nigeria,NGA,Population,86.905,2002
Nigeria,NGA,Population,90.476,2003
Nigeria,NGA,Population,86.905,2004
Nigeria,NGA,Population,92.857,2005
Nigeria,NGA,Population,89.286,2006
Nigeria,NGA,Population,88.095,2007
Nigeria,NGA,Population,94.048,2008
Nigeria,NGA,Population,86.905,2009
Nigeria,NGA,Population,94.048,2010
Nigeria,NGA,Population,89.286,2011
Nigeria,NGA,Population,86.905,2012
Nigeria,NGA,Population,94.048,2013
Nigeria,NGA,Population,86.905,2014
Nigeria,NGA,Population,94.048,2015
Nigeria,NGA,Population,86.905,2016
Nigeria,NGA,Population,88.095,2017
Nigeria,NGA,Population,91.667,2018
Nigeria,NGA,Population,86.905,2019
Nigeria,NGA,Population,88.095,2020
Nigeria,NGA,Population,88.095,2021
Nigeria,NGA,Population,86.905,2022
Nigeria,NGA,Population,77.381,2023
Nigeria,NGA,SDGs,0.671,1960
Nigeria,NGA,SDGs,0.671,1961
Nigeria,NGA,SDGs,0.671,1962
Nigeria,NGA,SDGs,0.671,1963
Nigeria,NGA,SDGs,2.685,1964
Nigeria,NGA,SDGs,2.685,1965
Nigeria,NGA,SDGs,2.685,1966
Nigeria,NGA,SDGs,2.685,1967
Nigeria,NGA,SDGs,2.685,1968
Nigeria,NGA,SDGs,2.685,1969
Nigeria,NGA,SDGs,11.409,1970
Nigeria,NGA,SDGs,11.409,1971
Nigeria,NGA,SDGs,11.409,1972
Nigeria,NGA,SDGs,11.409,1973
Nigeria,NGA,SDGs,11.409,1974
Nigeria,NGA,SDGs,11.409,1975
Nigeria,NGA,SDGs,11.409,1976
Nigeria,NGA,SDGs,11.409,1977
Nigeria,NGA,SDGs,11.409,1978
Nigeria,NGA,SDGs,11.409,1979
Nigeria,NGA,SDGs,11.409,1980
Nigeria,NGA,SDGs,11.409,1981
Nigeria,NGA,SDGs,11.409,1982
Nigeria,NGA,SDGs,11.409,1983
Nigeria,NGA,SDGs,12.081,1984
Nigeria,NGA,SDGs,12.081,1985
Nigeria,NGA,SDGs,16.107,1986
Nigeria,NGA,SDGs,12.081,1987
Nigeria,NGA,SDGs,12.081,1988
Nigeria,NGA,SDGs,12.081,1989
Nigeria,NGA,SDGs,14.765,1990
Nigeria,NGA,SDGs,16.107,1991
Nigeria,NGA,SDGs,16.107,1992
Nigeria,NGA,SDGs,16.107,1993
Nigeria,NGA,SDGs,16.107,1994
Nigeria,NGA,SDGs,16.107,1995
Nigeria,NGA,SDGs,16.107,1996
Nigeria,NGA,SDGs,16.107,1997
Nigeria,NGA,SDGs,16.107,1998
Nigeria,NGA,SDGs,16.779,1999
Nigeria,NGA,SDGs,61.745,2000
Nigeria,NGA,SDGs,29.530,2001
Nigeria,NGA,SDGs,29.530,2002
Nigeria,NGA,SDGs,36.242,2003
Nigeria,NGA,SDGs,29.530,2004
Nigeria,NGA,SDGs,31.544,2005
Nigeria,NGA,SDGs,29.530,2006
Nigeria,NGA,SDGs,29.530,2007
Nigeria,NGA,SDGs,37.584,2008
Nigeria,NGA,SDGs,29.530,2009
Nigeria,NGA,SDGs,61.745,2010
Nigeria,NGA,SDGs,36.242,2011
Nigeria,NGA,SDGs,29.530,2012
Nigeria,NGA,SDGs,42.282,2013
Nigeria,NGA,SDGs,34.228,2014
Nigeria,NGA,SDGs,64.430,2015
Nigeria,NGA,SDGs,32.215,2016
Nigeria,NGA,SDGs,34.899,2017
Nigeria,NGA,SDGs,40.268,2018
Nigeria,NGA,SDGs,69.799,2019
Nigeria,NGA,SDGs,23.490,2020
Nigeria,NGA,SDGs,26.174,2021
Nigeria,NGA,SDGs,23.490,2022
Nigeria,NGA,SDGs,18.121,2023
Nigeria,NGA,Technology,0.000,1960
Nigeria,NGA,Technology,0.000,1961
Nigeria,NGA,Technology,0.000,1962
Nigeria,NGA,Technology,0.000,1963
Nigeria,NGA,Technology,0.000,1964
Nigeria,NGA,Technology,0.000,1965
Nigeria,NGA,Technology,0.000,1966
Nigeria,NGA,Technology,0.000,1967
Nigeria,NGA,Technology,0.000,1968
Nigeria,NGA,Technology,0.000,1969
Nigeria,NGA,Technology,0.000,1970
Nigeria,NGA,Technology,0.000,1971
Nigeria,NGA,Technology,0.000,1972
Nigeria,NGA,Technology,0.000,1973
Nigeria,NGA,Technology,0.000,1974
Nigeria,NGA,Technology,0.000,1975
Nigeria,NGA,Technology,0.000,1976
Nigeria,NGA,Technology,0.000,1977
Nigeria,NGA,Technology,0.000,1978
Nigeria,NGA,Technology,0.000,1979
Nigeria,NGA,Technology,0.000,1980
Nigeria,NGA,Technology,0.000,1981
Nigeria,NGA,Technology,0.000,1982
Nigeria,NGA,Technology,0.000,1983
Nigeria,NGA,Technology,0.000,1984
Nigeria,NGA,Technology,0.000,1985
Nigeria,NGA,Technology,0.000,1986
Nigeria,NGA,Technology,0.000,1987
Nigeria,NGA,Technology,0.000,1988
Nigeria,NGA,Technology,0.000,1989
Nigeria,NGA,Technology,2.222,1990
Nigeria,NGA,Technology,2.222,1991
Nigeria,NGA,Technology,2.222,1992
Nigeria,NGA,Technology,2.222,1993
Nigeria,NGA,Technology,2.222,1994
Nigeria,NGA,Technology,2.222,1995
Nigeria,NGA,Technology,2.222,1996
Nigeria,NGA,Technology,2.222,1997
Nigeria,NGA,Technology,2.222,1998
Nigeria,NGA,Technology,2.222,1999
Nigeria,NGA,Technology,2.222,2000
Nigeria,NGA,Technology,2.222,2001
Nigeria,NGA,Technology,2.222,2002
Nigeria,NGA,Technology,2.222,2003
Nigeria,NGA,Technology,2.222,2004
Nigeria,NGA,Technology,2.222,2005
Nigeria,NGA,Technology,2.222,2006
Nigeria,NGA,Technology,2.222,2007
Nigeria,NGA,Technology,2.222,2008
Nigeria,NGA,Technology,2.222,2009
Nigeria,NGA,Technology,2.222,2010
Nigeria,NGA,Technology,8.889,2011
Nigeria,NGA,Technology,2.222,2012
Nigeria,NGA,Technology,2.222,2013
Nigeria,NGA,Technology,35.556,2014
Nigeria,NGA,Technology,2.222,2015
Nigeria,NGA,Technology,2.222,2016
Nigeria,NGA,Technology,55.556,2017
Nigeria,NGA,Technology,2.222,2018
Nigeria,NGA,Technology,2.222,2019
Nigeria,NGA,Technology,2.222,2020
Nigeria,NGA,Technology,82.222,2021
Nigeria,NGA,Technology,2.222,2022
Nigeria,NGA,Technology,0.000,2023
Nigeria,NGA,Violence,0.000,1960
Nigeria,NGA,Violence,0.000,1961
Nigeria,NGA,Violence,0.000,1962
Nigeria,NGA,Violence,0.000,1963
Nigeria,NGA,Violence,0.000,1964
Nigeria,NGA,Violence,0.000,1965
Nigeria,NGA,Violence,0.000,1966
Nigeria,NGA,Violence,0.000,1967
Nigeria,NGA,Violence,0.000,1968
Nigeria,NGA,Violence,0.000,1969
Nigeria,NGA,Violence,2.143,1970
Nigeria,NGA,Violence,2.143,1971
Nigeria,NGA,Violence,2.143,1972
Nigeria,NGA,Violence,2.143,1973
Nigeria,NGA,Violence,2.143,1974
Nigeria,NGA,Violence,2.143,1975
Nigeria,NGA,Violence,2.143,1976
Nigeria,NGA,Violence,2.143,1977
Nigeria,NGA,Violence,2.143,1978
Nigeria,NGA,Violence,2.143,1979
Nigeria,NGA,Violence,2.143,1980
Nigeria,NGA,Violence,2.143,1981
Nigeria,NGA,Violence,2.143,1982
Nigeria,NGA,Violence,2.143,1983
Nigeria,NGA,Violence,2.143,1984
Nigeria,NGA,Violence,2.143,1985
Nigeria,NGA,Violence,2.143,1986
Nigeria,NGA,Violence,2.143,1987
Nigeria,NGA,Violence,2.143,1988
Nigeria,NGA,Violence,2.143,1989
Nigeria,NGA,Violence,5.000,1990
Nigeria,NGA,Violence,2.143,1991
Nigeria,NGA,Violence,2.143,1992
Nigeria,NGA,Violence,2.143,1993
Nigeria,NGA,Violence,2.143,1994
Nigeria,NGA,Violence,2.143,1995
Nigeria,NGA,Violence,2.143,1996
Nigeria,NGA,Violence,2.143,1997
Nigeria,NGA,Violence,2.143,1998
Nigeria,NGA,Violence,2.143,1999
Nigeria,NGA,Violence,4.286,2000
Nigeria,NGA,Violence,4.286,2001
Nigeria,NGA,Violence,4.286,2002
Nigeria,NGA,Violence,67.143,2003
Nigeria,NGA,Violence,4.286,2004
Nigeria,NGA,Violence,4.286,2005
Nigeria,NGA,Violence,4.286,2006
Nigeria,NGA,Violence,4.286,2007
Nigeria,NGA,Violence,69.286,2008
Nigeria,NGA,Violence,4.286,2009
Nigeria,NGA,Violence,4.286,2010
Nigeria,NGA,Violence,4.286,2011
Nigeria,NGA,Violence,4.286,2012
Nigeria,NGA,Violence,61.429,2013
Nigeria,NGA,Violence,4.286,2014
Nigeria,NGA,Violence,4.286,2015
Nigeria,NGA,Violence,5.000,2016
Nigeria,NGA,Violence,4.286,2017
Nigeria,NGA,Violence,62.143,2018
Nigeria,NGA,Violence,5.000,2019
Nigeria,NGA,Violence,2.143,2020
Nigeria,NGA,Violence,7.857,2021
Nigeria,NGA,Violence,2.143,2022
Nigeria,NGA,Violence,2.143,2023
Nigeria,NGA,Youth 15-24,4.587,1960
Nigeria,NGA,Youth 15-24,4.587,1961
Nigeria,NGA,Youth 15-24,4.587,1962
Nigeria,NGA,Youth 15-24,7.339,1963
Nigeria,NGA,Youth 15-24,4.587,1964
Nigeria,NGA,Youth 15-24,4.587,1965
Nigeria,NGA,Youth 15-24,4.587,1966
Nigeria,NGA,Youth 15-24,4.587,1967
Nigeria,NGA,Youth 15-24,4.587,1968
Nigeria,NGA,Youth 15-24,4.587,1969
Nigeria,NGA,Youth 15-24,14.679,1970
Nigeria,NGA,Youth 15-24,14.679,1971
Nigeria,NGA,Youth 15-24,14.679,1972
Nigeria,NGA,Youth 15-24,14.679,1973
Nigeria,NGA,Youth 15-24,4.587,1974
Nigeria,NGA,Youth 15-24,5.505,1975
Nigeria,NGA,Youth 15-24,5.505,1976
Nigeria,NGA,Youth 15-24,15.596,1977
Nigeria,NGA,Youth 15-24,15.596,1978
Nigeria,NGA,Youth 15-24,15.596,1979
Nigeria,NGA,Youth 15-24,15.596,1980
Nigeria,NGA,Youth 15-24,15.596,1981
Nigeria,NGA,Youth 15-24,15.596,1982
Nigeria,NGA,Youth 15-24,18.349,1983
Nigeria,NGA,Youth 15-24,15.596,1984
Nigeria,NGA,Youth 15-24,11.009,1985
Nigeria,NGA,Youth 15-24,20.183,1986
Nigeria,NGA,Youth 15-24,13.761,1987
Nigeria,NGA,Youth 15-24,8.257,1988
Nigeria,NGA,Youth 15-24,18.349,1989
Nigeria,NGA,Youth 15-24,21.101,1990
Nigeria,NGA,Youth 15-24,23.853,1991
Nigeria,NGA,Youth 15-24,13.761,1992
Nigeria,NGA,Youth 15-24,13.761,1993
Nigeria,NGA,Youth 15-24,13.761,1994
Nigeria,NGA,Youth 15-24,13.761,1995
Nigeria,NGA,Youth 15-24,13.761,1996
Nigeria,NGA,Youth 15-24,13.761,1997
Nigeria,NGA,Youth 15-24,13.761,1998
Nigeria,NGA,Youth 15-24,28.440,1999
Nigeria,NGA,Youth 15-24,22.018,2000
Nigeria,NGA,Youth 15-24,19.266,2001
Nigeria,NGA,Youth 15-24,19.266,2002
Nigeria,NGA,Youth 15-24,30.275,2003
Nigeria,NGA,Youth 15-24,25.688,2004
Nigeria,NGA,Youth 15-24,22.936,2005
Nigeria,NGA,Youth 15-24,40.367,2006
Nigeria,NGA,Youth 15-24,22.936,2007
Nigeria,NGA,Youth 15-24,34.862,2008
Nigeria,NGA,Youth 15-24,22.018,2009
Nigeria,NGA,Youth 15-24,22.936,2010
Nigeria,NGA,Youth 15-24,35.780,2011
Nigeria,NGA,Youth 15-24,19.266,2012
Nigeria,NGA,Youth 15-24,43.119,2013
Nigeria,NGA,Youth 15-24,20.183,2014
Nigeria,NGA,Youth 15-24,19.266,2015
Nigeria,NGA,Youth 15-24,37.615,2016
Nigeria,NGA,Youth 15-24,18.349,2017
Nigeria,NGA,Youth 15-24,43.119,2018
Nigeria,NGA,Youth 15-24,36.697,2019
Nigeria,NGA,Youth 15-24,16.514,2020
Nigeria,NGA,Youth 15-24,27.523,2021
Nigeria,NGA,Youth 15-24,36.697,2022
Nigeria,NGA,Youth 15-24,24.771,2023
