Country Name,Country Code,Topic,% of available indicators,Year
Senegal,SEN,Assets,0.000,1960
Senegal,SEN,Assets,0.000,1961
Senegal,SEN,Assets,0.000,1962
Senegal,SEN,Assets,0.000,1963
Senegal,SEN,Assets,0.000,1964
Senegal,SEN,Assets,0.000,1965
Senegal,SEN,Assets,0.000,1966
Senegal,SEN,Assets,0.000,1967
Senegal,SEN,Assets,0.000,1968
Senegal,SEN,Assets,0.000,1969
Senegal,SEN,Assets,2.208,1970
Senegal,SEN,Assets,2.208,1971
Senegal,SEN,Assets,2.208,1972
Senegal,SEN,Assets,2.208,1973
Senegal,SEN,Assets,2.208,1974
Senegal,SEN,Assets,2.208,1975
Senegal,SEN,Assets,2.208,1976
Senegal,SEN,Assets,2.208,1977
Senegal,SEN,Assets,2.208,1978
Senegal,SEN,Assets,2.208,1979
Senegal,SEN,Assets,2.208,1980
Senegal,SEN,Assets,2.208,1981
Senegal,SEN,Assets,2.208,1982
Senegal,SEN,Assets,2.208,1983
Senegal,SEN,Assets,2.208,1984
Senegal,SEN,Assets,2.208,1985
Senegal,SEN,Assets,2.208,1986
Senegal,SEN,Assets,2.208,1987
Senegal,SEN,Assets,2.208,1988
Senegal,SEN,Assets,2.208,1989
Senegal,SEN,Assets,2.208,1990
Senegal,SEN,Assets,2.208,1991
Senegal,SEN,Assets,2.208,1992
Senegal,SEN,Assets,2.208,1993
Senegal,SEN,Assets,2.208,1994
Senegal,SEN,Assets,2.208,1995
Senegal,SEN,Assets,2.208,1996
Senegal,SEN,Assets,2.208,1997
Senegal,SEN,Assets,2.208,1998
Senegal,SEN,Assets,2.208,1999
Senegal,SEN,Assets,2.208,2000
Senegal,SEN,Assets,2.208,2001
Senegal,SEN,Assets,2.208,2002
Senegal,SEN,Assets,2.208,2003
Senegal,SEN,Assets,2.208,2004
Senegal,SEN,Assets,2.208,2005
Senegal,SEN,Assets,2.208,2006
Senegal,SEN,Assets,2.208,2007
Senegal,SEN,Assets,2.208,2008
Senegal,SEN,Assets,2.208,2009
Senegal,SEN,Assets,2.208,2010
Senegal,SEN,Assets,41.956,2011
Senegal,SEN,Assets,2.208,2012
Senegal,SEN,Assets,17.350,2013
Senegal,SEN,Assets,61.830,2014
Senegal,SEN,Assets,32.492,2015
Senegal,SEN,Assets,32.492,2016
Senegal,SEN,Assets,64.353,2017
Senegal,SEN,Assets,32.492,2018
Senegal,SEN,Assets,32.492,2019
Senegal,SEN,Assets,2.208,2020
Senegal,SEN,Assets,63.091,2021
Senegal,SEN,Assets,2.208,2022
Senegal,SEN,Assets,2.208,2023
Senegal,SEN,Children 0-14,19.231,1960
Senegal,SEN,Children 0-14,19.231,1961
Senegal,SEN,Children 0-14,19.231,1962
Senegal,SEN,Children 0-14,19.231,1963
Senegal,SEN,Children 0-14,19.231,1964
Senegal,SEN,Children 0-14,19.231,1965
Senegal,SEN,Children 0-14,19.231,1966
Senegal,SEN,Children 0-14,19.231,1967
Senegal,SEN,Children 0-14,19.231,1968
Senegal,SEN,Children 0-14,19.231,1969
Senegal,SEN,Children 0-14,19.231,1970
Senegal,SEN,Children 0-14,28.462,1971
Senegal,SEN,Children 0-14,26.923,1972
Senegal,SEN,Children 0-14,26.923,1973
Senegal,SEN,Children 0-14,23.077,1974
Senegal,SEN,Children 0-14,23.077,1975
Senegal,SEN,Children 0-14,23.077,1976
Senegal,SEN,Children 0-14,23.846,1977
Senegal,SEN,Children 0-14,35.385,1978
Senegal,SEN,Children 0-14,36.923,1979
Senegal,SEN,Children 0-14,38.462,1980
Senegal,SEN,Children 0-14,38.462,1981
Senegal,SEN,Children 0-14,38.462,1982
Senegal,SEN,Children 0-14,38.462,1983
Senegal,SEN,Children 0-14,36.923,1984
Senegal,SEN,Children 0-14,36.154,1985
Senegal,SEN,Children 0-14,45.385,1986
Senegal,SEN,Children 0-14,28.462,1987
Senegal,SEN,Children 0-14,40.000,1988
Senegal,SEN,Children 0-14,35.385,1989
Senegal,SEN,Children 0-14,40.000,1990
Senegal,SEN,Children 0-14,30.000,1991
Senegal,SEN,Children 0-14,40.000,1992
Senegal,SEN,Children 0-14,40.000,1993
Senegal,SEN,Children 0-14,33.077,1994
Senegal,SEN,Children 0-14,26.154,1995
Senegal,SEN,Children 0-14,53.077,1996
Senegal,SEN,Children 0-14,43.846,1997
Senegal,SEN,Children 0-14,37.692,1998
Senegal,SEN,Children 0-14,36.923,1999
Senegal,SEN,Children 0-14,66.923,2000
Senegal,SEN,Children 0-14,33.846,2001
Senegal,SEN,Children 0-14,33.846,2002
Senegal,SEN,Children 0-14,41.538,2003
Senegal,SEN,Children 0-14,46.154,2004
Senegal,SEN,Children 0-14,65.385,2005
Senegal,SEN,Children 0-14,46.923,2006
Senegal,SEN,Children 0-14,46.154,2007
Senegal,SEN,Children 0-14,45.385,2008
Senegal,SEN,Children 0-14,41.538,2009
Senegal,SEN,Children 0-14,60.769,2010
Senegal,SEN,Children 0-14,70.769,2011
Senegal,SEN,Children 0-14,60.769,2012
Senegal,SEN,Children 0-14,69.231,2013
Senegal,SEN,Children 0-14,72.308,2014
Senegal,SEN,Children 0-14,83.077,2015
Senegal,SEN,Children 0-14,58.462,2016
Senegal,SEN,Children 0-14,67.692,2017
Senegal,SEN,Children 0-14,60.769,2018
Senegal,SEN,Children 0-14,76.154,2019
Senegal,SEN,Children 0-14,37.692,2020
Senegal,SEN,Children 0-14,35.385,2021
Senegal,SEN,Children 0-14,36.923,2022
Senegal,SEN,Children 0-14,19.231,2023
Senegal,SEN,Education,0.000,1960
Senegal,SEN,Education,0.000,1961
Senegal,SEN,Education,0.000,1962
Senegal,SEN,Education,0.000,1963
Senegal,SEN,Education,0.000,1964
Senegal,SEN,Education,0.000,1965
Senegal,SEN,Education,0.000,1966
Senegal,SEN,Education,0.000,1967
Senegal,SEN,Education,0.000,1968
Senegal,SEN,Education,0.000,1969
Senegal,SEN,Education,0.000,1970
Senegal,SEN,Education,19.018,1971
Senegal,SEN,Education,18.405,1972
Senegal,SEN,Education,6.135,1973
Senegal,SEN,Education,3.067,1974
Senegal,SEN,Education,3.067,1975
Senegal,SEN,Education,3.067,1976
Senegal,SEN,Education,6.135,1977
Senegal,SEN,Education,25.767,1978
Senegal,SEN,Education,22.086,1979
Senegal,SEN,Education,27.607,1980
Senegal,SEN,Education,27.607,1981
Senegal,SEN,Education,27.607,1982
Senegal,SEN,Education,24.540,1983
Senegal,SEN,Education,26.380,1984
Senegal,SEN,Education,26.380,1985
Senegal,SEN,Education,22.699,1986
Senegal,SEN,Education,9.202,1987
Senegal,SEN,Education,30.061,1988
Senegal,SEN,Education,20.245,1989
Senegal,SEN,Education,22.699,1990
Senegal,SEN,Education,5.521,1991
Senegal,SEN,Education,27.607,1992
Senegal,SEN,Education,5.521,1993
Senegal,SEN,Education,10.429,1994
Senegal,SEN,Education,6.748,1995
Senegal,SEN,Education,26.380,1996
Senegal,SEN,Education,24.540,1997
Senegal,SEN,Education,25.767,1998
Senegal,SEN,Education,25.153,1999
Senegal,SEN,Education,29.448,2000
Senegal,SEN,Education,23.313,2001
Senegal,SEN,Education,30.061,2002
Senegal,SEN,Education,19.632,2003
Senegal,SEN,Education,37.423,2004
Senegal,SEN,Education,41.104,2005
Senegal,SEN,Education,47.853,2006
Senegal,SEN,Education,25.153,2007
Senegal,SEN,Education,37.423,2008
Senegal,SEN,Education,29.448,2009
Senegal,SEN,Education,43.558,2010
Senegal,SEN,Education,63.190,2011
Senegal,SEN,Education,42.331,2012
Senegal,SEN,Education,63.804,2013
Senegal,SEN,Education,53.374,2014
Senegal,SEN,Education,46.012,2015
Senegal,SEN,Education,33.742,2016
Senegal,SEN,Education,60.736,2017
Senegal,SEN,Education,41.718,2018
Senegal,SEN,Education,38.037,2019
Senegal,SEN,Education,31.288,2020
Senegal,SEN,Education,22.086,2021
Senegal,SEN,Education,39.264,2022
Senegal,SEN,Education,15.951,2023
Senegal,SEN,Employment and Time Use,0.000,1960
Senegal,SEN,Employment and Time Use,0.000,1961
Senegal,SEN,Employment and Time Use,0.000,1962
Senegal,SEN,Employment and Time Use,0.000,1963
Senegal,SEN,Employment and Time Use,0.000,1964
Senegal,SEN,Employment and Time Use,0.000,1965
Senegal,SEN,Employment and Time Use,0.000,1966
Senegal,SEN,Employment and Time Use,0.000,1967
Senegal,SEN,Employment and Time Use,0.000,1968
Senegal,SEN,Employment and Time Use,0.000,1969
Senegal,SEN,Employment and Time Use,21.168,1970
Senegal,SEN,Employment and Time Use,21.168,1971
Senegal,SEN,Employment and Time Use,21.168,1972
Senegal,SEN,Employment and Time Use,21.168,1973
Senegal,SEN,Employment and Time Use,21.168,1974
Senegal,SEN,Employment and Time Use,21.168,1975
Senegal,SEN,Employment and Time Use,21.168,1976
Senegal,SEN,Employment and Time Use,21.168,1977
Senegal,SEN,Employment and Time Use,21.168,1978
Senegal,SEN,Employment and Time Use,21.168,1979
Senegal,SEN,Employment and Time Use,21.168,1980
Senegal,SEN,Employment and Time Use,21.168,1981
Senegal,SEN,Employment and Time Use,21.168,1982
Senegal,SEN,Employment and Time Use,21.168,1983
Senegal,SEN,Employment and Time Use,21.168,1984
Senegal,SEN,Employment and Time Use,21.168,1985
Senegal,SEN,Employment and Time Use,21.168,1986
Senegal,SEN,Employment and Time Use,21.168,1987
Senegal,SEN,Employment and Time Use,26.277,1988
Senegal,SEN,Employment and Time Use,21.168,1989
Senegal,SEN,Employment and Time Use,31.387,1990
Senegal,SEN,Employment and Time Use,61.314,1991
Senegal,SEN,Employment and Time Use,56.204,1992
Senegal,SEN,Employment and Time Use,56.204,1993
Senegal,SEN,Employment and Time Use,56.204,1994
Senegal,SEN,Employment and Time Use,56.204,1995
Senegal,SEN,Employment and Time Use,56.204,1996
Senegal,SEN,Employment and Time Use,56.204,1997
Senegal,SEN,Employment and Time Use,56.204,1998
Senegal,SEN,Employment and Time Use,56.204,1999
Senegal,SEN,Employment and Time Use,56.204,2000
Senegal,SEN,Employment and Time Use,56.204,2001
Senegal,SEN,Employment and Time Use,60.584,2002
Senegal,SEN,Employment and Time Use,56.204,2003
Senegal,SEN,Employment and Time Use,56.204,2004
Senegal,SEN,Employment and Time Use,58.394,2005
Senegal,SEN,Employment and Time Use,70.803,2006
Senegal,SEN,Employment and Time Use,56.204,2007
Senegal,SEN,Employment and Time Use,56.204,2008
Senegal,SEN,Employment and Time Use,56.204,2009
Senegal,SEN,Employment and Time Use,56.204,2010
Senegal,SEN,Employment and Time Use,89.781,2011
Senegal,SEN,Employment and Time Use,56.204,2012
Senegal,SEN,Employment and Time Use,56.204,2013
Senegal,SEN,Employment and Time Use,56.204,2014
Senegal,SEN,Employment and Time Use,92.701,2015
Senegal,SEN,Employment and Time Use,90.511,2016
Senegal,SEN,Employment and Time Use,89.781,2017
Senegal,SEN,Employment and Time Use,56.204,2018
Senegal,SEN,Employment and Time Use,90.511,2019
Senegal,SEN,Employment and Time Use,56.204,2020
Senegal,SEN,Employment and Time Use,56.204,2021
Senegal,SEN,Employment and Time Use,86.861,2022
Senegal,SEN,Employment and Time Use,60.584,2023
Senegal,SEN,Entrepreneurship,0.000,1960
Senegal,SEN,Entrepreneurship,0.000,1961
Senegal,SEN,Entrepreneurship,0.000,1962
Senegal,SEN,Entrepreneurship,0.000,1963
Senegal,SEN,Entrepreneurship,0.000,1964
Senegal,SEN,Entrepreneurship,0.000,1965
Senegal,SEN,Entrepreneurship,0.000,1966
Senegal,SEN,Entrepreneurship,0.000,1967
Senegal,SEN,Entrepreneurship,0.000,1968
Senegal,SEN,Entrepreneurship,0.000,1969
Senegal,SEN,Entrepreneurship,9.375,1970
Senegal,SEN,Entrepreneurship,9.375,1971
Senegal,SEN,Entrepreneurship,9.375,1972
Senegal,SEN,Entrepreneurship,9.375,1973
Senegal,SEN,Entrepreneurship,9.375,1974
Senegal,SEN,Entrepreneurship,9.375,1975
Senegal,SEN,Entrepreneurship,9.375,1976
Senegal,SEN,Entrepreneurship,9.375,1977
Senegal,SEN,Entrepreneurship,9.375,1978
Senegal,SEN,Entrepreneurship,9.375,1979
Senegal,SEN,Entrepreneurship,9.375,1980
Senegal,SEN,Entrepreneurship,9.375,1981
Senegal,SEN,Entrepreneurship,9.375,1982
Senegal,SEN,Entrepreneurship,9.375,1983
Senegal,SEN,Entrepreneurship,9.375,1984
Senegal,SEN,Entrepreneurship,9.375,1985
Senegal,SEN,Entrepreneurship,9.375,1986
Senegal,SEN,Entrepreneurship,9.375,1987
Senegal,SEN,Entrepreneurship,9.375,1988
Senegal,SEN,Entrepreneurship,9.375,1989
Senegal,SEN,Entrepreneurship,9.375,1990
Senegal,SEN,Entrepreneurship,9.375,1991
Senegal,SEN,Entrepreneurship,9.375,1992
Senegal,SEN,Entrepreneurship,9.375,1993
Senegal,SEN,Entrepreneurship,9.375,1994
Senegal,SEN,Entrepreneurship,9.375,1995
Senegal,SEN,Entrepreneurship,9.375,1996
Senegal,SEN,Entrepreneurship,9.375,1997
Senegal,SEN,Entrepreneurship,9.375,1998
Senegal,SEN,Entrepreneurship,9.375,1999
Senegal,SEN,Entrepreneurship,9.375,2000
Senegal,SEN,Entrepreneurship,9.375,2001
Senegal,SEN,Entrepreneurship,9.375,2002
Senegal,SEN,Entrepreneurship,37.500,2003
Senegal,SEN,Entrepreneurship,37.500,2004
Senegal,SEN,Entrepreneurship,37.500,2005
Senegal,SEN,Entrepreneurship,37.500,2006
Senegal,SEN,Entrepreneurship,40.625,2007
Senegal,SEN,Entrepreneurship,37.500,2008
Senegal,SEN,Entrepreneurship,37.500,2009
Senegal,SEN,Entrepreneurship,37.500,2010
Senegal,SEN,Entrepreneurship,37.500,2011
Senegal,SEN,Entrepreneurship,37.500,2012
Senegal,SEN,Entrepreneurship,37.500,2013
Senegal,SEN,Entrepreneurship,75.000,2014
Senegal,SEN,Entrepreneurship,50.000,2015
Senegal,SEN,Entrepreneurship,50.000,2016
Senegal,SEN,Entrepreneurship,68.750,2017
Senegal,SEN,Entrepreneurship,50.000,2018
Senegal,SEN,Entrepreneurship,50.000,2019
Senegal,SEN,Entrepreneurship,21.875,2020
Senegal,SEN,Entrepreneurship,21.875,2021
Senegal,SEN,Entrepreneurship,21.875,2022
Senegal,SEN,Entrepreneurship,9.375,2023
Senegal,SEN,Environment,0.000,1960
Senegal,SEN,Environment,0.000,1961
Senegal,SEN,Environment,0.000,1962
Senegal,SEN,Environment,0.000,1963
Senegal,SEN,Environment,0.000,1964
Senegal,SEN,Environment,0.000,1965
Senegal,SEN,Environment,0.000,1966
Senegal,SEN,Environment,0.000,1967
Senegal,SEN,Environment,0.000,1968
Senegal,SEN,Environment,0.000,1969
Senegal,SEN,Environment,0.000,1970
Senegal,SEN,Environment,0.000,1971
Senegal,SEN,Environment,0.000,1972
Senegal,SEN,Environment,0.000,1973
Senegal,SEN,Environment,0.000,1974
Senegal,SEN,Environment,0.000,1975
Senegal,SEN,Environment,0.000,1976
Senegal,SEN,Environment,0.000,1977
Senegal,SEN,Environment,0.000,1978
Senegal,SEN,Environment,0.000,1979
Senegal,SEN,Environment,0.000,1980
Senegal,SEN,Environment,0.000,1981
Senegal,SEN,Environment,0.000,1982
Senegal,SEN,Environment,0.000,1983
Senegal,SEN,Environment,0.000,1984
Senegal,SEN,Environment,0.000,1985
Senegal,SEN,Environment,0.000,1986
Senegal,SEN,Environment,0.000,1987
Senegal,SEN,Environment,0.000,1988
Senegal,SEN,Environment,0.000,1989
Senegal,SEN,Environment,0.000,1990
Senegal,SEN,Environment,0.000,1991
Senegal,SEN,Environment,0.000,1992
Senegal,SEN,Environment,10.000,1993
Senegal,SEN,Environment,0.000,1994
Senegal,SEN,Environment,0.000,1995
Senegal,SEN,Environment,0.000,1996
Senegal,SEN,Environment,10.000,1997
Senegal,SEN,Environment,0.000,1998
Senegal,SEN,Environment,0.000,1999
Senegal,SEN,Environment,10.000,2000
Senegal,SEN,Environment,10.000,2001
Senegal,SEN,Environment,10.000,2002
Senegal,SEN,Environment,10.000,2003
Senegal,SEN,Environment,10.000,2004
Senegal,SEN,Environment,36.667,2005
Senegal,SEN,Environment,26.667,2006
Senegal,SEN,Environment,10.000,2007
Senegal,SEN,Environment,10.000,2008
Senegal,SEN,Environment,26.667,2009
Senegal,SEN,Environment,10.000,2010
Senegal,SEN,Environment,50.000,2011
Senegal,SEN,Environment,10.000,2012
Senegal,SEN,Environment,50.000,2013
Senegal,SEN,Environment,60.000,2014
Senegal,SEN,Environment,50.000,2015
Senegal,SEN,Environment,50.000,2016
Senegal,SEN,Environment,63.333,2017
Senegal,SEN,Environment,50.000,2018
Senegal,SEN,Environment,73.333,2019
Senegal,SEN,Environment,10.000,2020
Senegal,SEN,Environment,46.667,2021
Senegal,SEN,Environment,10.000,2022
Senegal,SEN,Environment,0.000,2023
Senegal,SEN,Health,8.586,1960
Senegal,SEN,Health,8.586,1961
Senegal,SEN,Health,8.586,1962
Senegal,SEN,Health,8.586,1963
Senegal,SEN,Health,8.586,1964
Senegal,SEN,Health,8.586,1965
Senegal,SEN,Health,8.586,1966
Senegal,SEN,Health,8.586,1967
Senegal,SEN,Health,8.586,1968
Senegal,SEN,Health,8.586,1969
Senegal,SEN,Health,8.586,1970
Senegal,SEN,Health,8.586,1971
Senegal,SEN,Health,8.586,1972
Senegal,SEN,Health,8.586,1973
Senegal,SEN,Health,8.586,1974
Senegal,SEN,Health,11.111,1975
Senegal,SEN,Health,11.111,1976
Senegal,SEN,Health,11.111,1977
Senegal,SEN,Health,12.121,1978
Senegal,SEN,Health,11.111,1979
Senegal,SEN,Health,11.111,1980
Senegal,SEN,Health,11.111,1981
Senegal,SEN,Health,11.111,1982
Senegal,SEN,Health,11.111,1983
Senegal,SEN,Health,11.111,1984
Senegal,SEN,Health,11.111,1985
Senegal,SEN,Health,22.222,1986
Senegal,SEN,Health,12.121,1987
Senegal,SEN,Health,12.121,1988
Senegal,SEN,Health,12.121,1989
Senegal,SEN,Health,17.172,1990
Senegal,SEN,Health,18.687,1991
Senegal,SEN,Health,16.667,1992
Senegal,SEN,Health,35.354,1993
Senegal,SEN,Health,16.667,1994
Senegal,SEN,Health,16.667,1995
Senegal,SEN,Health,24.242,1996
Senegal,SEN,Health,27.273,1997
Senegal,SEN,Health,16.667,1998
Senegal,SEN,Health,18.182,1999
Senegal,SEN,Health,66.162,2000
Senegal,SEN,Health,31.818,2001
Senegal,SEN,Health,32.323,2002
Senegal,SEN,Health,31.818,2003
Senegal,SEN,Health,32.323,2004
Senegal,SEN,Health,62.626,2005
Senegal,SEN,Health,33.333,2006
Senegal,SEN,Health,31.818,2007
Senegal,SEN,Health,31.818,2008
Senegal,SEN,Health,33.333,2009
Senegal,SEN,Health,60.606,2010
Senegal,SEN,Health,61.111,2011
Senegal,SEN,Health,39.394,2012
Senegal,SEN,Health,53.535,2013
Senegal,SEN,Health,62.626,2014
Senegal,SEN,Health,85.859,2015
Senegal,SEN,Health,61.616,2016
Senegal,SEN,Health,65.152,2017
Senegal,SEN,Health,62.121,2018
Senegal,SEN,Health,82.828,2019
Senegal,SEN,Health,28.283,2020
Senegal,SEN,Health,21.717,2021
Senegal,SEN,Health,17.677,2022
Senegal,SEN,Health,5.051,2023
Senegal,SEN,Leadership,0.000,1960
Senegal,SEN,Leadership,0.000,1961
Senegal,SEN,Leadership,0.000,1962
Senegal,SEN,Leadership,0.000,1963
Senegal,SEN,Leadership,0.000,1964
Senegal,SEN,Leadership,0.000,1965
Senegal,SEN,Leadership,0.000,1966
Senegal,SEN,Leadership,0.000,1967
Senegal,SEN,Leadership,0.000,1968
Senegal,SEN,Leadership,0.000,1969
Senegal,SEN,Leadership,0.000,1970
Senegal,SEN,Leadership,0.000,1971
Senegal,SEN,Leadership,0.000,1972
Senegal,SEN,Leadership,0.000,1973
Senegal,SEN,Leadership,0.000,1974
Senegal,SEN,Leadership,0.000,1975
Senegal,SEN,Leadership,0.000,1976
Senegal,SEN,Leadership,0.000,1977
Senegal,SEN,Leadership,0.000,1978
Senegal,SEN,Leadership,0.000,1979
Senegal,SEN,Leadership,0.000,1980
Senegal,SEN,Leadership,0.000,1981
Senegal,SEN,Leadership,0.000,1982
Senegal,SEN,Leadership,0.000,1983
Senegal,SEN,Leadership,0.000,1984
Senegal,SEN,Leadership,0.000,1985
Senegal,SEN,Leadership,0.000,1986
Senegal,SEN,Leadership,0.000,1987
Senegal,SEN,Leadership,0.000,1988
Senegal,SEN,Leadership,0.000,1989
Senegal,SEN,Leadership,0.000,1990
Senegal,SEN,Leadership,0.000,1991
Senegal,SEN,Leadership,0.000,1992
Senegal,SEN,Leadership,0.000,1993
Senegal,SEN,Leadership,0.000,1994
Senegal,SEN,Leadership,0.000,1995
Senegal,SEN,Leadership,0.000,1996
Senegal,SEN,Leadership,25.000,1997
Senegal,SEN,Leadership,25.000,1998
Senegal,SEN,Leadership,25.000,1999
Senegal,SEN,Leadership,25.000,2000
Senegal,SEN,Leadership,25.000,2001
Senegal,SEN,Leadership,25.000,2002
Senegal,SEN,Leadership,25.000,2003
Senegal,SEN,Leadership,25.000,2004
Senegal,SEN,Leadership,50.000,2005
Senegal,SEN,Leadership,25.000,2006
Senegal,SEN,Leadership,25.000,2007
Senegal,SEN,Leadership,50.000,2008
Senegal,SEN,Leadership,25.000,2009
Senegal,SEN,Leadership,50.000,2010
Senegal,SEN,Leadership,25.000,2011
Senegal,SEN,Leadership,50.000,2012
Senegal,SEN,Leadership,25.000,2013
Senegal,SEN,Leadership,75.000,2014
Senegal,SEN,Leadership,75.000,2015
Senegal,SEN,Leadership,75.000,2016
Senegal,SEN,Leadership,25.000,2017
Senegal,SEN,Leadership,50.000,2018
Senegal,SEN,Leadership,75.000,2019
Senegal,SEN,Leadership,50.000,2020
Senegal,SEN,Leadership,25.000,2021
Senegal,SEN,Leadership,75.000,2022
Senegal,SEN,Leadership,25.000,2023
Senegal,SEN,Norms and Decision-making,0.000,1960
Senegal,SEN,Norms and Decision-making,1.481,1961
Senegal,SEN,Norms and Decision-making,0.000,1962
Senegal,SEN,Norms and Decision-making,0.000,1963
Senegal,SEN,Norms and Decision-making,0.000,1964
Senegal,SEN,Norms and Decision-making,0.000,1965
Senegal,SEN,Norms and Decision-making,0.000,1966
Senegal,SEN,Norms and Decision-making,0.000,1967
Senegal,SEN,Norms and Decision-making,0.000,1968
Senegal,SEN,Norms and Decision-making,0.000,1969
Senegal,SEN,Norms and Decision-making,12.593,1970
Senegal,SEN,Norms and Decision-making,14.074,1971
Senegal,SEN,Norms and Decision-making,12.593,1972
Senegal,SEN,Norms and Decision-making,12.593,1973
Senegal,SEN,Norms and Decision-making,12.593,1974
Senegal,SEN,Norms and Decision-making,12.593,1975
Senegal,SEN,Norms and Decision-making,12.593,1976
Senegal,SEN,Norms and Decision-making,12.593,1977
Senegal,SEN,Norms and Decision-making,13.333,1978
Senegal,SEN,Norms and Decision-making,12.593,1979
Senegal,SEN,Norms and Decision-making,12.593,1980
Senegal,SEN,Norms and Decision-making,12.593,1981
Senegal,SEN,Norms and Decision-making,12.593,1982
Senegal,SEN,Norms and Decision-making,12.593,1983
Senegal,SEN,Norms and Decision-making,12.593,1984
Senegal,SEN,Norms and Decision-making,12.593,1985
Senegal,SEN,Norms and Decision-making,17.778,1986
Senegal,SEN,Norms and Decision-making,12.593,1987
Senegal,SEN,Norms and Decision-making,14.074,1988
Senegal,SEN,Norms and Decision-making,12.593,1989
Senegal,SEN,Norms and Decision-making,12.593,1990
Senegal,SEN,Norms and Decision-making,12.593,1991
Senegal,SEN,Norms and Decision-making,12.593,1992
Senegal,SEN,Norms and Decision-making,21.481,1993
Senegal,SEN,Norms and Decision-making,12.593,1994
Senegal,SEN,Norms and Decision-making,12.593,1995
Senegal,SEN,Norms and Decision-making,12.593,1996
Senegal,SEN,Norms and Decision-making,20.741,1997
Senegal,SEN,Norms and Decision-making,12.593,1998
Senegal,SEN,Norms and Decision-making,13.333,1999
Senegal,SEN,Norms and Decision-making,15.556,2000
Senegal,SEN,Norms and Decision-making,12.593,2001
Senegal,SEN,Norms and Decision-making,14.074,2002
Senegal,SEN,Norms and Decision-making,12.593,2003
Senegal,SEN,Norms and Decision-making,12.593,2004
Senegal,SEN,Norms and Decision-making,98.519,2005
Senegal,SEN,Norms and Decision-making,12.593,2006
Senegal,SEN,Norms and Decision-making,12.593,2007
Senegal,SEN,Norms and Decision-making,12.593,2008
Senegal,SEN,Norms and Decision-making,12.593,2009
Senegal,SEN,Norms and Decision-making,12.593,2010
Senegal,SEN,Norms and Decision-making,74.074,2011
Senegal,SEN,Norms and Decision-making,12.593,2012
Senegal,SEN,Norms and Decision-making,60.741,2013
Senegal,SEN,Norms and Decision-making,74.815,2014
Senegal,SEN,Norms and Decision-making,75.556,2015
Senegal,SEN,Norms and Decision-making,75.556,2016
Senegal,SEN,Norms and Decision-making,76.296,2017
Senegal,SEN,Norms and Decision-making,65.185,2018
Senegal,SEN,Norms and Decision-making,65.185,2019
Senegal,SEN,Norms and Decision-making,12.593,2020
Senegal,SEN,Norms and Decision-making,12.593,2021
Senegal,SEN,Norms and Decision-making,12.593,2022
Senegal,SEN,Norms and Decision-making,15.556,2023
Senegal,SEN,Population,86.905,1960
Senegal,SEN,Population,89.286,1961
Senegal,SEN,Population,86.905,1962
Senegal,SEN,Population,86.905,1963
Senegal,SEN,Population,86.905,1964
Senegal,SEN,Population,86.905,1965
Senegal,SEN,Population,86.905,1966
Senegal,SEN,Population,86.905,1967
Senegal,SEN,Population,86.905,1968
Senegal,SEN,Population,86.905,1969
Senegal,SEN,Population,86.905,1970
Senegal,SEN,Population,89.286,1971
Senegal,SEN,Population,86.905,1972
Senegal,SEN,Population,86.905,1973
Senegal,SEN,Population,86.905,1974
Senegal,SEN,Population,86.905,1975
Senegal,SEN,Population,86.905,1976
Senegal,SEN,Population,86.905,1977
Senegal,SEN,Population,88.095,1978
Senegal,SEN,Population,86.905,1979
Senegal,SEN,Population,91.667,1980
Senegal,SEN,Population,86.905,1981
Senegal,SEN,Population,86.905,1982
Senegal,SEN,Population,86.905,1983
Senegal,SEN,Population,86.905,1984
Senegal,SEN,Population,91.667,1985
Senegal,SEN,Population,88.095,1986
Senegal,SEN,Population,86.905,1987
Senegal,SEN,Population,89.286,1988
Senegal,SEN,Population,86.905,1989
Senegal,SEN,Population,92.857,1990
Senegal,SEN,Population,86.905,1991
Senegal,SEN,Population,86.905,1992
Senegal,SEN,Population,90.476,1993
Senegal,SEN,Population,86.905,1994
Senegal,SEN,Population,92.857,1995
Senegal,SEN,Population,86.905,1996
Senegal,SEN,Population,89.286,1997
Senegal,SEN,Population,86.905,1998
Senegal,SEN,Population,88.095,1999
Senegal,SEN,Population,95.238,2000
Senegal,SEN,Population,86.905,2001
Senegal,SEN,Population,89.286,2002
Senegal,SEN,Population,86.905,2003
Senegal,SEN,Population,86.905,2004
Senegal,SEN,Population,100.000,2005
Senegal,SEN,Population,88.095,2006
Senegal,SEN,Population,86.905,2007
Senegal,SEN,Population,86.905,2008
Senegal,SEN,Population,88.095,2009
Senegal,SEN,Population,92.857,2010
Senegal,SEN,Population,94.048,2011
Senegal,SEN,Population,86.905,2012
Senegal,SEN,Population,94.048,2013
Senegal,SEN,Population,94.048,2014
Senegal,SEN,Population,100.000,2015
Senegal,SEN,Population,94.048,2016
Senegal,SEN,Population,94.048,2017
Senegal,SEN,Population,91.667,2018
Senegal,SEN,Population,91.667,2019
Senegal,SEN,Population,88.095,2020
Senegal,SEN,Population,88.095,2021
Senegal,SEN,Population,86.905,2022
Senegal,SEN,Population,77.381,2023
Senegal,SEN,SDGs,2.685,1960
Senegal,SEN,SDGs,2.685,1961
Senegal,SEN,SDGs,2.685,1962
Senegal,SEN,SDGs,2.685,1963
Senegal,SEN,SDGs,2.685,1964
Senegal,SEN,SDGs,2.685,1965
Senegal,SEN,SDGs,2.685,1966
Senegal,SEN,SDGs,2.685,1967
Senegal,SEN,SDGs,2.685,1968
Senegal,SEN,SDGs,2.685,1969
Senegal,SEN,SDGs,11.409,1970
Senegal,SEN,SDGs,11.409,1971
Senegal,SEN,SDGs,11.409,1972
Senegal,SEN,SDGs,11.409,1973
Senegal,SEN,SDGs,11.409,1974
Senegal,SEN,SDGs,11.409,1975
Senegal,SEN,SDGs,11.409,1976
Senegal,SEN,SDGs,11.409,1977
Senegal,SEN,SDGs,11.409,1978
Senegal,SEN,SDGs,11.409,1979
Senegal,SEN,SDGs,11.409,1980
Senegal,SEN,SDGs,11.409,1981
Senegal,SEN,SDGs,11.409,1982
Senegal,SEN,SDGs,11.409,1983
Senegal,SEN,SDGs,11.409,1984
Senegal,SEN,SDGs,11.409,1985
Senegal,SEN,SDGs,14.094,1986
Senegal,SEN,SDGs,12.081,1987
Senegal,SEN,SDGs,12.081,1988
Senegal,SEN,SDGs,12.081,1989
Senegal,SEN,SDGs,16.107,1990
Senegal,SEN,SDGs,20.134,1991
Senegal,SEN,SDGs,20.134,1992
Senegal,SEN,SDGs,23.490,1993
Senegal,SEN,SDGs,20.134,1994
Senegal,SEN,SDGs,20.134,1995
Senegal,SEN,SDGs,20.134,1996
Senegal,SEN,SDGs,23.490,1997
Senegal,SEN,SDGs,20.805,1998
Senegal,SEN,SDGs,21.477,1999
Senegal,SEN,SDGs,66.443,2000
Senegal,SEN,SDGs,33.557,2001
Senegal,SEN,SDGs,35.570,2002
Senegal,SEN,SDGs,33.557,2003
Senegal,SEN,SDGs,34.228,2004
Senegal,SEN,SDGs,42.953,2005
Senegal,SEN,SDGs,37.584,2006
Senegal,SEN,SDGs,33.557,2007
Senegal,SEN,SDGs,33.557,2008
Senegal,SEN,SDGs,33.557,2009
Senegal,SEN,SDGs,65.772,2010
Senegal,SEN,SDGs,46.980,2011
Senegal,SEN,SDGs,33.557,2012
Senegal,SEN,SDGs,36.242,2013
Senegal,SEN,SDGs,44.295,2014
Senegal,SEN,SDGs,77.181,2015
Senegal,SEN,SDGs,44.966,2016
Senegal,SEN,SDGs,47.651,2017
Senegal,SEN,SDGs,44.295,2018
Senegal,SEN,SDGs,80.537,2019
Senegal,SEN,SDGs,27.517,2020
Senegal,SEN,SDGs,24.832,2021
Senegal,SEN,SDGs,26.846,2022
Senegal,SEN,SDGs,18.121,2023
Senegal,SEN,Technology,0.000,1960
Senegal,SEN,Technology,0.000,1961
Senegal,SEN,Technology,0.000,1962
Senegal,SEN,Technology,0.000,1963
Senegal,SEN,Technology,0.000,1964
Senegal,SEN,Technology,0.000,1965
Senegal,SEN,Technology,0.000,1966
Senegal,SEN,Technology,0.000,1967
Senegal,SEN,Technology,0.000,1968
Senegal,SEN,Technology,0.000,1969
Senegal,SEN,Technology,0.000,1970
Senegal,SEN,Technology,0.000,1971
Senegal,SEN,Technology,0.000,1972
Senegal,SEN,Technology,0.000,1973
Senegal,SEN,Technology,0.000,1974
Senegal,SEN,Technology,0.000,1975
Senegal,SEN,Technology,0.000,1976
Senegal,SEN,Technology,0.000,1977
Senegal,SEN,Technology,0.000,1978
Senegal,SEN,Technology,0.000,1979
Senegal,SEN,Technology,0.000,1980
Senegal,SEN,Technology,0.000,1981
Senegal,SEN,Technology,0.000,1982
Senegal,SEN,Technology,0.000,1983
Senegal,SEN,Technology,0.000,1984
Senegal,SEN,Technology,0.000,1985
Senegal,SEN,Technology,0.000,1986
Senegal,SEN,Technology,0.000,1987
Senegal,SEN,Technology,0.000,1988
Senegal,SEN,Technology,0.000,1989
Senegal,SEN,Technology,2.222,1990
Senegal,SEN,Technology,2.222,1991
Senegal,SEN,Technology,2.222,1992
Senegal,SEN,Technology,2.222,1993
Senegal,SEN,Technology,2.222,1994
Senegal,SEN,Technology,2.222,1995
Senegal,SEN,Technology,2.222,1996
Senegal,SEN,Technology,2.222,1997
Senegal,SEN,Technology,2.222,1998
Senegal,SEN,Technology,2.222,1999
Senegal,SEN,Technology,2.222,2000
Senegal,SEN,Technology,2.222,2001
Senegal,SEN,Technology,2.222,2002
Senegal,SEN,Technology,2.222,2003
Senegal,SEN,Technology,2.222,2004
Senegal,SEN,Technology,2.222,2005
Senegal,SEN,Technology,2.222,2006
Senegal,SEN,Technology,2.222,2007
Senegal,SEN,Technology,2.222,2008
Senegal,SEN,Technology,6.667,2009
Senegal,SEN,Technology,2.222,2010
Senegal,SEN,Technology,8.889,2011
Senegal,SEN,Technology,2.222,2012
Senegal,SEN,Technology,2.222,2013
Senegal,SEN,Technology,35.556,2014
Senegal,SEN,Technology,2.222,2015
Senegal,SEN,Technology,2.222,2016
Senegal,SEN,Technology,55.556,2017
Senegal,SEN,Technology,2.222,2018
Senegal,SEN,Technology,2.222,2019
Senegal,SEN,Technology,2.222,2020
Senegal,SEN,Technology,82.222,2021
Senegal,SEN,Technology,2.222,2022
Senegal,SEN,Technology,0.000,2023
Senegal,SEN,Violence,0.000,1960
Senegal,SEN,Violence,0.000,1961
Senegal,SEN,Violence,0.000,1962
Senegal,SEN,Violence,0.000,1963
Senegal,SEN,Violence,0.000,1964
Senegal,SEN,Violence,0.000,1965
Senegal,SEN,Violence,0.000,1966
Senegal,SEN,Violence,0.000,1967
Senegal,SEN,Violence,0.000,1968
Senegal,SEN,Violence,0.000,1969
Senegal,SEN,Violence,2.143,1970
Senegal,SEN,Violence,2.143,1971
Senegal,SEN,Violence,2.143,1972
Senegal,SEN,Violence,2.143,1973
Senegal,SEN,Violence,2.143,1974
Senegal,SEN,Violence,2.143,1975
Senegal,SEN,Violence,2.143,1976
Senegal,SEN,Violence,2.143,1977
Senegal,SEN,Violence,2.143,1978
Senegal,SEN,Violence,2.143,1979
Senegal,SEN,Violence,2.143,1980
Senegal,SEN,Violence,2.143,1981
Senegal,SEN,Violence,2.143,1982
Senegal,SEN,Violence,2.143,1983
Senegal,SEN,Violence,2.143,1984
Senegal,SEN,Violence,2.143,1985
Senegal,SEN,Violence,3.571,1986
Senegal,SEN,Violence,2.143,1987
Senegal,SEN,Violence,2.143,1988
Senegal,SEN,Violence,2.143,1989
Senegal,SEN,Violence,2.143,1990
Senegal,SEN,Violence,2.143,1991
Senegal,SEN,Violence,2.143,1992
Senegal,SEN,Violence,5.000,1993
Senegal,SEN,Violence,2.143,1994
Senegal,SEN,Violence,2.143,1995
Senegal,SEN,Violence,2.143,1996
Senegal,SEN,Violence,5.714,1997
Senegal,SEN,Violence,2.143,1998
Senegal,SEN,Violence,2.143,1999
Senegal,SEN,Violence,4.286,2000
Senegal,SEN,Violence,4.286,2001
Senegal,SEN,Violence,4.286,2002
Senegal,SEN,Violence,4.286,2003
Senegal,SEN,Violence,4.286,2004
Senegal,SEN,Violence,67.143,2005
Senegal,SEN,Violence,4.286,2006
Senegal,SEN,Violence,4.286,2007
Senegal,SEN,Violence,4.286,2008
Senegal,SEN,Violence,4.286,2009
Senegal,SEN,Violence,4.286,2010
Senegal,SEN,Violence,44.286,2011
Senegal,SEN,Violence,4.286,2012
Senegal,SEN,Violence,32.857,2013
Senegal,SEN,Violence,45.714,2014
Senegal,SEN,Violence,46.429,2015
Senegal,SEN,Violence,45.714,2016
Senegal,SEN,Violence,61.429,2017
Senegal,SEN,Violence,58.571,2018
Senegal,SEN,Violence,55.714,2019
Senegal,SEN,Violence,2.143,2020
Senegal,SEN,Violence,2.143,2021
Senegal,SEN,Violence,2.143,2022
Senegal,SEN,Violence,9.286,2023
Senegal,SEN,Youth 15-24,4.587,1960
Senegal,SEN,Youth 15-24,4.587,1961
Senegal,SEN,Youth 15-24,4.587,1962
Senegal,SEN,Youth 15-24,4.587,1963
Senegal,SEN,Youth 15-24,4.587,1964
Senegal,SEN,Youth 15-24,4.587,1965
Senegal,SEN,Youth 15-24,4.587,1966
Senegal,SEN,Youth 15-24,4.587,1967
Senegal,SEN,Youth 15-24,4.587,1968
Senegal,SEN,Youth 15-24,4.587,1969
Senegal,SEN,Youth 15-24,4.587,1970
Senegal,SEN,Youth 15-24,19.266,1971
Senegal,SEN,Youth 15-24,19.266,1972
Senegal,SEN,Youth 15-24,4.587,1973
Senegal,SEN,Youth 15-24,4.587,1974
Senegal,SEN,Youth 15-24,4.587,1975
Senegal,SEN,Youth 15-24,4.587,1976
Senegal,SEN,Youth 15-24,8.257,1977
Senegal,SEN,Youth 15-24,19.266,1978
Senegal,SEN,Youth 15-24,15.596,1979
Senegal,SEN,Youth 15-24,19.266,1980
Senegal,SEN,Youth 15-24,19.266,1981
Senegal,SEN,Youth 15-24,19.266,1982
Senegal,SEN,Youth 15-24,16.514,1983
Senegal,SEN,Youth 15-24,18.349,1984
Senegal,SEN,Youth 15-24,19.266,1985
Senegal,SEN,Youth 15-24,17.431,1986
Senegal,SEN,Youth 15-24,8.257,1987
Senegal,SEN,Youth 15-24,25.688,1988
Senegal,SEN,Youth 15-24,17.431,1989
Senegal,SEN,Youth 15-24,22.018,1990
Senegal,SEN,Youth 15-24,19.266,1991
Senegal,SEN,Youth 15-24,32.110,1992
Senegal,SEN,Youth 15-24,22.018,1993
Senegal,SEN,Youth 15-24,18.349,1994
Senegal,SEN,Youth 15-24,21.101,1995
Senegal,SEN,Youth 15-24,31.193,1996
Senegal,SEN,Youth 15-24,33.945,1997
Senegal,SEN,Youth 15-24,33.028,1998
Senegal,SEN,Youth 15-24,33.945,1999
Senegal,SEN,Youth 15-24,34.862,2000
Senegal,SEN,Youth 15-24,34.862,2001
Senegal,SEN,Youth 15-24,44.954,2002
Senegal,SEN,Youth 15-24,21.101,2003
Senegal,SEN,Youth 15-24,40.367,2004
Senegal,SEN,Youth 15-24,49.541,2005
Senegal,SEN,Youth 15-24,59.633,2006
Senegal,SEN,Youth 15-24,24.771,2007
Senegal,SEN,Youth 15-24,38.532,2008
Senegal,SEN,Youth 15-24,32.110,2009
Senegal,SEN,Youth 15-24,34.862,2010
Senegal,SEN,Youth 15-24,75.229,2011
Senegal,SEN,Youth 15-24,40.367,2012
Senegal,SEN,Youth 15-24,61.468,2013
Senegal,SEN,Youth 15-24,48.624,2014
Senegal,SEN,Youth 15-24,57.798,2015
Senegal,SEN,Youth 15-24,52.294,2016
Senegal,SEN,Youth 15-24,72.477,2017
Senegal,SEN,Youth 15-24,46.789,2018
Senegal,SEN,Youth 15-24,57.798,2019
Senegal,SEN,Youth 15-24,27.523,2020
Senegal,SEN,Youth 15-24,27.523,2021
Senegal,SEN,Youth 15-24,52.294,2022
Senegal,SEN,Youth 15-24,20.183,2023
