Country Name,Country Code,Topic,% of available indicators,Year
Gabon,GAB,Assets,0.000,1960
Gabon,GAB,Assets,0.000,1961
Gabon,GAB,Assets,0.000,1962
Gabon,GAB,Assets,0.000,1963
Gabon,GAB,Assets,0.000,1964
Gabon,GAB,Assets,0.000,1965
Gabon,GAB,Assets,0.000,1966
Gabon,GAB,Assets,0.000,1967
Gabon,GAB,Assets,0.000,1968
Gabon,GAB,Assets,0.000,1969
Gabon,GAB,Assets,2.208,1970
Gabon,GAB,Assets,2.208,1971
Gabon,GAB,Assets,2.208,1972
Gabon,GAB,Assets,2.208,1973
Gabon,GAB,Assets,2.208,1974
Gabon,GAB,Assets,2.208,1975
Gabon,GAB,Assets,2.208,1976
Gabon,GAB,Assets,2.208,1977
Gabon,GAB,Assets,2.208,1978
Gabon,GAB,Assets,2.208,1979
Gabon,GAB,Assets,2.208,1980
Gabon,GAB,Assets,2.208,1981
Gabon,GAB,Assets,2.208,1982
Gabon,GAB,Assets,2.208,1983
Gabon,GAB,Assets,2.208,1984
Gabon,GAB,Assets,2.208,1985
Gabon,GAB,Assets,2.208,1986
Gabon,GAB,Assets,2.208,1987
Gabon,GAB,Assets,2.208,1988
Gabon,GAB,Assets,2.208,1989
Gabon,GAB,Assets,2.208,1990
Gabon,GAB,Assets,2.208,1991
Gabon,GAB,Assets,2.208,1992
Gabon,GAB,Assets,2.208,1993
Gabon,GAB,Assets,2.208,1994
Gabon,GAB,Assets,2.208,1995
Gabon,GAB,Assets,2.208,1996
Gabon,GAB,Assets,2.208,1997
Gabon,GAB,Assets,2.208,1998
Gabon,GAB,Assets,2.208,1999
Gabon,GAB,Assets,2.208,2000
Gabon,GAB,Assets,2.208,2001
Gabon,GAB,Assets,2.208,2002
Gabon,GAB,Assets,2.208,2003
Gabon,GAB,Assets,2.208,2004
Gabon,GAB,Assets,2.208,2005
Gabon,GAB,Assets,2.208,2006
Gabon,GAB,Assets,2.208,2007
Gabon,GAB,Assets,2.208,2008
Gabon,GAB,Assets,2.208,2009
Gabon,GAB,Assets,2.208,2010
Gabon,GAB,Assets,11.672,2011
Gabon,GAB,Assets,17.350,2012
Gabon,GAB,Assets,2.208,2013
Gabon,GAB,Assets,31.546,2014
Gabon,GAB,Assets,2.208,2015
Gabon,GAB,Assets,2.208,2016
Gabon,GAB,Assets,34.069,2017
Gabon,GAB,Assets,2.208,2018
Gabon,GAB,Assets,2.208,2019
Gabon,GAB,Assets,2.208,2020
Gabon,GAB,Assets,93.375,2021
Gabon,GAB,Assets,2.208,2022
Gabon,GAB,Assets,2.208,2023
Gabon,GAB,Children 0-14,11.538,1960
Gabon,GAB,Children 0-14,11.538,1961
Gabon,GAB,Children 0-14,11.538,1962
Gabon,GAB,Children 0-14,11.538,1963
Gabon,GAB,Children 0-14,15.385,1964
Gabon,GAB,Children 0-14,17.692,1965
Gabon,GAB,Children 0-14,17.692,1966
Gabon,GAB,Children 0-14,17.692,1967
Gabon,GAB,Children 0-14,17.692,1968
Gabon,GAB,Children 0-14,19.231,1969
Gabon,GAB,Children 0-14,19.231,1970
Gabon,GAB,Children 0-14,26.923,1971
Gabon,GAB,Children 0-14,30.000,1972
Gabon,GAB,Children 0-14,28.462,1973
Gabon,GAB,Children 0-14,26.923,1974
Gabon,GAB,Children 0-14,32.308,1975
Gabon,GAB,Children 0-14,27.692,1976
Gabon,GAB,Children 0-14,26.154,1977
Gabon,GAB,Children 0-14,27.692,1978
Gabon,GAB,Children 0-14,27.692,1979
Gabon,GAB,Children 0-14,28.462,1980
Gabon,GAB,Children 0-14,28.462,1981
Gabon,GAB,Children 0-14,27.692,1982
Gabon,GAB,Children 0-14,29.231,1983
Gabon,GAB,Children 0-14,27.692,1984
Gabon,GAB,Children 0-14,26.923,1985
Gabon,GAB,Children 0-14,28.462,1986
Gabon,GAB,Children 0-14,31.538,1987
Gabon,GAB,Children 0-14,30.000,1988
Gabon,GAB,Children 0-14,27.692,1989
Gabon,GAB,Children 0-14,20.769,1990
Gabon,GAB,Children 0-14,20.769,1991
Gabon,GAB,Children 0-14,30.000,1992
Gabon,GAB,Children 0-14,20.769,1993
Gabon,GAB,Children 0-14,24.615,1994
Gabon,GAB,Children 0-14,31.538,1995
Gabon,GAB,Children 0-14,27.692,1996
Gabon,GAB,Children 0-14,36.154,1997
Gabon,GAB,Children 0-14,20.769,1998
Gabon,GAB,Children 0-14,27.692,1999
Gabon,GAB,Children 0-14,50.000,2000
Gabon,GAB,Children 0-14,27.692,2001
Gabon,GAB,Children 0-14,29.231,2002
Gabon,GAB,Children 0-14,27.692,2003
Gabon,GAB,Children 0-14,20.769,2004
Gabon,GAB,Children 0-14,20.769,2005
Gabon,GAB,Children 0-14,21.538,2006
Gabon,GAB,Children 0-14,20.769,2007
Gabon,GAB,Children 0-14,20.769,2008
Gabon,GAB,Children 0-14,20.769,2009
Gabon,GAB,Children 0-14,36.923,2010
Gabon,GAB,Children 0-14,26.923,2011
Gabon,GAB,Children 0-14,42.308,2012
Gabon,GAB,Children 0-14,20.769,2013
Gabon,GAB,Children 0-14,20.769,2014
Gabon,GAB,Children 0-14,34.615,2015
Gabon,GAB,Children 0-14,20.769,2016
Gabon,GAB,Children 0-14,25.385,2017
Gabon,GAB,Children 0-14,25.385,2018
Gabon,GAB,Children 0-14,50.000,2019
Gabon,GAB,Children 0-14,36.923,2020
Gabon,GAB,Children 0-14,33.077,2021
Gabon,GAB,Children 0-14,20.769,2022
Gabon,GAB,Children 0-14,9.231,2023
Gabon,GAB,Education,0.000,1960
Gabon,GAB,Education,0.000,1961
Gabon,GAB,Education,0.000,1962
Gabon,GAB,Education,0.000,1963
Gabon,GAB,Education,0.000,1964
Gabon,GAB,Education,0.000,1965
Gabon,GAB,Education,0.000,1966
Gabon,GAB,Education,0.000,1967
Gabon,GAB,Education,0.000,1968
Gabon,GAB,Education,0.000,1969
Gabon,GAB,Education,0.000,1970
Gabon,GAB,Education,20.245,1971
Gabon,GAB,Education,22.699,1972
Gabon,GAB,Education,19.018,1973
Gabon,GAB,Education,14.724,1974
Gabon,GAB,Education,14.110,1975
Gabon,GAB,Education,18.405,1976
Gabon,GAB,Education,17.791,1977
Gabon,GAB,Education,19.018,1978
Gabon,GAB,Education,19.632,1979
Gabon,GAB,Education,20.245,1980
Gabon,GAB,Education,15.337,1981
Gabon,GAB,Education,15.337,1982
Gabon,GAB,Education,20.859,1983
Gabon,GAB,Education,19.632,1984
Gabon,GAB,Education,12.883,1985
Gabon,GAB,Education,14.724,1986
Gabon,GAB,Education,21.472,1987
Gabon,GAB,Education,19.632,1988
Gabon,GAB,Education,17.178,1989
Gabon,GAB,Education,2.454,1990
Gabon,GAB,Education,0.000,1991
Gabon,GAB,Education,7.975,1992
Gabon,GAB,Education,6.748,1993
Gabon,GAB,Education,6.748,1994
Gabon,GAB,Education,16.564,1995
Gabon,GAB,Education,13.497,1996
Gabon,GAB,Education,16.564,1997
Gabon,GAB,Education,0.613,1998
Gabon,GAB,Education,22.086,1999
Gabon,GAB,Education,0.613,2000
Gabon,GAB,Education,12.883,2001
Gabon,GAB,Education,11.043,2002
Gabon,GAB,Education,8.589,2003
Gabon,GAB,Education,0.000,2004
Gabon,GAB,Education,0.000,2005
Gabon,GAB,Education,0.613,2006
Gabon,GAB,Education,0.000,2007
Gabon,GAB,Education,0.000,2008
Gabon,GAB,Education,0.000,2009
Gabon,GAB,Education,0.613,2010
Gabon,GAB,Education,6.748,2011
Gabon,GAB,Education,7.362,2012
Gabon,GAB,Education,0.613,2013
Gabon,GAB,Education,4.294,2014
Gabon,GAB,Education,0.613,2015
Gabon,GAB,Education,0.613,2016
Gabon,GAB,Education,11.656,2017
Gabon,GAB,Education,14.110,2018
Gabon,GAB,Education,20.245,2019
Gabon,GAB,Education,11.656,2020
Gabon,GAB,Education,15.337,2021
Gabon,GAB,Education,4.908,2022
Gabon,GAB,Education,0.000,2023
Gabon,GAB,Employment and Time Use,0.000,1960
Gabon,GAB,Employment and Time Use,0.000,1961
Gabon,GAB,Employment and Time Use,0.000,1962
Gabon,GAB,Employment and Time Use,2.920,1963
Gabon,GAB,Employment and Time Use,0.000,1964
Gabon,GAB,Employment and Time Use,0.000,1965
Gabon,GAB,Employment and Time Use,0.000,1966
Gabon,GAB,Employment and Time Use,0.000,1967
Gabon,GAB,Employment and Time Use,0.000,1968
Gabon,GAB,Employment and Time Use,0.000,1969
Gabon,GAB,Employment and Time Use,21.168,1970
Gabon,GAB,Employment and Time Use,21.168,1971
Gabon,GAB,Employment and Time Use,21.168,1972
Gabon,GAB,Employment and Time Use,21.168,1973
Gabon,GAB,Employment and Time Use,21.168,1974
Gabon,GAB,Employment and Time Use,21.168,1975
Gabon,GAB,Employment and Time Use,21.168,1976
Gabon,GAB,Employment and Time Use,21.168,1977
Gabon,GAB,Employment and Time Use,21.168,1978
Gabon,GAB,Employment and Time Use,21.168,1979
Gabon,GAB,Employment and Time Use,21.168,1980
Gabon,GAB,Employment and Time Use,21.168,1981
Gabon,GAB,Employment and Time Use,21.168,1982
Gabon,GAB,Employment and Time Use,21.168,1983
Gabon,GAB,Employment and Time Use,21.168,1984
Gabon,GAB,Employment and Time Use,21.168,1985
Gabon,GAB,Employment and Time Use,21.168,1986
Gabon,GAB,Employment and Time Use,21.168,1987
Gabon,GAB,Employment and Time Use,21.168,1988
Gabon,GAB,Employment and Time Use,21.168,1989
Gabon,GAB,Employment and Time Use,31.387,1990
Gabon,GAB,Employment and Time Use,56.204,1991
Gabon,GAB,Employment and Time Use,56.204,1992
Gabon,GAB,Employment and Time Use,68.613,1993
Gabon,GAB,Employment and Time Use,56.204,1994
Gabon,GAB,Employment and Time Use,56.204,1995
Gabon,GAB,Employment and Time Use,56.204,1996
Gabon,GAB,Employment and Time Use,56.204,1997
Gabon,GAB,Employment and Time Use,56.204,1998
Gabon,GAB,Employment and Time Use,56.204,1999
Gabon,GAB,Employment and Time Use,56.204,2000
Gabon,GAB,Employment and Time Use,56.204,2001
Gabon,GAB,Employment and Time Use,56.204,2002
Gabon,GAB,Employment and Time Use,56.204,2003
Gabon,GAB,Employment and Time Use,56.204,2004
Gabon,GAB,Employment and Time Use,63.504,2005
Gabon,GAB,Employment and Time Use,56.204,2006
Gabon,GAB,Employment and Time Use,56.204,2007
Gabon,GAB,Employment and Time Use,56.204,2008
Gabon,GAB,Employment and Time Use,56.204,2009
Gabon,GAB,Employment and Time Use,70.803,2010
Gabon,GAB,Employment and Time Use,56.204,2011
Gabon,GAB,Employment and Time Use,58.394,2012
Gabon,GAB,Employment and Time Use,56.204,2013
Gabon,GAB,Employment and Time Use,56.204,2014
Gabon,GAB,Employment and Time Use,56.204,2015
Gabon,GAB,Employment and Time Use,56.204,2016
Gabon,GAB,Employment and Time Use,56.204,2017
Gabon,GAB,Employment and Time Use,56.204,2018
Gabon,GAB,Employment and Time Use,56.204,2019
Gabon,GAB,Employment and Time Use,56.204,2020
Gabon,GAB,Employment and Time Use,56.204,2021
Gabon,GAB,Employment and Time Use,56.204,2022
Gabon,GAB,Employment and Time Use,59.124,2023
Gabon,GAB,Entrepreneurship,0.000,1960
Gabon,GAB,Entrepreneurship,0.000,1961
Gabon,GAB,Entrepreneurship,0.000,1962
Gabon,GAB,Entrepreneurship,0.000,1963
Gabon,GAB,Entrepreneurship,0.000,1964
Gabon,GAB,Entrepreneurship,0.000,1965
Gabon,GAB,Entrepreneurship,0.000,1966
Gabon,GAB,Entrepreneurship,0.000,1967
Gabon,GAB,Entrepreneurship,0.000,1968
Gabon,GAB,Entrepreneurship,0.000,1969
Gabon,GAB,Entrepreneurship,9.375,1970
Gabon,GAB,Entrepreneurship,9.375,1971
Gabon,GAB,Entrepreneurship,9.375,1972
Gabon,GAB,Entrepreneurship,9.375,1973
Gabon,GAB,Entrepreneurship,9.375,1974
Gabon,GAB,Entrepreneurship,9.375,1975
Gabon,GAB,Entrepreneurship,9.375,1976
Gabon,GAB,Entrepreneurship,9.375,1977
Gabon,GAB,Entrepreneurship,9.375,1978
Gabon,GAB,Entrepreneurship,9.375,1979
Gabon,GAB,Entrepreneurship,9.375,1980
Gabon,GAB,Entrepreneurship,9.375,1981
Gabon,GAB,Entrepreneurship,9.375,1982
Gabon,GAB,Entrepreneurship,9.375,1983
Gabon,GAB,Entrepreneurship,9.375,1984
Gabon,GAB,Entrepreneurship,9.375,1985
Gabon,GAB,Entrepreneurship,9.375,1986
Gabon,GAB,Entrepreneurship,9.375,1987
Gabon,GAB,Entrepreneurship,9.375,1988
Gabon,GAB,Entrepreneurship,9.375,1989
Gabon,GAB,Entrepreneurship,9.375,1990
Gabon,GAB,Entrepreneurship,9.375,1991
Gabon,GAB,Entrepreneurship,9.375,1992
Gabon,GAB,Entrepreneurship,9.375,1993
Gabon,GAB,Entrepreneurship,9.375,1994
Gabon,GAB,Entrepreneurship,9.375,1995
Gabon,GAB,Entrepreneurship,9.375,1996
Gabon,GAB,Entrepreneurship,9.375,1997
Gabon,GAB,Entrepreneurship,9.375,1998
Gabon,GAB,Entrepreneurship,9.375,1999
Gabon,GAB,Entrepreneurship,9.375,2000
Gabon,GAB,Entrepreneurship,9.375,2001
Gabon,GAB,Entrepreneurship,9.375,2002
Gabon,GAB,Entrepreneurship,9.375,2003
Gabon,GAB,Entrepreneurship,9.375,2004
Gabon,GAB,Entrepreneurship,37.500,2005
Gabon,GAB,Entrepreneurship,37.500,2006
Gabon,GAB,Entrepreneurship,37.500,2007
Gabon,GAB,Entrepreneurship,37.500,2008
Gabon,GAB,Entrepreneurship,43.750,2009
Gabon,GAB,Entrepreneurship,37.500,2010
Gabon,GAB,Entrepreneurship,37.500,2011
Gabon,GAB,Entrepreneurship,37.500,2012
Gabon,GAB,Entrepreneurship,37.500,2013
Gabon,GAB,Entrepreneurship,56.250,2014
Gabon,GAB,Entrepreneurship,37.500,2015
Gabon,GAB,Entrepreneurship,37.500,2016
Gabon,GAB,Entrepreneurship,56.250,2017
Gabon,GAB,Entrepreneurship,37.500,2018
Gabon,GAB,Entrepreneurship,37.500,2019
Gabon,GAB,Entrepreneurship,9.375,2020
Gabon,GAB,Entrepreneurship,9.375,2021
Gabon,GAB,Entrepreneurship,9.375,2022
Gabon,GAB,Entrepreneurship,9.375,2023
Gabon,GAB,Environment,0.000,1960
Gabon,GAB,Environment,0.000,1961
Gabon,GAB,Environment,0.000,1962
Gabon,GAB,Environment,0.000,1963
Gabon,GAB,Environment,0.000,1964
Gabon,GAB,Environment,0.000,1965
Gabon,GAB,Environment,0.000,1966
Gabon,GAB,Environment,0.000,1967
Gabon,GAB,Environment,0.000,1968
Gabon,GAB,Environment,0.000,1969
Gabon,GAB,Environment,0.000,1970
Gabon,GAB,Environment,0.000,1971
Gabon,GAB,Environment,0.000,1972
Gabon,GAB,Environment,0.000,1973
Gabon,GAB,Environment,0.000,1974
Gabon,GAB,Environment,0.000,1975
Gabon,GAB,Environment,0.000,1976
Gabon,GAB,Environment,0.000,1977
Gabon,GAB,Environment,0.000,1978
Gabon,GAB,Environment,0.000,1979
Gabon,GAB,Environment,0.000,1980
Gabon,GAB,Environment,0.000,1981
Gabon,GAB,Environment,0.000,1982
Gabon,GAB,Environment,0.000,1983
Gabon,GAB,Environment,0.000,1984
Gabon,GAB,Environment,0.000,1985
Gabon,GAB,Environment,0.000,1986
Gabon,GAB,Environment,0.000,1987
Gabon,GAB,Environment,0.000,1988
Gabon,GAB,Environment,0.000,1989
Gabon,GAB,Environment,0.000,1990
Gabon,GAB,Environment,0.000,1991
Gabon,GAB,Environment,0.000,1992
Gabon,GAB,Environment,0.000,1993
Gabon,GAB,Environment,0.000,1994
Gabon,GAB,Environment,0.000,1995
Gabon,GAB,Environment,0.000,1996
Gabon,GAB,Environment,0.000,1997
Gabon,GAB,Environment,0.000,1998
Gabon,GAB,Environment,0.000,1999
Gabon,GAB,Environment,20.000,2000
Gabon,GAB,Environment,10.000,2001
Gabon,GAB,Environment,10.000,2002
Gabon,GAB,Environment,10.000,2003
Gabon,GAB,Environment,10.000,2004
Gabon,GAB,Environment,10.000,2005
Gabon,GAB,Environment,10.000,2006
Gabon,GAB,Environment,10.000,2007
Gabon,GAB,Environment,10.000,2008
Gabon,GAB,Environment,10.000,2009
Gabon,GAB,Environment,10.000,2010
Gabon,GAB,Environment,10.000,2011
Gabon,GAB,Environment,46.667,2012
Gabon,GAB,Environment,10.000,2013
Gabon,GAB,Environment,20.000,2014
Gabon,GAB,Environment,10.000,2015
Gabon,GAB,Environment,10.000,2016
Gabon,GAB,Environment,20.000,2017
Gabon,GAB,Environment,10.000,2018
Gabon,GAB,Environment,30.000,2019
Gabon,GAB,Environment,10.000,2020
Gabon,GAB,Environment,56.667,2021
Gabon,GAB,Environment,10.000,2022
Gabon,GAB,Environment,0.000,2023
Gabon,GAB,Health,3.535,1960
Gabon,GAB,Health,3.535,1961
Gabon,GAB,Health,3.535,1962
Gabon,GAB,Health,3.535,1963
Gabon,GAB,Health,6.061,1964
Gabon,GAB,Health,7.576,1965
Gabon,GAB,Health,7.576,1966
Gabon,GAB,Health,7.576,1967
Gabon,GAB,Health,7.576,1968
Gabon,GAB,Health,8.586,1969
Gabon,GAB,Health,8.586,1970
Gabon,GAB,Health,8.586,1971
Gabon,GAB,Health,8.586,1972
Gabon,GAB,Health,8.586,1973
Gabon,GAB,Health,8.586,1974
Gabon,GAB,Health,11.111,1975
Gabon,GAB,Health,11.111,1976
Gabon,GAB,Health,11.111,1977
Gabon,GAB,Health,11.111,1978
Gabon,GAB,Health,11.111,1979
Gabon,GAB,Health,11.111,1980
Gabon,GAB,Health,11.111,1981
Gabon,GAB,Health,11.111,1982
Gabon,GAB,Health,11.616,1983
Gabon,GAB,Health,11.616,1984
Gabon,GAB,Health,12.121,1985
Gabon,GAB,Health,12.121,1986
Gabon,GAB,Health,12.121,1987
Gabon,GAB,Health,12.121,1988
Gabon,GAB,Health,12.121,1989
Gabon,GAB,Health,16.667,1990
Gabon,GAB,Health,16.667,1991
Gabon,GAB,Health,16.667,1992
Gabon,GAB,Health,16.667,1993
Gabon,GAB,Health,16.667,1994
Gabon,GAB,Health,16.667,1995
Gabon,GAB,Health,16.667,1996
Gabon,GAB,Health,16.667,1997
Gabon,GAB,Health,16.667,1998
Gabon,GAB,Health,16.667,1999
Gabon,GAB,Health,74.242,2000
Gabon,GAB,Health,33.333,2001
Gabon,GAB,Health,31.818,2002
Gabon,GAB,Health,31.818,2003
Gabon,GAB,Health,31.818,2004
Gabon,GAB,Health,31.818,2005
Gabon,GAB,Health,31.818,2006
Gabon,GAB,Health,31.818,2007
Gabon,GAB,Health,31.818,2008
Gabon,GAB,Health,31.818,2009
Gabon,GAB,Health,57.576,2010
Gabon,GAB,Health,32.323,2011
Gabon,GAB,Health,59.091,2012
Gabon,GAB,Health,32.323,2013
Gabon,GAB,Health,33.838,2014
Gabon,GAB,Health,55.051,2015
Gabon,GAB,Health,32.323,2016
Gabon,GAB,Health,35.859,2017
Gabon,GAB,Health,34.343,2018
Gabon,GAB,Health,55.556,2019
Gabon,GAB,Health,34.343,2020
Gabon,GAB,Health,30.808,2021
Gabon,GAB,Health,17.677,2022
Gabon,GAB,Health,1.010,2023
Gabon,GAB,Leadership,0.000,1960
Gabon,GAB,Leadership,0.000,1961
Gabon,GAB,Leadership,0.000,1962
Gabon,GAB,Leadership,0.000,1963
Gabon,GAB,Leadership,0.000,1964
Gabon,GAB,Leadership,0.000,1965
Gabon,GAB,Leadership,0.000,1966
Gabon,GAB,Leadership,0.000,1967
Gabon,GAB,Leadership,0.000,1968
Gabon,GAB,Leadership,0.000,1969
Gabon,GAB,Leadership,0.000,1970
Gabon,GAB,Leadership,0.000,1971
Gabon,GAB,Leadership,0.000,1972
Gabon,GAB,Leadership,0.000,1973
Gabon,GAB,Leadership,0.000,1974
Gabon,GAB,Leadership,0.000,1975
Gabon,GAB,Leadership,0.000,1976
Gabon,GAB,Leadership,0.000,1977
Gabon,GAB,Leadership,0.000,1978
Gabon,GAB,Leadership,0.000,1979
Gabon,GAB,Leadership,0.000,1980
Gabon,GAB,Leadership,0.000,1981
Gabon,GAB,Leadership,0.000,1982
Gabon,GAB,Leadership,0.000,1983
Gabon,GAB,Leadership,0.000,1984
Gabon,GAB,Leadership,0.000,1985
Gabon,GAB,Leadership,0.000,1986
Gabon,GAB,Leadership,0.000,1987
Gabon,GAB,Leadership,0.000,1988
Gabon,GAB,Leadership,0.000,1989
Gabon,GAB,Leadership,0.000,1990
Gabon,GAB,Leadership,0.000,1991
Gabon,GAB,Leadership,0.000,1992
Gabon,GAB,Leadership,0.000,1993
Gabon,GAB,Leadership,0.000,1994
Gabon,GAB,Leadership,0.000,1995
Gabon,GAB,Leadership,0.000,1996
Gabon,GAB,Leadership,25.000,1997
Gabon,GAB,Leadership,25.000,1998
Gabon,GAB,Leadership,25.000,1999
Gabon,GAB,Leadership,25.000,2000
Gabon,GAB,Leadership,25.000,2001
Gabon,GAB,Leadership,25.000,2002
Gabon,GAB,Leadership,25.000,2003
Gabon,GAB,Leadership,25.000,2004
Gabon,GAB,Leadership,50.000,2005
Gabon,GAB,Leadership,25.000,2006
Gabon,GAB,Leadership,25.000,2007
Gabon,GAB,Leadership,50.000,2008
Gabon,GAB,Leadership,50.000,2009
Gabon,GAB,Leadership,50.000,2010
Gabon,GAB,Leadership,25.000,2011
Gabon,GAB,Leadership,50.000,2012
Gabon,GAB,Leadership,25.000,2013
Gabon,GAB,Leadership,50.000,2014
Gabon,GAB,Leadership,50.000,2015
Gabon,GAB,Leadership,50.000,2016
Gabon,GAB,Leadership,25.000,2017
Gabon,GAB,Leadership,25.000,2018
Gabon,GAB,Leadership,50.000,2019
Gabon,GAB,Leadership,50.000,2020
Gabon,GAB,Leadership,25.000,2021
Gabon,GAB,Leadership,50.000,2022
Gabon,GAB,Leadership,25.000,2023
Gabon,GAB,Norms and Decision-making,0.000,1960
Gabon,GAB,Norms and Decision-making,0.000,1961
Gabon,GAB,Norms and Decision-making,0.000,1962
Gabon,GAB,Norms and Decision-making,0.000,1963
Gabon,GAB,Norms and Decision-making,0.000,1964
Gabon,GAB,Norms and Decision-making,0.000,1965
Gabon,GAB,Norms and Decision-making,0.000,1966
Gabon,GAB,Norms and Decision-making,0.000,1967
Gabon,GAB,Norms and Decision-making,0.000,1968
Gabon,GAB,Norms and Decision-making,0.000,1969
Gabon,GAB,Norms and Decision-making,12.593,1970
Gabon,GAB,Norms and Decision-making,12.593,1971
Gabon,GAB,Norms and Decision-making,12.593,1972
Gabon,GAB,Norms and Decision-making,12.593,1973
Gabon,GAB,Norms and Decision-making,12.593,1974
Gabon,GAB,Norms and Decision-making,12.593,1975
Gabon,GAB,Norms and Decision-making,12.593,1976
Gabon,GAB,Norms and Decision-making,12.593,1977
Gabon,GAB,Norms and Decision-making,12.593,1978
Gabon,GAB,Norms and Decision-making,12.593,1979
Gabon,GAB,Norms and Decision-making,12.593,1980
Gabon,GAB,Norms and Decision-making,12.593,1981
Gabon,GAB,Norms and Decision-making,12.593,1982
Gabon,GAB,Norms and Decision-making,12.593,1983
Gabon,GAB,Norms and Decision-making,12.593,1984
Gabon,GAB,Norms and Decision-making,12.593,1985
Gabon,GAB,Norms and Decision-making,12.593,1986
Gabon,GAB,Norms and Decision-making,12.593,1987
Gabon,GAB,Norms and Decision-making,12.593,1988
Gabon,GAB,Norms and Decision-making,12.593,1989
Gabon,GAB,Norms and Decision-making,12.593,1990
Gabon,GAB,Norms and Decision-making,12.593,1991
Gabon,GAB,Norms and Decision-making,12.593,1992
Gabon,GAB,Norms and Decision-making,14.074,1993
Gabon,GAB,Norms and Decision-making,12.593,1994
Gabon,GAB,Norms and Decision-making,12.593,1995
Gabon,GAB,Norms and Decision-making,12.593,1996
Gabon,GAB,Norms and Decision-making,12.593,1997
Gabon,GAB,Norms and Decision-making,12.593,1998
Gabon,GAB,Norms and Decision-making,12.593,1999
Gabon,GAB,Norms and Decision-making,22.963,2000
Gabon,GAB,Norms and Decision-making,12.593,2001
Gabon,GAB,Norms and Decision-making,12.593,2002
Gabon,GAB,Norms and Decision-making,12.593,2003
Gabon,GAB,Norms and Decision-making,12.593,2004
Gabon,GAB,Norms and Decision-making,12.593,2005
Gabon,GAB,Norms and Decision-making,12.593,2006
Gabon,GAB,Norms and Decision-making,12.593,2007
Gabon,GAB,Norms and Decision-making,12.593,2008
Gabon,GAB,Norms and Decision-making,12.593,2009
Gabon,GAB,Norms and Decision-making,12.593,2010
Gabon,GAB,Norms and Decision-making,12.593,2011
Gabon,GAB,Norms and Decision-making,77.778,2012
Gabon,GAB,Norms and Decision-making,12.593,2013
Gabon,GAB,Norms and Decision-making,12.593,2014
Gabon,GAB,Norms and Decision-making,12.593,2015
Gabon,GAB,Norms and Decision-making,12.593,2016
Gabon,GAB,Norms and Decision-making,12.593,2017
Gabon,GAB,Norms and Decision-making,12.593,2018
Gabon,GAB,Norms and Decision-making,12.593,2019
Gabon,GAB,Norms and Decision-making,12.593,2020
Gabon,GAB,Norms and Decision-making,65.926,2021
Gabon,GAB,Norms and Decision-making,12.593,2022
Gabon,GAB,Norms and Decision-making,12.593,2023
Gabon,GAB,Population,86.905,1960
Gabon,GAB,Population,86.905,1961
Gabon,GAB,Population,86.905,1962
Gabon,GAB,Population,86.905,1963
Gabon,GAB,Population,86.905,1964
Gabon,GAB,Population,86.905,1965
Gabon,GAB,Population,86.905,1966
Gabon,GAB,Population,86.905,1967
Gabon,GAB,Population,86.905,1968
Gabon,GAB,Population,86.905,1969
Gabon,GAB,Population,86.905,1970
Gabon,GAB,Population,86.905,1971
Gabon,GAB,Population,86.905,1972
Gabon,GAB,Population,86.905,1973
Gabon,GAB,Population,86.905,1974
Gabon,GAB,Population,86.905,1975
Gabon,GAB,Population,86.905,1976
Gabon,GAB,Population,86.905,1977
Gabon,GAB,Population,86.905,1978
Gabon,GAB,Population,86.905,1979
Gabon,GAB,Population,91.667,1980
Gabon,GAB,Population,86.905,1981
Gabon,GAB,Population,86.905,1982
Gabon,GAB,Population,86.905,1983
Gabon,GAB,Population,86.905,1984
Gabon,GAB,Population,91.667,1985
Gabon,GAB,Population,86.905,1986
Gabon,GAB,Population,86.905,1987
Gabon,GAB,Population,86.905,1988
Gabon,GAB,Population,86.905,1989
Gabon,GAB,Population,92.857,1990
Gabon,GAB,Population,86.905,1991
Gabon,GAB,Population,86.905,1992
Gabon,GAB,Population,89.286,1993
Gabon,GAB,Population,86.905,1994
Gabon,GAB,Population,92.857,1995
Gabon,GAB,Population,86.905,1996
Gabon,GAB,Population,86.905,1997
Gabon,GAB,Population,86.905,1998
Gabon,GAB,Population,86.905,1999
Gabon,GAB,Population,97.619,2000
Gabon,GAB,Population,86.905,2001
Gabon,GAB,Population,86.905,2002
Gabon,GAB,Population,86.905,2003
Gabon,GAB,Population,86.905,2004
Gabon,GAB,Population,92.857,2005
Gabon,GAB,Population,86.905,2006
Gabon,GAB,Population,86.905,2007
Gabon,GAB,Population,86.905,2008
Gabon,GAB,Population,86.905,2009
Gabon,GAB,Population,92.857,2010
Gabon,GAB,Population,86.905,2011
Gabon,GAB,Population,94.048,2012
Gabon,GAB,Population,86.905,2013
Gabon,GAB,Population,86.905,2014
Gabon,GAB,Population,92.857,2015
Gabon,GAB,Population,86.905,2016
Gabon,GAB,Population,86.905,2017
Gabon,GAB,Population,86.905,2018
Gabon,GAB,Population,86.905,2019
Gabon,GAB,Population,88.095,2020
Gabon,GAB,Population,88.095,2021
Gabon,GAB,Population,86.905,2022
Gabon,GAB,Population,77.381,2023
Gabon,GAB,SDGs,1.342,1960
Gabon,GAB,SDGs,1.342,1961
Gabon,GAB,SDGs,1.342,1962
Gabon,GAB,SDGs,1.342,1963
Gabon,GAB,SDGs,2.685,1964
Gabon,GAB,SDGs,2.685,1965
Gabon,GAB,SDGs,2.685,1966
Gabon,GAB,SDGs,2.685,1967
Gabon,GAB,SDGs,2.685,1968
Gabon,GAB,SDGs,2.685,1969
Gabon,GAB,SDGs,11.409,1970
Gabon,GAB,SDGs,11.409,1971
Gabon,GAB,SDGs,11.409,1972
Gabon,GAB,SDGs,11.409,1973
Gabon,GAB,SDGs,11.409,1974
Gabon,GAB,SDGs,11.409,1975
Gabon,GAB,SDGs,11.409,1976
Gabon,GAB,SDGs,11.409,1977
Gabon,GAB,SDGs,11.409,1978
Gabon,GAB,SDGs,11.409,1979
Gabon,GAB,SDGs,11.409,1980
Gabon,GAB,SDGs,11.409,1981
Gabon,GAB,SDGs,11.409,1982
Gabon,GAB,SDGs,12.081,1983
Gabon,GAB,SDGs,12.081,1984
Gabon,GAB,SDGs,12.081,1985
Gabon,GAB,SDGs,12.081,1986
Gabon,GAB,SDGs,12.081,1987
Gabon,GAB,SDGs,12.081,1988
Gabon,GAB,SDGs,12.081,1989
Gabon,GAB,SDGs,16.107,1990
Gabon,GAB,SDGs,20.134,1991
Gabon,GAB,SDGs,20.134,1992
Gabon,GAB,SDGs,24.161,1993
Gabon,GAB,SDGs,20.134,1994
Gabon,GAB,SDGs,20.134,1995
Gabon,GAB,SDGs,20.134,1996
Gabon,GAB,SDGs,20.805,1997
Gabon,GAB,SDGs,20.805,1998
Gabon,GAB,SDGs,20.805,1999
Gabon,GAB,SDGs,67.114,2000
Gabon,GAB,SDGs,34.228,2001
Gabon,GAB,SDGs,33.557,2002
Gabon,GAB,SDGs,33.557,2003
Gabon,GAB,SDGs,33.557,2004
Gabon,GAB,SDGs,35.570,2005
Gabon,GAB,SDGs,34.228,2006
Gabon,GAB,SDGs,33.557,2007
Gabon,GAB,SDGs,33.557,2008
Gabon,GAB,SDGs,33.557,2009
Gabon,GAB,SDGs,67.785,2010
Gabon,GAB,SDGs,35.570,2011
Gabon,GAB,SDGs,38.255,2012
Gabon,GAB,SDGs,33.557,2013
Gabon,GAB,SDGs,35.570,2014
Gabon,GAB,SDGs,63.758,2015
Gabon,GAB,SDGs,33.557,2016
Gabon,GAB,SDGs,35.570,2017
Gabon,GAB,SDGs,34.228,2018
Gabon,GAB,SDGs,67.785,2019
Gabon,GAB,SDGs,25.503,2020
Gabon,GAB,SDGs,26.174,2021
Gabon,GAB,SDGs,22.819,2022
Gabon,GAB,SDGs,14.094,2023
Gabon,GAB,Technology,0.000,1960
Gabon,GAB,Technology,0.000,1961
Gabon,GAB,Technology,0.000,1962
Gabon,GAB,Technology,0.000,1963
Gabon,GAB,Technology,0.000,1964
Gabon,GAB,Technology,0.000,1965
Gabon,GAB,Technology,0.000,1966
Gabon,GAB,Technology,0.000,1967
Gabon,GAB,Technology,0.000,1968
Gabon,GAB,Technology,0.000,1969
Gabon,GAB,Technology,0.000,1970
Gabon,GAB,Technology,0.000,1971
Gabon,GAB,Technology,0.000,1972
Gabon,GAB,Technology,0.000,1973
Gabon,GAB,Technology,0.000,1974
Gabon,GAB,Technology,0.000,1975
Gabon,GAB,Technology,0.000,1976
Gabon,GAB,Technology,0.000,1977
Gabon,GAB,Technology,0.000,1978
Gabon,GAB,Technology,0.000,1979
Gabon,GAB,Technology,0.000,1980
Gabon,GAB,Technology,0.000,1981
Gabon,GAB,Technology,0.000,1982
Gabon,GAB,Technology,0.000,1983
Gabon,GAB,Technology,0.000,1984
Gabon,GAB,Technology,0.000,1985
Gabon,GAB,Technology,0.000,1986
Gabon,GAB,Technology,0.000,1987
Gabon,GAB,Technology,0.000,1988
Gabon,GAB,Technology,0.000,1989
Gabon,GAB,Technology,2.222,1990
Gabon,GAB,Technology,2.222,1991
Gabon,GAB,Technology,2.222,1992
Gabon,GAB,Technology,2.222,1993
Gabon,GAB,Technology,2.222,1994
Gabon,GAB,Technology,2.222,1995
Gabon,GAB,Technology,2.222,1996
Gabon,GAB,Technology,2.222,1997
Gabon,GAB,Technology,2.222,1998
Gabon,GAB,Technology,2.222,1999
Gabon,GAB,Technology,2.222,2000
Gabon,GAB,Technology,2.222,2001
Gabon,GAB,Technology,2.222,2002
Gabon,GAB,Technology,2.222,2003
Gabon,GAB,Technology,2.222,2004
Gabon,GAB,Technology,2.222,2005
Gabon,GAB,Technology,2.222,2006
Gabon,GAB,Technology,2.222,2007
Gabon,GAB,Technology,2.222,2008
Gabon,GAB,Technology,2.222,2009
Gabon,GAB,Technology,2.222,2010
Gabon,GAB,Technology,8.889,2011
Gabon,GAB,Technology,2.222,2012
Gabon,GAB,Technology,2.222,2013
Gabon,GAB,Technology,35.556,2014
Gabon,GAB,Technology,2.222,2015
Gabon,GAB,Technology,2.222,2016
Gabon,GAB,Technology,55.556,2017
Gabon,GAB,Technology,2.222,2018
Gabon,GAB,Technology,2.222,2019
Gabon,GAB,Technology,2.222,2020
Gabon,GAB,Technology,82.222,2021
Gabon,GAB,Technology,2.222,2022
Gabon,GAB,Technology,0.000,2023
Gabon,GAB,Violence,0.000,1960
Gabon,GAB,Violence,0.000,1961
Gabon,GAB,Violence,0.000,1962
Gabon,GAB,Violence,0.000,1963
Gabon,GAB,Violence,0.000,1964
Gabon,GAB,Violence,0.000,1965
Gabon,GAB,Violence,0.000,1966
Gabon,GAB,Violence,0.000,1967
Gabon,GAB,Violence,0.000,1968
Gabon,GAB,Violence,0.000,1969
Gabon,GAB,Violence,2.143,1970
Gabon,GAB,Violence,2.143,1971
Gabon,GAB,Violence,2.143,1972
Gabon,GAB,Violence,2.143,1973
Gabon,GAB,Violence,2.143,1974
Gabon,GAB,Violence,2.143,1975
Gabon,GAB,Violence,2.143,1976
Gabon,GAB,Violence,2.143,1977
Gabon,GAB,Violence,2.143,1978
Gabon,GAB,Violence,2.143,1979
Gabon,GAB,Violence,2.143,1980
Gabon,GAB,Violence,2.143,1981
Gabon,GAB,Violence,2.143,1982
Gabon,GAB,Violence,2.143,1983
Gabon,GAB,Violence,2.143,1984
Gabon,GAB,Violence,2.143,1985
Gabon,GAB,Violence,2.143,1986
Gabon,GAB,Violence,2.143,1987
Gabon,GAB,Violence,2.143,1988
Gabon,GAB,Violence,2.143,1989
Gabon,GAB,Violence,2.143,1990
Gabon,GAB,Violence,2.143,1991
Gabon,GAB,Violence,2.143,1992
Gabon,GAB,Violence,2.143,1993
Gabon,GAB,Violence,2.143,1994
Gabon,GAB,Violence,2.143,1995
Gabon,GAB,Violence,2.143,1996
Gabon,GAB,Violence,2.143,1997
Gabon,GAB,Violence,2.143,1998
Gabon,GAB,Violence,2.143,1999
Gabon,GAB,Violence,8.571,2000
Gabon,GAB,Violence,4.286,2001
Gabon,GAB,Violence,4.286,2002
Gabon,GAB,Violence,4.286,2003
Gabon,GAB,Violence,4.286,2004
Gabon,GAB,Violence,4.286,2005
Gabon,GAB,Violence,4.286,2006
Gabon,GAB,Violence,4.286,2007
Gabon,GAB,Violence,4.286,2008
Gabon,GAB,Violence,4.286,2009
Gabon,GAB,Violence,4.286,2010
Gabon,GAB,Violence,4.286,2011
Gabon,GAB,Violence,58.571,2012
Gabon,GAB,Violence,4.286,2013
Gabon,GAB,Violence,4.286,2014
Gabon,GAB,Violence,4.286,2015
Gabon,GAB,Violence,4.286,2016
Gabon,GAB,Violence,4.286,2017
Gabon,GAB,Violence,7.143,2018
Gabon,GAB,Violence,4.286,2019
Gabon,GAB,Violence,2.143,2020
Gabon,GAB,Violence,47.857,2021
Gabon,GAB,Violence,2.143,2022
Gabon,GAB,Violence,2.143,2023
Gabon,GAB,Youth 15-24,4.587,1960
Gabon,GAB,Youth 15-24,4.587,1961
Gabon,GAB,Youth 15-24,4.587,1962
Gabon,GAB,Youth 15-24,4.587,1963
Gabon,GAB,Youth 15-24,4.587,1964
Gabon,GAB,Youth 15-24,4.587,1965
Gabon,GAB,Youth 15-24,4.587,1966
Gabon,GAB,Youth 15-24,4.587,1967
Gabon,GAB,Youth 15-24,4.587,1968
Gabon,GAB,Youth 15-24,4.587,1969
Gabon,GAB,Youth 15-24,4.587,1970
Gabon,GAB,Youth 15-24,21.101,1971
Gabon,GAB,Youth 15-24,21.101,1972
Gabon,GAB,Youth 15-24,18.349,1973
Gabon,GAB,Youth 15-24,15.596,1974
Gabon,GAB,Youth 15-24,8.257,1975
Gabon,GAB,Youth 15-24,18.349,1976
Gabon,GAB,Youth 15-24,18.349,1977
Gabon,GAB,Youth 15-24,18.349,1978
Gabon,GAB,Youth 15-24,19.266,1979
Gabon,GAB,Youth 15-24,19.266,1980
Gabon,GAB,Youth 15-24,14.679,1981
Gabon,GAB,Youth 15-24,15.596,1982
Gabon,GAB,Youth 15-24,19.266,1983
Gabon,GAB,Youth 15-24,19.266,1984
Gabon,GAB,Youth 15-24,14.679,1985
Gabon,GAB,Youth 15-24,15.596,1986
Gabon,GAB,Youth 15-24,19.266,1987
Gabon,GAB,Youth 15-24,18.349,1988
Gabon,GAB,Youth 15-24,18.349,1989
Gabon,GAB,Youth 15-24,15.596,1990
Gabon,GAB,Youth 15-24,18.349,1991
Gabon,GAB,Youth 15-24,18.349,1992
Gabon,GAB,Youth 15-24,32.110,1993
Gabon,GAB,Youth 15-24,23.853,1994
Gabon,GAB,Youth 15-24,28.440,1995
Gabon,GAB,Youth 15-24,28.440,1996
Gabon,GAB,Youth 15-24,23.853,1997
Gabon,GAB,Youth 15-24,18.349,1998
Gabon,GAB,Youth 15-24,36.697,1999
Gabon,GAB,Youth 15-24,23.853,2000
Gabon,GAB,Youth 15-24,27.523,2001
Gabon,GAB,Youth 15-24,23.853,2002
Gabon,GAB,Youth 15-24,22.018,2003
Gabon,GAB,Youth 15-24,18.349,2004
Gabon,GAB,Youth 15-24,18.349,2005
Gabon,GAB,Youth 15-24,18.349,2006
Gabon,GAB,Youth 15-24,18.349,2007
Gabon,GAB,Youth 15-24,18.349,2008
Gabon,GAB,Youth 15-24,18.349,2009
Gabon,GAB,Youth 15-24,27.523,2010
Gabon,GAB,Youth 15-24,18.349,2011
Gabon,GAB,Youth 15-24,33.945,2012
Gabon,GAB,Youth 15-24,18.349,2013
Gabon,GAB,Youth 15-24,18.349,2014
Gabon,GAB,Youth 15-24,18.349,2015
Gabon,GAB,Youth 15-24,18.349,2016
Gabon,GAB,Youth 15-24,18.349,2017
Gabon,GAB,Youth 15-24,22.018,2018
Gabon,GAB,Youth 15-24,27.523,2019
Gabon,GAB,Youth 15-24,18.349,2020
Gabon,GAB,Youth 15-24,37.615,2021
Gabon,GAB,Youth 15-24,22.018,2022
Gabon,GAB,Youth 15-24,12.844,2023
