Country Name,Country Code,Topic,% of available indicators,Year
Vanuatu,VUT,Assets,0.000,1960
Vanuatu,VUT,Assets,0.000,1961
Vanuatu,VUT,Assets,0.000,1962
Vanuatu,VUT,Assets,0.000,1963
Vanuatu,VUT,Assets,0.000,1964
Vanuatu,VUT,Assets,0.000,1965
Vanuatu,VUT,Assets,0.000,1966
Vanuatu,VUT,Assets,0.000,1967
Vanuatu,VUT,Assets,0.000,1968
Vanuatu,VUT,Assets,0.000,1969
Vanuatu,VUT,Assets,2.208,1970
Vanuatu,VUT,Assets,2.208,1971
Vanuatu,VUT,Assets,2.208,1972
Vanuatu,VUT,Assets,2.208,1973
Vanuatu,VUT,Assets,2.208,1974
Vanuatu,VUT,Assets,2.208,1975
Vanuatu,VUT,Assets,2.208,1976
Vanuatu,VUT,Assets,2.208,1977
Vanuatu,VUT,Assets,2.208,1978
Vanuatu,VUT,Assets,2.208,1979
Vanuatu,VUT,Assets,2.208,1980
Vanuatu,VUT,Assets,2.208,1981
Vanuatu,VUT,Assets,2.208,1982
Vanuatu,VUT,Assets,2.208,1983
Vanuatu,VUT,Assets,2.208,1984
Vanuatu,VUT,Assets,2.208,1985
Vanuatu,VUT,Assets,2.208,1986
Vanuatu,VUT,Assets,2.208,1987
Vanuatu,VUT,Assets,2.208,1988
Vanuatu,VUT,Assets,2.208,1989
Vanuatu,VUT,Assets,2.208,1990
Vanuatu,VUT,Assets,2.208,1991
Vanuatu,VUT,Assets,2.208,1992
Vanuatu,VUT,Assets,2.208,1993
Vanuatu,VUT,Assets,2.208,1994
Vanuatu,VUT,Assets,2.208,1995
Vanuatu,VUT,Assets,2.208,1996
Vanuatu,VUT,Assets,2.208,1997
Vanuatu,VUT,Assets,2.208,1998
Vanuatu,VUT,Assets,2.208,1999
Vanuatu,VUT,Assets,2.208,2000
Vanuatu,VUT,Assets,2.208,2001
Vanuatu,VUT,Assets,2.208,2002
Vanuatu,VUT,Assets,2.208,2003
Vanuatu,VUT,Assets,2.208,2004
Vanuatu,VUT,Assets,2.208,2005
Vanuatu,VUT,Assets,2.208,2006
Vanuatu,VUT,Assets,2.208,2007
Vanuatu,VUT,Assets,2.208,2008
Vanuatu,VUT,Assets,2.208,2009
Vanuatu,VUT,Assets,2.208,2010
Vanuatu,VUT,Assets,2.208,2011
Vanuatu,VUT,Assets,2.208,2012
Vanuatu,VUT,Assets,2.208,2013
Vanuatu,VUT,Assets,2.208,2014
Vanuatu,VUT,Assets,2.208,2015
Vanuatu,VUT,Assets,2.208,2016
Vanuatu,VUT,Assets,2.208,2017
Vanuatu,VUT,Assets,2.208,2018
Vanuatu,VUT,Assets,2.208,2019
Vanuatu,VUT,Assets,2.208,2020
Vanuatu,VUT,Assets,2.208,2021
Vanuatu,VUT,Assets,2.208,2022
Vanuatu,VUT,Assets,2.208,2023
Vanuatu,VUT,Children 0-14,19.231,1960
Vanuatu,VUT,Children 0-14,19.231,1961
Vanuatu,VUT,Children 0-14,19.231,1962
Vanuatu,VUT,Children 0-14,19.231,1963
Vanuatu,VUT,Children 0-14,19.231,1964
Vanuatu,VUT,Children 0-14,19.231,1965
Vanuatu,VUT,Children 0-14,19.231,1966
Vanuatu,VUT,Children 0-14,19.231,1967
Vanuatu,VUT,Children 0-14,19.231,1968
Vanuatu,VUT,Children 0-14,19.231,1969
Vanuatu,VUT,Children 0-14,25.385,1970
Vanuatu,VUT,Children 0-14,25.385,1971
Vanuatu,VUT,Children 0-14,25.385,1972
Vanuatu,VUT,Children 0-14,25.385,1973
Vanuatu,VUT,Children 0-14,25.385,1974
Vanuatu,VUT,Children 0-14,23.077,1975
Vanuatu,VUT,Children 0-14,25.385,1976
Vanuatu,VUT,Children 0-14,25.385,1977
Vanuatu,VUT,Children 0-14,25.385,1978
Vanuatu,VUT,Children 0-14,27.692,1979
Vanuatu,VUT,Children 0-14,25.385,1980
Vanuatu,VUT,Children 0-14,33.077,1981
Vanuatu,VUT,Children 0-14,20.769,1982
Vanuatu,VUT,Children 0-14,21.538,1983
Vanuatu,VUT,Children 0-14,20.769,1984
Vanuatu,VUT,Children 0-14,21.538,1985
Vanuatu,VUT,Children 0-14,21.538,1986
Vanuatu,VUT,Children 0-14,21.538,1987
Vanuatu,VUT,Children 0-14,21.538,1988
Vanuatu,VUT,Children 0-14,32.308,1989
Vanuatu,VUT,Children 0-14,24.615,1990
Vanuatu,VUT,Children 0-14,24.615,1991
Vanuatu,VUT,Children 0-14,28.462,1992
Vanuatu,VUT,Children 0-14,26.154,1993
Vanuatu,VUT,Children 0-14,31.538,1994
Vanuatu,VUT,Children 0-14,20.769,1995
Vanuatu,VUT,Children 0-14,23.077,1996
Vanuatu,VUT,Children 0-14,24.615,1997
Vanuatu,VUT,Children 0-14,35.385,1998
Vanuatu,VUT,Children 0-14,39.231,1999
Vanuatu,VUT,Children 0-14,49.231,2000
Vanuatu,VUT,Children 0-14,40.000,2001
Vanuatu,VUT,Children 0-14,31.538,2002
Vanuatu,VUT,Children 0-14,31.538,2003
Vanuatu,VUT,Children 0-14,42.308,2004
Vanuatu,VUT,Children 0-14,30.000,2005
Vanuatu,VUT,Children 0-14,29.231,2006
Vanuatu,VUT,Children 0-14,33.077,2007
Vanuatu,VUT,Children 0-14,47.692,2008
Vanuatu,VUT,Children 0-14,34.615,2009
Vanuatu,VUT,Children 0-14,63.077,2010
Vanuatu,VUT,Children 0-14,23.846,2011
Vanuatu,VUT,Children 0-14,23.846,2012
Vanuatu,VUT,Children 0-14,49.231,2013
Vanuatu,VUT,Children 0-14,23.077,2014
Vanuatu,VUT,Children 0-14,51.538,2015
Vanuatu,VUT,Children 0-14,23.846,2016
Vanuatu,VUT,Children 0-14,26.923,2017
Vanuatu,VUT,Children 0-14,28.462,2018
Vanuatu,VUT,Children 0-14,53.846,2019
Vanuatu,VUT,Children 0-14,43.077,2020
Vanuatu,VUT,Children 0-14,30.769,2021
Vanuatu,VUT,Children 0-14,30.769,2022
Vanuatu,VUT,Children 0-14,19.231,2023
Vanuatu,VUT,Education,0.000,1960
Vanuatu,VUT,Education,0.000,1961
Vanuatu,VUT,Education,0.000,1962
Vanuatu,VUT,Education,0.000,1963
Vanuatu,VUT,Education,0.000,1964
Vanuatu,VUT,Education,0.000,1965
Vanuatu,VUT,Education,0.000,1966
Vanuatu,VUT,Education,0.000,1967
Vanuatu,VUT,Education,0.000,1968
Vanuatu,VUT,Education,0.000,1969
Vanuatu,VUT,Education,12.883,1970
Vanuatu,VUT,Education,12.883,1971
Vanuatu,VUT,Education,12.883,1972
Vanuatu,VUT,Education,12.883,1973
Vanuatu,VUT,Education,12.883,1974
Vanuatu,VUT,Education,9.816,1975
Vanuatu,VUT,Education,11.656,1976
Vanuatu,VUT,Education,11.656,1977
Vanuatu,VUT,Education,11.656,1978
Vanuatu,VUT,Education,15.337,1979
Vanuatu,VUT,Education,11.656,1980
Vanuatu,VUT,Education,19.018,1981
Vanuatu,VUT,Education,0.000,1982
Vanuatu,VUT,Education,6.748,1983
Vanuatu,VUT,Education,6.748,1984
Vanuatu,VUT,Education,0.613,1985
Vanuatu,VUT,Education,0.613,1986
Vanuatu,VUT,Education,0.613,1987
Vanuatu,VUT,Education,0.613,1988
Vanuatu,VUT,Education,14.110,1989
Vanuatu,VUT,Education,4.294,1990
Vanuatu,VUT,Education,12.270,1991
Vanuatu,VUT,Education,6.135,1992
Vanuatu,VUT,Education,6.135,1993
Vanuatu,VUT,Education,15.951,1994
Vanuatu,VUT,Education,0.000,1995
Vanuatu,VUT,Education,0.000,1996
Vanuatu,VUT,Education,4.908,1997
Vanuatu,VUT,Education,13.497,1998
Vanuatu,VUT,Education,34.969,1999
Vanuatu,VUT,Education,31.288,2000
Vanuatu,VUT,Education,31.902,2001
Vanuatu,VUT,Education,26.380,2002
Vanuatu,VUT,Education,26.380,2003
Vanuatu,VUT,Education,41.104,2004
Vanuatu,VUT,Education,7.362,2005
Vanuatu,VUT,Education,8.589,2006
Vanuatu,VUT,Education,9.816,2007
Vanuatu,VUT,Education,14.724,2008
Vanuatu,VUT,Education,17.178,2009
Vanuatu,VUT,Education,47.239,2010
Vanuatu,VUT,Education,2.454,2011
Vanuatu,VUT,Education,2.454,2012
Vanuatu,VUT,Education,12.270,2013
Vanuatu,VUT,Education,9.202,2014
Vanuatu,VUT,Education,31.288,2015
Vanuatu,VUT,Education,3.067,2016
Vanuatu,VUT,Education,14.110,2017
Vanuatu,VUT,Education,16.564,2018
Vanuatu,VUT,Education,29.448,2019
Vanuatu,VUT,Education,41.718,2020
Vanuatu,VUT,Education,15.951,2021
Vanuatu,VUT,Education,12.270,2022
Vanuatu,VUT,Education,12.270,2023
Vanuatu,VUT,Employment and Time Use,0.000,1960
Vanuatu,VUT,Employment and Time Use,0.000,1961
Vanuatu,VUT,Employment and Time Use,0.000,1962
Vanuatu,VUT,Employment and Time Use,0.000,1963
Vanuatu,VUT,Employment and Time Use,0.000,1964
Vanuatu,VUT,Employment and Time Use,0.000,1965
Vanuatu,VUT,Employment and Time Use,0.000,1966
Vanuatu,VUT,Employment and Time Use,0.000,1967
Vanuatu,VUT,Employment and Time Use,0.000,1968
Vanuatu,VUT,Employment and Time Use,0.000,1969
Vanuatu,VUT,Employment and Time Use,21.168,1970
Vanuatu,VUT,Employment and Time Use,21.168,1971
Vanuatu,VUT,Employment and Time Use,21.168,1972
Vanuatu,VUT,Employment and Time Use,21.168,1973
Vanuatu,VUT,Employment and Time Use,21.168,1974
Vanuatu,VUT,Employment and Time Use,21.168,1975
Vanuatu,VUT,Employment and Time Use,21.168,1976
Vanuatu,VUT,Employment and Time Use,21.168,1977
Vanuatu,VUT,Employment and Time Use,21.168,1978
Vanuatu,VUT,Employment and Time Use,26.277,1979
Vanuatu,VUT,Employment and Time Use,21.168,1980
Vanuatu,VUT,Employment and Time Use,21.168,1981
Vanuatu,VUT,Employment and Time Use,21.168,1982
Vanuatu,VUT,Employment and Time Use,21.168,1983
Vanuatu,VUT,Employment and Time Use,21.168,1984
Vanuatu,VUT,Employment and Time Use,21.168,1985
Vanuatu,VUT,Employment and Time Use,21.168,1986
Vanuatu,VUT,Employment and Time Use,21.168,1987
Vanuatu,VUT,Employment and Time Use,21.168,1988
Vanuatu,VUT,Employment and Time Use,26.277,1989
Vanuatu,VUT,Employment and Time Use,31.387,1990
Vanuatu,VUT,Employment and Time Use,56.204,1991
Vanuatu,VUT,Employment and Time Use,56.204,1992
Vanuatu,VUT,Employment and Time Use,56.204,1993
Vanuatu,VUT,Employment and Time Use,56.204,1994
Vanuatu,VUT,Employment and Time Use,56.204,1995
Vanuatu,VUT,Employment and Time Use,56.204,1996
Vanuatu,VUT,Employment and Time Use,56.204,1997
Vanuatu,VUT,Employment and Time Use,56.204,1998
Vanuatu,VUT,Employment and Time Use,59.124,1999
Vanuatu,VUT,Employment and Time Use,56.204,2000
Vanuatu,VUT,Employment and Time Use,56.204,2001
Vanuatu,VUT,Employment and Time Use,56.204,2002
Vanuatu,VUT,Employment and Time Use,56.204,2003
Vanuatu,VUT,Employment and Time Use,56.204,2004
Vanuatu,VUT,Employment and Time Use,56.204,2005
Vanuatu,VUT,Employment and Time Use,88.321,2006
Vanuatu,VUT,Employment and Time Use,56.204,2007
Vanuatu,VUT,Employment and Time Use,56.204,2008
Vanuatu,VUT,Employment and Time Use,73.723,2009
Vanuatu,VUT,Employment and Time Use,85.401,2010
Vanuatu,VUT,Employment and Time Use,56.204,2011
Vanuatu,VUT,Employment and Time Use,56.204,2012
Vanuatu,VUT,Employment and Time Use,56.204,2013
Vanuatu,VUT,Employment and Time Use,56.204,2014
Vanuatu,VUT,Employment and Time Use,56.204,2015
Vanuatu,VUT,Employment and Time Use,56.204,2016
Vanuatu,VUT,Employment and Time Use,56.204,2017
Vanuatu,VUT,Employment and Time Use,56.204,2018
Vanuatu,VUT,Employment and Time Use,88.321,2019
Vanuatu,VUT,Employment and Time Use,89.051,2020
Vanuatu,VUT,Employment and Time Use,56.204,2021
Vanuatu,VUT,Employment and Time Use,56.204,2022
Vanuatu,VUT,Employment and Time Use,57.664,2023
Vanuatu,VUT,Entrepreneurship,0.000,1960
Vanuatu,VUT,Entrepreneurship,0.000,1961
Vanuatu,VUT,Entrepreneurship,0.000,1962
Vanuatu,VUT,Entrepreneurship,0.000,1963
Vanuatu,VUT,Entrepreneurship,0.000,1964
Vanuatu,VUT,Entrepreneurship,0.000,1965
Vanuatu,VUT,Entrepreneurship,0.000,1966
Vanuatu,VUT,Entrepreneurship,0.000,1967
Vanuatu,VUT,Entrepreneurship,0.000,1968
Vanuatu,VUT,Entrepreneurship,0.000,1969
Vanuatu,VUT,Entrepreneurship,9.375,1970
Vanuatu,VUT,Entrepreneurship,9.375,1971
Vanuatu,VUT,Entrepreneurship,9.375,1972
Vanuatu,VUT,Entrepreneurship,9.375,1973
Vanuatu,VUT,Entrepreneurship,9.375,1974
Vanuatu,VUT,Entrepreneurship,9.375,1975
Vanuatu,VUT,Entrepreneurship,9.375,1976
Vanuatu,VUT,Entrepreneurship,9.375,1977
Vanuatu,VUT,Entrepreneurship,9.375,1978
Vanuatu,VUT,Entrepreneurship,9.375,1979
Vanuatu,VUT,Entrepreneurship,9.375,1980
Vanuatu,VUT,Entrepreneurship,9.375,1981
Vanuatu,VUT,Entrepreneurship,9.375,1982
Vanuatu,VUT,Entrepreneurship,9.375,1983
Vanuatu,VUT,Entrepreneurship,9.375,1984
Vanuatu,VUT,Entrepreneurship,9.375,1985
Vanuatu,VUT,Entrepreneurship,9.375,1986
Vanuatu,VUT,Entrepreneurship,9.375,1987
Vanuatu,VUT,Entrepreneurship,9.375,1988
Vanuatu,VUT,Entrepreneurship,9.375,1989
Vanuatu,VUT,Entrepreneurship,9.375,1990
Vanuatu,VUT,Entrepreneurship,9.375,1991
Vanuatu,VUT,Entrepreneurship,9.375,1992
Vanuatu,VUT,Entrepreneurship,9.375,1993
Vanuatu,VUT,Entrepreneurship,9.375,1994
Vanuatu,VUT,Entrepreneurship,9.375,1995
Vanuatu,VUT,Entrepreneurship,9.375,1996
Vanuatu,VUT,Entrepreneurship,9.375,1997
Vanuatu,VUT,Entrepreneurship,9.375,1998
Vanuatu,VUT,Entrepreneurship,9.375,1999
Vanuatu,VUT,Entrepreneurship,9.375,2000
Vanuatu,VUT,Entrepreneurship,9.375,2001
Vanuatu,VUT,Entrepreneurship,9.375,2002
Vanuatu,VUT,Entrepreneurship,37.500,2003
Vanuatu,VUT,Entrepreneurship,37.500,2004
Vanuatu,VUT,Entrepreneurship,37.500,2005
Vanuatu,VUT,Entrepreneurship,37.500,2006
Vanuatu,VUT,Entrepreneurship,37.500,2007
Vanuatu,VUT,Entrepreneurship,37.500,2008
Vanuatu,VUT,Entrepreneurship,40.625,2009
Vanuatu,VUT,Entrepreneurship,37.500,2010
Vanuatu,VUT,Entrepreneurship,37.500,2011
Vanuatu,VUT,Entrepreneurship,37.500,2012
Vanuatu,VUT,Entrepreneurship,37.500,2013
Vanuatu,VUT,Entrepreneurship,37.500,2014
Vanuatu,VUT,Entrepreneurship,37.500,2015
Vanuatu,VUT,Entrepreneurship,50.000,2016
Vanuatu,VUT,Entrepreneurship,37.500,2017
Vanuatu,VUT,Entrepreneurship,37.500,2018
Vanuatu,VUT,Entrepreneurship,37.500,2019
Vanuatu,VUT,Entrepreneurship,9.375,2020
Vanuatu,VUT,Entrepreneurship,9.375,2021
Vanuatu,VUT,Entrepreneurship,9.375,2022
Vanuatu,VUT,Entrepreneurship,15.625,2023
Vanuatu,VUT,Environment,0.000,1960
Vanuatu,VUT,Environment,0.000,1961
Vanuatu,VUT,Environment,0.000,1962
Vanuatu,VUT,Environment,0.000,1963
Vanuatu,VUT,Environment,0.000,1964
Vanuatu,VUT,Environment,0.000,1965
Vanuatu,VUT,Environment,0.000,1966
Vanuatu,VUT,Environment,0.000,1967
Vanuatu,VUT,Environment,0.000,1968
Vanuatu,VUT,Environment,0.000,1969
Vanuatu,VUT,Environment,0.000,1970
Vanuatu,VUT,Environment,0.000,1971
Vanuatu,VUT,Environment,0.000,1972
Vanuatu,VUT,Environment,0.000,1973
Vanuatu,VUT,Environment,0.000,1974
Vanuatu,VUT,Environment,0.000,1975
Vanuatu,VUT,Environment,0.000,1976
Vanuatu,VUT,Environment,0.000,1977
Vanuatu,VUT,Environment,0.000,1978
Vanuatu,VUT,Environment,0.000,1979
Vanuatu,VUT,Environment,0.000,1980
Vanuatu,VUT,Environment,0.000,1981
Vanuatu,VUT,Environment,0.000,1982
Vanuatu,VUT,Environment,0.000,1983
Vanuatu,VUT,Environment,0.000,1984
Vanuatu,VUT,Environment,0.000,1985
Vanuatu,VUT,Environment,0.000,1986
Vanuatu,VUT,Environment,0.000,1987
Vanuatu,VUT,Environment,0.000,1988
Vanuatu,VUT,Environment,0.000,1989
Vanuatu,VUT,Environment,0.000,1990
Vanuatu,VUT,Environment,0.000,1991
Vanuatu,VUT,Environment,0.000,1992
Vanuatu,VUT,Environment,0.000,1993
Vanuatu,VUT,Environment,0.000,1994
Vanuatu,VUT,Environment,0.000,1995
Vanuatu,VUT,Environment,0.000,1996
Vanuatu,VUT,Environment,0.000,1997
Vanuatu,VUT,Environment,0.000,1998
Vanuatu,VUT,Environment,0.000,1999
Vanuatu,VUT,Environment,10.000,2000
Vanuatu,VUT,Environment,10.000,2001
Vanuatu,VUT,Environment,10.000,2002
Vanuatu,VUT,Environment,10.000,2003
Vanuatu,VUT,Environment,10.000,2004
Vanuatu,VUT,Environment,10.000,2005
Vanuatu,VUT,Environment,10.000,2006
Vanuatu,VUT,Environment,10.000,2007
Vanuatu,VUT,Environment,10.000,2008
Vanuatu,VUT,Environment,10.000,2009
Vanuatu,VUT,Environment,10.000,2010
Vanuatu,VUT,Environment,10.000,2011
Vanuatu,VUT,Environment,10.000,2012
Vanuatu,VUT,Environment,10.000,2013
Vanuatu,VUT,Environment,10.000,2014
Vanuatu,VUT,Environment,10.000,2015
Vanuatu,VUT,Environment,10.000,2016
Vanuatu,VUT,Environment,10.000,2017
Vanuatu,VUT,Environment,10.000,2018
Vanuatu,VUT,Environment,30.000,2019
Vanuatu,VUT,Environment,10.000,2020
Vanuatu,VUT,Environment,10.000,2021
Vanuatu,VUT,Environment,10.000,2022
Vanuatu,VUT,Environment,0.000,2023
Vanuatu,VUT,Health,8.586,1960
Vanuatu,VUT,Health,8.586,1961
Vanuatu,VUT,Health,8.586,1962
Vanuatu,VUT,Health,8.586,1963
Vanuatu,VUT,Health,8.586,1964
Vanuatu,VUT,Health,8.586,1965
Vanuatu,VUT,Health,8.586,1966
Vanuatu,VUT,Health,8.586,1967
Vanuatu,VUT,Health,8.586,1968
Vanuatu,VUT,Health,8.586,1969
Vanuatu,VUT,Health,8.586,1970
Vanuatu,VUT,Health,8.586,1971
Vanuatu,VUT,Health,8.586,1972
Vanuatu,VUT,Health,8.586,1973
Vanuatu,VUT,Health,8.586,1974
Vanuatu,VUT,Health,11.111,1975
Vanuatu,VUT,Health,11.111,1976
Vanuatu,VUT,Health,11.111,1977
Vanuatu,VUT,Health,11.111,1978
Vanuatu,VUT,Health,11.111,1979
Vanuatu,VUT,Health,11.111,1980
Vanuatu,VUT,Health,11.111,1981
Vanuatu,VUT,Health,12.121,1982
Vanuatu,VUT,Health,12.121,1983
Vanuatu,VUT,Health,13.131,1984
Vanuatu,VUT,Health,12.121,1985
Vanuatu,VUT,Health,12.121,1986
Vanuatu,VUT,Health,12.121,1987
Vanuatu,VUT,Health,12.121,1988
Vanuatu,VUT,Health,12.121,1989
Vanuatu,VUT,Health,12.626,1990
Vanuatu,VUT,Health,12.121,1991
Vanuatu,VUT,Health,12.121,1992
Vanuatu,VUT,Health,12.121,1993
Vanuatu,VUT,Health,12.626,1994
Vanuatu,VUT,Health,12.626,1995
Vanuatu,VUT,Health,13.636,1996
Vanuatu,VUT,Health,12.121,1997
Vanuatu,VUT,Health,12.121,1998
Vanuatu,VUT,Health,12.626,1999
Vanuatu,VUT,Health,50.505,2000
Vanuatu,VUT,Health,25.758,2001
Vanuatu,VUT,Health,25.758,2002
Vanuatu,VUT,Health,26.263,2003
Vanuatu,VUT,Health,25.758,2004
Vanuatu,VUT,Health,27.778,2005
Vanuatu,VUT,Health,26.263,2006
Vanuatu,VUT,Health,28.788,2007
Vanuatu,VUT,Health,33.333,2008
Vanuatu,VUT,Health,25.758,2009
Vanuatu,VUT,Health,55.051,2010
Vanuatu,VUT,Health,25.758,2011
Vanuatu,VUT,Health,25.758,2012
Vanuatu,VUT,Health,36.869,2013
Vanuatu,VUT,Health,25.758,2014
Vanuatu,VUT,Health,50.505,2015
Vanuatu,VUT,Health,26.263,2016
Vanuatu,VUT,Health,26.768,2017
Vanuatu,VUT,Health,29.293,2018
Vanuatu,VUT,Health,50.505,2019
Vanuatu,VUT,Health,21.717,2020
Vanuatu,VUT,Health,12.121,2021
Vanuatu,VUT,Health,11.111,2022
Vanuatu,VUT,Health,1.010,2023
Vanuatu,VUT,Leadership,0.000,1960
Vanuatu,VUT,Leadership,0.000,1961
Vanuatu,VUT,Leadership,0.000,1962
Vanuatu,VUT,Leadership,0.000,1963
Vanuatu,VUT,Leadership,0.000,1964
Vanuatu,VUT,Leadership,0.000,1965
Vanuatu,VUT,Leadership,0.000,1966
Vanuatu,VUT,Leadership,0.000,1967
Vanuatu,VUT,Leadership,0.000,1968
Vanuatu,VUT,Leadership,0.000,1969
Vanuatu,VUT,Leadership,0.000,1970
Vanuatu,VUT,Leadership,0.000,1971
Vanuatu,VUT,Leadership,0.000,1972
Vanuatu,VUT,Leadership,0.000,1973
Vanuatu,VUT,Leadership,0.000,1974
Vanuatu,VUT,Leadership,0.000,1975
Vanuatu,VUT,Leadership,0.000,1976
Vanuatu,VUT,Leadership,0.000,1977
Vanuatu,VUT,Leadership,0.000,1978
Vanuatu,VUT,Leadership,0.000,1979
Vanuatu,VUT,Leadership,0.000,1980
Vanuatu,VUT,Leadership,0.000,1981
Vanuatu,VUT,Leadership,0.000,1982
Vanuatu,VUT,Leadership,0.000,1983
Vanuatu,VUT,Leadership,0.000,1984
Vanuatu,VUT,Leadership,0.000,1985
Vanuatu,VUT,Leadership,0.000,1986
Vanuatu,VUT,Leadership,0.000,1987
Vanuatu,VUT,Leadership,0.000,1988
Vanuatu,VUT,Leadership,0.000,1989
Vanuatu,VUT,Leadership,0.000,1990
Vanuatu,VUT,Leadership,0.000,1991
Vanuatu,VUT,Leadership,0.000,1992
Vanuatu,VUT,Leadership,0.000,1993
Vanuatu,VUT,Leadership,0.000,1994
Vanuatu,VUT,Leadership,0.000,1995
Vanuatu,VUT,Leadership,0.000,1996
Vanuatu,VUT,Leadership,0.000,1997
Vanuatu,VUT,Leadership,0.000,1998
Vanuatu,VUT,Leadership,25.000,1999
Vanuatu,VUT,Leadership,25.000,2000
Vanuatu,VUT,Leadership,25.000,2001
Vanuatu,VUT,Leadership,25.000,2002
Vanuatu,VUT,Leadership,25.000,2003
Vanuatu,VUT,Leadership,25.000,2004
Vanuatu,VUT,Leadership,50.000,2005
Vanuatu,VUT,Leadership,50.000,2006
Vanuatu,VUT,Leadership,25.000,2007
Vanuatu,VUT,Leadership,50.000,2008
Vanuatu,VUT,Leadership,50.000,2009
Vanuatu,VUT,Leadership,50.000,2010
Vanuatu,VUT,Leadership,25.000,2011
Vanuatu,VUT,Leadership,50.000,2012
Vanuatu,VUT,Leadership,25.000,2013
Vanuatu,VUT,Leadership,50.000,2014
Vanuatu,VUT,Leadership,50.000,2015
Vanuatu,VUT,Leadership,50.000,2016
Vanuatu,VUT,Leadership,25.000,2017
Vanuatu,VUT,Leadership,50.000,2018
Vanuatu,VUT,Leadership,75.000,2019
Vanuatu,VUT,Leadership,75.000,2020
Vanuatu,VUT,Leadership,25.000,2021
Vanuatu,VUT,Leadership,50.000,2022
Vanuatu,VUT,Leadership,50.000,2023
Vanuatu,VUT,Norms and Decision-making,0.000,1960
Vanuatu,VUT,Norms and Decision-making,0.000,1961
Vanuatu,VUT,Norms and Decision-making,0.000,1962
Vanuatu,VUT,Norms and Decision-making,0.000,1963
Vanuatu,VUT,Norms and Decision-making,0.000,1964
Vanuatu,VUT,Norms and Decision-making,0.000,1965
Vanuatu,VUT,Norms and Decision-making,0.000,1966
Vanuatu,VUT,Norms and Decision-making,0.000,1967
Vanuatu,VUT,Norms and Decision-making,0.000,1968
Vanuatu,VUT,Norms and Decision-making,0.000,1969
Vanuatu,VUT,Norms and Decision-making,12.593,1970
Vanuatu,VUT,Norms and Decision-making,12.593,1971
Vanuatu,VUT,Norms and Decision-making,12.593,1972
Vanuatu,VUT,Norms and Decision-making,12.593,1973
Vanuatu,VUT,Norms and Decision-making,12.593,1974
Vanuatu,VUT,Norms and Decision-making,12.593,1975
Vanuatu,VUT,Norms and Decision-making,12.593,1976
Vanuatu,VUT,Norms and Decision-making,12.593,1977
Vanuatu,VUT,Norms and Decision-making,12.593,1978
Vanuatu,VUT,Norms and Decision-making,14.074,1979
Vanuatu,VUT,Norms and Decision-making,12.593,1980
Vanuatu,VUT,Norms and Decision-making,12.593,1981
Vanuatu,VUT,Norms and Decision-making,12.593,1982
Vanuatu,VUT,Norms and Decision-making,12.593,1983
Vanuatu,VUT,Norms and Decision-making,12.593,1984
Vanuatu,VUT,Norms and Decision-making,12.593,1985
Vanuatu,VUT,Norms and Decision-making,12.593,1986
Vanuatu,VUT,Norms and Decision-making,12.593,1987
Vanuatu,VUT,Norms and Decision-making,12.593,1988
Vanuatu,VUT,Norms and Decision-making,14.074,1989
Vanuatu,VUT,Norms and Decision-making,12.593,1990
Vanuatu,VUT,Norms and Decision-making,12.593,1991
Vanuatu,VUT,Norms and Decision-making,12.593,1992
Vanuatu,VUT,Norms and Decision-making,12.593,1993
Vanuatu,VUT,Norms and Decision-making,12.593,1994
Vanuatu,VUT,Norms and Decision-making,12.593,1995
Vanuatu,VUT,Norms and Decision-making,12.593,1996
Vanuatu,VUT,Norms and Decision-making,12.593,1997
Vanuatu,VUT,Norms and Decision-making,12.593,1998
Vanuatu,VUT,Norms and Decision-making,14.074,1999
Vanuatu,VUT,Norms and Decision-making,12.593,2000
Vanuatu,VUT,Norms and Decision-making,12.593,2001
Vanuatu,VUT,Norms and Decision-making,12.593,2002
Vanuatu,VUT,Norms and Decision-making,12.593,2003
Vanuatu,VUT,Norms and Decision-making,12.593,2004
Vanuatu,VUT,Norms and Decision-making,12.593,2005
Vanuatu,VUT,Norms and Decision-making,12.593,2006
Vanuatu,VUT,Norms and Decision-making,14.815,2007
Vanuatu,VUT,Norms and Decision-making,12.593,2008
Vanuatu,VUT,Norms and Decision-making,14.074,2009
Vanuatu,VUT,Norms and Decision-making,12.593,2010
Vanuatu,VUT,Norms and Decision-making,12.593,2011
Vanuatu,VUT,Norms and Decision-making,12.593,2012
Vanuatu,VUT,Norms and Decision-making,14.074,2013
Vanuatu,VUT,Norms and Decision-making,12.593,2014
Vanuatu,VUT,Norms and Decision-making,12.593,2015
Vanuatu,VUT,Norms and Decision-making,12.593,2016
Vanuatu,VUT,Norms and Decision-making,12.593,2017
Vanuatu,VUT,Norms and Decision-making,12.593,2018
Vanuatu,VUT,Norms and Decision-making,12.593,2019
Vanuatu,VUT,Norms and Decision-making,12.593,2020
Vanuatu,VUT,Norms and Decision-making,12.593,2021
Vanuatu,VUT,Norms and Decision-making,12.593,2022
Vanuatu,VUT,Norms and Decision-making,12.593,2023
Vanuatu,VUT,Population,86.905,1960
Vanuatu,VUT,Population,86.905,1961
Vanuatu,VUT,Population,86.905,1962
Vanuatu,VUT,Population,86.905,1963
Vanuatu,VUT,Population,86.905,1964
Vanuatu,VUT,Population,86.905,1965
Vanuatu,VUT,Population,86.905,1966
Vanuatu,VUT,Population,86.905,1967
Vanuatu,VUT,Population,86.905,1968
Vanuatu,VUT,Population,86.905,1969
Vanuatu,VUT,Population,86.905,1970
Vanuatu,VUT,Population,86.905,1971
Vanuatu,VUT,Population,86.905,1972
Vanuatu,VUT,Population,86.905,1973
Vanuatu,VUT,Population,86.905,1974
Vanuatu,VUT,Population,86.905,1975
Vanuatu,VUT,Population,86.905,1976
Vanuatu,VUT,Population,86.905,1977
Vanuatu,VUT,Population,86.905,1978
Vanuatu,VUT,Population,89.286,1979
Vanuatu,VUT,Population,91.667,1980
Vanuatu,VUT,Population,86.905,1981
Vanuatu,VUT,Population,86.905,1982
Vanuatu,VUT,Population,86.905,1983
Vanuatu,VUT,Population,86.905,1984
Vanuatu,VUT,Population,91.667,1985
Vanuatu,VUT,Population,86.905,1986
Vanuatu,VUT,Population,86.905,1987
Vanuatu,VUT,Population,86.905,1988
Vanuatu,VUT,Population,89.286,1989
Vanuatu,VUT,Population,92.857,1990
Vanuatu,VUT,Population,86.905,1991
Vanuatu,VUT,Population,86.905,1992
Vanuatu,VUT,Population,86.905,1993
Vanuatu,VUT,Population,86.905,1994
Vanuatu,VUT,Population,92.857,1995
Vanuatu,VUT,Population,86.905,1996
Vanuatu,VUT,Population,86.905,1997
Vanuatu,VUT,Population,86.905,1998
Vanuatu,VUT,Population,89.286,1999
Vanuatu,VUT,Population,92.857,2000
Vanuatu,VUT,Population,86.905,2001
Vanuatu,VUT,Population,86.905,2002
Vanuatu,VUT,Population,86.905,2003
Vanuatu,VUT,Population,86.905,2004
Vanuatu,VUT,Population,92.857,2005
Vanuatu,VUT,Population,86.905,2006
Vanuatu,VUT,Population,89.286,2007
Vanuatu,VUT,Population,86.905,2008
Vanuatu,VUT,Population,89.286,2009
Vanuatu,VUT,Population,92.857,2010
Vanuatu,VUT,Population,86.905,2011
Vanuatu,VUT,Population,86.905,2012
Vanuatu,VUT,Population,90.476,2013
Vanuatu,VUT,Population,86.905,2014
Vanuatu,VUT,Population,92.857,2015
Vanuatu,VUT,Population,86.905,2016
Vanuatu,VUT,Population,86.905,2017
Vanuatu,VUT,Population,86.905,2018
Vanuatu,VUT,Population,86.905,2019
Vanuatu,VUT,Population,88.095,2020
Vanuatu,VUT,Population,86.905,2021
Vanuatu,VUT,Population,86.905,2022
Vanuatu,VUT,Population,77.381,2023
Vanuatu,VUT,SDGs,2.685,1960
Vanuatu,VUT,SDGs,2.685,1961
Vanuatu,VUT,SDGs,2.685,1962
Vanuatu,VUT,SDGs,2.685,1963
Vanuatu,VUT,SDGs,2.685,1964
Vanuatu,VUT,SDGs,2.685,1965
Vanuatu,VUT,SDGs,2.685,1966
Vanuatu,VUT,SDGs,2.685,1967
Vanuatu,VUT,SDGs,2.685,1968
Vanuatu,VUT,SDGs,2.685,1969
Vanuatu,VUT,SDGs,11.409,1970
Vanuatu,VUT,SDGs,11.409,1971
Vanuatu,VUT,SDGs,11.409,1972
Vanuatu,VUT,SDGs,11.409,1973
Vanuatu,VUT,SDGs,11.409,1974
Vanuatu,VUT,SDGs,11.409,1975
Vanuatu,VUT,SDGs,11.409,1976
Vanuatu,VUT,SDGs,11.409,1977
Vanuatu,VUT,SDGs,11.409,1978
Vanuatu,VUT,SDGs,11.409,1979
Vanuatu,VUT,SDGs,11.409,1980
Vanuatu,VUT,SDGs,11.409,1981
Vanuatu,VUT,SDGs,12.081,1982
Vanuatu,VUT,SDGs,12.081,1983
Vanuatu,VUT,SDGs,12.081,1984
Vanuatu,VUT,SDGs,12.081,1985
Vanuatu,VUT,SDGs,12.081,1986
Vanuatu,VUT,SDGs,12.081,1987
Vanuatu,VUT,SDGs,12.081,1988
Vanuatu,VUT,SDGs,12.081,1989
Vanuatu,VUT,SDGs,12.752,1990
Vanuatu,VUT,SDGs,16.107,1991
Vanuatu,VUT,SDGs,16.107,1992
Vanuatu,VUT,SDGs,16.107,1993
Vanuatu,VUT,SDGs,16.779,1994
Vanuatu,VUT,SDGs,16.779,1995
Vanuatu,VUT,SDGs,16.107,1996
Vanuatu,VUT,SDGs,16.107,1997
Vanuatu,VUT,SDGs,16.107,1998
Vanuatu,VUT,SDGs,17.450,1999
Vanuatu,VUT,SDGs,62.416,2000
Vanuatu,VUT,SDGs,29.530,2001
Vanuatu,VUT,SDGs,29.530,2002
Vanuatu,VUT,SDGs,30.201,2003
Vanuatu,VUT,SDGs,29.530,2004
Vanuatu,VUT,SDGs,32.215,2005
Vanuatu,VUT,SDGs,34.228,2006
Vanuatu,VUT,SDGs,30.201,2007
Vanuatu,VUT,SDGs,29.530,2008
Vanuatu,VUT,SDGs,34.228,2009
Vanuatu,VUT,SDGs,65.772,2010
Vanuatu,VUT,SDGs,29.530,2011
Vanuatu,VUT,SDGs,29.530,2012
Vanuatu,VUT,SDGs,31.544,2013
Vanuatu,VUT,SDGs,29.530,2014
Vanuatu,VUT,SDGs,61.745,2015
Vanuatu,VUT,SDGs,29.530,2016
Vanuatu,VUT,SDGs,29.530,2017
Vanuatu,VUT,SDGs,32.886,2018
Vanuatu,VUT,SDGs,69.799,2019
Vanuatu,VUT,SDGs,27.517,2020
Vanuatu,VUT,SDGs,18.792,2021
Vanuatu,VUT,SDGs,18.792,2022
Vanuatu,VUT,SDGs,14.094,2023
Vanuatu,VUT,Technology,0.000,1960
Vanuatu,VUT,Technology,0.000,1961
Vanuatu,VUT,Technology,0.000,1962
Vanuatu,VUT,Technology,0.000,1963
Vanuatu,VUT,Technology,0.000,1964
Vanuatu,VUT,Technology,0.000,1965
Vanuatu,VUT,Technology,0.000,1966
Vanuatu,VUT,Technology,0.000,1967
Vanuatu,VUT,Technology,0.000,1968
Vanuatu,VUT,Technology,0.000,1969
Vanuatu,VUT,Technology,0.000,1970
Vanuatu,VUT,Technology,0.000,1971
Vanuatu,VUT,Technology,0.000,1972
Vanuatu,VUT,Technology,0.000,1973
Vanuatu,VUT,Technology,0.000,1974
Vanuatu,VUT,Technology,0.000,1975
Vanuatu,VUT,Technology,0.000,1976
Vanuatu,VUT,Technology,0.000,1977
Vanuatu,VUT,Technology,0.000,1978
Vanuatu,VUT,Technology,0.000,1979
Vanuatu,VUT,Technology,0.000,1980
Vanuatu,VUT,Technology,0.000,1981
Vanuatu,VUT,Technology,0.000,1982
Vanuatu,VUT,Technology,0.000,1983
Vanuatu,VUT,Technology,0.000,1984
Vanuatu,VUT,Technology,0.000,1985
Vanuatu,VUT,Technology,0.000,1986
Vanuatu,VUT,Technology,0.000,1987
Vanuatu,VUT,Technology,0.000,1988
Vanuatu,VUT,Technology,0.000,1989
Vanuatu,VUT,Technology,2.222,1990
Vanuatu,VUT,Technology,2.222,1991
Vanuatu,VUT,Technology,2.222,1992
Vanuatu,VUT,Technology,2.222,1993
Vanuatu,VUT,Technology,2.222,1994
Vanuatu,VUT,Technology,2.222,1995
Vanuatu,VUT,Technology,2.222,1996
Vanuatu,VUT,Technology,2.222,1997
Vanuatu,VUT,Technology,2.222,1998
Vanuatu,VUT,Technology,2.222,1999
Vanuatu,VUT,Technology,2.222,2000
Vanuatu,VUT,Technology,2.222,2001
Vanuatu,VUT,Technology,2.222,2002
Vanuatu,VUT,Technology,2.222,2003
Vanuatu,VUT,Technology,2.222,2004
Vanuatu,VUT,Technology,2.222,2005
Vanuatu,VUT,Technology,2.222,2006
Vanuatu,VUT,Technology,2.222,2007
Vanuatu,VUT,Technology,2.222,2008
Vanuatu,VUT,Technology,2.222,2009
Vanuatu,VUT,Technology,2.222,2010
Vanuatu,VUT,Technology,2.222,2011
Vanuatu,VUT,Technology,2.222,2012
Vanuatu,VUT,Technology,2.222,2013
Vanuatu,VUT,Technology,2.222,2014
Vanuatu,VUT,Technology,2.222,2015
Vanuatu,VUT,Technology,2.222,2016
Vanuatu,VUT,Technology,2.222,2017
Vanuatu,VUT,Technology,2.222,2018
Vanuatu,VUT,Technology,2.222,2019
Vanuatu,VUT,Technology,2.222,2020
Vanuatu,VUT,Technology,2.222,2021
Vanuatu,VUT,Technology,2.222,2022
Vanuatu,VUT,Technology,0.000,2023
Vanuatu,VUT,Violence,0.000,1960
Vanuatu,VUT,Violence,0.000,1961
Vanuatu,VUT,Violence,0.000,1962
Vanuatu,VUT,Violence,0.000,1963
Vanuatu,VUT,Violence,0.000,1964
Vanuatu,VUT,Violence,0.000,1965
Vanuatu,VUT,Violence,0.000,1966
Vanuatu,VUT,Violence,0.000,1967
Vanuatu,VUT,Violence,0.000,1968
Vanuatu,VUT,Violence,0.000,1969
Vanuatu,VUT,Violence,2.143,1970
Vanuatu,VUT,Violence,2.143,1971
Vanuatu,VUT,Violence,2.143,1972
Vanuatu,VUT,Violence,2.143,1973
Vanuatu,VUT,Violence,2.143,1974
Vanuatu,VUT,Violence,2.143,1975
Vanuatu,VUT,Violence,2.143,1976
Vanuatu,VUT,Violence,2.143,1977
Vanuatu,VUT,Violence,2.143,1978
Vanuatu,VUT,Violence,2.143,1979
Vanuatu,VUT,Violence,2.143,1980
Vanuatu,VUT,Violence,2.143,1981
Vanuatu,VUT,Violence,2.143,1982
Vanuatu,VUT,Violence,2.143,1983
Vanuatu,VUT,Violence,2.143,1984
Vanuatu,VUT,Violence,2.143,1985
Vanuatu,VUT,Violence,2.143,1986
Vanuatu,VUT,Violence,2.143,1987
Vanuatu,VUT,Violence,2.143,1988
Vanuatu,VUT,Violence,2.143,1989
Vanuatu,VUT,Violence,2.143,1990
Vanuatu,VUT,Violence,2.143,1991
Vanuatu,VUT,Violence,2.143,1992
Vanuatu,VUT,Violence,2.143,1993
Vanuatu,VUT,Violence,2.143,1994
Vanuatu,VUT,Violence,2.143,1995
Vanuatu,VUT,Violence,2.143,1996
Vanuatu,VUT,Violence,2.143,1997
Vanuatu,VUT,Violence,2.143,1998
Vanuatu,VUT,Violence,2.143,1999
Vanuatu,VUT,Violence,4.286,2000
Vanuatu,VUT,Violence,4.286,2001
Vanuatu,VUT,Violence,4.286,2002
Vanuatu,VUT,Violence,4.286,2003
Vanuatu,VUT,Violence,4.286,2004
Vanuatu,VUT,Violence,4.286,2005
Vanuatu,VUT,Violence,4.286,2006
Vanuatu,VUT,Violence,4.286,2007
Vanuatu,VUT,Violence,4.286,2008
Vanuatu,VUT,Violence,5.000,2009
Vanuatu,VUT,Violence,4.286,2010
Vanuatu,VUT,Violence,4.286,2011
Vanuatu,VUT,Violence,4.286,2012
Vanuatu,VUT,Violence,5.714,2013
Vanuatu,VUT,Violence,4.286,2014
Vanuatu,VUT,Violence,4.286,2015
Vanuatu,VUT,Violence,4.286,2016
Vanuatu,VUT,Violence,4.286,2017
Vanuatu,VUT,Violence,7.143,2018
Vanuatu,VUT,Violence,6.429,2019
Vanuatu,VUT,Violence,4.286,2020
Vanuatu,VUT,Violence,2.143,2021
Vanuatu,VUT,Violence,2.143,2022
Vanuatu,VUT,Violence,2.143,2023
Vanuatu,VUT,Youth 15-24,4.587,1960
Vanuatu,VUT,Youth 15-24,4.587,1961
Vanuatu,VUT,Youth 15-24,4.587,1962
Vanuatu,VUT,Youth 15-24,4.587,1963
Vanuatu,VUT,Youth 15-24,4.587,1964
Vanuatu,VUT,Youth 15-24,4.587,1965
Vanuatu,VUT,Youth 15-24,4.587,1966
Vanuatu,VUT,Youth 15-24,4.587,1967
Vanuatu,VUT,Youth 15-24,4.587,1968
Vanuatu,VUT,Youth 15-24,4.587,1969
Vanuatu,VUT,Youth 15-24,14.679,1970
Vanuatu,VUT,Youth 15-24,14.679,1971
Vanuatu,VUT,Youth 15-24,14.679,1972
Vanuatu,VUT,Youth 15-24,14.679,1973
Vanuatu,VUT,Youth 15-24,14.679,1974
Vanuatu,VUT,Youth 15-24,14.679,1975
Vanuatu,VUT,Youth 15-24,14.679,1976
Vanuatu,VUT,Youth 15-24,14.679,1977
Vanuatu,VUT,Youth 15-24,14.679,1978
Vanuatu,VUT,Youth 15-24,17.431,1979
Vanuatu,VUT,Youth 15-24,14.679,1980
Vanuatu,VUT,Youth 15-24,14.679,1981
Vanuatu,VUT,Youth 15-24,4.587,1982
Vanuatu,VUT,Youth 15-24,13.761,1983
Vanuatu,VUT,Youth 15-24,11.927,1984
Vanuatu,VUT,Youth 15-24,4.587,1985
Vanuatu,VUT,Youth 15-24,4.587,1986
Vanuatu,VUT,Youth 15-24,4.587,1987
Vanuatu,VUT,Youth 15-24,4.587,1988
Vanuatu,VUT,Youth 15-24,13.761,1989
Vanuatu,VUT,Youth 15-24,9.174,1990
Vanuatu,VUT,Youth 15-24,26.606,1991
Vanuatu,VUT,Youth 15-24,13.761,1992
Vanuatu,VUT,Youth 15-24,16.514,1993
Vanuatu,VUT,Youth 15-24,21.101,1994
Vanuatu,VUT,Youth 15-24,13.761,1995
Vanuatu,VUT,Youth 15-24,13.761,1996
Vanuatu,VUT,Youth 15-24,16.514,1997
Vanuatu,VUT,Youth 15-24,13.761,1998
Vanuatu,VUT,Youth 15-24,35.780,1999
Vanuatu,VUT,Youth 15-24,35.780,2000
Vanuatu,VUT,Youth 15-24,33.028,2001
Vanuatu,VUT,Youth 15-24,35.780,2002
Vanuatu,VUT,Youth 15-24,35.780,2003
Vanuatu,VUT,Youth 15-24,43.119,2004
Vanuatu,VUT,Youth 15-24,13.761,2005
Vanuatu,VUT,Youth 15-24,25.688,2006
Vanuatu,VUT,Youth 15-24,13.761,2007
Vanuatu,VUT,Youth 15-24,15.596,2008
Vanuatu,VUT,Youth 15-24,30.275,2009
Vanuatu,VUT,Youth 15-24,58.716,2010
Vanuatu,VUT,Youth 15-24,13.761,2011
Vanuatu,VUT,Youth 15-24,13.761,2012
Vanuatu,VUT,Youth 15-24,15.596,2013
Vanuatu,VUT,Youth 15-24,21.101,2014
Vanuatu,VUT,Youth 15-24,35.780,2015
Vanuatu,VUT,Youth 15-24,13.761,2016
Vanuatu,VUT,Youth 15-24,13.761,2017
Vanuatu,VUT,Youth 15-24,17.431,2018
Vanuatu,VUT,Youth 15-24,36.697,2019
Vanuatu,VUT,Youth 15-24,41.284,2020
Vanuatu,VUT,Youth 15-24,20.183,2021
Vanuatu,VUT,Youth 15-24,17.431,2022
Vanuatu,VUT,Youth 15-24,16.514,2023
