Country Name,Country Code,Topic,% of available indicators,Year
Hungary,HUN,Assets,0.000,1960
Hungary,HUN,Assets,0.000,1961
Hungary,HUN,Assets,0.000,1962
Hungary,HUN,Assets,0.000,1963
Hungary,HUN,Assets,0.000,1964
Hungary,HUN,Assets,0.000,1965
Hungary,HUN,Assets,0.000,1966
Hungary,HUN,Assets,0.000,1967
Hungary,HUN,Assets,0.000,1968
Hungary,HUN,Assets,0.000,1969
Hungary,HUN,Assets,2.208,1970
Hungary,HUN,Assets,2.208,1971
Hungary,HUN,Assets,2.208,1972
Hungary,HUN,Assets,2.208,1973
Hungary,HUN,Assets,2.208,1974
Hungary,HUN,Assets,2.208,1975
Hungary,HUN,Assets,2.208,1976
Hungary,HUN,Assets,2.208,1977
Hungary,HUN,Assets,2.208,1978
Hungary,HUN,Assets,2.208,1979
Hungary,HUN,Assets,2.208,1980
Hungary,HUN,Assets,2.208,1981
Hungary,HUN,Assets,2.208,1982
Hungary,HUN,Assets,2.208,1983
Hungary,HUN,Assets,2.208,1984
Hungary,HUN,Assets,2.208,1985
Hungary,HUN,Assets,2.208,1986
Hungary,HUN,Assets,2.208,1987
Hungary,HUN,Assets,2.208,1988
Hungary,HUN,Assets,2.208,1989
Hungary,HUN,Assets,2.208,1990
Hungary,HUN,Assets,2.208,1991
Hungary,HUN,Assets,2.208,1992
Hungary,HUN,Assets,2.208,1993
Hungary,HUN,Assets,2.208,1994
Hungary,HUN,Assets,2.208,1995
Hungary,HUN,Assets,2.208,1996
Hungary,HUN,Assets,2.208,1997
Hungary,HUN,Assets,2.208,1998
Hungary,HUN,Assets,2.208,1999
Hungary,HUN,Assets,2.208,2000
Hungary,HUN,Assets,2.208,2001
Hungary,HUN,Assets,2.208,2002
Hungary,HUN,Assets,2.208,2003
Hungary,HUN,Assets,2.208,2004
Hungary,HUN,Assets,2.208,2005
Hungary,HUN,Assets,2.208,2006
Hungary,HUN,Assets,2.208,2007
Hungary,HUN,Assets,2.208,2008
Hungary,HUN,Assets,2.208,2009
Hungary,HUN,Assets,2.208,2010
Hungary,HUN,Assets,11.672,2011
Hungary,HUN,Assets,2.208,2012
Hungary,HUN,Assets,2.208,2013
Hungary,HUN,Assets,30.599,2014
Hungary,HUN,Assets,2.208,2015
Hungary,HUN,Assets,2.208,2016
Hungary,HUN,Assets,33.123,2017
Hungary,HUN,Assets,2.208,2018
Hungary,HUN,Assets,2.208,2019
Hungary,HUN,Assets,2.208,2020
Hungary,HUN,Assets,58.360,2021
Hungary,HUN,Assets,2.208,2022
Hungary,HUN,Assets,2.208,2023
Hungary,HUN,Children 0-14,19.231,1960
Hungary,HUN,Children 0-14,19.231,1961
Hungary,HUN,Children 0-14,19.231,1962
Hungary,HUN,Children 0-14,19.231,1963
Hungary,HUN,Children 0-14,19.231,1964
Hungary,HUN,Children 0-14,19.231,1965
Hungary,HUN,Children 0-14,19.231,1966
Hungary,HUN,Children 0-14,19.231,1967
Hungary,HUN,Children 0-14,19.231,1968
Hungary,HUN,Children 0-14,19.231,1969
Hungary,HUN,Children 0-14,23.846,1970
Hungary,HUN,Children 0-14,27.692,1971
Hungary,HUN,Children 0-14,27.692,1972
Hungary,HUN,Children 0-14,27.692,1973
Hungary,HUN,Children 0-14,27.692,1974
Hungary,HUN,Children 0-14,27.692,1975
Hungary,HUN,Children 0-14,30.769,1976
Hungary,HUN,Children 0-14,30.769,1977
Hungary,HUN,Children 0-14,30.769,1978
Hungary,HUN,Children 0-14,30.769,1979
Hungary,HUN,Children 0-14,36.923,1980
Hungary,HUN,Children 0-14,32.308,1981
Hungary,HUN,Children 0-14,32.308,1982
Hungary,HUN,Children 0-14,32.308,1983
Hungary,HUN,Children 0-14,32.308,1984
Hungary,HUN,Children 0-14,32.308,1985
Hungary,HUN,Children 0-14,32.308,1986
Hungary,HUN,Children 0-14,32.308,1987
Hungary,HUN,Children 0-14,32.308,1988
Hungary,HUN,Children 0-14,32.308,1989
Hungary,HUN,Children 0-14,32.308,1990
Hungary,HUN,Children 0-14,29.231,1991
Hungary,HUN,Children 0-14,29.231,1992
Hungary,HUN,Children 0-14,24.615,1993
Hungary,HUN,Children 0-14,30.000,1994
Hungary,HUN,Children 0-14,30.000,1995
Hungary,HUN,Children 0-14,34.615,1996
Hungary,HUN,Children 0-14,40.000,1997
Hungary,HUN,Children 0-14,37.692,1998
Hungary,HUN,Children 0-14,37.692,1999
Hungary,HUN,Children 0-14,51.538,2000
Hungary,HUN,Children 0-14,48.462,2001
Hungary,HUN,Children 0-14,36.154,2002
Hungary,HUN,Children 0-14,36.154,2003
Hungary,HUN,Children 0-14,39.231,2004
Hungary,HUN,Children 0-14,43.846,2005
Hungary,HUN,Children 0-14,46.923,2006
Hungary,HUN,Children 0-14,40.769,2007
Hungary,HUN,Children 0-14,40.769,2008
Hungary,HUN,Children 0-14,43.077,2009
Hungary,HUN,Children 0-14,59.231,2010
Hungary,HUN,Children 0-14,50.000,2011
Hungary,HUN,Children 0-14,44.615,2012
Hungary,HUN,Children 0-14,51.538,2013
Hungary,HUN,Children 0-14,50.769,2014
Hungary,HUN,Children 0-14,66.154,2015
Hungary,HUN,Children 0-14,58.462,2016
Hungary,HUN,Children 0-14,55.385,2017
Hungary,HUN,Children 0-14,41.538,2018
Hungary,HUN,Children 0-14,52.308,2019
Hungary,HUN,Children 0-14,42.308,2020
Hungary,HUN,Children 0-14,37.692,2021
Hungary,HUN,Children 0-14,36.154,2022
Hungary,HUN,Children 0-14,9.231,2023
Hungary,HUN,Education,0.000,1960
Hungary,HUN,Education,0.000,1961
Hungary,HUN,Education,0.000,1962
Hungary,HUN,Education,0.000,1963
Hungary,HUN,Education,0.000,1964
Hungary,HUN,Education,0.000,1965
Hungary,HUN,Education,0.000,1966
Hungary,HUN,Education,0.000,1967
Hungary,HUN,Education,0.000,1968
Hungary,HUN,Education,0.000,1969
Hungary,HUN,Education,7.975,1970
Hungary,HUN,Education,19.632,1971
Hungary,HUN,Education,19.632,1972
Hungary,HUN,Education,19.632,1973
Hungary,HUN,Education,19.632,1974
Hungary,HUN,Education,20.859,1975
Hungary,HUN,Education,23.313,1976
Hungary,HUN,Education,23.313,1977
Hungary,HUN,Education,23.313,1978
Hungary,HUN,Education,23.313,1979
Hungary,HUN,Education,37.423,1980
Hungary,HUN,Education,23.313,1981
Hungary,HUN,Education,23.313,1982
Hungary,HUN,Education,23.313,1983
Hungary,HUN,Education,23.313,1984
Hungary,HUN,Education,23.313,1985
Hungary,HUN,Education,23.313,1986
Hungary,HUN,Education,23.313,1987
Hungary,HUN,Education,23.313,1988
Hungary,HUN,Education,23.313,1989
Hungary,HUN,Education,30.061,1990
Hungary,HUN,Education,19.632,1991
Hungary,HUN,Education,19.632,1992
Hungary,HUN,Education,6.748,1993
Hungary,HUN,Education,20.245,1994
Hungary,HUN,Education,20.245,1995
Hungary,HUN,Education,26.994,1996
Hungary,HUN,Education,34.969,1997
Hungary,HUN,Education,38.037,1998
Hungary,HUN,Education,47.239,1999
Hungary,HUN,Education,47.239,2000
Hungary,HUN,Education,61.350,2001
Hungary,HUN,Education,46.012,2002
Hungary,HUN,Education,46.012,2003
Hungary,HUN,Education,48.466,2004
Hungary,HUN,Education,59.509,2005
Hungary,HUN,Education,56.442,2006
Hungary,HUN,Education,44.172,2007
Hungary,HUN,Education,51.534,2008
Hungary,HUN,Education,57.055,2009
Hungary,HUN,Education,68.098,2010
Hungary,HUN,Education,61.963,2011
Hungary,HUN,Education,60.123,2012
Hungary,HUN,Education,71.166,2013
Hungary,HUN,Education,76.074,2014
Hungary,HUN,Education,72.393,2015
Hungary,HUN,Education,77.301,2016
Hungary,HUN,Education,78.528,2017
Hungary,HUN,Education,51.534,2018
Hungary,HUN,Education,39.264,2019
Hungary,HUN,Education,50.307,2020
Hungary,HUN,Education,41.718,2021
Hungary,HUN,Education,34.969,2022
Hungary,HUN,Education,1.840,2023
Hungary,HUN,Employment and Time Use,5.109,1960
Hungary,HUN,Employment and Time Use,0.000,1961
Hungary,HUN,Employment and Time Use,0.000,1962
Hungary,HUN,Employment and Time Use,0.000,1963
Hungary,HUN,Employment and Time Use,0.000,1964
Hungary,HUN,Employment and Time Use,0.000,1965
Hungary,HUN,Employment and Time Use,0.000,1966
Hungary,HUN,Employment and Time Use,0.000,1967
Hungary,HUN,Employment and Time Use,0.000,1968
Hungary,HUN,Employment and Time Use,0.000,1969
Hungary,HUN,Employment and Time Use,26.277,1970
Hungary,HUN,Employment and Time Use,21.168,1971
Hungary,HUN,Employment and Time Use,21.168,1972
Hungary,HUN,Employment and Time Use,21.168,1973
Hungary,HUN,Employment and Time Use,21.168,1974
Hungary,HUN,Employment and Time Use,21.168,1975
Hungary,HUN,Employment and Time Use,21.168,1976
Hungary,HUN,Employment and Time Use,21.168,1977
Hungary,HUN,Employment and Time Use,26.277,1978
Hungary,HUN,Employment and Time Use,26.277,1979
Hungary,HUN,Employment and Time Use,26.277,1980
Hungary,HUN,Employment and Time Use,26.277,1981
Hungary,HUN,Employment and Time Use,24.088,1982
Hungary,HUN,Employment and Time Use,24.088,1983
Hungary,HUN,Employment and Time Use,24.088,1984
Hungary,HUN,Employment and Time Use,26.277,1985
Hungary,HUN,Employment and Time Use,26.277,1986
Hungary,HUN,Employment and Time Use,26.277,1987
Hungary,HUN,Employment and Time Use,26.277,1988
Hungary,HUN,Employment and Time Use,26.277,1989
Hungary,HUN,Employment and Time Use,40.876,1990
Hungary,HUN,Employment and Time Use,63.504,1991
Hungary,HUN,Employment and Time Use,70.803,1992
Hungary,HUN,Employment and Time Use,70.803,1993
Hungary,HUN,Employment and Time Use,70.803,1994
Hungary,HUN,Employment and Time Use,70.803,1995
Hungary,HUN,Employment and Time Use,75.182,1996
Hungary,HUN,Employment and Time Use,88.321,1997
Hungary,HUN,Employment and Time Use,88.321,1998
Hungary,HUN,Employment and Time Use,89.781,1999
Hungary,HUN,Employment and Time Use,91.971,2000
Hungary,HUN,Employment and Time Use,90.511,2001
Hungary,HUN,Employment and Time Use,90.511,2002
Hungary,HUN,Employment and Time Use,90.511,2003
Hungary,HUN,Employment and Time Use,90.511,2004
Hungary,HUN,Employment and Time Use,90.511,2005
Hungary,HUN,Employment and Time Use,90.511,2006
Hungary,HUN,Employment and Time Use,90.511,2007
Hungary,HUN,Employment and Time Use,90.511,2008
Hungary,HUN,Employment and Time Use,90.511,2009
Hungary,HUN,Employment and Time Use,91.971,2010
Hungary,HUN,Employment and Time Use,90.511,2011
Hungary,HUN,Employment and Time Use,90.511,2012
Hungary,HUN,Employment and Time Use,90.511,2013
Hungary,HUN,Employment and Time Use,90.511,2014
Hungary,HUN,Employment and Time Use,90.511,2015
Hungary,HUN,Employment and Time Use,90.511,2016
Hungary,HUN,Employment and Time Use,90.511,2017
Hungary,HUN,Employment and Time Use,90.511,2018
Hungary,HUN,Employment and Time Use,90.511,2019
Hungary,HUN,Employment and Time Use,90.511,2020
Hungary,HUN,Employment and Time Use,90.511,2021
Hungary,HUN,Employment and Time Use,90.511,2022
Hungary,HUN,Employment and Time Use,92.701,2023
Hungary,HUN,Entrepreneurship,0.000,1960
Hungary,HUN,Entrepreneurship,0.000,1961
Hungary,HUN,Entrepreneurship,0.000,1962
Hungary,HUN,Entrepreneurship,0.000,1963
Hungary,HUN,Entrepreneurship,0.000,1964
Hungary,HUN,Entrepreneurship,0.000,1965
Hungary,HUN,Entrepreneurship,0.000,1966
Hungary,HUN,Entrepreneurship,0.000,1967
Hungary,HUN,Entrepreneurship,0.000,1968
Hungary,HUN,Entrepreneurship,0.000,1969
Hungary,HUN,Entrepreneurship,9.375,1970
Hungary,HUN,Entrepreneurship,9.375,1971
Hungary,HUN,Entrepreneurship,9.375,1972
Hungary,HUN,Entrepreneurship,9.375,1973
Hungary,HUN,Entrepreneurship,9.375,1974
Hungary,HUN,Entrepreneurship,9.375,1975
Hungary,HUN,Entrepreneurship,9.375,1976
Hungary,HUN,Entrepreneurship,9.375,1977
Hungary,HUN,Entrepreneurship,9.375,1978
Hungary,HUN,Entrepreneurship,9.375,1979
Hungary,HUN,Entrepreneurship,9.375,1980
Hungary,HUN,Entrepreneurship,9.375,1981
Hungary,HUN,Entrepreneurship,9.375,1982
Hungary,HUN,Entrepreneurship,9.375,1983
Hungary,HUN,Entrepreneurship,9.375,1984
Hungary,HUN,Entrepreneurship,9.375,1985
Hungary,HUN,Entrepreneurship,9.375,1986
Hungary,HUN,Entrepreneurship,9.375,1987
Hungary,HUN,Entrepreneurship,9.375,1988
Hungary,HUN,Entrepreneurship,9.375,1989
Hungary,HUN,Entrepreneurship,9.375,1990
Hungary,HUN,Entrepreneurship,9.375,1991
Hungary,HUN,Entrepreneurship,9.375,1992
Hungary,HUN,Entrepreneurship,9.375,1993
Hungary,HUN,Entrepreneurship,9.375,1994
Hungary,HUN,Entrepreneurship,9.375,1995
Hungary,HUN,Entrepreneurship,9.375,1996
Hungary,HUN,Entrepreneurship,9.375,1997
Hungary,HUN,Entrepreneurship,9.375,1998
Hungary,HUN,Entrepreneurship,9.375,1999
Hungary,HUN,Entrepreneurship,9.375,2000
Hungary,HUN,Entrepreneurship,9.375,2001
Hungary,HUN,Entrepreneurship,9.375,2002
Hungary,HUN,Entrepreneurship,37.500,2003
Hungary,HUN,Entrepreneurship,37.500,2004
Hungary,HUN,Entrepreneurship,40.625,2005
Hungary,HUN,Entrepreneurship,37.500,2006
Hungary,HUN,Entrepreneurship,37.500,2007
Hungary,HUN,Entrepreneurship,37.500,2008
Hungary,HUN,Entrepreneurship,43.750,2009
Hungary,HUN,Entrepreneurship,37.500,2010
Hungary,HUN,Entrepreneurship,37.500,2011
Hungary,HUN,Entrepreneurship,37.500,2012
Hungary,HUN,Entrepreneurship,43.750,2013
Hungary,HUN,Entrepreneurship,56.250,2014
Hungary,HUN,Entrepreneurship,37.500,2015
Hungary,HUN,Entrepreneurship,37.500,2016
Hungary,HUN,Entrepreneurship,56.250,2017
Hungary,HUN,Entrepreneurship,37.500,2018
Hungary,HUN,Entrepreneurship,43.750,2019
Hungary,HUN,Entrepreneurship,9.375,2020
Hungary,HUN,Entrepreneurship,9.375,2021
Hungary,HUN,Entrepreneurship,9.375,2022
Hungary,HUN,Entrepreneurship,15.625,2023
Hungary,HUN,Environment,0.000,1960
Hungary,HUN,Environment,0.000,1961
Hungary,HUN,Environment,0.000,1962
Hungary,HUN,Environment,0.000,1963
Hungary,HUN,Environment,0.000,1964
Hungary,HUN,Environment,0.000,1965
Hungary,HUN,Environment,0.000,1966
Hungary,HUN,Environment,0.000,1967
Hungary,HUN,Environment,0.000,1968
Hungary,HUN,Environment,0.000,1969
Hungary,HUN,Environment,0.000,1970
Hungary,HUN,Environment,0.000,1971
Hungary,HUN,Environment,0.000,1972
Hungary,HUN,Environment,0.000,1973
Hungary,HUN,Environment,0.000,1974
Hungary,HUN,Environment,0.000,1975
Hungary,HUN,Environment,0.000,1976
Hungary,HUN,Environment,0.000,1977
Hungary,HUN,Environment,0.000,1978
Hungary,HUN,Environment,0.000,1979
Hungary,HUN,Environment,0.000,1980
Hungary,HUN,Environment,0.000,1981
Hungary,HUN,Environment,0.000,1982
Hungary,HUN,Environment,0.000,1983
Hungary,HUN,Environment,0.000,1984
Hungary,HUN,Environment,0.000,1985
Hungary,HUN,Environment,0.000,1986
Hungary,HUN,Environment,0.000,1987
Hungary,HUN,Environment,0.000,1988
Hungary,HUN,Environment,0.000,1989
Hungary,HUN,Environment,0.000,1990
Hungary,HUN,Environment,0.000,1991
Hungary,HUN,Environment,0.000,1992
Hungary,HUN,Environment,0.000,1993
Hungary,HUN,Environment,0.000,1994
Hungary,HUN,Environment,0.000,1995
Hungary,HUN,Environment,0.000,1996
Hungary,HUN,Environment,0.000,1997
Hungary,HUN,Environment,0.000,1998
Hungary,HUN,Environment,3.333,1999
Hungary,HUN,Environment,13.333,2000
Hungary,HUN,Environment,13.333,2001
Hungary,HUN,Environment,13.333,2002
Hungary,HUN,Environment,13.333,2003
Hungary,HUN,Environment,13.333,2004
Hungary,HUN,Environment,13.333,2005
Hungary,HUN,Environment,13.333,2006
Hungary,HUN,Environment,10.000,2007
Hungary,HUN,Environment,13.333,2008
Hungary,HUN,Environment,13.333,2009
Hungary,HUN,Environment,13.333,2010
Hungary,HUN,Environment,13.333,2011
Hungary,HUN,Environment,13.333,2012
Hungary,HUN,Environment,13.333,2013
Hungary,HUN,Environment,23.333,2014
Hungary,HUN,Environment,13.333,2015
Hungary,HUN,Environment,13.333,2016
Hungary,HUN,Environment,23.333,2017
Hungary,HUN,Environment,10.000,2018
Hungary,HUN,Environment,30.000,2019
Hungary,HUN,Environment,10.000,2020
Hungary,HUN,Environment,20.000,2021
Hungary,HUN,Environment,10.000,2022
Hungary,HUN,Environment,0.000,2023
Hungary,HUN,Health,8.586,1960
Hungary,HUN,Health,8.586,1961
Hungary,HUN,Health,8.586,1962
Hungary,HUN,Health,8.586,1963
Hungary,HUN,Health,8.586,1964
Hungary,HUN,Health,8.586,1965
Hungary,HUN,Health,9.596,1966
Hungary,HUN,Health,8.586,1967
Hungary,HUN,Health,8.586,1968
Hungary,HUN,Health,9.596,1969
Hungary,HUN,Health,8.586,1970
Hungary,HUN,Health,8.586,1971
Hungary,HUN,Health,9.596,1972
Hungary,HUN,Health,8.586,1973
Hungary,HUN,Health,9.596,1974
Hungary,HUN,Health,12.121,1975
Hungary,HUN,Health,11.111,1976
Hungary,HUN,Health,12.121,1977
Hungary,HUN,Health,11.111,1978
Hungary,HUN,Health,11.111,1979
Hungary,HUN,Health,12.121,1980
Hungary,HUN,Health,12.121,1981
Hungary,HUN,Health,12.121,1982
Hungary,HUN,Health,12.121,1983
Hungary,HUN,Health,12.121,1984
Hungary,HUN,Health,12.626,1985
Hungary,HUN,Health,13.636,1986
Hungary,HUN,Health,12.626,1987
Hungary,HUN,Health,12.626,1988
Hungary,HUN,Health,13.131,1989
Hungary,HUN,Health,13.636,1990
Hungary,HUN,Health,13.636,1991
Hungary,HUN,Health,13.636,1992
Hungary,HUN,Health,15.152,1993
Hungary,HUN,Health,13.636,1994
Hungary,HUN,Health,13.636,1995
Hungary,HUN,Health,13.636,1996
Hungary,HUN,Health,13.636,1997
Hungary,HUN,Health,13.636,1998
Hungary,HUN,Health,13.636,1999
Hungary,HUN,Health,51.515,2000
Hungary,HUN,Health,27.273,2001
Hungary,HUN,Health,27.273,2002
Hungary,HUN,Health,27.273,2003
Hungary,HUN,Health,27.273,2004
Hungary,HUN,Health,28.788,2005
Hungary,HUN,Health,27.273,2006
Hungary,HUN,Health,27.273,2007
Hungary,HUN,Health,27.273,2008
Hungary,HUN,Health,28.283,2009
Hungary,HUN,Health,54.545,2010
Hungary,HUN,Health,27.273,2011
Hungary,HUN,Health,27.273,2012
Hungary,HUN,Health,27.273,2013
Hungary,HUN,Health,28.788,2014
Hungary,HUN,Health,51.515,2015
Hungary,HUN,Health,27.273,2016
Hungary,HUN,Health,28.788,2017
Hungary,HUN,Health,28.283,2018
Hungary,HUN,Health,51.010,2019
Hungary,HUN,Health,20.707,2020
Hungary,HUN,Health,13.131,2021
Hungary,HUN,Health,10.606,2022
Hungary,HUN,Health,1.010,2023
Hungary,HUN,Leadership,0.000,1960
Hungary,HUN,Leadership,0.000,1961
Hungary,HUN,Leadership,0.000,1962
Hungary,HUN,Leadership,0.000,1963
Hungary,HUN,Leadership,0.000,1964
Hungary,HUN,Leadership,0.000,1965
Hungary,HUN,Leadership,0.000,1966
Hungary,HUN,Leadership,0.000,1967
Hungary,HUN,Leadership,0.000,1968
Hungary,HUN,Leadership,0.000,1969
Hungary,HUN,Leadership,0.000,1970
Hungary,HUN,Leadership,0.000,1971
Hungary,HUN,Leadership,0.000,1972
Hungary,HUN,Leadership,0.000,1973
Hungary,HUN,Leadership,0.000,1974
Hungary,HUN,Leadership,0.000,1975
Hungary,HUN,Leadership,0.000,1976
Hungary,HUN,Leadership,0.000,1977
Hungary,HUN,Leadership,0.000,1978
Hungary,HUN,Leadership,0.000,1979
Hungary,HUN,Leadership,0.000,1980
Hungary,HUN,Leadership,0.000,1981
Hungary,HUN,Leadership,0.000,1982
Hungary,HUN,Leadership,0.000,1983
Hungary,HUN,Leadership,0.000,1984
Hungary,HUN,Leadership,0.000,1985
Hungary,HUN,Leadership,0.000,1986
Hungary,HUN,Leadership,0.000,1987
Hungary,HUN,Leadership,0.000,1988
Hungary,HUN,Leadership,0.000,1989
Hungary,HUN,Leadership,0.000,1990
Hungary,HUN,Leadership,0.000,1991
Hungary,HUN,Leadership,0.000,1992
Hungary,HUN,Leadership,0.000,1993
Hungary,HUN,Leadership,0.000,1994
Hungary,HUN,Leadership,0.000,1995
Hungary,HUN,Leadership,0.000,1996
Hungary,HUN,Leadership,25.000,1997
Hungary,HUN,Leadership,25.000,1998
Hungary,HUN,Leadership,25.000,1999
Hungary,HUN,Leadership,50.000,2000
Hungary,HUN,Leadership,50.000,2001
Hungary,HUN,Leadership,50.000,2002
Hungary,HUN,Leadership,50.000,2003
Hungary,HUN,Leadership,50.000,2004
Hungary,HUN,Leadership,75.000,2005
Hungary,HUN,Leadership,50.000,2006
Hungary,HUN,Leadership,50.000,2007
Hungary,HUN,Leadership,75.000,2008
Hungary,HUN,Leadership,75.000,2009
Hungary,HUN,Leadership,75.000,2010
Hungary,HUN,Leadership,50.000,2011
Hungary,HUN,Leadership,75.000,2012
Hungary,HUN,Leadership,75.000,2013
Hungary,HUN,Leadership,75.000,2014
Hungary,HUN,Leadership,75.000,2015
Hungary,HUN,Leadership,75.000,2016
Hungary,HUN,Leadership,50.000,2017
Hungary,HUN,Leadership,75.000,2018
Hungary,HUN,Leadership,100.000,2019
Hungary,HUN,Leadership,75.000,2020
Hungary,HUN,Leadership,50.000,2021
Hungary,HUN,Leadership,75.000,2022
Hungary,HUN,Leadership,50.000,2023
Hungary,HUN,Norms and Decision-making,0.000,1960
Hungary,HUN,Norms and Decision-making,0.000,1961
Hungary,HUN,Norms and Decision-making,0.000,1962
Hungary,HUN,Norms and Decision-making,0.000,1963
Hungary,HUN,Norms and Decision-making,0.000,1964
Hungary,HUN,Norms and Decision-making,0.000,1965
Hungary,HUN,Norms and Decision-making,0.000,1966
Hungary,HUN,Norms and Decision-making,0.000,1967
Hungary,HUN,Norms and Decision-making,0.000,1968
Hungary,HUN,Norms and Decision-making,0.000,1969
Hungary,HUN,Norms and Decision-making,14.074,1970
Hungary,HUN,Norms and Decision-making,14.074,1971
Hungary,HUN,Norms and Decision-making,14.074,1972
Hungary,HUN,Norms and Decision-making,14.074,1973
Hungary,HUN,Norms and Decision-making,14.074,1974
Hungary,HUN,Norms and Decision-making,14.074,1975
Hungary,HUN,Norms and Decision-making,14.074,1976
Hungary,HUN,Norms and Decision-making,14.074,1977
Hungary,HUN,Norms and Decision-making,14.074,1978
Hungary,HUN,Norms and Decision-making,14.074,1979
Hungary,HUN,Norms and Decision-making,14.074,1980
Hungary,HUN,Norms and Decision-making,14.074,1981
Hungary,HUN,Norms and Decision-making,14.074,1982
Hungary,HUN,Norms and Decision-making,14.074,1983
Hungary,HUN,Norms and Decision-making,14.074,1984
Hungary,HUN,Norms and Decision-making,14.074,1985
Hungary,HUN,Norms and Decision-making,14.074,1986
Hungary,HUN,Norms and Decision-making,14.074,1987
Hungary,HUN,Norms and Decision-making,14.074,1988
Hungary,HUN,Norms and Decision-making,14.074,1989
Hungary,HUN,Norms and Decision-making,14.074,1990
Hungary,HUN,Norms and Decision-making,14.074,1991
Hungary,HUN,Norms and Decision-making,14.074,1992
Hungary,HUN,Norms and Decision-making,14.074,1993
Hungary,HUN,Norms and Decision-making,14.074,1994
Hungary,HUN,Norms and Decision-making,14.074,1995
Hungary,HUN,Norms and Decision-making,14.074,1996
Hungary,HUN,Norms and Decision-making,14.074,1997
Hungary,HUN,Norms and Decision-making,14.074,1998
Hungary,HUN,Norms and Decision-making,14.074,1999
Hungary,HUN,Norms and Decision-making,14.074,2000
Hungary,HUN,Norms and Decision-making,14.074,2001
Hungary,HUN,Norms and Decision-making,14.074,2002
Hungary,HUN,Norms and Decision-making,14.074,2003
Hungary,HUN,Norms and Decision-making,14.074,2004
Hungary,HUN,Norms and Decision-making,14.074,2005
Hungary,HUN,Norms and Decision-making,14.074,2006
Hungary,HUN,Norms and Decision-making,14.074,2007
Hungary,HUN,Norms and Decision-making,14.074,2008
Hungary,HUN,Norms and Decision-making,14.074,2009
Hungary,HUN,Norms and Decision-making,14.074,2010
Hungary,HUN,Norms and Decision-making,14.074,2011
Hungary,HUN,Norms and Decision-making,14.074,2012
Hungary,HUN,Norms and Decision-making,12.593,2013
Hungary,HUN,Norms and Decision-making,14.074,2014
Hungary,HUN,Norms and Decision-making,14.074,2015
Hungary,HUN,Norms and Decision-making,14.074,2016
Hungary,HUN,Norms and Decision-making,14.074,2017
Hungary,HUN,Norms and Decision-making,14.074,2018
Hungary,HUN,Norms and Decision-making,12.593,2019
Hungary,HUN,Norms and Decision-making,12.593,2020
Hungary,HUN,Norms and Decision-making,12.593,2021
Hungary,HUN,Norms and Decision-making,12.593,2022
Hungary,HUN,Norms and Decision-making,12.593,2023
Hungary,HUN,Population,86.905,1960
Hungary,HUN,Population,86.905,1961
Hungary,HUN,Population,86.905,1962
Hungary,HUN,Population,86.905,1963
Hungary,HUN,Population,86.905,1964
Hungary,HUN,Population,86.905,1965
Hungary,HUN,Population,86.905,1966
Hungary,HUN,Population,86.905,1967
Hungary,HUN,Population,86.905,1968
Hungary,HUN,Population,86.905,1969
Hungary,HUN,Population,89.286,1970
Hungary,HUN,Population,89.286,1971
Hungary,HUN,Population,89.286,1972
Hungary,HUN,Population,89.286,1973
Hungary,HUN,Population,89.286,1974
Hungary,HUN,Population,89.286,1975
Hungary,HUN,Population,89.286,1976
Hungary,HUN,Population,89.286,1977
Hungary,HUN,Population,89.286,1978
Hungary,HUN,Population,89.286,1979
Hungary,HUN,Population,94.048,1980
Hungary,HUN,Population,89.286,1981
Hungary,HUN,Population,89.286,1982
Hungary,HUN,Population,89.286,1983
Hungary,HUN,Population,89.286,1984
Hungary,HUN,Population,94.048,1985
Hungary,HUN,Population,89.286,1986
Hungary,HUN,Population,89.286,1987
Hungary,HUN,Population,89.286,1988
Hungary,HUN,Population,89.286,1989
Hungary,HUN,Population,95.238,1990
Hungary,HUN,Population,89.286,1991
Hungary,HUN,Population,89.286,1992
Hungary,HUN,Population,89.286,1993
Hungary,HUN,Population,89.286,1994
Hungary,HUN,Population,95.238,1995
Hungary,HUN,Population,89.286,1996
Hungary,HUN,Population,89.286,1997
Hungary,HUN,Population,89.286,1998
Hungary,HUN,Population,89.286,1999
Hungary,HUN,Population,95.238,2000
Hungary,HUN,Population,89.286,2001
Hungary,HUN,Population,89.286,2002
Hungary,HUN,Population,89.286,2003
Hungary,HUN,Population,89.286,2004
Hungary,HUN,Population,95.238,2005
Hungary,HUN,Population,89.286,2006
Hungary,HUN,Population,89.286,2007
Hungary,HUN,Population,89.286,2008
Hungary,HUN,Population,89.286,2009
Hungary,HUN,Population,95.238,2010
Hungary,HUN,Population,90.476,2011
Hungary,HUN,Population,89.286,2012
Hungary,HUN,Population,86.905,2013
Hungary,HUN,Population,90.476,2014
Hungary,HUN,Population,95.238,2015
Hungary,HUN,Population,89.286,2016
Hungary,HUN,Population,90.476,2017
Hungary,HUN,Population,89.286,2018
Hungary,HUN,Population,86.905,2019
Hungary,HUN,Population,90.476,2020
Hungary,HUN,Population,86.905,2021
Hungary,HUN,Population,88.095,2022
Hungary,HUN,Population,77.381,2023
Hungary,HUN,SDGs,2.685,1960
Hungary,HUN,SDGs,2.685,1961
Hungary,HUN,SDGs,2.685,1962
Hungary,HUN,SDGs,2.685,1963
Hungary,HUN,SDGs,2.685,1964
Hungary,HUN,SDGs,2.685,1965
Hungary,HUN,SDGs,2.685,1966
Hungary,HUN,SDGs,2.685,1967
Hungary,HUN,SDGs,2.685,1968
Hungary,HUN,SDGs,2.685,1969
Hungary,HUN,SDGs,11.409,1970
Hungary,HUN,SDGs,11.409,1971
Hungary,HUN,SDGs,11.409,1972
Hungary,HUN,SDGs,11.409,1973
Hungary,HUN,SDGs,11.409,1974
Hungary,HUN,SDGs,11.409,1975
Hungary,HUN,SDGs,11.409,1976
Hungary,HUN,SDGs,11.409,1977
Hungary,HUN,SDGs,11.409,1978
Hungary,HUN,SDGs,11.409,1979
Hungary,HUN,SDGs,12.081,1980
Hungary,HUN,SDGs,12.081,1981
Hungary,HUN,SDGs,12.081,1982
Hungary,HUN,SDGs,12.081,1983
Hungary,HUN,SDGs,12.081,1984
Hungary,HUN,SDGs,12.752,1985
Hungary,HUN,SDGs,12.752,1986
Hungary,HUN,SDGs,12.752,1987
Hungary,HUN,SDGs,12.752,1988
Hungary,HUN,SDGs,13.423,1989
Hungary,HUN,SDGs,15.436,1990
Hungary,HUN,SDGs,19.463,1991
Hungary,HUN,SDGs,21.477,1992
Hungary,HUN,SDGs,21.477,1993
Hungary,HUN,SDGs,21.477,1994
Hungary,HUN,SDGs,21.477,1995
Hungary,HUN,SDGs,21.477,1996
Hungary,HUN,SDGs,22.148,1997
Hungary,HUN,SDGs,22.148,1998
Hungary,HUN,SDGs,22.148,1999
Hungary,HUN,SDGs,68.456,2000
Hungary,HUN,SDGs,36.913,2001
Hungary,HUN,SDGs,34.899,2002
Hungary,HUN,SDGs,34.899,2003
Hungary,HUN,SDGs,34.899,2004
Hungary,HUN,SDGs,36.913,2005
Hungary,HUN,SDGs,36.913,2006
Hungary,HUN,SDGs,34.899,2007
Hungary,HUN,SDGs,34.899,2008
Hungary,HUN,SDGs,34.899,2009
Hungary,HUN,SDGs,68.456,2010
Hungary,HUN,SDGs,38.926,2011
Hungary,HUN,SDGs,35.570,2012
Hungary,HUN,SDGs,34.899,2013
Hungary,HUN,SDGs,36.913,2014
Hungary,HUN,SDGs,67.114,2015
Hungary,HUN,SDGs,36.913,2016
Hungary,HUN,SDGs,36.242,2017
Hungary,HUN,SDGs,36.913,2018
Hungary,HUN,SDGs,69.799,2019
Hungary,HUN,SDGs,27.517,2020
Hungary,HUN,SDGs,24.832,2021
Hungary,HUN,SDGs,22.819,2022
Hungary,HUN,SDGs,18.121,2023
Hungary,HUN,Technology,0.000,1960
Hungary,HUN,Technology,0.000,1961
Hungary,HUN,Technology,0.000,1962
Hungary,HUN,Technology,0.000,1963
Hungary,HUN,Technology,0.000,1964
Hungary,HUN,Technology,0.000,1965
Hungary,HUN,Technology,0.000,1966
Hungary,HUN,Technology,0.000,1967
Hungary,HUN,Technology,0.000,1968
Hungary,HUN,Technology,0.000,1969
Hungary,HUN,Technology,0.000,1970
Hungary,HUN,Technology,0.000,1971
Hungary,HUN,Technology,0.000,1972
Hungary,HUN,Technology,0.000,1973
Hungary,HUN,Technology,0.000,1974
Hungary,HUN,Technology,0.000,1975
Hungary,HUN,Technology,0.000,1976
Hungary,HUN,Technology,0.000,1977
Hungary,HUN,Technology,0.000,1978
Hungary,HUN,Technology,0.000,1979
Hungary,HUN,Technology,0.000,1980
Hungary,HUN,Technology,0.000,1981
Hungary,HUN,Technology,0.000,1982
Hungary,HUN,Technology,0.000,1983
Hungary,HUN,Technology,0.000,1984
Hungary,HUN,Technology,0.000,1985
Hungary,HUN,Technology,0.000,1986
Hungary,HUN,Technology,0.000,1987
Hungary,HUN,Technology,0.000,1988
Hungary,HUN,Technology,0.000,1989
Hungary,HUN,Technology,2.222,1990
Hungary,HUN,Technology,2.222,1991
Hungary,HUN,Technology,2.222,1992
Hungary,HUN,Technology,2.222,1993
Hungary,HUN,Technology,2.222,1994
Hungary,HUN,Technology,2.222,1995
Hungary,HUN,Technology,2.222,1996
Hungary,HUN,Technology,2.222,1997
Hungary,HUN,Technology,2.222,1998
Hungary,HUN,Technology,8.889,1999
Hungary,HUN,Technology,8.889,2000
Hungary,HUN,Technology,8.889,2001
Hungary,HUN,Technology,8.889,2002
Hungary,HUN,Technology,8.889,2003
Hungary,HUN,Technology,8.889,2004
Hungary,HUN,Technology,13.333,2005
Hungary,HUN,Technology,13.333,2006
Hungary,HUN,Technology,6.667,2007
Hungary,HUN,Technology,13.333,2008
Hungary,HUN,Technology,13.333,2009
Hungary,HUN,Technology,13.333,2010
Hungary,HUN,Technology,20.000,2011
Hungary,HUN,Technology,13.333,2012
Hungary,HUN,Technology,13.333,2013
Hungary,HUN,Technology,40.000,2014
Hungary,HUN,Technology,13.333,2015
Hungary,HUN,Technology,13.333,2016
Hungary,HUN,Technology,60.000,2017
Hungary,HUN,Technology,6.667,2018
Hungary,HUN,Technology,6.667,2019
Hungary,HUN,Technology,6.667,2020
Hungary,HUN,Technology,73.333,2021
Hungary,HUN,Technology,6.667,2022
Hungary,HUN,Technology,6.667,2023
Hungary,HUN,Violence,0.000,1960
Hungary,HUN,Violence,0.000,1961
Hungary,HUN,Violence,0.000,1962
Hungary,HUN,Violence,0.000,1963
Hungary,HUN,Violence,0.000,1964
Hungary,HUN,Violence,0.000,1965
Hungary,HUN,Violence,0.000,1966
Hungary,HUN,Violence,0.000,1967
Hungary,HUN,Violence,0.000,1968
Hungary,HUN,Violence,0.000,1969
Hungary,HUN,Violence,2.143,1970
Hungary,HUN,Violence,2.143,1971
Hungary,HUN,Violence,2.143,1972
Hungary,HUN,Violence,2.143,1973
Hungary,HUN,Violence,2.143,1974
Hungary,HUN,Violence,2.143,1975
Hungary,HUN,Violence,2.143,1976
Hungary,HUN,Violence,2.143,1977
Hungary,HUN,Violence,2.143,1978
Hungary,HUN,Violence,2.143,1979
Hungary,HUN,Violence,2.143,1980
Hungary,HUN,Violence,2.143,1981
Hungary,HUN,Violence,2.143,1982
Hungary,HUN,Violence,2.143,1983
Hungary,HUN,Violence,2.143,1984
Hungary,HUN,Violence,2.143,1985
Hungary,HUN,Violence,2.143,1986
Hungary,HUN,Violence,2.143,1987
Hungary,HUN,Violence,2.143,1988
Hungary,HUN,Violence,2.143,1989
Hungary,HUN,Violence,4.286,1990
Hungary,HUN,Violence,4.286,1991
Hungary,HUN,Violence,4.286,1992
Hungary,HUN,Violence,4.286,1993
Hungary,HUN,Violence,4.286,1994
Hungary,HUN,Violence,4.286,1995
Hungary,HUN,Violence,4.286,1996
Hungary,HUN,Violence,4.286,1997
Hungary,HUN,Violence,4.286,1998
Hungary,HUN,Violence,4.286,1999
Hungary,HUN,Violence,6.429,2000
Hungary,HUN,Violence,6.429,2001
Hungary,HUN,Violence,6.429,2002
Hungary,HUN,Violence,6.429,2003
Hungary,HUN,Violence,6.429,2004
Hungary,HUN,Violence,6.429,2005
Hungary,HUN,Violence,6.429,2006
Hungary,HUN,Violence,6.429,2007
Hungary,HUN,Violence,6.429,2008
Hungary,HUN,Violence,6.429,2009
Hungary,HUN,Violence,6.429,2010
Hungary,HUN,Violence,6.429,2011
Hungary,HUN,Violence,7.143,2012
Hungary,HUN,Violence,6.429,2013
Hungary,HUN,Violence,6.429,2014
Hungary,HUN,Violence,6.429,2015
Hungary,HUN,Violence,6.429,2016
Hungary,HUN,Violence,6.429,2017
Hungary,HUN,Violence,9.286,2018
Hungary,HUN,Violence,6.429,2019
Hungary,HUN,Violence,4.286,2020
Hungary,HUN,Violence,4.286,2021
Hungary,HUN,Violence,2.143,2022
Hungary,HUN,Violence,2.143,2023
Hungary,HUN,Youth 15-24,7.339,1960
Hungary,HUN,Youth 15-24,4.587,1961
Hungary,HUN,Youth 15-24,4.587,1962
Hungary,HUN,Youth 15-24,4.587,1963
Hungary,HUN,Youth 15-24,4.587,1964
Hungary,HUN,Youth 15-24,4.587,1965
Hungary,HUN,Youth 15-24,4.587,1966
Hungary,HUN,Youth 15-24,4.587,1967
Hungary,HUN,Youth 15-24,4.587,1968
Hungary,HUN,Youth 15-24,4.587,1969
Hungary,HUN,Youth 15-24,12.844,1970
Hungary,HUN,Youth 15-24,19.266,1971
Hungary,HUN,Youth 15-24,19.266,1972
Hungary,HUN,Youth 15-24,19.266,1973
Hungary,HUN,Youth 15-24,19.266,1974
Hungary,HUN,Youth 15-24,21.101,1975
Hungary,HUN,Youth 15-24,21.101,1976
Hungary,HUN,Youth 15-24,21.101,1977
Hungary,HUN,Youth 15-24,21.101,1978
Hungary,HUN,Youth 15-24,21.101,1979
Hungary,HUN,Youth 15-24,36.697,1980
Hungary,HUN,Youth 15-24,21.101,1981
Hungary,HUN,Youth 15-24,21.101,1982
Hungary,HUN,Youth 15-24,21.101,1983
Hungary,HUN,Youth 15-24,21.101,1984
Hungary,HUN,Youth 15-24,21.101,1985
Hungary,HUN,Youth 15-24,21.101,1986
Hungary,HUN,Youth 15-24,21.101,1987
Hungary,HUN,Youth 15-24,21.101,1988
Hungary,HUN,Youth 15-24,21.101,1989
Hungary,HUN,Youth 15-24,33.945,1990
Hungary,HUN,Youth 15-24,28.440,1991
Hungary,HUN,Youth 15-24,37.615,1992
Hungary,HUN,Youth 15-24,26.606,1993
Hungary,HUN,Youth 15-24,36.697,1994
Hungary,HUN,Youth 15-24,36.697,1995
Hungary,HUN,Youth 15-24,42.202,1996
Hungary,HUN,Youth 15-24,46.789,1997
Hungary,HUN,Youth 15-24,54.128,1998
Hungary,HUN,Youth 15-24,65.138,1999
Hungary,HUN,Youth 15-24,65.138,2000
Hungary,HUN,Youth 15-24,73.394,2001
Hungary,HUN,Youth 15-24,65.138,2002
Hungary,HUN,Youth 15-24,65.138,2003
Hungary,HUN,Youth 15-24,65.138,2004
Hungary,HUN,Youth 15-24,76.147,2005
Hungary,HUN,Youth 15-24,67.890,2006
Hungary,HUN,Youth 15-24,56.881,2007
Hungary,HUN,Youth 15-24,67.890,2008
Hungary,HUN,Youth 15-24,73.394,2009
Hungary,HUN,Youth 15-24,73.394,2010
Hungary,HUN,Youth 15-24,73.394,2011
Hungary,HUN,Youth 15-24,76.147,2012
Hungary,HUN,Youth 15-24,78.899,2013
Hungary,HUN,Youth 15-24,82.569,2014
Hungary,HUN,Youth 15-24,79.817,2015
Hungary,HUN,Youth 15-24,79.817,2016
Hungary,HUN,Youth 15-24,77.064,2017
Hungary,HUN,Youth 15-24,52.294,2018
Hungary,HUN,Youth 15-24,48.624,2019
Hungary,HUN,Youth 15-24,48.624,2020
Hungary,HUN,Youth 15-24,50.459,2021
Hungary,HUN,Youth 15-24,46.789,2022
Hungary,HUN,Youth 15-24,24.771,2023
