Country Name,Country Code,Topic,% of available indicators,Year
Haiti,HTI,Assets,0.000,1960
Haiti,HTI,Assets,0.000,1961
Haiti,HTI,Assets,0.000,1962
Haiti,HTI,Assets,0.000,1963
Haiti,HTI,Assets,0.000,1964
Haiti,HTI,Assets,0.000,1965
Haiti,HTI,Assets,0.000,1966
Haiti,HTI,Assets,0.000,1967
Haiti,HTI,Assets,0.000,1968
Haiti,HTI,Assets,0.000,1969
Haiti,HTI,Assets,2.208,1970
Haiti,HTI,Assets,2.208,1971
Haiti,HTI,Assets,2.208,1972
Haiti,HTI,Assets,2.208,1973
Haiti,HTI,Assets,2.208,1974
Haiti,HTI,Assets,2.208,1975
Haiti,HTI,Assets,2.208,1976
Haiti,HTI,Assets,2.208,1977
Haiti,HTI,Assets,2.208,1978
Haiti,HTI,Assets,2.208,1979
Haiti,HTI,Assets,2.208,1980
Haiti,HTI,Assets,2.208,1981
Haiti,HTI,Assets,2.208,1982
Haiti,HTI,Assets,2.208,1983
Haiti,HTI,Assets,2.208,1984
Haiti,HTI,Assets,2.208,1985
Haiti,HTI,Assets,2.208,1986
Haiti,HTI,Assets,2.208,1987
Haiti,HTI,Assets,2.208,1988
Haiti,HTI,Assets,2.208,1989
Haiti,HTI,Assets,2.208,1990
Haiti,HTI,Assets,2.208,1991
Haiti,HTI,Assets,2.208,1992
Haiti,HTI,Assets,2.208,1993
Haiti,HTI,Assets,2.208,1994
Haiti,HTI,Assets,2.208,1995
Haiti,HTI,Assets,2.208,1996
Haiti,HTI,Assets,2.208,1997
Haiti,HTI,Assets,2.208,1998
Haiti,HTI,Assets,2.208,1999
Haiti,HTI,Assets,2.208,2000
Haiti,HTI,Assets,2.208,2001
Haiti,HTI,Assets,2.208,2002
Haiti,HTI,Assets,2.208,2003
Haiti,HTI,Assets,2.208,2004
Haiti,HTI,Assets,2.208,2005
Haiti,HTI,Assets,2.208,2006
Haiti,HTI,Assets,2.208,2007
Haiti,HTI,Assets,2.208,2008
Haiti,HTI,Assets,2.208,2009
Haiti,HTI,Assets,2.208,2010
Haiti,HTI,Assets,11.672,2011
Haiti,HTI,Assets,17.350,2012
Haiti,HTI,Assets,2.208,2013
Haiti,HTI,Assets,31.546,2014
Haiti,HTI,Assets,2.208,2015
Haiti,HTI,Assets,2.208,2016
Haiti,HTI,Assets,64.353,2017
Haiti,HTI,Assets,2.208,2018
Haiti,HTI,Assets,2.208,2019
Haiti,HTI,Assets,2.208,2020
Haiti,HTI,Assets,2.208,2021
Haiti,HTI,Assets,2.208,2022
Haiti,HTI,Assets,2.208,2023
Haiti,HTI,Children 0-14,17.692,1960
Haiti,HTI,Children 0-14,19.231,1961
Haiti,HTI,Children 0-14,19.231,1962
Haiti,HTI,Children 0-14,19.231,1963
Haiti,HTI,Children 0-14,19.231,1964
Haiti,HTI,Children 0-14,19.231,1965
Haiti,HTI,Children 0-14,19.231,1966
Haiti,HTI,Children 0-14,19.231,1967
Haiti,HTI,Children 0-14,19.231,1968
Haiti,HTI,Children 0-14,19.231,1969
Haiti,HTI,Children 0-14,19.231,1970
Haiti,HTI,Children 0-14,24.615,1971
Haiti,HTI,Children 0-14,20.000,1972
Haiti,HTI,Children 0-14,20.000,1973
Haiti,HTI,Children 0-14,20.000,1974
Haiti,HTI,Children 0-14,20.000,1975
Haiti,HTI,Children 0-14,20.000,1976
Haiti,HTI,Children 0-14,22.308,1977
Haiti,HTI,Children 0-14,26.923,1978
Haiti,HTI,Children 0-14,30.000,1979
Haiti,HTI,Children 0-14,32.308,1980
Haiti,HTI,Children 0-14,35.385,1981
Haiti,HTI,Children 0-14,41.538,1982
Haiti,HTI,Children 0-14,37.692,1983
Haiti,HTI,Children 0-14,34.615,1984
Haiti,HTI,Children 0-14,40.000,1985
Haiti,HTI,Children 0-14,38.462,1986
Haiti,HTI,Children 0-14,36.923,1987
Haiti,HTI,Children 0-14,23.077,1988
Haiti,HTI,Children 0-14,23.077,1989
Haiti,HTI,Children 0-14,25.385,1990
Haiti,HTI,Children 0-14,23.077,1991
Haiti,HTI,Children 0-14,24.615,1992
Haiti,HTI,Children 0-14,24.615,1993
Haiti,HTI,Children 0-14,36.154,1994
Haiti,HTI,Children 0-14,27.692,1995
Haiti,HTI,Children 0-14,24.615,1996
Haiti,HTI,Children 0-14,37.692,1997
Haiti,HTI,Children 0-14,24.615,1998
Haiti,HTI,Children 0-14,20.769,1999
Haiti,HTI,Children 0-14,49.231,2000
Haiti,HTI,Children 0-14,20.769,2001
Haiti,HTI,Children 0-14,20.769,2002
Haiti,HTI,Children 0-14,25.385,2003
Haiti,HTI,Children 0-14,20.769,2004
Haiti,HTI,Children 0-14,20.769,2005
Haiti,HTI,Children 0-14,42.308,2006
Haiti,HTI,Children 0-14,20.769,2007
Haiti,HTI,Children 0-14,20.769,2008
Haiti,HTI,Children 0-14,20.769,2009
Haiti,HTI,Children 0-14,39.231,2010
Haiti,HTI,Children 0-14,20.769,2011
Haiti,HTI,Children 0-14,46.923,2012
Haiti,HTI,Children 0-14,20.769,2013
Haiti,HTI,Children 0-14,20.769,2014
Haiti,HTI,Children 0-14,34.615,2015
Haiti,HTI,Children 0-14,20.769,2016
Haiti,HTI,Children 0-14,49.231,2017
Haiti,HTI,Children 0-14,25.385,2018
Haiti,HTI,Children 0-14,34.615,2019
Haiti,HTI,Children 0-14,25.385,2020
Haiti,HTI,Children 0-14,20.769,2021
Haiti,HTI,Children 0-14,20.769,2022
Haiti,HTI,Children 0-14,9.231,2023
Haiti,HTI,Education,0.000,1960
Haiti,HTI,Education,0.000,1961
Haiti,HTI,Education,0.000,1962
Haiti,HTI,Education,0.000,1963
Haiti,HTI,Education,0.000,1964
Haiti,HTI,Education,0.000,1965
Haiti,HTI,Education,0.000,1966
Haiti,HTI,Education,0.000,1967
Haiti,HTI,Education,0.000,1968
Haiti,HTI,Education,0.000,1969
Haiti,HTI,Education,0.000,1970
Haiti,HTI,Education,7.975,1971
Haiti,HTI,Education,1.227,1972
Haiti,HTI,Education,0.613,1973
Haiti,HTI,Education,0.613,1974
Haiti,HTI,Education,0.613,1975
Haiti,HTI,Education,3.681,1976
Haiti,HTI,Education,5.521,1977
Haiti,HTI,Education,11.656,1978
Haiti,HTI,Education,16.564,1979
Haiti,HTI,Education,13.497,1980
Haiti,HTI,Education,20.859,1981
Haiti,HTI,Education,29.448,1982
Haiti,HTI,Education,18.405,1983
Haiti,HTI,Education,19.018,1984
Haiti,HTI,Education,17.791,1985
Haiti,HTI,Education,22.086,1986
Haiti,HTI,Education,13.497,1987
Haiti,HTI,Education,1.840,1988
Haiti,HTI,Education,1.840,1989
Haiti,HTI,Education,1.840,1990
Haiti,HTI,Education,2.454,1991
Haiti,HTI,Education,4.908,1992
Haiti,HTI,Education,4.908,1993
Haiti,HTI,Education,4.908,1994
Haiti,HTI,Education,4.908,1995
Haiti,HTI,Education,4.908,1996
Haiti,HTI,Education,14.110,1997
Haiti,HTI,Education,3.681,1998
Haiti,HTI,Education,0.000,1999
Haiti,HTI,Education,0.000,2000
Haiti,HTI,Education,0.000,2001
Haiti,HTI,Education,0.000,2002
Haiti,HTI,Education,12.270,2003
Haiti,HTI,Education,0.000,2004
Haiti,HTI,Education,0.000,2005
Haiti,HTI,Education,6.748,2006
Haiti,HTI,Education,0.000,2007
Haiti,HTI,Education,0.000,2008
Haiti,HTI,Education,0.000,2009
Haiti,HTI,Education,0.000,2010
Haiti,HTI,Education,0.000,2011
Haiti,HTI,Education,19.018,2012
Haiti,HTI,Education,0.000,2013
Haiti,HTI,Education,4.294,2014
Haiti,HTI,Education,0.613,2015
Haiti,HTI,Education,7.362,2016
Haiti,HTI,Education,23.313,2017
Haiti,HTI,Education,11.656,2018
Haiti,HTI,Education,0.613,2019
Haiti,HTI,Education,11.656,2020
Haiti,HTI,Education,0.613,2021
Haiti,HTI,Education,0.613,2022
Haiti,HTI,Education,0.000,2023
Haiti,HTI,Employment and Time Use,0.000,1960
Haiti,HTI,Employment and Time Use,0.000,1961
Haiti,HTI,Employment and Time Use,0.000,1962
Haiti,HTI,Employment and Time Use,0.000,1963
Haiti,HTI,Employment and Time Use,0.000,1964
Haiti,HTI,Employment and Time Use,0.000,1965
Haiti,HTI,Employment and Time Use,0.000,1966
Haiti,HTI,Employment and Time Use,0.000,1967
Haiti,HTI,Employment and Time Use,0.000,1968
Haiti,HTI,Employment and Time Use,0.000,1969
Haiti,HTI,Employment and Time Use,21.168,1970
Haiti,HTI,Employment and Time Use,26.277,1971
Haiti,HTI,Employment and Time Use,21.168,1972
Haiti,HTI,Employment and Time Use,21.168,1973
Haiti,HTI,Employment and Time Use,21.168,1974
Haiti,HTI,Employment and Time Use,21.168,1975
Haiti,HTI,Employment and Time Use,21.168,1976
Haiti,HTI,Employment and Time Use,21.168,1977
Haiti,HTI,Employment and Time Use,21.168,1978
Haiti,HTI,Employment and Time Use,21.168,1979
Haiti,HTI,Employment and Time Use,28.467,1980
Haiti,HTI,Employment and Time Use,21.168,1981
Haiti,HTI,Employment and Time Use,26.277,1982
Haiti,HTI,Employment and Time Use,23.358,1983
Haiti,HTI,Employment and Time Use,21.168,1984
Haiti,HTI,Employment and Time Use,26.277,1985
Haiti,HTI,Employment and Time Use,21.168,1986
Haiti,HTI,Employment and Time Use,21.168,1987
Haiti,HTI,Employment and Time Use,21.168,1988
Haiti,HTI,Employment and Time Use,21.168,1989
Haiti,HTI,Employment and Time Use,43.796,1990
Haiti,HTI,Employment and Time Use,56.204,1991
Haiti,HTI,Employment and Time Use,56.204,1992
Haiti,HTI,Employment and Time Use,56.204,1993
Haiti,HTI,Employment and Time Use,56.204,1994
Haiti,HTI,Employment and Time Use,61.314,1995
Haiti,HTI,Employment and Time Use,56.204,1996
Haiti,HTI,Employment and Time Use,56.204,1997
Haiti,HTI,Employment and Time Use,56.204,1998
Haiti,HTI,Employment and Time Use,61.314,1999
Haiti,HTI,Employment and Time Use,61.314,2000
Haiti,HTI,Employment and Time Use,56.204,2001
Haiti,HTI,Employment and Time Use,56.204,2002
Haiti,HTI,Employment and Time Use,63.504,2003
Haiti,HTI,Employment and Time Use,56.204,2004
Haiti,HTI,Employment and Time Use,61.314,2005
Haiti,HTI,Employment and Time Use,58.394,2006
Haiti,HTI,Employment and Time Use,61.314,2007
Haiti,HTI,Employment and Time Use,56.204,2008
Haiti,HTI,Employment and Time Use,56.204,2009
Haiti,HTI,Employment and Time Use,59.124,2010
Haiti,HTI,Employment and Time Use,56.204,2011
Haiti,HTI,Employment and Time Use,88.321,2012
Haiti,HTI,Employment and Time Use,56.204,2013
Haiti,HTI,Employment and Time Use,56.204,2014
Haiti,HTI,Employment and Time Use,56.204,2015
Haiti,HTI,Employment and Time Use,56.204,2016
Haiti,HTI,Employment and Time Use,56.204,2017
Haiti,HTI,Employment and Time Use,56.204,2018
Haiti,HTI,Employment and Time Use,56.204,2019
Haiti,HTI,Employment and Time Use,56.204,2020
Haiti,HTI,Employment and Time Use,56.204,2021
Haiti,HTI,Employment and Time Use,56.204,2022
Haiti,HTI,Employment and Time Use,59.124,2023
Haiti,HTI,Entrepreneurship,0.000,1960
Haiti,HTI,Entrepreneurship,0.000,1961
Haiti,HTI,Entrepreneurship,0.000,1962
Haiti,HTI,Entrepreneurship,0.000,1963
Haiti,HTI,Entrepreneurship,0.000,1964
Haiti,HTI,Entrepreneurship,0.000,1965
Haiti,HTI,Entrepreneurship,0.000,1966
Haiti,HTI,Entrepreneurship,0.000,1967
Haiti,HTI,Entrepreneurship,0.000,1968
Haiti,HTI,Entrepreneurship,0.000,1969
Haiti,HTI,Entrepreneurship,9.375,1970
Haiti,HTI,Entrepreneurship,9.375,1971
Haiti,HTI,Entrepreneurship,9.375,1972
Haiti,HTI,Entrepreneurship,9.375,1973
Haiti,HTI,Entrepreneurship,9.375,1974
Haiti,HTI,Entrepreneurship,9.375,1975
Haiti,HTI,Entrepreneurship,9.375,1976
Haiti,HTI,Entrepreneurship,9.375,1977
Haiti,HTI,Entrepreneurship,9.375,1978
Haiti,HTI,Entrepreneurship,9.375,1979
Haiti,HTI,Entrepreneurship,9.375,1980
Haiti,HTI,Entrepreneurship,9.375,1981
Haiti,HTI,Entrepreneurship,9.375,1982
Haiti,HTI,Entrepreneurship,9.375,1983
Haiti,HTI,Entrepreneurship,9.375,1984
Haiti,HTI,Entrepreneurship,9.375,1985
Haiti,HTI,Entrepreneurship,9.375,1986
Haiti,HTI,Entrepreneurship,9.375,1987
Haiti,HTI,Entrepreneurship,9.375,1988
Haiti,HTI,Entrepreneurship,9.375,1989
Haiti,HTI,Entrepreneurship,9.375,1990
Haiti,HTI,Entrepreneurship,9.375,1991
Haiti,HTI,Entrepreneurship,9.375,1992
Haiti,HTI,Entrepreneurship,9.375,1993
Haiti,HTI,Entrepreneurship,9.375,1994
Haiti,HTI,Entrepreneurship,9.375,1995
Haiti,HTI,Entrepreneurship,9.375,1996
Haiti,HTI,Entrepreneurship,9.375,1997
Haiti,HTI,Entrepreneurship,9.375,1998
Haiti,HTI,Entrepreneurship,9.375,1999
Haiti,HTI,Entrepreneurship,9.375,2000
Haiti,HTI,Entrepreneurship,9.375,2001
Haiti,HTI,Entrepreneurship,9.375,2002
Haiti,HTI,Entrepreneurship,37.500,2003
Haiti,HTI,Entrepreneurship,37.500,2004
Haiti,HTI,Entrepreneurship,37.500,2005
Haiti,HTI,Entrepreneurship,37.500,2006
Haiti,HTI,Entrepreneurship,37.500,2007
Haiti,HTI,Entrepreneurship,37.500,2008
Haiti,HTI,Entrepreneurship,37.500,2009
Haiti,HTI,Entrepreneurship,37.500,2010
Haiti,HTI,Entrepreneurship,37.500,2011
Haiti,HTI,Entrepreneurship,37.500,2012
Haiti,HTI,Entrepreneurship,37.500,2013
Haiti,HTI,Entrepreneurship,56.250,2014
Haiti,HTI,Entrepreneurship,37.500,2015
Haiti,HTI,Entrepreneurship,37.500,2016
Haiti,HTI,Entrepreneurship,56.250,2017
Haiti,HTI,Entrepreneurship,37.500,2018
Haiti,HTI,Entrepreneurship,37.500,2019
Haiti,HTI,Entrepreneurship,9.375,2020
Haiti,HTI,Entrepreneurship,9.375,2021
Haiti,HTI,Entrepreneurship,9.375,2022
Haiti,HTI,Entrepreneurship,9.375,2023
Haiti,HTI,Environment,0.000,1960
Haiti,HTI,Environment,0.000,1961
Haiti,HTI,Environment,0.000,1962
Haiti,HTI,Environment,0.000,1963
Haiti,HTI,Environment,0.000,1964
Haiti,HTI,Environment,0.000,1965
Haiti,HTI,Environment,0.000,1966
Haiti,HTI,Environment,0.000,1967
Haiti,HTI,Environment,0.000,1968
Haiti,HTI,Environment,0.000,1969
Haiti,HTI,Environment,0.000,1970
Haiti,HTI,Environment,0.000,1971
Haiti,HTI,Environment,0.000,1972
Haiti,HTI,Environment,0.000,1973
Haiti,HTI,Environment,0.000,1974
Haiti,HTI,Environment,0.000,1975
Haiti,HTI,Environment,0.000,1976
Haiti,HTI,Environment,0.000,1977
Haiti,HTI,Environment,0.000,1978
Haiti,HTI,Environment,0.000,1979
Haiti,HTI,Environment,0.000,1980
Haiti,HTI,Environment,0.000,1981
Haiti,HTI,Environment,0.000,1982
Haiti,HTI,Environment,0.000,1983
Haiti,HTI,Environment,0.000,1984
Haiti,HTI,Environment,0.000,1985
Haiti,HTI,Environment,0.000,1986
Haiti,HTI,Environment,0.000,1987
Haiti,HTI,Environment,0.000,1988
Haiti,HTI,Environment,0.000,1989
Haiti,HTI,Environment,0.000,1990
Haiti,HTI,Environment,0.000,1991
Haiti,HTI,Environment,0.000,1992
Haiti,HTI,Environment,0.000,1993
Haiti,HTI,Environment,0.000,1994
Haiti,HTI,Environment,10.000,1995
Haiti,HTI,Environment,0.000,1996
Haiti,HTI,Environment,0.000,1997
Haiti,HTI,Environment,0.000,1998
Haiti,HTI,Environment,0.000,1999
Haiti,HTI,Environment,33.333,2000
Haiti,HTI,Environment,10.000,2001
Haiti,HTI,Environment,10.000,2002
Haiti,HTI,Environment,10.000,2003
Haiti,HTI,Environment,10.000,2004
Haiti,HTI,Environment,10.000,2005
Haiti,HTI,Environment,46.667,2006
Haiti,HTI,Environment,10.000,2007
Haiti,HTI,Environment,10.000,2008
Haiti,HTI,Environment,10.000,2009
Haiti,HTI,Environment,10.000,2010
Haiti,HTI,Environment,10.000,2011
Haiti,HTI,Environment,46.667,2012
Haiti,HTI,Environment,10.000,2013
Haiti,HTI,Environment,20.000,2014
Haiti,HTI,Environment,10.000,2015
Haiti,HTI,Environment,10.000,2016
Haiti,HTI,Environment,60.000,2017
Haiti,HTI,Environment,10.000,2018
Haiti,HTI,Environment,30.000,2019
Haiti,HTI,Environment,10.000,2020
Haiti,HTI,Environment,10.000,2021
Haiti,HTI,Environment,10.000,2022
Haiti,HTI,Environment,0.000,2023
Haiti,HTI,Health,7.576,1960
Haiti,HTI,Health,8.586,1961
Haiti,HTI,Health,8.586,1962
Haiti,HTI,Health,8.586,1963
Haiti,HTI,Health,8.586,1964
Haiti,HTI,Health,8.586,1965
Haiti,HTI,Health,8.586,1966
Haiti,HTI,Health,8.586,1967
Haiti,HTI,Health,8.586,1968
Haiti,HTI,Health,8.586,1969
Haiti,HTI,Health,8.586,1970
Haiti,HTI,Health,8.586,1971
Haiti,HTI,Health,8.586,1972
Haiti,HTI,Health,8.586,1973
Haiti,HTI,Health,8.586,1974
Haiti,HTI,Health,11.111,1975
Haiti,HTI,Health,11.111,1976
Haiti,HTI,Health,12.121,1977
Haiti,HTI,Health,11.111,1978
Haiti,HTI,Health,11.111,1979
Haiti,HTI,Health,11.616,1980
Haiti,HTI,Health,11.616,1981
Haiti,HTI,Health,12.121,1982
Haiti,HTI,Health,13.131,1983
Haiti,HTI,Health,12.121,1984
Haiti,HTI,Health,12.121,1985
Haiti,HTI,Health,12.121,1986
Haiti,HTI,Health,13.131,1987
Haiti,HTI,Health,12.121,1988
Haiti,HTI,Health,14.646,1989
Haiti,HTI,Health,18.182,1990
Haiti,HTI,Health,16.667,1991
Haiti,HTI,Health,16.667,1992
Haiti,HTI,Health,16.667,1993
Haiti,HTI,Health,24.242,1994
Haiti,HTI,Health,27.273,1995
Haiti,HTI,Health,16.667,1996
Haiti,HTI,Health,16.667,1997
Haiti,HTI,Health,16.667,1998
Haiti,HTI,Health,16.667,1999
Haiti,HTI,Health,81.818,2000
Haiti,HTI,Health,31.818,2001
Haiti,HTI,Health,31.818,2002
Haiti,HTI,Health,31.818,2003
Haiti,HTI,Health,31.818,2004
Haiti,HTI,Health,33.838,2005
Haiti,HTI,Health,55.556,2006
Haiti,HTI,Health,31.818,2007
Haiti,HTI,Health,31.818,2008
Haiti,HTI,Health,31.818,2009
Haiti,HTI,Health,60.606,2010
Haiti,HTI,Health,31.818,2011
Haiti,HTI,Health,56.061,2012
Haiti,HTI,Health,32.828,2013
Haiti,HTI,Health,33.333,2014
Haiti,HTI,Health,56.566,2015
Haiti,HTI,Health,32.828,2016
Haiti,HTI,Health,62.121,2017
Haiti,HTI,Health,35.859,2018
Haiti,HTI,Health,57.071,2019
Haiti,HTI,Health,27.778,2020
Haiti,HTI,Health,18.687,2021
Haiti,HTI,Health,17.677,2022
Haiti,HTI,Health,1.010,2023
Haiti,HTI,Leadership,0.000,1960
Haiti,HTI,Leadership,0.000,1961
Haiti,HTI,Leadership,0.000,1962
Haiti,HTI,Leadership,0.000,1963
Haiti,HTI,Leadership,0.000,1964
Haiti,HTI,Leadership,0.000,1965
Haiti,HTI,Leadership,0.000,1966
Haiti,HTI,Leadership,0.000,1967
Haiti,HTI,Leadership,0.000,1968
Haiti,HTI,Leadership,0.000,1969
Haiti,HTI,Leadership,0.000,1970
Haiti,HTI,Leadership,0.000,1971
Haiti,HTI,Leadership,0.000,1972
Haiti,HTI,Leadership,0.000,1973
Haiti,HTI,Leadership,0.000,1974
Haiti,HTI,Leadership,0.000,1975
Haiti,HTI,Leadership,0.000,1976
Haiti,HTI,Leadership,0.000,1977
Haiti,HTI,Leadership,0.000,1978
Haiti,HTI,Leadership,0.000,1979
Haiti,HTI,Leadership,0.000,1980
Haiti,HTI,Leadership,0.000,1981
Haiti,HTI,Leadership,0.000,1982
Haiti,HTI,Leadership,0.000,1983
Haiti,HTI,Leadership,0.000,1984
Haiti,HTI,Leadership,0.000,1985
Haiti,HTI,Leadership,0.000,1986
Haiti,HTI,Leadership,0.000,1987
Haiti,HTI,Leadership,0.000,1988
Haiti,HTI,Leadership,0.000,1989
Haiti,HTI,Leadership,0.000,1990
Haiti,HTI,Leadership,0.000,1991
Haiti,HTI,Leadership,0.000,1992
Haiti,HTI,Leadership,0.000,1993
Haiti,HTI,Leadership,0.000,1994
Haiti,HTI,Leadership,0.000,1995
Haiti,HTI,Leadership,0.000,1996
Haiti,HTI,Leadership,25.000,1997
Haiti,HTI,Leadership,25.000,1998
Haiti,HTI,Leadership,25.000,1999
Haiti,HTI,Leadership,0.000,2000
Haiti,HTI,Leadership,25.000,2001
Haiti,HTI,Leadership,25.000,2002
Haiti,HTI,Leadership,25.000,2003
Haiti,HTI,Leadership,25.000,2004
Haiti,HTI,Leadership,50.000,2005
Haiti,HTI,Leadership,25.000,2006
Haiti,HTI,Leadership,25.000,2007
Haiti,HTI,Leadership,50.000,2008
Haiti,HTI,Leadership,25.000,2009
Haiti,HTI,Leadership,50.000,2010
Haiti,HTI,Leadership,25.000,2011
Haiti,HTI,Leadership,50.000,2012
Haiti,HTI,Leadership,25.000,2013
Haiti,HTI,Leadership,50.000,2014
Haiti,HTI,Leadership,50.000,2015
Haiti,HTI,Leadership,25.000,2016
Haiti,HTI,Leadership,25.000,2017
Haiti,HTI,Leadership,50.000,2018
Haiti,HTI,Leadership,25.000,2019
Haiti,HTI,Leadership,25.000,2020
Haiti,HTI,Leadership,0.000,2021
Haiti,HTI,Leadership,25.000,2022
Haiti,HTI,Leadership,0.000,2023
Haiti,HTI,Norms and Decision-making,0.000,1960
Haiti,HTI,Norms and Decision-making,0.000,1961
Haiti,HTI,Norms and Decision-making,0.000,1962
Haiti,HTI,Norms and Decision-making,0.000,1963
Haiti,HTI,Norms and Decision-making,0.000,1964
Haiti,HTI,Norms and Decision-making,0.000,1965
Haiti,HTI,Norms and Decision-making,0.000,1966
Haiti,HTI,Norms and Decision-making,0.000,1967
Haiti,HTI,Norms and Decision-making,0.000,1968
Haiti,HTI,Norms and Decision-making,0.000,1969
Haiti,HTI,Norms and Decision-making,12.593,1970
Haiti,HTI,Norms and Decision-making,14.074,1971
Haiti,HTI,Norms and Decision-making,12.593,1972
Haiti,HTI,Norms and Decision-making,12.593,1973
Haiti,HTI,Norms and Decision-making,12.593,1974
Haiti,HTI,Norms and Decision-making,12.593,1975
Haiti,HTI,Norms and Decision-making,12.593,1976
Haiti,HTI,Norms and Decision-making,13.333,1977
Haiti,HTI,Norms and Decision-making,12.593,1978
Haiti,HTI,Norms and Decision-making,12.593,1979
Haiti,HTI,Norms and Decision-making,12.593,1980
Haiti,HTI,Norms and Decision-making,12.593,1981
Haiti,HTI,Norms and Decision-making,14.074,1982
Haiti,HTI,Norms and Decision-making,12.593,1983
Haiti,HTI,Norms and Decision-making,12.593,1984
Haiti,HTI,Norms and Decision-making,12.593,1985
Haiti,HTI,Norms and Decision-making,12.593,1986
Haiti,HTI,Norms and Decision-making,12.593,1987
Haiti,HTI,Norms and Decision-making,12.593,1988
Haiti,HTI,Norms and Decision-making,12.593,1989
Haiti,HTI,Norms and Decision-making,12.593,1990
Haiti,HTI,Norms and Decision-making,12.593,1991
Haiti,HTI,Norms and Decision-making,12.593,1992
Haiti,HTI,Norms and Decision-making,12.593,1993
Haiti,HTI,Norms and Decision-making,12.593,1994
Haiti,HTI,Norms and Decision-making,21.481,1995
Haiti,HTI,Norms and Decision-making,12.593,1996
Haiti,HTI,Norms and Decision-making,12.593,1997
Haiti,HTI,Norms and Decision-making,12.593,1998
Haiti,HTI,Norms and Decision-making,12.593,1999
Haiti,HTI,Norms and Decision-making,96.296,2000
Haiti,HTI,Norms and Decision-making,12.593,2001
Haiti,HTI,Norms and Decision-making,12.593,2002
Haiti,HTI,Norms and Decision-making,14.074,2003
Haiti,HTI,Norms and Decision-making,12.593,2004
Haiti,HTI,Norms and Decision-making,12.593,2005
Haiti,HTI,Norms and Decision-making,77.778,2006
Haiti,HTI,Norms and Decision-making,12.593,2007
Haiti,HTI,Norms and Decision-making,12.593,2008
Haiti,HTI,Norms and Decision-making,12.593,2009
Haiti,HTI,Norms and Decision-making,12.593,2010
Haiti,HTI,Norms and Decision-making,12.593,2011
Haiti,HTI,Norms and Decision-making,70.370,2012
Haiti,HTI,Norms and Decision-making,13.333,2013
Haiti,HTI,Norms and Decision-making,12.593,2014
Haiti,HTI,Norms and Decision-making,12.593,2015
Haiti,HTI,Norms and Decision-making,14.074,2016
Haiti,HTI,Norms and Decision-making,71.852,2017
Haiti,HTI,Norms and Decision-making,12.593,2018
Haiti,HTI,Norms and Decision-making,12.593,2019
Haiti,HTI,Norms and Decision-making,12.593,2020
Haiti,HTI,Norms and Decision-making,12.593,2021
Haiti,HTI,Norms and Decision-making,12.593,2022
Haiti,HTI,Norms and Decision-making,12.593,2023
Haiti,HTI,Population,86.905,1960
Haiti,HTI,Population,86.905,1961
Haiti,HTI,Population,86.905,1962
Haiti,HTI,Population,86.905,1963
Haiti,HTI,Population,86.905,1964
Haiti,HTI,Population,86.905,1965
Haiti,HTI,Population,86.905,1966
Haiti,HTI,Population,86.905,1967
Haiti,HTI,Population,86.905,1968
Haiti,HTI,Population,86.905,1969
Haiti,HTI,Population,86.905,1970
Haiti,HTI,Population,89.286,1971
Haiti,HTI,Population,86.905,1972
Haiti,HTI,Population,86.905,1973
Haiti,HTI,Population,86.905,1974
Haiti,HTI,Population,86.905,1975
Haiti,HTI,Population,86.905,1976
Haiti,HTI,Population,88.095,1977
Haiti,HTI,Population,86.905,1978
Haiti,HTI,Population,86.905,1979
Haiti,HTI,Population,91.667,1980
Haiti,HTI,Population,86.905,1981
Haiti,HTI,Population,89.286,1982
Haiti,HTI,Population,86.905,1983
Haiti,HTI,Population,86.905,1984
Haiti,HTI,Population,91.667,1985
Haiti,HTI,Population,86.905,1986
Haiti,HTI,Population,86.905,1987
Haiti,HTI,Population,86.905,1988
Haiti,HTI,Population,86.905,1989
Haiti,HTI,Population,92.857,1990
Haiti,HTI,Population,86.905,1991
Haiti,HTI,Population,86.905,1992
Haiti,HTI,Population,86.905,1993
Haiti,HTI,Population,86.905,1994
Haiti,HTI,Population,96.429,1995
Haiti,HTI,Population,86.905,1996
Haiti,HTI,Population,86.905,1997
Haiti,HTI,Population,86.905,1998
Haiti,HTI,Population,86.905,1999
Haiti,HTI,Population,96.429,2000
Haiti,HTI,Population,86.905,2001
Haiti,HTI,Population,86.905,2002
Haiti,HTI,Population,89.286,2003
Haiti,HTI,Population,86.905,2004
Haiti,HTI,Population,92.857,2005
Haiti,HTI,Population,94.048,2006
Haiti,HTI,Population,86.905,2007
Haiti,HTI,Population,86.905,2008
Haiti,HTI,Population,86.905,2009
Haiti,HTI,Population,92.857,2010
Haiti,HTI,Population,86.905,2011
Haiti,HTI,Population,94.048,2012
Haiti,HTI,Population,88.095,2013
Haiti,HTI,Population,86.905,2014
Haiti,HTI,Population,92.857,2015
Haiti,HTI,Population,89.286,2016
Haiti,HTI,Population,91.667,2017
Haiti,HTI,Population,86.905,2018
Haiti,HTI,Population,86.905,2019
Haiti,HTI,Population,88.095,2020
Haiti,HTI,Population,86.905,2021
Haiti,HTI,Population,86.905,2022
Haiti,HTI,Population,77.381,2023
Haiti,HTI,SDGs,2.685,1960
Haiti,HTI,SDGs,2.685,1961
Haiti,HTI,SDGs,2.685,1962
Haiti,HTI,SDGs,2.685,1963
Haiti,HTI,SDGs,2.685,1964
Haiti,HTI,SDGs,2.685,1965
Haiti,HTI,SDGs,2.685,1966
Haiti,HTI,SDGs,2.685,1967
Haiti,HTI,SDGs,2.685,1968
Haiti,HTI,SDGs,2.685,1969
Haiti,HTI,SDGs,11.409,1970
Haiti,HTI,SDGs,11.409,1971
Haiti,HTI,SDGs,11.409,1972
Haiti,HTI,SDGs,11.409,1973
Haiti,HTI,SDGs,11.409,1974
Haiti,HTI,SDGs,11.409,1975
Haiti,HTI,SDGs,11.409,1976
Haiti,HTI,SDGs,11.409,1977
Haiti,HTI,SDGs,11.409,1978
Haiti,HTI,SDGs,11.409,1979
Haiti,HTI,SDGs,12.081,1980
Haiti,HTI,SDGs,12.081,1981
Haiti,HTI,SDGs,12.081,1982
Haiti,HTI,SDGs,14.094,1983
Haiti,HTI,SDGs,12.081,1984
Haiti,HTI,SDGs,12.081,1985
Haiti,HTI,SDGs,12.081,1986
Haiti,HTI,SDGs,12.081,1987
Haiti,HTI,SDGs,12.081,1988
Haiti,HTI,SDGs,12.752,1989
Haiti,HTI,SDGs,20.134,1990
Haiti,HTI,SDGs,20.134,1991
Haiti,HTI,SDGs,20.134,1992
Haiti,HTI,SDGs,20.134,1993
Haiti,HTI,SDGs,20.134,1994
Haiti,HTI,SDGs,22.819,1995
Haiti,HTI,SDGs,20.134,1996
Haiti,HTI,SDGs,20.805,1997
Haiti,HTI,SDGs,20.805,1998
Haiti,HTI,SDGs,24.832,1999
Haiti,HTI,SDGs,68.456,2000
Haiti,HTI,SDGs,33.557,2001
Haiti,HTI,SDGs,33.557,2002
Haiti,HTI,SDGs,33.557,2003
Haiti,HTI,SDGs,33.557,2004
Haiti,HTI,SDGs,36.242,2005
Haiti,HTI,SDGs,37.584,2006
Haiti,HTI,SDGs,35.570,2007
Haiti,HTI,SDGs,33.557,2008
Haiti,HTI,SDGs,33.557,2009
Haiti,HTI,SDGs,65.772,2010
Haiti,HTI,SDGs,35.570,2011
Haiti,HTI,SDGs,38.926,2012
Haiti,HTI,SDGs,34.228,2013
Haiti,HTI,SDGs,35.570,2014
Haiti,HTI,SDGs,65.772,2015
Haiti,HTI,SDGs,33.557,2016
Haiti,HTI,SDGs,40.268,2017
Haiti,HTI,SDGs,36.913,2018
Haiti,HTI,SDGs,69.799,2019
Haiti,HTI,SDGs,26.846,2020
Haiti,HTI,SDGs,22.148,2021
Haiti,HTI,SDGs,22.148,2022
Haiti,HTI,SDGs,13.423,2023
Haiti,HTI,Technology,0.000,1960
Haiti,HTI,Technology,0.000,1961
Haiti,HTI,Technology,0.000,1962
Haiti,HTI,Technology,0.000,1963
Haiti,HTI,Technology,0.000,1964
Haiti,HTI,Technology,0.000,1965
Haiti,HTI,Technology,0.000,1966
Haiti,HTI,Technology,0.000,1967
Haiti,HTI,Technology,0.000,1968
Haiti,HTI,Technology,0.000,1969
Haiti,HTI,Technology,0.000,1970
Haiti,HTI,Technology,0.000,1971
Haiti,HTI,Technology,0.000,1972
Haiti,HTI,Technology,0.000,1973
Haiti,HTI,Technology,0.000,1974
Haiti,HTI,Technology,0.000,1975
Haiti,HTI,Technology,0.000,1976
Haiti,HTI,Technology,0.000,1977
Haiti,HTI,Technology,0.000,1978
Haiti,HTI,Technology,0.000,1979
Haiti,HTI,Technology,0.000,1980
Haiti,HTI,Technology,0.000,1981
Haiti,HTI,Technology,0.000,1982
Haiti,HTI,Technology,0.000,1983
Haiti,HTI,Technology,0.000,1984
Haiti,HTI,Technology,0.000,1985
Haiti,HTI,Technology,0.000,1986
Haiti,HTI,Technology,0.000,1987
Haiti,HTI,Technology,0.000,1988
Haiti,HTI,Technology,0.000,1989
Haiti,HTI,Technology,2.222,1990
Haiti,HTI,Technology,2.222,1991
Haiti,HTI,Technology,2.222,1992
Haiti,HTI,Technology,2.222,1993
Haiti,HTI,Technology,2.222,1994
Haiti,HTI,Technology,2.222,1995
Haiti,HTI,Technology,2.222,1996
Haiti,HTI,Technology,0.000,1997
Haiti,HTI,Technology,2.222,1998
Haiti,HTI,Technology,2.222,1999
Haiti,HTI,Technology,2.222,2000
Haiti,HTI,Technology,2.222,2001
Haiti,HTI,Technology,2.222,2002
Haiti,HTI,Technology,2.222,2003
Haiti,HTI,Technology,2.222,2004
Haiti,HTI,Technology,2.222,2005
Haiti,HTI,Technology,2.222,2006
Haiti,HTI,Technology,2.222,2007
Haiti,HTI,Technology,2.222,2008
Haiti,HTI,Technology,2.222,2009
Haiti,HTI,Technology,2.222,2010
Haiti,HTI,Technology,8.889,2011
Haiti,HTI,Technology,2.222,2012
Haiti,HTI,Technology,2.222,2013
Haiti,HTI,Technology,35.556,2014
Haiti,HTI,Technology,2.222,2015
Haiti,HTI,Technology,2.222,2016
Haiti,HTI,Technology,55.556,2017
Haiti,HTI,Technology,2.222,2018
Haiti,HTI,Technology,2.222,2019
Haiti,HTI,Technology,2.222,2020
Haiti,HTI,Technology,2.222,2021
Haiti,HTI,Technology,0.000,2022
Haiti,HTI,Technology,0.000,2023
Haiti,HTI,Violence,0.000,1960
Haiti,HTI,Violence,0.000,1961
Haiti,HTI,Violence,0.000,1962
Haiti,HTI,Violence,0.000,1963
Haiti,HTI,Violence,0.000,1964
Haiti,HTI,Violence,0.000,1965
Haiti,HTI,Violence,0.000,1966
Haiti,HTI,Violence,0.000,1967
Haiti,HTI,Violence,0.000,1968
Haiti,HTI,Violence,0.000,1969
Haiti,HTI,Violence,2.143,1970
Haiti,HTI,Violence,2.143,1971
Haiti,HTI,Violence,2.143,1972
Haiti,HTI,Violence,2.143,1973
Haiti,HTI,Violence,2.143,1974
Haiti,HTI,Violence,2.143,1975
Haiti,HTI,Violence,2.143,1976
Haiti,HTI,Violence,2.143,1977
Haiti,HTI,Violence,2.143,1978
Haiti,HTI,Violence,2.143,1979
Haiti,HTI,Violence,2.143,1980
Haiti,HTI,Violence,2.143,1981
Haiti,HTI,Violence,2.143,1982
Haiti,HTI,Violence,2.143,1983
Haiti,HTI,Violence,2.143,1984
Haiti,HTI,Violence,2.143,1985
Haiti,HTI,Violence,2.143,1986
Haiti,HTI,Violence,2.143,1987
Haiti,HTI,Violence,2.143,1988
Haiti,HTI,Violence,2.143,1989
Haiti,HTI,Violence,2.143,1990
Haiti,HTI,Violence,2.143,1991
Haiti,HTI,Violence,2.143,1992
Haiti,HTI,Violence,2.143,1993
Haiti,HTI,Violence,2.143,1994
Haiti,HTI,Violence,6.429,1995
Haiti,HTI,Violence,2.143,1996
Haiti,HTI,Violence,2.143,1997
Haiti,HTI,Violence,2.143,1998
Haiti,HTI,Violence,2.143,1999
Haiti,HTI,Violence,72.143,2000
Haiti,HTI,Violence,4.286,2001
Haiti,HTI,Violence,4.286,2002
Haiti,HTI,Violence,4.286,2003
Haiti,HTI,Violence,4.286,2004
Haiti,HTI,Violence,4.286,2005
Haiti,HTI,Violence,62.143,2006
Haiti,HTI,Violence,5.000,2007
Haiti,HTI,Violence,5.000,2008
Haiti,HTI,Violence,5.000,2009
Haiti,HTI,Violence,5.000,2010
Haiti,HTI,Violence,5.000,2011
Haiti,HTI,Violence,54.286,2012
Haiti,HTI,Violence,6.429,2013
Haiti,HTI,Violence,6.429,2014
Haiti,HTI,Violence,6.429,2015
Haiti,HTI,Violence,6.429,2016
Haiti,HTI,Violence,54.286,2017
Haiti,HTI,Violence,9.286,2018
Haiti,HTI,Violence,4.286,2019
Haiti,HTI,Violence,4.286,2020
Haiti,HTI,Violence,4.286,2021
Haiti,HTI,Violence,2.143,2022
Haiti,HTI,Violence,2.143,2023
Haiti,HTI,Youth 15-24,4.587,1960
Haiti,HTI,Youth 15-24,4.587,1961
Haiti,HTI,Youth 15-24,4.587,1962
Haiti,HTI,Youth 15-24,4.587,1963
Haiti,HTI,Youth 15-24,4.587,1964
Haiti,HTI,Youth 15-24,4.587,1965
Haiti,HTI,Youth 15-24,4.587,1966
Haiti,HTI,Youth 15-24,4.587,1967
Haiti,HTI,Youth 15-24,4.587,1968
Haiti,HTI,Youth 15-24,4.587,1969
Haiti,HTI,Youth 15-24,4.587,1970
Haiti,HTI,Youth 15-24,12.844,1971
Haiti,HTI,Youth 15-24,4.587,1972
Haiti,HTI,Youth 15-24,4.587,1973
Haiti,HTI,Youth 15-24,4.587,1974
Haiti,HTI,Youth 15-24,4.587,1975
Haiti,HTI,Youth 15-24,8.257,1976
Haiti,HTI,Youth 15-24,8.257,1977
Haiti,HTI,Youth 15-24,11.009,1978
Haiti,HTI,Youth 15-24,13.761,1979
Haiti,HTI,Youth 15-24,11.009,1980
Haiti,HTI,Youth 15-24,13.761,1981
Haiti,HTI,Youth 15-24,22.936,1982
Haiti,HTI,Youth 15-24,8.257,1983
Haiti,HTI,Youth 15-24,13.761,1984
Haiti,HTI,Youth 15-24,10.092,1985
Haiti,HTI,Youth 15-24,14.679,1986
Haiti,HTI,Youth 15-24,4.587,1987
Haiti,HTI,Youth 15-24,4.587,1988
Haiti,HTI,Youth 15-24,4.587,1989
Haiti,HTI,Youth 15-24,18.349,1990
Haiti,HTI,Youth 15-24,18.349,1991
Haiti,HTI,Youth 15-24,20.183,1992
Haiti,HTI,Youth 15-24,20.183,1993
Haiti,HTI,Youth 15-24,20.183,1994
Haiti,HTI,Youth 15-24,28.440,1995
Haiti,HTI,Youth 15-24,20.183,1996
Haiti,HTI,Youth 15-24,18.349,1997
Haiti,HTI,Youth 15-24,18.349,1998
Haiti,HTI,Youth 15-24,22.018,1999
Haiti,HTI,Youth 15-24,26.606,2000
Haiti,HTI,Youth 15-24,18.349,2001
Haiti,HTI,Youth 15-24,18.349,2002
Haiti,HTI,Youth 15-24,31.193,2003
Haiti,HTI,Youth 15-24,18.349,2004
Haiti,HTI,Youth 15-24,21.101,2005
Haiti,HTI,Youth 15-24,33.945,2006
Haiti,HTI,Youth 15-24,18.349,2007
Haiti,HTI,Youth 15-24,18.349,2008
Haiti,HTI,Youth 15-24,18.349,2009
Haiti,HTI,Youth 15-24,18.349,2010
Haiti,HTI,Youth 15-24,18.349,2011
Haiti,HTI,Youth 15-24,46.789,2012
Haiti,HTI,Youth 15-24,18.349,2013
Haiti,HTI,Youth 15-24,18.349,2014
Haiti,HTI,Youth 15-24,18.349,2015
Haiti,HTI,Youth 15-24,25.688,2016
Haiti,HTI,Youth 15-24,35.780,2017
Haiti,HTI,Youth 15-24,18.349,2018
Haiti,HTI,Youth 15-24,18.349,2019
Haiti,HTI,Youth 15-24,18.349,2020
Haiti,HTI,Youth 15-24,18.349,2021
Haiti,HTI,Youth 15-24,18.349,2022
Haiti,HTI,Youth 15-24,12.844,2023
