Country Name,Country Code,Topic,% of available indicators,Year
Burundi,BDI,Assets,0.000,1960
Burundi,BDI,Assets,0.000,1961
Burundi,BDI,Assets,0.000,1962
Burundi,BDI,Assets,0.000,1963
Burundi,BDI,Assets,0.000,1964
Burundi,BDI,Assets,0.000,1965
Burundi,BDI,Assets,0.000,1966
Burundi,BDI,Assets,0.000,1967
Burundi,BDI,Assets,0.000,1968
Burundi,BDI,Assets,0.000,1969
Burundi,BDI,Assets,2.208,1970
Burundi,BDI,Assets,2.208,1971
Burundi,BDI,Assets,2.208,1972
Burundi,BDI,Assets,2.208,1973
Burundi,BDI,Assets,2.208,1974
Burundi,BDI,Assets,2.208,1975
Burundi,BDI,Assets,2.208,1976
Burundi,BDI,Assets,2.208,1977
Burundi,BDI,Assets,2.208,1978
Burundi,BDI,Assets,2.208,1979
Burundi,BDI,Assets,2.208,1980
Burundi,BDI,Assets,2.208,1981
Burundi,BDI,Assets,2.208,1982
Burundi,BDI,Assets,2.208,1983
Burundi,BDI,Assets,2.208,1984
Burundi,BDI,Assets,2.208,1985
Burundi,BDI,Assets,2.208,1986
Burundi,BDI,Assets,2.208,1987
Burundi,BDI,Assets,2.208,1988
Burundi,BDI,Assets,2.208,1989
Burundi,BDI,Assets,2.208,1990
Burundi,BDI,Assets,2.208,1991
Burundi,BDI,Assets,2.208,1992
Burundi,BDI,Assets,2.208,1993
Burundi,BDI,Assets,2.208,1994
Burundi,BDI,Assets,2.208,1995
Burundi,BDI,Assets,2.208,1996
Burundi,BDI,Assets,2.208,1997
Burundi,BDI,Assets,2.208,1998
Burundi,BDI,Assets,2.208,1999
Burundi,BDI,Assets,2.208,2000
Burundi,BDI,Assets,2.208,2001
Burundi,BDI,Assets,2.208,2002
Burundi,BDI,Assets,2.208,2003
Burundi,BDI,Assets,2.208,2004
Burundi,BDI,Assets,2.208,2005
Burundi,BDI,Assets,2.208,2006
Burundi,BDI,Assets,2.208,2007
Burundi,BDI,Assets,2.208,2008
Burundi,BDI,Assets,2.208,2009
Burundi,BDI,Assets,32.492,2010
Burundi,BDI,Assets,11.672,2011
Burundi,BDI,Assets,2.208,2012
Burundi,BDI,Assets,2.208,2013
Burundi,BDI,Assets,30.599,2014
Burundi,BDI,Assets,2.208,2015
Burundi,BDI,Assets,2.208,2016
Burundi,BDI,Assets,32.492,2017
Burundi,BDI,Assets,2.208,2018
Burundi,BDI,Assets,2.208,2019
Burundi,BDI,Assets,2.208,2020
Burundi,BDI,Assets,2.208,2021
Burundi,BDI,Assets,2.208,2022
Burundi,BDI,Assets,2.208,2023
Burundi,BDI,Children 0-14,10.769,1960
Burundi,BDI,Children 0-14,10.769,1961
Burundi,BDI,Children 0-14,10.769,1962
Burundi,BDI,Children 0-14,10.769,1963
Burundi,BDI,Children 0-14,15.385,1964
Burundi,BDI,Children 0-14,17.692,1965
Burundi,BDI,Children 0-14,17.692,1966
Burundi,BDI,Children 0-14,17.692,1967
Burundi,BDI,Children 0-14,17.692,1968
Burundi,BDI,Children 0-14,19.231,1969
Burundi,BDI,Children 0-14,19.231,1970
Burundi,BDI,Children 0-14,30.769,1971
Burundi,BDI,Children 0-14,29.231,1972
Burundi,BDI,Children 0-14,37.692,1973
Burundi,BDI,Children 0-14,30.000,1974
Burundi,BDI,Children 0-14,27.692,1975
Burundi,BDI,Children 0-14,27.692,1976
Burundi,BDI,Children 0-14,30.000,1977
Burundi,BDI,Children 0-14,37.692,1978
Burundi,BDI,Children 0-14,30.000,1979
Burundi,BDI,Children 0-14,37.692,1980
Burundi,BDI,Children 0-14,37.692,1981
Burundi,BDI,Children 0-14,41.538,1982
Burundi,BDI,Children 0-14,41.538,1983
Burundi,BDI,Children 0-14,41.538,1984
Burundi,BDI,Children 0-14,40.000,1985
Burundi,BDI,Children 0-14,41.538,1986
Burundi,BDI,Children 0-14,48.462,1987
Burundi,BDI,Children 0-14,41.538,1988
Burundi,BDI,Children 0-14,33.846,1989
Burundi,BDI,Children 0-14,32.308,1990
Burundi,BDI,Children 0-14,29.231,1991
Burundi,BDI,Children 0-14,31.538,1992
Burundi,BDI,Children 0-14,37.692,1993
Burundi,BDI,Children 0-14,20.769,1994
Burundi,BDI,Children 0-14,24.615,1995
Burundi,BDI,Children 0-14,24.615,1996
Burundi,BDI,Children 0-14,24.615,1997
Burundi,BDI,Children 0-14,26.923,1998
Burundi,BDI,Children 0-14,26.923,1999
Burundi,BDI,Children 0-14,69.231,2000
Burundi,BDI,Children 0-14,40.000,2001
Burundi,BDI,Children 0-14,42.308,2002
Burundi,BDI,Children 0-14,46.923,2003
Burundi,BDI,Children 0-14,49.231,2004
Burundi,BDI,Children 0-14,50.769,2005
Burundi,BDI,Children 0-14,46.923,2006
Burundi,BDI,Children 0-14,44.615,2007
Burundi,BDI,Children 0-14,40.000,2008
Burundi,BDI,Children 0-14,46.923,2009
Burundi,BDI,Children 0-14,86.923,2010
Burundi,BDI,Children 0-14,44.615,2011
Burundi,BDI,Children 0-14,44.615,2012
Burundi,BDI,Children 0-14,41.538,2013
Burundi,BDI,Children 0-14,55.385,2014
Burundi,BDI,Children 0-14,58.462,2015
Burundi,BDI,Children 0-14,55.385,2016
Burundi,BDI,Children 0-14,65.385,2017
Burundi,BDI,Children 0-14,64.615,2018
Burundi,BDI,Children 0-14,63.846,2019
Burundi,BDI,Children 0-14,50.000,2020
Burundi,BDI,Children 0-14,23.077,2021
Burundi,BDI,Children 0-14,26.923,2022
Burundi,BDI,Children 0-14,9.231,2023
Burundi,BDI,Education,0.000,1960
Burundi,BDI,Education,0.000,1961
Burundi,BDI,Education,0.000,1962
Burundi,BDI,Education,0.000,1963
Burundi,BDI,Education,0.000,1964
Burundi,BDI,Education,0.000,1965
Burundi,BDI,Education,0.000,1966
Burundi,BDI,Education,0.000,1967
Burundi,BDI,Education,0.000,1968
Burundi,BDI,Education,0.000,1969
Burundi,BDI,Education,0.000,1970
Burundi,BDI,Education,21.472,1971
Burundi,BDI,Education,20.245,1972
Burundi,BDI,Education,26.994,1973
Burundi,BDI,Education,20.859,1974
Burundi,BDI,Education,18.405,1975
Burundi,BDI,Education,22.699,1976
Burundi,BDI,Education,20.245,1977
Burundi,BDI,Education,24.540,1978
Burundi,BDI,Education,29.448,1979
Burundi,BDI,Education,30.675,1980
Burundi,BDI,Education,27.607,1981
Burundi,BDI,Education,32.515,1982
Burundi,BDI,Education,28.221,1983
Burundi,BDI,Education,32.515,1984
Burundi,BDI,Education,31.288,1985
Burundi,BDI,Education,33.129,1986
Burundi,BDI,Education,32.515,1987
Burundi,BDI,Education,29.448,1988
Burundi,BDI,Education,24.540,1989
Burundi,BDI,Education,30.675,1990
Burundi,BDI,Education,22.086,1991
Burundi,BDI,Education,23.926,1992
Burundi,BDI,Education,28.221,1993
Burundi,BDI,Education,0.613,1994
Burundi,BDI,Education,3.681,1995
Burundi,BDI,Education,3.681,1996
Burundi,BDI,Education,3.067,1997
Burundi,BDI,Education,7.975,1998
Burundi,BDI,Education,9.202,1999
Burundi,BDI,Education,30.061,2000
Burundi,BDI,Education,31.902,2001
Burundi,BDI,Education,26.994,2002
Burundi,BDI,Education,35.583,2003
Burundi,BDI,Education,49.080,2004
Burundi,BDI,Education,37.423,2005
Burundi,BDI,Education,37.423,2006
Burundi,BDI,Education,32.515,2007
Burundi,BDI,Education,29.448,2008
Burundi,BDI,Education,39.264,2009
Burundi,BDI,Education,65.644,2010
Burundi,BDI,Education,37.423,2011
Burundi,BDI,Education,42.945,2012
Burundi,BDI,Education,39.264,2013
Burundi,BDI,Education,68.712,2014
Burundi,BDI,Education,38.650,2015
Burundi,BDI,Education,51.534,2016
Burundi,BDI,Education,79.755,2017
Burundi,BDI,Education,52.147,2018
Burundi,BDI,Education,23.926,2019
Burundi,BDI,Education,30.675,2020
Burundi,BDI,Education,4.908,2021
Burundi,BDI,Education,4.908,2022
Burundi,BDI,Education,3.067,2023
Burundi,BDI,Employment and Time Use,0.000,1960
Burundi,BDI,Employment and Time Use,0.000,1961
Burundi,BDI,Employment and Time Use,0.000,1962
Burundi,BDI,Employment and Time Use,0.000,1963
Burundi,BDI,Employment and Time Use,0.000,1964
Burundi,BDI,Employment and Time Use,0.000,1965
Burundi,BDI,Employment and Time Use,0.000,1966
Burundi,BDI,Employment and Time Use,0.000,1967
Burundi,BDI,Employment and Time Use,0.000,1968
Burundi,BDI,Employment and Time Use,0.000,1969
Burundi,BDI,Employment and Time Use,21.168,1970
Burundi,BDI,Employment and Time Use,21.168,1971
Burundi,BDI,Employment and Time Use,21.168,1972
Burundi,BDI,Employment and Time Use,21.168,1973
Burundi,BDI,Employment and Time Use,21.168,1974
Burundi,BDI,Employment and Time Use,21.168,1975
Burundi,BDI,Employment and Time Use,21.168,1976
Burundi,BDI,Employment and Time Use,21.168,1977
Burundi,BDI,Employment and Time Use,24.088,1978
Burundi,BDI,Employment and Time Use,26.277,1979
Burundi,BDI,Employment and Time Use,24.088,1980
Burundi,BDI,Employment and Time Use,21.168,1981
Burundi,BDI,Employment and Time Use,24.088,1982
Burundi,BDI,Employment and Time Use,21.168,1983
Burundi,BDI,Employment and Time Use,24.088,1984
Burundi,BDI,Employment and Time Use,21.168,1985
Burundi,BDI,Employment and Time Use,26.277,1986
Burundi,BDI,Employment and Time Use,21.168,1987
Burundi,BDI,Employment and Time Use,21.168,1988
Burundi,BDI,Employment and Time Use,21.168,1989
Burundi,BDI,Employment and Time Use,41.606,1990
Burundi,BDI,Employment and Time Use,56.204,1991
Burundi,BDI,Employment and Time Use,56.204,1992
Burundi,BDI,Employment and Time Use,56.204,1993
Burundi,BDI,Employment and Time Use,56.204,1994
Burundi,BDI,Employment and Time Use,56.204,1995
Burundi,BDI,Employment and Time Use,56.204,1996
Burundi,BDI,Employment and Time Use,56.204,1997
Burundi,BDI,Employment and Time Use,63.504,1998
Burundi,BDI,Employment and Time Use,58.394,1999
Burundi,BDI,Employment and Time Use,58.394,2000
Burundi,BDI,Employment and Time Use,56.204,2001
Burundi,BDI,Employment and Time Use,56.204,2002
Burundi,BDI,Employment and Time Use,56.204,2003
Burundi,BDI,Employment and Time Use,56.204,2004
Burundi,BDI,Employment and Time Use,58.394,2005
Burundi,BDI,Employment and Time Use,86.131,2006
Burundi,BDI,Employment and Time Use,56.204,2007
Burundi,BDI,Employment and Time Use,63.504,2008
Burundi,BDI,Employment and Time Use,56.204,2009
Burundi,BDI,Employment and Time Use,58.394,2010
Burundi,BDI,Employment and Time Use,56.204,2011
Burundi,BDI,Employment and Time Use,56.204,2012
Burundi,BDI,Employment and Time Use,56.204,2013
Burundi,BDI,Employment and Time Use,91.241,2014
Burundi,BDI,Employment and Time Use,56.204,2015
Burundi,BDI,Employment and Time Use,56.204,2016
Burundi,BDI,Employment and Time Use,62.774,2017
Burundi,BDI,Employment and Time Use,56.204,2018
Burundi,BDI,Employment and Time Use,56.204,2019
Burundi,BDI,Employment and Time Use,86.861,2020
Burundi,BDI,Employment and Time Use,56.204,2021
Burundi,BDI,Employment and Time Use,56.204,2022
Burundi,BDI,Employment and Time Use,59.124,2023
Burundi,BDI,Entrepreneurship,0.000,1960
Burundi,BDI,Entrepreneurship,0.000,1961
Burundi,BDI,Entrepreneurship,0.000,1962
Burundi,BDI,Entrepreneurship,0.000,1963
Burundi,BDI,Entrepreneurship,0.000,1964
Burundi,BDI,Entrepreneurship,0.000,1965
Burundi,BDI,Entrepreneurship,0.000,1966
Burundi,BDI,Entrepreneurship,0.000,1967
Burundi,BDI,Entrepreneurship,0.000,1968
Burundi,BDI,Entrepreneurship,0.000,1969
Burundi,BDI,Entrepreneurship,9.375,1970
Burundi,BDI,Entrepreneurship,9.375,1971
Burundi,BDI,Entrepreneurship,9.375,1972
Burundi,BDI,Entrepreneurship,9.375,1973
Burundi,BDI,Entrepreneurship,9.375,1974
Burundi,BDI,Entrepreneurship,9.375,1975
Burundi,BDI,Entrepreneurship,9.375,1976
Burundi,BDI,Entrepreneurship,9.375,1977
Burundi,BDI,Entrepreneurship,9.375,1978
Burundi,BDI,Entrepreneurship,9.375,1979
Burundi,BDI,Entrepreneurship,9.375,1980
Burundi,BDI,Entrepreneurship,9.375,1981
Burundi,BDI,Entrepreneurship,9.375,1982
Burundi,BDI,Entrepreneurship,9.375,1983
Burundi,BDI,Entrepreneurship,9.375,1984
Burundi,BDI,Entrepreneurship,9.375,1985
Burundi,BDI,Entrepreneurship,9.375,1986
Burundi,BDI,Entrepreneurship,9.375,1987
Burundi,BDI,Entrepreneurship,9.375,1988
Burundi,BDI,Entrepreneurship,9.375,1989
Burundi,BDI,Entrepreneurship,9.375,1990
Burundi,BDI,Entrepreneurship,9.375,1991
Burundi,BDI,Entrepreneurship,9.375,1992
Burundi,BDI,Entrepreneurship,9.375,1993
Burundi,BDI,Entrepreneurship,9.375,1994
Burundi,BDI,Entrepreneurship,9.375,1995
Burundi,BDI,Entrepreneurship,9.375,1996
Burundi,BDI,Entrepreneurship,9.375,1997
Burundi,BDI,Entrepreneurship,9.375,1998
Burundi,BDI,Entrepreneurship,9.375,1999
Burundi,BDI,Entrepreneurship,9.375,2000
Burundi,BDI,Entrepreneurship,9.375,2001
Burundi,BDI,Entrepreneurship,9.375,2002
Burundi,BDI,Entrepreneurship,37.500,2003
Burundi,BDI,Entrepreneurship,37.500,2004
Burundi,BDI,Entrepreneurship,37.500,2005
Burundi,BDI,Entrepreneurship,40.625,2006
Burundi,BDI,Entrepreneurship,37.500,2007
Burundi,BDI,Entrepreneurship,37.500,2008
Burundi,BDI,Entrepreneurship,37.500,2009
Burundi,BDI,Entrepreneurship,37.500,2010
Burundi,BDI,Entrepreneurship,37.500,2011
Burundi,BDI,Entrepreneurship,37.500,2012
Burundi,BDI,Entrepreneurship,37.500,2013
Burundi,BDI,Entrepreneurship,62.500,2014
Burundi,BDI,Entrepreneurship,37.500,2015
Burundi,BDI,Entrepreneurship,37.500,2016
Burundi,BDI,Entrepreneurship,37.500,2017
Burundi,BDI,Entrepreneurship,37.500,2018
Burundi,BDI,Entrepreneurship,37.500,2019
Burundi,BDI,Entrepreneurship,9.375,2020
Burundi,BDI,Entrepreneurship,9.375,2021
Burundi,BDI,Entrepreneurship,9.375,2022
Burundi,BDI,Entrepreneurship,9.375,2023
Burundi,BDI,Environment,0.000,1960
Burundi,BDI,Environment,0.000,1961
Burundi,BDI,Environment,0.000,1962
Burundi,BDI,Environment,0.000,1963
Burundi,BDI,Environment,0.000,1964
Burundi,BDI,Environment,0.000,1965
Burundi,BDI,Environment,0.000,1966
Burundi,BDI,Environment,0.000,1967
Burundi,BDI,Environment,0.000,1968
Burundi,BDI,Environment,0.000,1969
Burundi,BDI,Environment,0.000,1970
Burundi,BDI,Environment,0.000,1971
Burundi,BDI,Environment,0.000,1972
Burundi,BDI,Environment,0.000,1973
Burundi,BDI,Environment,0.000,1974
Burundi,BDI,Environment,0.000,1975
Burundi,BDI,Environment,0.000,1976
Burundi,BDI,Environment,0.000,1977
Burundi,BDI,Environment,0.000,1978
Burundi,BDI,Environment,0.000,1979
Burundi,BDI,Environment,0.000,1980
Burundi,BDI,Environment,0.000,1981
Burundi,BDI,Environment,0.000,1982
Burundi,BDI,Environment,0.000,1983
Burundi,BDI,Environment,0.000,1984
Burundi,BDI,Environment,0.000,1985
Burundi,BDI,Environment,0.000,1986
Burundi,BDI,Environment,0.000,1987
Burundi,BDI,Environment,0.000,1988
Burundi,BDI,Environment,0.000,1989
Burundi,BDI,Environment,0.000,1990
Burundi,BDI,Environment,0.000,1991
Burundi,BDI,Environment,0.000,1992
Burundi,BDI,Environment,0.000,1993
Burundi,BDI,Environment,0.000,1994
Burundi,BDI,Environment,0.000,1995
Burundi,BDI,Environment,0.000,1996
Burundi,BDI,Environment,0.000,1997
Burundi,BDI,Environment,0.000,1998
Burundi,BDI,Environment,0.000,1999
Burundi,BDI,Environment,10.000,2000
Burundi,BDI,Environment,10.000,2001
Burundi,BDI,Environment,10.000,2002
Burundi,BDI,Environment,10.000,2003
Burundi,BDI,Environment,13.333,2004
Burundi,BDI,Environment,10.000,2005
Burundi,BDI,Environment,10.000,2006
Burundi,BDI,Environment,10.000,2007
Burundi,BDI,Environment,10.000,2008
Burundi,BDI,Environment,10.000,2009
Burundi,BDI,Environment,60.000,2010
Burundi,BDI,Environment,13.333,2011
Burundi,BDI,Environment,40.000,2012
Burundi,BDI,Environment,10.000,2013
Burundi,BDI,Environment,20.000,2014
Burundi,BDI,Environment,10.000,2015
Burundi,BDI,Environment,13.333,2016
Burundi,BDI,Environment,60.000,2017
Burundi,BDI,Environment,10.000,2018
Burundi,BDI,Environment,30.000,2019
Burundi,BDI,Environment,10.000,2020
Burundi,BDI,Environment,10.000,2021
Burundi,BDI,Environment,10.000,2022
Burundi,BDI,Environment,0.000,2023
Burundi,BDI,Health,3.030,1960
Burundi,BDI,Health,3.030,1961
Burundi,BDI,Health,3.030,1962
Burundi,BDI,Health,3.030,1963
Burundi,BDI,Health,6.061,1964
Burundi,BDI,Health,7.576,1965
Burundi,BDI,Health,7.576,1966
Burundi,BDI,Health,7.576,1967
Burundi,BDI,Health,7.576,1968
Burundi,BDI,Health,8.586,1969
Burundi,BDI,Health,8.586,1970
Burundi,BDI,Health,8.586,1971
Burundi,BDI,Health,8.586,1972
Burundi,BDI,Health,8.586,1973
Burundi,BDI,Health,8.586,1974
Burundi,BDI,Health,11.111,1975
Burundi,BDI,Health,11.111,1976
Burundi,BDI,Health,11.111,1977
Burundi,BDI,Health,11.111,1978
Burundi,BDI,Health,11.111,1979
Burundi,BDI,Health,11.111,1980
Burundi,BDI,Health,12.121,1981
Burundi,BDI,Health,12.121,1982
Burundi,BDI,Health,12.121,1983
Burundi,BDI,Health,12.121,1984
Burundi,BDI,Health,12.121,1985
Burundi,BDI,Health,12.121,1986
Burundi,BDI,Health,22.222,1987
Burundi,BDI,Health,12.121,1988
Burundi,BDI,Health,12.121,1989
Burundi,BDI,Health,16.667,1990
Burundi,BDI,Health,16.667,1991
Burundi,BDI,Health,16.667,1992
Burundi,BDI,Health,16.667,1993
Burundi,BDI,Health,16.667,1994
Burundi,BDI,Health,16.667,1995
Burundi,BDI,Health,16.667,1996
Burundi,BDI,Health,16.667,1997
Burundi,BDI,Health,16.667,1998
Burundi,BDI,Health,16.667,1999
Burundi,BDI,Health,66.667,2000
Burundi,BDI,Health,31.818,2001
Burundi,BDI,Health,33.333,2002
Burundi,BDI,Health,31.818,2003
Burundi,BDI,Health,31.818,2004
Burundi,BDI,Health,37.879,2005
Burundi,BDI,Health,31.818,2006
Burundi,BDI,Health,31.818,2007
Burundi,BDI,Health,31.818,2008
Burundi,BDI,Health,32.828,2009
Burundi,BDI,Health,87.374,2010
Burundi,BDI,Health,32.828,2011
Burundi,BDI,Health,34.343,2012
Burundi,BDI,Health,31.313,2013
Burundi,BDI,Health,33.333,2014
Burundi,BDI,Health,55.556,2015
Burundi,BDI,Health,40.909,2016
Burundi,BDI,Health,52.525,2017
Burundi,BDI,Health,42.929,2018
Burundi,BDI,Health,64.141,2019
Burundi,BDI,Health,35.859,2020
Burundi,BDI,Health,18.687,2021
Burundi,BDI,Health,21.212,2022
Burundi,BDI,Health,1.010,2023
Burundi,BDI,Leadership,0.000,1960
Burundi,BDI,Leadership,0.000,1961
Burundi,BDI,Leadership,0.000,1962
Burundi,BDI,Leadership,0.000,1963
Burundi,BDI,Leadership,0.000,1964
Burundi,BDI,Leadership,0.000,1965
Burundi,BDI,Leadership,0.000,1966
Burundi,BDI,Leadership,0.000,1967
Burundi,BDI,Leadership,0.000,1968
Burundi,BDI,Leadership,0.000,1969
Burundi,BDI,Leadership,0.000,1970
Burundi,BDI,Leadership,0.000,1971
Burundi,BDI,Leadership,0.000,1972
Burundi,BDI,Leadership,0.000,1973
Burundi,BDI,Leadership,0.000,1974
Burundi,BDI,Leadership,0.000,1975
Burundi,BDI,Leadership,0.000,1976
Burundi,BDI,Leadership,0.000,1977
Burundi,BDI,Leadership,0.000,1978
Burundi,BDI,Leadership,0.000,1979
Burundi,BDI,Leadership,0.000,1980
Burundi,BDI,Leadership,0.000,1981
Burundi,BDI,Leadership,0.000,1982
Burundi,BDI,Leadership,0.000,1983
Burundi,BDI,Leadership,0.000,1984
Burundi,BDI,Leadership,0.000,1985
Burundi,BDI,Leadership,0.000,1986
Burundi,BDI,Leadership,0.000,1987
Burundi,BDI,Leadership,0.000,1988
Burundi,BDI,Leadership,0.000,1989
Burundi,BDI,Leadership,0.000,1990
Burundi,BDI,Leadership,0.000,1991
Burundi,BDI,Leadership,0.000,1992
Burundi,BDI,Leadership,0.000,1993
Burundi,BDI,Leadership,0.000,1994
Burundi,BDI,Leadership,0.000,1995
Burundi,BDI,Leadership,0.000,1996
Burundi,BDI,Leadership,0.000,1997
Burundi,BDI,Leadership,25.000,1998
Burundi,BDI,Leadership,25.000,1999
Burundi,BDI,Leadership,25.000,2000
Burundi,BDI,Leadership,25.000,2001
Burundi,BDI,Leadership,25.000,2002
Burundi,BDI,Leadership,25.000,2003
Burundi,BDI,Leadership,25.000,2004
Burundi,BDI,Leadership,50.000,2005
Burundi,BDI,Leadership,25.000,2006
Burundi,BDI,Leadership,25.000,2007
Burundi,BDI,Leadership,50.000,2008
Burundi,BDI,Leadership,25.000,2009
Burundi,BDI,Leadership,50.000,2010
Burundi,BDI,Leadership,25.000,2011
Burundi,BDI,Leadership,50.000,2012
Burundi,BDI,Leadership,25.000,2013
Burundi,BDI,Leadership,75.000,2014
Burundi,BDI,Leadership,50.000,2015
Burundi,BDI,Leadership,50.000,2016
Burundi,BDI,Leadership,25.000,2017
Burundi,BDI,Leadership,50.000,2018
Burundi,BDI,Leadership,50.000,2019
Burundi,BDI,Leadership,75.000,2020
Burundi,BDI,Leadership,25.000,2021
Burundi,BDI,Leadership,50.000,2022
Burundi,BDI,Leadership,25.000,2023
Burundi,BDI,Norms and Decision-making,0.000,1960
Burundi,BDI,Norms and Decision-making,0.000,1961
Burundi,BDI,Norms and Decision-making,0.000,1962
Burundi,BDI,Norms and Decision-making,0.000,1963
Burundi,BDI,Norms and Decision-making,0.000,1964
Burundi,BDI,Norms and Decision-making,0.000,1965
Burundi,BDI,Norms and Decision-making,0.000,1966
Burundi,BDI,Norms and Decision-making,0.000,1967
Burundi,BDI,Norms and Decision-making,0.000,1968
Burundi,BDI,Norms and Decision-making,0.000,1969
Burundi,BDI,Norms and Decision-making,12.593,1970
Burundi,BDI,Norms and Decision-making,14.074,1971
Burundi,BDI,Norms and Decision-making,12.593,1972
Burundi,BDI,Norms and Decision-making,12.593,1973
Burundi,BDI,Norms and Decision-making,12.593,1974
Burundi,BDI,Norms and Decision-making,12.593,1975
Burundi,BDI,Norms and Decision-making,12.593,1976
Burundi,BDI,Norms and Decision-making,12.593,1977
Burundi,BDI,Norms and Decision-making,12.593,1978
Burundi,BDI,Norms and Decision-making,14.074,1979
Burundi,BDI,Norms and Decision-making,12.593,1980
Burundi,BDI,Norms and Decision-making,12.593,1981
Burundi,BDI,Norms and Decision-making,12.593,1982
Burundi,BDI,Norms and Decision-making,12.593,1983
Burundi,BDI,Norms and Decision-making,12.593,1984
Burundi,BDI,Norms and Decision-making,12.593,1985
Burundi,BDI,Norms and Decision-making,12.593,1986
Burundi,BDI,Norms and Decision-making,17.778,1987
Burundi,BDI,Norms and Decision-making,12.593,1988
Burundi,BDI,Norms and Decision-making,12.593,1989
Burundi,BDI,Norms and Decision-making,14.074,1990
Burundi,BDI,Norms and Decision-making,12.593,1991
Burundi,BDI,Norms and Decision-making,12.593,1992
Burundi,BDI,Norms and Decision-making,12.593,1993
Burundi,BDI,Norms and Decision-making,12.593,1994
Burundi,BDI,Norms and Decision-making,12.593,1995
Burundi,BDI,Norms and Decision-making,12.593,1996
Burundi,BDI,Norms and Decision-making,12.593,1997
Burundi,BDI,Norms and Decision-making,12.593,1998
Burundi,BDI,Norms and Decision-making,12.593,1999
Burundi,BDI,Norms and Decision-making,15.556,2000
Burundi,BDI,Norms and Decision-making,12.593,2001
Burundi,BDI,Norms and Decision-making,14.074,2002
Burundi,BDI,Norms and Decision-making,12.593,2003
Burundi,BDI,Norms and Decision-making,12.593,2004
Burundi,BDI,Norms and Decision-making,15.556,2005
Burundi,BDI,Norms and Decision-making,12.593,2006
Burundi,BDI,Norms and Decision-making,12.593,2007
Burundi,BDI,Norms and Decision-making,14.074,2008
Burundi,BDI,Norms and Decision-making,12.593,2009
Burundi,BDI,Norms and Decision-making,72.593,2010
Burundi,BDI,Norms and Decision-making,12.593,2011
Burundi,BDI,Norms and Decision-making,12.593,2012
Burundi,BDI,Norms and Decision-making,12.593,2013
Burundi,BDI,Norms and Decision-making,12.593,2014
Burundi,BDI,Norms and Decision-making,12.593,2015
Burundi,BDI,Norms and Decision-making,14.074,2016
Burundi,BDI,Norms and Decision-making,71.852,2017
Burundi,BDI,Norms and Decision-making,12.593,2018
Burundi,BDI,Norms and Decision-making,12.593,2019
Burundi,BDI,Norms and Decision-making,12.593,2020
Burundi,BDI,Norms and Decision-making,12.593,2021
Burundi,BDI,Norms and Decision-making,12.593,2022
Burundi,BDI,Norms and Decision-making,12.593,2023
Burundi,BDI,Population,86.905,1960
Burundi,BDI,Population,86.905,1961
Burundi,BDI,Population,86.905,1962
Burundi,BDI,Population,86.905,1963
Burundi,BDI,Population,86.905,1964
Burundi,BDI,Population,86.905,1965
Burundi,BDI,Population,86.905,1966
Burundi,BDI,Population,86.905,1967
Burundi,BDI,Population,86.905,1968
Burundi,BDI,Population,86.905,1969
Burundi,BDI,Population,86.905,1970
Burundi,BDI,Population,89.286,1971
Burundi,BDI,Population,86.905,1972
Burundi,BDI,Population,86.905,1973
Burundi,BDI,Population,86.905,1974
Burundi,BDI,Population,86.905,1975
Burundi,BDI,Population,86.905,1976
Burundi,BDI,Population,86.905,1977
Burundi,BDI,Population,86.905,1978
Burundi,BDI,Population,89.286,1979
Burundi,BDI,Population,91.667,1980
Burundi,BDI,Population,86.905,1981
Burundi,BDI,Population,86.905,1982
Burundi,BDI,Population,86.905,1983
Burundi,BDI,Population,86.905,1984
Burundi,BDI,Population,91.667,1985
Burundi,BDI,Population,86.905,1986
Burundi,BDI,Population,88.095,1987
Burundi,BDI,Population,86.905,1988
Burundi,BDI,Population,86.905,1989
Burundi,BDI,Population,95.238,1990
Burundi,BDI,Population,86.905,1991
Burundi,BDI,Population,86.905,1992
Burundi,BDI,Population,86.905,1993
Burundi,BDI,Population,86.905,1994
Burundi,BDI,Population,92.857,1995
Burundi,BDI,Population,86.905,1996
Burundi,BDI,Population,86.905,1997
Burundi,BDI,Population,86.905,1998
Burundi,BDI,Population,86.905,1999
Burundi,BDI,Population,95.238,2000
Burundi,BDI,Population,86.905,2001
Burundi,BDI,Population,89.286,2002
Burundi,BDI,Population,86.905,2003
Burundi,BDI,Population,86.905,2004
Burundi,BDI,Population,96.429,2005
Burundi,BDI,Population,86.905,2006
Burundi,BDI,Population,86.905,2007
Burundi,BDI,Population,89.286,2008
Burundi,BDI,Population,86.905,2009
Burundi,BDI,Population,100.000,2010
Burundi,BDI,Population,86.905,2011
Burundi,BDI,Population,88.095,2012
Burundi,BDI,Population,86.905,2013
Burundi,BDI,Population,86.905,2014
Burundi,BDI,Population,92.857,2015
Burundi,BDI,Population,89.286,2016
Burundi,BDI,Population,91.667,2017
Burundi,BDI,Population,86.905,2018
Burundi,BDI,Population,86.905,2019
Burundi,BDI,Population,88.095,2020
Burundi,BDI,Population,86.905,2021
Burundi,BDI,Population,86.905,2022
Burundi,BDI,Population,77.381,2023
Burundi,BDI,SDGs,0.671,1960
Burundi,BDI,SDGs,0.671,1961
Burundi,BDI,SDGs,0.671,1962
Burundi,BDI,SDGs,0.671,1963
Burundi,BDI,SDGs,2.685,1964
Burundi,BDI,SDGs,2.685,1965
Burundi,BDI,SDGs,2.685,1966
Burundi,BDI,SDGs,2.685,1967
Burundi,BDI,SDGs,2.685,1968
Burundi,BDI,SDGs,2.685,1969
Burundi,BDI,SDGs,11.409,1970
Burundi,BDI,SDGs,11.409,1971
Burundi,BDI,SDGs,11.409,1972
Burundi,BDI,SDGs,11.409,1973
Burundi,BDI,SDGs,11.409,1974
Burundi,BDI,SDGs,11.409,1975
Burundi,BDI,SDGs,11.409,1976
Burundi,BDI,SDGs,11.409,1977
Burundi,BDI,SDGs,11.409,1978
Burundi,BDI,SDGs,11.409,1979
Burundi,BDI,SDGs,11.409,1980
Burundi,BDI,SDGs,12.081,1981
Burundi,BDI,SDGs,12.081,1982
Burundi,BDI,SDGs,12.081,1983
Burundi,BDI,SDGs,12.081,1984
Burundi,BDI,SDGs,12.081,1985
Burundi,BDI,SDGs,12.081,1986
Burundi,BDI,SDGs,14.094,1987
Burundi,BDI,SDGs,12.081,1988
Burundi,BDI,SDGs,12.081,1989
Burundi,BDI,SDGs,20.134,1990
Burundi,BDI,SDGs,20.134,1991
Burundi,BDI,SDGs,20.134,1992
Burundi,BDI,SDGs,20.134,1993
Burundi,BDI,SDGs,20.134,1994
Burundi,BDI,SDGs,20.134,1995
Burundi,BDI,SDGs,20.134,1996
Burundi,BDI,SDGs,20.134,1997
Burundi,BDI,SDGs,20.805,1998
Burundi,BDI,SDGs,22.819,1999
Burundi,BDI,SDGs,66.443,2000
Burundi,BDI,SDGs,33.557,2001
Burundi,BDI,SDGs,33.557,2002
Burundi,BDI,SDGs,33.557,2003
Burundi,BDI,SDGs,33.557,2004
Burundi,BDI,SDGs,36.242,2005
Burundi,BDI,SDGs,37.584,2006
Burundi,BDI,SDGs,33.557,2007
Burundi,BDI,SDGs,35.570,2008
Burundi,BDI,SDGs,33.557,2009
Burundi,BDI,SDGs,69.799,2010
Burundi,BDI,SDGs,35.570,2011
Burundi,BDI,SDGs,34.228,2012
Burundi,BDI,SDGs,33.557,2013
Burundi,BDI,SDGs,41.611,2014
Burundi,BDI,SDGs,65.772,2015
Burundi,BDI,SDGs,34.228,2016
Burundi,BDI,SDGs,38.255,2017
Burundi,BDI,SDGs,37.584,2018
Burundi,BDI,SDGs,70.470,2019
Burundi,BDI,SDGs,32.215,2020
Burundi,BDI,SDGs,23.490,2021
Burundi,BDI,SDGs,22.819,2022
Burundi,BDI,SDGs,14.094,2023
Burundi,BDI,Technology,2.222,1960
Burundi,BDI,Technology,0.000,1961
Burundi,BDI,Technology,0.000,1962
Burundi,BDI,Technology,0.000,1963
Burundi,BDI,Technology,0.000,1964
Burundi,BDI,Technology,2.222,1965
Burundi,BDI,Technology,0.000,1966
Burundi,BDI,Technology,0.000,1967
Burundi,BDI,Technology,0.000,1968
Burundi,BDI,Technology,0.000,1969
Burundi,BDI,Technology,2.222,1970
Burundi,BDI,Technology,0.000,1971
Burundi,BDI,Technology,0.000,1972
Burundi,BDI,Technology,0.000,1973
Burundi,BDI,Technology,0.000,1974
Burundi,BDI,Technology,2.222,1975
Burundi,BDI,Technology,2.222,1976
Burundi,BDI,Technology,2.222,1977
Burundi,BDI,Technology,2.222,1978
Burundi,BDI,Technology,2.222,1979
Burundi,BDI,Technology,2.222,1980
Burundi,BDI,Technology,2.222,1981
Burundi,BDI,Technology,2.222,1982
Burundi,BDI,Technology,2.222,1983
Burundi,BDI,Technology,2.222,1984
Burundi,BDI,Technology,2.222,1985
Burundi,BDI,Technology,2.222,1986
Burundi,BDI,Technology,2.222,1987
Burundi,BDI,Technology,2.222,1988
Burundi,BDI,Technology,2.222,1989
Burundi,BDI,Technology,2.222,1990
Burundi,BDI,Technology,2.222,1991
Burundi,BDI,Technology,2.222,1992
Burundi,BDI,Technology,2.222,1993
Burundi,BDI,Technology,2.222,1994
Burundi,BDI,Technology,2.222,1995
Burundi,BDI,Technology,2.222,1996
Burundi,BDI,Technology,2.222,1997
Burundi,BDI,Technology,2.222,1998
Burundi,BDI,Technology,2.222,1999
Burundi,BDI,Technology,2.222,2000
Burundi,BDI,Technology,6.667,2001
Burundi,BDI,Technology,2.222,2002
Burundi,BDI,Technology,2.222,2003
Burundi,BDI,Technology,6.667,2004
Burundi,BDI,Technology,2.222,2005
Burundi,BDI,Technology,2.222,2006
Burundi,BDI,Technology,2.222,2007
Burundi,BDI,Technology,2.222,2008
Burundi,BDI,Technology,2.222,2009
Burundi,BDI,Technology,8.889,2010
Burundi,BDI,Technology,11.111,2011
Burundi,BDI,Technology,4.444,2012
Burundi,BDI,Technology,6.667,2013
Burundi,BDI,Technology,40.000,2014
Burundi,BDI,Technology,2.222,2015
Burundi,BDI,Technology,8.889,2016
Burundi,BDI,Technology,13.333,2017
Burundi,BDI,Technology,2.222,2018
Burundi,BDI,Technology,2.222,2019
Burundi,BDI,Technology,2.222,2020
Burundi,BDI,Technology,2.222,2021
Burundi,BDI,Technology,2.222,2022
Burundi,BDI,Technology,0.000,2023
Burundi,BDI,Violence,0.000,1960
Burundi,BDI,Violence,0.000,1961
Burundi,BDI,Violence,0.000,1962
Burundi,BDI,Violence,0.000,1963
Burundi,BDI,Violence,0.000,1964
Burundi,BDI,Violence,0.000,1965
Burundi,BDI,Violence,0.000,1966
Burundi,BDI,Violence,0.000,1967
Burundi,BDI,Violence,0.000,1968
Burundi,BDI,Violence,0.000,1969
Burundi,BDI,Violence,2.143,1970
Burundi,BDI,Violence,2.143,1971
Burundi,BDI,Violence,2.143,1972
Burundi,BDI,Violence,2.143,1973
Burundi,BDI,Violence,2.143,1974
Burundi,BDI,Violence,2.143,1975
Burundi,BDI,Violence,2.143,1976
Burundi,BDI,Violence,2.143,1977
Burundi,BDI,Violence,2.143,1978
Burundi,BDI,Violence,2.143,1979
Burundi,BDI,Violence,2.143,1980
Burundi,BDI,Violence,2.143,1981
Burundi,BDI,Violence,2.143,1982
Burundi,BDI,Violence,2.143,1983
Burundi,BDI,Violence,2.143,1984
Burundi,BDI,Violence,2.143,1985
Burundi,BDI,Violence,2.143,1986
Burundi,BDI,Violence,3.571,1987
Burundi,BDI,Violence,2.143,1988
Burundi,BDI,Violence,2.143,1989
Burundi,BDI,Violence,2.143,1990
Burundi,BDI,Violence,2.143,1991
Burundi,BDI,Violence,2.143,1992
Burundi,BDI,Violence,2.143,1993
Burundi,BDI,Violence,2.143,1994
Burundi,BDI,Violence,2.143,1995
Burundi,BDI,Violence,2.143,1996
Burundi,BDI,Violence,2.143,1997
Burundi,BDI,Violence,2.143,1998
Burundi,BDI,Violence,2.143,1999
Burundi,BDI,Violence,4.286,2000
Burundi,BDI,Violence,4.286,2001
Burundi,BDI,Violence,4.286,2002
Burundi,BDI,Violence,4.286,2003
Burundi,BDI,Violence,4.286,2004
Burundi,BDI,Violence,4.286,2005
Burundi,BDI,Violence,4.286,2006
Burundi,BDI,Violence,4.286,2007
Burundi,BDI,Violence,4.286,2008
Burundi,BDI,Violence,4.286,2009
Burundi,BDI,Violence,38.571,2010
Burundi,BDI,Violence,4.286,2011
Burundi,BDI,Violence,5.000,2012
Burundi,BDI,Violence,6.429,2013
Burundi,BDI,Violence,6.429,2014
Burundi,BDI,Violence,6.429,2015
Burundi,BDI,Violence,6.429,2016
Burundi,BDI,Violence,54.286,2017
Burundi,BDI,Violence,7.143,2018
Burundi,BDI,Violence,4.286,2019
Burundi,BDI,Violence,2.143,2020
Burundi,BDI,Violence,2.143,2021
Burundi,BDI,Violence,2.143,2022
Burundi,BDI,Violence,2.143,2023
Burundi,BDI,Youth 15-24,4.587,1960
Burundi,BDI,Youth 15-24,4.587,1961
Burundi,BDI,Youth 15-24,4.587,1962
Burundi,BDI,Youth 15-24,4.587,1963
Burundi,BDI,Youth 15-24,4.587,1964
Burundi,BDI,Youth 15-24,4.587,1965
Burundi,BDI,Youth 15-24,4.587,1966
Burundi,BDI,Youth 15-24,4.587,1967
Burundi,BDI,Youth 15-24,4.587,1968
Burundi,BDI,Youth 15-24,4.587,1969
Burundi,BDI,Youth 15-24,4.587,1970
Burundi,BDI,Youth 15-24,18.349,1971
Burundi,BDI,Youth 15-24,18.349,1972
Burundi,BDI,Youth 15-24,18.349,1973
Burundi,BDI,Youth 15-24,18.349,1974
Burundi,BDI,Youth 15-24,18.349,1975
Burundi,BDI,Youth 15-24,23.853,1976
Burundi,BDI,Youth 15-24,20.183,1977
Burundi,BDI,Youth 15-24,17.431,1978
Burundi,BDI,Youth 15-24,31.193,1979
Burundi,BDI,Youth 15-24,23.853,1980
Burundi,BDI,Youth 15-24,21.101,1981
Burundi,BDI,Youth 15-24,23.853,1982
Burundi,BDI,Youth 15-24,20.183,1983
Burundi,BDI,Youth 15-24,23.853,1984
Burundi,BDI,Youth 15-24,23.853,1985
Burundi,BDI,Youth 15-24,26.606,1986
Burundi,BDI,Youth 15-24,25.688,1987
Burundi,BDI,Youth 15-24,21.101,1988
Burundi,BDI,Youth 15-24,21.101,1989
Burundi,BDI,Youth 15-24,42.202,1990
Burundi,BDI,Youth 15-24,34.862,1991
Burundi,BDI,Youth 15-24,34.862,1992
Burundi,BDI,Youth 15-24,34.862,1993
Burundi,BDI,Youth 15-24,18.349,1994
Burundi,BDI,Youth 15-24,18.349,1995
Burundi,BDI,Youth 15-24,18.349,1996
Burundi,BDI,Youth 15-24,18.349,1997
Burundi,BDI,Youth 15-24,24.771,1998
Burundi,BDI,Youth 15-24,22.018,1999
Burundi,BDI,Youth 15-24,33.028,2000
Burundi,BDI,Youth 15-24,37.615,2001
Burundi,BDI,Youth 15-24,28.440,2002
Burundi,BDI,Youth 15-24,37.615,2003
Burundi,BDI,Youth 15-24,49.541,2004
Burundi,BDI,Youth 15-24,36.697,2005
Burundi,BDI,Youth 15-24,47.706,2006
Burundi,BDI,Youth 15-24,35.780,2007
Burundi,BDI,Youth 15-24,37.615,2008
Burundi,BDI,Youth 15-24,40.367,2009
Burundi,BDI,Youth 15-24,63.303,2010
Burundi,BDI,Youth 15-24,41.284,2011
Burundi,BDI,Youth 15-24,45.872,2012
Burundi,BDI,Youth 15-24,44.037,2013
Burundi,BDI,Youth 15-24,71.560,2014
Burundi,BDI,Youth 15-24,41.284,2015
Burundi,BDI,Youth 15-24,58.716,2016
Burundi,BDI,Youth 15-24,84.404,2017
Burundi,BDI,Youth 15-24,40.367,2018
Burundi,BDI,Youth 15-24,30.275,2019
Burundi,BDI,Youth 15-24,39.450,2020
Burundi,BDI,Youth 15-24,22.018,2021
Burundi,BDI,Youth 15-24,22.018,2022
Burundi,BDI,Youth 15-24,16.514,2023
