Country Name,Country Code,Topic,% of available indicators,Year
Nauru,NRU,Assets,0.000,1960
Nauru,NRU,Assets,0.000,1961
Nauru,NRU,Assets,0.000,1962
Nauru,NRU,Assets,0.000,1963
Nauru,NRU,Assets,0.000,1964
Nauru,NRU,Assets,0.000,1965
Nauru,NRU,Assets,0.000,1966
Nauru,NRU,Assets,0.000,1967
Nauru,NRU,Assets,0.000,1968
Nauru,NRU,Assets,0.000,1969
Nauru,NRU,Assets,0.000,1970
Nauru,NRU,Assets,0.000,1971
Nauru,NRU,Assets,0.000,1972
Nauru,NRU,Assets,0.000,1973
Nauru,NRU,Assets,0.000,1974
Nauru,NRU,Assets,0.000,1975
Nauru,NRU,Assets,0.000,1976
Nauru,NRU,Assets,0.000,1977
Nauru,NRU,Assets,0.000,1978
Nauru,NRU,Assets,0.000,1979
Nauru,NRU,Assets,0.000,1980
Nauru,NRU,Assets,0.000,1981
Nauru,NRU,Assets,0.000,1982
Nauru,NRU,Assets,0.000,1983
Nauru,NRU,Assets,0.000,1984
Nauru,NRU,Assets,0.000,1985
Nauru,NRU,Assets,0.000,1986
Nauru,NRU,Assets,0.000,1987
Nauru,NRU,Assets,0.000,1988
Nauru,NRU,Assets,0.000,1989
Nauru,NRU,Assets,0.000,1990
Nauru,NRU,Assets,0.000,1991
Nauru,NRU,Assets,0.000,1992
Nauru,NRU,Assets,0.000,1993
Nauru,NRU,Assets,0.000,1994
Nauru,NRU,Assets,0.000,1995
Nauru,NRU,Assets,0.000,1996
Nauru,NRU,Assets,0.000,1997
Nauru,NRU,Assets,0.000,1998
Nauru,NRU,Assets,0.000,1999
Nauru,NRU,Assets,0.000,2000
Nauru,NRU,Assets,0.000,2001
Nauru,NRU,Assets,0.000,2002
Nauru,NRU,Assets,0.000,2003
Nauru,NRU,Assets,0.000,2004
Nauru,NRU,Assets,0.000,2005
Nauru,NRU,Assets,0.000,2006
Nauru,NRU,Assets,0.000,2007
Nauru,NRU,Assets,0.000,2008
Nauru,NRU,Assets,0.000,2009
Nauru,NRU,Assets,0.000,2010
Nauru,NRU,Assets,0.000,2011
Nauru,NRU,Assets,0.000,2012
Nauru,NRU,Assets,0.000,2013
Nauru,NRU,Assets,0.000,2014
Nauru,NRU,Assets,0.000,2015
Nauru,NRU,Assets,0.000,2016
Nauru,NRU,Assets,0.000,2017
Nauru,NRU,Assets,0.000,2018
Nauru,NRU,Assets,0.000,2019
Nauru,NRU,Assets,0.000,2020
Nauru,NRU,Assets,0.000,2021
Nauru,NRU,Assets,0.000,2022
Nauru,NRU,Assets,0.000,2023
Nauru,NRU,Children 0-14,10.769,1960
Nauru,NRU,Children 0-14,10.769,1961
Nauru,NRU,Children 0-14,10.769,1962
Nauru,NRU,Children 0-14,10.769,1963
Nauru,NRU,Children 0-14,10.769,1964
Nauru,NRU,Children 0-14,10.769,1965
Nauru,NRU,Children 0-14,10.769,1966
Nauru,NRU,Children 0-14,10.769,1967
Nauru,NRU,Children 0-14,10.769,1968
Nauru,NRU,Children 0-14,10.769,1969
Nauru,NRU,Children 0-14,10.769,1970
Nauru,NRU,Children 0-14,14.615,1971
Nauru,NRU,Children 0-14,14.615,1972
Nauru,NRU,Children 0-14,14.615,1973
Nauru,NRU,Children 0-14,14.615,1974
Nauru,NRU,Children 0-14,10.769,1975
Nauru,NRU,Children 0-14,10.769,1976
Nauru,NRU,Children 0-14,10.769,1977
Nauru,NRU,Children 0-14,10.769,1978
Nauru,NRU,Children 0-14,10.769,1979
Nauru,NRU,Children 0-14,10.769,1980
Nauru,NRU,Children 0-14,10.769,1981
Nauru,NRU,Children 0-14,10.769,1982
Nauru,NRU,Children 0-14,10.769,1983
Nauru,NRU,Children 0-14,11.538,1984
Nauru,NRU,Children 0-14,23.846,1985
Nauru,NRU,Children 0-14,18.462,1986
Nauru,NRU,Children 0-14,18.462,1987
Nauru,NRU,Children 0-14,18.462,1988
Nauru,NRU,Children 0-14,18.462,1989
Nauru,NRU,Children 0-14,20.000,1990
Nauru,NRU,Children 0-14,22.308,1991
Nauru,NRU,Children 0-14,20.000,1992
Nauru,NRU,Children 0-14,20.000,1993
Nauru,NRU,Children 0-14,20.000,1994
Nauru,NRU,Children 0-14,20.000,1995
Nauru,NRU,Children 0-14,20.000,1996
Nauru,NRU,Children 0-14,20.769,1997
Nauru,NRU,Children 0-14,30.769,1998
Nauru,NRU,Children 0-14,20.769,1999
Nauru,NRU,Children 0-14,26.923,2000
Nauru,NRU,Children 0-14,32.308,2001
Nauru,NRU,Children 0-14,30.000,2002
Nauru,NRU,Children 0-14,26.923,2003
Nauru,NRU,Children 0-14,26.923,2004
Nauru,NRU,Children 0-14,26.923,2005
Nauru,NRU,Children 0-14,27.692,2006
Nauru,NRU,Children 0-14,44.615,2007
Nauru,NRU,Children 0-14,26.923,2008
Nauru,NRU,Children 0-14,20.769,2009
Nauru,NRU,Children 0-14,23.077,2010
Nauru,NRU,Children 0-14,23.077,2011
Nauru,NRU,Children 0-14,42.308,2012
Nauru,NRU,Children 0-14,28.462,2013
Nauru,NRU,Children 0-14,36.154,2014
Nauru,NRU,Children 0-14,26.154,2015
Nauru,NRU,Children 0-14,36.923,2016
Nauru,NRU,Children 0-14,20.769,2017
Nauru,NRU,Children 0-14,23.077,2018
Nauru,NRU,Children 0-14,32.308,2019
Nauru,NRU,Children 0-14,36.154,2020
Nauru,NRU,Children 0-14,25.385,2021
Nauru,NRU,Children 0-14,28.462,2022
Nauru,NRU,Children 0-14,19.231,2023
Nauru,NRU,Education,0.000,1960
Nauru,NRU,Education,0.000,1961
Nauru,NRU,Education,0.000,1962
Nauru,NRU,Education,0.000,1963
Nauru,NRU,Education,0.000,1964
Nauru,NRU,Education,0.000,1965
Nauru,NRU,Education,0.000,1966
Nauru,NRU,Education,0.000,1967
Nauru,NRU,Education,0.000,1968
Nauru,NRU,Education,0.000,1969
Nauru,NRU,Education,0.000,1970
Nauru,NRU,Education,9.816,1971
Nauru,NRU,Education,9.202,1972
Nauru,NRU,Education,9.202,1973
Nauru,NRU,Education,5.521,1974
Nauru,NRU,Education,2.454,1975
Nauru,NRU,Education,2.454,1976
Nauru,NRU,Education,3.067,1977
Nauru,NRU,Education,2.454,1978
Nauru,NRU,Education,3.067,1979
Nauru,NRU,Education,2.454,1980
Nauru,NRU,Education,2.454,1981
Nauru,NRU,Education,2.454,1982
Nauru,NRU,Education,2.454,1983
Nauru,NRU,Education,2.454,1984
Nauru,NRU,Education,15.951,1985
Nauru,NRU,Education,0.000,1986
Nauru,NRU,Education,0.000,1987
Nauru,NRU,Education,0.000,1988
Nauru,NRU,Education,0.000,1989
Nauru,NRU,Education,0.000,1990
Nauru,NRU,Education,1.840,1991
Nauru,NRU,Education,0.000,1992
Nauru,NRU,Education,0.000,1993
Nauru,NRU,Education,0.000,1994
Nauru,NRU,Education,0.000,1995
Nauru,NRU,Education,0.000,1996
Nauru,NRU,Education,0.000,1997
Nauru,NRU,Education,9.202,1998
Nauru,NRU,Education,0.613,1999
Nauru,NRU,Education,10.429,2000
Nauru,NRU,Education,14.724,2001
Nauru,NRU,Education,13.497,2002
Nauru,NRU,Education,9.816,2003
Nauru,NRU,Education,10.429,2004
Nauru,NRU,Education,9.816,2005
Nauru,NRU,Education,10.429,2006
Nauru,NRU,Education,17.178,2007
Nauru,NRU,Education,9.816,2008
Nauru,NRU,Education,0.000,2009
Nauru,NRU,Education,0.000,2010
Nauru,NRU,Education,1.840,2011
Nauru,NRU,Education,23.926,2012
Nauru,NRU,Education,13.497,2013
Nauru,NRU,Education,20.245,2014
Nauru,NRU,Education,4.908,2015
Nauru,NRU,Education,21.472,2016
Nauru,NRU,Education,0.613,2017
Nauru,NRU,Education,1.840,2018
Nauru,NRU,Education,14.724,2019
Nauru,NRU,Education,25.153,2020
Nauru,NRU,Education,17.178,2021
Nauru,NRU,Education,9.202,2022
Nauru,NRU,Education,11.656,2023
Nauru,NRU,Employment and Time Use,0.000,1960
Nauru,NRU,Employment and Time Use,0.000,1961
Nauru,NRU,Employment and Time Use,0.000,1962
Nauru,NRU,Employment and Time Use,0.000,1963
Nauru,NRU,Employment and Time Use,0.000,1964
Nauru,NRU,Employment and Time Use,0.000,1965
Nauru,NRU,Employment and Time Use,5.109,1966
Nauru,NRU,Employment and Time Use,0.000,1967
Nauru,NRU,Employment and Time Use,0.000,1968
Nauru,NRU,Employment and Time Use,0.000,1969
Nauru,NRU,Employment and Time Use,0.000,1970
Nauru,NRU,Employment and Time Use,0.000,1971
Nauru,NRU,Employment and Time Use,0.000,1972
Nauru,NRU,Employment and Time Use,0.000,1973
Nauru,NRU,Employment and Time Use,0.000,1974
Nauru,NRU,Employment and Time Use,0.000,1975
Nauru,NRU,Employment and Time Use,0.000,1976
Nauru,NRU,Employment and Time Use,0.000,1977
Nauru,NRU,Employment and Time Use,0.000,1978
Nauru,NRU,Employment and Time Use,0.000,1979
Nauru,NRU,Employment and Time Use,0.000,1980
Nauru,NRU,Employment and Time Use,0.000,1981
Nauru,NRU,Employment and Time Use,0.000,1982
Nauru,NRU,Employment and Time Use,0.000,1983
Nauru,NRU,Employment and Time Use,0.000,1984
Nauru,NRU,Employment and Time Use,0.000,1985
Nauru,NRU,Employment and Time Use,0.000,1986
Nauru,NRU,Employment and Time Use,0.000,1987
Nauru,NRU,Employment and Time Use,0.000,1988
Nauru,NRU,Employment and Time Use,0.000,1989
Nauru,NRU,Employment and Time Use,0.000,1990
Nauru,NRU,Employment and Time Use,0.000,1991
Nauru,NRU,Employment and Time Use,0.000,1992
Nauru,NRU,Employment and Time Use,0.000,1993
Nauru,NRU,Employment and Time Use,0.000,1994
Nauru,NRU,Employment and Time Use,0.000,1995
Nauru,NRU,Employment and Time Use,0.000,1996
Nauru,NRU,Employment and Time Use,0.000,1997
Nauru,NRU,Employment and Time Use,0.000,1998
Nauru,NRU,Employment and Time Use,0.000,1999
Nauru,NRU,Employment and Time Use,0.000,2000
Nauru,NRU,Employment and Time Use,0.000,2001
Nauru,NRU,Employment and Time Use,10.219,2002
Nauru,NRU,Employment and Time Use,0.000,2003
Nauru,NRU,Employment and Time Use,0.000,2004
Nauru,NRU,Employment and Time Use,0.000,2005
Nauru,NRU,Employment and Time Use,0.000,2006
Nauru,NRU,Employment and Time Use,0.000,2007
Nauru,NRU,Employment and Time Use,0.000,2008
Nauru,NRU,Employment and Time Use,0.000,2009
Nauru,NRU,Employment and Time Use,0.000,2010
Nauru,NRU,Employment and Time Use,5.109,2011
Nauru,NRU,Employment and Time Use,0.000,2012
Nauru,NRU,Employment and Time Use,30.657,2013
Nauru,NRU,Employment and Time Use,0.000,2014
Nauru,NRU,Employment and Time Use,0.000,2015
Nauru,NRU,Employment and Time Use,0.000,2016
Nauru,NRU,Employment and Time Use,0.000,2017
Nauru,NRU,Employment and Time Use,0.000,2018
Nauru,NRU,Employment and Time Use,0.000,2019
Nauru,NRU,Employment and Time Use,0.000,2020
Nauru,NRU,Employment and Time Use,32.117,2021
Nauru,NRU,Employment and Time Use,0.000,2022
Nauru,NRU,Employment and Time Use,0.000,2023
Nauru,NRU,Entrepreneurship,0.000,1960
Nauru,NRU,Entrepreneurship,0.000,1961
Nauru,NRU,Entrepreneurship,0.000,1962
Nauru,NRU,Entrepreneurship,0.000,1963
Nauru,NRU,Entrepreneurship,0.000,1964
Nauru,NRU,Entrepreneurship,0.000,1965
Nauru,NRU,Entrepreneurship,0.000,1966
Nauru,NRU,Entrepreneurship,0.000,1967
Nauru,NRU,Entrepreneurship,0.000,1968
Nauru,NRU,Entrepreneurship,0.000,1969
Nauru,NRU,Entrepreneurship,0.000,1970
Nauru,NRU,Entrepreneurship,0.000,1971
Nauru,NRU,Entrepreneurship,0.000,1972
Nauru,NRU,Entrepreneurship,0.000,1973
Nauru,NRU,Entrepreneurship,0.000,1974
Nauru,NRU,Entrepreneurship,0.000,1975
Nauru,NRU,Entrepreneurship,0.000,1976
Nauru,NRU,Entrepreneurship,0.000,1977
Nauru,NRU,Entrepreneurship,0.000,1978
Nauru,NRU,Entrepreneurship,0.000,1979
Nauru,NRU,Entrepreneurship,0.000,1980
Nauru,NRU,Entrepreneurship,0.000,1981
Nauru,NRU,Entrepreneurship,0.000,1982
Nauru,NRU,Entrepreneurship,0.000,1983
Nauru,NRU,Entrepreneurship,0.000,1984
Nauru,NRU,Entrepreneurship,0.000,1985
Nauru,NRU,Entrepreneurship,0.000,1986
Nauru,NRU,Entrepreneurship,0.000,1987
Nauru,NRU,Entrepreneurship,0.000,1988
Nauru,NRU,Entrepreneurship,0.000,1989
Nauru,NRU,Entrepreneurship,0.000,1990
Nauru,NRU,Entrepreneurship,0.000,1991
Nauru,NRU,Entrepreneurship,0.000,1992
Nauru,NRU,Entrepreneurship,0.000,1993
Nauru,NRU,Entrepreneurship,0.000,1994
Nauru,NRU,Entrepreneurship,0.000,1995
Nauru,NRU,Entrepreneurship,0.000,1996
Nauru,NRU,Entrepreneurship,0.000,1997
Nauru,NRU,Entrepreneurship,0.000,1998
Nauru,NRU,Entrepreneurship,0.000,1999
Nauru,NRU,Entrepreneurship,0.000,2000
Nauru,NRU,Entrepreneurship,0.000,2001
Nauru,NRU,Entrepreneurship,0.000,2002
Nauru,NRU,Entrepreneurship,0.000,2003
Nauru,NRU,Entrepreneurship,0.000,2004
Nauru,NRU,Entrepreneurship,0.000,2005
Nauru,NRU,Entrepreneurship,0.000,2006
Nauru,NRU,Entrepreneurship,0.000,2007
Nauru,NRU,Entrepreneurship,0.000,2008
Nauru,NRU,Entrepreneurship,0.000,2009
Nauru,NRU,Entrepreneurship,0.000,2010
Nauru,NRU,Entrepreneurship,0.000,2011
Nauru,NRU,Entrepreneurship,0.000,2012
Nauru,NRU,Entrepreneurship,0.000,2013
Nauru,NRU,Entrepreneurship,0.000,2014
Nauru,NRU,Entrepreneurship,0.000,2015
Nauru,NRU,Entrepreneurship,0.000,2016
Nauru,NRU,Entrepreneurship,0.000,2017
Nauru,NRU,Entrepreneurship,0.000,2018
Nauru,NRU,Entrepreneurship,0.000,2019
Nauru,NRU,Entrepreneurship,0.000,2020
Nauru,NRU,Entrepreneurship,0.000,2021
Nauru,NRU,Entrepreneurship,0.000,2022
Nauru,NRU,Entrepreneurship,0.000,2023
Nauru,NRU,Environment,0.000,1960
Nauru,NRU,Environment,0.000,1961
Nauru,NRU,Environment,0.000,1962
Nauru,NRU,Environment,0.000,1963
Nauru,NRU,Environment,0.000,1964
Nauru,NRU,Environment,0.000,1965
Nauru,NRU,Environment,0.000,1966
Nauru,NRU,Environment,0.000,1967
Nauru,NRU,Environment,0.000,1968
Nauru,NRU,Environment,0.000,1969
Nauru,NRU,Environment,0.000,1970
Nauru,NRU,Environment,0.000,1971
Nauru,NRU,Environment,0.000,1972
Nauru,NRU,Environment,0.000,1973
Nauru,NRU,Environment,0.000,1974
Nauru,NRU,Environment,0.000,1975
Nauru,NRU,Environment,0.000,1976
Nauru,NRU,Environment,0.000,1977
Nauru,NRU,Environment,0.000,1978
Nauru,NRU,Environment,0.000,1979
Nauru,NRU,Environment,0.000,1980
Nauru,NRU,Environment,0.000,1981
Nauru,NRU,Environment,0.000,1982
Nauru,NRU,Environment,0.000,1983
Nauru,NRU,Environment,0.000,1984
Nauru,NRU,Environment,0.000,1985
Nauru,NRU,Environment,0.000,1986
Nauru,NRU,Environment,0.000,1987
Nauru,NRU,Environment,0.000,1988
Nauru,NRU,Environment,0.000,1989
Nauru,NRU,Environment,0.000,1990
Nauru,NRU,Environment,0.000,1991
Nauru,NRU,Environment,0.000,1992
Nauru,NRU,Environment,0.000,1993
Nauru,NRU,Environment,0.000,1994
Nauru,NRU,Environment,0.000,1995
Nauru,NRU,Environment,0.000,1996
Nauru,NRU,Environment,0.000,1997
Nauru,NRU,Environment,0.000,1998
Nauru,NRU,Environment,0.000,1999
Nauru,NRU,Environment,6.667,2000
Nauru,NRU,Environment,6.667,2001
Nauru,NRU,Environment,6.667,2002
Nauru,NRU,Environment,6.667,2003
Nauru,NRU,Environment,6.667,2004
Nauru,NRU,Environment,6.667,2005
Nauru,NRU,Environment,6.667,2006
Nauru,NRU,Environment,6.667,2007
Nauru,NRU,Environment,6.667,2008
Nauru,NRU,Environment,6.667,2009
Nauru,NRU,Environment,6.667,2010
Nauru,NRU,Environment,6.667,2011
Nauru,NRU,Environment,6.667,2012
Nauru,NRU,Environment,6.667,2013
Nauru,NRU,Environment,6.667,2014
Nauru,NRU,Environment,6.667,2015
Nauru,NRU,Environment,6.667,2016
Nauru,NRU,Environment,6.667,2017
Nauru,NRU,Environment,6.667,2018
Nauru,NRU,Environment,6.667,2019
Nauru,NRU,Environment,6.667,2020
Nauru,NRU,Environment,6.667,2021
Nauru,NRU,Environment,0.000,2022
Nauru,NRU,Environment,0.000,2023
Nauru,NRU,Health,3.030,1960
Nauru,NRU,Health,3.030,1961
Nauru,NRU,Health,3.030,1962
Nauru,NRU,Health,3.030,1963
Nauru,NRU,Health,3.030,1964
Nauru,NRU,Health,3.030,1965
Nauru,NRU,Health,3.030,1966
Nauru,NRU,Health,3.030,1967
Nauru,NRU,Health,3.030,1968
Nauru,NRU,Health,3.030,1969
Nauru,NRU,Health,3.030,1970
Nauru,NRU,Health,3.030,1971
Nauru,NRU,Health,3.030,1972
Nauru,NRU,Health,3.030,1973
Nauru,NRU,Health,3.030,1974
Nauru,NRU,Health,5.556,1975
Nauru,NRU,Health,5.556,1976
Nauru,NRU,Health,5.556,1977
Nauru,NRU,Health,5.556,1978
Nauru,NRU,Health,5.556,1979
Nauru,NRU,Health,5.556,1980
Nauru,NRU,Health,5.556,1981
Nauru,NRU,Health,5.556,1982
Nauru,NRU,Health,5.556,1983
Nauru,NRU,Health,6.061,1984
Nauru,NRU,Health,9.091,1985
Nauru,NRU,Health,10.606,1986
Nauru,NRU,Health,10.606,1987
Nauru,NRU,Health,10.606,1988
Nauru,NRU,Health,10.606,1989
Nauru,NRU,Health,11.616,1990
Nauru,NRU,Health,11.616,1991
Nauru,NRU,Health,11.616,1992
Nauru,NRU,Health,11.616,1993
Nauru,NRU,Health,11.616,1994
Nauru,NRU,Health,11.616,1995
Nauru,NRU,Health,11.616,1996
Nauru,NRU,Health,12.121,1997
Nauru,NRU,Health,12.121,1998
Nauru,NRU,Health,12.121,1999
Nauru,NRU,Health,18.687,2000
Nauru,NRU,Health,17.172,2001
Nauru,NRU,Health,17.172,2002
Nauru,NRU,Health,17.172,2003
Nauru,NRU,Health,17.172,2004
Nauru,NRU,Health,18.687,2005
Nauru,NRU,Health,17.172,2006
Nauru,NRU,Health,29.798,2007
Nauru,NRU,Health,17.172,2008
Nauru,NRU,Health,17.172,2009
Nauru,NRU,Health,20.202,2010
Nauru,NRU,Health,17.172,2011
Nauru,NRU,Health,17.172,2012
Nauru,NRU,Health,17.677,2013
Nauru,NRU,Health,17.677,2014
Nauru,NRU,Health,19.192,2015
Nauru,NRU,Health,17.172,2016
Nauru,NRU,Health,14.646,2017
Nauru,NRU,Health,19.192,2018
Nauru,NRU,Health,16.162,2019
Nauru,NRU,Health,17.677,2020
Nauru,NRU,Health,11.616,2021
Nauru,NRU,Health,9.596,2022
Nauru,NRU,Health,1.010,2023
Nauru,NRU,Leadership,0.000,1960
Nauru,NRU,Leadership,0.000,1961
Nauru,NRU,Leadership,0.000,1962
Nauru,NRU,Leadership,0.000,1963
Nauru,NRU,Leadership,0.000,1964
Nauru,NRU,Leadership,0.000,1965
Nauru,NRU,Leadership,0.000,1966
Nauru,NRU,Leadership,0.000,1967
Nauru,NRU,Leadership,0.000,1968
Nauru,NRU,Leadership,0.000,1969
Nauru,NRU,Leadership,0.000,1970
Nauru,NRU,Leadership,0.000,1971
Nauru,NRU,Leadership,0.000,1972
Nauru,NRU,Leadership,0.000,1973
Nauru,NRU,Leadership,0.000,1974
Nauru,NRU,Leadership,0.000,1975
Nauru,NRU,Leadership,0.000,1976
Nauru,NRU,Leadership,0.000,1977
Nauru,NRU,Leadership,0.000,1978
Nauru,NRU,Leadership,0.000,1979
Nauru,NRU,Leadership,0.000,1980
Nauru,NRU,Leadership,0.000,1981
Nauru,NRU,Leadership,0.000,1982
Nauru,NRU,Leadership,0.000,1983
Nauru,NRU,Leadership,0.000,1984
Nauru,NRU,Leadership,0.000,1985
Nauru,NRU,Leadership,0.000,1986
Nauru,NRU,Leadership,0.000,1987
Nauru,NRU,Leadership,0.000,1988
Nauru,NRU,Leadership,0.000,1989
Nauru,NRU,Leadership,0.000,1990
Nauru,NRU,Leadership,0.000,1991
Nauru,NRU,Leadership,0.000,1992
Nauru,NRU,Leadership,0.000,1993
Nauru,NRU,Leadership,0.000,1994
Nauru,NRU,Leadership,0.000,1995
Nauru,NRU,Leadership,0.000,1996
Nauru,NRU,Leadership,0.000,1997
Nauru,NRU,Leadership,25.000,1998
Nauru,NRU,Leadership,25.000,1999
Nauru,NRU,Leadership,0.000,2000
Nauru,NRU,Leadership,25.000,2001
Nauru,NRU,Leadership,25.000,2002
Nauru,NRU,Leadership,0.000,2003
Nauru,NRU,Leadership,25.000,2004
Nauru,NRU,Leadership,50.000,2005
Nauru,NRU,Leadership,25.000,2006
Nauru,NRU,Leadership,25.000,2007
Nauru,NRU,Leadership,50.000,2008
Nauru,NRU,Leadership,25.000,2009
Nauru,NRU,Leadership,50.000,2010
Nauru,NRU,Leadership,25.000,2011
Nauru,NRU,Leadership,50.000,2012
Nauru,NRU,Leadership,50.000,2013
Nauru,NRU,Leadership,50.000,2014
Nauru,NRU,Leadership,50.000,2015
Nauru,NRU,Leadership,50.000,2016
Nauru,NRU,Leadership,25.000,2017
Nauru,NRU,Leadership,25.000,2018
Nauru,NRU,Leadership,50.000,2019
Nauru,NRU,Leadership,50.000,2020
Nauru,NRU,Leadership,50.000,2021
Nauru,NRU,Leadership,50.000,2022
Nauru,NRU,Leadership,25.000,2023
Nauru,NRU,Norms and Decision-making,0.000,1960
Nauru,NRU,Norms and Decision-making,0.000,1961
Nauru,NRU,Norms and Decision-making,0.000,1962
Nauru,NRU,Norms and Decision-making,0.000,1963
Nauru,NRU,Norms and Decision-making,0.000,1964
Nauru,NRU,Norms and Decision-making,0.000,1965
Nauru,NRU,Norms and Decision-making,0.000,1966
Nauru,NRU,Norms and Decision-making,0.000,1967
Nauru,NRU,Norms and Decision-making,0.000,1968
Nauru,NRU,Norms and Decision-making,0.000,1969
Nauru,NRU,Norms and Decision-making,0.000,1970
Nauru,NRU,Norms and Decision-making,0.000,1971
Nauru,NRU,Norms and Decision-making,0.000,1972
Nauru,NRU,Norms and Decision-making,0.000,1973
Nauru,NRU,Norms and Decision-making,0.000,1974
Nauru,NRU,Norms and Decision-making,0.000,1975
Nauru,NRU,Norms and Decision-making,0.000,1976
Nauru,NRU,Norms and Decision-making,0.000,1977
Nauru,NRU,Norms and Decision-making,0.000,1978
Nauru,NRU,Norms and Decision-making,0.000,1979
Nauru,NRU,Norms and Decision-making,0.000,1980
Nauru,NRU,Norms and Decision-making,0.000,1981
Nauru,NRU,Norms and Decision-making,0.000,1982
Nauru,NRU,Norms and Decision-making,0.000,1983
Nauru,NRU,Norms and Decision-making,0.000,1984
Nauru,NRU,Norms and Decision-making,0.000,1985
Nauru,NRU,Norms and Decision-making,0.000,1986
Nauru,NRU,Norms and Decision-making,0.000,1987
Nauru,NRU,Norms and Decision-making,0.000,1988
Nauru,NRU,Norms and Decision-making,0.000,1989
Nauru,NRU,Norms and Decision-making,0.000,1990
Nauru,NRU,Norms and Decision-making,0.000,1991
Nauru,NRU,Norms and Decision-making,0.000,1992
Nauru,NRU,Norms and Decision-making,0.000,1993
Nauru,NRU,Norms and Decision-making,0.000,1994
Nauru,NRU,Norms and Decision-making,0.000,1995
Nauru,NRU,Norms and Decision-making,0.000,1996
Nauru,NRU,Norms and Decision-making,0.000,1997
Nauru,NRU,Norms and Decision-making,0.000,1998
Nauru,NRU,Norms and Decision-making,0.000,1999
Nauru,NRU,Norms and Decision-making,0.000,2000
Nauru,NRU,Norms and Decision-making,0.000,2001
Nauru,NRU,Norms and Decision-making,0.000,2002
Nauru,NRU,Norms and Decision-making,0.000,2003
Nauru,NRU,Norms and Decision-making,0.000,2004
Nauru,NRU,Norms and Decision-making,0.000,2005
Nauru,NRU,Norms and Decision-making,0.000,2006
Nauru,NRU,Norms and Decision-making,5.185,2007
Nauru,NRU,Norms and Decision-making,0.000,2008
Nauru,NRU,Norms and Decision-making,0.000,2009
Nauru,NRU,Norms and Decision-making,0.000,2010
Nauru,NRU,Norms and Decision-making,0.000,2011
Nauru,NRU,Norms and Decision-making,0.000,2012
Nauru,NRU,Norms and Decision-making,0.000,2013
Nauru,NRU,Norms and Decision-making,0.000,2014
Nauru,NRU,Norms and Decision-making,0.000,2015
Nauru,NRU,Norms and Decision-making,0.000,2016
Nauru,NRU,Norms and Decision-making,0.000,2017
Nauru,NRU,Norms and Decision-making,0.000,2018
Nauru,NRU,Norms and Decision-making,0.000,2019
Nauru,NRU,Norms and Decision-making,0.000,2020
Nauru,NRU,Norms and Decision-making,0.000,2021
Nauru,NRU,Norms and Decision-making,0.000,2022
Nauru,NRU,Norms and Decision-making,0.000,2023
Nauru,NRU,Population,86.905,1960
Nauru,NRU,Population,86.905,1961
Nauru,NRU,Population,86.905,1962
Nauru,NRU,Population,86.905,1963
Nauru,NRU,Population,86.905,1964
Nauru,NRU,Population,86.905,1965
Nauru,NRU,Population,86.905,1966
Nauru,NRU,Population,86.905,1967
Nauru,NRU,Population,86.905,1968
Nauru,NRU,Population,86.905,1969
Nauru,NRU,Population,86.905,1970
Nauru,NRU,Population,86.905,1971
Nauru,NRU,Population,86.905,1972
Nauru,NRU,Population,86.905,1973
Nauru,NRU,Population,86.905,1974
Nauru,NRU,Population,86.905,1975
Nauru,NRU,Population,86.905,1976
Nauru,NRU,Population,86.905,1977
Nauru,NRU,Population,86.905,1978
Nauru,NRU,Population,86.905,1979
Nauru,NRU,Population,86.905,1980
Nauru,NRU,Population,86.905,1981
Nauru,NRU,Population,86.905,1982
Nauru,NRU,Population,86.905,1983
Nauru,NRU,Population,86.905,1984
Nauru,NRU,Population,86.905,1985
Nauru,NRU,Population,86.905,1986
Nauru,NRU,Population,86.905,1987
Nauru,NRU,Population,86.905,1988
Nauru,NRU,Population,86.905,1989
Nauru,NRU,Population,88.095,1990
Nauru,NRU,Population,86.905,1991
Nauru,NRU,Population,86.905,1992
Nauru,NRU,Population,86.905,1993
Nauru,NRU,Population,86.905,1994
Nauru,NRU,Population,88.095,1995
Nauru,NRU,Population,86.905,1996
Nauru,NRU,Population,86.905,1997
Nauru,NRU,Population,86.905,1998
Nauru,NRU,Population,86.905,1999
Nauru,NRU,Population,88.095,2000
Nauru,NRU,Population,86.905,2001
Nauru,NRU,Population,86.905,2002
Nauru,NRU,Population,86.905,2003
Nauru,NRU,Population,86.905,2004
Nauru,NRU,Population,88.095,2005
Nauru,NRU,Population,86.905,2006
Nauru,NRU,Population,89.286,2007
Nauru,NRU,Population,86.905,2008
Nauru,NRU,Population,86.905,2009
Nauru,NRU,Population,88.095,2010
Nauru,NRU,Population,86.905,2011
Nauru,NRU,Population,86.905,2012
Nauru,NRU,Population,88.095,2013
Nauru,NRU,Population,86.905,2014
Nauru,NRU,Population,88.095,2015
Nauru,NRU,Population,86.905,2016
Nauru,NRU,Population,86.905,2017
Nauru,NRU,Population,86.905,2018
Nauru,NRU,Population,86.905,2019
Nauru,NRU,Population,88.095,2020
Nauru,NRU,Population,86.905,2021
Nauru,NRU,Population,86.905,2022
Nauru,NRU,Population,77.381,2023
Nauru,NRU,SDGs,0.671,1960
Nauru,NRU,SDGs,0.671,1961
Nauru,NRU,SDGs,0.671,1962
Nauru,NRU,SDGs,0.671,1963
Nauru,NRU,SDGs,0.671,1964
Nauru,NRU,SDGs,0.671,1965
Nauru,NRU,SDGs,0.671,1966
Nauru,NRU,SDGs,0.671,1967
Nauru,NRU,SDGs,0.671,1968
Nauru,NRU,SDGs,0.671,1969
Nauru,NRU,SDGs,0.671,1970
Nauru,NRU,SDGs,0.671,1971
Nauru,NRU,SDGs,0.671,1972
Nauru,NRU,SDGs,0.671,1973
Nauru,NRU,SDGs,0.671,1974
Nauru,NRU,SDGs,0.671,1975
Nauru,NRU,SDGs,0.671,1976
Nauru,NRU,SDGs,0.671,1977
Nauru,NRU,SDGs,0.671,1978
Nauru,NRU,SDGs,0.671,1979
Nauru,NRU,SDGs,0.671,1980
Nauru,NRU,SDGs,0.671,1981
Nauru,NRU,SDGs,0.671,1982
Nauru,NRU,SDGs,0.671,1983
Nauru,NRU,SDGs,1.342,1984
Nauru,NRU,SDGs,3.356,1985
Nauru,NRU,SDGs,3.356,1986
Nauru,NRU,SDGs,3.356,1987
Nauru,NRU,SDGs,3.356,1988
Nauru,NRU,SDGs,3.356,1989
Nauru,NRU,SDGs,3.356,1990
Nauru,NRU,SDGs,3.356,1991
Nauru,NRU,SDGs,3.356,1992
Nauru,NRU,SDGs,3.356,1993
Nauru,NRU,SDGs,3.356,1994
Nauru,NRU,SDGs,3.356,1995
Nauru,NRU,SDGs,3.356,1996
Nauru,NRU,SDGs,3.356,1997
Nauru,NRU,SDGs,4.027,1998
Nauru,NRU,SDGs,4.027,1999
Nauru,NRU,SDGs,8.725,2000
Nauru,NRU,SDGs,7.383,2001
Nauru,NRU,SDGs,11.409,2002
Nauru,NRU,SDGs,6.711,2003
Nauru,NRU,SDGs,7.383,2004
Nauru,NRU,SDGs,9.396,2005
Nauru,NRU,SDGs,7.383,2006
Nauru,NRU,SDGs,9.396,2007
Nauru,NRU,SDGs,7.383,2008
Nauru,NRU,SDGs,7.383,2009
Nauru,NRU,SDGs,9.396,2010
Nauru,NRU,SDGs,9.396,2011
Nauru,NRU,SDGs,7.383,2012
Nauru,NRU,SDGs,11.409,2013
Nauru,NRU,SDGs,7.383,2014
Nauru,NRU,SDGs,9.396,2015
Nauru,NRU,SDGs,7.383,2016
Nauru,NRU,SDGs,7.383,2017
Nauru,NRU,SDGs,10.738,2018
Nauru,NRU,SDGs,9.396,2019
Nauru,NRU,SDGs,9.396,2020
Nauru,NRU,SDGs,9.396,2021
Nauru,NRU,SDGs,4.027,2022
Nauru,NRU,SDGs,1.342,2023
Nauru,NRU,Technology,0.000,1960
Nauru,NRU,Technology,0.000,1961
Nauru,NRU,Technology,0.000,1962
Nauru,NRU,Technology,0.000,1963
Nauru,NRU,Technology,0.000,1964
Nauru,NRU,Technology,0.000,1965
Nauru,NRU,Technology,0.000,1966
Nauru,NRU,Technology,0.000,1967
Nauru,NRU,Technology,0.000,1968
Nauru,NRU,Technology,0.000,1969
Nauru,NRU,Technology,0.000,1970
Nauru,NRU,Technology,0.000,1971
Nauru,NRU,Technology,0.000,1972
Nauru,NRU,Technology,0.000,1973
Nauru,NRU,Technology,0.000,1974
Nauru,NRU,Technology,0.000,1975
Nauru,NRU,Technology,0.000,1976
Nauru,NRU,Technology,0.000,1977
Nauru,NRU,Technology,0.000,1978
Nauru,NRU,Technology,0.000,1979
Nauru,NRU,Technology,0.000,1980
Nauru,NRU,Technology,0.000,1981
Nauru,NRU,Technology,0.000,1982
Nauru,NRU,Technology,0.000,1983
Nauru,NRU,Technology,0.000,1984
Nauru,NRU,Technology,0.000,1985
Nauru,NRU,Technology,0.000,1986
Nauru,NRU,Technology,0.000,1987
Nauru,NRU,Technology,0.000,1988
Nauru,NRU,Technology,0.000,1989
Nauru,NRU,Technology,2.222,1990
Nauru,NRU,Technology,2.222,1991
Nauru,NRU,Technology,2.222,1992
Nauru,NRU,Technology,2.222,1993
Nauru,NRU,Technology,2.222,1994
Nauru,NRU,Technology,2.222,1995
Nauru,NRU,Technology,0.000,1996
Nauru,NRU,Technology,0.000,1997
Nauru,NRU,Technology,2.222,1998
Nauru,NRU,Technology,2.222,1999
Nauru,NRU,Technology,2.222,2000
Nauru,NRU,Technology,4.444,2001
Nauru,NRU,Technology,2.222,2002
Nauru,NRU,Technology,0.000,2003
Nauru,NRU,Technology,2.222,2004
Nauru,NRU,Technology,0.000,2005
Nauru,NRU,Technology,0.000,2006
Nauru,NRU,Technology,2.222,2007
Nauru,NRU,Technology,2.222,2008
Nauru,NRU,Technology,0.000,2009
Nauru,NRU,Technology,0.000,2010
Nauru,NRU,Technology,2.222,2011
Nauru,NRU,Technology,0.000,2012
Nauru,NRU,Technology,0.000,2013
Nauru,NRU,Technology,0.000,2014
Nauru,NRU,Technology,0.000,2015
Nauru,NRU,Technology,0.000,2016
Nauru,NRU,Technology,2.222,2017
Nauru,NRU,Technology,0.000,2018
Nauru,NRU,Technology,2.222,2019
Nauru,NRU,Technology,2.222,2020
Nauru,NRU,Technology,2.222,2021
Nauru,NRU,Technology,2.222,2022
Nauru,NRU,Technology,0.000,2023
Nauru,NRU,Violence,0.000,1960
Nauru,NRU,Violence,0.000,1961
Nauru,NRU,Violence,0.000,1962
Nauru,NRU,Violence,0.000,1963
Nauru,NRU,Violence,0.000,1964
Nauru,NRU,Violence,0.000,1965
Nauru,NRU,Violence,0.000,1966
Nauru,NRU,Violence,0.000,1967
Nauru,NRU,Violence,0.000,1968
Nauru,NRU,Violence,0.000,1969
Nauru,NRU,Violence,0.000,1970
Nauru,NRU,Violence,0.000,1971
Nauru,NRU,Violence,0.000,1972
Nauru,NRU,Violence,0.000,1973
Nauru,NRU,Violence,0.000,1974
Nauru,NRU,Violence,0.000,1975
Nauru,NRU,Violence,0.000,1976
Nauru,NRU,Violence,0.000,1977
Nauru,NRU,Violence,0.000,1978
Nauru,NRU,Violence,0.000,1979
Nauru,NRU,Violence,0.000,1980
Nauru,NRU,Violence,0.000,1981
Nauru,NRU,Violence,0.000,1982
Nauru,NRU,Violence,0.000,1983
Nauru,NRU,Violence,0.000,1984
Nauru,NRU,Violence,0.000,1985
Nauru,NRU,Violence,0.000,1986
Nauru,NRU,Violence,0.000,1987
Nauru,NRU,Violence,0.000,1988
Nauru,NRU,Violence,0.000,1989
Nauru,NRU,Violence,0.000,1990
Nauru,NRU,Violence,0.000,1991
Nauru,NRU,Violence,0.000,1992
Nauru,NRU,Violence,0.000,1993
Nauru,NRU,Violence,0.000,1994
Nauru,NRU,Violence,0.000,1995
Nauru,NRU,Violence,0.000,1996
Nauru,NRU,Violence,0.000,1997
Nauru,NRU,Violence,0.000,1998
Nauru,NRU,Violence,0.000,1999
Nauru,NRU,Violence,0.000,2000
Nauru,NRU,Violence,0.000,2001
Nauru,NRU,Violence,0.000,2002
Nauru,NRU,Violence,0.000,2003
Nauru,NRU,Violence,0.000,2004
Nauru,NRU,Violence,0.000,2005
Nauru,NRU,Violence,0.000,2006
Nauru,NRU,Violence,1.429,2007
Nauru,NRU,Violence,0.000,2008
Nauru,NRU,Violence,0.000,2009
Nauru,NRU,Violence,0.000,2010
Nauru,NRU,Violence,0.000,2011
Nauru,NRU,Violence,0.000,2012
Nauru,NRU,Violence,0.000,2013
Nauru,NRU,Violence,0.000,2014
Nauru,NRU,Violence,0.000,2015
Nauru,NRU,Violence,0.000,2016
Nauru,NRU,Violence,0.000,2017
Nauru,NRU,Violence,2.857,2018
Nauru,NRU,Violence,0.000,2019
Nauru,NRU,Violence,0.000,2020
Nauru,NRU,Violence,0.000,2021
Nauru,NRU,Violence,0.000,2022
Nauru,NRU,Violence,0.000,2023
Nauru,NRU,Youth 15-24,4.587,1960
Nauru,NRU,Youth 15-24,4.587,1961
Nauru,NRU,Youth 15-24,4.587,1962
Nauru,NRU,Youth 15-24,4.587,1963
Nauru,NRU,Youth 15-24,4.587,1964
Nauru,NRU,Youth 15-24,4.587,1965
Nauru,NRU,Youth 15-24,7.339,1966
Nauru,NRU,Youth 15-24,4.587,1967
Nauru,NRU,Youth 15-24,4.587,1968
Nauru,NRU,Youth 15-24,4.587,1969
Nauru,NRU,Youth 15-24,4.587,1970
Nauru,NRU,Youth 15-24,13.761,1971
Nauru,NRU,Youth 15-24,13.761,1972
Nauru,NRU,Youth 15-24,13.761,1973
Nauru,NRU,Youth 15-24,8.257,1974
Nauru,NRU,Youth 15-24,8.257,1975
Nauru,NRU,Youth 15-24,8.257,1976
Nauru,NRU,Youth 15-24,8.257,1977
Nauru,NRU,Youth 15-24,8.257,1978
Nauru,NRU,Youth 15-24,8.257,1979
Nauru,NRU,Youth 15-24,8.257,1980
Nauru,NRU,Youth 15-24,8.257,1981
Nauru,NRU,Youth 15-24,8.257,1982
Nauru,NRU,Youth 15-24,8.257,1983
Nauru,NRU,Youth 15-24,8.257,1984
Nauru,NRU,Youth 15-24,17.431,1985
Nauru,NRU,Youth 15-24,4.587,1986
Nauru,NRU,Youth 15-24,4.587,1987
Nauru,NRU,Youth 15-24,4.587,1988
Nauru,NRU,Youth 15-24,4.587,1989
Nauru,NRU,Youth 15-24,4.587,1990
Nauru,NRU,Youth 15-24,4.587,1991
Nauru,NRU,Youth 15-24,4.587,1992
Nauru,NRU,Youth 15-24,4.587,1993
Nauru,NRU,Youth 15-24,4.587,1994
Nauru,NRU,Youth 15-24,4.587,1995
Nauru,NRU,Youth 15-24,4.587,1996
Nauru,NRU,Youth 15-24,4.587,1997
Nauru,NRU,Youth 15-24,5.505,1998
Nauru,NRU,Youth 15-24,5.505,1999
Nauru,NRU,Youth 15-24,11.009,2000
Nauru,NRU,Youth 15-24,11.009,2001
Nauru,NRU,Youth 15-24,17.431,2002
Nauru,NRU,Youth 15-24,10.092,2003
Nauru,NRU,Youth 15-24,11.009,2004
Nauru,NRU,Youth 15-24,10.092,2005
Nauru,NRU,Youth 15-24,10.092,2006
Nauru,NRU,Youth 15-24,15.596,2007
Nauru,NRU,Youth 15-24,11.009,2008
Nauru,NRU,Youth 15-24,4.587,2009
Nauru,NRU,Youth 15-24,4.587,2010
Nauru,NRU,Youth 15-24,4.587,2011
Nauru,NRU,Youth 15-24,14.679,2012
Nauru,NRU,Youth 15-24,23.853,2013
Nauru,NRU,Youth 15-24,14.679,2014
Nauru,NRU,Youth 15-24,4.587,2015
Nauru,NRU,Youth 15-24,14.679,2016
Nauru,NRU,Youth 15-24,4.587,2017
Nauru,NRU,Youth 15-24,4.587,2018
Nauru,NRU,Youth 15-24,10.092,2019
Nauru,NRU,Youth 15-24,7.339,2020
Nauru,NRU,Youth 15-24,27.523,2021
Nauru,NRU,Youth 15-24,7.339,2022
Nauru,NRU,Youth 15-24,6.422,2023
