Country Name,Country Code,Topic,% of available indicators,Year
Northern Mariana Islands,MNP,Assets,0.000,1960
Northern Mariana Islands,MNP,Assets,0.000,1961
Northern Mariana Islands,MNP,Assets,0.000,1962
Northern Mariana Islands,MNP,Assets,0.000,1963
Northern Mariana Islands,MNP,Assets,0.000,1964
Northern Mariana Islands,MNP,Assets,0.000,1965
Northern Mariana Islands,MNP,Assets,0.000,1966
Northern Mariana Islands,MNP,Assets,0.000,1967
Northern Mariana Islands,MNP,Assets,0.000,1968
Northern Mariana Islands,MNP,Assets,0.000,1969
Northern Mariana Islands,MNP,Assets,0.000,1970
Northern Mariana Islands,MNP,Assets,0.000,1971
Northern Mariana Islands,MNP,Assets,0.000,1972
Northern Mariana Islands,MNP,Assets,0.000,1973
Northern Mariana Islands,MNP,Assets,0.000,1974
Northern Mariana Islands,MNP,Assets,0.000,1975
Northern Mariana Islands,MNP,Assets,0.000,1976
Northern Mariana Islands,MNP,Assets,0.000,1977
Northern Mariana Islands,MNP,Assets,0.000,1978
Northern Mariana Islands,MNP,Assets,0.000,1979
Northern Mariana Islands,MNP,Assets,0.000,1980
Northern Mariana Islands,MNP,Assets,0.000,1981
Northern Mariana Islands,MNP,Assets,0.000,1982
Northern Mariana Islands,MNP,Assets,0.000,1983
Northern Mariana Islands,MNP,Assets,0.000,1984
Northern Mariana Islands,MNP,Assets,0.000,1985
Northern Mariana Islands,MNP,Assets,0.000,1986
Northern Mariana Islands,MNP,Assets,0.000,1987
Northern Mariana Islands,MNP,Assets,0.000,1988
Northern Mariana Islands,MNP,Assets,0.000,1989
Northern Mariana Islands,MNP,Assets,0.000,1990
Northern Mariana Islands,MNP,Assets,0.000,1991
Northern Mariana Islands,MNP,Assets,0.000,1992
Northern Mariana Islands,MNP,Assets,0.000,1993
Northern Mariana Islands,MNP,Assets,0.000,1994
Northern Mariana Islands,MNP,Assets,0.000,1995
Northern Mariana Islands,MNP,Assets,0.000,1996
Northern Mariana Islands,MNP,Assets,0.000,1997
Northern Mariana Islands,MNP,Assets,0.000,1998
Northern Mariana Islands,MNP,Assets,0.000,1999
Northern Mariana Islands,MNP,Assets,0.000,2000
Northern Mariana Islands,MNP,Assets,0.000,2001
Northern Mariana Islands,MNP,Assets,0.000,2002
Northern Mariana Islands,MNP,Assets,0.000,2003
Northern Mariana Islands,MNP,Assets,0.000,2004
Northern Mariana Islands,MNP,Assets,0.000,2005
Northern Mariana Islands,MNP,Assets,0.000,2006
Northern Mariana Islands,MNP,Assets,0.000,2007
Northern Mariana Islands,MNP,Assets,0.000,2008
Northern Mariana Islands,MNP,Assets,0.000,2009
Northern Mariana Islands,MNP,Assets,0.000,2010
Northern Mariana Islands,MNP,Assets,0.000,2011
Northern Mariana Islands,MNP,Assets,0.000,2012
Northern Mariana Islands,MNP,Assets,0.000,2013
Northern Mariana Islands,MNP,Assets,0.000,2014
Northern Mariana Islands,MNP,Assets,0.000,2015
Northern Mariana Islands,MNP,Assets,0.000,2016
Northern Mariana Islands,MNP,Assets,0.000,2017
Northern Mariana Islands,MNP,Assets,0.000,2018
Northern Mariana Islands,MNP,Assets,0.000,2019
Northern Mariana Islands,MNP,Assets,0.000,2020
Northern Mariana Islands,MNP,Assets,0.000,2021
Northern Mariana Islands,MNP,Assets,0.000,2022
Northern Mariana Islands,MNP,Assets,0.000,2023
Northern Mariana Islands,MNP,Children 0-14,8.462,1960
Northern Mariana Islands,MNP,Children 0-14,8.462,1961
Northern Mariana Islands,MNP,Children 0-14,8.462,1962
Northern Mariana Islands,MNP,Children 0-14,8.462,1963
Northern Mariana Islands,MNP,Children 0-14,8.462,1964
Northern Mariana Islands,MNP,Children 0-14,8.462,1965
Northern Mariana Islands,MNP,Children 0-14,8.462,1966
Northern Mariana Islands,MNP,Children 0-14,8.462,1967
Northern Mariana Islands,MNP,Children 0-14,8.462,1968
Northern Mariana Islands,MNP,Children 0-14,8.462,1969
Northern Mariana Islands,MNP,Children 0-14,8.462,1970
Northern Mariana Islands,MNP,Children 0-14,8.462,1971
Northern Mariana Islands,MNP,Children 0-14,8.462,1972
Northern Mariana Islands,MNP,Children 0-14,8.462,1973
Northern Mariana Islands,MNP,Children 0-14,8.462,1974
Northern Mariana Islands,MNP,Children 0-14,8.462,1975
Northern Mariana Islands,MNP,Children 0-14,8.462,1976
Northern Mariana Islands,MNP,Children 0-14,8.462,1977
Northern Mariana Islands,MNP,Children 0-14,8.462,1978
Northern Mariana Islands,MNP,Children 0-14,8.462,1979
Northern Mariana Islands,MNP,Children 0-14,8.462,1980
Northern Mariana Islands,MNP,Children 0-14,8.462,1981
Northern Mariana Islands,MNP,Children 0-14,8.462,1982
Northern Mariana Islands,MNP,Children 0-14,8.462,1983
Northern Mariana Islands,MNP,Children 0-14,8.462,1984
Northern Mariana Islands,MNP,Children 0-14,8.462,1985
Northern Mariana Islands,MNP,Children 0-14,8.462,1986
Northern Mariana Islands,MNP,Children 0-14,8.462,1987
Northern Mariana Islands,MNP,Children 0-14,8.462,1988
Northern Mariana Islands,MNP,Children 0-14,8.462,1989
Northern Mariana Islands,MNP,Children 0-14,8.462,1990
Northern Mariana Islands,MNP,Children 0-14,8.462,1991
Northern Mariana Islands,MNP,Children 0-14,8.462,1992
Northern Mariana Islands,MNP,Children 0-14,8.462,1993
Northern Mariana Islands,MNP,Children 0-14,8.462,1994
Northern Mariana Islands,MNP,Children 0-14,8.462,1995
Northern Mariana Islands,MNP,Children 0-14,8.462,1996
Northern Mariana Islands,MNP,Children 0-14,8.462,1997
Northern Mariana Islands,MNP,Children 0-14,8.462,1998
Northern Mariana Islands,MNP,Children 0-14,8.462,1999
Northern Mariana Islands,MNP,Children 0-14,8.462,2000
Northern Mariana Islands,MNP,Children 0-14,8.462,2001
Northern Mariana Islands,MNP,Children 0-14,8.462,2002
Northern Mariana Islands,MNP,Children 0-14,8.462,2003
Northern Mariana Islands,MNP,Children 0-14,8.462,2004
Northern Mariana Islands,MNP,Children 0-14,8.462,2005
Northern Mariana Islands,MNP,Children 0-14,8.462,2006
Northern Mariana Islands,MNP,Children 0-14,8.462,2007
Northern Mariana Islands,MNP,Children 0-14,8.462,2008
Northern Mariana Islands,MNP,Children 0-14,8.462,2009
Northern Mariana Islands,MNP,Children 0-14,8.462,2010
Northern Mariana Islands,MNP,Children 0-14,8.462,2011
Northern Mariana Islands,MNP,Children 0-14,8.462,2012
Northern Mariana Islands,MNP,Children 0-14,8.462,2013
Northern Mariana Islands,MNP,Children 0-14,8.462,2014
Northern Mariana Islands,MNP,Children 0-14,8.462,2015
Northern Mariana Islands,MNP,Children 0-14,8.462,2016
Northern Mariana Islands,MNP,Children 0-14,8.462,2017
Northern Mariana Islands,MNP,Children 0-14,8.462,2018
Northern Mariana Islands,MNP,Children 0-14,8.462,2019
Northern Mariana Islands,MNP,Children 0-14,8.462,2020
Northern Mariana Islands,MNP,Children 0-14,8.462,2021
Northern Mariana Islands,MNP,Children 0-14,8.462,2022
Northern Mariana Islands,MNP,Children 0-14,7.692,2023
Northern Mariana Islands,MNP,Education,0.000,1960
Northern Mariana Islands,MNP,Education,0.000,1961
Northern Mariana Islands,MNP,Education,0.000,1962
Northern Mariana Islands,MNP,Education,0.000,1963
Northern Mariana Islands,MNP,Education,0.000,1964
Northern Mariana Islands,MNP,Education,0.000,1965
Northern Mariana Islands,MNP,Education,0.000,1966
Northern Mariana Islands,MNP,Education,0.000,1967
Northern Mariana Islands,MNP,Education,0.000,1968
Northern Mariana Islands,MNP,Education,0.000,1969
Northern Mariana Islands,MNP,Education,0.000,1970
Northern Mariana Islands,MNP,Education,0.000,1971
Northern Mariana Islands,MNP,Education,0.000,1972
Northern Mariana Islands,MNP,Education,0.000,1973
Northern Mariana Islands,MNP,Education,0.000,1974
Northern Mariana Islands,MNP,Education,0.000,1975
Northern Mariana Islands,MNP,Education,0.000,1976
Northern Mariana Islands,MNP,Education,0.000,1977
Northern Mariana Islands,MNP,Education,0.000,1978
Northern Mariana Islands,MNP,Education,0.000,1979
Northern Mariana Islands,MNP,Education,0.000,1980
Northern Mariana Islands,MNP,Education,0.000,1981
Northern Mariana Islands,MNP,Education,0.000,1982
Northern Mariana Islands,MNP,Education,0.000,1983
Northern Mariana Islands,MNP,Education,0.000,1984
Northern Mariana Islands,MNP,Education,0.000,1985
Northern Mariana Islands,MNP,Education,0.000,1986
Northern Mariana Islands,MNP,Education,0.000,1987
Northern Mariana Islands,MNP,Education,0.000,1988
Northern Mariana Islands,MNP,Education,0.000,1989
Northern Mariana Islands,MNP,Education,0.000,1990
Northern Mariana Islands,MNP,Education,0.000,1991
Northern Mariana Islands,MNP,Education,0.000,1992
Northern Mariana Islands,MNP,Education,0.000,1993
Northern Mariana Islands,MNP,Education,0.000,1994
Northern Mariana Islands,MNP,Education,0.000,1995
Northern Mariana Islands,MNP,Education,0.000,1996
Northern Mariana Islands,MNP,Education,0.000,1997
Northern Mariana Islands,MNP,Education,0.000,1998
Northern Mariana Islands,MNP,Education,0.000,1999
Northern Mariana Islands,MNP,Education,0.000,2000
Northern Mariana Islands,MNP,Education,0.000,2001
Northern Mariana Islands,MNP,Education,0.000,2002
Northern Mariana Islands,MNP,Education,0.000,2003
Northern Mariana Islands,MNP,Education,0.000,2004
Northern Mariana Islands,MNP,Education,0.000,2005
Northern Mariana Islands,MNP,Education,0.000,2006
Northern Mariana Islands,MNP,Education,0.000,2007
Northern Mariana Islands,MNP,Education,0.000,2008
Northern Mariana Islands,MNP,Education,0.000,2009
Northern Mariana Islands,MNP,Education,0.000,2010
Northern Mariana Islands,MNP,Education,0.000,2011
Northern Mariana Islands,MNP,Education,0.000,2012
Northern Mariana Islands,MNP,Education,0.000,2013
Northern Mariana Islands,MNP,Education,0.000,2014
Northern Mariana Islands,MNP,Education,0.000,2015
Northern Mariana Islands,MNP,Education,0.000,2016
Northern Mariana Islands,MNP,Education,0.000,2017
Northern Mariana Islands,MNP,Education,0.000,2018
Northern Mariana Islands,MNP,Education,0.000,2019
Northern Mariana Islands,MNP,Education,0.000,2020
Northern Mariana Islands,MNP,Education,0.000,2021
Northern Mariana Islands,MNP,Education,0.000,2022
Northern Mariana Islands,MNP,Education,0.000,2023
Northern Mariana Islands,MNP,Employment and Time Use,0.000,1960
Northern Mariana Islands,MNP,Employment and Time Use,0.000,1961
Northern Mariana Islands,MNP,Employment and Time Use,0.000,1962
Northern Mariana Islands,MNP,Employment and Time Use,0.000,1963
Northern Mariana Islands,MNP,Employment and Time Use,0.000,1964
Northern Mariana Islands,MNP,Employment and Time Use,0.000,1965
Northern Mariana Islands,MNP,Employment and Time Use,0.000,1966
Northern Mariana Islands,MNP,Employment and Time Use,0.000,1967
Northern Mariana Islands,MNP,Employment and Time Use,0.000,1968
Northern Mariana Islands,MNP,Employment and Time Use,0.000,1969
Northern Mariana Islands,MNP,Employment and Time Use,0.000,1970
Northern Mariana Islands,MNP,Employment and Time Use,0.000,1971
Northern Mariana Islands,MNP,Employment and Time Use,0.000,1972
Northern Mariana Islands,MNP,Employment and Time Use,0.000,1973
Northern Mariana Islands,MNP,Employment and Time Use,0.000,1974
Northern Mariana Islands,MNP,Employment and Time Use,0.000,1975
Northern Mariana Islands,MNP,Employment and Time Use,0.000,1976
Northern Mariana Islands,MNP,Employment and Time Use,0.000,1977
Northern Mariana Islands,MNP,Employment and Time Use,0.000,1978
Northern Mariana Islands,MNP,Employment and Time Use,0.000,1979
Northern Mariana Islands,MNP,Employment and Time Use,0.000,1980
Northern Mariana Islands,MNP,Employment and Time Use,0.000,1981
Northern Mariana Islands,MNP,Employment and Time Use,0.000,1982
Northern Mariana Islands,MNP,Employment and Time Use,0.000,1983
Northern Mariana Islands,MNP,Employment and Time Use,2.190,1984
Northern Mariana Islands,MNP,Employment and Time Use,9.489,1985
Northern Mariana Islands,MNP,Employment and Time Use,0.000,1986
Northern Mariana Islands,MNP,Employment and Time Use,0.000,1987
Northern Mariana Islands,MNP,Employment and Time Use,0.000,1988
Northern Mariana Islands,MNP,Employment and Time Use,0.000,1989
Northern Mariana Islands,MNP,Employment and Time Use,5.109,1990
Northern Mariana Islands,MNP,Employment and Time Use,0.000,1991
Northern Mariana Islands,MNP,Employment and Time Use,0.000,1992
Northern Mariana Islands,MNP,Employment and Time Use,0.000,1993
Northern Mariana Islands,MNP,Employment and Time Use,0.000,1994
Northern Mariana Islands,MNP,Employment and Time Use,5.109,1995
Northern Mariana Islands,MNP,Employment and Time Use,0.000,1996
Northern Mariana Islands,MNP,Employment and Time Use,0.000,1997
Northern Mariana Islands,MNP,Employment and Time Use,0.000,1998
Northern Mariana Islands,MNP,Employment and Time Use,0.000,1999
Northern Mariana Islands,MNP,Employment and Time Use,2.190,2000
Northern Mariana Islands,MNP,Employment and Time Use,0.000,2001
Northern Mariana Islands,MNP,Employment and Time Use,0.000,2002
Northern Mariana Islands,MNP,Employment and Time Use,12.409,2003
Northern Mariana Islands,MNP,Employment and Time Use,0.000,2004
Northern Mariana Islands,MNP,Employment and Time Use,2.190,2005
Northern Mariana Islands,MNP,Employment and Time Use,0.000,2006
Northern Mariana Islands,MNP,Employment and Time Use,0.000,2007
Northern Mariana Islands,MNP,Employment and Time Use,0.000,2008
Northern Mariana Islands,MNP,Employment and Time Use,0.000,2009
Northern Mariana Islands,MNP,Employment and Time Use,7.299,2010
Northern Mariana Islands,MNP,Employment and Time Use,0.000,2011
Northern Mariana Islands,MNP,Employment and Time Use,0.000,2012
Northern Mariana Islands,MNP,Employment and Time Use,0.000,2013
Northern Mariana Islands,MNP,Employment and Time Use,0.000,2014
Northern Mariana Islands,MNP,Employment and Time Use,0.000,2015
Northern Mariana Islands,MNP,Employment and Time Use,0.000,2016
Northern Mariana Islands,MNP,Employment and Time Use,0.000,2017
Northern Mariana Islands,MNP,Employment and Time Use,0.000,2018
Northern Mariana Islands,MNP,Employment and Time Use,0.000,2019
Northern Mariana Islands,MNP,Employment and Time Use,0.000,2020
Northern Mariana Islands,MNP,Employment and Time Use,0.000,2021
Northern Mariana Islands,MNP,Employment and Time Use,0.000,2022
Northern Mariana Islands,MNP,Employment and Time Use,0.000,2023
Northern Mariana Islands,MNP,Entrepreneurship,0.000,1960
Northern Mariana Islands,MNP,Entrepreneurship,0.000,1961
Northern Mariana Islands,MNP,Entrepreneurship,0.000,1962
Northern Mariana Islands,MNP,Entrepreneurship,0.000,1963
Northern Mariana Islands,MNP,Entrepreneurship,0.000,1964
Northern Mariana Islands,MNP,Entrepreneurship,0.000,1965
Northern Mariana Islands,MNP,Entrepreneurship,0.000,1966
Northern Mariana Islands,MNP,Entrepreneurship,0.000,1967
Northern Mariana Islands,MNP,Entrepreneurship,0.000,1968
Northern Mariana Islands,MNP,Entrepreneurship,0.000,1969
Northern Mariana Islands,MNP,Entrepreneurship,0.000,1970
Northern Mariana Islands,MNP,Entrepreneurship,0.000,1971
Northern Mariana Islands,MNP,Entrepreneurship,0.000,1972
Northern Mariana Islands,MNP,Entrepreneurship,0.000,1973
Northern Mariana Islands,MNP,Entrepreneurship,0.000,1974
Northern Mariana Islands,MNP,Entrepreneurship,0.000,1975
Northern Mariana Islands,MNP,Entrepreneurship,0.000,1976
Northern Mariana Islands,MNP,Entrepreneurship,0.000,1977
Northern Mariana Islands,MNP,Entrepreneurship,0.000,1978
Northern Mariana Islands,MNP,Entrepreneurship,0.000,1979
Northern Mariana Islands,MNP,Entrepreneurship,0.000,1980
Northern Mariana Islands,MNP,Entrepreneurship,0.000,1981
Northern Mariana Islands,MNP,Entrepreneurship,0.000,1982
Northern Mariana Islands,MNP,Entrepreneurship,0.000,1983
Northern Mariana Islands,MNP,Entrepreneurship,0.000,1984
Northern Mariana Islands,MNP,Entrepreneurship,0.000,1985
Northern Mariana Islands,MNP,Entrepreneurship,0.000,1986
Northern Mariana Islands,MNP,Entrepreneurship,0.000,1987
Northern Mariana Islands,MNP,Entrepreneurship,0.000,1988
Northern Mariana Islands,MNP,Entrepreneurship,0.000,1989
Northern Mariana Islands,MNP,Entrepreneurship,0.000,1990
Northern Mariana Islands,MNP,Entrepreneurship,0.000,1991
Northern Mariana Islands,MNP,Entrepreneurship,0.000,1992
Northern Mariana Islands,MNP,Entrepreneurship,0.000,1993
Northern Mariana Islands,MNP,Entrepreneurship,0.000,1994
Northern Mariana Islands,MNP,Entrepreneurship,0.000,1995
Northern Mariana Islands,MNP,Entrepreneurship,0.000,1996
Northern Mariana Islands,MNP,Entrepreneurship,0.000,1997
Northern Mariana Islands,MNP,Entrepreneurship,0.000,1998
Northern Mariana Islands,MNP,Entrepreneurship,0.000,1999
Northern Mariana Islands,MNP,Entrepreneurship,0.000,2000
Northern Mariana Islands,MNP,Entrepreneurship,0.000,2001
Northern Mariana Islands,MNP,Entrepreneurship,0.000,2002
Northern Mariana Islands,MNP,Entrepreneurship,0.000,2003
Northern Mariana Islands,MNP,Entrepreneurship,0.000,2004
Northern Mariana Islands,MNP,Entrepreneurship,0.000,2005
Northern Mariana Islands,MNP,Entrepreneurship,0.000,2006
Northern Mariana Islands,MNP,Entrepreneurship,0.000,2007
Northern Mariana Islands,MNP,Entrepreneurship,0.000,2008
Northern Mariana Islands,MNP,Entrepreneurship,0.000,2009
Northern Mariana Islands,MNP,Entrepreneurship,0.000,2010
Northern Mariana Islands,MNP,Entrepreneurship,0.000,2011
Northern Mariana Islands,MNP,Entrepreneurship,0.000,2012
Northern Mariana Islands,MNP,Entrepreneurship,0.000,2013
Northern Mariana Islands,MNP,Entrepreneurship,0.000,2014
Northern Mariana Islands,MNP,Entrepreneurship,0.000,2015
Northern Mariana Islands,MNP,Entrepreneurship,0.000,2016
Northern Mariana Islands,MNP,Entrepreneurship,0.000,2017
Northern Mariana Islands,MNP,Entrepreneurship,0.000,2018
Northern Mariana Islands,MNP,Entrepreneurship,0.000,2019
Northern Mariana Islands,MNP,Entrepreneurship,0.000,2020
Northern Mariana Islands,MNP,Entrepreneurship,0.000,2021
Northern Mariana Islands,MNP,Entrepreneurship,0.000,2022
Northern Mariana Islands,MNP,Entrepreneurship,0.000,2023
Northern Mariana Islands,MNP,Environment,0.000,1960
Northern Mariana Islands,MNP,Environment,0.000,1961
Northern Mariana Islands,MNP,Environment,0.000,1962
Northern Mariana Islands,MNP,Environment,0.000,1963
Northern Mariana Islands,MNP,Environment,0.000,1964
Northern Mariana Islands,MNP,Environment,0.000,1965
Northern Mariana Islands,MNP,Environment,0.000,1966
Northern Mariana Islands,MNP,Environment,0.000,1967
Northern Mariana Islands,MNP,Environment,0.000,1968
Northern Mariana Islands,MNP,Environment,0.000,1969
Northern Mariana Islands,MNP,Environment,0.000,1970
Northern Mariana Islands,MNP,Environment,0.000,1971
Northern Mariana Islands,MNP,Environment,0.000,1972
Northern Mariana Islands,MNP,Environment,0.000,1973
Northern Mariana Islands,MNP,Environment,0.000,1974
Northern Mariana Islands,MNP,Environment,0.000,1975
Northern Mariana Islands,MNP,Environment,0.000,1976
Northern Mariana Islands,MNP,Environment,0.000,1977
Northern Mariana Islands,MNP,Environment,0.000,1978
Northern Mariana Islands,MNP,Environment,0.000,1979
Northern Mariana Islands,MNP,Environment,0.000,1980
Northern Mariana Islands,MNP,Environment,0.000,1981
Northern Mariana Islands,MNP,Environment,0.000,1982
Northern Mariana Islands,MNP,Environment,0.000,1983
Northern Mariana Islands,MNP,Environment,0.000,1984
Northern Mariana Islands,MNP,Environment,0.000,1985
Northern Mariana Islands,MNP,Environment,0.000,1986
Northern Mariana Islands,MNP,Environment,0.000,1987
Northern Mariana Islands,MNP,Environment,0.000,1988
Northern Mariana Islands,MNP,Environment,0.000,1989
Northern Mariana Islands,MNP,Environment,0.000,1990
Northern Mariana Islands,MNP,Environment,0.000,1991
Northern Mariana Islands,MNP,Environment,0.000,1992
Northern Mariana Islands,MNP,Environment,0.000,1993
Northern Mariana Islands,MNP,Environment,0.000,1994
Northern Mariana Islands,MNP,Environment,0.000,1995
Northern Mariana Islands,MNP,Environment,0.000,1996
Northern Mariana Islands,MNP,Environment,0.000,1997
Northern Mariana Islands,MNP,Environment,0.000,1998
Northern Mariana Islands,MNP,Environment,0.000,1999
Northern Mariana Islands,MNP,Environment,3.333,2000
Northern Mariana Islands,MNP,Environment,3.333,2001
Northern Mariana Islands,MNP,Environment,3.333,2002
Northern Mariana Islands,MNP,Environment,3.333,2003
Northern Mariana Islands,MNP,Environment,3.333,2004
Northern Mariana Islands,MNP,Environment,3.333,2005
Northern Mariana Islands,MNP,Environment,3.333,2006
Northern Mariana Islands,MNP,Environment,3.333,2007
Northern Mariana Islands,MNP,Environment,3.333,2008
Northern Mariana Islands,MNP,Environment,3.333,2009
Northern Mariana Islands,MNP,Environment,3.333,2010
Northern Mariana Islands,MNP,Environment,3.333,2011
Northern Mariana Islands,MNP,Environment,3.333,2012
Northern Mariana Islands,MNP,Environment,3.333,2013
Northern Mariana Islands,MNP,Environment,3.333,2014
Northern Mariana Islands,MNP,Environment,3.333,2015
Northern Mariana Islands,MNP,Environment,3.333,2016
Northern Mariana Islands,MNP,Environment,3.333,2017
Northern Mariana Islands,MNP,Environment,3.333,2018
Northern Mariana Islands,MNP,Environment,3.333,2019
Northern Mariana Islands,MNP,Environment,3.333,2020
Northern Mariana Islands,MNP,Environment,3.333,2021
Northern Mariana Islands,MNP,Environment,3.333,2022
Northern Mariana Islands,MNP,Environment,0.000,2023
Northern Mariana Islands,MNP,Health,1.515,1960
Northern Mariana Islands,MNP,Health,1.515,1961
Northern Mariana Islands,MNP,Health,1.515,1962
Northern Mariana Islands,MNP,Health,1.515,1963
Northern Mariana Islands,MNP,Health,1.515,1964
Northern Mariana Islands,MNP,Health,1.515,1965
Northern Mariana Islands,MNP,Health,1.515,1966
Northern Mariana Islands,MNP,Health,1.515,1967
Northern Mariana Islands,MNP,Health,1.515,1968
Northern Mariana Islands,MNP,Health,1.515,1969
Northern Mariana Islands,MNP,Health,1.515,1970
Northern Mariana Islands,MNP,Health,1.515,1971
Northern Mariana Islands,MNP,Health,1.515,1972
Northern Mariana Islands,MNP,Health,1.515,1973
Northern Mariana Islands,MNP,Health,1.515,1974
Northern Mariana Islands,MNP,Health,1.515,1975
Northern Mariana Islands,MNP,Health,1.515,1976
Northern Mariana Islands,MNP,Health,1.515,1977
Northern Mariana Islands,MNP,Health,1.515,1978
Northern Mariana Islands,MNP,Health,1.515,1979
Northern Mariana Islands,MNP,Health,1.515,1980
Northern Mariana Islands,MNP,Health,1.515,1981
Northern Mariana Islands,MNP,Health,1.515,1982
Northern Mariana Islands,MNP,Health,1.515,1983
Northern Mariana Islands,MNP,Health,1.515,1984
Northern Mariana Islands,MNP,Health,1.515,1985
Northern Mariana Islands,MNP,Health,1.515,1986
Northern Mariana Islands,MNP,Health,1.515,1987
Northern Mariana Islands,MNP,Health,1.515,1988
Northern Mariana Islands,MNP,Health,1.515,1989
Northern Mariana Islands,MNP,Health,1.515,1990
Northern Mariana Islands,MNP,Health,1.515,1991
Northern Mariana Islands,MNP,Health,1.515,1992
Northern Mariana Islands,MNP,Health,1.515,1993
Northern Mariana Islands,MNP,Health,1.515,1994
Northern Mariana Islands,MNP,Health,1.515,1995
Northern Mariana Islands,MNP,Health,1.515,1996
Northern Mariana Islands,MNP,Health,1.515,1997
Northern Mariana Islands,MNP,Health,1.515,1998
Northern Mariana Islands,MNP,Health,1.515,1999
Northern Mariana Islands,MNP,Health,2.525,2000
Northern Mariana Islands,MNP,Health,2.020,2001
Northern Mariana Islands,MNP,Health,2.020,2002
Northern Mariana Islands,MNP,Health,2.020,2003
Northern Mariana Islands,MNP,Health,2.020,2004
Northern Mariana Islands,MNP,Health,2.020,2005
Northern Mariana Islands,MNP,Health,2.020,2006
Northern Mariana Islands,MNP,Health,2.020,2007
Northern Mariana Islands,MNP,Health,2.020,2008
Northern Mariana Islands,MNP,Health,2.020,2009
Northern Mariana Islands,MNP,Health,2.020,2010
Northern Mariana Islands,MNP,Health,2.020,2011
Northern Mariana Islands,MNP,Health,2.020,2012
Northern Mariana Islands,MNP,Health,2.020,2013
Northern Mariana Islands,MNP,Health,2.020,2014
Northern Mariana Islands,MNP,Health,2.020,2015
Northern Mariana Islands,MNP,Health,2.020,2016
Northern Mariana Islands,MNP,Health,2.020,2017
Northern Mariana Islands,MNP,Health,2.020,2018
Northern Mariana Islands,MNP,Health,2.020,2019
Northern Mariana Islands,MNP,Health,2.020,2020
Northern Mariana Islands,MNP,Health,2.020,2021
Northern Mariana Islands,MNP,Health,2.020,2022
Northern Mariana Islands,MNP,Health,0.000,2023
Northern Mariana Islands,MNP,Leadership,0.000,1960
Northern Mariana Islands,MNP,Leadership,0.000,1961
Northern Mariana Islands,MNP,Leadership,0.000,1962
Northern Mariana Islands,MNP,Leadership,0.000,1963
Northern Mariana Islands,MNP,Leadership,0.000,1964
Northern Mariana Islands,MNP,Leadership,0.000,1965
Northern Mariana Islands,MNP,Leadership,0.000,1966
Northern Mariana Islands,MNP,Leadership,0.000,1967
Northern Mariana Islands,MNP,Leadership,0.000,1968
Northern Mariana Islands,MNP,Leadership,0.000,1969
Northern Mariana Islands,MNP,Leadership,0.000,1970
Northern Mariana Islands,MNP,Leadership,0.000,1971
Northern Mariana Islands,MNP,Leadership,0.000,1972
Northern Mariana Islands,MNP,Leadership,0.000,1973
Northern Mariana Islands,MNP,Leadership,0.000,1974
Northern Mariana Islands,MNP,Leadership,0.000,1975
Northern Mariana Islands,MNP,Leadership,0.000,1976
Northern Mariana Islands,MNP,Leadership,0.000,1977
Northern Mariana Islands,MNP,Leadership,0.000,1978
Northern Mariana Islands,MNP,Leadership,0.000,1979
Northern Mariana Islands,MNP,Leadership,0.000,1980
Northern Mariana Islands,MNP,Leadership,0.000,1981
Northern Mariana Islands,MNP,Leadership,0.000,1982
Northern Mariana Islands,MNP,Leadership,0.000,1983
Northern Mariana Islands,MNP,Leadership,0.000,1984
Northern Mariana Islands,MNP,Leadership,0.000,1985
Northern Mariana Islands,MNP,Leadership,0.000,1986
Northern Mariana Islands,MNP,Leadership,0.000,1987
Northern Mariana Islands,MNP,Leadership,0.000,1988
Northern Mariana Islands,MNP,Leadership,0.000,1989
Northern Mariana Islands,MNP,Leadership,0.000,1990
Northern Mariana Islands,MNP,Leadership,0.000,1991
Northern Mariana Islands,MNP,Leadership,0.000,1992
Northern Mariana Islands,MNP,Leadership,0.000,1993
Northern Mariana Islands,MNP,Leadership,0.000,1994
Northern Mariana Islands,MNP,Leadership,0.000,1995
Northern Mariana Islands,MNP,Leadership,0.000,1996
Northern Mariana Islands,MNP,Leadership,0.000,1997
Northern Mariana Islands,MNP,Leadership,0.000,1998
Northern Mariana Islands,MNP,Leadership,0.000,1999
Northern Mariana Islands,MNP,Leadership,0.000,2000
Northern Mariana Islands,MNP,Leadership,0.000,2001
Northern Mariana Islands,MNP,Leadership,0.000,2002
Northern Mariana Islands,MNP,Leadership,0.000,2003
Northern Mariana Islands,MNP,Leadership,0.000,2004
Northern Mariana Islands,MNP,Leadership,0.000,2005
Northern Mariana Islands,MNP,Leadership,0.000,2006
Northern Mariana Islands,MNP,Leadership,0.000,2007
Northern Mariana Islands,MNP,Leadership,0.000,2008
Northern Mariana Islands,MNP,Leadership,0.000,2009
Northern Mariana Islands,MNP,Leadership,0.000,2010
Northern Mariana Islands,MNP,Leadership,0.000,2011
Northern Mariana Islands,MNP,Leadership,0.000,2012
Northern Mariana Islands,MNP,Leadership,0.000,2013
Northern Mariana Islands,MNP,Leadership,0.000,2014
Northern Mariana Islands,MNP,Leadership,0.000,2015
Northern Mariana Islands,MNP,Leadership,0.000,2016
Northern Mariana Islands,MNP,Leadership,0.000,2017
Northern Mariana Islands,MNP,Leadership,0.000,2018
Northern Mariana Islands,MNP,Leadership,0.000,2019
Northern Mariana Islands,MNP,Leadership,0.000,2020
Northern Mariana Islands,MNP,Leadership,0.000,2021
Northern Mariana Islands,MNP,Leadership,0.000,2022
Northern Mariana Islands,MNP,Leadership,0.000,2023
Northern Mariana Islands,MNP,Norms and Decision-making,0.000,1960
Northern Mariana Islands,MNP,Norms and Decision-making,0.000,1961
Northern Mariana Islands,MNP,Norms and Decision-making,0.000,1962
Northern Mariana Islands,MNP,Norms and Decision-making,0.000,1963
Northern Mariana Islands,MNP,Norms and Decision-making,0.000,1964
Northern Mariana Islands,MNP,Norms and Decision-making,0.000,1965
Northern Mariana Islands,MNP,Norms and Decision-making,0.000,1966
Northern Mariana Islands,MNP,Norms and Decision-making,0.000,1967
Northern Mariana Islands,MNP,Norms and Decision-making,0.000,1968
Northern Mariana Islands,MNP,Norms and Decision-making,0.000,1969
Northern Mariana Islands,MNP,Norms and Decision-making,0.000,1970
Northern Mariana Islands,MNP,Norms and Decision-making,0.000,1971
Northern Mariana Islands,MNP,Norms and Decision-making,0.000,1972
Northern Mariana Islands,MNP,Norms and Decision-making,0.000,1973
Northern Mariana Islands,MNP,Norms and Decision-making,0.000,1974
Northern Mariana Islands,MNP,Norms and Decision-making,0.000,1975
Northern Mariana Islands,MNP,Norms and Decision-making,0.000,1976
Northern Mariana Islands,MNP,Norms and Decision-making,0.000,1977
Northern Mariana Islands,MNP,Norms and Decision-making,0.000,1978
Northern Mariana Islands,MNP,Norms and Decision-making,0.000,1979
Northern Mariana Islands,MNP,Norms and Decision-making,0.000,1980
Northern Mariana Islands,MNP,Norms and Decision-making,0.000,1981
Northern Mariana Islands,MNP,Norms and Decision-making,0.000,1982
Northern Mariana Islands,MNP,Norms and Decision-making,0.000,1983
Northern Mariana Islands,MNP,Norms and Decision-making,0.000,1984
Northern Mariana Islands,MNP,Norms and Decision-making,0.000,1985
Northern Mariana Islands,MNP,Norms and Decision-making,0.000,1986
Northern Mariana Islands,MNP,Norms and Decision-making,0.000,1987
Northern Mariana Islands,MNP,Norms and Decision-making,0.000,1988
Northern Mariana Islands,MNP,Norms and Decision-making,0.000,1989
Northern Mariana Islands,MNP,Norms and Decision-making,1.481,1990
Northern Mariana Islands,MNP,Norms and Decision-making,0.000,1991
Northern Mariana Islands,MNP,Norms and Decision-making,0.000,1992
Northern Mariana Islands,MNP,Norms and Decision-making,0.000,1993
Northern Mariana Islands,MNP,Norms and Decision-making,0.000,1994
Northern Mariana Islands,MNP,Norms and Decision-making,0.000,1995
Northern Mariana Islands,MNP,Norms and Decision-making,0.000,1996
Northern Mariana Islands,MNP,Norms and Decision-making,0.000,1997
Northern Mariana Islands,MNP,Norms and Decision-making,0.000,1998
Northern Mariana Islands,MNP,Norms and Decision-making,0.000,1999
Northern Mariana Islands,MNP,Norms and Decision-making,0.000,2000
Northern Mariana Islands,MNP,Norms and Decision-making,0.000,2001
Northern Mariana Islands,MNP,Norms and Decision-making,0.000,2002
Northern Mariana Islands,MNP,Norms and Decision-making,0.000,2003
Northern Mariana Islands,MNP,Norms and Decision-making,0.000,2004
Northern Mariana Islands,MNP,Norms and Decision-making,0.000,2005
Northern Mariana Islands,MNP,Norms and Decision-making,0.000,2006
Northern Mariana Islands,MNP,Norms and Decision-making,0.000,2007
Northern Mariana Islands,MNP,Norms and Decision-making,0.000,2008
Northern Mariana Islands,MNP,Norms and Decision-making,0.000,2009
Northern Mariana Islands,MNP,Norms and Decision-making,1.481,2010
Northern Mariana Islands,MNP,Norms and Decision-making,0.000,2011
Northern Mariana Islands,MNP,Norms and Decision-making,0.000,2012
Northern Mariana Islands,MNP,Norms and Decision-making,0.000,2013
Northern Mariana Islands,MNP,Norms and Decision-making,0.000,2014
Northern Mariana Islands,MNP,Norms and Decision-making,0.000,2015
Northern Mariana Islands,MNP,Norms and Decision-making,0.000,2016
Northern Mariana Islands,MNP,Norms and Decision-making,0.000,2017
Northern Mariana Islands,MNP,Norms and Decision-making,0.000,2018
Northern Mariana Islands,MNP,Norms and Decision-making,0.000,2019
Northern Mariana Islands,MNP,Norms and Decision-making,0.000,2020
Northern Mariana Islands,MNP,Norms and Decision-making,0.000,2021
Northern Mariana Islands,MNP,Norms and Decision-making,0.000,2022
Northern Mariana Islands,MNP,Norms and Decision-making,0.000,2023
Northern Mariana Islands,MNP,Population,80.952,1960
Northern Mariana Islands,MNP,Population,80.952,1961
Northern Mariana Islands,MNP,Population,80.952,1962
Northern Mariana Islands,MNP,Population,80.952,1963
Northern Mariana Islands,MNP,Population,80.952,1964
Northern Mariana Islands,MNP,Population,80.952,1965
Northern Mariana Islands,MNP,Population,80.952,1966
Northern Mariana Islands,MNP,Population,80.952,1967
Northern Mariana Islands,MNP,Population,80.952,1968
Northern Mariana Islands,MNP,Population,80.952,1969
Northern Mariana Islands,MNP,Population,80.952,1970
Northern Mariana Islands,MNP,Population,80.952,1971
Northern Mariana Islands,MNP,Population,80.952,1972
Northern Mariana Islands,MNP,Population,80.952,1973
Northern Mariana Islands,MNP,Population,80.952,1974
Northern Mariana Islands,MNP,Population,80.952,1975
Northern Mariana Islands,MNP,Population,80.952,1976
Northern Mariana Islands,MNP,Population,80.952,1977
Northern Mariana Islands,MNP,Population,80.952,1978
Northern Mariana Islands,MNP,Population,80.952,1979
Northern Mariana Islands,MNP,Population,80.952,1980
Northern Mariana Islands,MNP,Population,80.952,1981
Northern Mariana Islands,MNP,Population,80.952,1982
Northern Mariana Islands,MNP,Population,80.952,1983
Northern Mariana Islands,MNP,Population,80.952,1984
Northern Mariana Islands,MNP,Population,80.952,1985
Northern Mariana Islands,MNP,Population,80.952,1986
Northern Mariana Islands,MNP,Population,80.952,1987
Northern Mariana Islands,MNP,Population,80.952,1988
Northern Mariana Islands,MNP,Population,80.952,1989
Northern Mariana Islands,MNP,Population,84.524,1990
Northern Mariana Islands,MNP,Population,80.952,1991
Northern Mariana Islands,MNP,Population,80.952,1992
Northern Mariana Islands,MNP,Population,80.952,1993
Northern Mariana Islands,MNP,Population,80.952,1994
Northern Mariana Islands,MNP,Population,82.143,1995
Northern Mariana Islands,MNP,Population,80.952,1996
Northern Mariana Islands,MNP,Population,80.952,1997
Northern Mariana Islands,MNP,Population,80.952,1998
Northern Mariana Islands,MNP,Population,80.952,1999
Northern Mariana Islands,MNP,Population,82.143,2000
Northern Mariana Islands,MNP,Population,80.952,2001
Northern Mariana Islands,MNP,Population,80.952,2002
Northern Mariana Islands,MNP,Population,80.952,2003
Northern Mariana Islands,MNP,Population,80.952,2004
Northern Mariana Islands,MNP,Population,82.143,2005
Northern Mariana Islands,MNP,Population,80.952,2006
Northern Mariana Islands,MNP,Population,80.952,2007
Northern Mariana Islands,MNP,Population,80.952,2008
Northern Mariana Islands,MNP,Population,80.952,2009
Northern Mariana Islands,MNP,Population,84.524,2010
Northern Mariana Islands,MNP,Population,80.952,2011
Northern Mariana Islands,MNP,Population,80.952,2012
Northern Mariana Islands,MNP,Population,80.952,2013
Northern Mariana Islands,MNP,Population,82.143,2014
Northern Mariana Islands,MNP,Population,82.143,2015
Northern Mariana Islands,MNP,Population,80.952,2016
Northern Mariana Islands,MNP,Population,80.952,2017
Northern Mariana Islands,MNP,Population,80.952,2018
Northern Mariana Islands,MNP,Population,82.143,2019
Northern Mariana Islands,MNP,Population,82.143,2020
Northern Mariana Islands,MNP,Population,80.952,2021
Northern Mariana Islands,MNP,Population,80.952,2022
Northern Mariana Islands,MNP,Population,77.381,2023
Northern Mariana Islands,MNP,SDGs,0.671,1960
Northern Mariana Islands,MNP,SDGs,0.671,1961
Northern Mariana Islands,MNP,SDGs,0.671,1962
Northern Mariana Islands,MNP,SDGs,0.671,1963
Northern Mariana Islands,MNP,SDGs,0.671,1964
Northern Mariana Islands,MNP,SDGs,0.671,1965
Northern Mariana Islands,MNP,SDGs,0.671,1966
Northern Mariana Islands,MNP,SDGs,0.671,1967
Northern Mariana Islands,MNP,SDGs,0.671,1968
Northern Mariana Islands,MNP,SDGs,0.671,1969
Northern Mariana Islands,MNP,SDGs,0.671,1970
Northern Mariana Islands,MNP,SDGs,0.671,1971
Northern Mariana Islands,MNP,SDGs,0.671,1972
Northern Mariana Islands,MNP,SDGs,0.671,1973
Northern Mariana Islands,MNP,SDGs,0.671,1974
Northern Mariana Islands,MNP,SDGs,0.671,1975
Northern Mariana Islands,MNP,SDGs,0.671,1976
Northern Mariana Islands,MNP,SDGs,0.671,1977
Northern Mariana Islands,MNP,SDGs,0.671,1978
Northern Mariana Islands,MNP,SDGs,0.671,1979
Northern Mariana Islands,MNP,SDGs,0.671,1980
Northern Mariana Islands,MNP,SDGs,0.671,1981
Northern Mariana Islands,MNP,SDGs,0.671,1982
Northern Mariana Islands,MNP,SDGs,0.671,1983
Northern Mariana Islands,MNP,SDGs,2.685,1984
Northern Mariana Islands,MNP,SDGs,2.685,1985
Northern Mariana Islands,MNP,SDGs,0.671,1986
Northern Mariana Islands,MNP,SDGs,0.671,1987
Northern Mariana Islands,MNP,SDGs,0.671,1988
Northern Mariana Islands,MNP,SDGs,0.671,1989
Northern Mariana Islands,MNP,SDGs,0.671,1990
Northern Mariana Islands,MNP,SDGs,0.671,1991
Northern Mariana Islands,MNP,SDGs,0.671,1992
Northern Mariana Islands,MNP,SDGs,0.671,1993
Northern Mariana Islands,MNP,SDGs,0.671,1994
Northern Mariana Islands,MNP,SDGs,0.671,1995
Northern Mariana Islands,MNP,SDGs,0.671,1996
Northern Mariana Islands,MNP,SDGs,0.671,1997
Northern Mariana Islands,MNP,SDGs,0.671,1998
Northern Mariana Islands,MNP,SDGs,0.671,1999
Northern Mariana Islands,MNP,SDGs,4.027,2000
Northern Mariana Islands,MNP,SDGs,1.342,2001
Northern Mariana Islands,MNP,SDGs,1.342,2002
Northern Mariana Islands,MNP,SDGs,5.369,2003
Northern Mariana Islands,MNP,SDGs,1.342,2004
Northern Mariana Islands,MNP,SDGs,3.356,2005
Northern Mariana Islands,MNP,SDGs,1.342,2006
Northern Mariana Islands,MNP,SDGs,1.342,2007
Northern Mariana Islands,MNP,SDGs,1.342,2008
Northern Mariana Islands,MNP,SDGs,1.342,2009
Northern Mariana Islands,MNP,SDGs,3.356,2010
Northern Mariana Islands,MNP,SDGs,1.342,2011
Northern Mariana Islands,MNP,SDGs,1.342,2012
Northern Mariana Islands,MNP,SDGs,1.342,2013
Northern Mariana Islands,MNP,SDGs,1.342,2014
Northern Mariana Islands,MNP,SDGs,1.342,2015
Northern Mariana Islands,MNP,SDGs,1.342,2016
Northern Mariana Islands,MNP,SDGs,1.342,2017
Northern Mariana Islands,MNP,SDGs,1.342,2018
Northern Mariana Islands,MNP,SDGs,1.342,2019
Northern Mariana Islands,MNP,SDGs,1.342,2020
Northern Mariana Islands,MNP,SDGs,1.342,2021
Northern Mariana Islands,MNP,SDGs,1.342,2022
Northern Mariana Islands,MNP,SDGs,0.000,2023
Northern Mariana Islands,MNP,Technology,0.000,1960
Northern Mariana Islands,MNP,Technology,0.000,1961
Northern Mariana Islands,MNP,Technology,0.000,1962
Northern Mariana Islands,MNP,Technology,0.000,1963
Northern Mariana Islands,MNP,Technology,0.000,1964
Northern Mariana Islands,MNP,Technology,0.000,1965
Northern Mariana Islands,MNP,Technology,0.000,1966
Northern Mariana Islands,MNP,Technology,0.000,1967
Northern Mariana Islands,MNP,Technology,0.000,1968
Northern Mariana Islands,MNP,Technology,0.000,1969
Northern Mariana Islands,MNP,Technology,0.000,1970
Northern Mariana Islands,MNP,Technology,0.000,1971
Northern Mariana Islands,MNP,Technology,0.000,1972
Northern Mariana Islands,MNP,Technology,0.000,1973
Northern Mariana Islands,MNP,Technology,0.000,1974
Northern Mariana Islands,MNP,Technology,0.000,1975
Northern Mariana Islands,MNP,Technology,0.000,1976
Northern Mariana Islands,MNP,Technology,0.000,1977
Northern Mariana Islands,MNP,Technology,0.000,1978
Northern Mariana Islands,MNP,Technology,0.000,1979
Northern Mariana Islands,MNP,Technology,0.000,1980
Northern Mariana Islands,MNP,Technology,0.000,1981
Northern Mariana Islands,MNP,Technology,0.000,1982
Northern Mariana Islands,MNP,Technology,0.000,1983
Northern Mariana Islands,MNP,Technology,0.000,1984
Northern Mariana Islands,MNP,Technology,0.000,1985
Northern Mariana Islands,MNP,Technology,0.000,1986
Northern Mariana Islands,MNP,Technology,0.000,1987
Northern Mariana Islands,MNP,Technology,0.000,1988
Northern Mariana Islands,MNP,Technology,0.000,1989
Northern Mariana Islands,MNP,Technology,2.222,1990
Northern Mariana Islands,MNP,Technology,2.222,1991
Northern Mariana Islands,MNP,Technology,2.222,1992
Northern Mariana Islands,MNP,Technology,2.222,1993
Northern Mariana Islands,MNP,Technology,2.222,1994
Northern Mariana Islands,MNP,Technology,2.222,1995
Northern Mariana Islands,MNP,Technology,0.000,1996
Northern Mariana Islands,MNP,Technology,0.000,1997
Northern Mariana Islands,MNP,Technology,0.000,1998
Northern Mariana Islands,MNP,Technology,0.000,1999
Northern Mariana Islands,MNP,Technology,0.000,2000
Northern Mariana Islands,MNP,Technology,0.000,2001
Northern Mariana Islands,MNP,Technology,0.000,2002
Northern Mariana Islands,MNP,Technology,0.000,2003
Northern Mariana Islands,MNP,Technology,0.000,2004
Northern Mariana Islands,MNP,Technology,0.000,2005
Northern Mariana Islands,MNP,Technology,0.000,2006
Northern Mariana Islands,MNP,Technology,0.000,2007
Northern Mariana Islands,MNP,Technology,0.000,2008
Northern Mariana Islands,MNP,Technology,0.000,2009
Northern Mariana Islands,MNP,Technology,0.000,2010
Northern Mariana Islands,MNP,Technology,0.000,2011
Northern Mariana Islands,MNP,Technology,0.000,2012
Northern Mariana Islands,MNP,Technology,0.000,2013
Northern Mariana Islands,MNP,Technology,0.000,2014
Northern Mariana Islands,MNP,Technology,0.000,2015
Northern Mariana Islands,MNP,Technology,0.000,2016
Northern Mariana Islands,MNP,Technology,0.000,2017
Northern Mariana Islands,MNP,Technology,0.000,2018
Northern Mariana Islands,MNP,Technology,0.000,2019
Northern Mariana Islands,MNP,Technology,0.000,2020
Northern Mariana Islands,MNP,Technology,0.000,2021
Northern Mariana Islands,MNP,Technology,0.000,2022
Northern Mariana Islands,MNP,Technology,0.000,2023
Northern Mariana Islands,MNP,Violence,0.000,1960
Northern Mariana Islands,MNP,Violence,0.000,1961
Northern Mariana Islands,MNP,Violence,0.000,1962
Northern Mariana Islands,MNP,Violence,0.000,1963
Northern Mariana Islands,MNP,Violence,0.000,1964
Northern Mariana Islands,MNP,Violence,0.000,1965
Northern Mariana Islands,MNP,Violence,0.000,1966
Northern Mariana Islands,MNP,Violence,0.000,1967
Northern Mariana Islands,MNP,Violence,0.000,1968
Northern Mariana Islands,MNP,Violence,0.000,1969
Northern Mariana Islands,MNP,Violence,0.000,1970
Northern Mariana Islands,MNP,Violence,0.000,1971
Northern Mariana Islands,MNP,Violence,0.000,1972
Northern Mariana Islands,MNP,Violence,0.000,1973
Northern Mariana Islands,MNP,Violence,0.000,1974
Northern Mariana Islands,MNP,Violence,0.000,1975
Northern Mariana Islands,MNP,Violence,0.000,1976
Northern Mariana Islands,MNP,Violence,0.000,1977
Northern Mariana Islands,MNP,Violence,0.000,1978
Northern Mariana Islands,MNP,Violence,0.000,1979
Northern Mariana Islands,MNP,Violence,0.000,1980
Northern Mariana Islands,MNP,Violence,0.000,1981
Northern Mariana Islands,MNP,Violence,0.000,1982
Northern Mariana Islands,MNP,Violence,0.000,1983
Northern Mariana Islands,MNP,Violence,0.000,1984
Northern Mariana Islands,MNP,Violence,0.000,1985
Northern Mariana Islands,MNP,Violence,0.000,1986
Northern Mariana Islands,MNP,Violence,0.000,1987
Northern Mariana Islands,MNP,Violence,0.000,1988
Northern Mariana Islands,MNP,Violence,0.000,1989
Northern Mariana Islands,MNP,Violence,0.000,1990
Northern Mariana Islands,MNP,Violence,0.000,1991
Northern Mariana Islands,MNP,Violence,0.000,1992
Northern Mariana Islands,MNP,Violence,0.000,1993
Northern Mariana Islands,MNP,Violence,0.000,1994
Northern Mariana Islands,MNP,Violence,0.000,1995
Northern Mariana Islands,MNP,Violence,0.000,1996
Northern Mariana Islands,MNP,Violence,0.000,1997
Northern Mariana Islands,MNP,Violence,0.000,1998
Northern Mariana Islands,MNP,Violence,0.000,1999
Northern Mariana Islands,MNP,Violence,0.000,2000
Northern Mariana Islands,MNP,Violence,0.000,2001
Northern Mariana Islands,MNP,Violence,0.000,2002
Northern Mariana Islands,MNP,Violence,0.000,2003
Northern Mariana Islands,MNP,Violence,0.000,2004
Northern Mariana Islands,MNP,Violence,0.000,2005
Northern Mariana Islands,MNP,Violence,0.000,2006
Northern Mariana Islands,MNP,Violence,0.000,2007
Northern Mariana Islands,MNP,Violence,0.000,2008
Northern Mariana Islands,MNP,Violence,0.000,2009
Northern Mariana Islands,MNP,Violence,0.000,2010
Northern Mariana Islands,MNP,Violence,0.000,2011
Northern Mariana Islands,MNP,Violence,0.000,2012
Northern Mariana Islands,MNP,Violence,0.000,2013
Northern Mariana Islands,MNP,Violence,0.000,2014
Northern Mariana Islands,MNP,Violence,0.000,2015
Northern Mariana Islands,MNP,Violence,0.000,2016
Northern Mariana Islands,MNP,Violence,0.000,2017
Northern Mariana Islands,MNP,Violence,0.000,2018
Northern Mariana Islands,MNP,Violence,0.000,2019
Northern Mariana Islands,MNP,Violence,0.000,2020
Northern Mariana Islands,MNP,Violence,0.000,2021
Northern Mariana Islands,MNP,Violence,0.000,2022
Northern Mariana Islands,MNP,Violence,0.000,2023
Northern Mariana Islands,MNP,Youth 15-24,4.587,1960
Northern Mariana Islands,MNP,Youth 15-24,4.587,1961
Northern Mariana Islands,MNP,Youth 15-24,4.587,1962
Northern Mariana Islands,MNP,Youth 15-24,4.587,1963
Northern Mariana Islands,MNP,Youth 15-24,4.587,1964
Northern Mariana Islands,MNP,Youth 15-24,4.587,1965
Northern Mariana Islands,MNP,Youth 15-24,4.587,1966
Northern Mariana Islands,MNP,Youth 15-24,4.587,1967
Northern Mariana Islands,MNP,Youth 15-24,4.587,1968
Northern Mariana Islands,MNP,Youth 15-24,4.587,1969
Northern Mariana Islands,MNP,Youth 15-24,4.587,1970
Northern Mariana Islands,MNP,Youth 15-24,4.587,1971
Northern Mariana Islands,MNP,Youth 15-24,4.587,1972
Northern Mariana Islands,MNP,Youth 15-24,4.587,1973
Northern Mariana Islands,MNP,Youth 15-24,4.587,1974
Northern Mariana Islands,MNP,Youth 15-24,4.587,1975
Northern Mariana Islands,MNP,Youth 15-24,4.587,1976
Northern Mariana Islands,MNP,Youth 15-24,4.587,1977
Northern Mariana Islands,MNP,Youth 15-24,4.587,1978
Northern Mariana Islands,MNP,Youth 15-24,4.587,1979
Northern Mariana Islands,MNP,Youth 15-24,4.587,1980
Northern Mariana Islands,MNP,Youth 15-24,4.587,1981
Northern Mariana Islands,MNP,Youth 15-24,4.587,1982
Northern Mariana Islands,MNP,Youth 15-24,4.587,1983
Northern Mariana Islands,MNP,Youth 15-24,4.587,1984
Northern Mariana Islands,MNP,Youth 15-24,7.339,1985
Northern Mariana Islands,MNP,Youth 15-24,4.587,1986
Northern Mariana Islands,MNP,Youth 15-24,4.587,1987
Northern Mariana Islands,MNP,Youth 15-24,4.587,1988
Northern Mariana Islands,MNP,Youth 15-24,4.587,1989
Northern Mariana Islands,MNP,Youth 15-24,7.339,1990
Northern Mariana Islands,MNP,Youth 15-24,4.587,1991
Northern Mariana Islands,MNP,Youth 15-24,4.587,1992
Northern Mariana Islands,MNP,Youth 15-24,4.587,1993
Northern Mariana Islands,MNP,Youth 15-24,4.587,1994
Northern Mariana Islands,MNP,Youth 15-24,7.339,1995
Northern Mariana Islands,MNP,Youth 15-24,4.587,1996
Northern Mariana Islands,MNP,Youth 15-24,4.587,1997
Northern Mariana Islands,MNP,Youth 15-24,4.587,1998
Northern Mariana Islands,MNP,Youth 15-24,4.587,1999
Northern Mariana Islands,MNP,Youth 15-24,4.587,2000
Northern Mariana Islands,MNP,Youth 15-24,4.587,2001
Northern Mariana Islands,MNP,Youth 15-24,4.587,2002
Northern Mariana Islands,MNP,Youth 15-24,11.009,2003
Northern Mariana Islands,MNP,Youth 15-24,4.587,2004
Northern Mariana Islands,MNP,Youth 15-24,4.587,2005
Northern Mariana Islands,MNP,Youth 15-24,4.587,2006
Northern Mariana Islands,MNP,Youth 15-24,4.587,2007
Northern Mariana Islands,MNP,Youth 15-24,4.587,2008
Northern Mariana Islands,MNP,Youth 15-24,4.587,2009
Northern Mariana Islands,MNP,Youth 15-24,4.587,2010
Northern Mariana Islands,MNP,Youth 15-24,4.587,2011
Northern Mariana Islands,MNP,Youth 15-24,4.587,2012
Northern Mariana Islands,MNP,Youth 15-24,4.587,2013
Northern Mariana Islands,MNP,Youth 15-24,4.587,2014
Northern Mariana Islands,MNP,Youth 15-24,4.587,2015
Northern Mariana Islands,MNP,Youth 15-24,4.587,2016
Northern Mariana Islands,MNP,Youth 15-24,4.587,2017
Northern Mariana Islands,MNP,Youth 15-24,4.587,2018
Northern Mariana Islands,MNP,Youth 15-24,4.587,2019
Northern Mariana Islands,MNP,Youth 15-24,4.587,2020
Northern Mariana Islands,MNP,Youth 15-24,4.587,2021
Northern Mariana Islands,MNP,Youth 15-24,4.587,2022
Northern Mariana Islands,MNP,Youth 15-24,3.670,2023
