Country Name,Country Code,Topic,% of available indicators,Year
Panama,PAN,Assets,0.000,1960
Panama,PAN,Assets,0.000,1961
Panama,PAN,Assets,0.000,1962
Panama,PAN,Assets,0.000,1963
Panama,PAN,Assets,0.000,1964
Panama,PAN,Assets,0.000,1965
Panama,PAN,Assets,0.000,1966
Panama,PAN,Assets,0.000,1967
Panama,PAN,Assets,0.000,1968
Panama,PAN,Assets,0.000,1969
Panama,PAN,Assets,2.208,1970
Panama,PAN,Assets,2.208,1971
Panama,PAN,Assets,2.208,1972
Panama,PAN,Assets,2.208,1973
Panama,PAN,Assets,2.208,1974
Panama,PAN,Assets,2.208,1975
Panama,PAN,Assets,2.208,1976
Panama,PAN,Assets,2.208,1977
Panama,PAN,Assets,2.208,1978
Panama,PAN,Assets,2.208,1979
Panama,PAN,Assets,2.208,1980
Panama,PAN,Assets,2.208,1981
Panama,PAN,Assets,2.208,1982
Panama,PAN,Assets,2.208,1983
Panama,PAN,Assets,2.208,1984
Panama,PAN,Assets,2.208,1985
Panama,PAN,Assets,2.208,1986
Panama,PAN,Assets,2.208,1987
Panama,PAN,Assets,2.208,1988
Panama,PAN,Assets,2.208,1989
Panama,PAN,Assets,2.208,1990
Panama,PAN,Assets,2.208,1991
Panama,PAN,Assets,2.208,1992
Panama,PAN,Assets,2.208,1993
Panama,PAN,Assets,2.208,1994
Panama,PAN,Assets,2.208,1995
Panama,PAN,Assets,2.208,1996
Panama,PAN,Assets,2.208,1997
Panama,PAN,Assets,2.208,1998
Panama,PAN,Assets,2.208,1999
Panama,PAN,Assets,2.208,2000
Panama,PAN,Assets,2.208,2001
Panama,PAN,Assets,2.208,2002
Panama,PAN,Assets,2.208,2003
Panama,PAN,Assets,2.208,2004
Panama,PAN,Assets,2.208,2005
Panama,PAN,Assets,2.208,2006
Panama,PAN,Assets,2.208,2007
Panama,PAN,Assets,2.208,2008
Panama,PAN,Assets,2.208,2009
Panama,PAN,Assets,2.208,2010
Panama,PAN,Assets,11.672,2011
Panama,PAN,Assets,2.208,2012
Panama,PAN,Assets,2.208,2013
Panama,PAN,Assets,31.546,2014
Panama,PAN,Assets,2.208,2015
Panama,PAN,Assets,2.208,2016
Panama,PAN,Assets,34.069,2017
Panama,PAN,Assets,2.208,2018
Panama,PAN,Assets,2.208,2019
Panama,PAN,Assets,2.208,2020
Panama,PAN,Assets,61.199,2021
Panama,PAN,Assets,2.208,2022
Panama,PAN,Assets,2.208,2023
Panama,PAN,Children 0-14,19.231,1960
Panama,PAN,Children 0-14,19.231,1961
Panama,PAN,Children 0-14,19.231,1962
Panama,PAN,Children 0-14,19.231,1963
Panama,PAN,Children 0-14,19.231,1964
Panama,PAN,Children 0-14,19.231,1965
Panama,PAN,Children 0-14,19.231,1966
Panama,PAN,Children 0-14,19.231,1967
Panama,PAN,Children 0-14,19.231,1968
Panama,PAN,Children 0-14,19.231,1969
Panama,PAN,Children 0-14,38.462,1970
Panama,PAN,Children 0-14,37.692,1971
Panama,PAN,Children 0-14,38.462,1972
Panama,PAN,Children 0-14,38.462,1973
Panama,PAN,Children 0-14,30.769,1974
Panama,PAN,Children 0-14,38.462,1975
Panama,PAN,Children 0-14,38.462,1976
Panama,PAN,Children 0-14,30.769,1977
Panama,PAN,Children 0-14,38.462,1978
Panama,PAN,Children 0-14,38.462,1979
Panama,PAN,Children 0-14,43.846,1980
Panama,PAN,Children 0-14,39.231,1981
Panama,PAN,Children 0-14,40.000,1982
Panama,PAN,Children 0-14,40.000,1983
Panama,PAN,Children 0-14,40.000,1984
Panama,PAN,Children 0-14,40.000,1985
Panama,PAN,Children 0-14,40.000,1986
Panama,PAN,Children 0-14,40.000,1987
Panama,PAN,Children 0-14,40.000,1988
Panama,PAN,Children 0-14,37.692,1989
Panama,PAN,Children 0-14,39.231,1990
Panama,PAN,Children 0-14,22.308,1991
Panama,PAN,Children 0-14,22.308,1992
Panama,PAN,Children 0-14,22.308,1993
Panama,PAN,Children 0-14,22.308,1994
Panama,PAN,Children 0-14,22.308,1995
Panama,PAN,Children 0-14,22.308,1996
Panama,PAN,Children 0-14,32.308,1997
Panama,PAN,Children 0-14,20.769,1998
Panama,PAN,Children 0-14,42.308,1999
Panama,PAN,Children 0-14,60.769,2000
Panama,PAN,Children 0-14,46.923,2001
Panama,PAN,Children 0-14,45.385,2002
Panama,PAN,Children 0-14,47.692,2003
Panama,PAN,Children 0-14,46.923,2004
Panama,PAN,Children 0-14,50.000,2005
Panama,PAN,Children 0-14,53.077,2006
Panama,PAN,Children 0-14,43.846,2007
Panama,PAN,Children 0-14,60.769,2008
Panama,PAN,Children 0-14,46.154,2009
Panama,PAN,Children 0-14,66.923,2010
Panama,PAN,Children 0-14,46.923,2011
Panama,PAN,Children 0-14,46.923,2012
Panama,PAN,Children 0-14,53.077,2013
Panama,PAN,Children 0-14,46.923,2014
Panama,PAN,Children 0-14,58.462,2015
Panama,PAN,Children 0-14,33.846,2016
Panama,PAN,Children 0-14,50.000,2017
Panama,PAN,Children 0-14,33.846,2018
Panama,PAN,Children 0-14,66.923,2019
Panama,PAN,Children 0-14,38.462,2020
Panama,PAN,Children 0-14,37.692,2021
Panama,PAN,Children 0-14,36.923,2022
Panama,PAN,Children 0-14,23.846,2023
Panama,PAN,Education,0.000,1960
Panama,PAN,Education,0.000,1961
Panama,PAN,Education,0.000,1962
Panama,PAN,Education,0.000,1963
Panama,PAN,Education,0.000,1964
Panama,PAN,Education,0.000,1965
Panama,PAN,Education,0.000,1966
Panama,PAN,Education,0.000,1967
Panama,PAN,Education,0.000,1968
Panama,PAN,Education,0.000,1969
Panama,PAN,Education,30.061,1970
Panama,PAN,Education,28.221,1971
Panama,PAN,Education,28.834,1972
Panama,PAN,Education,28.834,1973
Panama,PAN,Education,22.699,1974
Panama,PAN,Education,28.834,1975
Panama,PAN,Education,28.834,1976
Panama,PAN,Education,22.699,1977
Panama,PAN,Education,28.834,1978
Panama,PAN,Education,28.221,1979
Panama,PAN,Education,41.718,1980
Panama,PAN,Education,28.834,1981
Panama,PAN,Education,28.834,1982
Panama,PAN,Education,28.834,1983
Panama,PAN,Education,28.834,1984
Panama,PAN,Education,28.834,1985
Panama,PAN,Education,26.380,1986
Panama,PAN,Education,28.834,1987
Panama,PAN,Education,27.607,1988
Panama,PAN,Education,22.699,1989
Panama,PAN,Education,33.742,1990
Panama,PAN,Education,3.067,1991
Panama,PAN,Education,3.067,1992
Panama,PAN,Education,3.067,1993
Panama,PAN,Education,6.135,1994
Panama,PAN,Education,3.681,1995
Panama,PAN,Education,3.681,1996
Panama,PAN,Education,2.454,1997
Panama,PAN,Education,2.454,1998
Panama,PAN,Education,36.810,1999
Panama,PAN,Education,52.761,2000
Panama,PAN,Education,45.399,2001
Panama,PAN,Education,53.988,2002
Panama,PAN,Education,27.607,2003
Panama,PAN,Education,56.442,2004
Panama,PAN,Education,57.055,2005
Panama,PAN,Education,58.282,2006
Panama,PAN,Education,52.147,2007
Panama,PAN,Education,54.601,2008
Panama,PAN,Education,53.374,2009
Panama,PAN,Education,82.209,2010
Panama,PAN,Education,53.988,2011
Panama,PAN,Education,36.196,2012
Panama,PAN,Education,42.331,2013
Panama,PAN,Education,51.534,2014
Panama,PAN,Education,47.853,2015
Panama,PAN,Education,43.558,2016
Panama,PAN,Education,52.147,2017
Panama,PAN,Education,30.675,2018
Panama,PAN,Education,32.515,2019
Panama,PAN,Education,34.356,2020
Panama,PAN,Education,26.994,2021
Panama,PAN,Education,31.902,2022
Panama,PAN,Education,24.540,2023
Panama,PAN,Employment and Time Use,5.109,1960
Panama,PAN,Employment and Time Use,0.000,1961
Panama,PAN,Employment and Time Use,0.000,1962
Panama,PAN,Employment and Time Use,0.000,1963
Panama,PAN,Employment and Time Use,0.000,1964
Panama,PAN,Employment and Time Use,0.000,1965
Panama,PAN,Employment and Time Use,0.000,1966
Panama,PAN,Employment and Time Use,0.000,1967
Panama,PAN,Employment and Time Use,0.000,1968
Panama,PAN,Employment and Time Use,0.000,1969
Panama,PAN,Employment and Time Use,27.007,1970
Panama,PAN,Employment and Time Use,21.898,1971
Panama,PAN,Employment and Time Use,21.898,1972
Panama,PAN,Employment and Time Use,21.898,1973
Panama,PAN,Employment and Time Use,23.358,1974
Panama,PAN,Employment and Time Use,23.358,1975
Panama,PAN,Employment and Time Use,23.358,1976
Panama,PAN,Employment and Time Use,23.358,1977
Panama,PAN,Employment and Time Use,23.358,1978
Panama,PAN,Employment and Time Use,30.657,1979
Panama,PAN,Employment and Time Use,26.277,1980
Panama,PAN,Employment and Time Use,21.168,1981
Panama,PAN,Employment and Time Use,23.358,1982
Panama,PAN,Employment and Time Use,30.657,1983
Panama,PAN,Employment and Time Use,30.657,1984
Panama,PAN,Employment and Time Use,30.657,1985
Panama,PAN,Employment and Time Use,30.657,1986
Panama,PAN,Employment and Time Use,23.358,1987
Panama,PAN,Employment and Time Use,30.657,1988
Panama,PAN,Employment and Time Use,30.657,1989
Panama,PAN,Employment and Time Use,41.606,1990
Panama,PAN,Employment and Time Use,65.693,1991
Panama,PAN,Employment and Time Use,60.584,1992
Panama,PAN,Employment and Time Use,65.693,1993
Panama,PAN,Employment and Time Use,65.693,1994
Panama,PAN,Employment and Time Use,65.693,1995
Panama,PAN,Employment and Time Use,60.584,1996
Panama,PAN,Employment and Time Use,83.212,1997
Panama,PAN,Employment and Time Use,65.693,1998
Panama,PAN,Employment and Time Use,65.693,1999
Panama,PAN,Employment and Time Use,65.693,2000
Panama,PAN,Employment and Time Use,63.504,2001
Panama,PAN,Employment and Time Use,65.693,2002
Panama,PAN,Employment and Time Use,86.131,2003
Panama,PAN,Employment and Time Use,72.263,2004
Panama,PAN,Employment and Time Use,72.263,2005
Panama,PAN,Employment and Time Use,84.672,2006
Panama,PAN,Employment and Time Use,84.672,2007
Panama,PAN,Employment and Time Use,89.051,2008
Panama,PAN,Employment and Time Use,78.102,2009
Panama,PAN,Employment and Time Use,91.971,2010
Panama,PAN,Employment and Time Use,93.431,2011
Panama,PAN,Employment and Time Use,94.161,2012
Panama,PAN,Employment and Time Use,91.971,2013
Panama,PAN,Employment and Time Use,94.161,2014
Panama,PAN,Employment and Time Use,91.241,2015
Panama,PAN,Employment and Time Use,91.241,2016
Panama,PAN,Employment and Time Use,91.241,2017
Panama,PAN,Employment and Time Use,91.241,2018
Panama,PAN,Employment and Time Use,91.241,2019
Panama,PAN,Employment and Time Use,88.321,2020
Panama,PAN,Employment and Time Use,89.781,2021
Panama,PAN,Employment and Time Use,88.321,2022
Panama,PAN,Employment and Time Use,93.431,2023
Panama,PAN,Entrepreneurship,0.000,1960
Panama,PAN,Entrepreneurship,0.000,1961
Panama,PAN,Entrepreneurship,0.000,1962
Panama,PAN,Entrepreneurship,0.000,1963
Panama,PAN,Entrepreneurship,0.000,1964
Panama,PAN,Entrepreneurship,0.000,1965
Panama,PAN,Entrepreneurship,0.000,1966
Panama,PAN,Entrepreneurship,0.000,1967
Panama,PAN,Entrepreneurship,0.000,1968
Panama,PAN,Entrepreneurship,0.000,1969
Panama,PAN,Entrepreneurship,9.375,1970
Panama,PAN,Entrepreneurship,9.375,1971
Panama,PAN,Entrepreneurship,9.375,1972
Panama,PAN,Entrepreneurship,9.375,1973
Panama,PAN,Entrepreneurship,9.375,1974
Panama,PAN,Entrepreneurship,9.375,1975
Panama,PAN,Entrepreneurship,9.375,1976
Panama,PAN,Entrepreneurship,9.375,1977
Panama,PAN,Entrepreneurship,9.375,1978
Panama,PAN,Entrepreneurship,9.375,1979
Panama,PAN,Entrepreneurship,9.375,1980
Panama,PAN,Entrepreneurship,9.375,1981
Panama,PAN,Entrepreneurship,9.375,1982
Panama,PAN,Entrepreneurship,9.375,1983
Panama,PAN,Entrepreneurship,9.375,1984
Panama,PAN,Entrepreneurship,9.375,1985
Panama,PAN,Entrepreneurship,9.375,1986
Panama,PAN,Entrepreneurship,9.375,1987
Panama,PAN,Entrepreneurship,9.375,1988
Panama,PAN,Entrepreneurship,9.375,1989
Panama,PAN,Entrepreneurship,9.375,1990
Panama,PAN,Entrepreneurship,9.375,1991
Panama,PAN,Entrepreneurship,9.375,1992
Panama,PAN,Entrepreneurship,9.375,1993
Panama,PAN,Entrepreneurship,9.375,1994
Panama,PAN,Entrepreneurship,9.375,1995
Panama,PAN,Entrepreneurship,9.375,1996
Panama,PAN,Entrepreneurship,9.375,1997
Panama,PAN,Entrepreneurship,9.375,1998
Panama,PAN,Entrepreneurship,9.375,1999
Panama,PAN,Entrepreneurship,9.375,2000
Panama,PAN,Entrepreneurship,9.375,2001
Panama,PAN,Entrepreneurship,9.375,2002
Panama,PAN,Entrepreneurship,37.500,2003
Panama,PAN,Entrepreneurship,37.500,2004
Panama,PAN,Entrepreneurship,37.500,2005
Panama,PAN,Entrepreneurship,40.625,2006
Panama,PAN,Entrepreneurship,37.500,2007
Panama,PAN,Entrepreneurship,37.500,2008
Panama,PAN,Entrepreneurship,37.500,2009
Panama,PAN,Entrepreneurship,43.750,2010
Panama,PAN,Entrepreneurship,37.500,2011
Panama,PAN,Entrepreneurship,37.500,2012
Panama,PAN,Entrepreneurship,37.500,2013
Panama,PAN,Entrepreneurship,56.250,2014
Panama,PAN,Entrepreneurship,37.500,2015
Panama,PAN,Entrepreneurship,37.500,2016
Panama,PAN,Entrepreneurship,56.250,2017
Panama,PAN,Entrepreneurship,37.500,2018
Panama,PAN,Entrepreneurship,37.500,2019
Panama,PAN,Entrepreneurship,9.375,2020
Panama,PAN,Entrepreneurship,9.375,2021
Panama,PAN,Entrepreneurship,9.375,2022
Panama,PAN,Entrepreneurship,9.375,2023
Panama,PAN,Environment,0.000,1960
Panama,PAN,Environment,0.000,1961
Panama,PAN,Environment,0.000,1962
Panama,PAN,Environment,0.000,1963
Panama,PAN,Environment,0.000,1964
Panama,PAN,Environment,0.000,1965
Panama,PAN,Environment,0.000,1966
Panama,PAN,Environment,0.000,1967
Panama,PAN,Environment,0.000,1968
Panama,PAN,Environment,0.000,1969
Panama,PAN,Environment,0.000,1970
Panama,PAN,Environment,0.000,1971
Panama,PAN,Environment,0.000,1972
Panama,PAN,Environment,0.000,1973
Panama,PAN,Environment,0.000,1974
Panama,PAN,Environment,0.000,1975
Panama,PAN,Environment,0.000,1976
Panama,PAN,Environment,0.000,1977
Panama,PAN,Environment,0.000,1978
Panama,PAN,Environment,0.000,1979
Panama,PAN,Environment,0.000,1980
Panama,PAN,Environment,0.000,1981
Panama,PAN,Environment,0.000,1982
Panama,PAN,Environment,0.000,1983
Panama,PAN,Environment,0.000,1984
Panama,PAN,Environment,0.000,1985
Panama,PAN,Environment,0.000,1986
Panama,PAN,Environment,0.000,1987
Panama,PAN,Environment,0.000,1988
Panama,PAN,Environment,0.000,1989
Panama,PAN,Environment,0.000,1990
Panama,PAN,Environment,0.000,1991
Panama,PAN,Environment,0.000,1992
Panama,PAN,Environment,0.000,1993
Panama,PAN,Environment,0.000,1994
Panama,PAN,Environment,0.000,1995
Panama,PAN,Environment,0.000,1996
Panama,PAN,Environment,0.000,1997
Panama,PAN,Environment,0.000,1998
Panama,PAN,Environment,0.000,1999
Panama,PAN,Environment,10.000,2000
Panama,PAN,Environment,10.000,2001
Panama,PAN,Environment,13.333,2002
Panama,PAN,Environment,13.333,2003
Panama,PAN,Environment,13.333,2004
Panama,PAN,Environment,13.333,2005
Panama,PAN,Environment,13.333,2006
Panama,PAN,Environment,13.333,2007
Panama,PAN,Environment,13.333,2008
Panama,PAN,Environment,13.333,2009
Panama,PAN,Environment,13.333,2010
Panama,PAN,Environment,13.333,2011
Panama,PAN,Environment,13.333,2012
Panama,PAN,Environment,13.333,2013
Panama,PAN,Environment,23.333,2014
Panama,PAN,Environment,13.333,2015
Panama,PAN,Environment,13.333,2016
Panama,PAN,Environment,20.000,2017
Panama,PAN,Environment,10.000,2018
Panama,PAN,Environment,30.000,2019
Panama,PAN,Environment,10.000,2020
Panama,PAN,Environment,20.000,2021
Panama,PAN,Environment,10.000,2022
Panama,PAN,Environment,0.000,2023
Panama,PAN,Health,8.586,1960
Panama,PAN,Health,8.586,1961
Panama,PAN,Health,8.586,1962
Panama,PAN,Health,8.586,1963
Panama,PAN,Health,8.586,1964
Panama,PAN,Health,8.586,1965
Panama,PAN,Health,8.586,1966
Panama,PAN,Health,8.586,1967
Panama,PAN,Health,8.586,1968
Panama,PAN,Health,8.586,1969
Panama,PAN,Health,8.586,1970
Panama,PAN,Health,8.586,1971
Panama,PAN,Health,8.586,1972
Panama,PAN,Health,8.586,1973
Panama,PAN,Health,8.586,1974
Panama,PAN,Health,11.111,1975
Panama,PAN,Health,12.121,1976
Panama,PAN,Health,11.111,1977
Panama,PAN,Health,11.111,1978
Panama,PAN,Health,12.121,1979
Panama,PAN,Health,12.121,1980
Panama,PAN,Health,12.121,1981
Panama,PAN,Health,12.121,1982
Panama,PAN,Health,12.121,1983
Panama,PAN,Health,12.626,1984
Panama,PAN,Health,14.141,1985
Panama,PAN,Health,12.626,1986
Panama,PAN,Health,12.626,1987
Panama,PAN,Health,12.626,1988
Panama,PAN,Health,12.626,1989
Panama,PAN,Health,16.667,1990
Panama,PAN,Health,16.667,1991
Panama,PAN,Health,17.172,1992
Panama,PAN,Health,17.172,1993
Panama,PAN,Health,17.172,1994
Panama,PAN,Health,17.172,1995
Panama,PAN,Health,17.677,1996
Panama,PAN,Health,25.253,1997
Panama,PAN,Health,18.182,1998
Panama,PAN,Health,17.677,1999
Panama,PAN,Health,57.071,2000
Panama,PAN,Health,32.828,2001
Panama,PAN,Health,32.828,2002
Panama,PAN,Health,40.404,2003
Panama,PAN,Health,32.828,2004
Panama,PAN,Health,34.343,2005
Panama,PAN,Health,32.828,2006
Panama,PAN,Health,32.828,2007
Panama,PAN,Health,40.404,2008
Panama,PAN,Health,34.343,2009
Panama,PAN,Health,60.101,2010
Panama,PAN,Health,32.828,2011
Panama,PAN,Health,32.828,2012
Panama,PAN,Health,36.364,2013
Panama,PAN,Health,34.848,2014
Panama,PAN,Health,59.596,2015
Panama,PAN,Health,33.333,2016
Panama,PAN,Health,34.848,2017
Panama,PAN,Health,34.848,2018
Panama,PAN,Health,65.152,2019
Panama,PAN,Health,26.768,2020
Panama,PAN,Health,20.202,2021
Panama,PAN,Health,17.677,2022
Panama,PAN,Health,1.010,2023
Panama,PAN,Leadership,0.000,1960
Panama,PAN,Leadership,0.000,1961
Panama,PAN,Leadership,0.000,1962
Panama,PAN,Leadership,0.000,1963
Panama,PAN,Leadership,0.000,1964
Panama,PAN,Leadership,0.000,1965
Panama,PAN,Leadership,0.000,1966
Panama,PAN,Leadership,0.000,1967
Panama,PAN,Leadership,0.000,1968
Panama,PAN,Leadership,0.000,1969
Panama,PAN,Leadership,0.000,1970
Panama,PAN,Leadership,0.000,1971
Panama,PAN,Leadership,0.000,1972
Panama,PAN,Leadership,0.000,1973
Panama,PAN,Leadership,0.000,1974
Panama,PAN,Leadership,0.000,1975
Panama,PAN,Leadership,0.000,1976
Panama,PAN,Leadership,0.000,1977
Panama,PAN,Leadership,0.000,1978
Panama,PAN,Leadership,0.000,1979
Panama,PAN,Leadership,0.000,1980
Panama,PAN,Leadership,0.000,1981
Panama,PAN,Leadership,0.000,1982
Panama,PAN,Leadership,0.000,1983
Panama,PAN,Leadership,0.000,1984
Panama,PAN,Leadership,0.000,1985
Panama,PAN,Leadership,0.000,1986
Panama,PAN,Leadership,0.000,1987
Panama,PAN,Leadership,0.000,1988
Panama,PAN,Leadership,0.000,1989
Panama,PAN,Leadership,0.000,1990
Panama,PAN,Leadership,0.000,1991
Panama,PAN,Leadership,0.000,1992
Panama,PAN,Leadership,0.000,1993
Panama,PAN,Leadership,0.000,1994
Panama,PAN,Leadership,0.000,1995
Panama,PAN,Leadership,0.000,1996
Panama,PAN,Leadership,25.000,1997
Panama,PAN,Leadership,25.000,1998
Panama,PAN,Leadership,0.000,1999
Panama,PAN,Leadership,25.000,2000
Panama,PAN,Leadership,25.000,2001
Panama,PAN,Leadership,25.000,2002
Panama,PAN,Leadership,50.000,2003
Panama,PAN,Leadership,25.000,2004
Panama,PAN,Leadership,50.000,2005
Panama,PAN,Leadership,25.000,2006
Panama,PAN,Leadership,25.000,2007
Panama,PAN,Leadership,75.000,2008
Panama,PAN,Leadership,25.000,2009
Panama,PAN,Leadership,75.000,2010
Panama,PAN,Leadership,50.000,2011
Panama,PAN,Leadership,75.000,2012
Panama,PAN,Leadership,50.000,2013
Panama,PAN,Leadership,75.000,2014
Panama,PAN,Leadership,50.000,2015
Panama,PAN,Leadership,50.000,2016
Panama,PAN,Leadership,25.000,2017
Panama,PAN,Leadership,50.000,2018
Panama,PAN,Leadership,50.000,2019
Panama,PAN,Leadership,50.000,2020
Panama,PAN,Leadership,25.000,2021
Panama,PAN,Leadership,50.000,2022
Panama,PAN,Leadership,50.000,2023
Panama,PAN,Norms and Decision-making,0.000,1960
Panama,PAN,Norms and Decision-making,0.000,1961
Panama,PAN,Norms and Decision-making,0.000,1962
Panama,PAN,Norms and Decision-making,0.000,1963
Panama,PAN,Norms and Decision-making,0.000,1964
Panama,PAN,Norms and Decision-making,0.000,1965
Panama,PAN,Norms and Decision-making,0.000,1966
Panama,PAN,Norms and Decision-making,0.000,1967
Panama,PAN,Norms and Decision-making,0.000,1968
Panama,PAN,Norms and Decision-making,0.000,1969
Panama,PAN,Norms and Decision-making,14.074,1970
Panama,PAN,Norms and Decision-making,12.593,1971
Panama,PAN,Norms and Decision-making,12.593,1972
Panama,PAN,Norms and Decision-making,12.593,1973
Panama,PAN,Norms and Decision-making,12.593,1974
Panama,PAN,Norms and Decision-making,12.593,1975
Panama,PAN,Norms and Decision-making,12.593,1976
Panama,PAN,Norms and Decision-making,12.593,1977
Panama,PAN,Norms and Decision-making,12.593,1978
Panama,PAN,Norms and Decision-making,12.593,1979
Panama,PAN,Norms and Decision-making,14.074,1980
Panama,PAN,Norms and Decision-making,12.593,1981
Panama,PAN,Norms and Decision-making,12.593,1982
Panama,PAN,Norms and Decision-making,12.593,1983
Panama,PAN,Norms and Decision-making,12.593,1984
Panama,PAN,Norms and Decision-making,12.593,1985
Panama,PAN,Norms and Decision-making,12.593,1986
Panama,PAN,Norms and Decision-making,12.593,1987
Panama,PAN,Norms and Decision-making,12.593,1988
Panama,PAN,Norms and Decision-making,12.593,1989
Panama,PAN,Norms and Decision-making,14.074,1990
Panama,PAN,Norms and Decision-making,12.593,1991
Panama,PAN,Norms and Decision-making,12.593,1992
Panama,PAN,Norms and Decision-making,12.593,1993
Panama,PAN,Norms and Decision-making,12.593,1994
Panama,PAN,Norms and Decision-making,12.593,1995
Panama,PAN,Norms and Decision-making,12.593,1996
Panama,PAN,Norms and Decision-making,12.593,1997
Panama,PAN,Norms and Decision-making,12.593,1998
Panama,PAN,Norms and Decision-making,12.593,1999
Panama,PAN,Norms and Decision-making,14.074,2000
Panama,PAN,Norms and Decision-making,12.593,2001
Panama,PAN,Norms and Decision-making,12.593,2002
Panama,PAN,Norms and Decision-making,12.593,2003
Panama,PAN,Norms and Decision-making,12.593,2004
Panama,PAN,Norms and Decision-making,12.593,2005
Panama,PAN,Norms and Decision-making,12.593,2006
Panama,PAN,Norms and Decision-making,12.593,2007
Panama,PAN,Norms and Decision-making,12.593,2008
Panama,PAN,Norms and Decision-making,12.593,2009
Panama,PAN,Norms and Decision-making,14.074,2010
Panama,PAN,Norms and Decision-making,12.593,2011
Panama,PAN,Norms and Decision-making,12.593,2012
Panama,PAN,Norms and Decision-making,15.556,2013
Panama,PAN,Norms and Decision-making,13.333,2014
Panama,PAN,Norms and Decision-making,12.593,2015
Panama,PAN,Norms and Decision-making,12.593,2016
Panama,PAN,Norms and Decision-making,12.593,2017
Panama,PAN,Norms and Decision-making,12.593,2018
Panama,PAN,Norms and Decision-making,12.593,2019
Panama,PAN,Norms and Decision-making,12.593,2020
Panama,PAN,Norms and Decision-making,12.593,2021
Panama,PAN,Norms and Decision-making,12.593,2022
Panama,PAN,Norms and Decision-making,12.593,2023
Panama,PAN,Population,86.905,1960
Panama,PAN,Population,86.905,1961
Panama,PAN,Population,86.905,1962
Panama,PAN,Population,86.905,1963
Panama,PAN,Population,86.905,1964
Panama,PAN,Population,86.905,1965
Panama,PAN,Population,86.905,1966
Panama,PAN,Population,86.905,1967
Panama,PAN,Population,86.905,1968
Panama,PAN,Population,86.905,1969
Panama,PAN,Population,89.286,1970
Panama,PAN,Population,86.905,1971
Panama,PAN,Population,86.905,1972
Panama,PAN,Population,86.905,1973
Panama,PAN,Population,86.905,1974
Panama,PAN,Population,86.905,1975
Panama,PAN,Population,86.905,1976
Panama,PAN,Population,86.905,1977
Panama,PAN,Population,86.905,1978
Panama,PAN,Population,86.905,1979
Panama,PAN,Population,94.048,1980
Panama,PAN,Population,86.905,1981
Panama,PAN,Population,86.905,1982
Panama,PAN,Population,86.905,1983
Panama,PAN,Population,86.905,1984
Panama,PAN,Population,91.667,1985
Panama,PAN,Population,86.905,1986
Panama,PAN,Population,86.905,1987
Panama,PAN,Population,86.905,1988
Panama,PAN,Population,86.905,1989
Panama,PAN,Population,95.238,1990
Panama,PAN,Population,86.905,1991
Panama,PAN,Population,86.905,1992
Panama,PAN,Population,86.905,1993
Panama,PAN,Population,86.905,1994
Panama,PAN,Population,92.857,1995
Panama,PAN,Population,86.905,1996
Panama,PAN,Population,86.905,1997
Panama,PAN,Population,86.905,1998
Panama,PAN,Population,86.905,1999
Panama,PAN,Population,95.238,2000
Panama,PAN,Population,86.905,2001
Panama,PAN,Population,86.905,2002
Panama,PAN,Population,86.905,2003
Panama,PAN,Population,86.905,2004
Panama,PAN,Population,92.857,2005
Panama,PAN,Population,86.905,2006
Panama,PAN,Population,86.905,2007
Panama,PAN,Population,86.905,2008
Panama,PAN,Population,86.905,2009
Panama,PAN,Population,95.238,2010
Panama,PAN,Population,86.905,2011
Panama,PAN,Population,86.905,2012
Panama,PAN,Population,89.286,2013
Panama,PAN,Population,86.905,2014
Panama,PAN,Population,92.857,2015
Panama,PAN,Population,86.905,2016
Panama,PAN,Population,86.905,2017
Panama,PAN,Population,86.905,2018
Panama,PAN,Population,90.476,2019
Panama,PAN,Population,88.095,2020
Panama,PAN,Population,86.905,2021
Panama,PAN,Population,86.905,2022
Panama,PAN,Population,77.381,2023
Panama,PAN,SDGs,2.685,1960
Panama,PAN,SDGs,2.685,1961
Panama,PAN,SDGs,2.685,1962
Panama,PAN,SDGs,2.685,1963
Panama,PAN,SDGs,2.685,1964
Panama,PAN,SDGs,2.685,1965
Panama,PAN,SDGs,2.685,1966
Panama,PAN,SDGs,2.685,1967
Panama,PAN,SDGs,2.685,1968
Panama,PAN,SDGs,2.685,1969
Panama,PAN,SDGs,12.081,1970
Panama,PAN,SDGs,12.081,1971
Panama,PAN,SDGs,12.081,1972
Panama,PAN,SDGs,12.081,1973
Panama,PAN,SDGs,13.423,1974
Panama,PAN,SDGs,13.423,1975
Panama,PAN,SDGs,13.423,1976
Panama,PAN,SDGs,13.423,1977
Panama,PAN,SDGs,13.423,1978
Panama,PAN,SDGs,13.423,1979
Panama,PAN,SDGs,12.081,1980
Panama,PAN,SDGs,12.081,1981
Panama,PAN,SDGs,14.094,1982
Panama,PAN,SDGs,14.094,1983
Panama,PAN,SDGs,14.094,1984
Panama,PAN,SDGs,14.765,1985
Panama,PAN,SDGs,14.765,1986
Panama,PAN,SDGs,14.765,1987
Panama,PAN,SDGs,14.765,1988
Panama,PAN,SDGs,14.765,1989
Panama,PAN,SDGs,20.134,1990
Panama,PAN,SDGs,22.148,1991
Panama,PAN,SDGs,22.819,1992
Panama,PAN,SDGs,22.819,1993
Panama,PAN,SDGs,22.819,1994
Panama,PAN,SDGs,22.819,1995
Panama,PAN,SDGs,23.490,1996
Panama,PAN,SDGs,24.161,1997
Panama,PAN,SDGs,24.161,1998
Panama,PAN,SDGs,23.490,1999
Panama,PAN,SDGs,69.128,2000
Panama,PAN,SDGs,36.913,2001
Panama,PAN,SDGs,36.913,2002
Panama,PAN,SDGs,36.913,2003
Panama,PAN,SDGs,36.913,2004
Panama,PAN,SDGs,38.926,2005
Panama,PAN,SDGs,38.926,2006
Panama,PAN,SDGs,36.913,2007
Panama,PAN,SDGs,38.926,2008
Panama,PAN,SDGs,37.584,2009
Panama,PAN,SDGs,71.141,2010
Panama,PAN,SDGs,42.282,2011
Panama,PAN,SDGs,38.926,2012
Panama,PAN,SDGs,42.282,2013
Panama,PAN,SDGs,41.611,2014
Panama,PAN,SDGs,71.141,2015
Panama,PAN,SDGs,38.926,2016
Panama,PAN,SDGs,40.268,2017
Panama,PAN,SDGs,41.611,2018
Panama,PAN,SDGs,74.497,2019
Panama,PAN,SDGs,31.544,2020
Panama,PAN,SDGs,28.859,2021
Panama,PAN,SDGs,26.846,2022
Panama,PAN,SDGs,18.121,2023
Panama,PAN,Technology,0.000,1960
Panama,PAN,Technology,0.000,1961
Panama,PAN,Technology,0.000,1962
Panama,PAN,Technology,0.000,1963
Panama,PAN,Technology,0.000,1964
Panama,PAN,Technology,0.000,1965
Panama,PAN,Technology,0.000,1966
Panama,PAN,Technology,0.000,1967
Panama,PAN,Technology,0.000,1968
Panama,PAN,Technology,0.000,1969
Panama,PAN,Technology,0.000,1970
Panama,PAN,Technology,0.000,1971
Panama,PAN,Technology,0.000,1972
Panama,PAN,Technology,0.000,1973
Panama,PAN,Technology,0.000,1974
Panama,PAN,Technology,0.000,1975
Panama,PAN,Technology,0.000,1976
Panama,PAN,Technology,0.000,1977
Panama,PAN,Technology,0.000,1978
Panama,PAN,Technology,0.000,1979
Panama,PAN,Technology,0.000,1980
Panama,PAN,Technology,0.000,1981
Panama,PAN,Technology,0.000,1982
Panama,PAN,Technology,0.000,1983
Panama,PAN,Technology,0.000,1984
Panama,PAN,Technology,0.000,1985
Panama,PAN,Technology,0.000,1986
Panama,PAN,Technology,0.000,1987
Panama,PAN,Technology,0.000,1988
Panama,PAN,Technology,0.000,1989
Panama,PAN,Technology,2.222,1990
Panama,PAN,Technology,2.222,1991
Panama,PAN,Technology,2.222,1992
Panama,PAN,Technology,2.222,1993
Panama,PAN,Technology,2.222,1994
Panama,PAN,Technology,2.222,1995
Panama,PAN,Technology,2.222,1996
Panama,PAN,Technology,2.222,1997
Panama,PAN,Technology,2.222,1998
Panama,PAN,Technology,2.222,1999
Panama,PAN,Technology,2.222,2000
Panama,PAN,Technology,2.222,2001
Panama,PAN,Technology,8.889,2002
Panama,PAN,Technology,8.889,2003
Panama,PAN,Technology,8.889,2004
Panama,PAN,Technology,8.889,2005
Panama,PAN,Technology,8.889,2006
Panama,PAN,Technology,8.889,2007
Panama,PAN,Technology,8.889,2008
Panama,PAN,Technology,8.889,2009
Panama,PAN,Technology,8.889,2010
Panama,PAN,Technology,15.556,2011
Panama,PAN,Technology,8.889,2012
Panama,PAN,Technology,4.444,2013
Panama,PAN,Technology,42.222,2014
Panama,PAN,Technology,13.333,2015
Panama,PAN,Technology,8.889,2016
Panama,PAN,Technology,60.000,2017
Panama,PAN,Technology,6.667,2018
Panama,PAN,Technology,6.667,2019
Panama,PAN,Technology,2.222,2020
Panama,PAN,Technology,68.889,2021
Panama,PAN,Technology,2.222,2022
Panama,PAN,Technology,0.000,2023
Panama,PAN,Violence,0.000,1960
Panama,PAN,Violence,0.000,1961
Panama,PAN,Violence,0.000,1962
Panama,PAN,Violence,0.000,1963
Panama,PAN,Violence,0.000,1964
Panama,PAN,Violence,0.000,1965
Panama,PAN,Violence,0.000,1966
Panama,PAN,Violence,0.000,1967
Panama,PAN,Violence,0.000,1968
Panama,PAN,Violence,0.000,1969
Panama,PAN,Violence,2.143,1970
Panama,PAN,Violence,2.143,1971
Panama,PAN,Violence,2.143,1972
Panama,PAN,Violence,2.143,1973
Panama,PAN,Violence,2.143,1974
Panama,PAN,Violence,2.143,1975
Panama,PAN,Violence,2.143,1976
Panama,PAN,Violence,2.143,1977
Panama,PAN,Violence,2.143,1978
Panama,PAN,Violence,2.143,1979
Panama,PAN,Violence,2.143,1980
Panama,PAN,Violence,2.143,1981
Panama,PAN,Violence,2.143,1982
Panama,PAN,Violence,2.143,1983
Panama,PAN,Violence,2.143,1984
Panama,PAN,Violence,2.143,1985
Panama,PAN,Violence,2.143,1986
Panama,PAN,Violence,2.143,1987
Panama,PAN,Violence,2.143,1988
Panama,PAN,Violence,2.143,1989
Panama,PAN,Violence,2.857,1990
Panama,PAN,Violence,2.857,1991
Panama,PAN,Violence,2.857,1992
Panama,PAN,Violence,2.857,1993
Panama,PAN,Violence,2.857,1994
Panama,PAN,Violence,2.857,1995
Panama,PAN,Violence,4.286,1996
Panama,PAN,Violence,4.286,1997
Panama,PAN,Violence,4.286,1998
Panama,PAN,Violence,4.286,1999
Panama,PAN,Violence,6.429,2000
Panama,PAN,Violence,6.429,2001
Panama,PAN,Violence,6.429,2002
Panama,PAN,Violence,6.429,2003
Panama,PAN,Violence,6.429,2004
Panama,PAN,Violence,6.429,2005
Panama,PAN,Violence,6.429,2006
Panama,PAN,Violence,6.429,2007
Panama,PAN,Violence,6.429,2008
Panama,PAN,Violence,7.143,2009
Panama,PAN,Violence,6.429,2010
Panama,PAN,Violence,6.429,2011
Panama,PAN,Violence,6.429,2012
Panama,PAN,Violence,7.857,2013
Panama,PAN,Violence,6.429,2014
Panama,PAN,Violence,6.429,2015
Panama,PAN,Violence,6.429,2016
Panama,PAN,Violence,6.429,2017
Panama,PAN,Violence,9.286,2018
Panama,PAN,Violence,6.429,2019
Panama,PAN,Violence,4.286,2020
Panama,PAN,Violence,4.286,2021
Panama,PAN,Violence,2.143,2022
Panama,PAN,Violence,2.143,2023
Panama,PAN,Youth 15-24,7.339,1960
Panama,PAN,Youth 15-24,4.587,1961
Panama,PAN,Youth 15-24,4.587,1962
Panama,PAN,Youth 15-24,4.587,1963
Panama,PAN,Youth 15-24,4.587,1964
Panama,PAN,Youth 15-24,4.587,1965
Panama,PAN,Youth 15-24,4.587,1966
Panama,PAN,Youth 15-24,4.587,1967
Panama,PAN,Youth 15-24,4.587,1968
Panama,PAN,Youth 15-24,4.587,1969
Panama,PAN,Youth 15-24,22.936,1970
Panama,PAN,Youth 15-24,19.266,1971
Panama,PAN,Youth 15-24,19.266,1972
Panama,PAN,Youth 15-24,19.266,1973
Panama,PAN,Youth 15-24,19.266,1974
Panama,PAN,Youth 15-24,19.266,1975
Panama,PAN,Youth 15-24,19.266,1976
Panama,PAN,Youth 15-24,19.266,1977
Panama,PAN,Youth 15-24,19.266,1978
Panama,PAN,Youth 15-24,21.101,1979
Panama,PAN,Youth 15-24,33.945,1980
Panama,PAN,Youth 15-24,19.266,1981
Panama,PAN,Youth 15-24,19.266,1982
Panama,PAN,Youth 15-24,22.018,1983
Panama,PAN,Youth 15-24,22.018,1984
Panama,PAN,Youth 15-24,22.018,1985
Panama,PAN,Youth 15-24,19.266,1986
Panama,PAN,Youth 15-24,19.266,1987
Panama,PAN,Youth 15-24,21.101,1988
Panama,PAN,Youth 15-24,18.349,1989
Panama,PAN,Youth 15-24,42.202,1990
Panama,PAN,Youth 15-24,22.936,1991
Panama,PAN,Youth 15-24,20.183,1992
Panama,PAN,Youth 15-24,22.936,1993
Panama,PAN,Youth 15-24,25.688,1994
Panama,PAN,Youth 15-24,22.936,1995
Panama,PAN,Youth 15-24,22.936,1996
Panama,PAN,Youth 15-24,23.853,1997
Panama,PAN,Youth 15-24,24.771,1998
Panama,PAN,Youth 15-24,43.119,1999
Panama,PAN,Youth 15-24,58.716,2000
Panama,PAN,Youth 15-24,46.789,2001
Panama,PAN,Youth 15-24,64.220,2002
Panama,PAN,Youth 15-24,44.954,2003
Panama,PAN,Youth 15-24,66.055,2004
Panama,PAN,Youth 15-24,66.055,2005
Panama,PAN,Youth 15-24,64.220,2006
Panama,PAN,Youth 15-24,64.220,2007
Panama,PAN,Youth 15-24,68.807,2008
Panama,PAN,Youth 15-24,65.138,2009
Panama,PAN,Youth 15-24,87.156,2010
Panama,PAN,Youth 15-24,68.807,2011
Panama,PAN,Youth 15-24,48.624,2012
Panama,PAN,Youth 15-24,53.211,2013
Panama,PAN,Youth 15-24,64.220,2014
Panama,PAN,Youth 15-24,64.220,2015
Panama,PAN,Youth 15-24,70.642,2016
Panama,PAN,Youth 15-24,55.046,2017
Panama,PAN,Youth 15-24,40.367,2018
Panama,PAN,Youth 15-24,44.954,2019
Panama,PAN,Youth 15-24,42.202,2020
Panama,PAN,Youth 15-24,45.872,2021
Panama,PAN,Youth 15-24,48.624,2022
Panama,PAN,Youth 15-24,35.780,2023
