Country Name,Country Code,Topic,% of available indicators,Year
Puerto Rico,PRI,Assets,0.000,1960
Puerto Rico,PRI,Assets,0.000,1961
Puerto Rico,PRI,Assets,0.000,1962
Puerto Rico,PRI,Assets,0.000,1963
Puerto Rico,PRI,Assets,0.000,1964
Puerto Rico,PRI,Assets,0.000,1965
Puerto Rico,PRI,Assets,0.000,1966
Puerto Rico,PRI,Assets,0.000,1967
Puerto Rico,PRI,Assets,0.000,1968
Puerto Rico,PRI,Assets,0.000,1969
Puerto Rico,PRI,Assets,2.208,1970
Puerto Rico,PRI,Assets,2.208,1971
Puerto Rico,PRI,Assets,2.208,1972
Puerto Rico,PRI,Assets,2.208,1973
Puerto Rico,PRI,Assets,2.208,1974
Puerto Rico,PRI,Assets,2.208,1975
Puerto Rico,PRI,Assets,2.208,1976
Puerto Rico,PRI,Assets,2.208,1977
Puerto Rico,PRI,Assets,2.208,1978
Puerto Rico,PRI,Assets,2.208,1979
Puerto Rico,PRI,Assets,2.208,1980
Puerto Rico,PRI,Assets,2.208,1981
Puerto Rico,PRI,Assets,2.208,1982
Puerto Rico,PRI,Assets,2.208,1983
Puerto Rico,PRI,Assets,2.208,1984
Puerto Rico,PRI,Assets,2.208,1985
Puerto Rico,PRI,Assets,2.208,1986
Puerto Rico,PRI,Assets,2.208,1987
Puerto Rico,PRI,Assets,2.208,1988
Puerto Rico,PRI,Assets,2.208,1989
Puerto Rico,PRI,Assets,2.208,1990
Puerto Rico,PRI,Assets,2.208,1991
Puerto Rico,PRI,Assets,2.208,1992
Puerto Rico,PRI,Assets,2.208,1993
Puerto Rico,PRI,Assets,2.208,1994
Puerto Rico,PRI,Assets,2.208,1995
Puerto Rico,PRI,Assets,2.208,1996
Puerto Rico,PRI,Assets,2.208,1997
Puerto Rico,PRI,Assets,2.208,1998
Puerto Rico,PRI,Assets,2.208,1999
Puerto Rico,PRI,Assets,2.208,2000
Puerto Rico,PRI,Assets,2.208,2001
Puerto Rico,PRI,Assets,2.208,2002
Puerto Rico,PRI,Assets,2.208,2003
Puerto Rico,PRI,Assets,2.208,2004
Puerto Rico,PRI,Assets,2.208,2005
Puerto Rico,PRI,Assets,2.208,2006
Puerto Rico,PRI,Assets,2.208,2007
Puerto Rico,PRI,Assets,2.208,2008
Puerto Rico,PRI,Assets,2.208,2009
Puerto Rico,PRI,Assets,2.208,2010
Puerto Rico,PRI,Assets,2.208,2011
Puerto Rico,PRI,Assets,2.208,2012
Puerto Rico,PRI,Assets,2.208,2013
Puerto Rico,PRI,Assets,30.599,2014
Puerto Rico,PRI,Assets,2.208,2015
Puerto Rico,PRI,Assets,2.208,2016
Puerto Rico,PRI,Assets,2.208,2017
Puerto Rico,PRI,Assets,2.208,2018
Puerto Rico,PRI,Assets,2.208,2019
Puerto Rico,PRI,Assets,2.208,2020
Puerto Rico,PRI,Assets,2.208,2021
Puerto Rico,PRI,Assets,2.208,2022
Puerto Rico,PRI,Assets,2.208,2023
Puerto Rico,PRI,Children 0-14,10.769,1960
Puerto Rico,PRI,Children 0-14,10.769,1961
Puerto Rico,PRI,Children 0-14,10.769,1962
Puerto Rico,PRI,Children 0-14,10.769,1963
Puerto Rico,PRI,Children 0-14,10.769,1964
Puerto Rico,PRI,Children 0-14,10.769,1965
Puerto Rico,PRI,Children 0-14,10.769,1966
Puerto Rico,PRI,Children 0-14,10.769,1967
Puerto Rico,PRI,Children 0-14,10.769,1968
Puerto Rico,PRI,Children 0-14,10.769,1969
Puerto Rico,PRI,Children 0-14,15.385,1970
Puerto Rico,PRI,Children 0-14,12.308,1971
Puerto Rico,PRI,Children 0-14,12.308,1972
Puerto Rico,PRI,Children 0-14,12.308,1973
Puerto Rico,PRI,Children 0-14,12.308,1974
Puerto Rico,PRI,Children 0-14,12.308,1975
Puerto Rico,PRI,Children 0-14,12.308,1976
Puerto Rico,PRI,Children 0-14,11.538,1977
Puerto Rico,PRI,Children 0-14,10.769,1978
Puerto Rico,PRI,Children 0-14,10.769,1979
Puerto Rico,PRI,Children 0-14,15.385,1980
Puerto Rico,PRI,Children 0-14,10.769,1981
Puerto Rico,PRI,Children 0-14,11.538,1982
Puerto Rico,PRI,Children 0-14,10.769,1983
Puerto Rico,PRI,Children 0-14,10.769,1984
Puerto Rico,PRI,Children 0-14,10.769,1985
Puerto Rico,PRI,Children 0-14,10.769,1986
Puerto Rico,PRI,Children 0-14,10.769,1987
Puerto Rico,PRI,Children 0-14,10.769,1988
Puerto Rico,PRI,Children 0-14,10.769,1989
Puerto Rico,PRI,Children 0-14,13.077,1990
Puerto Rico,PRI,Children 0-14,10.769,1991
Puerto Rico,PRI,Children 0-14,10.769,1992
Puerto Rico,PRI,Children 0-14,10.769,1993
Puerto Rico,PRI,Children 0-14,10.769,1994
Puerto Rico,PRI,Children 0-14,10.769,1995
Puerto Rico,PRI,Children 0-14,10.769,1996
Puerto Rico,PRI,Children 0-14,10.769,1997
Puerto Rico,PRI,Children 0-14,10.769,1998
Puerto Rico,PRI,Children 0-14,10.769,1999
Puerto Rico,PRI,Children 0-14,15.385,2000
Puerto Rico,PRI,Children 0-14,10.769,2001
Puerto Rico,PRI,Children 0-14,10.769,2002
Puerto Rico,PRI,Children 0-14,10.769,2003
Puerto Rico,PRI,Children 0-14,10.769,2004
Puerto Rico,PRI,Children 0-14,10.769,2005
Puerto Rico,PRI,Children 0-14,10.769,2006
Puerto Rico,PRI,Children 0-14,10.769,2007
Puerto Rico,PRI,Children 0-14,10.769,2008
Puerto Rico,PRI,Children 0-14,19.231,2009
Puerto Rico,PRI,Children 0-14,29.231,2010
Puerto Rico,PRI,Children 0-14,31.538,2011
Puerto Rico,PRI,Children 0-14,33.846,2012
Puerto Rico,PRI,Children 0-14,33.077,2013
Puerto Rico,PRI,Children 0-14,33.846,2014
Puerto Rico,PRI,Children 0-14,36.923,2015
Puerto Rico,PRI,Children 0-14,31.538,2016
Puerto Rico,PRI,Children 0-14,15.385,2017
Puerto Rico,PRI,Children 0-14,18.462,2018
Puerto Rico,PRI,Children 0-14,10.769,2019
Puerto Rico,PRI,Children 0-14,10.769,2020
Puerto Rico,PRI,Children 0-14,10.769,2021
Puerto Rico,PRI,Children 0-14,10.769,2022
Puerto Rico,PRI,Children 0-14,17.692,2023
Puerto Rico,PRI,Education,0.000,1960
Puerto Rico,PRI,Education,0.000,1961
Puerto Rico,PRI,Education,0.000,1962
Puerto Rico,PRI,Education,0.000,1963
Puerto Rico,PRI,Education,0.000,1964
Puerto Rico,PRI,Education,0.000,1965
Puerto Rico,PRI,Education,0.000,1966
Puerto Rico,PRI,Education,0.000,1967
Puerto Rico,PRI,Education,0.000,1968
Puerto Rico,PRI,Education,0.000,1969
Puerto Rico,PRI,Education,7.362,1970
Puerto Rico,PRI,Education,4.294,1971
Puerto Rico,PRI,Education,4.294,1972
Puerto Rico,PRI,Education,4.294,1973
Puerto Rico,PRI,Education,4.294,1974
Puerto Rico,PRI,Education,4.294,1975
Puerto Rico,PRI,Education,4.294,1976
Puerto Rico,PRI,Education,3.681,1977
Puerto Rico,PRI,Education,3.067,1978
Puerto Rico,PRI,Education,2.454,1979
Puerto Rico,PRI,Education,16.564,1980
Puerto Rico,PRI,Education,2.454,1981
Puerto Rico,PRI,Education,3.067,1982
Puerto Rico,PRI,Education,2.454,1983
Puerto Rico,PRI,Education,2.454,1984
Puerto Rico,PRI,Education,2.454,1985
Puerto Rico,PRI,Education,2.454,1986
Puerto Rico,PRI,Education,2.454,1987
Puerto Rico,PRI,Education,2.454,1988
Puerto Rico,PRI,Education,2.454,1989
Puerto Rico,PRI,Education,12.883,1990
Puerto Rico,PRI,Education,2.454,1991
Puerto Rico,PRI,Education,2.454,1992
Puerto Rico,PRI,Education,2.454,1993
Puerto Rico,PRI,Education,2.454,1994
Puerto Rico,PRI,Education,2.454,1995
Puerto Rico,PRI,Education,0.000,1996
Puerto Rico,PRI,Education,0.000,1997
Puerto Rico,PRI,Education,0.000,1998
Puerto Rico,PRI,Education,0.000,1999
Puerto Rico,PRI,Education,9.202,2000
Puerto Rico,PRI,Education,0.000,2001
Puerto Rico,PRI,Education,0.000,2002
Puerto Rico,PRI,Education,0.000,2003
Puerto Rico,PRI,Education,0.000,2004
Puerto Rico,PRI,Education,5.521,2005
Puerto Rico,PRI,Education,5.521,2006
Puerto Rico,PRI,Education,7.975,2007
Puerto Rico,PRI,Education,15.951,2008
Puerto Rico,PRI,Education,25.153,2009
Puerto Rico,PRI,Education,33.129,2010
Puerto Rico,PRI,Education,44.785,2011
Puerto Rico,PRI,Education,47.853,2012
Puerto Rico,PRI,Education,42.331,2013
Puerto Rico,PRI,Education,50.307,2014
Puerto Rico,PRI,Education,47.853,2015
Puerto Rico,PRI,Education,43.558,2016
Puerto Rico,PRI,Education,21.472,2017
Puerto Rico,PRI,Education,15.951,2018
Puerto Rico,PRI,Education,0.000,2019
Puerto Rico,PRI,Education,0.000,2020
Puerto Rico,PRI,Education,4.294,2021
Puerto Rico,PRI,Education,0.000,2022
Puerto Rico,PRI,Education,15.337,2023
Puerto Rico,PRI,Employment and Time Use,5.109,1960
Puerto Rico,PRI,Employment and Time Use,0.000,1961
Puerto Rico,PRI,Employment and Time Use,0.000,1962
Puerto Rico,PRI,Employment and Time Use,0.000,1963
Puerto Rico,PRI,Employment and Time Use,0.000,1964
Puerto Rico,PRI,Employment and Time Use,0.000,1965
Puerto Rico,PRI,Employment and Time Use,0.000,1966
Puerto Rico,PRI,Employment and Time Use,0.000,1967
Puerto Rico,PRI,Employment and Time Use,0.000,1968
Puerto Rico,PRI,Employment and Time Use,0.000,1969
Puerto Rico,PRI,Employment and Time Use,26.277,1970
Puerto Rico,PRI,Employment and Time Use,23.358,1971
Puerto Rico,PRI,Employment and Time Use,23.358,1972
Puerto Rico,PRI,Employment and Time Use,23.358,1973
Puerto Rico,PRI,Employment and Time Use,23.358,1974
Puerto Rico,PRI,Employment and Time Use,21.168,1975
Puerto Rico,PRI,Employment and Time Use,33.577,1976
Puerto Rico,PRI,Employment and Time Use,33.577,1977
Puerto Rico,PRI,Employment and Time Use,33.577,1978
Puerto Rico,PRI,Employment and Time Use,33.577,1979
Puerto Rico,PRI,Employment and Time Use,27.007,1980
Puerto Rico,PRI,Employment and Time Use,33.577,1981
Puerto Rico,PRI,Employment and Time Use,33.577,1982
Puerto Rico,PRI,Employment and Time Use,33.577,1983
Puerto Rico,PRI,Employment and Time Use,33.577,1984
Puerto Rico,PRI,Employment and Time Use,33.577,1985
Puerto Rico,PRI,Employment and Time Use,33.577,1986
Puerto Rico,PRI,Employment and Time Use,33.577,1987
Puerto Rico,PRI,Employment and Time Use,33.577,1988
Puerto Rico,PRI,Employment and Time Use,21.898,1989
Puerto Rico,PRI,Employment and Time Use,43.796,1990
Puerto Rico,PRI,Employment and Time Use,68.613,1991
Puerto Rico,PRI,Employment and Time Use,68.613,1992
Puerto Rico,PRI,Employment and Time Use,68.613,1993
Puerto Rico,PRI,Employment and Time Use,56.934,1994
Puerto Rico,PRI,Employment and Time Use,68.613,1995
Puerto Rico,PRI,Employment and Time Use,68.613,1996
Puerto Rico,PRI,Employment and Time Use,68.613,1997
Puerto Rico,PRI,Employment and Time Use,68.613,1998
Puerto Rico,PRI,Employment and Time Use,68.613,1999
Puerto Rico,PRI,Employment and Time Use,68.613,2000
Puerto Rico,PRI,Employment and Time Use,56.934,2001
Puerto Rico,PRI,Employment and Time Use,68.613,2002
Puerto Rico,PRI,Employment and Time Use,68.613,2003
Puerto Rico,PRI,Employment and Time Use,68.613,2004
Puerto Rico,PRI,Employment and Time Use,68.613,2005
Puerto Rico,PRI,Employment and Time Use,68.613,2006
Puerto Rico,PRI,Employment and Time Use,68.613,2007
Puerto Rico,PRI,Employment and Time Use,68.613,2008
Puerto Rico,PRI,Employment and Time Use,59.854,2009
Puerto Rico,PRI,Employment and Time Use,67.883,2010
Puerto Rico,PRI,Employment and Time Use,67.883,2011
Puerto Rico,PRI,Employment and Time Use,67.883,2012
Puerto Rico,PRI,Employment and Time Use,56.934,2013
Puerto Rico,PRI,Employment and Time Use,56.934,2014
Puerto Rico,PRI,Employment and Time Use,72.263,2015
Puerto Rico,PRI,Employment and Time Use,56.934,2016
Puerto Rico,PRI,Employment and Time Use,56.934,2017
Puerto Rico,PRI,Employment and Time Use,56.934,2018
Puerto Rico,PRI,Employment and Time Use,56.934,2019
Puerto Rico,PRI,Employment and Time Use,56.204,2020
Puerto Rico,PRI,Employment and Time Use,56.934,2021
Puerto Rico,PRI,Employment and Time Use,56.934,2022
Puerto Rico,PRI,Employment and Time Use,59.124,2023
Puerto Rico,PRI,Entrepreneurship,0.000,1960
Puerto Rico,PRI,Entrepreneurship,0.000,1961
Puerto Rico,PRI,Entrepreneurship,0.000,1962
Puerto Rico,PRI,Entrepreneurship,0.000,1963
Puerto Rico,PRI,Entrepreneurship,0.000,1964
Puerto Rico,PRI,Entrepreneurship,0.000,1965
Puerto Rico,PRI,Entrepreneurship,0.000,1966
Puerto Rico,PRI,Entrepreneurship,0.000,1967
Puerto Rico,PRI,Entrepreneurship,0.000,1968
Puerto Rico,PRI,Entrepreneurship,0.000,1969
Puerto Rico,PRI,Entrepreneurship,9.375,1970
Puerto Rico,PRI,Entrepreneurship,9.375,1971
Puerto Rico,PRI,Entrepreneurship,9.375,1972
Puerto Rico,PRI,Entrepreneurship,9.375,1973
Puerto Rico,PRI,Entrepreneurship,9.375,1974
Puerto Rico,PRI,Entrepreneurship,9.375,1975
Puerto Rico,PRI,Entrepreneurship,9.375,1976
Puerto Rico,PRI,Entrepreneurship,9.375,1977
Puerto Rico,PRI,Entrepreneurship,9.375,1978
Puerto Rico,PRI,Entrepreneurship,9.375,1979
Puerto Rico,PRI,Entrepreneurship,9.375,1980
Puerto Rico,PRI,Entrepreneurship,9.375,1981
Puerto Rico,PRI,Entrepreneurship,9.375,1982
Puerto Rico,PRI,Entrepreneurship,9.375,1983
Puerto Rico,PRI,Entrepreneurship,9.375,1984
Puerto Rico,PRI,Entrepreneurship,9.375,1985
Puerto Rico,PRI,Entrepreneurship,9.375,1986
Puerto Rico,PRI,Entrepreneurship,9.375,1987
Puerto Rico,PRI,Entrepreneurship,9.375,1988
Puerto Rico,PRI,Entrepreneurship,9.375,1989
Puerto Rico,PRI,Entrepreneurship,9.375,1990
Puerto Rico,PRI,Entrepreneurship,9.375,1991
Puerto Rico,PRI,Entrepreneurship,9.375,1992
Puerto Rico,PRI,Entrepreneurship,9.375,1993
Puerto Rico,PRI,Entrepreneurship,9.375,1994
Puerto Rico,PRI,Entrepreneurship,9.375,1995
Puerto Rico,PRI,Entrepreneurship,9.375,1996
Puerto Rico,PRI,Entrepreneurship,9.375,1997
Puerto Rico,PRI,Entrepreneurship,9.375,1998
Puerto Rico,PRI,Entrepreneurship,9.375,1999
Puerto Rico,PRI,Entrepreneurship,9.375,2000
Puerto Rico,PRI,Entrepreneurship,9.375,2001
Puerto Rico,PRI,Entrepreneurship,9.375,2002
Puerto Rico,PRI,Entrepreneurship,37.500,2003
Puerto Rico,PRI,Entrepreneurship,37.500,2004
Puerto Rico,PRI,Entrepreneurship,37.500,2005
Puerto Rico,PRI,Entrepreneurship,37.500,2006
Puerto Rico,PRI,Entrepreneurship,37.500,2007
Puerto Rico,PRI,Entrepreneurship,37.500,2008
Puerto Rico,PRI,Entrepreneurship,37.500,2009
Puerto Rico,PRI,Entrepreneurship,37.500,2010
Puerto Rico,PRI,Entrepreneurship,37.500,2011
Puerto Rico,PRI,Entrepreneurship,37.500,2012
Puerto Rico,PRI,Entrepreneurship,37.500,2013
Puerto Rico,PRI,Entrepreneurship,56.250,2014
Puerto Rico,PRI,Entrepreneurship,37.500,2015
Puerto Rico,PRI,Entrepreneurship,37.500,2016
Puerto Rico,PRI,Entrepreneurship,37.500,2017
Puerto Rico,PRI,Entrepreneurship,37.500,2018
Puerto Rico,PRI,Entrepreneurship,37.500,2019
Puerto Rico,PRI,Entrepreneurship,9.375,2020
Puerto Rico,PRI,Entrepreneurship,9.375,2021
Puerto Rico,PRI,Entrepreneurship,9.375,2022
Puerto Rico,PRI,Entrepreneurship,9.375,2023
Puerto Rico,PRI,Environment,0.000,1960
Puerto Rico,PRI,Environment,0.000,1961
Puerto Rico,PRI,Environment,0.000,1962
Puerto Rico,PRI,Environment,0.000,1963
Puerto Rico,PRI,Environment,0.000,1964
Puerto Rico,PRI,Environment,0.000,1965
Puerto Rico,PRI,Environment,0.000,1966
Puerto Rico,PRI,Environment,0.000,1967
Puerto Rico,PRI,Environment,0.000,1968
Puerto Rico,PRI,Environment,0.000,1969
Puerto Rico,PRI,Environment,0.000,1970
Puerto Rico,PRI,Environment,0.000,1971
Puerto Rico,PRI,Environment,0.000,1972
Puerto Rico,PRI,Environment,0.000,1973
Puerto Rico,PRI,Environment,0.000,1974
Puerto Rico,PRI,Environment,0.000,1975
Puerto Rico,PRI,Environment,0.000,1976
Puerto Rico,PRI,Environment,0.000,1977
Puerto Rico,PRI,Environment,0.000,1978
Puerto Rico,PRI,Environment,0.000,1979
Puerto Rico,PRI,Environment,0.000,1980
Puerto Rico,PRI,Environment,0.000,1981
Puerto Rico,PRI,Environment,0.000,1982
Puerto Rico,PRI,Environment,0.000,1983
Puerto Rico,PRI,Environment,0.000,1984
Puerto Rico,PRI,Environment,0.000,1985
Puerto Rico,PRI,Environment,0.000,1986
Puerto Rico,PRI,Environment,0.000,1987
Puerto Rico,PRI,Environment,0.000,1988
Puerto Rico,PRI,Environment,0.000,1989
Puerto Rico,PRI,Environment,0.000,1990
Puerto Rico,PRI,Environment,0.000,1991
Puerto Rico,PRI,Environment,0.000,1992
Puerto Rico,PRI,Environment,0.000,1993
Puerto Rico,PRI,Environment,0.000,1994
Puerto Rico,PRI,Environment,0.000,1995
Puerto Rico,PRI,Environment,0.000,1996
Puerto Rico,PRI,Environment,0.000,1997
Puerto Rico,PRI,Environment,0.000,1998
Puerto Rico,PRI,Environment,0.000,1999
Puerto Rico,PRI,Environment,3.333,2000
Puerto Rico,PRI,Environment,3.333,2001
Puerto Rico,PRI,Environment,3.333,2002
Puerto Rico,PRI,Environment,3.333,2003
Puerto Rico,PRI,Environment,3.333,2004
Puerto Rico,PRI,Environment,3.333,2005
Puerto Rico,PRI,Environment,3.333,2006
Puerto Rico,PRI,Environment,3.333,2007
Puerto Rico,PRI,Environment,6.667,2008
Puerto Rico,PRI,Environment,6.667,2009
Puerto Rico,PRI,Environment,3.333,2010
Puerto Rico,PRI,Environment,6.667,2011
Puerto Rico,PRI,Environment,6.667,2012
Puerto Rico,PRI,Environment,6.667,2013
Puerto Rico,PRI,Environment,16.667,2014
Puerto Rico,PRI,Environment,6.667,2015
Puerto Rico,PRI,Environment,6.667,2016
Puerto Rico,PRI,Environment,3.333,2017
Puerto Rico,PRI,Environment,3.333,2018
Puerto Rico,PRI,Environment,3.333,2019
Puerto Rico,PRI,Environment,3.333,2020
Puerto Rico,PRI,Environment,3.333,2021
Puerto Rico,PRI,Environment,3.333,2022
Puerto Rico,PRI,Environment,0.000,2023
Puerto Rico,PRI,Health,3.030,1960
Puerto Rico,PRI,Health,3.030,1961
Puerto Rico,PRI,Health,3.030,1962
Puerto Rico,PRI,Health,3.030,1963
Puerto Rico,PRI,Health,3.030,1964
Puerto Rico,PRI,Health,3.030,1965
Puerto Rico,PRI,Health,3.030,1966
Puerto Rico,PRI,Health,3.030,1967
Puerto Rico,PRI,Health,3.030,1968
Puerto Rico,PRI,Health,3.030,1969
Puerto Rico,PRI,Health,3.030,1970
Puerto Rico,PRI,Health,3.030,1971
Puerto Rico,PRI,Health,3.030,1972
Puerto Rico,PRI,Health,3.030,1973
Puerto Rico,PRI,Health,3.030,1974
Puerto Rico,PRI,Health,3.030,1975
Puerto Rico,PRI,Health,3.030,1976
Puerto Rico,PRI,Health,3.030,1977
Puerto Rico,PRI,Health,3.030,1978
Puerto Rico,PRI,Health,3.030,1979
Puerto Rico,PRI,Health,3.030,1980
Puerto Rico,PRI,Health,3.030,1981
Puerto Rico,PRI,Health,3.535,1982
Puerto Rico,PRI,Health,3.030,1983
Puerto Rico,PRI,Health,3.030,1984
Puerto Rico,PRI,Health,3.535,1985
Puerto Rico,PRI,Health,3.535,1986
Puerto Rico,PRI,Health,3.535,1987
Puerto Rico,PRI,Health,3.535,1988
Puerto Rico,PRI,Health,3.535,1989
Puerto Rico,PRI,Health,3.535,1990
Puerto Rico,PRI,Health,3.535,1991
Puerto Rico,PRI,Health,3.535,1992
Puerto Rico,PRI,Health,3.535,1993
Puerto Rico,PRI,Health,3.535,1994
Puerto Rico,PRI,Health,3.535,1995
Puerto Rico,PRI,Health,5.051,1996
Puerto Rico,PRI,Health,3.535,1997
Puerto Rico,PRI,Health,3.535,1998
Puerto Rico,PRI,Health,3.535,1999
Puerto Rico,PRI,Health,6.061,2000
Puerto Rico,PRI,Health,6.061,2001
Puerto Rico,PRI,Health,6.061,2002
Puerto Rico,PRI,Health,6.061,2003
Puerto Rico,PRI,Health,6.566,2004
Puerto Rico,PRI,Health,6.061,2005
Puerto Rico,PRI,Health,6.061,2006
Puerto Rico,PRI,Health,6.061,2007
Puerto Rico,PRI,Health,6.061,2008
Puerto Rico,PRI,Health,6.061,2009
Puerto Rico,PRI,Health,6.061,2010
Puerto Rico,PRI,Health,6.061,2011
Puerto Rico,PRI,Health,6.061,2012
Puerto Rico,PRI,Health,6.061,2013
Puerto Rico,PRI,Health,7.576,2014
Puerto Rico,PRI,Health,6.061,2015
Puerto Rico,PRI,Health,6.061,2016
Puerto Rico,PRI,Health,5.556,2017
Puerto Rico,PRI,Health,5.556,2018
Puerto Rico,PRI,Health,5.556,2019
Puerto Rico,PRI,Health,5.556,2020
Puerto Rico,PRI,Health,3.535,2021
Puerto Rico,PRI,Health,3.535,2022
Puerto Rico,PRI,Health,0.000,2023
Puerto Rico,PRI,Leadership,0.000,1960
Puerto Rico,PRI,Leadership,0.000,1961
Puerto Rico,PRI,Leadership,0.000,1962
Puerto Rico,PRI,Leadership,0.000,1963
Puerto Rico,PRI,Leadership,0.000,1964
Puerto Rico,PRI,Leadership,0.000,1965
Puerto Rico,PRI,Leadership,0.000,1966
Puerto Rico,PRI,Leadership,0.000,1967
Puerto Rico,PRI,Leadership,0.000,1968
Puerto Rico,PRI,Leadership,0.000,1969
Puerto Rico,PRI,Leadership,0.000,1970
Puerto Rico,PRI,Leadership,0.000,1971
Puerto Rico,PRI,Leadership,0.000,1972
Puerto Rico,PRI,Leadership,0.000,1973
Puerto Rico,PRI,Leadership,0.000,1974
Puerto Rico,PRI,Leadership,0.000,1975
Puerto Rico,PRI,Leadership,0.000,1976
Puerto Rico,PRI,Leadership,0.000,1977
Puerto Rico,PRI,Leadership,0.000,1978
Puerto Rico,PRI,Leadership,0.000,1979
Puerto Rico,PRI,Leadership,0.000,1980
Puerto Rico,PRI,Leadership,0.000,1981
Puerto Rico,PRI,Leadership,0.000,1982
Puerto Rico,PRI,Leadership,0.000,1983
Puerto Rico,PRI,Leadership,0.000,1984
Puerto Rico,PRI,Leadership,0.000,1985
Puerto Rico,PRI,Leadership,0.000,1986
Puerto Rico,PRI,Leadership,0.000,1987
Puerto Rico,PRI,Leadership,0.000,1988
Puerto Rico,PRI,Leadership,0.000,1989
Puerto Rico,PRI,Leadership,0.000,1990
Puerto Rico,PRI,Leadership,0.000,1991
Puerto Rico,PRI,Leadership,0.000,1992
Puerto Rico,PRI,Leadership,0.000,1993
Puerto Rico,PRI,Leadership,0.000,1994
Puerto Rico,PRI,Leadership,0.000,1995
Puerto Rico,PRI,Leadership,0.000,1996
Puerto Rico,PRI,Leadership,0.000,1997
Puerto Rico,PRI,Leadership,0.000,1998
Puerto Rico,PRI,Leadership,0.000,1999
Puerto Rico,PRI,Leadership,0.000,2000
Puerto Rico,PRI,Leadership,0.000,2001
Puerto Rico,PRI,Leadership,0.000,2002
Puerto Rico,PRI,Leadership,0.000,2003
Puerto Rico,PRI,Leadership,0.000,2004
Puerto Rico,PRI,Leadership,0.000,2005
Puerto Rico,PRI,Leadership,0.000,2006
Puerto Rico,PRI,Leadership,0.000,2007
Puerto Rico,PRI,Leadership,0.000,2008
Puerto Rico,PRI,Leadership,0.000,2009
Puerto Rico,PRI,Leadership,0.000,2010
Puerto Rico,PRI,Leadership,0.000,2011
Puerto Rico,PRI,Leadership,0.000,2012
Puerto Rico,PRI,Leadership,0.000,2013
Puerto Rico,PRI,Leadership,0.000,2014
Puerto Rico,PRI,Leadership,0.000,2015
Puerto Rico,PRI,Leadership,0.000,2016
Puerto Rico,PRI,Leadership,0.000,2017
Puerto Rico,PRI,Leadership,0.000,2018
Puerto Rico,PRI,Leadership,0.000,2019
Puerto Rico,PRI,Leadership,0.000,2020
Puerto Rico,PRI,Leadership,0.000,2021
Puerto Rico,PRI,Leadership,0.000,2022
Puerto Rico,PRI,Leadership,0.000,2023
Puerto Rico,PRI,Norms and Decision-making,0.000,1960
Puerto Rico,PRI,Norms and Decision-making,0.000,1961
Puerto Rico,PRI,Norms and Decision-making,0.000,1962
Puerto Rico,PRI,Norms and Decision-making,0.000,1963
Puerto Rico,PRI,Norms and Decision-making,0.000,1964
Puerto Rico,PRI,Norms and Decision-making,0.000,1965
Puerto Rico,PRI,Norms and Decision-making,0.000,1966
Puerto Rico,PRI,Norms and Decision-making,0.000,1967
Puerto Rico,PRI,Norms and Decision-making,0.000,1968
Puerto Rico,PRI,Norms and Decision-making,0.000,1969
Puerto Rico,PRI,Norms and Decision-making,14.074,1970
Puerto Rico,PRI,Norms and Decision-making,12.593,1971
Puerto Rico,PRI,Norms and Decision-making,12.593,1972
Puerto Rico,PRI,Norms and Decision-making,12.593,1973
Puerto Rico,PRI,Norms and Decision-making,12.593,1974
Puerto Rico,PRI,Norms and Decision-making,12.593,1975
Puerto Rico,PRI,Norms and Decision-making,12.593,1976
Puerto Rico,PRI,Norms and Decision-making,12.593,1977
Puerto Rico,PRI,Norms and Decision-making,12.593,1978
Puerto Rico,PRI,Norms and Decision-making,12.593,1979
Puerto Rico,PRI,Norms and Decision-making,14.074,1980
Puerto Rico,PRI,Norms and Decision-making,12.593,1981
Puerto Rico,PRI,Norms and Decision-making,12.593,1982
Puerto Rico,PRI,Norms and Decision-making,12.593,1983
Puerto Rico,PRI,Norms and Decision-making,12.593,1984
Puerto Rico,PRI,Norms and Decision-making,12.593,1985
Puerto Rico,PRI,Norms and Decision-making,12.593,1986
Puerto Rico,PRI,Norms and Decision-making,12.593,1987
Puerto Rico,PRI,Norms and Decision-making,12.593,1988
Puerto Rico,PRI,Norms and Decision-making,12.593,1989
Puerto Rico,PRI,Norms and Decision-making,14.074,1990
Puerto Rico,PRI,Norms and Decision-making,12.593,1991
Puerto Rico,PRI,Norms and Decision-making,12.593,1992
Puerto Rico,PRI,Norms and Decision-making,12.593,1993
Puerto Rico,PRI,Norms and Decision-making,12.593,1994
Puerto Rico,PRI,Norms and Decision-making,12.593,1995
Puerto Rico,PRI,Norms and Decision-making,13.333,1996
Puerto Rico,PRI,Norms and Decision-making,12.593,1997
Puerto Rico,PRI,Norms and Decision-making,12.593,1998
Puerto Rico,PRI,Norms and Decision-making,12.593,1999
Puerto Rico,PRI,Norms and Decision-making,12.593,2000
Puerto Rico,PRI,Norms and Decision-making,12.593,2001
Puerto Rico,PRI,Norms and Decision-making,12.593,2002
Puerto Rico,PRI,Norms and Decision-making,12.593,2003
Puerto Rico,PRI,Norms and Decision-making,12.593,2004
Puerto Rico,PRI,Norms and Decision-making,12.593,2005
Puerto Rico,PRI,Norms and Decision-making,12.593,2006
Puerto Rico,PRI,Norms and Decision-making,12.593,2007
Puerto Rico,PRI,Norms and Decision-making,12.593,2008
Puerto Rico,PRI,Norms and Decision-making,12.593,2009
Puerto Rico,PRI,Norms and Decision-making,14.074,2010
Puerto Rico,PRI,Norms and Decision-making,12.593,2011
Puerto Rico,PRI,Norms and Decision-making,12.593,2012
Puerto Rico,PRI,Norms and Decision-making,12.593,2013
Puerto Rico,PRI,Norms and Decision-making,12.593,2014
Puerto Rico,PRI,Norms and Decision-making,12.593,2015
Puerto Rico,PRI,Norms and Decision-making,12.593,2016
Puerto Rico,PRI,Norms and Decision-making,12.593,2017
Puerto Rico,PRI,Norms and Decision-making,12.593,2018
Puerto Rico,PRI,Norms and Decision-making,12.593,2019
Puerto Rico,PRI,Norms and Decision-making,12.593,2020
Puerto Rico,PRI,Norms and Decision-making,12.593,2021
Puerto Rico,PRI,Norms and Decision-making,12.593,2022
Puerto Rico,PRI,Norms and Decision-making,12.593,2023
Puerto Rico,PRI,Population,86.905,1960
Puerto Rico,PRI,Population,86.905,1961
Puerto Rico,PRI,Population,86.905,1962
Puerto Rico,PRI,Population,86.905,1963
Puerto Rico,PRI,Population,86.905,1964
Puerto Rico,PRI,Population,86.905,1965
Puerto Rico,PRI,Population,86.905,1966
Puerto Rico,PRI,Population,86.905,1967
Puerto Rico,PRI,Population,86.905,1968
Puerto Rico,PRI,Population,86.905,1969
Puerto Rico,PRI,Population,89.286,1970
Puerto Rico,PRI,Population,86.905,1971
Puerto Rico,PRI,Population,86.905,1972
Puerto Rico,PRI,Population,86.905,1973
Puerto Rico,PRI,Population,86.905,1974
Puerto Rico,PRI,Population,86.905,1975
Puerto Rico,PRI,Population,86.905,1976
Puerto Rico,PRI,Population,86.905,1977
Puerto Rico,PRI,Population,86.905,1978
Puerto Rico,PRI,Population,86.905,1979
Puerto Rico,PRI,Population,94.048,1980
Puerto Rico,PRI,Population,86.905,1981
Puerto Rico,PRI,Population,86.905,1982
Puerto Rico,PRI,Population,86.905,1983
Puerto Rico,PRI,Population,86.905,1984
Puerto Rico,PRI,Population,91.667,1985
Puerto Rico,PRI,Population,86.905,1986
Puerto Rico,PRI,Population,86.905,1987
Puerto Rico,PRI,Population,86.905,1988
Puerto Rico,PRI,Population,86.905,1989
Puerto Rico,PRI,Population,95.238,1990
Puerto Rico,PRI,Population,86.905,1991
Puerto Rico,PRI,Population,86.905,1992
Puerto Rico,PRI,Population,86.905,1993
Puerto Rico,PRI,Population,86.905,1994
Puerto Rico,PRI,Population,92.857,1995
Puerto Rico,PRI,Population,88.095,1996
Puerto Rico,PRI,Population,86.905,1997
Puerto Rico,PRI,Population,86.905,1998
Puerto Rico,PRI,Population,86.905,1999
Puerto Rico,PRI,Population,92.857,2000
Puerto Rico,PRI,Population,86.905,2001
Puerto Rico,PRI,Population,86.905,2002
Puerto Rico,PRI,Population,86.905,2003
Puerto Rico,PRI,Population,86.905,2004
Puerto Rico,PRI,Population,92.857,2005
Puerto Rico,PRI,Population,86.905,2006
Puerto Rico,PRI,Population,86.905,2007
Puerto Rico,PRI,Population,86.905,2008
Puerto Rico,PRI,Population,86.905,2009
Puerto Rico,PRI,Population,95.238,2010
Puerto Rico,PRI,Population,86.905,2011
Puerto Rico,PRI,Population,86.905,2012
Puerto Rico,PRI,Population,86.905,2013
Puerto Rico,PRI,Population,86.905,2014
Puerto Rico,PRI,Population,92.857,2015
Puerto Rico,PRI,Population,86.905,2016
Puerto Rico,PRI,Population,86.905,2017
Puerto Rico,PRI,Population,86.905,2018
Puerto Rico,PRI,Population,86.905,2019
Puerto Rico,PRI,Population,88.095,2020
Puerto Rico,PRI,Population,86.905,2021
Puerto Rico,PRI,Population,86.905,2022
Puerto Rico,PRI,Population,77.381,2023
Puerto Rico,PRI,SDGs,0.671,1960
Puerto Rico,PRI,SDGs,0.671,1961
Puerto Rico,PRI,SDGs,0.671,1962
Puerto Rico,PRI,SDGs,0.671,1963
Puerto Rico,PRI,SDGs,0.671,1964
Puerto Rico,PRI,SDGs,0.671,1965
Puerto Rico,PRI,SDGs,0.671,1966
Puerto Rico,PRI,SDGs,0.671,1967
Puerto Rico,PRI,SDGs,0.671,1968
Puerto Rico,PRI,SDGs,0.671,1969
Puerto Rico,PRI,SDGs,9.396,1970
Puerto Rico,PRI,SDGs,11.409,1971
Puerto Rico,PRI,SDGs,11.409,1972
Puerto Rico,PRI,SDGs,11.409,1973
Puerto Rico,PRI,SDGs,11.409,1974
Puerto Rico,PRI,SDGs,9.396,1975
Puerto Rico,PRI,SDGs,13.423,1976
Puerto Rico,PRI,SDGs,13.423,1977
Puerto Rico,PRI,SDGs,13.423,1978
Puerto Rico,PRI,SDGs,13.423,1979
Puerto Rico,PRI,SDGs,10.067,1980
Puerto Rico,PRI,SDGs,13.423,1981
Puerto Rico,PRI,SDGs,13.423,1982
Puerto Rico,PRI,SDGs,13.423,1983
Puerto Rico,PRI,SDGs,13.423,1984
Puerto Rico,PRI,SDGs,14.094,1985
Puerto Rico,PRI,SDGs,14.094,1986
Puerto Rico,PRI,SDGs,14.094,1987
Puerto Rico,PRI,SDGs,14.094,1988
Puerto Rico,PRI,SDGs,10.738,1989
Puerto Rico,PRI,SDGs,14.094,1990
Puerto Rico,PRI,SDGs,18.121,1991
Puerto Rico,PRI,SDGs,18.121,1992
Puerto Rico,PRI,SDGs,18.121,1993
Puerto Rico,PRI,SDGs,14.765,1994
Puerto Rico,PRI,SDGs,18.121,1995
Puerto Rico,PRI,SDGs,18.121,1996
Puerto Rico,PRI,SDGs,18.121,1997
Puerto Rico,PRI,SDGs,18.121,1998
Puerto Rico,PRI,SDGs,18.121,1999
Puerto Rico,PRI,SDGs,19.463,2000
Puerto Rico,PRI,SDGs,16.107,2001
Puerto Rico,PRI,SDGs,19.463,2002
Puerto Rico,PRI,SDGs,19.463,2003
Puerto Rico,PRI,SDGs,20.134,2004
Puerto Rico,PRI,SDGs,19.463,2005
Puerto Rico,PRI,SDGs,19.463,2006
Puerto Rico,PRI,SDGs,19.463,2007
Puerto Rico,PRI,SDGs,19.463,2008
Puerto Rico,PRI,SDGs,17.450,2009
Puerto Rico,PRI,SDGs,17.450,2010
Puerto Rico,PRI,SDGs,17.450,2011
Puerto Rico,PRI,SDGs,17.450,2012
Puerto Rico,PRI,SDGs,16.107,2013
Puerto Rico,PRI,SDGs,18.121,2014
Puerto Rico,PRI,SDGs,17.450,2015
Puerto Rico,PRI,SDGs,16.107,2016
Puerto Rico,PRI,SDGs,15.436,2017
Puerto Rico,PRI,SDGs,15.436,2018
Puerto Rico,PRI,SDGs,15.436,2019
Puerto Rico,PRI,SDGs,14.765,2020
Puerto Rico,PRI,SDGs,14.765,2021
Puerto Rico,PRI,SDGs,14.765,2022
Puerto Rico,PRI,SDGs,12.752,2023
Puerto Rico,PRI,Technology,0.000,1960
Puerto Rico,PRI,Technology,0.000,1961
Puerto Rico,PRI,Technology,0.000,1962
Puerto Rico,PRI,Technology,0.000,1963
Puerto Rico,PRI,Technology,0.000,1964
Puerto Rico,PRI,Technology,0.000,1965
Puerto Rico,PRI,Technology,0.000,1966
Puerto Rico,PRI,Technology,0.000,1967
Puerto Rico,PRI,Technology,0.000,1968
Puerto Rico,PRI,Technology,0.000,1969
Puerto Rico,PRI,Technology,0.000,1970
Puerto Rico,PRI,Technology,0.000,1971
Puerto Rico,PRI,Technology,0.000,1972
Puerto Rico,PRI,Technology,0.000,1973
Puerto Rico,PRI,Technology,0.000,1974
Puerto Rico,PRI,Technology,0.000,1975
Puerto Rico,PRI,Technology,0.000,1976
Puerto Rico,PRI,Technology,0.000,1977
Puerto Rico,PRI,Technology,0.000,1978
Puerto Rico,PRI,Technology,0.000,1979
Puerto Rico,PRI,Technology,0.000,1980
Puerto Rico,PRI,Technology,0.000,1981
Puerto Rico,PRI,Technology,0.000,1982
Puerto Rico,PRI,Technology,0.000,1983
Puerto Rico,PRI,Technology,0.000,1984
Puerto Rico,PRI,Technology,0.000,1985
Puerto Rico,PRI,Technology,0.000,1986
Puerto Rico,PRI,Technology,0.000,1987
Puerto Rico,PRI,Technology,0.000,1988
Puerto Rico,PRI,Technology,0.000,1989
Puerto Rico,PRI,Technology,2.222,1990
Puerto Rico,PRI,Technology,2.222,1991
Puerto Rico,PRI,Technology,2.222,1992
Puerto Rico,PRI,Technology,2.222,1993
Puerto Rico,PRI,Technology,2.222,1994
Puerto Rico,PRI,Technology,2.222,1995
Puerto Rico,PRI,Technology,2.222,1996
Puerto Rico,PRI,Technology,2.222,1997
Puerto Rico,PRI,Technology,2.222,1998
Puerto Rico,PRI,Technology,2.222,1999
Puerto Rico,PRI,Technology,2.222,2000
Puerto Rico,PRI,Technology,2.222,2001
Puerto Rico,PRI,Technology,2.222,2002
Puerto Rico,PRI,Technology,2.222,2003
Puerto Rico,PRI,Technology,2.222,2004
Puerto Rico,PRI,Technology,2.222,2005
Puerto Rico,PRI,Technology,2.222,2006
Puerto Rico,PRI,Technology,2.222,2007
Puerto Rico,PRI,Technology,8.889,2008
Puerto Rico,PRI,Technology,8.889,2009
Puerto Rico,PRI,Technology,2.222,2010
Puerto Rico,PRI,Technology,8.889,2011
Puerto Rico,PRI,Technology,8.889,2012
Puerto Rico,PRI,Technology,8.889,2013
Puerto Rico,PRI,Technology,40.000,2014
Puerto Rico,PRI,Technology,13.333,2015
Puerto Rico,PRI,Technology,13.333,2016
Puerto Rico,PRI,Technology,6.667,2017
Puerto Rico,PRI,Technology,6.667,2018
Puerto Rico,PRI,Technology,6.667,2019
Puerto Rico,PRI,Technology,0.000,2020
Puerto Rico,PRI,Technology,6.667,2021
Puerto Rico,PRI,Technology,6.667,2022
Puerto Rico,PRI,Technology,0.000,2023
Puerto Rico,PRI,Violence,0.000,1960
Puerto Rico,PRI,Violence,0.000,1961
Puerto Rico,PRI,Violence,0.000,1962
Puerto Rico,PRI,Violence,0.000,1963
Puerto Rico,PRI,Violence,0.000,1964
Puerto Rico,PRI,Violence,0.000,1965
Puerto Rico,PRI,Violence,0.000,1966
Puerto Rico,PRI,Violence,0.000,1967
Puerto Rico,PRI,Violence,0.000,1968
Puerto Rico,PRI,Violence,0.000,1969
Puerto Rico,PRI,Violence,2.143,1970
Puerto Rico,PRI,Violence,2.143,1971
Puerto Rico,PRI,Violence,2.143,1972
Puerto Rico,PRI,Violence,2.143,1973
Puerto Rico,PRI,Violence,2.143,1974
Puerto Rico,PRI,Violence,2.143,1975
Puerto Rico,PRI,Violence,2.143,1976
Puerto Rico,PRI,Violence,2.143,1977
Puerto Rico,PRI,Violence,2.143,1978
Puerto Rico,PRI,Violence,2.143,1979
Puerto Rico,PRI,Violence,2.143,1980
Puerto Rico,PRI,Violence,2.143,1981
Puerto Rico,PRI,Violence,2.143,1982
Puerto Rico,PRI,Violence,2.143,1983
Puerto Rico,PRI,Violence,2.143,1984
Puerto Rico,PRI,Violence,2.143,1985
Puerto Rico,PRI,Violence,2.143,1986
Puerto Rico,PRI,Violence,2.143,1987
Puerto Rico,PRI,Violence,2.143,1988
Puerto Rico,PRI,Violence,2.143,1989
Puerto Rico,PRI,Violence,4.286,1990
Puerto Rico,PRI,Violence,4.286,1991
Puerto Rico,PRI,Violence,4.286,1992
Puerto Rico,PRI,Violence,4.286,1993
Puerto Rico,PRI,Violence,4.286,1994
Puerto Rico,PRI,Violence,4.286,1995
Puerto Rico,PRI,Violence,4.286,1996
Puerto Rico,PRI,Violence,4.286,1997
Puerto Rico,PRI,Violence,4.286,1998
Puerto Rico,PRI,Violence,4.286,1999
Puerto Rico,PRI,Violence,4.286,2000
Puerto Rico,PRI,Violence,4.286,2001
Puerto Rico,PRI,Violence,4.286,2002
Puerto Rico,PRI,Violence,4.286,2003
Puerto Rico,PRI,Violence,4.286,2004
Puerto Rico,PRI,Violence,4.286,2005
Puerto Rico,PRI,Violence,4.286,2006
Puerto Rico,PRI,Violence,4.286,2007
Puerto Rico,PRI,Violence,4.286,2008
Puerto Rico,PRI,Violence,4.286,2009
Puerto Rico,PRI,Violence,4.286,2010
Puerto Rico,PRI,Violence,4.286,2011
Puerto Rico,PRI,Violence,4.286,2012
Puerto Rico,PRI,Violence,4.286,2013
Puerto Rico,PRI,Violence,4.286,2014
Puerto Rico,PRI,Violence,4.286,2015
Puerto Rico,PRI,Violence,4.286,2016
Puerto Rico,PRI,Violence,4.286,2017
Puerto Rico,PRI,Violence,4.286,2018
Puerto Rico,PRI,Violence,4.286,2019
Puerto Rico,PRI,Violence,4.286,2020
Puerto Rico,PRI,Violence,2.143,2021
Puerto Rico,PRI,Violence,2.143,2022
Puerto Rico,PRI,Violence,2.143,2023
Puerto Rico,PRI,Youth 15-24,7.339,1960
Puerto Rico,PRI,Youth 15-24,4.587,1961
Puerto Rico,PRI,Youth 15-24,4.587,1962
Puerto Rico,PRI,Youth 15-24,4.587,1963
Puerto Rico,PRI,Youth 15-24,4.587,1964
Puerto Rico,PRI,Youth 15-24,4.587,1965
Puerto Rico,PRI,Youth 15-24,4.587,1966
Puerto Rico,PRI,Youth 15-24,4.587,1967
Puerto Rico,PRI,Youth 15-24,4.587,1968
Puerto Rico,PRI,Youth 15-24,4.587,1969
Puerto Rico,PRI,Youth 15-24,12.844,1970
Puerto Rico,PRI,Youth 15-24,8.257,1971
Puerto Rico,PRI,Youth 15-24,8.257,1972
Puerto Rico,PRI,Youth 15-24,8.257,1973
Puerto Rico,PRI,Youth 15-24,8.257,1974
Puerto Rico,PRI,Youth 15-24,8.257,1975
Puerto Rico,PRI,Youth 15-24,14.679,1976
Puerto Rico,PRI,Youth 15-24,14.679,1977
Puerto Rico,PRI,Youth 15-24,14.679,1978
Puerto Rico,PRI,Youth 15-24,14.679,1979
Puerto Rico,PRI,Youth 15-24,23.853,1980
Puerto Rico,PRI,Youth 15-24,14.679,1981
Puerto Rico,PRI,Youth 15-24,14.679,1982
Puerto Rico,PRI,Youth 15-24,14.679,1983
Puerto Rico,PRI,Youth 15-24,14.679,1984
Puerto Rico,PRI,Youth 15-24,14.679,1985
Puerto Rico,PRI,Youth 15-24,14.679,1986
Puerto Rico,PRI,Youth 15-24,14.679,1987
Puerto Rico,PRI,Youth 15-24,14.679,1988
Puerto Rico,PRI,Youth 15-24,8.257,1989
Puerto Rico,PRI,Youth 15-24,27.523,1990
Puerto Rico,PRI,Youth 15-24,23.853,1991
Puerto Rico,PRI,Youth 15-24,23.853,1992
Puerto Rico,PRI,Youth 15-24,23.853,1993
Puerto Rico,PRI,Youth 15-24,17.431,1994
Puerto Rico,PRI,Youth 15-24,23.853,1995
Puerto Rico,PRI,Youth 15-24,20.183,1996
Puerto Rico,PRI,Youth 15-24,20.183,1997
Puerto Rico,PRI,Youth 15-24,20.183,1998
Puerto Rico,PRI,Youth 15-24,20.183,1999
Puerto Rico,PRI,Youth 15-24,28.440,2000
Puerto Rico,PRI,Youth 15-24,13.761,2001
Puerto Rico,PRI,Youth 15-24,20.183,2002
Puerto Rico,PRI,Youth 15-24,20.183,2003
Puerto Rico,PRI,Youth 15-24,20.183,2004
Puerto Rico,PRI,Youth 15-24,28.440,2005
Puerto Rico,PRI,Youth 15-24,28.440,2006
Puerto Rico,PRI,Youth 15-24,32.110,2007
Puerto Rico,PRI,Youth 15-24,44.037,2008
Puerto Rico,PRI,Youth 15-24,38.532,2009
Puerto Rico,PRI,Youth 15-24,39.450,2010
Puerto Rico,PRI,Youth 15-24,56.881,2011
Puerto Rico,PRI,Youth 15-24,53.211,2012
Puerto Rico,PRI,Youth 15-24,42.202,2013
Puerto Rico,PRI,Youth 15-24,47.706,2014
Puerto Rico,PRI,Youth 15-24,48.624,2015
Puerto Rico,PRI,Youth 15-24,48.624,2016
Puerto Rico,PRI,Youth 15-24,32.110,2017
Puerto Rico,PRI,Youth 15-24,22.936,2018
Puerto Rico,PRI,Youth 15-24,13.761,2019
Puerto Rico,PRI,Youth 15-24,13.761,2020
Puerto Rico,PRI,Youth 15-24,17.431,2021
Puerto Rico,PRI,Youth 15-24,13.761,2022
Puerto Rico,PRI,Youth 15-24,20.183,2023
