Country Name,Country Code,Topic,% of available indicators,Year
Croatia,HRV,Assets,0.000,1960
Croatia,HRV,Assets,0.000,1961
Croatia,HRV,Assets,0.000,1962
Croatia,HRV,Assets,0.000,1963
Croatia,HRV,Assets,0.000,1964
Croatia,HRV,Assets,0.000,1965
Croatia,HRV,Assets,0.000,1966
Croatia,HRV,Assets,0.000,1967
Croatia,HRV,Assets,0.000,1968
Croatia,HRV,Assets,0.000,1969
Croatia,HRV,Assets,2.208,1970
Croatia,HRV,Assets,2.208,1971
Croatia,HRV,Assets,2.208,1972
Croatia,HRV,Assets,2.208,1973
Croatia,HRV,Assets,2.208,1974
Croatia,HRV,Assets,2.208,1975
Croatia,HRV,Assets,2.208,1976
Croatia,HRV,Assets,2.208,1977
Croatia,HRV,Assets,2.208,1978
Croatia,HRV,Assets,2.208,1979
Croatia,HRV,Assets,2.208,1980
Croatia,HRV,Assets,2.208,1981
Croatia,HRV,Assets,2.208,1982
Croatia,HRV,Assets,2.208,1983
Croatia,HRV,Assets,2.208,1984
Croatia,HRV,Assets,2.208,1985
Croatia,HRV,Assets,2.208,1986
Croatia,HRV,Assets,2.208,1987
Croatia,HRV,Assets,2.208,1988
Croatia,HRV,Assets,2.208,1989
Croatia,HRV,Assets,2.208,1990
Croatia,HRV,Assets,2.208,1991
Croatia,HRV,Assets,2.208,1992
Croatia,HRV,Assets,2.208,1993
Croatia,HRV,Assets,2.208,1994
Croatia,HRV,Assets,2.208,1995
Croatia,HRV,Assets,2.208,1996
Croatia,HRV,Assets,2.208,1997
Croatia,HRV,Assets,2.208,1998
Croatia,HRV,Assets,2.208,1999
Croatia,HRV,Assets,2.208,2000
Croatia,HRV,Assets,2.208,2001
Croatia,HRV,Assets,2.208,2002
Croatia,HRV,Assets,2.208,2003
Croatia,HRV,Assets,2.208,2004
Croatia,HRV,Assets,2.208,2005
Croatia,HRV,Assets,2.208,2006
Croatia,HRV,Assets,2.208,2007
Croatia,HRV,Assets,2.208,2008
Croatia,HRV,Assets,2.208,2009
Croatia,HRV,Assets,2.208,2010
Croatia,HRV,Assets,11.672,2011
Croatia,HRV,Assets,2.208,2012
Croatia,HRV,Assets,2.208,2013
Croatia,HRV,Assets,30.599,2014
Croatia,HRV,Assets,2.208,2015
Croatia,HRV,Assets,2.208,2016
Croatia,HRV,Assets,33.123,2017
Croatia,HRV,Assets,2.208,2018
Croatia,HRV,Assets,2.208,2019
Croatia,HRV,Assets,2.208,2020
Croatia,HRV,Assets,58.360,2021
Croatia,HRV,Assets,2.208,2022
Croatia,HRV,Assets,2.208,2023
Croatia,HRV,Children 0-14,10.769,1960
Croatia,HRV,Children 0-14,10.769,1961
Croatia,HRV,Children 0-14,10.769,1962
Croatia,HRV,Children 0-14,10.769,1963
Croatia,HRV,Children 0-14,10.769,1964
Croatia,HRV,Children 0-14,10.769,1965
Croatia,HRV,Children 0-14,10.769,1966
Croatia,HRV,Children 0-14,10.769,1967
Croatia,HRV,Children 0-14,10.769,1968
Croatia,HRV,Children 0-14,10.769,1969
Croatia,HRV,Children 0-14,10.769,1970
Croatia,HRV,Children 0-14,10.769,1971
Croatia,HRV,Children 0-14,10.769,1972
Croatia,HRV,Children 0-14,10.769,1973
Croatia,HRV,Children 0-14,10.769,1974
Croatia,HRV,Children 0-14,10.769,1975
Croatia,HRV,Children 0-14,10.769,1976
Croatia,HRV,Children 0-14,10.769,1977
Croatia,HRV,Children 0-14,10.769,1978
Croatia,HRV,Children 0-14,10.769,1979
Croatia,HRV,Children 0-14,11.538,1980
Croatia,HRV,Children 0-14,17.692,1981
Croatia,HRV,Children 0-14,18.462,1982
Croatia,HRV,Children 0-14,20.000,1983
Croatia,HRV,Children 0-14,18.462,1984
Croatia,HRV,Children 0-14,20.000,1985
Croatia,HRV,Children 0-14,21.538,1986
Croatia,HRV,Children 0-14,21.538,1987
Croatia,HRV,Children 0-14,21.538,1988
Croatia,HRV,Children 0-14,21.538,1989
Croatia,HRV,Children 0-14,21.538,1990
Croatia,HRV,Children 0-14,23.846,1991
Croatia,HRV,Children 0-14,20.769,1992
Croatia,HRV,Children 0-14,24.615,1993
Croatia,HRV,Children 0-14,26.923,1994
Croatia,HRV,Children 0-14,32.308,1995
Croatia,HRV,Children 0-14,32.308,1996
Croatia,HRV,Children 0-14,32.308,1997
Croatia,HRV,Children 0-14,37.692,1998
Croatia,HRV,Children 0-14,42.308,1999
Croatia,HRV,Children 0-14,46.154,2000
Croatia,HRV,Children 0-14,45.385,2001
Croatia,HRV,Children 0-14,37.692,2002
Croatia,HRV,Children 0-14,39.231,2003
Croatia,HRV,Children 0-14,23.077,2004
Croatia,HRV,Children 0-14,38.462,2005
Croatia,HRV,Children 0-14,38.462,2006
Croatia,HRV,Children 0-14,38.462,2007
Croatia,HRV,Children 0-14,41.538,2008
Croatia,HRV,Children 0-14,43.077,2009
Croatia,HRV,Children 0-14,61.538,2010
Croatia,HRV,Children 0-14,50.769,2011
Croatia,HRV,Children 0-14,43.077,2012
Croatia,HRV,Children 0-14,40.769,2013
Croatia,HRV,Children 0-14,43.077,2014
Croatia,HRV,Children 0-14,56.923,2015
Croatia,HRV,Children 0-14,45.385,2016
Croatia,HRV,Children 0-14,47.692,2017
Croatia,HRV,Children 0-14,40.000,2018
Croatia,HRV,Children 0-14,52.308,2019
Croatia,HRV,Children 0-14,39.231,2020
Croatia,HRV,Children 0-14,34.615,2021
Croatia,HRV,Children 0-14,33.846,2022
Croatia,HRV,Children 0-14,9.231,2023
Croatia,HRV,Education,0.000,1960
Croatia,HRV,Education,0.000,1961
Croatia,HRV,Education,0.000,1962
Croatia,HRV,Education,0.000,1963
Croatia,HRV,Education,0.000,1964
Croatia,HRV,Education,0.000,1965
Croatia,HRV,Education,0.000,1966
Croatia,HRV,Education,0.000,1967
Croatia,HRV,Education,0.000,1968
Croatia,HRV,Education,0.000,1969
Croatia,HRV,Education,0.000,1970
Croatia,HRV,Education,0.000,1971
Croatia,HRV,Education,0.000,1972
Croatia,HRV,Education,0.000,1973
Croatia,HRV,Education,0.000,1974
Croatia,HRV,Education,0.000,1975
Croatia,HRV,Education,0.000,1976
Croatia,HRV,Education,0.000,1977
Croatia,HRV,Education,0.000,1978
Croatia,HRV,Education,0.000,1979
Croatia,HRV,Education,0.613,1980
Croatia,HRV,Education,2.454,1981
Croatia,HRV,Education,0.613,1982
Croatia,HRV,Education,1.840,1983
Croatia,HRV,Education,0.613,1984
Croatia,HRV,Education,1.840,1985
Croatia,HRV,Education,2.454,1986
Croatia,HRV,Education,1.840,1987
Croatia,HRV,Education,1.840,1988
Croatia,HRV,Education,1.840,1989
Croatia,HRV,Education,2.454,1990
Croatia,HRV,Education,12.883,1991
Croatia,HRV,Education,0.613,1992
Croatia,HRV,Education,15.337,1993
Croatia,HRV,Education,18.405,1994
Croatia,HRV,Education,22.699,1995
Croatia,HRV,Education,23.926,1996
Croatia,HRV,Education,22.086,1997
Croatia,HRV,Education,30.061,1998
Croatia,HRV,Education,46.626,1999
Croatia,HRV,Education,23.313,2000
Croatia,HRV,Education,59.509,2001
Croatia,HRV,Education,44.785,2002
Croatia,HRV,Education,44.172,2003
Croatia,HRV,Education,7.362,2004
Croatia,HRV,Education,45.399,2005
Croatia,HRV,Education,42.331,2006
Croatia,HRV,Education,42.945,2007
Croatia,HRV,Education,48.466,2008
Croatia,HRV,Education,49.693,2009
Croatia,HRV,Education,74.233,2010
Croatia,HRV,Education,60.123,2011
Croatia,HRV,Education,57.055,2012
Croatia,HRV,Education,47.853,2013
Croatia,HRV,Education,62.577,2014
Croatia,HRV,Education,60.736,2015
Croatia,HRV,Education,62.577,2016
Croatia,HRV,Education,69.325,2017
Croatia,HRV,Education,51.534,2018
Croatia,HRV,Education,38.037,2019
Croatia,HRV,Education,49.080,2020
Croatia,HRV,Education,37.423,2021
Croatia,HRV,Education,33.742,2022
Croatia,HRV,Education,1.840,2023
Croatia,HRV,Employment and Time Use,0.000,1960
Croatia,HRV,Employment and Time Use,0.000,1961
Croatia,HRV,Employment and Time Use,0.000,1962
Croatia,HRV,Employment and Time Use,0.000,1963
Croatia,HRV,Employment and Time Use,0.000,1964
Croatia,HRV,Employment and Time Use,0.000,1965
Croatia,HRV,Employment and Time Use,0.000,1966
Croatia,HRV,Employment and Time Use,0.000,1967
Croatia,HRV,Employment and Time Use,0.000,1968
Croatia,HRV,Employment and Time Use,0.000,1969
Croatia,HRV,Employment and Time Use,21.168,1970
Croatia,HRV,Employment and Time Use,21.168,1971
Croatia,HRV,Employment and Time Use,21.168,1972
Croatia,HRV,Employment and Time Use,21.168,1973
Croatia,HRV,Employment and Time Use,21.168,1974
Croatia,HRV,Employment and Time Use,21.168,1975
Croatia,HRV,Employment and Time Use,21.168,1976
Croatia,HRV,Employment and Time Use,21.168,1977
Croatia,HRV,Employment and Time Use,21.168,1978
Croatia,HRV,Employment and Time Use,21.168,1979
Croatia,HRV,Employment and Time Use,21.168,1980
Croatia,HRV,Employment and Time Use,21.168,1981
Croatia,HRV,Employment and Time Use,21.168,1982
Croatia,HRV,Employment and Time Use,21.168,1983
Croatia,HRV,Employment and Time Use,21.168,1984
Croatia,HRV,Employment and Time Use,21.168,1985
Croatia,HRV,Employment and Time Use,21.168,1986
Croatia,HRV,Employment and Time Use,21.168,1987
Croatia,HRV,Employment and Time Use,21.168,1988
Croatia,HRV,Employment and Time Use,21.168,1989
Croatia,HRV,Employment and Time Use,31.387,1990
Croatia,HRV,Employment and Time Use,66.423,1991
Croatia,HRV,Employment and Time Use,56.204,1992
Croatia,HRV,Employment and Time Use,56.204,1993
Croatia,HRV,Employment and Time Use,56.204,1994
Croatia,HRV,Employment and Time Use,56.204,1995
Croatia,HRV,Employment and Time Use,58.394,1996
Croatia,HRV,Employment and Time Use,58.394,1997
Croatia,HRV,Employment and Time Use,59.854,1998
Croatia,HRV,Employment and Time Use,56.934,1999
Croatia,HRV,Employment and Time Use,63.504,2000
Croatia,HRV,Employment and Time Use,63.504,2001
Croatia,HRV,Employment and Time Use,90.511,2002
Croatia,HRV,Employment and Time Use,90.511,2003
Croatia,HRV,Employment and Time Use,90.511,2004
Croatia,HRV,Employment and Time Use,90.511,2005
Croatia,HRV,Employment and Time Use,89.051,2006
Croatia,HRV,Employment and Time Use,90.511,2007
Croatia,HRV,Employment and Time Use,90.511,2008
Croatia,HRV,Employment and Time Use,90.511,2009
Croatia,HRV,Employment and Time Use,90.511,2010
Croatia,HRV,Employment and Time Use,90.511,2011
Croatia,HRV,Employment and Time Use,90.511,2012
Croatia,HRV,Employment and Time Use,90.511,2013
Croatia,HRV,Employment and Time Use,90.511,2014
Croatia,HRV,Employment and Time Use,90.511,2015
Croatia,HRV,Employment and Time Use,90.511,2016
Croatia,HRV,Employment and Time Use,90.511,2017
Croatia,HRV,Employment and Time Use,90.511,2018
Croatia,HRV,Employment and Time Use,90.511,2019
Croatia,HRV,Employment and Time Use,90.511,2020
Croatia,HRV,Employment and Time Use,90.511,2021
Croatia,HRV,Employment and Time Use,90.511,2022
Croatia,HRV,Employment and Time Use,92.701,2023
Croatia,HRV,Entrepreneurship,0.000,1960
Croatia,HRV,Entrepreneurship,0.000,1961
Croatia,HRV,Entrepreneurship,0.000,1962
Croatia,HRV,Entrepreneurship,0.000,1963
Croatia,HRV,Entrepreneurship,0.000,1964
Croatia,HRV,Entrepreneurship,0.000,1965
Croatia,HRV,Entrepreneurship,0.000,1966
Croatia,HRV,Entrepreneurship,0.000,1967
Croatia,HRV,Entrepreneurship,0.000,1968
Croatia,HRV,Entrepreneurship,0.000,1969
Croatia,HRV,Entrepreneurship,9.375,1970
Croatia,HRV,Entrepreneurship,9.375,1971
Croatia,HRV,Entrepreneurship,9.375,1972
Croatia,HRV,Entrepreneurship,9.375,1973
Croatia,HRV,Entrepreneurship,9.375,1974
Croatia,HRV,Entrepreneurship,9.375,1975
Croatia,HRV,Entrepreneurship,9.375,1976
Croatia,HRV,Entrepreneurship,9.375,1977
Croatia,HRV,Entrepreneurship,9.375,1978
Croatia,HRV,Entrepreneurship,9.375,1979
Croatia,HRV,Entrepreneurship,9.375,1980
Croatia,HRV,Entrepreneurship,9.375,1981
Croatia,HRV,Entrepreneurship,9.375,1982
Croatia,HRV,Entrepreneurship,9.375,1983
Croatia,HRV,Entrepreneurship,9.375,1984
Croatia,HRV,Entrepreneurship,9.375,1985
Croatia,HRV,Entrepreneurship,9.375,1986
Croatia,HRV,Entrepreneurship,9.375,1987
Croatia,HRV,Entrepreneurship,9.375,1988
Croatia,HRV,Entrepreneurship,9.375,1989
Croatia,HRV,Entrepreneurship,9.375,1990
Croatia,HRV,Entrepreneurship,9.375,1991
Croatia,HRV,Entrepreneurship,9.375,1992
Croatia,HRV,Entrepreneurship,9.375,1993
Croatia,HRV,Entrepreneurship,9.375,1994
Croatia,HRV,Entrepreneurship,9.375,1995
Croatia,HRV,Entrepreneurship,9.375,1996
Croatia,HRV,Entrepreneurship,9.375,1997
Croatia,HRV,Entrepreneurship,9.375,1998
Croatia,HRV,Entrepreneurship,9.375,1999
Croatia,HRV,Entrepreneurship,9.375,2000
Croatia,HRV,Entrepreneurship,9.375,2001
Croatia,HRV,Entrepreneurship,9.375,2002
Croatia,HRV,Entrepreneurship,37.500,2003
Croatia,HRV,Entrepreneurship,37.500,2004
Croatia,HRV,Entrepreneurship,40.625,2005
Croatia,HRV,Entrepreneurship,37.500,2006
Croatia,HRV,Entrepreneurship,40.625,2007
Croatia,HRV,Entrepreneurship,37.500,2008
Croatia,HRV,Entrepreneurship,37.500,2009
Croatia,HRV,Entrepreneurship,37.500,2010
Croatia,HRV,Entrepreneurship,37.500,2011
Croatia,HRV,Entrepreneurship,37.500,2012
Croatia,HRV,Entrepreneurship,43.750,2013
Croatia,HRV,Entrepreneurship,68.750,2014
Croatia,HRV,Entrepreneurship,50.000,2015
Croatia,HRV,Entrepreneurship,50.000,2016
Croatia,HRV,Entrepreneurship,68.750,2017
Croatia,HRV,Entrepreneurship,62.500,2018
Croatia,HRV,Entrepreneurship,56.250,2019
Croatia,HRV,Entrepreneurship,21.875,2020
Croatia,HRV,Entrepreneurship,9.375,2021
Croatia,HRV,Entrepreneurship,9.375,2022
Croatia,HRV,Entrepreneurship,15.625,2023
Croatia,HRV,Environment,0.000,1960
Croatia,HRV,Environment,0.000,1961
Croatia,HRV,Environment,0.000,1962
Croatia,HRV,Environment,0.000,1963
Croatia,HRV,Environment,0.000,1964
Croatia,HRV,Environment,0.000,1965
Croatia,HRV,Environment,0.000,1966
Croatia,HRV,Environment,0.000,1967
Croatia,HRV,Environment,0.000,1968
Croatia,HRV,Environment,0.000,1969
Croatia,HRV,Environment,0.000,1970
Croatia,HRV,Environment,0.000,1971
Croatia,HRV,Environment,0.000,1972
Croatia,HRV,Environment,0.000,1973
Croatia,HRV,Environment,0.000,1974
Croatia,HRV,Environment,0.000,1975
Croatia,HRV,Environment,0.000,1976
Croatia,HRV,Environment,0.000,1977
Croatia,HRV,Environment,0.000,1978
Croatia,HRV,Environment,0.000,1979
Croatia,HRV,Environment,0.000,1980
Croatia,HRV,Environment,0.000,1981
Croatia,HRV,Environment,0.000,1982
Croatia,HRV,Environment,0.000,1983
Croatia,HRV,Environment,0.000,1984
Croatia,HRV,Environment,0.000,1985
Croatia,HRV,Environment,0.000,1986
Croatia,HRV,Environment,0.000,1987
Croatia,HRV,Environment,0.000,1988
Croatia,HRV,Environment,0.000,1989
Croatia,HRV,Environment,0.000,1990
Croatia,HRV,Environment,0.000,1991
Croatia,HRV,Environment,0.000,1992
Croatia,HRV,Environment,0.000,1993
Croatia,HRV,Environment,0.000,1994
Croatia,HRV,Environment,0.000,1995
Croatia,HRV,Environment,0.000,1996
Croatia,HRV,Environment,0.000,1997
Croatia,HRV,Environment,0.000,1998
Croatia,HRV,Environment,3.333,1999
Croatia,HRV,Environment,10.000,2000
Croatia,HRV,Environment,13.333,2001
Croatia,HRV,Environment,13.333,2002
Croatia,HRV,Environment,13.333,2003
Croatia,HRV,Environment,10.000,2004
Croatia,HRV,Environment,13.333,2005
Croatia,HRV,Environment,13.333,2006
Croatia,HRV,Environment,13.333,2007
Croatia,HRV,Environment,13.333,2008
Croatia,HRV,Environment,13.333,2009
Croatia,HRV,Environment,13.333,2010
Croatia,HRV,Environment,10.000,2011
Croatia,HRV,Environment,13.333,2012
Croatia,HRV,Environment,10.000,2013
Croatia,HRV,Environment,23.333,2014
Croatia,HRV,Environment,13.333,2015
Croatia,HRV,Environment,13.333,2016
Croatia,HRV,Environment,23.333,2017
Croatia,HRV,Environment,10.000,2018
Croatia,HRV,Environment,30.000,2019
Croatia,HRV,Environment,10.000,2020
Croatia,HRV,Environment,20.000,2021
Croatia,HRV,Environment,0.000,2022
Croatia,HRV,Environment,0.000,2023
Croatia,HRV,Health,3.030,1960
Croatia,HRV,Health,3.030,1961
Croatia,HRV,Health,3.030,1962
Croatia,HRV,Health,3.030,1963
Croatia,HRV,Health,3.030,1964
Croatia,HRV,Health,3.030,1965
Croatia,HRV,Health,3.030,1966
Croatia,HRV,Health,3.030,1967
Croatia,HRV,Health,3.030,1968
Croatia,HRV,Health,3.030,1969
Croatia,HRV,Health,3.030,1970
Croatia,HRV,Health,3.030,1971
Croatia,HRV,Health,3.030,1972
Croatia,HRV,Health,3.030,1973
Croatia,HRV,Health,3.030,1974
Croatia,HRV,Health,5.556,1975
Croatia,HRV,Health,5.556,1976
Croatia,HRV,Health,5.556,1977
Croatia,HRV,Health,5.556,1978
Croatia,HRV,Health,5.556,1979
Croatia,HRV,Health,5.556,1980
Croatia,HRV,Health,8.586,1981
Croatia,HRV,Health,10.101,1982
Croatia,HRV,Health,10.101,1983
Croatia,HRV,Health,10.101,1984
Croatia,HRV,Health,10.606,1985
Croatia,HRV,Health,11.616,1986
Croatia,HRV,Health,11.616,1987
Croatia,HRV,Health,11.616,1988
Croatia,HRV,Health,12.121,1989
Croatia,HRV,Health,13.636,1990
Croatia,HRV,Health,13.636,1991
Croatia,HRV,Health,14.646,1992
Croatia,HRV,Health,14.646,1993
Croatia,HRV,Health,14.646,1994
Croatia,HRV,Health,14.646,1995
Croatia,HRV,Health,14.646,1996
Croatia,HRV,Health,14.646,1997
Croatia,HRV,Health,14.646,1998
Croatia,HRV,Health,14.646,1999
Croatia,HRV,Health,52.525,2000
Croatia,HRV,Health,28.283,2001
Croatia,HRV,Health,28.283,2002
Croatia,HRV,Health,28.283,2003
Croatia,HRV,Health,28.283,2004
Croatia,HRV,Health,29.798,2005
Croatia,HRV,Health,28.283,2006
Croatia,HRV,Health,28.283,2007
Croatia,HRV,Health,28.283,2008
Croatia,HRV,Health,28.283,2009
Croatia,HRV,Health,55.051,2010
Croatia,HRV,Health,28.283,2011
Croatia,HRV,Health,28.283,2012
Croatia,HRV,Health,28.283,2013
Croatia,HRV,Health,30.303,2014
Croatia,HRV,Health,53.030,2015
Croatia,HRV,Health,28.283,2016
Croatia,HRV,Health,29.798,2017
Croatia,HRV,Health,29.798,2018
Croatia,HRV,Health,52.525,2019
Croatia,HRV,Health,22.222,2020
Croatia,HRV,Health,15.152,2021
Croatia,HRV,Health,11.111,2022
Croatia,HRV,Health,1.010,2023
Croatia,HRV,Leadership,0.000,1960
Croatia,HRV,Leadership,0.000,1961
Croatia,HRV,Leadership,0.000,1962
Croatia,HRV,Leadership,0.000,1963
Croatia,HRV,Leadership,0.000,1964
Croatia,HRV,Leadership,0.000,1965
Croatia,HRV,Leadership,0.000,1966
Croatia,HRV,Leadership,0.000,1967
Croatia,HRV,Leadership,0.000,1968
Croatia,HRV,Leadership,0.000,1969
Croatia,HRV,Leadership,0.000,1970
Croatia,HRV,Leadership,0.000,1971
Croatia,HRV,Leadership,0.000,1972
Croatia,HRV,Leadership,0.000,1973
Croatia,HRV,Leadership,0.000,1974
Croatia,HRV,Leadership,0.000,1975
Croatia,HRV,Leadership,0.000,1976
Croatia,HRV,Leadership,0.000,1977
Croatia,HRV,Leadership,0.000,1978
Croatia,HRV,Leadership,0.000,1979
Croatia,HRV,Leadership,0.000,1980
Croatia,HRV,Leadership,0.000,1981
Croatia,HRV,Leadership,0.000,1982
Croatia,HRV,Leadership,0.000,1983
Croatia,HRV,Leadership,0.000,1984
Croatia,HRV,Leadership,0.000,1985
Croatia,HRV,Leadership,0.000,1986
Croatia,HRV,Leadership,0.000,1987
Croatia,HRV,Leadership,0.000,1988
Croatia,HRV,Leadership,0.000,1989
Croatia,HRV,Leadership,0.000,1990
Croatia,HRV,Leadership,0.000,1991
Croatia,HRV,Leadership,0.000,1992
Croatia,HRV,Leadership,0.000,1993
Croatia,HRV,Leadership,0.000,1994
Croatia,HRV,Leadership,0.000,1995
Croatia,HRV,Leadership,0.000,1996
Croatia,HRV,Leadership,25.000,1997
Croatia,HRV,Leadership,25.000,1998
Croatia,HRV,Leadership,25.000,1999
Croatia,HRV,Leadership,25.000,2000
Croatia,HRV,Leadership,25.000,2001
Croatia,HRV,Leadership,50.000,2002
Croatia,HRV,Leadership,25.000,2003
Croatia,HRV,Leadership,50.000,2004
Croatia,HRV,Leadership,75.000,2005
Croatia,HRV,Leadership,50.000,2006
Croatia,HRV,Leadership,50.000,2007
Croatia,HRV,Leadership,75.000,2008
Croatia,HRV,Leadership,50.000,2009
Croatia,HRV,Leadership,75.000,2010
Croatia,HRV,Leadership,50.000,2011
Croatia,HRV,Leadership,75.000,2012
Croatia,HRV,Leadership,75.000,2013
Croatia,HRV,Leadership,75.000,2014
Croatia,HRV,Leadership,75.000,2015
Croatia,HRV,Leadership,75.000,2016
Croatia,HRV,Leadership,50.000,2017
Croatia,HRV,Leadership,75.000,2018
Croatia,HRV,Leadership,100.000,2019
Croatia,HRV,Leadership,75.000,2020
Croatia,HRV,Leadership,50.000,2021
Croatia,HRV,Leadership,75.000,2022
Croatia,HRV,Leadership,50.000,2023
Croatia,HRV,Norms and Decision-making,0.000,1960
Croatia,HRV,Norms and Decision-making,0.000,1961
Croatia,HRV,Norms and Decision-making,0.000,1962
Croatia,HRV,Norms and Decision-making,0.000,1963
Croatia,HRV,Norms and Decision-making,0.000,1964
Croatia,HRV,Norms and Decision-making,0.000,1965
Croatia,HRV,Norms and Decision-making,0.000,1966
Croatia,HRV,Norms and Decision-making,0.000,1967
Croatia,HRV,Norms and Decision-making,0.000,1968
Croatia,HRV,Norms and Decision-making,0.000,1969
Croatia,HRV,Norms and Decision-making,12.593,1970
Croatia,HRV,Norms and Decision-making,12.593,1971
Croatia,HRV,Norms and Decision-making,12.593,1972
Croatia,HRV,Norms and Decision-making,12.593,1973
Croatia,HRV,Norms and Decision-making,12.593,1974
Croatia,HRV,Norms and Decision-making,12.593,1975
Croatia,HRV,Norms and Decision-making,12.593,1976
Croatia,HRV,Norms and Decision-making,12.593,1977
Croatia,HRV,Norms and Decision-making,12.593,1978
Croatia,HRV,Norms and Decision-making,12.593,1979
Croatia,HRV,Norms and Decision-making,12.593,1980
Croatia,HRV,Norms and Decision-making,12.593,1981
Croatia,HRV,Norms and Decision-making,12.593,1982
Croatia,HRV,Norms and Decision-making,12.593,1983
Croatia,HRV,Norms and Decision-making,12.593,1984
Croatia,HRV,Norms and Decision-making,12.593,1985
Croatia,HRV,Norms and Decision-making,12.593,1986
Croatia,HRV,Norms and Decision-making,12.593,1987
Croatia,HRV,Norms and Decision-making,12.593,1988
Croatia,HRV,Norms and Decision-making,12.593,1989
Croatia,HRV,Norms and Decision-making,12.593,1990
Croatia,HRV,Norms and Decision-making,14.074,1991
Croatia,HRV,Norms and Decision-making,12.593,1992
Croatia,HRV,Norms and Decision-making,12.593,1993
Croatia,HRV,Norms and Decision-making,12.593,1994
Croatia,HRV,Norms and Decision-making,12.593,1995
Croatia,HRV,Norms and Decision-making,12.593,1996
Croatia,HRV,Norms and Decision-making,12.593,1997
Croatia,HRV,Norms and Decision-making,12.593,1998
Croatia,HRV,Norms and Decision-making,12.593,1999
Croatia,HRV,Norms and Decision-making,12.593,2000
Croatia,HRV,Norms and Decision-making,14.074,2001
Croatia,HRV,Norms and Decision-making,12.593,2002
Croatia,HRV,Norms and Decision-making,12.593,2003
Croatia,HRV,Norms and Decision-making,12.593,2004
Croatia,HRV,Norms and Decision-making,12.593,2005
Croatia,HRV,Norms and Decision-making,12.593,2006
Croatia,HRV,Norms and Decision-making,12.593,2007
Croatia,HRV,Norms and Decision-making,12.593,2008
Croatia,HRV,Norms and Decision-making,12.593,2009
Croatia,HRV,Norms and Decision-making,12.593,2010
Croatia,HRV,Norms and Decision-making,14.074,2011
Croatia,HRV,Norms and Decision-making,12.593,2012
Croatia,HRV,Norms and Decision-making,12.593,2013
Croatia,HRV,Norms and Decision-making,12.593,2014
Croatia,HRV,Norms and Decision-making,12.593,2015
Croatia,HRV,Norms and Decision-making,12.593,2016
Croatia,HRV,Norms and Decision-making,12.593,2017
Croatia,HRV,Norms and Decision-making,12.593,2018
Croatia,HRV,Norms and Decision-making,12.593,2019
Croatia,HRV,Norms and Decision-making,12.593,2020
Croatia,HRV,Norms and Decision-making,12.593,2021
Croatia,HRV,Norms and Decision-making,12.593,2022
Croatia,HRV,Norms and Decision-making,12.593,2023
Croatia,HRV,Population,86.905,1960
Croatia,HRV,Population,86.905,1961
Croatia,HRV,Population,86.905,1962
Croatia,HRV,Population,86.905,1963
Croatia,HRV,Population,86.905,1964
Croatia,HRV,Population,86.905,1965
Croatia,HRV,Population,86.905,1966
Croatia,HRV,Population,86.905,1967
Croatia,HRV,Population,86.905,1968
Croatia,HRV,Population,86.905,1969
Croatia,HRV,Population,86.905,1970
Croatia,HRV,Population,86.905,1971
Croatia,HRV,Population,86.905,1972
Croatia,HRV,Population,86.905,1973
Croatia,HRV,Population,86.905,1974
Croatia,HRV,Population,86.905,1975
Croatia,HRV,Population,86.905,1976
Croatia,HRV,Population,86.905,1977
Croatia,HRV,Population,86.905,1978
Croatia,HRV,Population,86.905,1979
Croatia,HRV,Population,91.667,1980
Croatia,HRV,Population,86.905,1981
Croatia,HRV,Population,86.905,1982
Croatia,HRV,Population,86.905,1983
Croatia,HRV,Population,86.905,1984
Croatia,HRV,Population,91.667,1985
Croatia,HRV,Population,86.905,1986
Croatia,HRV,Population,86.905,1987
Croatia,HRV,Population,86.905,1988
Croatia,HRV,Population,86.905,1989
Croatia,HRV,Population,92.857,1990
Croatia,HRV,Population,89.286,1991
Croatia,HRV,Population,86.905,1992
Croatia,HRV,Population,86.905,1993
Croatia,HRV,Population,86.905,1994
Croatia,HRV,Population,92.857,1995
Croatia,HRV,Population,86.905,1996
Croatia,HRV,Population,86.905,1997
Croatia,HRV,Population,86.905,1998
Croatia,HRV,Population,86.905,1999
Croatia,HRV,Population,92.857,2000
Croatia,HRV,Population,89.286,2001
Croatia,HRV,Population,86.905,2002
Croatia,HRV,Population,86.905,2003
Croatia,HRV,Population,86.905,2004
Croatia,HRV,Population,92.857,2005
Croatia,HRV,Population,86.905,2006
Croatia,HRV,Population,86.905,2007
Croatia,HRV,Population,86.905,2008
Croatia,HRV,Population,86.905,2009
Croatia,HRV,Population,92.857,2010
Croatia,HRV,Population,89.286,2011
Croatia,HRV,Population,86.905,2012
Croatia,HRV,Population,86.905,2013
Croatia,HRV,Population,86.905,2014
Croatia,HRV,Population,92.857,2015
Croatia,HRV,Population,86.905,2016
Croatia,HRV,Population,88.095,2017
Croatia,HRV,Population,86.905,2018
Croatia,HRV,Population,89.286,2019
Croatia,HRV,Population,88.095,2020
Croatia,HRV,Population,86.905,2021
Croatia,HRV,Population,86.905,2022
Croatia,HRV,Population,77.381,2023
Croatia,HRV,SDGs,0.671,1960
Croatia,HRV,SDGs,0.671,1961
Croatia,HRV,SDGs,0.671,1962
Croatia,HRV,SDGs,0.671,1963
Croatia,HRV,SDGs,0.671,1964
Croatia,HRV,SDGs,0.671,1965
Croatia,HRV,SDGs,0.671,1966
Croatia,HRV,SDGs,0.671,1967
Croatia,HRV,SDGs,0.671,1968
Croatia,HRV,SDGs,0.671,1969
Croatia,HRV,SDGs,9.396,1970
Croatia,HRV,SDGs,9.396,1971
Croatia,HRV,SDGs,9.396,1972
Croatia,HRV,SDGs,9.396,1973
Croatia,HRV,SDGs,9.396,1974
Croatia,HRV,SDGs,9.396,1975
Croatia,HRV,SDGs,9.396,1976
Croatia,HRV,SDGs,9.396,1977
Croatia,HRV,SDGs,9.396,1978
Croatia,HRV,SDGs,9.396,1979
Croatia,HRV,SDGs,9.396,1980
Croatia,HRV,SDGs,11.409,1981
Croatia,HRV,SDGs,11.409,1982
Croatia,HRV,SDGs,11.409,1983
Croatia,HRV,SDGs,11.409,1984
Croatia,HRV,SDGs,12.081,1985
Croatia,HRV,SDGs,12.081,1986
Croatia,HRV,SDGs,12.081,1987
Croatia,HRV,SDGs,12.081,1988
Croatia,HRV,SDGs,12.752,1989
Croatia,HRV,SDGs,14.094,1990
Croatia,HRV,SDGs,22.148,1991
Croatia,HRV,SDGs,18.792,1992
Croatia,HRV,SDGs,18.792,1993
Croatia,HRV,SDGs,18.792,1994
Croatia,HRV,SDGs,18.792,1995
Croatia,HRV,SDGs,20.805,1996
Croatia,HRV,SDGs,21.477,1997
Croatia,HRV,SDGs,20.134,1998
Croatia,HRV,SDGs,20.134,1999
Croatia,HRV,SDGs,66.443,2000
Croatia,HRV,SDGs,34.228,2001
Croatia,HRV,SDGs,36.242,2002
Croatia,HRV,SDGs,35.570,2003
Croatia,HRV,SDGs,36.242,2004
Croatia,HRV,SDGs,38.255,2005
Croatia,HRV,SDGs,36.242,2006
Croatia,HRV,SDGs,36.242,2007
Croatia,HRV,SDGs,36.242,2008
Croatia,HRV,SDGs,36.242,2009
Croatia,HRV,SDGs,67.785,2010
Croatia,HRV,SDGs,40.268,2011
Croatia,HRV,SDGs,36.913,2012
Croatia,HRV,SDGs,36.242,2013
Croatia,HRV,SDGs,38.255,2014
Croatia,HRV,SDGs,68.456,2015
Croatia,HRV,SDGs,36.242,2016
Croatia,HRV,SDGs,37.584,2017
Croatia,HRV,SDGs,38.255,2018
Croatia,HRV,SDGs,71.812,2019
Croatia,HRV,SDGs,28.859,2020
Croatia,HRV,SDGs,26.174,2021
Croatia,HRV,SDGs,22.148,2022
Croatia,HRV,SDGs,18.121,2023
Croatia,HRV,Technology,0.000,1960
Croatia,HRV,Technology,0.000,1961
Croatia,HRV,Technology,0.000,1962
Croatia,HRV,Technology,0.000,1963
Croatia,HRV,Technology,0.000,1964
Croatia,HRV,Technology,0.000,1965
Croatia,HRV,Technology,0.000,1966
Croatia,HRV,Technology,0.000,1967
Croatia,HRV,Technology,0.000,1968
Croatia,HRV,Technology,0.000,1969
Croatia,HRV,Technology,0.000,1970
Croatia,HRV,Technology,0.000,1971
Croatia,HRV,Technology,0.000,1972
Croatia,HRV,Technology,0.000,1973
Croatia,HRV,Technology,0.000,1974
Croatia,HRV,Technology,0.000,1975
Croatia,HRV,Technology,0.000,1976
Croatia,HRV,Technology,0.000,1977
Croatia,HRV,Technology,0.000,1978
Croatia,HRV,Technology,0.000,1979
Croatia,HRV,Technology,0.000,1980
Croatia,HRV,Technology,0.000,1981
Croatia,HRV,Technology,0.000,1982
Croatia,HRV,Technology,0.000,1983
Croatia,HRV,Technology,0.000,1984
Croatia,HRV,Technology,0.000,1985
Croatia,HRV,Technology,0.000,1986
Croatia,HRV,Technology,0.000,1987
Croatia,HRV,Technology,0.000,1988
Croatia,HRV,Technology,0.000,1989
Croatia,HRV,Technology,2.222,1990
Croatia,HRV,Technology,2.222,1991
Croatia,HRV,Technology,2.222,1992
Croatia,HRV,Technology,2.222,1993
Croatia,HRV,Technology,2.222,1994
Croatia,HRV,Technology,2.222,1995
Croatia,HRV,Technology,2.222,1996
Croatia,HRV,Technology,2.222,1997
Croatia,HRV,Technology,2.222,1998
Croatia,HRV,Technology,8.889,1999
Croatia,HRV,Technology,2.222,2000
Croatia,HRV,Technology,8.889,2001
Croatia,HRV,Technology,8.889,2002
Croatia,HRV,Technology,8.889,2003
Croatia,HRV,Technology,2.222,2004
Croatia,HRV,Technology,8.889,2005
Croatia,HRV,Technology,8.889,2006
Croatia,HRV,Technology,13.333,2007
Croatia,HRV,Technology,13.333,2008
Croatia,HRV,Technology,13.333,2009
Croatia,HRV,Technology,13.333,2010
Croatia,HRV,Technology,13.333,2011
Croatia,HRV,Technology,13.333,2012
Croatia,HRV,Technology,6.667,2013
Croatia,HRV,Technology,40.000,2014
Croatia,HRV,Technology,13.333,2015
Croatia,HRV,Technology,13.333,2016
Croatia,HRV,Technology,60.000,2017
Croatia,HRV,Technology,6.667,2018
Croatia,HRV,Technology,6.667,2019
Croatia,HRV,Technology,6.667,2020
Croatia,HRV,Technology,73.333,2021
Croatia,HRV,Technology,6.667,2022
Croatia,HRV,Technology,6.667,2023
Croatia,HRV,Violence,0.000,1960
Croatia,HRV,Violence,0.000,1961
Croatia,HRV,Violence,0.000,1962
Croatia,HRV,Violence,0.000,1963
Croatia,HRV,Violence,0.000,1964
Croatia,HRV,Violence,0.000,1965
Croatia,HRV,Violence,0.000,1966
Croatia,HRV,Violence,0.000,1967
Croatia,HRV,Violence,0.000,1968
Croatia,HRV,Violence,0.000,1969
Croatia,HRV,Violence,2.143,1970
Croatia,HRV,Violence,2.143,1971
Croatia,HRV,Violence,2.143,1972
Croatia,HRV,Violence,2.143,1973
Croatia,HRV,Violence,2.143,1974
Croatia,HRV,Violence,2.143,1975
Croatia,HRV,Violence,2.143,1976
Croatia,HRV,Violence,2.143,1977
Croatia,HRV,Violence,2.143,1978
Croatia,HRV,Violence,2.143,1979
Croatia,HRV,Violence,2.143,1980
Croatia,HRV,Violence,2.143,1981
Croatia,HRV,Violence,2.143,1982
Croatia,HRV,Violence,2.143,1983
Croatia,HRV,Violence,2.143,1984
Croatia,HRV,Violence,2.143,1985
Croatia,HRV,Violence,2.143,1986
Croatia,HRV,Violence,2.143,1987
Croatia,HRV,Violence,2.143,1988
Croatia,HRV,Violence,2.143,1989
Croatia,HRV,Violence,4.286,1990
Croatia,HRV,Violence,4.286,1991
Croatia,HRV,Violence,4.286,1992
Croatia,HRV,Violence,4.286,1993
Croatia,HRV,Violence,4.286,1994
Croatia,HRV,Violence,4.286,1995
Croatia,HRV,Violence,4.286,1996
Croatia,HRV,Violence,4.286,1997
Croatia,HRV,Violence,4.286,1998
Croatia,HRV,Violence,4.286,1999
Croatia,HRV,Violence,6.429,2000
Croatia,HRV,Violence,6.429,2001
Croatia,HRV,Violence,6.429,2002
Croatia,HRV,Violence,6.429,2003
Croatia,HRV,Violence,6.429,2004
Croatia,HRV,Violence,6.429,2005
Croatia,HRV,Violence,6.429,2006
Croatia,HRV,Violence,6.429,2007
Croatia,HRV,Violence,6.429,2008
Croatia,HRV,Violence,6.429,2009
Croatia,HRV,Violence,6.429,2010
Croatia,HRV,Violence,6.429,2011
Croatia,HRV,Violence,7.143,2012
Croatia,HRV,Violence,6.429,2013
Croatia,HRV,Violence,6.429,2014
Croatia,HRV,Violence,6.429,2015
Croatia,HRV,Violence,6.429,2016
Croatia,HRV,Violence,6.429,2017
Croatia,HRV,Violence,9.286,2018
Croatia,HRV,Violence,6.429,2019
Croatia,HRV,Violence,4.286,2020
Croatia,HRV,Violence,4.286,2021
Croatia,HRV,Violence,2.143,2022
Croatia,HRV,Violence,2.143,2023
Croatia,HRV,Youth 15-24,4.587,1960
Croatia,HRV,Youth 15-24,4.587,1961
Croatia,HRV,Youth 15-24,4.587,1962
Croatia,HRV,Youth 15-24,4.587,1963
Croatia,HRV,Youth 15-24,4.587,1964
Croatia,HRV,Youth 15-24,4.587,1965
Croatia,HRV,Youth 15-24,4.587,1966
Croatia,HRV,Youth 15-24,4.587,1967
Croatia,HRV,Youth 15-24,4.587,1968
Croatia,HRV,Youth 15-24,4.587,1969
Croatia,HRV,Youth 15-24,4.587,1970
Croatia,HRV,Youth 15-24,4.587,1971
Croatia,HRV,Youth 15-24,4.587,1972
Croatia,HRV,Youth 15-24,4.587,1973
Croatia,HRV,Youth 15-24,4.587,1974
Croatia,HRV,Youth 15-24,4.587,1975
Croatia,HRV,Youth 15-24,4.587,1976
Croatia,HRV,Youth 15-24,4.587,1977
Croatia,HRV,Youth 15-24,4.587,1978
Croatia,HRV,Youth 15-24,4.587,1979
Croatia,HRV,Youth 15-24,4.587,1980
Croatia,HRV,Youth 15-24,5.505,1981
Croatia,HRV,Youth 15-24,4.587,1982
Croatia,HRV,Youth 15-24,4.587,1983
Croatia,HRV,Youth 15-24,4.587,1984
Croatia,HRV,Youth 15-24,4.587,1985
Croatia,HRV,Youth 15-24,5.505,1986
Croatia,HRV,Youth 15-24,4.587,1987
Croatia,HRV,Youth 15-24,4.587,1988
Croatia,HRV,Youth 15-24,4.587,1989
Croatia,HRV,Youth 15-24,9.174,1990
Croatia,HRV,Youth 15-24,32.110,1991
Croatia,HRV,Youth 15-24,15.596,1992
Croatia,HRV,Youth 15-24,29.358,1993
Croatia,HRV,Youth 15-24,31.193,1994
Croatia,HRV,Youth 15-24,31.193,1995
Croatia,HRV,Youth 15-24,31.193,1996
Croatia,HRV,Youth 15-24,28.440,1997
Croatia,HRV,Youth 15-24,34.862,1998
Croatia,HRV,Youth 15-24,54.128,1999
Croatia,HRV,Youth 15-24,33.028,2000
Croatia,HRV,Youth 15-24,66.055,2001
Croatia,HRV,Youth 15-24,65.138,2002
Croatia,HRV,Youth 15-24,62.385,2003
Croatia,HRV,Youth 15-24,31.193,2004
Croatia,HRV,Youth 15-24,65.138,2005
Croatia,HRV,Youth 15-24,60.550,2006
Croatia,HRV,Youth 15-24,60.550,2007
Croatia,HRV,Youth 15-24,65.138,2008
Croatia,HRV,Youth 15-24,65.138,2009
Croatia,HRV,Youth 15-24,76.147,2010
Croatia,HRV,Youth 15-24,66.055,2011
Croatia,HRV,Youth 15-24,70.642,2012
Croatia,HRV,Youth 15-24,59.633,2013
Croatia,HRV,Youth 15-24,73.394,2014
Croatia,HRV,Youth 15-24,76.147,2015
Croatia,HRV,Youth 15-24,76.147,2016
Croatia,HRV,Youth 15-24,73.394,2017
Croatia,HRV,Youth 15-24,52.294,2018
Croatia,HRV,Youth 15-24,49.541,2019
Croatia,HRV,Youth 15-24,49.541,2020
Croatia,HRV,Youth 15-24,48.624,2021
Croatia,HRV,Youth 15-24,47.706,2022
Croatia,HRV,Youth 15-24,24.771,2023
