Country Name,Country Code,Topic,% of available indicators,Year
Mozambique,MOZ,Assets,0.000,1960
Mozambique,MOZ,Assets,0.000,1961
Mozambique,MOZ,Assets,0.000,1962
Mozambique,MOZ,Assets,0.000,1963
Mozambique,MOZ,Assets,0.000,1964
Mozambique,MOZ,Assets,0.000,1965
Mozambique,MOZ,Assets,0.000,1966
Mozambique,MOZ,Assets,0.000,1967
Mozambique,MOZ,Assets,0.000,1968
Mozambique,MOZ,Assets,0.000,1969
Mozambique,MOZ,Assets,2.208,1970
Mozambique,MOZ,Assets,2.208,1971
Mozambique,MOZ,Assets,2.208,1972
Mozambique,MOZ,Assets,2.208,1973
Mozambique,MOZ,Assets,2.208,1974
Mozambique,MOZ,Assets,2.208,1975
Mozambique,MOZ,Assets,2.208,1976
Mozambique,MOZ,Assets,2.208,1977
Mozambique,MOZ,Assets,2.208,1978
Mozambique,MOZ,Assets,2.208,1979
Mozambique,MOZ,Assets,2.208,1980
Mozambique,MOZ,Assets,2.208,1981
Mozambique,MOZ,Assets,2.208,1982
Mozambique,MOZ,Assets,2.208,1983
Mozambique,MOZ,Assets,2.208,1984
Mozambique,MOZ,Assets,2.208,1985
Mozambique,MOZ,Assets,2.208,1986
Mozambique,MOZ,Assets,2.208,1987
Mozambique,MOZ,Assets,2.208,1988
Mozambique,MOZ,Assets,2.208,1989
Mozambique,MOZ,Assets,2.208,1990
Mozambique,MOZ,Assets,2.208,1991
Mozambique,MOZ,Assets,2.208,1992
Mozambique,MOZ,Assets,2.208,1993
Mozambique,MOZ,Assets,2.208,1994
Mozambique,MOZ,Assets,2.208,1995
Mozambique,MOZ,Assets,2.208,1996
Mozambique,MOZ,Assets,2.208,1997
Mozambique,MOZ,Assets,2.208,1998
Mozambique,MOZ,Assets,2.208,1999
Mozambique,MOZ,Assets,2.208,2000
Mozambique,MOZ,Assets,2.208,2001
Mozambique,MOZ,Assets,2.208,2002
Mozambique,MOZ,Assets,2.208,2003
Mozambique,MOZ,Assets,2.208,2004
Mozambique,MOZ,Assets,2.208,2005
Mozambique,MOZ,Assets,2.208,2006
Mozambique,MOZ,Assets,2.208,2007
Mozambique,MOZ,Assets,2.208,2008
Mozambique,MOZ,Assets,2.208,2009
Mozambique,MOZ,Assets,2.208,2010
Mozambique,MOZ,Assets,32.492,2011
Mozambique,MOZ,Assets,2.208,2012
Mozambique,MOZ,Assets,2.208,2013
Mozambique,MOZ,Assets,2.208,2014
Mozambique,MOZ,Assets,32.492,2015
Mozambique,MOZ,Assets,2.208,2016
Mozambique,MOZ,Assets,34.069,2017
Mozambique,MOZ,Assets,2.208,2018
Mozambique,MOZ,Assets,2.208,2019
Mozambique,MOZ,Assets,2.208,2020
Mozambique,MOZ,Assets,63.091,2021
Mozambique,MOZ,Assets,2.208,2022
Mozambique,MOZ,Assets,32.492,2023
Mozambique,MOZ,Children 0-14,10.769,1960
Mozambique,MOZ,Children 0-14,10.769,1961
Mozambique,MOZ,Children 0-14,10.769,1962
Mozambique,MOZ,Children 0-14,11.538,1963
Mozambique,MOZ,Children 0-14,11.538,1964
Mozambique,MOZ,Children 0-14,11.538,1965
Mozambique,MOZ,Children 0-14,11.538,1966
Mozambique,MOZ,Children 0-14,15.385,1967
Mozambique,MOZ,Children 0-14,17.692,1968
Mozambique,MOZ,Children 0-14,17.692,1969
Mozambique,MOZ,Children 0-14,17.692,1970
Mozambique,MOZ,Children 0-14,20.769,1971
Mozambique,MOZ,Children 0-14,22.308,1972
Mozambique,MOZ,Children 0-14,36.154,1973
Mozambique,MOZ,Children 0-14,19.231,1974
Mozambique,MOZ,Children 0-14,20.000,1975
Mozambique,MOZ,Children 0-14,19.231,1976
Mozambique,MOZ,Children 0-14,23.077,1977
Mozambique,MOZ,Children 0-14,23.077,1978
Mozambique,MOZ,Children 0-14,30.769,1979
Mozambique,MOZ,Children 0-14,21.538,1980
Mozambique,MOZ,Children 0-14,32.308,1981
Mozambique,MOZ,Children 0-14,37.692,1982
Mozambique,MOZ,Children 0-14,40.000,1983
Mozambique,MOZ,Children 0-14,30.000,1984
Mozambique,MOZ,Children 0-14,40.000,1985
Mozambique,MOZ,Children 0-14,41.538,1986
Mozambique,MOZ,Children 0-14,36.923,1987
Mozambique,MOZ,Children 0-14,32.308,1988
Mozambique,MOZ,Children 0-14,36.923,1989
Mozambique,MOZ,Children 0-14,34.615,1990
Mozambique,MOZ,Children 0-14,36.923,1991
Mozambique,MOZ,Children 0-14,39.231,1992
Mozambique,MOZ,Children 0-14,39.231,1993
Mozambique,MOZ,Children 0-14,39.231,1994
Mozambique,MOZ,Children 0-14,40.000,1995
Mozambique,MOZ,Children 0-14,23.077,1996
Mozambique,MOZ,Children 0-14,30.769,1997
Mozambique,MOZ,Children 0-14,36.923,1998
Mozambique,MOZ,Children 0-14,44.615,1999
Mozambique,MOZ,Children 0-14,58.462,2000
Mozambique,MOZ,Children 0-14,53.846,2001
Mozambique,MOZ,Children 0-14,43.077,2002
Mozambique,MOZ,Children 0-14,35.385,2003
Mozambique,MOZ,Children 0-14,44.615,2004
Mozambique,MOZ,Children 0-14,44.615,2005
Mozambique,MOZ,Children 0-14,46.923,2006
Mozambique,MOZ,Children 0-14,46.923,2007
Mozambique,MOZ,Children 0-14,61.538,2008
Mozambique,MOZ,Children 0-14,53.077,2009
Mozambique,MOZ,Children 0-14,65.385,2010
Mozambique,MOZ,Children 0-14,70.769,2011
Mozambique,MOZ,Children 0-14,44.615,2012
Mozambique,MOZ,Children 0-14,46.923,2013
Mozambique,MOZ,Children 0-14,46.923,2014
Mozambique,MOZ,Children 0-14,83.077,2015
Mozambique,MOZ,Children 0-14,35.385,2016
Mozambique,MOZ,Children 0-14,51.538,2017
Mozambique,MOZ,Children 0-14,41.538,2018
Mozambique,MOZ,Children 0-14,45.385,2019
Mozambique,MOZ,Children 0-14,50.769,2020
Mozambique,MOZ,Children 0-14,23.077,2021
Mozambique,MOZ,Children 0-14,45.385,2022
Mozambique,MOZ,Children 0-14,21.538,2023
Mozambique,MOZ,Education,0.000,1960
Mozambique,MOZ,Education,0.000,1961
Mozambique,MOZ,Education,0.000,1962
Mozambique,MOZ,Education,0.000,1963
Mozambique,MOZ,Education,0.000,1964
Mozambique,MOZ,Education,0.000,1965
Mozambique,MOZ,Education,0.000,1966
Mozambique,MOZ,Education,0.000,1967
Mozambique,MOZ,Education,0.000,1968
Mozambique,MOZ,Education,0.000,1969
Mozambique,MOZ,Education,0.000,1970
Mozambique,MOZ,Education,5.521,1971
Mozambique,MOZ,Education,4.294,1972
Mozambique,MOZ,Education,26.380,1973
Mozambique,MOZ,Education,0.000,1974
Mozambique,MOZ,Education,0.613,1975
Mozambique,MOZ,Education,0.613,1976
Mozambique,MOZ,Education,12.883,1977
Mozambique,MOZ,Education,11.043,1978
Mozambique,MOZ,Education,17.791,1979
Mozambique,MOZ,Education,17.178,1980
Mozambique,MOZ,Education,17.791,1981
Mozambique,MOZ,Education,27.607,1982
Mozambique,MOZ,Education,23.313,1983
Mozambique,MOZ,Education,9.202,1984
Mozambique,MOZ,Education,30.061,1985
Mozambique,MOZ,Education,24.540,1986
Mozambique,MOZ,Education,24.540,1987
Mozambique,MOZ,Education,9.202,1988
Mozambique,MOZ,Education,15.337,1989
Mozambique,MOZ,Education,17.791,1990
Mozambique,MOZ,Education,22.699,1991
Mozambique,MOZ,Education,31.288,1992
Mozambique,MOZ,Education,31.288,1993
Mozambique,MOZ,Education,32.515,1994
Mozambique,MOZ,Education,29.448,1995
Mozambique,MOZ,Education,2.454,1996
Mozambique,MOZ,Education,6.748,1997
Mozambique,MOZ,Education,15.951,1998
Mozambique,MOZ,Education,36.810,1999
Mozambique,MOZ,Education,36.196,2000
Mozambique,MOZ,Education,36.196,2001
Mozambique,MOZ,Education,34.969,2002
Mozambique,MOZ,Education,9.202,2003
Mozambique,MOZ,Education,46.626,2004
Mozambique,MOZ,Education,47.853,2005
Mozambique,MOZ,Education,48.466,2006
Mozambique,MOZ,Education,41.104,2007
Mozambique,MOZ,Education,48.466,2008
Mozambique,MOZ,Education,63.804,2009
Mozambique,MOZ,Education,46.626,2010
Mozambique,MOZ,Education,49.080,2011
Mozambique,MOZ,Education,46.626,2012
Mozambique,MOZ,Education,46.626,2013
Mozambique,MOZ,Education,45.399,2014
Mozambique,MOZ,Education,66.871,2015
Mozambique,MOZ,Education,26.994,2016
Mozambique,MOZ,Education,65.031,2017
Mozambique,MOZ,Education,34.969,2018
Mozambique,MOZ,Education,15.951,2019
Mozambique,MOZ,Education,34.356,2020
Mozambique,MOZ,Education,4.908,2021
Mozambique,MOZ,Education,19.632,2022
Mozambique,MOZ,Education,5.521,2023
Mozambique,MOZ,Employment and Time Use,0.000,1960
Mozambique,MOZ,Employment and Time Use,0.000,1961
Mozambique,MOZ,Employment and Time Use,0.000,1962
Mozambique,MOZ,Employment and Time Use,0.000,1963
Mozambique,MOZ,Employment and Time Use,0.000,1964
Mozambique,MOZ,Employment and Time Use,0.000,1965
Mozambique,MOZ,Employment and Time Use,0.000,1966
Mozambique,MOZ,Employment and Time Use,0.000,1967
Mozambique,MOZ,Employment and Time Use,0.000,1968
Mozambique,MOZ,Employment and Time Use,0.000,1969
Mozambique,MOZ,Employment and Time Use,26.277,1970
Mozambique,MOZ,Employment and Time Use,21.168,1971
Mozambique,MOZ,Employment and Time Use,21.168,1972
Mozambique,MOZ,Employment and Time Use,21.168,1973
Mozambique,MOZ,Employment and Time Use,21.168,1974
Mozambique,MOZ,Employment and Time Use,21.168,1975
Mozambique,MOZ,Employment and Time Use,21.168,1976
Mozambique,MOZ,Employment and Time Use,21.168,1977
Mozambique,MOZ,Employment and Time Use,21.168,1978
Mozambique,MOZ,Employment and Time Use,21.168,1979
Mozambique,MOZ,Employment and Time Use,26.277,1980
Mozambique,MOZ,Employment and Time Use,21.168,1981
Mozambique,MOZ,Employment and Time Use,21.168,1982
Mozambique,MOZ,Employment and Time Use,21.168,1983
Mozambique,MOZ,Employment and Time Use,21.168,1984
Mozambique,MOZ,Employment and Time Use,21.168,1985
Mozambique,MOZ,Employment and Time Use,21.168,1986
Mozambique,MOZ,Employment and Time Use,21.168,1987
Mozambique,MOZ,Employment and Time Use,21.168,1988
Mozambique,MOZ,Employment and Time Use,21.168,1989
Mozambique,MOZ,Employment and Time Use,31.387,1990
Mozambique,MOZ,Employment and Time Use,56.204,1991
Mozambique,MOZ,Employment and Time Use,56.204,1992
Mozambique,MOZ,Employment and Time Use,56.204,1993
Mozambique,MOZ,Employment and Time Use,56.204,1994
Mozambique,MOZ,Employment and Time Use,56.204,1995
Mozambique,MOZ,Employment and Time Use,58.394,1996
Mozambique,MOZ,Employment and Time Use,64.964,1997
Mozambique,MOZ,Employment and Time Use,56.204,1998
Mozambique,MOZ,Employment and Time Use,56.204,1999
Mozambique,MOZ,Employment and Time Use,56.204,2000
Mozambique,MOZ,Employment and Time Use,56.204,2001
Mozambique,MOZ,Employment and Time Use,56.204,2002
Mozambique,MOZ,Employment and Time Use,61.314,2003
Mozambique,MOZ,Employment and Time Use,56.204,2004
Mozambique,MOZ,Employment and Time Use,56.204,2005
Mozambique,MOZ,Employment and Time Use,56.204,2006
Mozambique,MOZ,Employment and Time Use,56.204,2007
Mozambique,MOZ,Employment and Time Use,58.394,2008
Mozambique,MOZ,Employment and Time Use,56.204,2009
Mozambique,MOZ,Employment and Time Use,56.204,2010
Mozambique,MOZ,Employment and Time Use,56.204,2011
Mozambique,MOZ,Employment and Time Use,56.204,2012
Mozambique,MOZ,Employment and Time Use,56.204,2013
Mozambique,MOZ,Employment and Time Use,56.204,2014
Mozambique,MOZ,Employment and Time Use,89.781,2015
Mozambique,MOZ,Employment and Time Use,56.204,2016
Mozambique,MOZ,Employment and Time Use,56.204,2017
Mozambique,MOZ,Employment and Time Use,56.204,2018
Mozambique,MOZ,Employment and Time Use,56.204,2019
Mozambique,MOZ,Employment and Time Use,56.204,2020
Mozambique,MOZ,Employment and Time Use,56.204,2021
Mozambique,MOZ,Employment and Time Use,90.511,2022
Mozambique,MOZ,Employment and Time Use,59.124,2023
Mozambique,MOZ,Entrepreneurship,0.000,1960
Mozambique,MOZ,Entrepreneurship,0.000,1961
Mozambique,MOZ,Entrepreneurship,0.000,1962
Mozambique,MOZ,Entrepreneurship,0.000,1963
Mozambique,MOZ,Entrepreneurship,0.000,1964
Mozambique,MOZ,Entrepreneurship,0.000,1965
Mozambique,MOZ,Entrepreneurship,0.000,1966
Mozambique,MOZ,Entrepreneurship,0.000,1967
Mozambique,MOZ,Entrepreneurship,0.000,1968
Mozambique,MOZ,Entrepreneurship,0.000,1969
Mozambique,MOZ,Entrepreneurship,9.375,1970
Mozambique,MOZ,Entrepreneurship,9.375,1971
Mozambique,MOZ,Entrepreneurship,9.375,1972
Mozambique,MOZ,Entrepreneurship,9.375,1973
Mozambique,MOZ,Entrepreneurship,9.375,1974
Mozambique,MOZ,Entrepreneurship,9.375,1975
Mozambique,MOZ,Entrepreneurship,9.375,1976
Mozambique,MOZ,Entrepreneurship,9.375,1977
Mozambique,MOZ,Entrepreneurship,9.375,1978
Mozambique,MOZ,Entrepreneurship,9.375,1979
Mozambique,MOZ,Entrepreneurship,9.375,1980
Mozambique,MOZ,Entrepreneurship,9.375,1981
Mozambique,MOZ,Entrepreneurship,9.375,1982
Mozambique,MOZ,Entrepreneurship,9.375,1983
Mozambique,MOZ,Entrepreneurship,9.375,1984
Mozambique,MOZ,Entrepreneurship,9.375,1985
Mozambique,MOZ,Entrepreneurship,9.375,1986
Mozambique,MOZ,Entrepreneurship,9.375,1987
Mozambique,MOZ,Entrepreneurship,9.375,1988
Mozambique,MOZ,Entrepreneurship,9.375,1989
Mozambique,MOZ,Entrepreneurship,9.375,1990
Mozambique,MOZ,Entrepreneurship,9.375,1991
Mozambique,MOZ,Entrepreneurship,9.375,1992
Mozambique,MOZ,Entrepreneurship,9.375,1993
Mozambique,MOZ,Entrepreneurship,9.375,1994
Mozambique,MOZ,Entrepreneurship,9.375,1995
Mozambique,MOZ,Entrepreneurship,9.375,1996
Mozambique,MOZ,Entrepreneurship,9.375,1997
Mozambique,MOZ,Entrepreneurship,9.375,1998
Mozambique,MOZ,Entrepreneurship,9.375,1999
Mozambique,MOZ,Entrepreneurship,9.375,2000
Mozambique,MOZ,Entrepreneurship,9.375,2001
Mozambique,MOZ,Entrepreneurship,9.375,2002
Mozambique,MOZ,Entrepreneurship,37.500,2003
Mozambique,MOZ,Entrepreneurship,37.500,2004
Mozambique,MOZ,Entrepreneurship,37.500,2005
Mozambique,MOZ,Entrepreneurship,37.500,2006
Mozambique,MOZ,Entrepreneurship,40.625,2007
Mozambique,MOZ,Entrepreneurship,37.500,2008
Mozambique,MOZ,Entrepreneurship,37.500,2009
Mozambique,MOZ,Entrepreneurship,37.500,2010
Mozambique,MOZ,Entrepreneurship,37.500,2011
Mozambique,MOZ,Entrepreneurship,37.500,2012
Mozambique,MOZ,Entrepreneurship,37.500,2013
Mozambique,MOZ,Entrepreneurship,50.000,2014
Mozambique,MOZ,Entrepreneurship,50.000,2015
Mozambique,MOZ,Entrepreneurship,50.000,2016
Mozambique,MOZ,Entrepreneurship,68.750,2017
Mozambique,MOZ,Entrepreneurship,56.250,2018
Mozambique,MOZ,Entrepreneurship,62.500,2019
Mozambique,MOZ,Entrepreneurship,34.375,2020
Mozambique,MOZ,Entrepreneurship,9.375,2021
Mozambique,MOZ,Entrepreneurship,9.375,2022
Mozambique,MOZ,Entrepreneurship,9.375,2023
Mozambique,MOZ,Environment,0.000,1960
Mozambique,MOZ,Environment,0.000,1961
Mozambique,MOZ,Environment,0.000,1962
Mozambique,MOZ,Environment,0.000,1963
Mozambique,MOZ,Environment,0.000,1964
Mozambique,MOZ,Environment,0.000,1965
Mozambique,MOZ,Environment,0.000,1966
Mozambique,MOZ,Environment,0.000,1967
Mozambique,MOZ,Environment,0.000,1968
Mozambique,MOZ,Environment,0.000,1969
Mozambique,MOZ,Environment,0.000,1970
Mozambique,MOZ,Environment,0.000,1971
Mozambique,MOZ,Environment,0.000,1972
Mozambique,MOZ,Environment,0.000,1973
Mozambique,MOZ,Environment,0.000,1974
Mozambique,MOZ,Environment,0.000,1975
Mozambique,MOZ,Environment,0.000,1976
Mozambique,MOZ,Environment,0.000,1977
Mozambique,MOZ,Environment,0.000,1978
Mozambique,MOZ,Environment,0.000,1979
Mozambique,MOZ,Environment,0.000,1980
Mozambique,MOZ,Environment,0.000,1981
Mozambique,MOZ,Environment,0.000,1982
Mozambique,MOZ,Environment,0.000,1983
Mozambique,MOZ,Environment,0.000,1984
Mozambique,MOZ,Environment,0.000,1985
Mozambique,MOZ,Environment,0.000,1986
Mozambique,MOZ,Environment,0.000,1987
Mozambique,MOZ,Environment,0.000,1988
Mozambique,MOZ,Environment,0.000,1989
Mozambique,MOZ,Environment,0.000,1990
Mozambique,MOZ,Environment,0.000,1991
Mozambique,MOZ,Environment,0.000,1992
Mozambique,MOZ,Environment,0.000,1993
Mozambique,MOZ,Environment,0.000,1994
Mozambique,MOZ,Environment,0.000,1995
Mozambique,MOZ,Environment,0.000,1996
Mozambique,MOZ,Environment,10.000,1997
Mozambique,MOZ,Environment,0.000,1998
Mozambique,MOZ,Environment,0.000,1999
Mozambique,MOZ,Environment,10.000,2000
Mozambique,MOZ,Environment,10.000,2001
Mozambique,MOZ,Environment,10.000,2002
Mozambique,MOZ,Environment,36.667,2003
Mozambique,MOZ,Environment,13.333,2004
Mozambique,MOZ,Environment,13.333,2005
Mozambique,MOZ,Environment,13.333,2006
Mozambique,MOZ,Environment,10.000,2007
Mozambique,MOZ,Environment,13.333,2008
Mozambique,MOZ,Environment,33.333,2009
Mozambique,MOZ,Environment,13.333,2010
Mozambique,MOZ,Environment,50.000,2011
Mozambique,MOZ,Environment,13.333,2012
Mozambique,MOZ,Environment,13.333,2013
Mozambique,MOZ,Environment,13.333,2014
Mozambique,MOZ,Environment,53.333,2015
Mozambique,MOZ,Environment,13.333,2016
Mozambique,MOZ,Environment,23.333,2017
Mozambique,MOZ,Environment,40.000,2018
Mozambique,MOZ,Environment,30.000,2019
Mozambique,MOZ,Environment,10.000,2020
Mozambique,MOZ,Environment,20.000,2021
Mozambique,MOZ,Environment,10.000,2022
Mozambique,MOZ,Environment,0.000,2023
Mozambique,MOZ,Health,3.030,1960
Mozambique,MOZ,Health,3.030,1961
Mozambique,MOZ,Health,3.030,1962
Mozambique,MOZ,Health,3.535,1963
Mozambique,MOZ,Health,3.535,1964
Mozambique,MOZ,Health,3.535,1965
Mozambique,MOZ,Health,3.535,1966
Mozambique,MOZ,Health,6.061,1967
Mozambique,MOZ,Health,7.576,1968
Mozambique,MOZ,Health,7.576,1969
Mozambique,MOZ,Health,7.576,1970
Mozambique,MOZ,Health,7.576,1971
Mozambique,MOZ,Health,8.586,1972
Mozambique,MOZ,Health,8.586,1973
Mozambique,MOZ,Health,8.586,1974
Mozambique,MOZ,Health,11.111,1975
Mozambique,MOZ,Health,11.111,1976
Mozambique,MOZ,Health,11.111,1977
Mozambique,MOZ,Health,11.111,1978
Mozambique,MOZ,Health,11.111,1979
Mozambique,MOZ,Health,11.111,1980
Mozambique,MOZ,Health,12.121,1981
Mozambique,MOZ,Health,12.121,1982
Mozambique,MOZ,Health,12.121,1983
Mozambique,MOZ,Health,12.121,1984
Mozambique,MOZ,Health,12.121,1985
Mozambique,MOZ,Health,12.121,1986
Mozambique,MOZ,Health,12.121,1987
Mozambique,MOZ,Health,12.121,1988
Mozambique,MOZ,Health,12.121,1989
Mozambique,MOZ,Health,16.667,1990
Mozambique,MOZ,Health,16.667,1991
Mozambique,MOZ,Health,16.667,1992
Mozambique,MOZ,Health,16.667,1993
Mozambique,MOZ,Health,16.667,1994
Mozambique,MOZ,Health,18.182,1995
Mozambique,MOZ,Health,16.667,1996
Mozambique,MOZ,Health,30.303,1997
Mozambique,MOZ,Health,16.667,1998
Mozambique,MOZ,Health,16.667,1999
Mozambique,MOZ,Health,57.071,2000
Mozambique,MOZ,Health,39.394,2001
Mozambique,MOZ,Health,31.818,2002
Mozambique,MOZ,Health,57.071,2003
Mozambique,MOZ,Health,33.838,2004
Mozambique,MOZ,Health,33.333,2005
Mozambique,MOZ,Health,31.818,2006
Mozambique,MOZ,Health,32.323,2007
Mozambique,MOZ,Health,42.424,2008
Mozambique,MOZ,Health,35.859,2009
Mozambique,MOZ,Health,60.606,2010
Mozambique,MOZ,Health,58.081,2011
Mozambique,MOZ,Health,32.323,2012
Mozambique,MOZ,Health,32.323,2013
Mozambique,MOZ,Health,32.323,2014
Mozambique,MOZ,Health,77.778,2015
Mozambique,MOZ,Health,32.323,2016
Mozambique,MOZ,Health,35.859,2017
Mozambique,MOZ,Health,37.879,2018
Mozambique,MOZ,Health,57.071,2019
Mozambique,MOZ,Health,35.859,2020
Mozambique,MOZ,Health,19.697,2021
Mozambique,MOZ,Health,24.747,2022
Mozambique,MOZ,Health,6.566,2023
Mozambique,MOZ,Leadership,0.000,1960
Mozambique,MOZ,Leadership,0.000,1961
Mozambique,MOZ,Leadership,0.000,1962
Mozambique,MOZ,Leadership,0.000,1963
Mozambique,MOZ,Leadership,0.000,1964
Mozambique,MOZ,Leadership,0.000,1965
Mozambique,MOZ,Leadership,0.000,1966
Mozambique,MOZ,Leadership,0.000,1967
Mozambique,MOZ,Leadership,0.000,1968
Mozambique,MOZ,Leadership,0.000,1969
Mozambique,MOZ,Leadership,0.000,1970
Mozambique,MOZ,Leadership,0.000,1971
Mozambique,MOZ,Leadership,0.000,1972
Mozambique,MOZ,Leadership,0.000,1973
Mozambique,MOZ,Leadership,0.000,1974
Mozambique,MOZ,Leadership,0.000,1975
Mozambique,MOZ,Leadership,0.000,1976
Mozambique,MOZ,Leadership,0.000,1977
Mozambique,MOZ,Leadership,0.000,1978
Mozambique,MOZ,Leadership,0.000,1979
Mozambique,MOZ,Leadership,0.000,1980
Mozambique,MOZ,Leadership,0.000,1981
Mozambique,MOZ,Leadership,0.000,1982
Mozambique,MOZ,Leadership,0.000,1983
Mozambique,MOZ,Leadership,0.000,1984
Mozambique,MOZ,Leadership,0.000,1985
Mozambique,MOZ,Leadership,0.000,1986
Mozambique,MOZ,Leadership,0.000,1987
Mozambique,MOZ,Leadership,0.000,1988
Mozambique,MOZ,Leadership,0.000,1989
Mozambique,MOZ,Leadership,0.000,1990
Mozambique,MOZ,Leadership,0.000,1991
Mozambique,MOZ,Leadership,0.000,1992
Mozambique,MOZ,Leadership,0.000,1993
Mozambique,MOZ,Leadership,0.000,1994
Mozambique,MOZ,Leadership,0.000,1995
Mozambique,MOZ,Leadership,0.000,1996
Mozambique,MOZ,Leadership,25.000,1997
Mozambique,MOZ,Leadership,25.000,1998
Mozambique,MOZ,Leadership,0.000,1999
Mozambique,MOZ,Leadership,25.000,2000
Mozambique,MOZ,Leadership,25.000,2001
Mozambique,MOZ,Leadership,25.000,2002
Mozambique,MOZ,Leadership,25.000,2003
Mozambique,MOZ,Leadership,25.000,2004
Mozambique,MOZ,Leadership,50.000,2005
Mozambique,MOZ,Leadership,25.000,2006
Mozambique,MOZ,Leadership,25.000,2007
Mozambique,MOZ,Leadership,50.000,2008
Mozambique,MOZ,Leadership,25.000,2009
Mozambique,MOZ,Leadership,50.000,2010
Mozambique,MOZ,Leadership,25.000,2011
Mozambique,MOZ,Leadership,50.000,2012
Mozambique,MOZ,Leadership,25.000,2013
Mozambique,MOZ,Leadership,25.000,2014
Mozambique,MOZ,Leadership,75.000,2015
Mozambique,MOZ,Leadership,50.000,2016
Mozambique,MOZ,Leadership,25.000,2017
Mozambique,MOZ,Leadership,75.000,2018
Mozambique,MOZ,Leadership,50.000,2019
Mozambique,MOZ,Leadership,50.000,2020
Mozambique,MOZ,Leadership,25.000,2021
Mozambique,MOZ,Leadership,75.000,2022
Mozambique,MOZ,Leadership,25.000,2023
Mozambique,MOZ,Norms and Decision-making,1.481,1960
Mozambique,MOZ,Norms and Decision-making,0.000,1961
Mozambique,MOZ,Norms and Decision-making,0.000,1962
Mozambique,MOZ,Norms and Decision-making,0.000,1963
Mozambique,MOZ,Norms and Decision-making,0.000,1964
Mozambique,MOZ,Norms and Decision-making,0.000,1965
Mozambique,MOZ,Norms and Decision-making,0.000,1966
Mozambique,MOZ,Norms and Decision-making,0.000,1967
Mozambique,MOZ,Norms and Decision-making,0.000,1968
Mozambique,MOZ,Norms and Decision-making,0.000,1969
Mozambique,MOZ,Norms and Decision-making,14.074,1970
Mozambique,MOZ,Norms and Decision-making,12.593,1971
Mozambique,MOZ,Norms and Decision-making,12.593,1972
Mozambique,MOZ,Norms and Decision-making,12.593,1973
Mozambique,MOZ,Norms and Decision-making,12.593,1974
Mozambique,MOZ,Norms and Decision-making,12.593,1975
Mozambique,MOZ,Norms and Decision-making,12.593,1976
Mozambique,MOZ,Norms and Decision-making,12.593,1977
Mozambique,MOZ,Norms and Decision-making,12.593,1978
Mozambique,MOZ,Norms and Decision-making,12.593,1979
Mozambique,MOZ,Norms and Decision-making,14.074,1980
Mozambique,MOZ,Norms and Decision-making,12.593,1981
Mozambique,MOZ,Norms and Decision-making,12.593,1982
Mozambique,MOZ,Norms and Decision-making,12.593,1983
Mozambique,MOZ,Norms and Decision-making,12.593,1984
Mozambique,MOZ,Norms and Decision-making,12.593,1985
Mozambique,MOZ,Norms and Decision-making,12.593,1986
Mozambique,MOZ,Norms and Decision-making,12.593,1987
Mozambique,MOZ,Norms and Decision-making,12.593,1988
Mozambique,MOZ,Norms and Decision-making,12.593,1989
Mozambique,MOZ,Norms and Decision-making,12.593,1990
Mozambique,MOZ,Norms and Decision-making,12.593,1991
Mozambique,MOZ,Norms and Decision-making,12.593,1992
Mozambique,MOZ,Norms and Decision-making,12.593,1993
Mozambique,MOZ,Norms and Decision-making,12.593,1994
Mozambique,MOZ,Norms and Decision-making,12.593,1995
Mozambique,MOZ,Norms and Decision-making,12.593,1996
Mozambique,MOZ,Norms and Decision-making,21.481,1997
Mozambique,MOZ,Norms and Decision-making,12.593,1998
Mozambique,MOZ,Norms and Decision-making,12.593,1999
Mozambique,MOZ,Norms and Decision-making,12.593,2000
Mozambique,MOZ,Norms and Decision-making,12.593,2001
Mozambique,MOZ,Norms and Decision-making,12.593,2002
Mozambique,MOZ,Norms and Decision-making,94.815,2003
Mozambique,MOZ,Norms and Decision-making,12.593,2004
Mozambique,MOZ,Norms and Decision-making,12.593,2005
Mozambique,MOZ,Norms and Decision-making,12.593,2006
Mozambique,MOZ,Norms and Decision-making,14.074,2007
Mozambique,MOZ,Norms and Decision-making,14.815,2008
Mozambique,MOZ,Norms and Decision-making,20.000,2009
Mozambique,MOZ,Norms and Decision-making,12.593,2010
Mozambique,MOZ,Norms and Decision-making,72.593,2011
Mozambique,MOZ,Norms and Decision-making,12.593,2012
Mozambique,MOZ,Norms and Decision-making,12.593,2013
Mozambique,MOZ,Norms and Decision-making,12.593,2014
Mozambique,MOZ,Norms and Decision-making,66.667,2015
Mozambique,MOZ,Norms and Decision-making,12.593,2016
Mozambique,MOZ,Norms and Decision-making,14.074,2017
Mozambique,MOZ,Norms and Decision-making,12.593,2018
Mozambique,MOZ,Norms and Decision-making,12.593,2019
Mozambique,MOZ,Norms and Decision-making,12.593,2020
Mozambique,MOZ,Norms and Decision-making,12.593,2021
Mozambique,MOZ,Norms and Decision-making,12.593,2022
Mozambique,MOZ,Norms and Decision-making,47.407,2023
Mozambique,MOZ,Population,89.286,1960
Mozambique,MOZ,Population,86.905,1961
Mozambique,MOZ,Population,86.905,1962
Mozambique,MOZ,Population,86.905,1963
Mozambique,MOZ,Population,86.905,1964
Mozambique,MOZ,Population,86.905,1965
Mozambique,MOZ,Population,86.905,1966
Mozambique,MOZ,Population,86.905,1967
Mozambique,MOZ,Population,86.905,1968
Mozambique,MOZ,Population,86.905,1969
Mozambique,MOZ,Population,89.286,1970
Mozambique,MOZ,Population,86.905,1971
Mozambique,MOZ,Population,86.905,1972
Mozambique,MOZ,Population,86.905,1973
Mozambique,MOZ,Population,86.905,1974
Mozambique,MOZ,Population,86.905,1975
Mozambique,MOZ,Population,86.905,1976
Mozambique,MOZ,Population,86.905,1977
Mozambique,MOZ,Population,86.905,1978
Mozambique,MOZ,Population,86.905,1979
Mozambique,MOZ,Population,94.048,1980
Mozambique,MOZ,Population,86.905,1981
Mozambique,MOZ,Population,86.905,1982
Mozambique,MOZ,Population,86.905,1983
Mozambique,MOZ,Population,86.905,1984
Mozambique,MOZ,Population,91.667,1985
Mozambique,MOZ,Population,86.905,1986
Mozambique,MOZ,Population,86.905,1987
Mozambique,MOZ,Population,86.905,1988
Mozambique,MOZ,Population,86.905,1989
Mozambique,MOZ,Population,92.857,1990
Mozambique,MOZ,Population,86.905,1991
Mozambique,MOZ,Population,86.905,1992
Mozambique,MOZ,Population,86.905,1993
Mozambique,MOZ,Population,86.905,1994
Mozambique,MOZ,Population,92.857,1995
Mozambique,MOZ,Population,86.905,1996
Mozambique,MOZ,Population,90.476,1997
Mozambique,MOZ,Population,86.905,1998
Mozambique,MOZ,Population,86.905,1999
Mozambique,MOZ,Population,92.857,2000
Mozambique,MOZ,Population,86.905,2001
Mozambique,MOZ,Population,86.905,2002
Mozambique,MOZ,Population,89.286,2003
Mozambique,MOZ,Population,86.905,2004
Mozambique,MOZ,Population,92.857,2005
Mozambique,MOZ,Population,86.905,2006
Mozambique,MOZ,Population,89.286,2007
Mozambique,MOZ,Population,89.286,2008
Mozambique,MOZ,Population,90.476,2009
Mozambique,MOZ,Population,92.857,2010
Mozambique,MOZ,Population,94.048,2011
Mozambique,MOZ,Population,86.905,2012
Mozambique,MOZ,Population,86.905,2013
Mozambique,MOZ,Population,86.905,2014
Mozambique,MOZ,Population,100.000,2015
Mozambique,MOZ,Population,86.905,2016
Mozambique,MOZ,Population,89.286,2017
Mozambique,MOZ,Population,88.095,2018
Mozambique,MOZ,Population,86.905,2019
Mozambique,MOZ,Population,88.095,2020
Mozambique,MOZ,Population,86.905,2021
Mozambique,MOZ,Population,86.905,2022
Mozambique,MOZ,Population,78.571,2023
Mozambique,MOZ,SDGs,0.671,1960
Mozambique,MOZ,SDGs,0.671,1961
Mozambique,MOZ,SDGs,0.671,1962
Mozambique,MOZ,SDGs,1.342,1963
Mozambique,MOZ,SDGs,1.342,1964
Mozambique,MOZ,SDGs,1.342,1965
Mozambique,MOZ,SDGs,1.342,1966
Mozambique,MOZ,SDGs,2.685,1967
Mozambique,MOZ,SDGs,2.685,1968
Mozambique,MOZ,SDGs,2.685,1969
Mozambique,MOZ,SDGs,11.409,1970
Mozambique,MOZ,SDGs,11.409,1971
Mozambique,MOZ,SDGs,11.409,1972
Mozambique,MOZ,SDGs,11.409,1973
Mozambique,MOZ,SDGs,11.409,1974
Mozambique,MOZ,SDGs,11.409,1975
Mozambique,MOZ,SDGs,11.409,1976
Mozambique,MOZ,SDGs,11.409,1977
Mozambique,MOZ,SDGs,11.409,1978
Mozambique,MOZ,SDGs,11.409,1979
Mozambique,MOZ,SDGs,11.409,1980
Mozambique,MOZ,SDGs,12.081,1981
Mozambique,MOZ,SDGs,12.081,1982
Mozambique,MOZ,SDGs,12.081,1983
Mozambique,MOZ,SDGs,12.081,1984
Mozambique,MOZ,SDGs,12.081,1985
Mozambique,MOZ,SDGs,12.081,1986
Mozambique,MOZ,SDGs,12.081,1987
Mozambique,MOZ,SDGs,12.081,1988
Mozambique,MOZ,SDGs,12.081,1989
Mozambique,MOZ,SDGs,16.107,1990
Mozambique,MOZ,SDGs,20.134,1991
Mozambique,MOZ,SDGs,20.134,1992
Mozambique,MOZ,SDGs,20.134,1993
Mozambique,MOZ,SDGs,20.134,1994
Mozambique,MOZ,SDGs,20.134,1995
Mozambique,MOZ,SDGs,20.134,1996
Mozambique,MOZ,SDGs,25.503,1997
Mozambique,MOZ,SDGs,20.805,1998
Mozambique,MOZ,SDGs,20.134,1999
Mozambique,MOZ,SDGs,65.772,2000
Mozambique,MOZ,SDGs,33.557,2001
Mozambique,MOZ,SDGs,33.557,2002
Mozambique,MOZ,SDGs,36.242,2003
Mozambique,MOZ,SDGs,34.228,2004
Mozambique,MOZ,SDGs,35.570,2005
Mozambique,MOZ,SDGs,33.557,2006
Mozambique,MOZ,SDGs,34.228,2007
Mozambique,MOZ,SDGs,34.228,2008
Mozambique,MOZ,SDGs,34.899,2009
Mozambique,MOZ,SDGs,65.772,2010
Mozambique,MOZ,SDGs,37.584,2011
Mozambique,MOZ,SDGs,33.557,2012
Mozambique,MOZ,SDGs,33.557,2013
Mozambique,MOZ,SDGs,32.886,2014
Mozambique,MOZ,SDGs,73.154,2015
Mozambique,MOZ,SDGs,33.557,2016
Mozambique,MOZ,SDGs,35.570,2017
Mozambique,MOZ,SDGs,36.913,2018
Mozambique,MOZ,SDGs,69.799,2019
Mozambique,MOZ,SDGs,27.517,2020
Mozambique,MOZ,SDGs,24.832,2021
Mozambique,MOZ,SDGs,26.846,2022
Mozambique,MOZ,SDGs,15.436,2023
Mozambique,MOZ,Technology,0.000,1960
Mozambique,MOZ,Technology,0.000,1961
Mozambique,MOZ,Technology,0.000,1962
Mozambique,MOZ,Technology,0.000,1963
Mozambique,MOZ,Technology,0.000,1964
Mozambique,MOZ,Technology,0.000,1965
Mozambique,MOZ,Technology,0.000,1966
Mozambique,MOZ,Technology,0.000,1967
Mozambique,MOZ,Technology,0.000,1968
Mozambique,MOZ,Technology,0.000,1969
Mozambique,MOZ,Technology,0.000,1970
Mozambique,MOZ,Technology,0.000,1971
Mozambique,MOZ,Technology,0.000,1972
Mozambique,MOZ,Technology,0.000,1973
Mozambique,MOZ,Technology,0.000,1974
Mozambique,MOZ,Technology,0.000,1975
Mozambique,MOZ,Technology,0.000,1976
Mozambique,MOZ,Technology,0.000,1977
Mozambique,MOZ,Technology,0.000,1978
Mozambique,MOZ,Technology,0.000,1979
Mozambique,MOZ,Technology,0.000,1980
Mozambique,MOZ,Technology,0.000,1981
Mozambique,MOZ,Technology,0.000,1982
Mozambique,MOZ,Technology,0.000,1983
Mozambique,MOZ,Technology,0.000,1984
Mozambique,MOZ,Technology,0.000,1985
Mozambique,MOZ,Technology,0.000,1986
Mozambique,MOZ,Technology,0.000,1987
Mozambique,MOZ,Technology,0.000,1988
Mozambique,MOZ,Technology,0.000,1989
Mozambique,MOZ,Technology,2.222,1990
Mozambique,MOZ,Technology,2.222,1991
Mozambique,MOZ,Technology,2.222,1992
Mozambique,MOZ,Technology,2.222,1993
Mozambique,MOZ,Technology,2.222,1994
Mozambique,MOZ,Technology,2.222,1995
Mozambique,MOZ,Technology,2.222,1996
Mozambique,MOZ,Technology,2.222,1997
Mozambique,MOZ,Technology,2.222,1998
Mozambique,MOZ,Technology,2.222,1999
Mozambique,MOZ,Technology,2.222,2000
Mozambique,MOZ,Technology,2.222,2001
Mozambique,MOZ,Technology,2.222,2002
Mozambique,MOZ,Technology,2.222,2003
Mozambique,MOZ,Technology,8.889,2004
Mozambique,MOZ,Technology,8.889,2005
Mozambique,MOZ,Technology,6.667,2006
Mozambique,MOZ,Technology,2.222,2007
Mozambique,MOZ,Technology,8.889,2008
Mozambique,MOZ,Technology,8.889,2009
Mozambique,MOZ,Technology,4.444,2010
Mozambique,MOZ,Technology,2.222,2011
Mozambique,MOZ,Technology,6.667,2012
Mozambique,MOZ,Technology,4.444,2013
Mozambique,MOZ,Technology,4.444,2014
Mozambique,MOZ,Technology,8.889,2015
Mozambique,MOZ,Technology,8.889,2016
Mozambique,MOZ,Technology,66.667,2017
Mozambique,MOZ,Technology,8.889,2018
Mozambique,MOZ,Technology,2.222,2019
Mozambique,MOZ,Technology,2.222,2020
Mozambique,MOZ,Technology,82.222,2021
Mozambique,MOZ,Technology,2.222,2022
Mozambique,MOZ,Technology,0.000,2023
Mozambique,MOZ,Violence,0.000,1960
Mozambique,MOZ,Violence,0.000,1961
Mozambique,MOZ,Violence,0.000,1962
Mozambique,MOZ,Violence,0.000,1963
Mozambique,MOZ,Violence,0.000,1964
Mozambique,MOZ,Violence,0.000,1965
Mozambique,MOZ,Violence,0.000,1966
Mozambique,MOZ,Violence,0.000,1967
Mozambique,MOZ,Violence,0.000,1968
Mozambique,MOZ,Violence,0.000,1969
Mozambique,MOZ,Violence,2.143,1970
Mozambique,MOZ,Violence,2.143,1971
Mozambique,MOZ,Violence,2.143,1972
Mozambique,MOZ,Violence,2.143,1973
Mozambique,MOZ,Violence,2.143,1974
Mozambique,MOZ,Violence,2.143,1975
Mozambique,MOZ,Violence,2.143,1976
Mozambique,MOZ,Violence,2.143,1977
Mozambique,MOZ,Violence,2.143,1978
Mozambique,MOZ,Violence,2.143,1979
Mozambique,MOZ,Violence,2.143,1980
Mozambique,MOZ,Violence,2.143,1981
Mozambique,MOZ,Violence,2.143,1982
Mozambique,MOZ,Violence,2.143,1983
Mozambique,MOZ,Violence,2.143,1984
Mozambique,MOZ,Violence,2.143,1985
Mozambique,MOZ,Violence,2.143,1986
Mozambique,MOZ,Violence,2.143,1987
Mozambique,MOZ,Violence,2.143,1988
Mozambique,MOZ,Violence,2.143,1989
Mozambique,MOZ,Violence,2.143,1990
Mozambique,MOZ,Violence,2.143,1991
Mozambique,MOZ,Violence,2.143,1992
Mozambique,MOZ,Violence,2.143,1993
Mozambique,MOZ,Violence,2.143,1994
Mozambique,MOZ,Violence,2.143,1995
Mozambique,MOZ,Violence,2.143,1996
Mozambique,MOZ,Violence,6.429,1997
Mozambique,MOZ,Violence,2.143,1998
Mozambique,MOZ,Violence,2.143,1999
Mozambique,MOZ,Violence,4.286,2000
Mozambique,MOZ,Violence,5.000,2001
Mozambique,MOZ,Violence,5.000,2002
Mozambique,MOZ,Violence,60.714,2003
Mozambique,MOZ,Violence,5.000,2004
Mozambique,MOZ,Violence,5.000,2005
Mozambique,MOZ,Violence,5.000,2006
Mozambique,MOZ,Violence,5.000,2007
Mozambique,MOZ,Violence,5.000,2008
Mozambique,MOZ,Violence,7.857,2009
Mozambique,MOZ,Violence,5.000,2010
Mozambique,MOZ,Violence,54.286,2011
Mozambique,MOZ,Violence,4.286,2012
Mozambique,MOZ,Violence,4.286,2013
Mozambique,MOZ,Violence,4.286,2014
Mozambique,MOZ,Violence,54.286,2015
Mozambique,MOZ,Violence,4.286,2016
Mozambique,MOZ,Violence,4.286,2017
Mozambique,MOZ,Violence,7.143,2018
Mozambique,MOZ,Violence,4.286,2019
Mozambique,MOZ,Violence,2.143,2020
Mozambique,MOZ,Violence,2.143,2021
Mozambique,MOZ,Violence,2.143,2022
Mozambique,MOZ,Violence,40.000,2023
Mozambique,MOZ,Youth 15-24,4.587,1960
Mozambique,MOZ,Youth 15-24,4.587,1961
Mozambique,MOZ,Youth 15-24,4.587,1962
Mozambique,MOZ,Youth 15-24,4.587,1963
Mozambique,MOZ,Youth 15-24,4.587,1964
Mozambique,MOZ,Youth 15-24,4.587,1965
Mozambique,MOZ,Youth 15-24,4.587,1966
Mozambique,MOZ,Youth 15-24,4.587,1967
Mozambique,MOZ,Youth 15-24,4.587,1968
Mozambique,MOZ,Youth 15-24,4.587,1969
Mozambique,MOZ,Youth 15-24,7.339,1970
Mozambique,MOZ,Youth 15-24,8.257,1971
Mozambique,MOZ,Youth 15-24,7.339,1972
Mozambique,MOZ,Youth 15-24,18.349,1973
Mozambique,MOZ,Youth 15-24,4.587,1974
Mozambique,MOZ,Youth 15-24,4.587,1975
Mozambique,MOZ,Youth 15-24,5.505,1976
Mozambique,MOZ,Youth 15-24,15.596,1977
Mozambique,MOZ,Youth 15-24,15.596,1978
Mozambique,MOZ,Youth 15-24,15.596,1979
Mozambique,MOZ,Youth 15-24,27.523,1980
Mozambique,MOZ,Youth 15-24,15.596,1981
Mozambique,MOZ,Youth 15-24,21.101,1982
Mozambique,MOZ,Youth 15-24,14.679,1983
Mozambique,MOZ,Youth 15-24,7.339,1984
Mozambique,MOZ,Youth 15-24,21.101,1985
Mozambique,MOZ,Youth 15-24,14.679,1986
Mozambique,MOZ,Youth 15-24,18.349,1987
Mozambique,MOZ,Youth 15-24,4.587,1988
Mozambique,MOZ,Youth 15-24,7.339,1989
Mozambique,MOZ,Youth 15-24,22.018,1990
Mozambique,MOZ,Youth 15-24,31.193,1991
Mozambique,MOZ,Youth 15-24,37.615,1992
Mozambique,MOZ,Youth 15-24,37.615,1993
Mozambique,MOZ,Youth 15-24,39.450,1994
Mozambique,MOZ,Youth 15-24,36.697,1995
Mozambique,MOZ,Youth 15-24,22.018,1996
Mozambique,MOZ,Youth 15-24,33.945,1997
Mozambique,MOZ,Youth 15-24,21.101,1998
Mozambique,MOZ,Youth 15-24,40.367,1999
Mozambique,MOZ,Youth 15-24,40.367,2000
Mozambique,MOZ,Youth 15-24,43.119,2001
Mozambique,MOZ,Youth 15-24,40.367,2002
Mozambique,MOZ,Youth 15-24,37.615,2003
Mozambique,MOZ,Youth 15-24,54.128,2004
Mozambique,MOZ,Youth 15-24,55.046,2005
Mozambique,MOZ,Youth 15-24,51.376,2006
Mozambique,MOZ,Youth 15-24,43.119,2007
Mozambique,MOZ,Youth 15-24,55.046,2008
Mozambique,MOZ,Youth 15-24,73.394,2009
Mozambique,MOZ,Youth 15-24,50.459,2010
Mozambique,MOZ,Youth 15-24,56.881,2011
Mozambique,MOZ,Youth 15-24,51.376,2012
Mozambique,MOZ,Youth 15-24,48.624,2013
Mozambique,MOZ,Youth 15-24,48.624,2014
Mozambique,MOZ,Youth 15-24,87.156,2015
Mozambique,MOZ,Youth 15-24,38.532,2016
Mozambique,MOZ,Youth 15-24,62.385,2017
Mozambique,MOZ,Youth 15-24,41.284,2018
Mozambique,MOZ,Youth 15-24,27.523,2019
Mozambique,MOZ,Youth 15-24,35.780,2020
Mozambique,MOZ,Youth 15-24,22.018,2021
Mozambique,MOZ,Youth 15-24,39.450,2022
Mozambique,MOZ,Youth 15-24,21.101,2023
