Country Name,Country Code,Topic,% of available indicators,Year
Norway,NOR,Assets,0.000,1960
Norway,NOR,Assets,0.000,1961
Norway,NOR,Assets,0.000,1962
Norway,NOR,Assets,0.000,1963
Norway,NOR,Assets,0.000,1964
Norway,NOR,Assets,0.000,1965
Norway,NOR,Assets,0.000,1966
Norway,NOR,Assets,0.000,1967
Norway,NOR,Assets,0.000,1968
Norway,NOR,Assets,0.000,1969
Norway,NOR,Assets,2.208,1970
Norway,NOR,Assets,2.208,1971
Norway,NOR,Assets,2.208,1972
Norway,NOR,Assets,2.208,1973
Norway,NOR,Assets,2.208,1974
Norway,NOR,Assets,2.208,1975
Norway,NOR,Assets,2.208,1976
Norway,NOR,Assets,2.208,1977
Norway,NOR,Assets,2.208,1978
Norway,NOR,Assets,2.208,1979
Norway,NOR,Assets,2.208,1980
Norway,NOR,Assets,2.208,1981
Norway,NOR,Assets,2.208,1982
Norway,NOR,Assets,2.208,1983
Norway,NOR,Assets,2.208,1984
Norway,NOR,Assets,2.208,1985
Norway,NOR,Assets,2.208,1986
Norway,NOR,Assets,2.208,1987
Norway,NOR,Assets,2.208,1988
Norway,NOR,Assets,2.208,1989
Norway,NOR,Assets,2.208,1990
Norway,NOR,Assets,2.208,1991
Norway,NOR,Assets,2.208,1992
Norway,NOR,Assets,2.208,1993
Norway,NOR,Assets,2.208,1994
Norway,NOR,Assets,2.208,1995
Norway,NOR,Assets,2.208,1996
Norway,NOR,Assets,2.208,1997
Norway,NOR,Assets,2.208,1998
Norway,NOR,Assets,2.208,1999
Norway,NOR,Assets,2.208,2000
Norway,NOR,Assets,2.208,2001
Norway,NOR,Assets,2.208,2002
Norway,NOR,Assets,2.208,2003
Norway,NOR,Assets,2.208,2004
Norway,NOR,Assets,2.208,2005
Norway,NOR,Assets,2.208,2006
Norway,NOR,Assets,2.208,2007
Norway,NOR,Assets,2.208,2008
Norway,NOR,Assets,2.208,2009
Norway,NOR,Assets,2.208,2010
Norway,NOR,Assets,2.208,2011
Norway,NOR,Assets,2.208,2012
Norway,NOR,Assets,2.208,2013
Norway,NOR,Assets,24.921,2014
Norway,NOR,Assets,2.208,2015
Norway,NOR,Assets,2.208,2016
Norway,NOR,Assets,26.814,2017
Norway,NOR,Assets,2.208,2018
Norway,NOR,Assets,2.208,2019
Norway,NOR,Assets,2.208,2020
Norway,NOR,Assets,51.735,2021
Norway,NOR,Assets,2.208,2022
Norway,NOR,Assets,2.208,2023
Norway,NOR,Children 0-14,19.231,1960
Norway,NOR,Children 0-14,19.231,1961
Norway,NOR,Children 0-14,19.231,1962
Norway,NOR,Children 0-14,19.231,1963
Norway,NOR,Children 0-14,19.231,1964
Norway,NOR,Children 0-14,19.231,1965
Norway,NOR,Children 0-14,19.231,1966
Norway,NOR,Children 0-14,19.231,1967
Norway,NOR,Children 0-14,19.231,1968
Norway,NOR,Children 0-14,19.231,1969
Norway,NOR,Children 0-14,21.538,1970
Norway,NOR,Children 0-14,29.231,1971
Norway,NOR,Children 0-14,28.462,1972
Norway,NOR,Children 0-14,27.692,1973
Norway,NOR,Children 0-14,27.692,1974
Norway,NOR,Children 0-14,30.769,1975
Norway,NOR,Children 0-14,36.154,1976
Norway,NOR,Children 0-14,33.077,1977
Norway,NOR,Children 0-14,36.154,1978
Norway,NOR,Children 0-14,36.154,1979
Norway,NOR,Children 0-14,33.846,1980
Norway,NOR,Children 0-14,36.154,1981
Norway,NOR,Children 0-14,34.615,1982
Norway,NOR,Children 0-14,25.385,1983
Norway,NOR,Children 0-14,37.692,1984
Norway,NOR,Children 0-14,37.692,1985
Norway,NOR,Children 0-14,37.692,1986
Norway,NOR,Children 0-14,37.692,1987
Norway,NOR,Children 0-14,37.692,1988
Norway,NOR,Children 0-14,37.692,1989
Norway,NOR,Children 0-14,40.000,1990
Norway,NOR,Children 0-14,34.615,1991
Norway,NOR,Children 0-14,37.692,1992
Norway,NOR,Children 0-14,36.154,1993
Norway,NOR,Children 0-14,35.385,1994
Norway,NOR,Children 0-14,34.615,1995
Norway,NOR,Children 0-14,34.615,1996
Norway,NOR,Children 0-14,34.615,1997
Norway,NOR,Children 0-14,38.462,1998
Norway,NOR,Children 0-14,38.462,1999
Norway,NOR,Children 0-14,51.538,2000
Norway,NOR,Children 0-14,44.615,2001
Norway,NOR,Children 0-14,38.462,2002
Norway,NOR,Children 0-14,40.000,2003
Norway,NOR,Children 0-14,42.308,2004
Norway,NOR,Children 0-14,42.308,2005
Norway,NOR,Children 0-14,48.462,2006
Norway,NOR,Children 0-14,44.615,2007
Norway,NOR,Children 0-14,46.154,2008
Norway,NOR,Children 0-14,46.154,2009
Norway,NOR,Children 0-14,61.538,2010
Norway,NOR,Children 0-14,53.077,2011
Norway,NOR,Children 0-14,43.077,2012
Norway,NOR,Children 0-14,45.385,2013
Norway,NOR,Children 0-14,51.538,2014
Norway,NOR,Children 0-14,60.769,2015
Norway,NOR,Children 0-14,53.846,2016
Norway,NOR,Children 0-14,50.769,2017
Norway,NOR,Children 0-14,42.308,2018
Norway,NOR,Children 0-14,53.846,2019
Norway,NOR,Children 0-14,43.846,2020
Norway,NOR,Children 0-14,39.231,2021
Norway,NOR,Children 0-14,36.154,2022
Norway,NOR,Children 0-14,9.231,2023
Norway,NOR,Education,0.000,1960
Norway,NOR,Education,0.000,1961
Norway,NOR,Education,0.000,1962
Norway,NOR,Education,0.000,1963
Norway,NOR,Education,0.000,1964
Norway,NOR,Education,0.000,1965
Norway,NOR,Education,0.000,1966
Norway,NOR,Education,0.000,1967
Norway,NOR,Education,0.000,1968
Norway,NOR,Education,0.000,1969
Norway,NOR,Education,5.521,1970
Norway,NOR,Education,20.859,1971
Norway,NOR,Education,19.632,1972
Norway,NOR,Education,20.245,1973
Norway,NOR,Education,18.405,1974
Norway,NOR,Education,24.540,1975
Norway,NOR,Education,25.767,1976
Norway,NOR,Education,23.313,1977
Norway,NOR,Education,27.607,1978
Norway,NOR,Education,26.994,1979
Norway,NOR,Education,27.607,1980
Norway,NOR,Education,27.607,1981
Norway,NOR,Education,26.380,1982
Norway,NOR,Education,15.337,1983
Norway,NOR,Education,26.994,1984
Norway,NOR,Education,27.607,1985
Norway,NOR,Education,27.607,1986
Norway,NOR,Education,27.607,1987
Norway,NOR,Education,27.607,1988
Norway,NOR,Education,27.607,1989
Norway,NOR,Education,33.129,1990
Norway,NOR,Education,25.153,1991
Norway,NOR,Education,26.994,1992
Norway,NOR,Education,25.767,1993
Norway,NOR,Education,23.313,1994
Norway,NOR,Education,25.153,1995
Norway,NOR,Education,22.699,1996
Norway,NOR,Education,26.380,1997
Norway,NOR,Education,37.423,1998
Norway,NOR,Education,46.012,1999
Norway,NOR,Education,46.012,2000
Norway,NOR,Education,50.920,2001
Norway,NOR,Education,46.626,2002
Norway,NOR,Education,46.012,2003
Norway,NOR,Education,57.055,2004
Norway,NOR,Education,57.055,2005
Norway,NOR,Education,51.534,2006
Norway,NOR,Education,58.896,2007
Norway,NOR,Education,60.123,2008
Norway,NOR,Education,60.123,2009
Norway,NOR,Education,76.687,2010
Norway,NOR,Education,68.712,2011
Norway,NOR,Education,63.190,2012
Norway,NOR,Education,66.258,2013
Norway,NOR,Education,72.393,2014
Norway,NOR,Education,68.712,2015
Norway,NOR,Education,73.620,2016
Norway,NOR,Education,76.687,2017
Norway,NOR,Education,53.988,2018
Norway,NOR,Education,40.491,2019
Norway,NOR,Education,51.534,2020
Norway,NOR,Education,38.650,2021
Norway,NOR,Education,35.583,2022
Norway,NOR,Education,1.840,2023
Norway,NOR,Employment and Time Use,5.109,1960
Norway,NOR,Employment and Time Use,0.000,1961
Norway,NOR,Employment and Time Use,0.000,1962
Norway,NOR,Employment and Time Use,0.000,1963
Norway,NOR,Employment and Time Use,0.000,1964
Norway,NOR,Employment and Time Use,0.000,1965
Norway,NOR,Employment and Time Use,0.000,1966
Norway,NOR,Employment and Time Use,0.000,1967
Norway,NOR,Employment and Time Use,0.000,1968
Norway,NOR,Employment and Time Use,0.000,1969
Norway,NOR,Employment and Time Use,26.277,1970
Norway,NOR,Employment and Time Use,21.168,1971
Norway,NOR,Employment and Time Use,23.358,1972
Norway,NOR,Employment and Time Use,23.358,1973
Norway,NOR,Employment and Time Use,23.358,1974
Norway,NOR,Employment and Time Use,23.358,1975
Norway,NOR,Employment and Time Use,23.358,1976
Norway,NOR,Employment and Time Use,23.358,1977
Norway,NOR,Employment and Time Use,23.358,1978
Norway,NOR,Employment and Time Use,23.358,1979
Norway,NOR,Employment and Time Use,26.277,1980
Norway,NOR,Employment and Time Use,26.277,1981
Norway,NOR,Employment and Time Use,31.387,1982
Norway,NOR,Employment and Time Use,31.387,1983
Norway,NOR,Employment and Time Use,31.387,1984
Norway,NOR,Employment and Time Use,31.387,1985
Norway,NOR,Employment and Time Use,31.387,1986
Norway,NOR,Employment and Time Use,31.387,1987
Norway,NOR,Employment and Time Use,31.387,1988
Norway,NOR,Employment and Time Use,31.387,1989
Norway,NOR,Employment and Time Use,45.985,1990
Norway,NOR,Employment and Time Use,70.803,1991
Norway,NOR,Employment and Time Use,70.803,1992
Norway,NOR,Employment and Time Use,70.803,1993
Norway,NOR,Employment and Time Use,70.803,1994
Norway,NOR,Employment and Time Use,75.182,1995
Norway,NOR,Employment and Time Use,86.131,1996
Norway,NOR,Employment and Time Use,86.131,1997
Norway,NOR,Employment and Time Use,86.131,1998
Norway,NOR,Employment and Time Use,86.131,1999
Norway,NOR,Employment and Time Use,86.861,2000
Norway,NOR,Employment and Time Use,89.781,2001
Norway,NOR,Employment and Time Use,88.321,2002
Norway,NOR,Employment and Time Use,89.051,2003
Norway,NOR,Employment and Time Use,89.051,2004
Norway,NOR,Employment and Time Use,89.051,2005
Norway,NOR,Employment and Time Use,90.511,2006
Norway,NOR,Employment and Time Use,90.511,2007
Norway,NOR,Employment and Time Use,90.511,2008
Norway,NOR,Employment and Time Use,90.511,2009
Norway,NOR,Employment and Time Use,90.511,2010
Norway,NOR,Employment and Time Use,91.971,2011
Norway,NOR,Employment and Time Use,90.511,2012
Norway,NOR,Employment and Time Use,90.511,2013
Norway,NOR,Employment and Time Use,90.511,2014
Norway,NOR,Employment and Time Use,90.511,2015
Norway,NOR,Employment and Time Use,90.511,2016
Norway,NOR,Employment and Time Use,90.511,2017
Norway,NOR,Employment and Time Use,90.511,2018
Norway,NOR,Employment and Time Use,90.511,2019
Norway,NOR,Employment and Time Use,90.511,2020
Norway,NOR,Employment and Time Use,90.511,2021
Norway,NOR,Employment and Time Use,90.511,2022
Norway,NOR,Employment and Time Use,92.701,2023
Norway,NOR,Entrepreneurship,0.000,1960
Norway,NOR,Entrepreneurship,0.000,1961
Norway,NOR,Entrepreneurship,0.000,1962
Norway,NOR,Entrepreneurship,0.000,1963
Norway,NOR,Entrepreneurship,0.000,1964
Norway,NOR,Entrepreneurship,0.000,1965
Norway,NOR,Entrepreneurship,0.000,1966
Norway,NOR,Entrepreneurship,0.000,1967
Norway,NOR,Entrepreneurship,0.000,1968
Norway,NOR,Entrepreneurship,0.000,1969
Norway,NOR,Entrepreneurship,9.375,1970
Norway,NOR,Entrepreneurship,9.375,1971
Norway,NOR,Entrepreneurship,9.375,1972
Norway,NOR,Entrepreneurship,9.375,1973
Norway,NOR,Entrepreneurship,9.375,1974
Norway,NOR,Entrepreneurship,9.375,1975
Norway,NOR,Entrepreneurship,9.375,1976
Norway,NOR,Entrepreneurship,9.375,1977
Norway,NOR,Entrepreneurship,9.375,1978
Norway,NOR,Entrepreneurship,9.375,1979
Norway,NOR,Entrepreneurship,9.375,1980
Norway,NOR,Entrepreneurship,9.375,1981
Norway,NOR,Entrepreneurship,9.375,1982
Norway,NOR,Entrepreneurship,9.375,1983
Norway,NOR,Entrepreneurship,9.375,1984
Norway,NOR,Entrepreneurship,9.375,1985
Norway,NOR,Entrepreneurship,9.375,1986
Norway,NOR,Entrepreneurship,9.375,1987
Norway,NOR,Entrepreneurship,9.375,1988
Norway,NOR,Entrepreneurship,9.375,1989
Norway,NOR,Entrepreneurship,9.375,1990
Norway,NOR,Entrepreneurship,9.375,1991
Norway,NOR,Entrepreneurship,9.375,1992
Norway,NOR,Entrepreneurship,9.375,1993
Norway,NOR,Entrepreneurship,9.375,1994
Norway,NOR,Entrepreneurship,9.375,1995
Norway,NOR,Entrepreneurship,9.375,1996
Norway,NOR,Entrepreneurship,9.375,1997
Norway,NOR,Entrepreneurship,9.375,1998
Norway,NOR,Entrepreneurship,9.375,1999
Norway,NOR,Entrepreneurship,9.375,2000
Norway,NOR,Entrepreneurship,9.375,2001
Norway,NOR,Entrepreneurship,9.375,2002
Norway,NOR,Entrepreneurship,37.500,2003
Norway,NOR,Entrepreneurship,37.500,2004
Norway,NOR,Entrepreneurship,37.500,2005
Norway,NOR,Entrepreneurship,37.500,2006
Norway,NOR,Entrepreneurship,37.500,2007
Norway,NOR,Entrepreneurship,37.500,2008
Norway,NOR,Entrepreneurship,37.500,2009
Norway,NOR,Entrepreneurship,37.500,2010
Norway,NOR,Entrepreneurship,37.500,2011
Norway,NOR,Entrepreneurship,37.500,2012
Norway,NOR,Entrepreneurship,37.500,2013
Norway,NOR,Entrepreneurship,81.250,2014
Norway,NOR,Entrepreneurship,62.500,2015
Norway,NOR,Entrepreneurship,75.000,2016
Norway,NOR,Entrepreneurship,93.750,2017
Norway,NOR,Entrepreneurship,75.000,2018
Norway,NOR,Entrepreneurship,75.000,2019
Norway,NOR,Entrepreneurship,46.875,2020
Norway,NOR,Entrepreneurship,34.375,2021
Norway,NOR,Entrepreneurship,34.375,2022
Norway,NOR,Entrepreneurship,9.375,2023
Norway,NOR,Environment,0.000,1960
Norway,NOR,Environment,0.000,1961
Norway,NOR,Environment,0.000,1962
Norway,NOR,Environment,0.000,1963
Norway,NOR,Environment,0.000,1964
Norway,NOR,Environment,0.000,1965
Norway,NOR,Environment,0.000,1966
Norway,NOR,Environment,0.000,1967
Norway,NOR,Environment,0.000,1968
Norway,NOR,Environment,0.000,1969
Norway,NOR,Environment,0.000,1970
Norway,NOR,Environment,0.000,1971
Norway,NOR,Environment,0.000,1972
Norway,NOR,Environment,0.000,1973
Norway,NOR,Environment,0.000,1974
Norway,NOR,Environment,0.000,1975
Norway,NOR,Environment,0.000,1976
Norway,NOR,Environment,0.000,1977
Norway,NOR,Environment,0.000,1978
Norway,NOR,Environment,0.000,1979
Norway,NOR,Environment,0.000,1980
Norway,NOR,Environment,0.000,1981
Norway,NOR,Environment,0.000,1982
Norway,NOR,Environment,0.000,1983
Norway,NOR,Environment,0.000,1984
Norway,NOR,Environment,0.000,1985
Norway,NOR,Environment,0.000,1986
Norway,NOR,Environment,0.000,1987
Norway,NOR,Environment,0.000,1988
Norway,NOR,Environment,0.000,1989
Norway,NOR,Environment,0.000,1990
Norway,NOR,Environment,0.000,1991
Norway,NOR,Environment,0.000,1992
Norway,NOR,Environment,0.000,1993
Norway,NOR,Environment,0.000,1994
Norway,NOR,Environment,0.000,1995
Norway,NOR,Environment,0.000,1996
Norway,NOR,Environment,0.000,1997
Norway,NOR,Environment,0.000,1998
Norway,NOR,Environment,3.333,1999
Norway,NOR,Environment,13.333,2000
Norway,NOR,Environment,13.333,2001
Norway,NOR,Environment,13.333,2002
Norway,NOR,Environment,13.333,2003
Norway,NOR,Environment,13.333,2004
Norway,NOR,Environment,13.333,2005
Norway,NOR,Environment,10.000,2006
Norway,NOR,Environment,13.333,2007
Norway,NOR,Environment,13.333,2008
Norway,NOR,Environment,13.333,2009
Norway,NOR,Environment,13.333,2010
Norway,NOR,Environment,13.333,2011
Norway,NOR,Environment,13.333,2012
Norway,NOR,Environment,13.333,2013
Norway,NOR,Environment,13.333,2014
Norway,NOR,Environment,13.333,2015
Norway,NOR,Environment,13.333,2016
Norway,NOR,Environment,13.333,2017
Norway,NOR,Environment,10.000,2018
Norway,NOR,Environment,30.000,2019
Norway,NOR,Environment,10.000,2020
Norway,NOR,Environment,10.000,2021
Norway,NOR,Environment,10.000,2022
Norway,NOR,Environment,0.000,2023
Norway,NOR,Health,8.586,1960
Norway,NOR,Health,8.586,1961
Norway,NOR,Health,8.586,1962
Norway,NOR,Health,8.586,1963
Norway,NOR,Health,8.586,1964
Norway,NOR,Health,8.586,1965
Norway,NOR,Health,8.586,1966
Norway,NOR,Health,8.586,1967
Norway,NOR,Health,8.586,1968
Norway,NOR,Health,8.586,1969
Norway,NOR,Health,8.586,1970
Norway,NOR,Health,8.586,1971
Norway,NOR,Health,8.586,1972
Norway,NOR,Health,8.586,1973
Norway,NOR,Health,8.586,1974
Norway,NOR,Health,11.111,1975
Norway,NOR,Health,11.111,1976
Norway,NOR,Health,11.111,1977
Norway,NOR,Health,11.111,1978
Norway,NOR,Health,11.111,1979
Norway,NOR,Health,11.111,1980
Norway,NOR,Health,11.111,1981
Norway,NOR,Health,11.111,1982
Norway,NOR,Health,12.121,1983
Norway,NOR,Health,12.121,1984
Norway,NOR,Health,12.626,1985
Norway,NOR,Health,12.626,1986
Norway,NOR,Health,12.626,1987
Norway,NOR,Health,13.131,1988
Norway,NOR,Health,13.636,1989
Norway,NOR,Health,13.636,1990
Norway,NOR,Health,13.636,1991
Norway,NOR,Health,13.636,1992
Norway,NOR,Health,13.636,1993
Norway,NOR,Health,13.636,1994
Norway,NOR,Health,13.636,1995
Norway,NOR,Health,13.636,1996
Norway,NOR,Health,13.636,1997
Norway,NOR,Health,13.636,1998
Norway,NOR,Health,13.636,1999
Norway,NOR,Health,51.010,2000
Norway,NOR,Health,27.273,2001
Norway,NOR,Health,27.273,2002
Norway,NOR,Health,27.273,2003
Norway,NOR,Health,27.273,2004
Norway,NOR,Health,28.788,2005
Norway,NOR,Health,27.273,2006
Norway,NOR,Health,27.273,2007
Norway,NOR,Health,27.273,2008
Norway,NOR,Health,27.273,2009
Norway,NOR,Health,54.040,2010
Norway,NOR,Health,27.273,2011
Norway,NOR,Health,27.273,2012
Norway,NOR,Health,27.273,2013
Norway,NOR,Health,28.788,2014
Norway,NOR,Health,51.010,2015
Norway,NOR,Health,27.273,2016
Norway,NOR,Health,29.293,2017
Norway,NOR,Health,28.788,2018
Norway,NOR,Health,51.515,2019
Norway,NOR,Health,21.212,2020
Norway,NOR,Health,14.646,2021
Norway,NOR,Health,11.616,2022
Norway,NOR,Health,1.010,2023
Norway,NOR,Leadership,0.000,1960
Norway,NOR,Leadership,0.000,1961
Norway,NOR,Leadership,0.000,1962
Norway,NOR,Leadership,0.000,1963
Norway,NOR,Leadership,0.000,1964
Norway,NOR,Leadership,0.000,1965
Norway,NOR,Leadership,0.000,1966
Norway,NOR,Leadership,0.000,1967
Norway,NOR,Leadership,0.000,1968
Norway,NOR,Leadership,0.000,1969
Norway,NOR,Leadership,0.000,1970
Norway,NOR,Leadership,0.000,1971
Norway,NOR,Leadership,0.000,1972
Norway,NOR,Leadership,0.000,1973
Norway,NOR,Leadership,0.000,1974
Norway,NOR,Leadership,0.000,1975
Norway,NOR,Leadership,0.000,1976
Norway,NOR,Leadership,0.000,1977
Norway,NOR,Leadership,0.000,1978
Norway,NOR,Leadership,0.000,1979
Norway,NOR,Leadership,0.000,1980
Norway,NOR,Leadership,0.000,1981
Norway,NOR,Leadership,0.000,1982
Norway,NOR,Leadership,0.000,1983
Norway,NOR,Leadership,0.000,1984
Norway,NOR,Leadership,0.000,1985
Norway,NOR,Leadership,0.000,1986
Norway,NOR,Leadership,0.000,1987
Norway,NOR,Leadership,0.000,1988
Norway,NOR,Leadership,0.000,1989
Norway,NOR,Leadership,0.000,1990
Norway,NOR,Leadership,0.000,1991
Norway,NOR,Leadership,0.000,1992
Norway,NOR,Leadership,0.000,1993
Norway,NOR,Leadership,0.000,1994
Norway,NOR,Leadership,0.000,1995
Norway,NOR,Leadership,0.000,1996
Norway,NOR,Leadership,25.000,1997
Norway,NOR,Leadership,25.000,1998
Norway,NOR,Leadership,25.000,1999
Norway,NOR,Leadership,50.000,2000
Norway,NOR,Leadership,50.000,2001
Norway,NOR,Leadership,50.000,2002
Norway,NOR,Leadership,50.000,2003
Norway,NOR,Leadership,50.000,2004
Norway,NOR,Leadership,75.000,2005
Norway,NOR,Leadership,50.000,2006
Norway,NOR,Leadership,50.000,2007
Norway,NOR,Leadership,75.000,2008
Norway,NOR,Leadership,50.000,2009
Norway,NOR,Leadership,75.000,2010
Norway,NOR,Leadership,50.000,2011
Norway,NOR,Leadership,75.000,2012
Norway,NOR,Leadership,50.000,2013
Norway,NOR,Leadership,75.000,2014
Norway,NOR,Leadership,75.000,2015
Norway,NOR,Leadership,75.000,2016
Norway,NOR,Leadership,50.000,2017
Norway,NOR,Leadership,75.000,2018
Norway,NOR,Leadership,75.000,2019
Norway,NOR,Leadership,75.000,2020
Norway,NOR,Leadership,50.000,2021
Norway,NOR,Leadership,75.000,2022
Norway,NOR,Leadership,25.000,2023
Norway,NOR,Norms and Decision-making,0.000,1960
Norway,NOR,Norms and Decision-making,0.000,1961
Norway,NOR,Norms and Decision-making,0.000,1962
Norway,NOR,Norms and Decision-making,0.000,1963
Norway,NOR,Norms and Decision-making,0.000,1964
Norway,NOR,Norms and Decision-making,0.000,1965
Norway,NOR,Norms and Decision-making,0.000,1966
Norway,NOR,Norms and Decision-making,0.000,1967
Norway,NOR,Norms and Decision-making,0.000,1968
Norway,NOR,Norms and Decision-making,0.000,1969
Norway,NOR,Norms and Decision-making,14.074,1970
Norway,NOR,Norms and Decision-making,12.593,1971
Norway,NOR,Norms and Decision-making,14.074,1972
Norway,NOR,Norms and Decision-making,14.074,1973
Norway,NOR,Norms and Decision-making,14.074,1974
Norway,NOR,Norms and Decision-making,14.074,1975
Norway,NOR,Norms and Decision-making,14.074,1976
Norway,NOR,Norms and Decision-making,14.074,1977
Norway,NOR,Norms and Decision-making,14.074,1978
Norway,NOR,Norms and Decision-making,14.074,1979
Norway,NOR,Norms and Decision-making,14.074,1980
Norway,NOR,Norms and Decision-making,14.074,1981
Norway,NOR,Norms and Decision-making,14.074,1982
Norway,NOR,Norms and Decision-making,14.074,1983
Norway,NOR,Norms and Decision-making,14.074,1984
Norway,NOR,Norms and Decision-making,12.593,1985
Norway,NOR,Norms and Decision-making,14.074,1986
Norway,NOR,Norms and Decision-making,14.074,1987
Norway,NOR,Norms and Decision-making,14.074,1988
Norway,NOR,Norms and Decision-making,14.074,1989
Norway,NOR,Norms and Decision-making,14.074,1990
Norway,NOR,Norms and Decision-making,14.074,1991
Norway,NOR,Norms and Decision-making,14.074,1992
Norway,NOR,Norms and Decision-making,14.074,1993
Norway,NOR,Norms and Decision-making,12.593,1994
Norway,NOR,Norms and Decision-making,12.593,1995
Norway,NOR,Norms and Decision-making,14.074,1996
Norway,NOR,Norms and Decision-making,14.074,1997
Norway,NOR,Norms and Decision-making,14.074,1998
Norway,NOR,Norms and Decision-making,14.074,1999
Norway,NOR,Norms and Decision-making,14.074,2000
Norway,NOR,Norms and Decision-making,14.074,2001
Norway,NOR,Norms and Decision-making,14.074,2002
Norway,NOR,Norms and Decision-making,12.593,2003
Norway,NOR,Norms and Decision-making,14.074,2004
Norway,NOR,Norms and Decision-making,14.074,2005
Norway,NOR,Norms and Decision-making,14.074,2006
Norway,NOR,Norms and Decision-making,14.074,2007
Norway,NOR,Norms and Decision-making,14.074,2008
Norway,NOR,Norms and Decision-making,14.074,2009
Norway,NOR,Norms and Decision-making,14.074,2010
Norway,NOR,Norms and Decision-making,14.074,2011
Norway,NOR,Norms and Decision-making,14.074,2012
Norway,NOR,Norms and Decision-making,12.593,2013
Norway,NOR,Norms and Decision-making,14.074,2014
Norway,NOR,Norms and Decision-making,14.074,2015
Norway,NOR,Norms and Decision-making,14.074,2016
Norway,NOR,Norms and Decision-making,14.074,2017
Norway,NOR,Norms and Decision-making,14.074,2018
Norway,NOR,Norms and Decision-making,12.593,2019
Norway,NOR,Norms and Decision-making,12.593,2020
Norway,NOR,Norms and Decision-making,12.593,2021
Norway,NOR,Norms and Decision-making,14.074,2022
Norway,NOR,Norms and Decision-making,12.593,2023
Norway,NOR,Population,86.905,1960
Norway,NOR,Population,86.905,1961
Norway,NOR,Population,86.905,1962
Norway,NOR,Population,86.905,1963
Norway,NOR,Population,86.905,1964
Norway,NOR,Population,86.905,1965
Norway,NOR,Population,86.905,1966
Norway,NOR,Population,86.905,1967
Norway,NOR,Population,86.905,1968
Norway,NOR,Population,86.905,1969
Norway,NOR,Population,89.286,1970
Norway,NOR,Population,86.905,1971
Norway,NOR,Population,89.286,1972
Norway,NOR,Population,89.286,1973
Norway,NOR,Population,89.286,1974
Norway,NOR,Population,89.286,1975
Norway,NOR,Population,89.286,1976
Norway,NOR,Population,89.286,1977
Norway,NOR,Population,89.286,1978
Norway,NOR,Population,89.286,1979
Norway,NOR,Population,94.048,1980
Norway,NOR,Population,89.286,1981
Norway,NOR,Population,89.286,1982
Norway,NOR,Population,89.286,1983
Norway,NOR,Population,89.286,1984
Norway,NOR,Population,91.667,1985
Norway,NOR,Population,89.286,1986
Norway,NOR,Population,89.286,1987
Norway,NOR,Population,89.286,1988
Norway,NOR,Population,89.286,1989
Norway,NOR,Population,95.238,1990
Norway,NOR,Population,89.286,1991
Norway,NOR,Population,89.286,1992
Norway,NOR,Population,89.286,1993
Norway,NOR,Population,86.905,1994
Norway,NOR,Population,92.857,1995
Norway,NOR,Population,89.286,1996
Norway,NOR,Population,89.286,1997
Norway,NOR,Population,89.286,1998
Norway,NOR,Population,89.286,1999
Norway,NOR,Population,95.238,2000
Norway,NOR,Population,89.286,2001
Norway,NOR,Population,89.286,2002
Norway,NOR,Population,86.905,2003
Norway,NOR,Population,89.286,2004
Norway,NOR,Population,95.238,2005
Norway,NOR,Population,89.286,2006
Norway,NOR,Population,89.286,2007
Norway,NOR,Population,89.286,2008
Norway,NOR,Population,89.286,2009
Norway,NOR,Population,95.238,2010
Norway,NOR,Population,90.476,2011
Norway,NOR,Population,89.286,2012
Norway,NOR,Population,86.905,2013
Norway,NOR,Population,90.476,2014
Norway,NOR,Population,95.238,2015
Norway,NOR,Population,89.286,2016
Norway,NOR,Population,90.476,2017
Norway,NOR,Population,89.286,2018
Norway,NOR,Population,86.905,2019
Norway,NOR,Population,90.476,2020
Norway,NOR,Population,86.905,2021
Norway,NOR,Population,88.095,2022
Norway,NOR,Population,77.381,2023
Norway,NOR,SDGs,2.685,1960
Norway,NOR,SDGs,2.685,1961
Norway,NOR,SDGs,2.685,1962
Norway,NOR,SDGs,2.685,1963
Norway,NOR,SDGs,2.685,1964
Norway,NOR,SDGs,2.685,1965
Norway,NOR,SDGs,2.685,1966
Norway,NOR,SDGs,2.685,1967
Norway,NOR,SDGs,2.685,1968
Norway,NOR,SDGs,2.685,1969
Norway,NOR,SDGs,11.409,1970
Norway,NOR,SDGs,11.409,1971
Norway,NOR,SDGs,13.423,1972
Norway,NOR,SDGs,13.423,1973
Norway,NOR,SDGs,13.423,1974
Norway,NOR,SDGs,13.423,1975
Norway,NOR,SDGs,13.423,1976
Norway,NOR,SDGs,13.423,1977
Norway,NOR,SDGs,13.423,1978
Norway,NOR,SDGs,13.423,1979
Norway,NOR,SDGs,11.409,1980
Norway,NOR,SDGs,11.409,1981
Norway,NOR,SDGs,15.436,1982
Norway,NOR,SDGs,16.107,1983
Norway,NOR,SDGs,16.107,1984
Norway,NOR,SDGs,16.779,1985
Norway,NOR,SDGs,16.779,1986
Norway,NOR,SDGs,16.779,1987
Norway,NOR,SDGs,17.450,1988
Norway,NOR,SDGs,16.779,1989
Norway,NOR,SDGs,17.450,1990
Norway,NOR,SDGs,21.477,1991
Norway,NOR,SDGs,21.477,1992
Norway,NOR,SDGs,21.477,1993
Norway,NOR,SDGs,21.477,1994
Norway,NOR,SDGs,21.477,1995
Norway,NOR,SDGs,21.477,1996
Norway,NOR,SDGs,22.148,1997
Norway,NOR,SDGs,22.148,1998
Norway,NOR,SDGs,22.148,1999
Norway,NOR,SDGs,66.443,2000
Norway,NOR,SDGs,38.255,2001
Norway,NOR,SDGs,34.899,2002
Norway,NOR,SDGs,34.899,2003
Norway,NOR,SDGs,34.899,2004
Norway,NOR,SDGs,36.913,2005
Norway,NOR,SDGs,36.913,2006
Norway,NOR,SDGs,34.899,2007
Norway,NOR,SDGs,34.899,2008
Norway,NOR,SDGs,34.899,2009
Norway,NOR,SDGs,66.443,2010
Norway,NOR,SDGs,38.255,2011
Norway,NOR,SDGs,34.899,2012
Norway,NOR,SDGs,34.899,2013
Norway,NOR,SDGs,36.913,2014
Norway,NOR,SDGs,66.443,2015
Norway,NOR,SDGs,36.913,2016
Norway,NOR,SDGs,36.913,2017
Norway,NOR,SDGs,37.584,2018
Norway,NOR,SDGs,70.470,2019
Norway,NOR,SDGs,28.188,2020
Norway,NOR,SDGs,25.503,2021
Norway,NOR,SDGs,24.161,2022
Norway,NOR,SDGs,18.121,2023
Norway,NOR,Technology,0.000,1960
Norway,NOR,Technology,0.000,1961
Norway,NOR,Technology,0.000,1962
Norway,NOR,Technology,0.000,1963
Norway,NOR,Technology,0.000,1964
Norway,NOR,Technology,0.000,1965
Norway,NOR,Technology,0.000,1966
Norway,NOR,Technology,0.000,1967
Norway,NOR,Technology,0.000,1968
Norway,NOR,Technology,0.000,1969
Norway,NOR,Technology,0.000,1970
Norway,NOR,Technology,0.000,1971
Norway,NOR,Technology,0.000,1972
Norway,NOR,Technology,0.000,1973
Norway,NOR,Technology,0.000,1974
Norway,NOR,Technology,0.000,1975
Norway,NOR,Technology,0.000,1976
Norway,NOR,Technology,0.000,1977
Norway,NOR,Technology,0.000,1978
Norway,NOR,Technology,0.000,1979
Norway,NOR,Technology,0.000,1980
Norway,NOR,Technology,0.000,1981
Norway,NOR,Technology,0.000,1982
Norway,NOR,Technology,0.000,1983
Norway,NOR,Technology,0.000,1984
Norway,NOR,Technology,0.000,1985
Norway,NOR,Technology,0.000,1986
Norway,NOR,Technology,0.000,1987
Norway,NOR,Technology,0.000,1988
Norway,NOR,Technology,0.000,1989
Norway,NOR,Technology,2.222,1990
Norway,NOR,Technology,2.222,1991
Norway,NOR,Technology,2.222,1992
Norway,NOR,Technology,2.222,1993
Norway,NOR,Technology,2.222,1994
Norway,NOR,Technology,2.222,1995
Norway,NOR,Technology,2.222,1996
Norway,NOR,Technology,2.222,1997
Norway,NOR,Technology,2.222,1998
Norway,NOR,Technology,8.889,1999
Norway,NOR,Technology,8.889,2000
Norway,NOR,Technology,8.889,2001
Norway,NOR,Technology,8.889,2002
Norway,NOR,Technology,8.889,2003
Norway,NOR,Technology,13.333,2004
Norway,NOR,Technology,13.333,2005
Norway,NOR,Technology,6.667,2006
Norway,NOR,Technology,13.333,2007
Norway,NOR,Technology,13.333,2008
Norway,NOR,Technology,13.333,2009
Norway,NOR,Technology,13.333,2010
Norway,NOR,Technology,8.889,2011
Norway,NOR,Technology,13.333,2012
Norway,NOR,Technology,13.333,2013
Norway,NOR,Technology,40.000,2014
Norway,NOR,Technology,13.333,2015
Norway,NOR,Technology,13.333,2016
Norway,NOR,Technology,60.000,2017
Norway,NOR,Technology,6.667,2018
Norway,NOR,Technology,6.667,2019
Norway,NOR,Technology,6.667,2020
Norway,NOR,Technology,73.333,2021
Norway,NOR,Technology,6.667,2022
Norway,NOR,Technology,6.667,2023
Norway,NOR,Violence,0.000,1960
Norway,NOR,Violence,0.000,1961
Norway,NOR,Violence,0.000,1962
Norway,NOR,Violence,0.000,1963
Norway,NOR,Violence,0.000,1964
Norway,NOR,Violence,0.000,1965
Norway,NOR,Violence,0.000,1966
Norway,NOR,Violence,0.000,1967
Norway,NOR,Violence,0.000,1968
Norway,NOR,Violence,0.000,1969
Norway,NOR,Violence,2.143,1970
Norway,NOR,Violence,2.143,1971
Norway,NOR,Violence,2.143,1972
Norway,NOR,Violence,2.143,1973
Norway,NOR,Violence,2.143,1974
Norway,NOR,Violence,2.143,1975
Norway,NOR,Violence,2.143,1976
Norway,NOR,Violence,2.143,1977
Norway,NOR,Violence,2.143,1978
Norway,NOR,Violence,2.143,1979
Norway,NOR,Violence,2.143,1980
Norway,NOR,Violence,2.143,1981
Norway,NOR,Violence,2.143,1982
Norway,NOR,Violence,2.143,1983
Norway,NOR,Violence,2.143,1984
Norway,NOR,Violence,2.143,1985
Norway,NOR,Violence,2.143,1986
Norway,NOR,Violence,2.143,1987
Norway,NOR,Violence,2.143,1988
Norway,NOR,Violence,2.143,1989
Norway,NOR,Violence,4.286,1990
Norway,NOR,Violence,4.286,1991
Norway,NOR,Violence,4.286,1992
Norway,NOR,Violence,4.286,1993
Norway,NOR,Violence,4.286,1994
Norway,NOR,Violence,4.286,1995
Norway,NOR,Violence,4.286,1996
Norway,NOR,Violence,4.286,1997
Norway,NOR,Violence,4.286,1998
Norway,NOR,Violence,4.286,1999
Norway,NOR,Violence,6.429,2000
Norway,NOR,Violence,6.429,2001
Norway,NOR,Violence,6.429,2002
Norway,NOR,Violence,5.714,2003
Norway,NOR,Violence,6.429,2004
Norway,NOR,Violence,6.429,2005
Norway,NOR,Violence,6.429,2006
Norway,NOR,Violence,6.429,2007
Norway,NOR,Violence,6.429,2008
Norway,NOR,Violence,6.429,2009
Norway,NOR,Violence,6.429,2010
Norway,NOR,Violence,6.429,2011
Norway,NOR,Violence,6.429,2012
Norway,NOR,Violence,6.429,2013
Norway,NOR,Violence,6.429,2014
Norway,NOR,Violence,6.429,2015
Norway,NOR,Violence,6.429,2016
Norway,NOR,Violence,6.429,2017
Norway,NOR,Violence,9.286,2018
Norway,NOR,Violence,6.429,2019
Norway,NOR,Violence,4.286,2020
Norway,NOR,Violence,4.286,2021
Norway,NOR,Violence,3.571,2022
Norway,NOR,Violence,2.143,2023
Norway,NOR,Youth 15-24,7.339,1960
Norway,NOR,Youth 15-24,4.587,1961
Norway,NOR,Youth 15-24,4.587,1962
Norway,NOR,Youth 15-24,4.587,1963
Norway,NOR,Youth 15-24,4.587,1964
Norway,NOR,Youth 15-24,4.587,1965
Norway,NOR,Youth 15-24,4.587,1966
Norway,NOR,Youth 15-24,4.587,1967
Norway,NOR,Youth 15-24,4.587,1968
Norway,NOR,Youth 15-24,4.587,1969
Norway,NOR,Youth 15-24,12.844,1970
Norway,NOR,Youth 15-24,18.349,1971
Norway,NOR,Youth 15-24,18.349,1972
Norway,NOR,Youth 15-24,18.349,1973
Norway,NOR,Youth 15-24,18.349,1974
Norway,NOR,Youth 15-24,23.853,1975
Norway,NOR,Youth 15-24,18.349,1976
Norway,NOR,Youth 15-24,18.349,1977
Norway,NOR,Youth 15-24,21.101,1978
Norway,NOR,Youth 15-24,21.101,1979
Norway,NOR,Youth 15-24,26.606,1980
Norway,NOR,Youth 15-24,23.853,1981
Norway,NOR,Youth 15-24,27.523,1982
Norway,NOR,Youth 15-24,24.771,1983
Norway,NOR,Youth 15-24,27.523,1984
Norway,NOR,Youth 15-24,27.523,1985
Norway,NOR,Youth 15-24,27.523,1986
Norway,NOR,Youth 15-24,27.523,1987
Norway,NOR,Youth 15-24,27.523,1988
Norway,NOR,Youth 15-24,27.523,1989
Norway,NOR,Youth 15-24,38.532,1990
Norway,NOR,Youth 15-24,39.450,1991
Norway,NOR,Youth 15-24,39.450,1992
Norway,NOR,Youth 15-24,39.450,1993
Norway,NOR,Youth 15-24,36.697,1994
Norway,NOR,Youth 15-24,39.450,1995
Norway,NOR,Youth 15-24,36.697,1996
Norway,NOR,Youth 15-24,39.450,1997
Norway,NOR,Youth 15-24,51.376,1998
Norway,NOR,Youth 15-24,66.055,1999
Norway,NOR,Youth 15-24,66.055,2000
Norway,NOR,Youth 15-24,66.055,2001
Norway,NOR,Youth 15-24,66.055,2002
Norway,NOR,Youth 15-24,63.303,2003
Norway,NOR,Youth 15-24,77.064,2004
Norway,NOR,Youth 15-24,77.064,2005
Norway,NOR,Youth 15-24,61.468,2006
Norway,NOR,Youth 15-24,77.064,2007
Norway,NOR,Youth 15-24,77.064,2008
Norway,NOR,Youth 15-24,77.064,2009
Norway,NOR,Youth 15-24,79.817,2010
Norway,NOR,Youth 15-24,77.064,2011
Norway,NOR,Youth 15-24,79.817,2012
Norway,NOR,Youth 15-24,79.817,2013
Norway,NOR,Youth 15-24,79.817,2014
Norway,NOR,Youth 15-24,79.817,2015
Norway,NOR,Youth 15-24,79.817,2016
Norway,NOR,Youth 15-24,77.064,2017
Norway,NOR,Youth 15-24,52.294,2018
Norway,NOR,Youth 15-24,48.624,2019
Norway,NOR,Youth 15-24,48.624,2020
Norway,NOR,Youth 15-24,46.789,2021
Norway,NOR,Youth 15-24,48.624,2022
Norway,NOR,Youth 15-24,24.771,2023
