Country Name,Country Code,Topic,% of available indicators,Year
Ukraine,UKR,Assets,0.000,1960
Ukraine,UKR,Assets,0.000,1961
Ukraine,UKR,Assets,0.000,1962
Ukraine,UKR,Assets,0.000,1963
Ukraine,UKR,Assets,0.000,1964
Ukraine,UKR,Assets,0.000,1965
Ukraine,UKR,Assets,0.000,1966
Ukraine,UKR,Assets,0.000,1967
Ukraine,UKR,Assets,0.000,1968
Ukraine,UKR,Assets,0.000,1969
Ukraine,UKR,Assets,2.208,1970
Ukraine,UKR,Assets,2.208,1971
Ukraine,UKR,Assets,2.208,1972
Ukraine,UKR,Assets,2.208,1973
Ukraine,UKR,Assets,2.208,1974
Ukraine,UKR,Assets,2.208,1975
Ukraine,UKR,Assets,2.208,1976
Ukraine,UKR,Assets,2.208,1977
Ukraine,UKR,Assets,2.208,1978
Ukraine,UKR,Assets,2.208,1979
Ukraine,UKR,Assets,2.208,1980
Ukraine,UKR,Assets,2.208,1981
Ukraine,UKR,Assets,2.208,1982
Ukraine,UKR,Assets,2.208,1983
Ukraine,UKR,Assets,2.208,1984
Ukraine,UKR,Assets,2.208,1985
Ukraine,UKR,Assets,2.208,1986
Ukraine,UKR,Assets,2.208,1987
Ukraine,UKR,Assets,2.208,1988
Ukraine,UKR,Assets,2.208,1989
Ukraine,UKR,Assets,2.208,1990
Ukraine,UKR,Assets,2.208,1991
Ukraine,UKR,Assets,2.208,1992
Ukraine,UKR,Assets,2.208,1993
Ukraine,UKR,Assets,2.208,1994
Ukraine,UKR,Assets,2.208,1995
Ukraine,UKR,Assets,2.208,1996
Ukraine,UKR,Assets,2.208,1997
Ukraine,UKR,Assets,2.208,1998
Ukraine,UKR,Assets,2.208,1999
Ukraine,UKR,Assets,2.208,2000
Ukraine,UKR,Assets,2.208,2001
Ukraine,UKR,Assets,2.208,2002
Ukraine,UKR,Assets,2.208,2003
Ukraine,UKR,Assets,2.208,2004
Ukraine,UKR,Assets,2.208,2005
Ukraine,UKR,Assets,2.208,2006
Ukraine,UKR,Assets,2.208,2007
Ukraine,UKR,Assets,2.208,2008
Ukraine,UKR,Assets,2.208,2009
Ukraine,UKR,Assets,2.208,2010
Ukraine,UKR,Assets,11.672,2011
Ukraine,UKR,Assets,2.208,2012
Ukraine,UKR,Assets,2.208,2013
Ukraine,UKR,Assets,30.599,2014
Ukraine,UKR,Assets,2.208,2015
Ukraine,UKR,Assets,2.208,2016
Ukraine,UKR,Assets,33.123,2017
Ukraine,UKR,Assets,2.208,2018
Ukraine,UKR,Assets,2.208,2019
Ukraine,UKR,Assets,2.208,2020
Ukraine,UKR,Assets,61.199,2021
Ukraine,UKR,Assets,2.208,2022
Ukraine,UKR,Assets,2.208,2023
Ukraine,UKR,Children 0-14,10.769,1960
Ukraine,UKR,Children 0-14,10.769,1961
Ukraine,UKR,Children 0-14,10.769,1962
Ukraine,UKR,Children 0-14,10.769,1963
Ukraine,UKR,Children 0-14,10.769,1964
Ukraine,UKR,Children 0-14,10.769,1965
Ukraine,UKR,Children 0-14,10.769,1966
Ukraine,UKR,Children 0-14,10.769,1967
Ukraine,UKR,Children 0-14,10.769,1968
Ukraine,UKR,Children 0-14,10.769,1969
Ukraine,UKR,Children 0-14,13.077,1970
Ukraine,UKR,Children 0-14,19.231,1971
Ukraine,UKR,Children 0-14,21.538,1972
Ukraine,UKR,Children 0-14,21.538,1973
Ukraine,UKR,Children 0-14,21.538,1974
Ukraine,UKR,Children 0-14,18.462,1975
Ukraine,UKR,Children 0-14,23.077,1976
Ukraine,UKR,Children 0-14,23.077,1977
Ukraine,UKR,Children 0-14,23.077,1978
Ukraine,UKR,Children 0-14,23.077,1979
Ukraine,UKR,Children 0-14,23.077,1980
Ukraine,UKR,Children 0-14,21.538,1981
Ukraine,UKR,Children 0-14,23.077,1982
Ukraine,UKR,Children 0-14,23.077,1983
Ukraine,UKR,Children 0-14,23.077,1984
Ukraine,UKR,Children 0-14,23.077,1985
Ukraine,UKR,Children 0-14,23.077,1986
Ukraine,UKR,Children 0-14,20.000,1987
Ukraine,UKR,Children 0-14,23.077,1988
Ukraine,UKR,Children 0-14,21.538,1989
Ukraine,UKR,Children 0-14,24.615,1990
Ukraine,UKR,Children 0-14,24.615,1991
Ukraine,UKR,Children 0-14,26.154,1992
Ukraine,UKR,Children 0-14,32.308,1993
Ukraine,UKR,Children 0-14,32.308,1994
Ukraine,UKR,Children 0-14,21.538,1995
Ukraine,UKR,Children 0-14,21.538,1996
Ukraine,UKR,Children 0-14,22.308,1997
Ukraine,UKR,Children 0-14,26.154,1998
Ukraine,UKR,Children 0-14,33.077,1999
Ukraine,UKR,Children 0-14,57.692,2000
Ukraine,UKR,Children 0-14,36.154,2001
Ukraine,UKR,Children 0-14,39.231,2002
Ukraine,UKR,Children 0-14,40.000,2003
Ukraine,UKR,Children 0-14,38.462,2004
Ukraine,UKR,Children 0-14,44.615,2005
Ukraine,UKR,Children 0-14,42.308,2006
Ukraine,UKR,Children 0-14,53.846,2007
Ukraine,UKR,Children 0-14,42.308,2008
Ukraine,UKR,Children 0-14,42.308,2009
Ukraine,UKR,Children 0-14,58.462,2010
Ukraine,UKR,Children 0-14,42.308,2011
Ukraine,UKR,Children 0-14,46.923,2012
Ukraine,UKR,Children 0-14,42.308,2013
Ukraine,UKR,Children 0-14,42.308,2014
Ukraine,UKR,Children 0-14,47.692,2015
Ukraine,UKR,Children 0-14,33.846,2016
Ukraine,UKR,Children 0-14,36.154,2017
Ukraine,UKR,Children 0-14,38.462,2018
Ukraine,UKR,Children 0-14,49.231,2019
Ukraine,UKR,Children 0-14,37.692,2020
Ukraine,UKR,Children 0-14,33.077,2021
Ukraine,UKR,Children 0-14,21.538,2022
Ukraine,UKR,Children 0-14,9.231,2023
Ukraine,UKR,Education,0.000,1960
Ukraine,UKR,Education,0.000,1961
Ukraine,UKR,Education,0.000,1962
Ukraine,UKR,Education,0.000,1963
Ukraine,UKR,Education,0.000,1964
Ukraine,UKR,Education,0.000,1965
Ukraine,UKR,Education,0.000,1966
Ukraine,UKR,Education,0.000,1967
Ukraine,UKR,Education,0.000,1968
Ukraine,UKR,Education,0.000,1969
Ukraine,UKR,Education,6.135,1970
Ukraine,UKR,Education,4.294,1971
Ukraine,UKR,Education,3.681,1972
Ukraine,UKR,Education,3.681,1973
Ukraine,UKR,Education,3.067,1974
Ukraine,UKR,Education,0.613,1975
Ukraine,UKR,Education,4.294,1976
Ukraine,UKR,Education,3.681,1977
Ukraine,UKR,Education,3.681,1978
Ukraine,UKR,Education,3.681,1979
Ukraine,UKR,Education,3.067,1980
Ukraine,UKR,Education,6.135,1981
Ukraine,UKR,Education,7.362,1982
Ukraine,UKR,Education,7.362,1983
Ukraine,UKR,Education,7.362,1984
Ukraine,UKR,Education,6.748,1985
Ukraine,UKR,Education,6.748,1986
Ukraine,UKR,Education,1.840,1987
Ukraine,UKR,Education,6.748,1988
Ukraine,UKR,Education,2.454,1989
Ukraine,UKR,Education,8.589,1990
Ukraine,UKR,Education,8.589,1991
Ukraine,UKR,Education,8.589,1992
Ukraine,UKR,Education,19.632,1993
Ukraine,UKR,Education,20.859,1994
Ukraine,UKR,Education,1.227,1995
Ukraine,UKR,Education,1.227,1996
Ukraine,UKR,Education,2.454,1997
Ukraine,UKR,Education,9.816,1998
Ukraine,UKR,Education,29.448,1999
Ukraine,UKR,Education,26.380,2000
Ukraine,UKR,Education,52.147,2001
Ukraine,UKR,Education,34.969,2002
Ukraine,UKR,Education,35.583,2003
Ukraine,UKR,Education,33.129,2004
Ukraine,UKR,Education,38.037,2005
Ukraine,UKR,Education,39.264,2006
Ukraine,UKR,Education,44.172,2007
Ukraine,UKR,Education,39.264,2008
Ukraine,UKR,Education,39.264,2009
Ukraine,UKR,Education,50.307,2010
Ukraine,UKR,Education,40.491,2011
Ukraine,UKR,Education,55.215,2012
Ukraine,UKR,Education,42.331,2013
Ukraine,UKR,Education,47.239,2014
Ukraine,UKR,Education,38.037,2015
Ukraine,UKR,Education,39.264,2016
Ukraine,UKR,Education,50.307,2017
Ukraine,UKR,Education,53.374,2018
Ukraine,UKR,Education,26.994,2019
Ukraine,UKR,Education,37.423,2020
Ukraine,UKR,Education,26.994,2021
Ukraine,UKR,Education,1.227,2022
Ukraine,UKR,Education,2.454,2023
Ukraine,UKR,Employment and Time Use,0.000,1960
Ukraine,UKR,Employment and Time Use,0.000,1961
Ukraine,UKR,Employment and Time Use,0.000,1962
Ukraine,UKR,Employment and Time Use,0.000,1963
Ukraine,UKR,Employment and Time Use,0.000,1964
Ukraine,UKR,Employment and Time Use,0.000,1965
Ukraine,UKR,Employment and Time Use,0.000,1966
Ukraine,UKR,Employment and Time Use,0.000,1967
Ukraine,UKR,Employment and Time Use,0.000,1968
Ukraine,UKR,Employment and Time Use,0.000,1969
Ukraine,UKR,Employment and Time Use,24.088,1970
Ukraine,UKR,Employment and Time Use,21.168,1971
Ukraine,UKR,Employment and Time Use,21.168,1972
Ukraine,UKR,Employment and Time Use,21.168,1973
Ukraine,UKR,Employment and Time Use,21.168,1974
Ukraine,UKR,Employment and Time Use,21.168,1975
Ukraine,UKR,Employment and Time Use,21.168,1976
Ukraine,UKR,Employment and Time Use,21.168,1977
Ukraine,UKR,Employment and Time Use,21.168,1978
Ukraine,UKR,Employment and Time Use,26.277,1979
Ukraine,UKR,Employment and Time Use,21.168,1980
Ukraine,UKR,Employment and Time Use,21.168,1981
Ukraine,UKR,Employment and Time Use,21.168,1982
Ukraine,UKR,Employment and Time Use,21.168,1983
Ukraine,UKR,Employment and Time Use,21.168,1984
Ukraine,UKR,Employment and Time Use,21.168,1985
Ukraine,UKR,Employment and Time Use,21.168,1986
Ukraine,UKR,Employment and Time Use,21.168,1987
Ukraine,UKR,Employment and Time Use,21.168,1988
Ukraine,UKR,Employment and Time Use,26.277,1989
Ukraine,UKR,Employment and Time Use,31.387,1990
Ukraine,UKR,Employment and Time Use,56.204,1991
Ukraine,UKR,Employment and Time Use,56.204,1992
Ukraine,UKR,Employment and Time Use,56.204,1993
Ukraine,UKR,Employment and Time Use,56.204,1994
Ukraine,UKR,Employment and Time Use,63.504,1995
Ukraine,UKR,Employment and Time Use,58.394,1996
Ukraine,UKR,Employment and Time Use,58.394,1997
Ukraine,UKR,Employment and Time Use,63.504,1998
Ukraine,UKR,Employment and Time Use,62.044,1999
Ukraine,UKR,Employment and Time Use,57.664,2000
Ukraine,UKR,Employment and Time Use,62.044,2001
Ukraine,UKR,Employment and Time Use,62.044,2002
Ukraine,UKR,Employment and Time Use,62.044,2003
Ukraine,UKR,Employment and Time Use,66.423,2004
Ukraine,UKR,Employment and Time Use,68.613,2005
Ukraine,UKR,Employment and Time Use,63.504,2006
Ukraine,UKR,Employment and Time Use,63.504,2007
Ukraine,UKR,Employment and Time Use,63.504,2008
Ukraine,UKR,Employment and Time Use,70.073,2009
Ukraine,UKR,Employment and Time Use,66.423,2010
Ukraine,UKR,Employment and Time Use,70.803,2011
Ukraine,UKR,Employment and Time Use,72.993,2012
Ukraine,UKR,Employment and Time Use,72.993,2013
Ukraine,UKR,Employment and Time Use,89.781,2014
Ukraine,UKR,Employment and Time Use,87.591,2015
Ukraine,UKR,Employment and Time Use,87.591,2016
Ukraine,UKR,Employment and Time Use,85.401,2017
Ukraine,UKR,Employment and Time Use,86.861,2018
Ukraine,UKR,Employment and Time Use,86.861,2019
Ukraine,UKR,Employment and Time Use,86.861,2020
Ukraine,UKR,Employment and Time Use,86.861,2021
Ukraine,UKR,Employment and Time Use,21.168,2022
Ukraine,UKR,Employment and Time Use,24.088,2023
Ukraine,UKR,Entrepreneurship,0.000,1960
Ukraine,UKR,Entrepreneurship,0.000,1961
Ukraine,UKR,Entrepreneurship,0.000,1962
Ukraine,UKR,Entrepreneurship,0.000,1963
Ukraine,UKR,Entrepreneurship,0.000,1964
Ukraine,UKR,Entrepreneurship,0.000,1965
Ukraine,UKR,Entrepreneurship,0.000,1966
Ukraine,UKR,Entrepreneurship,0.000,1967
Ukraine,UKR,Entrepreneurship,0.000,1968
Ukraine,UKR,Entrepreneurship,0.000,1969
Ukraine,UKR,Entrepreneurship,9.375,1970
Ukraine,UKR,Entrepreneurship,9.375,1971
Ukraine,UKR,Entrepreneurship,9.375,1972
Ukraine,UKR,Entrepreneurship,9.375,1973
Ukraine,UKR,Entrepreneurship,9.375,1974
Ukraine,UKR,Entrepreneurship,9.375,1975
Ukraine,UKR,Entrepreneurship,9.375,1976
Ukraine,UKR,Entrepreneurship,9.375,1977
Ukraine,UKR,Entrepreneurship,9.375,1978
Ukraine,UKR,Entrepreneurship,9.375,1979
Ukraine,UKR,Entrepreneurship,9.375,1980
Ukraine,UKR,Entrepreneurship,9.375,1981
Ukraine,UKR,Entrepreneurship,9.375,1982
Ukraine,UKR,Entrepreneurship,9.375,1983
Ukraine,UKR,Entrepreneurship,9.375,1984
Ukraine,UKR,Entrepreneurship,9.375,1985
Ukraine,UKR,Entrepreneurship,9.375,1986
Ukraine,UKR,Entrepreneurship,9.375,1987
Ukraine,UKR,Entrepreneurship,9.375,1988
Ukraine,UKR,Entrepreneurship,9.375,1989
Ukraine,UKR,Entrepreneurship,9.375,1990
Ukraine,UKR,Entrepreneurship,9.375,1991
Ukraine,UKR,Entrepreneurship,9.375,1992
Ukraine,UKR,Entrepreneurship,9.375,1993
Ukraine,UKR,Entrepreneurship,9.375,1994
Ukraine,UKR,Entrepreneurship,9.375,1995
Ukraine,UKR,Entrepreneurship,9.375,1996
Ukraine,UKR,Entrepreneurship,9.375,1997
Ukraine,UKR,Entrepreneurship,9.375,1998
Ukraine,UKR,Entrepreneurship,9.375,1999
Ukraine,UKR,Entrepreneurship,9.375,2000
Ukraine,UKR,Entrepreneurship,9.375,2001
Ukraine,UKR,Entrepreneurship,9.375,2002
Ukraine,UKR,Entrepreneurship,37.500,2003
Ukraine,UKR,Entrepreneurship,37.500,2004
Ukraine,UKR,Entrepreneurship,40.625,2005
Ukraine,UKR,Entrepreneurship,37.500,2006
Ukraine,UKR,Entrepreneurship,37.500,2007
Ukraine,UKR,Entrepreneurship,43.750,2008
Ukraine,UKR,Entrepreneurship,37.500,2009
Ukraine,UKR,Entrepreneurship,37.500,2010
Ukraine,UKR,Entrepreneurship,37.500,2011
Ukraine,UKR,Entrepreneurship,37.500,2012
Ukraine,UKR,Entrepreneurship,43.750,2013
Ukraine,UKR,Entrepreneurship,56.250,2014
Ukraine,UKR,Entrepreneurship,37.500,2015
Ukraine,UKR,Entrepreneurship,37.500,2016
Ukraine,UKR,Entrepreneurship,56.250,2017
Ukraine,UKR,Entrepreneurship,37.500,2018
Ukraine,UKR,Entrepreneurship,43.750,2019
Ukraine,UKR,Entrepreneurship,9.375,2020
Ukraine,UKR,Entrepreneurship,9.375,2021
Ukraine,UKR,Entrepreneurship,9.375,2022
Ukraine,UKR,Entrepreneurship,9.375,2023
Ukraine,UKR,Environment,0.000,1960
Ukraine,UKR,Environment,0.000,1961
Ukraine,UKR,Environment,0.000,1962
Ukraine,UKR,Environment,0.000,1963
Ukraine,UKR,Environment,0.000,1964
Ukraine,UKR,Environment,0.000,1965
Ukraine,UKR,Environment,0.000,1966
Ukraine,UKR,Environment,0.000,1967
Ukraine,UKR,Environment,0.000,1968
Ukraine,UKR,Environment,0.000,1969
Ukraine,UKR,Environment,0.000,1970
Ukraine,UKR,Environment,0.000,1971
Ukraine,UKR,Environment,0.000,1972
Ukraine,UKR,Environment,0.000,1973
Ukraine,UKR,Environment,0.000,1974
Ukraine,UKR,Environment,0.000,1975
Ukraine,UKR,Environment,0.000,1976
Ukraine,UKR,Environment,0.000,1977
Ukraine,UKR,Environment,0.000,1978
Ukraine,UKR,Environment,0.000,1979
Ukraine,UKR,Environment,0.000,1980
Ukraine,UKR,Environment,0.000,1981
Ukraine,UKR,Environment,0.000,1982
Ukraine,UKR,Environment,0.000,1983
Ukraine,UKR,Environment,0.000,1984
Ukraine,UKR,Environment,0.000,1985
Ukraine,UKR,Environment,0.000,1986
Ukraine,UKR,Environment,0.000,1987
Ukraine,UKR,Environment,0.000,1988
Ukraine,UKR,Environment,0.000,1989
Ukraine,UKR,Environment,0.000,1990
Ukraine,UKR,Environment,0.000,1991
Ukraine,UKR,Environment,0.000,1992
Ukraine,UKR,Environment,0.000,1993
Ukraine,UKR,Environment,0.000,1994
Ukraine,UKR,Environment,0.000,1995
Ukraine,UKR,Environment,0.000,1996
Ukraine,UKR,Environment,0.000,1997
Ukraine,UKR,Environment,0.000,1998
Ukraine,UKR,Environment,0.000,1999
Ukraine,UKR,Environment,10.000,2000
Ukraine,UKR,Environment,10.000,2001
Ukraine,UKR,Environment,10.000,2002
Ukraine,UKR,Environment,10.000,2003
Ukraine,UKR,Environment,10.000,2004
Ukraine,UKR,Environment,10.000,2005
Ukraine,UKR,Environment,10.000,2006
Ukraine,UKR,Environment,36.667,2007
Ukraine,UKR,Environment,10.000,2008
Ukraine,UKR,Environment,10.000,2009
Ukraine,UKR,Environment,10.000,2010
Ukraine,UKR,Environment,10.000,2011
Ukraine,UKR,Environment,13.333,2012
Ukraine,UKR,Environment,13.333,2013
Ukraine,UKR,Environment,23.333,2014
Ukraine,UKR,Environment,13.333,2015
Ukraine,UKR,Environment,13.333,2016
Ukraine,UKR,Environment,23.333,2017
Ukraine,UKR,Environment,13.333,2018
Ukraine,UKR,Environment,30.000,2019
Ukraine,UKR,Environment,10.000,2020
Ukraine,UKR,Environment,20.000,2021
Ukraine,UKR,Environment,10.000,2022
Ukraine,UKR,Environment,0.000,2023
Ukraine,UKR,Health,3.030,1960
Ukraine,UKR,Health,3.030,1961
Ukraine,UKR,Health,3.030,1962
Ukraine,UKR,Health,3.030,1963
Ukraine,UKR,Health,3.030,1964
Ukraine,UKR,Health,3.030,1965
Ukraine,UKR,Health,3.030,1966
Ukraine,UKR,Health,3.030,1967
Ukraine,UKR,Health,3.030,1968
Ukraine,UKR,Health,3.030,1969
Ukraine,UKR,Health,3.030,1970
Ukraine,UKR,Health,6.061,1971
Ukraine,UKR,Health,7.576,1972
Ukraine,UKR,Health,7.576,1973
Ukraine,UKR,Health,7.576,1974
Ukraine,UKR,Health,10.101,1975
Ukraine,UKR,Health,11.111,1976
Ukraine,UKR,Health,11.111,1977
Ukraine,UKR,Health,11.111,1978
Ukraine,UKR,Health,11.111,1979
Ukraine,UKR,Health,11.111,1980
Ukraine,UKR,Health,11.111,1981
Ukraine,UKR,Health,11.111,1982
Ukraine,UKR,Health,11.111,1983
Ukraine,UKR,Health,11.111,1984
Ukraine,UKR,Health,11.616,1985
Ukraine,UKR,Health,11.616,1986
Ukraine,UKR,Health,11.616,1987
Ukraine,UKR,Health,11.616,1988
Ukraine,UKR,Health,12.121,1989
Ukraine,UKR,Health,12.626,1990
Ukraine,UKR,Health,12.626,1991
Ukraine,UKR,Health,13.636,1992
Ukraine,UKR,Health,13.636,1993
Ukraine,UKR,Health,13.636,1994
Ukraine,UKR,Health,13.636,1995
Ukraine,UKR,Health,13.636,1996
Ukraine,UKR,Health,13.636,1997
Ukraine,UKR,Health,13.636,1998
Ukraine,UKR,Health,15.152,1999
Ukraine,UKR,Health,59.596,2000
Ukraine,UKR,Health,27.273,2001
Ukraine,UKR,Health,27.273,2002
Ukraine,UKR,Health,27.273,2003
Ukraine,UKR,Health,27.273,2004
Ukraine,UKR,Health,31.313,2005
Ukraine,UKR,Health,27.273,2006
Ukraine,UKR,Health,44.949,2007
Ukraine,UKR,Health,27.273,2008
Ukraine,UKR,Health,27.273,2009
Ukraine,UKR,Health,54.545,2010
Ukraine,UKR,Health,27.273,2011
Ukraine,UKR,Health,31.818,2012
Ukraine,UKR,Health,27.273,2013
Ukraine,UKR,Health,29.293,2014
Ukraine,UKR,Health,51.515,2015
Ukraine,UKR,Health,26.768,2016
Ukraine,UKR,Health,28.788,2017
Ukraine,UKR,Health,28.788,2018
Ukraine,UKR,Health,51.515,2019
Ukraine,UKR,Health,21.212,2020
Ukraine,UKR,Health,14.646,2021
Ukraine,UKR,Health,12.121,2022
Ukraine,UKR,Health,1.010,2023
Ukraine,UKR,Leadership,0.000,1960
Ukraine,UKR,Leadership,0.000,1961
Ukraine,UKR,Leadership,0.000,1962
Ukraine,UKR,Leadership,0.000,1963
Ukraine,UKR,Leadership,0.000,1964
Ukraine,UKR,Leadership,0.000,1965
Ukraine,UKR,Leadership,0.000,1966
Ukraine,UKR,Leadership,0.000,1967
Ukraine,UKR,Leadership,0.000,1968
Ukraine,UKR,Leadership,0.000,1969
Ukraine,UKR,Leadership,0.000,1970
Ukraine,UKR,Leadership,0.000,1971
Ukraine,UKR,Leadership,0.000,1972
Ukraine,UKR,Leadership,0.000,1973
Ukraine,UKR,Leadership,0.000,1974
Ukraine,UKR,Leadership,0.000,1975
Ukraine,UKR,Leadership,0.000,1976
Ukraine,UKR,Leadership,0.000,1977
Ukraine,UKR,Leadership,0.000,1978
Ukraine,UKR,Leadership,0.000,1979
Ukraine,UKR,Leadership,0.000,1980
Ukraine,UKR,Leadership,0.000,1981
Ukraine,UKR,Leadership,0.000,1982
Ukraine,UKR,Leadership,0.000,1983
Ukraine,UKR,Leadership,0.000,1984
Ukraine,UKR,Leadership,0.000,1985
Ukraine,UKR,Leadership,0.000,1986
Ukraine,UKR,Leadership,0.000,1987
Ukraine,UKR,Leadership,0.000,1988
Ukraine,UKR,Leadership,0.000,1989
Ukraine,UKR,Leadership,0.000,1990
Ukraine,UKR,Leadership,0.000,1991
Ukraine,UKR,Leadership,0.000,1992
Ukraine,UKR,Leadership,0.000,1993
Ukraine,UKR,Leadership,0.000,1994
Ukraine,UKR,Leadership,0.000,1995
Ukraine,UKR,Leadership,0.000,1996
Ukraine,UKR,Leadership,25.000,1997
Ukraine,UKR,Leadership,0.000,1998
Ukraine,UKR,Leadership,25.000,1999
Ukraine,UKR,Leadership,25.000,2000
Ukraine,UKR,Leadership,25.000,2001
Ukraine,UKR,Leadership,0.000,2002
Ukraine,UKR,Leadership,25.000,2003
Ukraine,UKR,Leadership,25.000,2004
Ukraine,UKR,Leadership,50.000,2005
Ukraine,UKR,Leadership,25.000,2006
Ukraine,UKR,Leadership,25.000,2007
Ukraine,UKR,Leadership,75.000,2008
Ukraine,UKR,Leadership,25.000,2009
Ukraine,UKR,Leadership,50.000,2010
Ukraine,UKR,Leadership,25.000,2011
Ukraine,UKR,Leadership,50.000,2012
Ukraine,UKR,Leadership,50.000,2013
Ukraine,UKR,Leadership,50.000,2014
Ukraine,UKR,Leadership,50.000,2015
Ukraine,UKR,Leadership,50.000,2016
Ukraine,UKR,Leadership,25.000,2017
Ukraine,UKR,Leadership,75.000,2018
Ukraine,UKR,Leadership,100.000,2019
Ukraine,UKR,Leadership,75.000,2020
Ukraine,UKR,Leadership,50.000,2021
Ukraine,UKR,Leadership,50.000,2022
Ukraine,UKR,Leadership,25.000,2023
Ukraine,UKR,Norms and Decision-making,0.000,1960
Ukraine,UKR,Norms and Decision-making,0.000,1961
Ukraine,UKR,Norms and Decision-making,0.000,1962
Ukraine,UKR,Norms and Decision-making,0.000,1963
Ukraine,UKR,Norms and Decision-making,0.000,1964
Ukraine,UKR,Norms and Decision-making,0.000,1965
Ukraine,UKR,Norms and Decision-making,0.000,1966
Ukraine,UKR,Norms and Decision-making,0.000,1967
Ukraine,UKR,Norms and Decision-making,0.000,1968
Ukraine,UKR,Norms and Decision-making,0.000,1969
Ukraine,UKR,Norms and Decision-making,12.593,1970
Ukraine,UKR,Norms and Decision-making,12.593,1971
Ukraine,UKR,Norms and Decision-making,12.593,1972
Ukraine,UKR,Norms and Decision-making,12.593,1973
Ukraine,UKR,Norms and Decision-making,12.593,1974
Ukraine,UKR,Norms and Decision-making,12.593,1975
Ukraine,UKR,Norms and Decision-making,12.593,1976
Ukraine,UKR,Norms and Decision-making,12.593,1977
Ukraine,UKR,Norms and Decision-making,12.593,1978
Ukraine,UKR,Norms and Decision-making,12.593,1979
Ukraine,UKR,Norms and Decision-making,12.593,1980
Ukraine,UKR,Norms and Decision-making,12.593,1981
Ukraine,UKR,Norms and Decision-making,12.593,1982
Ukraine,UKR,Norms and Decision-making,12.593,1983
Ukraine,UKR,Norms and Decision-making,12.593,1984
Ukraine,UKR,Norms and Decision-making,12.593,1985
Ukraine,UKR,Norms and Decision-making,12.593,1986
Ukraine,UKR,Norms and Decision-making,12.593,1987
Ukraine,UKR,Norms and Decision-making,12.593,1988
Ukraine,UKR,Norms and Decision-making,12.593,1989
Ukraine,UKR,Norms and Decision-making,12.593,1990
Ukraine,UKR,Norms and Decision-making,12.593,1991
Ukraine,UKR,Norms and Decision-making,12.593,1992
Ukraine,UKR,Norms and Decision-making,12.593,1993
Ukraine,UKR,Norms and Decision-making,12.593,1994
Ukraine,UKR,Norms and Decision-making,12.593,1995
Ukraine,UKR,Norms and Decision-making,12.593,1996
Ukraine,UKR,Norms and Decision-making,12.593,1997
Ukraine,UKR,Norms and Decision-making,12.593,1998
Ukraine,UKR,Norms and Decision-making,13.333,1999
Ukraine,UKR,Norms and Decision-making,12.593,2000
Ukraine,UKR,Norms and Decision-making,14.074,2001
Ukraine,UKR,Norms and Decision-making,12.593,2002
Ukraine,UKR,Norms and Decision-making,12.593,2003
Ukraine,UKR,Norms and Decision-making,12.593,2004
Ukraine,UKR,Norms and Decision-making,14.815,2005
Ukraine,UKR,Norms and Decision-making,12.593,2006
Ukraine,UKR,Norms and Decision-making,82.963,2007
Ukraine,UKR,Norms and Decision-making,12.593,2008
Ukraine,UKR,Norms and Decision-making,12.593,2009
Ukraine,UKR,Norms and Decision-making,12.593,2010
Ukraine,UKR,Norms and Decision-making,12.593,2011
Ukraine,UKR,Norms and Decision-making,17.778,2012
Ukraine,UKR,Norms and Decision-making,12.593,2013
Ukraine,UKR,Norms and Decision-making,12.593,2014
Ukraine,UKR,Norms and Decision-making,12.593,2015
Ukraine,UKR,Norms and Decision-making,12.593,2016
Ukraine,UKR,Norms and Decision-making,12.593,2017
Ukraine,UKR,Norms and Decision-making,12.593,2018
Ukraine,UKR,Norms and Decision-making,12.593,2019
Ukraine,UKR,Norms and Decision-making,12.593,2020
Ukraine,UKR,Norms and Decision-making,12.593,2021
Ukraine,UKR,Norms and Decision-making,12.593,2022
Ukraine,UKR,Norms and Decision-making,12.593,2023
Ukraine,UKR,Population,86.905,1960
Ukraine,UKR,Population,86.905,1961
Ukraine,UKR,Population,86.905,1962
Ukraine,UKR,Population,86.905,1963
Ukraine,UKR,Population,86.905,1964
Ukraine,UKR,Population,86.905,1965
Ukraine,UKR,Population,86.905,1966
Ukraine,UKR,Population,86.905,1967
Ukraine,UKR,Population,86.905,1968
Ukraine,UKR,Population,86.905,1969
Ukraine,UKR,Population,86.905,1970
Ukraine,UKR,Population,86.905,1971
Ukraine,UKR,Population,86.905,1972
Ukraine,UKR,Population,86.905,1973
Ukraine,UKR,Population,86.905,1974
Ukraine,UKR,Population,86.905,1975
Ukraine,UKR,Population,86.905,1976
Ukraine,UKR,Population,86.905,1977
Ukraine,UKR,Population,86.905,1978
Ukraine,UKR,Population,86.905,1979
Ukraine,UKR,Population,91.667,1980
Ukraine,UKR,Population,86.905,1981
Ukraine,UKR,Population,86.905,1982
Ukraine,UKR,Population,86.905,1983
Ukraine,UKR,Population,86.905,1984
Ukraine,UKR,Population,91.667,1985
Ukraine,UKR,Population,86.905,1986
Ukraine,UKR,Population,86.905,1987
Ukraine,UKR,Population,86.905,1988
Ukraine,UKR,Population,86.905,1989
Ukraine,UKR,Population,92.857,1990
Ukraine,UKR,Population,86.905,1991
Ukraine,UKR,Population,86.905,1992
Ukraine,UKR,Population,86.905,1993
Ukraine,UKR,Population,86.905,1994
Ukraine,UKR,Population,92.857,1995
Ukraine,UKR,Population,86.905,1996
Ukraine,UKR,Population,86.905,1997
Ukraine,UKR,Population,86.905,1998
Ukraine,UKR,Population,88.095,1999
Ukraine,UKR,Population,92.857,2000
Ukraine,UKR,Population,89.286,2001
Ukraine,UKR,Population,86.905,2002
Ukraine,UKR,Population,86.905,2003
Ukraine,UKR,Population,86.905,2004
Ukraine,UKR,Population,95.238,2005
Ukraine,UKR,Population,86.905,2006
Ukraine,UKR,Population,90.476,2007
Ukraine,UKR,Population,86.905,2008
Ukraine,UKR,Population,86.905,2009
Ukraine,UKR,Population,92.857,2010
Ukraine,UKR,Population,86.905,2011
Ukraine,UKR,Population,91.667,2012
Ukraine,UKR,Population,86.905,2013
Ukraine,UKR,Population,86.905,2014
Ukraine,UKR,Population,92.857,2015
Ukraine,UKR,Population,86.905,2016
Ukraine,UKR,Population,86.905,2017
Ukraine,UKR,Population,86.905,2018
Ukraine,UKR,Population,86.905,2019
Ukraine,UKR,Population,88.095,2020
Ukraine,UKR,Population,86.905,2021
Ukraine,UKR,Population,86.905,2022
Ukraine,UKR,Population,77.381,2023
Ukraine,UKR,SDGs,0.671,1960
Ukraine,UKR,SDGs,0.671,1961
Ukraine,UKR,SDGs,0.671,1962
Ukraine,UKR,SDGs,0.671,1963
Ukraine,UKR,SDGs,0.671,1964
Ukraine,UKR,SDGs,0.671,1965
Ukraine,UKR,SDGs,0.671,1966
Ukraine,UKR,SDGs,0.671,1967
Ukraine,UKR,SDGs,0.671,1968
Ukraine,UKR,SDGs,0.671,1969
Ukraine,UKR,SDGs,9.396,1970
Ukraine,UKR,SDGs,11.409,1971
Ukraine,UKR,SDGs,11.409,1972
Ukraine,UKR,SDGs,11.409,1973
Ukraine,UKR,SDGs,11.409,1974
Ukraine,UKR,SDGs,11.409,1975
Ukraine,UKR,SDGs,11.409,1976
Ukraine,UKR,SDGs,11.409,1977
Ukraine,UKR,SDGs,11.409,1978
Ukraine,UKR,SDGs,11.409,1979
Ukraine,UKR,SDGs,11.409,1980
Ukraine,UKR,SDGs,11.409,1981
Ukraine,UKR,SDGs,11.409,1982
Ukraine,UKR,SDGs,11.409,1983
Ukraine,UKR,SDGs,11.409,1984
Ukraine,UKR,SDGs,12.081,1985
Ukraine,UKR,SDGs,12.081,1986
Ukraine,UKR,SDGs,12.081,1987
Ukraine,UKR,SDGs,12.081,1988
Ukraine,UKR,SDGs,12.752,1989
Ukraine,UKR,SDGs,12.752,1990
Ukraine,UKR,SDGs,16.779,1991
Ukraine,UKR,SDGs,17.450,1992
Ukraine,UKR,SDGs,17.450,1993
Ukraine,UKR,SDGs,17.450,1994
Ukraine,UKR,SDGs,19.463,1995
Ukraine,UKR,SDGs,19.463,1996
Ukraine,UKR,SDGs,20.134,1997
Ukraine,UKR,SDGs,19.463,1998
Ukraine,UKR,SDGs,18.792,1999
Ukraine,UKR,SDGs,63.758,2000
Ukraine,UKR,SDGs,31.544,2001
Ukraine,UKR,SDGs,30.872,2002
Ukraine,UKR,SDGs,31.544,2003
Ukraine,UKR,SDGs,34.899,2004
Ukraine,UKR,SDGs,36.913,2005
Ukraine,UKR,SDGs,32.886,2006
Ukraine,UKR,SDGs,38.255,2007
Ukraine,UKR,SDGs,32.886,2008
Ukraine,UKR,SDGs,34.899,2009
Ukraine,UKR,SDGs,67.114,2010
Ukraine,UKR,SDGs,33.557,2011
Ukraine,UKR,SDGs,32.886,2012
Ukraine,UKR,SDGs,34.228,2013
Ukraine,UKR,SDGs,36.913,2014
Ukraine,UKR,SDGs,66.443,2015
Ukraine,UKR,SDGs,33.557,2016
Ukraine,UKR,SDGs,33.557,2017
Ukraine,UKR,SDGs,36.913,2018
Ukraine,UKR,SDGs,69.799,2019
Ukraine,UKR,SDGs,27.517,2020
Ukraine,UKR,SDGs,24.832,2021
Ukraine,UKR,SDGs,14.765,2022
Ukraine,UKR,SDGs,10.067,2023
Ukraine,UKR,Technology,0.000,1960
Ukraine,UKR,Technology,0.000,1961
Ukraine,UKR,Technology,0.000,1962
Ukraine,UKR,Technology,0.000,1963
Ukraine,UKR,Technology,0.000,1964
Ukraine,UKR,Technology,0.000,1965
Ukraine,UKR,Technology,0.000,1966
Ukraine,UKR,Technology,0.000,1967
Ukraine,UKR,Technology,0.000,1968
Ukraine,UKR,Technology,0.000,1969
Ukraine,UKR,Technology,0.000,1970
Ukraine,UKR,Technology,0.000,1971
Ukraine,UKR,Technology,0.000,1972
Ukraine,UKR,Technology,0.000,1973
Ukraine,UKR,Technology,0.000,1974
Ukraine,UKR,Technology,0.000,1975
Ukraine,UKR,Technology,0.000,1976
Ukraine,UKR,Technology,0.000,1977
Ukraine,UKR,Technology,0.000,1978
Ukraine,UKR,Technology,0.000,1979
Ukraine,UKR,Technology,0.000,1980
Ukraine,UKR,Technology,0.000,1981
Ukraine,UKR,Technology,0.000,1982
Ukraine,UKR,Technology,0.000,1983
Ukraine,UKR,Technology,0.000,1984
Ukraine,UKR,Technology,0.000,1985
Ukraine,UKR,Technology,0.000,1986
Ukraine,UKR,Technology,0.000,1987
Ukraine,UKR,Technology,0.000,1988
Ukraine,UKR,Technology,0.000,1989
Ukraine,UKR,Technology,2.222,1990
Ukraine,UKR,Technology,2.222,1991
Ukraine,UKR,Technology,2.222,1992
Ukraine,UKR,Technology,2.222,1993
Ukraine,UKR,Technology,2.222,1994
Ukraine,UKR,Technology,2.222,1995
Ukraine,UKR,Technology,2.222,1996
Ukraine,UKR,Technology,2.222,1997
Ukraine,UKR,Technology,2.222,1998
Ukraine,UKR,Technology,2.222,1999
Ukraine,UKR,Technology,2.222,2000
Ukraine,UKR,Technology,2.222,2001
Ukraine,UKR,Technology,2.222,2002
Ukraine,UKR,Technology,2.222,2003
Ukraine,UKR,Technology,2.222,2004
Ukraine,UKR,Technology,2.222,2005
Ukraine,UKR,Technology,2.222,2006
Ukraine,UKR,Technology,6.667,2007
Ukraine,UKR,Technology,6.667,2008
Ukraine,UKR,Technology,6.667,2009
Ukraine,UKR,Technology,6.667,2010
Ukraine,UKR,Technology,8.889,2011
Ukraine,UKR,Technology,13.333,2012
Ukraine,UKR,Technology,8.889,2013
Ukraine,UKR,Technology,35.556,2014
Ukraine,UKR,Technology,13.333,2015
Ukraine,UKR,Technology,13.333,2016
Ukraine,UKR,Technology,60.000,2017
Ukraine,UKR,Technology,13.333,2018
Ukraine,UKR,Technology,6.667,2019
Ukraine,UKR,Technology,6.667,2020
Ukraine,UKR,Technology,73.333,2021
Ukraine,UKR,Technology,0.000,2022
Ukraine,UKR,Technology,0.000,2023
Ukraine,UKR,Violence,0.000,1960
Ukraine,UKR,Violence,0.000,1961
Ukraine,UKR,Violence,0.000,1962
Ukraine,UKR,Violence,0.000,1963
Ukraine,UKR,Violence,0.000,1964
Ukraine,UKR,Violence,0.000,1965
Ukraine,UKR,Violence,0.000,1966
Ukraine,UKR,Violence,0.000,1967
Ukraine,UKR,Violence,0.000,1968
Ukraine,UKR,Violence,0.000,1969
Ukraine,UKR,Violence,2.143,1970
Ukraine,UKR,Violence,2.143,1971
Ukraine,UKR,Violence,2.143,1972
Ukraine,UKR,Violence,2.143,1973
Ukraine,UKR,Violence,2.143,1974
Ukraine,UKR,Violence,2.143,1975
Ukraine,UKR,Violence,2.143,1976
Ukraine,UKR,Violence,2.143,1977
Ukraine,UKR,Violence,2.143,1978
Ukraine,UKR,Violence,2.143,1979
Ukraine,UKR,Violence,2.143,1980
Ukraine,UKR,Violence,2.143,1981
Ukraine,UKR,Violence,2.143,1982
Ukraine,UKR,Violence,2.143,1983
Ukraine,UKR,Violence,2.143,1984
Ukraine,UKR,Violence,2.143,1985
Ukraine,UKR,Violence,2.143,1986
Ukraine,UKR,Violence,2.143,1987
Ukraine,UKR,Violence,2.143,1988
Ukraine,UKR,Violence,2.143,1989
Ukraine,UKR,Violence,4.286,1990
Ukraine,UKR,Violence,4.286,1991
Ukraine,UKR,Violence,4.286,1992
Ukraine,UKR,Violence,4.286,1993
Ukraine,UKR,Violence,4.286,1994
Ukraine,UKR,Violence,4.286,1995
Ukraine,UKR,Violence,4.286,1996
Ukraine,UKR,Violence,4.286,1997
Ukraine,UKR,Violence,4.286,1998
Ukraine,UKR,Violence,4.286,1999
Ukraine,UKR,Violence,6.429,2000
Ukraine,UKR,Violence,6.429,2001
Ukraine,UKR,Violence,6.429,2002
Ukraine,UKR,Violence,6.429,2003
Ukraine,UKR,Violence,6.429,2004
Ukraine,UKR,Violence,6.429,2005
Ukraine,UKR,Violence,6.429,2006
Ukraine,UKR,Violence,63.571,2007
Ukraine,UKR,Violence,6.429,2008
Ukraine,UKR,Violence,6.429,2009
Ukraine,UKR,Violence,6.429,2010
Ukraine,UKR,Violence,4.286,2011
Ukraine,UKR,Violence,6.429,2012
Ukraine,UKR,Violence,4.286,2013
Ukraine,UKR,Violence,5.000,2014
Ukraine,UKR,Violence,4.286,2015
Ukraine,UKR,Violence,4.286,2016
Ukraine,UKR,Violence,6.429,2017
Ukraine,UKR,Violence,7.857,2018
Ukraine,UKR,Violence,5.000,2019
Ukraine,UKR,Violence,2.857,2020
Ukraine,UKR,Violence,2.857,2021
Ukraine,UKR,Violence,2.143,2022
Ukraine,UKR,Violence,2.143,2023
Ukraine,UKR,Youth 15-24,4.587,1960
Ukraine,UKR,Youth 15-24,4.587,1961
Ukraine,UKR,Youth 15-24,4.587,1962
Ukraine,UKR,Youth 15-24,4.587,1963
Ukraine,UKR,Youth 15-24,4.587,1964
Ukraine,UKR,Youth 15-24,4.587,1965
Ukraine,UKR,Youth 15-24,4.587,1966
Ukraine,UKR,Youth 15-24,4.587,1967
Ukraine,UKR,Youth 15-24,4.587,1968
Ukraine,UKR,Youth 15-24,4.587,1969
Ukraine,UKR,Youth 15-24,10.092,1970
Ukraine,UKR,Youth 15-24,6.422,1971
Ukraine,UKR,Youth 15-24,5.505,1972
Ukraine,UKR,Youth 15-24,5.505,1973
Ukraine,UKR,Youth 15-24,4.587,1974
Ukraine,UKR,Youth 15-24,4.587,1975
Ukraine,UKR,Youth 15-24,6.422,1976
Ukraine,UKR,Youth 15-24,5.505,1977
Ukraine,UKR,Youth 15-24,5.505,1978
Ukraine,UKR,Youth 15-24,8.257,1979
Ukraine,UKR,Youth 15-24,4.587,1980
Ukraine,UKR,Youth 15-24,10.092,1981
Ukraine,UKR,Youth 15-24,10.092,1982
Ukraine,UKR,Youth 15-24,10.092,1983
Ukraine,UKR,Youth 15-24,10.092,1984
Ukraine,UKR,Youth 15-24,9.174,1985
Ukraine,UKR,Youth 15-24,9.174,1986
Ukraine,UKR,Youth 15-24,6.422,1987
Ukraine,UKR,Youth 15-24,9.174,1988
Ukraine,UKR,Youth 15-24,8.257,1989
Ukraine,UKR,Youth 15-24,12.844,1990
Ukraine,UKR,Youth 15-24,19.266,1991
Ukraine,UKR,Youth 15-24,19.266,1992
Ukraine,UKR,Youth 15-24,27.523,1993
Ukraine,UKR,Youth 15-24,27.523,1994
Ukraine,UKR,Youth 15-24,17.431,1995
Ukraine,UKR,Youth 15-24,14.679,1996
Ukraine,UKR,Youth 15-24,13.761,1997
Ukraine,UKR,Youth 15-24,22.936,1998
Ukraine,UKR,Youth 15-24,40.367,1999
Ukraine,UKR,Youth 15-24,33.945,2000
Ukraine,UKR,Youth 15-24,63.303,2001
Ukraine,UKR,Youth 15-24,42.202,2002
Ukraine,UKR,Youth 15-24,42.202,2003
Ukraine,UKR,Youth 15-24,41.284,2004
Ukraine,UKR,Youth 15-24,44.954,2005
Ukraine,UKR,Youth 15-24,42.202,2006
Ukraine,UKR,Youth 15-24,50.459,2007
Ukraine,UKR,Youth 15-24,42.202,2008
Ukraine,UKR,Youth 15-24,45.872,2009
Ukraine,UKR,Youth 15-24,45.872,2010
Ukraine,UKR,Youth 15-24,42.202,2011
Ukraine,UKR,Youth 15-24,63.303,2012
Ukraine,UKR,Youth 15-24,48.624,2013
Ukraine,UKR,Youth 15-24,56.881,2014
Ukraine,UKR,Youth 15-24,55.963,2015
Ukraine,UKR,Youth 15-24,55.963,2016
Ukraine,UKR,Youth 15-24,55.046,2017
Ukraine,UKR,Youth 15-24,62.385,2018
Ukraine,UKR,Youth 15-24,40.367,2019
Ukraine,UKR,Youth 15-24,38.532,2020
Ukraine,UKR,Youth 15-24,39.450,2021
Ukraine,UKR,Youth 15-24,4.587,2022
Ukraine,UKR,Youth 15-24,4.587,2023
