Country Name,Country Code,Topic,% of available indicators,Year
Somalia,SOM,Assets,0.000,1960
Somalia,SOM,Assets,0.000,1961
Somalia,SOM,Assets,0.000,1962
Somalia,SOM,Assets,0.000,1963
Somalia,SOM,Assets,0.000,1964
Somalia,SOM,Assets,0.000,1965
Somalia,SOM,Assets,0.000,1966
Somalia,SOM,Assets,0.000,1967
Somalia,SOM,Assets,0.000,1968
Somalia,SOM,Assets,0.000,1969
Somalia,SOM,Assets,2.208,1970
Somalia,SOM,Assets,2.208,1971
Somalia,SOM,Assets,2.208,1972
Somalia,SOM,Assets,2.208,1973
Somalia,SOM,Assets,2.208,1974
Somalia,SOM,Assets,2.208,1975
Somalia,SOM,Assets,2.208,1976
Somalia,SOM,Assets,2.208,1977
Somalia,SOM,Assets,2.208,1978
Somalia,SOM,Assets,2.208,1979
Somalia,SOM,Assets,2.208,1980
Somalia,SOM,Assets,2.208,1981
Somalia,SOM,Assets,2.208,1982
Somalia,SOM,Assets,2.208,1983
Somalia,SOM,Assets,2.208,1984
Somalia,SOM,Assets,2.208,1985
Somalia,SOM,Assets,2.208,1986
Somalia,SOM,Assets,2.208,1987
Somalia,SOM,Assets,2.208,1988
Somalia,SOM,Assets,2.208,1989
Somalia,SOM,Assets,2.208,1990
Somalia,SOM,Assets,2.208,1991
Somalia,SOM,Assets,2.208,1992
Somalia,SOM,Assets,2.208,1993
Somalia,SOM,Assets,2.208,1994
Somalia,SOM,Assets,2.208,1995
Somalia,SOM,Assets,2.208,1996
Somalia,SOM,Assets,2.208,1997
Somalia,SOM,Assets,2.208,1998
Somalia,SOM,Assets,2.208,1999
Somalia,SOM,Assets,2.208,2000
Somalia,SOM,Assets,2.208,2001
Somalia,SOM,Assets,2.208,2002
Somalia,SOM,Assets,2.208,2003
Somalia,SOM,Assets,2.208,2004
Somalia,SOM,Assets,2.208,2005
Somalia,SOM,Assets,2.208,2006
Somalia,SOM,Assets,2.208,2007
Somalia,SOM,Assets,2.208,2008
Somalia,SOM,Assets,2.208,2009
Somalia,SOM,Assets,2.208,2010
Somalia,SOM,Assets,2.208,2011
Somalia,SOM,Assets,2.208,2012
Somalia,SOM,Assets,2.208,2013
Somalia,SOM,Assets,30.599,2014
Somalia,SOM,Assets,2.208,2015
Somalia,SOM,Assets,2.208,2016
Somalia,SOM,Assets,2.208,2017
Somalia,SOM,Assets,2.208,2018
Somalia,SOM,Assets,2.208,2019
Somalia,SOM,Assets,2.208,2020
Somalia,SOM,Assets,2.208,2021
Somalia,SOM,Assets,2.208,2022
Somalia,SOM,Assets,2.208,2023
Somalia,SOM,Children 0-14,10.769,1960
Somalia,SOM,Children 0-14,10.769,1961
Somalia,SOM,Children 0-14,10.769,1962
Somalia,SOM,Children 0-14,10.769,1963
Somalia,SOM,Children 0-14,10.769,1964
Somalia,SOM,Children 0-14,10.769,1965
Somalia,SOM,Children 0-14,10.769,1966
Somalia,SOM,Children 0-14,10.769,1967
Somalia,SOM,Children 0-14,10.769,1968
Somalia,SOM,Children 0-14,10.769,1969
Somalia,SOM,Children 0-14,10.769,1970
Somalia,SOM,Children 0-14,16.923,1971
Somalia,SOM,Children 0-14,16.923,1972
Somalia,SOM,Children 0-14,16.923,1973
Somalia,SOM,Children 0-14,16.923,1974
Somalia,SOM,Children 0-14,10.769,1975
Somalia,SOM,Children 0-14,24.615,1976
Somalia,SOM,Children 0-14,24.615,1977
Somalia,SOM,Children 0-14,24.615,1978
Somalia,SOM,Children 0-14,24.615,1979
Somalia,SOM,Children 0-14,25.385,1980
Somalia,SOM,Children 0-14,18.462,1981
Somalia,SOM,Children 0-14,23.077,1982
Somalia,SOM,Children 0-14,25.385,1983
Somalia,SOM,Children 0-14,25.385,1984
Somalia,SOM,Children 0-14,25.385,1985
Somalia,SOM,Children 0-14,25.385,1986
Somalia,SOM,Children 0-14,20.769,1987
Somalia,SOM,Children 0-14,20.769,1988
Somalia,SOM,Children 0-14,20.769,1989
Somalia,SOM,Children 0-14,20.769,1990
Somalia,SOM,Children 0-14,20.769,1991
Somalia,SOM,Children 0-14,20.769,1992
Somalia,SOM,Children 0-14,20.769,1993
Somalia,SOM,Children 0-14,20.769,1994
Somalia,SOM,Children 0-14,20.769,1995
Somalia,SOM,Children 0-14,20.769,1996
Somalia,SOM,Children 0-14,20.769,1997
Somalia,SOM,Children 0-14,20.769,1998
Somalia,SOM,Children 0-14,23.077,1999
Somalia,SOM,Children 0-14,34.615,2000
Somalia,SOM,Children 0-14,20.769,2001
Somalia,SOM,Children 0-14,20.769,2002
Somalia,SOM,Children 0-14,20.769,2003
Somalia,SOM,Children 0-14,20.769,2004
Somalia,SOM,Children 0-14,20.769,2005
Somalia,SOM,Children 0-14,36.923,2006
Somalia,SOM,Children 0-14,26.923,2007
Somalia,SOM,Children 0-14,20.769,2008
Somalia,SOM,Children 0-14,32.308,2009
Somalia,SOM,Children 0-14,34.615,2010
Somalia,SOM,Children 0-14,20.769,2011
Somalia,SOM,Children 0-14,20.769,2012
Somalia,SOM,Children 0-14,20.769,2013
Somalia,SOM,Children 0-14,23.077,2014
Somalia,SOM,Children 0-14,34.615,2015
Somalia,SOM,Children 0-14,20.769,2016
Somalia,SOM,Children 0-14,20.769,2017
Somalia,SOM,Children 0-14,20.769,2018
Somalia,SOM,Children 0-14,36.923,2019
Somalia,SOM,Children 0-14,21.538,2020
Somalia,SOM,Children 0-14,23.846,2021
Somalia,SOM,Children 0-14,25.385,2022
Somalia,SOM,Children 0-14,11.538,2023
Somalia,SOM,Education,0.000,1960
Somalia,SOM,Education,0.000,1961
Somalia,SOM,Education,0.000,1962
Somalia,SOM,Education,0.000,1963
Somalia,SOM,Education,0.000,1964
Somalia,SOM,Education,0.000,1965
Somalia,SOM,Education,0.000,1966
Somalia,SOM,Education,0.000,1967
Somalia,SOM,Education,0.000,1968
Somalia,SOM,Education,0.000,1969
Somalia,SOM,Education,0.000,1970
Somalia,SOM,Education,14.724,1971
Somalia,SOM,Education,25.153,1972
Somalia,SOM,Education,13.497,1973
Somalia,SOM,Education,12.883,1974
Somalia,SOM,Education,2.454,1975
Somalia,SOM,Education,23.313,1976
Somalia,SOM,Education,22.086,1977
Somalia,SOM,Education,22.086,1978
Somalia,SOM,Education,22.086,1979
Somalia,SOM,Education,22.086,1980
Somalia,SOM,Education,11.656,1981
Somalia,SOM,Education,11.656,1982
Somalia,SOM,Education,11.656,1983
Somalia,SOM,Education,11.656,1984
Somalia,SOM,Education,11.656,1985
Somalia,SOM,Education,11.656,1986
Somalia,SOM,Education,2.454,1987
Somalia,SOM,Education,0.000,1988
Somalia,SOM,Education,0.000,1989
Somalia,SOM,Education,0.000,1990
Somalia,SOM,Education,0.000,1991
Somalia,SOM,Education,0.000,1992
Somalia,SOM,Education,0.000,1993
Somalia,SOM,Education,0.000,1994
Somalia,SOM,Education,0.000,1995
Somalia,SOM,Education,0.000,1996
Somalia,SOM,Education,0.000,1997
Somalia,SOM,Education,0.000,1998
Somalia,SOM,Education,0.000,1999
Somalia,SOM,Education,0.000,2000
Somalia,SOM,Education,0.000,2001
Somalia,SOM,Education,0.000,2002
Somalia,SOM,Education,0.000,2003
Somalia,SOM,Education,0.000,2004
Somalia,SOM,Education,0.000,2005
Somalia,SOM,Education,0.613,2006
Somalia,SOM,Education,14.110,2007
Somalia,SOM,Education,0.000,2008
Somalia,SOM,Education,0.000,2009
Somalia,SOM,Education,0.000,2010
Somalia,SOM,Education,0.000,2011
Somalia,SOM,Education,0.000,2012
Somalia,SOM,Education,0.000,2013
Somalia,SOM,Education,5.521,2014
Somalia,SOM,Education,0.000,2015
Somalia,SOM,Education,0.000,2016
Somalia,SOM,Education,0.000,2017
Somalia,SOM,Education,0.000,2018
Somalia,SOM,Education,3.681,2019
Somalia,SOM,Education,0.000,2020
Somalia,SOM,Education,3.681,2021
Somalia,SOM,Education,11.656,2022
Somalia,SOM,Education,3.681,2023
Somalia,SOM,Employment and Time Use,0.000,1960
Somalia,SOM,Employment and Time Use,0.000,1961
Somalia,SOM,Employment and Time Use,0.000,1962
Somalia,SOM,Employment and Time Use,0.000,1963
Somalia,SOM,Employment and Time Use,0.000,1964
Somalia,SOM,Employment and Time Use,0.000,1965
Somalia,SOM,Employment and Time Use,0.000,1966
Somalia,SOM,Employment and Time Use,0.000,1967
Somalia,SOM,Employment and Time Use,0.000,1968
Somalia,SOM,Employment and Time Use,0.000,1969
Somalia,SOM,Employment and Time Use,21.168,1970
Somalia,SOM,Employment and Time Use,21.168,1971
Somalia,SOM,Employment and Time Use,21.168,1972
Somalia,SOM,Employment and Time Use,21.168,1973
Somalia,SOM,Employment and Time Use,21.168,1974
Somalia,SOM,Employment and Time Use,21.168,1975
Somalia,SOM,Employment and Time Use,21.168,1976
Somalia,SOM,Employment and Time Use,21.168,1977
Somalia,SOM,Employment and Time Use,21.168,1978
Somalia,SOM,Employment and Time Use,21.168,1979
Somalia,SOM,Employment and Time Use,21.168,1980
Somalia,SOM,Employment and Time Use,21.168,1981
Somalia,SOM,Employment and Time Use,21.168,1982
Somalia,SOM,Employment and Time Use,21.168,1983
Somalia,SOM,Employment and Time Use,21.168,1984
Somalia,SOM,Employment and Time Use,21.168,1985
Somalia,SOM,Employment and Time Use,21.168,1986
Somalia,SOM,Employment and Time Use,21.168,1987
Somalia,SOM,Employment and Time Use,21.168,1988
Somalia,SOM,Employment and Time Use,21.168,1989
Somalia,SOM,Employment and Time Use,31.387,1990
Somalia,SOM,Employment and Time Use,56.204,1991
Somalia,SOM,Employment and Time Use,56.204,1992
Somalia,SOM,Employment and Time Use,56.204,1993
Somalia,SOM,Employment and Time Use,56.204,1994
Somalia,SOM,Employment and Time Use,56.204,1995
Somalia,SOM,Employment and Time Use,56.204,1996
Somalia,SOM,Employment and Time Use,56.204,1997
Somalia,SOM,Employment and Time Use,56.204,1998
Somalia,SOM,Employment and Time Use,56.204,1999
Somalia,SOM,Employment and Time Use,56.204,2000
Somalia,SOM,Employment and Time Use,56.204,2001
Somalia,SOM,Employment and Time Use,56.204,2002
Somalia,SOM,Employment and Time Use,56.204,2003
Somalia,SOM,Employment and Time Use,56.204,2004
Somalia,SOM,Employment and Time Use,56.204,2005
Somalia,SOM,Employment and Time Use,58.394,2006
Somalia,SOM,Employment and Time Use,56.204,2007
Somalia,SOM,Employment and Time Use,56.204,2008
Somalia,SOM,Employment and Time Use,56.204,2009
Somalia,SOM,Employment and Time Use,56.204,2010
Somalia,SOM,Employment and Time Use,56.204,2011
Somalia,SOM,Employment and Time Use,56.204,2012
Somalia,SOM,Employment and Time Use,56.204,2013
Somalia,SOM,Employment and Time Use,56.204,2014
Somalia,SOM,Employment and Time Use,56.204,2015
Somalia,SOM,Employment and Time Use,56.204,2016
Somalia,SOM,Employment and Time Use,56.204,2017
Somalia,SOM,Employment and Time Use,56.204,2018
Somalia,SOM,Employment and Time Use,90.511,2019
Somalia,SOM,Employment and Time Use,56.204,2020
Somalia,SOM,Employment and Time Use,56.204,2021
Somalia,SOM,Employment and Time Use,56.204,2022
Somalia,SOM,Employment and Time Use,56.204,2023
Somalia,SOM,Entrepreneurship,0.000,1960
Somalia,SOM,Entrepreneurship,0.000,1961
Somalia,SOM,Entrepreneurship,0.000,1962
Somalia,SOM,Entrepreneurship,0.000,1963
Somalia,SOM,Entrepreneurship,0.000,1964
Somalia,SOM,Entrepreneurship,0.000,1965
Somalia,SOM,Entrepreneurship,0.000,1966
Somalia,SOM,Entrepreneurship,0.000,1967
Somalia,SOM,Entrepreneurship,0.000,1968
Somalia,SOM,Entrepreneurship,0.000,1969
Somalia,SOM,Entrepreneurship,9.375,1970
Somalia,SOM,Entrepreneurship,9.375,1971
Somalia,SOM,Entrepreneurship,9.375,1972
Somalia,SOM,Entrepreneurship,9.375,1973
Somalia,SOM,Entrepreneurship,9.375,1974
Somalia,SOM,Entrepreneurship,9.375,1975
Somalia,SOM,Entrepreneurship,9.375,1976
Somalia,SOM,Entrepreneurship,9.375,1977
Somalia,SOM,Entrepreneurship,9.375,1978
Somalia,SOM,Entrepreneurship,9.375,1979
Somalia,SOM,Entrepreneurship,9.375,1980
Somalia,SOM,Entrepreneurship,9.375,1981
Somalia,SOM,Entrepreneurship,9.375,1982
Somalia,SOM,Entrepreneurship,9.375,1983
Somalia,SOM,Entrepreneurship,9.375,1984
Somalia,SOM,Entrepreneurship,9.375,1985
Somalia,SOM,Entrepreneurship,9.375,1986
Somalia,SOM,Entrepreneurship,9.375,1987
Somalia,SOM,Entrepreneurship,9.375,1988
Somalia,SOM,Entrepreneurship,9.375,1989
Somalia,SOM,Entrepreneurship,9.375,1990
Somalia,SOM,Entrepreneurship,9.375,1991
Somalia,SOM,Entrepreneurship,9.375,1992
Somalia,SOM,Entrepreneurship,9.375,1993
Somalia,SOM,Entrepreneurship,9.375,1994
Somalia,SOM,Entrepreneurship,9.375,1995
Somalia,SOM,Entrepreneurship,9.375,1996
Somalia,SOM,Entrepreneurship,9.375,1997
Somalia,SOM,Entrepreneurship,9.375,1998
Somalia,SOM,Entrepreneurship,9.375,1999
Somalia,SOM,Entrepreneurship,9.375,2000
Somalia,SOM,Entrepreneurship,9.375,2001
Somalia,SOM,Entrepreneurship,9.375,2002
Somalia,SOM,Entrepreneurship,9.375,2003
Somalia,SOM,Entrepreneurship,9.375,2004
Somalia,SOM,Entrepreneurship,9.375,2005
Somalia,SOM,Entrepreneurship,9.375,2006
Somalia,SOM,Entrepreneurship,9.375,2007
Somalia,SOM,Entrepreneurship,9.375,2008
Somalia,SOM,Entrepreneurship,9.375,2009
Somalia,SOM,Entrepreneurship,9.375,2010
Somalia,SOM,Entrepreneurship,9.375,2011
Somalia,SOM,Entrepreneurship,9.375,2012
Somalia,SOM,Entrepreneurship,9.375,2013
Somalia,SOM,Entrepreneurship,28.125,2014
Somalia,SOM,Entrepreneurship,37.500,2015
Somalia,SOM,Entrepreneurship,62.500,2016
Somalia,SOM,Entrepreneurship,62.500,2017
Somalia,SOM,Entrepreneurship,37.500,2018
Somalia,SOM,Entrepreneurship,37.500,2019
Somalia,SOM,Entrepreneurship,9.375,2020
Somalia,SOM,Entrepreneurship,9.375,2021
Somalia,SOM,Entrepreneurship,9.375,2022
Somalia,SOM,Entrepreneurship,9.375,2023
Somalia,SOM,Environment,0.000,1960
Somalia,SOM,Environment,0.000,1961
Somalia,SOM,Environment,0.000,1962
Somalia,SOM,Environment,0.000,1963
Somalia,SOM,Environment,0.000,1964
Somalia,SOM,Environment,0.000,1965
Somalia,SOM,Environment,0.000,1966
Somalia,SOM,Environment,0.000,1967
Somalia,SOM,Environment,0.000,1968
Somalia,SOM,Environment,0.000,1969
Somalia,SOM,Environment,0.000,1970
Somalia,SOM,Environment,0.000,1971
Somalia,SOM,Environment,0.000,1972
Somalia,SOM,Environment,0.000,1973
Somalia,SOM,Environment,0.000,1974
Somalia,SOM,Environment,0.000,1975
Somalia,SOM,Environment,0.000,1976
Somalia,SOM,Environment,0.000,1977
Somalia,SOM,Environment,0.000,1978
Somalia,SOM,Environment,0.000,1979
Somalia,SOM,Environment,0.000,1980
Somalia,SOM,Environment,0.000,1981
Somalia,SOM,Environment,0.000,1982
Somalia,SOM,Environment,0.000,1983
Somalia,SOM,Environment,0.000,1984
Somalia,SOM,Environment,0.000,1985
Somalia,SOM,Environment,0.000,1986
Somalia,SOM,Environment,0.000,1987
Somalia,SOM,Environment,0.000,1988
Somalia,SOM,Environment,0.000,1989
Somalia,SOM,Environment,0.000,1990
Somalia,SOM,Environment,0.000,1991
Somalia,SOM,Environment,0.000,1992
Somalia,SOM,Environment,0.000,1993
Somalia,SOM,Environment,0.000,1994
Somalia,SOM,Environment,0.000,1995
Somalia,SOM,Environment,0.000,1996
Somalia,SOM,Environment,0.000,1997
Somalia,SOM,Environment,0.000,1998
Somalia,SOM,Environment,0.000,1999
Somalia,SOM,Environment,10.000,2000
Somalia,SOM,Environment,10.000,2001
Somalia,SOM,Environment,10.000,2002
Somalia,SOM,Environment,10.000,2003
Somalia,SOM,Environment,10.000,2004
Somalia,SOM,Environment,10.000,2005
Somalia,SOM,Environment,10.000,2006
Somalia,SOM,Environment,10.000,2007
Somalia,SOM,Environment,10.000,2008
Somalia,SOM,Environment,10.000,2009
Somalia,SOM,Environment,10.000,2010
Somalia,SOM,Environment,10.000,2011
Somalia,SOM,Environment,10.000,2012
Somalia,SOM,Environment,10.000,2013
Somalia,SOM,Environment,20.000,2014
Somalia,SOM,Environment,10.000,2015
Somalia,SOM,Environment,10.000,2016
Somalia,SOM,Environment,10.000,2017
Somalia,SOM,Environment,10.000,2018
Somalia,SOM,Environment,30.000,2019
Somalia,SOM,Environment,10.000,2020
Somalia,SOM,Environment,10.000,2021
Somalia,SOM,Environment,10.000,2022
Somalia,SOM,Environment,0.000,2023
Somalia,SOM,Health,3.030,1960
Somalia,SOM,Health,3.030,1961
Somalia,SOM,Health,3.030,1962
Somalia,SOM,Health,3.030,1963
Somalia,SOM,Health,3.030,1964
Somalia,SOM,Health,3.030,1965
Somalia,SOM,Health,3.030,1966
Somalia,SOM,Health,3.030,1967
Somalia,SOM,Health,3.030,1968
Somalia,SOM,Health,3.030,1969
Somalia,SOM,Health,3.030,1970
Somalia,SOM,Health,3.030,1971
Somalia,SOM,Health,3.030,1972
Somalia,SOM,Health,3.030,1973
Somalia,SOM,Health,3.030,1974
Somalia,SOM,Health,5.556,1975
Somalia,SOM,Health,5.556,1976
Somalia,SOM,Health,5.556,1977
Somalia,SOM,Health,5.556,1978
Somalia,SOM,Health,5.556,1979
Somalia,SOM,Health,6.061,1980
Somalia,SOM,Health,6.566,1981
Somalia,SOM,Health,9.596,1982
Somalia,SOM,Health,11.111,1983
Somalia,SOM,Health,11.111,1984
Somalia,SOM,Health,11.111,1985
Somalia,SOM,Health,11.111,1986
Somalia,SOM,Health,12.121,1987
Somalia,SOM,Health,12.121,1988
Somalia,SOM,Health,12.121,1989
Somalia,SOM,Health,12.626,1990
Somalia,SOM,Health,12.626,1991
Somalia,SOM,Health,12.626,1992
Somalia,SOM,Health,12.626,1993
Somalia,SOM,Health,12.626,1994
Somalia,SOM,Health,12.626,1995
Somalia,SOM,Health,12.626,1996
Somalia,SOM,Health,12.626,1997
Somalia,SOM,Health,12.626,1998
Somalia,SOM,Health,16.162,1999
Somalia,SOM,Health,50.000,2000
Somalia,SOM,Health,26.263,2001
Somalia,SOM,Health,26.768,2002
Somalia,SOM,Health,26.263,2003
Somalia,SOM,Health,26.263,2004
Somalia,SOM,Health,26.263,2005
Somalia,SOM,Health,37.879,2006
Somalia,SOM,Health,26.263,2007
Somalia,SOM,Health,26.263,2008
Somalia,SOM,Health,33.838,2009
Somalia,SOM,Health,48.990,2010
Somalia,SOM,Health,28.283,2011
Somalia,SOM,Health,26.263,2012
Somalia,SOM,Health,26.263,2013
Somalia,SOM,Health,28.283,2014
Somalia,SOM,Health,49.495,2015
Somalia,SOM,Health,26.768,2016
Somalia,SOM,Health,23.737,2017
Somalia,SOM,Health,23.737,2018
Somalia,SOM,Health,53.030,2019
Somalia,SOM,Health,20.202,2020
Somalia,SOM,Health,12.626,2021
Somalia,SOM,Health,11.616,2022
Somalia,SOM,Health,1.010,2023
Somalia,SOM,Leadership,0.000,1960
Somalia,SOM,Leadership,0.000,1961
Somalia,SOM,Leadership,0.000,1962
Somalia,SOM,Leadership,0.000,1963
Somalia,SOM,Leadership,0.000,1964
Somalia,SOM,Leadership,0.000,1965
Somalia,SOM,Leadership,0.000,1966
Somalia,SOM,Leadership,0.000,1967
Somalia,SOM,Leadership,0.000,1968
Somalia,SOM,Leadership,0.000,1969
Somalia,SOM,Leadership,0.000,1970
Somalia,SOM,Leadership,0.000,1971
Somalia,SOM,Leadership,0.000,1972
Somalia,SOM,Leadership,0.000,1973
Somalia,SOM,Leadership,0.000,1974
Somalia,SOM,Leadership,0.000,1975
Somalia,SOM,Leadership,0.000,1976
Somalia,SOM,Leadership,0.000,1977
Somalia,SOM,Leadership,0.000,1978
Somalia,SOM,Leadership,0.000,1979
Somalia,SOM,Leadership,0.000,1980
Somalia,SOM,Leadership,0.000,1981
Somalia,SOM,Leadership,0.000,1982
Somalia,SOM,Leadership,0.000,1983
Somalia,SOM,Leadership,0.000,1984
Somalia,SOM,Leadership,0.000,1985
Somalia,SOM,Leadership,0.000,1986
Somalia,SOM,Leadership,0.000,1987
Somalia,SOM,Leadership,0.000,1988
Somalia,SOM,Leadership,0.000,1989
Somalia,SOM,Leadership,0.000,1990
Somalia,SOM,Leadership,0.000,1991
Somalia,SOM,Leadership,0.000,1992
Somalia,SOM,Leadership,0.000,1993
Somalia,SOM,Leadership,0.000,1994
Somalia,SOM,Leadership,0.000,1995
Somalia,SOM,Leadership,0.000,1996
Somalia,SOM,Leadership,0.000,1997
Somalia,SOM,Leadership,0.000,1998
Somalia,SOM,Leadership,0.000,1999
Somalia,SOM,Leadership,0.000,2000
Somalia,SOM,Leadership,0.000,2001
Somalia,SOM,Leadership,0.000,2002
Somalia,SOM,Leadership,0.000,2003
Somalia,SOM,Leadership,0.000,2004
Somalia,SOM,Leadership,25.000,2005
Somalia,SOM,Leadership,25.000,2006
Somalia,SOM,Leadership,25.000,2007
Somalia,SOM,Leadership,25.000,2008
Somalia,SOM,Leadership,25.000,2009
Somalia,SOM,Leadership,25.000,2010
Somalia,SOM,Leadership,25.000,2011
Somalia,SOM,Leadership,50.000,2012
Somalia,SOM,Leadership,25.000,2013
Somalia,SOM,Leadership,50.000,2014
Somalia,SOM,Leadership,50.000,2015
Somalia,SOM,Leadership,25.000,2016
Somalia,SOM,Leadership,25.000,2017
Somalia,SOM,Leadership,50.000,2018
Somalia,SOM,Leadership,75.000,2019
Somalia,SOM,Leadership,50.000,2020
Somalia,SOM,Leadership,25.000,2021
Somalia,SOM,Leadership,50.000,2022
Somalia,SOM,Leadership,25.000,2023
Somalia,SOM,Norms and Decision-making,0.000,1960
Somalia,SOM,Norms and Decision-making,0.000,1961
Somalia,SOM,Norms and Decision-making,0.000,1962
Somalia,SOM,Norms and Decision-making,0.000,1963
Somalia,SOM,Norms and Decision-making,0.000,1964
Somalia,SOM,Norms and Decision-making,0.000,1965
Somalia,SOM,Norms and Decision-making,0.000,1966
Somalia,SOM,Norms and Decision-making,0.000,1967
Somalia,SOM,Norms and Decision-making,0.000,1968
Somalia,SOM,Norms and Decision-making,0.000,1969
Somalia,SOM,Norms and Decision-making,12.593,1970
Somalia,SOM,Norms and Decision-making,12.593,1971
Somalia,SOM,Norms and Decision-making,12.593,1972
Somalia,SOM,Norms and Decision-making,12.593,1973
Somalia,SOM,Norms and Decision-making,12.593,1974
Somalia,SOM,Norms and Decision-making,12.593,1975
Somalia,SOM,Norms and Decision-making,12.593,1976
Somalia,SOM,Norms and Decision-making,12.593,1977
Somalia,SOM,Norms and Decision-making,12.593,1978
Somalia,SOM,Norms and Decision-making,12.593,1979
Somalia,SOM,Norms and Decision-making,12.593,1980
Somalia,SOM,Norms and Decision-making,14.074,1981
Somalia,SOM,Norms and Decision-making,14.074,1982
Somalia,SOM,Norms and Decision-making,12.593,1983
Somalia,SOM,Norms and Decision-making,12.593,1984
Somalia,SOM,Norms and Decision-making,12.593,1985
Somalia,SOM,Norms and Decision-making,12.593,1986
Somalia,SOM,Norms and Decision-making,12.593,1987
Somalia,SOM,Norms and Decision-making,12.593,1988
Somalia,SOM,Norms and Decision-making,12.593,1989
Somalia,SOM,Norms and Decision-making,12.593,1990
Somalia,SOM,Norms and Decision-making,12.593,1991
Somalia,SOM,Norms and Decision-making,12.593,1992
Somalia,SOM,Norms and Decision-making,12.593,1993
Somalia,SOM,Norms and Decision-making,12.593,1994
Somalia,SOM,Norms and Decision-making,12.593,1995
Somalia,SOM,Norms and Decision-making,12.593,1996
Somalia,SOM,Norms and Decision-making,12.593,1997
Somalia,SOM,Norms and Decision-making,12.593,1998
Somalia,SOM,Norms and Decision-making,12.593,1999
Somalia,SOM,Norms and Decision-making,12.593,2000
Somalia,SOM,Norms and Decision-making,12.593,2001
Somalia,SOM,Norms and Decision-making,12.593,2002
Somalia,SOM,Norms and Decision-making,12.593,2003
Somalia,SOM,Norms and Decision-making,12.593,2004
Somalia,SOM,Norms and Decision-making,12.593,2005
Somalia,SOM,Norms and Decision-making,16.296,2006
Somalia,SOM,Norms and Decision-making,12.593,2007
Somalia,SOM,Norms and Decision-making,12.593,2008
Somalia,SOM,Norms and Decision-making,12.593,2009
Somalia,SOM,Norms and Decision-making,12.593,2010
Somalia,SOM,Norms and Decision-making,12.593,2011
Somalia,SOM,Norms and Decision-making,12.593,2012
Somalia,SOM,Norms and Decision-making,12.593,2013
Somalia,SOM,Norms and Decision-making,12.593,2014
Somalia,SOM,Norms and Decision-making,12.593,2015
Somalia,SOM,Norms and Decision-making,12.593,2016
Somalia,SOM,Norms and Decision-making,12.593,2017
Somalia,SOM,Norms and Decision-making,12.593,2018
Somalia,SOM,Norms and Decision-making,12.593,2019
Somalia,SOM,Norms and Decision-making,13.333,2020
Somalia,SOM,Norms and Decision-making,12.593,2021
Somalia,SOM,Norms and Decision-making,12.593,2022
Somalia,SOM,Norms and Decision-making,12.593,2023
Somalia,SOM,Population,86.905,1960
Somalia,SOM,Population,86.905,1961
Somalia,SOM,Population,86.905,1962
Somalia,SOM,Population,86.905,1963
Somalia,SOM,Population,86.905,1964
Somalia,SOM,Population,86.905,1965
Somalia,SOM,Population,86.905,1966
Somalia,SOM,Population,86.905,1967
Somalia,SOM,Population,86.905,1968
Somalia,SOM,Population,86.905,1969
Somalia,SOM,Population,86.905,1970
Somalia,SOM,Population,86.905,1971
Somalia,SOM,Population,86.905,1972
Somalia,SOM,Population,86.905,1973
Somalia,SOM,Population,86.905,1974
Somalia,SOM,Population,86.905,1975
Somalia,SOM,Population,86.905,1976
Somalia,SOM,Population,86.905,1977
Somalia,SOM,Population,86.905,1978
Somalia,SOM,Population,86.905,1979
Somalia,SOM,Population,91.667,1980
Somalia,SOM,Population,89.286,1981
Somalia,SOM,Population,89.286,1982
Somalia,SOM,Population,86.905,1983
Somalia,SOM,Population,86.905,1984
Somalia,SOM,Population,91.667,1985
Somalia,SOM,Population,86.905,1986
Somalia,SOM,Population,86.905,1987
Somalia,SOM,Population,86.905,1988
Somalia,SOM,Population,86.905,1989
Somalia,SOM,Population,92.857,1990
Somalia,SOM,Population,86.905,1991
Somalia,SOM,Population,86.905,1992
Somalia,SOM,Population,86.905,1993
Somalia,SOM,Population,86.905,1994
Somalia,SOM,Population,92.857,1995
Somalia,SOM,Population,86.905,1996
Somalia,SOM,Population,86.905,1997
Somalia,SOM,Population,86.905,1998
Somalia,SOM,Population,86.905,1999
Somalia,SOM,Population,92.857,2000
Somalia,SOM,Population,86.905,2001
Somalia,SOM,Population,86.905,2002
Somalia,SOM,Population,86.905,2003
Somalia,SOM,Population,86.905,2004
Somalia,SOM,Population,92.857,2005
Somalia,SOM,Population,91.667,2006
Somalia,SOM,Population,86.905,2007
Somalia,SOM,Population,86.905,2008
Somalia,SOM,Population,86.905,2009
Somalia,SOM,Population,92.857,2010
Somalia,SOM,Population,86.905,2011
Somalia,SOM,Population,86.905,2012
Somalia,SOM,Population,86.905,2013
Somalia,SOM,Population,86.905,2014
Somalia,SOM,Population,92.857,2015
Somalia,SOM,Population,86.905,2016
Somalia,SOM,Population,86.905,2017
Somalia,SOM,Population,86.905,2018
Somalia,SOM,Population,86.905,2019
Somalia,SOM,Population,89.286,2020
Somalia,SOM,Population,86.905,2021
Somalia,SOM,Population,86.905,2022
Somalia,SOM,Population,77.381,2023
Somalia,SOM,SDGs,0.671,1960
Somalia,SOM,SDGs,0.671,1961
Somalia,SOM,SDGs,0.671,1962
Somalia,SOM,SDGs,0.671,1963
Somalia,SOM,SDGs,0.671,1964
Somalia,SOM,SDGs,0.671,1965
Somalia,SOM,SDGs,0.671,1966
Somalia,SOM,SDGs,0.671,1967
Somalia,SOM,SDGs,0.671,1968
Somalia,SOM,SDGs,0.671,1969
Somalia,SOM,SDGs,9.396,1970
Somalia,SOM,SDGs,9.396,1971
Somalia,SOM,SDGs,9.396,1972
Somalia,SOM,SDGs,9.396,1973
Somalia,SOM,SDGs,9.396,1974
Somalia,SOM,SDGs,9.396,1975
Somalia,SOM,SDGs,9.396,1976
Somalia,SOM,SDGs,9.396,1977
Somalia,SOM,SDGs,9.396,1978
Somalia,SOM,SDGs,9.396,1979
Somalia,SOM,SDGs,9.396,1980
Somalia,SOM,SDGs,10.067,1981
Somalia,SOM,SDGs,12.081,1982
Somalia,SOM,SDGs,12.081,1983
Somalia,SOM,SDGs,12.081,1984
Somalia,SOM,SDGs,12.081,1985
Somalia,SOM,SDGs,12.081,1986
Somalia,SOM,SDGs,12.081,1987
Somalia,SOM,SDGs,12.081,1988
Somalia,SOM,SDGs,12.081,1989
Somalia,SOM,SDGs,12.081,1990
Somalia,SOM,SDGs,16.107,1991
Somalia,SOM,SDGs,16.107,1992
Somalia,SOM,SDGs,16.107,1993
Somalia,SOM,SDGs,16.107,1994
Somalia,SOM,SDGs,16.107,1995
Somalia,SOM,SDGs,16.107,1996
Somalia,SOM,SDGs,16.107,1997
Somalia,SOM,SDGs,16.107,1998
Somalia,SOM,SDGs,16.779,1999
Somalia,SOM,SDGs,59.732,2000
Somalia,SOM,SDGs,28.859,2001
Somalia,SOM,SDGs,29.530,2002
Somalia,SOM,SDGs,28.859,2003
Somalia,SOM,SDGs,28.859,2004
Somalia,SOM,SDGs,29.530,2005
Somalia,SOM,SDGs,31.544,2006
Somalia,SOM,SDGs,29.530,2007
Somalia,SOM,SDGs,29.530,2008
Somalia,SOM,SDGs,29.530,2009
Somalia,SOM,SDGs,59.732,2010
Somalia,SOM,SDGs,29.530,2011
Somalia,SOM,SDGs,29.530,2012
Somalia,SOM,SDGs,29.530,2013
Somalia,SOM,SDGs,31.544,2014
Somalia,SOM,SDGs,59.732,2015
Somalia,SOM,SDGs,28.859,2016
Somalia,SOM,SDGs,29.530,2017
Somalia,SOM,SDGs,29.530,2018
Somalia,SOM,SDGs,68.456,2019
Somalia,SOM,SDGs,25.503,2020
Somalia,SOM,SDGs,18.792,2021
Somalia,SOM,SDGs,18.792,2022
Somalia,SOM,SDGs,14.094,2023
Somalia,SOM,Technology,0.000,1960
Somalia,SOM,Technology,0.000,1961
Somalia,SOM,Technology,0.000,1962
Somalia,SOM,Technology,0.000,1963
Somalia,SOM,Technology,0.000,1964
Somalia,SOM,Technology,0.000,1965
Somalia,SOM,Technology,0.000,1966
Somalia,SOM,Technology,0.000,1967
Somalia,SOM,Technology,0.000,1968
Somalia,SOM,Technology,0.000,1969
Somalia,SOM,Technology,0.000,1970
Somalia,SOM,Technology,0.000,1971
Somalia,SOM,Technology,0.000,1972
Somalia,SOM,Technology,0.000,1973
Somalia,SOM,Technology,0.000,1974
Somalia,SOM,Technology,0.000,1975
Somalia,SOM,Technology,0.000,1976
Somalia,SOM,Technology,0.000,1977
Somalia,SOM,Technology,0.000,1978
Somalia,SOM,Technology,0.000,1979
Somalia,SOM,Technology,0.000,1980
Somalia,SOM,Technology,0.000,1981
Somalia,SOM,Technology,0.000,1982
Somalia,SOM,Technology,0.000,1983
Somalia,SOM,Technology,0.000,1984
Somalia,SOM,Technology,0.000,1985
Somalia,SOM,Technology,0.000,1986
Somalia,SOM,Technology,0.000,1987
Somalia,SOM,Technology,0.000,1988
Somalia,SOM,Technology,0.000,1989
Somalia,SOM,Technology,2.222,1990
Somalia,SOM,Technology,2.222,1991
Somalia,SOM,Technology,2.222,1992
Somalia,SOM,Technology,2.222,1993
Somalia,SOM,Technology,2.222,1994
Somalia,SOM,Technology,2.222,1995
Somalia,SOM,Technology,2.222,1996
Somalia,SOM,Technology,2.222,1997
Somalia,SOM,Technology,2.222,1998
Somalia,SOM,Technology,2.222,1999
Somalia,SOM,Technology,2.222,2000
Somalia,SOM,Technology,2.222,2001
Somalia,SOM,Technology,2.222,2002
Somalia,SOM,Technology,2.222,2003
Somalia,SOM,Technology,2.222,2004
Somalia,SOM,Technology,2.222,2005
Somalia,SOM,Technology,2.222,2006
Somalia,SOM,Technology,2.222,2007
Somalia,SOM,Technology,2.222,2008
Somalia,SOM,Technology,2.222,2009
Somalia,SOM,Technology,0.000,2010
Somalia,SOM,Technology,2.222,2011
Somalia,SOM,Technology,2.222,2012
Somalia,SOM,Technology,2.222,2013
Somalia,SOM,Technology,35.556,2014
Somalia,SOM,Technology,2.222,2015
Somalia,SOM,Technology,2.222,2016
Somalia,SOM,Technology,2.222,2017
Somalia,SOM,Technology,0.000,2018
Somalia,SOM,Technology,0.000,2019
Somalia,SOM,Technology,2.222,2020
Somalia,SOM,Technology,2.222,2021
Somalia,SOM,Technology,2.222,2022
Somalia,SOM,Technology,0.000,2023
Somalia,SOM,Violence,0.000,1960
Somalia,SOM,Violence,0.000,1961
Somalia,SOM,Violence,0.000,1962
Somalia,SOM,Violence,0.000,1963
Somalia,SOM,Violence,0.000,1964
Somalia,SOM,Violence,0.000,1965
Somalia,SOM,Violence,0.000,1966
Somalia,SOM,Violence,0.000,1967
Somalia,SOM,Violence,0.000,1968
Somalia,SOM,Violence,0.000,1969
Somalia,SOM,Violence,2.143,1970
Somalia,SOM,Violence,2.143,1971
Somalia,SOM,Violence,2.143,1972
Somalia,SOM,Violence,2.143,1973
Somalia,SOM,Violence,2.143,1974
Somalia,SOM,Violence,2.143,1975
Somalia,SOM,Violence,2.143,1976
Somalia,SOM,Violence,2.143,1977
Somalia,SOM,Violence,2.143,1978
Somalia,SOM,Violence,2.143,1979
Somalia,SOM,Violence,2.143,1980
Somalia,SOM,Violence,2.143,1981
Somalia,SOM,Violence,2.143,1982
Somalia,SOM,Violence,2.143,1983
Somalia,SOM,Violence,2.143,1984
Somalia,SOM,Violence,2.143,1985
Somalia,SOM,Violence,2.143,1986
Somalia,SOM,Violence,2.143,1987
Somalia,SOM,Violence,2.143,1988
Somalia,SOM,Violence,2.143,1989
Somalia,SOM,Violence,2.143,1990
Somalia,SOM,Violence,2.143,1991
Somalia,SOM,Violence,2.143,1992
Somalia,SOM,Violence,2.143,1993
Somalia,SOM,Violence,2.143,1994
Somalia,SOM,Violence,2.143,1995
Somalia,SOM,Violence,2.143,1996
Somalia,SOM,Violence,2.143,1997
Somalia,SOM,Violence,2.143,1998
Somalia,SOM,Violence,2.143,1999
Somalia,SOM,Violence,4.286,2000
Somalia,SOM,Violence,4.286,2001
Somalia,SOM,Violence,4.286,2002
Somalia,SOM,Violence,4.286,2003
Somalia,SOM,Violence,4.286,2004
Somalia,SOM,Violence,4.286,2005
Somalia,SOM,Violence,5.714,2006
Somalia,SOM,Violence,4.286,2007
Somalia,SOM,Violence,4.286,2008
Somalia,SOM,Violence,4.286,2009
Somalia,SOM,Violence,4.286,2010
Somalia,SOM,Violence,4.286,2011
Somalia,SOM,Violence,4.286,2012
Somalia,SOM,Violence,4.286,2013
Somalia,SOM,Violence,4.286,2014
Somalia,SOM,Violence,4.286,2015
Somalia,SOM,Violence,4.286,2016
Somalia,SOM,Violence,4.286,2017
Somalia,SOM,Violence,4.286,2018
Somalia,SOM,Violence,4.286,2019
Somalia,SOM,Violence,6.429,2020
Somalia,SOM,Violence,2.143,2021
Somalia,SOM,Violence,2.143,2022
Somalia,SOM,Violence,2.143,2023
Somalia,SOM,Youth 15-24,4.587,1960
Somalia,SOM,Youth 15-24,4.587,1961
Somalia,SOM,Youth 15-24,4.587,1962
Somalia,SOM,Youth 15-24,4.587,1963
Somalia,SOM,Youth 15-24,4.587,1964
Somalia,SOM,Youth 15-24,4.587,1965
Somalia,SOM,Youth 15-24,4.587,1966
Somalia,SOM,Youth 15-24,4.587,1967
Somalia,SOM,Youth 15-24,4.587,1968
Somalia,SOM,Youth 15-24,4.587,1969
Somalia,SOM,Youth 15-24,4.587,1970
Somalia,SOM,Youth 15-24,15.596,1971
Somalia,SOM,Youth 15-24,25.688,1972
Somalia,SOM,Youth 15-24,14.679,1973
Somalia,SOM,Youth 15-24,14.679,1974
Somalia,SOM,Youth 15-24,8.257,1975
Somalia,SOM,Youth 15-24,18.349,1976
Somalia,SOM,Youth 15-24,19.266,1977
Somalia,SOM,Youth 15-24,19.266,1978
Somalia,SOM,Youth 15-24,19.266,1979
Somalia,SOM,Youth 15-24,19.266,1980
Somalia,SOM,Youth 15-24,14.679,1981
Somalia,SOM,Youth 15-24,14.679,1982
Somalia,SOM,Youth 15-24,14.679,1983
Somalia,SOM,Youth 15-24,14.679,1984
Somalia,SOM,Youth 15-24,14.679,1985
Somalia,SOM,Youth 15-24,14.679,1986
Somalia,SOM,Youth 15-24,8.257,1987
Somalia,SOM,Youth 15-24,4.587,1988
Somalia,SOM,Youth 15-24,4.587,1989
Somalia,SOM,Youth 15-24,7.339,1990
Somalia,SOM,Youth 15-24,13.761,1991
Somalia,SOM,Youth 15-24,13.761,1992
Somalia,SOM,Youth 15-24,13.761,1993
Somalia,SOM,Youth 15-24,13.761,1994
Somalia,SOM,Youth 15-24,13.761,1995
Somalia,SOM,Youth 15-24,13.761,1996
Somalia,SOM,Youth 15-24,13.761,1997
Somalia,SOM,Youth 15-24,13.761,1998
Somalia,SOM,Youth 15-24,13.761,1999
Somalia,SOM,Youth 15-24,13.761,2000
Somalia,SOM,Youth 15-24,13.761,2001
Somalia,SOM,Youth 15-24,13.761,2002
Somalia,SOM,Youth 15-24,13.761,2003
Somalia,SOM,Youth 15-24,13.761,2004
Somalia,SOM,Youth 15-24,13.761,2005
Somalia,SOM,Youth 15-24,16.514,2006
Somalia,SOM,Youth 15-24,25.688,2007
Somalia,SOM,Youth 15-24,13.761,2008
Somalia,SOM,Youth 15-24,13.761,2009
Somalia,SOM,Youth 15-24,13.761,2010
Somalia,SOM,Youth 15-24,13.761,2011
Somalia,SOM,Youth 15-24,13.761,2012
Somalia,SOM,Youth 15-24,13.761,2013
Somalia,SOM,Youth 15-24,13.761,2014
Somalia,SOM,Youth 15-24,13.761,2015
Somalia,SOM,Youth 15-24,13.761,2016
Somalia,SOM,Youth 15-24,13.761,2017
Somalia,SOM,Youth 15-24,13.761,2018
Somalia,SOM,Youth 15-24,25.688,2019
Somalia,SOM,Youth 15-24,13.761,2020
Somalia,SOM,Youth 15-24,15.596,2021
Somalia,SOM,Youth 15-24,22.936,2022
Somalia,SOM,Youth 15-24,15.596,2023
