Country Name,Country Code,Topic,% of available indicators,Year
Lebanon,LBN,Assets,0.000,1960
Lebanon,LBN,Assets,0.000,1961
Lebanon,LBN,Assets,0.000,1962
Lebanon,LBN,Assets,0.000,1963
Lebanon,LBN,Assets,0.000,1964
Lebanon,LBN,Assets,0.000,1965
Lebanon,LBN,Assets,0.000,1966
Lebanon,LBN,Assets,0.000,1967
Lebanon,LBN,Assets,0.000,1968
Lebanon,LBN,Assets,0.000,1969
Lebanon,LBN,Assets,2.208,1970
Lebanon,LBN,Assets,2.208,1971
Lebanon,LBN,Assets,2.208,1972
Lebanon,LBN,Assets,2.208,1973
Lebanon,LBN,Assets,2.208,1974
Lebanon,LBN,Assets,2.208,1975
Lebanon,LBN,Assets,2.208,1976
Lebanon,LBN,Assets,2.208,1977
Lebanon,LBN,Assets,2.208,1978
Lebanon,LBN,Assets,2.208,1979
Lebanon,LBN,Assets,2.208,1980
Lebanon,LBN,Assets,2.208,1981
Lebanon,LBN,Assets,2.208,1982
Lebanon,LBN,Assets,2.208,1983
Lebanon,LBN,Assets,2.208,1984
Lebanon,LBN,Assets,2.208,1985
Lebanon,LBN,Assets,2.208,1986
Lebanon,LBN,Assets,2.208,1987
Lebanon,LBN,Assets,2.208,1988
Lebanon,LBN,Assets,2.208,1989
Lebanon,LBN,Assets,2.208,1990
Lebanon,LBN,Assets,2.208,1991
Lebanon,LBN,Assets,2.208,1992
Lebanon,LBN,Assets,2.208,1993
Lebanon,LBN,Assets,2.208,1994
Lebanon,LBN,Assets,2.208,1995
Lebanon,LBN,Assets,2.208,1996
Lebanon,LBN,Assets,2.208,1997
Lebanon,LBN,Assets,2.208,1998
Lebanon,LBN,Assets,2.208,1999
Lebanon,LBN,Assets,2.208,2000
Lebanon,LBN,Assets,2.208,2001
Lebanon,LBN,Assets,2.208,2002
Lebanon,LBN,Assets,2.208,2003
Lebanon,LBN,Assets,2.208,2004
Lebanon,LBN,Assets,2.208,2005
Lebanon,LBN,Assets,2.208,2006
Lebanon,LBN,Assets,2.208,2007
Lebanon,LBN,Assets,2.208,2008
Lebanon,LBN,Assets,2.208,2009
Lebanon,LBN,Assets,2.208,2010
Lebanon,LBN,Assets,11.672,2011
Lebanon,LBN,Assets,2.208,2012
Lebanon,LBN,Assets,2.208,2013
Lebanon,LBN,Assets,31.546,2014
Lebanon,LBN,Assets,2.208,2015
Lebanon,LBN,Assets,2.208,2016
Lebanon,LBN,Assets,33.123,2017
Lebanon,LBN,Assets,2.208,2018
Lebanon,LBN,Assets,2.208,2019
Lebanon,LBN,Assets,2.208,2020
Lebanon,LBN,Assets,61.199,2021
Lebanon,LBN,Assets,2.208,2022
Lebanon,LBN,Assets,2.208,2023
Lebanon,LBN,Children 0-14,17.692,1960
Lebanon,LBN,Children 0-14,19.231,1961
Lebanon,LBN,Children 0-14,19.231,1962
Lebanon,LBN,Children 0-14,19.231,1963
Lebanon,LBN,Children 0-14,19.231,1964
Lebanon,LBN,Children 0-14,19.231,1965
Lebanon,LBN,Children 0-14,19.231,1966
Lebanon,LBN,Children 0-14,19.231,1967
Lebanon,LBN,Children 0-14,19.231,1968
Lebanon,LBN,Children 0-14,19.231,1969
Lebanon,LBN,Children 0-14,23.846,1970
Lebanon,LBN,Children 0-14,25.385,1971
Lebanon,LBN,Children 0-14,19.231,1972
Lebanon,LBN,Children 0-14,21.538,1973
Lebanon,LBN,Children 0-14,30.000,1974
Lebanon,LBN,Children 0-14,19.231,1975
Lebanon,LBN,Children 0-14,19.231,1976
Lebanon,LBN,Children 0-14,19.231,1977
Lebanon,LBN,Children 0-14,20.769,1978
Lebanon,LBN,Children 0-14,19.231,1979
Lebanon,LBN,Children 0-14,20.769,1980
Lebanon,LBN,Children 0-14,21.538,1981
Lebanon,LBN,Children 0-14,26.923,1982
Lebanon,LBN,Children 0-14,26.923,1983
Lebanon,LBN,Children 0-14,20.769,1984
Lebanon,LBN,Children 0-14,26.923,1985
Lebanon,LBN,Children 0-14,20.769,1986
Lebanon,LBN,Children 0-14,21.538,1987
Lebanon,LBN,Children 0-14,20.769,1988
Lebanon,LBN,Children 0-14,23.846,1989
Lebanon,LBN,Children 0-14,20.769,1990
Lebanon,LBN,Children 0-14,20.769,1991
Lebanon,LBN,Children 0-14,23.846,1992
Lebanon,LBN,Children 0-14,21.538,1993
Lebanon,LBN,Children 0-14,23.846,1994
Lebanon,LBN,Children 0-14,23.846,1995
Lebanon,LBN,Children 0-14,23.846,1996
Lebanon,LBN,Children 0-14,28.462,1997
Lebanon,LBN,Children 0-14,32.308,1998
Lebanon,LBN,Children 0-14,26.154,1999
Lebanon,LBN,Children 0-14,40.000,2000
Lebanon,LBN,Children 0-14,26.154,2001
Lebanon,LBN,Children 0-14,26.154,2002
Lebanon,LBN,Children 0-14,26.154,2003
Lebanon,LBN,Children 0-14,35.385,2004
Lebanon,LBN,Children 0-14,26.154,2005
Lebanon,LBN,Children 0-14,26.154,2006
Lebanon,LBN,Children 0-14,30.769,2007
Lebanon,LBN,Children 0-14,26.154,2008
Lebanon,LBN,Children 0-14,25.385,2009
Lebanon,LBN,Children 0-14,42.308,2010
Lebanon,LBN,Children 0-14,26.154,2011
Lebanon,LBN,Children 0-14,24.615,2012
Lebanon,LBN,Children 0-14,26.154,2013
Lebanon,LBN,Children 0-14,24.615,2014
Lebanon,LBN,Children 0-14,40.000,2015
Lebanon,LBN,Children 0-14,28.462,2016
Lebanon,LBN,Children 0-14,28.462,2017
Lebanon,LBN,Children 0-14,33.077,2018
Lebanon,LBN,Children 0-14,41.538,2019
Lebanon,LBN,Children 0-14,24.615,2020
Lebanon,LBN,Children 0-14,33.846,2021
Lebanon,LBN,Children 0-14,22.308,2022
Lebanon,LBN,Children 0-14,19.231,2023
Lebanon,LBN,Education,0.000,1960
Lebanon,LBN,Education,0.000,1961
Lebanon,LBN,Education,0.000,1962
Lebanon,LBN,Education,0.000,1963
Lebanon,LBN,Education,0.000,1964
Lebanon,LBN,Education,0.000,1965
Lebanon,LBN,Education,0.000,1966
Lebanon,LBN,Education,0.000,1967
Lebanon,LBN,Education,0.000,1968
Lebanon,LBN,Education,0.000,1969
Lebanon,LBN,Education,7.362,1970
Lebanon,LBN,Education,15.951,1971
Lebanon,LBN,Education,3.681,1972
Lebanon,LBN,Education,7.975,1973
Lebanon,LBN,Education,8.589,1974
Lebanon,LBN,Education,0.613,1975
Lebanon,LBN,Education,0.000,1976
Lebanon,LBN,Education,0.000,1977
Lebanon,LBN,Education,3.067,1978
Lebanon,LBN,Education,0.613,1979
Lebanon,LBN,Education,6.135,1980
Lebanon,LBN,Education,6.135,1981
Lebanon,LBN,Education,15.951,1982
Lebanon,LBN,Education,7.975,1983
Lebanon,LBN,Education,0.000,1984
Lebanon,LBN,Education,16.564,1985
Lebanon,LBN,Education,0.613,1986
Lebanon,LBN,Education,1.227,1987
Lebanon,LBN,Education,0.000,1988
Lebanon,LBN,Education,3.681,1989
Lebanon,LBN,Education,0.000,1990
Lebanon,LBN,Education,0.000,1991
Lebanon,LBN,Education,12.883,1992
Lebanon,LBN,Education,1.227,1993
Lebanon,LBN,Education,8.589,1994
Lebanon,LBN,Education,8.589,1995
Lebanon,LBN,Education,13.497,1996
Lebanon,LBN,Education,11.656,1997
Lebanon,LBN,Education,19.018,1998
Lebanon,LBN,Education,17.178,1999
Lebanon,LBN,Education,25.153,2000
Lebanon,LBN,Education,26.994,2001
Lebanon,LBN,Education,26.380,2002
Lebanon,LBN,Education,18.405,2003
Lebanon,LBN,Education,26.380,2004
Lebanon,LBN,Education,26.994,2005
Lebanon,LBN,Education,26.994,2006
Lebanon,LBN,Education,42.945,2007
Lebanon,LBN,Education,28.221,2008
Lebanon,LBN,Education,34.356,2009
Lebanon,LBN,Education,30.675,2010
Lebanon,LBN,Education,28.834,2011
Lebanon,LBN,Education,15.951,2012
Lebanon,LBN,Education,17.178,2013
Lebanon,LBN,Education,19.018,2014
Lebanon,LBN,Education,14.724,2015
Lebanon,LBN,Education,16.564,2016
Lebanon,LBN,Education,26.994,2017
Lebanon,LBN,Education,34.356,2018
Lebanon,LBN,Education,23.313,2019
Lebanon,LBN,Education,8.589,2020
Lebanon,LBN,Education,3.067,2021
Lebanon,LBN,Education,3.067,2022
Lebanon,LBN,Education,12.270,2023
Lebanon,LBN,Employment and Time Use,0.000,1960
Lebanon,LBN,Employment and Time Use,0.000,1961
Lebanon,LBN,Employment and Time Use,0.000,1962
Lebanon,LBN,Employment and Time Use,0.000,1963
Lebanon,LBN,Employment and Time Use,0.000,1964
Lebanon,LBN,Employment and Time Use,0.000,1965
Lebanon,LBN,Employment and Time Use,0.000,1966
Lebanon,LBN,Employment and Time Use,0.000,1967
Lebanon,LBN,Employment and Time Use,0.000,1968
Lebanon,LBN,Employment and Time Use,0.000,1969
Lebanon,LBN,Employment and Time Use,21.168,1970
Lebanon,LBN,Employment and Time Use,21.168,1971
Lebanon,LBN,Employment and Time Use,21.168,1972
Lebanon,LBN,Employment and Time Use,21.168,1973
Lebanon,LBN,Employment and Time Use,21.168,1974
Lebanon,LBN,Employment and Time Use,26.277,1975
Lebanon,LBN,Employment and Time Use,21.168,1976
Lebanon,LBN,Employment and Time Use,21.168,1977
Lebanon,LBN,Employment and Time Use,21.168,1978
Lebanon,LBN,Employment and Time Use,21.168,1979
Lebanon,LBN,Employment and Time Use,21.168,1980
Lebanon,LBN,Employment and Time Use,21.168,1981
Lebanon,LBN,Employment and Time Use,21.168,1982
Lebanon,LBN,Employment and Time Use,21.168,1983
Lebanon,LBN,Employment and Time Use,21.168,1984
Lebanon,LBN,Employment and Time Use,21.168,1985
Lebanon,LBN,Employment and Time Use,21.168,1986
Lebanon,LBN,Employment and Time Use,21.168,1987
Lebanon,LBN,Employment and Time Use,21.168,1988
Lebanon,LBN,Employment and Time Use,21.168,1989
Lebanon,LBN,Employment and Time Use,31.387,1990
Lebanon,LBN,Employment and Time Use,56.204,1991
Lebanon,LBN,Employment and Time Use,56.204,1992
Lebanon,LBN,Employment and Time Use,56.204,1993
Lebanon,LBN,Employment and Time Use,56.204,1994
Lebanon,LBN,Employment and Time Use,56.204,1995
Lebanon,LBN,Employment and Time Use,56.204,1996
Lebanon,LBN,Employment and Time Use,60.584,1997
Lebanon,LBN,Employment and Time Use,56.204,1998
Lebanon,LBN,Employment and Time Use,56.204,1999
Lebanon,LBN,Employment and Time Use,56.204,2000
Lebanon,LBN,Employment and Time Use,56.204,2001
Lebanon,LBN,Employment and Time Use,56.204,2002
Lebanon,LBN,Employment and Time Use,56.204,2003
Lebanon,LBN,Employment and Time Use,68.613,2004
Lebanon,LBN,Employment and Time Use,56.204,2005
Lebanon,LBN,Employment and Time Use,56.204,2006
Lebanon,LBN,Employment and Time Use,79.562,2007
Lebanon,LBN,Employment and Time Use,56.204,2008
Lebanon,LBN,Employment and Time Use,61.314,2009
Lebanon,LBN,Employment and Time Use,56.204,2010
Lebanon,LBN,Employment and Time Use,56.204,2011
Lebanon,LBN,Employment and Time Use,56.204,2012
Lebanon,LBN,Employment and Time Use,56.204,2013
Lebanon,LBN,Employment and Time Use,56.204,2014
Lebanon,LBN,Employment and Time Use,56.204,2015
Lebanon,LBN,Employment and Time Use,56.204,2016
Lebanon,LBN,Employment and Time Use,56.204,2017
Lebanon,LBN,Employment and Time Use,56.204,2018
Lebanon,LBN,Employment and Time Use,90.511,2019
Lebanon,LBN,Employment and Time Use,56.204,2020
Lebanon,LBN,Employment and Time Use,56.204,2021
Lebanon,LBN,Employment and Time Use,56.204,2022
Lebanon,LBN,Employment and Time Use,57.664,2023
Lebanon,LBN,Entrepreneurship,0.000,1960
Lebanon,LBN,Entrepreneurship,0.000,1961
Lebanon,LBN,Entrepreneurship,0.000,1962
Lebanon,LBN,Entrepreneurship,0.000,1963
Lebanon,LBN,Entrepreneurship,0.000,1964
Lebanon,LBN,Entrepreneurship,0.000,1965
Lebanon,LBN,Entrepreneurship,0.000,1966
Lebanon,LBN,Entrepreneurship,0.000,1967
Lebanon,LBN,Entrepreneurship,0.000,1968
Lebanon,LBN,Entrepreneurship,0.000,1969
Lebanon,LBN,Entrepreneurship,9.375,1970
Lebanon,LBN,Entrepreneurship,9.375,1971
Lebanon,LBN,Entrepreneurship,9.375,1972
Lebanon,LBN,Entrepreneurship,9.375,1973
Lebanon,LBN,Entrepreneurship,9.375,1974
Lebanon,LBN,Entrepreneurship,9.375,1975
Lebanon,LBN,Entrepreneurship,9.375,1976
Lebanon,LBN,Entrepreneurship,9.375,1977
Lebanon,LBN,Entrepreneurship,9.375,1978
Lebanon,LBN,Entrepreneurship,9.375,1979
Lebanon,LBN,Entrepreneurship,9.375,1980
Lebanon,LBN,Entrepreneurship,9.375,1981
Lebanon,LBN,Entrepreneurship,9.375,1982
Lebanon,LBN,Entrepreneurship,9.375,1983
Lebanon,LBN,Entrepreneurship,9.375,1984
Lebanon,LBN,Entrepreneurship,9.375,1985
Lebanon,LBN,Entrepreneurship,9.375,1986
Lebanon,LBN,Entrepreneurship,9.375,1987
Lebanon,LBN,Entrepreneurship,9.375,1988
Lebanon,LBN,Entrepreneurship,9.375,1989
Lebanon,LBN,Entrepreneurship,9.375,1990
Lebanon,LBN,Entrepreneurship,9.375,1991
Lebanon,LBN,Entrepreneurship,9.375,1992
Lebanon,LBN,Entrepreneurship,9.375,1993
Lebanon,LBN,Entrepreneurship,9.375,1994
Lebanon,LBN,Entrepreneurship,9.375,1995
Lebanon,LBN,Entrepreneurship,9.375,1996
Lebanon,LBN,Entrepreneurship,9.375,1997
Lebanon,LBN,Entrepreneurship,9.375,1998
Lebanon,LBN,Entrepreneurship,9.375,1999
Lebanon,LBN,Entrepreneurship,9.375,2000
Lebanon,LBN,Entrepreneurship,9.375,2001
Lebanon,LBN,Entrepreneurship,9.375,2002
Lebanon,LBN,Entrepreneurship,37.500,2003
Lebanon,LBN,Entrepreneurship,37.500,2004
Lebanon,LBN,Entrepreneurship,37.500,2005
Lebanon,LBN,Entrepreneurship,37.500,2006
Lebanon,LBN,Entrepreneurship,37.500,2007
Lebanon,LBN,Entrepreneurship,37.500,2008
Lebanon,LBN,Entrepreneurship,43.750,2009
Lebanon,LBN,Entrepreneurship,37.500,2010
Lebanon,LBN,Entrepreneurship,37.500,2011
Lebanon,LBN,Entrepreneurship,37.500,2012
Lebanon,LBN,Entrepreneurship,43.750,2013
Lebanon,LBN,Entrepreneurship,56.250,2014
Lebanon,LBN,Entrepreneurship,37.500,2015
Lebanon,LBN,Entrepreneurship,37.500,2016
Lebanon,LBN,Entrepreneurship,56.250,2017
Lebanon,LBN,Entrepreneurship,37.500,2018
Lebanon,LBN,Entrepreneurship,43.750,2019
Lebanon,LBN,Entrepreneurship,9.375,2020
Lebanon,LBN,Entrepreneurship,9.375,2021
Lebanon,LBN,Entrepreneurship,9.375,2022
Lebanon,LBN,Entrepreneurship,9.375,2023
Lebanon,LBN,Environment,0.000,1960
Lebanon,LBN,Environment,0.000,1961
Lebanon,LBN,Environment,0.000,1962
Lebanon,LBN,Environment,0.000,1963
Lebanon,LBN,Environment,0.000,1964
Lebanon,LBN,Environment,0.000,1965
Lebanon,LBN,Environment,0.000,1966
Lebanon,LBN,Environment,0.000,1967
Lebanon,LBN,Environment,0.000,1968
Lebanon,LBN,Environment,0.000,1969
Lebanon,LBN,Environment,0.000,1970
Lebanon,LBN,Environment,0.000,1971
Lebanon,LBN,Environment,0.000,1972
Lebanon,LBN,Environment,0.000,1973
Lebanon,LBN,Environment,0.000,1974
Lebanon,LBN,Environment,0.000,1975
Lebanon,LBN,Environment,0.000,1976
Lebanon,LBN,Environment,0.000,1977
Lebanon,LBN,Environment,0.000,1978
Lebanon,LBN,Environment,0.000,1979
Lebanon,LBN,Environment,0.000,1980
Lebanon,LBN,Environment,0.000,1981
Lebanon,LBN,Environment,0.000,1982
Lebanon,LBN,Environment,0.000,1983
Lebanon,LBN,Environment,0.000,1984
Lebanon,LBN,Environment,0.000,1985
Lebanon,LBN,Environment,0.000,1986
Lebanon,LBN,Environment,0.000,1987
Lebanon,LBN,Environment,0.000,1988
Lebanon,LBN,Environment,0.000,1989
Lebanon,LBN,Environment,0.000,1990
Lebanon,LBN,Environment,0.000,1991
Lebanon,LBN,Environment,0.000,1992
Lebanon,LBN,Environment,0.000,1993
Lebanon,LBN,Environment,0.000,1994
Lebanon,LBN,Environment,0.000,1995
Lebanon,LBN,Environment,0.000,1996
Lebanon,LBN,Environment,0.000,1997
Lebanon,LBN,Environment,0.000,1998
Lebanon,LBN,Environment,0.000,1999
Lebanon,LBN,Environment,6.667,2000
Lebanon,LBN,Environment,6.667,2001
Lebanon,LBN,Environment,6.667,2002
Lebanon,LBN,Environment,3.333,2003
Lebanon,LBN,Environment,6.667,2004
Lebanon,LBN,Environment,6.667,2005
Lebanon,LBN,Environment,6.667,2006
Lebanon,LBN,Environment,6.667,2007
Lebanon,LBN,Environment,6.667,2008
Lebanon,LBN,Environment,6.667,2009
Lebanon,LBN,Environment,6.667,2010
Lebanon,LBN,Environment,6.667,2011
Lebanon,LBN,Environment,3.333,2012
Lebanon,LBN,Environment,3.333,2013
Lebanon,LBN,Environment,13.333,2014
Lebanon,LBN,Environment,3.333,2015
Lebanon,LBN,Environment,3.333,2016
Lebanon,LBN,Environment,13.333,2017
Lebanon,LBN,Environment,3.333,2018
Lebanon,LBN,Environment,23.333,2019
Lebanon,LBN,Environment,3.333,2020
Lebanon,LBN,Environment,13.333,2021
Lebanon,LBN,Environment,3.333,2022
Lebanon,LBN,Environment,0.000,2023
Lebanon,LBN,Health,7.576,1960
Lebanon,LBN,Health,8.586,1961
Lebanon,LBN,Health,8.586,1962
Lebanon,LBN,Health,8.586,1963
Lebanon,LBN,Health,8.586,1964
Lebanon,LBN,Health,8.586,1965
Lebanon,LBN,Health,8.586,1966
Lebanon,LBN,Health,8.586,1967
Lebanon,LBN,Health,8.586,1968
Lebanon,LBN,Health,8.586,1969
Lebanon,LBN,Health,8.586,1970
Lebanon,LBN,Health,9.596,1971
Lebanon,LBN,Health,8.586,1972
Lebanon,LBN,Health,8.586,1973
Lebanon,LBN,Health,8.586,1974
Lebanon,LBN,Health,11.111,1975
Lebanon,LBN,Health,11.111,1976
Lebanon,LBN,Health,11.111,1977
Lebanon,LBN,Health,11.111,1978
Lebanon,LBN,Health,11.111,1979
Lebanon,LBN,Health,11.111,1980
Lebanon,LBN,Health,11.616,1981
Lebanon,LBN,Health,12.121,1982
Lebanon,LBN,Health,12.121,1983
Lebanon,LBN,Health,13.131,1984
Lebanon,LBN,Health,12.121,1985
Lebanon,LBN,Health,12.121,1986
Lebanon,LBN,Health,12.121,1987
Lebanon,LBN,Health,12.121,1988
Lebanon,LBN,Health,12.121,1989
Lebanon,LBN,Health,13.636,1990
Lebanon,LBN,Health,13.636,1991
Lebanon,LBN,Health,13.636,1992
Lebanon,LBN,Health,13.636,1993
Lebanon,LBN,Health,13.636,1994
Lebanon,LBN,Health,14.141,1995
Lebanon,LBN,Health,15.152,1996
Lebanon,LBN,Health,13.636,1997
Lebanon,LBN,Health,13.636,1998
Lebanon,LBN,Health,13.636,1999
Lebanon,LBN,Health,53.030,2000
Lebanon,LBN,Health,27.273,2001
Lebanon,LBN,Health,27.778,2002
Lebanon,LBN,Health,27.273,2003
Lebanon,LBN,Health,35.354,2004
Lebanon,LBN,Health,28.788,2005
Lebanon,LBN,Health,27.273,2006
Lebanon,LBN,Health,29.293,2007
Lebanon,LBN,Health,27.273,2008
Lebanon,LBN,Health,28.788,2009
Lebanon,LBN,Health,54.545,2010
Lebanon,LBN,Health,27.273,2011
Lebanon,LBN,Health,27.273,2012
Lebanon,LBN,Health,29.293,2013
Lebanon,LBN,Health,28.788,2014
Lebanon,LBN,Health,51.515,2015
Lebanon,LBN,Health,27.273,2016
Lebanon,LBN,Health,29.293,2017
Lebanon,LBN,Health,29.798,2018
Lebanon,LBN,Health,52.020,2019
Lebanon,LBN,Health,23.737,2020
Lebanon,LBN,Health,22.727,2021
Lebanon,LBN,Health,12.626,2022
Lebanon,LBN,Health,1.010,2023
Lebanon,LBN,Leadership,0.000,1960
Lebanon,LBN,Leadership,0.000,1961
Lebanon,LBN,Leadership,0.000,1962
Lebanon,LBN,Leadership,0.000,1963
Lebanon,LBN,Leadership,0.000,1964
Lebanon,LBN,Leadership,0.000,1965
Lebanon,LBN,Leadership,0.000,1966
Lebanon,LBN,Leadership,0.000,1967
Lebanon,LBN,Leadership,0.000,1968
Lebanon,LBN,Leadership,0.000,1969
Lebanon,LBN,Leadership,0.000,1970
Lebanon,LBN,Leadership,0.000,1971
Lebanon,LBN,Leadership,0.000,1972
Lebanon,LBN,Leadership,0.000,1973
Lebanon,LBN,Leadership,0.000,1974
Lebanon,LBN,Leadership,0.000,1975
Lebanon,LBN,Leadership,0.000,1976
Lebanon,LBN,Leadership,0.000,1977
Lebanon,LBN,Leadership,0.000,1978
Lebanon,LBN,Leadership,0.000,1979
Lebanon,LBN,Leadership,0.000,1980
Lebanon,LBN,Leadership,0.000,1981
Lebanon,LBN,Leadership,0.000,1982
Lebanon,LBN,Leadership,0.000,1983
Lebanon,LBN,Leadership,0.000,1984
Lebanon,LBN,Leadership,0.000,1985
Lebanon,LBN,Leadership,0.000,1986
Lebanon,LBN,Leadership,0.000,1987
Lebanon,LBN,Leadership,0.000,1988
Lebanon,LBN,Leadership,0.000,1989
Lebanon,LBN,Leadership,0.000,1990
Lebanon,LBN,Leadership,0.000,1991
Lebanon,LBN,Leadership,0.000,1992
Lebanon,LBN,Leadership,0.000,1993
Lebanon,LBN,Leadership,0.000,1994
Lebanon,LBN,Leadership,0.000,1995
Lebanon,LBN,Leadership,0.000,1996
Lebanon,LBN,Leadership,25.000,1997
Lebanon,LBN,Leadership,25.000,1998
Lebanon,LBN,Leadership,25.000,1999
Lebanon,LBN,Leadership,25.000,2000
Lebanon,LBN,Leadership,25.000,2001
Lebanon,LBN,Leadership,25.000,2002
Lebanon,LBN,Leadership,25.000,2003
Lebanon,LBN,Leadership,25.000,2004
Lebanon,LBN,Leadership,50.000,2005
Lebanon,LBN,Leadership,25.000,2006
Lebanon,LBN,Leadership,25.000,2007
Lebanon,LBN,Leadership,50.000,2008
Lebanon,LBN,Leadership,50.000,2009
Lebanon,LBN,Leadership,50.000,2010
Lebanon,LBN,Leadership,25.000,2011
Lebanon,LBN,Leadership,50.000,2012
Lebanon,LBN,Leadership,50.000,2013
Lebanon,LBN,Leadership,50.000,2014
Lebanon,LBN,Leadership,50.000,2015
Lebanon,LBN,Leadership,50.000,2016
Lebanon,LBN,Leadership,25.000,2017
Lebanon,LBN,Leadership,50.000,2018
Lebanon,LBN,Leadership,100.000,2019
Lebanon,LBN,Leadership,50.000,2020
Lebanon,LBN,Leadership,25.000,2021
Lebanon,LBN,Leadership,50.000,2022
Lebanon,LBN,Leadership,25.000,2023
Lebanon,LBN,Norms and Decision-making,0.000,1960
Lebanon,LBN,Norms and Decision-making,0.000,1961
Lebanon,LBN,Norms and Decision-making,0.000,1962
Lebanon,LBN,Norms and Decision-making,0.000,1963
Lebanon,LBN,Norms and Decision-making,0.000,1964
Lebanon,LBN,Norms and Decision-making,0.000,1965
Lebanon,LBN,Norms and Decision-making,0.000,1966
Lebanon,LBN,Norms and Decision-making,0.000,1967
Lebanon,LBN,Norms and Decision-making,0.000,1968
Lebanon,LBN,Norms and Decision-making,0.000,1969
Lebanon,LBN,Norms and Decision-making,12.593,1970
Lebanon,LBN,Norms and Decision-making,12.593,1971
Lebanon,LBN,Norms and Decision-making,12.593,1972
Lebanon,LBN,Norms and Decision-making,12.593,1973
Lebanon,LBN,Norms and Decision-making,12.593,1974
Lebanon,LBN,Norms and Decision-making,12.593,1975
Lebanon,LBN,Norms and Decision-making,12.593,1976
Lebanon,LBN,Norms and Decision-making,12.593,1977
Lebanon,LBN,Norms and Decision-making,12.593,1978
Lebanon,LBN,Norms and Decision-making,12.593,1979
Lebanon,LBN,Norms and Decision-making,12.593,1980
Lebanon,LBN,Norms and Decision-making,12.593,1981
Lebanon,LBN,Norms and Decision-making,12.593,1982
Lebanon,LBN,Norms and Decision-making,12.593,1983
Lebanon,LBN,Norms and Decision-making,12.593,1984
Lebanon,LBN,Norms and Decision-making,12.593,1985
Lebanon,LBN,Norms and Decision-making,12.593,1986
Lebanon,LBN,Norms and Decision-making,12.593,1987
Lebanon,LBN,Norms and Decision-making,12.593,1988
Lebanon,LBN,Norms and Decision-making,12.593,1989
Lebanon,LBN,Norms and Decision-making,12.593,1990
Lebanon,LBN,Norms and Decision-making,12.593,1991
Lebanon,LBN,Norms and Decision-making,12.593,1992
Lebanon,LBN,Norms and Decision-making,12.593,1993
Lebanon,LBN,Norms and Decision-making,12.593,1994
Lebanon,LBN,Norms and Decision-making,12.593,1995
Lebanon,LBN,Norms and Decision-making,12.593,1996
Lebanon,LBN,Norms and Decision-making,14.074,1997
Lebanon,LBN,Norms and Decision-making,12.593,1998
Lebanon,LBN,Norms and Decision-making,12.593,1999
Lebanon,LBN,Norms and Decision-making,12.593,2000
Lebanon,LBN,Norms and Decision-making,12.593,2001
Lebanon,LBN,Norms and Decision-making,12.593,2002
Lebanon,LBN,Norms and Decision-making,12.593,2003
Lebanon,LBN,Norms and Decision-making,14.074,2004
Lebanon,LBN,Norms and Decision-making,12.593,2005
Lebanon,LBN,Norms and Decision-making,12.593,2006
Lebanon,LBN,Norms and Decision-making,17.037,2007
Lebanon,LBN,Norms and Decision-making,12.593,2008
Lebanon,LBN,Norms and Decision-making,12.593,2009
Lebanon,LBN,Norms and Decision-making,12.593,2010
Lebanon,LBN,Norms and Decision-making,12.593,2011
Lebanon,LBN,Norms and Decision-making,12.593,2012
Lebanon,LBN,Norms and Decision-making,15.556,2013
Lebanon,LBN,Norms and Decision-making,12.593,2014
Lebanon,LBN,Norms and Decision-making,12.593,2015
Lebanon,LBN,Norms and Decision-making,14.074,2016
Lebanon,LBN,Norms and Decision-making,12.593,2017
Lebanon,LBN,Norms and Decision-making,12.593,2018
Lebanon,LBN,Norms and Decision-making,12.593,2019
Lebanon,LBN,Norms and Decision-making,15.556,2020
Lebanon,LBN,Norms and Decision-making,12.593,2021
Lebanon,LBN,Norms and Decision-making,12.593,2022
Lebanon,LBN,Norms and Decision-making,12.593,2023
Lebanon,LBN,Population,86.905,1960
Lebanon,LBN,Population,86.905,1961
Lebanon,LBN,Population,86.905,1962
Lebanon,LBN,Population,86.905,1963
Lebanon,LBN,Population,86.905,1964
Lebanon,LBN,Population,86.905,1965
Lebanon,LBN,Population,86.905,1966
Lebanon,LBN,Population,86.905,1967
Lebanon,LBN,Population,86.905,1968
Lebanon,LBN,Population,86.905,1969
Lebanon,LBN,Population,86.905,1970
Lebanon,LBN,Population,86.905,1971
Lebanon,LBN,Population,86.905,1972
Lebanon,LBN,Population,86.905,1973
Lebanon,LBN,Population,86.905,1974
Lebanon,LBN,Population,86.905,1975
Lebanon,LBN,Population,86.905,1976
Lebanon,LBN,Population,86.905,1977
Lebanon,LBN,Population,86.905,1978
Lebanon,LBN,Population,86.905,1979
Lebanon,LBN,Population,91.667,1980
Lebanon,LBN,Population,86.905,1981
Lebanon,LBN,Population,86.905,1982
Lebanon,LBN,Population,86.905,1983
Lebanon,LBN,Population,86.905,1984
Lebanon,LBN,Population,91.667,1985
Lebanon,LBN,Population,86.905,1986
Lebanon,LBN,Population,86.905,1987
Lebanon,LBN,Population,86.905,1988
Lebanon,LBN,Population,86.905,1989
Lebanon,LBN,Population,92.857,1990
Lebanon,LBN,Population,86.905,1991
Lebanon,LBN,Population,86.905,1992
Lebanon,LBN,Population,86.905,1993
Lebanon,LBN,Population,86.905,1994
Lebanon,LBN,Population,92.857,1995
Lebanon,LBN,Population,86.905,1996
Lebanon,LBN,Population,89.286,1997
Lebanon,LBN,Population,86.905,1998
Lebanon,LBN,Population,86.905,1999
Lebanon,LBN,Population,92.857,2000
Lebanon,LBN,Population,86.905,2001
Lebanon,LBN,Population,86.905,2002
Lebanon,LBN,Population,86.905,2003
Lebanon,LBN,Population,89.286,2004
Lebanon,LBN,Population,92.857,2005
Lebanon,LBN,Population,86.905,2006
Lebanon,LBN,Population,89.286,2007
Lebanon,LBN,Population,86.905,2008
Lebanon,LBN,Population,88.095,2009
Lebanon,LBN,Population,92.857,2010
Lebanon,LBN,Population,86.905,2011
Lebanon,LBN,Population,86.905,2012
Lebanon,LBN,Population,86.905,2013
Lebanon,LBN,Population,86.905,2014
Lebanon,LBN,Population,92.857,2015
Lebanon,LBN,Population,90.476,2016
Lebanon,LBN,Population,86.905,2017
Lebanon,LBN,Population,86.905,2018
Lebanon,LBN,Population,86.905,2019
Lebanon,LBN,Population,88.095,2020
Lebanon,LBN,Population,86.905,2021
Lebanon,LBN,Population,86.905,2022
Lebanon,LBN,Population,77.381,2023
Lebanon,LBN,SDGs,2.685,1960
Lebanon,LBN,SDGs,2.685,1961
Lebanon,LBN,SDGs,2.685,1962
Lebanon,LBN,SDGs,2.685,1963
Lebanon,LBN,SDGs,2.685,1964
Lebanon,LBN,SDGs,2.685,1965
Lebanon,LBN,SDGs,2.685,1966
Lebanon,LBN,SDGs,2.685,1967
Lebanon,LBN,SDGs,2.685,1968
Lebanon,LBN,SDGs,2.685,1969
Lebanon,LBN,SDGs,11.409,1970
Lebanon,LBN,SDGs,11.409,1971
Lebanon,LBN,SDGs,11.409,1972
Lebanon,LBN,SDGs,11.409,1973
Lebanon,LBN,SDGs,11.409,1974
Lebanon,LBN,SDGs,11.409,1975
Lebanon,LBN,SDGs,11.409,1976
Lebanon,LBN,SDGs,11.409,1977
Lebanon,LBN,SDGs,11.409,1978
Lebanon,LBN,SDGs,11.409,1979
Lebanon,LBN,SDGs,11.409,1980
Lebanon,LBN,SDGs,12.081,1981
Lebanon,LBN,SDGs,12.081,1982
Lebanon,LBN,SDGs,12.081,1983
Lebanon,LBN,SDGs,12.081,1984
Lebanon,LBN,SDGs,12.081,1985
Lebanon,LBN,SDGs,12.081,1986
Lebanon,LBN,SDGs,12.081,1987
Lebanon,LBN,SDGs,12.081,1988
Lebanon,LBN,SDGs,12.081,1989
Lebanon,LBN,SDGs,12.081,1990
Lebanon,LBN,SDGs,16.107,1991
Lebanon,LBN,SDGs,16.107,1992
Lebanon,LBN,SDGs,16.107,1993
Lebanon,LBN,SDGs,16.107,1994
Lebanon,LBN,SDGs,16.107,1995
Lebanon,LBN,SDGs,16.779,1996
Lebanon,LBN,SDGs,17.450,1997
Lebanon,LBN,SDGs,16.779,1998
Lebanon,LBN,SDGs,16.779,1999
Lebanon,LBN,SDGs,61.074,2000
Lebanon,LBN,SDGs,28.188,2001
Lebanon,LBN,SDGs,28.188,2002
Lebanon,LBN,SDGs,28.188,2003
Lebanon,LBN,SDGs,32.886,2004
Lebanon,LBN,SDGs,30.201,2005
Lebanon,LBN,SDGs,28.188,2006
Lebanon,LBN,SDGs,32.215,2007
Lebanon,LBN,SDGs,28.188,2008
Lebanon,LBN,SDGs,30.872,2009
Lebanon,LBN,SDGs,60.403,2010
Lebanon,LBN,SDGs,30.201,2011
Lebanon,LBN,SDGs,28.188,2012
Lebanon,LBN,SDGs,28.188,2013
Lebanon,LBN,SDGs,30.201,2014
Lebanon,LBN,SDGs,60.403,2015
Lebanon,LBN,SDGs,29.530,2016
Lebanon,LBN,SDGs,30.201,2017
Lebanon,LBN,SDGs,30.872,2018
Lebanon,LBN,SDGs,68.456,2019
Lebanon,LBN,SDGs,22.148,2020
Lebanon,LBN,SDGs,19.463,2021
Lebanon,LBN,SDGs,17.450,2022
Lebanon,LBN,SDGs,14.094,2023
Lebanon,LBN,Technology,0.000,1960
Lebanon,LBN,Technology,0.000,1961
Lebanon,LBN,Technology,0.000,1962
Lebanon,LBN,Technology,0.000,1963
Lebanon,LBN,Technology,0.000,1964
Lebanon,LBN,Technology,0.000,1965
Lebanon,LBN,Technology,0.000,1966
Lebanon,LBN,Technology,0.000,1967
Lebanon,LBN,Technology,0.000,1968
Lebanon,LBN,Technology,0.000,1969
Lebanon,LBN,Technology,0.000,1970
Lebanon,LBN,Technology,0.000,1971
Lebanon,LBN,Technology,0.000,1972
Lebanon,LBN,Technology,0.000,1973
Lebanon,LBN,Technology,0.000,1974
Lebanon,LBN,Technology,0.000,1975
Lebanon,LBN,Technology,0.000,1976
Lebanon,LBN,Technology,0.000,1977
Lebanon,LBN,Technology,0.000,1978
Lebanon,LBN,Technology,0.000,1979
Lebanon,LBN,Technology,0.000,1980
Lebanon,LBN,Technology,0.000,1981
Lebanon,LBN,Technology,0.000,1982
Lebanon,LBN,Technology,0.000,1983
Lebanon,LBN,Technology,0.000,1984
Lebanon,LBN,Technology,0.000,1985
Lebanon,LBN,Technology,0.000,1986
Lebanon,LBN,Technology,0.000,1987
Lebanon,LBN,Technology,0.000,1988
Lebanon,LBN,Technology,0.000,1989
Lebanon,LBN,Technology,2.222,1990
Lebanon,LBN,Technology,2.222,1991
Lebanon,LBN,Technology,2.222,1992
Lebanon,LBN,Technology,2.222,1993
Lebanon,LBN,Technology,2.222,1994
Lebanon,LBN,Technology,2.222,1995
Lebanon,LBN,Technology,2.222,1996
Lebanon,LBN,Technology,2.222,1997
Lebanon,LBN,Technology,2.222,1998
Lebanon,LBN,Technology,2.222,1999
Lebanon,LBN,Technology,8.889,2000
Lebanon,LBN,Technology,8.889,2001
Lebanon,LBN,Technology,8.889,2002
Lebanon,LBN,Technology,2.222,2003
Lebanon,LBN,Technology,8.889,2004
Lebanon,LBN,Technology,13.333,2005
Lebanon,LBN,Technology,8.889,2006
Lebanon,LBN,Technology,8.889,2007
Lebanon,LBN,Technology,8.889,2008
Lebanon,LBN,Technology,8.889,2009
Lebanon,LBN,Technology,8.889,2010
Lebanon,LBN,Technology,15.556,2011
Lebanon,LBN,Technology,2.222,2012
Lebanon,LBN,Technology,2.222,2013
Lebanon,LBN,Technology,35.556,2014
Lebanon,LBN,Technology,2.222,2015
Lebanon,LBN,Technology,2.222,2016
Lebanon,LBN,Technology,48.889,2017
Lebanon,LBN,Technology,2.222,2018
Lebanon,LBN,Technology,2.222,2019
Lebanon,LBN,Technology,2.222,2020
Lebanon,LBN,Technology,68.889,2021
Lebanon,LBN,Technology,2.222,2022
Lebanon,LBN,Technology,0.000,2023
Lebanon,LBN,Violence,0.000,1960
Lebanon,LBN,Violence,0.000,1961
Lebanon,LBN,Violence,0.000,1962
Lebanon,LBN,Violence,0.000,1963
Lebanon,LBN,Violence,0.000,1964
Lebanon,LBN,Violence,0.000,1965
Lebanon,LBN,Violence,0.000,1966
Lebanon,LBN,Violence,0.000,1967
Lebanon,LBN,Violence,0.000,1968
Lebanon,LBN,Violence,0.000,1969
Lebanon,LBN,Violence,2.143,1970
Lebanon,LBN,Violence,2.143,1971
Lebanon,LBN,Violence,2.143,1972
Lebanon,LBN,Violence,2.143,1973
Lebanon,LBN,Violence,2.143,1974
Lebanon,LBN,Violence,2.143,1975
Lebanon,LBN,Violence,2.143,1976
Lebanon,LBN,Violence,2.143,1977
Lebanon,LBN,Violence,2.143,1978
Lebanon,LBN,Violence,2.143,1979
Lebanon,LBN,Violence,2.143,1980
Lebanon,LBN,Violence,2.143,1981
Lebanon,LBN,Violence,2.143,1982
Lebanon,LBN,Violence,2.143,1983
Lebanon,LBN,Violence,2.143,1984
Lebanon,LBN,Violence,2.143,1985
Lebanon,LBN,Violence,2.143,1986
Lebanon,LBN,Violence,2.143,1987
Lebanon,LBN,Violence,2.143,1988
Lebanon,LBN,Violence,2.143,1989
Lebanon,LBN,Violence,2.143,1990
Lebanon,LBN,Violence,2.143,1991
Lebanon,LBN,Violence,2.143,1992
Lebanon,LBN,Violence,2.143,1993
Lebanon,LBN,Violence,2.143,1994
Lebanon,LBN,Violence,2.143,1995
Lebanon,LBN,Violence,2.143,1996
Lebanon,LBN,Violence,2.143,1997
Lebanon,LBN,Violence,2.143,1998
Lebanon,LBN,Violence,2.143,1999
Lebanon,LBN,Violence,4.286,2000
Lebanon,LBN,Violence,4.286,2001
Lebanon,LBN,Violence,4.286,2002
Lebanon,LBN,Violence,4.286,2003
Lebanon,LBN,Violence,4.286,2004
Lebanon,LBN,Violence,4.286,2005
Lebanon,LBN,Violence,4.286,2006
Lebanon,LBN,Violence,4.286,2007
Lebanon,LBN,Violence,5.000,2008
Lebanon,LBN,Violence,5.000,2009
Lebanon,LBN,Violence,6.429,2010
Lebanon,LBN,Violence,6.429,2011
Lebanon,LBN,Violence,6.429,2012
Lebanon,LBN,Violence,6.429,2013
Lebanon,LBN,Violence,6.429,2014
Lebanon,LBN,Violence,6.429,2015
Lebanon,LBN,Violence,7.857,2016
Lebanon,LBN,Violence,6.429,2017
Lebanon,LBN,Violence,6.429,2018
Lebanon,LBN,Violence,6.429,2019
Lebanon,LBN,Violence,4.286,2020
Lebanon,LBN,Violence,2.143,2021
Lebanon,LBN,Violence,2.143,2022
Lebanon,LBN,Violence,2.143,2023
Lebanon,LBN,Youth 15-24,4.587,1960
Lebanon,LBN,Youth 15-24,4.587,1961
Lebanon,LBN,Youth 15-24,4.587,1962
Lebanon,LBN,Youth 15-24,4.587,1963
Lebanon,LBN,Youth 15-24,4.587,1964
Lebanon,LBN,Youth 15-24,4.587,1965
Lebanon,LBN,Youth 15-24,4.587,1966
Lebanon,LBN,Youth 15-24,4.587,1967
Lebanon,LBN,Youth 15-24,4.587,1968
Lebanon,LBN,Youth 15-24,4.587,1969
Lebanon,LBN,Youth 15-24,10.092,1970
Lebanon,LBN,Youth 15-24,18.349,1971
Lebanon,LBN,Youth 15-24,10.092,1972
Lebanon,LBN,Youth 15-24,13.761,1973
Lebanon,LBN,Youth 15-24,4.587,1974
Lebanon,LBN,Youth 15-24,8.257,1975
Lebanon,LBN,Youth 15-24,4.587,1976
Lebanon,LBN,Youth 15-24,4.587,1977
Lebanon,LBN,Youth 15-24,7.339,1978
Lebanon,LBN,Youth 15-24,5.505,1979
Lebanon,LBN,Youth 15-24,11.009,1980
Lebanon,LBN,Youth 15-24,11.009,1981
Lebanon,LBN,Youth 15-24,18.349,1982
Lebanon,LBN,Youth 15-24,8.257,1983
Lebanon,LBN,Youth 15-24,4.587,1984
Lebanon,LBN,Youth 15-24,18.349,1985
Lebanon,LBN,Youth 15-24,5.505,1986
Lebanon,LBN,Youth 15-24,5.505,1987
Lebanon,LBN,Youth 15-24,4.587,1988
Lebanon,LBN,Youth 15-24,6.422,1989
Lebanon,LBN,Youth 15-24,9.174,1990
Lebanon,LBN,Youth 15-24,15.596,1991
Lebanon,LBN,Youth 15-24,27.523,1992
Lebanon,LBN,Youth 15-24,15.596,1993
Lebanon,LBN,Youth 15-24,23.853,1994
Lebanon,LBN,Youth 15-24,23.853,1995
Lebanon,LBN,Youth 15-24,27.523,1996
Lebanon,LBN,Youth 15-24,24.771,1997
Lebanon,LBN,Youth 15-24,30.275,1998
Lebanon,LBN,Youth 15-24,31.193,1999
Lebanon,LBN,Youth 15-24,44.954,2000
Lebanon,LBN,Youth 15-24,45.872,2001
Lebanon,LBN,Youth 15-24,44.954,2002
Lebanon,LBN,Youth 15-24,33.945,2003
Lebanon,LBN,Youth 15-24,51.376,2004
Lebanon,LBN,Youth 15-24,44.954,2005
Lebanon,LBN,Youth 15-24,45.872,2006
Lebanon,LBN,Youth 15-24,70.642,2007
Lebanon,LBN,Youth 15-24,44.954,2008
Lebanon,LBN,Youth 15-24,53.211,2009
Lebanon,LBN,Youth 15-24,45.872,2010
Lebanon,LBN,Youth 15-24,45.872,2011
Lebanon,LBN,Youth 15-24,31.193,2012
Lebanon,LBN,Youth 15-24,31.193,2013
Lebanon,LBN,Youth 15-24,31.193,2014
Lebanon,LBN,Youth 15-24,31.193,2015
Lebanon,LBN,Youth 15-24,33.028,2016
Lebanon,LBN,Youth 15-24,31.193,2017
Lebanon,LBN,Youth 15-24,44.037,2018
Lebanon,LBN,Youth 15-24,44.037,2019
Lebanon,LBN,Youth 15-24,17.431,2020
Lebanon,LBN,Youth 15-24,17.431,2021
Lebanon,LBN,Youth 15-24,17.431,2022
Lebanon,LBN,Youth 15-24,17.431,2023
