Country Name,Country Code,Topic,% of available indicators,Year
Albania,ALB,Assets,0.000,1960
Albania,ALB,Assets,0.000,1961
Albania,ALB,Assets,0.000,1962
Albania,ALB,Assets,0.000,1963
Albania,ALB,Assets,0.000,1964
Albania,ALB,Assets,0.000,1965
Albania,ALB,Assets,0.000,1966
Albania,ALB,Assets,0.000,1967
Albania,ALB,Assets,0.000,1968
Albania,ALB,Assets,0.000,1969
Albania,ALB,Assets,2.208,1970
Albania,ALB,Assets,2.208,1971
Albania,ALB,Assets,2.208,1972
Albania,ALB,Assets,2.208,1973
Albania,ALB,Assets,2.208,1974
Albania,ALB,Assets,2.208,1975
Albania,ALB,Assets,2.208,1976
Albania,ALB,Assets,2.208,1977
Albania,ALB,Assets,2.208,1978
Albania,ALB,Assets,2.208,1979
Albania,ALB,Assets,2.208,1980
Albania,ALB,Assets,2.208,1981
Albania,ALB,Assets,2.208,1982
Albania,ALB,Assets,2.208,1983
Albania,ALB,Assets,2.208,1984
Albania,ALB,Assets,2.208,1985
Albania,ALB,Assets,2.208,1986
Albania,ALB,Assets,2.208,1987
Albania,ALB,Assets,2.208,1988
Albania,ALB,Assets,2.208,1989
Albania,ALB,Assets,2.208,1990
Albania,ALB,Assets,2.208,1991
Albania,ALB,Assets,2.208,1992
Albania,ALB,Assets,2.208,1993
Albania,ALB,Assets,2.208,1994
Albania,ALB,Assets,2.208,1995
Albania,ALB,Assets,2.208,1996
Albania,ALB,Assets,2.208,1997
Albania,ALB,Assets,2.208,1998
Albania,ALB,Assets,2.208,1999
Albania,ALB,Assets,2.208,2000
Albania,ALB,Assets,2.208,2001
Albania,ALB,Assets,2.208,2002
Albania,ALB,Assets,2.208,2003
Albania,ALB,Assets,2.208,2004
Albania,ALB,Assets,2.208,2005
Albania,ALB,Assets,2.208,2006
Albania,ALB,Assets,2.208,2007
Albania,ALB,Assets,2.208,2008
Albania,ALB,Assets,2.208,2009
Albania,ALB,Assets,2.208,2010
Albania,ALB,Assets,11.672,2011
Albania,ALB,Assets,2.208,2012
Albania,ALB,Assets,2.208,2013
Albania,ALB,Assets,30.599,2014
Albania,ALB,Assets,2.208,2015
Albania,ALB,Assets,2.208,2016
Albania,ALB,Assets,34.069,2017
Albania,ALB,Assets,32.492,2018
Albania,ALB,Assets,2.208,2019
Albania,ALB,Assets,2.208,2020
Albania,ALB,Assets,61.199,2021
Albania,ALB,Assets,2.208,2022
Albania,ALB,Assets,2.208,2023
Albania,ALB,Children 0-14,10.769,1960
Albania,ALB,Children 0-14,10.769,1961
Albania,ALB,Children 0-14,10.769,1962
Albania,ALB,Children 0-14,10.769,1963
Albania,ALB,Children 0-14,10.769,1964
Albania,ALB,Children 0-14,10.769,1965
Albania,ALB,Children 0-14,10.769,1966
Albania,ALB,Children 0-14,10.769,1967
Albania,ALB,Children 0-14,10.769,1968
Albania,ALB,Children 0-14,10.769,1969
Albania,ALB,Children 0-14,10.769,1970
Albania,ALB,Children 0-14,11.538,1971
Albania,ALB,Children 0-14,11.538,1972
Albania,ALB,Children 0-14,10.769,1973
Albania,ALB,Children 0-14,10.769,1974
Albania,ALB,Children 0-14,10.769,1975
Albania,ALB,Children 0-14,14.615,1976
Albania,ALB,Children 0-14,10.769,1977
Albania,ALB,Children 0-14,19.231,1978
Albania,ALB,Children 0-14,21.538,1979
Albania,ALB,Children 0-14,23.846,1980
Albania,ALB,Children 0-14,23.846,1981
Albania,ALB,Children 0-14,23.846,1982
Albania,ALB,Children 0-14,25.385,1983
Albania,ALB,Children 0-14,25.385,1984
Albania,ALB,Children 0-14,25.385,1985
Albania,ALB,Children 0-14,25.385,1986
Albania,ALB,Children 0-14,25.385,1987
Albania,ALB,Children 0-14,25.385,1988
Albania,ALB,Children 0-14,25.385,1989
Albania,ALB,Children 0-14,25.385,1990
Albania,ALB,Children 0-14,26.923,1991
Albania,ALB,Children 0-14,26.923,1992
Albania,ALB,Children 0-14,26.923,1993
Albania,ALB,Children 0-14,26.923,1994
Albania,ALB,Children 0-14,28.462,1995
Albania,ALB,Children 0-14,32.308,1996
Albania,ALB,Children 0-14,26.923,1997
Albania,ALB,Children 0-14,25.385,1998
Albania,ALB,Children 0-14,33.077,1999
Albania,ALB,Children 0-14,44.615,2000
Albania,ALB,Children 0-14,34.615,2001
Albania,ALB,Children 0-14,25.385,2002
Albania,ALB,Children 0-14,40.000,2003
Albania,ALB,Children 0-14,37.692,2004
Albania,ALB,Children 0-14,42.308,2005
Albania,ALB,Children 0-14,27.692,2006
Albania,ALB,Children 0-14,32.308,2007
Albania,ALB,Children 0-14,46.154,2008
Albania,ALB,Children 0-14,60.769,2009
Albania,ALB,Children 0-14,71.538,2010
Albania,ALB,Children 0-14,50.769,2011
Albania,ALB,Children 0-14,50.769,2012
Albania,ALB,Children 0-14,50.769,2013
Albania,ALB,Children 0-14,46.154,2014
Albania,ALB,Children 0-14,60.000,2015
Albania,ALB,Children 0-14,43.846,2016
Albania,ALB,Children 0-14,62.308,2017
Albania,ALB,Children 0-14,56.154,2018
Albania,ALB,Children 0-14,52.308,2019
Albania,ALB,Children 0-14,40.000,2020
Albania,ALB,Children 0-14,40.769,2021
Albania,ALB,Children 0-14,36.923,2022
Albania,ALB,Children 0-14,19.231,2023
Albania,ALB,Education,0.000,1960
Albania,ALB,Education,0.000,1961
Albania,ALB,Education,0.000,1962
Albania,ALB,Education,0.000,1963
Albania,ALB,Education,0.000,1964
Albania,ALB,Education,0.000,1965
Albania,ALB,Education,0.000,1966
Albania,ALB,Education,0.000,1967
Albania,ALB,Education,0.000,1968
Albania,ALB,Education,0.000,1969
Albania,ALB,Education,0.000,1970
Albania,ALB,Education,3.681,1971
Albania,ALB,Education,3.067,1972
Albania,ALB,Education,0.000,1973
Albania,ALB,Education,0.000,1974
Albania,ALB,Education,0.000,1975
Albania,ALB,Education,9.816,1976
Albania,ALB,Education,0.000,1977
Albania,ALB,Education,14.724,1978
Albania,ALB,Education,9.816,1979
Albania,ALB,Education,10.429,1980
Albania,ALB,Education,15.337,1981
Albania,ALB,Education,10.429,1982
Albania,ALB,Education,15.337,1983
Albania,ALB,Education,15.337,1984
Albania,ALB,Education,15.337,1985
Albania,ALB,Education,15.337,1986
Albania,ALB,Education,15.337,1987
Albania,ALB,Education,15.337,1988
Albania,ALB,Education,15.337,1989
Albania,ALB,Education,14.724,1990
Albania,ALB,Education,16.564,1991
Albania,ALB,Education,13.497,1992
Albania,ALB,Education,13.497,1993
Albania,ALB,Education,17.178,1994
Albania,ALB,Education,20.245,1995
Albania,ALB,Education,18.405,1996
Albania,ALB,Education,14.724,1997
Albania,ALB,Education,11.656,1998
Albania,ALB,Education,24.540,1999
Albania,ALB,Education,28.221,2000
Albania,ALB,Education,35.583,2001
Albania,ALB,Education,12.883,2002
Albania,ALB,Education,33.129,2003
Albania,ALB,Education,27.607,2004
Albania,ALB,Education,16.564,2005
Albania,ALB,Education,21.472,2006
Albania,ALB,Education,26.994,2007
Albania,ALB,Education,51.534,2008
Albania,ALB,Education,39.264,2009
Albania,ALB,Education,59.509,2010
Albania,ALB,Education,68.712,2011
Albania,ALB,Education,60.736,2012
Albania,ALB,Education,63.190,2013
Albania,ALB,Education,62.577,2014
Albania,ALB,Education,63.804,2015
Albania,ALB,Education,61.963,2016
Albania,ALB,Education,79.755,2017
Albania,ALB,Education,74.847,2018
Albania,ALB,Education,41.104,2019
Albania,ALB,Education,36.810,2020
Albania,ALB,Education,39.264,2021
Albania,ALB,Education,39.264,2022
Albania,ALB,Education,20.245,2023
Albania,ALB,Employment and Time Use,2.920,1960
Albania,ALB,Employment and Time Use,0.000,1961
Albania,ALB,Employment and Time Use,0.000,1962
Albania,ALB,Employment and Time Use,0.000,1963
Albania,ALB,Employment and Time Use,0.000,1964
Albania,ALB,Employment and Time Use,0.000,1965
Albania,ALB,Employment and Time Use,0.000,1966
Albania,ALB,Employment and Time Use,0.000,1967
Albania,ALB,Employment and Time Use,0.000,1968
Albania,ALB,Employment and Time Use,0.000,1969
Albania,ALB,Employment and Time Use,21.168,1970
Albania,ALB,Employment and Time Use,21.168,1971
Albania,ALB,Employment and Time Use,21.168,1972
Albania,ALB,Employment and Time Use,21.168,1973
Albania,ALB,Employment and Time Use,21.168,1974
Albania,ALB,Employment and Time Use,21.168,1975
Albania,ALB,Employment and Time Use,21.168,1976
Albania,ALB,Employment and Time Use,21.168,1977
Albania,ALB,Employment and Time Use,21.168,1978
Albania,ALB,Employment and Time Use,21.168,1979
Albania,ALB,Employment and Time Use,21.898,1980
Albania,ALB,Employment and Time Use,21.898,1981
Albania,ALB,Employment and Time Use,21.898,1982
Albania,ALB,Employment and Time Use,21.898,1983
Albania,ALB,Employment and Time Use,21.898,1984
Albania,ALB,Employment and Time Use,21.898,1985
Albania,ALB,Employment and Time Use,21.898,1986
Albania,ALB,Employment and Time Use,21.898,1987
Albania,ALB,Employment and Time Use,21.898,1988
Albania,ALB,Employment and Time Use,24.818,1989
Albania,ALB,Employment and Time Use,36.496,1990
Albania,ALB,Employment and Time Use,61.314,1991
Albania,ALB,Employment and Time Use,61.314,1992
Albania,ALB,Employment and Time Use,61.314,1993
Albania,ALB,Employment and Time Use,58.394,1994
Albania,ALB,Employment and Time Use,61.314,1995
Albania,ALB,Employment and Time Use,61.314,1996
Albania,ALB,Employment and Time Use,61.314,1997
Albania,ALB,Employment and Time Use,61.314,1998
Albania,ALB,Employment and Time Use,61.314,1999
Albania,ALB,Employment and Time Use,63.504,2000
Albania,ALB,Employment and Time Use,58.394,2001
Albania,ALB,Employment and Time Use,89.051,2002
Albania,ALB,Employment and Time Use,61.314,2003
Albania,ALB,Employment and Time Use,63.504,2004
Albania,ALB,Employment and Time Use,85.401,2005
Albania,ALB,Employment and Time Use,61.314,2006
Albania,ALB,Employment and Time Use,90.511,2007
Albania,ALB,Employment and Time Use,90.511,2008
Albania,ALB,Employment and Time Use,90.511,2009
Albania,ALB,Employment and Time Use,92.701,2010
Albania,ALB,Employment and Time Use,91.241,2011
Albania,ALB,Employment and Time Use,90.511,2012
Albania,ALB,Employment and Time Use,91.971,2013
Albania,ALB,Employment and Time Use,91.971,2014
Albania,ALB,Employment and Time Use,91.971,2015
Albania,ALB,Employment and Time Use,91.971,2016
Albania,ALB,Employment and Time Use,91.971,2017
Albania,ALB,Employment and Time Use,91.971,2018
Albania,ALB,Employment and Time Use,91.971,2019
Albania,ALB,Employment and Time Use,90.511,2020
Albania,ALB,Employment and Time Use,90.511,2021
Albania,ALB,Employment and Time Use,90.511,2022
Albania,ALB,Employment and Time Use,93.431,2023
Albania,ALB,Entrepreneurship,0.000,1960
Albania,ALB,Entrepreneurship,0.000,1961
Albania,ALB,Entrepreneurship,0.000,1962
Albania,ALB,Entrepreneurship,0.000,1963
Albania,ALB,Entrepreneurship,0.000,1964
Albania,ALB,Entrepreneurship,0.000,1965
Albania,ALB,Entrepreneurship,0.000,1966
Albania,ALB,Entrepreneurship,0.000,1967
Albania,ALB,Entrepreneurship,0.000,1968
Albania,ALB,Entrepreneurship,0.000,1969
Albania,ALB,Entrepreneurship,9.375,1970
Albania,ALB,Entrepreneurship,9.375,1971
Albania,ALB,Entrepreneurship,9.375,1972
Albania,ALB,Entrepreneurship,9.375,1973
Albania,ALB,Entrepreneurship,9.375,1974
Albania,ALB,Entrepreneurship,9.375,1975
Albania,ALB,Entrepreneurship,9.375,1976
Albania,ALB,Entrepreneurship,9.375,1977
Albania,ALB,Entrepreneurship,9.375,1978
Albania,ALB,Entrepreneurship,9.375,1979
Albania,ALB,Entrepreneurship,9.375,1980
Albania,ALB,Entrepreneurship,9.375,1981
Albania,ALB,Entrepreneurship,9.375,1982
Albania,ALB,Entrepreneurship,9.375,1983
Albania,ALB,Entrepreneurship,9.375,1984
Albania,ALB,Entrepreneurship,9.375,1985
Albania,ALB,Entrepreneurship,9.375,1986
Albania,ALB,Entrepreneurship,9.375,1987
Albania,ALB,Entrepreneurship,9.375,1988
Albania,ALB,Entrepreneurship,9.375,1989
Albania,ALB,Entrepreneurship,9.375,1990
Albania,ALB,Entrepreneurship,9.375,1991
Albania,ALB,Entrepreneurship,9.375,1992
Albania,ALB,Entrepreneurship,9.375,1993
Albania,ALB,Entrepreneurship,9.375,1994
Albania,ALB,Entrepreneurship,9.375,1995
Albania,ALB,Entrepreneurship,9.375,1996
Albania,ALB,Entrepreneurship,9.375,1997
Albania,ALB,Entrepreneurship,9.375,1998
Albania,ALB,Entrepreneurship,9.375,1999
Albania,ALB,Entrepreneurship,9.375,2000
Albania,ALB,Entrepreneurship,9.375,2001
Albania,ALB,Entrepreneurship,9.375,2002
Albania,ALB,Entrepreneurship,37.500,2003
Albania,ALB,Entrepreneurship,37.500,2004
Albania,ALB,Entrepreneurship,40.625,2005
Albania,ALB,Entrepreneurship,37.500,2006
Albania,ALB,Entrepreneurship,40.625,2007
Albania,ALB,Entrepreneurship,37.500,2008
Albania,ALB,Entrepreneurship,37.500,2009
Albania,ALB,Entrepreneurship,37.500,2010
Albania,ALB,Entrepreneurship,37.500,2011
Albania,ALB,Entrepreneurship,37.500,2012
Albania,ALB,Entrepreneurship,43.750,2013
Albania,ALB,Entrepreneurship,93.750,2014
Albania,ALB,Entrepreneurship,75.000,2015
Albania,ALB,Entrepreneurship,75.000,2016
Albania,ALB,Entrepreneurship,93.750,2017
Albania,ALB,Entrepreneurship,75.000,2018
Albania,ALB,Entrepreneurship,81.250,2019
Albania,ALB,Entrepreneurship,46.875,2020
Albania,ALB,Entrepreneurship,21.875,2021
Albania,ALB,Entrepreneurship,21.875,2022
Albania,ALB,Entrepreneurship,9.375,2023
Albania,ALB,Environment,0.000,1960
Albania,ALB,Environment,0.000,1961
Albania,ALB,Environment,0.000,1962
Albania,ALB,Environment,0.000,1963
Albania,ALB,Environment,0.000,1964
Albania,ALB,Environment,0.000,1965
Albania,ALB,Environment,0.000,1966
Albania,ALB,Environment,0.000,1967
Albania,ALB,Environment,0.000,1968
Albania,ALB,Environment,0.000,1969
Albania,ALB,Environment,0.000,1970
Albania,ALB,Environment,0.000,1971
Albania,ALB,Environment,0.000,1972
Albania,ALB,Environment,0.000,1973
Albania,ALB,Environment,0.000,1974
Albania,ALB,Environment,0.000,1975
Albania,ALB,Environment,0.000,1976
Albania,ALB,Environment,0.000,1977
Albania,ALB,Environment,0.000,1978
Albania,ALB,Environment,0.000,1979
Albania,ALB,Environment,0.000,1980
Albania,ALB,Environment,0.000,1981
Albania,ALB,Environment,0.000,1982
Albania,ALB,Environment,0.000,1983
Albania,ALB,Environment,0.000,1984
Albania,ALB,Environment,0.000,1985
Albania,ALB,Environment,0.000,1986
Albania,ALB,Environment,0.000,1987
Albania,ALB,Environment,0.000,1988
Albania,ALB,Environment,0.000,1989
Albania,ALB,Environment,0.000,1990
Albania,ALB,Environment,0.000,1991
Albania,ALB,Environment,0.000,1992
Albania,ALB,Environment,0.000,1993
Albania,ALB,Environment,0.000,1994
Albania,ALB,Environment,0.000,1995
Albania,ALB,Environment,0.000,1996
Albania,ALB,Environment,0.000,1997
Albania,ALB,Environment,0.000,1998
Albania,ALB,Environment,0.000,1999
Albania,ALB,Environment,13.333,2000
Albania,ALB,Environment,10.000,2001
Albania,ALB,Environment,10.000,2002
Albania,ALB,Environment,13.333,2003
Albania,ALB,Environment,10.000,2004
Albania,ALB,Environment,10.000,2005
Albania,ALB,Environment,10.000,2006
Albania,ALB,Environment,10.000,2007
Albania,ALB,Environment,10.000,2008
Albania,ALB,Environment,46.667,2009
Albania,ALB,Environment,10.000,2010
Albania,ALB,Environment,13.333,2011
Albania,ALB,Environment,10.000,2012
Albania,ALB,Environment,13.333,2013
Albania,ALB,Environment,23.333,2014
Albania,ALB,Environment,13.333,2015
Albania,ALB,Environment,13.333,2016
Albania,ALB,Environment,23.333,2017
Albania,ALB,Environment,53.333,2018
Albania,ALB,Environment,30.000,2019
Albania,ALB,Environment,10.000,2020
Albania,ALB,Environment,20.000,2021
Albania,ALB,Environment,10.000,2022
Albania,ALB,Environment,0.000,2023
Albania,ALB,Health,3.030,1960
Albania,ALB,Health,3.030,1961
Albania,ALB,Health,3.030,1962
Albania,ALB,Health,3.030,1963
Albania,ALB,Health,3.030,1964
Albania,ALB,Health,3.030,1965
Albania,ALB,Health,3.030,1966
Albania,ALB,Health,3.030,1967
Albania,ALB,Health,3.030,1968
Albania,ALB,Health,3.030,1969
Albania,ALB,Health,3.030,1970
Albania,ALB,Health,3.030,1971
Albania,ALB,Health,3.030,1972
Albania,ALB,Health,3.030,1973
Albania,ALB,Health,3.030,1974
Albania,ALB,Health,5.556,1975
Albania,ALB,Health,5.556,1976
Albania,ALB,Health,5.556,1977
Albania,ALB,Health,8.586,1978
Albania,ALB,Health,10.101,1979
Albania,ALB,Health,11.111,1980
Albania,ALB,Health,11.111,1981
Albania,ALB,Health,11.111,1982
Albania,ALB,Health,12.121,1983
Albania,ALB,Health,12.121,1984
Albania,ALB,Health,12.121,1985
Albania,ALB,Health,12.121,1986
Albania,ALB,Health,12.626,1987
Albania,ALB,Health,12.626,1988
Albania,ALB,Health,13.131,1989
Albania,ALB,Health,17.172,1990
Albania,ALB,Health,17.172,1991
Albania,ALB,Health,17.172,1992
Albania,ALB,Health,17.172,1993
Albania,ALB,Health,17.172,1994
Albania,ALB,Health,17.677,1995
Albania,ALB,Health,17.677,1996
Albania,ALB,Health,17.677,1997
Albania,ALB,Health,17.677,1998
Albania,ALB,Health,17.677,1999
Albania,ALB,Health,59.596,2000
Albania,ALB,Health,32.323,2001
Albania,ALB,Health,34.343,2002
Albania,ALB,Health,32.323,2003
Albania,ALB,Health,32.323,2004
Albania,ALB,Health,43.939,2005
Albania,ALB,Health,31.818,2006
Albania,ALB,Health,31.313,2007
Albania,ALB,Health,31.313,2008
Albania,ALB,Health,57.071,2009
Albania,ALB,Health,60.101,2010
Albania,ALB,Health,31.313,2011
Albania,ALB,Health,31.313,2012
Albania,ALB,Health,31.313,2013
Albania,ALB,Health,32.828,2014
Albania,ALB,Health,55.556,2015
Albania,ALB,Health,31.313,2016
Albania,ALB,Health,42.424,2017
Albania,ALB,Health,53.030,2018
Albania,ALB,Health,56.061,2019
Albania,ALB,Health,27.273,2020
Albania,ALB,Health,19.192,2021
Albania,ALB,Health,16.667,2022
Albania,ALB,Health,1.010,2023
Albania,ALB,Leadership,0.000,1960
Albania,ALB,Leadership,0.000,1961
Albania,ALB,Leadership,0.000,1962
Albania,ALB,Leadership,0.000,1963
Albania,ALB,Leadership,0.000,1964
Albania,ALB,Leadership,0.000,1965
Albania,ALB,Leadership,0.000,1966
Albania,ALB,Leadership,0.000,1967
Albania,ALB,Leadership,0.000,1968
Albania,ALB,Leadership,0.000,1969
Albania,ALB,Leadership,0.000,1970
Albania,ALB,Leadership,0.000,1971
Albania,ALB,Leadership,0.000,1972
Albania,ALB,Leadership,0.000,1973
Albania,ALB,Leadership,0.000,1974
Albania,ALB,Leadership,0.000,1975
Albania,ALB,Leadership,0.000,1976
Albania,ALB,Leadership,0.000,1977
Albania,ALB,Leadership,0.000,1978
Albania,ALB,Leadership,0.000,1979
Albania,ALB,Leadership,0.000,1980
Albania,ALB,Leadership,0.000,1981
Albania,ALB,Leadership,0.000,1982
Albania,ALB,Leadership,0.000,1983
Albania,ALB,Leadership,0.000,1984
Albania,ALB,Leadership,0.000,1985
Albania,ALB,Leadership,0.000,1986
Albania,ALB,Leadership,0.000,1987
Albania,ALB,Leadership,0.000,1988
Albania,ALB,Leadership,0.000,1989
Albania,ALB,Leadership,0.000,1990
Albania,ALB,Leadership,0.000,1991
Albania,ALB,Leadership,0.000,1992
Albania,ALB,Leadership,0.000,1993
Albania,ALB,Leadership,0.000,1994
Albania,ALB,Leadership,0.000,1995
Albania,ALB,Leadership,0.000,1996
Albania,ALB,Leadership,0.000,1997
Albania,ALB,Leadership,0.000,1998
Albania,ALB,Leadership,25.000,1999
Albania,ALB,Leadership,25.000,2000
Albania,ALB,Leadership,25.000,2001
Albania,ALB,Leadership,50.000,2002
Albania,ALB,Leadership,25.000,2003
Albania,ALB,Leadership,25.000,2004
Albania,ALB,Leadership,50.000,2005
Albania,ALB,Leadership,25.000,2006
Albania,ALB,Leadership,50.000,2007
Albania,ALB,Leadership,75.000,2008
Albania,ALB,Leadership,50.000,2009
Albania,ALB,Leadership,75.000,2010
Albania,ALB,Leadership,25.000,2011
Albania,ALB,Leadership,75.000,2012
Albania,ALB,Leadership,75.000,2013
Albania,ALB,Leadership,75.000,2014
Albania,ALB,Leadership,75.000,2015
Albania,ALB,Leadership,75.000,2016
Albania,ALB,Leadership,50.000,2017
Albania,ALB,Leadership,75.000,2018
Albania,ALB,Leadership,100.000,2019
Albania,ALB,Leadership,75.000,2020
Albania,ALB,Leadership,50.000,2021
Albania,ALB,Leadership,75.000,2022
Albania,ALB,Leadership,50.000,2023
Albania,ALB,Norms and Decision-making,0.000,1960
Albania,ALB,Norms and Decision-making,0.000,1961
Albania,ALB,Norms and Decision-making,0.000,1962
Albania,ALB,Norms and Decision-making,0.000,1963
Albania,ALB,Norms and Decision-making,0.000,1964
Albania,ALB,Norms and Decision-making,0.000,1965
Albania,ALB,Norms and Decision-making,0.000,1966
Albania,ALB,Norms and Decision-making,0.000,1967
Albania,ALB,Norms and Decision-making,0.000,1968
Albania,ALB,Norms and Decision-making,0.000,1969
Albania,ALB,Norms and Decision-making,12.593,1970
Albania,ALB,Norms and Decision-making,12.593,1971
Albania,ALB,Norms and Decision-making,12.593,1972
Albania,ALB,Norms and Decision-making,12.593,1973
Albania,ALB,Norms and Decision-making,12.593,1974
Albania,ALB,Norms and Decision-making,12.593,1975
Albania,ALB,Norms and Decision-making,12.593,1976
Albania,ALB,Norms and Decision-making,12.593,1977
Albania,ALB,Norms and Decision-making,12.593,1978
Albania,ALB,Norms and Decision-making,12.593,1979
Albania,ALB,Norms and Decision-making,12.593,1980
Albania,ALB,Norms and Decision-making,12.593,1981
Albania,ALB,Norms and Decision-making,12.593,1982
Albania,ALB,Norms and Decision-making,12.593,1983
Albania,ALB,Norms and Decision-making,12.593,1984
Albania,ALB,Norms and Decision-making,12.593,1985
Albania,ALB,Norms and Decision-making,12.593,1986
Albania,ALB,Norms and Decision-making,12.593,1987
Albania,ALB,Norms and Decision-making,12.593,1988
Albania,ALB,Norms and Decision-making,14.074,1989
Albania,ALB,Norms and Decision-making,12.593,1990
Albania,ALB,Norms and Decision-making,12.593,1991
Albania,ALB,Norms and Decision-making,12.593,1992
Albania,ALB,Norms and Decision-making,12.593,1993
Albania,ALB,Norms and Decision-making,12.593,1994
Albania,ALB,Norms and Decision-making,12.593,1995
Albania,ALB,Norms and Decision-making,12.593,1996
Albania,ALB,Norms and Decision-making,12.593,1997
Albania,ALB,Norms and Decision-making,12.593,1998
Albania,ALB,Norms and Decision-making,12.593,1999
Albania,ALB,Norms and Decision-making,15.556,2000
Albania,ALB,Norms and Decision-making,14.074,2001
Albania,ALB,Norms and Decision-making,14.074,2002
Albania,ALB,Norms and Decision-making,12.593,2003
Albania,ALB,Norms and Decision-making,12.593,2004
Albania,ALB,Norms and Decision-making,14.815,2005
Albania,ALB,Norms and Decision-making,12.593,2006
Albania,ALB,Norms and Decision-making,12.593,2007
Albania,ALB,Norms and Decision-making,12.593,2008
Albania,ALB,Norms and Decision-making,82.222,2009
Albania,ALB,Norms and Decision-making,12.593,2010
Albania,ALB,Norms and Decision-making,14.074,2011
Albania,ALB,Norms and Decision-making,12.593,2012
Albania,ALB,Norms and Decision-making,12.593,2013
Albania,ALB,Norms and Decision-making,12.593,2014
Albania,ALB,Norms and Decision-making,12.593,2015
Albania,ALB,Norms and Decision-making,12.593,2016
Albania,ALB,Norms and Decision-making,12.593,2017
Albania,ALB,Norms and Decision-making,72.593,2018
Albania,ALB,Norms and Decision-making,12.593,2019
Albania,ALB,Norms and Decision-making,12.593,2020
Albania,ALB,Norms and Decision-making,12.593,2021
Albania,ALB,Norms and Decision-making,12.593,2022
Albania,ALB,Norms and Decision-making,12.593,2023
Albania,ALB,Population,86.905,1960
Albania,ALB,Population,86.905,1961
Albania,ALB,Population,86.905,1962
Albania,ALB,Population,86.905,1963
Albania,ALB,Population,86.905,1964
Albania,ALB,Population,86.905,1965
Albania,ALB,Population,86.905,1966
Albania,ALB,Population,86.905,1967
Albania,ALB,Population,86.905,1968
Albania,ALB,Population,86.905,1969
Albania,ALB,Population,86.905,1970
Albania,ALB,Population,86.905,1971
Albania,ALB,Population,86.905,1972
Albania,ALB,Population,86.905,1973
Albania,ALB,Population,86.905,1974
Albania,ALB,Population,86.905,1975
Albania,ALB,Population,86.905,1976
Albania,ALB,Population,86.905,1977
Albania,ALB,Population,86.905,1978
Albania,ALB,Population,86.905,1979
Albania,ALB,Population,91.667,1980
Albania,ALB,Population,86.905,1981
Albania,ALB,Population,86.905,1982
Albania,ALB,Population,86.905,1983
Albania,ALB,Population,86.905,1984
Albania,ALB,Population,91.667,1985
Albania,ALB,Population,86.905,1986
Albania,ALB,Population,86.905,1987
Albania,ALB,Population,86.905,1988
Albania,ALB,Population,89.286,1989
Albania,ALB,Population,92.857,1990
Albania,ALB,Population,86.905,1991
Albania,ALB,Population,86.905,1992
Albania,ALB,Population,86.905,1993
Albania,ALB,Population,86.905,1994
Albania,ALB,Population,92.857,1995
Albania,ALB,Population,86.905,1996
Albania,ALB,Population,86.905,1997
Albania,ALB,Population,86.905,1998
Albania,ALB,Population,86.905,1999
Albania,ALB,Population,95.238,2000
Albania,ALB,Population,89.286,2001
Albania,ALB,Population,89.286,2002
Albania,ALB,Population,86.905,2003
Albania,ALB,Population,86.905,2004
Albania,ALB,Population,95.238,2005
Albania,ALB,Population,86.905,2006
Albania,ALB,Population,86.905,2007
Albania,ALB,Population,86.905,2008
Albania,ALB,Population,94.048,2009
Albania,ALB,Population,92.857,2010
Albania,ALB,Population,89.286,2011
Albania,ALB,Population,86.905,2012
Albania,ALB,Population,86.905,2013
Albania,ALB,Population,86.905,2014
Albania,ALB,Population,92.857,2015
Albania,ALB,Population,86.905,2016
Albania,ALB,Population,86.905,2017
Albania,ALB,Population,94.048,2018
Albania,ALB,Population,86.905,2019
Albania,ALB,Population,88.095,2020
Albania,ALB,Population,86.905,2021
Albania,ALB,Population,86.905,2022
Albania,ALB,Population,77.381,2023
Albania,ALB,SDGs,0.671,1960
Albania,ALB,SDGs,0.671,1961
Albania,ALB,SDGs,0.671,1962
Albania,ALB,SDGs,0.671,1963
Albania,ALB,SDGs,0.671,1964
Albania,ALB,SDGs,0.671,1965
Albania,ALB,SDGs,0.671,1966
Albania,ALB,SDGs,0.671,1967
Albania,ALB,SDGs,0.671,1968
Albania,ALB,SDGs,0.671,1969
Albania,ALB,SDGs,9.396,1970
Albania,ALB,SDGs,9.396,1971
Albania,ALB,SDGs,9.396,1972
Albania,ALB,SDGs,9.396,1973
Albania,ALB,SDGs,9.396,1974
Albania,ALB,SDGs,9.396,1975
Albania,ALB,SDGs,9.396,1976
Albania,ALB,SDGs,9.396,1977
Albania,ALB,SDGs,11.409,1978
Albania,ALB,SDGs,11.409,1979
Albania,ALB,SDGs,12.752,1980
Albania,ALB,SDGs,12.752,1981
Albania,ALB,SDGs,12.752,1982
Albania,ALB,SDGs,12.752,1983
Albania,ALB,SDGs,12.752,1984
Albania,ALB,SDGs,12.752,1985
Albania,ALB,SDGs,12.752,1986
Albania,ALB,SDGs,13.423,1987
Albania,ALB,SDGs,13.423,1988
Albania,ALB,SDGs,14.094,1989
Albania,ALB,SDGs,18.792,1990
Albania,ALB,SDGs,22.819,1991
Albania,ALB,SDGs,22.819,1992
Albania,ALB,SDGs,22.819,1993
Albania,ALB,SDGs,22.819,1994
Albania,ALB,SDGs,23.490,1995
Albania,ALB,SDGs,23.490,1996
Albania,ALB,SDGs,23.490,1997
Albania,ALB,SDGs,23.490,1998
Albania,ALB,SDGs,24.161,1999
Albania,ALB,SDGs,69.128,2000
Albania,ALB,SDGs,36.913,2001
Albania,ALB,SDGs,38.926,2002
Albania,ALB,SDGs,36.913,2003
Albania,ALB,SDGs,36.913,2004
Albania,ALB,SDGs,40.940,2005
Albania,ALB,SDGs,36.242,2006
Albania,ALB,SDGs,37.584,2007
Albania,ALB,SDGs,37.584,2008
Albania,ALB,SDGs,40.940,2009
Albania,ALB,SDGs,69.799,2010
Albania,ALB,SDGs,40.940,2011
Albania,ALB,SDGs,37.584,2012
Albania,ALB,SDGs,37.584,2013
Albania,ALB,SDGs,39.597,2014
Albania,ALB,SDGs,69.799,2015
Albania,ALB,SDGs,37.584,2016
Albania,ALB,SDGs,39.597,2017
Albania,ALB,SDGs,44.295,2018
Albania,ALB,SDGs,73.826,2019
Albania,ALB,SDGs,31.544,2020
Albania,ALB,SDGs,28.859,2021
Albania,ALB,SDGs,26.846,2022
Albania,ALB,SDGs,18.121,2023
Albania,ALB,Technology,0.000,1960
Albania,ALB,Technology,0.000,1961
Albania,ALB,Technology,0.000,1962
Albania,ALB,Technology,0.000,1963
Albania,ALB,Technology,0.000,1964
Albania,ALB,Technology,0.000,1965
Albania,ALB,Technology,0.000,1966
Albania,ALB,Technology,0.000,1967
Albania,ALB,Technology,0.000,1968
Albania,ALB,Technology,0.000,1969
Albania,ALB,Technology,0.000,1970
Albania,ALB,Technology,0.000,1971
Albania,ALB,Technology,0.000,1972
Albania,ALB,Technology,0.000,1973
Albania,ALB,Technology,0.000,1974
Albania,ALB,Technology,0.000,1975
Albania,ALB,Technology,0.000,1976
Albania,ALB,Technology,0.000,1977
Albania,ALB,Technology,0.000,1978
Albania,ALB,Technology,0.000,1979
Albania,ALB,Technology,0.000,1980
Albania,ALB,Technology,0.000,1981
Albania,ALB,Technology,0.000,1982
Albania,ALB,Technology,0.000,1983
Albania,ALB,Technology,0.000,1984
Albania,ALB,Technology,0.000,1985
Albania,ALB,Technology,0.000,1986
Albania,ALB,Technology,0.000,1987
Albania,ALB,Technology,0.000,1988
Albania,ALB,Technology,0.000,1989
Albania,ALB,Technology,2.222,1990
Albania,ALB,Technology,2.222,1991
Albania,ALB,Technology,2.222,1992
Albania,ALB,Technology,2.222,1993
Albania,ALB,Technology,2.222,1994
Albania,ALB,Technology,2.222,1995
Albania,ALB,Technology,2.222,1996
Albania,ALB,Technology,2.222,1997
Albania,ALB,Technology,2.222,1998
Albania,ALB,Technology,2.222,1999
Albania,ALB,Technology,8.889,2000
Albania,ALB,Technology,2.222,2001
Albania,ALB,Technology,2.222,2002
Albania,ALB,Technology,8.889,2003
Albania,ALB,Technology,2.222,2004
Albania,ALB,Technology,2.222,2005
Albania,ALB,Technology,2.222,2006
Albania,ALB,Technology,2.222,2007
Albania,ALB,Technology,2.222,2008
Albania,ALB,Technology,2.222,2009
Albania,ALB,Technology,2.222,2010
Albania,ALB,Technology,15.556,2011
Albania,ALB,Technology,2.222,2012
Albania,ALB,Technology,4.444,2013
Albania,ALB,Technology,31.111,2014
Albania,ALB,Technology,8.889,2015
Albania,ALB,Technology,8.889,2016
Albania,ALB,Technology,62.222,2017
Albania,ALB,Technology,8.889,2018
Albania,ALB,Technology,6.667,2019
Albania,ALB,Technology,6.667,2020
Albania,ALB,Technology,73.333,2021
Albania,ALB,Technology,6.667,2022
Albania,ALB,Technology,6.667,2023
Albania,ALB,Violence,0.000,1960
Albania,ALB,Violence,0.000,1961
Albania,ALB,Violence,0.000,1962
Albania,ALB,Violence,0.000,1963
Albania,ALB,Violence,0.000,1964
Albania,ALB,Violence,0.000,1965
Albania,ALB,Violence,0.000,1966
Albania,ALB,Violence,0.000,1967
Albania,ALB,Violence,0.000,1968
Albania,ALB,Violence,0.000,1969
Albania,ALB,Violence,2.143,1970
Albania,ALB,Violence,2.143,1971
Albania,ALB,Violence,2.143,1972
Albania,ALB,Violence,2.143,1973
Albania,ALB,Violence,2.143,1974
Albania,ALB,Violence,2.143,1975
Albania,ALB,Violence,2.143,1976
Albania,ALB,Violence,2.143,1977
Albania,ALB,Violence,2.143,1978
Albania,ALB,Violence,2.143,1979
Albania,ALB,Violence,2.143,1980
Albania,ALB,Violence,2.143,1981
Albania,ALB,Violence,2.143,1982
Albania,ALB,Violence,2.143,1983
Albania,ALB,Violence,2.143,1984
Albania,ALB,Violence,2.143,1985
Albania,ALB,Violence,2.143,1986
Albania,ALB,Violence,2.143,1987
Albania,ALB,Violence,2.143,1988
Albania,ALB,Violence,2.143,1989
Albania,ALB,Violence,2.143,1990
Albania,ALB,Violence,2.143,1991
Albania,ALB,Violence,4.286,1992
Albania,ALB,Violence,4.286,1993
Albania,ALB,Violence,4.286,1994
Albania,ALB,Violence,4.286,1995
Albania,ALB,Violence,4.286,1996
Albania,ALB,Violence,4.286,1997
Albania,ALB,Violence,4.286,1998
Albania,ALB,Violence,4.286,1999
Albania,ALB,Violence,6.429,2000
Albania,ALB,Violence,6.429,2001
Albania,ALB,Violence,6.429,2002
Albania,ALB,Violence,6.429,2003
Albania,ALB,Violence,6.429,2004
Albania,ALB,Violence,6.429,2005
Albania,ALB,Violence,6.429,2006
Albania,ALB,Violence,6.429,2007
Albania,ALB,Violence,6.429,2008
Albania,ALB,Violence,49.286,2009
Albania,ALB,Violence,6.429,2010
Albania,ALB,Violence,6.429,2011
Albania,ALB,Violence,6.429,2012
Albania,ALB,Violence,6.429,2013
Albania,ALB,Violence,6.429,2014
Albania,ALB,Violence,6.429,2015
Albania,ALB,Violence,6.429,2016
Albania,ALB,Violence,6.429,2017
Albania,ALB,Violence,43.571,2018
Albania,ALB,Violence,6.429,2019
Albania,ALB,Violence,4.286,2020
Albania,ALB,Violence,4.286,2021
Albania,ALB,Violence,2.143,2022
Albania,ALB,Violence,2.143,2023
Albania,ALB,Youth 15-24,4.587,1960
Albania,ALB,Youth 15-24,4.587,1961
Albania,ALB,Youth 15-24,4.587,1962
Albania,ALB,Youth 15-24,4.587,1963
Albania,ALB,Youth 15-24,4.587,1964
Albania,ALB,Youth 15-24,4.587,1965
Albania,ALB,Youth 15-24,4.587,1966
Albania,ALB,Youth 15-24,4.587,1967
Albania,ALB,Youth 15-24,4.587,1968
Albania,ALB,Youth 15-24,4.587,1969
Albania,ALB,Youth 15-24,4.587,1970
Albania,ALB,Youth 15-24,8.257,1971
Albania,ALB,Youth 15-24,8.257,1972
Albania,ALB,Youth 15-24,4.587,1973
Albania,ALB,Youth 15-24,4.587,1974
Albania,ALB,Youth 15-24,4.587,1975
Albania,ALB,Youth 15-24,14.679,1976
Albania,ALB,Youth 15-24,4.587,1977
Albania,ALB,Youth 15-24,18.349,1978
Albania,ALB,Youth 15-24,14.679,1979
Albania,ALB,Youth 15-24,14.679,1980
Albania,ALB,Youth 15-24,18.349,1981
Albania,ALB,Youth 15-24,14.679,1982
Albania,ALB,Youth 15-24,18.349,1983
Albania,ALB,Youth 15-24,18.349,1984
Albania,ALB,Youth 15-24,18.349,1985
Albania,ALB,Youth 15-24,18.349,1986
Albania,ALB,Youth 15-24,18.349,1987
Albania,ALB,Youth 15-24,18.349,1988
Albania,ALB,Youth 15-24,18.349,1989
Albania,ALB,Youth 15-24,25.688,1990
Albania,ALB,Youth 15-24,32.110,1991
Albania,ALB,Youth 15-24,27.523,1992
Albania,ALB,Youth 15-24,27.523,1993
Albania,ALB,Youth 15-24,32.110,1994
Albania,ALB,Youth 15-24,34.862,1995
Albania,ALB,Youth 15-24,27.523,1996
Albania,ALB,Youth 15-24,27.523,1997
Albania,ALB,Youth 15-24,27.523,1998
Albania,ALB,Youth 15-24,35.780,1999
Albania,ALB,Youth 15-24,47.706,2000
Albania,ALB,Youth 15-24,49.541,2001
Albania,ALB,Youth 15-24,39.450,2002
Albania,ALB,Youth 15-24,41.284,2003
Albania,ALB,Youth 15-24,35.780,2004
Albania,ALB,Youth 15-24,37.615,2005
Albania,ALB,Youth 15-24,38.532,2006
Albania,ALB,Youth 15-24,50.459,2007
Albania,ALB,Youth 15-24,66.055,2008
Albania,ALB,Youth 15-24,59.633,2009
Albania,ALB,Youth 15-24,55.963,2010
Albania,ALB,Youth 15-24,79.817,2011
Albania,ALB,Youth 15-24,68.807,2012
Albania,ALB,Youth 15-24,74.312,2013
Albania,ALB,Youth 15-24,74.312,2014
Albania,ALB,Youth 15-24,79.817,2015
Albania,ALB,Youth 15-24,79.817,2016
Albania,ALB,Youth 15-24,83.486,2017
Albania,ALB,Youth 15-24,86.239,2018
Albania,ALB,Youth 15-24,55.963,2019
Albania,ALB,Youth 15-24,42.202,2020
Albania,ALB,Youth 15-24,50.459,2021
Albania,ALB,Youth 15-24,52.294,2022
Albania,ALB,Youth 15-24,34.862,2023
