Country Name,Country Code,Topic,% of available indicators,Year
Cayman Islands,CYM,Assets,0.000,1960
Cayman Islands,CYM,Assets,0.000,1961
Cayman Islands,CYM,Assets,0.000,1962
Cayman Islands,CYM,Assets,0.000,1963
Cayman Islands,CYM,Assets,0.000,1964
Cayman Islands,CYM,Assets,0.000,1965
Cayman Islands,CYM,Assets,0.000,1966
Cayman Islands,CYM,Assets,0.000,1967
Cayman Islands,CYM,Assets,0.000,1968
Cayman Islands,CYM,Assets,0.000,1969
Cayman Islands,CYM,Assets,0.000,1970
Cayman Islands,CYM,Assets,0.000,1971
Cayman Islands,CYM,Assets,0.000,1972
Cayman Islands,CYM,Assets,0.000,1973
Cayman Islands,CYM,Assets,0.000,1974
Cayman Islands,CYM,Assets,0.000,1975
Cayman Islands,CYM,Assets,0.000,1976
Cayman Islands,CYM,Assets,0.000,1977
Cayman Islands,CYM,Assets,0.000,1978
Cayman Islands,CYM,Assets,0.000,1979
Cayman Islands,CYM,Assets,0.000,1980
Cayman Islands,CYM,Assets,0.000,1981
Cayman Islands,CYM,Assets,0.000,1982
Cayman Islands,CYM,Assets,0.000,1983
Cayman Islands,CYM,Assets,0.000,1984
Cayman Islands,CYM,Assets,0.000,1985
Cayman Islands,CYM,Assets,0.000,1986
Cayman Islands,CYM,Assets,0.000,1987
Cayman Islands,CYM,Assets,0.000,1988
Cayman Islands,CYM,Assets,0.000,1989
Cayman Islands,CYM,Assets,0.000,1990
Cayman Islands,CYM,Assets,0.000,1991
Cayman Islands,CYM,Assets,0.000,1992
Cayman Islands,CYM,Assets,0.000,1993
Cayman Islands,CYM,Assets,0.000,1994
Cayman Islands,CYM,Assets,0.000,1995
Cayman Islands,CYM,Assets,0.000,1996
Cayman Islands,CYM,Assets,0.000,1997
Cayman Islands,CYM,Assets,0.000,1998
Cayman Islands,CYM,Assets,0.000,1999
Cayman Islands,CYM,Assets,0.000,2000
Cayman Islands,CYM,Assets,0.000,2001
Cayman Islands,CYM,Assets,0.000,2002
Cayman Islands,CYM,Assets,0.000,2003
Cayman Islands,CYM,Assets,0.000,2004
Cayman Islands,CYM,Assets,0.000,2005
Cayman Islands,CYM,Assets,0.000,2006
Cayman Islands,CYM,Assets,0.000,2007
Cayman Islands,CYM,Assets,0.000,2008
Cayman Islands,CYM,Assets,0.000,2009
Cayman Islands,CYM,Assets,0.000,2010
Cayman Islands,CYM,Assets,0.000,2011
Cayman Islands,CYM,Assets,0.000,2012
Cayman Islands,CYM,Assets,0.000,2013
Cayman Islands,CYM,Assets,0.000,2014
Cayman Islands,CYM,Assets,0.000,2015
Cayman Islands,CYM,Assets,0.000,2016
Cayman Islands,CYM,Assets,0.000,2017
Cayman Islands,CYM,Assets,0.000,2018
Cayman Islands,CYM,Assets,0.000,2019
Cayman Islands,CYM,Assets,0.000,2020
Cayman Islands,CYM,Assets,0.000,2021
Cayman Islands,CYM,Assets,0.000,2022
Cayman Islands,CYM,Assets,0.000,2023
Cayman Islands,CYM,Children 0-14,8.462,1960
Cayman Islands,CYM,Children 0-14,8.462,1961
Cayman Islands,CYM,Children 0-14,8.462,1962
Cayman Islands,CYM,Children 0-14,8.462,1963
Cayman Islands,CYM,Children 0-14,8.462,1964
Cayman Islands,CYM,Children 0-14,8.462,1965
Cayman Islands,CYM,Children 0-14,8.462,1966
Cayman Islands,CYM,Children 0-14,8.462,1967
Cayman Islands,CYM,Children 0-14,8.462,1968
Cayman Islands,CYM,Children 0-14,8.462,1969
Cayman Islands,CYM,Children 0-14,10.769,1970
Cayman Islands,CYM,Children 0-14,8.462,1971
Cayman Islands,CYM,Children 0-14,12.308,1972
Cayman Islands,CYM,Children 0-14,12.308,1973
Cayman Islands,CYM,Children 0-14,12.308,1974
Cayman Islands,CYM,Children 0-14,12.308,1975
Cayman Islands,CYM,Children 0-14,12.308,1976
Cayman Islands,CYM,Children 0-14,12.308,1977
Cayman Islands,CYM,Children 0-14,12.308,1978
Cayman Islands,CYM,Children 0-14,12.308,1979
Cayman Islands,CYM,Children 0-14,14.615,1980
Cayman Islands,CYM,Children 0-14,12.308,1981
Cayman Islands,CYM,Children 0-14,8.462,1982
Cayman Islands,CYM,Children 0-14,8.462,1983
Cayman Islands,CYM,Children 0-14,8.462,1984
Cayman Islands,CYM,Children 0-14,8.462,1985
Cayman Islands,CYM,Children 0-14,8.462,1986
Cayman Islands,CYM,Children 0-14,8.462,1987
Cayman Islands,CYM,Children 0-14,8.462,1988
Cayman Islands,CYM,Children 0-14,10.769,1989
Cayman Islands,CYM,Children 0-14,8.462,1990
Cayman Islands,CYM,Children 0-14,8.462,1991
Cayman Islands,CYM,Children 0-14,8.462,1992
Cayman Islands,CYM,Children 0-14,8.462,1993
Cayman Islands,CYM,Children 0-14,8.462,1994
Cayman Islands,CYM,Children 0-14,8.462,1995
Cayman Islands,CYM,Children 0-14,8.462,1996
Cayman Islands,CYM,Children 0-14,8.462,1997
Cayman Islands,CYM,Children 0-14,8.462,1998
Cayman Islands,CYM,Children 0-14,18.462,1999
Cayman Islands,CYM,Children 0-14,20.000,2000
Cayman Islands,CYM,Children 0-14,20.769,2001
Cayman Islands,CYM,Children 0-14,22.308,2002
Cayman Islands,CYM,Children 0-14,8.462,2003
Cayman Islands,CYM,Children 0-14,28.462,2004
Cayman Islands,CYM,Children 0-14,26.923,2005
Cayman Islands,CYM,Children 0-14,26.923,2006
Cayman Islands,CYM,Children 0-14,26.923,2007
Cayman Islands,CYM,Children 0-14,24.615,2008
Cayman Islands,CYM,Children 0-14,8.462,2009
Cayman Islands,CYM,Children 0-14,13.077,2010
Cayman Islands,CYM,Children 0-14,20.000,2011
Cayman Islands,CYM,Children 0-14,20.769,2012
Cayman Islands,CYM,Children 0-14,20.769,2013
Cayman Islands,CYM,Children 0-14,20.000,2014
Cayman Islands,CYM,Children 0-14,20.000,2015
Cayman Islands,CYM,Children 0-14,13.077,2016
Cayman Islands,CYM,Children 0-14,15.385,2017
Cayman Islands,CYM,Children 0-14,20.769,2018
Cayman Islands,CYM,Children 0-14,18.462,2019
Cayman Islands,CYM,Children 0-14,16.154,2020
Cayman Islands,CYM,Children 0-14,20.769,2021
Cayman Islands,CYM,Children 0-14,18.462,2022
Cayman Islands,CYM,Children 0-14,16.154,2023
Cayman Islands,CYM,Education,0.000,1960
Cayman Islands,CYM,Education,0.000,1961
Cayman Islands,CYM,Education,0.000,1962
Cayman Islands,CYM,Education,0.000,1963
Cayman Islands,CYM,Education,0.000,1964
Cayman Islands,CYM,Education,0.000,1965
Cayman Islands,CYM,Education,0.000,1966
Cayman Islands,CYM,Education,0.000,1967
Cayman Islands,CYM,Education,0.000,1968
Cayman Islands,CYM,Education,0.000,1969
Cayman Islands,CYM,Education,3.681,1970
Cayman Islands,CYM,Education,2.454,1971
Cayman Islands,CYM,Education,9.202,1972
Cayman Islands,CYM,Education,9.202,1973
Cayman Islands,CYM,Education,9.816,1974
Cayman Islands,CYM,Education,9.202,1975
Cayman Islands,CYM,Education,9.816,1976
Cayman Islands,CYM,Education,10.429,1977
Cayman Islands,CYM,Education,5.521,1978
Cayman Islands,CYM,Education,5.521,1979
Cayman Islands,CYM,Education,12.270,1980
Cayman Islands,CYM,Education,9.816,1981
Cayman Islands,CYM,Education,2.454,1982
Cayman Islands,CYM,Education,2.454,1983
Cayman Islands,CYM,Education,2.454,1984
Cayman Islands,CYM,Education,2.454,1985
Cayman Islands,CYM,Education,2.454,1986
Cayman Islands,CYM,Education,2.454,1987
Cayman Islands,CYM,Education,2.454,1988
Cayman Islands,CYM,Education,7.975,1989
Cayman Islands,CYM,Education,2.454,1990
Cayman Islands,CYM,Education,2.454,1991
Cayman Islands,CYM,Education,2.454,1992
Cayman Islands,CYM,Education,2.454,1993
Cayman Islands,CYM,Education,2.454,1994
Cayman Islands,CYM,Education,2.454,1995
Cayman Islands,CYM,Education,0.000,1996
Cayman Islands,CYM,Education,0.000,1997
Cayman Islands,CYM,Education,0.000,1998
Cayman Islands,CYM,Education,16.564,1999
Cayman Islands,CYM,Education,19.018,2000
Cayman Islands,CYM,Education,19.632,2001
Cayman Islands,CYM,Education,18.405,2002
Cayman Islands,CYM,Education,0.613,2003
Cayman Islands,CYM,Education,27.607,2004
Cayman Islands,CYM,Education,27.607,2005
Cayman Islands,CYM,Education,38.650,2006
Cayman Islands,CYM,Education,46.012,2007
Cayman Islands,CYM,Education,36.196,2008
Cayman Islands,CYM,Education,0.000,2009
Cayman Islands,CYM,Education,2.454,2010
Cayman Islands,CYM,Education,17.791,2011
Cayman Islands,CYM,Education,18.405,2012
Cayman Islands,CYM,Education,15.951,2013
Cayman Islands,CYM,Education,19.018,2014
Cayman Islands,CYM,Education,22.699,2015
Cayman Islands,CYM,Education,6.135,2016
Cayman Islands,CYM,Education,12.270,2017
Cayman Islands,CYM,Education,17.178,2018
Cayman Islands,CYM,Education,12.270,2019
Cayman Islands,CYM,Education,10.429,2020
Cayman Islands,CYM,Education,12.270,2021
Cayman Islands,CYM,Education,12.270,2022
Cayman Islands,CYM,Education,9.816,2023
Cayman Islands,CYM,Employment and Time Use,5.109,1960
Cayman Islands,CYM,Employment and Time Use,0.000,1961
Cayman Islands,CYM,Employment and Time Use,0.000,1962
Cayman Islands,CYM,Employment and Time Use,0.000,1963
Cayman Islands,CYM,Employment and Time Use,0.000,1964
Cayman Islands,CYM,Employment and Time Use,0.000,1965
Cayman Islands,CYM,Employment and Time Use,0.000,1966
Cayman Islands,CYM,Employment and Time Use,0.000,1967
Cayman Islands,CYM,Employment and Time Use,0.000,1968
Cayman Islands,CYM,Employment and Time Use,0.000,1969
Cayman Islands,CYM,Employment and Time Use,2.920,1970
Cayman Islands,CYM,Employment and Time Use,0.000,1971
Cayman Islands,CYM,Employment and Time Use,0.000,1972
Cayman Islands,CYM,Employment and Time Use,0.000,1973
Cayman Islands,CYM,Employment and Time Use,0.000,1974
Cayman Islands,CYM,Employment and Time Use,0.000,1975
Cayman Islands,CYM,Employment and Time Use,0.000,1976
Cayman Islands,CYM,Employment and Time Use,0.000,1977
Cayman Islands,CYM,Employment and Time Use,0.000,1978
Cayman Islands,CYM,Employment and Time Use,2.920,1979
Cayman Islands,CYM,Employment and Time Use,0.000,1980
Cayman Islands,CYM,Employment and Time Use,0.000,1981
Cayman Islands,CYM,Employment and Time Use,0.000,1982
Cayman Islands,CYM,Employment and Time Use,0.000,1983
Cayman Islands,CYM,Employment and Time Use,0.000,1984
Cayman Islands,CYM,Employment and Time Use,0.000,1985
Cayman Islands,CYM,Employment and Time Use,0.000,1986
Cayman Islands,CYM,Employment and Time Use,0.000,1987
Cayman Islands,CYM,Employment and Time Use,0.000,1988
Cayman Islands,CYM,Employment and Time Use,5.109,1989
Cayman Islands,CYM,Employment and Time Use,0.000,1990
Cayman Islands,CYM,Employment and Time Use,12.409,1991
Cayman Islands,CYM,Employment and Time Use,0.000,1992
Cayman Islands,CYM,Employment and Time Use,0.730,1993
Cayman Islands,CYM,Employment and Time Use,0.730,1994
Cayman Islands,CYM,Employment and Time Use,0.730,1995
Cayman Islands,CYM,Employment and Time Use,0.730,1996
Cayman Islands,CYM,Employment and Time Use,0.730,1997
Cayman Islands,CYM,Employment and Time Use,0.730,1998
Cayman Islands,CYM,Employment and Time Use,5.109,1999
Cayman Islands,CYM,Employment and Time Use,0.000,2000
Cayman Islands,CYM,Employment and Time Use,0.730,2001
Cayman Islands,CYM,Employment and Time Use,0.730,2002
Cayman Islands,CYM,Employment and Time Use,0.730,2003
Cayman Islands,CYM,Employment and Time Use,2.190,2004
Cayman Islands,CYM,Employment and Time Use,4.380,2005
Cayman Islands,CYM,Employment and Time Use,14.599,2006
Cayman Islands,CYM,Employment and Time Use,14.599,2007
Cayman Islands,CYM,Employment and Time Use,14.599,2008
Cayman Islands,CYM,Employment and Time Use,7.299,2009
Cayman Islands,CYM,Employment and Time Use,2.190,2010
Cayman Islands,CYM,Employment and Time Use,29.197,2011
Cayman Islands,CYM,Employment and Time Use,29.197,2012
Cayman Islands,CYM,Employment and Time Use,22.628,2013
Cayman Islands,CYM,Employment and Time Use,29.197,2014
Cayman Islands,CYM,Employment and Time Use,31.387,2015
Cayman Islands,CYM,Employment and Time Use,0.000,2016
Cayman Islands,CYM,Employment and Time Use,0.000,2017
Cayman Islands,CYM,Employment and Time Use,0.000,2018
Cayman Islands,CYM,Employment and Time Use,0.000,2019
Cayman Islands,CYM,Employment and Time Use,0.000,2020
Cayman Islands,CYM,Employment and Time Use,0.000,2021
Cayman Islands,CYM,Employment and Time Use,0.000,2022
Cayman Islands,CYM,Employment and Time Use,0.000,2023
Cayman Islands,CYM,Entrepreneurship,0.000,1960
Cayman Islands,CYM,Entrepreneurship,0.000,1961
Cayman Islands,CYM,Entrepreneurship,0.000,1962
Cayman Islands,CYM,Entrepreneurship,0.000,1963
Cayman Islands,CYM,Entrepreneurship,0.000,1964
Cayman Islands,CYM,Entrepreneurship,0.000,1965
Cayman Islands,CYM,Entrepreneurship,0.000,1966
Cayman Islands,CYM,Entrepreneurship,0.000,1967
Cayman Islands,CYM,Entrepreneurship,0.000,1968
Cayman Islands,CYM,Entrepreneurship,0.000,1969
Cayman Islands,CYM,Entrepreneurship,0.000,1970
Cayman Islands,CYM,Entrepreneurship,0.000,1971
Cayman Islands,CYM,Entrepreneurship,0.000,1972
Cayman Islands,CYM,Entrepreneurship,0.000,1973
Cayman Islands,CYM,Entrepreneurship,0.000,1974
Cayman Islands,CYM,Entrepreneurship,0.000,1975
Cayman Islands,CYM,Entrepreneurship,0.000,1976
Cayman Islands,CYM,Entrepreneurship,0.000,1977
Cayman Islands,CYM,Entrepreneurship,0.000,1978
Cayman Islands,CYM,Entrepreneurship,0.000,1979
Cayman Islands,CYM,Entrepreneurship,0.000,1980
Cayman Islands,CYM,Entrepreneurship,0.000,1981
Cayman Islands,CYM,Entrepreneurship,0.000,1982
Cayman Islands,CYM,Entrepreneurship,0.000,1983
Cayman Islands,CYM,Entrepreneurship,0.000,1984
Cayman Islands,CYM,Entrepreneurship,0.000,1985
Cayman Islands,CYM,Entrepreneurship,0.000,1986
Cayman Islands,CYM,Entrepreneurship,0.000,1987
Cayman Islands,CYM,Entrepreneurship,0.000,1988
Cayman Islands,CYM,Entrepreneurship,0.000,1989
Cayman Islands,CYM,Entrepreneurship,0.000,1990
Cayman Islands,CYM,Entrepreneurship,0.000,1991
Cayman Islands,CYM,Entrepreneurship,0.000,1992
Cayman Islands,CYM,Entrepreneurship,0.000,1993
Cayman Islands,CYM,Entrepreneurship,0.000,1994
Cayman Islands,CYM,Entrepreneurship,0.000,1995
Cayman Islands,CYM,Entrepreneurship,0.000,1996
Cayman Islands,CYM,Entrepreneurship,0.000,1997
Cayman Islands,CYM,Entrepreneurship,0.000,1998
Cayman Islands,CYM,Entrepreneurship,0.000,1999
Cayman Islands,CYM,Entrepreneurship,0.000,2000
Cayman Islands,CYM,Entrepreneurship,0.000,2001
Cayman Islands,CYM,Entrepreneurship,0.000,2002
Cayman Islands,CYM,Entrepreneurship,0.000,2003
Cayman Islands,CYM,Entrepreneurship,0.000,2004
Cayman Islands,CYM,Entrepreneurship,0.000,2005
Cayman Islands,CYM,Entrepreneurship,0.000,2006
Cayman Islands,CYM,Entrepreneurship,0.000,2007
Cayman Islands,CYM,Entrepreneurship,0.000,2008
Cayman Islands,CYM,Entrepreneurship,0.000,2009
Cayman Islands,CYM,Entrepreneurship,0.000,2010
Cayman Islands,CYM,Entrepreneurship,0.000,2011
Cayman Islands,CYM,Entrepreneurship,0.000,2012
Cayman Islands,CYM,Entrepreneurship,0.000,2013
Cayman Islands,CYM,Entrepreneurship,0.000,2014
Cayman Islands,CYM,Entrepreneurship,0.000,2015
Cayman Islands,CYM,Entrepreneurship,0.000,2016
Cayman Islands,CYM,Entrepreneurship,0.000,2017
Cayman Islands,CYM,Entrepreneurship,0.000,2018
Cayman Islands,CYM,Entrepreneurship,0.000,2019
Cayman Islands,CYM,Entrepreneurship,0.000,2020
Cayman Islands,CYM,Entrepreneurship,0.000,2021
Cayman Islands,CYM,Entrepreneurship,0.000,2022
Cayman Islands,CYM,Entrepreneurship,0.000,2023
Cayman Islands,CYM,Environment,0.000,1960
Cayman Islands,CYM,Environment,0.000,1961
Cayman Islands,CYM,Environment,0.000,1962
Cayman Islands,CYM,Environment,0.000,1963
Cayman Islands,CYM,Environment,0.000,1964
Cayman Islands,CYM,Environment,0.000,1965
Cayman Islands,CYM,Environment,0.000,1966
Cayman Islands,CYM,Environment,0.000,1967
Cayman Islands,CYM,Environment,0.000,1968
Cayman Islands,CYM,Environment,0.000,1969
Cayman Islands,CYM,Environment,0.000,1970
Cayman Islands,CYM,Environment,0.000,1971
Cayman Islands,CYM,Environment,0.000,1972
Cayman Islands,CYM,Environment,0.000,1973
Cayman Islands,CYM,Environment,0.000,1974
Cayman Islands,CYM,Environment,0.000,1975
Cayman Islands,CYM,Environment,0.000,1976
Cayman Islands,CYM,Environment,0.000,1977
Cayman Islands,CYM,Environment,0.000,1978
Cayman Islands,CYM,Environment,0.000,1979
Cayman Islands,CYM,Environment,0.000,1980
Cayman Islands,CYM,Environment,0.000,1981
Cayman Islands,CYM,Environment,0.000,1982
Cayman Islands,CYM,Environment,0.000,1983
Cayman Islands,CYM,Environment,0.000,1984
Cayman Islands,CYM,Environment,0.000,1985
Cayman Islands,CYM,Environment,0.000,1986
Cayman Islands,CYM,Environment,0.000,1987
Cayman Islands,CYM,Environment,0.000,1988
Cayman Islands,CYM,Environment,0.000,1989
Cayman Islands,CYM,Environment,0.000,1990
Cayman Islands,CYM,Environment,0.000,1991
Cayman Islands,CYM,Environment,0.000,1992
Cayman Islands,CYM,Environment,0.000,1993
Cayman Islands,CYM,Environment,0.000,1994
Cayman Islands,CYM,Environment,0.000,1995
Cayman Islands,CYM,Environment,0.000,1996
Cayman Islands,CYM,Environment,0.000,1997
Cayman Islands,CYM,Environment,0.000,1998
Cayman Islands,CYM,Environment,0.000,1999
Cayman Islands,CYM,Environment,0.000,2000
Cayman Islands,CYM,Environment,6.667,2001
Cayman Islands,CYM,Environment,6.667,2002
Cayman Islands,CYM,Environment,6.667,2003
Cayman Islands,CYM,Environment,6.667,2004
Cayman Islands,CYM,Environment,6.667,2005
Cayman Islands,CYM,Environment,6.667,2006
Cayman Islands,CYM,Environment,6.667,2007
Cayman Islands,CYM,Environment,6.667,2008
Cayman Islands,CYM,Environment,6.667,2009
Cayman Islands,CYM,Environment,6.667,2010
Cayman Islands,CYM,Environment,6.667,2011
Cayman Islands,CYM,Environment,6.667,2012
Cayman Islands,CYM,Environment,6.667,2013
Cayman Islands,CYM,Environment,6.667,2014
Cayman Islands,CYM,Environment,6.667,2015
Cayman Islands,CYM,Environment,6.667,2016
Cayman Islands,CYM,Environment,6.667,2017
Cayman Islands,CYM,Environment,6.667,2018
Cayman Islands,CYM,Environment,6.667,2019
Cayman Islands,CYM,Environment,6.667,2020
Cayman Islands,CYM,Environment,6.667,2021
Cayman Islands,CYM,Environment,6.667,2022
Cayman Islands,CYM,Environment,0.000,2023
Cayman Islands,CYM,Health,1.515,1960
Cayman Islands,CYM,Health,1.515,1961
Cayman Islands,CYM,Health,1.515,1962
Cayman Islands,CYM,Health,1.515,1963
Cayman Islands,CYM,Health,1.515,1964
Cayman Islands,CYM,Health,1.515,1965
Cayman Islands,CYM,Health,1.515,1966
Cayman Islands,CYM,Health,1.515,1967
Cayman Islands,CYM,Health,1.515,1968
Cayman Islands,CYM,Health,1.515,1969
Cayman Islands,CYM,Health,1.515,1970
Cayman Islands,CYM,Health,1.515,1971
Cayman Islands,CYM,Health,1.515,1972
Cayman Islands,CYM,Health,1.515,1973
Cayman Islands,CYM,Health,1.515,1974
Cayman Islands,CYM,Health,1.515,1975
Cayman Islands,CYM,Health,1.515,1976
Cayman Islands,CYM,Health,1.515,1977
Cayman Islands,CYM,Health,1.515,1978
Cayman Islands,CYM,Health,1.515,1979
Cayman Islands,CYM,Health,1.515,1980
Cayman Islands,CYM,Health,1.515,1981
Cayman Islands,CYM,Health,1.515,1982
Cayman Islands,CYM,Health,1.515,1983
Cayman Islands,CYM,Health,1.515,1984
Cayman Islands,CYM,Health,1.515,1985
Cayman Islands,CYM,Health,1.515,1986
Cayman Islands,CYM,Health,1.515,1987
Cayman Islands,CYM,Health,1.515,1988
Cayman Islands,CYM,Health,1.515,1989
Cayman Islands,CYM,Health,1.515,1990
Cayman Islands,CYM,Health,1.515,1991
Cayman Islands,CYM,Health,1.515,1992
Cayman Islands,CYM,Health,1.515,1993
Cayman Islands,CYM,Health,1.515,1994
Cayman Islands,CYM,Health,1.515,1995
Cayman Islands,CYM,Health,1.515,1996
Cayman Islands,CYM,Health,1.515,1997
Cayman Islands,CYM,Health,1.515,1998
Cayman Islands,CYM,Health,1.515,1999
Cayman Islands,CYM,Health,1.515,2000
Cayman Islands,CYM,Health,2.525,2001
Cayman Islands,CYM,Health,2.525,2002
Cayman Islands,CYM,Health,2.525,2003
Cayman Islands,CYM,Health,2.525,2004
Cayman Islands,CYM,Health,3.030,2005
Cayman Islands,CYM,Health,2.525,2006
Cayman Islands,CYM,Health,2.525,2007
Cayman Islands,CYM,Health,2.525,2008
Cayman Islands,CYM,Health,2.525,2009
Cayman Islands,CYM,Health,2.525,2010
Cayman Islands,CYM,Health,2.525,2011
Cayman Islands,CYM,Health,2.525,2012
Cayman Islands,CYM,Health,2.525,2013
Cayman Islands,CYM,Health,2.525,2014
Cayman Islands,CYM,Health,2.525,2015
Cayman Islands,CYM,Health,2.525,2016
Cayman Islands,CYM,Health,2.525,2017
Cayman Islands,CYM,Health,2.525,2018
Cayman Islands,CYM,Health,2.525,2019
Cayman Islands,CYM,Health,2.525,2020
Cayman Islands,CYM,Health,2.525,2021
Cayman Islands,CYM,Health,2.525,2022
Cayman Islands,CYM,Health,0.000,2023
Cayman Islands,CYM,Leadership,0.000,1960
Cayman Islands,CYM,Leadership,0.000,1961
Cayman Islands,CYM,Leadership,0.000,1962
Cayman Islands,CYM,Leadership,0.000,1963
Cayman Islands,CYM,Leadership,0.000,1964
Cayman Islands,CYM,Leadership,0.000,1965
Cayman Islands,CYM,Leadership,0.000,1966
Cayman Islands,CYM,Leadership,0.000,1967
Cayman Islands,CYM,Leadership,0.000,1968
Cayman Islands,CYM,Leadership,0.000,1969
Cayman Islands,CYM,Leadership,0.000,1970
Cayman Islands,CYM,Leadership,0.000,1971
Cayman Islands,CYM,Leadership,0.000,1972
Cayman Islands,CYM,Leadership,0.000,1973
Cayman Islands,CYM,Leadership,0.000,1974
Cayman Islands,CYM,Leadership,0.000,1975
Cayman Islands,CYM,Leadership,0.000,1976
Cayman Islands,CYM,Leadership,0.000,1977
Cayman Islands,CYM,Leadership,0.000,1978
Cayman Islands,CYM,Leadership,0.000,1979
Cayman Islands,CYM,Leadership,0.000,1980
Cayman Islands,CYM,Leadership,0.000,1981
Cayman Islands,CYM,Leadership,0.000,1982
Cayman Islands,CYM,Leadership,0.000,1983
Cayman Islands,CYM,Leadership,0.000,1984
Cayman Islands,CYM,Leadership,0.000,1985
Cayman Islands,CYM,Leadership,0.000,1986
Cayman Islands,CYM,Leadership,0.000,1987
Cayman Islands,CYM,Leadership,0.000,1988
Cayman Islands,CYM,Leadership,0.000,1989
Cayman Islands,CYM,Leadership,0.000,1990
Cayman Islands,CYM,Leadership,0.000,1991
Cayman Islands,CYM,Leadership,0.000,1992
Cayman Islands,CYM,Leadership,0.000,1993
Cayman Islands,CYM,Leadership,0.000,1994
Cayman Islands,CYM,Leadership,0.000,1995
Cayman Islands,CYM,Leadership,0.000,1996
Cayman Islands,CYM,Leadership,0.000,1997
Cayman Islands,CYM,Leadership,0.000,1998
Cayman Islands,CYM,Leadership,0.000,1999
Cayman Islands,CYM,Leadership,0.000,2000
Cayman Islands,CYM,Leadership,0.000,2001
Cayman Islands,CYM,Leadership,0.000,2002
Cayman Islands,CYM,Leadership,0.000,2003
Cayman Islands,CYM,Leadership,0.000,2004
Cayman Islands,CYM,Leadership,0.000,2005
Cayman Islands,CYM,Leadership,0.000,2006
Cayman Islands,CYM,Leadership,0.000,2007
Cayman Islands,CYM,Leadership,0.000,2008
Cayman Islands,CYM,Leadership,0.000,2009
Cayman Islands,CYM,Leadership,0.000,2010
Cayman Islands,CYM,Leadership,0.000,2011
Cayman Islands,CYM,Leadership,0.000,2012
Cayman Islands,CYM,Leadership,0.000,2013
Cayman Islands,CYM,Leadership,0.000,2014
Cayman Islands,CYM,Leadership,0.000,2015
Cayman Islands,CYM,Leadership,0.000,2016
Cayman Islands,CYM,Leadership,0.000,2017
Cayman Islands,CYM,Leadership,0.000,2018
Cayman Islands,CYM,Leadership,0.000,2019
Cayman Islands,CYM,Leadership,0.000,2020
Cayman Islands,CYM,Leadership,0.000,2021
Cayman Islands,CYM,Leadership,0.000,2022
Cayman Islands,CYM,Leadership,0.000,2023
Cayman Islands,CYM,Norms and Decision-making,0.000,1960
Cayman Islands,CYM,Norms and Decision-making,0.000,1961
Cayman Islands,CYM,Norms and Decision-making,0.000,1962
Cayman Islands,CYM,Norms and Decision-making,0.000,1963
Cayman Islands,CYM,Norms and Decision-making,0.000,1964
Cayman Islands,CYM,Norms and Decision-making,0.000,1965
Cayman Islands,CYM,Norms and Decision-making,0.000,1966
Cayman Islands,CYM,Norms and Decision-making,0.000,1967
Cayman Islands,CYM,Norms and Decision-making,0.000,1968
Cayman Islands,CYM,Norms and Decision-making,0.000,1969
Cayman Islands,CYM,Norms and Decision-making,1.481,1970
Cayman Islands,CYM,Norms and Decision-making,0.000,1971
Cayman Islands,CYM,Norms and Decision-making,0.000,1972
Cayman Islands,CYM,Norms and Decision-making,0.000,1973
Cayman Islands,CYM,Norms and Decision-making,0.000,1974
Cayman Islands,CYM,Norms and Decision-making,0.000,1975
Cayman Islands,CYM,Norms and Decision-making,0.000,1976
Cayman Islands,CYM,Norms and Decision-making,0.000,1977
Cayman Islands,CYM,Norms and Decision-making,0.000,1978
Cayman Islands,CYM,Norms and Decision-making,1.481,1979
Cayman Islands,CYM,Norms and Decision-making,0.000,1980
Cayman Islands,CYM,Norms and Decision-making,0.000,1981
Cayman Islands,CYM,Norms and Decision-making,0.000,1982
Cayman Islands,CYM,Norms and Decision-making,0.000,1983
Cayman Islands,CYM,Norms and Decision-making,0.000,1984
Cayman Islands,CYM,Norms and Decision-making,0.000,1985
Cayman Islands,CYM,Norms and Decision-making,0.000,1986
Cayman Islands,CYM,Norms and Decision-making,0.000,1987
Cayman Islands,CYM,Norms and Decision-making,0.000,1988
Cayman Islands,CYM,Norms and Decision-making,1.481,1989
Cayman Islands,CYM,Norms and Decision-making,0.000,1990
Cayman Islands,CYM,Norms and Decision-making,0.000,1991
Cayman Islands,CYM,Norms and Decision-making,0.000,1992
Cayman Islands,CYM,Norms and Decision-making,0.000,1993
Cayman Islands,CYM,Norms and Decision-making,0.000,1994
Cayman Islands,CYM,Norms and Decision-making,0.000,1995
Cayman Islands,CYM,Norms and Decision-making,0.000,1996
Cayman Islands,CYM,Norms and Decision-making,0.000,1997
Cayman Islands,CYM,Norms and Decision-making,0.000,1998
Cayman Islands,CYM,Norms and Decision-making,0.000,1999
Cayman Islands,CYM,Norms and Decision-making,0.000,2000
Cayman Islands,CYM,Norms and Decision-making,0.000,2001
Cayman Islands,CYM,Norms and Decision-making,0.000,2002
Cayman Islands,CYM,Norms and Decision-making,0.000,2003
Cayman Islands,CYM,Norms and Decision-making,0.000,2004
Cayman Islands,CYM,Norms and Decision-making,0.000,2005
Cayman Islands,CYM,Norms and Decision-making,0.000,2006
Cayman Islands,CYM,Norms and Decision-making,0.000,2007
Cayman Islands,CYM,Norms and Decision-making,0.000,2008
Cayman Islands,CYM,Norms and Decision-making,0.000,2009
Cayman Islands,CYM,Norms and Decision-making,1.481,2010
Cayman Islands,CYM,Norms and Decision-making,0.000,2011
Cayman Islands,CYM,Norms and Decision-making,0.000,2012
Cayman Islands,CYM,Norms and Decision-making,0.000,2013
Cayman Islands,CYM,Norms and Decision-making,0.000,2014
Cayman Islands,CYM,Norms and Decision-making,0.000,2015
Cayman Islands,CYM,Norms and Decision-making,0.000,2016
Cayman Islands,CYM,Norms and Decision-making,0.000,2017
Cayman Islands,CYM,Norms and Decision-making,0.000,2018
Cayman Islands,CYM,Norms and Decision-making,0.000,2019
Cayman Islands,CYM,Norms and Decision-making,0.000,2020
Cayman Islands,CYM,Norms and Decision-making,0.000,2021
Cayman Islands,CYM,Norms and Decision-making,0.000,2022
Cayman Islands,CYM,Norms and Decision-making,0.000,2023
Cayman Islands,CYM,Population,80.952,1960
Cayman Islands,CYM,Population,80.952,1961
Cayman Islands,CYM,Population,80.952,1962
Cayman Islands,CYM,Population,80.952,1963
Cayman Islands,CYM,Population,80.952,1964
Cayman Islands,CYM,Population,80.952,1965
Cayman Islands,CYM,Population,80.952,1966
Cayman Islands,CYM,Population,80.952,1967
Cayman Islands,CYM,Population,80.952,1968
Cayman Islands,CYM,Population,80.952,1969
Cayman Islands,CYM,Population,83.333,1970
Cayman Islands,CYM,Population,80.952,1971
Cayman Islands,CYM,Population,80.952,1972
Cayman Islands,CYM,Population,80.952,1973
Cayman Islands,CYM,Population,80.952,1974
Cayman Islands,CYM,Population,80.952,1975
Cayman Islands,CYM,Population,80.952,1976
Cayman Islands,CYM,Population,80.952,1977
Cayman Islands,CYM,Population,80.952,1978
Cayman Islands,CYM,Population,83.333,1979
Cayman Islands,CYM,Population,80.952,1980
Cayman Islands,CYM,Population,80.952,1981
Cayman Islands,CYM,Population,80.952,1982
Cayman Islands,CYM,Population,80.952,1983
Cayman Islands,CYM,Population,80.952,1984
Cayman Islands,CYM,Population,82.143,1985
Cayman Islands,CYM,Population,82.143,1986
Cayman Islands,CYM,Population,82.143,1987
Cayman Islands,CYM,Population,82.143,1988
Cayman Islands,CYM,Population,84.524,1989
Cayman Islands,CYM,Population,83.333,1990
Cayman Islands,CYM,Population,82.143,1991
Cayman Islands,CYM,Population,82.143,1992
Cayman Islands,CYM,Population,82.143,1993
Cayman Islands,CYM,Population,82.143,1994
Cayman Islands,CYM,Population,83.333,1995
Cayman Islands,CYM,Population,82.143,1996
Cayman Islands,CYM,Population,82.143,1997
Cayman Islands,CYM,Population,82.143,1998
Cayman Islands,CYM,Population,82.143,1999
Cayman Islands,CYM,Population,83.333,2000
Cayman Islands,CYM,Population,82.143,2001
Cayman Islands,CYM,Population,82.143,2002
Cayman Islands,CYM,Population,82.143,2003
Cayman Islands,CYM,Population,82.143,2004
Cayman Islands,CYM,Population,83.333,2005
Cayman Islands,CYM,Population,82.143,2006
Cayman Islands,CYM,Population,82.143,2007
Cayman Islands,CYM,Population,82.143,2008
Cayman Islands,CYM,Population,82.143,2009
Cayman Islands,CYM,Population,89.286,2010
Cayman Islands,CYM,Population,82.143,2011
Cayman Islands,CYM,Population,82.143,2012
Cayman Islands,CYM,Population,82.143,2013
Cayman Islands,CYM,Population,82.143,2014
Cayman Islands,CYM,Population,83.333,2015
Cayman Islands,CYM,Population,82.143,2016
Cayman Islands,CYM,Population,82.143,2017
Cayman Islands,CYM,Population,82.143,2018
Cayman Islands,CYM,Population,82.143,2019
Cayman Islands,CYM,Population,83.333,2020
Cayman Islands,CYM,Population,85.714,2021
Cayman Islands,CYM,Population,82.143,2022
Cayman Islands,CYM,Population,77.381,2023
Cayman Islands,CYM,SDGs,0.671,1960
Cayman Islands,CYM,SDGs,0.671,1961
Cayman Islands,CYM,SDGs,0.671,1962
Cayman Islands,CYM,SDGs,0.671,1963
Cayman Islands,CYM,SDGs,0.671,1964
Cayman Islands,CYM,SDGs,0.671,1965
Cayman Islands,CYM,SDGs,0.671,1966
Cayman Islands,CYM,SDGs,0.671,1967
Cayman Islands,CYM,SDGs,0.671,1968
Cayman Islands,CYM,SDGs,0.671,1969
Cayman Islands,CYM,SDGs,0.671,1970
Cayman Islands,CYM,SDGs,0.671,1971
Cayman Islands,CYM,SDGs,0.671,1972
Cayman Islands,CYM,SDGs,0.671,1973
Cayman Islands,CYM,SDGs,0.671,1974
Cayman Islands,CYM,SDGs,0.671,1975
Cayman Islands,CYM,SDGs,0.671,1976
Cayman Islands,CYM,SDGs,0.671,1977
Cayman Islands,CYM,SDGs,0.671,1978
Cayman Islands,CYM,SDGs,0.671,1979
Cayman Islands,CYM,SDGs,0.671,1980
Cayman Islands,CYM,SDGs,0.671,1981
Cayman Islands,CYM,SDGs,0.671,1982
Cayman Islands,CYM,SDGs,0.671,1983
Cayman Islands,CYM,SDGs,0.671,1984
Cayman Islands,CYM,SDGs,0.671,1985
Cayman Islands,CYM,SDGs,0.671,1986
Cayman Islands,CYM,SDGs,0.671,1987
Cayman Islands,CYM,SDGs,0.671,1988
Cayman Islands,CYM,SDGs,0.671,1989
Cayman Islands,CYM,SDGs,0.671,1990
Cayman Islands,CYM,SDGs,4.698,1991
Cayman Islands,CYM,SDGs,0.671,1992
Cayman Islands,CYM,SDGs,1.342,1993
Cayman Islands,CYM,SDGs,1.342,1994
Cayman Islands,CYM,SDGs,1.342,1995
Cayman Islands,CYM,SDGs,1.342,1996
Cayman Islands,CYM,SDGs,1.342,1997
Cayman Islands,CYM,SDGs,1.342,1998
Cayman Islands,CYM,SDGs,0.671,1999
Cayman Islands,CYM,SDGs,0.671,2000
Cayman Islands,CYM,SDGs,2.685,2001
Cayman Islands,CYM,SDGs,2.685,2002
Cayman Islands,CYM,SDGs,2.685,2003
Cayman Islands,CYM,SDGs,4.027,2004
Cayman Islands,CYM,SDGs,4.027,2005
Cayman Islands,CYM,SDGs,6.040,2006
Cayman Islands,CYM,SDGs,6.040,2007
Cayman Islands,CYM,SDGs,6.040,2008
Cayman Islands,CYM,SDGs,4.027,2009
Cayman Islands,CYM,SDGs,2.685,2010
Cayman Islands,CYM,SDGs,6.040,2011
Cayman Islands,CYM,SDGs,6.040,2012
Cayman Islands,CYM,SDGs,6.040,2013
Cayman Islands,CYM,SDGs,6.040,2014
Cayman Islands,CYM,SDGs,6.040,2015
Cayman Islands,CYM,SDGs,2.013,2016
Cayman Islands,CYM,SDGs,2.013,2017
Cayman Islands,CYM,SDGs,2.013,2018
Cayman Islands,CYM,SDGs,2.013,2019
Cayman Islands,CYM,SDGs,2.013,2020
Cayman Islands,CYM,SDGs,2.013,2021
Cayman Islands,CYM,SDGs,2.013,2022
Cayman Islands,CYM,SDGs,0.000,2023
Cayman Islands,CYM,Technology,0.000,1960
Cayman Islands,CYM,Technology,0.000,1961
Cayman Islands,CYM,Technology,0.000,1962
Cayman Islands,CYM,Technology,0.000,1963
Cayman Islands,CYM,Technology,0.000,1964
Cayman Islands,CYM,Technology,0.000,1965
Cayman Islands,CYM,Technology,0.000,1966
Cayman Islands,CYM,Technology,0.000,1967
Cayman Islands,CYM,Technology,0.000,1968
Cayman Islands,CYM,Technology,0.000,1969
Cayman Islands,CYM,Technology,0.000,1970
Cayman Islands,CYM,Technology,0.000,1971
Cayman Islands,CYM,Technology,0.000,1972
Cayman Islands,CYM,Technology,0.000,1973
Cayman Islands,CYM,Technology,0.000,1974
Cayman Islands,CYM,Technology,0.000,1975
Cayman Islands,CYM,Technology,0.000,1976
Cayman Islands,CYM,Technology,0.000,1977
Cayman Islands,CYM,Technology,0.000,1978
Cayman Islands,CYM,Technology,0.000,1979
Cayman Islands,CYM,Technology,0.000,1980
Cayman Islands,CYM,Technology,0.000,1981
Cayman Islands,CYM,Technology,0.000,1982
Cayman Islands,CYM,Technology,0.000,1983
Cayman Islands,CYM,Technology,0.000,1984
Cayman Islands,CYM,Technology,0.000,1985
Cayman Islands,CYM,Technology,0.000,1986
Cayman Islands,CYM,Technology,0.000,1987
Cayman Islands,CYM,Technology,0.000,1988
Cayman Islands,CYM,Technology,0.000,1989
Cayman Islands,CYM,Technology,2.222,1990
Cayman Islands,CYM,Technology,2.222,1991
Cayman Islands,CYM,Technology,2.222,1992
Cayman Islands,CYM,Technology,2.222,1993
Cayman Islands,CYM,Technology,2.222,1994
Cayman Islands,CYM,Technology,2.222,1995
Cayman Islands,CYM,Technology,0.000,1996
Cayman Islands,CYM,Technology,0.000,1997
Cayman Islands,CYM,Technology,0.000,1998
Cayman Islands,CYM,Technology,0.000,1999
Cayman Islands,CYM,Technology,0.000,2000
Cayman Islands,CYM,Technology,0.000,2001
Cayman Islands,CYM,Technology,0.000,2002
Cayman Islands,CYM,Technology,0.000,2003
Cayman Islands,CYM,Technology,0.000,2004
Cayman Islands,CYM,Technology,2.222,2005
Cayman Islands,CYM,Technology,6.667,2006
Cayman Islands,CYM,Technology,6.667,2007
Cayman Islands,CYM,Technology,6.667,2008
Cayman Islands,CYM,Technology,2.222,2009
Cayman Islands,CYM,Technology,2.222,2010
Cayman Islands,CYM,Technology,2.222,2011
Cayman Islands,CYM,Technology,2.222,2012
Cayman Islands,CYM,Technology,2.222,2013
Cayman Islands,CYM,Technology,2.222,2014
Cayman Islands,CYM,Technology,2.222,2015
Cayman Islands,CYM,Technology,2.222,2016
Cayman Islands,CYM,Technology,2.222,2017
Cayman Islands,CYM,Technology,0.000,2018
Cayman Islands,CYM,Technology,0.000,2019
Cayman Islands,CYM,Technology,0.000,2020
Cayman Islands,CYM,Technology,0.000,2021
Cayman Islands,CYM,Technology,0.000,2022
Cayman Islands,CYM,Technology,0.000,2023
Cayman Islands,CYM,Violence,0.000,1960
Cayman Islands,CYM,Violence,0.000,1961
Cayman Islands,CYM,Violence,0.000,1962
Cayman Islands,CYM,Violence,0.000,1963
Cayman Islands,CYM,Violence,0.000,1964
Cayman Islands,CYM,Violence,0.000,1965
Cayman Islands,CYM,Violence,0.000,1966
Cayman Islands,CYM,Violence,0.000,1967
Cayman Islands,CYM,Violence,0.000,1968
Cayman Islands,CYM,Violence,0.000,1969
Cayman Islands,CYM,Violence,0.000,1970
Cayman Islands,CYM,Violence,0.000,1971
Cayman Islands,CYM,Violence,0.000,1972
Cayman Islands,CYM,Violence,0.000,1973
Cayman Islands,CYM,Violence,0.000,1974
Cayman Islands,CYM,Violence,0.000,1975
Cayman Islands,CYM,Violence,0.000,1976
Cayman Islands,CYM,Violence,0.000,1977
Cayman Islands,CYM,Violence,0.000,1978
Cayman Islands,CYM,Violence,0.000,1979
Cayman Islands,CYM,Violence,0.000,1980
Cayman Islands,CYM,Violence,0.000,1981
Cayman Islands,CYM,Violence,0.000,1982
Cayman Islands,CYM,Violence,0.000,1983
Cayman Islands,CYM,Violence,0.000,1984
Cayman Islands,CYM,Violence,0.000,1985
Cayman Islands,CYM,Violence,0.000,1986
Cayman Islands,CYM,Violence,0.000,1987
Cayman Islands,CYM,Violence,0.000,1988
Cayman Islands,CYM,Violence,0.000,1989
Cayman Islands,CYM,Violence,2.143,1990
Cayman Islands,CYM,Violence,2.143,1991
Cayman Islands,CYM,Violence,2.143,1992
Cayman Islands,CYM,Violence,2.143,1993
Cayman Islands,CYM,Violence,2.143,1994
Cayman Islands,CYM,Violence,2.143,1995
Cayman Islands,CYM,Violence,2.143,1996
Cayman Islands,CYM,Violence,2.143,1997
Cayman Islands,CYM,Violence,2.143,1998
Cayman Islands,CYM,Violence,0.714,1999
Cayman Islands,CYM,Violence,2.143,2000
Cayman Islands,CYM,Violence,2.143,2001
Cayman Islands,CYM,Violence,0.714,2002
Cayman Islands,CYM,Violence,2.143,2003
Cayman Islands,CYM,Violence,2.143,2004
Cayman Islands,CYM,Violence,2.143,2005
Cayman Islands,CYM,Violence,2.143,2006
Cayman Islands,CYM,Violence,2.143,2007
Cayman Islands,CYM,Violence,2.143,2008
Cayman Islands,CYM,Violence,2.143,2009
Cayman Islands,CYM,Violence,2.143,2010
Cayman Islands,CYM,Violence,0.000,2011
Cayman Islands,CYM,Violence,0.000,2012
Cayman Islands,CYM,Violence,2.143,2013
Cayman Islands,CYM,Violence,2.143,2014
Cayman Islands,CYM,Violence,0.000,2015
Cayman Islands,CYM,Violence,0.000,2016
Cayman Islands,CYM,Violence,0.714,2017
Cayman Islands,CYM,Violence,0.714,2018
Cayman Islands,CYM,Violence,0.714,2019
Cayman Islands,CYM,Violence,0.714,2020
Cayman Islands,CYM,Violence,0.000,2021
Cayman Islands,CYM,Violence,0.000,2022
Cayman Islands,CYM,Violence,0.000,2023
Cayman Islands,CYM,Youth 15-24,7.339,1960
Cayman Islands,CYM,Youth 15-24,4.587,1961
Cayman Islands,CYM,Youth 15-24,4.587,1962
Cayman Islands,CYM,Youth 15-24,4.587,1963
Cayman Islands,CYM,Youth 15-24,4.587,1964
Cayman Islands,CYM,Youth 15-24,4.587,1965
Cayman Islands,CYM,Youth 15-24,4.587,1966
Cayman Islands,CYM,Youth 15-24,4.587,1967
Cayman Islands,CYM,Youth 15-24,4.587,1968
Cayman Islands,CYM,Youth 15-24,4.587,1969
Cayman Islands,CYM,Youth 15-24,7.339,1970
Cayman Islands,CYM,Youth 15-24,8.257,1971
Cayman Islands,CYM,Youth 15-24,13.761,1972
Cayman Islands,CYM,Youth 15-24,13.761,1973
Cayman Islands,CYM,Youth 15-24,13.761,1974
Cayman Islands,CYM,Youth 15-24,13.761,1975
Cayman Islands,CYM,Youth 15-24,13.761,1976
Cayman Islands,CYM,Youth 15-24,13.761,1977
Cayman Islands,CYM,Youth 15-24,8.257,1978
Cayman Islands,CYM,Youth 15-24,8.257,1979
Cayman Islands,CYM,Youth 15-24,13.761,1980
Cayman Islands,CYM,Youth 15-24,13.761,1981
Cayman Islands,CYM,Youth 15-24,8.257,1982
Cayman Islands,CYM,Youth 15-24,8.257,1983
Cayman Islands,CYM,Youth 15-24,8.257,1984
Cayman Islands,CYM,Youth 15-24,8.257,1985
Cayman Islands,CYM,Youth 15-24,8.257,1986
Cayman Islands,CYM,Youth 15-24,8.257,1987
Cayman Islands,CYM,Youth 15-24,8.257,1988
Cayman Islands,CYM,Youth 15-24,16.514,1989
Cayman Islands,CYM,Youth 15-24,8.257,1990
Cayman Islands,CYM,Youth 15-24,14.679,1991
Cayman Islands,CYM,Youth 15-24,8.257,1992
Cayman Islands,CYM,Youth 15-24,8.257,1993
Cayman Islands,CYM,Youth 15-24,8.257,1994
Cayman Islands,CYM,Youth 15-24,8.257,1995
Cayman Islands,CYM,Youth 15-24,4.587,1996
Cayman Islands,CYM,Youth 15-24,4.587,1997
Cayman Islands,CYM,Youth 15-24,4.587,1998
Cayman Islands,CYM,Youth 15-24,13.761,1999
Cayman Islands,CYM,Youth 15-24,15.596,2000
Cayman Islands,CYM,Youth 15-24,15.596,2001
Cayman Islands,CYM,Youth 15-24,12.844,2002
Cayman Islands,CYM,Youth 15-24,5.505,2003
Cayman Islands,CYM,Youth 15-24,20.183,2004
Cayman Islands,CYM,Youth 15-24,22.936,2005
Cayman Islands,CYM,Youth 15-24,42.202,2006
Cayman Islands,CYM,Youth 15-24,53.211,2007
Cayman Islands,CYM,Youth 15-24,43.119,2008
Cayman Islands,CYM,Youth 15-24,4.587,2009
Cayman Islands,CYM,Youth 15-24,5.505,2010
Cayman Islands,CYM,Youth 15-24,24.771,2011
Cayman Islands,CYM,Youth 15-24,24.771,2012
Cayman Islands,CYM,Youth 15-24,22.018,2013
Cayman Islands,CYM,Youth 15-24,28.440,2014
Cayman Islands,CYM,Youth 15-24,28.440,2015
Cayman Islands,CYM,Youth 15-24,8.257,2016
Cayman Islands,CYM,Youth 15-24,11.927,2017
Cayman Islands,CYM,Youth 15-24,12.844,2018
Cayman Islands,CYM,Youth 15-24,8.257,2019
Cayman Islands,CYM,Youth 15-24,8.257,2020
Cayman Islands,CYM,Youth 15-24,8.257,2021
Cayman Islands,CYM,Youth 15-24,8.257,2022
Cayman Islands,CYM,Youth 15-24,6.422,2023
