Country Name,Country Code,Topic,% of available indicators,Year
Romania,ROU,Assets,0.000,1960
Romania,ROU,Assets,0.000,1961
Romania,ROU,Assets,0.000,1962
Romania,ROU,Assets,0.000,1963
Romania,ROU,Assets,0.000,1964
Romania,ROU,Assets,0.000,1965
Romania,ROU,Assets,0.000,1966
Romania,ROU,Assets,0.000,1967
Romania,ROU,Assets,0.000,1968
Romania,ROU,Assets,0.000,1969
Romania,ROU,Assets,2.208,1970
Romania,ROU,Assets,2.208,1971
Romania,ROU,Assets,2.208,1972
Romania,ROU,Assets,2.208,1973
Romania,ROU,Assets,2.208,1974
Romania,ROU,Assets,2.208,1975
Romania,ROU,Assets,2.208,1976
Romania,ROU,Assets,2.208,1977
Romania,ROU,Assets,2.208,1978
Romania,ROU,Assets,2.208,1979
Romania,ROU,Assets,2.208,1980
Romania,ROU,Assets,2.208,1981
Romania,ROU,Assets,2.208,1982
Romania,ROU,Assets,2.208,1983
Romania,ROU,Assets,2.208,1984
Romania,ROU,Assets,2.208,1985
Romania,ROU,Assets,2.208,1986
Romania,ROU,Assets,2.208,1987
Romania,ROU,Assets,2.208,1988
Romania,ROU,Assets,2.208,1989
Romania,ROU,Assets,2.208,1990
Romania,ROU,Assets,2.208,1991
Romania,ROU,Assets,2.208,1992
Romania,ROU,Assets,2.208,1993
Romania,ROU,Assets,2.208,1994
Romania,ROU,Assets,2.208,1995
Romania,ROU,Assets,2.208,1996
Romania,ROU,Assets,2.208,1997
Romania,ROU,Assets,2.208,1998
Romania,ROU,Assets,2.208,1999
Romania,ROU,Assets,2.208,2000
Romania,ROU,Assets,2.208,2001
Romania,ROU,Assets,2.208,2002
Romania,ROU,Assets,2.208,2003
Romania,ROU,Assets,2.208,2004
Romania,ROU,Assets,2.208,2005
Romania,ROU,Assets,2.208,2006
Romania,ROU,Assets,2.208,2007
Romania,ROU,Assets,2.208,2008
Romania,ROU,Assets,2.208,2009
Romania,ROU,Assets,2.208,2010
Romania,ROU,Assets,11.672,2011
Romania,ROU,Assets,2.208,2012
Romania,ROU,Assets,2.208,2013
Romania,ROU,Assets,31.546,2014
Romania,ROU,Assets,2.208,2015
Romania,ROU,Assets,2.208,2016
Romania,ROU,Assets,34.069,2017
Romania,ROU,Assets,2.208,2018
Romania,ROU,Assets,2.208,2019
Romania,ROU,Assets,2.208,2020
Romania,ROU,Assets,61.199,2021
Romania,ROU,Assets,2.208,2022
Romania,ROU,Assets,2.208,2023
Romania,ROU,Children 0-14,19.231,1960
Romania,ROU,Children 0-14,19.231,1961
Romania,ROU,Children 0-14,19.231,1962
Romania,ROU,Children 0-14,19.231,1963
Romania,ROU,Children 0-14,19.231,1964
Romania,ROU,Children 0-14,19.231,1965
Romania,ROU,Children 0-14,19.231,1966
Romania,ROU,Children 0-14,19.231,1967
Romania,ROU,Children 0-14,19.231,1968
Romania,ROU,Children 0-14,19.231,1969
Romania,ROU,Children 0-14,19.231,1970
Romania,ROU,Children 0-14,25.385,1971
Romania,ROU,Children 0-14,25.385,1972
Romania,ROU,Children 0-14,25.385,1973
Romania,ROU,Children 0-14,25.385,1974
Romania,ROU,Children 0-14,21.538,1975
Romania,ROU,Children 0-14,21.538,1976
Romania,ROU,Children 0-14,22.308,1977
Romania,ROU,Children 0-14,21.538,1978
Romania,ROU,Children 0-14,21.538,1979
Romania,ROU,Children 0-14,21.538,1980
Romania,ROU,Children 0-14,22.308,1981
Romania,ROU,Children 0-14,21.538,1982
Romania,ROU,Children 0-14,22.308,1983
Romania,ROU,Children 0-14,22.308,1984
Romania,ROU,Children 0-14,23.077,1985
Romania,ROU,Children 0-14,23.846,1986
Romania,ROU,Children 0-14,23.846,1987
Romania,ROU,Children 0-14,23.846,1988
Romania,ROU,Children 0-14,26.923,1989
Romania,ROU,Children 0-14,30.000,1990
Romania,ROU,Children 0-14,30.000,1991
Romania,ROU,Children 0-14,29.231,1992
Romania,ROU,Children 0-14,40.000,1993
Romania,ROU,Children 0-14,34.615,1994
Romania,ROU,Children 0-14,36.154,1995
Romania,ROU,Children 0-14,36.923,1996
Romania,ROU,Children 0-14,36.923,1997
Romania,ROU,Children 0-14,33.077,1998
Romania,ROU,Children 0-14,50.000,1999
Romania,ROU,Children 0-14,65.385,2000
Romania,ROU,Children 0-14,57.692,2001
Romania,ROU,Children 0-14,58.462,2002
Romania,ROU,Children 0-14,40.000,2003
Romania,ROU,Children 0-14,36.923,2004
Romania,ROU,Children 0-14,40.000,2005
Romania,ROU,Children 0-14,46.154,2006
Romania,ROU,Children 0-14,42.308,2007
Romania,ROU,Children 0-14,44.615,2008
Romania,ROU,Children 0-14,46.923,2009
Romania,ROU,Children 0-14,60.769,2010
Romania,ROU,Children 0-14,50.769,2011
Romania,ROU,Children 0-14,44.615,2012
Romania,ROU,Children 0-14,32.308,2013
Romania,ROU,Children 0-14,35.385,2014
Romania,ROU,Children 0-14,63.077,2015
Romania,ROU,Children 0-14,49.231,2016
Romania,ROU,Children 0-14,46.923,2017
Romania,ROU,Children 0-14,42.308,2018
Romania,ROU,Children 0-14,53.846,2019
Romania,ROU,Children 0-14,44.615,2020
Romania,ROU,Children 0-14,36.923,2021
Romania,ROU,Children 0-14,35.385,2022
Romania,ROU,Children 0-14,9.231,2023
Romania,ROU,Education,0.000,1960
Romania,ROU,Education,0.000,1961
Romania,ROU,Education,0.000,1962
Romania,ROU,Education,0.000,1963
Romania,ROU,Education,0.000,1964
Romania,ROU,Education,0.000,1965
Romania,ROU,Education,0.000,1966
Romania,ROU,Education,0.000,1967
Romania,ROU,Education,0.000,1968
Romania,ROU,Education,0.000,1969
Romania,ROU,Education,0.000,1970
Romania,ROU,Education,16.564,1971
Romania,ROU,Education,16.564,1972
Romania,ROU,Education,16.564,1973
Romania,ROU,Education,16.564,1974
Romania,ROU,Education,6.135,1975
Romania,ROU,Education,6.135,1976
Romania,ROU,Education,7.362,1977
Romania,ROU,Education,6.135,1978
Romania,ROU,Education,6.135,1979
Romania,ROU,Education,6.135,1980
Romania,ROU,Education,5.521,1981
Romania,ROU,Education,6.135,1982
Romania,ROU,Education,6.135,1983
Romania,ROU,Education,6.135,1984
Romania,ROU,Education,6.135,1985
Romania,ROU,Education,6.748,1986
Romania,ROU,Education,6.748,1987
Romania,ROU,Education,6.748,1988
Romania,ROU,Education,14.724,1989
Romania,ROU,Education,15.951,1990
Romania,ROU,Education,17.791,1991
Romania,ROU,Education,30.061,1992
Romania,ROU,Education,28.221,1993
Romania,ROU,Education,23.926,1994
Romania,ROU,Education,25.767,1995
Romania,ROU,Education,28.221,1996
Romania,ROU,Education,28.834,1997
Romania,ROU,Education,30.675,1998
Romania,ROU,Education,42.945,1999
Romania,ROU,Education,44.785,2000
Romania,ROU,Education,51.534,2001
Romania,ROU,Education,61.350,2002
Romania,ROU,Education,40.491,2003
Romania,ROU,Education,45.399,2004
Romania,ROU,Education,47.853,2005
Romania,ROU,Education,50.920,2006
Romania,ROU,Education,53.374,2007
Romania,ROU,Education,57.055,2008
Romania,ROU,Education,58.896,2009
Romania,ROU,Education,73.620,2010
Romania,ROU,Education,74.233,2011
Romania,ROU,Education,55.215,2012
Romania,ROU,Education,48.466,2013
Romania,ROU,Education,57.669,2014
Romania,ROU,Education,69.325,2015
Romania,ROU,Education,69.325,2016
Romania,ROU,Education,64.417,2017
Romania,ROU,Education,54.601,2018
Romania,ROU,Education,40.491,2019
Romania,ROU,Education,51.534,2020
Romania,ROU,Education,41.104,2021
Romania,ROU,Education,34.969,2022
Romania,ROU,Education,1.840,2023
Romania,ROU,Employment and Time Use,0.000,1960
Romania,ROU,Employment and Time Use,0.000,1961
Romania,ROU,Employment and Time Use,0.000,1962
Romania,ROU,Employment and Time Use,0.000,1963
Romania,ROU,Employment and Time Use,0.000,1964
Romania,ROU,Employment and Time Use,0.000,1965
Romania,ROU,Employment and Time Use,5.109,1966
Romania,ROU,Employment and Time Use,0.000,1967
Romania,ROU,Employment and Time Use,0.000,1968
Romania,ROU,Employment and Time Use,0.000,1969
Romania,ROU,Employment and Time Use,21.168,1970
Romania,ROU,Employment and Time Use,21.168,1971
Romania,ROU,Employment and Time Use,21.168,1972
Romania,ROU,Employment and Time Use,21.168,1973
Romania,ROU,Employment and Time Use,21.168,1974
Romania,ROU,Employment and Time Use,21.168,1975
Romania,ROU,Employment and Time Use,21.168,1976
Romania,ROU,Employment and Time Use,26.277,1977
Romania,ROU,Employment and Time Use,21.168,1978
Romania,ROU,Employment and Time Use,21.168,1979
Romania,ROU,Employment and Time Use,21.168,1980
Romania,ROU,Employment and Time Use,21.168,1981
Romania,ROU,Employment and Time Use,21.168,1982
Romania,ROU,Employment and Time Use,21.168,1983
Romania,ROU,Employment and Time Use,21.168,1984
Romania,ROU,Employment and Time Use,21.168,1985
Romania,ROU,Employment and Time Use,21.168,1986
Romania,ROU,Employment and Time Use,21.168,1987
Romania,ROU,Employment and Time Use,21.168,1988
Romania,ROU,Employment and Time Use,21.168,1989
Romania,ROU,Employment and Time Use,31.387,1990
Romania,ROU,Employment and Time Use,56.204,1991
Romania,ROU,Employment and Time Use,66.423,1992
Romania,ROU,Employment and Time Use,56.204,1993
Romania,ROU,Employment and Time Use,58.394,1994
Romania,ROU,Employment and Time Use,75.182,1995
Romania,ROU,Employment and Time Use,72.993,1996
Romania,ROU,Employment and Time Use,88.321,1997
Romania,ROU,Employment and Time Use,88.321,1998
Romania,ROU,Employment and Time Use,89.781,1999
Romania,ROU,Employment and Time Use,94.161,2000
Romania,ROU,Employment and Time Use,90.511,2001
Romania,ROU,Employment and Time Use,90.511,2002
Romania,ROU,Employment and Time Use,90.511,2003
Romania,ROU,Employment and Time Use,90.511,2004
Romania,ROU,Employment and Time Use,90.511,2005
Romania,ROU,Employment and Time Use,90.511,2006
Romania,ROU,Employment and Time Use,90.511,2007
Romania,ROU,Employment and Time Use,90.511,2008
Romania,ROU,Employment and Time Use,90.511,2009
Romania,ROU,Employment and Time Use,90.511,2010
Romania,ROU,Employment and Time Use,90.511,2011
Romania,ROU,Employment and Time Use,91.971,2012
Romania,ROU,Employment and Time Use,90.511,2013
Romania,ROU,Employment and Time Use,90.511,2014
Romania,ROU,Employment and Time Use,90.511,2015
Romania,ROU,Employment and Time Use,90.511,2016
Romania,ROU,Employment and Time Use,90.511,2017
Romania,ROU,Employment and Time Use,90.511,2018
Romania,ROU,Employment and Time Use,90.511,2019
Romania,ROU,Employment and Time Use,90.511,2020
Romania,ROU,Employment and Time Use,90.511,2021
Romania,ROU,Employment and Time Use,90.511,2022
Romania,ROU,Employment and Time Use,94.891,2023
Romania,ROU,Entrepreneurship,0.000,1960
Romania,ROU,Entrepreneurship,0.000,1961
Romania,ROU,Entrepreneurship,0.000,1962
Romania,ROU,Entrepreneurship,0.000,1963
Romania,ROU,Entrepreneurship,0.000,1964
Romania,ROU,Entrepreneurship,0.000,1965
Romania,ROU,Entrepreneurship,0.000,1966
Romania,ROU,Entrepreneurship,0.000,1967
Romania,ROU,Entrepreneurship,0.000,1968
Romania,ROU,Entrepreneurship,0.000,1969
Romania,ROU,Entrepreneurship,9.375,1970
Romania,ROU,Entrepreneurship,9.375,1971
Romania,ROU,Entrepreneurship,9.375,1972
Romania,ROU,Entrepreneurship,9.375,1973
Romania,ROU,Entrepreneurship,9.375,1974
Romania,ROU,Entrepreneurship,9.375,1975
Romania,ROU,Entrepreneurship,9.375,1976
Romania,ROU,Entrepreneurship,9.375,1977
Romania,ROU,Entrepreneurship,9.375,1978
Romania,ROU,Entrepreneurship,9.375,1979
Romania,ROU,Entrepreneurship,9.375,1980
Romania,ROU,Entrepreneurship,9.375,1981
Romania,ROU,Entrepreneurship,9.375,1982
Romania,ROU,Entrepreneurship,9.375,1983
Romania,ROU,Entrepreneurship,9.375,1984
Romania,ROU,Entrepreneurship,9.375,1985
Romania,ROU,Entrepreneurship,9.375,1986
Romania,ROU,Entrepreneurship,9.375,1987
Romania,ROU,Entrepreneurship,9.375,1988
Romania,ROU,Entrepreneurship,9.375,1989
Romania,ROU,Entrepreneurship,9.375,1990
Romania,ROU,Entrepreneurship,9.375,1991
Romania,ROU,Entrepreneurship,9.375,1992
Romania,ROU,Entrepreneurship,9.375,1993
Romania,ROU,Entrepreneurship,9.375,1994
Romania,ROU,Entrepreneurship,9.375,1995
Romania,ROU,Entrepreneurship,9.375,1996
Romania,ROU,Entrepreneurship,9.375,1997
Romania,ROU,Entrepreneurship,9.375,1998
Romania,ROU,Entrepreneurship,9.375,1999
Romania,ROU,Entrepreneurship,9.375,2000
Romania,ROU,Entrepreneurship,9.375,2001
Romania,ROU,Entrepreneurship,9.375,2002
Romania,ROU,Entrepreneurship,37.500,2003
Romania,ROU,Entrepreneurship,37.500,2004
Romania,ROU,Entrepreneurship,40.625,2005
Romania,ROU,Entrepreneurship,37.500,2006
Romania,ROU,Entrepreneurship,37.500,2007
Romania,ROU,Entrepreneurship,37.500,2008
Romania,ROU,Entrepreneurship,43.750,2009
Romania,ROU,Entrepreneurship,37.500,2010
Romania,ROU,Entrepreneurship,37.500,2011
Romania,ROU,Entrepreneurship,37.500,2012
Romania,ROU,Entrepreneurship,43.750,2013
Romania,ROU,Entrepreneurship,93.750,2014
Romania,ROU,Entrepreneurship,75.000,2015
Romania,ROU,Entrepreneurship,75.000,2016
Romania,ROU,Entrepreneurship,93.750,2017
Romania,ROU,Entrepreneurship,75.000,2018
Romania,ROU,Entrepreneurship,81.250,2019
Romania,ROU,Entrepreneurship,46.875,2020
Romania,ROU,Entrepreneurship,46.875,2021
Romania,ROU,Entrepreneurship,46.875,2022
Romania,ROU,Entrepreneurship,15.625,2023
Romania,ROU,Environment,0.000,1960
Romania,ROU,Environment,0.000,1961
Romania,ROU,Environment,0.000,1962
Romania,ROU,Environment,0.000,1963
Romania,ROU,Environment,0.000,1964
Romania,ROU,Environment,0.000,1965
Romania,ROU,Environment,0.000,1966
Romania,ROU,Environment,0.000,1967
Romania,ROU,Environment,0.000,1968
Romania,ROU,Environment,0.000,1969
Romania,ROU,Environment,0.000,1970
Romania,ROU,Environment,0.000,1971
Romania,ROU,Environment,0.000,1972
Romania,ROU,Environment,0.000,1973
Romania,ROU,Environment,0.000,1974
Romania,ROU,Environment,0.000,1975
Romania,ROU,Environment,0.000,1976
Romania,ROU,Environment,0.000,1977
Romania,ROU,Environment,0.000,1978
Romania,ROU,Environment,0.000,1979
Romania,ROU,Environment,0.000,1980
Romania,ROU,Environment,0.000,1981
Romania,ROU,Environment,0.000,1982
Romania,ROU,Environment,0.000,1983
Romania,ROU,Environment,0.000,1984
Romania,ROU,Environment,0.000,1985
Romania,ROU,Environment,0.000,1986
Romania,ROU,Environment,0.000,1987
Romania,ROU,Environment,0.000,1988
Romania,ROU,Environment,0.000,1989
Romania,ROU,Environment,0.000,1990
Romania,ROU,Environment,0.000,1991
Romania,ROU,Environment,0.000,1992
Romania,ROU,Environment,0.000,1993
Romania,ROU,Environment,0.000,1994
Romania,ROU,Environment,0.000,1995
Romania,ROU,Environment,0.000,1996
Romania,ROU,Environment,0.000,1997
Romania,ROU,Environment,0.000,1998
Romania,ROU,Environment,3.333,1999
Romania,ROU,Environment,3.333,2000
Romania,ROU,Environment,13.333,2001
Romania,ROU,Environment,13.333,2002
Romania,ROU,Environment,10.000,2003
Romania,ROU,Environment,13.333,2004
Romania,ROU,Environment,13.333,2005
Romania,ROU,Environment,13.333,2006
Romania,ROU,Environment,13.333,2007
Romania,ROU,Environment,13.333,2008
Romania,ROU,Environment,13.333,2009
Romania,ROU,Environment,13.333,2010
Romania,ROU,Environment,13.333,2011
Romania,ROU,Environment,13.333,2012
Romania,ROU,Environment,13.333,2013
Romania,ROU,Environment,23.333,2014
Romania,ROU,Environment,13.333,2015
Romania,ROU,Environment,13.333,2016
Romania,ROU,Environment,20.000,2017
Romania,ROU,Environment,10.000,2018
Romania,ROU,Environment,30.000,2019
Romania,ROU,Environment,10.000,2020
Romania,ROU,Environment,20.000,2021
Romania,ROU,Environment,10.000,2022
Romania,ROU,Environment,0.000,2023
Romania,ROU,Health,8.586,1960
Romania,ROU,Health,8.586,1961
Romania,ROU,Health,8.586,1962
Romania,ROU,Health,8.586,1963
Romania,ROU,Health,8.586,1964
Romania,ROU,Health,8.586,1965
Romania,ROU,Health,8.586,1966
Romania,ROU,Health,8.586,1967
Romania,ROU,Health,8.586,1968
Romania,ROU,Health,8.586,1969
Romania,ROU,Health,8.586,1970
Romania,ROU,Health,8.586,1971
Romania,ROU,Health,8.586,1972
Romania,ROU,Health,8.586,1973
Romania,ROU,Health,8.586,1974
Romania,ROU,Health,11.111,1975
Romania,ROU,Health,11.111,1976
Romania,ROU,Health,11.111,1977
Romania,ROU,Health,11.111,1978
Romania,ROU,Health,11.111,1979
Romania,ROU,Health,11.111,1980
Romania,ROU,Health,11.111,1981
Romania,ROU,Health,11.111,1982
Romania,ROU,Health,11.616,1983
Romania,ROU,Health,11.616,1984
Romania,ROU,Health,12.626,1985
Romania,ROU,Health,12.626,1986
Romania,ROU,Health,12.626,1987
Romania,ROU,Health,12.626,1988
Romania,ROU,Health,13.131,1989
Romania,ROU,Health,17.677,1990
Romania,ROU,Health,19.697,1991
Romania,ROU,Health,17.677,1992
Romania,ROU,Health,19.192,1993
Romania,ROU,Health,17.677,1994
Romania,ROU,Health,17.677,1995
Romania,ROU,Health,17.677,1996
Romania,ROU,Health,17.677,1997
Romania,ROU,Health,17.677,1998
Romania,ROU,Health,27.273,1999
Romania,ROU,Health,63.131,2000
Romania,ROU,Health,39.899,2001
Romania,ROU,Health,39.899,2002
Romania,ROU,Health,32.323,2003
Romania,ROU,Health,35.859,2004
Romania,ROU,Health,35.354,2005
Romania,ROU,Health,32.828,2006
Romania,ROU,Health,32.828,2007
Romania,ROU,Health,32.828,2008
Romania,ROU,Health,32.828,2009
Romania,ROU,Health,60.101,2010
Romania,ROU,Health,32.828,2011
Romania,ROU,Health,32.828,2012
Romania,ROU,Health,32.828,2013
Romania,ROU,Health,34.848,2014
Romania,ROU,Health,57.071,2015
Romania,ROU,Health,32.828,2016
Romania,ROU,Health,34.343,2017
Romania,ROU,Health,34.343,2018
Romania,ROU,Health,57.071,2019
Romania,ROU,Health,26.768,2020
Romania,ROU,Health,19.192,2021
Romania,ROU,Health,16.667,2022
Romania,ROU,Health,1.010,2023
Romania,ROU,Leadership,0.000,1960
Romania,ROU,Leadership,0.000,1961
Romania,ROU,Leadership,0.000,1962
Romania,ROU,Leadership,0.000,1963
Romania,ROU,Leadership,0.000,1964
Romania,ROU,Leadership,0.000,1965
Romania,ROU,Leadership,0.000,1966
Romania,ROU,Leadership,0.000,1967
Romania,ROU,Leadership,0.000,1968
Romania,ROU,Leadership,0.000,1969
Romania,ROU,Leadership,0.000,1970
Romania,ROU,Leadership,0.000,1971
Romania,ROU,Leadership,0.000,1972
Romania,ROU,Leadership,0.000,1973
Romania,ROU,Leadership,0.000,1974
Romania,ROU,Leadership,0.000,1975
Romania,ROU,Leadership,0.000,1976
Romania,ROU,Leadership,0.000,1977
Romania,ROU,Leadership,0.000,1978
Romania,ROU,Leadership,0.000,1979
Romania,ROU,Leadership,0.000,1980
Romania,ROU,Leadership,0.000,1981
Romania,ROU,Leadership,0.000,1982
Romania,ROU,Leadership,0.000,1983
Romania,ROU,Leadership,0.000,1984
Romania,ROU,Leadership,0.000,1985
Romania,ROU,Leadership,0.000,1986
Romania,ROU,Leadership,0.000,1987
Romania,ROU,Leadership,0.000,1988
Romania,ROU,Leadership,0.000,1989
Romania,ROU,Leadership,0.000,1990
Romania,ROU,Leadership,0.000,1991
Romania,ROU,Leadership,0.000,1992
Romania,ROU,Leadership,0.000,1993
Romania,ROU,Leadership,0.000,1994
Romania,ROU,Leadership,0.000,1995
Romania,ROU,Leadership,0.000,1996
Romania,ROU,Leadership,25.000,1997
Romania,ROU,Leadership,25.000,1998
Romania,ROU,Leadership,25.000,1999
Romania,ROU,Leadership,25.000,2000
Romania,ROU,Leadership,50.000,2001
Romania,ROU,Leadership,50.000,2002
Romania,ROU,Leadership,50.000,2003
Romania,ROU,Leadership,50.000,2004
Romania,ROU,Leadership,75.000,2005
Romania,ROU,Leadership,50.000,2006
Romania,ROU,Leadership,50.000,2007
Romania,ROU,Leadership,75.000,2008
Romania,ROU,Leadership,75.000,2009
Romania,ROU,Leadership,75.000,2010
Romania,ROU,Leadership,50.000,2011
Romania,ROU,Leadership,75.000,2012
Romania,ROU,Leadership,75.000,2013
Romania,ROU,Leadership,75.000,2014
Romania,ROU,Leadership,75.000,2015
Romania,ROU,Leadership,75.000,2016
Romania,ROU,Leadership,50.000,2017
Romania,ROU,Leadership,75.000,2018
Romania,ROU,Leadership,100.000,2019
Romania,ROU,Leadership,75.000,2020
Romania,ROU,Leadership,50.000,2021
Romania,ROU,Leadership,75.000,2022
Romania,ROU,Leadership,75.000,2023
Romania,ROU,Norms and Decision-making,0.000,1960
Romania,ROU,Norms and Decision-making,0.000,1961
Romania,ROU,Norms and Decision-making,0.000,1962
Romania,ROU,Norms and Decision-making,0.000,1963
Romania,ROU,Norms and Decision-making,0.000,1964
Romania,ROU,Norms and Decision-making,0.000,1965
Romania,ROU,Norms and Decision-making,0.000,1966
Romania,ROU,Norms and Decision-making,0.000,1967
Romania,ROU,Norms and Decision-making,0.000,1968
Romania,ROU,Norms and Decision-making,0.000,1969
Romania,ROU,Norms and Decision-making,12.593,1970
Romania,ROU,Norms and Decision-making,12.593,1971
Romania,ROU,Norms and Decision-making,12.593,1972
Romania,ROU,Norms and Decision-making,12.593,1973
Romania,ROU,Norms and Decision-making,12.593,1974
Romania,ROU,Norms and Decision-making,12.593,1975
Romania,ROU,Norms and Decision-making,12.593,1976
Romania,ROU,Norms and Decision-making,14.074,1977
Romania,ROU,Norms and Decision-making,12.593,1978
Romania,ROU,Norms and Decision-making,12.593,1979
Romania,ROU,Norms and Decision-making,12.593,1980
Romania,ROU,Norms and Decision-making,12.593,1981
Romania,ROU,Norms and Decision-making,12.593,1982
Romania,ROU,Norms and Decision-making,12.593,1983
Romania,ROU,Norms and Decision-making,12.593,1984
Romania,ROU,Norms and Decision-making,12.593,1985
Romania,ROU,Norms and Decision-making,12.593,1986
Romania,ROU,Norms and Decision-making,12.593,1987
Romania,ROU,Norms and Decision-making,12.593,1988
Romania,ROU,Norms and Decision-making,12.593,1989
Romania,ROU,Norms and Decision-making,12.593,1990
Romania,ROU,Norms and Decision-making,14.074,1991
Romania,ROU,Norms and Decision-making,14.074,1992
Romania,ROU,Norms and Decision-making,14.074,1993
Romania,ROU,Norms and Decision-making,14.074,1994
Romania,ROU,Norms and Decision-making,14.074,1995
Romania,ROU,Norms and Decision-making,12.593,1996
Romania,ROU,Norms and Decision-making,14.074,1997
Romania,ROU,Norms and Decision-making,14.074,1998
Romania,ROU,Norms and Decision-making,13.333,1999
Romania,ROU,Norms and Decision-making,12.593,2000
Romania,ROU,Norms and Decision-making,12.593,2001
Romania,ROU,Norms and Decision-making,14.074,2002
Romania,ROU,Norms and Decision-making,14.074,2003
Romania,ROU,Norms and Decision-making,15.556,2004
Romania,ROU,Norms and Decision-making,14.074,2005
Romania,ROU,Norms and Decision-making,14.074,2006
Romania,ROU,Norms and Decision-making,14.074,2007
Romania,ROU,Norms and Decision-making,14.074,2008
Romania,ROU,Norms and Decision-making,14.074,2009
Romania,ROU,Norms and Decision-making,14.074,2010
Romania,ROU,Norms and Decision-making,14.074,2011
Romania,ROU,Norms and Decision-making,12.593,2012
Romania,ROU,Norms and Decision-making,12.593,2013
Romania,ROU,Norms and Decision-making,12.593,2014
Romania,ROU,Norms and Decision-making,12.593,2015
Romania,ROU,Norms and Decision-making,12.593,2016
Romania,ROU,Norms and Decision-making,12.593,2017
Romania,ROU,Norms and Decision-making,12.593,2018
Romania,ROU,Norms and Decision-making,12.593,2019
Romania,ROU,Norms and Decision-making,12.593,2020
Romania,ROU,Norms and Decision-making,14.074,2021
Romania,ROU,Norms and Decision-making,12.593,2022
Romania,ROU,Norms and Decision-making,12.593,2023
Romania,ROU,Population,86.905,1960
Romania,ROU,Population,86.905,1961
Romania,ROU,Population,86.905,1962
Romania,ROU,Population,86.905,1963
Romania,ROU,Population,86.905,1964
Romania,ROU,Population,86.905,1965
Romania,ROU,Population,86.905,1966
Romania,ROU,Population,86.905,1967
Romania,ROU,Population,86.905,1968
Romania,ROU,Population,86.905,1969
Romania,ROU,Population,86.905,1970
Romania,ROU,Population,86.905,1971
Romania,ROU,Population,86.905,1972
Romania,ROU,Population,86.905,1973
Romania,ROU,Population,86.905,1974
Romania,ROU,Population,86.905,1975
Romania,ROU,Population,86.905,1976
Romania,ROU,Population,89.286,1977
Romania,ROU,Population,86.905,1978
Romania,ROU,Population,86.905,1979
Romania,ROU,Population,91.667,1980
Romania,ROU,Population,86.905,1981
Romania,ROU,Population,86.905,1982
Romania,ROU,Population,86.905,1983
Romania,ROU,Population,86.905,1984
Romania,ROU,Population,91.667,1985
Romania,ROU,Population,86.905,1986
Romania,ROU,Population,86.905,1987
Romania,ROU,Population,86.905,1988
Romania,ROU,Population,86.905,1989
Romania,ROU,Population,92.857,1990
Romania,ROU,Population,89.286,1991
Romania,ROU,Population,89.286,1992
Romania,ROU,Population,89.286,1993
Romania,ROU,Population,89.286,1994
Romania,ROU,Population,95.238,1995
Romania,ROU,Population,86.905,1996
Romania,ROU,Population,89.286,1997
Romania,ROU,Population,89.286,1998
Romania,ROU,Population,88.095,1999
Romania,ROU,Population,92.857,2000
Romania,ROU,Population,86.905,2001
Romania,ROU,Population,89.286,2002
Romania,ROU,Population,89.286,2003
Romania,ROU,Population,89.286,2004
Romania,ROU,Population,95.238,2005
Romania,ROU,Population,89.286,2006
Romania,ROU,Population,89.286,2007
Romania,ROU,Population,89.286,2008
Romania,ROU,Population,89.286,2009
Romania,ROU,Population,95.238,2010
Romania,ROU,Population,89.286,2011
Romania,ROU,Population,86.905,2012
Romania,ROU,Population,86.905,2013
Romania,ROU,Population,86.905,2014
Romania,ROU,Population,92.857,2015
Romania,ROU,Population,86.905,2016
Romania,ROU,Population,86.905,2017
Romania,ROU,Population,86.905,2018
Romania,ROU,Population,86.905,2019
Romania,ROU,Population,91.667,2020
Romania,ROU,Population,86.905,2021
Romania,ROU,Population,86.905,2022
Romania,ROU,Population,77.381,2023
Romania,ROU,SDGs,2.685,1960
Romania,ROU,SDGs,2.685,1961
Romania,ROU,SDGs,2.685,1962
Romania,ROU,SDGs,2.685,1963
Romania,ROU,SDGs,2.685,1964
Romania,ROU,SDGs,2.685,1965
Romania,ROU,SDGs,2.685,1966
Romania,ROU,SDGs,2.685,1967
Romania,ROU,SDGs,2.685,1968
Romania,ROU,SDGs,2.685,1969
Romania,ROU,SDGs,11.409,1970
Romania,ROU,SDGs,11.409,1971
Romania,ROU,SDGs,11.409,1972
Romania,ROU,SDGs,11.409,1973
Romania,ROU,SDGs,11.409,1974
Romania,ROU,SDGs,11.409,1975
Romania,ROU,SDGs,11.409,1976
Romania,ROU,SDGs,11.409,1977
Romania,ROU,SDGs,11.409,1978
Romania,ROU,SDGs,11.409,1979
Romania,ROU,SDGs,11.409,1980
Romania,ROU,SDGs,11.409,1981
Romania,ROU,SDGs,11.409,1982
Romania,ROU,SDGs,11.409,1983
Romania,ROU,SDGs,11.409,1984
Romania,ROU,SDGs,12.752,1985
Romania,ROU,SDGs,12.752,1986
Romania,ROU,SDGs,12.752,1987
Romania,ROU,SDGs,12.752,1988
Romania,ROU,SDGs,13.423,1989
Romania,ROU,SDGs,17.450,1990
Romania,ROU,SDGs,21.477,1991
Romania,ROU,SDGs,25.503,1992
Romania,ROU,SDGs,21.477,1993
Romania,ROU,SDGs,23.490,1994
Romania,ROU,SDGs,25.503,1995
Romania,ROU,SDGs,25.503,1996
Romania,ROU,SDGs,26.174,1997
Romania,ROU,SDGs,26.174,1998
Romania,ROU,SDGs,26.174,1999
Romania,ROU,SDGs,69.799,2000
Romania,ROU,SDGs,40.940,2001
Romania,ROU,SDGs,38.926,2002
Romania,ROU,SDGs,38.926,2003
Romania,ROU,SDGs,38.926,2004
Romania,ROU,SDGs,40.940,2005
Romania,ROU,SDGs,40.940,2006
Romania,ROU,SDGs,38.926,2007
Romania,ROU,SDGs,38.926,2008
Romania,ROU,SDGs,38.926,2009
Romania,ROU,SDGs,71.141,2010
Romania,ROU,SDGs,42.953,2011
Romania,ROU,SDGs,40.940,2012
Romania,ROU,SDGs,38.926,2013
Romania,ROU,SDGs,40.940,2014
Romania,ROU,SDGs,71.141,2015
Romania,ROU,SDGs,38.926,2016
Romania,ROU,SDGs,40.268,2017
Romania,ROU,SDGs,41.611,2018
Romania,ROU,SDGs,74.497,2019
Romania,ROU,SDGs,32.215,2020
Romania,ROU,SDGs,30.201,2021
Romania,ROU,SDGs,26.846,2022
Romania,ROU,SDGs,18.121,2023
Romania,ROU,Technology,0.000,1960
Romania,ROU,Technology,0.000,1961
Romania,ROU,Technology,0.000,1962
Romania,ROU,Technology,0.000,1963
Romania,ROU,Technology,0.000,1964
Romania,ROU,Technology,0.000,1965
Romania,ROU,Technology,0.000,1966
Romania,ROU,Technology,0.000,1967
Romania,ROU,Technology,0.000,1968
Romania,ROU,Technology,0.000,1969
Romania,ROU,Technology,0.000,1970
Romania,ROU,Technology,0.000,1971
Romania,ROU,Technology,0.000,1972
Romania,ROU,Technology,0.000,1973
Romania,ROU,Technology,0.000,1974
Romania,ROU,Technology,0.000,1975
Romania,ROU,Technology,0.000,1976
Romania,ROU,Technology,0.000,1977
Romania,ROU,Technology,0.000,1978
Romania,ROU,Technology,0.000,1979
Romania,ROU,Technology,0.000,1980
Romania,ROU,Technology,0.000,1981
Romania,ROU,Technology,0.000,1982
Romania,ROU,Technology,0.000,1983
Romania,ROU,Technology,0.000,1984
Romania,ROU,Technology,0.000,1985
Romania,ROU,Technology,0.000,1986
Romania,ROU,Technology,0.000,1987
Romania,ROU,Technology,0.000,1988
Romania,ROU,Technology,0.000,1989
Romania,ROU,Technology,2.222,1990
Romania,ROU,Technology,2.222,1991
Romania,ROU,Technology,2.222,1992
Romania,ROU,Technology,2.222,1993
Romania,ROU,Technology,2.222,1994
Romania,ROU,Technology,2.222,1995
Romania,ROU,Technology,2.222,1996
Romania,ROU,Technology,2.222,1997
Romania,ROU,Technology,2.222,1998
Romania,ROU,Technology,6.667,1999
Romania,ROU,Technology,6.667,2000
Romania,ROU,Technology,6.667,2001
Romania,ROU,Technology,4.444,2002
Romania,ROU,Technology,2.222,2003
Romania,ROU,Technology,6.667,2004
Romania,ROU,Technology,6.667,2005
Romania,ROU,Technology,11.111,2006
Romania,ROU,Technology,11.111,2007
Romania,ROU,Technology,13.333,2008
Romania,ROU,Technology,13.333,2009
Romania,ROU,Technology,13.333,2010
Romania,ROU,Technology,20.000,2011
Romania,ROU,Technology,8.889,2012
Romania,ROU,Technology,13.333,2013
Romania,ROU,Technology,46.667,2014
Romania,ROU,Technology,13.333,2015
Romania,ROU,Technology,13.333,2016
Romania,ROU,Technology,60.000,2017
Romania,ROU,Technology,6.667,2018
Romania,ROU,Technology,6.667,2019
Romania,ROU,Technology,6.667,2020
Romania,ROU,Technology,73.333,2021
Romania,ROU,Technology,6.667,2022
Romania,ROU,Technology,6.667,2023
Romania,ROU,Violence,0.000,1960
Romania,ROU,Violence,0.000,1961
Romania,ROU,Violence,0.000,1962
Romania,ROU,Violence,0.000,1963
Romania,ROU,Violence,0.000,1964
Romania,ROU,Violence,0.000,1965
Romania,ROU,Violence,0.000,1966
Romania,ROU,Violence,0.000,1967
Romania,ROU,Violence,0.000,1968
Romania,ROU,Violence,0.000,1969
Romania,ROU,Violence,2.143,1970
Romania,ROU,Violence,2.143,1971
Romania,ROU,Violence,2.143,1972
Romania,ROU,Violence,2.143,1973
Romania,ROU,Violence,2.143,1974
Romania,ROU,Violence,2.143,1975
Romania,ROU,Violence,2.143,1976
Romania,ROU,Violence,2.143,1977
Romania,ROU,Violence,2.143,1978
Romania,ROU,Violence,2.143,1979
Romania,ROU,Violence,2.143,1980
Romania,ROU,Violence,2.143,1981
Romania,ROU,Violence,2.143,1982
Romania,ROU,Violence,2.143,1983
Romania,ROU,Violence,2.143,1984
Romania,ROU,Violence,2.143,1985
Romania,ROU,Violence,2.143,1986
Romania,ROU,Violence,2.143,1987
Romania,ROU,Violence,2.143,1988
Romania,ROU,Violence,2.143,1989
Romania,ROU,Violence,4.286,1990
Romania,ROU,Violence,4.286,1991
Romania,ROU,Violence,4.286,1992
Romania,ROU,Violence,4.286,1993
Romania,ROU,Violence,4.286,1994
Romania,ROU,Violence,4.286,1995
Romania,ROU,Violence,4.286,1996
Romania,ROU,Violence,4.286,1997
Romania,ROU,Violence,4.286,1998
Romania,ROU,Violence,4.286,1999
Romania,ROU,Violence,6.429,2000
Romania,ROU,Violence,6.429,2001
Romania,ROU,Violence,6.429,2002
Romania,ROU,Violence,6.429,2003
Romania,ROU,Violence,6.429,2004
Romania,ROU,Violence,6.429,2005
Romania,ROU,Violence,6.429,2006
Romania,ROU,Violence,6.429,2007
Romania,ROU,Violence,6.429,2008
Romania,ROU,Violence,6.429,2009
Romania,ROU,Violence,6.429,2010
Romania,ROU,Violence,6.429,2011
Romania,ROU,Violence,7.143,2012
Romania,ROU,Violence,6.429,2013
Romania,ROU,Violence,6.429,2014
Romania,ROU,Violence,6.429,2015
Romania,ROU,Violence,6.429,2016
Romania,ROU,Violence,6.429,2017
Romania,ROU,Violence,9.286,2018
Romania,ROU,Violence,6.429,2019
Romania,ROU,Violence,4.286,2020
Romania,ROU,Violence,5.714,2021
Romania,ROU,Violence,2.143,2022
Romania,ROU,Violence,2.143,2023
Romania,ROU,Youth 15-24,4.587,1960
Romania,ROU,Youth 15-24,4.587,1961
Romania,ROU,Youth 15-24,4.587,1962
Romania,ROU,Youth 15-24,4.587,1963
Romania,ROU,Youth 15-24,4.587,1964
Romania,ROU,Youth 15-24,4.587,1965
Romania,ROU,Youth 15-24,7.339,1966
Romania,ROU,Youth 15-24,4.587,1967
Romania,ROU,Youth 15-24,4.587,1968
Romania,ROU,Youth 15-24,4.587,1969
Romania,ROU,Youth 15-24,4.587,1970
Romania,ROU,Youth 15-24,18.349,1971
Romania,ROU,Youth 15-24,18.349,1972
Romania,ROU,Youth 15-24,18.349,1973
Romania,ROU,Youth 15-24,18.349,1974
Romania,ROU,Youth 15-24,10.092,1975
Romania,ROU,Youth 15-24,10.092,1976
Romania,ROU,Youth 15-24,13.761,1977
Romania,ROU,Youth 15-24,10.092,1978
Romania,ROU,Youth 15-24,10.092,1979
Romania,ROU,Youth 15-24,10.092,1980
Romania,ROU,Youth 15-24,8.257,1981
Romania,ROU,Youth 15-24,10.092,1982
Romania,ROU,Youth 15-24,10.092,1983
Romania,ROU,Youth 15-24,10.092,1984
Romania,ROU,Youth 15-24,10.092,1985
Romania,ROU,Youth 15-24,10.092,1986
Romania,ROU,Youth 15-24,10.092,1987
Romania,ROU,Youth 15-24,10.092,1988
Romania,ROU,Youth 15-24,13.761,1989
Romania,ROU,Youth 15-24,21.101,1990
Romania,ROU,Youth 15-24,32.110,1991
Romania,ROU,Youth 15-24,51.376,1992
Romania,ROU,Youth 15-24,32.110,1993
Romania,ROU,Youth 15-24,32.110,1994
Romania,ROU,Youth 15-24,39.450,1995
Romania,ROU,Youth 15-24,42.202,1996
Romania,ROU,Youth 15-24,46.789,1997
Romania,ROU,Youth 15-24,54.128,1998
Romania,ROU,Youth 15-24,65.138,1999
Romania,ROU,Youth 15-24,67.890,2000
Romania,ROU,Youth 15-24,67.890,2001
Romania,ROU,Youth 15-24,78.899,2002
Romania,ROU,Youth 15-24,56.881,2003
Romania,ROU,Youth 15-24,67.890,2004
Romania,ROU,Youth 15-24,67.890,2005
Romania,ROU,Youth 15-24,65.138,2006
Romania,ROU,Youth 15-24,73.394,2007
Romania,ROU,Youth 15-24,76.147,2008
Romania,ROU,Youth 15-24,76.147,2009
Romania,ROU,Youth 15-24,78.899,2010
Romania,ROU,Youth 15-24,86.239,2011
Romania,ROU,Youth 15-24,67.890,2012
Romania,ROU,Youth 15-24,75.229,2013
Romania,ROU,Youth 15-24,79.817,2014
Romania,ROU,Youth 15-24,83.486,2015
Romania,ROU,Youth 15-24,83.486,2016
Romania,ROU,Youth 15-24,66.972,2017
Romania,ROU,Youth 15-24,57.798,2018
Romania,ROU,Youth 15-24,53.211,2019
Romania,ROU,Youth 15-24,53.211,2020
Romania,ROU,Youth 15-24,56.881,2021
Romania,ROU,Youth 15-24,51.376,2022
Romania,ROU,Youth 15-24,24.771,2023
