Country Name,Country Code,Topic,% of available indicators,Year
Brunei Darussalam,BRN,Assets,0.000,1960
Brunei Darussalam,BRN,Assets,0.000,1961
Brunei Darussalam,BRN,Assets,0.000,1962
Brunei Darussalam,BRN,Assets,0.000,1963
Brunei Darussalam,BRN,Assets,0.000,1964
Brunei Darussalam,BRN,Assets,0.000,1965
Brunei Darussalam,BRN,Assets,0.000,1966
Brunei Darussalam,BRN,Assets,0.000,1967
Brunei Darussalam,BRN,Assets,0.000,1968
Brunei Darussalam,BRN,Assets,0.000,1969
Brunei Darussalam,BRN,Assets,2.208,1970
Brunei Darussalam,BRN,Assets,2.208,1971
Brunei Darussalam,BRN,Assets,2.208,1972
Brunei Darussalam,BRN,Assets,2.208,1973
Brunei Darussalam,BRN,Assets,2.208,1974
Brunei Darussalam,BRN,Assets,2.208,1975
Brunei Darussalam,BRN,Assets,2.208,1976
Brunei Darussalam,BRN,Assets,2.208,1977
Brunei Darussalam,BRN,Assets,2.208,1978
Brunei Darussalam,BRN,Assets,2.208,1979
Brunei Darussalam,BRN,Assets,2.208,1980
Brunei Darussalam,BRN,Assets,2.208,1981
Brunei Darussalam,BRN,Assets,2.208,1982
Brunei Darussalam,BRN,Assets,2.208,1983
Brunei Darussalam,BRN,Assets,2.208,1984
Brunei Darussalam,BRN,Assets,2.208,1985
Brunei Darussalam,BRN,Assets,2.208,1986
Brunei Darussalam,BRN,Assets,2.208,1987
Brunei Darussalam,BRN,Assets,2.208,1988
Brunei Darussalam,BRN,Assets,2.208,1989
Brunei Darussalam,BRN,Assets,2.208,1990
Brunei Darussalam,BRN,Assets,2.208,1991
Brunei Darussalam,BRN,Assets,2.208,1992
Brunei Darussalam,BRN,Assets,2.208,1993
Brunei Darussalam,BRN,Assets,2.208,1994
Brunei Darussalam,BRN,Assets,2.208,1995
Brunei Darussalam,BRN,Assets,2.208,1996
Brunei Darussalam,BRN,Assets,2.208,1997
Brunei Darussalam,BRN,Assets,2.208,1998
Brunei Darussalam,BRN,Assets,2.208,1999
Brunei Darussalam,BRN,Assets,2.208,2000
Brunei Darussalam,BRN,Assets,2.208,2001
Brunei Darussalam,BRN,Assets,2.208,2002
Brunei Darussalam,BRN,Assets,2.208,2003
Brunei Darussalam,BRN,Assets,2.208,2004
Brunei Darussalam,BRN,Assets,2.208,2005
Brunei Darussalam,BRN,Assets,2.208,2006
Brunei Darussalam,BRN,Assets,2.208,2007
Brunei Darussalam,BRN,Assets,2.208,2008
Brunei Darussalam,BRN,Assets,2.208,2009
Brunei Darussalam,BRN,Assets,2.208,2010
Brunei Darussalam,BRN,Assets,2.208,2011
Brunei Darussalam,BRN,Assets,2.208,2012
Brunei Darussalam,BRN,Assets,2.208,2013
Brunei Darussalam,BRN,Assets,2.208,2014
Brunei Darussalam,BRN,Assets,2.208,2015
Brunei Darussalam,BRN,Assets,2.208,2016
Brunei Darussalam,BRN,Assets,2.208,2017
Brunei Darussalam,BRN,Assets,2.208,2018
Brunei Darussalam,BRN,Assets,2.208,2019
Brunei Darussalam,BRN,Assets,2.208,2020
Brunei Darussalam,BRN,Assets,2.208,2021
Brunei Darussalam,BRN,Assets,2.208,2022
Brunei Darussalam,BRN,Assets,2.208,2023
Brunei Darussalam,BRN,Children 0-14,11.538,1960
Brunei Darussalam,BRN,Children 0-14,11.538,1961
Brunei Darussalam,BRN,Children 0-14,11.538,1962
Brunei Darussalam,BRN,Children 0-14,15.385,1963
Brunei Darussalam,BRN,Children 0-14,17.692,1964
Brunei Darussalam,BRN,Children 0-14,17.692,1965
Brunei Darussalam,BRN,Children 0-14,17.692,1966
Brunei Darussalam,BRN,Children 0-14,17.692,1967
Brunei Darussalam,BRN,Children 0-14,19.231,1968
Brunei Darussalam,BRN,Children 0-14,19.231,1969
Brunei Darussalam,BRN,Children 0-14,23.077,1970
Brunei Darussalam,BRN,Children 0-14,25.385,1971
Brunei Darussalam,BRN,Children 0-14,26.154,1972
Brunei Darussalam,BRN,Children 0-14,28.462,1973
Brunei Darussalam,BRN,Children 0-14,26.154,1974
Brunei Darussalam,BRN,Children 0-14,30.000,1975
Brunei Darussalam,BRN,Children 0-14,28.462,1976
Brunei Darussalam,BRN,Children 0-14,36.154,1977
Brunei Darussalam,BRN,Children 0-14,38.462,1978
Brunei Darussalam,BRN,Children 0-14,38.462,1979
Brunei Darussalam,BRN,Children 0-14,40.000,1980
Brunei Darussalam,BRN,Children 0-14,42.308,1981
Brunei Darussalam,BRN,Children 0-14,40.000,1982
Brunei Darussalam,BRN,Children 0-14,40.000,1983
Brunei Darussalam,BRN,Children 0-14,40.000,1984
Brunei Darussalam,BRN,Children 0-14,22.308,1985
Brunei Darussalam,BRN,Children 0-14,37.692,1986
Brunei Darussalam,BRN,Children 0-14,26.923,1987
Brunei Darussalam,BRN,Children 0-14,26.923,1988
Brunei Darussalam,BRN,Children 0-14,26.923,1989
Brunei Darussalam,BRN,Children 0-14,20.769,1990
Brunei Darussalam,BRN,Children 0-14,36.923,1991
Brunei Darussalam,BRN,Children 0-14,36.923,1992
Brunei Darussalam,BRN,Children 0-14,36.923,1993
Brunei Darussalam,BRN,Children 0-14,36.923,1994
Brunei Darussalam,BRN,Children 0-14,36.154,1995
Brunei Darussalam,BRN,Children 0-14,26.923,1996
Brunei Darussalam,BRN,Children 0-14,30.000,1997
Brunei Darussalam,BRN,Children 0-14,30.000,1998
Brunei Darussalam,BRN,Children 0-14,30.000,1999
Brunei Darussalam,BRN,Children 0-14,43.846,2000
Brunei Darussalam,BRN,Children 0-14,30.000,2001
Brunei Darussalam,BRN,Children 0-14,32.308,2002
Brunei Darussalam,BRN,Children 0-14,33.846,2003
Brunei Darussalam,BRN,Children 0-14,36.154,2004
Brunei Darussalam,BRN,Children 0-14,40.000,2005
Brunei Darussalam,BRN,Children 0-14,37.692,2006
Brunei Darussalam,BRN,Children 0-14,37.692,2007
Brunei Darussalam,BRN,Children 0-14,38.462,2008
Brunei Darussalam,BRN,Children 0-14,53.077,2009
Brunei Darussalam,BRN,Children 0-14,56.154,2010
Brunei Darussalam,BRN,Children 0-14,41.538,2011
Brunei Darussalam,BRN,Children 0-14,40.000,2012
Brunei Darussalam,BRN,Children 0-14,40.000,2013
Brunei Darussalam,BRN,Children 0-14,44.615,2014
Brunei Darussalam,BRN,Children 0-14,51.538,2015
Brunei Darussalam,BRN,Children 0-14,39.231,2016
Brunei Darussalam,BRN,Children 0-14,44.615,2017
Brunei Darussalam,BRN,Children 0-14,50.769,2018
Brunei Darussalam,BRN,Children 0-14,53.077,2019
Brunei Darussalam,BRN,Children 0-14,43.846,2020
Brunei Darussalam,BRN,Children 0-14,30.769,2021
Brunei Darussalam,BRN,Children 0-14,30.769,2022
Brunei Darussalam,BRN,Children 0-14,19.231,2023
Brunei Darussalam,BRN,Education,0.000,1960
Brunei Darussalam,BRN,Education,0.000,1961
Brunei Darussalam,BRN,Education,0.000,1962
Brunei Darussalam,BRN,Education,0.000,1963
Brunei Darussalam,BRN,Education,0.000,1964
Brunei Darussalam,BRN,Education,0.000,1965
Brunei Darussalam,BRN,Education,0.000,1966
Brunei Darussalam,BRN,Education,0.000,1967
Brunei Darussalam,BRN,Education,0.000,1968
Brunei Darussalam,BRN,Education,0.000,1969
Brunei Darussalam,BRN,Education,11.656,1970
Brunei Darussalam,BRN,Education,15.337,1971
Brunei Darussalam,BRN,Education,15.951,1972
Brunei Darussalam,BRN,Education,15.951,1973
Brunei Darussalam,BRN,Education,15.951,1974
Brunei Darussalam,BRN,Education,19.018,1975
Brunei Darussalam,BRN,Education,17.791,1976
Brunei Darussalam,BRN,Education,30.061,1977
Brunei Darussalam,BRN,Education,26.380,1978
Brunei Darussalam,BRN,Education,33.742,1979
Brunei Darussalam,BRN,Education,28.834,1980
Brunei Darussalam,BRN,Education,38.037,1981
Brunei Darussalam,BRN,Education,28.221,1982
Brunei Darussalam,BRN,Education,32.515,1983
Brunei Darussalam,BRN,Education,31.288,1984
Brunei Darussalam,BRN,Education,3.067,1985
Brunei Darussalam,BRN,Education,19.632,1986
Brunei Darussalam,BRN,Education,9.816,1987
Brunei Darussalam,BRN,Education,7.362,1988
Brunei Darussalam,BRN,Education,6.135,1989
Brunei Darussalam,BRN,Education,0.613,1990
Brunei Darussalam,BRN,Education,30.675,1991
Brunei Darussalam,BRN,Education,28.834,1992
Brunei Darussalam,BRN,Education,28.834,1993
Brunei Darussalam,BRN,Education,27.607,1994
Brunei Darussalam,BRN,Education,13.497,1995
Brunei Darussalam,BRN,Education,5.521,1996
Brunei Darussalam,BRN,Education,7.362,1997
Brunei Darussalam,BRN,Education,25.153,1998
Brunei Darussalam,BRN,Education,31.288,1999
Brunei Darussalam,BRN,Education,31.288,2000
Brunei Darussalam,BRN,Education,37.423,2001
Brunei Darussalam,BRN,Education,26.380,2002
Brunei Darussalam,BRN,Education,35.583,2003
Brunei Darussalam,BRN,Education,38.037,2004
Brunei Darussalam,BRN,Education,44.172,2005
Brunei Darussalam,BRN,Education,42.331,2006
Brunei Darussalam,BRN,Education,42.331,2007
Brunei Darussalam,BRN,Education,42.945,2008
Brunei Darussalam,BRN,Education,45.399,2009
Brunei Darussalam,BRN,Education,47.239,2010
Brunei Darussalam,BRN,Education,63.804,2011
Brunei Darussalam,BRN,Education,44.785,2012
Brunei Darussalam,BRN,Education,38.650,2013
Brunei Darussalam,BRN,Education,56.442,2014
Brunei Darussalam,BRN,Education,39.264,2015
Brunei Darussalam,BRN,Education,41.718,2016
Brunei Darussalam,BRN,Education,55.215,2017
Brunei Darussalam,BRN,Education,62.577,2018
Brunei Darussalam,BRN,Education,41.718,2019
Brunei Darussalam,BRN,Education,49.693,2020
Brunei Darussalam,BRN,Education,33.129,2021
Brunei Darussalam,BRN,Education,28.834,2022
Brunei Darussalam,BRN,Education,18.405,2023
Brunei Darussalam,BRN,Employment and Time Use,5.109,1960
Brunei Darussalam,BRN,Employment and Time Use,0.000,1961
Brunei Darussalam,BRN,Employment and Time Use,0.000,1962
Brunei Darussalam,BRN,Employment and Time Use,0.000,1963
Brunei Darussalam,BRN,Employment and Time Use,0.000,1964
Brunei Darussalam,BRN,Employment and Time Use,0.000,1965
Brunei Darussalam,BRN,Employment and Time Use,0.000,1966
Brunei Darussalam,BRN,Employment and Time Use,0.000,1967
Brunei Darussalam,BRN,Employment and Time Use,0.000,1968
Brunei Darussalam,BRN,Employment and Time Use,0.000,1969
Brunei Darussalam,BRN,Employment and Time Use,21.168,1970
Brunei Darussalam,BRN,Employment and Time Use,26.277,1971
Brunei Darussalam,BRN,Employment and Time Use,21.168,1972
Brunei Darussalam,BRN,Employment and Time Use,21.168,1973
Brunei Darussalam,BRN,Employment and Time Use,21.168,1974
Brunei Darussalam,BRN,Employment and Time Use,21.898,1975
Brunei Darussalam,BRN,Employment and Time Use,21.898,1976
Brunei Darussalam,BRN,Employment and Time Use,21.898,1977
Brunei Darussalam,BRN,Employment and Time Use,27.007,1978
Brunei Darussalam,BRN,Employment and Time Use,23.358,1979
Brunei Darussalam,BRN,Employment and Time Use,23.358,1980
Brunei Darussalam,BRN,Employment and Time Use,30.657,1981
Brunei Darussalam,BRN,Employment and Time Use,23.358,1982
Brunei Darussalam,BRN,Employment and Time Use,23.358,1983
Brunei Darussalam,BRN,Employment and Time Use,21.168,1984
Brunei Darussalam,BRN,Employment and Time Use,21.168,1985
Brunei Darussalam,BRN,Employment and Time Use,26.277,1986
Brunei Darussalam,BRN,Employment and Time Use,21.168,1987
Brunei Darussalam,BRN,Employment and Time Use,21.168,1988
Brunei Darussalam,BRN,Employment and Time Use,21.168,1989
Brunei Darussalam,BRN,Employment and Time Use,31.387,1990
Brunei Darussalam,BRN,Employment and Time Use,65.693,1991
Brunei Darussalam,BRN,Employment and Time Use,56.204,1992
Brunei Darussalam,BRN,Employment and Time Use,56.204,1993
Brunei Darussalam,BRN,Employment and Time Use,56.204,1994
Brunei Darussalam,BRN,Employment and Time Use,56.204,1995
Brunei Darussalam,BRN,Employment and Time Use,56.204,1996
Brunei Darussalam,BRN,Employment and Time Use,56.204,1997
Brunei Darussalam,BRN,Employment and Time Use,56.204,1998
Brunei Darussalam,BRN,Employment and Time Use,56.204,1999
Brunei Darussalam,BRN,Employment and Time Use,56.204,2000
Brunei Darussalam,BRN,Employment and Time Use,63.504,2001
Brunei Darussalam,BRN,Employment and Time Use,56.204,2002
Brunei Darussalam,BRN,Employment and Time Use,56.204,2003
Brunei Darussalam,BRN,Employment and Time Use,56.204,2004
Brunei Darussalam,BRN,Employment and Time Use,56.204,2005
Brunei Darussalam,BRN,Employment and Time Use,56.204,2006
Brunei Darussalam,BRN,Employment and Time Use,56.204,2007
Brunei Darussalam,BRN,Employment and Time Use,56.204,2008
Brunei Darussalam,BRN,Employment and Time Use,56.204,2009
Brunei Darussalam,BRN,Employment and Time Use,56.204,2010
Brunei Darussalam,BRN,Employment and Time Use,59.124,2011
Brunei Darussalam,BRN,Employment and Time Use,56.204,2012
Brunei Darussalam,BRN,Employment and Time Use,56.204,2013
Brunei Darussalam,BRN,Employment and Time Use,91.971,2014
Brunei Darussalam,BRN,Employment and Time Use,56.204,2015
Brunei Darussalam,BRN,Employment and Time Use,56.204,2016
Brunei Darussalam,BRN,Employment and Time Use,91.971,2017
Brunei Darussalam,BRN,Employment and Time Use,91.971,2018
Brunei Darussalam,BRN,Employment and Time Use,91.971,2019
Brunei Darussalam,BRN,Employment and Time Use,90.511,2020
Brunei Darussalam,BRN,Employment and Time Use,90.511,2021
Brunei Darussalam,BRN,Employment and Time Use,90.511,2022
Brunei Darussalam,BRN,Employment and Time Use,91.971,2023
Brunei Darussalam,BRN,Entrepreneurship,0.000,1960
Brunei Darussalam,BRN,Entrepreneurship,0.000,1961
Brunei Darussalam,BRN,Entrepreneurship,0.000,1962
Brunei Darussalam,BRN,Entrepreneurship,0.000,1963
Brunei Darussalam,BRN,Entrepreneurship,0.000,1964
Brunei Darussalam,BRN,Entrepreneurship,0.000,1965
Brunei Darussalam,BRN,Entrepreneurship,0.000,1966
Brunei Darussalam,BRN,Entrepreneurship,0.000,1967
Brunei Darussalam,BRN,Entrepreneurship,0.000,1968
Brunei Darussalam,BRN,Entrepreneurship,0.000,1969
Brunei Darussalam,BRN,Entrepreneurship,9.375,1970
Brunei Darussalam,BRN,Entrepreneurship,9.375,1971
Brunei Darussalam,BRN,Entrepreneurship,9.375,1972
Brunei Darussalam,BRN,Entrepreneurship,9.375,1973
Brunei Darussalam,BRN,Entrepreneurship,9.375,1974
Brunei Darussalam,BRN,Entrepreneurship,9.375,1975
Brunei Darussalam,BRN,Entrepreneurship,9.375,1976
Brunei Darussalam,BRN,Entrepreneurship,9.375,1977
Brunei Darussalam,BRN,Entrepreneurship,9.375,1978
Brunei Darussalam,BRN,Entrepreneurship,9.375,1979
Brunei Darussalam,BRN,Entrepreneurship,9.375,1980
Brunei Darussalam,BRN,Entrepreneurship,9.375,1981
Brunei Darussalam,BRN,Entrepreneurship,9.375,1982
Brunei Darussalam,BRN,Entrepreneurship,9.375,1983
Brunei Darussalam,BRN,Entrepreneurship,9.375,1984
Brunei Darussalam,BRN,Entrepreneurship,9.375,1985
Brunei Darussalam,BRN,Entrepreneurship,9.375,1986
Brunei Darussalam,BRN,Entrepreneurship,9.375,1987
Brunei Darussalam,BRN,Entrepreneurship,9.375,1988
Brunei Darussalam,BRN,Entrepreneurship,9.375,1989
Brunei Darussalam,BRN,Entrepreneurship,9.375,1990
Brunei Darussalam,BRN,Entrepreneurship,9.375,1991
Brunei Darussalam,BRN,Entrepreneurship,9.375,1992
Brunei Darussalam,BRN,Entrepreneurship,9.375,1993
Brunei Darussalam,BRN,Entrepreneurship,9.375,1994
Brunei Darussalam,BRN,Entrepreneurship,9.375,1995
Brunei Darussalam,BRN,Entrepreneurship,9.375,1996
Brunei Darussalam,BRN,Entrepreneurship,9.375,1997
Brunei Darussalam,BRN,Entrepreneurship,9.375,1998
Brunei Darussalam,BRN,Entrepreneurship,9.375,1999
Brunei Darussalam,BRN,Entrepreneurship,9.375,2000
Brunei Darussalam,BRN,Entrepreneurship,9.375,2001
Brunei Darussalam,BRN,Entrepreneurship,9.375,2002
Brunei Darussalam,BRN,Entrepreneurship,9.375,2003
Brunei Darussalam,BRN,Entrepreneurship,9.375,2004
Brunei Darussalam,BRN,Entrepreneurship,9.375,2005
Brunei Darussalam,BRN,Entrepreneurship,37.500,2006
Brunei Darussalam,BRN,Entrepreneurship,37.500,2007
Brunei Darussalam,BRN,Entrepreneurship,37.500,2008
Brunei Darussalam,BRN,Entrepreneurship,37.500,2009
Brunei Darussalam,BRN,Entrepreneurship,37.500,2010
Brunei Darussalam,BRN,Entrepreneurship,37.500,2011
Brunei Darussalam,BRN,Entrepreneurship,37.500,2012
Brunei Darussalam,BRN,Entrepreneurship,37.500,2013
Brunei Darussalam,BRN,Entrepreneurship,37.500,2014
Brunei Darussalam,BRN,Entrepreneurship,62.500,2015
Brunei Darussalam,BRN,Entrepreneurship,62.500,2016
Brunei Darussalam,BRN,Entrepreneurship,62.500,2017
Brunei Darussalam,BRN,Entrepreneurship,62.500,2018
Brunei Darussalam,BRN,Entrepreneurship,62.500,2019
Brunei Darussalam,BRN,Entrepreneurship,34.375,2020
Brunei Darussalam,BRN,Entrepreneurship,9.375,2021
Brunei Darussalam,BRN,Entrepreneurship,9.375,2022
Brunei Darussalam,BRN,Entrepreneurship,9.375,2023
Brunei Darussalam,BRN,Environment,0.000,1960
Brunei Darussalam,BRN,Environment,0.000,1961
Brunei Darussalam,BRN,Environment,0.000,1962
Brunei Darussalam,BRN,Environment,0.000,1963
Brunei Darussalam,BRN,Environment,0.000,1964
Brunei Darussalam,BRN,Environment,0.000,1965
Brunei Darussalam,BRN,Environment,0.000,1966
Brunei Darussalam,BRN,Environment,0.000,1967
Brunei Darussalam,BRN,Environment,0.000,1968
Brunei Darussalam,BRN,Environment,0.000,1969
Brunei Darussalam,BRN,Environment,0.000,1970
Brunei Darussalam,BRN,Environment,0.000,1971
Brunei Darussalam,BRN,Environment,0.000,1972
Brunei Darussalam,BRN,Environment,0.000,1973
Brunei Darussalam,BRN,Environment,0.000,1974
Brunei Darussalam,BRN,Environment,0.000,1975
Brunei Darussalam,BRN,Environment,0.000,1976
Brunei Darussalam,BRN,Environment,0.000,1977
Brunei Darussalam,BRN,Environment,0.000,1978
Brunei Darussalam,BRN,Environment,0.000,1979
Brunei Darussalam,BRN,Environment,0.000,1980
Brunei Darussalam,BRN,Environment,0.000,1981
Brunei Darussalam,BRN,Environment,0.000,1982
Brunei Darussalam,BRN,Environment,0.000,1983
Brunei Darussalam,BRN,Environment,0.000,1984
Brunei Darussalam,BRN,Environment,0.000,1985
Brunei Darussalam,BRN,Environment,0.000,1986
Brunei Darussalam,BRN,Environment,0.000,1987
Brunei Darussalam,BRN,Environment,0.000,1988
Brunei Darussalam,BRN,Environment,0.000,1989
Brunei Darussalam,BRN,Environment,0.000,1990
Brunei Darussalam,BRN,Environment,0.000,1991
Brunei Darussalam,BRN,Environment,0.000,1992
Brunei Darussalam,BRN,Environment,0.000,1993
Brunei Darussalam,BRN,Environment,0.000,1994
Brunei Darussalam,BRN,Environment,0.000,1995
Brunei Darussalam,BRN,Environment,0.000,1996
Brunei Darussalam,BRN,Environment,0.000,1997
Brunei Darussalam,BRN,Environment,0.000,1998
Brunei Darussalam,BRN,Environment,0.000,1999
Brunei Darussalam,BRN,Environment,0.000,2000
Brunei Darussalam,BRN,Environment,0.000,2001
Brunei Darussalam,BRN,Environment,0.000,2002
Brunei Darussalam,BRN,Environment,0.000,2003
Brunei Darussalam,BRN,Environment,0.000,2004
Brunei Darussalam,BRN,Environment,3.333,2005
Brunei Darussalam,BRN,Environment,3.333,2006
Brunei Darussalam,BRN,Environment,3.333,2007
Brunei Darussalam,BRN,Environment,3.333,2008
Brunei Darussalam,BRN,Environment,3.333,2009
Brunei Darussalam,BRN,Environment,3.333,2010
Brunei Darussalam,BRN,Environment,3.333,2011
Brunei Darussalam,BRN,Environment,3.333,2012
Brunei Darussalam,BRN,Environment,3.333,2013
Brunei Darussalam,BRN,Environment,3.333,2014
Brunei Darussalam,BRN,Environment,3.333,2015
Brunei Darussalam,BRN,Environment,3.333,2016
Brunei Darussalam,BRN,Environment,3.333,2017
Brunei Darussalam,BRN,Environment,3.333,2018
Brunei Darussalam,BRN,Environment,23.333,2019
Brunei Darussalam,BRN,Environment,3.333,2020
Brunei Darussalam,BRN,Environment,3.333,2021
Brunei Darussalam,BRN,Environment,3.333,2022
Brunei Darussalam,BRN,Environment,0.000,2023
Brunei Darussalam,BRN,Health,3.535,1960
Brunei Darussalam,BRN,Health,3.535,1961
Brunei Darussalam,BRN,Health,3.535,1962
Brunei Darussalam,BRN,Health,6.061,1963
Brunei Darussalam,BRN,Health,7.576,1964
Brunei Darussalam,BRN,Health,7.576,1965
Brunei Darussalam,BRN,Health,7.576,1966
Brunei Darussalam,BRN,Health,7.576,1967
Brunei Darussalam,BRN,Health,8.586,1968
Brunei Darussalam,BRN,Health,8.586,1969
Brunei Darussalam,BRN,Health,8.586,1970
Brunei Darussalam,BRN,Health,8.586,1971
Brunei Darussalam,BRN,Health,8.586,1972
Brunei Darussalam,BRN,Health,8.586,1973
Brunei Darussalam,BRN,Health,8.586,1974
Brunei Darussalam,BRN,Health,11.111,1975
Brunei Darussalam,BRN,Health,11.111,1976
Brunei Darussalam,BRN,Health,11.111,1977
Brunei Darussalam,BRN,Health,11.111,1978
Brunei Darussalam,BRN,Health,11.111,1979
Brunei Darussalam,BRN,Health,12.121,1980
Brunei Darussalam,BRN,Health,12.121,1981
Brunei Darussalam,BRN,Health,12.121,1982
Brunei Darussalam,BRN,Health,12.121,1983
Brunei Darussalam,BRN,Health,12.121,1984
Brunei Darussalam,BRN,Health,12.121,1985
Brunei Darussalam,BRN,Health,12.121,1986
Brunei Darussalam,BRN,Health,12.121,1987
Brunei Darussalam,BRN,Health,12.121,1988
Brunei Darussalam,BRN,Health,12.121,1989
Brunei Darussalam,BRN,Health,12.121,1990
Brunei Darussalam,BRN,Health,12.626,1991
Brunei Darussalam,BRN,Health,12.626,1992
Brunei Darussalam,BRN,Health,12.626,1993
Brunei Darussalam,BRN,Health,13.131,1994
Brunei Darussalam,BRN,Health,12.626,1995
Brunei Darussalam,BRN,Health,13.131,1996
Brunei Darussalam,BRN,Health,13.131,1997
Brunei Darussalam,BRN,Health,13.131,1998
Brunei Darussalam,BRN,Health,13.131,1999
Brunei Darussalam,BRN,Health,49.495,2000
Brunei Darussalam,BRN,Health,25.253,2001
Brunei Darussalam,BRN,Health,25.253,2002
Brunei Darussalam,BRN,Health,25.253,2003
Brunei Darussalam,BRN,Health,25.253,2004
Brunei Darussalam,BRN,Health,27.273,2005
Brunei Darussalam,BRN,Health,25.758,2006
Brunei Darussalam,BRN,Health,25.758,2007
Brunei Darussalam,BRN,Health,26.263,2008
Brunei Darussalam,BRN,Health,34.343,2009
Brunei Darussalam,BRN,Health,53.535,2010
Brunei Darussalam,BRN,Health,26.263,2011
Brunei Darussalam,BRN,Health,27.273,2012
Brunei Darussalam,BRN,Health,26.768,2013
Brunei Darussalam,BRN,Health,26.263,2014
Brunei Darussalam,BRN,Health,50.505,2015
Brunei Darussalam,BRN,Health,26.263,2016
Brunei Darussalam,BRN,Health,23.232,2017
Brunei Darussalam,BRN,Health,29.798,2018
Brunei Darussalam,BRN,Health,50.505,2019
Brunei Darussalam,BRN,Health,21.717,2020
Brunei Darussalam,BRN,Health,12.121,2021
Brunei Darussalam,BRN,Health,11.111,2022
Brunei Darussalam,BRN,Health,1.010,2023
Brunei Darussalam,BRN,Leadership,0.000,1960
Brunei Darussalam,BRN,Leadership,0.000,1961
Brunei Darussalam,BRN,Leadership,0.000,1962
Brunei Darussalam,BRN,Leadership,0.000,1963
Brunei Darussalam,BRN,Leadership,0.000,1964
Brunei Darussalam,BRN,Leadership,0.000,1965
Brunei Darussalam,BRN,Leadership,0.000,1966
Brunei Darussalam,BRN,Leadership,0.000,1967
Brunei Darussalam,BRN,Leadership,0.000,1968
Brunei Darussalam,BRN,Leadership,0.000,1969
Brunei Darussalam,BRN,Leadership,0.000,1970
Brunei Darussalam,BRN,Leadership,0.000,1971
Brunei Darussalam,BRN,Leadership,0.000,1972
Brunei Darussalam,BRN,Leadership,0.000,1973
Brunei Darussalam,BRN,Leadership,0.000,1974
Brunei Darussalam,BRN,Leadership,0.000,1975
Brunei Darussalam,BRN,Leadership,0.000,1976
Brunei Darussalam,BRN,Leadership,0.000,1977
Brunei Darussalam,BRN,Leadership,0.000,1978
Brunei Darussalam,BRN,Leadership,0.000,1979
Brunei Darussalam,BRN,Leadership,0.000,1980
Brunei Darussalam,BRN,Leadership,0.000,1981
Brunei Darussalam,BRN,Leadership,0.000,1982
Brunei Darussalam,BRN,Leadership,0.000,1983
Brunei Darussalam,BRN,Leadership,0.000,1984
Brunei Darussalam,BRN,Leadership,0.000,1985
Brunei Darussalam,BRN,Leadership,0.000,1986
Brunei Darussalam,BRN,Leadership,0.000,1987
Brunei Darussalam,BRN,Leadership,0.000,1988
Brunei Darussalam,BRN,Leadership,0.000,1989
Brunei Darussalam,BRN,Leadership,0.000,1990
Brunei Darussalam,BRN,Leadership,0.000,1991
Brunei Darussalam,BRN,Leadership,0.000,1992
Brunei Darussalam,BRN,Leadership,0.000,1993
Brunei Darussalam,BRN,Leadership,0.000,1994
Brunei Darussalam,BRN,Leadership,0.000,1995
Brunei Darussalam,BRN,Leadership,0.000,1996
Brunei Darussalam,BRN,Leadership,0.000,1997
Brunei Darussalam,BRN,Leadership,0.000,1998
Brunei Darussalam,BRN,Leadership,0.000,1999
Brunei Darussalam,BRN,Leadership,0.000,2000
Brunei Darussalam,BRN,Leadership,0.000,2001
Brunei Darussalam,BRN,Leadership,0.000,2002
Brunei Darussalam,BRN,Leadership,0.000,2003
Brunei Darussalam,BRN,Leadership,0.000,2004
Brunei Darussalam,BRN,Leadership,25.000,2005
Brunei Darussalam,BRN,Leadership,0.000,2006
Brunei Darussalam,BRN,Leadership,0.000,2007
Brunei Darussalam,BRN,Leadership,25.000,2008
Brunei Darussalam,BRN,Leadership,0.000,2009
Brunei Darussalam,BRN,Leadership,25.000,2010
Brunei Darussalam,BRN,Leadership,0.000,2011
Brunei Darussalam,BRN,Leadership,25.000,2012
Brunei Darussalam,BRN,Leadership,0.000,2013
Brunei Darussalam,BRN,Leadership,50.000,2014
Brunei Darussalam,BRN,Leadership,25.000,2015
Brunei Darussalam,BRN,Leadership,50.000,2016
Brunei Darussalam,BRN,Leadership,50.000,2017
Brunei Darussalam,BRN,Leadership,75.000,2018
Brunei Darussalam,BRN,Leadership,75.000,2019
Brunei Darussalam,BRN,Leadership,75.000,2020
Brunei Darussalam,BRN,Leadership,50.000,2021
Brunei Darussalam,BRN,Leadership,75.000,2022
Brunei Darussalam,BRN,Leadership,50.000,2023
Brunei Darussalam,BRN,Norms and Decision-making,0.000,1960
Brunei Darussalam,BRN,Norms and Decision-making,0.000,1961
Brunei Darussalam,BRN,Norms and Decision-making,0.000,1962
Brunei Darussalam,BRN,Norms and Decision-making,0.000,1963
Brunei Darussalam,BRN,Norms and Decision-making,0.000,1964
Brunei Darussalam,BRN,Norms and Decision-making,0.000,1965
Brunei Darussalam,BRN,Norms and Decision-making,0.000,1966
Brunei Darussalam,BRN,Norms and Decision-making,0.000,1967
Brunei Darussalam,BRN,Norms and Decision-making,0.000,1968
Brunei Darussalam,BRN,Norms and Decision-making,0.000,1969
Brunei Darussalam,BRN,Norms and Decision-making,12.593,1970
Brunei Darussalam,BRN,Norms and Decision-making,14.074,1971
Brunei Darussalam,BRN,Norms and Decision-making,12.593,1972
Brunei Darussalam,BRN,Norms and Decision-making,12.593,1973
Brunei Darussalam,BRN,Norms and Decision-making,12.593,1974
Brunei Darussalam,BRN,Norms and Decision-making,12.593,1975
Brunei Darussalam,BRN,Norms and Decision-making,12.593,1976
Brunei Darussalam,BRN,Norms and Decision-making,12.593,1977
Brunei Darussalam,BRN,Norms and Decision-making,12.593,1978
Brunei Darussalam,BRN,Norms and Decision-making,12.593,1979
Brunei Darussalam,BRN,Norms and Decision-making,12.593,1980
Brunei Darussalam,BRN,Norms and Decision-making,14.074,1981
Brunei Darussalam,BRN,Norms and Decision-making,12.593,1982
Brunei Darussalam,BRN,Norms and Decision-making,12.593,1983
Brunei Darussalam,BRN,Norms and Decision-making,12.593,1984
Brunei Darussalam,BRN,Norms and Decision-making,12.593,1985
Brunei Darussalam,BRN,Norms and Decision-making,14.074,1986
Brunei Darussalam,BRN,Norms and Decision-making,12.593,1987
Brunei Darussalam,BRN,Norms and Decision-making,12.593,1988
Brunei Darussalam,BRN,Norms and Decision-making,12.593,1989
Brunei Darussalam,BRN,Norms and Decision-making,12.593,1990
Brunei Darussalam,BRN,Norms and Decision-making,14.074,1991
Brunei Darussalam,BRN,Norms and Decision-making,12.593,1992
Brunei Darussalam,BRN,Norms and Decision-making,12.593,1993
Brunei Darussalam,BRN,Norms and Decision-making,12.593,1994
Brunei Darussalam,BRN,Norms and Decision-making,12.593,1995
Brunei Darussalam,BRN,Norms and Decision-making,12.593,1996
Brunei Darussalam,BRN,Norms and Decision-making,12.593,1997
Brunei Darussalam,BRN,Norms and Decision-making,12.593,1998
Brunei Darussalam,BRN,Norms and Decision-making,12.593,1999
Brunei Darussalam,BRN,Norms and Decision-making,12.593,2000
Brunei Darussalam,BRN,Norms and Decision-making,12.593,2001
Brunei Darussalam,BRN,Norms and Decision-making,12.593,2002
Brunei Darussalam,BRN,Norms and Decision-making,12.593,2003
Brunei Darussalam,BRN,Norms and Decision-making,12.593,2004
Brunei Darussalam,BRN,Norms and Decision-making,12.593,2005
Brunei Darussalam,BRN,Norms and Decision-making,12.593,2006
Brunei Darussalam,BRN,Norms and Decision-making,12.593,2007
Brunei Darussalam,BRN,Norms and Decision-making,12.593,2008
Brunei Darussalam,BRN,Norms and Decision-making,12.593,2009
Brunei Darussalam,BRN,Norms and Decision-making,12.593,2010
Brunei Darussalam,BRN,Norms and Decision-making,14.074,2011
Brunei Darussalam,BRN,Norms and Decision-making,12.593,2012
Brunei Darussalam,BRN,Norms and Decision-making,12.593,2013
Brunei Darussalam,BRN,Norms and Decision-making,12.593,2014
Brunei Darussalam,BRN,Norms and Decision-making,12.593,2015
Brunei Darussalam,BRN,Norms and Decision-making,12.593,2016
Brunei Darussalam,BRN,Norms and Decision-making,12.593,2017
Brunei Darussalam,BRN,Norms and Decision-making,12.593,2018
Brunei Darussalam,BRN,Norms and Decision-making,12.593,2019
Brunei Darussalam,BRN,Norms and Decision-making,12.593,2020
Brunei Darussalam,BRN,Norms and Decision-making,12.593,2021
Brunei Darussalam,BRN,Norms and Decision-making,12.593,2022
Brunei Darussalam,BRN,Norms and Decision-making,12.593,2023
Brunei Darussalam,BRN,Population,86.905,1960
Brunei Darussalam,BRN,Population,86.905,1961
Brunei Darussalam,BRN,Population,86.905,1962
Brunei Darussalam,BRN,Population,86.905,1963
Brunei Darussalam,BRN,Population,86.905,1964
Brunei Darussalam,BRN,Population,86.905,1965
Brunei Darussalam,BRN,Population,86.905,1966
Brunei Darussalam,BRN,Population,86.905,1967
Brunei Darussalam,BRN,Population,86.905,1968
Brunei Darussalam,BRN,Population,86.905,1969
Brunei Darussalam,BRN,Population,86.905,1970
Brunei Darussalam,BRN,Population,89.286,1971
Brunei Darussalam,BRN,Population,86.905,1972
Brunei Darussalam,BRN,Population,86.905,1973
Brunei Darussalam,BRN,Population,86.905,1974
Brunei Darussalam,BRN,Population,86.905,1975
Brunei Darussalam,BRN,Population,86.905,1976
Brunei Darussalam,BRN,Population,86.905,1977
Brunei Darussalam,BRN,Population,86.905,1978
Brunei Darussalam,BRN,Population,86.905,1979
Brunei Darussalam,BRN,Population,91.667,1980
Brunei Darussalam,BRN,Population,89.286,1981
Brunei Darussalam,BRN,Population,86.905,1982
Brunei Darussalam,BRN,Population,86.905,1983
Brunei Darussalam,BRN,Population,86.905,1984
Brunei Darussalam,BRN,Population,91.667,1985
Brunei Darussalam,BRN,Population,89.286,1986
Brunei Darussalam,BRN,Population,86.905,1987
Brunei Darussalam,BRN,Population,86.905,1988
Brunei Darussalam,BRN,Population,86.905,1989
Brunei Darussalam,BRN,Population,92.857,1990
Brunei Darussalam,BRN,Population,89.286,1991
Brunei Darussalam,BRN,Population,86.905,1992
Brunei Darussalam,BRN,Population,86.905,1993
Brunei Darussalam,BRN,Population,86.905,1994
Brunei Darussalam,BRN,Population,92.857,1995
Brunei Darussalam,BRN,Population,86.905,1996
Brunei Darussalam,BRN,Population,86.905,1997
Brunei Darussalam,BRN,Population,86.905,1998
Brunei Darussalam,BRN,Population,86.905,1999
Brunei Darussalam,BRN,Population,92.857,2000
Brunei Darussalam,BRN,Population,86.905,2001
Brunei Darussalam,BRN,Population,86.905,2002
Brunei Darussalam,BRN,Population,86.905,2003
Brunei Darussalam,BRN,Population,86.905,2004
Brunei Darussalam,BRN,Population,92.857,2005
Brunei Darussalam,BRN,Population,86.905,2006
Brunei Darussalam,BRN,Population,86.905,2007
Brunei Darussalam,BRN,Population,86.905,2008
Brunei Darussalam,BRN,Population,86.905,2009
Brunei Darussalam,BRN,Population,92.857,2010
Brunei Darussalam,BRN,Population,89.286,2011
Brunei Darussalam,BRN,Population,86.905,2012
Brunei Darussalam,BRN,Population,86.905,2013
Brunei Darussalam,BRN,Population,86.905,2014
Brunei Darussalam,BRN,Population,92.857,2015
Brunei Darussalam,BRN,Population,86.905,2016
Brunei Darussalam,BRN,Population,86.905,2017
Brunei Darussalam,BRN,Population,86.905,2018
Brunei Darussalam,BRN,Population,86.905,2019
Brunei Darussalam,BRN,Population,89.286,2020
Brunei Darussalam,BRN,Population,86.905,2021
Brunei Darussalam,BRN,Population,86.905,2022
Brunei Darussalam,BRN,Population,77.381,2023
Brunei Darussalam,BRN,SDGs,1.342,1960
Brunei Darussalam,BRN,SDGs,1.342,1961
Brunei Darussalam,BRN,SDGs,1.342,1962
Brunei Darussalam,BRN,SDGs,2.685,1963
Brunei Darussalam,BRN,SDGs,2.685,1964
Brunei Darussalam,BRN,SDGs,2.685,1965
Brunei Darussalam,BRN,SDGs,2.685,1966
Brunei Darussalam,BRN,SDGs,2.685,1967
Brunei Darussalam,BRN,SDGs,2.685,1968
Brunei Darussalam,BRN,SDGs,2.685,1969
Brunei Darussalam,BRN,SDGs,11.409,1970
Brunei Darussalam,BRN,SDGs,11.409,1971
Brunei Darussalam,BRN,SDGs,11.409,1972
Brunei Darussalam,BRN,SDGs,11.409,1973
Brunei Darussalam,BRN,SDGs,11.409,1974
Brunei Darussalam,BRN,SDGs,12.081,1975
Brunei Darussalam,BRN,SDGs,12.081,1976
Brunei Darussalam,BRN,SDGs,12.081,1977
Brunei Darussalam,BRN,SDGs,12.081,1978
Brunei Darussalam,BRN,SDGs,13.423,1979
Brunei Darussalam,BRN,SDGs,14.094,1980
Brunei Darussalam,BRN,SDGs,14.094,1981
Brunei Darussalam,BRN,SDGs,14.094,1982
Brunei Darussalam,BRN,SDGs,14.094,1983
Brunei Darussalam,BRN,SDGs,12.081,1984
Brunei Darussalam,BRN,SDGs,12.081,1985
Brunei Darussalam,BRN,SDGs,12.081,1986
Brunei Darussalam,BRN,SDGs,12.081,1987
Brunei Darussalam,BRN,SDGs,12.081,1988
Brunei Darussalam,BRN,SDGs,12.081,1989
Brunei Darussalam,BRN,SDGs,12.081,1990
Brunei Darussalam,BRN,SDGs,18.792,1991
Brunei Darussalam,BRN,SDGs,16.779,1992
Brunei Darussalam,BRN,SDGs,16.779,1993
Brunei Darussalam,BRN,SDGs,16.779,1994
Brunei Darussalam,BRN,SDGs,16.779,1995
Brunei Darussalam,BRN,SDGs,17.450,1996
Brunei Darussalam,BRN,SDGs,17.450,1997
Brunei Darussalam,BRN,SDGs,17.450,1998
Brunei Darussalam,BRN,SDGs,17.450,1999
Brunei Darussalam,BRN,SDGs,60.403,2000
Brunei Darussalam,BRN,SDGs,28.188,2001
Brunei Darussalam,BRN,SDGs,28.188,2002
Brunei Darussalam,BRN,SDGs,28.188,2003
Brunei Darussalam,BRN,SDGs,28.188,2004
Brunei Darussalam,BRN,SDGs,30.872,2005
Brunei Darussalam,BRN,SDGs,28.859,2006
Brunei Darussalam,BRN,SDGs,28.859,2007
Brunei Darussalam,BRN,SDGs,28.859,2008
Brunei Darussalam,BRN,SDGs,28.859,2009
Brunei Darussalam,BRN,SDGs,61.074,2010
Brunei Darussalam,BRN,SDGs,28.859,2011
Brunei Darussalam,BRN,SDGs,28.859,2012
Brunei Darussalam,BRN,SDGs,28.859,2013
Brunei Darussalam,BRN,SDGs,32.886,2014
Brunei Darussalam,BRN,SDGs,61.074,2015
Brunei Darussalam,BRN,SDGs,29.530,2016
Brunei Darussalam,BRN,SDGs,32.886,2017
Brunei Darussalam,BRN,SDGs,34.899,2018
Brunei Darussalam,BRN,SDGs,68.456,2019
Brunei Darussalam,BRN,SDGs,26.846,2020
Brunei Darussalam,BRN,SDGs,22.148,2021
Brunei Darussalam,BRN,SDGs,21.477,2022
Brunei Darussalam,BRN,SDGs,18.121,2023
Brunei Darussalam,BRN,Technology,0.000,1960
Brunei Darussalam,BRN,Technology,0.000,1961
Brunei Darussalam,BRN,Technology,0.000,1962
Brunei Darussalam,BRN,Technology,0.000,1963
Brunei Darussalam,BRN,Technology,0.000,1964
Brunei Darussalam,BRN,Technology,0.000,1965
Brunei Darussalam,BRN,Technology,0.000,1966
Brunei Darussalam,BRN,Technology,0.000,1967
Brunei Darussalam,BRN,Technology,0.000,1968
Brunei Darussalam,BRN,Technology,0.000,1969
Brunei Darussalam,BRN,Technology,0.000,1970
Brunei Darussalam,BRN,Technology,0.000,1971
Brunei Darussalam,BRN,Technology,0.000,1972
Brunei Darussalam,BRN,Technology,0.000,1973
Brunei Darussalam,BRN,Technology,0.000,1974
Brunei Darussalam,BRN,Technology,0.000,1975
Brunei Darussalam,BRN,Technology,0.000,1976
Brunei Darussalam,BRN,Technology,0.000,1977
Brunei Darussalam,BRN,Technology,0.000,1978
Brunei Darussalam,BRN,Technology,0.000,1979
Brunei Darussalam,BRN,Technology,0.000,1980
Brunei Darussalam,BRN,Technology,0.000,1981
Brunei Darussalam,BRN,Technology,0.000,1982
Brunei Darussalam,BRN,Technology,0.000,1983
Brunei Darussalam,BRN,Technology,0.000,1984
Brunei Darussalam,BRN,Technology,0.000,1985
Brunei Darussalam,BRN,Technology,0.000,1986
Brunei Darussalam,BRN,Technology,0.000,1987
Brunei Darussalam,BRN,Technology,0.000,1988
Brunei Darussalam,BRN,Technology,0.000,1989
Brunei Darussalam,BRN,Technology,2.222,1990
Brunei Darussalam,BRN,Technology,2.222,1991
Brunei Darussalam,BRN,Technology,2.222,1992
Brunei Darussalam,BRN,Technology,2.222,1993
Brunei Darussalam,BRN,Technology,2.222,1994
Brunei Darussalam,BRN,Technology,2.222,1995
Brunei Darussalam,BRN,Technology,2.222,1996
Brunei Darussalam,BRN,Technology,2.222,1997
Brunei Darussalam,BRN,Technology,2.222,1998
Brunei Darussalam,BRN,Technology,8.889,1999
Brunei Darussalam,BRN,Technology,8.889,2000
Brunei Darussalam,BRN,Technology,8.889,2001
Brunei Darussalam,BRN,Technology,2.222,2002
Brunei Darussalam,BRN,Technology,8.889,2003
Brunei Darussalam,BRN,Technology,8.889,2004
Brunei Darussalam,BRN,Technology,8.889,2005
Brunei Darussalam,BRN,Technology,8.889,2006
Brunei Darussalam,BRN,Technology,8.889,2007
Brunei Darussalam,BRN,Technology,8.889,2008
Brunei Darussalam,BRN,Technology,8.889,2009
Brunei Darussalam,BRN,Technology,8.889,2010
Brunei Darussalam,BRN,Technology,8.889,2011
Brunei Darussalam,BRN,Technology,8.889,2012
Brunei Darussalam,BRN,Technology,4.444,2013
Brunei Darussalam,BRN,Technology,4.444,2014
Brunei Darussalam,BRN,Technology,8.889,2015
Brunei Darussalam,BRN,Technology,13.333,2016
Brunei Darussalam,BRN,Technology,4.444,2017
Brunei Darussalam,BRN,Technology,8.889,2018
Brunei Darussalam,BRN,Technology,6.667,2019
Brunei Darussalam,BRN,Technology,2.222,2020
Brunei Darussalam,BRN,Technology,2.222,2021
Brunei Darussalam,BRN,Technology,2.222,2022
Brunei Darussalam,BRN,Technology,0.000,2023
Brunei Darussalam,BRN,Violence,0.000,1960
Brunei Darussalam,BRN,Violence,0.000,1961
Brunei Darussalam,BRN,Violence,0.000,1962
Brunei Darussalam,BRN,Violence,0.000,1963
Brunei Darussalam,BRN,Violence,0.000,1964
Brunei Darussalam,BRN,Violence,0.000,1965
Brunei Darussalam,BRN,Violence,0.000,1966
Brunei Darussalam,BRN,Violence,0.000,1967
Brunei Darussalam,BRN,Violence,0.000,1968
Brunei Darussalam,BRN,Violence,0.000,1969
Brunei Darussalam,BRN,Violence,2.143,1970
Brunei Darussalam,BRN,Violence,2.143,1971
Brunei Darussalam,BRN,Violence,2.143,1972
Brunei Darussalam,BRN,Violence,2.143,1973
Brunei Darussalam,BRN,Violence,2.143,1974
Brunei Darussalam,BRN,Violence,2.143,1975
Brunei Darussalam,BRN,Violence,2.143,1976
Brunei Darussalam,BRN,Violence,2.143,1977
Brunei Darussalam,BRN,Violence,2.143,1978
Brunei Darussalam,BRN,Violence,2.143,1979
Brunei Darussalam,BRN,Violence,2.143,1980
Brunei Darussalam,BRN,Violence,2.143,1981
Brunei Darussalam,BRN,Violence,2.143,1982
Brunei Darussalam,BRN,Violence,2.143,1983
Brunei Darussalam,BRN,Violence,2.143,1984
Brunei Darussalam,BRN,Violence,2.143,1985
Brunei Darussalam,BRN,Violence,2.143,1986
Brunei Darussalam,BRN,Violence,2.143,1987
Brunei Darussalam,BRN,Violence,2.143,1988
Brunei Darussalam,BRN,Violence,2.143,1989
Brunei Darussalam,BRN,Violence,2.143,1990
Brunei Darussalam,BRN,Violence,2.143,1991
Brunei Darussalam,BRN,Violence,2.143,1992
Brunei Darussalam,BRN,Violence,2.143,1993
Brunei Darussalam,BRN,Violence,2.143,1994
Brunei Darussalam,BRN,Violence,2.143,1995
Brunei Darussalam,BRN,Violence,4.286,1996
Brunei Darussalam,BRN,Violence,4.286,1997
Brunei Darussalam,BRN,Violence,4.286,1998
Brunei Darussalam,BRN,Violence,4.286,1999
Brunei Darussalam,BRN,Violence,6.429,2000
Brunei Darussalam,BRN,Violence,4.286,2001
Brunei Darussalam,BRN,Violence,4.286,2002
Brunei Darussalam,BRN,Violence,5.000,2003
Brunei Darussalam,BRN,Violence,5.000,2004
Brunei Darussalam,BRN,Violence,5.000,2005
Brunei Darussalam,BRN,Violence,5.000,2006
Brunei Darussalam,BRN,Violence,5.000,2007
Brunei Darussalam,BRN,Violence,5.000,2008
Brunei Darussalam,BRN,Violence,5.000,2009
Brunei Darussalam,BRN,Violence,5.000,2010
Brunei Darussalam,BRN,Violence,5.000,2011
Brunei Darussalam,BRN,Violence,5.000,2012
Brunei Darussalam,BRN,Violence,5.000,2013
Brunei Darussalam,BRN,Violence,4.286,2014
Brunei Darussalam,BRN,Violence,4.286,2015
Brunei Darussalam,BRN,Violence,4.286,2016
Brunei Darussalam,BRN,Violence,4.286,2017
Brunei Darussalam,BRN,Violence,4.286,2018
Brunei Darussalam,BRN,Violence,4.286,2019
Brunei Darussalam,BRN,Violence,2.143,2020
Brunei Darussalam,BRN,Violence,2.143,2021
Brunei Darussalam,BRN,Violence,2.143,2022
Brunei Darussalam,BRN,Violence,2.143,2023
Brunei Darussalam,BRN,Youth 15-24,7.339,1960
Brunei Darussalam,BRN,Youth 15-24,4.587,1961
Brunei Darussalam,BRN,Youth 15-24,4.587,1962
Brunei Darussalam,BRN,Youth 15-24,4.587,1963
Brunei Darussalam,BRN,Youth 15-24,4.587,1964
Brunei Darussalam,BRN,Youth 15-24,4.587,1965
Brunei Darussalam,BRN,Youth 15-24,4.587,1966
Brunei Darussalam,BRN,Youth 15-24,4.587,1967
Brunei Darussalam,BRN,Youth 15-24,4.587,1968
Brunei Darussalam,BRN,Youth 15-24,4.587,1969
Brunei Darussalam,BRN,Youth 15-24,14.679,1970
Brunei Darussalam,BRN,Youth 15-24,20.183,1971
Brunei Darussalam,BRN,Youth 15-24,17.431,1972
Brunei Darussalam,BRN,Youth 15-24,14.679,1973
Brunei Darussalam,BRN,Youth 15-24,17.431,1974
Brunei Darussalam,BRN,Youth 15-24,17.431,1975
Brunei Darussalam,BRN,Youth 15-24,17.431,1976
Brunei Darussalam,BRN,Youth 15-24,23.853,1977
Brunei Darussalam,BRN,Youth 15-24,21.101,1978
Brunei Darussalam,BRN,Youth 15-24,25.688,1979
Brunei Darussalam,BRN,Youth 15-24,22.018,1980
Brunei Darussalam,BRN,Youth 15-24,33.028,1981
Brunei Darussalam,BRN,Youth 15-24,22.018,1982
Brunei Darussalam,BRN,Youth 15-24,25.688,1983
Brunei Darussalam,BRN,Youth 15-24,22.936,1984
Brunei Darussalam,BRN,Youth 15-24,7.339,1985
Brunei Darussalam,BRN,Youth 15-24,13.761,1986
Brunei Darussalam,BRN,Youth 15-24,10.092,1987
Brunei Darussalam,BRN,Youth 15-24,6.422,1988
Brunei Darussalam,BRN,Youth 15-24,4.587,1989
Brunei Darussalam,BRN,Youth 15-24,7.339,1990
Brunei Darussalam,BRN,Youth 15-24,37.615,1991
Brunei Darussalam,BRN,Youth 15-24,31.193,1992
Brunei Darussalam,BRN,Youth 15-24,31.193,1993
Brunei Darussalam,BRN,Youth 15-24,30.275,1994
Brunei Darussalam,BRN,Youth 15-24,13.761,1995
Brunei Darussalam,BRN,Youth 15-24,13.761,1996
Brunei Darussalam,BRN,Youth 15-24,13.761,1997
Brunei Darussalam,BRN,Youth 15-24,33.945,1998
Brunei Darussalam,BRN,Youth 15-24,43.119,1999
Brunei Darussalam,BRN,Youth 15-24,43.119,2000
Brunei Darussalam,BRN,Youth 15-24,53.211,2001
Brunei Darussalam,BRN,Youth 15-24,33.945,2002
Brunei Darussalam,BRN,Youth 15-24,45.872,2003
Brunei Darussalam,BRN,Youth 15-24,46.789,2004
Brunei Darussalam,BRN,Youth 15-24,51.376,2005
Brunei Darussalam,BRN,Youth 15-24,51.376,2006
Brunei Darussalam,BRN,Youth 15-24,51.376,2007
Brunei Darussalam,BRN,Youth 15-24,51.376,2008
Brunei Darussalam,BRN,Youth 15-24,51.376,2009
Brunei Darussalam,BRN,Youth 15-24,51.376,2010
Brunei Darussalam,BRN,Youth 15-24,69.725,2011
Brunei Darussalam,BRN,Youth 15-24,51.376,2012
Brunei Darussalam,BRN,Youth 15-24,43.119,2013
Brunei Darussalam,BRN,Youth 15-24,66.055,2014
Brunei Darussalam,BRN,Youth 15-24,46.789,2015
Brunei Darussalam,BRN,Youth 15-24,45.872,2016
Brunei Darussalam,BRN,Youth 15-24,66.055,2017
Brunei Darussalam,BRN,Youth 15-24,72.477,2018
Brunei Darussalam,BRN,Youth 15-24,51.376,2019
Brunei Darussalam,BRN,Youth 15-24,48.624,2020
Brunei Darussalam,BRN,Youth 15-24,47.706,2021
Brunei Darussalam,BRN,Youth 15-24,44.037,2022
Brunei Darussalam,BRN,Youth 15-24,32.110,2023
