Country Name,Country Code,Topic,% of available indicators,Year
Dominica,DMA,Assets,0.000,1960
Dominica,DMA,Assets,0.000,1961
Dominica,DMA,Assets,0.000,1962
Dominica,DMA,Assets,0.000,1963
Dominica,DMA,Assets,0.000,1964
Dominica,DMA,Assets,0.000,1965
Dominica,DMA,Assets,0.000,1966
Dominica,DMA,Assets,0.000,1967
Dominica,DMA,Assets,0.000,1968
Dominica,DMA,Assets,0.000,1969
Dominica,DMA,Assets,2.208,1970
Dominica,DMA,Assets,2.208,1971
Dominica,DMA,Assets,2.208,1972
Dominica,DMA,Assets,2.208,1973
Dominica,DMA,Assets,2.208,1974
Dominica,DMA,Assets,2.208,1975
Dominica,DMA,Assets,2.208,1976
Dominica,DMA,Assets,2.208,1977
Dominica,DMA,Assets,2.208,1978
Dominica,DMA,Assets,2.208,1979
Dominica,DMA,Assets,2.208,1980
Dominica,DMA,Assets,2.208,1981
Dominica,DMA,Assets,2.208,1982
Dominica,DMA,Assets,2.208,1983
Dominica,DMA,Assets,2.208,1984
Dominica,DMA,Assets,2.208,1985
Dominica,DMA,Assets,2.208,1986
Dominica,DMA,Assets,2.208,1987
Dominica,DMA,Assets,2.208,1988
Dominica,DMA,Assets,2.208,1989
Dominica,DMA,Assets,2.208,1990
Dominica,DMA,Assets,2.208,1991
Dominica,DMA,Assets,2.208,1992
Dominica,DMA,Assets,2.208,1993
Dominica,DMA,Assets,2.208,1994
Dominica,DMA,Assets,2.208,1995
Dominica,DMA,Assets,2.208,1996
Dominica,DMA,Assets,2.208,1997
Dominica,DMA,Assets,2.208,1998
Dominica,DMA,Assets,2.208,1999
Dominica,DMA,Assets,2.208,2000
Dominica,DMA,Assets,2.208,2001
Dominica,DMA,Assets,2.208,2002
Dominica,DMA,Assets,2.208,2003
Dominica,DMA,Assets,2.208,2004
Dominica,DMA,Assets,2.208,2005
Dominica,DMA,Assets,2.208,2006
Dominica,DMA,Assets,2.208,2007
Dominica,DMA,Assets,2.208,2008
Dominica,DMA,Assets,2.208,2009
Dominica,DMA,Assets,2.208,2010
Dominica,DMA,Assets,2.208,2011
Dominica,DMA,Assets,2.208,2012
Dominica,DMA,Assets,2.208,2013
Dominica,DMA,Assets,2.208,2014
Dominica,DMA,Assets,2.208,2015
Dominica,DMA,Assets,2.208,2016
Dominica,DMA,Assets,2.208,2017
Dominica,DMA,Assets,2.208,2018
Dominica,DMA,Assets,2.208,2019
Dominica,DMA,Assets,2.208,2020
Dominica,DMA,Assets,2.208,2021
Dominica,DMA,Assets,2.208,2022
Dominica,DMA,Assets,2.208,2023
Dominica,DMA,Children 0-14,15.385,1960
Dominica,DMA,Children 0-14,17.692,1961
Dominica,DMA,Children 0-14,17.692,1962
Dominica,DMA,Children 0-14,17.692,1963
Dominica,DMA,Children 0-14,17.692,1964
Dominica,DMA,Children 0-14,19.231,1965
Dominica,DMA,Children 0-14,19.231,1966
Dominica,DMA,Children 0-14,19.231,1967
Dominica,DMA,Children 0-14,19.231,1968
Dominica,DMA,Children 0-14,19.231,1969
Dominica,DMA,Children 0-14,21.538,1970
Dominica,DMA,Children 0-14,23.077,1971
Dominica,DMA,Children 0-14,23.077,1972
Dominica,DMA,Children 0-14,23.077,1973
Dominica,DMA,Children 0-14,25.385,1974
Dominica,DMA,Children 0-14,30.000,1975
Dominica,DMA,Children 0-14,33.077,1976
Dominica,DMA,Children 0-14,33.077,1977
Dominica,DMA,Children 0-14,23.077,1978
Dominica,DMA,Children 0-14,33.077,1979
Dominica,DMA,Children 0-14,31.538,1980
Dominica,DMA,Children 0-14,33.846,1981
Dominica,DMA,Children 0-14,32.308,1982
Dominica,DMA,Children 0-14,20.769,1983
Dominica,DMA,Children 0-14,24.615,1984
Dominica,DMA,Children 0-14,20.769,1985
Dominica,DMA,Children 0-14,25.385,1986
Dominica,DMA,Children 0-14,25.385,1987
Dominica,DMA,Children 0-14,30.769,1988
Dominica,DMA,Children 0-14,20.769,1989
Dominica,DMA,Children 0-14,26.923,1990
Dominica,DMA,Children 0-14,26.923,1991
Dominica,DMA,Children 0-14,26.923,1992
Dominica,DMA,Children 0-14,25.385,1993
Dominica,DMA,Children 0-14,24.615,1994
Dominica,DMA,Children 0-14,24.615,1995
Dominica,DMA,Children 0-14,20.769,1996
Dominica,DMA,Children 0-14,20.769,1997
Dominica,DMA,Children 0-14,20.769,1998
Dominica,DMA,Children 0-14,37.692,1999
Dominica,DMA,Children 0-14,40.000,2000
Dominica,DMA,Children 0-14,50.000,2001
Dominica,DMA,Children 0-14,38.462,2002
Dominica,DMA,Children 0-14,47.692,2003
Dominica,DMA,Children 0-14,47.692,2004
Dominica,DMA,Children 0-14,43.846,2005
Dominica,DMA,Children 0-14,46.923,2006
Dominica,DMA,Children 0-14,49.231,2007
Dominica,DMA,Children 0-14,47.692,2008
Dominica,DMA,Children 0-14,49.231,2009
Dominica,DMA,Children 0-14,41.538,2010
Dominica,DMA,Children 0-14,44.615,2011
Dominica,DMA,Children 0-14,36.154,2012
Dominica,DMA,Children 0-14,36.154,2013
Dominica,DMA,Children 0-14,37.692,2014
Dominica,DMA,Children 0-14,40.000,2015
Dominica,DMA,Children 0-14,36.923,2016
Dominica,DMA,Children 0-14,23.846,2017
Dominica,DMA,Children 0-14,23.077,2018
Dominica,DMA,Children 0-14,32.308,2019
Dominica,DMA,Children 0-14,31.538,2020
Dominica,DMA,Children 0-14,37.692,2021
Dominica,DMA,Children 0-14,28.462,2022
Dominica,DMA,Children 0-14,19.231,2023
Dominica,DMA,Education,0.000,1960
Dominica,DMA,Education,0.000,1961
Dominica,DMA,Education,0.000,1962
Dominica,DMA,Education,0.000,1963
Dominica,DMA,Education,0.000,1964
Dominica,DMA,Education,0.000,1965
Dominica,DMA,Education,0.000,1966
Dominica,DMA,Education,0.000,1967
Dominica,DMA,Education,0.000,1968
Dominica,DMA,Education,0.000,1969
Dominica,DMA,Education,3.681,1970
Dominica,DMA,Education,3.067,1971
Dominica,DMA,Education,4.294,1972
Dominica,DMA,Education,11.043,1973
Dominica,DMA,Education,12.883,1974
Dominica,DMA,Education,16.564,1975
Dominica,DMA,Education,17.791,1976
Dominica,DMA,Education,19.018,1977
Dominica,DMA,Education,9.816,1978
Dominica,DMA,Education,17.791,1979
Dominica,DMA,Education,9.202,1980
Dominica,DMA,Education,15.951,1981
Dominica,DMA,Education,9.202,1982
Dominica,DMA,Education,0.000,1983
Dominica,DMA,Education,8.589,1984
Dominica,DMA,Education,2.454,1985
Dominica,DMA,Education,10.429,1986
Dominica,DMA,Education,11.043,1987
Dominica,DMA,Education,7.975,1988
Dominica,DMA,Education,3.681,1989
Dominica,DMA,Education,11.656,1990
Dominica,DMA,Education,8.589,1991
Dominica,DMA,Education,8.589,1992
Dominica,DMA,Education,6.748,1993
Dominica,DMA,Education,4.294,1994
Dominica,DMA,Education,4.294,1995
Dominica,DMA,Education,0.000,1996
Dominica,DMA,Education,0.000,1997
Dominica,DMA,Education,0.613,1998
Dominica,DMA,Education,29.448,1999
Dominica,DMA,Education,30.675,2000
Dominica,DMA,Education,40.491,2001
Dominica,DMA,Education,23.313,2002
Dominica,DMA,Education,34.969,2003
Dominica,DMA,Education,36.810,2004
Dominica,DMA,Education,32.515,2005
Dominica,DMA,Education,34.356,2006
Dominica,DMA,Education,33.742,2007
Dominica,DMA,Education,31.288,2008
Dominica,DMA,Education,36.810,2009
Dominica,DMA,Education,31.288,2010
Dominica,DMA,Education,34.969,2011
Dominica,DMA,Education,18.405,2012
Dominica,DMA,Education,17.178,2013
Dominica,DMA,Education,22.699,2014
Dominica,DMA,Education,27.607,2015
Dominica,DMA,Education,21.472,2016
Dominica,DMA,Education,3.067,2017
Dominica,DMA,Education,11.656,2018
Dominica,DMA,Education,16.564,2019
Dominica,DMA,Education,22.699,2020
Dominica,DMA,Education,22.699,2021
Dominica,DMA,Education,10.429,2022
Dominica,DMA,Education,12.270,2023
Dominica,DMA,Employment and Time Use,2.920,1960
Dominica,DMA,Employment and Time Use,0.000,1961
Dominica,DMA,Employment and Time Use,0.000,1962
Dominica,DMA,Employment and Time Use,0.000,1963
Dominica,DMA,Employment and Time Use,0.000,1964
Dominica,DMA,Employment and Time Use,0.000,1965
Dominica,DMA,Employment and Time Use,0.000,1966
Dominica,DMA,Employment and Time Use,0.000,1967
Dominica,DMA,Employment and Time Use,0.000,1968
Dominica,DMA,Employment and Time Use,0.000,1969
Dominica,DMA,Employment and Time Use,24.088,1970
Dominica,DMA,Employment and Time Use,21.168,1971
Dominica,DMA,Employment and Time Use,21.168,1972
Dominica,DMA,Employment and Time Use,21.168,1973
Dominica,DMA,Employment and Time Use,21.168,1974
Dominica,DMA,Employment and Time Use,21.168,1975
Dominica,DMA,Employment and Time Use,21.168,1976
Dominica,DMA,Employment and Time Use,21.168,1977
Dominica,DMA,Employment and Time Use,21.168,1978
Dominica,DMA,Employment and Time Use,21.168,1979
Dominica,DMA,Employment and Time Use,21.168,1980
Dominica,DMA,Employment and Time Use,26.277,1981
Dominica,DMA,Employment and Time Use,21.168,1982
Dominica,DMA,Employment and Time Use,21.168,1983
Dominica,DMA,Employment and Time Use,21.168,1984
Dominica,DMA,Employment and Time Use,21.168,1985
Dominica,DMA,Employment and Time Use,21.168,1986
Dominica,DMA,Employment and Time Use,21.168,1987
Dominica,DMA,Employment and Time Use,21.168,1988
Dominica,DMA,Employment and Time Use,33.577,1989
Dominica,DMA,Employment and Time Use,21.168,1990
Dominica,DMA,Employment and Time Use,28.467,1991
Dominica,DMA,Employment and Time Use,21.168,1992
Dominica,DMA,Employment and Time Use,21.168,1993
Dominica,DMA,Employment and Time Use,21.168,1994
Dominica,DMA,Employment and Time Use,21.168,1995
Dominica,DMA,Employment and Time Use,21.168,1996
Dominica,DMA,Employment and Time Use,33.577,1997
Dominica,DMA,Employment and Time Use,21.168,1998
Dominica,DMA,Employment and Time Use,33.577,1999
Dominica,DMA,Employment and Time Use,21.168,2000
Dominica,DMA,Employment and Time Use,33.577,2001
Dominica,DMA,Employment and Time Use,21.168,2002
Dominica,DMA,Employment and Time Use,21.168,2003
Dominica,DMA,Employment and Time Use,21.168,2004
Dominica,DMA,Employment and Time Use,21.168,2005
Dominica,DMA,Employment and Time Use,21.168,2006
Dominica,DMA,Employment and Time Use,21.168,2007
Dominica,DMA,Employment and Time Use,21.168,2008
Dominica,DMA,Employment and Time Use,21.168,2009
Dominica,DMA,Employment and Time Use,21.168,2010
Dominica,DMA,Employment and Time Use,21.168,2011
Dominica,DMA,Employment and Time Use,21.168,2012
Dominica,DMA,Employment and Time Use,21.168,2013
Dominica,DMA,Employment and Time Use,21.168,2014
Dominica,DMA,Employment and Time Use,21.168,2015
Dominica,DMA,Employment and Time Use,21.168,2016
Dominica,DMA,Employment and Time Use,21.168,2017
Dominica,DMA,Employment and Time Use,21.168,2018
Dominica,DMA,Employment and Time Use,21.168,2019
Dominica,DMA,Employment and Time Use,21.168,2020
Dominica,DMA,Employment and Time Use,21.168,2021
Dominica,DMA,Employment and Time Use,21.168,2022
Dominica,DMA,Employment and Time Use,24.088,2023
Dominica,DMA,Entrepreneurship,0.000,1960
Dominica,DMA,Entrepreneurship,0.000,1961
Dominica,DMA,Entrepreneurship,0.000,1962
Dominica,DMA,Entrepreneurship,0.000,1963
Dominica,DMA,Entrepreneurship,0.000,1964
Dominica,DMA,Entrepreneurship,0.000,1965
Dominica,DMA,Entrepreneurship,0.000,1966
Dominica,DMA,Entrepreneurship,0.000,1967
Dominica,DMA,Entrepreneurship,0.000,1968
Dominica,DMA,Entrepreneurship,0.000,1969
Dominica,DMA,Entrepreneurship,9.375,1970
Dominica,DMA,Entrepreneurship,9.375,1971
Dominica,DMA,Entrepreneurship,9.375,1972
Dominica,DMA,Entrepreneurship,9.375,1973
Dominica,DMA,Entrepreneurship,9.375,1974
Dominica,DMA,Entrepreneurship,9.375,1975
Dominica,DMA,Entrepreneurship,9.375,1976
Dominica,DMA,Entrepreneurship,9.375,1977
Dominica,DMA,Entrepreneurship,9.375,1978
Dominica,DMA,Entrepreneurship,9.375,1979
Dominica,DMA,Entrepreneurship,9.375,1980
Dominica,DMA,Entrepreneurship,9.375,1981
Dominica,DMA,Entrepreneurship,9.375,1982
Dominica,DMA,Entrepreneurship,9.375,1983
Dominica,DMA,Entrepreneurship,9.375,1984
Dominica,DMA,Entrepreneurship,9.375,1985
Dominica,DMA,Entrepreneurship,9.375,1986
Dominica,DMA,Entrepreneurship,9.375,1987
Dominica,DMA,Entrepreneurship,9.375,1988
Dominica,DMA,Entrepreneurship,9.375,1989
Dominica,DMA,Entrepreneurship,9.375,1990
Dominica,DMA,Entrepreneurship,9.375,1991
Dominica,DMA,Entrepreneurship,9.375,1992
Dominica,DMA,Entrepreneurship,9.375,1993
Dominica,DMA,Entrepreneurship,9.375,1994
Dominica,DMA,Entrepreneurship,9.375,1995
Dominica,DMA,Entrepreneurship,9.375,1996
Dominica,DMA,Entrepreneurship,9.375,1997
Dominica,DMA,Entrepreneurship,9.375,1998
Dominica,DMA,Entrepreneurship,9.375,1999
Dominica,DMA,Entrepreneurship,9.375,2000
Dominica,DMA,Entrepreneurship,9.375,2001
Dominica,DMA,Entrepreneurship,9.375,2002
Dominica,DMA,Entrepreneurship,9.375,2003
Dominica,DMA,Entrepreneurship,9.375,2004
Dominica,DMA,Entrepreneurship,37.500,2005
Dominica,DMA,Entrepreneurship,37.500,2006
Dominica,DMA,Entrepreneurship,37.500,2007
Dominica,DMA,Entrepreneurship,37.500,2008
Dominica,DMA,Entrepreneurship,37.500,2009
Dominica,DMA,Entrepreneurship,43.750,2010
Dominica,DMA,Entrepreneurship,37.500,2011
Dominica,DMA,Entrepreneurship,37.500,2012
Dominica,DMA,Entrepreneurship,37.500,2013
Dominica,DMA,Entrepreneurship,50.000,2014
Dominica,DMA,Entrepreneurship,50.000,2015
Dominica,DMA,Entrepreneurship,50.000,2016
Dominica,DMA,Entrepreneurship,37.500,2017
Dominica,DMA,Entrepreneurship,37.500,2018
Dominica,DMA,Entrepreneurship,37.500,2019
Dominica,DMA,Entrepreneurship,9.375,2020
Dominica,DMA,Entrepreneurship,9.375,2021
Dominica,DMA,Entrepreneurship,9.375,2022
Dominica,DMA,Entrepreneurship,9.375,2023
Dominica,DMA,Environment,0.000,1960
Dominica,DMA,Environment,0.000,1961
Dominica,DMA,Environment,0.000,1962
Dominica,DMA,Environment,0.000,1963
Dominica,DMA,Environment,0.000,1964
Dominica,DMA,Environment,0.000,1965
Dominica,DMA,Environment,0.000,1966
Dominica,DMA,Environment,0.000,1967
Dominica,DMA,Environment,0.000,1968
Dominica,DMA,Environment,0.000,1969
Dominica,DMA,Environment,0.000,1970
Dominica,DMA,Environment,0.000,1971
Dominica,DMA,Environment,0.000,1972
Dominica,DMA,Environment,0.000,1973
Dominica,DMA,Environment,0.000,1974
Dominica,DMA,Environment,0.000,1975
Dominica,DMA,Environment,0.000,1976
Dominica,DMA,Environment,0.000,1977
Dominica,DMA,Environment,0.000,1978
Dominica,DMA,Environment,0.000,1979
Dominica,DMA,Environment,0.000,1980
Dominica,DMA,Environment,0.000,1981
Dominica,DMA,Environment,0.000,1982
Dominica,DMA,Environment,0.000,1983
Dominica,DMA,Environment,0.000,1984
Dominica,DMA,Environment,0.000,1985
Dominica,DMA,Environment,0.000,1986
Dominica,DMA,Environment,0.000,1987
Dominica,DMA,Environment,0.000,1988
Dominica,DMA,Environment,0.000,1989
Dominica,DMA,Environment,0.000,1990
Dominica,DMA,Environment,0.000,1991
Dominica,DMA,Environment,0.000,1992
Dominica,DMA,Environment,0.000,1993
Dominica,DMA,Environment,0.000,1994
Dominica,DMA,Environment,0.000,1995
Dominica,DMA,Environment,0.000,1996
Dominica,DMA,Environment,0.000,1997
Dominica,DMA,Environment,0.000,1998
Dominica,DMA,Environment,0.000,1999
Dominica,DMA,Environment,3.333,2000
Dominica,DMA,Environment,3.333,2001
Dominica,DMA,Environment,3.333,2002
Dominica,DMA,Environment,3.333,2003
Dominica,DMA,Environment,3.333,2004
Dominica,DMA,Environment,3.333,2005
Dominica,DMA,Environment,3.333,2006
Dominica,DMA,Environment,3.333,2007
Dominica,DMA,Environment,3.333,2008
Dominica,DMA,Environment,3.333,2009
Dominica,DMA,Environment,3.333,2010
Dominica,DMA,Environment,3.333,2011
Dominica,DMA,Environment,3.333,2012
Dominica,DMA,Environment,3.333,2013
Dominica,DMA,Environment,3.333,2014
Dominica,DMA,Environment,3.333,2015
Dominica,DMA,Environment,3.333,2016
Dominica,DMA,Environment,3.333,2017
Dominica,DMA,Environment,0.000,2018
Dominica,DMA,Environment,0.000,2019
Dominica,DMA,Environment,0.000,2020
Dominica,DMA,Environment,0.000,2021
Dominica,DMA,Environment,0.000,2022
Dominica,DMA,Environment,0.000,2023
Dominica,DMA,Health,6.061,1960
Dominica,DMA,Health,7.576,1961
Dominica,DMA,Health,7.576,1962
Dominica,DMA,Health,7.576,1963
Dominica,DMA,Health,7.576,1964
Dominica,DMA,Health,8.586,1965
Dominica,DMA,Health,8.586,1966
Dominica,DMA,Health,8.586,1967
Dominica,DMA,Health,8.586,1968
Dominica,DMA,Health,8.586,1969
Dominica,DMA,Health,8.586,1970
Dominica,DMA,Health,8.586,1971
Dominica,DMA,Health,8.586,1972
Dominica,DMA,Health,8.586,1973
Dominica,DMA,Health,8.586,1974
Dominica,DMA,Health,11.111,1975
Dominica,DMA,Health,11.111,1976
Dominica,DMA,Health,11.111,1977
Dominica,DMA,Health,11.111,1978
Dominica,DMA,Health,11.111,1979
Dominica,DMA,Health,11.616,1980
Dominica,DMA,Health,11.616,1981
Dominica,DMA,Health,13.131,1982
Dominica,DMA,Health,12.121,1983
Dominica,DMA,Health,12.121,1984
Dominica,DMA,Health,12.121,1985
Dominica,DMA,Health,12.121,1986
Dominica,DMA,Health,13.131,1987
Dominica,DMA,Health,12.121,1988
Dominica,DMA,Health,12.121,1989
Dominica,DMA,Health,12.626,1990
Dominica,DMA,Health,12.121,1991
Dominica,DMA,Health,12.121,1992
Dominica,DMA,Health,12.121,1993
Dominica,DMA,Health,12.121,1994
Dominica,DMA,Health,12.626,1995
Dominica,DMA,Health,12.121,1996
Dominica,DMA,Health,12.121,1997
Dominica,DMA,Health,12.626,1998
Dominica,DMA,Health,13.131,1999
Dominica,DMA,Health,17.172,2000
Dominica,DMA,Health,17.677,2001
Dominica,DMA,Health,17.172,2002
Dominica,DMA,Health,17.677,2003
Dominica,DMA,Health,17.677,2004
Dominica,DMA,Health,17.677,2005
Dominica,DMA,Health,16.667,2006
Dominica,DMA,Health,17.677,2007
Dominica,DMA,Health,17.677,2008
Dominica,DMA,Health,17.172,2009
Dominica,DMA,Health,21.212,2010
Dominica,DMA,Health,17.677,2011
Dominica,DMA,Health,17.172,2012
Dominica,DMA,Health,18.182,2013
Dominica,DMA,Health,17.172,2014
Dominica,DMA,Health,17.172,2015
Dominica,DMA,Health,17.677,2016
Dominica,DMA,Health,15.152,2017
Dominica,DMA,Health,17.677,2018
Dominica,DMA,Health,14.646,2019
Dominica,DMA,Health,15.657,2020
Dominica,DMA,Health,10.606,2021
Dominica,DMA,Health,10.101,2022
Dominica,DMA,Health,1.010,2023
Dominica,DMA,Leadership,0.000,1960
Dominica,DMA,Leadership,0.000,1961
Dominica,DMA,Leadership,0.000,1962
Dominica,DMA,Leadership,0.000,1963
Dominica,DMA,Leadership,0.000,1964
Dominica,DMA,Leadership,0.000,1965
Dominica,DMA,Leadership,0.000,1966
Dominica,DMA,Leadership,0.000,1967
Dominica,DMA,Leadership,0.000,1968
Dominica,DMA,Leadership,0.000,1969
Dominica,DMA,Leadership,0.000,1970
Dominica,DMA,Leadership,0.000,1971
Dominica,DMA,Leadership,0.000,1972
Dominica,DMA,Leadership,0.000,1973
Dominica,DMA,Leadership,0.000,1974
Dominica,DMA,Leadership,0.000,1975
Dominica,DMA,Leadership,0.000,1976
Dominica,DMA,Leadership,0.000,1977
Dominica,DMA,Leadership,0.000,1978
Dominica,DMA,Leadership,0.000,1979
Dominica,DMA,Leadership,0.000,1980
Dominica,DMA,Leadership,0.000,1981
Dominica,DMA,Leadership,0.000,1982
Dominica,DMA,Leadership,0.000,1983
Dominica,DMA,Leadership,0.000,1984
Dominica,DMA,Leadership,0.000,1985
Dominica,DMA,Leadership,0.000,1986
Dominica,DMA,Leadership,0.000,1987
Dominica,DMA,Leadership,0.000,1988
Dominica,DMA,Leadership,0.000,1989
Dominica,DMA,Leadership,0.000,1990
Dominica,DMA,Leadership,0.000,1991
Dominica,DMA,Leadership,0.000,1992
Dominica,DMA,Leadership,0.000,1993
Dominica,DMA,Leadership,0.000,1994
Dominica,DMA,Leadership,0.000,1995
Dominica,DMA,Leadership,0.000,1996
Dominica,DMA,Leadership,25.000,1997
Dominica,DMA,Leadership,25.000,1998
Dominica,DMA,Leadership,25.000,1999
Dominica,DMA,Leadership,0.000,2000
Dominica,DMA,Leadership,25.000,2001
Dominica,DMA,Leadership,25.000,2002
Dominica,DMA,Leadership,25.000,2003
Dominica,DMA,Leadership,25.000,2004
Dominica,DMA,Leadership,50.000,2005
Dominica,DMA,Leadership,25.000,2006
Dominica,DMA,Leadership,25.000,2007
Dominica,DMA,Leadership,50.000,2008
Dominica,DMA,Leadership,25.000,2009
Dominica,DMA,Leadership,75.000,2010
Dominica,DMA,Leadership,25.000,2011
Dominica,DMA,Leadership,50.000,2012
Dominica,DMA,Leadership,25.000,2013
Dominica,DMA,Leadership,50.000,2014
Dominica,DMA,Leadership,50.000,2015
Dominica,DMA,Leadership,50.000,2016
Dominica,DMA,Leadership,25.000,2017
Dominica,DMA,Leadership,50.000,2018
Dominica,DMA,Leadership,50.000,2019
Dominica,DMA,Leadership,50.000,2020
Dominica,DMA,Leadership,25.000,2021
Dominica,DMA,Leadership,50.000,2022
Dominica,DMA,Leadership,25.000,2023
Dominica,DMA,Norms and Decision-making,0.000,1960
Dominica,DMA,Norms and Decision-making,0.000,1961
Dominica,DMA,Norms and Decision-making,0.000,1962
Dominica,DMA,Norms and Decision-making,0.000,1963
Dominica,DMA,Norms and Decision-making,0.000,1964
Dominica,DMA,Norms and Decision-making,0.000,1965
Dominica,DMA,Norms and Decision-making,0.000,1966
Dominica,DMA,Norms and Decision-making,0.000,1967
Dominica,DMA,Norms and Decision-making,0.000,1968
Dominica,DMA,Norms and Decision-making,0.000,1969
Dominica,DMA,Norms and Decision-making,14.074,1970
Dominica,DMA,Norms and Decision-making,12.593,1971
Dominica,DMA,Norms and Decision-making,12.593,1972
Dominica,DMA,Norms and Decision-making,12.593,1973
Dominica,DMA,Norms and Decision-making,12.593,1974
Dominica,DMA,Norms and Decision-making,12.593,1975
Dominica,DMA,Norms and Decision-making,12.593,1976
Dominica,DMA,Norms and Decision-making,12.593,1977
Dominica,DMA,Norms and Decision-making,12.593,1978
Dominica,DMA,Norms and Decision-making,12.593,1979
Dominica,DMA,Norms and Decision-making,12.593,1980
Dominica,DMA,Norms and Decision-making,14.074,1981
Dominica,DMA,Norms and Decision-making,12.593,1982
Dominica,DMA,Norms and Decision-making,12.593,1983
Dominica,DMA,Norms and Decision-making,12.593,1984
Dominica,DMA,Norms and Decision-making,12.593,1985
Dominica,DMA,Norms and Decision-making,12.593,1986
Dominica,DMA,Norms and Decision-making,12.593,1987
Dominica,DMA,Norms and Decision-making,12.593,1988
Dominica,DMA,Norms and Decision-making,12.593,1989
Dominica,DMA,Norms and Decision-making,12.593,1990
Dominica,DMA,Norms and Decision-making,14.074,1991
Dominica,DMA,Norms and Decision-making,12.593,1992
Dominica,DMA,Norms and Decision-making,12.593,1993
Dominica,DMA,Norms and Decision-making,12.593,1994
Dominica,DMA,Norms and Decision-making,12.593,1995
Dominica,DMA,Norms and Decision-making,12.593,1996
Dominica,DMA,Norms and Decision-making,12.593,1997
Dominica,DMA,Norms and Decision-making,12.593,1998
Dominica,DMA,Norms and Decision-making,12.593,1999
Dominica,DMA,Norms and Decision-making,12.593,2000
Dominica,DMA,Norms and Decision-making,14.074,2001
Dominica,DMA,Norms and Decision-making,12.593,2002
Dominica,DMA,Norms and Decision-making,12.593,2003
Dominica,DMA,Norms and Decision-making,12.593,2004
Dominica,DMA,Norms and Decision-making,12.593,2005
Dominica,DMA,Norms and Decision-making,12.593,2006
Dominica,DMA,Norms and Decision-making,12.593,2007
Dominica,DMA,Norms and Decision-making,12.593,2008
Dominica,DMA,Norms and Decision-making,12.593,2009
Dominica,DMA,Norms and Decision-making,14.074,2010
Dominica,DMA,Norms and Decision-making,12.593,2011
Dominica,DMA,Norms and Decision-making,12.593,2012
Dominica,DMA,Norms and Decision-making,12.593,2013
Dominica,DMA,Norms and Decision-making,12.593,2014
Dominica,DMA,Norms and Decision-making,12.593,2015
Dominica,DMA,Norms and Decision-making,12.593,2016
Dominica,DMA,Norms and Decision-making,12.593,2017
Dominica,DMA,Norms and Decision-making,12.593,2018
Dominica,DMA,Norms and Decision-making,12.593,2019
Dominica,DMA,Norms and Decision-making,12.593,2020
Dominica,DMA,Norms and Decision-making,12.593,2021
Dominica,DMA,Norms and Decision-making,12.593,2022
Dominica,DMA,Norms and Decision-making,12.593,2023
Dominica,DMA,Population,86.905,1960
Dominica,DMA,Population,86.905,1961
Dominica,DMA,Population,86.905,1962
Dominica,DMA,Population,86.905,1963
Dominica,DMA,Population,86.905,1964
Dominica,DMA,Population,86.905,1965
Dominica,DMA,Population,86.905,1966
Dominica,DMA,Population,86.905,1967
Dominica,DMA,Population,86.905,1968
Dominica,DMA,Population,86.905,1969
Dominica,DMA,Population,89.286,1970
Dominica,DMA,Population,86.905,1971
Dominica,DMA,Population,86.905,1972
Dominica,DMA,Population,86.905,1973
Dominica,DMA,Population,86.905,1974
Dominica,DMA,Population,86.905,1975
Dominica,DMA,Population,86.905,1976
Dominica,DMA,Population,86.905,1977
Dominica,DMA,Population,86.905,1978
Dominica,DMA,Population,86.905,1979
Dominica,DMA,Population,86.905,1980
Dominica,DMA,Population,89.286,1981
Dominica,DMA,Population,86.905,1982
Dominica,DMA,Population,86.905,1983
Dominica,DMA,Population,86.905,1984
Dominica,DMA,Population,86.905,1985
Dominica,DMA,Population,86.905,1986
Dominica,DMA,Population,86.905,1987
Dominica,DMA,Population,86.905,1988
Dominica,DMA,Population,86.905,1989
Dominica,DMA,Population,88.095,1990
Dominica,DMA,Population,89.286,1991
Dominica,DMA,Population,86.905,1992
Dominica,DMA,Population,86.905,1993
Dominica,DMA,Population,86.905,1994
Dominica,DMA,Population,88.095,1995
Dominica,DMA,Population,86.905,1996
Dominica,DMA,Population,86.905,1997
Dominica,DMA,Population,86.905,1998
Dominica,DMA,Population,86.905,1999
Dominica,DMA,Population,88.095,2000
Dominica,DMA,Population,89.286,2001
Dominica,DMA,Population,86.905,2002
Dominica,DMA,Population,86.905,2003
Dominica,DMA,Population,86.905,2004
Dominica,DMA,Population,88.095,2005
Dominica,DMA,Population,86.905,2006
Dominica,DMA,Population,86.905,2007
Dominica,DMA,Population,86.905,2008
Dominica,DMA,Population,86.905,2009
Dominica,DMA,Population,88.095,2010
Dominica,DMA,Population,86.905,2011
Dominica,DMA,Population,86.905,2012
Dominica,DMA,Population,86.905,2013
Dominica,DMA,Population,86.905,2014
Dominica,DMA,Population,88.095,2015
Dominica,DMA,Population,86.905,2016
Dominica,DMA,Population,86.905,2017
Dominica,DMA,Population,86.905,2018
Dominica,DMA,Population,86.905,2019
Dominica,DMA,Population,88.095,2020
Dominica,DMA,Population,86.905,2021
Dominica,DMA,Population,86.905,2022
Dominica,DMA,Population,77.381,2023
Dominica,DMA,SDGs,2.685,1960
Dominica,DMA,SDGs,2.685,1961
Dominica,DMA,SDGs,2.685,1962
Dominica,DMA,SDGs,2.685,1963
Dominica,DMA,SDGs,2.685,1964
Dominica,DMA,SDGs,2.685,1965
Dominica,DMA,SDGs,2.685,1966
Dominica,DMA,SDGs,2.685,1967
Dominica,DMA,SDGs,2.685,1968
Dominica,DMA,SDGs,2.685,1969
Dominica,DMA,SDGs,11.409,1970
Dominica,DMA,SDGs,11.409,1971
Dominica,DMA,SDGs,11.409,1972
Dominica,DMA,SDGs,11.409,1973
Dominica,DMA,SDGs,11.409,1974
Dominica,DMA,SDGs,11.409,1975
Dominica,DMA,SDGs,11.409,1976
Dominica,DMA,SDGs,11.409,1977
Dominica,DMA,SDGs,11.409,1978
Dominica,DMA,SDGs,11.409,1979
Dominica,DMA,SDGs,12.081,1980
Dominica,DMA,SDGs,12.081,1981
Dominica,DMA,SDGs,12.081,1982
Dominica,DMA,SDGs,12.081,1983
Dominica,DMA,SDGs,12.081,1984
Dominica,DMA,SDGs,12.081,1985
Dominica,DMA,SDGs,12.081,1986
Dominica,DMA,SDGs,12.081,1987
Dominica,DMA,SDGs,12.081,1988
Dominica,DMA,SDGs,16.107,1989
Dominica,DMA,SDGs,12.081,1990
Dominica,DMA,SDGs,14.094,1991
Dominica,DMA,SDGs,12.081,1992
Dominica,DMA,SDGs,12.081,1993
Dominica,DMA,SDGs,12.081,1994
Dominica,DMA,SDGs,12.752,1995
Dominica,DMA,SDGs,12.081,1996
Dominica,DMA,SDGs,16.779,1997
Dominica,DMA,SDGs,13.423,1998
Dominica,DMA,SDGs,17.450,1999
Dominica,DMA,SDGs,15.436,2000
Dominica,DMA,SDGs,20.134,2001
Dominica,DMA,SDGs,16.107,2002
Dominica,DMA,SDGs,16.107,2003
Dominica,DMA,SDGs,16.107,2004
Dominica,DMA,SDGs,16.107,2005
Dominica,DMA,SDGs,15.436,2006
Dominica,DMA,SDGs,16.107,2007
Dominica,DMA,SDGs,16.107,2008
Dominica,DMA,SDGs,16.107,2009
Dominica,DMA,SDGs,16.107,2010
Dominica,DMA,SDGs,16.107,2011
Dominica,DMA,SDGs,16.107,2012
Dominica,DMA,SDGs,16.779,2013
Dominica,DMA,SDGs,16.107,2014
Dominica,DMA,SDGs,16.107,2015
Dominica,DMA,SDGs,16.779,2016
Dominica,DMA,SDGs,16.107,2017
Dominica,DMA,SDGs,15.436,2018
Dominica,DMA,SDGs,15.436,2019
Dominica,DMA,SDGs,15.436,2020
Dominica,DMA,SDGs,12.752,2021
Dominica,DMA,SDGs,12.752,2022
Dominica,DMA,SDGs,10.067,2023
Dominica,DMA,Technology,0.000,1960
Dominica,DMA,Technology,0.000,1961
Dominica,DMA,Technology,0.000,1962
Dominica,DMA,Technology,0.000,1963
Dominica,DMA,Technology,0.000,1964
Dominica,DMA,Technology,0.000,1965
Dominica,DMA,Technology,0.000,1966
Dominica,DMA,Technology,0.000,1967
Dominica,DMA,Technology,0.000,1968
Dominica,DMA,Technology,0.000,1969
Dominica,DMA,Technology,0.000,1970
Dominica,DMA,Technology,0.000,1971
Dominica,DMA,Technology,0.000,1972
Dominica,DMA,Technology,0.000,1973
Dominica,DMA,Technology,0.000,1974
Dominica,DMA,Technology,0.000,1975
Dominica,DMA,Technology,0.000,1976
Dominica,DMA,Technology,0.000,1977
Dominica,DMA,Technology,0.000,1978
Dominica,DMA,Technology,0.000,1979
Dominica,DMA,Technology,0.000,1980
Dominica,DMA,Technology,0.000,1981
Dominica,DMA,Technology,0.000,1982
Dominica,DMA,Technology,0.000,1983
Dominica,DMA,Technology,0.000,1984
Dominica,DMA,Technology,0.000,1985
Dominica,DMA,Technology,0.000,1986
Dominica,DMA,Technology,0.000,1987
Dominica,DMA,Technology,0.000,1988
Dominica,DMA,Technology,0.000,1989
Dominica,DMA,Technology,2.222,1990
Dominica,DMA,Technology,2.222,1991
Dominica,DMA,Technology,2.222,1992
Dominica,DMA,Technology,2.222,1993
Dominica,DMA,Technology,2.222,1994
Dominica,DMA,Technology,2.222,1995
Dominica,DMA,Technology,2.222,1996
Dominica,DMA,Technology,0.000,1997
Dominica,DMA,Technology,2.222,1998
Dominica,DMA,Technology,2.222,1999
Dominica,DMA,Technology,2.222,2000
Dominica,DMA,Technology,2.222,2001
Dominica,DMA,Technology,2.222,2002
Dominica,DMA,Technology,2.222,2003
Dominica,DMA,Technology,2.222,2004
Dominica,DMA,Technology,2.222,2005
Dominica,DMA,Technology,2.222,2006
Dominica,DMA,Technology,2.222,2007
Dominica,DMA,Technology,2.222,2008
Dominica,DMA,Technology,2.222,2009
Dominica,DMA,Technology,2.222,2010
Dominica,DMA,Technology,2.222,2011
Dominica,DMA,Technology,2.222,2012
Dominica,DMA,Technology,2.222,2013
Dominica,DMA,Technology,2.222,2014
Dominica,DMA,Technology,2.222,2015
Dominica,DMA,Technology,2.222,2016
Dominica,DMA,Technology,2.222,2017
Dominica,DMA,Technology,0.000,2018
Dominica,DMA,Technology,2.222,2019
Dominica,DMA,Technology,2.222,2020
Dominica,DMA,Technology,2.222,2021
Dominica,DMA,Technology,2.222,2022
Dominica,DMA,Technology,0.000,2023
Dominica,DMA,Violence,0.000,1960
Dominica,DMA,Violence,0.000,1961
Dominica,DMA,Violence,0.000,1962
Dominica,DMA,Violence,0.000,1963
Dominica,DMA,Violence,0.000,1964
Dominica,DMA,Violence,0.000,1965
Dominica,DMA,Violence,0.000,1966
Dominica,DMA,Violence,0.000,1967
Dominica,DMA,Violence,0.000,1968
Dominica,DMA,Violence,0.000,1969
Dominica,DMA,Violence,2.143,1970
Dominica,DMA,Violence,2.143,1971
Dominica,DMA,Violence,2.143,1972
Dominica,DMA,Violence,2.143,1973
Dominica,DMA,Violence,2.143,1974
Dominica,DMA,Violence,2.143,1975
Dominica,DMA,Violence,2.143,1976
Dominica,DMA,Violence,2.143,1977
Dominica,DMA,Violence,2.143,1978
Dominica,DMA,Violence,2.143,1979
Dominica,DMA,Violence,2.143,1980
Dominica,DMA,Violence,2.143,1981
Dominica,DMA,Violence,2.143,1982
Dominica,DMA,Violence,2.143,1983
Dominica,DMA,Violence,2.143,1984
Dominica,DMA,Violence,2.143,1985
Dominica,DMA,Violence,2.143,1986
Dominica,DMA,Violence,2.143,1987
Dominica,DMA,Violence,2.143,1988
Dominica,DMA,Violence,2.143,1989
Dominica,DMA,Violence,2.143,1990
Dominica,DMA,Violence,2.143,1991
Dominica,DMA,Violence,2.143,1992
Dominica,DMA,Violence,2.143,1993
Dominica,DMA,Violence,2.143,1994
Dominica,DMA,Violence,2.143,1995
Dominica,DMA,Violence,2.143,1996
Dominica,DMA,Violence,2.143,1997
Dominica,DMA,Violence,2.857,1998
Dominica,DMA,Violence,2.857,1999
Dominica,DMA,Violence,2.857,2000
Dominica,DMA,Violence,4.286,2001
Dominica,DMA,Violence,4.286,2002
Dominica,DMA,Violence,4.286,2003
Dominica,DMA,Violence,2.857,2004
Dominica,DMA,Violence,2.857,2005
Dominica,DMA,Violence,2.857,2006
Dominica,DMA,Violence,2.857,2007
Dominica,DMA,Violence,4.286,2008
Dominica,DMA,Violence,2.857,2009
Dominica,DMA,Violence,4.286,2010
Dominica,DMA,Violence,4.286,2011
Dominica,DMA,Violence,2.143,2012
Dominica,DMA,Violence,2.143,2013
Dominica,DMA,Violence,4.286,2014
Dominica,DMA,Violence,4.286,2015
Dominica,DMA,Violence,4.286,2016
Dominica,DMA,Violence,4.286,2017
Dominica,DMA,Violence,4.286,2018
Dominica,DMA,Violence,4.286,2019
Dominica,DMA,Violence,4.286,2020
Dominica,DMA,Violence,4.286,2021
Dominica,DMA,Violence,2.143,2022
Dominica,DMA,Violence,2.143,2023
Dominica,DMA,Youth 15-24,4.587,1960
Dominica,DMA,Youth 15-24,4.587,1961
Dominica,DMA,Youth 15-24,4.587,1962
Dominica,DMA,Youth 15-24,4.587,1963
Dominica,DMA,Youth 15-24,4.587,1964
Dominica,DMA,Youth 15-24,4.587,1965
Dominica,DMA,Youth 15-24,4.587,1966
Dominica,DMA,Youth 15-24,4.587,1967
Dominica,DMA,Youth 15-24,4.587,1968
Dominica,DMA,Youth 15-24,4.587,1969
Dominica,DMA,Youth 15-24,7.339,1970
Dominica,DMA,Youth 15-24,4.587,1971
Dominica,DMA,Youth 15-24,6.422,1972
Dominica,DMA,Youth 15-24,14.679,1973
Dominica,DMA,Youth 15-24,14.679,1974
Dominica,DMA,Youth 15-24,14.679,1975
Dominica,DMA,Youth 15-24,14.679,1976
Dominica,DMA,Youth 15-24,14.679,1977
Dominica,DMA,Youth 15-24,14.679,1978
Dominica,DMA,Youth 15-24,14.679,1979
Dominica,DMA,Youth 15-24,4.587,1980
Dominica,DMA,Youth 15-24,13.761,1981
Dominica,DMA,Youth 15-24,4.587,1982
Dominica,DMA,Youth 15-24,4.587,1983
Dominica,DMA,Youth 15-24,11.009,1984
Dominica,DMA,Youth 15-24,8.257,1985
Dominica,DMA,Youth 15-24,14.679,1986
Dominica,DMA,Youth 15-24,15.596,1987
Dominica,DMA,Youth 15-24,4.587,1988
Dominica,DMA,Youth 15-24,14.679,1989
Dominica,DMA,Youth 15-24,14.679,1990
Dominica,DMA,Youth 15-24,8.257,1991
Dominica,DMA,Youth 15-24,8.257,1992
Dominica,DMA,Youth 15-24,8.257,1993
Dominica,DMA,Youth 15-24,6.422,1994
Dominica,DMA,Youth 15-24,6.422,1995
Dominica,DMA,Youth 15-24,4.587,1996
Dominica,DMA,Youth 15-24,11.009,1997
Dominica,DMA,Youth 15-24,4.587,1998
Dominica,DMA,Youth 15-24,32.110,1999
Dominica,DMA,Youth 15-24,25.688,2000
Dominica,DMA,Youth 15-24,34.862,2001
Dominica,DMA,Youth 15-24,16.514,2002
Dominica,DMA,Youth 15-24,22.936,2003
Dominica,DMA,Youth 15-24,25.688,2004
Dominica,DMA,Youth 15-24,23.853,2005
Dominica,DMA,Youth 15-24,22.936,2006
Dominica,DMA,Youth 15-24,17.431,2007
Dominica,DMA,Youth 15-24,15.596,2008
Dominica,DMA,Youth 15-24,22.018,2009
Dominica,DMA,Youth 15-24,25.688,2010
Dominica,DMA,Youth 15-24,25.688,2011
Dominica,DMA,Youth 15-24,10.092,2012
Dominica,DMA,Youth 15-24,9.174,2013
Dominica,DMA,Youth 15-24,15.596,2014
Dominica,DMA,Youth 15-24,18.349,2015
Dominica,DMA,Youth 15-24,14.679,2016
Dominica,DMA,Youth 15-24,4.587,2017
Dominica,DMA,Youth 15-24,4.587,2018
Dominica,DMA,Youth 15-24,12.844,2019
Dominica,DMA,Youth 15-24,9.174,2020
Dominica,DMA,Youth 15-24,15.596,2021
Dominica,DMA,Youth 15-24,8.257,2022
Dominica,DMA,Youth 15-24,7.339,2023
