Country Name,Country Code,Topic,% of available indicators,Year
"Micronesia, Fed. Sts.",FSM,Assets,0.000,1960
"Micronesia, Fed. Sts.",FSM,Assets,0.000,1961
"Micronesia, Fed. Sts.",FSM,Assets,0.000,1962
"Micronesia, Fed. Sts.",FSM,Assets,0.000,1963
"Micronesia, Fed. Sts.",FSM,Assets,0.000,1964
"Micronesia, Fed. Sts.",FSM,Assets,0.000,1965
"Micronesia, Fed. Sts.",FSM,Assets,0.000,1966
"Micronesia, Fed. Sts.",FSM,Assets,0.000,1967
"Micronesia, Fed. Sts.",FSM,Assets,0.000,1968
"Micronesia, Fed. Sts.",FSM,Assets,0.000,1969
"Micronesia, Fed. Sts.",FSM,Assets,2.208,1970
"Micronesia, Fed. Sts.",FSM,Assets,2.208,1971
"Micronesia, Fed. Sts.",FSM,Assets,2.208,1972
"Micronesia, Fed. Sts.",FSM,Assets,2.208,1973
"Micronesia, Fed. Sts.",FSM,Assets,2.208,1974
"Micronesia, Fed. Sts.",FSM,Assets,2.208,1975
"Micronesia, Fed. Sts.",FSM,Assets,2.208,1976
"Micronesia, Fed. Sts.",FSM,Assets,2.208,1977
"Micronesia, Fed. Sts.",FSM,Assets,2.208,1978
"Micronesia, Fed. Sts.",FSM,Assets,2.208,1979
"Micronesia, Fed. Sts.",FSM,Assets,2.208,1980
"Micronesia, Fed. Sts.",FSM,Assets,2.208,1981
"Micronesia, Fed. Sts.",FSM,Assets,2.208,1982
"Micronesia, Fed. Sts.",FSM,Assets,2.208,1983
"Micronesia, Fed. Sts.",FSM,Assets,2.208,1984
"Micronesia, Fed. Sts.",FSM,Assets,2.208,1985
"Micronesia, Fed. Sts.",FSM,Assets,2.208,1986
"Micronesia, Fed. Sts.",FSM,Assets,2.208,1987
"Micronesia, Fed. Sts.",FSM,Assets,2.208,1988
"Micronesia, Fed. Sts.",FSM,Assets,2.208,1989
"Micronesia, Fed. Sts.",FSM,Assets,2.208,1990
"Micronesia, Fed. Sts.",FSM,Assets,2.208,1991
"Micronesia, Fed. Sts.",FSM,Assets,2.208,1992
"Micronesia, Fed. Sts.",FSM,Assets,2.208,1993
"Micronesia, Fed. Sts.",FSM,Assets,2.208,1994
"Micronesia, Fed. Sts.",FSM,Assets,2.208,1995
"Micronesia, Fed. Sts.",FSM,Assets,2.208,1996
"Micronesia, Fed. Sts.",FSM,Assets,2.208,1997
"Micronesia, Fed. Sts.",FSM,Assets,2.208,1998
"Micronesia, Fed. Sts.",FSM,Assets,2.208,1999
"Micronesia, Fed. Sts.",FSM,Assets,2.208,2000
"Micronesia, Fed. Sts.",FSM,Assets,2.208,2001
"Micronesia, Fed. Sts.",FSM,Assets,2.208,2002
"Micronesia, Fed. Sts.",FSM,Assets,2.208,2003
"Micronesia, Fed. Sts.",FSM,Assets,2.208,2004
"Micronesia, Fed. Sts.",FSM,Assets,2.208,2005
"Micronesia, Fed. Sts.",FSM,Assets,2.208,2006
"Micronesia, Fed. Sts.",FSM,Assets,2.208,2007
"Micronesia, Fed. Sts.",FSM,Assets,2.208,2008
"Micronesia, Fed. Sts.",FSM,Assets,2.208,2009
"Micronesia, Fed. Sts.",FSM,Assets,2.208,2010
"Micronesia, Fed. Sts.",FSM,Assets,2.208,2011
"Micronesia, Fed. Sts.",FSM,Assets,2.208,2012
"Micronesia, Fed. Sts.",FSM,Assets,2.208,2013
"Micronesia, Fed. Sts.",FSM,Assets,2.208,2014
"Micronesia, Fed. Sts.",FSM,Assets,2.208,2015
"Micronesia, Fed. Sts.",FSM,Assets,2.208,2016
"Micronesia, Fed. Sts.",FSM,Assets,2.208,2017
"Micronesia, Fed. Sts.",FSM,Assets,2.208,2018
"Micronesia, Fed. Sts.",FSM,Assets,2.208,2019
"Micronesia, Fed. Sts.",FSM,Assets,2.208,2020
"Micronesia, Fed. Sts.",FSM,Assets,2.208,2021
"Micronesia, Fed. Sts.",FSM,Assets,2.208,2022
"Micronesia, Fed. Sts.",FSM,Assets,2.208,2023
"Micronesia, Fed. Sts.",FSM,Children 0-14,17.692,1960
"Micronesia, Fed. Sts.",FSM,Children 0-14,17.692,1961
"Micronesia, Fed. Sts.",FSM,Children 0-14,17.692,1962
"Micronesia, Fed. Sts.",FSM,Children 0-14,19.231,1963
"Micronesia, Fed. Sts.",FSM,Children 0-14,19.231,1964
"Micronesia, Fed. Sts.",FSM,Children 0-14,19.231,1965
"Micronesia, Fed. Sts.",FSM,Children 0-14,19.231,1966
"Micronesia, Fed. Sts.",FSM,Children 0-14,19.231,1967
"Micronesia, Fed. Sts.",FSM,Children 0-14,19.231,1968
"Micronesia, Fed. Sts.",FSM,Children 0-14,19.231,1969
"Micronesia, Fed. Sts.",FSM,Children 0-14,19.231,1970
"Micronesia, Fed. Sts.",FSM,Children 0-14,25.385,1971
"Micronesia, Fed. Sts.",FSM,Children 0-14,23.077,1972
"Micronesia, Fed. Sts.",FSM,Children 0-14,23.846,1973
"Micronesia, Fed. Sts.",FSM,Children 0-14,23.846,1974
"Micronesia, Fed. Sts.",FSM,Children 0-14,25.385,1975
"Micronesia, Fed. Sts.",FSM,Children 0-14,25.385,1976
"Micronesia, Fed. Sts.",FSM,Children 0-14,23.077,1977
"Micronesia, Fed. Sts.",FSM,Children 0-14,23.077,1978
"Micronesia, Fed. Sts.",FSM,Children 0-14,23.077,1979
"Micronesia, Fed. Sts.",FSM,Children 0-14,19.231,1980
"Micronesia, Fed. Sts.",FSM,Children 0-14,19.231,1981
"Micronesia, Fed. Sts.",FSM,Children 0-14,19.231,1982
"Micronesia, Fed. Sts.",FSM,Children 0-14,19.231,1983
"Micronesia, Fed. Sts.",FSM,Children 0-14,19.231,1984
"Micronesia, Fed. Sts.",FSM,Children 0-14,19.231,1985
"Micronesia, Fed. Sts.",FSM,Children 0-14,19.231,1986
"Micronesia, Fed. Sts.",FSM,Children 0-14,20.769,1987
"Micronesia, Fed. Sts.",FSM,Children 0-14,20.769,1988
"Micronesia, Fed. Sts.",FSM,Children 0-14,20.769,1989
"Micronesia, Fed. Sts.",FSM,Children 0-14,20.769,1990
"Micronesia, Fed. Sts.",FSM,Children 0-14,20.769,1991
"Micronesia, Fed. Sts.",FSM,Children 0-14,20.769,1992
"Micronesia, Fed. Sts.",FSM,Children 0-14,20.769,1993
"Micronesia, Fed. Sts.",FSM,Children 0-14,20.769,1994
"Micronesia, Fed. Sts.",FSM,Children 0-14,20.769,1995
"Micronesia, Fed. Sts.",FSM,Children 0-14,20.769,1996
"Micronesia, Fed. Sts.",FSM,Children 0-14,20.769,1997
"Micronesia, Fed. Sts.",FSM,Children 0-14,20.769,1998
"Micronesia, Fed. Sts.",FSM,Children 0-14,21.538,1999
"Micronesia, Fed. Sts.",FSM,Children 0-14,34.615,2000
"Micronesia, Fed. Sts.",FSM,Children 0-14,20.769,2001
"Micronesia, Fed. Sts.",FSM,Children 0-14,20.769,2002
"Micronesia, Fed. Sts.",FSM,Children 0-14,20.769,2003
"Micronesia, Fed. Sts.",FSM,Children 0-14,24.615,2004
"Micronesia, Fed. Sts.",FSM,Children 0-14,24.615,2005
"Micronesia, Fed. Sts.",FSM,Children 0-14,20.769,2006
"Micronesia, Fed. Sts.",FSM,Children 0-14,24.615,2007
"Micronesia, Fed. Sts.",FSM,Children 0-14,20.769,2008
"Micronesia, Fed. Sts.",FSM,Children 0-14,20.769,2009
"Micronesia, Fed. Sts.",FSM,Children 0-14,36.923,2010
"Micronesia, Fed. Sts.",FSM,Children 0-14,20.769,2011
"Micronesia, Fed. Sts.",FSM,Children 0-14,20.769,2012
"Micronesia, Fed. Sts.",FSM,Children 0-14,30.769,2013
"Micronesia, Fed. Sts.",FSM,Children 0-14,44.615,2014
"Micronesia, Fed. Sts.",FSM,Children 0-14,56.154,2015
"Micronesia, Fed. Sts.",FSM,Children 0-14,33.846,2016
"Micronesia, Fed. Sts.",FSM,Children 0-14,33.846,2017
"Micronesia, Fed. Sts.",FSM,Children 0-14,34.615,2018
"Micronesia, Fed. Sts.",FSM,Children 0-14,47.692,2019
"Micronesia, Fed. Sts.",FSM,Children 0-14,36.154,2020
"Micronesia, Fed. Sts.",FSM,Children 0-14,33.846,2021
"Micronesia, Fed. Sts.",FSM,Children 0-14,30.769,2022
"Micronesia, Fed. Sts.",FSM,Children 0-14,9.231,2023
"Micronesia, Fed. Sts.",FSM,Education,0.000,1960
"Micronesia, Fed. Sts.",FSM,Education,0.000,1961
"Micronesia, Fed. Sts.",FSM,Education,0.000,1962
"Micronesia, Fed. Sts.",FSM,Education,0.000,1963
"Micronesia, Fed. Sts.",FSM,Education,0.000,1964
"Micronesia, Fed. Sts.",FSM,Education,0.000,1965
"Micronesia, Fed. Sts.",FSM,Education,0.000,1966
"Micronesia, Fed. Sts.",FSM,Education,0.000,1967
"Micronesia, Fed. Sts.",FSM,Education,0.000,1968
"Micronesia, Fed. Sts.",FSM,Education,0.000,1969
"Micronesia, Fed. Sts.",FSM,Education,0.000,1970
"Micronesia, Fed. Sts.",FSM,Education,6.748,1971
"Micronesia, Fed. Sts.",FSM,Education,10.429,1972
"Micronesia, Fed. Sts.",FSM,Education,10.429,1973
"Micronesia, Fed. Sts.",FSM,Education,10.429,1974
"Micronesia, Fed. Sts.",FSM,Education,4.908,1975
"Micronesia, Fed. Sts.",FSM,Education,11.656,1976
"Micronesia, Fed. Sts.",FSM,Education,9.816,1977
"Micronesia, Fed. Sts.",FSM,Education,3.681,1978
"Micronesia, Fed. Sts.",FSM,Education,6.135,1979
"Micronesia, Fed. Sts.",FSM,Education,3.067,1980
"Micronesia, Fed. Sts.",FSM,Education,2.454,1981
"Micronesia, Fed. Sts.",FSM,Education,3.067,1982
"Micronesia, Fed. Sts.",FSM,Education,0.613,1983
"Micronesia, Fed. Sts.",FSM,Education,0.000,1984
"Micronesia, Fed. Sts.",FSM,Education,0.000,1985
"Micronesia, Fed. Sts.",FSM,Education,0.000,1986
"Micronesia, Fed. Sts.",FSM,Education,0.000,1987
"Micronesia, Fed. Sts.",FSM,Education,0.000,1988
"Micronesia, Fed. Sts.",FSM,Education,0.000,1989
"Micronesia, Fed. Sts.",FSM,Education,0.000,1990
"Micronesia, Fed. Sts.",FSM,Education,0.000,1991
"Micronesia, Fed. Sts.",FSM,Education,0.000,1992
"Micronesia, Fed. Sts.",FSM,Education,0.000,1993
"Micronesia, Fed. Sts.",FSM,Education,0.000,1994
"Micronesia, Fed. Sts.",FSM,Education,0.000,1995
"Micronesia, Fed. Sts.",FSM,Education,0.000,1996
"Micronesia, Fed. Sts.",FSM,Education,0.000,1997
"Micronesia, Fed. Sts.",FSM,Education,0.000,1998
"Micronesia, Fed. Sts.",FSM,Education,1.840,1999
"Micronesia, Fed. Sts.",FSM,Education,1.227,2000
"Micronesia, Fed. Sts.",FSM,Education,0.000,2001
"Micronesia, Fed. Sts.",FSM,Education,0.000,2002
"Micronesia, Fed. Sts.",FSM,Education,0.000,2003
"Micronesia, Fed. Sts.",FSM,Education,6.748,2004
"Micronesia, Fed. Sts.",FSM,Education,6.748,2005
"Micronesia, Fed. Sts.",FSM,Education,0.000,2006
"Micronesia, Fed. Sts.",FSM,Education,3.067,2007
"Micronesia, Fed. Sts.",FSM,Education,0.000,2008
"Micronesia, Fed. Sts.",FSM,Education,0.000,2009
"Micronesia, Fed. Sts.",FSM,Education,0.000,2010
"Micronesia, Fed. Sts.",FSM,Education,0.000,2011
"Micronesia, Fed. Sts.",FSM,Education,0.613,2012
"Micronesia, Fed. Sts.",FSM,Education,9.816,2013
"Micronesia, Fed. Sts.",FSM,Education,33.742,2014
"Micronesia, Fed. Sts.",FSM,Education,19.018,2015
"Micronesia, Fed. Sts.",FSM,Education,12.270,2016
"Micronesia, Fed. Sts.",FSM,Education,12.270,2017
"Micronesia, Fed. Sts.",FSM,Education,22.086,2018
"Micronesia, Fed. Sts.",FSM,Education,12.270,2019
"Micronesia, Fed. Sts.",FSM,Education,23.313,2020
"Micronesia, Fed. Sts.",FSM,Education,11.656,2021
"Micronesia, Fed. Sts.",FSM,Education,8.589,2022
"Micronesia, Fed. Sts.",FSM,Education,0.000,2023
"Micronesia, Fed. Sts.",FSM,Employment and Time Use,0.000,1960
"Micronesia, Fed. Sts.",FSM,Employment and Time Use,0.000,1961
"Micronesia, Fed. Sts.",FSM,Employment and Time Use,0.000,1962
"Micronesia, Fed. Sts.",FSM,Employment and Time Use,0.000,1963
"Micronesia, Fed. Sts.",FSM,Employment and Time Use,0.000,1964
"Micronesia, Fed. Sts.",FSM,Employment and Time Use,0.000,1965
"Micronesia, Fed. Sts.",FSM,Employment and Time Use,0.000,1966
"Micronesia, Fed. Sts.",FSM,Employment and Time Use,0.000,1967
"Micronesia, Fed. Sts.",FSM,Employment and Time Use,0.000,1968
"Micronesia, Fed. Sts.",FSM,Employment and Time Use,0.000,1969
"Micronesia, Fed. Sts.",FSM,Employment and Time Use,21.168,1970
"Micronesia, Fed. Sts.",FSM,Employment and Time Use,21.168,1971
"Micronesia, Fed. Sts.",FSM,Employment and Time Use,21.168,1972
"Micronesia, Fed. Sts.",FSM,Employment and Time Use,21.168,1973
"Micronesia, Fed. Sts.",FSM,Employment and Time Use,21.168,1974
"Micronesia, Fed. Sts.",FSM,Employment and Time Use,21.168,1975
"Micronesia, Fed. Sts.",FSM,Employment and Time Use,21.168,1976
"Micronesia, Fed. Sts.",FSM,Employment and Time Use,21.168,1977
"Micronesia, Fed. Sts.",FSM,Employment and Time Use,21.168,1978
"Micronesia, Fed. Sts.",FSM,Employment and Time Use,21.168,1979
"Micronesia, Fed. Sts.",FSM,Employment and Time Use,21.168,1980
"Micronesia, Fed. Sts.",FSM,Employment and Time Use,21.168,1981
"Micronesia, Fed. Sts.",FSM,Employment and Time Use,21.168,1982
"Micronesia, Fed. Sts.",FSM,Employment and Time Use,21.168,1983
"Micronesia, Fed. Sts.",FSM,Employment and Time Use,21.168,1984
"Micronesia, Fed. Sts.",FSM,Employment and Time Use,21.168,1985
"Micronesia, Fed. Sts.",FSM,Employment and Time Use,21.168,1986
"Micronesia, Fed. Sts.",FSM,Employment and Time Use,21.168,1987
"Micronesia, Fed. Sts.",FSM,Employment and Time Use,21.168,1988
"Micronesia, Fed. Sts.",FSM,Employment and Time Use,21.168,1989
"Micronesia, Fed. Sts.",FSM,Employment and Time Use,21.168,1990
"Micronesia, Fed. Sts.",FSM,Employment and Time Use,21.168,1991
"Micronesia, Fed. Sts.",FSM,Employment and Time Use,21.168,1992
"Micronesia, Fed. Sts.",FSM,Employment and Time Use,21.168,1993
"Micronesia, Fed. Sts.",FSM,Employment and Time Use,21.168,1994
"Micronesia, Fed. Sts.",FSM,Employment and Time Use,21.168,1995
"Micronesia, Fed. Sts.",FSM,Employment and Time Use,21.168,1996
"Micronesia, Fed. Sts.",FSM,Employment and Time Use,21.168,1997
"Micronesia, Fed. Sts.",FSM,Employment and Time Use,21.168,1998
"Micronesia, Fed. Sts.",FSM,Employment and Time Use,21.168,1999
"Micronesia, Fed. Sts.",FSM,Employment and Time Use,21.168,2000
"Micronesia, Fed. Sts.",FSM,Employment and Time Use,21.168,2001
"Micronesia, Fed. Sts.",FSM,Employment and Time Use,21.168,2002
"Micronesia, Fed. Sts.",FSM,Employment and Time Use,21.168,2003
"Micronesia, Fed. Sts.",FSM,Employment and Time Use,21.168,2004
"Micronesia, Fed. Sts.",FSM,Employment and Time Use,21.168,2005
"Micronesia, Fed. Sts.",FSM,Employment and Time Use,21.168,2006
"Micronesia, Fed. Sts.",FSM,Employment and Time Use,21.168,2007
"Micronesia, Fed. Sts.",FSM,Employment and Time Use,21.168,2008
"Micronesia, Fed. Sts.",FSM,Employment and Time Use,21.168,2009
"Micronesia, Fed. Sts.",FSM,Employment and Time Use,21.168,2010
"Micronesia, Fed. Sts.",FSM,Employment and Time Use,21.168,2011
"Micronesia, Fed. Sts.",FSM,Employment and Time Use,21.168,2012
"Micronesia, Fed. Sts.",FSM,Employment and Time Use,21.168,2013
"Micronesia, Fed. Sts.",FSM,Employment and Time Use,55.474,2014
"Micronesia, Fed. Sts.",FSM,Employment and Time Use,21.168,2015
"Micronesia, Fed. Sts.",FSM,Employment and Time Use,21.168,2016
"Micronesia, Fed. Sts.",FSM,Employment and Time Use,21.168,2017
"Micronesia, Fed. Sts.",FSM,Employment and Time Use,21.168,2018
"Micronesia, Fed. Sts.",FSM,Employment and Time Use,21.168,2019
"Micronesia, Fed. Sts.",FSM,Employment and Time Use,21.168,2020
"Micronesia, Fed. Sts.",FSM,Employment and Time Use,21.168,2021
"Micronesia, Fed. Sts.",FSM,Employment and Time Use,21.168,2022
"Micronesia, Fed. Sts.",FSM,Employment and Time Use,24.088,2023
"Micronesia, Fed. Sts.",FSM,Entrepreneurship,0.000,1960
"Micronesia, Fed. Sts.",FSM,Entrepreneurship,0.000,1961
"Micronesia, Fed. Sts.",FSM,Entrepreneurship,0.000,1962
"Micronesia, Fed. Sts.",FSM,Entrepreneurship,0.000,1963
"Micronesia, Fed. Sts.",FSM,Entrepreneurship,0.000,1964
"Micronesia, Fed. Sts.",FSM,Entrepreneurship,0.000,1965
"Micronesia, Fed. Sts.",FSM,Entrepreneurship,0.000,1966
"Micronesia, Fed. Sts.",FSM,Entrepreneurship,0.000,1967
"Micronesia, Fed. Sts.",FSM,Entrepreneurship,0.000,1968
"Micronesia, Fed. Sts.",FSM,Entrepreneurship,0.000,1969
"Micronesia, Fed. Sts.",FSM,Entrepreneurship,9.375,1970
"Micronesia, Fed. Sts.",FSM,Entrepreneurship,9.375,1971
"Micronesia, Fed. Sts.",FSM,Entrepreneurship,9.375,1972
"Micronesia, Fed. Sts.",FSM,Entrepreneurship,9.375,1973
"Micronesia, Fed. Sts.",FSM,Entrepreneurship,9.375,1974
"Micronesia, Fed. Sts.",FSM,Entrepreneurship,9.375,1975
"Micronesia, Fed. Sts.",FSM,Entrepreneurship,9.375,1976
"Micronesia, Fed. Sts.",FSM,Entrepreneurship,9.375,1977
"Micronesia, Fed. Sts.",FSM,Entrepreneurship,9.375,1978
"Micronesia, Fed. Sts.",FSM,Entrepreneurship,9.375,1979
"Micronesia, Fed. Sts.",FSM,Entrepreneurship,9.375,1980
"Micronesia, Fed. Sts.",FSM,Entrepreneurship,9.375,1981
"Micronesia, Fed. Sts.",FSM,Entrepreneurship,9.375,1982
"Micronesia, Fed. Sts.",FSM,Entrepreneurship,9.375,1983
"Micronesia, Fed. Sts.",FSM,Entrepreneurship,9.375,1984
"Micronesia, Fed. Sts.",FSM,Entrepreneurship,9.375,1985
"Micronesia, Fed. Sts.",FSM,Entrepreneurship,9.375,1986
"Micronesia, Fed. Sts.",FSM,Entrepreneurship,9.375,1987
"Micronesia, Fed. Sts.",FSM,Entrepreneurship,9.375,1988
"Micronesia, Fed. Sts.",FSM,Entrepreneurship,9.375,1989
"Micronesia, Fed. Sts.",FSM,Entrepreneurship,9.375,1990
"Micronesia, Fed. Sts.",FSM,Entrepreneurship,9.375,1991
"Micronesia, Fed. Sts.",FSM,Entrepreneurship,9.375,1992
"Micronesia, Fed. Sts.",FSM,Entrepreneurship,9.375,1993
"Micronesia, Fed. Sts.",FSM,Entrepreneurship,9.375,1994
"Micronesia, Fed. Sts.",FSM,Entrepreneurship,9.375,1995
"Micronesia, Fed. Sts.",FSM,Entrepreneurship,9.375,1996
"Micronesia, Fed. Sts.",FSM,Entrepreneurship,9.375,1997
"Micronesia, Fed. Sts.",FSM,Entrepreneurship,9.375,1998
"Micronesia, Fed. Sts.",FSM,Entrepreneurship,9.375,1999
"Micronesia, Fed. Sts.",FSM,Entrepreneurship,9.375,2000
"Micronesia, Fed. Sts.",FSM,Entrepreneurship,9.375,2001
"Micronesia, Fed. Sts.",FSM,Entrepreneurship,9.375,2002
"Micronesia, Fed. Sts.",FSM,Entrepreneurship,37.500,2003
"Micronesia, Fed. Sts.",FSM,Entrepreneurship,37.500,2004
"Micronesia, Fed. Sts.",FSM,Entrepreneurship,37.500,2005
"Micronesia, Fed. Sts.",FSM,Entrepreneurship,37.500,2006
"Micronesia, Fed. Sts.",FSM,Entrepreneurship,37.500,2007
"Micronesia, Fed. Sts.",FSM,Entrepreneurship,37.500,2008
"Micronesia, Fed. Sts.",FSM,Entrepreneurship,40.625,2009
"Micronesia, Fed. Sts.",FSM,Entrepreneurship,37.500,2010
"Micronesia, Fed. Sts.",FSM,Entrepreneurship,37.500,2011
"Micronesia, Fed. Sts.",FSM,Entrepreneurship,37.500,2012
"Micronesia, Fed. Sts.",FSM,Entrepreneurship,37.500,2013
"Micronesia, Fed. Sts.",FSM,Entrepreneurship,37.500,2014
"Micronesia, Fed. Sts.",FSM,Entrepreneurship,37.500,2015
"Micronesia, Fed. Sts.",FSM,Entrepreneurship,37.500,2016
"Micronesia, Fed. Sts.",FSM,Entrepreneurship,37.500,2017
"Micronesia, Fed. Sts.",FSM,Entrepreneurship,37.500,2018
"Micronesia, Fed. Sts.",FSM,Entrepreneurship,37.500,2019
"Micronesia, Fed. Sts.",FSM,Entrepreneurship,9.375,2020
"Micronesia, Fed. Sts.",FSM,Entrepreneurship,9.375,2021
"Micronesia, Fed. Sts.",FSM,Entrepreneurship,9.375,2022
"Micronesia, Fed. Sts.",FSM,Entrepreneurship,9.375,2023
"Micronesia, Fed. Sts.",FSM,Environment,0.000,1960
"Micronesia, Fed. Sts.",FSM,Environment,0.000,1961
"Micronesia, Fed. Sts.",FSM,Environment,0.000,1962
"Micronesia, Fed. Sts.",FSM,Environment,0.000,1963
"Micronesia, Fed. Sts.",FSM,Environment,0.000,1964
"Micronesia, Fed. Sts.",FSM,Environment,0.000,1965
"Micronesia, Fed. Sts.",FSM,Environment,0.000,1966
"Micronesia, Fed. Sts.",FSM,Environment,0.000,1967
"Micronesia, Fed. Sts.",FSM,Environment,0.000,1968
"Micronesia, Fed. Sts.",FSM,Environment,0.000,1969
"Micronesia, Fed. Sts.",FSM,Environment,0.000,1970
"Micronesia, Fed. Sts.",FSM,Environment,0.000,1971
"Micronesia, Fed. Sts.",FSM,Environment,0.000,1972
"Micronesia, Fed. Sts.",FSM,Environment,0.000,1973
"Micronesia, Fed. Sts.",FSM,Environment,0.000,1974
"Micronesia, Fed. Sts.",FSM,Environment,0.000,1975
"Micronesia, Fed. Sts.",FSM,Environment,0.000,1976
"Micronesia, Fed. Sts.",FSM,Environment,0.000,1977
"Micronesia, Fed. Sts.",FSM,Environment,0.000,1978
"Micronesia, Fed. Sts.",FSM,Environment,0.000,1979
"Micronesia, Fed. Sts.",FSM,Environment,0.000,1980
"Micronesia, Fed. Sts.",FSM,Environment,0.000,1981
"Micronesia, Fed. Sts.",FSM,Environment,0.000,1982
"Micronesia, Fed. Sts.",FSM,Environment,0.000,1983
"Micronesia, Fed. Sts.",FSM,Environment,0.000,1984
"Micronesia, Fed. Sts.",FSM,Environment,0.000,1985
"Micronesia, Fed. Sts.",FSM,Environment,0.000,1986
"Micronesia, Fed. Sts.",FSM,Environment,0.000,1987
"Micronesia, Fed. Sts.",FSM,Environment,0.000,1988
"Micronesia, Fed. Sts.",FSM,Environment,0.000,1989
"Micronesia, Fed. Sts.",FSM,Environment,0.000,1990
"Micronesia, Fed. Sts.",FSM,Environment,0.000,1991
"Micronesia, Fed. Sts.",FSM,Environment,0.000,1992
"Micronesia, Fed. Sts.",FSM,Environment,0.000,1993
"Micronesia, Fed. Sts.",FSM,Environment,0.000,1994
"Micronesia, Fed. Sts.",FSM,Environment,0.000,1995
"Micronesia, Fed. Sts.",FSM,Environment,0.000,1996
"Micronesia, Fed. Sts.",FSM,Environment,0.000,1997
"Micronesia, Fed. Sts.",FSM,Environment,0.000,1998
"Micronesia, Fed. Sts.",FSM,Environment,0.000,1999
"Micronesia, Fed. Sts.",FSM,Environment,0.000,2000
"Micronesia, Fed. Sts.",FSM,Environment,0.000,2001
"Micronesia, Fed. Sts.",FSM,Environment,0.000,2002
"Micronesia, Fed. Sts.",FSM,Environment,0.000,2003
"Micronesia, Fed. Sts.",FSM,Environment,0.000,2004
"Micronesia, Fed. Sts.",FSM,Environment,0.000,2005
"Micronesia, Fed. Sts.",FSM,Environment,3.333,2006
"Micronesia, Fed. Sts.",FSM,Environment,3.333,2007
"Micronesia, Fed. Sts.",FSM,Environment,3.333,2008
"Micronesia, Fed. Sts.",FSM,Environment,3.333,2009
"Micronesia, Fed. Sts.",FSM,Environment,3.333,2010
"Micronesia, Fed. Sts.",FSM,Environment,3.333,2011
"Micronesia, Fed. Sts.",FSM,Environment,3.333,2012
"Micronesia, Fed. Sts.",FSM,Environment,3.333,2013
"Micronesia, Fed. Sts.",FSM,Environment,3.333,2014
"Micronesia, Fed. Sts.",FSM,Environment,0.000,2015
"Micronesia, Fed. Sts.",FSM,Environment,0.000,2016
"Micronesia, Fed. Sts.",FSM,Environment,0.000,2017
"Micronesia, Fed. Sts.",FSM,Environment,0.000,2018
"Micronesia, Fed. Sts.",FSM,Environment,20.000,2019
"Micronesia, Fed. Sts.",FSM,Environment,0.000,2020
"Micronesia, Fed. Sts.",FSM,Environment,0.000,2021
"Micronesia, Fed. Sts.",FSM,Environment,0.000,2022
"Micronesia, Fed. Sts.",FSM,Environment,0.000,2023
"Micronesia, Fed. Sts.",FSM,Health,7.576,1960
"Micronesia, Fed. Sts.",FSM,Health,7.576,1961
"Micronesia, Fed. Sts.",FSM,Health,7.576,1962
"Micronesia, Fed. Sts.",FSM,Health,8.586,1963
"Micronesia, Fed. Sts.",FSM,Health,8.586,1964
"Micronesia, Fed. Sts.",FSM,Health,8.586,1965
"Micronesia, Fed. Sts.",FSM,Health,8.586,1966
"Micronesia, Fed. Sts.",FSM,Health,8.586,1967
"Micronesia, Fed. Sts.",FSM,Health,8.586,1968
"Micronesia, Fed. Sts.",FSM,Health,8.586,1969
"Micronesia, Fed. Sts.",FSM,Health,8.586,1970
"Micronesia, Fed. Sts.",FSM,Health,8.586,1971
"Micronesia, Fed. Sts.",FSM,Health,8.586,1972
"Micronesia, Fed. Sts.",FSM,Health,8.586,1973
"Micronesia, Fed. Sts.",FSM,Health,8.586,1974
"Micronesia, Fed. Sts.",FSM,Health,11.111,1975
"Micronesia, Fed. Sts.",FSM,Health,11.111,1976
"Micronesia, Fed. Sts.",FSM,Health,11.111,1977
"Micronesia, Fed. Sts.",FSM,Health,11.111,1978
"Micronesia, Fed. Sts.",FSM,Health,11.111,1979
"Micronesia, Fed. Sts.",FSM,Health,11.111,1980
"Micronesia, Fed. Sts.",FSM,Health,11.111,1981
"Micronesia, Fed. Sts.",FSM,Health,11.111,1982
"Micronesia, Fed. Sts.",FSM,Health,11.111,1983
"Micronesia, Fed. Sts.",FSM,Health,11.111,1984
"Micronesia, Fed. Sts.",FSM,Health,11.111,1985
"Micronesia, Fed. Sts.",FSM,Health,11.111,1986
"Micronesia, Fed. Sts.",FSM,Health,12.121,1987
"Micronesia, Fed. Sts.",FSM,Health,12.121,1988
"Micronesia, Fed. Sts.",FSM,Health,12.121,1989
"Micronesia, Fed. Sts.",FSM,Health,12.121,1990
"Micronesia, Fed. Sts.",FSM,Health,12.121,1991
"Micronesia, Fed. Sts.",FSM,Health,12.121,1992
"Micronesia, Fed. Sts.",FSM,Health,12.121,1993
"Micronesia, Fed. Sts.",FSM,Health,12.121,1994
"Micronesia, Fed. Sts.",FSM,Health,12.121,1995
"Micronesia, Fed. Sts.",FSM,Health,12.121,1996
"Micronesia, Fed. Sts.",FSM,Health,12.121,1997
"Micronesia, Fed. Sts.",FSM,Health,12.626,1998
"Micronesia, Fed. Sts.",FSM,Health,12.626,1999
"Micronesia, Fed. Sts.",FSM,Health,47.475,2000
"Micronesia, Fed. Sts.",FSM,Health,24.747,2001
"Micronesia, Fed. Sts.",FSM,Health,24.747,2002
"Micronesia, Fed. Sts.",FSM,Health,24.747,2003
"Micronesia, Fed. Sts.",FSM,Health,24.242,2004
"Micronesia, Fed. Sts.",FSM,Health,24.747,2005
"Micronesia, Fed. Sts.",FSM,Health,25.253,2006
"Micronesia, Fed. Sts.",FSM,Health,24.747,2007
"Micronesia, Fed. Sts.",FSM,Health,25.758,2008
"Micronesia, Fed. Sts.",FSM,Health,25.253,2009
"Micronesia, Fed. Sts.",FSM,Health,50.505,2010
"Micronesia, Fed. Sts.",FSM,Health,24.747,2011
"Micronesia, Fed. Sts.",FSM,Health,25.253,2012
"Micronesia, Fed. Sts.",FSM,Health,25.253,2013
"Micronesia, Fed. Sts.",FSM,Health,25.253,2014
"Micronesia, Fed. Sts.",FSM,Health,47.475,2015
"Micronesia, Fed. Sts.",FSM,Health,24.747,2016
"Micronesia, Fed. Sts.",FSM,Health,22.222,2017
"Micronesia, Fed. Sts.",FSM,Health,24.747,2018
"Micronesia, Fed. Sts.",FSM,Health,47.475,2019
"Micronesia, Fed. Sts.",FSM,Health,17.172,2020
"Micronesia, Fed. Sts.",FSM,Health,10.606,2021
"Micronesia, Fed. Sts.",FSM,Health,9.596,2022
"Micronesia, Fed. Sts.",FSM,Health,1.010,2023
"Micronesia, Fed. Sts.",FSM,Leadership,0.000,1960
"Micronesia, Fed. Sts.",FSM,Leadership,0.000,1961
"Micronesia, Fed. Sts.",FSM,Leadership,0.000,1962
"Micronesia, Fed. Sts.",FSM,Leadership,0.000,1963
"Micronesia, Fed. Sts.",FSM,Leadership,0.000,1964
"Micronesia, Fed. Sts.",FSM,Leadership,0.000,1965
"Micronesia, Fed. Sts.",FSM,Leadership,0.000,1966
"Micronesia, Fed. Sts.",FSM,Leadership,0.000,1967
"Micronesia, Fed. Sts.",FSM,Leadership,0.000,1968
"Micronesia, Fed. Sts.",FSM,Leadership,0.000,1969
"Micronesia, Fed. Sts.",FSM,Leadership,0.000,1970
"Micronesia, Fed. Sts.",FSM,Leadership,0.000,1971
"Micronesia, Fed. Sts.",FSM,Leadership,0.000,1972
"Micronesia, Fed. Sts.",FSM,Leadership,0.000,1973
"Micronesia, Fed. Sts.",FSM,Leadership,0.000,1974
"Micronesia, Fed. Sts.",FSM,Leadership,0.000,1975
"Micronesia, Fed. Sts.",FSM,Leadership,0.000,1976
"Micronesia, Fed. Sts.",FSM,Leadership,0.000,1977
"Micronesia, Fed. Sts.",FSM,Leadership,0.000,1978
"Micronesia, Fed. Sts.",FSM,Leadership,0.000,1979
"Micronesia, Fed. Sts.",FSM,Leadership,0.000,1980
"Micronesia, Fed. Sts.",FSM,Leadership,0.000,1981
"Micronesia, Fed. Sts.",FSM,Leadership,0.000,1982
"Micronesia, Fed. Sts.",FSM,Leadership,0.000,1983
"Micronesia, Fed. Sts.",FSM,Leadership,0.000,1984
"Micronesia, Fed. Sts.",FSM,Leadership,0.000,1985
"Micronesia, Fed. Sts.",FSM,Leadership,0.000,1986
"Micronesia, Fed. Sts.",FSM,Leadership,0.000,1987
"Micronesia, Fed. Sts.",FSM,Leadership,0.000,1988
"Micronesia, Fed. Sts.",FSM,Leadership,0.000,1989
"Micronesia, Fed. Sts.",FSM,Leadership,0.000,1990
"Micronesia, Fed. Sts.",FSM,Leadership,0.000,1991
"Micronesia, Fed. Sts.",FSM,Leadership,0.000,1992
"Micronesia, Fed. Sts.",FSM,Leadership,0.000,1993
"Micronesia, Fed. Sts.",FSM,Leadership,0.000,1994
"Micronesia, Fed. Sts.",FSM,Leadership,0.000,1995
"Micronesia, Fed. Sts.",FSM,Leadership,0.000,1996
"Micronesia, Fed. Sts.",FSM,Leadership,25.000,1997
"Micronesia, Fed. Sts.",FSM,Leadership,25.000,1998
"Micronesia, Fed. Sts.",FSM,Leadership,25.000,1999
"Micronesia, Fed. Sts.",FSM,Leadership,25.000,2000
"Micronesia, Fed. Sts.",FSM,Leadership,25.000,2001
"Micronesia, Fed. Sts.",FSM,Leadership,25.000,2002
"Micronesia, Fed. Sts.",FSM,Leadership,25.000,2003
"Micronesia, Fed. Sts.",FSM,Leadership,25.000,2004
"Micronesia, Fed. Sts.",FSM,Leadership,25.000,2005
"Micronesia, Fed. Sts.",FSM,Leadership,25.000,2006
"Micronesia, Fed. Sts.",FSM,Leadership,25.000,2007
"Micronesia, Fed. Sts.",FSM,Leadership,50.000,2008
"Micronesia, Fed. Sts.",FSM,Leadership,25.000,2009
"Micronesia, Fed. Sts.",FSM,Leadership,50.000,2010
"Micronesia, Fed. Sts.",FSM,Leadership,25.000,2011
"Micronesia, Fed. Sts.",FSM,Leadership,50.000,2012
"Micronesia, Fed. Sts.",FSM,Leadership,25.000,2013
"Micronesia, Fed. Sts.",FSM,Leadership,75.000,2014
"Micronesia, Fed. Sts.",FSM,Leadership,50.000,2015
"Micronesia, Fed. Sts.",FSM,Leadership,50.000,2016
"Micronesia, Fed. Sts.",FSM,Leadership,25.000,2017
"Micronesia, Fed. Sts.",FSM,Leadership,50.000,2018
"Micronesia, Fed. Sts.",FSM,Leadership,50.000,2019
"Micronesia, Fed. Sts.",FSM,Leadership,50.000,2020
"Micronesia, Fed. Sts.",FSM,Leadership,25.000,2021
"Micronesia, Fed. Sts.",FSM,Leadership,50.000,2022
"Micronesia, Fed. Sts.",FSM,Leadership,25.000,2023
"Micronesia, Fed. Sts.",FSM,Norms and Decision-making,0.000,1960
"Micronesia, Fed. Sts.",FSM,Norms and Decision-making,0.000,1961
"Micronesia, Fed. Sts.",FSM,Norms and Decision-making,0.000,1962
"Micronesia, Fed. Sts.",FSM,Norms and Decision-making,0.000,1963
"Micronesia, Fed. Sts.",FSM,Norms and Decision-making,0.000,1964
"Micronesia, Fed. Sts.",FSM,Norms and Decision-making,0.000,1965
"Micronesia, Fed. Sts.",FSM,Norms and Decision-making,0.000,1966
"Micronesia, Fed. Sts.",FSM,Norms and Decision-making,0.000,1967
"Micronesia, Fed. Sts.",FSM,Norms and Decision-making,0.000,1968
"Micronesia, Fed. Sts.",FSM,Norms and Decision-making,0.000,1969
"Micronesia, Fed. Sts.",FSM,Norms and Decision-making,12.593,1970
"Micronesia, Fed. Sts.",FSM,Norms and Decision-making,12.593,1971
"Micronesia, Fed. Sts.",FSM,Norms and Decision-making,12.593,1972
"Micronesia, Fed. Sts.",FSM,Norms and Decision-making,12.593,1973
"Micronesia, Fed. Sts.",FSM,Norms and Decision-making,12.593,1974
"Micronesia, Fed. Sts.",FSM,Norms and Decision-making,12.593,1975
"Micronesia, Fed. Sts.",FSM,Norms and Decision-making,12.593,1976
"Micronesia, Fed. Sts.",FSM,Norms and Decision-making,12.593,1977
"Micronesia, Fed. Sts.",FSM,Norms and Decision-making,12.593,1978
"Micronesia, Fed. Sts.",FSM,Norms and Decision-making,12.593,1979
"Micronesia, Fed. Sts.",FSM,Norms and Decision-making,12.593,1980
"Micronesia, Fed. Sts.",FSM,Norms and Decision-making,12.593,1981
"Micronesia, Fed. Sts.",FSM,Norms and Decision-making,12.593,1982
"Micronesia, Fed. Sts.",FSM,Norms and Decision-making,12.593,1983
"Micronesia, Fed. Sts.",FSM,Norms and Decision-making,12.593,1984
"Micronesia, Fed. Sts.",FSM,Norms and Decision-making,14.074,1985
"Micronesia, Fed. Sts.",FSM,Norms and Decision-making,14.074,1986
"Micronesia, Fed. Sts.",FSM,Norms and Decision-making,12.593,1987
"Micronesia, Fed. Sts.",FSM,Norms and Decision-making,12.593,1988
"Micronesia, Fed. Sts.",FSM,Norms and Decision-making,12.593,1989
"Micronesia, Fed. Sts.",FSM,Norms and Decision-making,12.593,1990
"Micronesia, Fed. Sts.",FSM,Norms and Decision-making,12.593,1991
"Micronesia, Fed. Sts.",FSM,Norms and Decision-making,12.593,1992
"Micronesia, Fed. Sts.",FSM,Norms and Decision-making,12.593,1993
"Micronesia, Fed. Sts.",FSM,Norms and Decision-making,12.593,1994
"Micronesia, Fed. Sts.",FSM,Norms and Decision-making,12.593,1995
"Micronesia, Fed. Sts.",FSM,Norms and Decision-making,12.593,1996
"Micronesia, Fed. Sts.",FSM,Norms and Decision-making,12.593,1997
"Micronesia, Fed. Sts.",FSM,Norms and Decision-making,12.593,1998
"Micronesia, Fed. Sts.",FSM,Norms and Decision-making,12.593,1999
"Micronesia, Fed. Sts.",FSM,Norms and Decision-making,12.593,2000
"Micronesia, Fed. Sts.",FSM,Norms and Decision-making,12.593,2001
"Micronesia, Fed. Sts.",FSM,Norms and Decision-making,12.593,2002
"Micronesia, Fed. Sts.",FSM,Norms and Decision-making,12.593,2003
"Micronesia, Fed. Sts.",FSM,Norms and Decision-making,12.593,2004
"Micronesia, Fed. Sts.",FSM,Norms and Decision-making,12.593,2005
"Micronesia, Fed. Sts.",FSM,Norms and Decision-making,12.593,2006
"Micronesia, Fed. Sts.",FSM,Norms and Decision-making,12.593,2007
"Micronesia, Fed. Sts.",FSM,Norms and Decision-making,12.593,2008
"Micronesia, Fed. Sts.",FSM,Norms and Decision-making,12.593,2009
"Micronesia, Fed. Sts.",FSM,Norms and Decision-making,13.333,2010
"Micronesia, Fed. Sts.",FSM,Norms and Decision-making,12.593,2011
"Micronesia, Fed. Sts.",FSM,Norms and Decision-making,12.593,2012
"Micronesia, Fed. Sts.",FSM,Norms and Decision-making,12.593,2013
"Micronesia, Fed. Sts.",FSM,Norms and Decision-making,12.593,2014
"Micronesia, Fed. Sts.",FSM,Norms and Decision-making,12.593,2015
"Micronesia, Fed. Sts.",FSM,Norms and Decision-making,12.593,2016
"Micronesia, Fed. Sts.",FSM,Norms and Decision-making,12.593,2017
"Micronesia, Fed. Sts.",FSM,Norms and Decision-making,12.593,2018
"Micronesia, Fed. Sts.",FSM,Norms and Decision-making,12.593,2019
"Micronesia, Fed. Sts.",FSM,Norms and Decision-making,12.593,2020
"Micronesia, Fed. Sts.",FSM,Norms and Decision-making,12.593,2021
"Micronesia, Fed. Sts.",FSM,Norms and Decision-making,12.593,2022
"Micronesia, Fed. Sts.",FSM,Norms and Decision-making,12.593,2023
"Micronesia, Fed. Sts.",FSM,Population,86.905,1960
"Micronesia, Fed. Sts.",FSM,Population,86.905,1961
"Micronesia, Fed. Sts.",FSM,Population,86.905,1962
"Micronesia, Fed. Sts.",FSM,Population,86.905,1963
"Micronesia, Fed. Sts.",FSM,Population,86.905,1964
"Micronesia, Fed. Sts.",FSM,Population,86.905,1965
"Micronesia, Fed. Sts.",FSM,Population,86.905,1966
"Micronesia, Fed. Sts.",FSM,Population,86.905,1967
"Micronesia, Fed. Sts.",FSM,Population,86.905,1968
"Micronesia, Fed. Sts.",FSM,Population,86.905,1969
"Micronesia, Fed. Sts.",FSM,Population,86.905,1970
"Micronesia, Fed. Sts.",FSM,Population,86.905,1971
"Micronesia, Fed. Sts.",FSM,Population,86.905,1972
"Micronesia, Fed. Sts.",FSM,Population,86.905,1973
"Micronesia, Fed. Sts.",FSM,Population,86.905,1974
"Micronesia, Fed. Sts.",FSM,Population,86.905,1975
"Micronesia, Fed. Sts.",FSM,Population,86.905,1976
"Micronesia, Fed. Sts.",FSM,Population,86.905,1977
"Micronesia, Fed. Sts.",FSM,Population,86.905,1978
"Micronesia, Fed. Sts.",FSM,Population,86.905,1979
"Micronesia, Fed. Sts.",FSM,Population,91.667,1980
"Micronesia, Fed. Sts.",FSM,Population,86.905,1981
"Micronesia, Fed. Sts.",FSM,Population,86.905,1982
"Micronesia, Fed. Sts.",FSM,Population,86.905,1983
"Micronesia, Fed. Sts.",FSM,Population,86.905,1984
"Micronesia, Fed. Sts.",FSM,Population,94.048,1985
"Micronesia, Fed. Sts.",FSM,Population,89.286,1986
"Micronesia, Fed. Sts.",FSM,Population,86.905,1987
"Micronesia, Fed. Sts.",FSM,Population,86.905,1988
"Micronesia, Fed. Sts.",FSM,Population,86.905,1989
"Micronesia, Fed. Sts.",FSM,Population,92.857,1990
"Micronesia, Fed. Sts.",FSM,Population,86.905,1991
"Micronesia, Fed. Sts.",FSM,Population,86.905,1992
"Micronesia, Fed. Sts.",FSM,Population,86.905,1993
"Micronesia, Fed. Sts.",FSM,Population,86.905,1994
"Micronesia, Fed. Sts.",FSM,Population,92.857,1995
"Micronesia, Fed. Sts.",FSM,Population,86.905,1996
"Micronesia, Fed. Sts.",FSM,Population,86.905,1997
"Micronesia, Fed. Sts.",FSM,Population,86.905,1998
"Micronesia, Fed. Sts.",FSM,Population,86.905,1999
"Micronesia, Fed. Sts.",FSM,Population,92.857,2000
"Micronesia, Fed. Sts.",FSM,Population,86.905,2001
"Micronesia, Fed. Sts.",FSM,Population,86.905,2002
"Micronesia, Fed. Sts.",FSM,Population,86.905,2003
"Micronesia, Fed. Sts.",FSM,Population,86.905,2004
"Micronesia, Fed. Sts.",FSM,Population,92.857,2005
"Micronesia, Fed. Sts.",FSM,Population,86.905,2006
"Micronesia, Fed. Sts.",FSM,Population,86.905,2007
"Micronesia, Fed. Sts.",FSM,Population,86.905,2008
"Micronesia, Fed. Sts.",FSM,Population,86.905,2009
"Micronesia, Fed. Sts.",FSM,Population,94.048,2010
"Micronesia, Fed. Sts.",FSM,Population,86.905,2011
"Micronesia, Fed. Sts.",FSM,Population,86.905,2012
"Micronesia, Fed. Sts.",FSM,Population,86.905,2013
"Micronesia, Fed. Sts.",FSM,Population,86.905,2014
"Micronesia, Fed. Sts.",FSM,Population,92.857,2015
"Micronesia, Fed. Sts.",FSM,Population,86.905,2016
"Micronesia, Fed. Sts.",FSM,Population,86.905,2017
"Micronesia, Fed. Sts.",FSM,Population,86.905,2018
"Micronesia, Fed. Sts.",FSM,Population,86.905,2019
"Micronesia, Fed. Sts.",FSM,Population,88.095,2020
"Micronesia, Fed. Sts.",FSM,Population,86.905,2021
"Micronesia, Fed. Sts.",FSM,Population,86.905,2022
"Micronesia, Fed. Sts.",FSM,Population,77.381,2023
"Micronesia, Fed. Sts.",FSM,SDGs,2.685,1960
"Micronesia, Fed. Sts.",FSM,SDGs,2.685,1961
"Micronesia, Fed. Sts.",FSM,SDGs,2.685,1962
"Micronesia, Fed. Sts.",FSM,SDGs,2.685,1963
"Micronesia, Fed. Sts.",FSM,SDGs,2.685,1964
"Micronesia, Fed. Sts.",FSM,SDGs,2.685,1965
"Micronesia, Fed. Sts.",FSM,SDGs,2.685,1966
"Micronesia, Fed. Sts.",FSM,SDGs,2.685,1967
"Micronesia, Fed. Sts.",FSM,SDGs,2.685,1968
"Micronesia, Fed. Sts.",FSM,SDGs,2.685,1969
"Micronesia, Fed. Sts.",FSM,SDGs,11.409,1970
"Micronesia, Fed. Sts.",FSM,SDGs,11.409,1971
"Micronesia, Fed. Sts.",FSM,SDGs,11.409,1972
"Micronesia, Fed. Sts.",FSM,SDGs,11.409,1973
"Micronesia, Fed. Sts.",FSM,SDGs,11.409,1974
"Micronesia, Fed. Sts.",FSM,SDGs,11.409,1975
"Micronesia, Fed. Sts.",FSM,SDGs,11.409,1976
"Micronesia, Fed. Sts.",FSM,SDGs,11.409,1977
"Micronesia, Fed. Sts.",FSM,SDGs,11.409,1978
"Micronesia, Fed. Sts.",FSM,SDGs,11.409,1979
"Micronesia, Fed. Sts.",FSM,SDGs,11.409,1980
"Micronesia, Fed. Sts.",FSM,SDGs,11.409,1981
"Micronesia, Fed. Sts.",FSM,SDGs,11.409,1982
"Micronesia, Fed. Sts.",FSM,SDGs,11.409,1983
"Micronesia, Fed. Sts.",FSM,SDGs,11.409,1984
"Micronesia, Fed. Sts.",FSM,SDGs,11.409,1985
"Micronesia, Fed. Sts.",FSM,SDGs,11.409,1986
"Micronesia, Fed. Sts.",FSM,SDGs,12.081,1987
"Micronesia, Fed. Sts.",FSM,SDGs,12.081,1988
"Micronesia, Fed. Sts.",FSM,SDGs,12.081,1989
"Micronesia, Fed. Sts.",FSM,SDGs,12.081,1990
"Micronesia, Fed. Sts.",FSM,SDGs,12.081,1991
"Micronesia, Fed. Sts.",FSM,SDGs,12.081,1992
"Micronesia, Fed. Sts.",FSM,SDGs,12.081,1993
"Micronesia, Fed. Sts.",FSM,SDGs,12.081,1994
"Micronesia, Fed. Sts.",FSM,SDGs,12.081,1995
"Micronesia, Fed. Sts.",FSM,SDGs,12.081,1996
"Micronesia, Fed. Sts.",FSM,SDGs,12.752,1997
"Micronesia, Fed. Sts.",FSM,SDGs,13.423,1998
"Micronesia, Fed. Sts.",FSM,SDGs,13.423,1999
"Micronesia, Fed. Sts.",FSM,SDGs,54.362,2000
"Micronesia, Fed. Sts.",FSM,SDGs,24.161,2001
"Micronesia, Fed. Sts.",FSM,SDGs,24.161,2002
"Micronesia, Fed. Sts.",FSM,SDGs,24.161,2003
"Micronesia, Fed. Sts.",FSM,SDGs,23.490,2004
"Micronesia, Fed. Sts.",FSM,SDGs,24.161,2005
"Micronesia, Fed. Sts.",FSM,SDGs,24.832,2006
"Micronesia, Fed. Sts.",FSM,SDGs,24.161,2007
"Micronesia, Fed. Sts.",FSM,SDGs,24.832,2008
"Micronesia, Fed. Sts.",FSM,SDGs,24.832,2009
"Micronesia, Fed. Sts.",FSM,SDGs,54.362,2010
"Micronesia, Fed. Sts.",FSM,SDGs,24.161,2011
"Micronesia, Fed. Sts.",FSM,SDGs,24.161,2012
"Micronesia, Fed. Sts.",FSM,SDGs,24.161,2013
"Micronesia, Fed. Sts.",FSM,SDGs,28.859,2014
"Micronesia, Fed. Sts.",FSM,SDGs,53.691,2015
"Micronesia, Fed. Sts.",FSM,SDGs,23.490,2016
"Micronesia, Fed. Sts.",FSM,SDGs,23.490,2017
"Micronesia, Fed. Sts.",FSM,SDGs,24.832,2018
"Micronesia, Fed. Sts.",FSM,SDGs,57.718,2019
"Micronesia, Fed. Sts.",FSM,SDGs,15.436,2020
"Micronesia, Fed. Sts.",FSM,SDGs,12.752,2021
"Micronesia, Fed. Sts.",FSM,SDGs,12.752,2022
"Micronesia, Fed. Sts.",FSM,SDGs,10.067,2023
"Micronesia, Fed. Sts.",FSM,Technology,0.000,1960
"Micronesia, Fed. Sts.",FSM,Technology,0.000,1961
"Micronesia, Fed. Sts.",FSM,Technology,0.000,1962
"Micronesia, Fed. Sts.",FSM,Technology,0.000,1963
"Micronesia, Fed. Sts.",FSM,Technology,0.000,1964
"Micronesia, Fed. Sts.",FSM,Technology,0.000,1965
"Micronesia, Fed. Sts.",FSM,Technology,0.000,1966
"Micronesia, Fed. Sts.",FSM,Technology,0.000,1967
"Micronesia, Fed. Sts.",FSM,Technology,0.000,1968
"Micronesia, Fed. Sts.",FSM,Technology,0.000,1969
"Micronesia, Fed. Sts.",FSM,Technology,0.000,1970
"Micronesia, Fed. Sts.",FSM,Technology,0.000,1971
"Micronesia, Fed. Sts.",FSM,Technology,0.000,1972
"Micronesia, Fed. Sts.",FSM,Technology,0.000,1973
"Micronesia, Fed. Sts.",FSM,Technology,0.000,1974
"Micronesia, Fed. Sts.",FSM,Technology,0.000,1975
"Micronesia, Fed. Sts.",FSM,Technology,0.000,1976
"Micronesia, Fed. Sts.",FSM,Technology,0.000,1977
"Micronesia, Fed. Sts.",FSM,Technology,0.000,1978
"Micronesia, Fed. Sts.",FSM,Technology,0.000,1979
"Micronesia, Fed. Sts.",FSM,Technology,0.000,1980
"Micronesia, Fed. Sts.",FSM,Technology,0.000,1981
"Micronesia, Fed. Sts.",FSM,Technology,0.000,1982
"Micronesia, Fed. Sts.",FSM,Technology,0.000,1983
"Micronesia, Fed. Sts.",FSM,Technology,0.000,1984
"Micronesia, Fed. Sts.",FSM,Technology,0.000,1985
"Micronesia, Fed. Sts.",FSM,Technology,0.000,1986
"Micronesia, Fed. Sts.",FSM,Technology,0.000,1987
"Micronesia, Fed. Sts.",FSM,Technology,0.000,1988
"Micronesia, Fed. Sts.",FSM,Technology,0.000,1989
"Micronesia, Fed. Sts.",FSM,Technology,2.222,1990
"Micronesia, Fed. Sts.",FSM,Technology,2.222,1991
"Micronesia, Fed. Sts.",FSM,Technology,2.222,1992
"Micronesia, Fed. Sts.",FSM,Technology,2.222,1993
"Micronesia, Fed. Sts.",FSM,Technology,2.222,1994
"Micronesia, Fed. Sts.",FSM,Technology,2.222,1995
"Micronesia, Fed. Sts.",FSM,Technology,2.222,1996
"Micronesia, Fed. Sts.",FSM,Technology,2.222,1997
"Micronesia, Fed. Sts.",FSM,Technology,2.222,1998
"Micronesia, Fed. Sts.",FSM,Technology,2.222,1999
"Micronesia, Fed. Sts.",FSM,Technology,2.222,2000
"Micronesia, Fed. Sts.",FSM,Technology,2.222,2001
"Micronesia, Fed. Sts.",FSM,Technology,2.222,2002
"Micronesia, Fed. Sts.",FSM,Technology,2.222,2003
"Micronesia, Fed. Sts.",FSM,Technology,2.222,2004
"Micronesia, Fed. Sts.",FSM,Technology,2.222,2005
"Micronesia, Fed. Sts.",FSM,Technology,2.222,2006
"Micronesia, Fed. Sts.",FSM,Technology,2.222,2007
"Micronesia, Fed. Sts.",FSM,Technology,2.222,2008
"Micronesia, Fed. Sts.",FSM,Technology,2.222,2009
"Micronesia, Fed. Sts.",FSM,Technology,2.222,2010
"Micronesia, Fed. Sts.",FSM,Technology,2.222,2011
"Micronesia, Fed. Sts.",FSM,Technology,2.222,2012
"Micronesia, Fed. Sts.",FSM,Technology,2.222,2013
"Micronesia, Fed. Sts.",FSM,Technology,2.222,2014
"Micronesia, Fed. Sts.",FSM,Technology,2.222,2015
"Micronesia, Fed. Sts.",FSM,Technology,2.222,2016
"Micronesia, Fed. Sts.",FSM,Technology,2.222,2017
"Micronesia, Fed. Sts.",FSM,Technology,2.222,2018
"Micronesia, Fed. Sts.",FSM,Technology,2.222,2019
"Micronesia, Fed. Sts.",FSM,Technology,2.222,2020
"Micronesia, Fed. Sts.",FSM,Technology,2.222,2021
"Micronesia, Fed. Sts.",FSM,Technology,2.222,2022
"Micronesia, Fed. Sts.",FSM,Technology,0.000,2023
"Micronesia, Fed. Sts.",FSM,Violence,0.000,1960
"Micronesia, Fed. Sts.",FSM,Violence,0.000,1961
"Micronesia, Fed. Sts.",FSM,Violence,0.000,1962
"Micronesia, Fed. Sts.",FSM,Violence,0.000,1963
"Micronesia, Fed. Sts.",FSM,Violence,0.000,1964
"Micronesia, Fed. Sts.",FSM,Violence,0.000,1965
"Micronesia, Fed. Sts.",FSM,Violence,0.000,1966
"Micronesia, Fed. Sts.",FSM,Violence,0.000,1967
"Micronesia, Fed. Sts.",FSM,Violence,0.000,1968
"Micronesia, Fed. Sts.",FSM,Violence,0.000,1969
"Micronesia, Fed. Sts.",FSM,Violence,2.143,1970
"Micronesia, Fed. Sts.",FSM,Violence,2.143,1971
"Micronesia, Fed. Sts.",FSM,Violence,2.143,1972
"Micronesia, Fed. Sts.",FSM,Violence,2.143,1973
"Micronesia, Fed. Sts.",FSM,Violence,2.143,1974
"Micronesia, Fed. Sts.",FSM,Violence,2.143,1975
"Micronesia, Fed. Sts.",FSM,Violence,2.143,1976
"Micronesia, Fed. Sts.",FSM,Violence,2.143,1977
"Micronesia, Fed. Sts.",FSM,Violence,2.143,1978
"Micronesia, Fed. Sts.",FSM,Violence,2.143,1979
"Micronesia, Fed. Sts.",FSM,Violence,2.143,1980
"Micronesia, Fed. Sts.",FSM,Violence,2.143,1981
"Micronesia, Fed. Sts.",FSM,Violence,2.143,1982
"Micronesia, Fed. Sts.",FSM,Violence,2.143,1983
"Micronesia, Fed. Sts.",FSM,Violence,2.143,1984
"Micronesia, Fed. Sts.",FSM,Violence,2.143,1985
"Micronesia, Fed. Sts.",FSM,Violence,2.143,1986
"Micronesia, Fed. Sts.",FSM,Violence,2.143,1987
"Micronesia, Fed. Sts.",FSM,Violence,2.143,1988
"Micronesia, Fed. Sts.",FSM,Violence,2.143,1989
"Micronesia, Fed. Sts.",FSM,Violence,2.143,1990
"Micronesia, Fed. Sts.",FSM,Violence,2.143,1991
"Micronesia, Fed. Sts.",FSM,Violence,2.143,1992
"Micronesia, Fed. Sts.",FSM,Violence,2.143,1993
"Micronesia, Fed. Sts.",FSM,Violence,2.143,1994
"Micronesia, Fed. Sts.",FSM,Violence,2.143,1995
"Micronesia, Fed. Sts.",FSM,Violence,2.143,1996
"Micronesia, Fed. Sts.",FSM,Violence,2.143,1997
"Micronesia, Fed. Sts.",FSM,Violence,2.143,1998
"Micronesia, Fed. Sts.",FSM,Violence,2.143,1999
"Micronesia, Fed. Sts.",FSM,Violence,4.286,2000
"Micronesia, Fed. Sts.",FSM,Violence,4.286,2001
"Micronesia, Fed. Sts.",FSM,Violence,4.286,2002
"Micronesia, Fed. Sts.",FSM,Violence,4.286,2003
"Micronesia, Fed. Sts.",FSM,Violence,4.286,2004
"Micronesia, Fed. Sts.",FSM,Violence,4.286,2005
"Micronesia, Fed. Sts.",FSM,Violence,4.286,2006
"Micronesia, Fed. Sts.",FSM,Violence,4.286,2007
"Micronesia, Fed. Sts.",FSM,Violence,4.286,2008
"Micronesia, Fed. Sts.",FSM,Violence,4.286,2009
"Micronesia, Fed. Sts.",FSM,Violence,4.286,2010
"Micronesia, Fed. Sts.",FSM,Violence,4.286,2011
"Micronesia, Fed. Sts.",FSM,Violence,4.286,2012
"Micronesia, Fed. Sts.",FSM,Violence,4.286,2013
"Micronesia, Fed. Sts.",FSM,Violence,5.000,2014
"Micronesia, Fed. Sts.",FSM,Violence,4.286,2015
"Micronesia, Fed. Sts.",FSM,Violence,4.286,2016
"Micronesia, Fed. Sts.",FSM,Violence,4.286,2017
"Micronesia, Fed. Sts.",FSM,Violence,7.143,2018
"Micronesia, Fed. Sts.",FSM,Violence,6.429,2019
"Micronesia, Fed. Sts.",FSM,Violence,2.143,2020
"Micronesia, Fed. Sts.",FSM,Violence,2.143,2021
"Micronesia, Fed. Sts.",FSM,Violence,2.143,2022
"Micronesia, Fed. Sts.",FSM,Violence,2.143,2023
"Micronesia, Fed. Sts.",FSM,Youth 15-24,4.587,1960
"Micronesia, Fed. Sts.",FSM,Youth 15-24,4.587,1961
"Micronesia, Fed. Sts.",FSM,Youth 15-24,4.587,1962
"Micronesia, Fed. Sts.",FSM,Youth 15-24,4.587,1963
"Micronesia, Fed. Sts.",FSM,Youth 15-24,4.587,1964
"Micronesia, Fed. Sts.",FSM,Youth 15-24,4.587,1965
"Micronesia, Fed. Sts.",FSM,Youth 15-24,4.587,1966
"Micronesia, Fed. Sts.",FSM,Youth 15-24,4.587,1967
"Micronesia, Fed. Sts.",FSM,Youth 15-24,4.587,1968
"Micronesia, Fed. Sts.",FSM,Youth 15-24,4.587,1969
"Micronesia, Fed. Sts.",FSM,Youth 15-24,4.587,1970
"Micronesia, Fed. Sts.",FSM,Youth 15-24,7.339,1971
"Micronesia, Fed. Sts.",FSM,Youth 15-24,14.679,1972
"Micronesia, Fed. Sts.",FSM,Youth 15-24,14.679,1973
"Micronesia, Fed. Sts.",FSM,Youth 15-24,14.679,1974
"Micronesia, Fed. Sts.",FSM,Youth 15-24,4.587,1975
"Micronesia, Fed. Sts.",FSM,Youth 15-24,14.679,1976
"Micronesia, Fed. Sts.",FSM,Youth 15-24,14.679,1977
"Micronesia, Fed. Sts.",FSM,Youth 15-24,5.505,1978
"Micronesia, Fed. Sts.",FSM,Youth 15-24,8.257,1979
"Micronesia, Fed. Sts.",FSM,Youth 15-24,8.257,1980
"Micronesia, Fed. Sts.",FSM,Youth 15-24,8.257,1981
"Micronesia, Fed. Sts.",FSM,Youth 15-24,8.257,1982
"Micronesia, Fed. Sts.",FSM,Youth 15-24,4.587,1983
"Micronesia, Fed. Sts.",FSM,Youth 15-24,4.587,1984
"Micronesia, Fed. Sts.",FSM,Youth 15-24,4.587,1985
"Micronesia, Fed. Sts.",FSM,Youth 15-24,4.587,1986
"Micronesia, Fed. Sts.",FSM,Youth 15-24,4.587,1987
"Micronesia, Fed. Sts.",FSM,Youth 15-24,4.587,1988
"Micronesia, Fed. Sts.",FSM,Youth 15-24,4.587,1989
"Micronesia, Fed. Sts.",FSM,Youth 15-24,4.587,1990
"Micronesia, Fed. Sts.",FSM,Youth 15-24,4.587,1991
"Micronesia, Fed. Sts.",FSM,Youth 15-24,4.587,1992
"Micronesia, Fed. Sts.",FSM,Youth 15-24,4.587,1993
"Micronesia, Fed. Sts.",FSM,Youth 15-24,4.587,1994
"Micronesia, Fed. Sts.",FSM,Youth 15-24,4.587,1995
"Micronesia, Fed. Sts.",FSM,Youth 15-24,4.587,1996
"Micronesia, Fed. Sts.",FSM,Youth 15-24,4.587,1997
"Micronesia, Fed. Sts.",FSM,Youth 15-24,4.587,1998
"Micronesia, Fed. Sts.",FSM,Youth 15-24,5.505,1999
"Micronesia, Fed. Sts.",FSM,Youth 15-24,5.505,2000
"Micronesia, Fed. Sts.",FSM,Youth 15-24,4.587,2001
"Micronesia, Fed. Sts.",FSM,Youth 15-24,4.587,2002
"Micronesia, Fed. Sts.",FSM,Youth 15-24,4.587,2003
"Micronesia, Fed. Sts.",FSM,Youth 15-24,10.092,2004
"Micronesia, Fed. Sts.",FSM,Youth 15-24,10.092,2005
"Micronesia, Fed. Sts.",FSM,Youth 15-24,4.587,2006
"Micronesia, Fed. Sts.",FSM,Youth 15-24,4.587,2007
"Micronesia, Fed. Sts.",FSM,Youth 15-24,4.587,2008
"Micronesia, Fed. Sts.",FSM,Youth 15-24,4.587,2009
"Micronesia, Fed. Sts.",FSM,Youth 15-24,4.587,2010
"Micronesia, Fed. Sts.",FSM,Youth 15-24,4.587,2011
"Micronesia, Fed. Sts.",FSM,Youth 15-24,4.587,2012
"Micronesia, Fed. Sts.",FSM,Youth 15-24,4.587,2013
"Micronesia, Fed. Sts.",FSM,Youth 15-24,27.523,2014
"Micronesia, Fed. Sts.",FSM,Youth 15-24,4.587,2015
"Micronesia, Fed. Sts.",FSM,Youth 15-24,4.587,2016
"Micronesia, Fed. Sts.",FSM,Youth 15-24,4.587,2017
"Micronesia, Fed. Sts.",FSM,Youth 15-24,4.587,2018
"Micronesia, Fed. Sts.",FSM,Youth 15-24,4.587,2019
"Micronesia, Fed. Sts.",FSM,Youth 15-24,4.587,2020
"Micronesia, Fed. Sts.",FSM,Youth 15-24,4.587,2021
"Micronesia, Fed. Sts.",FSM,Youth 15-24,4.587,2022
"Micronesia, Fed. Sts.",FSM,Youth 15-24,3.670,2023
