Country Name,Country Code,Topic,% of available indicators,Year
Tunisia,TUN,Assets,0.000,1960
Tunisia,TUN,Assets,0.000,1961
Tunisia,TUN,Assets,0.000,1962
Tunisia,TUN,Assets,0.000,1963
Tunisia,TUN,Assets,0.000,1964
Tunisia,TUN,Assets,0.000,1965
Tunisia,TUN,Assets,0.000,1966
Tunisia,TUN,Assets,0.000,1967
Tunisia,TUN,Assets,0.000,1968
Tunisia,TUN,Assets,0.000,1969
Tunisia,TUN,Assets,2.208,1970
Tunisia,TUN,Assets,2.208,1971
Tunisia,TUN,Assets,2.208,1972
Tunisia,TUN,Assets,2.208,1973
Tunisia,TUN,Assets,2.208,1974
Tunisia,TUN,Assets,2.208,1975
Tunisia,TUN,Assets,2.208,1976
Tunisia,TUN,Assets,2.208,1977
Tunisia,TUN,Assets,2.208,1978
Tunisia,TUN,Assets,2.208,1979
Tunisia,TUN,Assets,2.208,1980
Tunisia,TUN,Assets,2.208,1981
Tunisia,TUN,Assets,2.208,1982
Tunisia,TUN,Assets,2.208,1983
Tunisia,TUN,Assets,2.208,1984
Tunisia,TUN,Assets,2.208,1985
Tunisia,TUN,Assets,2.208,1986
Tunisia,TUN,Assets,2.208,1987
Tunisia,TUN,Assets,2.208,1988
Tunisia,TUN,Assets,2.208,1989
Tunisia,TUN,Assets,2.208,1990
Tunisia,TUN,Assets,2.208,1991
Tunisia,TUN,Assets,2.208,1992
Tunisia,TUN,Assets,2.208,1993
Tunisia,TUN,Assets,2.208,1994
Tunisia,TUN,Assets,2.208,1995
Tunisia,TUN,Assets,2.208,1996
Tunisia,TUN,Assets,2.208,1997
Tunisia,TUN,Assets,2.208,1998
Tunisia,TUN,Assets,2.208,1999
Tunisia,TUN,Assets,2.208,2000
Tunisia,TUN,Assets,2.208,2001
Tunisia,TUN,Assets,2.208,2002
Tunisia,TUN,Assets,2.208,2003
Tunisia,TUN,Assets,2.208,2004
Tunisia,TUN,Assets,2.208,2005
Tunisia,TUN,Assets,2.208,2006
Tunisia,TUN,Assets,2.208,2007
Tunisia,TUN,Assets,2.208,2008
Tunisia,TUN,Assets,2.208,2009
Tunisia,TUN,Assets,2.208,2010
Tunisia,TUN,Assets,2.208,2011
Tunisia,TUN,Assets,2.208,2012
Tunisia,TUN,Assets,2.208,2013
Tunisia,TUN,Assets,31.546,2014
Tunisia,TUN,Assets,2.208,2015
Tunisia,TUN,Assets,2.208,2016
Tunisia,TUN,Assets,34.069,2017
Tunisia,TUN,Assets,2.208,2018
Tunisia,TUN,Assets,2.208,2019
Tunisia,TUN,Assets,2.208,2020
Tunisia,TUN,Assets,63.091,2021
Tunisia,TUN,Assets,2.208,2022
Tunisia,TUN,Assets,2.208,2023
Tunisia,TUN,Children 0-14,10.769,1960
Tunisia,TUN,Children 0-14,10.769,1961
Tunisia,TUN,Children 0-14,15.385,1962
Tunisia,TUN,Children 0-14,17.692,1963
Tunisia,TUN,Children 0-14,17.692,1964
Tunisia,TUN,Children 0-14,17.692,1965
Tunisia,TUN,Children 0-14,17.692,1966
Tunisia,TUN,Children 0-14,19.231,1967
Tunisia,TUN,Children 0-14,19.231,1968
Tunisia,TUN,Children 0-14,19.231,1969
Tunisia,TUN,Children 0-14,19.231,1970
Tunisia,TUN,Children 0-14,32.308,1971
Tunisia,TUN,Children 0-14,24.615,1972
Tunisia,TUN,Children 0-14,26.154,1973
Tunisia,TUN,Children 0-14,24.615,1974
Tunisia,TUN,Children 0-14,34.615,1975
Tunisia,TUN,Children 0-14,27.692,1976
Tunisia,TUN,Children 0-14,27.692,1977
Tunisia,TUN,Children 0-14,35.385,1978
Tunisia,TUN,Children 0-14,37.692,1979
Tunisia,TUN,Children 0-14,40.000,1980
Tunisia,TUN,Children 0-14,37.692,1981
Tunisia,TUN,Children 0-14,38.462,1982
Tunisia,TUN,Children 0-14,39.231,1983
Tunisia,TUN,Children 0-14,41.538,1984
Tunisia,TUN,Children 0-14,39.231,1985
Tunisia,TUN,Children 0-14,34.615,1986
Tunisia,TUN,Children 0-14,33.846,1987
Tunisia,TUN,Children 0-14,43.846,1988
Tunisia,TUN,Children 0-14,36.923,1989
Tunisia,TUN,Children 0-14,40.000,1990
Tunisia,TUN,Children 0-14,37.692,1991
Tunisia,TUN,Children 0-14,38.462,1992
Tunisia,TUN,Children 0-14,39.231,1993
Tunisia,TUN,Children 0-14,39.231,1994
Tunisia,TUN,Children 0-14,39.231,1995
Tunisia,TUN,Children 0-14,41.538,1996
Tunisia,TUN,Children 0-14,40.769,1997
Tunisia,TUN,Children 0-14,32.308,1998
Tunisia,TUN,Children 0-14,39.231,1999
Tunisia,TUN,Children 0-14,58.462,2000
Tunisia,TUN,Children 0-14,44.615,2001
Tunisia,TUN,Children 0-14,41.538,2002
Tunisia,TUN,Children 0-14,40.000,2003
Tunisia,TUN,Children 0-14,39.231,2004
Tunisia,TUN,Children 0-14,42.308,2005
Tunisia,TUN,Children 0-14,53.846,2006
Tunisia,TUN,Children 0-14,48.462,2007
Tunisia,TUN,Children 0-14,49.231,2008
Tunisia,TUN,Children 0-14,46.923,2009
Tunisia,TUN,Children 0-14,63.077,2010
Tunisia,TUN,Children 0-14,46.154,2011
Tunisia,TUN,Children 0-14,53.846,2012
Tunisia,TUN,Children 0-14,44.615,2013
Tunisia,TUN,Children 0-14,45.385,2014
Tunisia,TUN,Children 0-14,56.923,2015
Tunisia,TUN,Children 0-14,43.077,2016
Tunisia,TUN,Children 0-14,46.154,2017
Tunisia,TUN,Children 0-14,60.000,2018
Tunisia,TUN,Children 0-14,39.231,2019
Tunisia,TUN,Children 0-14,33.846,2020
Tunisia,TUN,Children 0-14,31.538,2021
Tunisia,TUN,Children 0-14,30.769,2022
Tunisia,TUN,Children 0-14,16.923,2023
Tunisia,TUN,Education,0.000,1960
Tunisia,TUN,Education,0.000,1961
Tunisia,TUN,Education,0.000,1962
Tunisia,TUN,Education,0.000,1963
Tunisia,TUN,Education,0.000,1964
Tunisia,TUN,Education,0.000,1965
Tunisia,TUN,Education,0.000,1966
Tunisia,TUN,Education,0.000,1967
Tunisia,TUN,Education,0.000,1968
Tunisia,TUN,Education,0.000,1969
Tunisia,TUN,Education,0.000,1970
Tunisia,TUN,Education,18.405,1971
Tunisia,TUN,Education,15.951,1972
Tunisia,TUN,Education,17.791,1973
Tunisia,TUN,Education,15.337,1974
Tunisia,TUN,Education,26.380,1975
Tunisia,TUN,Education,21.472,1976
Tunisia,TUN,Education,20.859,1977
Tunisia,TUN,Education,28.834,1978
Tunisia,TUN,Education,30.675,1979
Tunisia,TUN,Education,36.810,1980
Tunisia,TUN,Education,30.061,1981
Tunisia,TUN,Education,29.448,1982
Tunisia,TUN,Education,31.902,1983
Tunisia,TUN,Education,41.718,1984
Tunisia,TUN,Education,31.288,1985
Tunisia,TUN,Education,25.767,1986
Tunisia,TUN,Education,25.153,1987
Tunisia,TUN,Education,25.767,1988
Tunisia,TUN,Education,27.607,1989
Tunisia,TUN,Education,30.061,1990
Tunisia,TUN,Education,26.994,1991
Tunisia,TUN,Education,28.834,1992
Tunisia,TUN,Education,30.061,1993
Tunisia,TUN,Education,30.061,1994
Tunisia,TUN,Education,30.061,1995
Tunisia,TUN,Education,31.288,1996
Tunisia,TUN,Education,27.607,1997
Tunisia,TUN,Education,18.405,1998
Tunisia,TUN,Education,28.221,1999
Tunisia,TUN,Education,33.742,2000
Tunisia,TUN,Education,38.037,2001
Tunisia,TUN,Education,35.583,2002
Tunisia,TUN,Education,30.675,2003
Tunisia,TUN,Education,36.810,2004
Tunisia,TUN,Education,36.810,2005
Tunisia,TUN,Education,33.129,2006
Tunisia,TUN,Education,38.650,2007
Tunisia,TUN,Education,49.693,2008
Tunisia,TUN,Education,38.037,2009
Tunisia,TUN,Education,59.509,2010
Tunisia,TUN,Education,47.853,2011
Tunisia,TUN,Education,40.491,2012
Tunisia,TUN,Education,36.810,2013
Tunisia,TUN,Education,51.534,2014
Tunisia,TUN,Education,38.650,2015
Tunisia,TUN,Education,50.920,2016
Tunisia,TUN,Education,34.969,2017
Tunisia,TUN,Education,46.626,2018
Tunisia,TUN,Education,23.926,2019
Tunisia,TUN,Education,23.926,2020
Tunisia,TUN,Education,14.724,2021
Tunisia,TUN,Education,25.767,2022
Tunisia,TUN,Education,17.791,2023
Tunisia,TUN,Employment and Time Use,0.000,1960
Tunisia,TUN,Employment and Time Use,0.000,1961
Tunisia,TUN,Employment and Time Use,0.000,1962
Tunisia,TUN,Employment and Time Use,0.000,1963
Tunisia,TUN,Employment and Time Use,0.000,1964
Tunisia,TUN,Employment and Time Use,0.000,1965
Tunisia,TUN,Employment and Time Use,5.109,1966
Tunisia,TUN,Employment and Time Use,0.000,1967
Tunisia,TUN,Employment and Time Use,0.000,1968
Tunisia,TUN,Employment and Time Use,0.000,1969
Tunisia,TUN,Employment and Time Use,21.168,1970
Tunisia,TUN,Employment and Time Use,21.168,1971
Tunisia,TUN,Employment and Time Use,21.168,1972
Tunisia,TUN,Employment and Time Use,21.168,1973
Tunisia,TUN,Employment and Time Use,21.168,1974
Tunisia,TUN,Employment and Time Use,26.277,1975
Tunisia,TUN,Employment and Time Use,21.168,1976
Tunisia,TUN,Employment and Time Use,21.168,1977
Tunisia,TUN,Employment and Time Use,21.168,1978
Tunisia,TUN,Employment and Time Use,21.168,1979
Tunisia,TUN,Employment and Time Use,26.277,1980
Tunisia,TUN,Employment and Time Use,21.168,1981
Tunisia,TUN,Employment and Time Use,21.168,1982
Tunisia,TUN,Employment and Time Use,21.168,1983
Tunisia,TUN,Employment and Time Use,26.277,1984
Tunisia,TUN,Employment and Time Use,21.168,1985
Tunisia,TUN,Employment and Time Use,21.168,1986
Tunisia,TUN,Employment and Time Use,21.168,1987
Tunisia,TUN,Employment and Time Use,21.168,1988
Tunisia,TUN,Employment and Time Use,33.577,1989
Tunisia,TUN,Employment and Time Use,31.387,1990
Tunisia,TUN,Employment and Time Use,56.204,1991
Tunisia,TUN,Employment and Time Use,56.204,1992
Tunisia,TUN,Employment and Time Use,56.204,1993
Tunisia,TUN,Employment and Time Use,65.693,1994
Tunisia,TUN,Employment and Time Use,56.204,1995
Tunisia,TUN,Employment and Time Use,56.204,1996
Tunisia,TUN,Employment and Time Use,71.533,1997
Tunisia,TUN,Employment and Time Use,56.204,1998
Tunisia,TUN,Employment and Time Use,58.394,1999
Tunisia,TUN,Employment and Time Use,58.394,2000
Tunisia,TUN,Employment and Time Use,58.394,2001
Tunisia,TUN,Employment and Time Use,58.394,2002
Tunisia,TUN,Employment and Time Use,61.314,2003
Tunisia,TUN,Employment and Time Use,56.934,2004
Tunisia,TUN,Employment and Time Use,83.942,2005
Tunisia,TUN,Employment and Time Use,85.401,2006
Tunisia,TUN,Employment and Time Use,83.942,2007
Tunisia,TUN,Employment and Time Use,83.942,2008
Tunisia,TUN,Employment and Time Use,84.672,2009
Tunisia,TUN,Employment and Time Use,86.861,2010
Tunisia,TUN,Employment and Time Use,83.942,2011
Tunisia,TUN,Employment and Time Use,86.131,2012
Tunisia,TUN,Employment and Time Use,83.942,2013
Tunisia,TUN,Employment and Time Use,86.861,2014
Tunisia,TUN,Employment and Time Use,83.942,2015
Tunisia,TUN,Employment and Time Use,83.942,2016
Tunisia,TUN,Employment and Time Use,83.942,2017
Tunisia,TUN,Employment and Time Use,58.394,2018
Tunisia,TUN,Employment and Time Use,90.511,2019
Tunisia,TUN,Employment and Time Use,56.204,2020
Tunisia,TUN,Employment and Time Use,56.204,2021
Tunisia,TUN,Employment and Time Use,86.131,2022
Tunisia,TUN,Employment and Time Use,87.591,2023
Tunisia,TUN,Entrepreneurship,0.000,1960
Tunisia,TUN,Entrepreneurship,0.000,1961
Tunisia,TUN,Entrepreneurship,0.000,1962
Tunisia,TUN,Entrepreneurship,0.000,1963
Tunisia,TUN,Entrepreneurship,0.000,1964
Tunisia,TUN,Entrepreneurship,0.000,1965
Tunisia,TUN,Entrepreneurship,0.000,1966
Tunisia,TUN,Entrepreneurship,0.000,1967
Tunisia,TUN,Entrepreneurship,0.000,1968
Tunisia,TUN,Entrepreneurship,0.000,1969
Tunisia,TUN,Entrepreneurship,9.375,1970
Tunisia,TUN,Entrepreneurship,9.375,1971
Tunisia,TUN,Entrepreneurship,9.375,1972
Tunisia,TUN,Entrepreneurship,9.375,1973
Tunisia,TUN,Entrepreneurship,9.375,1974
Tunisia,TUN,Entrepreneurship,9.375,1975
Tunisia,TUN,Entrepreneurship,9.375,1976
Tunisia,TUN,Entrepreneurship,9.375,1977
Tunisia,TUN,Entrepreneurship,9.375,1978
Tunisia,TUN,Entrepreneurship,9.375,1979
Tunisia,TUN,Entrepreneurship,9.375,1980
Tunisia,TUN,Entrepreneurship,9.375,1981
Tunisia,TUN,Entrepreneurship,9.375,1982
Tunisia,TUN,Entrepreneurship,9.375,1983
Tunisia,TUN,Entrepreneurship,9.375,1984
Tunisia,TUN,Entrepreneurship,9.375,1985
Tunisia,TUN,Entrepreneurship,9.375,1986
Tunisia,TUN,Entrepreneurship,9.375,1987
Tunisia,TUN,Entrepreneurship,9.375,1988
Tunisia,TUN,Entrepreneurship,9.375,1989
Tunisia,TUN,Entrepreneurship,9.375,1990
Tunisia,TUN,Entrepreneurship,9.375,1991
Tunisia,TUN,Entrepreneurship,9.375,1992
Tunisia,TUN,Entrepreneurship,9.375,1993
Tunisia,TUN,Entrepreneurship,9.375,1994
Tunisia,TUN,Entrepreneurship,9.375,1995
Tunisia,TUN,Entrepreneurship,9.375,1996
Tunisia,TUN,Entrepreneurship,9.375,1997
Tunisia,TUN,Entrepreneurship,9.375,1998
Tunisia,TUN,Entrepreneurship,9.375,1999
Tunisia,TUN,Entrepreneurship,9.375,2000
Tunisia,TUN,Entrepreneurship,9.375,2001
Tunisia,TUN,Entrepreneurship,9.375,2002
Tunisia,TUN,Entrepreneurship,37.500,2003
Tunisia,TUN,Entrepreneurship,37.500,2004
Tunisia,TUN,Entrepreneurship,37.500,2005
Tunisia,TUN,Entrepreneurship,37.500,2006
Tunisia,TUN,Entrepreneurship,37.500,2007
Tunisia,TUN,Entrepreneurship,37.500,2008
Tunisia,TUN,Entrepreneurship,37.500,2009
Tunisia,TUN,Entrepreneurship,37.500,2010
Tunisia,TUN,Entrepreneurship,37.500,2011
Tunisia,TUN,Entrepreneurship,37.500,2012
Tunisia,TUN,Entrepreneurship,43.750,2013
Tunisia,TUN,Entrepreneurship,56.250,2014
Tunisia,TUN,Entrepreneurship,37.500,2015
Tunisia,TUN,Entrepreneurship,37.500,2016
Tunisia,TUN,Entrepreneurship,56.250,2017
Tunisia,TUN,Entrepreneurship,37.500,2018
Tunisia,TUN,Entrepreneurship,37.500,2019
Tunisia,TUN,Entrepreneurship,15.625,2020
Tunisia,TUN,Entrepreneurship,9.375,2021
Tunisia,TUN,Entrepreneurship,9.375,2022
Tunisia,TUN,Entrepreneurship,9.375,2023
Tunisia,TUN,Environment,0.000,1960
Tunisia,TUN,Environment,0.000,1961
Tunisia,TUN,Environment,0.000,1962
Tunisia,TUN,Environment,0.000,1963
Tunisia,TUN,Environment,0.000,1964
Tunisia,TUN,Environment,0.000,1965
Tunisia,TUN,Environment,0.000,1966
Tunisia,TUN,Environment,0.000,1967
Tunisia,TUN,Environment,0.000,1968
Tunisia,TUN,Environment,0.000,1969
Tunisia,TUN,Environment,0.000,1970
Tunisia,TUN,Environment,0.000,1971
Tunisia,TUN,Environment,0.000,1972
Tunisia,TUN,Environment,0.000,1973
Tunisia,TUN,Environment,0.000,1974
Tunisia,TUN,Environment,0.000,1975
Tunisia,TUN,Environment,0.000,1976
Tunisia,TUN,Environment,0.000,1977
Tunisia,TUN,Environment,0.000,1978
Tunisia,TUN,Environment,0.000,1979
Tunisia,TUN,Environment,0.000,1980
Tunisia,TUN,Environment,0.000,1981
Tunisia,TUN,Environment,0.000,1982
Tunisia,TUN,Environment,0.000,1983
Tunisia,TUN,Environment,0.000,1984
Tunisia,TUN,Environment,0.000,1985
Tunisia,TUN,Environment,0.000,1986
Tunisia,TUN,Environment,0.000,1987
Tunisia,TUN,Environment,0.000,1988
Tunisia,TUN,Environment,0.000,1989
Tunisia,TUN,Environment,0.000,1990
Tunisia,TUN,Environment,0.000,1991
Tunisia,TUN,Environment,0.000,1992
Tunisia,TUN,Environment,0.000,1993
Tunisia,TUN,Environment,0.000,1994
Tunisia,TUN,Environment,0.000,1995
Tunisia,TUN,Environment,0.000,1996
Tunisia,TUN,Environment,0.000,1997
Tunisia,TUN,Environment,0.000,1998
Tunisia,TUN,Environment,0.000,1999
Tunisia,TUN,Environment,10.000,2000
Tunisia,TUN,Environment,10.000,2001
Tunisia,TUN,Environment,10.000,2002
Tunisia,TUN,Environment,10.000,2003
Tunisia,TUN,Environment,10.000,2004
Tunisia,TUN,Environment,10.000,2005
Tunisia,TUN,Environment,10.000,2006
Tunisia,TUN,Environment,10.000,2007
Tunisia,TUN,Environment,10.000,2008
Tunisia,TUN,Environment,10.000,2009
Tunisia,TUN,Environment,10.000,2010
Tunisia,TUN,Environment,10.000,2011
Tunisia,TUN,Environment,13.333,2012
Tunisia,TUN,Environment,13.333,2013
Tunisia,TUN,Environment,23.333,2014
Tunisia,TUN,Environment,13.333,2015
Tunisia,TUN,Environment,13.333,2016
Tunisia,TUN,Environment,20.000,2017
Tunisia,TUN,Environment,23.333,2018
Tunisia,TUN,Environment,30.000,2019
Tunisia,TUN,Environment,10.000,2020
Tunisia,TUN,Environment,20.000,2021
Tunisia,TUN,Environment,10.000,2022
Tunisia,TUN,Environment,0.000,2023
Tunisia,TUN,Health,3.030,1960
Tunisia,TUN,Health,3.030,1961
Tunisia,TUN,Health,6.061,1962
Tunisia,TUN,Health,7.576,1963
Tunisia,TUN,Health,7.576,1964
Tunisia,TUN,Health,7.576,1965
Tunisia,TUN,Health,7.576,1966
Tunisia,TUN,Health,8.586,1967
Tunisia,TUN,Health,8.586,1968
Tunisia,TUN,Health,8.586,1969
Tunisia,TUN,Health,8.586,1970
Tunisia,TUN,Health,8.586,1971
Tunisia,TUN,Health,8.586,1972
Tunisia,TUN,Health,8.586,1973
Tunisia,TUN,Health,8.586,1974
Tunisia,TUN,Health,11.111,1975
Tunisia,TUN,Health,11.111,1976
Tunisia,TUN,Health,11.111,1977
Tunisia,TUN,Health,12.121,1978
Tunisia,TUN,Health,11.111,1979
Tunisia,TUN,Health,11.111,1980
Tunisia,TUN,Health,11.111,1981
Tunisia,TUN,Health,11.616,1982
Tunisia,TUN,Health,13.131,1983
Tunisia,TUN,Health,12.121,1984
Tunisia,TUN,Health,12.121,1985
Tunisia,TUN,Health,12.121,1986
Tunisia,TUN,Health,12.121,1987
Tunisia,TUN,Health,20.707,1988
Tunisia,TUN,Health,12.121,1989
Tunisia,TUN,Health,13.636,1990
Tunisia,TUN,Health,13.636,1991
Tunisia,TUN,Health,13.636,1992
Tunisia,TUN,Health,13.636,1993
Tunisia,TUN,Health,14.141,1994
Tunisia,TUN,Health,15.657,1995
Tunisia,TUN,Health,13.636,1996
Tunisia,TUN,Health,15.657,1997
Tunisia,TUN,Health,13.636,1998
Tunisia,TUN,Health,13.636,1999
Tunisia,TUN,Health,56.566,2000
Tunisia,TUN,Health,30.808,2001
Tunisia,TUN,Health,28.788,2002
Tunisia,TUN,Health,28.788,2003
Tunisia,TUN,Health,28.788,2004
Tunisia,TUN,Health,30.303,2005
Tunisia,TUN,Health,38.889,2006
Tunisia,TUN,Health,28.788,2007
Tunisia,TUN,Health,28.788,2008
Tunisia,TUN,Health,29.293,2009
Tunisia,TUN,Health,57.576,2010
Tunisia,TUN,Health,29.293,2011
Tunisia,TUN,Health,40.404,2012
Tunisia,TUN,Health,28.788,2013
Tunisia,TUN,Health,30.303,2014
Tunisia,TUN,Health,53.030,2015
Tunisia,TUN,Health,28.788,2016
Tunisia,TUN,Health,32.323,2017
Tunisia,TUN,Health,49.495,2018
Tunisia,TUN,Health,53.535,2019
Tunisia,TUN,Health,24.747,2020
Tunisia,TUN,Health,16.667,2021
Tunisia,TUN,Health,14.141,2022
Tunisia,TUN,Health,1.010,2023
Tunisia,TUN,Leadership,0.000,1960
Tunisia,TUN,Leadership,0.000,1961
Tunisia,TUN,Leadership,0.000,1962
Tunisia,TUN,Leadership,0.000,1963
Tunisia,TUN,Leadership,0.000,1964
Tunisia,TUN,Leadership,0.000,1965
Tunisia,TUN,Leadership,0.000,1966
Tunisia,TUN,Leadership,0.000,1967
Tunisia,TUN,Leadership,0.000,1968
Tunisia,TUN,Leadership,0.000,1969
Tunisia,TUN,Leadership,0.000,1970
Tunisia,TUN,Leadership,0.000,1971
Tunisia,TUN,Leadership,0.000,1972
Tunisia,TUN,Leadership,0.000,1973
Tunisia,TUN,Leadership,0.000,1974
Tunisia,TUN,Leadership,0.000,1975
Tunisia,TUN,Leadership,0.000,1976
Tunisia,TUN,Leadership,0.000,1977
Tunisia,TUN,Leadership,0.000,1978
Tunisia,TUN,Leadership,0.000,1979
Tunisia,TUN,Leadership,0.000,1980
Tunisia,TUN,Leadership,0.000,1981
Tunisia,TUN,Leadership,0.000,1982
Tunisia,TUN,Leadership,0.000,1983
Tunisia,TUN,Leadership,0.000,1984
Tunisia,TUN,Leadership,0.000,1985
Tunisia,TUN,Leadership,0.000,1986
Tunisia,TUN,Leadership,0.000,1987
Tunisia,TUN,Leadership,0.000,1988
Tunisia,TUN,Leadership,0.000,1989
Tunisia,TUN,Leadership,0.000,1990
Tunisia,TUN,Leadership,0.000,1991
Tunisia,TUN,Leadership,0.000,1992
Tunisia,TUN,Leadership,0.000,1993
Tunisia,TUN,Leadership,0.000,1994
Tunisia,TUN,Leadership,0.000,1995
Tunisia,TUN,Leadership,0.000,1996
Tunisia,TUN,Leadership,25.000,1997
Tunisia,TUN,Leadership,25.000,1998
Tunisia,TUN,Leadership,25.000,1999
Tunisia,TUN,Leadership,25.000,2000
Tunisia,TUN,Leadership,25.000,2001
Tunisia,TUN,Leadership,25.000,2002
Tunisia,TUN,Leadership,25.000,2003
Tunisia,TUN,Leadership,25.000,2004
Tunisia,TUN,Leadership,50.000,2005
Tunisia,TUN,Leadership,25.000,2006
Tunisia,TUN,Leadership,25.000,2007
Tunisia,TUN,Leadership,50.000,2008
Tunisia,TUN,Leadership,50.000,2009
Tunisia,TUN,Leadership,75.000,2010
Tunisia,TUN,Leadership,25.000,2011
Tunisia,TUN,Leadership,50.000,2012
Tunisia,TUN,Leadership,50.000,2013
Tunisia,TUN,Leadership,75.000,2014
Tunisia,TUN,Leadership,50.000,2015
Tunisia,TUN,Leadership,50.000,2016
Tunisia,TUN,Leadership,25.000,2017
Tunisia,TUN,Leadership,50.000,2018
Tunisia,TUN,Leadership,75.000,2019
Tunisia,TUN,Leadership,75.000,2020
Tunisia,TUN,Leadership,25.000,2021
Tunisia,TUN,Leadership,50.000,2022
Tunisia,TUN,Leadership,25.000,2023
Tunisia,TUN,Norms and Decision-making,0.000,1960
Tunisia,TUN,Norms and Decision-making,0.000,1961
Tunisia,TUN,Norms and Decision-making,0.000,1962
Tunisia,TUN,Norms and Decision-making,0.000,1963
Tunisia,TUN,Norms and Decision-making,0.000,1964
Tunisia,TUN,Norms and Decision-making,0.000,1965
Tunisia,TUN,Norms and Decision-making,0.000,1966
Tunisia,TUN,Norms and Decision-making,0.000,1967
Tunisia,TUN,Norms and Decision-making,0.000,1968
Tunisia,TUN,Norms and Decision-making,0.000,1969
Tunisia,TUN,Norms and Decision-making,12.593,1970
Tunisia,TUN,Norms and Decision-making,12.593,1971
Tunisia,TUN,Norms and Decision-making,12.593,1972
Tunisia,TUN,Norms and Decision-making,12.593,1973
Tunisia,TUN,Norms and Decision-making,12.593,1974
Tunisia,TUN,Norms and Decision-making,14.074,1975
Tunisia,TUN,Norms and Decision-making,12.593,1976
Tunisia,TUN,Norms and Decision-making,12.593,1977
Tunisia,TUN,Norms and Decision-making,12.593,1978
Tunisia,TUN,Norms and Decision-making,12.593,1979
Tunisia,TUN,Norms and Decision-making,13.333,1980
Tunisia,TUN,Norms and Decision-making,12.593,1981
Tunisia,TUN,Norms and Decision-making,12.593,1982
Tunisia,TUN,Norms and Decision-making,12.593,1983
Tunisia,TUN,Norms and Decision-making,14.074,1984
Tunisia,TUN,Norms and Decision-making,12.593,1985
Tunisia,TUN,Norms and Decision-making,12.593,1986
Tunisia,TUN,Norms and Decision-making,12.593,1987
Tunisia,TUN,Norms and Decision-making,16.296,1988
Tunisia,TUN,Norms and Decision-making,12.593,1989
Tunisia,TUN,Norms and Decision-making,12.593,1990
Tunisia,TUN,Norms and Decision-making,12.593,1991
Tunisia,TUN,Norms and Decision-making,12.593,1992
Tunisia,TUN,Norms and Decision-making,12.593,1993
Tunisia,TUN,Norms and Decision-making,14.074,1994
Tunisia,TUN,Norms and Decision-making,13.333,1995
Tunisia,TUN,Norms and Decision-making,12.593,1996
Tunisia,TUN,Norms and Decision-making,12.593,1997
Tunisia,TUN,Norms and Decision-making,12.593,1998
Tunisia,TUN,Norms and Decision-making,12.593,1999
Tunisia,TUN,Norms and Decision-making,12.593,2000
Tunisia,TUN,Norms and Decision-making,12.593,2001
Tunisia,TUN,Norms and Decision-making,12.593,2002
Tunisia,TUN,Norms and Decision-making,12.593,2003
Tunisia,TUN,Norms and Decision-making,14.074,2004
Tunisia,TUN,Norms and Decision-making,12.593,2005
Tunisia,TUN,Norms and Decision-making,12.593,2006
Tunisia,TUN,Norms and Decision-making,12.593,2007
Tunisia,TUN,Norms and Decision-making,12.593,2008
Tunisia,TUN,Norms and Decision-making,12.593,2009
Tunisia,TUN,Norms and Decision-making,12.593,2010
Tunisia,TUN,Norms and Decision-making,12.593,2011
Tunisia,TUN,Norms and Decision-making,14.815,2012
Tunisia,TUN,Norms and Decision-making,12.593,2013
Tunisia,TUN,Norms and Decision-making,14.074,2014
Tunisia,TUN,Norms and Decision-making,12.593,2015
Tunisia,TUN,Norms and Decision-making,12.593,2016
Tunisia,TUN,Norms and Decision-making,12.593,2017
Tunisia,TUN,Norms and Decision-making,17.037,2018
Tunisia,TUN,Norms and Decision-making,12.593,2019
Tunisia,TUN,Norms and Decision-making,12.593,2020
Tunisia,TUN,Norms and Decision-making,12.593,2021
Tunisia,TUN,Norms and Decision-making,12.593,2022
Tunisia,TUN,Norms and Decision-making,12.593,2023
Tunisia,TUN,Population,86.905,1960
Tunisia,TUN,Population,86.905,1961
Tunisia,TUN,Population,86.905,1962
Tunisia,TUN,Population,86.905,1963
Tunisia,TUN,Population,86.905,1964
Tunisia,TUN,Population,86.905,1965
Tunisia,TUN,Population,86.905,1966
Tunisia,TUN,Population,86.905,1967
Tunisia,TUN,Population,86.905,1968
Tunisia,TUN,Population,86.905,1969
Tunisia,TUN,Population,86.905,1970
Tunisia,TUN,Population,86.905,1971
Tunisia,TUN,Population,86.905,1972
Tunisia,TUN,Population,86.905,1973
Tunisia,TUN,Population,86.905,1974
Tunisia,TUN,Population,89.286,1975
Tunisia,TUN,Population,86.905,1976
Tunisia,TUN,Population,86.905,1977
Tunisia,TUN,Population,86.905,1978
Tunisia,TUN,Population,86.905,1979
Tunisia,TUN,Population,92.857,1980
Tunisia,TUN,Population,86.905,1981
Tunisia,TUN,Population,86.905,1982
Tunisia,TUN,Population,86.905,1983
Tunisia,TUN,Population,89.286,1984
Tunisia,TUN,Population,91.667,1985
Tunisia,TUN,Population,86.905,1986
Tunisia,TUN,Population,86.905,1987
Tunisia,TUN,Population,88.095,1988
Tunisia,TUN,Population,86.905,1989
Tunisia,TUN,Population,92.857,1990
Tunisia,TUN,Population,86.905,1991
Tunisia,TUN,Population,86.905,1992
Tunisia,TUN,Population,86.905,1993
Tunisia,TUN,Population,89.286,1994
Tunisia,TUN,Population,94.048,1995
Tunisia,TUN,Population,86.905,1996
Tunisia,TUN,Population,86.905,1997
Tunisia,TUN,Population,86.905,1998
Tunisia,TUN,Population,86.905,1999
Tunisia,TUN,Population,92.857,2000
Tunisia,TUN,Population,86.905,2001
Tunisia,TUN,Population,86.905,2002
Tunisia,TUN,Population,86.905,2003
Tunisia,TUN,Population,89.286,2004
Tunisia,TUN,Population,92.857,2005
Tunisia,TUN,Population,86.905,2006
Tunisia,TUN,Population,86.905,2007
Tunisia,TUN,Population,86.905,2008
Tunisia,TUN,Population,86.905,2009
Tunisia,TUN,Population,92.857,2010
Tunisia,TUN,Population,86.905,2011
Tunisia,TUN,Population,89.286,2012
Tunisia,TUN,Population,86.905,2013
Tunisia,TUN,Population,89.286,2014
Tunisia,TUN,Population,92.857,2015
Tunisia,TUN,Population,86.905,2016
Tunisia,TUN,Population,86.905,2017
Tunisia,TUN,Population,90.476,2018
Tunisia,TUN,Population,86.905,2019
Tunisia,TUN,Population,88.095,2020
Tunisia,TUN,Population,86.905,2021
Tunisia,TUN,Population,86.905,2022
Tunisia,TUN,Population,77.381,2023
Tunisia,TUN,SDGs,0.671,1960
Tunisia,TUN,SDGs,0.671,1961
Tunisia,TUN,SDGs,2.685,1962
Tunisia,TUN,SDGs,2.685,1963
Tunisia,TUN,SDGs,2.685,1964
Tunisia,TUN,SDGs,2.685,1965
Tunisia,TUN,SDGs,2.685,1966
Tunisia,TUN,SDGs,2.685,1967
Tunisia,TUN,SDGs,2.685,1968
Tunisia,TUN,SDGs,2.685,1969
Tunisia,TUN,SDGs,11.409,1970
Tunisia,TUN,SDGs,11.409,1971
Tunisia,TUN,SDGs,11.409,1972
Tunisia,TUN,SDGs,11.409,1973
Tunisia,TUN,SDGs,11.409,1974
Tunisia,TUN,SDGs,11.409,1975
Tunisia,TUN,SDGs,11.409,1976
Tunisia,TUN,SDGs,11.409,1977
Tunisia,TUN,SDGs,11.409,1978
Tunisia,TUN,SDGs,11.409,1979
Tunisia,TUN,SDGs,11.409,1980
Tunisia,TUN,SDGs,11.409,1981
Tunisia,TUN,SDGs,11.409,1982
Tunisia,TUN,SDGs,12.081,1983
Tunisia,TUN,SDGs,12.081,1984
Tunisia,TUN,SDGs,12.081,1985
Tunisia,TUN,SDGs,12.081,1986
Tunisia,TUN,SDGs,12.081,1987
Tunisia,TUN,SDGs,14.094,1988
Tunisia,TUN,SDGs,16.107,1989
Tunisia,TUN,SDGs,12.081,1990
Tunisia,TUN,SDGs,16.107,1991
Tunisia,TUN,SDGs,16.107,1992
Tunisia,TUN,SDGs,16.107,1993
Tunisia,TUN,SDGs,16.779,1994
Tunisia,TUN,SDGs,16.779,1995
Tunisia,TUN,SDGs,16.107,1996
Tunisia,TUN,SDGs,20.805,1997
Tunisia,TUN,SDGs,16.779,1998
Tunisia,TUN,SDGs,18.792,1999
Tunisia,TUN,SDGs,64.430,2000
Tunisia,TUN,SDGs,32.215,2001
Tunisia,TUN,SDGs,31.544,2002
Tunisia,TUN,SDGs,33.557,2003
Tunisia,TUN,SDGs,30.201,2004
Tunisia,TUN,SDGs,35.570,2005
Tunisia,TUN,SDGs,35.570,2006
Tunisia,TUN,SDGs,35.570,2007
Tunisia,TUN,SDGs,33.557,2008
Tunisia,TUN,SDGs,34.228,2009
Tunisia,TUN,SDGs,65.772,2010
Tunisia,TUN,SDGs,36.242,2011
Tunisia,TUN,SDGs,34.228,2012
Tunisia,TUN,SDGs,33.557,2013
Tunisia,TUN,SDGs,35.570,2014
Tunisia,TUN,SDGs,65.772,2015
Tunisia,TUN,SDGs,33.557,2016
Tunisia,TUN,SDGs,35.570,2017
Tunisia,TUN,SDGs,36.913,2018
Tunisia,TUN,SDGs,69.799,2019
Tunisia,TUN,SDGs,23.490,2020
Tunisia,TUN,SDGs,20.805,2021
Tunisia,TUN,SDGs,22.819,2022
Tunisia,TUN,SDGs,18.121,2023
Tunisia,TUN,Technology,0.000,1960
Tunisia,TUN,Technology,0.000,1961
Tunisia,TUN,Technology,0.000,1962
Tunisia,TUN,Technology,0.000,1963
Tunisia,TUN,Technology,0.000,1964
Tunisia,TUN,Technology,0.000,1965
Tunisia,TUN,Technology,0.000,1966
Tunisia,TUN,Technology,0.000,1967
Tunisia,TUN,Technology,0.000,1968
Tunisia,TUN,Technology,0.000,1969
Tunisia,TUN,Technology,0.000,1970
Tunisia,TUN,Technology,0.000,1971
Tunisia,TUN,Technology,0.000,1972
Tunisia,TUN,Technology,0.000,1973
Tunisia,TUN,Technology,0.000,1974
Tunisia,TUN,Technology,0.000,1975
Tunisia,TUN,Technology,0.000,1976
Tunisia,TUN,Technology,0.000,1977
Tunisia,TUN,Technology,0.000,1978
Tunisia,TUN,Technology,0.000,1979
Tunisia,TUN,Technology,0.000,1980
Tunisia,TUN,Technology,0.000,1981
Tunisia,TUN,Technology,0.000,1982
Tunisia,TUN,Technology,0.000,1983
Tunisia,TUN,Technology,0.000,1984
Tunisia,TUN,Technology,0.000,1985
Tunisia,TUN,Technology,0.000,1986
Tunisia,TUN,Technology,0.000,1987
Tunisia,TUN,Technology,0.000,1988
Tunisia,TUN,Technology,0.000,1989
Tunisia,TUN,Technology,2.222,1990
Tunisia,TUN,Technology,2.222,1991
Tunisia,TUN,Technology,2.222,1992
Tunisia,TUN,Technology,2.222,1993
Tunisia,TUN,Technology,2.222,1994
Tunisia,TUN,Technology,2.222,1995
Tunisia,TUN,Technology,2.222,1996
Tunisia,TUN,Technology,2.222,1997
Tunisia,TUN,Technology,2.222,1998
Tunisia,TUN,Technology,2.222,1999
Tunisia,TUN,Technology,2.222,2000
Tunisia,TUN,Technology,2.222,2001
Tunisia,TUN,Technology,2.222,2002
Tunisia,TUN,Technology,2.222,2003
Tunisia,TUN,Technology,2.222,2004
Tunisia,TUN,Technology,2.222,2005
Tunisia,TUN,Technology,2.222,2006
Tunisia,TUN,Technology,2.222,2007
Tunisia,TUN,Technology,2.222,2008
Tunisia,TUN,Technology,2.222,2009
Tunisia,TUN,Technology,2.222,2010
Tunisia,TUN,Technology,2.222,2011
Tunisia,TUN,Technology,8.889,2012
Tunisia,TUN,Technology,4.444,2013
Tunisia,TUN,Technology,37.778,2014
Tunisia,TUN,Technology,8.889,2015
Tunisia,TUN,Technology,8.889,2016
Tunisia,TUN,Technology,55.556,2017
Tunisia,TUN,Technology,8.889,2018
Tunisia,TUN,Technology,6.667,2019
Tunisia,TUN,Technology,2.222,2020
Tunisia,TUN,Technology,82.222,2021
Tunisia,TUN,Technology,2.222,2022
Tunisia,TUN,Technology,0.000,2023
Tunisia,TUN,Violence,0.000,1960
Tunisia,TUN,Violence,0.000,1961
Tunisia,TUN,Violence,0.000,1962
Tunisia,TUN,Violence,0.000,1963
Tunisia,TUN,Violence,0.000,1964
Tunisia,TUN,Violence,0.000,1965
Tunisia,TUN,Violence,0.000,1966
Tunisia,TUN,Violence,0.000,1967
Tunisia,TUN,Violence,0.000,1968
Tunisia,TUN,Violence,0.000,1969
Tunisia,TUN,Violence,2.143,1970
Tunisia,TUN,Violence,2.143,1971
Tunisia,TUN,Violence,2.143,1972
Tunisia,TUN,Violence,2.143,1973
Tunisia,TUN,Violence,2.143,1974
Tunisia,TUN,Violence,2.143,1975
Tunisia,TUN,Violence,2.143,1976
Tunisia,TUN,Violence,2.143,1977
Tunisia,TUN,Violence,2.143,1978
Tunisia,TUN,Violence,2.143,1979
Tunisia,TUN,Violence,2.143,1980
Tunisia,TUN,Violence,2.143,1981
Tunisia,TUN,Violence,2.143,1982
Tunisia,TUN,Violence,2.143,1983
Tunisia,TUN,Violence,2.143,1984
Tunisia,TUN,Violence,2.143,1985
Tunisia,TUN,Violence,2.143,1986
Tunisia,TUN,Violence,2.143,1987
Tunisia,TUN,Violence,3.571,1988
Tunisia,TUN,Violence,2.143,1989
Tunisia,TUN,Violence,2.143,1990
Tunisia,TUN,Violence,2.143,1991
Tunisia,TUN,Violence,2.143,1992
Tunisia,TUN,Violence,2.143,1993
Tunisia,TUN,Violence,2.143,1994
Tunisia,TUN,Violence,2.143,1995
Tunisia,TUN,Violence,2.143,1996
Tunisia,TUN,Violence,2.143,1997
Tunisia,TUN,Violence,2.143,1998
Tunisia,TUN,Violence,2.143,1999
Tunisia,TUN,Violence,4.286,2000
Tunisia,TUN,Violence,4.286,2001
Tunisia,TUN,Violence,4.286,2002
Tunisia,TUN,Violence,4.286,2003
Tunisia,TUN,Violence,5.000,2004
Tunisia,TUN,Violence,5.000,2005
Tunisia,TUN,Violence,5.000,2006
Tunisia,TUN,Violence,5.000,2007
Tunisia,TUN,Violence,5.000,2008
Tunisia,TUN,Violence,5.000,2009
Tunisia,TUN,Violence,5.000,2010
Tunisia,TUN,Violence,4.286,2011
Tunisia,TUN,Violence,5.000,2012
Tunisia,TUN,Violence,4.286,2013
Tunisia,TUN,Violence,4.286,2014
Tunisia,TUN,Violence,4.286,2015
Tunisia,TUN,Violence,4.286,2016
Tunisia,TUN,Violence,4.286,2017
Tunisia,TUN,Violence,8.571,2018
Tunisia,TUN,Violence,6.429,2019
Tunisia,TUN,Violence,4.286,2020
Tunisia,TUN,Violence,2.143,2021
Tunisia,TUN,Violence,2.143,2022
Tunisia,TUN,Violence,2.143,2023
Tunisia,TUN,Youth 15-24,4.587,1960
Tunisia,TUN,Youth 15-24,4.587,1961
Tunisia,TUN,Youth 15-24,4.587,1962
Tunisia,TUN,Youth 15-24,4.587,1963
Tunisia,TUN,Youth 15-24,4.587,1964
Tunisia,TUN,Youth 15-24,4.587,1965
Tunisia,TUN,Youth 15-24,7.339,1966
Tunisia,TUN,Youth 15-24,4.587,1967
Tunisia,TUN,Youth 15-24,4.587,1968
Tunisia,TUN,Youth 15-24,4.587,1969
Tunisia,TUN,Youth 15-24,4.587,1970
Tunisia,TUN,Youth 15-24,13.761,1971
Tunisia,TUN,Youth 15-24,19.266,1972
Tunisia,TUN,Youth 15-24,19.266,1973
Tunisia,TUN,Youth 15-24,18.349,1974
Tunisia,TUN,Youth 15-24,24.771,1975
Tunisia,TUN,Youth 15-24,21.101,1976
Tunisia,TUN,Youth 15-24,21.101,1977
Tunisia,TUN,Youth 15-24,23.853,1978
Tunisia,TUN,Youth 15-24,23.853,1979
Tunisia,TUN,Youth 15-24,32.110,1980
Tunisia,TUN,Youth 15-24,21.101,1981
Tunisia,TUN,Youth 15-24,21.101,1982
Tunisia,TUN,Youth 15-24,23.853,1983
Tunisia,TUN,Youth 15-24,36.697,1984
Tunisia,TUN,Youth 15-24,23.853,1985
Tunisia,TUN,Youth 15-24,21.101,1986
Tunisia,TUN,Youth 15-24,21.101,1987
Tunisia,TUN,Youth 15-24,20.183,1988
Tunisia,TUN,Youth 15-24,27.523,1989
Tunisia,TUN,Youth 15-24,25.688,1990
Tunisia,TUN,Youth 15-24,30.275,1991
Tunisia,TUN,Youth 15-24,32.110,1992
Tunisia,TUN,Youth 15-24,32.110,1993
Tunisia,TUN,Youth 15-24,32.110,1994
Tunisia,TUN,Youth 15-24,32.110,1995
Tunisia,TUN,Youth 15-24,32.110,1996
Tunisia,TUN,Youth 15-24,35.780,1997
Tunisia,TUN,Youth 15-24,26.606,1998
Tunisia,TUN,Youth 15-24,27.523,1999
Tunisia,TUN,Youth 15-24,32.110,2000
Tunisia,TUN,Youth 15-24,35.780,2001
Tunisia,TUN,Youth 15-24,35.780,2002
Tunisia,TUN,Youth 15-24,31.193,2003
Tunisia,TUN,Youth 15-24,39.450,2004
Tunisia,TUN,Youth 15-24,45.872,2005
Tunisia,TUN,Youth 15-24,43.119,2006
Tunisia,TUN,Youth 15-24,43.119,2007
Tunisia,TUN,Youth 15-24,55.046,2008
Tunisia,TUN,Youth 15-24,44.954,2009
Tunisia,TUN,Youth 15-24,60.550,2010
Tunisia,TUN,Youth 15-24,57.798,2011
Tunisia,TUN,Youth 15-24,57.798,2012
Tunisia,TUN,Youth 15-24,49.541,2013
Tunisia,TUN,Youth 15-24,59.633,2014
Tunisia,TUN,Youth 15-24,52.294,2015
Tunisia,TUN,Youth 15-24,70.642,2016
Tunisia,TUN,Youth 15-24,33.945,2017
Tunisia,TUN,Youth 15-24,41.284,2018
Tunisia,TUN,Youth 15-24,45.872,2019
Tunisia,TUN,Youth 15-24,22.018,2020
Tunisia,TUN,Youth 15-24,22.018,2021
Tunisia,TUN,Youth 15-24,45.872,2022
Tunisia,TUN,Youth 15-24,36.697,2023
