Country Name,Country Code,Topic,% of available indicators,Year
Eritrea,ERI,Assets,0.000,1960
Eritrea,ERI,Assets,0.000,1961
Eritrea,ERI,Assets,0.000,1962
Eritrea,ERI,Assets,0.000,1963
Eritrea,ERI,Assets,0.000,1964
Eritrea,ERI,Assets,0.000,1965
Eritrea,ERI,Assets,0.000,1966
Eritrea,ERI,Assets,0.000,1967
Eritrea,ERI,Assets,0.000,1968
Eritrea,ERI,Assets,0.000,1969
Eritrea,ERI,Assets,2.208,1970
Eritrea,ERI,Assets,2.208,1971
Eritrea,ERI,Assets,2.208,1972
Eritrea,ERI,Assets,2.208,1973
Eritrea,ERI,Assets,2.208,1974
Eritrea,ERI,Assets,2.208,1975
Eritrea,ERI,Assets,2.208,1976
Eritrea,ERI,Assets,2.208,1977
Eritrea,ERI,Assets,2.208,1978
Eritrea,ERI,Assets,2.208,1979
Eritrea,ERI,Assets,2.208,1980
Eritrea,ERI,Assets,2.208,1981
Eritrea,ERI,Assets,2.208,1982
Eritrea,ERI,Assets,2.208,1983
Eritrea,ERI,Assets,2.208,1984
Eritrea,ERI,Assets,2.208,1985
Eritrea,ERI,Assets,2.208,1986
Eritrea,ERI,Assets,2.208,1987
Eritrea,ERI,Assets,2.208,1988
Eritrea,ERI,Assets,2.208,1989
Eritrea,ERI,Assets,2.208,1990
Eritrea,ERI,Assets,2.208,1991
Eritrea,ERI,Assets,2.208,1992
Eritrea,ERI,Assets,2.208,1993
Eritrea,ERI,Assets,2.208,1994
Eritrea,ERI,Assets,2.208,1995
Eritrea,ERI,Assets,2.208,1996
Eritrea,ERI,Assets,2.208,1997
Eritrea,ERI,Assets,2.208,1998
Eritrea,ERI,Assets,2.208,1999
Eritrea,ERI,Assets,2.208,2000
Eritrea,ERI,Assets,2.208,2001
Eritrea,ERI,Assets,2.208,2002
Eritrea,ERI,Assets,2.208,2003
Eritrea,ERI,Assets,2.208,2004
Eritrea,ERI,Assets,2.208,2005
Eritrea,ERI,Assets,2.208,2006
Eritrea,ERI,Assets,2.208,2007
Eritrea,ERI,Assets,2.208,2008
Eritrea,ERI,Assets,2.208,2009
Eritrea,ERI,Assets,2.208,2010
Eritrea,ERI,Assets,2.208,2011
Eritrea,ERI,Assets,2.208,2012
Eritrea,ERI,Assets,2.208,2013
Eritrea,ERI,Assets,2.208,2014
Eritrea,ERI,Assets,2.208,2015
Eritrea,ERI,Assets,2.208,2016
Eritrea,ERI,Assets,2.208,2017
Eritrea,ERI,Assets,2.208,2018
Eritrea,ERI,Assets,2.208,2019
Eritrea,ERI,Assets,2.208,2020
Eritrea,ERI,Assets,2.208,2021
Eritrea,ERI,Assets,2.208,2022
Eritrea,ERI,Assets,2.208,2023
Eritrea,ERI,Children 0-14,10.769,1960
Eritrea,ERI,Children 0-14,10.769,1961
Eritrea,ERI,Children 0-14,10.769,1962
Eritrea,ERI,Children 0-14,10.769,1963
Eritrea,ERI,Children 0-14,10.769,1964
Eritrea,ERI,Children 0-14,10.769,1965
Eritrea,ERI,Children 0-14,10.769,1966
Eritrea,ERI,Children 0-14,10.769,1967
Eritrea,ERI,Children 0-14,10.769,1968
Eritrea,ERI,Children 0-14,10.769,1969
Eritrea,ERI,Children 0-14,10.769,1970
Eritrea,ERI,Children 0-14,10.769,1971
Eritrea,ERI,Children 0-14,10.769,1972
Eritrea,ERI,Children 0-14,10.769,1973
Eritrea,ERI,Children 0-14,15.385,1974
Eritrea,ERI,Children 0-14,17.692,1975
Eritrea,ERI,Children 0-14,17.692,1976
Eritrea,ERI,Children 0-14,17.692,1977
Eritrea,ERI,Children 0-14,17.692,1978
Eritrea,ERI,Children 0-14,19.231,1979
Eritrea,ERI,Children 0-14,19.231,1980
Eritrea,ERI,Children 0-14,19.231,1981
Eritrea,ERI,Children 0-14,19.231,1982
Eritrea,ERI,Children 0-14,19.231,1983
Eritrea,ERI,Children 0-14,19.231,1984
Eritrea,ERI,Children 0-14,19.231,1985
Eritrea,ERI,Children 0-14,19.231,1986
Eritrea,ERI,Children 0-14,19.231,1987
Eritrea,ERI,Children 0-14,19.231,1988
Eritrea,ERI,Children 0-14,23.077,1989
Eritrea,ERI,Children 0-14,23.077,1990
Eritrea,ERI,Children 0-14,23.077,1991
Eritrea,ERI,Children 0-14,33.077,1992
Eritrea,ERI,Children 0-14,30.769,1993
Eritrea,ERI,Children 0-14,41.538,1994
Eritrea,ERI,Children 0-14,51.538,1995
Eritrea,ERI,Children 0-14,41.538,1996
Eritrea,ERI,Children 0-14,40.000,1997
Eritrea,ERI,Children 0-14,20.769,1998
Eritrea,ERI,Children 0-14,43.846,1999
Eritrea,ERI,Children 0-14,57.692,2000
Eritrea,ERI,Children 0-14,42.308,2001
Eritrea,ERI,Children 0-14,56.923,2002
Eritrea,ERI,Children 0-14,43.846,2003
Eritrea,ERI,Children 0-14,43.846,2004
Eritrea,ERI,Children 0-14,41.538,2005
Eritrea,ERI,Children 0-14,46.154,2006
Eritrea,ERI,Children 0-14,43.846,2007
Eritrea,ERI,Children 0-14,43.846,2008
Eritrea,ERI,Children 0-14,46.154,2009
Eritrea,ERI,Children 0-14,69.231,2010
Eritrea,ERI,Children 0-14,43.846,2011
Eritrea,ERI,Children 0-14,41.538,2012
Eritrea,ERI,Children 0-14,42.308,2013
Eritrea,ERI,Children 0-14,40.769,2014
Eritrea,ERI,Children 0-14,58.462,2015
Eritrea,ERI,Children 0-14,31.538,2016
Eritrea,ERI,Children 0-14,46.154,2017
Eritrea,ERI,Children 0-14,44.615,2018
Eritrea,ERI,Children 0-14,47.692,2019
Eritrea,ERI,Children 0-14,20.769,2020
Eritrea,ERI,Children 0-14,20.769,2021
Eritrea,ERI,Children 0-14,30.769,2022
Eritrea,ERI,Children 0-14,9.231,2023
Eritrea,ERI,Education,0.000,1960
Eritrea,ERI,Education,0.000,1961
Eritrea,ERI,Education,0.000,1962
Eritrea,ERI,Education,0.000,1963
Eritrea,ERI,Education,0.000,1964
Eritrea,ERI,Education,0.000,1965
Eritrea,ERI,Education,0.000,1966
Eritrea,ERI,Education,0.000,1967
Eritrea,ERI,Education,0.000,1968
Eritrea,ERI,Education,0.000,1969
Eritrea,ERI,Education,0.000,1970
Eritrea,ERI,Education,0.000,1971
Eritrea,ERI,Education,0.000,1972
Eritrea,ERI,Education,0.000,1973
Eritrea,ERI,Education,0.000,1974
Eritrea,ERI,Education,0.000,1975
Eritrea,ERI,Education,0.000,1976
Eritrea,ERI,Education,0.000,1977
Eritrea,ERI,Education,0.000,1978
Eritrea,ERI,Education,0.000,1979
Eritrea,ERI,Education,0.000,1980
Eritrea,ERI,Education,0.000,1981
Eritrea,ERI,Education,0.000,1982
Eritrea,ERI,Education,0.000,1983
Eritrea,ERI,Education,0.000,1984
Eritrea,ERI,Education,0.000,1985
Eritrea,ERI,Education,0.000,1986
Eritrea,ERI,Education,0.000,1987
Eritrea,ERI,Education,0.000,1988
Eritrea,ERI,Education,3.681,1989
Eritrea,ERI,Education,3.681,1990
Eritrea,ERI,Education,3.681,1991
Eritrea,ERI,Education,11.656,1992
Eritrea,ERI,Education,15.951,1993
Eritrea,ERI,Education,29.448,1994
Eritrea,ERI,Education,34.356,1995
Eritrea,ERI,Education,31.902,1996
Eritrea,ERI,Education,26.380,1997
Eritrea,ERI,Education,3.681,1998
Eritrea,ERI,Education,47.239,1999
Eritrea,ERI,Education,47.239,2000
Eritrea,ERI,Education,43.558,2001
Eritrea,ERI,Education,57.669,2002
Eritrea,ERI,Education,45.399,2003
Eritrea,ERI,Education,49.080,2004
Eritrea,ERI,Education,31.902,2005
Eritrea,ERI,Education,36.196,2006
Eritrea,ERI,Education,33.742,2007
Eritrea,ERI,Education,42.331,2008
Eritrea,ERI,Education,42.331,2009
Eritrea,ERI,Education,41.104,2010
Eritrea,ERI,Education,36.196,2011
Eritrea,ERI,Education,34.356,2012
Eritrea,ERI,Education,33.129,2013
Eritrea,ERI,Education,43.558,2014
Eritrea,ERI,Education,45.399,2015
Eritrea,ERI,Education,19.632,2016
Eritrea,ERI,Education,38.037,2017
Eritrea,ERI,Education,39.264,2018
Eritrea,ERI,Education,15.337,2019
Eritrea,ERI,Education,0.000,2020
Eritrea,ERI,Education,0.000,2021
Eritrea,ERI,Education,11.043,2022
Eritrea,ERI,Education,0.000,2023
Eritrea,ERI,Employment and Time Use,0.000,1960
Eritrea,ERI,Employment and Time Use,0.000,1961
Eritrea,ERI,Employment and Time Use,0.000,1962
Eritrea,ERI,Employment and Time Use,0.000,1963
Eritrea,ERI,Employment and Time Use,0.000,1964
Eritrea,ERI,Employment and Time Use,0.000,1965
Eritrea,ERI,Employment and Time Use,0.000,1966
Eritrea,ERI,Employment and Time Use,0.000,1967
Eritrea,ERI,Employment and Time Use,0.000,1968
Eritrea,ERI,Employment and Time Use,0.000,1969
Eritrea,ERI,Employment and Time Use,21.168,1970
Eritrea,ERI,Employment and Time Use,21.168,1971
Eritrea,ERI,Employment and Time Use,21.168,1972
Eritrea,ERI,Employment and Time Use,21.168,1973
Eritrea,ERI,Employment and Time Use,21.168,1974
Eritrea,ERI,Employment and Time Use,21.168,1975
Eritrea,ERI,Employment and Time Use,21.168,1976
Eritrea,ERI,Employment and Time Use,21.168,1977
Eritrea,ERI,Employment and Time Use,21.168,1978
Eritrea,ERI,Employment and Time Use,21.168,1979
Eritrea,ERI,Employment and Time Use,21.168,1980
Eritrea,ERI,Employment and Time Use,21.168,1981
Eritrea,ERI,Employment and Time Use,21.168,1982
Eritrea,ERI,Employment and Time Use,21.168,1983
Eritrea,ERI,Employment and Time Use,21.168,1984
Eritrea,ERI,Employment and Time Use,21.168,1985
Eritrea,ERI,Employment and Time Use,21.168,1986
Eritrea,ERI,Employment and Time Use,21.168,1987
Eritrea,ERI,Employment and Time Use,21.168,1988
Eritrea,ERI,Employment and Time Use,21.168,1989
Eritrea,ERI,Employment and Time Use,31.387,1990
Eritrea,ERI,Employment and Time Use,56.204,1991
Eritrea,ERI,Employment and Time Use,56.204,1992
Eritrea,ERI,Employment and Time Use,56.204,1993
Eritrea,ERI,Employment and Time Use,56.204,1994
Eritrea,ERI,Employment and Time Use,56.204,1995
Eritrea,ERI,Employment and Time Use,56.204,1996
Eritrea,ERI,Employment and Time Use,56.204,1997
Eritrea,ERI,Employment and Time Use,56.204,1998
Eritrea,ERI,Employment and Time Use,56.204,1999
Eritrea,ERI,Employment and Time Use,56.204,2000
Eritrea,ERI,Employment and Time Use,56.204,2001
Eritrea,ERI,Employment and Time Use,56.204,2002
Eritrea,ERI,Employment and Time Use,56.204,2003
Eritrea,ERI,Employment and Time Use,56.204,2004
Eritrea,ERI,Employment and Time Use,56.204,2005
Eritrea,ERI,Employment and Time Use,56.204,2006
Eritrea,ERI,Employment and Time Use,56.204,2007
Eritrea,ERI,Employment and Time Use,56.204,2008
Eritrea,ERI,Employment and Time Use,56.204,2009
Eritrea,ERI,Employment and Time Use,56.204,2010
Eritrea,ERI,Employment and Time Use,56.204,2011
Eritrea,ERI,Employment and Time Use,56.204,2012
Eritrea,ERI,Employment and Time Use,56.204,2013
Eritrea,ERI,Employment and Time Use,56.204,2014
Eritrea,ERI,Employment and Time Use,56.204,2015
Eritrea,ERI,Employment and Time Use,56.204,2016
Eritrea,ERI,Employment and Time Use,56.204,2017
Eritrea,ERI,Employment and Time Use,56.204,2018
Eritrea,ERI,Employment and Time Use,56.204,2019
Eritrea,ERI,Employment and Time Use,56.204,2020
Eritrea,ERI,Employment and Time Use,56.204,2021
Eritrea,ERI,Employment and Time Use,56.204,2022
Eritrea,ERI,Employment and Time Use,56.204,2023
Eritrea,ERI,Entrepreneurship,0.000,1960
Eritrea,ERI,Entrepreneurship,0.000,1961
Eritrea,ERI,Entrepreneurship,0.000,1962
Eritrea,ERI,Entrepreneurship,0.000,1963
Eritrea,ERI,Entrepreneurship,0.000,1964
Eritrea,ERI,Entrepreneurship,0.000,1965
Eritrea,ERI,Entrepreneurship,0.000,1966
Eritrea,ERI,Entrepreneurship,0.000,1967
Eritrea,ERI,Entrepreneurship,0.000,1968
Eritrea,ERI,Entrepreneurship,0.000,1969
Eritrea,ERI,Entrepreneurship,9.375,1970
Eritrea,ERI,Entrepreneurship,9.375,1971
Eritrea,ERI,Entrepreneurship,9.375,1972
Eritrea,ERI,Entrepreneurship,9.375,1973
Eritrea,ERI,Entrepreneurship,9.375,1974
Eritrea,ERI,Entrepreneurship,9.375,1975
Eritrea,ERI,Entrepreneurship,9.375,1976
Eritrea,ERI,Entrepreneurship,9.375,1977
Eritrea,ERI,Entrepreneurship,9.375,1978
Eritrea,ERI,Entrepreneurship,9.375,1979
Eritrea,ERI,Entrepreneurship,9.375,1980
Eritrea,ERI,Entrepreneurship,9.375,1981
Eritrea,ERI,Entrepreneurship,9.375,1982
Eritrea,ERI,Entrepreneurship,9.375,1983
Eritrea,ERI,Entrepreneurship,9.375,1984
Eritrea,ERI,Entrepreneurship,9.375,1985
Eritrea,ERI,Entrepreneurship,9.375,1986
Eritrea,ERI,Entrepreneurship,9.375,1987
Eritrea,ERI,Entrepreneurship,9.375,1988
Eritrea,ERI,Entrepreneurship,9.375,1989
Eritrea,ERI,Entrepreneurship,9.375,1990
Eritrea,ERI,Entrepreneurship,9.375,1991
Eritrea,ERI,Entrepreneurship,9.375,1992
Eritrea,ERI,Entrepreneurship,9.375,1993
Eritrea,ERI,Entrepreneurship,9.375,1994
Eritrea,ERI,Entrepreneurship,9.375,1995
Eritrea,ERI,Entrepreneurship,9.375,1996
Eritrea,ERI,Entrepreneurship,9.375,1997
Eritrea,ERI,Entrepreneurship,9.375,1998
Eritrea,ERI,Entrepreneurship,9.375,1999
Eritrea,ERI,Entrepreneurship,9.375,2000
Eritrea,ERI,Entrepreneurship,9.375,2001
Eritrea,ERI,Entrepreneurship,9.375,2002
Eritrea,ERI,Entrepreneurship,9.375,2003
Eritrea,ERI,Entrepreneurship,37.500,2004
Eritrea,ERI,Entrepreneurship,37.500,2005
Eritrea,ERI,Entrepreneurship,37.500,2006
Eritrea,ERI,Entrepreneurship,37.500,2007
Eritrea,ERI,Entrepreneurship,37.500,2008
Eritrea,ERI,Entrepreneurship,43.750,2009
Eritrea,ERI,Entrepreneurship,37.500,2010
Eritrea,ERI,Entrepreneurship,37.500,2011
Eritrea,ERI,Entrepreneurship,37.500,2012
Eritrea,ERI,Entrepreneurship,37.500,2013
Eritrea,ERI,Entrepreneurship,37.500,2014
Eritrea,ERI,Entrepreneurship,37.500,2015
Eritrea,ERI,Entrepreneurship,37.500,2016
Eritrea,ERI,Entrepreneurship,37.500,2017
Eritrea,ERI,Entrepreneurship,37.500,2018
Eritrea,ERI,Entrepreneurship,37.500,2019
Eritrea,ERI,Entrepreneurship,9.375,2020
Eritrea,ERI,Entrepreneurship,9.375,2021
Eritrea,ERI,Entrepreneurship,9.375,2022
Eritrea,ERI,Entrepreneurship,9.375,2023
Eritrea,ERI,Environment,0.000,1960
Eritrea,ERI,Environment,0.000,1961
Eritrea,ERI,Environment,0.000,1962
Eritrea,ERI,Environment,0.000,1963
Eritrea,ERI,Environment,0.000,1964
Eritrea,ERI,Environment,0.000,1965
Eritrea,ERI,Environment,0.000,1966
Eritrea,ERI,Environment,0.000,1967
Eritrea,ERI,Environment,0.000,1968
Eritrea,ERI,Environment,0.000,1969
Eritrea,ERI,Environment,0.000,1970
Eritrea,ERI,Environment,0.000,1971
Eritrea,ERI,Environment,0.000,1972
Eritrea,ERI,Environment,0.000,1973
Eritrea,ERI,Environment,0.000,1974
Eritrea,ERI,Environment,0.000,1975
Eritrea,ERI,Environment,0.000,1976
Eritrea,ERI,Environment,0.000,1977
Eritrea,ERI,Environment,0.000,1978
Eritrea,ERI,Environment,0.000,1979
Eritrea,ERI,Environment,0.000,1980
Eritrea,ERI,Environment,0.000,1981
Eritrea,ERI,Environment,0.000,1982
Eritrea,ERI,Environment,0.000,1983
Eritrea,ERI,Environment,0.000,1984
Eritrea,ERI,Environment,0.000,1985
Eritrea,ERI,Environment,0.000,1986
Eritrea,ERI,Environment,0.000,1987
Eritrea,ERI,Environment,0.000,1988
Eritrea,ERI,Environment,0.000,1989
Eritrea,ERI,Environment,0.000,1990
Eritrea,ERI,Environment,0.000,1991
Eritrea,ERI,Environment,0.000,1992
Eritrea,ERI,Environment,0.000,1993
Eritrea,ERI,Environment,0.000,1994
Eritrea,ERI,Environment,23.333,1995
Eritrea,ERI,Environment,0.000,1996
Eritrea,ERI,Environment,0.000,1997
Eritrea,ERI,Environment,0.000,1998
Eritrea,ERI,Environment,3.333,1999
Eritrea,ERI,Environment,13.333,2000
Eritrea,ERI,Environment,10.000,2001
Eritrea,ERI,Environment,40.000,2002
Eritrea,ERI,Environment,13.333,2003
Eritrea,ERI,Environment,13.333,2004
Eritrea,ERI,Environment,10.000,2005
Eritrea,ERI,Environment,10.000,2006
Eritrea,ERI,Environment,10.000,2007
Eritrea,ERI,Environment,10.000,2008
Eritrea,ERI,Environment,10.000,2009
Eritrea,ERI,Environment,10.000,2010
Eritrea,ERI,Environment,10.000,2011
Eritrea,ERI,Environment,10.000,2012
Eritrea,ERI,Environment,10.000,2013
Eritrea,ERI,Environment,13.333,2014
Eritrea,ERI,Environment,13.333,2015
Eritrea,ERI,Environment,13.333,2016
Eritrea,ERI,Environment,0.000,2017
Eritrea,ERI,Environment,0.000,2018
Eritrea,ERI,Environment,20.000,2019
Eritrea,ERI,Environment,0.000,2020
Eritrea,ERI,Environment,0.000,2021
Eritrea,ERI,Environment,0.000,2022
Eritrea,ERI,Environment,0.000,2023
Eritrea,ERI,Health,3.030,1960
Eritrea,ERI,Health,3.030,1961
Eritrea,ERI,Health,3.030,1962
Eritrea,ERI,Health,3.030,1963
Eritrea,ERI,Health,3.030,1964
Eritrea,ERI,Health,3.030,1965
Eritrea,ERI,Health,3.030,1966
Eritrea,ERI,Health,3.030,1967
Eritrea,ERI,Health,3.030,1968
Eritrea,ERI,Health,3.030,1969
Eritrea,ERI,Health,3.030,1970
Eritrea,ERI,Health,3.030,1971
Eritrea,ERI,Health,3.030,1972
Eritrea,ERI,Health,3.030,1973
Eritrea,ERI,Health,6.061,1974
Eritrea,ERI,Health,10.101,1975
Eritrea,ERI,Health,10.101,1976
Eritrea,ERI,Health,10.101,1977
Eritrea,ERI,Health,10.101,1978
Eritrea,ERI,Health,11.111,1979
Eritrea,ERI,Health,11.111,1980
Eritrea,ERI,Health,11.111,1981
Eritrea,ERI,Health,11.111,1982
Eritrea,ERI,Health,11.111,1983
Eritrea,ERI,Health,11.111,1984
Eritrea,ERI,Health,11.111,1985
Eritrea,ERI,Health,11.111,1986
Eritrea,ERI,Health,11.111,1987
Eritrea,ERI,Health,11.111,1988
Eritrea,ERI,Health,11.111,1989
Eritrea,ERI,Health,15.657,1990
Eritrea,ERI,Health,15.657,1991
Eritrea,ERI,Health,15.657,1992
Eritrea,ERI,Health,18.182,1993
Eritrea,ERI,Health,16.667,1994
Eritrea,ERI,Health,34.343,1995
Eritrea,ERI,Health,19.697,1996
Eritrea,ERI,Health,16.667,1997
Eritrea,ERI,Health,16.667,1998
Eritrea,ERI,Health,16.667,1999
Eritrea,ERI,Health,56.566,2000
Eritrea,ERI,Health,31.818,2001
Eritrea,ERI,Health,56.061,2002
Eritrea,ERI,Health,32.323,2003
Eritrea,ERI,Health,31.818,2004
Eritrea,ERI,Health,33.333,2005
Eritrea,ERI,Health,31.818,2006
Eritrea,ERI,Health,31.818,2007
Eritrea,ERI,Health,31.818,2008
Eritrea,ERI,Health,31.818,2009
Eritrea,ERI,Health,71.212,2010
Eritrea,ERI,Health,31.818,2011
Eritrea,ERI,Health,31.818,2012
Eritrea,ERI,Health,31.818,2013
Eritrea,ERI,Health,31.818,2014
Eritrea,ERI,Health,56.566,2015
Eritrea,ERI,Health,32.323,2016
Eritrea,ERI,Health,28.283,2017
Eritrea,ERI,Health,29.798,2018
Eritrea,ERI,Health,55.556,2019
Eritrea,ERI,Health,22.222,2020
Eritrea,ERI,Health,17.172,2021
Eritrea,ERI,Health,15.657,2022
Eritrea,ERI,Health,1.010,2023
Eritrea,ERI,Leadership,0.000,1960
Eritrea,ERI,Leadership,0.000,1961
Eritrea,ERI,Leadership,0.000,1962
Eritrea,ERI,Leadership,0.000,1963
Eritrea,ERI,Leadership,0.000,1964
Eritrea,ERI,Leadership,0.000,1965
Eritrea,ERI,Leadership,0.000,1966
Eritrea,ERI,Leadership,0.000,1967
Eritrea,ERI,Leadership,0.000,1968
Eritrea,ERI,Leadership,0.000,1969
Eritrea,ERI,Leadership,0.000,1970
Eritrea,ERI,Leadership,0.000,1971
Eritrea,ERI,Leadership,0.000,1972
Eritrea,ERI,Leadership,0.000,1973
Eritrea,ERI,Leadership,0.000,1974
Eritrea,ERI,Leadership,0.000,1975
Eritrea,ERI,Leadership,0.000,1976
Eritrea,ERI,Leadership,0.000,1977
Eritrea,ERI,Leadership,0.000,1978
Eritrea,ERI,Leadership,0.000,1979
Eritrea,ERI,Leadership,0.000,1980
Eritrea,ERI,Leadership,0.000,1981
Eritrea,ERI,Leadership,0.000,1982
Eritrea,ERI,Leadership,0.000,1983
Eritrea,ERI,Leadership,0.000,1984
Eritrea,ERI,Leadership,0.000,1985
Eritrea,ERI,Leadership,0.000,1986
Eritrea,ERI,Leadership,0.000,1987
Eritrea,ERI,Leadership,0.000,1988
Eritrea,ERI,Leadership,0.000,1989
Eritrea,ERI,Leadership,0.000,1990
Eritrea,ERI,Leadership,0.000,1991
Eritrea,ERI,Leadership,0.000,1992
Eritrea,ERI,Leadership,0.000,1993
Eritrea,ERI,Leadership,0.000,1994
Eritrea,ERI,Leadership,0.000,1995
Eritrea,ERI,Leadership,0.000,1996
Eritrea,ERI,Leadership,25.000,1997
Eritrea,ERI,Leadership,25.000,1998
Eritrea,ERI,Leadership,25.000,1999
Eritrea,ERI,Leadership,25.000,2000
Eritrea,ERI,Leadership,25.000,2001
Eritrea,ERI,Leadership,25.000,2002
Eritrea,ERI,Leadership,25.000,2003
Eritrea,ERI,Leadership,25.000,2004
Eritrea,ERI,Leadership,50.000,2005
Eritrea,ERI,Leadership,25.000,2006
Eritrea,ERI,Leadership,25.000,2007
Eritrea,ERI,Leadership,50.000,2008
Eritrea,ERI,Leadership,50.000,2009
Eritrea,ERI,Leadership,50.000,2010
Eritrea,ERI,Leadership,25.000,2011
Eritrea,ERI,Leadership,50.000,2012
Eritrea,ERI,Leadership,25.000,2013
Eritrea,ERI,Leadership,50.000,2014
Eritrea,ERI,Leadership,50.000,2015
Eritrea,ERI,Leadership,50.000,2016
Eritrea,ERI,Leadership,25.000,2017
Eritrea,ERI,Leadership,25.000,2018
Eritrea,ERI,Leadership,50.000,2019
Eritrea,ERI,Leadership,25.000,2020
Eritrea,ERI,Leadership,0.000,2021
Eritrea,ERI,Leadership,25.000,2022
Eritrea,ERI,Leadership,0.000,2023
Eritrea,ERI,Norms and Decision-making,0.000,1960
Eritrea,ERI,Norms and Decision-making,0.000,1961
Eritrea,ERI,Norms and Decision-making,0.000,1962
Eritrea,ERI,Norms and Decision-making,0.000,1963
Eritrea,ERI,Norms and Decision-making,0.000,1964
Eritrea,ERI,Norms and Decision-making,0.000,1965
Eritrea,ERI,Norms and Decision-making,0.000,1966
Eritrea,ERI,Norms and Decision-making,0.000,1967
Eritrea,ERI,Norms and Decision-making,0.000,1968
Eritrea,ERI,Norms and Decision-making,0.000,1969
Eritrea,ERI,Norms and Decision-making,12.593,1970
Eritrea,ERI,Norms and Decision-making,12.593,1971
Eritrea,ERI,Norms and Decision-making,12.593,1972
Eritrea,ERI,Norms and Decision-making,12.593,1973
Eritrea,ERI,Norms and Decision-making,12.593,1974
Eritrea,ERI,Norms and Decision-making,12.593,1975
Eritrea,ERI,Norms and Decision-making,12.593,1976
Eritrea,ERI,Norms and Decision-making,12.593,1977
Eritrea,ERI,Norms and Decision-making,12.593,1978
Eritrea,ERI,Norms and Decision-making,12.593,1979
Eritrea,ERI,Norms and Decision-making,12.593,1980
Eritrea,ERI,Norms and Decision-making,12.593,1981
Eritrea,ERI,Norms and Decision-making,12.593,1982
Eritrea,ERI,Norms and Decision-making,12.593,1983
Eritrea,ERI,Norms and Decision-making,12.593,1984
Eritrea,ERI,Norms and Decision-making,12.593,1985
Eritrea,ERI,Norms and Decision-making,12.593,1986
Eritrea,ERI,Norms and Decision-making,12.593,1987
Eritrea,ERI,Norms and Decision-making,12.593,1988
Eritrea,ERI,Norms and Decision-making,12.593,1989
Eritrea,ERI,Norms and Decision-making,12.593,1990
Eritrea,ERI,Norms and Decision-making,12.593,1991
Eritrea,ERI,Norms and Decision-making,12.593,1992
Eritrea,ERI,Norms and Decision-making,12.593,1993
Eritrea,ERI,Norms and Decision-making,12.593,1994
Eritrea,ERI,Norms and Decision-making,23.704,1995
Eritrea,ERI,Norms and Decision-making,12.593,1996
Eritrea,ERI,Norms and Decision-making,12.593,1997
Eritrea,ERI,Norms and Decision-making,12.593,1998
Eritrea,ERI,Norms and Decision-making,12.593,1999
Eritrea,ERI,Norms and Decision-making,12.593,2000
Eritrea,ERI,Norms and Decision-making,12.593,2001
Eritrea,ERI,Norms and Decision-making,64.444,2002
Eritrea,ERI,Norms and Decision-making,12.593,2003
Eritrea,ERI,Norms and Decision-making,12.593,2004
Eritrea,ERI,Norms and Decision-making,12.593,2005
Eritrea,ERI,Norms and Decision-making,12.593,2006
Eritrea,ERI,Norms and Decision-making,12.593,2007
Eritrea,ERI,Norms and Decision-making,12.593,2008
Eritrea,ERI,Norms and Decision-making,12.593,2009
Eritrea,ERI,Norms and Decision-making,15.556,2010
Eritrea,ERI,Norms and Decision-making,12.593,2011
Eritrea,ERI,Norms and Decision-making,12.593,2012
Eritrea,ERI,Norms and Decision-making,12.593,2013
Eritrea,ERI,Norms and Decision-making,12.593,2014
Eritrea,ERI,Norms and Decision-making,12.593,2015
Eritrea,ERI,Norms and Decision-making,12.593,2016
Eritrea,ERI,Norms and Decision-making,12.593,2017
Eritrea,ERI,Norms and Decision-making,12.593,2018
Eritrea,ERI,Norms and Decision-making,12.593,2019
Eritrea,ERI,Norms and Decision-making,12.593,2020
Eritrea,ERI,Norms and Decision-making,12.593,2021
Eritrea,ERI,Norms and Decision-making,12.593,2022
Eritrea,ERI,Norms and Decision-making,12.593,2023
Eritrea,ERI,Population,86.905,1960
Eritrea,ERI,Population,86.905,1961
Eritrea,ERI,Population,86.905,1962
Eritrea,ERI,Population,86.905,1963
Eritrea,ERI,Population,86.905,1964
Eritrea,ERI,Population,86.905,1965
Eritrea,ERI,Population,86.905,1966
Eritrea,ERI,Population,86.905,1967
Eritrea,ERI,Population,86.905,1968
Eritrea,ERI,Population,86.905,1969
Eritrea,ERI,Population,86.905,1970
Eritrea,ERI,Population,86.905,1971
Eritrea,ERI,Population,86.905,1972
Eritrea,ERI,Population,86.905,1973
Eritrea,ERI,Population,86.905,1974
Eritrea,ERI,Population,86.905,1975
Eritrea,ERI,Population,86.905,1976
Eritrea,ERI,Population,86.905,1977
Eritrea,ERI,Population,86.905,1978
Eritrea,ERI,Population,86.905,1979
Eritrea,ERI,Population,91.667,1980
Eritrea,ERI,Population,86.905,1981
Eritrea,ERI,Population,86.905,1982
Eritrea,ERI,Population,86.905,1983
Eritrea,ERI,Population,86.905,1984
Eritrea,ERI,Population,91.667,1985
Eritrea,ERI,Population,86.905,1986
Eritrea,ERI,Population,86.905,1987
Eritrea,ERI,Population,86.905,1988
Eritrea,ERI,Population,86.905,1989
Eritrea,ERI,Population,92.857,1990
Eritrea,ERI,Population,86.905,1991
Eritrea,ERI,Population,86.905,1992
Eritrea,ERI,Population,86.905,1993
Eritrea,ERI,Population,86.905,1994
Eritrea,ERI,Population,96.429,1995
Eritrea,ERI,Population,86.905,1996
Eritrea,ERI,Population,86.905,1997
Eritrea,ERI,Population,86.905,1998
Eritrea,ERI,Population,86.905,1999
Eritrea,ERI,Population,92.857,2000
Eritrea,ERI,Population,86.905,2001
Eritrea,ERI,Population,90.476,2002
Eritrea,ERI,Population,86.905,2003
Eritrea,ERI,Population,86.905,2004
Eritrea,ERI,Population,92.857,2005
Eritrea,ERI,Population,86.905,2006
Eritrea,ERI,Population,86.905,2007
Eritrea,ERI,Population,86.905,2008
Eritrea,ERI,Population,86.905,2009
Eritrea,ERI,Population,92.857,2010
Eritrea,ERI,Population,86.905,2011
Eritrea,ERI,Population,86.905,2012
Eritrea,ERI,Population,86.905,2013
Eritrea,ERI,Population,86.905,2014
Eritrea,ERI,Population,92.857,2015
Eritrea,ERI,Population,86.905,2016
Eritrea,ERI,Population,86.905,2017
Eritrea,ERI,Population,86.905,2018
Eritrea,ERI,Population,86.905,2019
Eritrea,ERI,Population,88.095,2020
Eritrea,ERI,Population,86.905,2021
Eritrea,ERI,Population,86.905,2022
Eritrea,ERI,Population,77.381,2023
Eritrea,ERI,SDGs,0.671,1960
Eritrea,ERI,SDGs,0.671,1961
Eritrea,ERI,SDGs,0.671,1962
Eritrea,ERI,SDGs,0.671,1963
Eritrea,ERI,SDGs,0.671,1964
Eritrea,ERI,SDGs,0.671,1965
Eritrea,ERI,SDGs,0.671,1966
Eritrea,ERI,SDGs,0.671,1967
Eritrea,ERI,SDGs,0.671,1968
Eritrea,ERI,SDGs,0.671,1969
Eritrea,ERI,SDGs,9.396,1970
Eritrea,ERI,SDGs,9.396,1971
Eritrea,ERI,SDGs,9.396,1972
Eritrea,ERI,SDGs,9.396,1973
Eritrea,ERI,SDGs,11.409,1974
Eritrea,ERI,SDGs,11.409,1975
Eritrea,ERI,SDGs,11.409,1976
Eritrea,ERI,SDGs,11.409,1977
Eritrea,ERI,SDGs,11.409,1978
Eritrea,ERI,SDGs,11.409,1979
Eritrea,ERI,SDGs,11.409,1980
Eritrea,ERI,SDGs,11.409,1981
Eritrea,ERI,SDGs,11.409,1982
Eritrea,ERI,SDGs,11.409,1983
Eritrea,ERI,SDGs,11.409,1984
Eritrea,ERI,SDGs,11.409,1985
Eritrea,ERI,SDGs,11.409,1986
Eritrea,ERI,SDGs,11.409,1987
Eritrea,ERI,SDGs,11.409,1988
Eritrea,ERI,SDGs,11.409,1989
Eritrea,ERI,SDGs,15.436,1990
Eritrea,ERI,SDGs,19.463,1991
Eritrea,ERI,SDGs,19.463,1992
Eritrea,ERI,SDGs,20.134,1993
Eritrea,ERI,SDGs,20.134,1994
Eritrea,ERI,SDGs,27.517,1995
Eritrea,ERI,SDGs,20.805,1996
Eritrea,ERI,SDGs,20.805,1997
Eritrea,ERI,SDGs,20.805,1998
Eritrea,ERI,SDGs,20.805,1999
Eritrea,ERI,SDGs,65.772,2000
Eritrea,ERI,SDGs,33.557,2001
Eritrea,ERI,SDGs,40.268,2002
Eritrea,ERI,SDGs,34.228,2003
Eritrea,ERI,SDGs,33.557,2004
Eritrea,ERI,SDGs,35.570,2005
Eritrea,ERI,SDGs,33.557,2006
Eritrea,ERI,SDGs,33.557,2007
Eritrea,ERI,SDGs,33.557,2008
Eritrea,ERI,SDGs,33.557,2009
Eritrea,ERI,SDGs,72.483,2010
Eritrea,ERI,SDGs,33.557,2011
Eritrea,ERI,SDGs,33.557,2012
Eritrea,ERI,SDGs,33.557,2013
Eritrea,ERI,SDGs,33.557,2014
Eritrea,ERI,SDGs,65.772,2015
Eritrea,ERI,SDGs,33.557,2016
Eritrea,ERI,SDGs,31.544,2017
Eritrea,ERI,SDGs,33.557,2018
Eritrea,ERI,SDGs,67.785,2019
Eritrea,ERI,SDGs,24.832,2020
Eritrea,ERI,SDGs,20.134,2021
Eritrea,ERI,SDGs,20.134,2022
Eritrea,ERI,SDGs,13.423,2023
Eritrea,ERI,Technology,0.000,1960
Eritrea,ERI,Technology,0.000,1961
Eritrea,ERI,Technology,0.000,1962
Eritrea,ERI,Technology,0.000,1963
Eritrea,ERI,Technology,0.000,1964
Eritrea,ERI,Technology,0.000,1965
Eritrea,ERI,Technology,0.000,1966
Eritrea,ERI,Technology,0.000,1967
Eritrea,ERI,Technology,0.000,1968
Eritrea,ERI,Technology,0.000,1969
Eritrea,ERI,Technology,0.000,1970
Eritrea,ERI,Technology,0.000,1971
Eritrea,ERI,Technology,0.000,1972
Eritrea,ERI,Technology,0.000,1973
Eritrea,ERI,Technology,0.000,1974
Eritrea,ERI,Technology,0.000,1975
Eritrea,ERI,Technology,0.000,1976
Eritrea,ERI,Technology,0.000,1977
Eritrea,ERI,Technology,0.000,1978
Eritrea,ERI,Technology,0.000,1979
Eritrea,ERI,Technology,0.000,1980
Eritrea,ERI,Technology,0.000,1981
Eritrea,ERI,Technology,0.000,1982
Eritrea,ERI,Technology,0.000,1983
Eritrea,ERI,Technology,0.000,1984
Eritrea,ERI,Technology,0.000,1985
Eritrea,ERI,Technology,0.000,1986
Eritrea,ERI,Technology,0.000,1987
Eritrea,ERI,Technology,0.000,1988
Eritrea,ERI,Technology,0.000,1989
Eritrea,ERI,Technology,2.222,1990
Eritrea,ERI,Technology,2.222,1991
Eritrea,ERI,Technology,2.222,1992
Eritrea,ERI,Technology,2.222,1993
Eritrea,ERI,Technology,2.222,1994
Eritrea,ERI,Technology,2.222,1995
Eritrea,ERI,Technology,2.222,1996
Eritrea,ERI,Technology,2.222,1997
Eritrea,ERI,Technology,2.222,1998
Eritrea,ERI,Technology,6.667,1999
Eritrea,ERI,Technology,6.667,2000
Eritrea,ERI,Technology,2.222,2001
Eritrea,ERI,Technology,6.667,2002
Eritrea,ERI,Technology,6.667,2003
Eritrea,ERI,Technology,6.667,2004
Eritrea,ERI,Technology,0.000,2005
Eritrea,ERI,Technology,0.000,2006
Eritrea,ERI,Technology,2.222,2007
Eritrea,ERI,Technology,2.222,2008
Eritrea,ERI,Technology,2.222,2009
Eritrea,ERI,Technology,2.222,2010
Eritrea,ERI,Technology,2.222,2011
Eritrea,ERI,Technology,2.222,2012
Eritrea,ERI,Technology,2.222,2013
Eritrea,ERI,Technology,4.444,2014
Eritrea,ERI,Technology,8.889,2015
Eritrea,ERI,Technology,8.889,2016
Eritrea,ERI,Technology,2.222,2017
Eritrea,ERI,Technology,2.222,2018
Eritrea,ERI,Technology,2.222,2019
Eritrea,ERI,Technology,2.222,2020
Eritrea,ERI,Technology,2.222,2021
Eritrea,ERI,Technology,2.222,2022
Eritrea,ERI,Technology,0.000,2023
Eritrea,ERI,Violence,0.000,1960
Eritrea,ERI,Violence,0.000,1961
Eritrea,ERI,Violence,0.000,1962
Eritrea,ERI,Violence,0.000,1963
Eritrea,ERI,Violence,0.000,1964
Eritrea,ERI,Violence,0.000,1965
Eritrea,ERI,Violence,0.000,1966
Eritrea,ERI,Violence,0.000,1967
Eritrea,ERI,Violence,0.000,1968
Eritrea,ERI,Violence,0.000,1969
Eritrea,ERI,Violence,2.143,1970
Eritrea,ERI,Violence,2.143,1971
Eritrea,ERI,Violence,2.143,1972
Eritrea,ERI,Violence,2.143,1973
Eritrea,ERI,Violence,2.143,1974
Eritrea,ERI,Violence,2.143,1975
Eritrea,ERI,Violence,2.143,1976
Eritrea,ERI,Violence,2.143,1977
Eritrea,ERI,Violence,2.143,1978
Eritrea,ERI,Violence,2.143,1979
Eritrea,ERI,Violence,2.143,1980
Eritrea,ERI,Violence,2.143,1981
Eritrea,ERI,Violence,2.143,1982
Eritrea,ERI,Violence,2.143,1983
Eritrea,ERI,Violence,2.143,1984
Eritrea,ERI,Violence,2.143,1985
Eritrea,ERI,Violence,2.143,1986
Eritrea,ERI,Violence,2.143,1987
Eritrea,ERI,Violence,2.143,1988
Eritrea,ERI,Violence,2.143,1989
Eritrea,ERI,Violence,2.143,1990
Eritrea,ERI,Violence,2.143,1991
Eritrea,ERI,Violence,2.143,1992
Eritrea,ERI,Violence,2.143,1993
Eritrea,ERI,Violence,2.143,1994
Eritrea,ERI,Violence,12.143,1995
Eritrea,ERI,Violence,2.143,1996
Eritrea,ERI,Violence,2.143,1997
Eritrea,ERI,Violence,2.143,1998
Eritrea,ERI,Violence,2.143,1999
Eritrea,ERI,Violence,4.286,2000
Eritrea,ERI,Violence,4.286,2001
Eritrea,ERI,Violence,38.571,2002
Eritrea,ERI,Violence,4.286,2003
Eritrea,ERI,Violence,4.286,2004
Eritrea,ERI,Violence,4.286,2005
Eritrea,ERI,Violence,4.286,2006
Eritrea,ERI,Violence,4.286,2007
Eritrea,ERI,Violence,4.286,2008
Eritrea,ERI,Violence,4.286,2009
Eritrea,ERI,Violence,10.000,2010
Eritrea,ERI,Violence,4.286,2011
Eritrea,ERI,Violence,5.000,2012
Eritrea,ERI,Violence,4.286,2013
Eritrea,ERI,Violence,4.286,2014
Eritrea,ERI,Violence,4.286,2015
Eritrea,ERI,Violence,4.286,2016
Eritrea,ERI,Violence,4.286,2017
Eritrea,ERI,Violence,4.286,2018
Eritrea,ERI,Violence,4.286,2019
Eritrea,ERI,Violence,2.143,2020
Eritrea,ERI,Violence,2.143,2021
Eritrea,ERI,Violence,2.143,2022
Eritrea,ERI,Violence,2.143,2023
Eritrea,ERI,Youth 15-24,4.587,1960
Eritrea,ERI,Youth 15-24,4.587,1961
Eritrea,ERI,Youth 15-24,4.587,1962
Eritrea,ERI,Youth 15-24,4.587,1963
Eritrea,ERI,Youth 15-24,4.587,1964
Eritrea,ERI,Youth 15-24,4.587,1965
Eritrea,ERI,Youth 15-24,4.587,1966
Eritrea,ERI,Youth 15-24,4.587,1967
Eritrea,ERI,Youth 15-24,4.587,1968
Eritrea,ERI,Youth 15-24,4.587,1969
Eritrea,ERI,Youth 15-24,4.587,1970
Eritrea,ERI,Youth 15-24,4.587,1971
Eritrea,ERI,Youth 15-24,4.587,1972
Eritrea,ERI,Youth 15-24,4.587,1973
Eritrea,ERI,Youth 15-24,4.587,1974
Eritrea,ERI,Youth 15-24,4.587,1975
Eritrea,ERI,Youth 15-24,4.587,1976
Eritrea,ERI,Youth 15-24,4.587,1977
Eritrea,ERI,Youth 15-24,4.587,1978
Eritrea,ERI,Youth 15-24,4.587,1979
Eritrea,ERI,Youth 15-24,4.587,1980
Eritrea,ERI,Youth 15-24,4.587,1981
Eritrea,ERI,Youth 15-24,4.587,1982
Eritrea,ERI,Youth 15-24,4.587,1983
Eritrea,ERI,Youth 15-24,4.587,1984
Eritrea,ERI,Youth 15-24,4.587,1985
Eritrea,ERI,Youth 15-24,4.587,1986
Eritrea,ERI,Youth 15-24,4.587,1987
Eritrea,ERI,Youth 15-24,4.587,1988
Eritrea,ERI,Youth 15-24,4.587,1989
Eritrea,ERI,Youth 15-24,11.927,1990
Eritrea,ERI,Youth 15-24,18.349,1991
Eritrea,ERI,Youth 15-24,18.349,1992
Eritrea,ERI,Youth 15-24,31.193,1993
Eritrea,ERI,Youth 15-24,35.780,1994
Eritrea,ERI,Youth 15-24,44.954,1995
Eritrea,ERI,Youth 15-24,34.862,1996
Eritrea,ERI,Youth 15-24,33.028,1997
Eritrea,ERI,Youth 15-24,22.018,1998
Eritrea,ERI,Youth 15-24,55.046,1999
Eritrea,ERI,Youth 15-24,55.963,2000
Eritrea,ERI,Youth 15-24,49.541,2001
Eritrea,ERI,Youth 15-24,69.725,2002
Eritrea,ERI,Youth 15-24,55.963,2003
Eritrea,ERI,Youth 15-24,55.963,2004
Eritrea,ERI,Youth 15-24,39.450,2005
Eritrea,ERI,Youth 15-24,39.450,2006
Eritrea,ERI,Youth 15-24,39.450,2007
Eritrea,ERI,Youth 15-24,50.459,2008
Eritrea,ERI,Youth 15-24,46.789,2009
Eritrea,ERI,Youth 15-24,49.541,2010
Eritrea,ERI,Youth 15-24,43.119,2011
Eritrea,ERI,Youth 15-24,43.119,2012
Eritrea,ERI,Youth 15-24,40.367,2013
Eritrea,ERI,Youth 15-24,55.046,2014
Eritrea,ERI,Youth 15-24,52.294,2015
Eritrea,ERI,Youth 15-24,32.110,2016
Eritrea,ERI,Youth 15-24,43.119,2017
Eritrea,ERI,Youth 15-24,44.037,2018
Eritrea,ERI,Youth 15-24,23.853,2019
Eritrea,ERI,Youth 15-24,18.349,2020
Eritrea,ERI,Youth 15-24,18.349,2021
Eritrea,ERI,Youth 15-24,21.101,2022
Eritrea,ERI,Youth 15-24,12.844,2023
