Country Name,Country Code,Topic,% of available indicators,Year
"Korea, Rep.",KOR,Assets,0.000,1960
"Korea, Rep.",KOR,Assets,0.000,1961
"Korea, Rep.",KOR,Assets,0.000,1962
"Korea, Rep.",KOR,Assets,0.000,1963
"Korea, Rep.",KOR,Assets,0.000,1964
"Korea, Rep.",KOR,Assets,0.000,1965
"Korea, Rep.",KOR,Assets,0.000,1966
"Korea, Rep.",KOR,Assets,0.000,1967
"Korea, Rep.",KOR,Assets,0.000,1968
"Korea, Rep.",KOR,Assets,0.000,1969
"Korea, Rep.",KOR,Assets,2.208,1970
"Korea, Rep.",KOR,Assets,2.208,1971
"Korea, Rep.",KOR,Assets,2.208,1972
"Korea, Rep.",KOR,Assets,2.208,1973
"Korea, Rep.",KOR,Assets,2.208,1974
"Korea, Rep.",KOR,Assets,2.208,1975
"Korea, Rep.",KOR,Assets,2.208,1976
"Korea, Rep.",KOR,Assets,2.208,1977
"Korea, Rep.",KOR,Assets,2.208,1978
"Korea, Rep.",KOR,Assets,2.208,1979
"Korea, Rep.",KOR,Assets,2.208,1980
"Korea, Rep.",KOR,Assets,2.208,1981
"Korea, Rep.",KOR,Assets,2.208,1982
"Korea, Rep.",KOR,Assets,2.208,1983
"Korea, Rep.",KOR,Assets,2.208,1984
"Korea, Rep.",KOR,Assets,2.208,1985
"Korea, Rep.",KOR,Assets,2.208,1986
"Korea, Rep.",KOR,Assets,2.208,1987
"Korea, Rep.",KOR,Assets,2.208,1988
"Korea, Rep.",KOR,Assets,2.208,1989
"Korea, Rep.",KOR,Assets,2.208,1990
"Korea, Rep.",KOR,Assets,2.208,1991
"Korea, Rep.",KOR,Assets,2.208,1992
"Korea, Rep.",KOR,Assets,2.208,1993
"Korea, Rep.",KOR,Assets,2.208,1994
"Korea, Rep.",KOR,Assets,2.208,1995
"Korea, Rep.",KOR,Assets,2.208,1996
"Korea, Rep.",KOR,Assets,2.208,1997
"Korea, Rep.",KOR,Assets,2.208,1998
"Korea, Rep.",KOR,Assets,2.208,1999
"Korea, Rep.",KOR,Assets,2.208,2000
"Korea, Rep.",KOR,Assets,2.208,2001
"Korea, Rep.",KOR,Assets,2.208,2002
"Korea, Rep.",KOR,Assets,2.208,2003
"Korea, Rep.",KOR,Assets,2.208,2004
"Korea, Rep.",KOR,Assets,2.208,2005
"Korea, Rep.",KOR,Assets,2.208,2006
"Korea, Rep.",KOR,Assets,2.208,2007
"Korea, Rep.",KOR,Assets,2.208,2008
"Korea, Rep.",KOR,Assets,2.208,2009
"Korea, Rep.",KOR,Assets,2.208,2010
"Korea, Rep.",KOR,Assets,10.726,2011
"Korea, Rep.",KOR,Assets,2.208,2012
"Korea, Rep.",KOR,Assets,2.208,2013
"Korea, Rep.",KOR,Assets,24.921,2014
"Korea, Rep.",KOR,Assets,2.208,2015
"Korea, Rep.",KOR,Assets,2.208,2016
"Korea, Rep.",KOR,Assets,26.814,2017
"Korea, Rep.",KOR,Assets,2.208,2018
"Korea, Rep.",KOR,Assets,2.208,2019
"Korea, Rep.",KOR,Assets,2.208,2020
"Korea, Rep.",KOR,Assets,51.735,2021
"Korea, Rep.",KOR,Assets,2.208,2022
"Korea, Rep.",KOR,Assets,2.208,2023
"Korea, Rep.",KOR,Children 0-14,19.231,1960
"Korea, Rep.",KOR,Children 0-14,19.231,1961
"Korea, Rep.",KOR,Children 0-14,19.231,1962
"Korea, Rep.",KOR,Children 0-14,19.231,1963
"Korea, Rep.",KOR,Children 0-14,19.231,1964
"Korea, Rep.",KOR,Children 0-14,19.231,1965
"Korea, Rep.",KOR,Children 0-14,19.231,1966
"Korea, Rep.",KOR,Children 0-14,19.231,1967
"Korea, Rep.",KOR,Children 0-14,19.231,1968
"Korea, Rep.",KOR,Children 0-14,19.231,1969
"Korea, Rep.",KOR,Children 0-14,23.846,1970
"Korea, Rep.",KOR,Children 0-14,40.000,1971
"Korea, Rep.",KOR,Children 0-14,40.000,1972
"Korea, Rep.",KOR,Children 0-14,40.000,1973
"Korea, Rep.",KOR,Children 0-14,37.692,1974
"Korea, Rep.",KOR,Children 0-14,40.000,1975
"Korea, Rep.",KOR,Children 0-14,40.000,1976
"Korea, Rep.",KOR,Children 0-14,40.000,1977
"Korea, Rep.",KOR,Children 0-14,40.000,1978
"Korea, Rep.",KOR,Children 0-14,40.000,1979
"Korea, Rep.",KOR,Children 0-14,38.462,1980
"Korea, Rep.",KOR,Children 0-14,36.154,1981
"Korea, Rep.",KOR,Children 0-14,38.462,1982
"Korea, Rep.",KOR,Children 0-14,38.462,1983
"Korea, Rep.",KOR,Children 0-14,41.538,1984
"Korea, Rep.",KOR,Children 0-14,43.846,1985
"Korea, Rep.",KOR,Children 0-14,41.538,1986
"Korea, Rep.",KOR,Children 0-14,41.538,1987
"Korea, Rep.",KOR,Children 0-14,38.462,1988
"Korea, Rep.",KOR,Children 0-14,36.154,1989
"Korea, Rep.",KOR,Children 0-14,40.769,1990
"Korea, Rep.",KOR,Children 0-14,36.154,1991
"Korea, Rep.",KOR,Children 0-14,36.154,1992
"Korea, Rep.",KOR,Children 0-14,34.615,1993
"Korea, Rep.",KOR,Children 0-14,34.615,1994
"Korea, Rep.",KOR,Children 0-14,40.000,1995
"Korea, Rep.",KOR,Children 0-14,30.769,1996
"Korea, Rep.",KOR,Children 0-14,33.846,1997
"Korea, Rep.",KOR,Children 0-14,36.154,1998
"Korea, Rep.",KOR,Children 0-14,36.154,1999
"Korea, Rep.",KOR,Children 0-14,57.692,2000
"Korea, Rep.",KOR,Children 0-14,39.231,2001
"Korea, Rep.",KOR,Children 0-14,39.231,2002
"Korea, Rep.",KOR,Children 0-14,50.769,2003
"Korea, Rep.",KOR,Children 0-14,39.231,2004
"Korea, Rep.",KOR,Children 0-14,43.077,2005
"Korea, Rep.",KOR,Children 0-14,37.692,2006
"Korea, Rep.",KOR,Children 0-14,37.692,2007
"Korea, Rep.",KOR,Children 0-14,40.000,2008
"Korea, Rep.",KOR,Children 0-14,43.846,2009
"Korea, Rep.",KOR,Children 0-14,56.923,2010
"Korea, Rep.",KOR,Children 0-14,55.385,2011
"Korea, Rep.",KOR,Children 0-14,43.846,2012
"Korea, Rep.",KOR,Children 0-14,48.462,2013
"Korea, Rep.",KOR,Children 0-14,55.385,2014
"Korea, Rep.",KOR,Children 0-14,68.462,2015
"Korea, Rep.",KOR,Children 0-14,48.462,2016
"Korea, Rep.",KOR,Children 0-14,58.462,2017
"Korea, Rep.",KOR,Children 0-14,42.308,2018
"Korea, Rep.",KOR,Children 0-14,56.154,2019
"Korea, Rep.",KOR,Children 0-14,49.231,2020
"Korea, Rep.",KOR,Children 0-14,36.923,2021
"Korea, Rep.",KOR,Children 0-14,35.385,2022
"Korea, Rep.",KOR,Children 0-14,13.846,2023
"Korea, Rep.",KOR,Education,0.000,1960
"Korea, Rep.",KOR,Education,0.000,1961
"Korea, Rep.",KOR,Education,0.000,1962
"Korea, Rep.",KOR,Education,0.000,1963
"Korea, Rep.",KOR,Education,0.000,1964
"Korea, Rep.",KOR,Education,0.000,1965
"Korea, Rep.",KOR,Education,0.000,1966
"Korea, Rep.",KOR,Education,0.000,1967
"Korea, Rep.",KOR,Education,0.000,1968
"Korea, Rep.",KOR,Education,0.000,1969
"Korea, Rep.",KOR,Education,7.975,1970
"Korea, Rep.",KOR,Education,33.742,1971
"Korea, Rep.",KOR,Education,33.742,1972
"Korea, Rep.",KOR,Education,31.902,1973
"Korea, Rep.",KOR,Education,29.448,1974
"Korea, Rep.",KOR,Education,35.583,1975
"Korea, Rep.",KOR,Education,33.742,1976
"Korea, Rep.",KOR,Education,33.742,1977
"Korea, Rep.",KOR,Education,33.129,1978
"Korea, Rep.",KOR,Education,33.742,1979
"Korea, Rep.",KOR,Education,33.742,1980
"Korea, Rep.",KOR,Education,26.380,1981
"Korea, Rep.",KOR,Education,29.448,1982
"Korea, Rep.",KOR,Education,29.448,1983
"Korea, Rep.",KOR,Education,33.742,1984
"Korea, Rep.",KOR,Education,39.264,1985
"Korea, Rep.",KOR,Education,33.742,1986
"Korea, Rep.",KOR,Education,31.902,1987
"Korea, Rep.",KOR,Education,27.607,1988
"Korea, Rep.",KOR,Education,27.607,1989
"Korea, Rep.",KOR,Education,34.356,1990
"Korea, Rep.",KOR,Education,27.607,1991
"Korea, Rep.",KOR,Education,27.607,1992
"Korea, Rep.",KOR,Education,24.540,1993
"Korea, Rep.",KOR,Education,26.380,1994
"Korea, Rep.",KOR,Education,32.515,1995
"Korea, Rep.",KOR,Education,23.926,1996
"Korea, Rep.",KOR,Education,30.675,1997
"Korea, Rep.",KOR,Education,43.558,1998
"Korea, Rep.",KOR,Education,43.558,1999
"Korea, Rep.",KOR,Education,51.534,2000
"Korea, Rep.",KOR,Education,42.945,2001
"Korea, Rep.",KOR,Education,42.945,2002
"Korea, Rep.",KOR,Education,42.945,2003
"Korea, Rep.",KOR,Education,42.945,2004
"Korea, Rep.",KOR,Education,49.693,2005
"Korea, Rep.",KOR,Education,41.718,2006
"Korea, Rep.",KOR,Education,41.718,2007
"Korea, Rep.",KOR,Education,47.239,2008
"Korea, Rep.",KOR,Education,49.080,2009
"Korea, Rep.",KOR,Education,55.828,2010
"Korea, Rep.",KOR,Education,59.509,2011
"Korea, Rep.",KOR,Education,57.669,2012
"Korea, Rep.",KOR,Education,58.896,2013
"Korea, Rep.",KOR,Education,60.736,2014
"Korea, Rep.",KOR,Education,65.031,2015
"Korea, Rep.",KOR,Education,63.190,2016
"Korea, Rep.",KOR,Education,71.779,2017
"Korea, Rep.",KOR,Education,53.988,2018
"Korea, Rep.",KOR,Education,40.491,2019
"Korea, Rep.",KOR,Education,49.693,2020
"Korea, Rep.",KOR,Education,34.969,2021
"Korea, Rep.",KOR,Education,33.129,2022
"Korea, Rep.",KOR,Education,12.883,2023
"Korea, Rep.",KOR,Employment and Time Use,5.109,1960
"Korea, Rep.",KOR,Employment and Time Use,0.000,1961
"Korea, Rep.",KOR,Employment and Time Use,0.000,1962
"Korea, Rep.",KOR,Employment and Time Use,0.000,1963
"Korea, Rep.",KOR,Employment and Time Use,0.000,1964
"Korea, Rep.",KOR,Employment and Time Use,0.000,1965
"Korea, Rep.",KOR,Employment and Time Use,5.109,1966
"Korea, Rep.",KOR,Employment and Time Use,0.000,1967
"Korea, Rep.",KOR,Employment and Time Use,0.000,1968
"Korea, Rep.",KOR,Employment and Time Use,0.730,1969
"Korea, Rep.",KOR,Employment and Time Use,28.467,1970
"Korea, Rep.",KOR,Employment and Time Use,23.358,1971
"Korea, Rep.",KOR,Employment and Time Use,23.358,1972
"Korea, Rep.",KOR,Employment and Time Use,23.358,1973
"Korea, Rep.",KOR,Employment and Time Use,23.358,1974
"Korea, Rep.",KOR,Employment and Time Use,31.387,1975
"Korea, Rep.",KOR,Employment and Time Use,23.358,1976
"Korea, Rep.",KOR,Employment and Time Use,23.358,1977
"Korea, Rep.",KOR,Employment and Time Use,23.358,1978
"Korea, Rep.",KOR,Employment and Time Use,26.277,1979
"Korea, Rep.",KOR,Employment and Time Use,35.766,1980
"Korea, Rep.",KOR,Employment and Time Use,35.766,1981
"Korea, Rep.",KOR,Employment and Time Use,35.766,1982
"Korea, Rep.",KOR,Employment and Time Use,35.766,1983
"Korea, Rep.",KOR,Employment and Time Use,35.766,1984
"Korea, Rep.",KOR,Employment and Time Use,35.766,1985
"Korea, Rep.",KOR,Employment and Time Use,35.766,1986
"Korea, Rep.",KOR,Employment and Time Use,35.766,1987
"Korea, Rep.",KOR,Employment and Time Use,35.766,1988
"Korea, Rep.",KOR,Employment and Time Use,35.766,1989
"Korea, Rep.",KOR,Employment and Time Use,45.985,1990
"Korea, Rep.",KOR,Employment and Time Use,77.372,1991
"Korea, Rep.",KOR,Employment and Time Use,77.372,1992
"Korea, Rep.",KOR,Employment and Time Use,77.372,1993
"Korea, Rep.",KOR,Employment and Time Use,77.372,1994
"Korea, Rep.",KOR,Employment and Time Use,77.372,1995
"Korea, Rep.",KOR,Employment and Time Use,77.372,1996
"Korea, Rep.",KOR,Employment and Time Use,77.372,1997
"Korea, Rep.",KOR,Employment and Time Use,77.372,1998
"Korea, Rep.",KOR,Employment and Time Use,77.372,1999
"Korea, Rep.",KOR,Employment and Time Use,86.131,2000
"Korea, Rep.",KOR,Employment and Time Use,86.131,2001
"Korea, Rep.",KOR,Employment and Time Use,86.131,2002
"Korea, Rep.",KOR,Employment and Time Use,86.131,2003
"Korea, Rep.",KOR,Employment and Time Use,87.591,2004
"Korea, Rep.",KOR,Employment and Time Use,86.131,2005
"Korea, Rep.",KOR,Employment and Time Use,86.131,2006
"Korea, Rep.",KOR,Employment and Time Use,86.131,2007
"Korea, Rep.",KOR,Employment and Time Use,86.131,2008
"Korea, Rep.",KOR,Employment and Time Use,87.591,2009
"Korea, Rep.",KOR,Employment and Time Use,86.131,2010
"Korea, Rep.",KOR,Employment and Time Use,86.131,2011
"Korea, Rep.",KOR,Employment and Time Use,87.591,2012
"Korea, Rep.",KOR,Employment and Time Use,87.591,2013
"Korea, Rep.",KOR,Employment and Time Use,89.051,2014
"Korea, Rep.",KOR,Employment and Time Use,87.591,2015
"Korea, Rep.",KOR,Employment and Time Use,87.591,2016
"Korea, Rep.",KOR,Employment and Time Use,87.591,2017
"Korea, Rep.",KOR,Employment and Time Use,87.591,2018
"Korea, Rep.",KOR,Employment and Time Use,89.051,2019
"Korea, Rep.",KOR,Employment and Time Use,87.591,2020
"Korea, Rep.",KOR,Employment and Time Use,87.591,2021
"Korea, Rep.",KOR,Employment and Time Use,87.591,2022
"Korea, Rep.",KOR,Employment and Time Use,90.511,2023
"Korea, Rep.",KOR,Entrepreneurship,0.000,1960
"Korea, Rep.",KOR,Entrepreneurship,0.000,1961
"Korea, Rep.",KOR,Entrepreneurship,0.000,1962
"Korea, Rep.",KOR,Entrepreneurship,0.000,1963
"Korea, Rep.",KOR,Entrepreneurship,0.000,1964
"Korea, Rep.",KOR,Entrepreneurship,0.000,1965
"Korea, Rep.",KOR,Entrepreneurship,0.000,1966
"Korea, Rep.",KOR,Entrepreneurship,0.000,1967
"Korea, Rep.",KOR,Entrepreneurship,0.000,1968
"Korea, Rep.",KOR,Entrepreneurship,0.000,1969
"Korea, Rep.",KOR,Entrepreneurship,9.375,1970
"Korea, Rep.",KOR,Entrepreneurship,9.375,1971
"Korea, Rep.",KOR,Entrepreneurship,9.375,1972
"Korea, Rep.",KOR,Entrepreneurship,9.375,1973
"Korea, Rep.",KOR,Entrepreneurship,9.375,1974
"Korea, Rep.",KOR,Entrepreneurship,9.375,1975
"Korea, Rep.",KOR,Entrepreneurship,9.375,1976
"Korea, Rep.",KOR,Entrepreneurship,9.375,1977
"Korea, Rep.",KOR,Entrepreneurship,9.375,1978
"Korea, Rep.",KOR,Entrepreneurship,9.375,1979
"Korea, Rep.",KOR,Entrepreneurship,9.375,1980
"Korea, Rep.",KOR,Entrepreneurship,9.375,1981
"Korea, Rep.",KOR,Entrepreneurship,9.375,1982
"Korea, Rep.",KOR,Entrepreneurship,9.375,1983
"Korea, Rep.",KOR,Entrepreneurship,9.375,1984
"Korea, Rep.",KOR,Entrepreneurship,9.375,1985
"Korea, Rep.",KOR,Entrepreneurship,9.375,1986
"Korea, Rep.",KOR,Entrepreneurship,9.375,1987
"Korea, Rep.",KOR,Entrepreneurship,9.375,1988
"Korea, Rep.",KOR,Entrepreneurship,9.375,1989
"Korea, Rep.",KOR,Entrepreneurship,9.375,1990
"Korea, Rep.",KOR,Entrepreneurship,9.375,1991
"Korea, Rep.",KOR,Entrepreneurship,9.375,1992
"Korea, Rep.",KOR,Entrepreneurship,9.375,1993
"Korea, Rep.",KOR,Entrepreneurship,9.375,1994
"Korea, Rep.",KOR,Entrepreneurship,9.375,1995
"Korea, Rep.",KOR,Entrepreneurship,9.375,1996
"Korea, Rep.",KOR,Entrepreneurship,9.375,1997
"Korea, Rep.",KOR,Entrepreneurship,9.375,1998
"Korea, Rep.",KOR,Entrepreneurship,9.375,1999
"Korea, Rep.",KOR,Entrepreneurship,9.375,2000
"Korea, Rep.",KOR,Entrepreneurship,9.375,2001
"Korea, Rep.",KOR,Entrepreneurship,9.375,2002
"Korea, Rep.",KOR,Entrepreneurship,37.500,2003
"Korea, Rep.",KOR,Entrepreneurship,37.500,2004
"Korea, Rep.",KOR,Entrepreneurship,40.625,2005
"Korea, Rep.",KOR,Entrepreneurship,37.500,2006
"Korea, Rep.",KOR,Entrepreneurship,37.500,2007
"Korea, Rep.",KOR,Entrepreneurship,37.500,2008
"Korea, Rep.",KOR,Entrepreneurship,37.500,2009
"Korea, Rep.",KOR,Entrepreneurship,37.500,2010
"Korea, Rep.",KOR,Entrepreneurship,37.500,2011
"Korea, Rep.",KOR,Entrepreneurship,37.500,2012
"Korea, Rep.",KOR,Entrepreneurship,37.500,2013
"Korea, Rep.",KOR,Entrepreneurship,68.750,2014
"Korea, Rep.",KOR,Entrepreneurship,50.000,2015
"Korea, Rep.",KOR,Entrepreneurship,50.000,2016
"Korea, Rep.",KOR,Entrepreneurship,56.250,2017
"Korea, Rep.",KOR,Entrepreneurship,37.500,2018
"Korea, Rep.",KOR,Entrepreneurship,37.500,2019
"Korea, Rep.",KOR,Entrepreneurship,9.375,2020
"Korea, Rep.",KOR,Entrepreneurship,21.875,2021
"Korea, Rep.",KOR,Entrepreneurship,21.875,2022
"Korea, Rep.",KOR,Entrepreneurship,9.375,2023
"Korea, Rep.",KOR,Environment,0.000,1960
"Korea, Rep.",KOR,Environment,0.000,1961
"Korea, Rep.",KOR,Environment,0.000,1962
"Korea, Rep.",KOR,Environment,0.000,1963
"Korea, Rep.",KOR,Environment,0.000,1964
"Korea, Rep.",KOR,Environment,0.000,1965
"Korea, Rep.",KOR,Environment,0.000,1966
"Korea, Rep.",KOR,Environment,0.000,1967
"Korea, Rep.",KOR,Environment,0.000,1968
"Korea, Rep.",KOR,Environment,0.000,1969
"Korea, Rep.",KOR,Environment,0.000,1970
"Korea, Rep.",KOR,Environment,0.000,1971
"Korea, Rep.",KOR,Environment,0.000,1972
"Korea, Rep.",KOR,Environment,0.000,1973
"Korea, Rep.",KOR,Environment,0.000,1974
"Korea, Rep.",KOR,Environment,0.000,1975
"Korea, Rep.",KOR,Environment,0.000,1976
"Korea, Rep.",KOR,Environment,0.000,1977
"Korea, Rep.",KOR,Environment,0.000,1978
"Korea, Rep.",KOR,Environment,0.000,1979
"Korea, Rep.",KOR,Environment,0.000,1980
"Korea, Rep.",KOR,Environment,0.000,1981
"Korea, Rep.",KOR,Environment,0.000,1982
"Korea, Rep.",KOR,Environment,0.000,1983
"Korea, Rep.",KOR,Environment,0.000,1984
"Korea, Rep.",KOR,Environment,0.000,1985
"Korea, Rep.",KOR,Environment,0.000,1986
"Korea, Rep.",KOR,Environment,0.000,1987
"Korea, Rep.",KOR,Environment,0.000,1988
"Korea, Rep.",KOR,Environment,0.000,1989
"Korea, Rep.",KOR,Environment,0.000,1990
"Korea, Rep.",KOR,Environment,0.000,1991
"Korea, Rep.",KOR,Environment,0.000,1992
"Korea, Rep.",KOR,Environment,0.000,1993
"Korea, Rep.",KOR,Environment,0.000,1994
"Korea, Rep.",KOR,Environment,0.000,1995
"Korea, Rep.",KOR,Environment,0.000,1996
"Korea, Rep.",KOR,Environment,0.000,1997
"Korea, Rep.",KOR,Environment,3.333,1998
"Korea, Rep.",KOR,Environment,3.333,1999
"Korea, Rep.",KOR,Environment,6.667,2000
"Korea, Rep.",KOR,Environment,6.667,2001
"Korea, Rep.",KOR,Environment,6.667,2002
"Korea, Rep.",KOR,Environment,6.667,2003
"Korea, Rep.",KOR,Environment,6.667,2004
"Korea, Rep.",KOR,Environment,6.667,2005
"Korea, Rep.",KOR,Environment,6.667,2006
"Korea, Rep.",KOR,Environment,6.667,2007
"Korea, Rep.",KOR,Environment,6.667,2008
"Korea, Rep.",KOR,Environment,6.667,2009
"Korea, Rep.",KOR,Environment,3.333,2010
"Korea, Rep.",KOR,Environment,6.667,2011
"Korea, Rep.",KOR,Environment,6.667,2012
"Korea, Rep.",KOR,Environment,3.333,2013
"Korea, Rep.",KOR,Environment,3.333,2014
"Korea, Rep.",KOR,Environment,6.667,2015
"Korea, Rep.",KOR,Environment,6.667,2016
"Korea, Rep.",KOR,Environment,6.667,2017
"Korea, Rep.",KOR,Environment,3.333,2018
"Korea, Rep.",KOR,Environment,23.333,2019
"Korea, Rep.",KOR,Environment,3.333,2020
"Korea, Rep.",KOR,Environment,3.333,2021
"Korea, Rep.",KOR,Environment,3.333,2022
"Korea, Rep.",KOR,Environment,0.000,2023
"Korea, Rep.",KOR,Health,8.586,1960
"Korea, Rep.",KOR,Health,8.586,1961
"Korea, Rep.",KOR,Health,8.586,1962
"Korea, Rep.",KOR,Health,8.586,1963
"Korea, Rep.",KOR,Health,8.586,1964
"Korea, Rep.",KOR,Health,9.596,1965
"Korea, Rep.",KOR,Health,9.596,1966
"Korea, Rep.",KOR,Health,8.586,1967
"Korea, Rep.",KOR,Health,8.586,1968
"Korea, Rep.",KOR,Health,8.586,1969
"Korea, Rep.",KOR,Health,8.586,1970
"Korea, Rep.",KOR,Health,9.596,1971
"Korea, Rep.",KOR,Health,8.586,1972
"Korea, Rep.",KOR,Health,8.586,1973
"Korea, Rep.",KOR,Health,9.596,1974
"Korea, Rep.",KOR,Health,11.111,1975
"Korea, Rep.",KOR,Health,11.616,1976
"Korea, Rep.",KOR,Health,11.111,1977
"Korea, Rep.",KOR,Health,11.111,1978
"Korea, Rep.",KOR,Health,12.121,1979
"Korea, Rep.",KOR,Health,11.616,1980
"Korea, Rep.",KOR,Health,12.121,1981
"Korea, Rep.",KOR,Health,13.131,1982
"Korea, Rep.",KOR,Health,12.121,1983
"Korea, Rep.",KOR,Health,12.121,1984
"Korea, Rep.",KOR,Health,13.131,1985
"Korea, Rep.",KOR,Health,12.626,1986
"Korea, Rep.",KOR,Health,12.626,1987
"Korea, Rep.",KOR,Health,13.131,1988
"Korea, Rep.",KOR,Health,12.626,1989
"Korea, Rep.",KOR,Health,13.636,1990
"Korea, Rep.",KOR,Health,14.646,1991
"Korea, Rep.",KOR,Health,13.131,1992
"Korea, Rep.",KOR,Health,13.131,1993
"Korea, Rep.",KOR,Health,14.141,1994
"Korea, Rep.",KOR,Health,12.626,1995
"Korea, Rep.",KOR,Health,12.626,1996
"Korea, Rep.",KOR,Health,14.141,1997
"Korea, Rep.",KOR,Health,13.131,1998
"Korea, Rep.",KOR,Health,13.131,1999
"Korea, Rep.",KOR,Health,51.010,2000
"Korea, Rep.",KOR,Health,25.758,2001
"Korea, Rep.",KOR,Health,25.758,2002
"Korea, Rep.",KOR,Health,34.343,2003
"Korea, Rep.",KOR,Health,25.758,2004
"Korea, Rep.",KOR,Health,27.778,2005
"Korea, Rep.",KOR,Health,26.263,2006
"Korea, Rep.",KOR,Health,25.758,2007
"Korea, Rep.",KOR,Health,28.283,2008
"Korea, Rep.",KOR,Health,26.768,2009
"Korea, Rep.",KOR,Health,52.525,2010
"Korea, Rep.",KOR,Health,30.303,2011
"Korea, Rep.",KOR,Health,27.273,2012
"Korea, Rep.",KOR,Health,25.758,2013
"Korea, Rep.",KOR,Health,31.818,2014
"Korea, Rep.",KOR,Health,51.010,2015
"Korea, Rep.",KOR,Health,25.758,2016
"Korea, Rep.",KOR,Health,32.323,2017
"Korea, Rep.",KOR,Health,27.778,2018
"Korea, Rep.",KOR,Health,50.000,2019
"Korea, Rep.",KOR,Health,24.242,2020
"Korea, Rep.",KOR,Health,13.131,2021
"Korea, Rep.",KOR,Health,10.606,2022
"Korea, Rep.",KOR,Health,1.010,2023
"Korea, Rep.",KOR,Leadership,0.000,1960
"Korea, Rep.",KOR,Leadership,0.000,1961
"Korea, Rep.",KOR,Leadership,0.000,1962
"Korea, Rep.",KOR,Leadership,0.000,1963
"Korea, Rep.",KOR,Leadership,0.000,1964
"Korea, Rep.",KOR,Leadership,0.000,1965
"Korea, Rep.",KOR,Leadership,0.000,1966
"Korea, Rep.",KOR,Leadership,0.000,1967
"Korea, Rep.",KOR,Leadership,0.000,1968
"Korea, Rep.",KOR,Leadership,0.000,1969
"Korea, Rep.",KOR,Leadership,0.000,1970
"Korea, Rep.",KOR,Leadership,0.000,1971
"Korea, Rep.",KOR,Leadership,0.000,1972
"Korea, Rep.",KOR,Leadership,0.000,1973
"Korea, Rep.",KOR,Leadership,0.000,1974
"Korea, Rep.",KOR,Leadership,0.000,1975
"Korea, Rep.",KOR,Leadership,0.000,1976
"Korea, Rep.",KOR,Leadership,0.000,1977
"Korea, Rep.",KOR,Leadership,0.000,1978
"Korea, Rep.",KOR,Leadership,0.000,1979
"Korea, Rep.",KOR,Leadership,0.000,1980
"Korea, Rep.",KOR,Leadership,0.000,1981
"Korea, Rep.",KOR,Leadership,0.000,1982
"Korea, Rep.",KOR,Leadership,0.000,1983
"Korea, Rep.",KOR,Leadership,0.000,1984
"Korea, Rep.",KOR,Leadership,0.000,1985
"Korea, Rep.",KOR,Leadership,0.000,1986
"Korea, Rep.",KOR,Leadership,0.000,1987
"Korea, Rep.",KOR,Leadership,0.000,1988
"Korea, Rep.",KOR,Leadership,0.000,1989
"Korea, Rep.",KOR,Leadership,0.000,1990
"Korea, Rep.",KOR,Leadership,0.000,1991
"Korea, Rep.",KOR,Leadership,0.000,1992
"Korea, Rep.",KOR,Leadership,0.000,1993
"Korea, Rep.",KOR,Leadership,0.000,1994
"Korea, Rep.",KOR,Leadership,0.000,1995
"Korea, Rep.",KOR,Leadership,0.000,1996
"Korea, Rep.",KOR,Leadership,25.000,1997
"Korea, Rep.",KOR,Leadership,25.000,1998
"Korea, Rep.",KOR,Leadership,25.000,1999
"Korea, Rep.",KOR,Leadership,25.000,2000
"Korea, Rep.",KOR,Leadership,25.000,2001
"Korea, Rep.",KOR,Leadership,25.000,2002
"Korea, Rep.",KOR,Leadership,25.000,2003
"Korea, Rep.",KOR,Leadership,25.000,2004
"Korea, Rep.",KOR,Leadership,50.000,2005
"Korea, Rep.",KOR,Leadership,25.000,2006
"Korea, Rep.",KOR,Leadership,25.000,2007
"Korea, Rep.",KOR,Leadership,50.000,2008
"Korea, Rep.",KOR,Leadership,25.000,2009
"Korea, Rep.",KOR,Leadership,50.000,2010
"Korea, Rep.",KOR,Leadership,25.000,2011
"Korea, Rep.",KOR,Leadership,50.000,2012
"Korea, Rep.",KOR,Leadership,25.000,2013
"Korea, Rep.",KOR,Leadership,50.000,2014
"Korea, Rep.",KOR,Leadership,50.000,2015
"Korea, Rep.",KOR,Leadership,50.000,2016
"Korea, Rep.",KOR,Leadership,25.000,2017
"Korea, Rep.",KOR,Leadership,50.000,2018
"Korea, Rep.",KOR,Leadership,50.000,2019
"Korea, Rep.",KOR,Leadership,50.000,2020
"Korea, Rep.",KOR,Leadership,25.000,2021
"Korea, Rep.",KOR,Leadership,50.000,2022
"Korea, Rep.",KOR,Leadership,25.000,2023
"Korea, Rep.",KOR,Norms and Decision-making,0.000,1960
"Korea, Rep.",KOR,Norms and Decision-making,0.000,1961
"Korea, Rep.",KOR,Norms and Decision-making,0.000,1962
"Korea, Rep.",KOR,Norms and Decision-making,0.000,1963
"Korea, Rep.",KOR,Norms and Decision-making,0.000,1964
"Korea, Rep.",KOR,Norms and Decision-making,0.000,1965
"Korea, Rep.",KOR,Norms and Decision-making,0.000,1966
"Korea, Rep.",KOR,Norms and Decision-making,0.000,1967
"Korea, Rep.",KOR,Norms and Decision-making,0.000,1968
"Korea, Rep.",KOR,Norms and Decision-making,0.000,1969
"Korea, Rep.",KOR,Norms and Decision-making,14.074,1970
"Korea, Rep.",KOR,Norms and Decision-making,12.593,1971
"Korea, Rep.",KOR,Norms and Decision-making,12.593,1972
"Korea, Rep.",KOR,Norms and Decision-making,12.593,1973
"Korea, Rep.",KOR,Norms and Decision-making,12.593,1974
"Korea, Rep.",KOR,Norms and Decision-making,14.074,1975
"Korea, Rep.",KOR,Norms and Decision-making,12.593,1976
"Korea, Rep.",KOR,Norms and Decision-making,12.593,1977
"Korea, Rep.",KOR,Norms and Decision-making,12.593,1978
"Korea, Rep.",KOR,Norms and Decision-making,12.593,1979
"Korea, Rep.",KOR,Norms and Decision-making,14.074,1980
"Korea, Rep.",KOR,Norms and Decision-making,12.593,1981
"Korea, Rep.",KOR,Norms and Decision-making,12.593,1982
"Korea, Rep.",KOR,Norms and Decision-making,12.593,1983
"Korea, Rep.",KOR,Norms and Decision-making,12.593,1984
"Korea, Rep.",KOR,Norms and Decision-making,14.074,1985
"Korea, Rep.",KOR,Norms and Decision-making,12.593,1986
"Korea, Rep.",KOR,Norms and Decision-making,12.593,1987
"Korea, Rep.",KOR,Norms and Decision-making,12.593,1988
"Korea, Rep.",KOR,Norms and Decision-making,12.593,1989
"Korea, Rep.",KOR,Norms and Decision-making,14.074,1990
"Korea, Rep.",KOR,Norms and Decision-making,12.593,1991
"Korea, Rep.",KOR,Norms and Decision-making,12.593,1992
"Korea, Rep.",KOR,Norms and Decision-making,12.593,1993
"Korea, Rep.",KOR,Norms and Decision-making,12.593,1994
"Korea, Rep.",KOR,Norms and Decision-making,14.074,1995
"Korea, Rep.",KOR,Norms and Decision-making,12.593,1996
"Korea, Rep.",KOR,Norms and Decision-making,12.593,1997
"Korea, Rep.",KOR,Norms and Decision-making,12.593,1998
"Korea, Rep.",KOR,Norms and Decision-making,12.593,1999
"Korea, Rep.",KOR,Norms and Decision-making,14.074,2000
"Korea, Rep.",KOR,Norms and Decision-making,12.593,2001
"Korea, Rep.",KOR,Norms and Decision-making,12.593,2002
"Korea, Rep.",KOR,Norms and Decision-making,12.593,2003
"Korea, Rep.",KOR,Norms and Decision-making,12.593,2004
"Korea, Rep.",KOR,Norms and Decision-making,14.074,2005
"Korea, Rep.",KOR,Norms and Decision-making,12.593,2006
"Korea, Rep.",KOR,Norms and Decision-making,12.593,2007
"Korea, Rep.",KOR,Norms and Decision-making,12.593,2008
"Korea, Rep.",KOR,Norms and Decision-making,12.593,2009
"Korea, Rep.",KOR,Norms and Decision-making,14.074,2010
"Korea, Rep.",KOR,Norms and Decision-making,12.593,2011
"Korea, Rep.",KOR,Norms and Decision-making,12.593,2012
"Korea, Rep.",KOR,Norms and Decision-making,12.593,2013
"Korea, Rep.",KOR,Norms and Decision-making,12.593,2014
"Korea, Rep.",KOR,Norms and Decision-making,14.074,2015
"Korea, Rep.",KOR,Norms and Decision-making,12.593,2016
"Korea, Rep.",KOR,Norms and Decision-making,12.593,2017
"Korea, Rep.",KOR,Norms and Decision-making,12.593,2018
"Korea, Rep.",KOR,Norms and Decision-making,12.593,2019
"Korea, Rep.",KOR,Norms and Decision-making,12.593,2020
"Korea, Rep.",KOR,Norms and Decision-making,12.593,2021
"Korea, Rep.",KOR,Norms and Decision-making,12.593,2022
"Korea, Rep.",KOR,Norms and Decision-making,12.593,2023
"Korea, Rep.",KOR,Population,86.905,1960
"Korea, Rep.",KOR,Population,86.905,1961
"Korea, Rep.",KOR,Population,86.905,1962
"Korea, Rep.",KOR,Population,86.905,1963
"Korea, Rep.",KOR,Population,86.905,1964
"Korea, Rep.",KOR,Population,86.905,1965
"Korea, Rep.",KOR,Population,86.905,1966
"Korea, Rep.",KOR,Population,86.905,1967
"Korea, Rep.",KOR,Population,86.905,1968
"Korea, Rep.",KOR,Population,86.905,1969
"Korea, Rep.",KOR,Population,89.286,1970
"Korea, Rep.",KOR,Population,86.905,1971
"Korea, Rep.",KOR,Population,86.905,1972
"Korea, Rep.",KOR,Population,86.905,1973
"Korea, Rep.",KOR,Population,86.905,1974
"Korea, Rep.",KOR,Population,89.286,1975
"Korea, Rep.",KOR,Population,86.905,1976
"Korea, Rep.",KOR,Population,86.905,1977
"Korea, Rep.",KOR,Population,86.905,1978
"Korea, Rep.",KOR,Population,86.905,1979
"Korea, Rep.",KOR,Population,94.048,1980
"Korea, Rep.",KOR,Population,86.905,1981
"Korea, Rep.",KOR,Population,86.905,1982
"Korea, Rep.",KOR,Population,86.905,1983
"Korea, Rep.",KOR,Population,86.905,1984
"Korea, Rep.",KOR,Population,94.048,1985
"Korea, Rep.",KOR,Population,86.905,1986
"Korea, Rep.",KOR,Population,86.905,1987
"Korea, Rep.",KOR,Population,86.905,1988
"Korea, Rep.",KOR,Population,86.905,1989
"Korea, Rep.",KOR,Population,95.238,1990
"Korea, Rep.",KOR,Population,86.905,1991
"Korea, Rep.",KOR,Population,86.905,1992
"Korea, Rep.",KOR,Population,86.905,1993
"Korea, Rep.",KOR,Population,86.905,1994
"Korea, Rep.",KOR,Population,95.238,1995
"Korea, Rep.",KOR,Population,86.905,1996
"Korea, Rep.",KOR,Population,86.905,1997
"Korea, Rep.",KOR,Population,86.905,1998
"Korea, Rep.",KOR,Population,86.905,1999
"Korea, Rep.",KOR,Population,95.238,2000
"Korea, Rep.",KOR,Population,86.905,2001
"Korea, Rep.",KOR,Population,86.905,2002
"Korea, Rep.",KOR,Population,86.905,2003
"Korea, Rep.",KOR,Population,86.905,2004
"Korea, Rep.",KOR,Population,95.238,2005
"Korea, Rep.",KOR,Population,86.905,2006
"Korea, Rep.",KOR,Population,86.905,2007
"Korea, Rep.",KOR,Population,86.905,2008
"Korea, Rep.",KOR,Population,86.905,2009
"Korea, Rep.",KOR,Population,95.238,2010
"Korea, Rep.",KOR,Population,86.905,2011
"Korea, Rep.",KOR,Population,86.905,2012
"Korea, Rep.",KOR,Population,86.905,2013
"Korea, Rep.",KOR,Population,86.905,2014
"Korea, Rep.",KOR,Population,95.238,2015
"Korea, Rep.",KOR,Population,86.905,2016
"Korea, Rep.",KOR,Population,86.905,2017
"Korea, Rep.",KOR,Population,86.905,2018
"Korea, Rep.",KOR,Population,86.905,2019
"Korea, Rep.",KOR,Population,88.095,2020
"Korea, Rep.",KOR,Population,86.905,2021
"Korea, Rep.",KOR,Population,86.905,2022
"Korea, Rep.",KOR,Population,77.381,2023
"Korea, Rep.",KOR,SDGs,2.685,1960
"Korea, Rep.",KOR,SDGs,2.685,1961
"Korea, Rep.",KOR,SDGs,2.685,1962
"Korea, Rep.",KOR,SDGs,2.685,1963
"Korea, Rep.",KOR,SDGs,2.685,1964
"Korea, Rep.",KOR,SDGs,2.685,1965
"Korea, Rep.",KOR,SDGs,2.685,1966
"Korea, Rep.",KOR,SDGs,2.685,1967
"Korea, Rep.",KOR,SDGs,2.685,1968
"Korea, Rep.",KOR,SDGs,3.356,1969
"Korea, Rep.",KOR,SDGs,13.423,1970
"Korea, Rep.",KOR,SDGs,13.423,1971
"Korea, Rep.",KOR,SDGs,13.423,1972
"Korea, Rep.",KOR,SDGs,13.423,1973
"Korea, Rep.",KOR,SDGs,13.423,1974
"Korea, Rep.",KOR,SDGs,15.436,1975
"Korea, Rep.",KOR,SDGs,13.423,1976
"Korea, Rep.",KOR,SDGs,13.423,1977
"Korea, Rep.",KOR,SDGs,13.423,1978
"Korea, Rep.",KOR,SDGs,13.423,1979
"Korea, Rep.",KOR,SDGs,15.436,1980
"Korea, Rep.",KOR,SDGs,16.107,1981
"Korea, Rep.",KOR,SDGs,16.107,1982
"Korea, Rep.",KOR,SDGs,16.107,1983
"Korea, Rep.",KOR,SDGs,16.107,1984
"Korea, Rep.",KOR,SDGs,16.779,1985
"Korea, Rep.",KOR,SDGs,16.779,1986
"Korea, Rep.",KOR,SDGs,16.779,1987
"Korea, Rep.",KOR,SDGs,16.779,1988
"Korea, Rep.",KOR,SDGs,16.779,1989
"Korea, Rep.",KOR,SDGs,17.450,1990
"Korea, Rep.",KOR,SDGs,21.477,1991
"Korea, Rep.",KOR,SDGs,20.805,1992
"Korea, Rep.",KOR,SDGs,20.805,1993
"Korea, Rep.",KOR,SDGs,21.477,1994
"Korea, Rep.",KOR,SDGs,20.134,1995
"Korea, Rep.",KOR,SDGs,20.134,1996
"Korea, Rep.",KOR,SDGs,22.148,1997
"Korea, Rep.",KOR,SDGs,21.477,1998
"Korea, Rep.",KOR,SDGs,21.477,1999
"Korea, Rep.",KOR,SDGs,65.772,2000
"Korea, Rep.",KOR,SDGs,32.886,2001
"Korea, Rep.",KOR,SDGs,32.886,2002
"Korea, Rep.",KOR,SDGs,33.557,2003
"Korea, Rep.",KOR,SDGs,34.228,2004
"Korea, Rep.",KOR,SDGs,34.899,2005
"Korea, Rep.",KOR,SDGs,32.886,2006
"Korea, Rep.",KOR,SDGs,32.886,2007
"Korea, Rep.",KOR,SDGs,32.886,2008
"Korea, Rep.",KOR,SDGs,34.899,2009
"Korea, Rep.",KOR,SDGs,64.430,2010
"Korea, Rep.",KOR,SDGs,36.913,2011
"Korea, Rep.",KOR,SDGs,33.557,2012
"Korea, Rep.",KOR,SDGs,32.886,2013
"Korea, Rep.",KOR,SDGs,36.242,2014
"Korea, Rep.",KOR,SDGs,67.785,2015
"Korea, Rep.",KOR,SDGs,32.886,2016
"Korea, Rep.",KOR,SDGs,34.228,2017
"Korea, Rep.",KOR,SDGs,35.570,2018
"Korea, Rep.",KOR,SDGs,69.799,2019
"Korea, Rep.",KOR,SDGs,26.174,2020
"Korea, Rep.",KOR,SDGs,23.490,2021
"Korea, Rep.",KOR,SDGs,21.477,2022
"Korea, Rep.",KOR,SDGs,18.121,2023
"Korea, Rep.",KOR,Technology,0.000,1960
"Korea, Rep.",KOR,Technology,0.000,1961
"Korea, Rep.",KOR,Technology,0.000,1962
"Korea, Rep.",KOR,Technology,0.000,1963
"Korea, Rep.",KOR,Technology,0.000,1964
"Korea, Rep.",KOR,Technology,0.000,1965
"Korea, Rep.",KOR,Technology,0.000,1966
"Korea, Rep.",KOR,Technology,0.000,1967
"Korea, Rep.",KOR,Technology,0.000,1968
"Korea, Rep.",KOR,Technology,0.000,1969
"Korea, Rep.",KOR,Technology,0.000,1970
"Korea, Rep.",KOR,Technology,0.000,1971
"Korea, Rep.",KOR,Technology,0.000,1972
"Korea, Rep.",KOR,Technology,0.000,1973
"Korea, Rep.",KOR,Technology,0.000,1974
"Korea, Rep.",KOR,Technology,0.000,1975
"Korea, Rep.",KOR,Technology,0.000,1976
"Korea, Rep.",KOR,Technology,0.000,1977
"Korea, Rep.",KOR,Technology,0.000,1978
"Korea, Rep.",KOR,Technology,0.000,1979
"Korea, Rep.",KOR,Technology,0.000,1980
"Korea, Rep.",KOR,Technology,0.000,1981
"Korea, Rep.",KOR,Technology,0.000,1982
"Korea, Rep.",KOR,Technology,0.000,1983
"Korea, Rep.",KOR,Technology,0.000,1984
"Korea, Rep.",KOR,Technology,0.000,1985
"Korea, Rep.",KOR,Technology,0.000,1986
"Korea, Rep.",KOR,Technology,0.000,1987
"Korea, Rep.",KOR,Technology,0.000,1988
"Korea, Rep.",KOR,Technology,0.000,1989
"Korea, Rep.",KOR,Technology,2.222,1990
"Korea, Rep.",KOR,Technology,2.222,1991
"Korea, Rep.",KOR,Technology,2.222,1992
"Korea, Rep.",KOR,Technology,2.222,1993
"Korea, Rep.",KOR,Technology,2.222,1994
"Korea, Rep.",KOR,Technology,2.222,1995
"Korea, Rep.",KOR,Technology,2.222,1996
"Korea, Rep.",KOR,Technology,2.222,1997
"Korea, Rep.",KOR,Technology,8.889,1998
"Korea, Rep.",KOR,Technology,8.889,1999
"Korea, Rep.",KOR,Technology,8.889,2000
"Korea, Rep.",KOR,Technology,8.889,2001
"Korea, Rep.",KOR,Technology,8.889,2002
"Korea, Rep.",KOR,Technology,8.889,2003
"Korea, Rep.",KOR,Technology,8.889,2004
"Korea, Rep.",KOR,Technology,8.889,2005
"Korea, Rep.",KOR,Technology,8.889,2006
"Korea, Rep.",KOR,Technology,8.889,2007
"Korea, Rep.",KOR,Technology,13.333,2008
"Korea, Rep.",KOR,Technology,13.333,2009
"Korea, Rep.",KOR,Technology,2.222,2010
"Korea, Rep.",KOR,Technology,20.000,2011
"Korea, Rep.",KOR,Technology,13.333,2012
"Korea, Rep.",KOR,Technology,11.111,2013
"Korea, Rep.",KOR,Technology,37.778,2014
"Korea, Rep.",KOR,Technology,13.333,2015
"Korea, Rep.",KOR,Technology,13.333,2016
"Korea, Rep.",KOR,Technology,60.000,2017
"Korea, Rep.",KOR,Technology,6.667,2018
"Korea, Rep.",KOR,Technology,6.667,2019
"Korea, Rep.",KOR,Technology,6.667,2020
"Korea, Rep.",KOR,Technology,73.333,2021
"Korea, Rep.",KOR,Technology,6.667,2022
"Korea, Rep.",KOR,Technology,6.667,2023
"Korea, Rep.",KOR,Violence,0.000,1960
"Korea, Rep.",KOR,Violence,0.000,1961
"Korea, Rep.",KOR,Violence,0.000,1962
"Korea, Rep.",KOR,Violence,0.000,1963
"Korea, Rep.",KOR,Violence,0.000,1964
"Korea, Rep.",KOR,Violence,0.000,1965
"Korea, Rep.",KOR,Violence,0.000,1966
"Korea, Rep.",KOR,Violence,0.000,1967
"Korea, Rep.",KOR,Violence,0.000,1968
"Korea, Rep.",KOR,Violence,0.000,1969
"Korea, Rep.",KOR,Violence,2.143,1970
"Korea, Rep.",KOR,Violence,2.143,1971
"Korea, Rep.",KOR,Violence,2.143,1972
"Korea, Rep.",KOR,Violence,2.143,1973
"Korea, Rep.",KOR,Violence,2.143,1974
"Korea, Rep.",KOR,Violence,2.143,1975
"Korea, Rep.",KOR,Violence,2.143,1976
"Korea, Rep.",KOR,Violence,2.143,1977
"Korea, Rep.",KOR,Violence,2.143,1978
"Korea, Rep.",KOR,Violence,2.143,1979
"Korea, Rep.",KOR,Violence,2.143,1980
"Korea, Rep.",KOR,Violence,2.143,1981
"Korea, Rep.",KOR,Violence,2.143,1982
"Korea, Rep.",KOR,Violence,2.143,1983
"Korea, Rep.",KOR,Violence,2.143,1984
"Korea, Rep.",KOR,Violence,2.143,1985
"Korea, Rep.",KOR,Violence,2.143,1986
"Korea, Rep.",KOR,Violence,2.143,1987
"Korea, Rep.",KOR,Violence,2.143,1988
"Korea, Rep.",KOR,Violence,2.143,1989
"Korea, Rep.",KOR,Violence,2.857,1990
"Korea, Rep.",KOR,Violence,2.857,1991
"Korea, Rep.",KOR,Violence,2.857,1992
"Korea, Rep.",KOR,Violence,2.857,1993
"Korea, Rep.",KOR,Violence,2.857,1994
"Korea, Rep.",KOR,Violence,2.857,1995
"Korea, Rep.",KOR,Violence,2.857,1996
"Korea, Rep.",KOR,Violence,2.857,1997
"Korea, Rep.",KOR,Violence,2.857,1998
"Korea, Rep.",KOR,Violence,2.857,1999
"Korea, Rep.",KOR,Violence,5.000,2000
"Korea, Rep.",KOR,Violence,5.000,2001
"Korea, Rep.",KOR,Violence,5.000,2002
"Korea, Rep.",KOR,Violence,5.000,2003
"Korea, Rep.",KOR,Violence,5.000,2004
"Korea, Rep.",KOR,Violence,5.000,2005
"Korea, Rep.",KOR,Violence,5.000,2006
"Korea, Rep.",KOR,Violence,5.000,2007
"Korea, Rep.",KOR,Violence,5.000,2008
"Korea, Rep.",KOR,Violence,5.000,2009
"Korea, Rep.",KOR,Violence,5.000,2010
"Korea, Rep.",KOR,Violence,6.429,2011
"Korea, Rep.",KOR,Violence,6.429,2012
"Korea, Rep.",KOR,Violence,6.429,2013
"Korea, Rep.",KOR,Violence,6.429,2014
"Korea, Rep.",KOR,Violence,6.429,2015
"Korea, Rep.",KOR,Violence,6.429,2016
"Korea, Rep.",KOR,Violence,6.429,2017
"Korea, Rep.",KOR,Violence,7.857,2018
"Korea, Rep.",KOR,Violence,6.429,2019
"Korea, Rep.",KOR,Violence,4.286,2020
"Korea, Rep.",KOR,Violence,4.286,2021
"Korea, Rep.",KOR,Violence,2.143,2022
"Korea, Rep.",KOR,Violence,2.143,2023
"Korea, Rep.",KOR,Youth 15-24,7.339,1960
"Korea, Rep.",KOR,Youth 15-24,4.587,1961
"Korea, Rep.",KOR,Youth 15-24,4.587,1962
"Korea, Rep.",KOR,Youth 15-24,4.587,1963
"Korea, Rep.",KOR,Youth 15-24,4.587,1964
"Korea, Rep.",KOR,Youth 15-24,4.587,1965
"Korea, Rep.",KOR,Youth 15-24,7.339,1966
"Korea, Rep.",KOR,Youth 15-24,4.587,1967
"Korea, Rep.",KOR,Youth 15-24,4.587,1968
"Korea, Rep.",KOR,Youth 15-24,4.587,1969
"Korea, Rep.",KOR,Youth 15-24,12.844,1970
"Korea, Rep.",KOR,Youth 15-24,23.853,1971
"Korea, Rep.",KOR,Youth 15-24,23.853,1972
"Korea, Rep.",KOR,Youth 15-24,21.101,1973
"Korea, Rep.",KOR,Youth 15-24,21.101,1974
"Korea, Rep.",KOR,Youth 15-24,33.028,1975
"Korea, Rep.",KOR,Youth 15-24,23.853,1976
"Korea, Rep.",KOR,Youth 15-24,23.853,1977
"Korea, Rep.",KOR,Youth 15-24,23.853,1978
"Korea, Rep.",KOR,Youth 15-24,23.853,1979
"Korea, Rep.",KOR,Youth 15-24,35.780,1980
"Korea, Rep.",KOR,Youth 15-24,30.275,1981
"Korea, Rep.",KOR,Youth 15-24,30.275,1982
"Korea, Rep.",KOR,Youth 15-24,30.275,1983
"Korea, Rep.",KOR,Youth 15-24,33.028,1984
"Korea, Rep.",KOR,Youth 15-24,38.532,1985
"Korea, Rep.",KOR,Youth 15-24,33.028,1986
"Korea, Rep.",KOR,Youth 15-24,30.275,1987
"Korea, Rep.",KOR,Youth 15-24,27.523,1988
"Korea, Rep.",KOR,Youth 15-24,30.275,1989
"Korea, Rep.",KOR,Youth 15-24,37.615,1990
"Korea, Rep.",KOR,Youth 15-24,39.450,1991
"Korea, Rep.",KOR,Youth 15-24,39.450,1992
"Korea, Rep.",KOR,Youth 15-24,36.697,1993
"Korea, Rep.",KOR,Youth 15-24,39.450,1994
"Korea, Rep.",KOR,Youth 15-24,42.202,1995
"Korea, Rep.",KOR,Youth 15-24,41.284,1996
"Korea, Rep.",KOR,Youth 15-24,47.706,1997
"Korea, Rep.",KOR,Youth 15-24,61.468,1998
"Korea, Rep.",KOR,Youth 15-24,61.468,1999
"Korea, Rep.",KOR,Youth 15-24,66.972,2000
"Korea, Rep.",KOR,Youth 15-24,59.633,2001
"Korea, Rep.",KOR,Youth 15-24,59.633,2002
"Korea, Rep.",KOR,Youth 15-24,59.633,2003
"Korea, Rep.",KOR,Youth 15-24,59.633,2004
"Korea, Rep.",KOR,Youth 15-24,65.138,2005
"Korea, Rep.",KOR,Youth 15-24,59.633,2006
"Korea, Rep.",KOR,Youth 15-24,59.633,2007
"Korea, Rep.",KOR,Youth 15-24,66.972,2008
"Korea, Rep.",KOR,Youth 15-24,62.385,2009
"Korea, Rep.",KOR,Youth 15-24,54.128,2010
"Korea, Rep.",KOR,Youth 15-24,67.890,2011
"Korea, Rep.",KOR,Youth 15-24,70.642,2012
"Korea, Rep.",KOR,Youth 15-24,66.972,2013
"Korea, Rep.",KOR,Youth 15-24,66.972,2014
"Korea, Rep.",KOR,Youth 15-24,67.890,2015
"Korea, Rep.",KOR,Youth 15-24,70.642,2016
"Korea, Rep.",KOR,Youth 15-24,68.807,2017
"Korea, Rep.",KOR,Youth 15-24,49.541,2018
"Korea, Rep.",KOR,Youth 15-24,45.872,2019
"Korea, Rep.",KOR,Youth 15-24,45.872,2020
"Korea, Rep.",KOR,Youth 15-24,44.037,2021
"Korea, Rep.",KOR,Youth 15-24,44.037,2022
"Korea, Rep.",KOR,Youth 15-24,30.275,2023
