Country Name,Country Code,Topic,% of available indicators,Year
Tajikistan,TJK,Assets,0.000,1960
Tajikistan,TJK,Assets,0.000,1961
Tajikistan,TJK,Assets,0.000,1962
Tajikistan,TJK,Assets,0.000,1963
Tajikistan,TJK,Assets,0.000,1964
Tajikistan,TJK,Assets,0.000,1965
Tajikistan,TJK,Assets,0.000,1966
Tajikistan,TJK,Assets,0.000,1967
Tajikistan,TJK,Assets,0.000,1968
Tajikistan,TJK,Assets,0.000,1969
Tajikistan,TJK,Assets,2.208,1970
Tajikistan,TJK,Assets,2.208,1971
Tajikistan,TJK,Assets,2.208,1972
Tajikistan,TJK,Assets,2.208,1973
Tajikistan,TJK,Assets,2.208,1974
Tajikistan,TJK,Assets,2.208,1975
Tajikistan,TJK,Assets,2.208,1976
Tajikistan,TJK,Assets,2.208,1977
Tajikistan,TJK,Assets,2.208,1978
Tajikistan,TJK,Assets,2.208,1979
Tajikistan,TJK,Assets,2.208,1980
Tajikistan,TJK,Assets,2.208,1981
Tajikistan,TJK,Assets,2.208,1982
Tajikistan,TJK,Assets,2.208,1983
Tajikistan,TJK,Assets,2.208,1984
Tajikistan,TJK,Assets,2.208,1985
Tajikistan,TJK,Assets,2.208,1986
Tajikistan,TJK,Assets,2.208,1987
Tajikistan,TJK,Assets,2.208,1988
Tajikistan,TJK,Assets,2.208,1989
Tajikistan,TJK,Assets,2.208,1990
Tajikistan,TJK,Assets,2.208,1991
Tajikistan,TJK,Assets,2.208,1992
Tajikistan,TJK,Assets,2.208,1993
Tajikistan,TJK,Assets,2.208,1994
Tajikistan,TJK,Assets,2.208,1995
Tajikistan,TJK,Assets,2.208,1996
Tajikistan,TJK,Assets,2.208,1997
Tajikistan,TJK,Assets,2.208,1998
Tajikistan,TJK,Assets,2.208,1999
Tajikistan,TJK,Assets,2.208,2000
Tajikistan,TJK,Assets,2.208,2001
Tajikistan,TJK,Assets,2.208,2002
Tajikistan,TJK,Assets,2.208,2003
Tajikistan,TJK,Assets,2.208,2004
Tajikistan,TJK,Assets,2.208,2005
Tajikistan,TJK,Assets,2.208,2006
Tajikistan,TJK,Assets,2.208,2007
Tajikistan,TJK,Assets,2.208,2008
Tajikistan,TJK,Assets,2.208,2009
Tajikistan,TJK,Assets,2.208,2010
Tajikistan,TJK,Assets,11.672,2011
Tajikistan,TJK,Assets,17.350,2012
Tajikistan,TJK,Assets,2.208,2013
Tajikistan,TJK,Assets,31.546,2014
Tajikistan,TJK,Assets,2.208,2015
Tajikistan,TJK,Assets,2.208,2016
Tajikistan,TJK,Assets,40.063,2017
Tajikistan,TJK,Assets,2.208,2018
Tajikistan,TJK,Assets,2.208,2019
Tajikistan,TJK,Assets,2.208,2020
Tajikistan,TJK,Assets,63.091,2021
Tajikistan,TJK,Assets,2.208,2022
Tajikistan,TJK,Assets,2.208,2023
Tajikistan,TJK,Children 0-14,10.769,1960
Tajikistan,TJK,Children 0-14,10.769,1961
Tajikistan,TJK,Children 0-14,10.769,1962
Tajikistan,TJK,Children 0-14,10.769,1963
Tajikistan,TJK,Children 0-14,10.769,1964
Tajikistan,TJK,Children 0-14,10.769,1965
Tajikistan,TJK,Children 0-14,10.769,1966
Tajikistan,TJK,Children 0-14,10.769,1967
Tajikistan,TJK,Children 0-14,10.769,1968
Tajikistan,TJK,Children 0-14,10.769,1969
Tajikistan,TJK,Children 0-14,10.769,1970
Tajikistan,TJK,Children 0-14,10.769,1971
Tajikistan,TJK,Children 0-14,15.385,1972
Tajikistan,TJK,Children 0-14,17.692,1973
Tajikistan,TJK,Children 0-14,17.692,1974
Tajikistan,TJK,Children 0-14,17.692,1975
Tajikistan,TJK,Children 0-14,17.692,1976
Tajikistan,TJK,Children 0-14,19.231,1977
Tajikistan,TJK,Children 0-14,19.231,1978
Tajikistan,TJK,Children 0-14,19.231,1979
Tajikistan,TJK,Children 0-14,19.231,1980
Tajikistan,TJK,Children 0-14,20.000,1981
Tajikistan,TJK,Children 0-14,19.231,1982
Tajikistan,TJK,Children 0-14,19.231,1983
Tajikistan,TJK,Children 0-14,19.231,1984
Tajikistan,TJK,Children 0-14,19.231,1985
Tajikistan,TJK,Children 0-14,19.231,1986
Tajikistan,TJK,Children 0-14,19.231,1987
Tajikistan,TJK,Children 0-14,19.231,1988
Tajikistan,TJK,Children 0-14,23.846,1989
Tajikistan,TJK,Children 0-14,19.231,1990
Tajikistan,TJK,Children 0-14,25.385,1991
Tajikistan,TJK,Children 0-14,26.923,1992
Tajikistan,TJK,Children 0-14,26.923,1993
Tajikistan,TJK,Children 0-14,26.923,1994
Tajikistan,TJK,Children 0-14,29.231,1995
Tajikistan,TJK,Children 0-14,26.923,1996
Tajikistan,TJK,Children 0-14,29.231,1997
Tajikistan,TJK,Children 0-14,26.923,1998
Tajikistan,TJK,Children 0-14,35.385,1999
Tajikistan,TJK,Children 0-14,55.385,2000
Tajikistan,TJK,Children 0-14,36.923,2001
Tajikistan,TJK,Children 0-14,39.231,2002
Tajikistan,TJK,Children 0-14,36.154,2003
Tajikistan,TJK,Children 0-14,34.615,2004
Tajikistan,TJK,Children 0-14,46.923,2005
Tajikistan,TJK,Children 0-14,33.077,2006
Tajikistan,TJK,Children 0-14,46.154,2007
Tajikistan,TJK,Children 0-14,35.385,2008
Tajikistan,TJK,Children 0-14,46.154,2009
Tajikistan,TJK,Children 0-14,57.692,2010
Tajikistan,TJK,Children 0-14,39.231,2011
Tajikistan,TJK,Children 0-14,54.615,2012
Tajikistan,TJK,Children 0-14,34.615,2013
Tajikistan,TJK,Children 0-14,44.615,2014
Tajikistan,TJK,Children 0-14,58.462,2015
Tajikistan,TJK,Children 0-14,58.462,2016
Tajikistan,TJK,Children 0-14,68.462,2017
Tajikistan,TJK,Children 0-14,25.385,2018
Tajikistan,TJK,Children 0-14,34.615,2019
Tajikistan,TJK,Children 0-14,27.692,2020
Tajikistan,TJK,Children 0-14,23.077,2021
Tajikistan,TJK,Children 0-14,23.077,2022
Tajikistan,TJK,Children 0-14,11.538,2023
Tajikistan,TJK,Education,0.000,1960
Tajikistan,TJK,Education,0.000,1961
Tajikistan,TJK,Education,0.000,1962
Tajikistan,TJK,Education,0.000,1963
Tajikistan,TJK,Education,0.000,1964
Tajikistan,TJK,Education,0.000,1965
Tajikistan,TJK,Education,0.000,1966
Tajikistan,TJK,Education,0.000,1967
Tajikistan,TJK,Education,0.000,1968
Tajikistan,TJK,Education,0.000,1969
Tajikistan,TJK,Education,0.000,1970
Tajikistan,TJK,Education,0.000,1971
Tajikistan,TJK,Education,0.000,1972
Tajikistan,TJK,Education,0.000,1973
Tajikistan,TJK,Education,0.000,1974
Tajikistan,TJK,Education,0.000,1975
Tajikistan,TJK,Education,0.000,1976
Tajikistan,TJK,Education,0.000,1977
Tajikistan,TJK,Education,0.000,1978
Tajikistan,TJK,Education,0.000,1979
Tajikistan,TJK,Education,0.000,1980
Tajikistan,TJK,Education,1.227,1981
Tajikistan,TJK,Education,0.000,1982
Tajikistan,TJK,Education,0.000,1983
Tajikistan,TJK,Education,0.000,1984
Tajikistan,TJK,Education,0.000,1985
Tajikistan,TJK,Education,0.613,1986
Tajikistan,TJK,Education,0.000,1987
Tajikistan,TJK,Education,0.613,1988
Tajikistan,TJK,Education,14.724,1989
Tajikistan,TJK,Education,0.613,1990
Tajikistan,TJK,Education,7.362,1991
Tajikistan,TJK,Education,7.362,1992
Tajikistan,TJK,Education,7.975,1993
Tajikistan,TJK,Education,7.362,1994
Tajikistan,TJK,Education,9.816,1995
Tajikistan,TJK,Education,6.135,1996
Tajikistan,TJK,Education,7.362,1997
Tajikistan,TJK,Education,6.748,1998
Tajikistan,TJK,Education,27.607,1999
Tajikistan,TJK,Education,47.239,2000
Tajikistan,TJK,Education,31.288,2001
Tajikistan,TJK,Education,33.129,2002
Tajikistan,TJK,Education,29.448,2003
Tajikistan,TJK,Education,30.675,2004
Tajikistan,TJK,Education,29.448,2005
Tajikistan,TJK,Education,29.448,2006
Tajikistan,TJK,Education,32.515,2007
Tajikistan,TJK,Education,32.515,2008
Tajikistan,TJK,Education,37.423,2009
Tajikistan,TJK,Education,41.718,2010
Tajikistan,TJK,Education,35.583,2011
Tajikistan,TJK,Education,28.834,2012
Tajikistan,TJK,Education,28.221,2013
Tajikistan,TJK,Education,31.288,2014
Tajikistan,TJK,Education,25.153,2015
Tajikistan,TJK,Education,38.037,2016
Tajikistan,TJK,Education,47.853,2017
Tajikistan,TJK,Education,11.656,2018
Tajikistan,TJK,Education,0.613,2019
Tajikistan,TJK,Education,12.270,2020
Tajikistan,TJK,Education,7.362,2021
Tajikistan,TJK,Education,7.362,2022
Tajikistan,TJK,Education,7.362,2023
Tajikistan,TJK,Employment and Time Use,0.000,1960
Tajikistan,TJK,Employment and Time Use,0.000,1961
Tajikistan,TJK,Employment and Time Use,0.000,1962
Tajikistan,TJK,Employment and Time Use,0.000,1963
Tajikistan,TJK,Employment and Time Use,0.000,1964
Tajikistan,TJK,Employment and Time Use,0.000,1965
Tajikistan,TJK,Employment and Time Use,0.000,1966
Tajikistan,TJK,Employment and Time Use,0.000,1967
Tajikistan,TJK,Employment and Time Use,0.000,1968
Tajikistan,TJK,Employment and Time Use,0.000,1969
Tajikistan,TJK,Employment and Time Use,21.168,1970
Tajikistan,TJK,Employment and Time Use,21.168,1971
Tajikistan,TJK,Employment and Time Use,21.168,1972
Tajikistan,TJK,Employment and Time Use,21.168,1973
Tajikistan,TJK,Employment and Time Use,21.168,1974
Tajikistan,TJK,Employment and Time Use,21.168,1975
Tajikistan,TJK,Employment and Time Use,21.168,1976
Tajikistan,TJK,Employment and Time Use,21.168,1977
Tajikistan,TJK,Employment and Time Use,21.168,1978
Tajikistan,TJK,Employment and Time Use,21.168,1979
Tajikistan,TJK,Employment and Time Use,21.168,1980
Tajikistan,TJK,Employment and Time Use,21.168,1981
Tajikistan,TJK,Employment and Time Use,21.168,1982
Tajikistan,TJK,Employment and Time Use,21.168,1983
Tajikistan,TJK,Employment and Time Use,21.168,1984
Tajikistan,TJK,Employment and Time Use,21.168,1985
Tajikistan,TJK,Employment and Time Use,21.168,1986
Tajikistan,TJK,Employment and Time Use,21.168,1987
Tajikistan,TJK,Employment and Time Use,21.168,1988
Tajikistan,TJK,Employment and Time Use,21.168,1989
Tajikistan,TJK,Employment and Time Use,31.387,1990
Tajikistan,TJK,Employment and Time Use,56.204,1991
Tajikistan,TJK,Employment and Time Use,58.394,1992
Tajikistan,TJK,Employment and Time Use,58.394,1993
Tajikistan,TJK,Employment and Time Use,58.394,1994
Tajikistan,TJK,Employment and Time Use,58.394,1995
Tajikistan,TJK,Employment and Time Use,61.314,1996
Tajikistan,TJK,Employment and Time Use,58.394,1997
Tajikistan,TJK,Employment and Time Use,56.934,1998
Tajikistan,TJK,Employment and Time Use,59.124,1999
Tajikistan,TJK,Employment and Time Use,56.934,2000
Tajikistan,TJK,Employment and Time Use,56.934,2001
Tajikistan,TJK,Employment and Time Use,56.934,2002
Tajikistan,TJK,Employment and Time Use,88.321,2003
Tajikistan,TJK,Employment and Time Use,64.234,2004
Tajikistan,TJK,Employment and Time Use,60.584,2005
Tajikistan,TJK,Employment and Time Use,58.394,2006
Tajikistan,TJK,Employment and Time Use,81.022,2007
Tajikistan,TJK,Employment and Time Use,57.664,2008
Tajikistan,TJK,Employment and Time Use,86.131,2009
Tajikistan,TJK,Employment and Time Use,56.204,2010
Tajikistan,TJK,Employment and Time Use,56.204,2011
Tajikistan,TJK,Employment and Time Use,56.204,2012
Tajikistan,TJK,Employment and Time Use,56.204,2013
Tajikistan,TJK,Employment and Time Use,56.204,2014
Tajikistan,TJK,Employment and Time Use,56.204,2015
Tajikistan,TJK,Employment and Time Use,79.562,2016
Tajikistan,TJK,Employment and Time Use,56.204,2017
Tajikistan,TJK,Employment and Time Use,56.204,2018
Tajikistan,TJK,Employment and Time Use,56.204,2019
Tajikistan,TJK,Employment and Time Use,56.204,2020
Tajikistan,TJK,Employment and Time Use,56.204,2021
Tajikistan,TJK,Employment and Time Use,56.204,2022
Tajikistan,TJK,Employment and Time Use,59.124,2023
Tajikistan,TJK,Entrepreneurship,0.000,1960
Tajikistan,TJK,Entrepreneurship,0.000,1961
Tajikistan,TJK,Entrepreneurship,0.000,1962
Tajikistan,TJK,Entrepreneurship,0.000,1963
Tajikistan,TJK,Entrepreneurship,0.000,1964
Tajikistan,TJK,Entrepreneurship,0.000,1965
Tajikistan,TJK,Entrepreneurship,0.000,1966
Tajikistan,TJK,Entrepreneurship,0.000,1967
Tajikistan,TJK,Entrepreneurship,0.000,1968
Tajikistan,TJK,Entrepreneurship,0.000,1969
Tajikistan,TJK,Entrepreneurship,9.375,1970
Tajikistan,TJK,Entrepreneurship,9.375,1971
Tajikistan,TJK,Entrepreneurship,9.375,1972
Tajikistan,TJK,Entrepreneurship,9.375,1973
Tajikistan,TJK,Entrepreneurship,9.375,1974
Tajikistan,TJK,Entrepreneurship,9.375,1975
Tajikistan,TJK,Entrepreneurship,9.375,1976
Tajikistan,TJK,Entrepreneurship,9.375,1977
Tajikistan,TJK,Entrepreneurship,9.375,1978
Tajikistan,TJK,Entrepreneurship,9.375,1979
Tajikistan,TJK,Entrepreneurship,9.375,1980
Tajikistan,TJK,Entrepreneurship,9.375,1981
Tajikistan,TJK,Entrepreneurship,9.375,1982
Tajikistan,TJK,Entrepreneurship,9.375,1983
Tajikistan,TJK,Entrepreneurship,9.375,1984
Tajikistan,TJK,Entrepreneurship,9.375,1985
Tajikistan,TJK,Entrepreneurship,9.375,1986
Tajikistan,TJK,Entrepreneurship,9.375,1987
Tajikistan,TJK,Entrepreneurship,9.375,1988
Tajikistan,TJK,Entrepreneurship,9.375,1989
Tajikistan,TJK,Entrepreneurship,9.375,1990
Tajikistan,TJK,Entrepreneurship,9.375,1991
Tajikistan,TJK,Entrepreneurship,9.375,1992
Tajikistan,TJK,Entrepreneurship,9.375,1993
Tajikistan,TJK,Entrepreneurship,9.375,1994
Tajikistan,TJK,Entrepreneurship,9.375,1995
Tajikistan,TJK,Entrepreneurship,9.375,1996
Tajikistan,TJK,Entrepreneurship,9.375,1997
Tajikistan,TJK,Entrepreneurship,9.375,1998
Tajikistan,TJK,Entrepreneurship,9.375,1999
Tajikistan,TJK,Entrepreneurship,9.375,2000
Tajikistan,TJK,Entrepreneurship,9.375,2001
Tajikistan,TJK,Entrepreneurship,9.375,2002
Tajikistan,TJK,Entrepreneurship,9.375,2003
Tajikistan,TJK,Entrepreneurship,9.375,2004
Tajikistan,TJK,Entrepreneurship,40.625,2005
Tajikistan,TJK,Entrepreneurship,37.500,2006
Tajikistan,TJK,Entrepreneurship,37.500,2007
Tajikistan,TJK,Entrepreneurship,43.750,2008
Tajikistan,TJK,Entrepreneurship,37.500,2009
Tajikistan,TJK,Entrepreneurship,37.500,2010
Tajikistan,TJK,Entrepreneurship,37.500,2011
Tajikistan,TJK,Entrepreneurship,37.500,2012
Tajikistan,TJK,Entrepreneurship,43.750,2013
Tajikistan,TJK,Entrepreneurship,93.750,2014
Tajikistan,TJK,Entrepreneurship,75.000,2015
Tajikistan,TJK,Entrepreneurship,75.000,2016
Tajikistan,TJK,Entrepreneurship,93.750,2017
Tajikistan,TJK,Entrepreneurship,75.000,2018
Tajikistan,TJK,Entrepreneurship,43.750,2019
Tajikistan,TJK,Entrepreneurship,9.375,2020
Tajikistan,TJK,Entrepreneurship,9.375,2021
Tajikistan,TJK,Entrepreneurship,9.375,2022
Tajikistan,TJK,Entrepreneurship,9.375,2023
Tajikistan,TJK,Environment,0.000,1960
Tajikistan,TJK,Environment,0.000,1961
Tajikistan,TJK,Environment,0.000,1962
Tajikistan,TJK,Environment,0.000,1963
Tajikistan,TJK,Environment,0.000,1964
Tajikistan,TJK,Environment,0.000,1965
Tajikistan,TJK,Environment,0.000,1966
Tajikistan,TJK,Environment,0.000,1967
Tajikistan,TJK,Environment,0.000,1968
Tajikistan,TJK,Environment,0.000,1969
Tajikistan,TJK,Environment,0.000,1970
Tajikistan,TJK,Environment,0.000,1971
Tajikistan,TJK,Environment,0.000,1972
Tajikistan,TJK,Environment,0.000,1973
Tajikistan,TJK,Environment,0.000,1974
Tajikistan,TJK,Environment,0.000,1975
Tajikistan,TJK,Environment,0.000,1976
Tajikistan,TJK,Environment,0.000,1977
Tajikistan,TJK,Environment,0.000,1978
Tajikistan,TJK,Environment,0.000,1979
Tajikistan,TJK,Environment,0.000,1980
Tajikistan,TJK,Environment,0.000,1981
Tajikistan,TJK,Environment,0.000,1982
Tajikistan,TJK,Environment,0.000,1983
Tajikistan,TJK,Environment,0.000,1984
Tajikistan,TJK,Environment,0.000,1985
Tajikistan,TJK,Environment,0.000,1986
Tajikistan,TJK,Environment,0.000,1987
Tajikistan,TJK,Environment,0.000,1988
Tajikistan,TJK,Environment,0.000,1989
Tajikistan,TJK,Environment,0.000,1990
Tajikistan,TJK,Environment,0.000,1991
Tajikistan,TJK,Environment,0.000,1992
Tajikistan,TJK,Environment,0.000,1993
Tajikistan,TJK,Environment,0.000,1994
Tajikistan,TJK,Environment,0.000,1995
Tajikistan,TJK,Environment,0.000,1996
Tajikistan,TJK,Environment,0.000,1997
Tajikistan,TJK,Environment,0.000,1998
Tajikistan,TJK,Environment,0.000,1999
Tajikistan,TJK,Environment,10.000,2000
Tajikistan,TJK,Environment,10.000,2001
Tajikistan,TJK,Environment,10.000,2002
Tajikistan,TJK,Environment,10.000,2003
Tajikistan,TJK,Environment,10.000,2004
Tajikistan,TJK,Environment,10.000,2005
Tajikistan,TJK,Environment,10.000,2006
Tajikistan,TJK,Environment,10.000,2007
Tajikistan,TJK,Environment,10.000,2008
Tajikistan,TJK,Environment,10.000,2009
Tajikistan,TJK,Environment,10.000,2010
Tajikistan,TJK,Environment,10.000,2011
Tajikistan,TJK,Environment,56.667,2012
Tajikistan,TJK,Environment,10.000,2013
Tajikistan,TJK,Environment,20.000,2014
Tajikistan,TJK,Environment,10.000,2015
Tajikistan,TJK,Environment,10.000,2016
Tajikistan,TJK,Environment,66.667,2017
Tajikistan,TJK,Environment,10.000,2018
Tajikistan,TJK,Environment,30.000,2019
Tajikistan,TJK,Environment,10.000,2020
Tajikistan,TJK,Environment,20.000,2021
Tajikistan,TJK,Environment,10.000,2022
Tajikistan,TJK,Environment,0.000,2023
Tajikistan,TJK,Health,3.030,1960
Tajikistan,TJK,Health,3.030,1961
Tajikistan,TJK,Health,3.030,1962
Tajikistan,TJK,Health,3.030,1963
Tajikistan,TJK,Health,3.030,1964
Tajikistan,TJK,Health,3.030,1965
Tajikistan,TJK,Health,3.030,1966
Tajikistan,TJK,Health,3.030,1967
Tajikistan,TJK,Health,3.030,1968
Tajikistan,TJK,Health,3.030,1969
Tajikistan,TJK,Health,3.030,1970
Tajikistan,TJK,Health,3.030,1971
Tajikistan,TJK,Health,6.061,1972
Tajikistan,TJK,Health,7.576,1973
Tajikistan,TJK,Health,7.576,1974
Tajikistan,TJK,Health,10.101,1975
Tajikistan,TJK,Health,10.101,1976
Tajikistan,TJK,Health,11.111,1977
Tajikistan,TJK,Health,11.111,1978
Tajikistan,TJK,Health,11.111,1979
Tajikistan,TJK,Health,11.111,1980
Tajikistan,TJK,Health,11.111,1981
Tajikistan,TJK,Health,11.111,1982
Tajikistan,TJK,Health,11.111,1983
Tajikistan,TJK,Health,11.111,1984
Tajikistan,TJK,Health,11.616,1985
Tajikistan,TJK,Health,11.616,1986
Tajikistan,TJK,Health,11.616,1987
Tajikistan,TJK,Health,11.616,1988
Tajikistan,TJK,Health,12.121,1989
Tajikistan,TJK,Health,16.162,1990
Tajikistan,TJK,Health,16.667,1991
Tajikistan,TJK,Health,17.172,1992
Tajikistan,TJK,Health,17.172,1993
Tajikistan,TJK,Health,17.677,1994
Tajikistan,TJK,Health,17.677,1995
Tajikistan,TJK,Health,17.677,1996
Tajikistan,TJK,Health,17.677,1997
Tajikistan,TJK,Health,17.677,1998
Tajikistan,TJK,Health,18.687,1999
Tajikistan,TJK,Health,58.586,2000
Tajikistan,TJK,Health,33.333,2001
Tajikistan,TJK,Health,33.333,2002
Tajikistan,TJK,Health,33.333,2003
Tajikistan,TJK,Health,32.323,2004
Tajikistan,TJK,Health,42.424,2005
Tajikistan,TJK,Health,31.818,2006
Tajikistan,TJK,Health,41.414,2007
Tajikistan,TJK,Health,31.818,2008
Tajikistan,TJK,Health,36.364,2009
Tajikistan,TJK,Health,60.101,2010
Tajikistan,TJK,Health,32.323,2011
Tajikistan,TJK,Health,53.030,2012
Tajikistan,TJK,Health,32.323,2013
Tajikistan,TJK,Health,33.838,2014
Tajikistan,TJK,Health,55.051,2015
Tajikistan,TJK,Health,39.899,2016
Tajikistan,TJK,Health,57.071,2017
Tajikistan,TJK,Health,33.333,2018
Tajikistan,TJK,Health,54.545,2019
Tajikistan,TJK,Health,26.263,2020
Tajikistan,TJK,Health,19.697,2021
Tajikistan,TJK,Health,16.667,2022
Tajikistan,TJK,Health,1.010,2023
Tajikistan,TJK,Leadership,0.000,1960
Tajikistan,TJK,Leadership,0.000,1961
Tajikistan,TJK,Leadership,0.000,1962
Tajikistan,TJK,Leadership,0.000,1963
Tajikistan,TJK,Leadership,0.000,1964
Tajikistan,TJK,Leadership,0.000,1965
Tajikistan,TJK,Leadership,0.000,1966
Tajikistan,TJK,Leadership,0.000,1967
Tajikistan,TJK,Leadership,0.000,1968
Tajikistan,TJK,Leadership,0.000,1969
Tajikistan,TJK,Leadership,0.000,1970
Tajikistan,TJK,Leadership,0.000,1971
Tajikistan,TJK,Leadership,0.000,1972
Tajikistan,TJK,Leadership,0.000,1973
Tajikistan,TJK,Leadership,0.000,1974
Tajikistan,TJK,Leadership,0.000,1975
Tajikistan,TJK,Leadership,0.000,1976
Tajikistan,TJK,Leadership,0.000,1977
Tajikistan,TJK,Leadership,0.000,1978
Tajikistan,TJK,Leadership,0.000,1979
Tajikistan,TJK,Leadership,0.000,1980
Tajikistan,TJK,Leadership,0.000,1981
Tajikistan,TJK,Leadership,0.000,1982
Tajikistan,TJK,Leadership,0.000,1983
Tajikistan,TJK,Leadership,0.000,1984
Tajikistan,TJK,Leadership,0.000,1985
Tajikistan,TJK,Leadership,0.000,1986
Tajikistan,TJK,Leadership,0.000,1987
Tajikistan,TJK,Leadership,0.000,1988
Tajikistan,TJK,Leadership,0.000,1989
Tajikistan,TJK,Leadership,0.000,1990
Tajikistan,TJK,Leadership,0.000,1991
Tajikistan,TJK,Leadership,0.000,1992
Tajikistan,TJK,Leadership,0.000,1993
Tajikistan,TJK,Leadership,0.000,1994
Tajikistan,TJK,Leadership,0.000,1995
Tajikistan,TJK,Leadership,0.000,1996
Tajikistan,TJK,Leadership,25.000,1997
Tajikistan,TJK,Leadership,25.000,1998
Tajikistan,TJK,Leadership,25.000,1999
Tajikistan,TJK,Leadership,25.000,2000
Tajikistan,TJK,Leadership,25.000,2001
Tajikistan,TJK,Leadership,25.000,2002
Tajikistan,TJK,Leadership,25.000,2003
Tajikistan,TJK,Leadership,25.000,2004
Tajikistan,TJK,Leadership,50.000,2005
Tajikistan,TJK,Leadership,25.000,2006
Tajikistan,TJK,Leadership,50.000,2007
Tajikistan,TJK,Leadership,75.000,2008
Tajikistan,TJK,Leadership,50.000,2009
Tajikistan,TJK,Leadership,50.000,2010
Tajikistan,TJK,Leadership,25.000,2011
Tajikistan,TJK,Leadership,50.000,2012
Tajikistan,TJK,Leadership,50.000,2013
Tajikistan,TJK,Leadership,50.000,2014
Tajikistan,TJK,Leadership,50.000,2015
Tajikistan,TJK,Leadership,75.000,2016
Tajikistan,TJK,Leadership,25.000,2017
Tajikistan,TJK,Leadership,50.000,2018
Tajikistan,TJK,Leadership,75.000,2019
Tajikistan,TJK,Leadership,50.000,2020
Tajikistan,TJK,Leadership,25.000,2021
Tajikistan,TJK,Leadership,50.000,2022
Tajikistan,TJK,Leadership,25.000,2023
Tajikistan,TJK,Norms and Decision-making,0.000,1960
Tajikistan,TJK,Norms and Decision-making,0.000,1961
Tajikistan,TJK,Norms and Decision-making,0.000,1962
Tajikistan,TJK,Norms and Decision-making,0.000,1963
Tajikistan,TJK,Norms and Decision-making,0.000,1964
Tajikistan,TJK,Norms and Decision-making,0.000,1965
Tajikistan,TJK,Norms and Decision-making,0.000,1966
Tajikistan,TJK,Norms and Decision-making,0.000,1967
Tajikistan,TJK,Norms and Decision-making,0.000,1968
Tajikistan,TJK,Norms and Decision-making,0.000,1969
Tajikistan,TJK,Norms and Decision-making,12.593,1970
Tajikistan,TJK,Norms and Decision-making,12.593,1971
Tajikistan,TJK,Norms and Decision-making,12.593,1972
Tajikistan,TJK,Norms and Decision-making,12.593,1973
Tajikistan,TJK,Norms and Decision-making,12.593,1974
Tajikistan,TJK,Norms and Decision-making,12.593,1975
Tajikistan,TJK,Norms and Decision-making,12.593,1976
Tajikistan,TJK,Norms and Decision-making,12.593,1977
Tajikistan,TJK,Norms and Decision-making,12.593,1978
Tajikistan,TJK,Norms and Decision-making,12.593,1979
Tajikistan,TJK,Norms and Decision-making,12.593,1980
Tajikistan,TJK,Norms and Decision-making,12.593,1981
Tajikistan,TJK,Norms and Decision-making,12.593,1982
Tajikistan,TJK,Norms and Decision-making,12.593,1983
Tajikistan,TJK,Norms and Decision-making,12.593,1984
Tajikistan,TJK,Norms and Decision-making,12.593,1985
Tajikistan,TJK,Norms and Decision-making,12.593,1986
Tajikistan,TJK,Norms and Decision-making,12.593,1987
Tajikistan,TJK,Norms and Decision-making,12.593,1988
Tajikistan,TJK,Norms and Decision-making,14.074,1989
Tajikistan,TJK,Norms and Decision-making,12.593,1990
Tajikistan,TJK,Norms and Decision-making,12.593,1991
Tajikistan,TJK,Norms and Decision-making,12.593,1992
Tajikistan,TJK,Norms and Decision-making,12.593,1993
Tajikistan,TJK,Norms and Decision-making,12.593,1994
Tajikistan,TJK,Norms and Decision-making,12.593,1995
Tajikistan,TJK,Norms and Decision-making,12.593,1996
Tajikistan,TJK,Norms and Decision-making,12.593,1997
Tajikistan,TJK,Norms and Decision-making,12.593,1998
Tajikistan,TJK,Norms and Decision-making,12.593,1999
Tajikistan,TJK,Norms and Decision-making,15.556,2000
Tajikistan,TJK,Norms and Decision-making,12.593,2001
Tajikistan,TJK,Norms and Decision-making,12.593,2002
Tajikistan,TJK,Norms and Decision-making,12.593,2003
Tajikistan,TJK,Norms and Decision-making,12.593,2004
Tajikistan,TJK,Norms and Decision-making,14.815,2005
Tajikistan,TJK,Norms and Decision-making,12.593,2006
Tajikistan,TJK,Norms and Decision-making,12.593,2007
Tajikistan,TJK,Norms and Decision-making,12.593,2008
Tajikistan,TJK,Norms and Decision-making,12.593,2009
Tajikistan,TJK,Norms and Decision-making,15.556,2010
Tajikistan,TJK,Norms and Decision-making,12.593,2011
Tajikistan,TJK,Norms and Decision-making,66.667,2012
Tajikistan,TJK,Norms and Decision-making,12.593,2013
Tajikistan,TJK,Norms and Decision-making,12.593,2014
Tajikistan,TJK,Norms and Decision-making,12.593,2015
Tajikistan,TJK,Norms and Decision-making,12.593,2016
Tajikistan,TJK,Norms and Decision-making,68.148,2017
Tajikistan,TJK,Norms and Decision-making,12.593,2018
Tajikistan,TJK,Norms and Decision-making,12.593,2019
Tajikistan,TJK,Norms and Decision-making,12.593,2020
Tajikistan,TJK,Norms and Decision-making,12.593,2021
Tajikistan,TJK,Norms and Decision-making,12.593,2022
Tajikistan,TJK,Norms and Decision-making,12.593,2023
Tajikistan,TJK,Population,86.905,1960
Tajikistan,TJK,Population,86.905,1961
Tajikistan,TJK,Population,86.905,1962
Tajikistan,TJK,Population,86.905,1963
Tajikistan,TJK,Population,86.905,1964
Tajikistan,TJK,Population,86.905,1965
Tajikistan,TJK,Population,86.905,1966
Tajikistan,TJK,Population,86.905,1967
Tajikistan,TJK,Population,86.905,1968
Tajikistan,TJK,Population,86.905,1969
Tajikistan,TJK,Population,86.905,1970
Tajikistan,TJK,Population,86.905,1971
Tajikistan,TJK,Population,86.905,1972
Tajikistan,TJK,Population,86.905,1973
Tajikistan,TJK,Population,86.905,1974
Tajikistan,TJK,Population,86.905,1975
Tajikistan,TJK,Population,86.905,1976
Tajikistan,TJK,Population,86.905,1977
Tajikistan,TJK,Population,86.905,1978
Tajikistan,TJK,Population,86.905,1979
Tajikistan,TJK,Population,91.667,1980
Tajikistan,TJK,Population,86.905,1981
Tajikistan,TJK,Population,86.905,1982
Tajikistan,TJK,Population,86.905,1983
Tajikistan,TJK,Population,86.905,1984
Tajikistan,TJK,Population,91.667,1985
Tajikistan,TJK,Population,86.905,1986
Tajikistan,TJK,Population,86.905,1987
Tajikistan,TJK,Population,86.905,1988
Tajikistan,TJK,Population,89.286,1989
Tajikistan,TJK,Population,92.857,1990
Tajikistan,TJK,Population,86.905,1991
Tajikistan,TJK,Population,86.905,1992
Tajikistan,TJK,Population,86.905,1993
Tajikistan,TJK,Population,86.905,1994
Tajikistan,TJK,Population,92.857,1995
Tajikistan,TJK,Population,86.905,1996
Tajikistan,TJK,Population,86.905,1997
Tajikistan,TJK,Population,86.905,1998
Tajikistan,TJK,Population,86.905,1999
Tajikistan,TJK,Population,95.238,2000
Tajikistan,TJK,Population,86.905,2001
Tajikistan,TJK,Population,86.905,2002
Tajikistan,TJK,Population,86.905,2003
Tajikistan,TJK,Population,86.905,2004
Tajikistan,TJK,Population,95.238,2005
Tajikistan,TJK,Population,86.905,2006
Tajikistan,TJK,Population,86.905,2007
Tajikistan,TJK,Population,86.905,2008
Tajikistan,TJK,Population,86.905,2009
Tajikistan,TJK,Population,95.238,2010
Tajikistan,TJK,Population,86.905,2011
Tajikistan,TJK,Population,92.857,2012
Tajikistan,TJK,Population,86.905,2013
Tajikistan,TJK,Population,86.905,2014
Tajikistan,TJK,Population,92.857,2015
Tajikistan,TJK,Population,86.905,2016
Tajikistan,TJK,Population,94.048,2017
Tajikistan,TJK,Population,86.905,2018
Tajikistan,TJK,Population,86.905,2019
Tajikistan,TJK,Population,88.095,2020
Tajikistan,TJK,Population,86.905,2021
Tajikistan,TJK,Population,86.905,2022
Tajikistan,TJK,Population,77.381,2023
Tajikistan,TJK,SDGs,0.671,1960
Tajikistan,TJK,SDGs,0.671,1961
Tajikistan,TJK,SDGs,0.671,1962
Tajikistan,TJK,SDGs,0.671,1963
Tajikistan,TJK,SDGs,0.671,1964
Tajikistan,TJK,SDGs,0.671,1965
Tajikistan,TJK,SDGs,0.671,1966
Tajikistan,TJK,SDGs,0.671,1967
Tajikistan,TJK,SDGs,0.671,1968
Tajikistan,TJK,SDGs,0.671,1969
Tajikistan,TJK,SDGs,9.396,1970
Tajikistan,TJK,SDGs,9.396,1971
Tajikistan,TJK,SDGs,11.409,1972
Tajikistan,TJK,SDGs,11.409,1973
Tajikistan,TJK,SDGs,11.409,1974
Tajikistan,TJK,SDGs,11.409,1975
Tajikistan,TJK,SDGs,11.409,1976
Tajikistan,TJK,SDGs,11.409,1977
Tajikistan,TJK,SDGs,11.409,1978
Tajikistan,TJK,SDGs,11.409,1979
Tajikistan,TJK,SDGs,11.409,1980
Tajikistan,TJK,SDGs,11.409,1981
Tajikistan,TJK,SDGs,11.409,1982
Tajikistan,TJK,SDGs,11.409,1983
Tajikistan,TJK,SDGs,11.409,1984
Tajikistan,TJK,SDGs,12.081,1985
Tajikistan,TJK,SDGs,12.081,1986
Tajikistan,TJK,SDGs,12.081,1987
Tajikistan,TJK,SDGs,12.081,1988
Tajikistan,TJK,SDGs,12.752,1989
Tajikistan,TJK,SDGs,16.107,1990
Tajikistan,TJK,SDGs,20.805,1991
Tajikistan,TJK,SDGs,22.819,1992
Tajikistan,TJK,SDGs,22.819,1993
Tajikistan,TJK,SDGs,23.490,1994
Tajikistan,TJK,SDGs,23.490,1995
Tajikistan,TJK,SDGs,23.490,1996
Tajikistan,TJK,SDGs,24.161,1997
Tajikistan,TJK,SDGs,22.819,1998
Tajikistan,TJK,SDGs,22.819,1999
Tajikistan,TJK,SDGs,65.772,2000
Tajikistan,TJK,SDGs,35.570,2001
Tajikistan,TJK,SDGs,35.570,2002
Tajikistan,TJK,SDGs,38.926,2003
Tajikistan,TJK,SDGs,35.570,2004
Tajikistan,TJK,SDGs,35.570,2005
Tajikistan,TJK,SDGs,34.899,2006
Tajikistan,TJK,SDGs,38.255,2007
Tajikistan,TJK,SDGs,34.228,2008
Tajikistan,TJK,SDGs,36.242,2009
Tajikistan,TJK,SDGs,64.430,2010
Tajikistan,TJK,SDGs,36.242,2011
Tajikistan,TJK,SDGs,36.913,2012
Tajikistan,TJK,SDGs,34.228,2013
Tajikistan,TJK,SDGs,36.242,2014
Tajikistan,TJK,SDGs,64.430,2015
Tajikistan,TJK,SDGs,34.228,2016
Tajikistan,TJK,SDGs,39.597,2017
Tajikistan,TJK,SDGs,34.899,2018
Tajikistan,TJK,SDGs,67.785,2019
Tajikistan,TJK,SDGs,25.503,2020
Tajikistan,TJK,SDGs,24.832,2021
Tajikistan,TJK,SDGs,22.819,2022
Tajikistan,TJK,SDGs,14.094,2023
Tajikistan,TJK,Technology,0.000,1960
Tajikistan,TJK,Technology,0.000,1961
Tajikistan,TJK,Technology,0.000,1962
Tajikistan,TJK,Technology,0.000,1963
Tajikistan,TJK,Technology,0.000,1964
Tajikistan,TJK,Technology,0.000,1965
Tajikistan,TJK,Technology,0.000,1966
Tajikistan,TJK,Technology,0.000,1967
Tajikistan,TJK,Technology,0.000,1968
Tajikistan,TJK,Technology,0.000,1969
Tajikistan,TJK,Technology,0.000,1970
Tajikistan,TJK,Technology,0.000,1971
Tajikistan,TJK,Technology,0.000,1972
Tajikistan,TJK,Technology,0.000,1973
Tajikistan,TJK,Technology,0.000,1974
Tajikistan,TJK,Technology,0.000,1975
Tajikistan,TJK,Technology,0.000,1976
Tajikistan,TJK,Technology,0.000,1977
Tajikistan,TJK,Technology,0.000,1978
Tajikistan,TJK,Technology,0.000,1979
Tajikistan,TJK,Technology,0.000,1980
Tajikistan,TJK,Technology,0.000,1981
Tajikistan,TJK,Technology,0.000,1982
Tajikistan,TJK,Technology,0.000,1983
Tajikistan,TJK,Technology,0.000,1984
Tajikistan,TJK,Technology,0.000,1985
Tajikistan,TJK,Technology,0.000,1986
Tajikistan,TJK,Technology,0.000,1987
Tajikistan,TJK,Technology,0.000,1988
Tajikistan,TJK,Technology,0.000,1989
Tajikistan,TJK,Technology,2.222,1990
Tajikistan,TJK,Technology,2.222,1991
Tajikistan,TJK,Technology,2.222,1992
Tajikistan,TJK,Technology,2.222,1993
Tajikistan,TJK,Technology,2.222,1994
Tajikistan,TJK,Technology,2.222,1995
Tajikistan,TJK,Technology,0.000,1996
Tajikistan,TJK,Technology,0.000,1997
Tajikistan,TJK,Technology,0.000,1998
Tajikistan,TJK,Technology,2.222,1999
Tajikistan,TJK,Technology,2.222,2000
Tajikistan,TJK,Technology,2.222,2001
Tajikistan,TJK,Technology,2.222,2002
Tajikistan,TJK,Technology,2.222,2003
Tajikistan,TJK,Technology,2.222,2004
Tajikistan,TJK,Technology,2.222,2005
Tajikistan,TJK,Technology,2.222,2006
Tajikistan,TJK,Technology,2.222,2007
Tajikistan,TJK,Technology,2.222,2008
Tajikistan,TJK,Technology,2.222,2009
Tajikistan,TJK,Technology,2.222,2010
Tajikistan,TJK,Technology,8.889,2011
Tajikistan,TJK,Technology,2.222,2012
Tajikistan,TJK,Technology,2.222,2013
Tajikistan,TJK,Technology,35.556,2014
Tajikistan,TJK,Technology,2.222,2015
Tajikistan,TJK,Technology,2.222,2016
Tajikistan,TJK,Technology,48.889,2017
Tajikistan,TJK,Technology,0.000,2018
Tajikistan,TJK,Technology,0.000,2019
Tajikistan,TJK,Technology,2.222,2020
Tajikistan,TJK,Technology,82.222,2021
Tajikistan,TJK,Technology,2.222,2022
Tajikistan,TJK,Technology,0.000,2023
Tajikistan,TJK,Violence,0.000,1960
Tajikistan,TJK,Violence,0.000,1961
Tajikistan,TJK,Violence,0.000,1962
Tajikistan,TJK,Violence,0.000,1963
Tajikistan,TJK,Violence,0.000,1964
Tajikistan,TJK,Violence,0.000,1965
Tajikistan,TJK,Violence,0.000,1966
Tajikistan,TJK,Violence,0.000,1967
Tajikistan,TJK,Violence,0.000,1968
Tajikistan,TJK,Violence,0.000,1969
Tajikistan,TJK,Violence,2.143,1970
Tajikistan,TJK,Violence,2.143,1971
Tajikistan,TJK,Violence,2.143,1972
Tajikistan,TJK,Violence,2.143,1973
Tajikistan,TJK,Violence,2.143,1974
Tajikistan,TJK,Violence,2.143,1975
Tajikistan,TJK,Violence,2.143,1976
Tajikistan,TJK,Violence,2.143,1977
Tajikistan,TJK,Violence,2.143,1978
Tajikistan,TJK,Violence,2.143,1979
Tajikistan,TJK,Violence,2.143,1980
Tajikistan,TJK,Violence,2.143,1981
Tajikistan,TJK,Violence,2.143,1982
Tajikistan,TJK,Violence,2.143,1983
Tajikistan,TJK,Violence,2.143,1984
Tajikistan,TJK,Violence,2.143,1985
Tajikistan,TJK,Violence,2.143,1986
Tajikistan,TJK,Violence,2.143,1987
Tajikistan,TJK,Violence,2.143,1988
Tajikistan,TJK,Violence,2.143,1989
Tajikistan,TJK,Violence,2.857,1990
Tajikistan,TJK,Violence,2.857,1991
Tajikistan,TJK,Violence,2.857,1992
Tajikistan,TJK,Violence,2.857,1993
Tajikistan,TJK,Violence,2.857,1994
Tajikistan,TJK,Violence,2.857,1995
Tajikistan,TJK,Violence,2.857,1996
Tajikistan,TJK,Violence,2.857,1997
Tajikistan,TJK,Violence,2.857,1998
Tajikistan,TJK,Violence,2.857,1999
Tajikistan,TJK,Violence,5.000,2000
Tajikistan,TJK,Violence,5.000,2001
Tajikistan,TJK,Violence,5.000,2002
Tajikistan,TJK,Violence,5.000,2003
Tajikistan,TJK,Violence,5.000,2004
Tajikistan,TJK,Violence,5.000,2005
Tajikistan,TJK,Violence,6.429,2006
Tajikistan,TJK,Violence,6.429,2007
Tajikistan,TJK,Violence,6.429,2008
Tajikistan,TJK,Violence,6.429,2009
Tajikistan,TJK,Violence,6.429,2010
Tajikistan,TJK,Violence,6.429,2011
Tajikistan,TJK,Violence,52.143,2012
Tajikistan,TJK,Violence,4.286,2013
Tajikistan,TJK,Violence,4.286,2014
Tajikistan,TJK,Violence,4.286,2015
Tajikistan,TJK,Violence,4.286,2016
Tajikistan,TJK,Violence,52.857,2017
Tajikistan,TJK,Violence,7.143,2018
Tajikistan,TJK,Violence,4.286,2019
Tajikistan,TJK,Violence,4.286,2020
Tajikistan,TJK,Violence,2.143,2021
Tajikistan,TJK,Violence,2.143,2022
Tajikistan,TJK,Violence,2.143,2023
Tajikistan,TJK,Youth 15-24,4.587,1960
Tajikistan,TJK,Youth 15-24,4.587,1961
Tajikistan,TJK,Youth 15-24,4.587,1962
Tajikistan,TJK,Youth 15-24,4.587,1963
Tajikistan,TJK,Youth 15-24,4.587,1964
Tajikistan,TJK,Youth 15-24,4.587,1965
Tajikistan,TJK,Youth 15-24,4.587,1966
Tajikistan,TJK,Youth 15-24,4.587,1967
Tajikistan,TJK,Youth 15-24,4.587,1968
Tajikistan,TJK,Youth 15-24,4.587,1969
Tajikistan,TJK,Youth 15-24,4.587,1970
Tajikistan,TJK,Youth 15-24,4.587,1971
Tajikistan,TJK,Youth 15-24,4.587,1972
Tajikistan,TJK,Youth 15-24,4.587,1973
Tajikistan,TJK,Youth 15-24,4.587,1974
Tajikistan,TJK,Youth 15-24,4.587,1975
Tajikistan,TJK,Youth 15-24,4.587,1976
Tajikistan,TJK,Youth 15-24,4.587,1977
Tajikistan,TJK,Youth 15-24,4.587,1978
Tajikistan,TJK,Youth 15-24,4.587,1979
Tajikistan,TJK,Youth 15-24,4.587,1980
Tajikistan,TJK,Youth 15-24,5.505,1981
Tajikistan,TJK,Youth 15-24,4.587,1982
Tajikistan,TJK,Youth 15-24,4.587,1983
Tajikistan,TJK,Youth 15-24,4.587,1984
Tajikistan,TJK,Youth 15-24,4.587,1985
Tajikistan,TJK,Youth 15-24,5.505,1986
Tajikistan,TJK,Youth 15-24,4.587,1987
Tajikistan,TJK,Youth 15-24,5.505,1988
Tajikistan,TJK,Youth 15-24,18.349,1989
Tajikistan,TJK,Youth 15-24,12.844,1990
Tajikistan,TJK,Youth 15-24,20.183,1991
Tajikistan,TJK,Youth 15-24,20.183,1992
Tajikistan,TJK,Youth 15-24,20.183,1993
Tajikistan,TJK,Youth 15-24,20.183,1994
Tajikistan,TJK,Youth 15-24,20.183,1995
Tajikistan,TJK,Youth 15-24,18.349,1996
Tajikistan,TJK,Youth 15-24,18.349,1997
Tajikistan,TJK,Youth 15-24,19.266,1998
Tajikistan,TJK,Youth 15-24,41.284,1999
Tajikistan,TJK,Youth 15-24,56.881,2000
Tajikistan,TJK,Youth 15-24,41.284,2001
Tajikistan,TJK,Youth 15-24,41.284,2002
Tajikistan,TJK,Youth 15-24,48.624,2003
Tajikistan,TJK,Youth 15-24,44.037,2004
Tajikistan,TJK,Youth 15-24,42.202,2005
Tajikistan,TJK,Youth 15-24,41.284,2006
Tajikistan,TJK,Youth 15-24,47.706,2007
Tajikistan,TJK,Youth 15-24,43.119,2008
Tajikistan,TJK,Youth 15-24,51.376,2009
Tajikistan,TJK,Youth 15-24,46.789,2010
Tajikistan,TJK,Youth 15-24,43.119,2011
Tajikistan,TJK,Youth 15-24,43.119,2012
Tajikistan,TJK,Youth 15-24,38.532,2013
Tajikistan,TJK,Youth 15-24,28.440,2014
Tajikistan,TJK,Youth 15-24,24.771,2015
Tajikistan,TJK,Youth 15-24,44.037,2016
Tajikistan,TJK,Youth 15-24,40.367,2017
Tajikistan,TJK,Youth 15-24,18.349,2018
Tajikistan,TJK,Youth 15-24,18.349,2019
Tajikistan,TJK,Youth 15-24,25.688,2020
Tajikistan,TJK,Youth 15-24,25.688,2021
Tajikistan,TJK,Youth 15-24,25.688,2022
Tajikistan,TJK,Youth 15-24,20.183,2023
