Country Name,Country Code,Topic,% of available indicators,Year
Gibraltar,GIB,Assets,0.000,1960
Gibraltar,GIB,Assets,0.000,1961
Gibraltar,GIB,Assets,0.000,1962
Gibraltar,GIB,Assets,0.000,1963
Gibraltar,GIB,Assets,0.000,1964
Gibraltar,GIB,Assets,0.000,1965
Gibraltar,GIB,Assets,0.000,1966
Gibraltar,GIB,Assets,0.000,1967
Gibraltar,GIB,Assets,0.000,1968
Gibraltar,GIB,Assets,0.000,1969
Gibraltar,GIB,Assets,0.000,1970
Gibraltar,GIB,Assets,0.000,1971
Gibraltar,GIB,Assets,0.000,1972
Gibraltar,GIB,Assets,0.000,1973
Gibraltar,GIB,Assets,0.000,1974
Gibraltar,GIB,Assets,0.000,1975
Gibraltar,GIB,Assets,0.000,1976
Gibraltar,GIB,Assets,0.000,1977
Gibraltar,GIB,Assets,0.000,1978
Gibraltar,GIB,Assets,0.000,1979
Gibraltar,GIB,Assets,0.000,1980
Gibraltar,GIB,Assets,0.000,1981
Gibraltar,GIB,Assets,0.000,1982
Gibraltar,GIB,Assets,0.000,1983
Gibraltar,GIB,Assets,0.000,1984
Gibraltar,GIB,Assets,0.000,1985
Gibraltar,GIB,Assets,0.000,1986
Gibraltar,GIB,Assets,0.000,1987
Gibraltar,GIB,Assets,0.000,1988
Gibraltar,GIB,Assets,0.000,1989
Gibraltar,GIB,Assets,0.000,1990
Gibraltar,GIB,Assets,0.000,1991
Gibraltar,GIB,Assets,0.000,1992
Gibraltar,GIB,Assets,0.000,1993
Gibraltar,GIB,Assets,0.000,1994
Gibraltar,GIB,Assets,0.000,1995
Gibraltar,GIB,Assets,0.000,1996
Gibraltar,GIB,Assets,0.000,1997
Gibraltar,GIB,Assets,0.000,1998
Gibraltar,GIB,Assets,0.000,1999
Gibraltar,GIB,Assets,0.000,2000
Gibraltar,GIB,Assets,0.000,2001
Gibraltar,GIB,Assets,0.000,2002
Gibraltar,GIB,Assets,0.000,2003
Gibraltar,GIB,Assets,0.000,2004
Gibraltar,GIB,Assets,0.000,2005
Gibraltar,GIB,Assets,0.000,2006
Gibraltar,GIB,Assets,0.000,2007
Gibraltar,GIB,Assets,0.000,2008
Gibraltar,GIB,Assets,0.000,2009
Gibraltar,GIB,Assets,0.000,2010
Gibraltar,GIB,Assets,0.000,2011
Gibraltar,GIB,Assets,0.000,2012
Gibraltar,GIB,Assets,0.000,2013
Gibraltar,GIB,Assets,0.000,2014
Gibraltar,GIB,Assets,0.000,2015
Gibraltar,GIB,Assets,0.000,2016
Gibraltar,GIB,Assets,0.000,2017
Gibraltar,GIB,Assets,0.000,2018
Gibraltar,GIB,Assets,0.000,2019
Gibraltar,GIB,Assets,0.000,2020
Gibraltar,GIB,Assets,0.000,2021
Gibraltar,GIB,Assets,0.000,2022
Gibraltar,GIB,Assets,0.000,2023
Gibraltar,GIB,Children 0-14,10.769,1960
Gibraltar,GIB,Children 0-14,10.769,1961
Gibraltar,GIB,Children 0-14,10.769,1962
Gibraltar,GIB,Children 0-14,10.769,1963
Gibraltar,GIB,Children 0-14,10.769,1964
Gibraltar,GIB,Children 0-14,10.769,1965
Gibraltar,GIB,Children 0-14,10.769,1966
Gibraltar,GIB,Children 0-14,10.769,1967
Gibraltar,GIB,Children 0-14,10.769,1968
Gibraltar,GIB,Children 0-14,10.769,1969
Gibraltar,GIB,Children 0-14,10.769,1970
Gibraltar,GIB,Children 0-14,14.615,1971
Gibraltar,GIB,Children 0-14,16.923,1972
Gibraltar,GIB,Children 0-14,14.615,1973
Gibraltar,GIB,Children 0-14,16.923,1974
Gibraltar,GIB,Children 0-14,16.923,1975
Gibraltar,GIB,Children 0-14,16.923,1976
Gibraltar,GIB,Children 0-14,16.923,1977
Gibraltar,GIB,Children 0-14,24.615,1978
Gibraltar,GIB,Children 0-14,24.615,1979
Gibraltar,GIB,Children 0-14,14.615,1980
Gibraltar,GIB,Children 0-14,24.615,1981
Gibraltar,GIB,Children 0-14,24.615,1982
Gibraltar,GIB,Children 0-14,16.923,1983
Gibraltar,GIB,Children 0-14,16.923,1984
Gibraltar,GIB,Children 0-14,16.923,1985
Gibraltar,GIB,Children 0-14,10.769,1986
Gibraltar,GIB,Children 0-14,10.769,1987
Gibraltar,GIB,Children 0-14,10.769,1988
Gibraltar,GIB,Children 0-14,10.769,1989
Gibraltar,GIB,Children 0-14,10.769,1990
Gibraltar,GIB,Children 0-14,10.769,1991
Gibraltar,GIB,Children 0-14,10.769,1992
Gibraltar,GIB,Children 0-14,10.769,1993
Gibraltar,GIB,Children 0-14,10.769,1994
Gibraltar,GIB,Children 0-14,10.769,1995
Gibraltar,GIB,Children 0-14,10.769,1996
Gibraltar,GIB,Children 0-14,14.615,1997
Gibraltar,GIB,Children 0-14,10.769,1998
Gibraltar,GIB,Children 0-14,17.692,1999
Gibraltar,GIB,Children 0-14,17.692,2000
Gibraltar,GIB,Children 0-14,17.692,2001
Gibraltar,GIB,Children 0-14,10.769,2002
Gibraltar,GIB,Children 0-14,10.769,2003
Gibraltar,GIB,Children 0-14,10.769,2004
Gibraltar,GIB,Children 0-14,10.769,2005
Gibraltar,GIB,Children 0-14,10.769,2006
Gibraltar,GIB,Children 0-14,10.769,2007
Gibraltar,GIB,Children 0-14,14.615,2008
Gibraltar,GIB,Children 0-14,14.615,2009
Gibraltar,GIB,Children 0-14,10.769,2010
Gibraltar,GIB,Children 0-14,10.769,2011
Gibraltar,GIB,Children 0-14,10.769,2012
Gibraltar,GIB,Children 0-14,10.769,2013
Gibraltar,GIB,Children 0-14,10.769,2014
Gibraltar,GIB,Children 0-14,10.769,2015
Gibraltar,GIB,Children 0-14,26.154,2016
Gibraltar,GIB,Children 0-14,24.615,2017
Gibraltar,GIB,Children 0-14,10.769,2018
Gibraltar,GIB,Children 0-14,20.769,2019
Gibraltar,GIB,Children 0-14,20.769,2020
Gibraltar,GIB,Children 0-14,20.769,2021
Gibraltar,GIB,Children 0-14,17.692,2022
Gibraltar,GIB,Children 0-14,14.615,2023
Gibraltar,GIB,Education,0.000,1960
Gibraltar,GIB,Education,0.000,1961
Gibraltar,GIB,Education,0.000,1962
Gibraltar,GIB,Education,0.000,1963
Gibraltar,GIB,Education,0.000,1964
Gibraltar,GIB,Education,0.000,1965
Gibraltar,GIB,Education,0.000,1966
Gibraltar,GIB,Education,0.000,1967
Gibraltar,GIB,Education,0.000,1968
Gibraltar,GIB,Education,0.000,1969
Gibraltar,GIB,Education,0.000,1970
Gibraltar,GIB,Education,6.748,1971
Gibraltar,GIB,Education,12.883,1972
Gibraltar,GIB,Education,11.043,1973
Gibraltar,GIB,Education,12.883,1974
Gibraltar,GIB,Education,12.883,1975
Gibraltar,GIB,Education,12.883,1976
Gibraltar,GIB,Education,12.883,1977
Gibraltar,GIB,Education,19.018,1978
Gibraltar,GIB,Education,19.018,1979
Gibraltar,GIB,Education,11.043,1980
Gibraltar,GIB,Education,18.405,1981
Gibraltar,GIB,Education,19.018,1982
Gibraltar,GIB,Education,12.270,1983
Gibraltar,GIB,Education,12.883,1984
Gibraltar,GIB,Education,12.883,1985
Gibraltar,GIB,Education,0.000,1986
Gibraltar,GIB,Education,0.000,1987
Gibraltar,GIB,Education,0.000,1988
Gibraltar,GIB,Education,0.000,1989
Gibraltar,GIB,Education,0.000,1990
Gibraltar,GIB,Education,0.000,1991
Gibraltar,GIB,Education,0.000,1992
Gibraltar,GIB,Education,0.000,1993
Gibraltar,GIB,Education,0.000,1994
Gibraltar,GIB,Education,0.000,1995
Gibraltar,GIB,Education,0.000,1996
Gibraltar,GIB,Education,3.681,1997
Gibraltar,GIB,Education,0.000,1998
Gibraltar,GIB,Education,17.791,1999
Gibraltar,GIB,Education,17.791,2000
Gibraltar,GIB,Education,17.178,2001
Gibraltar,GIB,Education,0.000,2002
Gibraltar,GIB,Education,0.000,2003
Gibraltar,GIB,Education,0.613,2004
Gibraltar,GIB,Education,0.613,2005
Gibraltar,GIB,Education,0.000,2006
Gibraltar,GIB,Education,0.000,2007
Gibraltar,GIB,Education,14.724,2008
Gibraltar,GIB,Education,14.724,2009
Gibraltar,GIB,Education,0.613,2010
Gibraltar,GIB,Education,0.000,2011
Gibraltar,GIB,Education,0.000,2012
Gibraltar,GIB,Education,0.000,2013
Gibraltar,GIB,Education,0.000,2014
Gibraltar,GIB,Education,0.000,2015
Gibraltar,GIB,Education,20.245,2016
Gibraltar,GIB,Education,19.018,2017
Gibraltar,GIB,Education,0.000,2018
Gibraltar,GIB,Education,13.497,2019
Gibraltar,GIB,Education,12.270,2020
Gibraltar,GIB,Education,12.270,2021
Gibraltar,GIB,Education,7.975,2022
Gibraltar,GIB,Education,8.589,2023
Gibraltar,GIB,Employment and Time Use,0.000,1960
Gibraltar,GIB,Employment and Time Use,2.920,1961
Gibraltar,GIB,Employment and Time Use,0.000,1962
Gibraltar,GIB,Employment and Time Use,0.000,1963
Gibraltar,GIB,Employment and Time Use,0.000,1964
Gibraltar,GIB,Employment and Time Use,0.000,1965
Gibraltar,GIB,Employment and Time Use,0.000,1966
Gibraltar,GIB,Employment and Time Use,0.000,1967
Gibraltar,GIB,Employment and Time Use,0.000,1968
Gibraltar,GIB,Employment and Time Use,0.000,1969
Gibraltar,GIB,Employment and Time Use,5.109,1970
Gibraltar,GIB,Employment and Time Use,0.000,1971
Gibraltar,GIB,Employment and Time Use,0.000,1972
Gibraltar,GIB,Employment and Time Use,0.000,1973
Gibraltar,GIB,Employment and Time Use,0.000,1974
Gibraltar,GIB,Employment and Time Use,0.000,1975
Gibraltar,GIB,Employment and Time Use,0.000,1976
Gibraltar,GIB,Employment and Time Use,0.000,1977
Gibraltar,GIB,Employment and Time Use,0.000,1978
Gibraltar,GIB,Employment and Time Use,0.000,1979
Gibraltar,GIB,Employment and Time Use,0.000,1980
Gibraltar,GIB,Employment and Time Use,5.109,1981
Gibraltar,GIB,Employment and Time Use,0.000,1982
Gibraltar,GIB,Employment and Time Use,2.920,1983
Gibraltar,GIB,Employment and Time Use,0.000,1984
Gibraltar,GIB,Employment and Time Use,2.920,1985
Gibraltar,GIB,Employment and Time Use,0.000,1986
Gibraltar,GIB,Employment and Time Use,2.920,1987
Gibraltar,GIB,Employment and Time Use,0.000,1988
Gibraltar,GIB,Employment and Time Use,2.920,1989
Gibraltar,GIB,Employment and Time Use,2.920,1990
Gibraltar,GIB,Employment and Time Use,5.109,1991
Gibraltar,GIB,Employment and Time Use,2.920,1992
Gibraltar,GIB,Employment and Time Use,2.920,1993
Gibraltar,GIB,Employment and Time Use,2.920,1994
Gibraltar,GIB,Employment and Time Use,0.000,1995
Gibraltar,GIB,Employment and Time Use,0.000,1996
Gibraltar,GIB,Employment and Time Use,0.000,1997
Gibraltar,GIB,Employment and Time Use,0.000,1998
Gibraltar,GIB,Employment and Time Use,0.000,1999
Gibraltar,GIB,Employment and Time Use,0.000,2000
Gibraltar,GIB,Employment and Time Use,2.920,2001
Gibraltar,GIB,Employment and Time Use,0.000,2002
Gibraltar,GIB,Employment and Time Use,0.000,2003
Gibraltar,GIB,Employment and Time Use,0.000,2004
Gibraltar,GIB,Employment and Time Use,0.000,2005
Gibraltar,GIB,Employment and Time Use,0.000,2006
Gibraltar,GIB,Employment and Time Use,0.000,2007
Gibraltar,GIB,Employment and Time Use,0.000,2008
Gibraltar,GIB,Employment and Time Use,0.000,2009
Gibraltar,GIB,Employment and Time Use,0.000,2010
Gibraltar,GIB,Employment and Time Use,0.000,2011
Gibraltar,GIB,Employment and Time Use,0.000,2012
Gibraltar,GIB,Employment and Time Use,0.000,2013
Gibraltar,GIB,Employment and Time Use,0.000,2014
Gibraltar,GIB,Employment and Time Use,0.000,2015
Gibraltar,GIB,Employment and Time Use,0.000,2016
Gibraltar,GIB,Employment and Time Use,0.000,2017
Gibraltar,GIB,Employment and Time Use,0.000,2018
Gibraltar,GIB,Employment and Time Use,0.000,2019
Gibraltar,GIB,Employment and Time Use,0.000,2020
Gibraltar,GIB,Employment and Time Use,0.000,2021
Gibraltar,GIB,Employment and Time Use,0.000,2022
Gibraltar,GIB,Employment and Time Use,0.000,2023
Gibraltar,GIB,Entrepreneurship,0.000,1960
Gibraltar,GIB,Entrepreneurship,0.000,1961
Gibraltar,GIB,Entrepreneurship,0.000,1962
Gibraltar,GIB,Entrepreneurship,0.000,1963
Gibraltar,GIB,Entrepreneurship,0.000,1964
Gibraltar,GIB,Entrepreneurship,0.000,1965
Gibraltar,GIB,Entrepreneurship,0.000,1966
Gibraltar,GIB,Entrepreneurship,0.000,1967
Gibraltar,GIB,Entrepreneurship,0.000,1968
Gibraltar,GIB,Entrepreneurship,0.000,1969
Gibraltar,GIB,Entrepreneurship,0.000,1970
Gibraltar,GIB,Entrepreneurship,0.000,1971
Gibraltar,GIB,Entrepreneurship,0.000,1972
Gibraltar,GIB,Entrepreneurship,0.000,1973
Gibraltar,GIB,Entrepreneurship,0.000,1974
Gibraltar,GIB,Entrepreneurship,0.000,1975
Gibraltar,GIB,Entrepreneurship,0.000,1976
Gibraltar,GIB,Entrepreneurship,0.000,1977
Gibraltar,GIB,Entrepreneurship,0.000,1978
Gibraltar,GIB,Entrepreneurship,0.000,1979
Gibraltar,GIB,Entrepreneurship,0.000,1980
Gibraltar,GIB,Entrepreneurship,0.000,1981
Gibraltar,GIB,Entrepreneurship,0.000,1982
Gibraltar,GIB,Entrepreneurship,0.000,1983
Gibraltar,GIB,Entrepreneurship,0.000,1984
Gibraltar,GIB,Entrepreneurship,0.000,1985
Gibraltar,GIB,Entrepreneurship,0.000,1986
Gibraltar,GIB,Entrepreneurship,0.000,1987
Gibraltar,GIB,Entrepreneurship,0.000,1988
Gibraltar,GIB,Entrepreneurship,0.000,1989
Gibraltar,GIB,Entrepreneurship,0.000,1990
Gibraltar,GIB,Entrepreneurship,0.000,1991
Gibraltar,GIB,Entrepreneurship,0.000,1992
Gibraltar,GIB,Entrepreneurship,0.000,1993
Gibraltar,GIB,Entrepreneurship,0.000,1994
Gibraltar,GIB,Entrepreneurship,0.000,1995
Gibraltar,GIB,Entrepreneurship,0.000,1996
Gibraltar,GIB,Entrepreneurship,0.000,1997
Gibraltar,GIB,Entrepreneurship,0.000,1998
Gibraltar,GIB,Entrepreneurship,0.000,1999
Gibraltar,GIB,Entrepreneurship,0.000,2000
Gibraltar,GIB,Entrepreneurship,0.000,2001
Gibraltar,GIB,Entrepreneurship,0.000,2002
Gibraltar,GIB,Entrepreneurship,0.000,2003
Gibraltar,GIB,Entrepreneurship,0.000,2004
Gibraltar,GIB,Entrepreneurship,0.000,2005
Gibraltar,GIB,Entrepreneurship,0.000,2006
Gibraltar,GIB,Entrepreneurship,0.000,2007
Gibraltar,GIB,Entrepreneurship,0.000,2008
Gibraltar,GIB,Entrepreneurship,0.000,2009
Gibraltar,GIB,Entrepreneurship,0.000,2010
Gibraltar,GIB,Entrepreneurship,0.000,2011
Gibraltar,GIB,Entrepreneurship,0.000,2012
Gibraltar,GIB,Entrepreneurship,0.000,2013
Gibraltar,GIB,Entrepreneurship,0.000,2014
Gibraltar,GIB,Entrepreneurship,0.000,2015
Gibraltar,GIB,Entrepreneurship,0.000,2016
Gibraltar,GIB,Entrepreneurship,0.000,2017
Gibraltar,GIB,Entrepreneurship,0.000,2018
Gibraltar,GIB,Entrepreneurship,0.000,2019
Gibraltar,GIB,Entrepreneurship,0.000,2020
Gibraltar,GIB,Entrepreneurship,0.000,2021
Gibraltar,GIB,Entrepreneurship,0.000,2022
Gibraltar,GIB,Entrepreneurship,0.000,2023
Gibraltar,GIB,Environment,0.000,1960
Gibraltar,GIB,Environment,0.000,1961
Gibraltar,GIB,Environment,0.000,1962
Gibraltar,GIB,Environment,0.000,1963
Gibraltar,GIB,Environment,0.000,1964
Gibraltar,GIB,Environment,0.000,1965
Gibraltar,GIB,Environment,0.000,1966
Gibraltar,GIB,Environment,0.000,1967
Gibraltar,GIB,Environment,0.000,1968
Gibraltar,GIB,Environment,0.000,1969
Gibraltar,GIB,Environment,0.000,1970
Gibraltar,GIB,Environment,0.000,1971
Gibraltar,GIB,Environment,0.000,1972
Gibraltar,GIB,Environment,0.000,1973
Gibraltar,GIB,Environment,0.000,1974
Gibraltar,GIB,Environment,0.000,1975
Gibraltar,GIB,Environment,0.000,1976
Gibraltar,GIB,Environment,0.000,1977
Gibraltar,GIB,Environment,0.000,1978
Gibraltar,GIB,Environment,0.000,1979
Gibraltar,GIB,Environment,0.000,1980
Gibraltar,GIB,Environment,0.000,1981
Gibraltar,GIB,Environment,0.000,1982
Gibraltar,GIB,Environment,0.000,1983
Gibraltar,GIB,Environment,0.000,1984
Gibraltar,GIB,Environment,0.000,1985
Gibraltar,GIB,Environment,0.000,1986
Gibraltar,GIB,Environment,0.000,1987
Gibraltar,GIB,Environment,0.000,1988
Gibraltar,GIB,Environment,0.000,1989
Gibraltar,GIB,Environment,0.000,1990
Gibraltar,GIB,Environment,0.000,1991
Gibraltar,GIB,Environment,0.000,1992
Gibraltar,GIB,Environment,0.000,1993
Gibraltar,GIB,Environment,0.000,1994
Gibraltar,GIB,Environment,0.000,1995
Gibraltar,GIB,Environment,0.000,1996
Gibraltar,GIB,Environment,0.000,1997
Gibraltar,GIB,Environment,0.000,1998
Gibraltar,GIB,Environment,0.000,1999
Gibraltar,GIB,Environment,6.667,2000
Gibraltar,GIB,Environment,6.667,2001
Gibraltar,GIB,Environment,6.667,2002
Gibraltar,GIB,Environment,6.667,2003
Gibraltar,GIB,Environment,6.667,2004
Gibraltar,GIB,Environment,6.667,2005
Gibraltar,GIB,Environment,6.667,2006
Gibraltar,GIB,Environment,6.667,2007
Gibraltar,GIB,Environment,6.667,2008
Gibraltar,GIB,Environment,6.667,2009
Gibraltar,GIB,Environment,6.667,2010
Gibraltar,GIB,Environment,6.667,2011
Gibraltar,GIB,Environment,6.667,2012
Gibraltar,GIB,Environment,6.667,2013
Gibraltar,GIB,Environment,6.667,2014
Gibraltar,GIB,Environment,6.667,2015
Gibraltar,GIB,Environment,6.667,2016
Gibraltar,GIB,Environment,6.667,2017
Gibraltar,GIB,Environment,6.667,2018
Gibraltar,GIB,Environment,6.667,2019
Gibraltar,GIB,Environment,6.667,2020
Gibraltar,GIB,Environment,6.667,2021
Gibraltar,GIB,Environment,6.667,2022
Gibraltar,GIB,Environment,0.000,2023
Gibraltar,GIB,Health,3.030,1960
Gibraltar,GIB,Health,3.030,1961
Gibraltar,GIB,Health,3.030,1962
Gibraltar,GIB,Health,3.030,1963
Gibraltar,GIB,Health,3.030,1964
Gibraltar,GIB,Health,3.030,1965
Gibraltar,GIB,Health,3.030,1966
Gibraltar,GIB,Health,3.030,1967
Gibraltar,GIB,Health,3.030,1968
Gibraltar,GIB,Health,3.030,1969
Gibraltar,GIB,Health,3.030,1970
Gibraltar,GIB,Health,3.030,1971
Gibraltar,GIB,Health,3.030,1972
Gibraltar,GIB,Health,3.030,1973
Gibraltar,GIB,Health,3.030,1974
Gibraltar,GIB,Health,3.030,1975
Gibraltar,GIB,Health,3.030,1976
Gibraltar,GIB,Health,3.030,1977
Gibraltar,GIB,Health,3.030,1978
Gibraltar,GIB,Health,3.030,1979
Gibraltar,GIB,Health,3.030,1980
Gibraltar,GIB,Health,3.030,1981
Gibraltar,GIB,Health,3.030,1982
Gibraltar,GIB,Health,3.030,1983
Gibraltar,GIB,Health,3.030,1984
Gibraltar,GIB,Health,3.030,1985
Gibraltar,GIB,Health,3.030,1986
Gibraltar,GIB,Health,3.030,1987
Gibraltar,GIB,Health,3.030,1988
Gibraltar,GIB,Health,3.030,1989
Gibraltar,GIB,Health,3.030,1990
Gibraltar,GIB,Health,3.030,1991
Gibraltar,GIB,Health,3.030,1992
Gibraltar,GIB,Health,3.030,1993
Gibraltar,GIB,Health,3.030,1994
Gibraltar,GIB,Health,3.030,1995
Gibraltar,GIB,Health,3.030,1996
Gibraltar,GIB,Health,3.030,1997
Gibraltar,GIB,Health,3.030,1998
Gibraltar,GIB,Health,3.030,1999
Gibraltar,GIB,Health,4.040,2000
Gibraltar,GIB,Health,4.040,2001
Gibraltar,GIB,Health,4.040,2002
Gibraltar,GIB,Health,4.040,2003
Gibraltar,GIB,Health,4.040,2004
Gibraltar,GIB,Health,4.040,2005
Gibraltar,GIB,Health,4.040,2006
Gibraltar,GIB,Health,4.040,2007
Gibraltar,GIB,Health,4.040,2008
Gibraltar,GIB,Health,4.040,2009
Gibraltar,GIB,Health,4.040,2010
Gibraltar,GIB,Health,4.040,2011
Gibraltar,GIB,Health,4.040,2012
Gibraltar,GIB,Health,4.040,2013
Gibraltar,GIB,Health,4.040,2014
Gibraltar,GIB,Health,4.040,2015
Gibraltar,GIB,Health,4.040,2016
Gibraltar,GIB,Health,4.040,2017
Gibraltar,GIB,Health,4.040,2018
Gibraltar,GIB,Health,4.040,2019
Gibraltar,GIB,Health,4.040,2020
Gibraltar,GIB,Health,4.040,2021
Gibraltar,GIB,Health,4.040,2022
Gibraltar,GIB,Health,0.000,2023
Gibraltar,GIB,Leadership,0.000,1960
Gibraltar,GIB,Leadership,0.000,1961
Gibraltar,GIB,Leadership,0.000,1962
Gibraltar,GIB,Leadership,0.000,1963
Gibraltar,GIB,Leadership,0.000,1964
Gibraltar,GIB,Leadership,0.000,1965
Gibraltar,GIB,Leadership,0.000,1966
Gibraltar,GIB,Leadership,0.000,1967
Gibraltar,GIB,Leadership,0.000,1968
Gibraltar,GIB,Leadership,0.000,1969
Gibraltar,GIB,Leadership,0.000,1970
Gibraltar,GIB,Leadership,0.000,1971
Gibraltar,GIB,Leadership,0.000,1972
Gibraltar,GIB,Leadership,0.000,1973
Gibraltar,GIB,Leadership,0.000,1974
Gibraltar,GIB,Leadership,0.000,1975
Gibraltar,GIB,Leadership,0.000,1976
Gibraltar,GIB,Leadership,0.000,1977
Gibraltar,GIB,Leadership,0.000,1978
Gibraltar,GIB,Leadership,0.000,1979
Gibraltar,GIB,Leadership,0.000,1980
Gibraltar,GIB,Leadership,0.000,1981
Gibraltar,GIB,Leadership,0.000,1982
Gibraltar,GIB,Leadership,0.000,1983
Gibraltar,GIB,Leadership,0.000,1984
Gibraltar,GIB,Leadership,0.000,1985
Gibraltar,GIB,Leadership,0.000,1986
Gibraltar,GIB,Leadership,0.000,1987
Gibraltar,GIB,Leadership,0.000,1988
Gibraltar,GIB,Leadership,0.000,1989
Gibraltar,GIB,Leadership,0.000,1990
Gibraltar,GIB,Leadership,0.000,1991
Gibraltar,GIB,Leadership,0.000,1992
Gibraltar,GIB,Leadership,0.000,1993
Gibraltar,GIB,Leadership,0.000,1994
Gibraltar,GIB,Leadership,0.000,1995
Gibraltar,GIB,Leadership,0.000,1996
Gibraltar,GIB,Leadership,0.000,1997
Gibraltar,GIB,Leadership,0.000,1998
Gibraltar,GIB,Leadership,0.000,1999
Gibraltar,GIB,Leadership,0.000,2000
Gibraltar,GIB,Leadership,0.000,2001
Gibraltar,GIB,Leadership,0.000,2002
Gibraltar,GIB,Leadership,0.000,2003
Gibraltar,GIB,Leadership,0.000,2004
Gibraltar,GIB,Leadership,0.000,2005
Gibraltar,GIB,Leadership,0.000,2006
Gibraltar,GIB,Leadership,0.000,2007
Gibraltar,GIB,Leadership,0.000,2008
Gibraltar,GIB,Leadership,0.000,2009
Gibraltar,GIB,Leadership,0.000,2010
Gibraltar,GIB,Leadership,0.000,2011
Gibraltar,GIB,Leadership,0.000,2012
Gibraltar,GIB,Leadership,0.000,2013
Gibraltar,GIB,Leadership,0.000,2014
Gibraltar,GIB,Leadership,0.000,2015
Gibraltar,GIB,Leadership,0.000,2016
Gibraltar,GIB,Leadership,0.000,2017
Gibraltar,GIB,Leadership,0.000,2018
Gibraltar,GIB,Leadership,0.000,2019
Gibraltar,GIB,Leadership,0.000,2020
Gibraltar,GIB,Leadership,0.000,2021
Gibraltar,GIB,Leadership,0.000,2022
Gibraltar,GIB,Leadership,0.000,2023
Gibraltar,GIB,Norms and Decision-making,0.000,1960
Gibraltar,GIB,Norms and Decision-making,0.000,1961
Gibraltar,GIB,Norms and Decision-making,0.000,1962
Gibraltar,GIB,Norms and Decision-making,0.000,1963
Gibraltar,GIB,Norms and Decision-making,0.000,1964
Gibraltar,GIB,Norms and Decision-making,0.000,1965
Gibraltar,GIB,Norms and Decision-making,0.000,1966
Gibraltar,GIB,Norms and Decision-making,0.000,1967
Gibraltar,GIB,Norms and Decision-making,0.000,1968
Gibraltar,GIB,Norms and Decision-making,0.000,1969
Gibraltar,GIB,Norms and Decision-making,1.481,1970
Gibraltar,GIB,Norms and Decision-making,0.000,1971
Gibraltar,GIB,Norms and Decision-making,0.000,1972
Gibraltar,GIB,Norms and Decision-making,0.000,1973
Gibraltar,GIB,Norms and Decision-making,0.000,1974
Gibraltar,GIB,Norms and Decision-making,0.000,1975
Gibraltar,GIB,Norms and Decision-making,0.000,1976
Gibraltar,GIB,Norms and Decision-making,0.000,1977
Gibraltar,GIB,Norms and Decision-making,0.000,1978
Gibraltar,GIB,Norms and Decision-making,0.000,1979
Gibraltar,GIB,Norms and Decision-making,0.000,1980
Gibraltar,GIB,Norms and Decision-making,1.481,1981
Gibraltar,GIB,Norms and Decision-making,0.000,1982
Gibraltar,GIB,Norms and Decision-making,0.000,1983
Gibraltar,GIB,Norms and Decision-making,0.000,1984
Gibraltar,GIB,Norms and Decision-making,0.000,1985
Gibraltar,GIB,Norms and Decision-making,0.000,1986
Gibraltar,GIB,Norms and Decision-making,0.000,1987
Gibraltar,GIB,Norms and Decision-making,0.000,1988
Gibraltar,GIB,Norms and Decision-making,0.000,1989
Gibraltar,GIB,Norms and Decision-making,0.000,1990
Gibraltar,GIB,Norms and Decision-making,1.481,1991
Gibraltar,GIB,Norms and Decision-making,0.000,1992
Gibraltar,GIB,Norms and Decision-making,0.000,1993
Gibraltar,GIB,Norms and Decision-making,0.000,1994
Gibraltar,GIB,Norms and Decision-making,0.000,1995
Gibraltar,GIB,Norms and Decision-making,0.000,1996
Gibraltar,GIB,Norms and Decision-making,0.000,1997
Gibraltar,GIB,Norms and Decision-making,0.000,1998
Gibraltar,GIB,Norms and Decision-making,0.000,1999
Gibraltar,GIB,Norms and Decision-making,0.000,2000
Gibraltar,GIB,Norms and Decision-making,1.481,2001
Gibraltar,GIB,Norms and Decision-making,0.000,2002
Gibraltar,GIB,Norms and Decision-making,0.000,2003
Gibraltar,GIB,Norms and Decision-making,0.000,2004
Gibraltar,GIB,Norms and Decision-making,0.000,2005
Gibraltar,GIB,Norms and Decision-making,0.000,2006
Gibraltar,GIB,Norms and Decision-making,0.000,2007
Gibraltar,GIB,Norms and Decision-making,0.000,2008
Gibraltar,GIB,Norms and Decision-making,0.000,2009
Gibraltar,GIB,Norms and Decision-making,0.000,2010
Gibraltar,GIB,Norms and Decision-making,0.000,2011
Gibraltar,GIB,Norms and Decision-making,1.481,2012
Gibraltar,GIB,Norms and Decision-making,0.000,2013
Gibraltar,GIB,Norms and Decision-making,0.000,2014
Gibraltar,GIB,Norms and Decision-making,0.000,2015
Gibraltar,GIB,Norms and Decision-making,0.000,2016
Gibraltar,GIB,Norms and Decision-making,0.000,2017
Gibraltar,GIB,Norms and Decision-making,0.000,2018
Gibraltar,GIB,Norms and Decision-making,0.000,2019
Gibraltar,GIB,Norms and Decision-making,0.000,2020
Gibraltar,GIB,Norms and Decision-making,0.000,2021
Gibraltar,GIB,Norms and Decision-making,0.000,2022
Gibraltar,GIB,Norms and Decision-making,0.000,2023
Gibraltar,GIB,Population,86.905,1960
Gibraltar,GIB,Population,86.905,1961
Gibraltar,GIB,Population,86.905,1962
Gibraltar,GIB,Population,86.905,1963
Gibraltar,GIB,Population,86.905,1964
Gibraltar,GIB,Population,86.905,1965
Gibraltar,GIB,Population,86.905,1966
Gibraltar,GIB,Population,86.905,1967
Gibraltar,GIB,Population,86.905,1968
Gibraltar,GIB,Population,86.905,1969
Gibraltar,GIB,Population,89.286,1970
Gibraltar,GIB,Population,86.905,1971
Gibraltar,GIB,Population,86.905,1972
Gibraltar,GIB,Population,86.905,1973
Gibraltar,GIB,Population,86.905,1974
Gibraltar,GIB,Population,86.905,1975
Gibraltar,GIB,Population,86.905,1976
Gibraltar,GIB,Population,86.905,1977
Gibraltar,GIB,Population,86.905,1978
Gibraltar,GIB,Population,86.905,1979
Gibraltar,GIB,Population,86.905,1980
Gibraltar,GIB,Population,89.286,1981
Gibraltar,GIB,Population,86.905,1982
Gibraltar,GIB,Population,86.905,1983
Gibraltar,GIB,Population,86.905,1984
Gibraltar,GIB,Population,86.905,1985
Gibraltar,GIB,Population,86.905,1986
Gibraltar,GIB,Population,86.905,1987
Gibraltar,GIB,Population,86.905,1988
Gibraltar,GIB,Population,86.905,1989
Gibraltar,GIB,Population,88.095,1990
Gibraltar,GIB,Population,89.286,1991
Gibraltar,GIB,Population,86.905,1992
Gibraltar,GIB,Population,86.905,1993
Gibraltar,GIB,Population,86.905,1994
Gibraltar,GIB,Population,88.095,1995
Gibraltar,GIB,Population,86.905,1996
Gibraltar,GIB,Population,86.905,1997
Gibraltar,GIB,Population,86.905,1998
Gibraltar,GIB,Population,86.905,1999
Gibraltar,GIB,Population,88.095,2000
Gibraltar,GIB,Population,89.286,2001
Gibraltar,GIB,Population,86.905,2002
Gibraltar,GIB,Population,86.905,2003
Gibraltar,GIB,Population,86.905,2004
Gibraltar,GIB,Population,88.095,2005
Gibraltar,GIB,Population,86.905,2006
Gibraltar,GIB,Population,86.905,2007
Gibraltar,GIB,Population,86.905,2008
Gibraltar,GIB,Population,86.905,2009
Gibraltar,GIB,Population,88.095,2010
Gibraltar,GIB,Population,86.905,2011
Gibraltar,GIB,Population,89.286,2012
Gibraltar,GIB,Population,86.905,2013
Gibraltar,GIB,Population,86.905,2014
Gibraltar,GIB,Population,88.095,2015
Gibraltar,GIB,Population,86.905,2016
Gibraltar,GIB,Population,86.905,2017
Gibraltar,GIB,Population,86.905,2018
Gibraltar,GIB,Population,86.905,2019
Gibraltar,GIB,Population,88.095,2020
Gibraltar,GIB,Population,86.905,2021
Gibraltar,GIB,Population,86.905,2022
Gibraltar,GIB,Population,77.381,2023
Gibraltar,GIB,SDGs,0.671,1960
Gibraltar,GIB,SDGs,0.671,1961
Gibraltar,GIB,SDGs,0.671,1962
Gibraltar,GIB,SDGs,0.671,1963
Gibraltar,GIB,SDGs,0.671,1964
Gibraltar,GIB,SDGs,0.671,1965
Gibraltar,GIB,SDGs,0.671,1966
Gibraltar,GIB,SDGs,0.671,1967
Gibraltar,GIB,SDGs,0.671,1968
Gibraltar,GIB,SDGs,0.671,1969
Gibraltar,GIB,SDGs,0.671,1970
Gibraltar,GIB,SDGs,0.671,1971
Gibraltar,GIB,SDGs,0.671,1972
Gibraltar,GIB,SDGs,0.671,1973
Gibraltar,GIB,SDGs,0.671,1974
Gibraltar,GIB,SDGs,0.671,1975
Gibraltar,GIB,SDGs,0.671,1976
Gibraltar,GIB,SDGs,0.671,1977
Gibraltar,GIB,SDGs,0.671,1978
Gibraltar,GIB,SDGs,0.671,1979
Gibraltar,GIB,SDGs,0.671,1980
Gibraltar,GIB,SDGs,0.671,1981
Gibraltar,GIB,SDGs,0.671,1982
Gibraltar,GIB,SDGs,0.671,1983
Gibraltar,GIB,SDGs,0.671,1984
Gibraltar,GIB,SDGs,0.671,1985
Gibraltar,GIB,SDGs,0.671,1986
Gibraltar,GIB,SDGs,0.671,1987
Gibraltar,GIB,SDGs,0.671,1988
Gibraltar,GIB,SDGs,0.671,1989
Gibraltar,GIB,SDGs,0.671,1990
Gibraltar,GIB,SDGs,2.685,1991
Gibraltar,GIB,SDGs,0.671,1992
Gibraltar,GIB,SDGs,0.671,1993
Gibraltar,GIB,SDGs,0.671,1994
Gibraltar,GIB,SDGs,0.671,1995
Gibraltar,GIB,SDGs,0.671,1996
Gibraltar,GIB,SDGs,0.671,1997
Gibraltar,GIB,SDGs,0.671,1998
Gibraltar,GIB,SDGs,0.671,1999
Gibraltar,GIB,SDGs,2.013,2000
Gibraltar,GIB,SDGs,2.013,2001
Gibraltar,GIB,SDGs,2.013,2002
Gibraltar,GIB,SDGs,2.013,2003
Gibraltar,GIB,SDGs,2.013,2004
Gibraltar,GIB,SDGs,2.013,2005
Gibraltar,GIB,SDGs,2.013,2006
Gibraltar,GIB,SDGs,2.013,2007
Gibraltar,GIB,SDGs,2.013,2008
Gibraltar,GIB,SDGs,2.013,2009
Gibraltar,GIB,SDGs,2.013,2010
Gibraltar,GIB,SDGs,2.013,2011
Gibraltar,GIB,SDGs,2.013,2012
Gibraltar,GIB,SDGs,2.013,2013
Gibraltar,GIB,SDGs,2.013,2014
Gibraltar,GIB,SDGs,2.013,2015
Gibraltar,GIB,SDGs,2.013,2016
Gibraltar,GIB,SDGs,2.013,2017
Gibraltar,GIB,SDGs,2.013,2018
Gibraltar,GIB,SDGs,2.013,2019
Gibraltar,GIB,SDGs,2.013,2020
Gibraltar,GIB,SDGs,2.013,2021
Gibraltar,GIB,SDGs,2.013,2022
Gibraltar,GIB,SDGs,0.000,2023
Gibraltar,GIB,Technology,0.000,1960
Gibraltar,GIB,Technology,0.000,1961
Gibraltar,GIB,Technology,0.000,1962
Gibraltar,GIB,Technology,0.000,1963
Gibraltar,GIB,Technology,0.000,1964
Gibraltar,GIB,Technology,0.000,1965
Gibraltar,GIB,Technology,0.000,1966
Gibraltar,GIB,Technology,0.000,1967
Gibraltar,GIB,Technology,0.000,1968
Gibraltar,GIB,Technology,0.000,1969
Gibraltar,GIB,Technology,0.000,1970
Gibraltar,GIB,Technology,0.000,1971
Gibraltar,GIB,Technology,0.000,1972
Gibraltar,GIB,Technology,0.000,1973
Gibraltar,GIB,Technology,0.000,1974
Gibraltar,GIB,Technology,0.000,1975
Gibraltar,GIB,Technology,0.000,1976
Gibraltar,GIB,Technology,0.000,1977
Gibraltar,GIB,Technology,0.000,1978
Gibraltar,GIB,Technology,0.000,1979
Gibraltar,GIB,Technology,0.000,1980
Gibraltar,GIB,Technology,0.000,1981
Gibraltar,GIB,Technology,0.000,1982
Gibraltar,GIB,Technology,0.000,1983
Gibraltar,GIB,Technology,0.000,1984
Gibraltar,GIB,Technology,0.000,1985
Gibraltar,GIB,Technology,0.000,1986
Gibraltar,GIB,Technology,0.000,1987
Gibraltar,GIB,Technology,0.000,1988
Gibraltar,GIB,Technology,0.000,1989
Gibraltar,GIB,Technology,2.222,1990
Gibraltar,GIB,Technology,2.222,1991
Gibraltar,GIB,Technology,2.222,1992
Gibraltar,GIB,Technology,2.222,1993
Gibraltar,GIB,Technology,2.222,1994
Gibraltar,GIB,Technology,2.222,1995
Gibraltar,GIB,Technology,0.000,1996
Gibraltar,GIB,Technology,2.222,1997
Gibraltar,GIB,Technology,2.222,1998
Gibraltar,GIB,Technology,4.444,1999
Gibraltar,GIB,Technology,4.444,2000
Gibraltar,GIB,Technology,2.222,2001
Gibraltar,GIB,Technology,2.222,2002
Gibraltar,GIB,Technology,2.222,2003
Gibraltar,GIB,Technology,4.444,2004
Gibraltar,GIB,Technology,4.444,2005
Gibraltar,GIB,Technology,2.222,2006
Gibraltar,GIB,Technology,2.222,2007
Gibraltar,GIB,Technology,2.222,2008
Gibraltar,GIB,Technology,2.222,2009
Gibraltar,GIB,Technology,4.444,2010
Gibraltar,GIB,Technology,2.222,2011
Gibraltar,GIB,Technology,2.222,2012
Gibraltar,GIB,Technology,0.000,2013
Gibraltar,GIB,Technology,0.000,2014
Gibraltar,GIB,Technology,0.000,2015
Gibraltar,GIB,Technology,2.222,2016
Gibraltar,GIB,Technology,0.000,2017
Gibraltar,GIB,Technology,0.000,2018
Gibraltar,GIB,Technology,0.000,2019
Gibraltar,GIB,Technology,0.000,2020
Gibraltar,GIB,Technology,0.000,2021
Gibraltar,GIB,Technology,0.000,2022
Gibraltar,GIB,Technology,0.000,2023
Gibraltar,GIB,Violence,0.000,1960
Gibraltar,GIB,Violence,0.000,1961
Gibraltar,GIB,Violence,0.000,1962
Gibraltar,GIB,Violence,0.000,1963
Gibraltar,GIB,Violence,0.000,1964
Gibraltar,GIB,Violence,0.000,1965
Gibraltar,GIB,Violence,0.000,1966
Gibraltar,GIB,Violence,0.000,1967
Gibraltar,GIB,Violence,0.000,1968
Gibraltar,GIB,Violence,0.000,1969
Gibraltar,GIB,Violence,0.000,1970
Gibraltar,GIB,Violence,0.000,1971
Gibraltar,GIB,Violence,0.000,1972
Gibraltar,GIB,Violence,0.000,1973
Gibraltar,GIB,Violence,0.000,1974
Gibraltar,GIB,Violence,0.000,1975
Gibraltar,GIB,Violence,0.000,1976
Gibraltar,GIB,Violence,0.000,1977
Gibraltar,GIB,Violence,0.000,1978
Gibraltar,GIB,Violence,0.000,1979
Gibraltar,GIB,Violence,0.000,1980
Gibraltar,GIB,Violence,0.000,1981
Gibraltar,GIB,Violence,0.000,1982
Gibraltar,GIB,Violence,0.000,1983
Gibraltar,GIB,Violence,0.000,1984
Gibraltar,GIB,Violence,0.000,1985
Gibraltar,GIB,Violence,0.000,1986
Gibraltar,GIB,Violence,0.000,1987
Gibraltar,GIB,Violence,0.000,1988
Gibraltar,GIB,Violence,0.000,1989
Gibraltar,GIB,Violence,0.000,1990
Gibraltar,GIB,Violence,0.000,1991
Gibraltar,GIB,Violence,0.000,1992
Gibraltar,GIB,Violence,0.000,1993
Gibraltar,GIB,Violence,0.000,1994
Gibraltar,GIB,Violence,0.000,1995
Gibraltar,GIB,Violence,0.000,1996
Gibraltar,GIB,Violence,0.000,1997
Gibraltar,GIB,Violence,0.000,1998
Gibraltar,GIB,Violence,0.000,1999
Gibraltar,GIB,Violence,0.000,2000
Gibraltar,GIB,Violence,0.000,2001
Gibraltar,GIB,Violence,0.000,2002
Gibraltar,GIB,Violence,0.000,2003
Gibraltar,GIB,Violence,0.000,2004
Gibraltar,GIB,Violence,0.000,2005
Gibraltar,GIB,Violence,0.000,2006
Gibraltar,GIB,Violence,0.000,2007
Gibraltar,GIB,Violence,0.000,2008
Gibraltar,GIB,Violence,0.714,2009
Gibraltar,GIB,Violence,0.714,2010
Gibraltar,GIB,Violence,0.000,2011
Gibraltar,GIB,Violence,0.000,2012
Gibraltar,GIB,Violence,0.000,2013
Gibraltar,GIB,Violence,0.000,2014
Gibraltar,GIB,Violence,0.000,2015
Gibraltar,GIB,Violence,0.000,2016
Gibraltar,GIB,Violence,0.000,2017
Gibraltar,GIB,Violence,0.000,2018
Gibraltar,GIB,Violence,0.000,2019
Gibraltar,GIB,Violence,0.000,2020
Gibraltar,GIB,Violence,0.000,2021
Gibraltar,GIB,Violence,0.000,2022
Gibraltar,GIB,Violence,0.000,2023
Gibraltar,GIB,Youth 15-24,4.587,1960
Gibraltar,GIB,Youth 15-24,4.587,1961
Gibraltar,GIB,Youth 15-24,4.587,1962
Gibraltar,GIB,Youth 15-24,4.587,1963
Gibraltar,GIB,Youth 15-24,4.587,1964
Gibraltar,GIB,Youth 15-24,4.587,1965
Gibraltar,GIB,Youth 15-24,4.587,1966
Gibraltar,GIB,Youth 15-24,4.587,1967
Gibraltar,GIB,Youth 15-24,4.587,1968
Gibraltar,GIB,Youth 15-24,4.587,1969
Gibraltar,GIB,Youth 15-24,7.339,1970
Gibraltar,GIB,Youth 15-24,10.092,1971
Gibraltar,GIB,Youth 15-24,14.679,1972
Gibraltar,GIB,Youth 15-24,14.679,1973
Gibraltar,GIB,Youth 15-24,14.679,1974
Gibraltar,GIB,Youth 15-24,14.679,1975
Gibraltar,GIB,Youth 15-24,14.679,1976
Gibraltar,GIB,Youth 15-24,14.679,1977
Gibraltar,GIB,Youth 15-24,14.679,1978
Gibraltar,GIB,Youth 15-24,14.679,1979
Gibraltar,GIB,Youth 15-24,14.679,1980
Gibraltar,GIB,Youth 15-24,17.431,1981
Gibraltar,GIB,Youth 15-24,14.679,1982
Gibraltar,GIB,Youth 15-24,14.679,1983
Gibraltar,GIB,Youth 15-24,14.679,1984
Gibraltar,GIB,Youth 15-24,14.679,1985
Gibraltar,GIB,Youth 15-24,4.587,1986
Gibraltar,GIB,Youth 15-24,4.587,1987
Gibraltar,GIB,Youth 15-24,4.587,1988
Gibraltar,GIB,Youth 15-24,4.587,1989
Gibraltar,GIB,Youth 15-24,4.587,1990
Gibraltar,GIB,Youth 15-24,4.587,1991
Gibraltar,GIB,Youth 15-24,4.587,1992
Gibraltar,GIB,Youth 15-24,4.587,1993
Gibraltar,GIB,Youth 15-24,4.587,1994
Gibraltar,GIB,Youth 15-24,4.587,1995
Gibraltar,GIB,Youth 15-24,4.587,1996
Gibraltar,GIB,Youth 15-24,4.587,1997
Gibraltar,GIB,Youth 15-24,4.587,1998
Gibraltar,GIB,Youth 15-24,21.101,1999
Gibraltar,GIB,Youth 15-24,21.101,2000
Gibraltar,GIB,Youth 15-24,20.183,2001
Gibraltar,GIB,Youth 15-24,4.587,2002
Gibraltar,GIB,Youth 15-24,4.587,2003
Gibraltar,GIB,Youth 15-24,5.505,2004
Gibraltar,GIB,Youth 15-24,5.505,2005
Gibraltar,GIB,Youth 15-24,4.587,2006
Gibraltar,GIB,Youth 15-24,4.587,2007
Gibraltar,GIB,Youth 15-24,20.183,2008
Gibraltar,GIB,Youth 15-24,20.183,2009
Gibraltar,GIB,Youth 15-24,5.505,2010
Gibraltar,GIB,Youth 15-24,4.587,2011
Gibraltar,GIB,Youth 15-24,4.587,2012
Gibraltar,GIB,Youth 15-24,4.587,2013
Gibraltar,GIB,Youth 15-24,4.587,2014
Gibraltar,GIB,Youth 15-24,4.587,2015
Gibraltar,GIB,Youth 15-24,14.679,2016
Gibraltar,GIB,Youth 15-24,14.679,2017
Gibraltar,GIB,Youth 15-24,4.587,2018
Gibraltar,GIB,Youth 15-24,11.927,2019
Gibraltar,GIB,Youth 15-24,9.174,2020
Gibraltar,GIB,Youth 15-24,9.174,2021
Gibraltar,GIB,Youth 15-24,7.339,2022
Gibraltar,GIB,Youth 15-24,6.422,2023
