Country Name,Country Code,Topic,% of available indicators,Year
Greenland,GRL,Assets,0.000,1960
Greenland,GRL,Assets,0.000,1961
Greenland,GRL,Assets,0.000,1962
Greenland,GRL,Assets,0.000,1963
Greenland,GRL,Assets,0.000,1964
Greenland,GRL,Assets,0.000,1965
Greenland,GRL,Assets,0.000,1966
Greenland,GRL,Assets,0.000,1967
Greenland,GRL,Assets,0.000,1968
Greenland,GRL,Assets,0.000,1969
Greenland,GRL,Assets,0.000,1970
Greenland,GRL,Assets,0.000,1971
Greenland,GRL,Assets,0.000,1972
Greenland,GRL,Assets,0.000,1973
Greenland,GRL,Assets,0.000,1974
Greenland,GRL,Assets,0.000,1975
Greenland,GRL,Assets,0.000,1976
Greenland,GRL,Assets,0.000,1977
Greenland,GRL,Assets,0.000,1978
Greenland,GRL,Assets,0.000,1979
Greenland,GRL,Assets,0.000,1980
Greenland,GRL,Assets,0.000,1981
Greenland,GRL,Assets,0.000,1982
Greenland,GRL,Assets,0.000,1983
Greenland,GRL,Assets,0.000,1984
Greenland,GRL,Assets,0.000,1985
Greenland,GRL,Assets,0.000,1986
Greenland,GRL,Assets,0.000,1987
Greenland,GRL,Assets,0.000,1988
Greenland,GRL,Assets,0.000,1989
Greenland,GRL,Assets,0.000,1990
Greenland,GRL,Assets,0.000,1991
Greenland,GRL,Assets,0.000,1992
Greenland,GRL,Assets,0.000,1993
Greenland,GRL,Assets,0.000,1994
Greenland,GRL,Assets,0.000,1995
Greenland,GRL,Assets,0.000,1996
Greenland,GRL,Assets,0.000,1997
Greenland,GRL,Assets,0.000,1998
Greenland,GRL,Assets,0.000,1999
Greenland,GRL,Assets,0.000,2000
Greenland,GRL,Assets,0.000,2001
Greenland,GRL,Assets,0.000,2002
Greenland,GRL,Assets,0.000,2003
Greenland,GRL,Assets,0.000,2004
Greenland,GRL,Assets,0.000,2005
Greenland,GRL,Assets,0.000,2006
Greenland,GRL,Assets,0.000,2007
Greenland,GRL,Assets,0.000,2008
Greenland,GRL,Assets,0.000,2009
Greenland,GRL,Assets,0.000,2010
Greenland,GRL,Assets,0.000,2011
Greenland,GRL,Assets,0.000,2012
Greenland,GRL,Assets,0.000,2013
Greenland,GRL,Assets,0.000,2014
Greenland,GRL,Assets,0.000,2015
Greenland,GRL,Assets,0.000,2016
Greenland,GRL,Assets,0.000,2017
Greenland,GRL,Assets,0.000,2018
Greenland,GRL,Assets,0.000,2019
Greenland,GRL,Assets,0.000,2020
Greenland,GRL,Assets,0.000,2021
Greenland,GRL,Assets,0.000,2022
Greenland,GRL,Assets,0.000,2023
Greenland,GRL,Children 0-14,8.462,1960
Greenland,GRL,Children 0-14,8.462,1961
Greenland,GRL,Children 0-14,8.462,1962
Greenland,GRL,Children 0-14,8.462,1963
Greenland,GRL,Children 0-14,8.462,1964
Greenland,GRL,Children 0-14,8.462,1965
Greenland,GRL,Children 0-14,8.462,1966
Greenland,GRL,Children 0-14,8.462,1967
Greenland,GRL,Children 0-14,8.462,1968
Greenland,GRL,Children 0-14,8.462,1969
Greenland,GRL,Children 0-14,8.462,1970
Greenland,GRL,Children 0-14,8.462,1971
Greenland,GRL,Children 0-14,8.462,1972
Greenland,GRL,Children 0-14,8.462,1973
Greenland,GRL,Children 0-14,8.462,1974
Greenland,GRL,Children 0-14,8.462,1975
Greenland,GRL,Children 0-14,8.462,1976
Greenland,GRL,Children 0-14,8.462,1977
Greenland,GRL,Children 0-14,10.769,1978
Greenland,GRL,Children 0-14,10.769,1979
Greenland,GRL,Children 0-14,10.769,1980
Greenland,GRL,Children 0-14,10.769,1981
Greenland,GRL,Children 0-14,10.769,1982
Greenland,GRL,Children 0-14,10.769,1983
Greenland,GRL,Children 0-14,10.769,1984
Greenland,GRL,Children 0-14,10.769,1985
Greenland,GRL,Children 0-14,10.769,1986
Greenland,GRL,Children 0-14,10.769,1987
Greenland,GRL,Children 0-14,10.769,1988
Greenland,GRL,Children 0-14,10.769,1989
Greenland,GRL,Children 0-14,10.769,1990
Greenland,GRL,Children 0-14,10.769,1991
Greenland,GRL,Children 0-14,10.769,1992
Greenland,GRL,Children 0-14,10.769,1993
Greenland,GRL,Children 0-14,10.769,1994
Greenland,GRL,Children 0-14,10.769,1995
Greenland,GRL,Children 0-14,10.769,1996
Greenland,GRL,Children 0-14,10.769,1997
Greenland,GRL,Children 0-14,10.769,1998
Greenland,GRL,Children 0-14,10.769,1999
Greenland,GRL,Children 0-14,10.769,2000
Greenland,GRL,Children 0-14,10.769,2001
Greenland,GRL,Children 0-14,10.769,2002
Greenland,GRL,Children 0-14,10.769,2003
Greenland,GRL,Children 0-14,10.769,2004
Greenland,GRL,Children 0-14,10.769,2005
Greenland,GRL,Children 0-14,10.769,2006
Greenland,GRL,Children 0-14,10.769,2007
Greenland,GRL,Children 0-14,10.769,2008
Greenland,GRL,Children 0-14,10.769,2009
Greenland,GRL,Children 0-14,10.769,2010
Greenland,GRL,Children 0-14,10.769,2011
Greenland,GRL,Children 0-14,10.769,2012
Greenland,GRL,Children 0-14,10.769,2013
Greenland,GRL,Children 0-14,10.769,2014
Greenland,GRL,Children 0-14,10.769,2015
Greenland,GRL,Children 0-14,10.769,2016
Greenland,GRL,Children 0-14,10.769,2017
Greenland,GRL,Children 0-14,10.769,2018
Greenland,GRL,Children 0-14,10.769,2019
Greenland,GRL,Children 0-14,10.769,2020
Greenland,GRL,Children 0-14,10.769,2021
Greenland,GRL,Children 0-14,10.769,2022
Greenland,GRL,Children 0-14,7.692,2023
Greenland,GRL,Education,0.000,1960
Greenland,GRL,Education,0.000,1961
Greenland,GRL,Education,0.000,1962
Greenland,GRL,Education,0.000,1963
Greenland,GRL,Education,0.000,1964
Greenland,GRL,Education,0.000,1965
Greenland,GRL,Education,0.000,1966
Greenland,GRL,Education,0.000,1967
Greenland,GRL,Education,0.000,1968
Greenland,GRL,Education,0.000,1969
Greenland,GRL,Education,0.000,1970
Greenland,GRL,Education,0.000,1971
Greenland,GRL,Education,0.000,1972
Greenland,GRL,Education,0.000,1973
Greenland,GRL,Education,0.000,1974
Greenland,GRL,Education,0.000,1975
Greenland,GRL,Education,0.000,1976
Greenland,GRL,Education,0.000,1977
Greenland,GRL,Education,0.000,1978
Greenland,GRL,Education,0.000,1979
Greenland,GRL,Education,0.000,1980
Greenland,GRL,Education,0.000,1981
Greenland,GRL,Education,0.000,1982
Greenland,GRL,Education,0.000,1983
Greenland,GRL,Education,0.000,1984
Greenland,GRL,Education,0.000,1985
Greenland,GRL,Education,0.000,1986
Greenland,GRL,Education,0.000,1987
Greenland,GRL,Education,0.000,1988
Greenland,GRL,Education,0.000,1989
Greenland,GRL,Education,0.000,1990
Greenland,GRL,Education,0.000,1991
Greenland,GRL,Education,0.000,1992
Greenland,GRL,Education,0.000,1993
Greenland,GRL,Education,0.000,1994
Greenland,GRL,Education,0.000,1995
Greenland,GRL,Education,0.000,1996
Greenland,GRL,Education,0.000,1997
Greenland,GRL,Education,0.000,1998
Greenland,GRL,Education,0.000,1999
Greenland,GRL,Education,0.000,2000
Greenland,GRL,Education,0.000,2001
Greenland,GRL,Education,0.000,2002
Greenland,GRL,Education,0.000,2003
Greenland,GRL,Education,0.000,2004
Greenland,GRL,Education,0.000,2005
Greenland,GRL,Education,0.000,2006
Greenland,GRL,Education,0.000,2007
Greenland,GRL,Education,0.000,2008
Greenland,GRL,Education,0.000,2009
Greenland,GRL,Education,0.000,2010
Greenland,GRL,Education,0.000,2011
Greenland,GRL,Education,0.000,2012
Greenland,GRL,Education,0.000,2013
Greenland,GRL,Education,0.000,2014
Greenland,GRL,Education,0.000,2015
Greenland,GRL,Education,0.000,2016
Greenland,GRL,Education,0.000,2017
Greenland,GRL,Education,0.000,2018
Greenland,GRL,Education,0.000,2019
Greenland,GRL,Education,0.000,2020
Greenland,GRL,Education,0.000,2021
Greenland,GRL,Education,0.000,2022
Greenland,GRL,Education,0.000,2023
Greenland,GRL,Employment and Time Use,5.109,1960
Greenland,GRL,Employment and Time Use,0.000,1961
Greenland,GRL,Employment and Time Use,0.000,1962
Greenland,GRL,Employment and Time Use,0.000,1963
Greenland,GRL,Employment and Time Use,0.000,1964
Greenland,GRL,Employment and Time Use,0.000,1965
Greenland,GRL,Employment and Time Use,0.000,1966
Greenland,GRL,Employment and Time Use,0.000,1967
Greenland,GRL,Employment and Time Use,0.000,1968
Greenland,GRL,Employment and Time Use,0.000,1969
Greenland,GRL,Employment and Time Use,5.109,1970
Greenland,GRL,Employment and Time Use,0.000,1971
Greenland,GRL,Employment and Time Use,0.000,1972
Greenland,GRL,Employment and Time Use,0.000,1973
Greenland,GRL,Employment and Time Use,0.000,1974
Greenland,GRL,Employment and Time Use,0.000,1975
Greenland,GRL,Employment and Time Use,5.109,1976
Greenland,GRL,Employment and Time Use,0.000,1977
Greenland,GRL,Employment and Time Use,0.000,1978
Greenland,GRL,Employment and Time Use,0.000,1979
Greenland,GRL,Employment and Time Use,0.000,1980
Greenland,GRL,Employment and Time Use,0.000,1981
Greenland,GRL,Employment and Time Use,0.000,1982
Greenland,GRL,Employment and Time Use,0.000,1983
Greenland,GRL,Employment and Time Use,0.000,1984
Greenland,GRL,Employment and Time Use,0.000,1985
Greenland,GRL,Employment and Time Use,0.000,1986
Greenland,GRL,Employment and Time Use,0.000,1987
Greenland,GRL,Employment and Time Use,0.000,1988
Greenland,GRL,Employment and Time Use,0.000,1989
Greenland,GRL,Employment and Time Use,0.000,1990
Greenland,GRL,Employment and Time Use,0.000,1991
Greenland,GRL,Employment and Time Use,0.000,1992
Greenland,GRL,Employment and Time Use,0.000,1993
Greenland,GRL,Employment and Time Use,0.000,1994
Greenland,GRL,Employment and Time Use,0.000,1995
Greenland,GRL,Employment and Time Use,2.190,1996
Greenland,GRL,Employment and Time Use,2.190,1997
Greenland,GRL,Employment and Time Use,2.190,1998
Greenland,GRL,Employment and Time Use,2.190,1999
Greenland,GRL,Employment and Time Use,2.190,2000
Greenland,GRL,Employment and Time Use,2.190,2001
Greenland,GRL,Employment and Time Use,2.190,2002
Greenland,GRL,Employment and Time Use,2.190,2003
Greenland,GRL,Employment and Time Use,2.190,2004
Greenland,GRL,Employment and Time Use,2.190,2005
Greenland,GRL,Employment and Time Use,2.190,2006
Greenland,GRL,Employment and Time Use,0.000,2007
Greenland,GRL,Employment and Time Use,2.190,2008
Greenland,GRL,Employment and Time Use,2.190,2009
Greenland,GRL,Employment and Time Use,7.299,2010
Greenland,GRL,Employment and Time Use,7.299,2011
Greenland,GRL,Employment and Time Use,7.299,2012
Greenland,GRL,Employment and Time Use,7.299,2013
Greenland,GRL,Employment and Time Use,7.299,2014
Greenland,GRL,Employment and Time Use,7.299,2015
Greenland,GRL,Employment and Time Use,0.000,2016
Greenland,GRL,Employment and Time Use,0.000,2017
Greenland,GRL,Employment and Time Use,0.000,2018
Greenland,GRL,Employment and Time Use,0.000,2019
Greenland,GRL,Employment and Time Use,0.000,2020
Greenland,GRL,Employment and Time Use,0.000,2021
Greenland,GRL,Employment and Time Use,0.000,2022
Greenland,GRL,Employment and Time Use,0.000,2023
Greenland,GRL,Entrepreneurship,0.000,1960
Greenland,GRL,Entrepreneurship,0.000,1961
Greenland,GRL,Entrepreneurship,0.000,1962
Greenland,GRL,Entrepreneurship,0.000,1963
Greenland,GRL,Entrepreneurship,0.000,1964
Greenland,GRL,Entrepreneurship,0.000,1965
Greenland,GRL,Entrepreneurship,0.000,1966
Greenland,GRL,Entrepreneurship,0.000,1967
Greenland,GRL,Entrepreneurship,0.000,1968
Greenland,GRL,Entrepreneurship,0.000,1969
Greenland,GRL,Entrepreneurship,0.000,1970
Greenland,GRL,Entrepreneurship,0.000,1971
Greenland,GRL,Entrepreneurship,0.000,1972
Greenland,GRL,Entrepreneurship,0.000,1973
Greenland,GRL,Entrepreneurship,0.000,1974
Greenland,GRL,Entrepreneurship,0.000,1975
Greenland,GRL,Entrepreneurship,0.000,1976
Greenland,GRL,Entrepreneurship,0.000,1977
Greenland,GRL,Entrepreneurship,0.000,1978
Greenland,GRL,Entrepreneurship,0.000,1979
Greenland,GRL,Entrepreneurship,0.000,1980
Greenland,GRL,Entrepreneurship,0.000,1981
Greenland,GRL,Entrepreneurship,0.000,1982
Greenland,GRL,Entrepreneurship,0.000,1983
Greenland,GRL,Entrepreneurship,0.000,1984
Greenland,GRL,Entrepreneurship,0.000,1985
Greenland,GRL,Entrepreneurship,0.000,1986
Greenland,GRL,Entrepreneurship,0.000,1987
Greenland,GRL,Entrepreneurship,0.000,1988
Greenland,GRL,Entrepreneurship,0.000,1989
Greenland,GRL,Entrepreneurship,0.000,1990
Greenland,GRL,Entrepreneurship,0.000,1991
Greenland,GRL,Entrepreneurship,0.000,1992
Greenland,GRL,Entrepreneurship,0.000,1993
Greenland,GRL,Entrepreneurship,0.000,1994
Greenland,GRL,Entrepreneurship,0.000,1995
Greenland,GRL,Entrepreneurship,0.000,1996
Greenland,GRL,Entrepreneurship,0.000,1997
Greenland,GRL,Entrepreneurship,0.000,1998
Greenland,GRL,Entrepreneurship,0.000,1999
Greenland,GRL,Entrepreneurship,0.000,2000
Greenland,GRL,Entrepreneurship,0.000,2001
Greenland,GRL,Entrepreneurship,0.000,2002
Greenland,GRL,Entrepreneurship,0.000,2003
Greenland,GRL,Entrepreneurship,0.000,2004
Greenland,GRL,Entrepreneurship,0.000,2005
Greenland,GRL,Entrepreneurship,0.000,2006
Greenland,GRL,Entrepreneurship,0.000,2007
Greenland,GRL,Entrepreneurship,0.000,2008
Greenland,GRL,Entrepreneurship,0.000,2009
Greenland,GRL,Entrepreneurship,0.000,2010
Greenland,GRL,Entrepreneurship,0.000,2011
Greenland,GRL,Entrepreneurship,0.000,2012
Greenland,GRL,Entrepreneurship,0.000,2013
Greenland,GRL,Entrepreneurship,0.000,2014
Greenland,GRL,Entrepreneurship,0.000,2015
Greenland,GRL,Entrepreneurship,0.000,2016
Greenland,GRL,Entrepreneurship,0.000,2017
Greenland,GRL,Entrepreneurship,0.000,2018
Greenland,GRL,Entrepreneurship,0.000,2019
Greenland,GRL,Entrepreneurship,0.000,2020
Greenland,GRL,Entrepreneurship,0.000,2021
Greenland,GRL,Entrepreneurship,0.000,2022
Greenland,GRL,Entrepreneurship,0.000,2023
Greenland,GRL,Environment,0.000,1960
Greenland,GRL,Environment,0.000,1961
Greenland,GRL,Environment,0.000,1962
Greenland,GRL,Environment,0.000,1963
Greenland,GRL,Environment,0.000,1964
Greenland,GRL,Environment,0.000,1965
Greenland,GRL,Environment,0.000,1966
Greenland,GRL,Environment,0.000,1967
Greenland,GRL,Environment,0.000,1968
Greenland,GRL,Environment,0.000,1969
Greenland,GRL,Environment,0.000,1970
Greenland,GRL,Environment,0.000,1971
Greenland,GRL,Environment,0.000,1972
Greenland,GRL,Environment,0.000,1973
Greenland,GRL,Environment,0.000,1974
Greenland,GRL,Environment,0.000,1975
Greenland,GRL,Environment,0.000,1976
Greenland,GRL,Environment,0.000,1977
Greenland,GRL,Environment,0.000,1978
Greenland,GRL,Environment,0.000,1979
Greenland,GRL,Environment,0.000,1980
Greenland,GRL,Environment,0.000,1981
Greenland,GRL,Environment,0.000,1982
Greenland,GRL,Environment,0.000,1983
Greenland,GRL,Environment,0.000,1984
Greenland,GRL,Environment,0.000,1985
Greenland,GRL,Environment,0.000,1986
Greenland,GRL,Environment,0.000,1987
Greenland,GRL,Environment,0.000,1988
Greenland,GRL,Environment,0.000,1989
Greenland,GRL,Environment,0.000,1990
Greenland,GRL,Environment,0.000,1991
Greenland,GRL,Environment,0.000,1992
Greenland,GRL,Environment,0.000,1993
Greenland,GRL,Environment,0.000,1994
Greenland,GRL,Environment,0.000,1995
Greenland,GRL,Environment,0.000,1996
Greenland,GRL,Environment,0.000,1997
Greenland,GRL,Environment,0.000,1998
Greenland,GRL,Environment,0.000,1999
Greenland,GRL,Environment,0.000,2000
Greenland,GRL,Environment,0.000,2001
Greenland,GRL,Environment,0.000,2002
Greenland,GRL,Environment,0.000,2003
Greenland,GRL,Environment,0.000,2004
Greenland,GRL,Environment,0.000,2005
Greenland,GRL,Environment,0.000,2006
Greenland,GRL,Environment,0.000,2007
Greenland,GRL,Environment,0.000,2008
Greenland,GRL,Environment,0.000,2009
Greenland,GRL,Environment,0.000,2010
Greenland,GRL,Environment,0.000,2011
Greenland,GRL,Environment,0.000,2012
Greenland,GRL,Environment,0.000,2013
Greenland,GRL,Environment,3.333,2014
Greenland,GRL,Environment,3.333,2015
Greenland,GRL,Environment,3.333,2016
Greenland,GRL,Environment,3.333,2017
Greenland,GRL,Environment,3.333,2018
Greenland,GRL,Environment,3.333,2019
Greenland,GRL,Environment,3.333,2020
Greenland,GRL,Environment,3.333,2021
Greenland,GRL,Environment,3.333,2022
Greenland,GRL,Environment,0.000,2023
Greenland,GRL,Health,2.525,1960
Greenland,GRL,Health,2.525,1961
Greenland,GRL,Health,2.525,1962
Greenland,GRL,Health,2.525,1963
Greenland,GRL,Health,2.525,1964
Greenland,GRL,Health,2.525,1965
Greenland,GRL,Health,2.525,1966
Greenland,GRL,Health,2.525,1967
Greenland,GRL,Health,2.525,1968
Greenland,GRL,Health,2.525,1969
Greenland,GRL,Health,2.525,1970
Greenland,GRL,Health,2.525,1971
Greenland,GRL,Health,2.525,1972
Greenland,GRL,Health,2.525,1973
Greenland,GRL,Health,2.525,1974
Greenland,GRL,Health,3.030,1975
Greenland,GRL,Health,3.030,1976
Greenland,GRL,Health,3.030,1977
Greenland,GRL,Health,3.030,1978
Greenland,GRL,Health,3.030,1979
Greenland,GRL,Health,3.030,1980
Greenland,GRL,Health,3.030,1981
Greenland,GRL,Health,3.030,1982
Greenland,GRL,Health,3.030,1983
Greenland,GRL,Health,3.030,1984
Greenland,GRL,Health,3.030,1985
Greenland,GRL,Health,3.030,1986
Greenland,GRL,Health,3.030,1987
Greenland,GRL,Health,3.030,1988
Greenland,GRL,Health,3.030,1989
Greenland,GRL,Health,3.030,1990
Greenland,GRL,Health,3.030,1991
Greenland,GRL,Health,3.030,1992
Greenland,GRL,Health,3.030,1993
Greenland,GRL,Health,3.030,1994
Greenland,GRL,Health,3.030,1995
Greenland,GRL,Health,3.030,1996
Greenland,GRL,Health,3.030,1997
Greenland,GRL,Health,3.030,1998
Greenland,GRL,Health,3.030,1999
Greenland,GRL,Health,3.030,2000
Greenland,GRL,Health,3.030,2001
Greenland,GRL,Health,3.030,2002
Greenland,GRL,Health,3.030,2003
Greenland,GRL,Health,3.030,2004
Greenland,GRL,Health,3.030,2005
Greenland,GRL,Health,3.030,2006
Greenland,GRL,Health,3.030,2007
Greenland,GRL,Health,3.030,2008
Greenland,GRL,Health,3.030,2009
Greenland,GRL,Health,3.030,2010
Greenland,GRL,Health,3.030,2011
Greenland,GRL,Health,3.030,2012
Greenland,GRL,Health,3.030,2013
Greenland,GRL,Health,3.535,2014
Greenland,GRL,Health,3.535,2015
Greenland,GRL,Health,3.535,2016
Greenland,GRL,Health,3.535,2017
Greenland,GRL,Health,3.535,2018
Greenland,GRL,Health,3.535,2019
Greenland,GRL,Health,3.535,2020
Greenland,GRL,Health,3.535,2021
Greenland,GRL,Health,3.535,2022
Greenland,GRL,Health,0.000,2023
Greenland,GRL,Leadership,0.000,1960
Greenland,GRL,Leadership,0.000,1961
Greenland,GRL,Leadership,0.000,1962
Greenland,GRL,Leadership,0.000,1963
Greenland,GRL,Leadership,0.000,1964
Greenland,GRL,Leadership,0.000,1965
Greenland,GRL,Leadership,0.000,1966
Greenland,GRL,Leadership,0.000,1967
Greenland,GRL,Leadership,0.000,1968
Greenland,GRL,Leadership,0.000,1969
Greenland,GRL,Leadership,0.000,1970
Greenland,GRL,Leadership,0.000,1971
Greenland,GRL,Leadership,0.000,1972
Greenland,GRL,Leadership,0.000,1973
Greenland,GRL,Leadership,0.000,1974
Greenland,GRL,Leadership,0.000,1975
Greenland,GRL,Leadership,0.000,1976
Greenland,GRL,Leadership,0.000,1977
Greenland,GRL,Leadership,0.000,1978
Greenland,GRL,Leadership,0.000,1979
Greenland,GRL,Leadership,0.000,1980
Greenland,GRL,Leadership,0.000,1981
Greenland,GRL,Leadership,0.000,1982
Greenland,GRL,Leadership,0.000,1983
Greenland,GRL,Leadership,0.000,1984
Greenland,GRL,Leadership,0.000,1985
Greenland,GRL,Leadership,0.000,1986
Greenland,GRL,Leadership,0.000,1987
Greenland,GRL,Leadership,0.000,1988
Greenland,GRL,Leadership,0.000,1989
Greenland,GRL,Leadership,0.000,1990
Greenland,GRL,Leadership,0.000,1991
Greenland,GRL,Leadership,0.000,1992
Greenland,GRL,Leadership,0.000,1993
Greenland,GRL,Leadership,0.000,1994
Greenland,GRL,Leadership,0.000,1995
Greenland,GRL,Leadership,0.000,1996
Greenland,GRL,Leadership,0.000,1997
Greenland,GRL,Leadership,0.000,1998
Greenland,GRL,Leadership,0.000,1999
Greenland,GRL,Leadership,0.000,2000
Greenland,GRL,Leadership,0.000,2001
Greenland,GRL,Leadership,0.000,2002
Greenland,GRL,Leadership,0.000,2003
Greenland,GRL,Leadership,0.000,2004
Greenland,GRL,Leadership,0.000,2005
Greenland,GRL,Leadership,0.000,2006
Greenland,GRL,Leadership,0.000,2007
Greenland,GRL,Leadership,0.000,2008
Greenland,GRL,Leadership,0.000,2009
Greenland,GRL,Leadership,0.000,2010
Greenland,GRL,Leadership,0.000,2011
Greenland,GRL,Leadership,0.000,2012
Greenland,GRL,Leadership,0.000,2013
Greenland,GRL,Leadership,0.000,2014
Greenland,GRL,Leadership,0.000,2015
Greenland,GRL,Leadership,0.000,2016
Greenland,GRL,Leadership,0.000,2017
Greenland,GRL,Leadership,0.000,2018
Greenland,GRL,Leadership,0.000,2019
Greenland,GRL,Leadership,0.000,2020
Greenland,GRL,Leadership,0.000,2021
Greenland,GRL,Leadership,0.000,2022
Greenland,GRL,Leadership,0.000,2023
Greenland,GRL,Norms and Decision-making,0.000,1960
Greenland,GRL,Norms and Decision-making,0.000,1961
Greenland,GRL,Norms and Decision-making,0.000,1962
Greenland,GRL,Norms and Decision-making,0.000,1963
Greenland,GRL,Norms and Decision-making,0.000,1964
Greenland,GRL,Norms and Decision-making,0.000,1965
Greenland,GRL,Norms and Decision-making,0.000,1966
Greenland,GRL,Norms and Decision-making,0.000,1967
Greenland,GRL,Norms and Decision-making,0.000,1968
Greenland,GRL,Norms and Decision-making,0.000,1969
Greenland,GRL,Norms and Decision-making,1.481,1970
Greenland,GRL,Norms and Decision-making,0.000,1971
Greenland,GRL,Norms and Decision-making,0.000,1972
Greenland,GRL,Norms and Decision-making,0.000,1973
Greenland,GRL,Norms and Decision-making,1.481,1974
Greenland,GRL,Norms and Decision-making,1.481,1975
Greenland,GRL,Norms and Decision-making,1.481,1976
Greenland,GRL,Norms and Decision-making,1.481,1977
Greenland,GRL,Norms and Decision-making,1.481,1978
Greenland,GRL,Norms and Decision-making,1.481,1979
Greenland,GRL,Norms and Decision-making,1.481,1980
Greenland,GRL,Norms and Decision-making,1.481,1981
Greenland,GRL,Norms and Decision-making,1.481,1982
Greenland,GRL,Norms and Decision-making,1.481,1983
Greenland,GRL,Norms and Decision-making,1.481,1984
Greenland,GRL,Norms and Decision-making,1.481,1985
Greenland,GRL,Norms and Decision-making,1.481,1986
Greenland,GRL,Norms and Decision-making,1.481,1987
Greenland,GRL,Norms and Decision-making,1.481,1988
Greenland,GRL,Norms and Decision-making,0.000,1989
Greenland,GRL,Norms and Decision-making,1.481,1990
Greenland,GRL,Norms and Decision-making,1.481,1991
Greenland,GRL,Norms and Decision-making,1.481,1992
Greenland,GRL,Norms and Decision-making,0.000,1993
Greenland,GRL,Norms and Decision-making,0.000,1994
Greenland,GRL,Norms and Decision-making,0.000,1995
Greenland,GRL,Norms and Decision-making,0.000,1996
Greenland,GRL,Norms and Decision-making,1.481,1997
Greenland,GRL,Norms and Decision-making,1.481,1998
Greenland,GRL,Norms and Decision-making,1.481,1999
Greenland,GRL,Norms and Decision-making,0.741,2000
Greenland,GRL,Norms and Decision-making,0.000,2001
Greenland,GRL,Norms and Decision-making,0.000,2002
Greenland,GRL,Norms and Decision-making,0.000,2003
Greenland,GRL,Norms and Decision-making,0.000,2004
Greenland,GRL,Norms and Decision-making,0.000,2005
Greenland,GRL,Norms and Decision-making,0.000,2006
Greenland,GRL,Norms and Decision-making,0.000,2007
Greenland,GRL,Norms and Decision-making,0.000,2008
Greenland,GRL,Norms and Decision-making,1.481,2009
Greenland,GRL,Norms and Decision-making,1.481,2010
Greenland,GRL,Norms and Decision-making,1.481,2011
Greenland,GRL,Norms and Decision-making,1.481,2012
Greenland,GRL,Norms and Decision-making,1.481,2013
Greenland,GRL,Norms and Decision-making,1.481,2014
Greenland,GRL,Norms and Decision-making,1.481,2015
Greenland,GRL,Norms and Decision-making,1.481,2016
Greenland,GRL,Norms and Decision-making,0.000,2017
Greenland,GRL,Norms and Decision-making,1.481,2018
Greenland,GRL,Norms and Decision-making,0.000,2019
Greenland,GRL,Norms and Decision-making,0.000,2020
Greenland,GRL,Norms and Decision-making,0.000,2021
Greenland,GRL,Norms and Decision-making,0.000,2022
Greenland,GRL,Norms and Decision-making,0.000,2023
Greenland,GRL,Population,80.952,1960
Greenland,GRL,Population,80.952,1961
Greenland,GRL,Population,80.952,1962
Greenland,GRL,Population,80.952,1963
Greenland,GRL,Population,80.952,1964
Greenland,GRL,Population,80.952,1965
Greenland,GRL,Population,80.952,1966
Greenland,GRL,Population,80.952,1967
Greenland,GRL,Population,80.952,1968
Greenland,GRL,Population,80.952,1969
Greenland,GRL,Population,83.333,1970
Greenland,GRL,Population,80.952,1971
Greenland,GRL,Population,80.952,1972
Greenland,GRL,Population,82.143,1973
Greenland,GRL,Population,84.524,1974
Greenland,GRL,Population,85.714,1975
Greenland,GRL,Population,85.714,1976
Greenland,GRL,Population,85.714,1977
Greenland,GRL,Population,89.286,1978
Greenland,GRL,Population,89.286,1979
Greenland,GRL,Population,89.286,1980
Greenland,GRL,Population,89.286,1981
Greenland,GRL,Population,89.286,1982
Greenland,GRL,Population,89.286,1983
Greenland,GRL,Population,89.286,1984
Greenland,GRL,Population,89.286,1985
Greenland,GRL,Population,89.286,1986
Greenland,GRL,Population,89.286,1987
Greenland,GRL,Population,89.286,1988
Greenland,GRL,Population,86.905,1989
Greenland,GRL,Population,90.476,1990
Greenland,GRL,Population,89.286,1991
Greenland,GRL,Population,89.286,1992
Greenland,GRL,Population,86.905,1993
Greenland,GRL,Population,86.905,1994
Greenland,GRL,Population,88.095,1995
Greenland,GRL,Population,86.905,1996
Greenland,GRL,Population,89.286,1997
Greenland,GRL,Population,89.286,1998
Greenland,GRL,Population,89.286,1999
Greenland,GRL,Population,89.286,2000
Greenland,GRL,Population,86.905,2001
Greenland,GRL,Population,86.905,2002
Greenland,GRL,Population,86.905,2003
Greenland,GRL,Population,86.905,2004
Greenland,GRL,Population,88.095,2005
Greenland,GRL,Population,86.905,2006
Greenland,GRL,Population,86.905,2007
Greenland,GRL,Population,86.905,2008
Greenland,GRL,Population,89.286,2009
Greenland,GRL,Population,90.476,2010
Greenland,GRL,Population,89.286,2011
Greenland,GRL,Population,89.286,2012
Greenland,GRL,Population,89.286,2013
Greenland,GRL,Population,89.286,2014
Greenland,GRL,Population,90.476,2015
Greenland,GRL,Population,89.286,2016
Greenland,GRL,Population,86.905,2017
Greenland,GRL,Population,89.286,2018
Greenland,GRL,Population,86.905,2019
Greenland,GRL,Population,88.095,2020
Greenland,GRL,Population,86.905,2021
Greenland,GRL,Population,86.905,2022
Greenland,GRL,Population,77.381,2023
Greenland,GRL,SDGs,0.671,1960
Greenland,GRL,SDGs,0.671,1961
Greenland,GRL,SDGs,0.671,1962
Greenland,GRL,SDGs,0.671,1963
Greenland,GRL,SDGs,0.671,1964
Greenland,GRL,SDGs,0.671,1965
Greenland,GRL,SDGs,0.671,1966
Greenland,GRL,SDGs,0.671,1967
Greenland,GRL,SDGs,0.671,1968
Greenland,GRL,SDGs,0.671,1969
Greenland,GRL,SDGs,0.671,1970
Greenland,GRL,SDGs,0.671,1971
Greenland,GRL,SDGs,0.671,1972
Greenland,GRL,SDGs,0.671,1973
Greenland,GRL,SDGs,0.671,1974
Greenland,GRL,SDGs,0.671,1975
Greenland,GRL,SDGs,0.671,1976
Greenland,GRL,SDGs,0.671,1977
Greenland,GRL,SDGs,0.671,1978
Greenland,GRL,SDGs,0.671,1979
Greenland,GRL,SDGs,0.671,1980
Greenland,GRL,SDGs,0.671,1981
Greenland,GRL,SDGs,0.671,1982
Greenland,GRL,SDGs,0.671,1983
Greenland,GRL,SDGs,0.671,1984
Greenland,GRL,SDGs,0.671,1985
Greenland,GRL,SDGs,0.671,1986
Greenland,GRL,SDGs,0.671,1987
Greenland,GRL,SDGs,0.671,1988
Greenland,GRL,SDGs,0.671,1989
Greenland,GRL,SDGs,0.671,1990
Greenland,GRL,SDGs,0.671,1991
Greenland,GRL,SDGs,0.671,1992
Greenland,GRL,SDGs,0.671,1993
Greenland,GRL,SDGs,0.671,1994
Greenland,GRL,SDGs,0.671,1995
Greenland,GRL,SDGs,2.685,1996
Greenland,GRL,SDGs,2.685,1997
Greenland,GRL,SDGs,2.685,1998
Greenland,GRL,SDGs,2.685,1999
Greenland,GRL,SDGs,2.685,2000
Greenland,GRL,SDGs,2.685,2001
Greenland,GRL,SDGs,2.685,2002
Greenland,GRL,SDGs,2.685,2003
Greenland,GRL,SDGs,2.685,2004
Greenland,GRL,SDGs,2.685,2005
Greenland,GRL,SDGs,2.685,2006
Greenland,GRL,SDGs,0.671,2007
Greenland,GRL,SDGs,0.671,2008
Greenland,GRL,SDGs,0.671,2009
Greenland,GRL,SDGs,2.685,2010
Greenland,GRL,SDGs,2.685,2011
Greenland,GRL,SDGs,2.685,2012
Greenland,GRL,SDGs,2.685,2013
Greenland,GRL,SDGs,3.356,2014
Greenland,GRL,SDGs,3.356,2015
Greenland,GRL,SDGs,1.342,2016
Greenland,GRL,SDGs,1.342,2017
Greenland,GRL,SDGs,1.342,2018
Greenland,GRL,SDGs,1.342,2019
Greenland,GRL,SDGs,1.342,2020
Greenland,GRL,SDGs,1.342,2021
Greenland,GRL,SDGs,1.342,2022
Greenland,GRL,SDGs,0.000,2023
Greenland,GRL,Technology,0.000,1960
Greenland,GRL,Technology,0.000,1961
Greenland,GRL,Technology,0.000,1962
Greenland,GRL,Technology,0.000,1963
Greenland,GRL,Technology,0.000,1964
Greenland,GRL,Technology,0.000,1965
Greenland,GRL,Technology,0.000,1966
Greenland,GRL,Technology,0.000,1967
Greenland,GRL,Technology,0.000,1968
Greenland,GRL,Technology,0.000,1969
Greenland,GRL,Technology,0.000,1970
Greenland,GRL,Technology,0.000,1971
Greenland,GRL,Technology,0.000,1972
Greenland,GRL,Technology,0.000,1973
Greenland,GRL,Technology,0.000,1974
Greenland,GRL,Technology,0.000,1975
Greenland,GRL,Technology,0.000,1976
Greenland,GRL,Technology,0.000,1977
Greenland,GRL,Technology,0.000,1978
Greenland,GRL,Technology,0.000,1979
Greenland,GRL,Technology,0.000,1980
Greenland,GRL,Technology,0.000,1981
Greenland,GRL,Technology,0.000,1982
Greenland,GRL,Technology,0.000,1983
Greenland,GRL,Technology,0.000,1984
Greenland,GRL,Technology,0.000,1985
Greenland,GRL,Technology,0.000,1986
Greenland,GRL,Technology,0.000,1987
Greenland,GRL,Technology,0.000,1988
Greenland,GRL,Technology,0.000,1989
Greenland,GRL,Technology,2.222,1990
Greenland,GRL,Technology,2.222,1991
Greenland,GRL,Technology,2.222,1992
Greenland,GRL,Technology,2.222,1993
Greenland,GRL,Technology,2.222,1994
Greenland,GRL,Technology,2.222,1995
Greenland,GRL,Technology,2.222,1996
Greenland,GRL,Technology,2.222,1997
Greenland,GRL,Technology,2.222,1998
Greenland,GRL,Technology,2.222,1999
Greenland,GRL,Technology,2.222,2000
Greenland,GRL,Technology,2.222,2001
Greenland,GRL,Technology,2.222,2002
Greenland,GRL,Technology,2.222,2003
Greenland,GRL,Technology,2.222,2004
Greenland,GRL,Technology,2.222,2005
Greenland,GRL,Technology,2.222,2006
Greenland,GRL,Technology,2.222,2007
Greenland,GRL,Technology,2.222,2008
Greenland,GRL,Technology,2.222,2009
Greenland,GRL,Technology,2.222,2010
Greenland,GRL,Technology,2.222,2011
Greenland,GRL,Technology,2.222,2012
Greenland,GRL,Technology,2.222,2013
Greenland,GRL,Technology,2.222,2014
Greenland,GRL,Technology,2.222,2015
Greenland,GRL,Technology,2.222,2016
Greenland,GRL,Technology,2.222,2017
Greenland,GRL,Technology,0.000,2018
Greenland,GRL,Technology,0.000,2019
Greenland,GRL,Technology,0.000,2020
Greenland,GRL,Technology,0.000,2021
Greenland,GRL,Technology,0.000,2022
Greenland,GRL,Technology,0.000,2023
Greenland,GRL,Violence,0.000,1960
Greenland,GRL,Violence,0.000,1961
Greenland,GRL,Violence,0.000,1962
Greenland,GRL,Violence,0.000,1963
Greenland,GRL,Violence,0.000,1964
Greenland,GRL,Violence,0.000,1965
Greenland,GRL,Violence,0.000,1966
Greenland,GRL,Violence,0.000,1967
Greenland,GRL,Violence,0.000,1968
Greenland,GRL,Violence,0.000,1969
Greenland,GRL,Violence,0.000,1970
Greenland,GRL,Violence,0.000,1971
Greenland,GRL,Violence,0.000,1972
Greenland,GRL,Violence,0.000,1973
Greenland,GRL,Violence,0.000,1974
Greenland,GRL,Violence,0.000,1975
Greenland,GRL,Violence,0.000,1976
Greenland,GRL,Violence,0.000,1977
Greenland,GRL,Violence,0.000,1978
Greenland,GRL,Violence,0.000,1979
Greenland,GRL,Violence,0.000,1980
Greenland,GRL,Violence,0.000,1981
Greenland,GRL,Violence,0.000,1982
Greenland,GRL,Violence,0.000,1983
Greenland,GRL,Violence,0.000,1984
Greenland,GRL,Violence,0.000,1985
Greenland,GRL,Violence,0.000,1986
Greenland,GRL,Violence,0.000,1987
Greenland,GRL,Violence,0.000,1988
Greenland,GRL,Violence,0.000,1989
Greenland,GRL,Violence,0.000,1990
Greenland,GRL,Violence,0.000,1991
Greenland,GRL,Violence,0.714,1992
Greenland,GRL,Violence,0.714,1993
Greenland,GRL,Violence,0.714,1994
Greenland,GRL,Violence,0.714,1995
Greenland,GRL,Violence,0.714,1996
Greenland,GRL,Violence,0.714,1997
Greenland,GRL,Violence,0.714,1998
Greenland,GRL,Violence,0.714,1999
Greenland,GRL,Violence,0.714,2000
Greenland,GRL,Violence,0.714,2001
Greenland,GRL,Violence,0.714,2002
Greenland,GRL,Violence,0.714,2003
Greenland,GRL,Violence,0.714,2004
Greenland,GRL,Violence,0.714,2005
Greenland,GRL,Violence,0.714,2006
Greenland,GRL,Violence,0.714,2007
Greenland,GRL,Violence,0.714,2008
Greenland,GRL,Violence,0.714,2009
Greenland,GRL,Violence,0.714,2010
Greenland,GRL,Violence,0.714,2011
Greenland,GRL,Violence,0.714,2012
Greenland,GRL,Violence,0.714,2013
Greenland,GRL,Violence,0.714,2014
Greenland,GRL,Violence,0.714,2015
Greenland,GRL,Violence,0.714,2016
Greenland,GRL,Violence,0.000,2017
Greenland,GRL,Violence,0.000,2018
Greenland,GRL,Violence,0.000,2019
Greenland,GRL,Violence,0.000,2020
Greenland,GRL,Violence,0.000,2021
Greenland,GRL,Violence,0.000,2022
Greenland,GRL,Violence,0.000,2023
Greenland,GRL,Youth 15-24,7.339,1960
Greenland,GRL,Youth 15-24,4.587,1961
Greenland,GRL,Youth 15-24,4.587,1962
Greenland,GRL,Youth 15-24,4.587,1963
Greenland,GRL,Youth 15-24,4.587,1964
Greenland,GRL,Youth 15-24,4.587,1965
Greenland,GRL,Youth 15-24,4.587,1966
Greenland,GRL,Youth 15-24,4.587,1967
Greenland,GRL,Youth 15-24,4.587,1968
Greenland,GRL,Youth 15-24,4.587,1969
Greenland,GRL,Youth 15-24,7.339,1970
Greenland,GRL,Youth 15-24,4.587,1971
Greenland,GRL,Youth 15-24,4.587,1972
Greenland,GRL,Youth 15-24,4.587,1973
Greenland,GRL,Youth 15-24,4.587,1974
Greenland,GRL,Youth 15-24,4.587,1975
Greenland,GRL,Youth 15-24,7.339,1976
Greenland,GRL,Youth 15-24,4.587,1977
Greenland,GRL,Youth 15-24,4.587,1978
Greenland,GRL,Youth 15-24,4.587,1979
Greenland,GRL,Youth 15-24,4.587,1980
Greenland,GRL,Youth 15-24,4.587,1981
Greenland,GRL,Youth 15-24,4.587,1982
Greenland,GRL,Youth 15-24,4.587,1983
Greenland,GRL,Youth 15-24,4.587,1984
Greenland,GRL,Youth 15-24,4.587,1985
Greenland,GRL,Youth 15-24,4.587,1986
Greenland,GRL,Youth 15-24,4.587,1987
Greenland,GRL,Youth 15-24,4.587,1988
Greenland,GRL,Youth 15-24,4.587,1989
Greenland,GRL,Youth 15-24,4.587,1990
Greenland,GRL,Youth 15-24,4.587,1991
Greenland,GRL,Youth 15-24,4.587,1992
Greenland,GRL,Youth 15-24,4.587,1993
Greenland,GRL,Youth 15-24,4.587,1994
Greenland,GRL,Youth 15-24,4.587,1995
Greenland,GRL,Youth 15-24,4.587,1996
Greenland,GRL,Youth 15-24,4.587,1997
Greenland,GRL,Youth 15-24,4.587,1998
Greenland,GRL,Youth 15-24,4.587,1999
Greenland,GRL,Youth 15-24,4.587,2000
Greenland,GRL,Youth 15-24,4.587,2001
Greenland,GRL,Youth 15-24,4.587,2002
Greenland,GRL,Youth 15-24,4.587,2003
Greenland,GRL,Youth 15-24,4.587,2004
Greenland,GRL,Youth 15-24,4.587,2005
Greenland,GRL,Youth 15-24,4.587,2006
Greenland,GRL,Youth 15-24,4.587,2007
Greenland,GRL,Youth 15-24,4.587,2008
Greenland,GRL,Youth 15-24,4.587,2009
Greenland,GRL,Youth 15-24,4.587,2010
Greenland,GRL,Youth 15-24,4.587,2011
Greenland,GRL,Youth 15-24,4.587,2012
Greenland,GRL,Youth 15-24,4.587,2013
Greenland,GRL,Youth 15-24,4.587,2014
Greenland,GRL,Youth 15-24,4.587,2015
Greenland,GRL,Youth 15-24,4.587,2016
Greenland,GRL,Youth 15-24,4.587,2017
Greenland,GRL,Youth 15-24,4.587,2018
Greenland,GRL,Youth 15-24,4.587,2019
Greenland,GRL,Youth 15-24,4.587,2020
Greenland,GRL,Youth 15-24,4.587,2021
Greenland,GRL,Youth 15-24,4.587,2022
Greenland,GRL,Youth 15-24,3.670,2023
