Country Name,Country Code,Topic,% of available indicators,Year
Montenegro,MNE,Assets,0.000,1960
Montenegro,MNE,Assets,0.000,1961
Montenegro,MNE,Assets,0.000,1962
Montenegro,MNE,Assets,0.000,1963
Montenegro,MNE,Assets,0.000,1964
Montenegro,MNE,Assets,0.000,1965
Montenegro,MNE,Assets,0.000,1966
Montenegro,MNE,Assets,0.000,1967
Montenegro,MNE,Assets,0.000,1968
Montenegro,MNE,Assets,0.000,1969
Montenegro,MNE,Assets,2.208,1970
Montenegro,MNE,Assets,2.208,1971
Montenegro,MNE,Assets,2.208,1972
Montenegro,MNE,Assets,2.208,1973
Montenegro,MNE,Assets,2.208,1974
Montenegro,MNE,Assets,2.208,1975
Montenegro,MNE,Assets,2.208,1976
Montenegro,MNE,Assets,2.208,1977
Montenegro,MNE,Assets,2.208,1978
Montenegro,MNE,Assets,2.208,1979
Montenegro,MNE,Assets,2.208,1980
Montenegro,MNE,Assets,2.208,1981
Montenegro,MNE,Assets,2.208,1982
Montenegro,MNE,Assets,2.208,1983
Montenegro,MNE,Assets,2.208,1984
Montenegro,MNE,Assets,2.208,1985
Montenegro,MNE,Assets,2.208,1986
Montenegro,MNE,Assets,2.208,1987
Montenegro,MNE,Assets,2.208,1988
Montenegro,MNE,Assets,2.208,1989
Montenegro,MNE,Assets,2.208,1990
Montenegro,MNE,Assets,2.208,1991
Montenegro,MNE,Assets,2.208,1992
Montenegro,MNE,Assets,2.208,1993
Montenegro,MNE,Assets,2.208,1994
Montenegro,MNE,Assets,2.208,1995
Montenegro,MNE,Assets,2.208,1996
Montenegro,MNE,Assets,2.208,1997
Montenegro,MNE,Assets,2.208,1998
Montenegro,MNE,Assets,2.208,1999
Montenegro,MNE,Assets,2.208,2000
Montenegro,MNE,Assets,2.208,2001
Montenegro,MNE,Assets,2.208,2002
Montenegro,MNE,Assets,2.208,2003
Montenegro,MNE,Assets,2.208,2004
Montenegro,MNE,Assets,2.208,2005
Montenegro,MNE,Assets,2.208,2006
Montenegro,MNE,Assets,2.208,2007
Montenegro,MNE,Assets,2.208,2008
Montenegro,MNE,Assets,2.208,2009
Montenegro,MNE,Assets,2.208,2010
Montenegro,MNE,Assets,11.672,2011
Montenegro,MNE,Assets,2.208,2012
Montenegro,MNE,Assets,2.208,2013
Montenegro,MNE,Assets,30.599,2014
Montenegro,MNE,Assets,2.208,2015
Montenegro,MNE,Assets,2.208,2016
Montenegro,MNE,Assets,33.123,2017
Montenegro,MNE,Assets,2.208,2018
Montenegro,MNE,Assets,2.208,2019
Montenegro,MNE,Assets,2.208,2020
Montenegro,MNE,Assets,2.208,2021
Montenegro,MNE,Assets,2.208,2022
Montenegro,MNE,Assets,2.208,2023
Montenegro,MNE,Children 0-14,10.769,1960
Montenegro,MNE,Children 0-14,10.769,1961
Montenegro,MNE,Children 0-14,10.769,1962
Montenegro,MNE,Children 0-14,10.769,1963
Montenegro,MNE,Children 0-14,10.769,1964
Montenegro,MNE,Children 0-14,10.769,1965
Montenegro,MNE,Children 0-14,10.769,1966
Montenegro,MNE,Children 0-14,10.769,1967
Montenegro,MNE,Children 0-14,10.769,1968
Montenegro,MNE,Children 0-14,10.769,1969
Montenegro,MNE,Children 0-14,10.769,1970
Montenegro,MNE,Children 0-14,10.769,1971
Montenegro,MNE,Children 0-14,10.769,1972
Montenegro,MNE,Children 0-14,10.769,1973
Montenegro,MNE,Children 0-14,10.769,1974
Montenegro,MNE,Children 0-14,10.769,1975
Montenegro,MNE,Children 0-14,10.769,1976
Montenegro,MNE,Children 0-14,10.769,1977
Montenegro,MNE,Children 0-14,10.769,1978
Montenegro,MNE,Children 0-14,10.769,1979
Montenegro,MNE,Children 0-14,10.769,1980
Montenegro,MNE,Children 0-14,10.769,1981
Montenegro,MNE,Children 0-14,10.769,1982
Montenegro,MNE,Children 0-14,10.769,1983
Montenegro,MNE,Children 0-14,15.385,1984
Montenegro,MNE,Children 0-14,17.692,1985
Montenegro,MNE,Children 0-14,17.692,1986
Montenegro,MNE,Children 0-14,17.692,1987
Montenegro,MNE,Children 0-14,17.692,1988
Montenegro,MNE,Children 0-14,19.231,1989
Montenegro,MNE,Children 0-14,19.231,1990
Montenegro,MNE,Children 0-14,19.231,1991
Montenegro,MNE,Children 0-14,19.231,1992
Montenegro,MNE,Children 0-14,19.231,1993
Montenegro,MNE,Children 0-14,19.231,1994
Montenegro,MNE,Children 0-14,19.231,1995
Montenegro,MNE,Children 0-14,19.231,1996
Montenegro,MNE,Children 0-14,19.231,1997
Montenegro,MNE,Children 0-14,19.231,1998
Montenegro,MNE,Children 0-14,19.231,1999
Montenegro,MNE,Children 0-14,33.077,2000
Montenegro,MNE,Children 0-14,22.308,2001
Montenegro,MNE,Children 0-14,22.308,2002
Montenegro,MNE,Children 0-14,38.462,2003
Montenegro,MNE,Children 0-14,26.154,2004
Montenegro,MNE,Children 0-14,46.154,2005
Montenegro,MNE,Children 0-14,36.154,2006
Montenegro,MNE,Children 0-14,35.385,2007
Montenegro,MNE,Children 0-14,35.385,2008
Montenegro,MNE,Children 0-14,27.692,2009
Montenegro,MNE,Children 0-14,46.154,2010
Montenegro,MNE,Children 0-14,41.538,2011
Montenegro,MNE,Children 0-14,44.615,2012
Montenegro,MNE,Children 0-14,41.538,2013
Montenegro,MNE,Children 0-14,25.385,2014
Montenegro,MNE,Children 0-14,63.077,2015
Montenegro,MNE,Children 0-14,50.769,2016
Montenegro,MNE,Children 0-14,53.846,2017
Montenegro,MNE,Children 0-14,60.769,2018
Montenegro,MNE,Children 0-14,52.308,2019
Montenegro,MNE,Children 0-14,43.077,2020
Montenegro,MNE,Children 0-14,39.231,2021
Montenegro,MNE,Children 0-14,32.308,2022
Montenegro,MNE,Children 0-14,17.692,2023
Montenegro,MNE,Education,0.000,1960
Montenegro,MNE,Education,0.000,1961
Montenegro,MNE,Education,0.000,1962
Montenegro,MNE,Education,0.000,1963
Montenegro,MNE,Education,0.000,1964
Montenegro,MNE,Education,0.000,1965
Montenegro,MNE,Education,0.000,1966
Montenegro,MNE,Education,0.000,1967
Montenegro,MNE,Education,0.000,1968
Montenegro,MNE,Education,0.000,1969
Montenegro,MNE,Education,0.000,1970
Montenegro,MNE,Education,0.000,1971
Montenegro,MNE,Education,0.000,1972
Montenegro,MNE,Education,0.000,1973
Montenegro,MNE,Education,0.000,1974
Montenegro,MNE,Education,0.000,1975
Montenegro,MNE,Education,0.000,1976
Montenegro,MNE,Education,0.000,1977
Montenegro,MNE,Education,0.000,1978
Montenegro,MNE,Education,0.000,1979
Montenegro,MNE,Education,0.000,1980
Montenegro,MNE,Education,6.748,1981
Montenegro,MNE,Education,0.000,1982
Montenegro,MNE,Education,0.000,1983
Montenegro,MNE,Education,0.000,1984
Montenegro,MNE,Education,0.000,1985
Montenegro,MNE,Education,0.000,1986
Montenegro,MNE,Education,0.000,1987
Montenegro,MNE,Education,0.000,1988
Montenegro,MNE,Education,0.000,1989
Montenegro,MNE,Education,0.000,1990
Montenegro,MNE,Education,6.748,1991
Montenegro,MNE,Education,0.000,1992
Montenegro,MNE,Education,0.000,1993
Montenegro,MNE,Education,0.000,1994
Montenegro,MNE,Education,0.000,1995
Montenegro,MNE,Education,0.000,1996
Montenegro,MNE,Education,0.000,1997
Montenegro,MNE,Education,0.000,1998
Montenegro,MNE,Education,0.000,1999
Montenegro,MNE,Education,3.067,2000
Montenegro,MNE,Education,7.975,2001
Montenegro,MNE,Education,7.975,2002
Montenegro,MNE,Education,39.877,2003
Montenegro,MNE,Education,19.632,2004
Montenegro,MNE,Education,26.380,2005
Montenegro,MNE,Education,25.767,2006
Montenegro,MNE,Education,25.767,2007
Montenegro,MNE,Education,25.767,2008
Montenegro,MNE,Education,19.632,2009
Montenegro,MNE,Education,30.675,2010
Montenegro,MNE,Education,42.945,2011
Montenegro,MNE,Education,42.331,2012
Montenegro,MNE,Education,18.405,2013
Montenegro,MNE,Education,23.313,2014
Montenegro,MNE,Education,51.534,2015
Montenegro,MNE,Education,55.828,2016
Montenegro,MNE,Education,61.963,2017
Montenegro,MNE,Education,66.871,2018
Montenegro,MNE,Education,39.264,2019
Montenegro,MNE,Education,46.626,2020
Montenegro,MNE,Education,42.331,2021
Montenegro,MNE,Education,24.540,2022
Montenegro,MNE,Education,14.724,2023
Montenegro,MNE,Employment and Time Use,0.000,1960
Montenegro,MNE,Employment and Time Use,0.000,1961
Montenegro,MNE,Employment and Time Use,0.000,1962
Montenegro,MNE,Employment and Time Use,0.000,1963
Montenegro,MNE,Employment and Time Use,0.000,1964
Montenegro,MNE,Employment and Time Use,0.000,1965
Montenegro,MNE,Employment and Time Use,0.000,1966
Montenegro,MNE,Employment and Time Use,0.000,1967
Montenegro,MNE,Employment and Time Use,0.000,1968
Montenegro,MNE,Employment and Time Use,0.000,1969
Montenegro,MNE,Employment and Time Use,21.168,1970
Montenegro,MNE,Employment and Time Use,21.168,1971
Montenegro,MNE,Employment and Time Use,21.168,1972
Montenegro,MNE,Employment and Time Use,21.168,1973
Montenegro,MNE,Employment and Time Use,21.168,1974
Montenegro,MNE,Employment and Time Use,21.168,1975
Montenegro,MNE,Employment and Time Use,21.168,1976
Montenegro,MNE,Employment and Time Use,21.168,1977
Montenegro,MNE,Employment and Time Use,21.168,1978
Montenegro,MNE,Employment and Time Use,21.168,1979
Montenegro,MNE,Employment and Time Use,21.168,1980
Montenegro,MNE,Employment and Time Use,21.168,1981
Montenegro,MNE,Employment and Time Use,21.168,1982
Montenegro,MNE,Employment and Time Use,21.168,1983
Montenegro,MNE,Employment and Time Use,21.168,1984
Montenegro,MNE,Employment and Time Use,21.168,1985
Montenegro,MNE,Employment and Time Use,21.168,1986
Montenegro,MNE,Employment and Time Use,21.168,1987
Montenegro,MNE,Employment and Time Use,21.168,1988
Montenegro,MNE,Employment and Time Use,21.168,1989
Montenegro,MNE,Employment and Time Use,31.387,1990
Montenegro,MNE,Employment and Time Use,56.204,1991
Montenegro,MNE,Employment and Time Use,56.204,1992
Montenegro,MNE,Employment and Time Use,56.204,1993
Montenegro,MNE,Employment and Time Use,56.204,1994
Montenegro,MNE,Employment and Time Use,56.204,1995
Montenegro,MNE,Employment and Time Use,56.204,1996
Montenegro,MNE,Employment and Time Use,56.204,1997
Montenegro,MNE,Employment and Time Use,56.204,1998
Montenegro,MNE,Employment and Time Use,56.204,1999
Montenegro,MNE,Employment and Time Use,56.204,2000
Montenegro,MNE,Employment and Time Use,56.204,2001
Montenegro,MNE,Employment and Time Use,56.204,2002
Montenegro,MNE,Employment and Time Use,56.204,2003
Montenegro,MNE,Employment and Time Use,56.204,2004
Montenegro,MNE,Employment and Time Use,58.394,2005
Montenegro,MNE,Employment and Time Use,56.204,2006
Montenegro,MNE,Employment and Time Use,67.883,2007
Montenegro,MNE,Employment and Time Use,67.883,2008
Montenegro,MNE,Employment and Time Use,63.504,2009
Montenegro,MNE,Employment and Time Use,65.693,2010
Montenegro,MNE,Employment and Time Use,90.511,2011
Montenegro,MNE,Employment and Time Use,89.051,2012
Montenegro,MNE,Employment and Time Use,89.051,2013
Montenegro,MNE,Employment and Time Use,90.511,2014
Montenegro,MNE,Employment and Time Use,90.511,2015
Montenegro,MNE,Employment and Time Use,90.511,2016
Montenegro,MNE,Employment and Time Use,90.511,2017
Montenegro,MNE,Employment and Time Use,90.511,2018
Montenegro,MNE,Employment and Time Use,90.511,2019
Montenegro,MNE,Employment and Time Use,90.511,2020
Montenegro,MNE,Employment and Time Use,86.131,2021
Montenegro,MNE,Employment and Time Use,86.131,2022
Montenegro,MNE,Employment and Time Use,60.584,2023
Montenegro,MNE,Entrepreneurship,0.000,1960
Montenegro,MNE,Entrepreneurship,0.000,1961
Montenegro,MNE,Entrepreneurship,0.000,1962
Montenegro,MNE,Entrepreneurship,0.000,1963
Montenegro,MNE,Entrepreneurship,0.000,1964
Montenegro,MNE,Entrepreneurship,0.000,1965
Montenegro,MNE,Entrepreneurship,0.000,1966
Montenegro,MNE,Entrepreneurship,0.000,1967
Montenegro,MNE,Entrepreneurship,0.000,1968
Montenegro,MNE,Entrepreneurship,0.000,1969
Montenegro,MNE,Entrepreneurship,9.375,1970
Montenegro,MNE,Entrepreneurship,9.375,1971
Montenegro,MNE,Entrepreneurship,9.375,1972
Montenegro,MNE,Entrepreneurship,9.375,1973
Montenegro,MNE,Entrepreneurship,9.375,1974
Montenegro,MNE,Entrepreneurship,9.375,1975
Montenegro,MNE,Entrepreneurship,9.375,1976
Montenegro,MNE,Entrepreneurship,9.375,1977
Montenegro,MNE,Entrepreneurship,9.375,1978
Montenegro,MNE,Entrepreneurship,9.375,1979
Montenegro,MNE,Entrepreneurship,9.375,1980
Montenegro,MNE,Entrepreneurship,9.375,1981
Montenegro,MNE,Entrepreneurship,9.375,1982
Montenegro,MNE,Entrepreneurship,9.375,1983
Montenegro,MNE,Entrepreneurship,9.375,1984
Montenegro,MNE,Entrepreneurship,9.375,1985
Montenegro,MNE,Entrepreneurship,9.375,1986
Montenegro,MNE,Entrepreneurship,9.375,1987
Montenegro,MNE,Entrepreneurship,9.375,1988
Montenegro,MNE,Entrepreneurship,9.375,1989
Montenegro,MNE,Entrepreneurship,9.375,1990
Montenegro,MNE,Entrepreneurship,9.375,1991
Montenegro,MNE,Entrepreneurship,9.375,1992
Montenegro,MNE,Entrepreneurship,9.375,1993
Montenegro,MNE,Entrepreneurship,9.375,1994
Montenegro,MNE,Entrepreneurship,9.375,1995
Montenegro,MNE,Entrepreneurship,9.375,1996
Montenegro,MNE,Entrepreneurship,9.375,1997
Montenegro,MNE,Entrepreneurship,9.375,1998
Montenegro,MNE,Entrepreneurship,9.375,1999
Montenegro,MNE,Entrepreneurship,9.375,2000
Montenegro,MNE,Entrepreneurship,9.375,2001
Montenegro,MNE,Entrepreneurship,9.375,2002
Montenegro,MNE,Entrepreneurship,9.375,2003
Montenegro,MNE,Entrepreneurship,9.375,2004
Montenegro,MNE,Entrepreneurship,9.375,2005
Montenegro,MNE,Entrepreneurship,37.500,2006
Montenegro,MNE,Entrepreneurship,37.500,2007
Montenegro,MNE,Entrepreneurship,37.500,2008
Montenegro,MNE,Entrepreneurship,43.750,2009
Montenegro,MNE,Entrepreneurship,37.500,2010
Montenegro,MNE,Entrepreneurship,37.500,2011
Montenegro,MNE,Entrepreneurship,37.500,2012
Montenegro,MNE,Entrepreneurship,43.750,2013
Montenegro,MNE,Entrepreneurship,81.250,2014
Montenegro,MNE,Entrepreneurship,62.500,2015
Montenegro,MNE,Entrepreneurship,62.500,2016
Montenegro,MNE,Entrepreneurship,81.250,2017
Montenegro,MNE,Entrepreneurship,62.500,2018
Montenegro,MNE,Entrepreneurship,68.750,2019
Montenegro,MNE,Entrepreneurship,34.375,2020
Montenegro,MNE,Entrepreneurship,9.375,2021
Montenegro,MNE,Entrepreneurship,9.375,2022
Montenegro,MNE,Entrepreneurship,15.625,2023
Montenegro,MNE,Environment,0.000,1960
Montenegro,MNE,Environment,0.000,1961
Montenegro,MNE,Environment,0.000,1962
Montenegro,MNE,Environment,0.000,1963
Montenegro,MNE,Environment,0.000,1964
Montenegro,MNE,Environment,0.000,1965
Montenegro,MNE,Environment,0.000,1966
Montenegro,MNE,Environment,0.000,1967
Montenegro,MNE,Environment,0.000,1968
Montenegro,MNE,Environment,0.000,1969
Montenegro,MNE,Environment,0.000,1970
Montenegro,MNE,Environment,0.000,1971
Montenegro,MNE,Environment,0.000,1972
Montenegro,MNE,Environment,0.000,1973
Montenegro,MNE,Environment,0.000,1974
Montenegro,MNE,Environment,0.000,1975
Montenegro,MNE,Environment,0.000,1976
Montenegro,MNE,Environment,0.000,1977
Montenegro,MNE,Environment,0.000,1978
Montenegro,MNE,Environment,0.000,1979
Montenegro,MNE,Environment,0.000,1980
Montenegro,MNE,Environment,0.000,1981
Montenegro,MNE,Environment,0.000,1982
Montenegro,MNE,Environment,0.000,1983
Montenegro,MNE,Environment,0.000,1984
Montenegro,MNE,Environment,0.000,1985
Montenegro,MNE,Environment,0.000,1986
Montenegro,MNE,Environment,0.000,1987
Montenegro,MNE,Environment,0.000,1988
Montenegro,MNE,Environment,0.000,1989
Montenegro,MNE,Environment,0.000,1990
Montenegro,MNE,Environment,0.000,1991
Montenegro,MNE,Environment,0.000,1992
Montenegro,MNE,Environment,0.000,1993
Montenegro,MNE,Environment,0.000,1994
Montenegro,MNE,Environment,0.000,1995
Montenegro,MNE,Environment,0.000,1996
Montenegro,MNE,Environment,0.000,1997
Montenegro,MNE,Environment,0.000,1998
Montenegro,MNE,Environment,0.000,1999
Montenegro,MNE,Environment,0.000,2000
Montenegro,MNE,Environment,0.000,2001
Montenegro,MNE,Environment,0.000,2002
Montenegro,MNE,Environment,0.000,2003
Montenegro,MNE,Environment,0.000,2004
Montenegro,MNE,Environment,0.000,2005
Montenegro,MNE,Environment,10.000,2006
Montenegro,MNE,Environment,10.000,2007
Montenegro,MNE,Environment,10.000,2008
Montenegro,MNE,Environment,10.000,2009
Montenegro,MNE,Environment,10.000,2010
Montenegro,MNE,Environment,10.000,2011
Montenegro,MNE,Environment,10.000,2012
Montenegro,MNE,Environment,10.000,2013
Montenegro,MNE,Environment,20.000,2014
Montenegro,MNE,Environment,10.000,2015
Montenegro,MNE,Environment,10.000,2016
Montenegro,MNE,Environment,20.000,2017
Montenegro,MNE,Environment,20.000,2018
Montenegro,MNE,Environment,30.000,2019
Montenegro,MNE,Environment,10.000,2020
Montenegro,MNE,Environment,10.000,2021
Montenegro,MNE,Environment,10.000,2022
Montenegro,MNE,Environment,0.000,2023
Montenegro,MNE,Health,3.030,1960
Montenegro,MNE,Health,3.030,1961
Montenegro,MNE,Health,3.030,1962
Montenegro,MNE,Health,3.030,1963
Montenegro,MNE,Health,3.030,1964
Montenegro,MNE,Health,3.030,1965
Montenegro,MNE,Health,3.030,1966
Montenegro,MNE,Health,3.030,1967
Montenegro,MNE,Health,3.030,1968
Montenegro,MNE,Health,3.030,1969
Montenegro,MNE,Health,3.030,1970
Montenegro,MNE,Health,3.030,1971
Montenegro,MNE,Health,3.030,1972
Montenegro,MNE,Health,3.030,1973
Montenegro,MNE,Health,3.030,1974
Montenegro,MNE,Health,5.556,1975
Montenegro,MNE,Health,5.556,1976
Montenegro,MNE,Health,5.556,1977
Montenegro,MNE,Health,5.556,1978
Montenegro,MNE,Health,5.556,1979
Montenegro,MNE,Health,5.556,1980
Montenegro,MNE,Health,5.556,1981
Montenegro,MNE,Health,5.556,1982
Montenegro,MNE,Health,5.556,1983
Montenegro,MNE,Health,8.586,1984
Montenegro,MNE,Health,10.101,1985
Montenegro,MNE,Health,10.101,1986
Montenegro,MNE,Health,10.101,1987
Montenegro,MNE,Health,10.101,1988
Montenegro,MNE,Health,11.111,1989
Montenegro,MNE,Health,15.657,1990
Montenegro,MNE,Health,15.657,1991
Montenegro,MNE,Health,15.657,1992
Montenegro,MNE,Health,15.657,1993
Montenegro,MNE,Health,15.657,1994
Montenegro,MNE,Health,15.657,1995
Montenegro,MNE,Health,15.657,1996
Montenegro,MNE,Health,15.657,1997
Montenegro,MNE,Health,15.657,1998
Montenegro,MNE,Health,15.657,1999
Montenegro,MNE,Health,53.535,2000
Montenegro,MNE,Health,28.283,2001
Montenegro,MNE,Health,28.283,2002
Montenegro,MNE,Health,28.283,2003
Montenegro,MNE,Health,28.283,2004
Montenegro,MNE,Health,38.384,2005
Montenegro,MNE,Health,32.323,2006
Montenegro,MNE,Health,30.808,2007
Montenegro,MNE,Health,30.808,2008
Montenegro,MNE,Health,30.808,2009
Montenegro,MNE,Health,60.101,2010
Montenegro,MNE,Health,29.798,2011
Montenegro,MNE,Health,29.798,2012
Montenegro,MNE,Health,42.424,2013
Montenegro,MNE,Health,31.313,2014
Montenegro,MNE,Health,55.556,2015
Montenegro,MNE,Health,29.798,2016
Montenegro,MNE,Health,33.333,2017
Montenegro,MNE,Health,50.505,2018
Montenegro,MNE,Health,56.061,2019
Montenegro,MNE,Health,25.758,2020
Montenegro,MNE,Health,17.677,2021
Montenegro,MNE,Health,16.667,2022
Montenegro,MNE,Health,1.010,2023
Montenegro,MNE,Leadership,0.000,1960
Montenegro,MNE,Leadership,0.000,1961
Montenegro,MNE,Leadership,0.000,1962
Montenegro,MNE,Leadership,0.000,1963
Montenegro,MNE,Leadership,0.000,1964
Montenegro,MNE,Leadership,0.000,1965
Montenegro,MNE,Leadership,0.000,1966
Montenegro,MNE,Leadership,0.000,1967
Montenegro,MNE,Leadership,0.000,1968
Montenegro,MNE,Leadership,0.000,1969
Montenegro,MNE,Leadership,0.000,1970
Montenegro,MNE,Leadership,0.000,1971
Montenegro,MNE,Leadership,0.000,1972
Montenegro,MNE,Leadership,0.000,1973
Montenegro,MNE,Leadership,0.000,1974
Montenegro,MNE,Leadership,0.000,1975
Montenegro,MNE,Leadership,0.000,1976
Montenegro,MNE,Leadership,0.000,1977
Montenegro,MNE,Leadership,0.000,1978
Montenegro,MNE,Leadership,0.000,1979
Montenegro,MNE,Leadership,0.000,1980
Montenegro,MNE,Leadership,0.000,1981
Montenegro,MNE,Leadership,0.000,1982
Montenegro,MNE,Leadership,0.000,1983
Montenegro,MNE,Leadership,0.000,1984
Montenegro,MNE,Leadership,0.000,1985
Montenegro,MNE,Leadership,0.000,1986
Montenegro,MNE,Leadership,0.000,1987
Montenegro,MNE,Leadership,0.000,1988
Montenegro,MNE,Leadership,0.000,1989
Montenegro,MNE,Leadership,0.000,1990
Montenegro,MNE,Leadership,0.000,1991
Montenegro,MNE,Leadership,0.000,1992
Montenegro,MNE,Leadership,0.000,1993
Montenegro,MNE,Leadership,0.000,1994
Montenegro,MNE,Leadership,0.000,1995
Montenegro,MNE,Leadership,0.000,1996
Montenegro,MNE,Leadership,0.000,1997
Montenegro,MNE,Leadership,0.000,1998
Montenegro,MNE,Leadership,0.000,1999
Montenegro,MNE,Leadership,0.000,2000
Montenegro,MNE,Leadership,0.000,2001
Montenegro,MNE,Leadership,0.000,2002
Montenegro,MNE,Leadership,0.000,2003
Montenegro,MNE,Leadership,0.000,2004
Montenegro,MNE,Leadership,0.000,2005
Montenegro,MNE,Leadership,25.000,2006
Montenegro,MNE,Leadership,25.000,2007
Montenegro,MNE,Leadership,50.000,2008
Montenegro,MNE,Leadership,50.000,2009
Montenegro,MNE,Leadership,50.000,2010
Montenegro,MNE,Leadership,50.000,2011
Montenegro,MNE,Leadership,75.000,2012
Montenegro,MNE,Leadership,75.000,2013
Montenegro,MNE,Leadership,75.000,2014
Montenegro,MNE,Leadership,75.000,2015
Montenegro,MNE,Leadership,75.000,2016
Montenegro,MNE,Leadership,50.000,2017
Montenegro,MNE,Leadership,75.000,2018
Montenegro,MNE,Leadership,100.000,2019
Montenegro,MNE,Leadership,75.000,2020
Montenegro,MNE,Leadership,50.000,2021
Montenegro,MNE,Leadership,75.000,2022
Montenegro,MNE,Leadership,50.000,2023
Montenegro,MNE,Norms and Decision-making,0.000,1960
Montenegro,MNE,Norms and Decision-making,0.000,1961
Montenegro,MNE,Norms and Decision-making,0.000,1962
Montenegro,MNE,Norms and Decision-making,0.000,1963
Montenegro,MNE,Norms and Decision-making,0.000,1964
Montenegro,MNE,Norms and Decision-making,0.000,1965
Montenegro,MNE,Norms and Decision-making,0.000,1966
Montenegro,MNE,Norms and Decision-making,0.000,1967
Montenegro,MNE,Norms and Decision-making,0.000,1968
Montenegro,MNE,Norms and Decision-making,0.000,1969
Montenegro,MNE,Norms and Decision-making,12.593,1970
Montenegro,MNE,Norms and Decision-making,12.593,1971
Montenegro,MNE,Norms and Decision-making,12.593,1972
Montenegro,MNE,Norms and Decision-making,12.593,1973
Montenegro,MNE,Norms and Decision-making,12.593,1974
Montenegro,MNE,Norms and Decision-making,12.593,1975
Montenegro,MNE,Norms and Decision-making,12.593,1976
Montenegro,MNE,Norms and Decision-making,12.593,1977
Montenegro,MNE,Norms and Decision-making,12.593,1978
Montenegro,MNE,Norms and Decision-making,12.593,1979
Montenegro,MNE,Norms and Decision-making,12.593,1980
Montenegro,MNE,Norms and Decision-making,12.593,1981
Montenegro,MNE,Norms and Decision-making,12.593,1982
Montenegro,MNE,Norms and Decision-making,12.593,1983
Montenegro,MNE,Norms and Decision-making,12.593,1984
Montenegro,MNE,Norms and Decision-making,12.593,1985
Montenegro,MNE,Norms and Decision-making,12.593,1986
Montenegro,MNE,Norms and Decision-making,12.593,1987
Montenegro,MNE,Norms and Decision-making,12.593,1988
Montenegro,MNE,Norms and Decision-making,12.593,1989
Montenegro,MNE,Norms and Decision-making,12.593,1990
Montenegro,MNE,Norms and Decision-making,12.593,1991
Montenegro,MNE,Norms and Decision-making,12.593,1992
Montenegro,MNE,Norms and Decision-making,12.593,1993
Montenegro,MNE,Norms and Decision-making,12.593,1994
Montenegro,MNE,Norms and Decision-making,12.593,1995
Montenegro,MNE,Norms and Decision-making,12.593,1996
Montenegro,MNE,Norms and Decision-making,12.593,1997
Montenegro,MNE,Norms and Decision-making,12.593,1998
Montenegro,MNE,Norms and Decision-making,12.593,1999
Montenegro,MNE,Norms and Decision-making,12.593,2000
Montenegro,MNE,Norms and Decision-making,12.593,2001
Montenegro,MNE,Norms and Decision-making,12.593,2002
Montenegro,MNE,Norms and Decision-making,14.074,2003
Montenegro,MNE,Norms and Decision-making,12.593,2004
Montenegro,MNE,Norms and Decision-making,14.074,2005
Montenegro,MNE,Norms and Decision-making,13.333,2006
Montenegro,MNE,Norms and Decision-making,12.593,2007
Montenegro,MNE,Norms and Decision-making,12.593,2008
Montenegro,MNE,Norms and Decision-making,12.593,2009
Montenegro,MNE,Norms and Decision-making,12.593,2010
Montenegro,MNE,Norms and Decision-making,14.074,2011
Montenegro,MNE,Norms and Decision-making,12.593,2012
Montenegro,MNE,Norms and Decision-making,17.037,2013
Montenegro,MNE,Norms and Decision-making,12.593,2014
Montenegro,MNE,Norms and Decision-making,12.593,2015
Montenegro,MNE,Norms and Decision-making,12.593,2016
Montenegro,MNE,Norms and Decision-making,12.593,2017
Montenegro,MNE,Norms and Decision-making,17.037,2018
Montenegro,MNE,Norms and Decision-making,12.593,2019
Montenegro,MNE,Norms and Decision-making,12.593,2020
Montenegro,MNE,Norms and Decision-making,12.593,2021
Montenegro,MNE,Norms and Decision-making,12.593,2022
Montenegro,MNE,Norms and Decision-making,12.593,2023
Montenegro,MNE,Population,86.905,1960
Montenegro,MNE,Population,86.905,1961
Montenegro,MNE,Population,86.905,1962
Montenegro,MNE,Population,86.905,1963
Montenegro,MNE,Population,86.905,1964
Montenegro,MNE,Population,86.905,1965
Montenegro,MNE,Population,86.905,1966
Montenegro,MNE,Population,86.905,1967
Montenegro,MNE,Population,86.905,1968
Montenegro,MNE,Population,86.905,1969
Montenegro,MNE,Population,86.905,1970
Montenegro,MNE,Population,86.905,1971
Montenegro,MNE,Population,86.905,1972
Montenegro,MNE,Population,86.905,1973
Montenegro,MNE,Population,86.905,1974
Montenegro,MNE,Population,86.905,1975
Montenegro,MNE,Population,86.905,1976
Montenegro,MNE,Population,86.905,1977
Montenegro,MNE,Population,86.905,1978
Montenegro,MNE,Population,86.905,1979
Montenegro,MNE,Population,91.667,1980
Montenegro,MNE,Population,86.905,1981
Montenegro,MNE,Population,86.905,1982
Montenegro,MNE,Population,86.905,1983
Montenegro,MNE,Population,86.905,1984
Montenegro,MNE,Population,91.667,1985
Montenegro,MNE,Population,86.905,1986
Montenegro,MNE,Population,86.905,1987
Montenegro,MNE,Population,86.905,1988
Montenegro,MNE,Population,86.905,1989
Montenegro,MNE,Population,91.667,1990
Montenegro,MNE,Population,86.905,1991
Montenegro,MNE,Population,86.905,1992
Montenegro,MNE,Population,86.905,1993
Montenegro,MNE,Population,86.905,1994
Montenegro,MNE,Population,91.667,1995
Montenegro,MNE,Population,86.905,1996
Montenegro,MNE,Population,86.905,1997
Montenegro,MNE,Population,86.905,1998
Montenegro,MNE,Population,86.905,1999
Montenegro,MNE,Population,91.667,2000
Montenegro,MNE,Population,86.905,2001
Montenegro,MNE,Population,86.905,2002
Montenegro,MNE,Population,89.286,2003
Montenegro,MNE,Population,86.905,2004
Montenegro,MNE,Population,92.857,2005
Montenegro,MNE,Population,89.286,2006
Montenegro,MNE,Population,86.905,2007
Montenegro,MNE,Population,86.905,2008
Montenegro,MNE,Population,86.905,2009
Montenegro,MNE,Population,92.857,2010
Montenegro,MNE,Population,89.286,2011
Montenegro,MNE,Population,86.905,2012
Montenegro,MNE,Population,92.857,2013
Montenegro,MNE,Population,86.905,2014
Montenegro,MNE,Population,92.857,2015
Montenegro,MNE,Population,86.905,2016
Montenegro,MNE,Population,86.905,2017
Montenegro,MNE,Population,86.905,2018
Montenegro,MNE,Population,86.905,2019
Montenegro,MNE,Population,88.095,2020
Montenegro,MNE,Population,86.905,2021
Montenegro,MNE,Population,86.905,2022
Montenegro,MNE,Population,77.381,2023
Montenegro,MNE,SDGs,0.671,1960
Montenegro,MNE,SDGs,0.671,1961
Montenegro,MNE,SDGs,0.671,1962
Montenegro,MNE,SDGs,0.671,1963
Montenegro,MNE,SDGs,0.671,1964
Montenegro,MNE,SDGs,0.671,1965
Montenegro,MNE,SDGs,0.671,1966
Montenegro,MNE,SDGs,0.671,1967
Montenegro,MNE,SDGs,0.671,1968
Montenegro,MNE,SDGs,0.671,1969
Montenegro,MNE,SDGs,9.396,1970
Montenegro,MNE,SDGs,9.396,1971
Montenegro,MNE,SDGs,9.396,1972
Montenegro,MNE,SDGs,9.396,1973
Montenegro,MNE,SDGs,9.396,1974
Montenegro,MNE,SDGs,9.396,1975
Montenegro,MNE,SDGs,9.396,1976
Montenegro,MNE,SDGs,9.396,1977
Montenegro,MNE,SDGs,9.396,1978
Montenegro,MNE,SDGs,9.396,1979
Montenegro,MNE,SDGs,9.396,1980
Montenegro,MNE,SDGs,9.396,1981
Montenegro,MNE,SDGs,9.396,1982
Montenegro,MNE,SDGs,9.396,1983
Montenegro,MNE,SDGs,11.409,1984
Montenegro,MNE,SDGs,11.409,1985
Montenegro,MNE,SDGs,11.409,1986
Montenegro,MNE,SDGs,11.409,1987
Montenegro,MNE,SDGs,11.409,1988
Montenegro,MNE,SDGs,11.409,1989
Montenegro,MNE,SDGs,15.436,1990
Montenegro,MNE,SDGs,19.463,1991
Montenegro,MNE,SDGs,19.463,1992
Montenegro,MNE,SDGs,19.463,1993
Montenegro,MNE,SDGs,19.463,1994
Montenegro,MNE,SDGs,19.463,1995
Montenegro,MNE,SDGs,19.463,1996
Montenegro,MNE,SDGs,19.463,1997
Montenegro,MNE,SDGs,19.463,1998
Montenegro,MNE,SDGs,19.463,1999
Montenegro,MNE,SDGs,61.745,2000
Montenegro,MNE,SDGs,29.530,2001
Montenegro,MNE,SDGs,29.530,2002
Montenegro,MNE,SDGs,29.530,2003
Montenegro,MNE,SDGs,29.530,2004
Montenegro,MNE,SDGs,33.557,2005
Montenegro,MNE,SDGs,32.886,2006
Montenegro,MNE,SDGs,34.899,2007
Montenegro,MNE,SDGs,34.899,2008
Montenegro,MNE,SDGs,34.899,2009
Montenegro,MNE,SDGs,67.785,2010
Montenegro,MNE,SDGs,37.584,2011
Montenegro,MNE,SDGs,35.570,2012
Montenegro,MNE,SDGs,36.242,2013
Montenegro,MNE,SDGs,37.584,2014
Montenegro,MNE,SDGs,69.799,2015
Montenegro,MNE,SDGs,35.570,2016
Montenegro,MNE,SDGs,37.584,2017
Montenegro,MNE,SDGs,40.940,2018
Montenegro,MNE,SDGs,73.826,2019
Montenegro,MNE,SDGs,29.530,2020
Montenegro,MNE,SDGs,26.846,2021
Montenegro,MNE,SDGs,26.846,2022
Montenegro,MNE,SDGs,14.094,2023
Montenegro,MNE,Technology,0.000,1960
Montenegro,MNE,Technology,0.000,1961
Montenegro,MNE,Technology,0.000,1962
Montenegro,MNE,Technology,0.000,1963
Montenegro,MNE,Technology,0.000,1964
Montenegro,MNE,Technology,0.000,1965
Montenegro,MNE,Technology,0.000,1966
Montenegro,MNE,Technology,0.000,1967
Montenegro,MNE,Technology,0.000,1968
Montenegro,MNE,Technology,0.000,1969
Montenegro,MNE,Technology,0.000,1970
Montenegro,MNE,Technology,0.000,1971
Montenegro,MNE,Technology,0.000,1972
Montenegro,MNE,Technology,0.000,1973
Montenegro,MNE,Technology,0.000,1974
Montenegro,MNE,Technology,0.000,1975
Montenegro,MNE,Technology,0.000,1976
Montenegro,MNE,Technology,0.000,1977
Montenegro,MNE,Technology,0.000,1978
Montenegro,MNE,Technology,0.000,1979
Montenegro,MNE,Technology,0.000,1980
Montenegro,MNE,Technology,0.000,1981
Montenegro,MNE,Technology,0.000,1982
Montenegro,MNE,Technology,0.000,1983
Montenegro,MNE,Technology,0.000,1984
Montenegro,MNE,Technology,0.000,1985
Montenegro,MNE,Technology,0.000,1986
Montenegro,MNE,Technology,0.000,1987
Montenegro,MNE,Technology,0.000,1988
Montenegro,MNE,Technology,0.000,1989
Montenegro,MNE,Technology,0.000,1990
Montenegro,MNE,Technology,0.000,1991
Montenegro,MNE,Technology,0.000,1992
Montenegro,MNE,Technology,0.000,1993
Montenegro,MNE,Technology,0.000,1994
Montenegro,MNE,Technology,0.000,1995
Montenegro,MNE,Technology,0.000,1996
Montenegro,MNE,Technology,0.000,1997
Montenegro,MNE,Technology,0.000,1998
Montenegro,MNE,Technology,0.000,1999
Montenegro,MNE,Technology,0.000,2000
Montenegro,MNE,Technology,0.000,2001
Montenegro,MNE,Technology,0.000,2002
Montenegro,MNE,Technology,0.000,2003
Montenegro,MNE,Technology,2.222,2004
Montenegro,MNE,Technology,2.222,2005
Montenegro,MNE,Technology,2.222,2006
Montenegro,MNE,Technology,2.222,2007
Montenegro,MNE,Technology,2.222,2008
Montenegro,MNE,Technology,2.222,2009
Montenegro,MNE,Technology,2.222,2010
Montenegro,MNE,Technology,13.333,2011
Montenegro,MNE,Technology,6.667,2012
Montenegro,MNE,Technology,2.222,2013
Montenegro,MNE,Technology,33.333,2014
Montenegro,MNE,Technology,6.667,2015
Montenegro,MNE,Technology,6.667,2016
Montenegro,MNE,Technology,53.333,2017
Montenegro,MNE,Technology,6.667,2018
Montenegro,MNE,Technology,6.667,2019
Montenegro,MNE,Technology,6.667,2020
Montenegro,MNE,Technology,6.667,2021
Montenegro,MNE,Technology,6.667,2022
Montenegro,MNE,Technology,0.000,2023
Montenegro,MNE,Violence,0.000,1960
Montenegro,MNE,Violence,0.000,1961
Montenegro,MNE,Violence,0.000,1962
Montenegro,MNE,Violence,0.000,1963
Montenegro,MNE,Violence,0.000,1964
Montenegro,MNE,Violence,0.000,1965
Montenegro,MNE,Violence,0.000,1966
Montenegro,MNE,Violence,0.000,1967
Montenegro,MNE,Violence,0.000,1968
Montenegro,MNE,Violence,0.000,1969
Montenegro,MNE,Violence,2.143,1970
Montenegro,MNE,Violence,2.143,1971
Montenegro,MNE,Violence,2.143,1972
Montenegro,MNE,Violence,2.143,1973
Montenegro,MNE,Violence,2.143,1974
Montenegro,MNE,Violence,2.143,1975
Montenegro,MNE,Violence,2.143,1976
Montenegro,MNE,Violence,2.143,1977
Montenegro,MNE,Violence,2.143,1978
Montenegro,MNE,Violence,2.143,1979
Montenegro,MNE,Violence,2.143,1980
Montenegro,MNE,Violence,2.143,1981
Montenegro,MNE,Violence,2.143,1982
Montenegro,MNE,Violence,2.143,1983
Montenegro,MNE,Violence,2.143,1984
Montenegro,MNE,Violence,2.143,1985
Montenegro,MNE,Violence,2.143,1986
Montenegro,MNE,Violence,2.143,1987
Montenegro,MNE,Violence,2.143,1988
Montenegro,MNE,Violence,2.143,1989
Montenegro,MNE,Violence,2.143,1990
Montenegro,MNE,Violence,2.143,1991
Montenegro,MNE,Violence,2.143,1992
Montenegro,MNE,Violence,2.143,1993
Montenegro,MNE,Violence,2.143,1994
Montenegro,MNE,Violence,2.143,1995
Montenegro,MNE,Violence,2.143,1996
Montenegro,MNE,Violence,2.143,1997
Montenegro,MNE,Violence,2.143,1998
Montenegro,MNE,Violence,2.143,1999
Montenegro,MNE,Violence,4.286,2000
Montenegro,MNE,Violence,4.286,2001
Montenegro,MNE,Violence,5.000,2002
Montenegro,MNE,Violence,4.286,2003
Montenegro,MNE,Violence,4.286,2004
Montenegro,MNE,Violence,4.286,2005
Montenegro,MNE,Violence,4.286,2006
Montenegro,MNE,Violence,6.429,2007
Montenegro,MNE,Violence,6.429,2008
Montenegro,MNE,Violence,6.429,2009
Montenegro,MNE,Violence,6.429,2010
Montenegro,MNE,Violence,6.429,2011
Montenegro,MNE,Violence,6.429,2012
Montenegro,MNE,Violence,6.429,2013
Montenegro,MNE,Violence,6.429,2014
Montenegro,MNE,Violence,6.429,2015
Montenegro,MNE,Violence,6.429,2016
Montenegro,MNE,Violence,6.429,2017
Montenegro,MNE,Violence,10.714,2018
Montenegro,MNE,Violence,6.429,2019
Montenegro,MNE,Violence,4.286,2020
Montenegro,MNE,Violence,4.286,2021
Montenegro,MNE,Violence,2.143,2022
Montenegro,MNE,Violence,2.143,2023
Montenegro,MNE,Youth 15-24,4.587,1960
Montenegro,MNE,Youth 15-24,4.587,1961
Montenegro,MNE,Youth 15-24,4.587,1962
Montenegro,MNE,Youth 15-24,4.587,1963
Montenegro,MNE,Youth 15-24,4.587,1964
Montenegro,MNE,Youth 15-24,4.587,1965
Montenegro,MNE,Youth 15-24,4.587,1966
Montenegro,MNE,Youth 15-24,4.587,1967
Montenegro,MNE,Youth 15-24,4.587,1968
Montenegro,MNE,Youth 15-24,4.587,1969
Montenegro,MNE,Youth 15-24,4.587,1970
Montenegro,MNE,Youth 15-24,4.587,1971
Montenegro,MNE,Youth 15-24,4.587,1972
Montenegro,MNE,Youth 15-24,4.587,1973
Montenegro,MNE,Youth 15-24,4.587,1974
Montenegro,MNE,Youth 15-24,4.587,1975
Montenegro,MNE,Youth 15-24,4.587,1976
Montenegro,MNE,Youth 15-24,4.587,1977
Montenegro,MNE,Youth 15-24,4.587,1978
Montenegro,MNE,Youth 15-24,4.587,1979
Montenegro,MNE,Youth 15-24,4.587,1980
Montenegro,MNE,Youth 15-24,11.927,1981
Montenegro,MNE,Youth 15-24,4.587,1982
Montenegro,MNE,Youth 15-24,4.587,1983
Montenegro,MNE,Youth 15-24,4.587,1984
Montenegro,MNE,Youth 15-24,4.587,1985
Montenegro,MNE,Youth 15-24,4.587,1986
Montenegro,MNE,Youth 15-24,4.587,1987
Montenegro,MNE,Youth 15-24,4.587,1988
Montenegro,MNE,Youth 15-24,4.587,1989
Montenegro,MNE,Youth 15-24,11.927,1990
Montenegro,MNE,Youth 15-24,25.688,1991
Montenegro,MNE,Youth 15-24,18.349,1992
Montenegro,MNE,Youth 15-24,18.349,1993
Montenegro,MNE,Youth 15-24,18.349,1994
Montenegro,MNE,Youth 15-24,18.349,1995
Montenegro,MNE,Youth 15-24,18.349,1996
Montenegro,MNE,Youth 15-24,18.349,1997
Montenegro,MNE,Youth 15-24,18.349,1998
Montenegro,MNE,Youth 15-24,18.349,1999
Montenegro,MNE,Youth 15-24,22.018,2000
Montenegro,MNE,Youth 15-24,25.688,2001
Montenegro,MNE,Youth 15-24,25.688,2002
Montenegro,MNE,Youth 15-24,48.624,2003
Montenegro,MNE,Youth 15-24,35.780,2004
Montenegro,MNE,Youth 15-24,36.697,2005
Montenegro,MNE,Youth 15-24,35.780,2006
Montenegro,MNE,Youth 15-24,41.284,2007
Montenegro,MNE,Youth 15-24,41.284,2008
Montenegro,MNE,Youth 15-24,35.780,2009
Montenegro,MNE,Youth 15-24,38.532,2010
Montenegro,MNE,Youth 15-24,60.550,2011
Montenegro,MNE,Youth 15-24,55.963,2012
Montenegro,MNE,Youth 15-24,43.119,2013
Montenegro,MNE,Youth 15-24,44.954,2014
Montenegro,MNE,Youth 15-24,61.468,2015
Montenegro,MNE,Youth 15-24,66.055,2016
Montenegro,MNE,Youth 15-24,69.725,2017
Montenegro,MNE,Youth 15-24,72.477,2018
Montenegro,MNE,Youth 15-24,55.963,2019
Montenegro,MNE,Youth 15-24,50.459,2020
Montenegro,MNE,Youth 15-24,56.881,2021
Montenegro,MNE,Youth 15-24,40.367,2022
Montenegro,MNE,Youth 15-24,20.183,2023
