Country Name,Country Code,Topic,% of available indicators,Year
Solomon Islands,SLB,Assets,0.000,1960
Solomon Islands,SLB,Assets,0.000,1961
Solomon Islands,SLB,Assets,0.000,1962
Solomon Islands,SLB,Assets,0.000,1963
Solomon Islands,SLB,Assets,0.000,1964
Solomon Islands,SLB,Assets,0.000,1965
Solomon Islands,SLB,Assets,0.000,1966
Solomon Islands,SLB,Assets,0.000,1967
Solomon Islands,SLB,Assets,0.000,1968
Solomon Islands,SLB,Assets,0.000,1969
Solomon Islands,SLB,Assets,2.208,1970
Solomon Islands,SLB,Assets,2.208,1971
Solomon Islands,SLB,Assets,2.208,1972
Solomon Islands,SLB,Assets,2.208,1973
Solomon Islands,SLB,Assets,2.208,1974
Solomon Islands,SLB,Assets,2.208,1975
Solomon Islands,SLB,Assets,2.208,1976
Solomon Islands,SLB,Assets,2.208,1977
Solomon Islands,SLB,Assets,2.208,1978
Solomon Islands,SLB,Assets,2.208,1979
Solomon Islands,SLB,Assets,2.208,1980
Solomon Islands,SLB,Assets,2.208,1981
Solomon Islands,SLB,Assets,2.208,1982
Solomon Islands,SLB,Assets,2.208,1983
Solomon Islands,SLB,Assets,2.208,1984
Solomon Islands,SLB,Assets,2.208,1985
Solomon Islands,SLB,Assets,2.208,1986
Solomon Islands,SLB,Assets,2.208,1987
Solomon Islands,SLB,Assets,2.208,1988
Solomon Islands,SLB,Assets,2.208,1989
Solomon Islands,SLB,Assets,2.208,1990
Solomon Islands,SLB,Assets,2.208,1991
Solomon Islands,SLB,Assets,2.208,1992
Solomon Islands,SLB,Assets,2.208,1993
Solomon Islands,SLB,Assets,2.208,1994
Solomon Islands,SLB,Assets,2.208,1995
Solomon Islands,SLB,Assets,2.208,1996
Solomon Islands,SLB,Assets,2.208,1997
Solomon Islands,SLB,Assets,2.208,1998
Solomon Islands,SLB,Assets,2.208,1999
Solomon Islands,SLB,Assets,2.208,2000
Solomon Islands,SLB,Assets,2.208,2001
Solomon Islands,SLB,Assets,2.208,2002
Solomon Islands,SLB,Assets,2.208,2003
Solomon Islands,SLB,Assets,2.208,2004
Solomon Islands,SLB,Assets,2.208,2005
Solomon Islands,SLB,Assets,2.208,2006
Solomon Islands,SLB,Assets,2.208,2007
Solomon Islands,SLB,Assets,2.208,2008
Solomon Islands,SLB,Assets,2.208,2009
Solomon Islands,SLB,Assets,2.208,2010
Solomon Islands,SLB,Assets,2.208,2011
Solomon Islands,SLB,Assets,2.208,2012
Solomon Islands,SLB,Assets,2.208,2013
Solomon Islands,SLB,Assets,2.208,2014
Solomon Islands,SLB,Assets,2.208,2015
Solomon Islands,SLB,Assets,2.208,2016
Solomon Islands,SLB,Assets,2.208,2017
Solomon Islands,SLB,Assets,2.208,2018
Solomon Islands,SLB,Assets,2.208,2019
Solomon Islands,SLB,Assets,2.208,2020
Solomon Islands,SLB,Assets,2.208,2021
Solomon Islands,SLB,Assets,2.208,2022
Solomon Islands,SLB,Assets,2.208,2023
Solomon Islands,SLB,Children 0-14,19.231,1960
Solomon Islands,SLB,Children 0-14,19.231,1961
Solomon Islands,SLB,Children 0-14,19.231,1962
Solomon Islands,SLB,Children 0-14,19.231,1963
Solomon Islands,SLB,Children 0-14,19.231,1964
Solomon Islands,SLB,Children 0-14,19.231,1965
Solomon Islands,SLB,Children 0-14,19.231,1966
Solomon Islands,SLB,Children 0-14,19.231,1967
Solomon Islands,SLB,Children 0-14,19.231,1968
Solomon Islands,SLB,Children 0-14,19.231,1969
Solomon Islands,SLB,Children 0-14,25.385,1970
Solomon Islands,SLB,Children 0-14,23.077,1971
Solomon Islands,SLB,Children 0-14,23.077,1972
Solomon Islands,SLB,Children 0-14,23.077,1973
Solomon Islands,SLB,Children 0-14,24.615,1974
Solomon Islands,SLB,Children 0-14,26.154,1975
Solomon Islands,SLB,Children 0-14,23.077,1976
Solomon Islands,SLB,Children 0-14,23.077,1977
Solomon Islands,SLB,Children 0-14,23.077,1978
Solomon Islands,SLB,Children 0-14,23.077,1979
Solomon Islands,SLB,Children 0-14,30.769,1980
Solomon Islands,SLB,Children 0-14,28.462,1981
Solomon Islands,SLB,Children 0-14,26.923,1982
Solomon Islands,SLB,Children 0-14,26.923,1983
Solomon Islands,SLB,Children 0-14,22.308,1984
Solomon Islands,SLB,Children 0-14,20.769,1985
Solomon Islands,SLB,Children 0-14,27.692,1986
Solomon Islands,SLB,Children 0-14,21.538,1987
Solomon Islands,SLB,Children 0-14,20.769,1988
Solomon Islands,SLB,Children 0-14,32.308,1989
Solomon Islands,SLB,Children 0-14,28.462,1990
Solomon Islands,SLB,Children 0-14,28.462,1991
Solomon Islands,SLB,Children 0-14,28.462,1992
Solomon Islands,SLB,Children 0-14,28.462,1993
Solomon Islands,SLB,Children 0-14,28.462,1994
Solomon Islands,SLB,Children 0-14,22.308,1995
Solomon Islands,SLB,Children 0-14,22.308,1996
Solomon Islands,SLB,Children 0-14,22.308,1997
Solomon Islands,SLB,Children 0-14,20.769,1998
Solomon Islands,SLB,Children 0-14,24.615,1999
Solomon Islands,SLB,Children 0-14,43.077,2000
Solomon Islands,SLB,Children 0-14,20.769,2001
Solomon Islands,SLB,Children 0-14,29.231,2002
Solomon Islands,SLB,Children 0-14,20.769,2003
Solomon Islands,SLB,Children 0-14,20.769,2004
Solomon Islands,SLB,Children 0-14,32.308,2005
Solomon Islands,SLB,Children 0-14,32.308,2006
Solomon Islands,SLB,Children 0-14,44.615,2007
Solomon Islands,SLB,Children 0-14,20.769,2008
Solomon Islands,SLB,Children 0-14,20.769,2009
Solomon Islands,SLB,Children 0-14,48.462,2010
Solomon Islands,SLB,Children 0-14,33.846,2011
Solomon Islands,SLB,Children 0-14,33.846,2012
Solomon Islands,SLB,Children 0-14,39.231,2013
Solomon Islands,SLB,Children 0-14,33.846,2014
Solomon Islands,SLB,Children 0-14,63.846,2015
Solomon Islands,SLB,Children 0-14,36.154,2016
Solomon Islands,SLB,Children 0-14,46.154,2017
Solomon Islands,SLB,Children 0-14,50.769,2018
Solomon Islands,SLB,Children 0-14,47.692,2019
Solomon Islands,SLB,Children 0-14,32.308,2020
Solomon Islands,SLB,Children 0-14,20.769,2021
Solomon Islands,SLB,Children 0-14,20.769,2022
Solomon Islands,SLB,Children 0-14,19.231,2023
Solomon Islands,SLB,Education,0.000,1960
Solomon Islands,SLB,Education,0.000,1961
Solomon Islands,SLB,Education,0.000,1962
Solomon Islands,SLB,Education,0.000,1963
Solomon Islands,SLB,Education,0.000,1964
Solomon Islands,SLB,Education,0.000,1965
Solomon Islands,SLB,Education,0.000,1966
Solomon Islands,SLB,Education,0.000,1967
Solomon Islands,SLB,Education,0.000,1968
Solomon Islands,SLB,Education,0.000,1969
Solomon Islands,SLB,Education,12.883,1970
Solomon Islands,SLB,Education,11.656,1971
Solomon Islands,SLB,Education,6.135,1972
Solomon Islands,SLB,Education,6.135,1973
Solomon Islands,SLB,Education,4.908,1974
Solomon Islands,SLB,Education,13.497,1975
Solomon Islands,SLB,Education,4.908,1976
Solomon Islands,SLB,Education,4.908,1977
Solomon Islands,SLB,Education,4.908,1978
Solomon Islands,SLB,Education,5.521,1979
Solomon Islands,SLB,Education,11.656,1980
Solomon Islands,SLB,Education,9.202,1981
Solomon Islands,SLB,Education,7.975,1982
Solomon Islands,SLB,Education,7.975,1983
Solomon Islands,SLB,Education,1.840,1984
Solomon Islands,SLB,Education,0.613,1985
Solomon Islands,SLB,Education,12.883,1986
Solomon Islands,SLB,Education,0.613,1987
Solomon Islands,SLB,Education,0.000,1988
Solomon Islands,SLB,Education,0.000,1989
Solomon Islands,SLB,Education,12.270,1990
Solomon Islands,SLB,Education,12.883,1991
Solomon Islands,SLB,Education,12.270,1992
Solomon Islands,SLB,Education,12.270,1993
Solomon Islands,SLB,Education,12.270,1994
Solomon Islands,SLB,Education,1.227,1995
Solomon Islands,SLB,Education,1.227,1996
Solomon Islands,SLB,Education,1.227,1997
Solomon Islands,SLB,Education,0.613,1998
Solomon Islands,SLB,Education,13.497,1999
Solomon Islands,SLB,Education,12.883,2000
Solomon Islands,SLB,Education,4.908,2001
Solomon Islands,SLB,Education,12.270,2002
Solomon Islands,SLB,Education,0.000,2003
Solomon Islands,SLB,Education,0.000,2004
Solomon Islands,SLB,Education,12.883,2005
Solomon Islands,SLB,Education,15.951,2006
Solomon Islands,SLB,Education,16.564,2007
Solomon Islands,SLB,Education,1.227,2008
Solomon Islands,SLB,Education,0.613,2009
Solomon Islands,SLB,Education,14.724,2010
Solomon Islands,SLB,Education,17.178,2011
Solomon Islands,SLB,Education,15.337,2012
Solomon Islands,SLB,Education,28.221,2013
Solomon Islands,SLB,Education,11.043,2014
Solomon Islands,SLB,Education,13.497,2015
Solomon Islands,SLB,Education,14.724,2016
Solomon Islands,SLB,Education,30.061,2017
Solomon Islands,SLB,Education,31.902,2018
Solomon Islands,SLB,Education,11.043,2019
Solomon Islands,SLB,Education,17.178,2020
Solomon Islands,SLB,Education,0.613,2021
Solomon Islands,SLB,Education,0.613,2022
Solomon Islands,SLB,Education,8.589,2023
Solomon Islands,SLB,Employment and Time Use,0.000,1960
Solomon Islands,SLB,Employment and Time Use,0.000,1961
Solomon Islands,SLB,Employment and Time Use,0.000,1962
Solomon Islands,SLB,Employment and Time Use,0.000,1963
Solomon Islands,SLB,Employment and Time Use,0.000,1964
Solomon Islands,SLB,Employment and Time Use,0.000,1965
Solomon Islands,SLB,Employment and Time Use,0.000,1966
Solomon Islands,SLB,Employment and Time Use,0.000,1967
Solomon Islands,SLB,Employment and Time Use,0.000,1968
Solomon Islands,SLB,Employment and Time Use,0.000,1969
Solomon Islands,SLB,Employment and Time Use,21.168,1970
Solomon Islands,SLB,Employment and Time Use,21.168,1971
Solomon Islands,SLB,Employment and Time Use,21.168,1972
Solomon Islands,SLB,Employment and Time Use,21.168,1973
Solomon Islands,SLB,Employment and Time Use,21.168,1974
Solomon Islands,SLB,Employment and Time Use,21.168,1975
Solomon Islands,SLB,Employment and Time Use,21.168,1976
Solomon Islands,SLB,Employment and Time Use,21.168,1977
Solomon Islands,SLB,Employment and Time Use,21.168,1978
Solomon Islands,SLB,Employment and Time Use,21.168,1979
Solomon Islands,SLB,Employment and Time Use,21.168,1980
Solomon Islands,SLB,Employment and Time Use,21.168,1981
Solomon Islands,SLB,Employment and Time Use,21.168,1982
Solomon Islands,SLB,Employment and Time Use,21.168,1983
Solomon Islands,SLB,Employment and Time Use,21.168,1984
Solomon Islands,SLB,Employment and Time Use,21.168,1985
Solomon Islands,SLB,Employment and Time Use,21.168,1986
Solomon Islands,SLB,Employment and Time Use,21.168,1987
Solomon Islands,SLB,Employment and Time Use,21.168,1988
Solomon Islands,SLB,Employment and Time Use,21.168,1989
Solomon Islands,SLB,Employment and Time Use,31.387,1990
Solomon Islands,SLB,Employment and Time Use,56.204,1991
Solomon Islands,SLB,Employment and Time Use,56.204,1992
Solomon Islands,SLB,Employment and Time Use,56.204,1993
Solomon Islands,SLB,Employment and Time Use,56.204,1994
Solomon Islands,SLB,Employment and Time Use,56.204,1995
Solomon Islands,SLB,Employment and Time Use,56.204,1996
Solomon Islands,SLB,Employment and Time Use,56.204,1997
Solomon Islands,SLB,Employment and Time Use,56.204,1998
Solomon Islands,SLB,Employment and Time Use,74.453,1999
Solomon Islands,SLB,Employment and Time Use,56.204,2000
Solomon Islands,SLB,Employment and Time Use,56.204,2001
Solomon Islands,SLB,Employment and Time Use,56.204,2002
Solomon Islands,SLB,Employment and Time Use,56.204,2003
Solomon Islands,SLB,Employment and Time Use,56.204,2004
Solomon Islands,SLB,Employment and Time Use,70.073,2005
Solomon Islands,SLB,Employment and Time Use,56.204,2006
Solomon Islands,SLB,Employment and Time Use,56.204,2007
Solomon Islands,SLB,Employment and Time Use,56.204,2008
Solomon Islands,SLB,Employment and Time Use,63.504,2009
Solomon Islands,SLB,Employment and Time Use,56.204,2010
Solomon Islands,SLB,Employment and Time Use,56.204,2011
Solomon Islands,SLB,Employment and Time Use,56.204,2012
Solomon Islands,SLB,Employment and Time Use,88.321,2013
Solomon Islands,SLB,Employment and Time Use,56.204,2014
Solomon Islands,SLB,Employment and Time Use,56.204,2015
Solomon Islands,SLB,Employment and Time Use,56.204,2016
Solomon Islands,SLB,Employment and Time Use,56.204,2017
Solomon Islands,SLB,Employment and Time Use,56.204,2018
Solomon Islands,SLB,Employment and Time Use,56.204,2019
Solomon Islands,SLB,Employment and Time Use,56.204,2020
Solomon Islands,SLB,Employment and Time Use,56.204,2021
Solomon Islands,SLB,Employment and Time Use,56.204,2022
Solomon Islands,SLB,Employment and Time Use,57.664,2023
Solomon Islands,SLB,Entrepreneurship,0.000,1960
Solomon Islands,SLB,Entrepreneurship,0.000,1961
Solomon Islands,SLB,Entrepreneurship,0.000,1962
Solomon Islands,SLB,Entrepreneurship,0.000,1963
Solomon Islands,SLB,Entrepreneurship,0.000,1964
Solomon Islands,SLB,Entrepreneurship,0.000,1965
Solomon Islands,SLB,Entrepreneurship,0.000,1966
Solomon Islands,SLB,Entrepreneurship,0.000,1967
Solomon Islands,SLB,Entrepreneurship,0.000,1968
Solomon Islands,SLB,Entrepreneurship,0.000,1969
Solomon Islands,SLB,Entrepreneurship,9.375,1970
Solomon Islands,SLB,Entrepreneurship,9.375,1971
Solomon Islands,SLB,Entrepreneurship,9.375,1972
Solomon Islands,SLB,Entrepreneurship,9.375,1973
Solomon Islands,SLB,Entrepreneurship,9.375,1974
Solomon Islands,SLB,Entrepreneurship,9.375,1975
Solomon Islands,SLB,Entrepreneurship,9.375,1976
Solomon Islands,SLB,Entrepreneurship,9.375,1977
Solomon Islands,SLB,Entrepreneurship,9.375,1978
Solomon Islands,SLB,Entrepreneurship,9.375,1979
Solomon Islands,SLB,Entrepreneurship,9.375,1980
Solomon Islands,SLB,Entrepreneurship,9.375,1981
Solomon Islands,SLB,Entrepreneurship,9.375,1982
Solomon Islands,SLB,Entrepreneurship,9.375,1983
Solomon Islands,SLB,Entrepreneurship,9.375,1984
Solomon Islands,SLB,Entrepreneurship,9.375,1985
Solomon Islands,SLB,Entrepreneurship,9.375,1986
Solomon Islands,SLB,Entrepreneurship,9.375,1987
Solomon Islands,SLB,Entrepreneurship,9.375,1988
Solomon Islands,SLB,Entrepreneurship,9.375,1989
Solomon Islands,SLB,Entrepreneurship,9.375,1990
Solomon Islands,SLB,Entrepreneurship,9.375,1991
Solomon Islands,SLB,Entrepreneurship,9.375,1992
Solomon Islands,SLB,Entrepreneurship,9.375,1993
Solomon Islands,SLB,Entrepreneurship,9.375,1994
Solomon Islands,SLB,Entrepreneurship,9.375,1995
Solomon Islands,SLB,Entrepreneurship,9.375,1996
Solomon Islands,SLB,Entrepreneurship,9.375,1997
Solomon Islands,SLB,Entrepreneurship,9.375,1998
Solomon Islands,SLB,Entrepreneurship,9.375,1999
Solomon Islands,SLB,Entrepreneurship,9.375,2000
Solomon Islands,SLB,Entrepreneurship,9.375,2001
Solomon Islands,SLB,Entrepreneurship,9.375,2002
Solomon Islands,SLB,Entrepreneurship,37.500,2003
Solomon Islands,SLB,Entrepreneurship,37.500,2004
Solomon Islands,SLB,Entrepreneurship,37.500,2005
Solomon Islands,SLB,Entrepreneurship,37.500,2006
Solomon Islands,SLB,Entrepreneurship,37.500,2007
Solomon Islands,SLB,Entrepreneurship,37.500,2008
Solomon Islands,SLB,Entrepreneurship,37.500,2009
Solomon Islands,SLB,Entrepreneurship,37.500,2010
Solomon Islands,SLB,Entrepreneurship,37.500,2011
Solomon Islands,SLB,Entrepreneurship,37.500,2012
Solomon Islands,SLB,Entrepreneurship,37.500,2013
Solomon Islands,SLB,Entrepreneurship,37.500,2014
Solomon Islands,SLB,Entrepreneurship,43.750,2015
Solomon Islands,SLB,Entrepreneurship,37.500,2016
Solomon Islands,SLB,Entrepreneurship,37.500,2017
Solomon Islands,SLB,Entrepreneurship,37.500,2018
Solomon Islands,SLB,Entrepreneurship,37.500,2019
Solomon Islands,SLB,Entrepreneurship,9.375,2020
Solomon Islands,SLB,Entrepreneurship,9.375,2021
Solomon Islands,SLB,Entrepreneurship,9.375,2022
Solomon Islands,SLB,Entrepreneurship,9.375,2023
Solomon Islands,SLB,Environment,0.000,1960
Solomon Islands,SLB,Environment,0.000,1961
Solomon Islands,SLB,Environment,0.000,1962
Solomon Islands,SLB,Environment,0.000,1963
Solomon Islands,SLB,Environment,0.000,1964
Solomon Islands,SLB,Environment,0.000,1965
Solomon Islands,SLB,Environment,0.000,1966
Solomon Islands,SLB,Environment,0.000,1967
Solomon Islands,SLB,Environment,0.000,1968
Solomon Islands,SLB,Environment,0.000,1969
Solomon Islands,SLB,Environment,0.000,1970
Solomon Islands,SLB,Environment,0.000,1971
Solomon Islands,SLB,Environment,0.000,1972
Solomon Islands,SLB,Environment,0.000,1973
Solomon Islands,SLB,Environment,0.000,1974
Solomon Islands,SLB,Environment,0.000,1975
Solomon Islands,SLB,Environment,0.000,1976
Solomon Islands,SLB,Environment,0.000,1977
Solomon Islands,SLB,Environment,0.000,1978
Solomon Islands,SLB,Environment,0.000,1979
Solomon Islands,SLB,Environment,0.000,1980
Solomon Islands,SLB,Environment,0.000,1981
Solomon Islands,SLB,Environment,0.000,1982
Solomon Islands,SLB,Environment,0.000,1983
Solomon Islands,SLB,Environment,0.000,1984
Solomon Islands,SLB,Environment,0.000,1985
Solomon Islands,SLB,Environment,0.000,1986
Solomon Islands,SLB,Environment,0.000,1987
Solomon Islands,SLB,Environment,0.000,1988
Solomon Islands,SLB,Environment,0.000,1989
Solomon Islands,SLB,Environment,0.000,1990
Solomon Islands,SLB,Environment,0.000,1991
Solomon Islands,SLB,Environment,0.000,1992
Solomon Islands,SLB,Environment,0.000,1993
Solomon Islands,SLB,Environment,0.000,1994
Solomon Islands,SLB,Environment,0.000,1995
Solomon Islands,SLB,Environment,0.000,1996
Solomon Islands,SLB,Environment,0.000,1997
Solomon Islands,SLB,Environment,0.000,1998
Solomon Islands,SLB,Environment,0.000,1999
Solomon Islands,SLB,Environment,10.000,2000
Solomon Islands,SLB,Environment,10.000,2001
Solomon Islands,SLB,Environment,10.000,2002
Solomon Islands,SLB,Environment,10.000,2003
Solomon Islands,SLB,Environment,10.000,2004
Solomon Islands,SLB,Environment,10.000,2005
Solomon Islands,SLB,Environment,10.000,2006
Solomon Islands,SLB,Environment,10.000,2007
Solomon Islands,SLB,Environment,10.000,2008
Solomon Islands,SLB,Environment,10.000,2009
Solomon Islands,SLB,Environment,10.000,2010
Solomon Islands,SLB,Environment,10.000,2011
Solomon Islands,SLB,Environment,10.000,2012
Solomon Islands,SLB,Environment,10.000,2013
Solomon Islands,SLB,Environment,10.000,2014
Solomon Islands,SLB,Environment,10.000,2015
Solomon Islands,SLB,Environment,10.000,2016
Solomon Islands,SLB,Environment,10.000,2017
Solomon Islands,SLB,Environment,10.000,2018
Solomon Islands,SLB,Environment,30.000,2019
Solomon Islands,SLB,Environment,10.000,2020
Solomon Islands,SLB,Environment,10.000,2021
Solomon Islands,SLB,Environment,0.000,2022
Solomon Islands,SLB,Environment,0.000,2023
Solomon Islands,SLB,Health,8.586,1960
Solomon Islands,SLB,Health,8.586,1961
Solomon Islands,SLB,Health,8.586,1962
Solomon Islands,SLB,Health,8.586,1963
Solomon Islands,SLB,Health,8.586,1964
Solomon Islands,SLB,Health,8.586,1965
Solomon Islands,SLB,Health,8.586,1966
Solomon Islands,SLB,Health,8.586,1967
Solomon Islands,SLB,Health,8.586,1968
Solomon Islands,SLB,Health,8.586,1969
Solomon Islands,SLB,Health,8.586,1970
Solomon Islands,SLB,Health,8.586,1971
Solomon Islands,SLB,Health,8.586,1972
Solomon Islands,SLB,Health,8.586,1973
Solomon Islands,SLB,Health,8.586,1974
Solomon Islands,SLB,Health,11.111,1975
Solomon Islands,SLB,Health,11.111,1976
Solomon Islands,SLB,Health,11.111,1977
Solomon Islands,SLB,Health,11.111,1978
Solomon Islands,SLB,Health,11.111,1979
Solomon Islands,SLB,Health,11.616,1980
Solomon Islands,SLB,Health,11.616,1981
Solomon Islands,SLB,Health,11.616,1982
Solomon Islands,SLB,Health,11.616,1983
Solomon Islands,SLB,Health,11.616,1984
Solomon Islands,SLB,Health,11.616,1985
Solomon Islands,SLB,Health,12.121,1986
Solomon Islands,SLB,Health,12.121,1987
Solomon Islands,SLB,Health,12.121,1988
Solomon Islands,SLB,Health,19.697,1989
Solomon Islands,SLB,Health,12.626,1990
Solomon Islands,SLB,Health,12.121,1991
Solomon Islands,SLB,Health,12.121,1992
Solomon Islands,SLB,Health,12.121,1993
Solomon Islands,SLB,Health,12.626,1994
Solomon Islands,SLB,Health,12.121,1995
Solomon Islands,SLB,Health,12.121,1996
Solomon Islands,SLB,Health,12.121,1997
Solomon Islands,SLB,Health,12.121,1998
Solomon Islands,SLB,Health,12.626,1999
Solomon Islands,SLB,Health,50.000,2000
Solomon Islands,SLB,Health,25.758,2001
Solomon Islands,SLB,Health,25.758,2002
Solomon Islands,SLB,Health,25.758,2003
Solomon Islands,SLB,Health,25.758,2004
Solomon Islands,SLB,Health,27.273,2005
Solomon Islands,SLB,Health,26.768,2006
Solomon Islands,SLB,Health,37.374,2007
Solomon Islands,SLB,Health,25.758,2008
Solomon Islands,SLB,Health,26.263,2009
Solomon Islands,SLB,Health,55.051,2010
Solomon Islands,SLB,Health,25.758,2011
Solomon Islands,SLB,Health,26.263,2012
Solomon Islands,SLB,Health,26.263,2013
Solomon Islands,SLB,Health,26.263,2014
Solomon Islands,SLB,Health,61.111,2015
Solomon Islands,SLB,Health,25.758,2016
Solomon Islands,SLB,Health,28.283,2017
Solomon Islands,SLB,Health,29.798,2018
Solomon Islands,SLB,Health,50.505,2019
Solomon Islands,SLB,Health,21.717,2020
Solomon Islands,SLB,Health,12.121,2021
Solomon Islands,SLB,Health,9.596,2022
Solomon Islands,SLB,Health,1.010,2023
Solomon Islands,SLB,Leadership,0.000,1960
Solomon Islands,SLB,Leadership,0.000,1961
Solomon Islands,SLB,Leadership,0.000,1962
Solomon Islands,SLB,Leadership,0.000,1963
Solomon Islands,SLB,Leadership,0.000,1964
Solomon Islands,SLB,Leadership,0.000,1965
Solomon Islands,SLB,Leadership,0.000,1966
Solomon Islands,SLB,Leadership,0.000,1967
Solomon Islands,SLB,Leadership,0.000,1968
Solomon Islands,SLB,Leadership,0.000,1969
Solomon Islands,SLB,Leadership,0.000,1970
Solomon Islands,SLB,Leadership,0.000,1971
Solomon Islands,SLB,Leadership,0.000,1972
Solomon Islands,SLB,Leadership,0.000,1973
Solomon Islands,SLB,Leadership,0.000,1974
Solomon Islands,SLB,Leadership,0.000,1975
Solomon Islands,SLB,Leadership,0.000,1976
Solomon Islands,SLB,Leadership,0.000,1977
Solomon Islands,SLB,Leadership,0.000,1978
Solomon Islands,SLB,Leadership,0.000,1979
Solomon Islands,SLB,Leadership,0.000,1980
Solomon Islands,SLB,Leadership,0.000,1981
Solomon Islands,SLB,Leadership,0.000,1982
Solomon Islands,SLB,Leadership,0.000,1983
Solomon Islands,SLB,Leadership,0.000,1984
Solomon Islands,SLB,Leadership,0.000,1985
Solomon Islands,SLB,Leadership,0.000,1986
Solomon Islands,SLB,Leadership,0.000,1987
Solomon Islands,SLB,Leadership,0.000,1988
Solomon Islands,SLB,Leadership,0.000,1989
Solomon Islands,SLB,Leadership,0.000,1990
Solomon Islands,SLB,Leadership,0.000,1991
Solomon Islands,SLB,Leadership,0.000,1992
Solomon Islands,SLB,Leadership,0.000,1993
Solomon Islands,SLB,Leadership,0.000,1994
Solomon Islands,SLB,Leadership,0.000,1995
Solomon Islands,SLB,Leadership,0.000,1996
Solomon Islands,SLB,Leadership,0.000,1997
Solomon Islands,SLB,Leadership,25.000,1998
Solomon Islands,SLB,Leadership,25.000,1999
Solomon Islands,SLB,Leadership,25.000,2000
Solomon Islands,SLB,Leadership,0.000,2001
Solomon Islands,SLB,Leadership,25.000,2002
Solomon Islands,SLB,Leadership,25.000,2003
Solomon Islands,SLB,Leadership,25.000,2004
Solomon Islands,SLB,Leadership,50.000,2005
Solomon Islands,SLB,Leadership,25.000,2006
Solomon Islands,SLB,Leadership,25.000,2007
Solomon Islands,SLB,Leadership,50.000,2008
Solomon Islands,SLB,Leadership,25.000,2009
Solomon Islands,SLB,Leadership,50.000,2010
Solomon Islands,SLB,Leadership,25.000,2011
Solomon Islands,SLB,Leadership,50.000,2012
Solomon Islands,SLB,Leadership,50.000,2013
Solomon Islands,SLB,Leadership,50.000,2014
Solomon Islands,SLB,Leadership,75.000,2015
Solomon Islands,SLB,Leadership,50.000,2016
Solomon Islands,SLB,Leadership,25.000,2017
Solomon Islands,SLB,Leadership,50.000,2018
Solomon Islands,SLB,Leadership,50.000,2019
Solomon Islands,SLB,Leadership,50.000,2020
Solomon Islands,SLB,Leadership,25.000,2021
Solomon Islands,SLB,Leadership,50.000,2022
Solomon Islands,SLB,Leadership,25.000,2023
Solomon Islands,SLB,Norms and Decision-making,0.000,1960
Solomon Islands,SLB,Norms and Decision-making,0.000,1961
Solomon Islands,SLB,Norms and Decision-making,0.000,1962
Solomon Islands,SLB,Norms and Decision-making,0.000,1963
Solomon Islands,SLB,Norms and Decision-making,0.000,1964
Solomon Islands,SLB,Norms and Decision-making,0.000,1965
Solomon Islands,SLB,Norms and Decision-making,0.000,1966
Solomon Islands,SLB,Norms and Decision-making,0.000,1967
Solomon Islands,SLB,Norms and Decision-making,0.000,1968
Solomon Islands,SLB,Norms and Decision-making,0.000,1969
Solomon Islands,SLB,Norms and Decision-making,14.074,1970
Solomon Islands,SLB,Norms and Decision-making,12.593,1971
Solomon Islands,SLB,Norms and Decision-making,12.593,1972
Solomon Islands,SLB,Norms and Decision-making,12.593,1973
Solomon Islands,SLB,Norms and Decision-making,12.593,1974
Solomon Islands,SLB,Norms and Decision-making,12.593,1975
Solomon Islands,SLB,Norms and Decision-making,14.074,1976
Solomon Islands,SLB,Norms and Decision-making,12.593,1977
Solomon Islands,SLB,Norms and Decision-making,12.593,1978
Solomon Islands,SLB,Norms and Decision-making,12.593,1979
Solomon Islands,SLB,Norms and Decision-making,12.593,1980
Solomon Islands,SLB,Norms and Decision-making,12.593,1981
Solomon Islands,SLB,Norms and Decision-making,12.593,1982
Solomon Islands,SLB,Norms and Decision-making,12.593,1983
Solomon Islands,SLB,Norms and Decision-making,12.593,1984
Solomon Islands,SLB,Norms and Decision-making,12.593,1985
Solomon Islands,SLB,Norms and Decision-making,14.074,1986
Solomon Islands,SLB,Norms and Decision-making,12.593,1987
Solomon Islands,SLB,Norms and Decision-making,12.593,1988
Solomon Islands,SLB,Norms and Decision-making,12.593,1989
Solomon Islands,SLB,Norms and Decision-making,12.593,1990
Solomon Islands,SLB,Norms and Decision-making,12.593,1991
Solomon Islands,SLB,Norms and Decision-making,12.593,1992
Solomon Islands,SLB,Norms and Decision-making,12.593,1993
Solomon Islands,SLB,Norms and Decision-making,12.593,1994
Solomon Islands,SLB,Norms and Decision-making,12.593,1995
Solomon Islands,SLB,Norms and Decision-making,12.593,1996
Solomon Islands,SLB,Norms and Decision-making,12.593,1997
Solomon Islands,SLB,Norms and Decision-making,12.593,1998
Solomon Islands,SLB,Norms and Decision-making,14.074,1999
Solomon Islands,SLB,Norms and Decision-making,12.593,2000
Solomon Islands,SLB,Norms and Decision-making,12.593,2001
Solomon Islands,SLB,Norms and Decision-making,12.593,2002
Solomon Islands,SLB,Norms and Decision-making,12.593,2003
Solomon Islands,SLB,Norms and Decision-making,12.593,2004
Solomon Islands,SLB,Norms and Decision-making,12.593,2005
Solomon Islands,SLB,Norms and Decision-making,14.074,2006
Solomon Islands,SLB,Norms and Decision-making,15.556,2007
Solomon Islands,SLB,Norms and Decision-making,12.593,2008
Solomon Islands,SLB,Norms and Decision-making,14.074,2009
Solomon Islands,SLB,Norms and Decision-making,12.593,2010
Solomon Islands,SLB,Norms and Decision-making,12.593,2011
Solomon Islands,SLB,Norms and Decision-making,12.593,2012
Solomon Islands,SLB,Norms and Decision-making,12.593,2013
Solomon Islands,SLB,Norms and Decision-making,12.593,2014
Solomon Islands,SLB,Norms and Decision-making,15.556,2015
Solomon Islands,SLB,Norms and Decision-making,12.593,2016
Solomon Islands,SLB,Norms and Decision-making,12.593,2017
Solomon Islands,SLB,Norms and Decision-making,12.593,2018
Solomon Islands,SLB,Norms and Decision-making,12.593,2019
Solomon Islands,SLB,Norms and Decision-making,12.593,2020
Solomon Islands,SLB,Norms and Decision-making,12.593,2021
Solomon Islands,SLB,Norms and Decision-making,12.593,2022
Solomon Islands,SLB,Norms and Decision-making,12.593,2023
Solomon Islands,SLB,Population,86.905,1960
Solomon Islands,SLB,Population,86.905,1961
Solomon Islands,SLB,Population,86.905,1962
Solomon Islands,SLB,Population,86.905,1963
Solomon Islands,SLB,Population,86.905,1964
Solomon Islands,SLB,Population,86.905,1965
Solomon Islands,SLB,Population,86.905,1966
Solomon Islands,SLB,Population,86.905,1967
Solomon Islands,SLB,Population,86.905,1968
Solomon Islands,SLB,Population,86.905,1969
Solomon Islands,SLB,Population,89.286,1970
Solomon Islands,SLB,Population,86.905,1971
Solomon Islands,SLB,Population,86.905,1972
Solomon Islands,SLB,Population,86.905,1973
Solomon Islands,SLB,Population,86.905,1974
Solomon Islands,SLB,Population,86.905,1975
Solomon Islands,SLB,Population,89.286,1976
Solomon Islands,SLB,Population,86.905,1977
Solomon Islands,SLB,Population,86.905,1978
Solomon Islands,SLB,Population,86.905,1979
Solomon Islands,SLB,Population,91.667,1980
Solomon Islands,SLB,Population,86.905,1981
Solomon Islands,SLB,Population,86.905,1982
Solomon Islands,SLB,Population,86.905,1983
Solomon Islands,SLB,Population,86.905,1984
Solomon Islands,SLB,Population,91.667,1985
Solomon Islands,SLB,Population,89.286,1986
Solomon Islands,SLB,Population,86.905,1987
Solomon Islands,SLB,Population,86.905,1988
Solomon Islands,SLB,Population,86.905,1989
Solomon Islands,SLB,Population,92.857,1990
Solomon Islands,SLB,Population,86.905,1991
Solomon Islands,SLB,Population,86.905,1992
Solomon Islands,SLB,Population,86.905,1993
Solomon Islands,SLB,Population,86.905,1994
Solomon Islands,SLB,Population,92.857,1995
Solomon Islands,SLB,Population,86.905,1996
Solomon Islands,SLB,Population,86.905,1997
Solomon Islands,SLB,Population,86.905,1998
Solomon Islands,SLB,Population,89.286,1999
Solomon Islands,SLB,Population,92.857,2000
Solomon Islands,SLB,Population,86.905,2001
Solomon Islands,SLB,Population,86.905,2002
Solomon Islands,SLB,Population,86.905,2003
Solomon Islands,SLB,Population,86.905,2004
Solomon Islands,SLB,Population,92.857,2005
Solomon Islands,SLB,Population,86.905,2006
Solomon Islands,SLB,Population,90.476,2007
Solomon Islands,SLB,Population,86.905,2008
Solomon Islands,SLB,Population,89.286,2009
Solomon Islands,SLB,Population,92.857,2010
Solomon Islands,SLB,Population,86.905,2011
Solomon Islands,SLB,Population,86.905,2012
Solomon Islands,SLB,Population,86.905,2013
Solomon Islands,SLB,Population,86.905,2014
Solomon Islands,SLB,Population,98.810,2015
Solomon Islands,SLB,Population,86.905,2016
Solomon Islands,SLB,Population,86.905,2017
Solomon Islands,SLB,Population,86.905,2018
Solomon Islands,SLB,Population,86.905,2019
Solomon Islands,SLB,Population,88.095,2020
Solomon Islands,SLB,Population,86.905,2021
Solomon Islands,SLB,Population,86.905,2022
Solomon Islands,SLB,Population,77.381,2023
Solomon Islands,SLB,SDGs,2.685,1960
Solomon Islands,SLB,SDGs,2.685,1961
Solomon Islands,SLB,SDGs,2.685,1962
Solomon Islands,SLB,SDGs,2.685,1963
Solomon Islands,SLB,SDGs,2.685,1964
Solomon Islands,SLB,SDGs,2.685,1965
Solomon Islands,SLB,SDGs,2.685,1966
Solomon Islands,SLB,SDGs,2.685,1967
Solomon Islands,SLB,SDGs,2.685,1968
Solomon Islands,SLB,SDGs,2.685,1969
Solomon Islands,SLB,SDGs,11.409,1970
Solomon Islands,SLB,SDGs,11.409,1971
Solomon Islands,SLB,SDGs,11.409,1972
Solomon Islands,SLB,SDGs,11.409,1973
Solomon Islands,SLB,SDGs,11.409,1974
Solomon Islands,SLB,SDGs,11.409,1975
Solomon Islands,SLB,SDGs,11.409,1976
Solomon Islands,SLB,SDGs,11.409,1977
Solomon Islands,SLB,SDGs,11.409,1978
Solomon Islands,SLB,SDGs,11.409,1979
Solomon Islands,SLB,SDGs,12.081,1980
Solomon Islands,SLB,SDGs,12.081,1981
Solomon Islands,SLB,SDGs,12.081,1982
Solomon Islands,SLB,SDGs,12.081,1983
Solomon Islands,SLB,SDGs,12.081,1984
Solomon Islands,SLB,SDGs,12.081,1985
Solomon Islands,SLB,SDGs,12.081,1986
Solomon Islands,SLB,SDGs,12.081,1987
Solomon Islands,SLB,SDGs,12.081,1988
Solomon Islands,SLB,SDGs,12.081,1989
Solomon Islands,SLB,SDGs,12.752,1990
Solomon Islands,SLB,SDGs,16.107,1991
Solomon Islands,SLB,SDGs,16.107,1992
Solomon Islands,SLB,SDGs,16.107,1993
Solomon Islands,SLB,SDGs,16.779,1994
Solomon Islands,SLB,SDGs,16.107,1995
Solomon Islands,SLB,SDGs,16.107,1996
Solomon Islands,SLB,SDGs,16.107,1997
Solomon Islands,SLB,SDGs,16.779,1998
Solomon Islands,SLB,SDGs,17.450,1999
Solomon Islands,SLB,SDGs,61.745,2000
Solomon Islands,SLB,SDGs,28.859,2001
Solomon Islands,SLB,SDGs,29.530,2002
Solomon Islands,SLB,SDGs,29.530,2003
Solomon Islands,SLB,SDGs,29.530,2004
Solomon Islands,SLB,SDGs,31.544,2005
Solomon Islands,SLB,SDGs,29.530,2006
Solomon Islands,SLB,SDGs,30.201,2007
Solomon Islands,SLB,SDGs,30.201,2008
Solomon Islands,SLB,SDGs,32.215,2009
Solomon Islands,SLB,SDGs,61.745,2010
Solomon Islands,SLB,SDGs,29.530,2011
Solomon Islands,SLB,SDGs,29.530,2012
Solomon Islands,SLB,SDGs,33.557,2013
Solomon Islands,SLB,SDGs,29.530,2014
Solomon Islands,SLB,SDGs,63.758,2015
Solomon Islands,SLB,SDGs,29.530,2016
Solomon Islands,SLB,SDGs,29.530,2017
Solomon Islands,SLB,SDGs,32.886,2018
Solomon Islands,SLB,SDGs,65.772,2019
Solomon Islands,SLB,SDGs,23.490,2020
Solomon Islands,SLB,SDGs,18.792,2021
Solomon Islands,SLB,SDGs,16.779,2022
Solomon Islands,SLB,SDGs,14.094,2023
Solomon Islands,SLB,Technology,0.000,1960
Solomon Islands,SLB,Technology,0.000,1961
Solomon Islands,SLB,Technology,0.000,1962
Solomon Islands,SLB,Technology,0.000,1963
Solomon Islands,SLB,Technology,0.000,1964
Solomon Islands,SLB,Technology,0.000,1965
Solomon Islands,SLB,Technology,0.000,1966
Solomon Islands,SLB,Technology,0.000,1967
Solomon Islands,SLB,Technology,0.000,1968
Solomon Islands,SLB,Technology,0.000,1969
Solomon Islands,SLB,Technology,0.000,1970
Solomon Islands,SLB,Technology,0.000,1971
Solomon Islands,SLB,Technology,0.000,1972
Solomon Islands,SLB,Technology,0.000,1973
Solomon Islands,SLB,Technology,0.000,1974
Solomon Islands,SLB,Technology,0.000,1975
Solomon Islands,SLB,Technology,0.000,1976
Solomon Islands,SLB,Technology,0.000,1977
Solomon Islands,SLB,Technology,0.000,1978
Solomon Islands,SLB,Technology,0.000,1979
Solomon Islands,SLB,Technology,0.000,1980
Solomon Islands,SLB,Technology,0.000,1981
Solomon Islands,SLB,Technology,0.000,1982
Solomon Islands,SLB,Technology,0.000,1983
Solomon Islands,SLB,Technology,0.000,1984
Solomon Islands,SLB,Technology,0.000,1985
Solomon Islands,SLB,Technology,0.000,1986
Solomon Islands,SLB,Technology,0.000,1987
Solomon Islands,SLB,Technology,0.000,1988
Solomon Islands,SLB,Technology,0.000,1989
Solomon Islands,SLB,Technology,2.222,1990
Solomon Islands,SLB,Technology,2.222,1991
Solomon Islands,SLB,Technology,2.222,1992
Solomon Islands,SLB,Technology,2.222,1993
Solomon Islands,SLB,Technology,2.222,1994
Solomon Islands,SLB,Technology,2.222,1995
Solomon Islands,SLB,Technology,2.222,1996
Solomon Islands,SLB,Technology,2.222,1997
Solomon Islands,SLB,Technology,2.222,1998
Solomon Islands,SLB,Technology,2.222,1999
Solomon Islands,SLB,Technology,2.222,2000
Solomon Islands,SLB,Technology,2.222,2001
Solomon Islands,SLB,Technology,2.222,2002
Solomon Islands,SLB,Technology,2.222,2003
Solomon Islands,SLB,Technology,2.222,2004
Solomon Islands,SLB,Technology,2.222,2005
Solomon Islands,SLB,Technology,2.222,2006
Solomon Islands,SLB,Technology,2.222,2007
Solomon Islands,SLB,Technology,4.444,2008
Solomon Islands,SLB,Technology,2.222,2009
Solomon Islands,SLB,Technology,2.222,2010
Solomon Islands,SLB,Technology,2.222,2011
Solomon Islands,SLB,Technology,2.222,2012
Solomon Islands,SLB,Technology,2.222,2013
Solomon Islands,SLB,Technology,2.222,2014
Solomon Islands,SLB,Technology,2.222,2015
Solomon Islands,SLB,Technology,2.222,2016
Solomon Islands,SLB,Technology,2.222,2017
Solomon Islands,SLB,Technology,2.222,2018
Solomon Islands,SLB,Technology,2.222,2019
Solomon Islands,SLB,Technology,2.222,2020
Solomon Islands,SLB,Technology,2.222,2021
Solomon Islands,SLB,Technology,2.222,2022
Solomon Islands,SLB,Technology,0.000,2023
Solomon Islands,SLB,Violence,0.000,1960
Solomon Islands,SLB,Violence,0.000,1961
Solomon Islands,SLB,Violence,0.000,1962
Solomon Islands,SLB,Violence,0.000,1963
Solomon Islands,SLB,Violence,0.000,1964
Solomon Islands,SLB,Violence,0.000,1965
Solomon Islands,SLB,Violence,0.000,1966
Solomon Islands,SLB,Violence,0.000,1967
Solomon Islands,SLB,Violence,0.000,1968
Solomon Islands,SLB,Violence,0.000,1969
Solomon Islands,SLB,Violence,2.143,1970
Solomon Islands,SLB,Violence,2.143,1971
Solomon Islands,SLB,Violence,2.143,1972
Solomon Islands,SLB,Violence,2.143,1973
Solomon Islands,SLB,Violence,2.143,1974
Solomon Islands,SLB,Violence,2.143,1975
Solomon Islands,SLB,Violence,2.143,1976
Solomon Islands,SLB,Violence,2.143,1977
Solomon Islands,SLB,Violence,2.143,1978
Solomon Islands,SLB,Violence,2.143,1979
Solomon Islands,SLB,Violence,2.143,1980
Solomon Islands,SLB,Violence,2.143,1981
Solomon Islands,SLB,Violence,2.143,1982
Solomon Islands,SLB,Violence,2.143,1983
Solomon Islands,SLB,Violence,2.143,1984
Solomon Islands,SLB,Violence,2.143,1985
Solomon Islands,SLB,Violence,2.143,1986
Solomon Islands,SLB,Violence,2.143,1987
Solomon Islands,SLB,Violence,2.143,1988
Solomon Islands,SLB,Violence,2.143,1989
Solomon Islands,SLB,Violence,2.143,1990
Solomon Islands,SLB,Violence,2.143,1991
Solomon Islands,SLB,Violence,2.143,1992
Solomon Islands,SLB,Violence,2.143,1993
Solomon Islands,SLB,Violence,2.143,1994
Solomon Islands,SLB,Violence,2.143,1995
Solomon Islands,SLB,Violence,2.143,1996
Solomon Islands,SLB,Violence,2.143,1997
Solomon Islands,SLB,Violence,2.143,1998
Solomon Islands,SLB,Violence,2.143,1999
Solomon Islands,SLB,Violence,4.286,2000
Solomon Islands,SLB,Violence,4.286,2001
Solomon Islands,SLB,Violence,4.286,2002
Solomon Islands,SLB,Violence,4.286,2003
Solomon Islands,SLB,Violence,5.000,2004
Solomon Islands,SLB,Violence,5.000,2005
Solomon Islands,SLB,Violence,5.000,2006
Solomon Islands,SLB,Violence,5.000,2007
Solomon Islands,SLB,Violence,5.714,2008
Solomon Islands,SLB,Violence,4.286,2009
Solomon Islands,SLB,Violence,4.286,2010
Solomon Islands,SLB,Violence,4.286,2011
Solomon Islands,SLB,Violence,4.286,2012
Solomon Islands,SLB,Violence,4.286,2013
Solomon Islands,SLB,Violence,4.286,2014
Solomon Islands,SLB,Violence,5.714,2015
Solomon Islands,SLB,Violence,4.286,2016
Solomon Islands,SLB,Violence,4.286,2017
Solomon Islands,SLB,Violence,7.143,2018
Solomon Islands,SLB,Violence,4.286,2019
Solomon Islands,SLB,Violence,2.143,2020
Solomon Islands,SLB,Violence,2.143,2021
Solomon Islands,SLB,Violence,2.143,2022
Solomon Islands,SLB,Violence,2.143,2023
Solomon Islands,SLB,Youth 15-24,4.587,1960
Solomon Islands,SLB,Youth 15-24,4.587,1961
Solomon Islands,SLB,Youth 15-24,4.587,1962
Solomon Islands,SLB,Youth 15-24,4.587,1963
Solomon Islands,SLB,Youth 15-24,4.587,1964
Solomon Islands,SLB,Youth 15-24,4.587,1965
Solomon Islands,SLB,Youth 15-24,4.587,1966
Solomon Islands,SLB,Youth 15-24,4.587,1967
Solomon Islands,SLB,Youth 15-24,4.587,1968
Solomon Islands,SLB,Youth 15-24,4.587,1969
Solomon Islands,SLB,Youth 15-24,14.679,1970
Solomon Islands,SLB,Youth 15-24,14.679,1971
Solomon Islands,SLB,Youth 15-24,7.339,1972
Solomon Islands,SLB,Youth 15-24,7.339,1973
Solomon Islands,SLB,Youth 15-24,4.587,1974
Solomon Islands,SLB,Youth 15-24,14.679,1975
Solomon Islands,SLB,Youth 15-24,7.339,1976
Solomon Islands,SLB,Youth 15-24,7.339,1977
Solomon Islands,SLB,Youth 15-24,7.339,1978
Solomon Islands,SLB,Youth 15-24,8.257,1979
Solomon Islands,SLB,Youth 15-24,7.339,1980
Solomon Islands,SLB,Youth 15-24,7.339,1981
Solomon Islands,SLB,Youth 15-24,7.339,1982
Solomon Islands,SLB,Youth 15-24,7.339,1983
Solomon Islands,SLB,Youth 15-24,4.587,1984
Solomon Islands,SLB,Youth 15-24,4.587,1985
Solomon Islands,SLB,Youth 15-24,14.679,1986
Solomon Islands,SLB,Youth 15-24,4.587,1987
Solomon Islands,SLB,Youth 15-24,4.587,1988
Solomon Islands,SLB,Youth 15-24,4.587,1989
Solomon Islands,SLB,Youth 15-24,16.514,1990
Solomon Islands,SLB,Youth 15-24,22.936,1991
Solomon Islands,SLB,Youth 15-24,22.936,1992
Solomon Islands,SLB,Youth 15-24,22.936,1993
Solomon Islands,SLB,Youth 15-24,22.936,1994
Solomon Islands,SLB,Youth 15-24,13.761,1995
Solomon Islands,SLB,Youth 15-24,13.761,1996
Solomon Islands,SLB,Youth 15-24,13.761,1997
Solomon Islands,SLB,Youth 15-24,13.761,1998
Solomon Islands,SLB,Youth 15-24,30.275,1999
Solomon Islands,SLB,Youth 15-24,22.018,2000
Solomon Islands,SLB,Youth 15-24,21.101,2001
Solomon Islands,SLB,Youth 15-24,22.018,2002
Solomon Islands,SLB,Youth 15-24,13.761,2003
Solomon Islands,SLB,Youth 15-24,13.761,2004
Solomon Islands,SLB,Youth 15-24,24.771,2005
Solomon Islands,SLB,Youth 15-24,23.853,2006
Solomon Islands,SLB,Youth 15-24,23.853,2007
Solomon Islands,SLB,Youth 15-24,14.679,2008
Solomon Islands,SLB,Youth 15-24,13.761,2009
Solomon Islands,SLB,Youth 15-24,22.018,2010
Solomon Islands,SLB,Youth 15-24,22.018,2011
Solomon Islands,SLB,Youth 15-24,19.266,2012
Solomon Islands,SLB,Youth 15-24,36.697,2013
Solomon Islands,SLB,Youth 15-24,13.761,2014
Solomon Islands,SLB,Youth 15-24,15.596,2015
Solomon Islands,SLB,Youth 15-24,16.514,2016
Solomon Islands,SLB,Youth 15-24,16.514,2017
Solomon Islands,SLB,Youth 15-24,13.761,2018
Solomon Islands,SLB,Youth 15-24,13.761,2019
Solomon Islands,SLB,Youth 15-24,13.761,2020
Solomon Islands,SLB,Youth 15-24,13.761,2021
Solomon Islands,SLB,Youth 15-24,13.761,2022
Solomon Islands,SLB,Youth 15-24,12.844,2023
