Country Name,Country Code,Topic,% of available indicators,Year
Timor-Leste,TLS,Assets,0.000,1960
Timor-Leste,TLS,Assets,0.000,1961
Timor-Leste,TLS,Assets,0.000,1962
Timor-Leste,TLS,Assets,0.000,1963
Timor-Leste,TLS,Assets,0.000,1964
Timor-Leste,TLS,Assets,0.000,1965
Timor-Leste,TLS,Assets,0.000,1966
Timor-Leste,TLS,Assets,0.000,1967
Timor-Leste,TLS,Assets,0.000,1968
Timor-Leste,TLS,Assets,0.000,1969
Timor-Leste,TLS,Assets,2.208,1970
Timor-Leste,TLS,Assets,2.208,1971
Timor-Leste,TLS,Assets,2.208,1972
Timor-Leste,TLS,Assets,2.208,1973
Timor-Leste,TLS,Assets,2.208,1974
Timor-Leste,TLS,Assets,2.208,1975
Timor-Leste,TLS,Assets,2.208,1976
Timor-Leste,TLS,Assets,2.208,1977
Timor-Leste,TLS,Assets,2.208,1978
Timor-Leste,TLS,Assets,2.208,1979
Timor-Leste,TLS,Assets,2.208,1980
Timor-Leste,TLS,Assets,2.208,1981
Timor-Leste,TLS,Assets,2.208,1982
Timor-Leste,TLS,Assets,2.208,1983
Timor-Leste,TLS,Assets,2.208,1984
Timor-Leste,TLS,Assets,2.208,1985
Timor-Leste,TLS,Assets,2.208,1986
Timor-Leste,TLS,Assets,2.208,1987
Timor-Leste,TLS,Assets,2.208,1988
Timor-Leste,TLS,Assets,2.208,1989
Timor-Leste,TLS,Assets,2.208,1990
Timor-Leste,TLS,Assets,2.208,1991
Timor-Leste,TLS,Assets,2.208,1992
Timor-Leste,TLS,Assets,2.208,1993
Timor-Leste,TLS,Assets,2.208,1994
Timor-Leste,TLS,Assets,2.208,1995
Timor-Leste,TLS,Assets,2.208,1996
Timor-Leste,TLS,Assets,2.208,1997
Timor-Leste,TLS,Assets,2.208,1998
Timor-Leste,TLS,Assets,2.208,1999
Timor-Leste,TLS,Assets,2.208,2000
Timor-Leste,TLS,Assets,2.208,2001
Timor-Leste,TLS,Assets,2.208,2002
Timor-Leste,TLS,Assets,2.208,2003
Timor-Leste,TLS,Assets,2.208,2004
Timor-Leste,TLS,Assets,2.208,2005
Timor-Leste,TLS,Assets,2.208,2006
Timor-Leste,TLS,Assets,2.208,2007
Timor-Leste,TLS,Assets,2.208,2008
Timor-Leste,TLS,Assets,2.208,2009
Timor-Leste,TLS,Assets,2.208,2010
Timor-Leste,TLS,Assets,2.208,2011
Timor-Leste,TLS,Assets,2.208,2012
Timor-Leste,TLS,Assets,2.208,2013
Timor-Leste,TLS,Assets,2.208,2014
Timor-Leste,TLS,Assets,2.208,2015
Timor-Leste,TLS,Assets,32.492,2016
Timor-Leste,TLS,Assets,2.208,2017
Timor-Leste,TLS,Assets,2.208,2018
Timor-Leste,TLS,Assets,2.208,2019
Timor-Leste,TLS,Assets,2.208,2020
Timor-Leste,TLS,Assets,2.208,2021
Timor-Leste,TLS,Assets,2.208,2022
Timor-Leste,TLS,Assets,2.208,2023
Timor-Leste,TLS,Children 0-14,10.769,1960
Timor-Leste,TLS,Children 0-14,10.769,1961
Timor-Leste,TLS,Children 0-14,10.769,1962
Timor-Leste,TLS,Children 0-14,10.769,1963
Timor-Leste,TLS,Children 0-14,10.769,1964
Timor-Leste,TLS,Children 0-14,10.769,1965
Timor-Leste,TLS,Children 0-14,10.769,1966
Timor-Leste,TLS,Children 0-14,10.769,1967
Timor-Leste,TLS,Children 0-14,10.769,1968
Timor-Leste,TLS,Children 0-14,10.769,1969
Timor-Leste,TLS,Children 0-14,10.769,1970
Timor-Leste,TLS,Children 0-14,10.769,1971
Timor-Leste,TLS,Children 0-14,10.769,1972
Timor-Leste,TLS,Children 0-14,10.769,1973
Timor-Leste,TLS,Children 0-14,10.769,1974
Timor-Leste,TLS,Children 0-14,10.769,1975
Timor-Leste,TLS,Children 0-14,10.769,1976
Timor-Leste,TLS,Children 0-14,10.769,1977
Timor-Leste,TLS,Children 0-14,10.769,1978
Timor-Leste,TLS,Children 0-14,10.769,1979
Timor-Leste,TLS,Children 0-14,10.769,1980
Timor-Leste,TLS,Children 0-14,10.769,1981
Timor-Leste,TLS,Children 0-14,10.769,1982
Timor-Leste,TLS,Children 0-14,10.769,1983
Timor-Leste,TLS,Children 0-14,10.769,1984
Timor-Leste,TLS,Children 0-14,15.385,1985
Timor-Leste,TLS,Children 0-14,17.692,1986
Timor-Leste,TLS,Children 0-14,17.692,1987
Timor-Leste,TLS,Children 0-14,17.692,1988
Timor-Leste,TLS,Children 0-14,17.692,1989
Timor-Leste,TLS,Children 0-14,19.231,1990
Timor-Leste,TLS,Children 0-14,19.231,1991
Timor-Leste,TLS,Children 0-14,19.231,1992
Timor-Leste,TLS,Children 0-14,19.231,1993
Timor-Leste,TLS,Children 0-14,19.231,1994
Timor-Leste,TLS,Children 0-14,19.231,1995
Timor-Leste,TLS,Children 0-14,19.231,1996
Timor-Leste,TLS,Children 0-14,19.231,1997
Timor-Leste,TLS,Children 0-14,19.231,1998
Timor-Leste,TLS,Children 0-14,19.231,1999
Timor-Leste,TLS,Children 0-14,33.077,2000
Timor-Leste,TLS,Children 0-14,22.308,2001
Timor-Leste,TLS,Children 0-14,33.846,2002
Timor-Leste,TLS,Children 0-14,24.615,2003
Timor-Leste,TLS,Children 0-14,24.615,2004
Timor-Leste,TLS,Children 0-14,30.000,2005
Timor-Leste,TLS,Children 0-14,20.769,2006
Timor-Leste,TLS,Children 0-14,34.615,2007
Timor-Leste,TLS,Children 0-14,43.846,2008
Timor-Leste,TLS,Children 0-14,56.154,2009
Timor-Leste,TLS,Children 0-14,74.615,2010
Timor-Leste,TLS,Children 0-14,41.538,2011
Timor-Leste,TLS,Children 0-14,41.538,2012
Timor-Leste,TLS,Children 0-14,60.000,2013
Timor-Leste,TLS,Children 0-14,50.769,2014
Timor-Leste,TLS,Children 0-14,57.692,2015
Timor-Leste,TLS,Children 0-14,56.154,2016
Timor-Leste,TLS,Children 0-14,42.308,2017
Timor-Leste,TLS,Children 0-14,48.462,2018
Timor-Leste,TLS,Children 0-14,47.692,2019
Timor-Leste,TLS,Children 0-14,50.000,2020
Timor-Leste,TLS,Children 0-14,30.000,2021
Timor-Leste,TLS,Children 0-14,30.000,2022
Timor-Leste,TLS,Children 0-14,13.846,2023
Timor-Leste,TLS,Education,0.000,1960
Timor-Leste,TLS,Education,0.000,1961
Timor-Leste,TLS,Education,0.000,1962
Timor-Leste,TLS,Education,0.000,1963
Timor-Leste,TLS,Education,0.000,1964
Timor-Leste,TLS,Education,0.000,1965
Timor-Leste,TLS,Education,0.000,1966
Timor-Leste,TLS,Education,0.000,1967
Timor-Leste,TLS,Education,0.000,1968
Timor-Leste,TLS,Education,0.000,1969
Timor-Leste,TLS,Education,0.000,1970
Timor-Leste,TLS,Education,0.000,1971
Timor-Leste,TLS,Education,0.000,1972
Timor-Leste,TLS,Education,0.000,1973
Timor-Leste,TLS,Education,0.000,1974
Timor-Leste,TLS,Education,0.000,1975
Timor-Leste,TLS,Education,0.000,1976
Timor-Leste,TLS,Education,0.000,1977
Timor-Leste,TLS,Education,0.000,1978
Timor-Leste,TLS,Education,0.000,1979
Timor-Leste,TLS,Education,0.000,1980
Timor-Leste,TLS,Education,0.000,1981
Timor-Leste,TLS,Education,0.000,1982
Timor-Leste,TLS,Education,0.000,1983
Timor-Leste,TLS,Education,0.000,1984
Timor-Leste,TLS,Education,0.000,1985
Timor-Leste,TLS,Education,0.000,1986
Timor-Leste,TLS,Education,0.000,1987
Timor-Leste,TLS,Education,0.000,1988
Timor-Leste,TLS,Education,0.000,1989
Timor-Leste,TLS,Education,0.000,1990
Timor-Leste,TLS,Education,0.000,1991
Timor-Leste,TLS,Education,0.000,1992
Timor-Leste,TLS,Education,0.000,1993
Timor-Leste,TLS,Education,0.000,1994
Timor-Leste,TLS,Education,0.000,1995
Timor-Leste,TLS,Education,0.000,1996
Timor-Leste,TLS,Education,0.000,1997
Timor-Leste,TLS,Education,0.000,1998
Timor-Leste,TLS,Education,0.000,1999
Timor-Leste,TLS,Education,0.000,2000
Timor-Leste,TLS,Education,5.521,2001
Timor-Leste,TLS,Education,7.975,2002
Timor-Leste,TLS,Education,3.067,2003
Timor-Leste,TLS,Education,11.043,2004
Timor-Leste,TLS,Education,14.724,2005
Timor-Leste,TLS,Education,0.000,2006
Timor-Leste,TLS,Education,3.681,2007
Timor-Leste,TLS,Education,32.515,2008
Timor-Leste,TLS,Education,42.945,2009
Timor-Leste,TLS,Education,65.644,2010
Timor-Leste,TLS,Education,33.742,2011
Timor-Leste,TLS,Education,32.515,2012
Timor-Leste,TLS,Education,43.558,2013
Timor-Leste,TLS,Education,32.515,2014
Timor-Leste,TLS,Education,38.650,2015
Timor-Leste,TLS,Education,53.988,2016
Timor-Leste,TLS,Education,41.718,2017
Timor-Leste,TLS,Education,46.012,2018
Timor-Leste,TLS,Education,17.791,2019
Timor-Leste,TLS,Education,31.288,2020
Timor-Leste,TLS,Education,20.859,2021
Timor-Leste,TLS,Education,18.405,2022
Timor-Leste,TLS,Education,7.362,2023
Timor-Leste,TLS,Employment and Time Use,0.000,1960
Timor-Leste,TLS,Employment and Time Use,0.000,1961
Timor-Leste,TLS,Employment and Time Use,0.000,1962
Timor-Leste,TLS,Employment and Time Use,0.000,1963
Timor-Leste,TLS,Employment and Time Use,0.000,1964
Timor-Leste,TLS,Employment and Time Use,0.000,1965
Timor-Leste,TLS,Employment and Time Use,0.000,1966
Timor-Leste,TLS,Employment and Time Use,0.000,1967
Timor-Leste,TLS,Employment and Time Use,0.000,1968
Timor-Leste,TLS,Employment and Time Use,0.000,1969
Timor-Leste,TLS,Employment and Time Use,21.168,1970
Timor-Leste,TLS,Employment and Time Use,21.168,1971
Timor-Leste,TLS,Employment and Time Use,21.168,1972
Timor-Leste,TLS,Employment and Time Use,21.168,1973
Timor-Leste,TLS,Employment and Time Use,21.168,1974
Timor-Leste,TLS,Employment and Time Use,21.168,1975
Timor-Leste,TLS,Employment and Time Use,21.168,1976
Timor-Leste,TLS,Employment and Time Use,21.168,1977
Timor-Leste,TLS,Employment and Time Use,21.168,1978
Timor-Leste,TLS,Employment and Time Use,21.168,1979
Timor-Leste,TLS,Employment and Time Use,21.168,1980
Timor-Leste,TLS,Employment and Time Use,21.168,1981
Timor-Leste,TLS,Employment and Time Use,21.168,1982
Timor-Leste,TLS,Employment and Time Use,21.168,1983
Timor-Leste,TLS,Employment and Time Use,21.168,1984
Timor-Leste,TLS,Employment and Time Use,21.168,1985
Timor-Leste,TLS,Employment and Time Use,21.168,1986
Timor-Leste,TLS,Employment and Time Use,21.168,1987
Timor-Leste,TLS,Employment and Time Use,21.168,1988
Timor-Leste,TLS,Employment and Time Use,21.168,1989
Timor-Leste,TLS,Employment and Time Use,31.387,1990
Timor-Leste,TLS,Employment and Time Use,56.204,1991
Timor-Leste,TLS,Employment and Time Use,56.204,1992
Timor-Leste,TLS,Employment and Time Use,56.204,1993
Timor-Leste,TLS,Employment and Time Use,56.204,1994
Timor-Leste,TLS,Employment and Time Use,56.204,1995
Timor-Leste,TLS,Employment and Time Use,56.204,1996
Timor-Leste,TLS,Employment and Time Use,56.204,1997
Timor-Leste,TLS,Employment and Time Use,56.204,1998
Timor-Leste,TLS,Employment and Time Use,56.204,1999
Timor-Leste,TLS,Employment and Time Use,56.204,2000
Timor-Leste,TLS,Employment and Time Use,87.591,2001
Timor-Leste,TLS,Employment and Time Use,56.204,2002
Timor-Leste,TLS,Employment and Time Use,56.204,2003
Timor-Leste,TLS,Employment and Time Use,59.124,2004
Timor-Leste,TLS,Employment and Time Use,56.204,2005
Timor-Leste,TLS,Employment and Time Use,56.204,2006
Timor-Leste,TLS,Employment and Time Use,89.781,2007
Timor-Leste,TLS,Employment and Time Use,56.204,2008
Timor-Leste,TLS,Employment and Time Use,56.204,2009
Timor-Leste,TLS,Employment and Time Use,89.781,2010
Timor-Leste,TLS,Employment and Time Use,56.204,2011
Timor-Leste,TLS,Employment and Time Use,56.204,2012
Timor-Leste,TLS,Employment and Time Use,91.241,2013
Timor-Leste,TLS,Employment and Time Use,56.204,2014
Timor-Leste,TLS,Employment and Time Use,86.861,2015
Timor-Leste,TLS,Employment and Time Use,89.051,2016
Timor-Leste,TLS,Employment and Time Use,56.204,2017
Timor-Leste,TLS,Employment and Time Use,56.204,2018
Timor-Leste,TLS,Employment and Time Use,56.204,2019
Timor-Leste,TLS,Employment and Time Use,56.204,2020
Timor-Leste,TLS,Employment and Time Use,90.511,2021
Timor-Leste,TLS,Employment and Time Use,86.861,2022
Timor-Leste,TLS,Employment and Time Use,59.124,2023
Timor-Leste,TLS,Entrepreneurship,0.000,1960
Timor-Leste,TLS,Entrepreneurship,0.000,1961
Timor-Leste,TLS,Entrepreneurship,0.000,1962
Timor-Leste,TLS,Entrepreneurship,0.000,1963
Timor-Leste,TLS,Entrepreneurship,0.000,1964
Timor-Leste,TLS,Entrepreneurship,0.000,1965
Timor-Leste,TLS,Entrepreneurship,0.000,1966
Timor-Leste,TLS,Entrepreneurship,0.000,1967
Timor-Leste,TLS,Entrepreneurship,0.000,1968
Timor-Leste,TLS,Entrepreneurship,0.000,1969
Timor-Leste,TLS,Entrepreneurship,9.375,1970
Timor-Leste,TLS,Entrepreneurship,9.375,1971
Timor-Leste,TLS,Entrepreneurship,9.375,1972
Timor-Leste,TLS,Entrepreneurship,9.375,1973
Timor-Leste,TLS,Entrepreneurship,9.375,1974
Timor-Leste,TLS,Entrepreneurship,9.375,1975
Timor-Leste,TLS,Entrepreneurship,9.375,1976
Timor-Leste,TLS,Entrepreneurship,9.375,1977
Timor-Leste,TLS,Entrepreneurship,9.375,1978
Timor-Leste,TLS,Entrepreneurship,9.375,1979
Timor-Leste,TLS,Entrepreneurship,9.375,1980
Timor-Leste,TLS,Entrepreneurship,9.375,1981
Timor-Leste,TLS,Entrepreneurship,9.375,1982
Timor-Leste,TLS,Entrepreneurship,9.375,1983
Timor-Leste,TLS,Entrepreneurship,9.375,1984
Timor-Leste,TLS,Entrepreneurship,9.375,1985
Timor-Leste,TLS,Entrepreneurship,9.375,1986
Timor-Leste,TLS,Entrepreneurship,9.375,1987
Timor-Leste,TLS,Entrepreneurship,9.375,1988
Timor-Leste,TLS,Entrepreneurship,9.375,1989
Timor-Leste,TLS,Entrepreneurship,9.375,1990
Timor-Leste,TLS,Entrepreneurship,9.375,1991
Timor-Leste,TLS,Entrepreneurship,9.375,1992
Timor-Leste,TLS,Entrepreneurship,9.375,1993
Timor-Leste,TLS,Entrepreneurship,9.375,1994
Timor-Leste,TLS,Entrepreneurship,9.375,1995
Timor-Leste,TLS,Entrepreneurship,9.375,1996
Timor-Leste,TLS,Entrepreneurship,9.375,1997
Timor-Leste,TLS,Entrepreneurship,9.375,1998
Timor-Leste,TLS,Entrepreneurship,9.375,1999
Timor-Leste,TLS,Entrepreneurship,9.375,2000
Timor-Leste,TLS,Entrepreneurship,9.375,2001
Timor-Leste,TLS,Entrepreneurship,9.375,2002
Timor-Leste,TLS,Entrepreneurship,9.375,2003
Timor-Leste,TLS,Entrepreneurship,37.500,2004
Timor-Leste,TLS,Entrepreneurship,37.500,2005
Timor-Leste,TLS,Entrepreneurship,37.500,2006
Timor-Leste,TLS,Entrepreneurship,37.500,2007
Timor-Leste,TLS,Entrepreneurship,37.500,2008
Timor-Leste,TLS,Entrepreneurship,40.625,2009
Timor-Leste,TLS,Entrepreneurship,37.500,2010
Timor-Leste,TLS,Entrepreneurship,37.500,2011
Timor-Leste,TLS,Entrepreneurship,37.500,2012
Timor-Leste,TLS,Entrepreneurship,37.500,2013
Timor-Leste,TLS,Entrepreneurship,37.500,2014
Timor-Leste,TLS,Entrepreneurship,43.750,2015
Timor-Leste,TLS,Entrepreneurship,37.500,2016
Timor-Leste,TLS,Entrepreneurship,37.500,2017
Timor-Leste,TLS,Entrepreneurship,62.500,2018
Timor-Leste,TLS,Entrepreneurship,62.500,2019
Timor-Leste,TLS,Entrepreneurship,34.375,2020
Timor-Leste,TLS,Entrepreneurship,40.625,2021
Timor-Leste,TLS,Entrepreneurship,46.875,2022
Timor-Leste,TLS,Entrepreneurship,9.375,2023
Timor-Leste,TLS,Environment,0.000,1960
Timor-Leste,TLS,Environment,0.000,1961
Timor-Leste,TLS,Environment,0.000,1962
Timor-Leste,TLS,Environment,0.000,1963
Timor-Leste,TLS,Environment,0.000,1964
Timor-Leste,TLS,Environment,0.000,1965
Timor-Leste,TLS,Environment,0.000,1966
Timor-Leste,TLS,Environment,0.000,1967
Timor-Leste,TLS,Environment,0.000,1968
Timor-Leste,TLS,Environment,0.000,1969
Timor-Leste,TLS,Environment,0.000,1970
Timor-Leste,TLS,Environment,0.000,1971
Timor-Leste,TLS,Environment,0.000,1972
Timor-Leste,TLS,Environment,0.000,1973
Timor-Leste,TLS,Environment,0.000,1974
Timor-Leste,TLS,Environment,0.000,1975
Timor-Leste,TLS,Environment,0.000,1976
Timor-Leste,TLS,Environment,0.000,1977
Timor-Leste,TLS,Environment,0.000,1978
Timor-Leste,TLS,Environment,0.000,1979
Timor-Leste,TLS,Environment,0.000,1980
Timor-Leste,TLS,Environment,0.000,1981
Timor-Leste,TLS,Environment,0.000,1982
Timor-Leste,TLS,Environment,0.000,1983
Timor-Leste,TLS,Environment,0.000,1984
Timor-Leste,TLS,Environment,0.000,1985
Timor-Leste,TLS,Environment,0.000,1986
Timor-Leste,TLS,Environment,0.000,1987
Timor-Leste,TLS,Environment,0.000,1988
Timor-Leste,TLS,Environment,0.000,1989
Timor-Leste,TLS,Environment,0.000,1990
Timor-Leste,TLS,Environment,0.000,1991
Timor-Leste,TLS,Environment,0.000,1992
Timor-Leste,TLS,Environment,0.000,1993
Timor-Leste,TLS,Environment,0.000,1994
Timor-Leste,TLS,Environment,0.000,1995
Timor-Leste,TLS,Environment,0.000,1996
Timor-Leste,TLS,Environment,0.000,1997
Timor-Leste,TLS,Environment,0.000,1998
Timor-Leste,TLS,Environment,0.000,1999
Timor-Leste,TLS,Environment,0.000,2000
Timor-Leste,TLS,Environment,0.000,2001
Timor-Leste,TLS,Environment,10.000,2002
Timor-Leste,TLS,Environment,10.000,2003
Timor-Leste,TLS,Environment,10.000,2004
Timor-Leste,TLS,Environment,10.000,2005
Timor-Leste,TLS,Environment,10.000,2006
Timor-Leste,TLS,Environment,10.000,2007
Timor-Leste,TLS,Environment,10.000,2008
Timor-Leste,TLS,Environment,10.000,2009
Timor-Leste,TLS,Environment,50.000,2010
Timor-Leste,TLS,Environment,10.000,2011
Timor-Leste,TLS,Environment,10.000,2012
Timor-Leste,TLS,Environment,10.000,2013
Timor-Leste,TLS,Environment,10.000,2014
Timor-Leste,TLS,Environment,10.000,2015
Timor-Leste,TLS,Environment,50.000,2016
Timor-Leste,TLS,Environment,10.000,2017
Timor-Leste,TLS,Environment,10.000,2018
Timor-Leste,TLS,Environment,30.000,2019
Timor-Leste,TLS,Environment,10.000,2020
Timor-Leste,TLS,Environment,10.000,2021
Timor-Leste,TLS,Environment,10.000,2022
Timor-Leste,TLS,Environment,0.000,2023
Timor-Leste,TLS,Health,3.030,1960
Timor-Leste,TLS,Health,3.030,1961
Timor-Leste,TLS,Health,3.030,1962
Timor-Leste,TLS,Health,3.030,1963
Timor-Leste,TLS,Health,3.030,1964
Timor-Leste,TLS,Health,3.030,1965
Timor-Leste,TLS,Health,3.030,1966
Timor-Leste,TLS,Health,3.030,1967
Timor-Leste,TLS,Health,3.030,1968
Timor-Leste,TLS,Health,3.030,1969
Timor-Leste,TLS,Health,3.030,1970
Timor-Leste,TLS,Health,3.030,1971
Timor-Leste,TLS,Health,3.030,1972
Timor-Leste,TLS,Health,3.030,1973
Timor-Leste,TLS,Health,3.030,1974
Timor-Leste,TLS,Health,5.556,1975
Timor-Leste,TLS,Health,5.556,1976
Timor-Leste,TLS,Health,5.556,1977
Timor-Leste,TLS,Health,5.556,1978
Timor-Leste,TLS,Health,5.556,1979
Timor-Leste,TLS,Health,5.556,1980
Timor-Leste,TLS,Health,5.556,1981
Timor-Leste,TLS,Health,5.556,1982
Timor-Leste,TLS,Health,5.556,1983
Timor-Leste,TLS,Health,5.556,1984
Timor-Leste,TLS,Health,8.586,1985
Timor-Leste,TLS,Health,10.101,1986
Timor-Leste,TLS,Health,10.101,1987
Timor-Leste,TLS,Health,10.101,1988
Timor-Leste,TLS,Health,10.101,1989
Timor-Leste,TLS,Health,15.657,1990
Timor-Leste,TLS,Health,17.172,1991
Timor-Leste,TLS,Health,15.657,1992
Timor-Leste,TLS,Health,15.657,1993
Timor-Leste,TLS,Health,17.172,1994
Timor-Leste,TLS,Health,15.657,1995
Timor-Leste,TLS,Health,15.657,1996
Timor-Leste,TLS,Health,18.182,1997
Timor-Leste,TLS,Health,15.657,1998
Timor-Leste,TLS,Health,15.657,1999
Timor-Leste,TLS,Health,53.535,2000
Timor-Leste,TLS,Health,29.798,2001
Timor-Leste,TLS,Health,39.899,2002
Timor-Leste,TLS,Health,35.354,2003
Timor-Leste,TLS,Health,31.313,2004
Timor-Leste,TLS,Health,32.323,2005
Timor-Leste,TLS,Health,30.303,2006
Timor-Leste,TLS,Health,38.889,2007
Timor-Leste,TLS,Health,31.313,2008
Timor-Leste,TLS,Health,39.394,2009
Timor-Leste,TLS,Health,77.778,2010
Timor-Leste,TLS,Health,31.313,2011
Timor-Leste,TLS,Health,31.313,2012
Timor-Leste,TLS,Health,38.889,2013
Timor-Leste,TLS,Health,37.879,2014
Timor-Leste,TLS,Health,55.556,2015
Timor-Leste,TLS,Health,50.000,2016
Timor-Leste,TLS,Health,32.323,2017
Timor-Leste,TLS,Health,34.848,2018
Timor-Leste,TLS,Health,56.061,2019
Timor-Leste,TLS,Health,34.848,2020
Timor-Leste,TLS,Health,17.677,2021
Timor-Leste,TLS,Health,16.667,2022
Timor-Leste,TLS,Health,1.010,2023
Timor-Leste,TLS,Leadership,0.000,1960
Timor-Leste,TLS,Leadership,0.000,1961
Timor-Leste,TLS,Leadership,0.000,1962
Timor-Leste,TLS,Leadership,0.000,1963
Timor-Leste,TLS,Leadership,0.000,1964
Timor-Leste,TLS,Leadership,0.000,1965
Timor-Leste,TLS,Leadership,0.000,1966
Timor-Leste,TLS,Leadership,0.000,1967
Timor-Leste,TLS,Leadership,0.000,1968
Timor-Leste,TLS,Leadership,0.000,1969
Timor-Leste,TLS,Leadership,0.000,1970
Timor-Leste,TLS,Leadership,0.000,1971
Timor-Leste,TLS,Leadership,0.000,1972
Timor-Leste,TLS,Leadership,0.000,1973
Timor-Leste,TLS,Leadership,0.000,1974
Timor-Leste,TLS,Leadership,0.000,1975
Timor-Leste,TLS,Leadership,0.000,1976
Timor-Leste,TLS,Leadership,0.000,1977
Timor-Leste,TLS,Leadership,0.000,1978
Timor-Leste,TLS,Leadership,0.000,1979
Timor-Leste,TLS,Leadership,0.000,1980
Timor-Leste,TLS,Leadership,0.000,1981
Timor-Leste,TLS,Leadership,0.000,1982
Timor-Leste,TLS,Leadership,0.000,1983
Timor-Leste,TLS,Leadership,0.000,1984
Timor-Leste,TLS,Leadership,0.000,1985
Timor-Leste,TLS,Leadership,0.000,1986
Timor-Leste,TLS,Leadership,0.000,1987
Timor-Leste,TLS,Leadership,0.000,1988
Timor-Leste,TLS,Leadership,0.000,1989
Timor-Leste,TLS,Leadership,0.000,1990
Timor-Leste,TLS,Leadership,0.000,1991
Timor-Leste,TLS,Leadership,0.000,1992
Timor-Leste,TLS,Leadership,0.000,1993
Timor-Leste,TLS,Leadership,0.000,1994
Timor-Leste,TLS,Leadership,0.000,1995
Timor-Leste,TLS,Leadership,0.000,1996
Timor-Leste,TLS,Leadership,0.000,1997
Timor-Leste,TLS,Leadership,0.000,1998
Timor-Leste,TLS,Leadership,0.000,1999
Timor-Leste,TLS,Leadership,0.000,2000
Timor-Leste,TLS,Leadership,0.000,2001
Timor-Leste,TLS,Leadership,25.000,2002
Timor-Leste,TLS,Leadership,25.000,2003
Timor-Leste,TLS,Leadership,25.000,2004
Timor-Leste,TLS,Leadership,50.000,2005
Timor-Leste,TLS,Leadership,25.000,2006
Timor-Leste,TLS,Leadership,25.000,2007
Timor-Leste,TLS,Leadership,50.000,2008
Timor-Leste,TLS,Leadership,25.000,2009
Timor-Leste,TLS,Leadership,75.000,2010
Timor-Leste,TLS,Leadership,25.000,2011
Timor-Leste,TLS,Leadership,50.000,2012
Timor-Leste,TLS,Leadership,50.000,2013
Timor-Leste,TLS,Leadership,50.000,2014
Timor-Leste,TLS,Leadership,100.000,2015
Timor-Leste,TLS,Leadership,75.000,2016
Timor-Leste,TLS,Leadership,25.000,2017
Timor-Leste,TLS,Leadership,50.000,2018
Timor-Leste,TLS,Leadership,50.000,2019
Timor-Leste,TLS,Leadership,50.000,2020
Timor-Leste,TLS,Leadership,75.000,2021
Timor-Leste,TLS,Leadership,75.000,2022
Timor-Leste,TLS,Leadership,25.000,2023
Timor-Leste,TLS,Norms and Decision-making,0.000,1960
Timor-Leste,TLS,Norms and Decision-making,0.000,1961
Timor-Leste,TLS,Norms and Decision-making,0.000,1962
Timor-Leste,TLS,Norms and Decision-making,0.000,1963
Timor-Leste,TLS,Norms and Decision-making,0.000,1964
Timor-Leste,TLS,Norms and Decision-making,0.000,1965
Timor-Leste,TLS,Norms and Decision-making,0.000,1966
Timor-Leste,TLS,Norms and Decision-making,0.000,1967
Timor-Leste,TLS,Norms and Decision-making,0.000,1968
Timor-Leste,TLS,Norms and Decision-making,0.000,1969
Timor-Leste,TLS,Norms and Decision-making,12.593,1970
Timor-Leste,TLS,Norms and Decision-making,12.593,1971
Timor-Leste,TLS,Norms and Decision-making,12.593,1972
Timor-Leste,TLS,Norms and Decision-making,12.593,1973
Timor-Leste,TLS,Norms and Decision-making,12.593,1974
Timor-Leste,TLS,Norms and Decision-making,12.593,1975
Timor-Leste,TLS,Norms and Decision-making,12.593,1976
Timor-Leste,TLS,Norms and Decision-making,12.593,1977
Timor-Leste,TLS,Norms and Decision-making,12.593,1978
Timor-Leste,TLS,Norms and Decision-making,12.593,1979
Timor-Leste,TLS,Norms and Decision-making,12.593,1980
Timor-Leste,TLS,Norms and Decision-making,12.593,1981
Timor-Leste,TLS,Norms and Decision-making,12.593,1982
Timor-Leste,TLS,Norms and Decision-making,12.593,1983
Timor-Leste,TLS,Norms and Decision-making,12.593,1984
Timor-Leste,TLS,Norms and Decision-making,12.593,1985
Timor-Leste,TLS,Norms and Decision-making,12.593,1986
Timor-Leste,TLS,Norms and Decision-making,12.593,1987
Timor-Leste,TLS,Norms and Decision-making,12.593,1988
Timor-Leste,TLS,Norms and Decision-making,12.593,1989
Timor-Leste,TLS,Norms and Decision-making,12.593,1990
Timor-Leste,TLS,Norms and Decision-making,12.593,1991
Timor-Leste,TLS,Norms and Decision-making,12.593,1992
Timor-Leste,TLS,Norms and Decision-making,12.593,1993
Timor-Leste,TLS,Norms and Decision-making,12.593,1994
Timor-Leste,TLS,Norms and Decision-making,12.593,1995
Timor-Leste,TLS,Norms and Decision-making,12.593,1996
Timor-Leste,TLS,Norms and Decision-making,12.593,1997
Timor-Leste,TLS,Norms and Decision-making,12.593,1998
Timor-Leste,TLS,Norms and Decision-making,12.593,1999
Timor-Leste,TLS,Norms and Decision-making,12.593,2000
Timor-Leste,TLS,Norms and Decision-making,12.593,2001
Timor-Leste,TLS,Norms and Decision-making,12.593,2002
Timor-Leste,TLS,Norms and Decision-making,14.074,2003
Timor-Leste,TLS,Norms and Decision-making,14.074,2004
Timor-Leste,TLS,Norms and Decision-making,12.593,2005
Timor-Leste,TLS,Norms and Decision-making,12.593,2006
Timor-Leste,TLS,Norms and Decision-making,12.593,2007
Timor-Leste,TLS,Norms and Decision-making,12.593,2008
Timor-Leste,TLS,Norms and Decision-making,12.593,2009
Timor-Leste,TLS,Norms and Decision-making,81.481,2010
Timor-Leste,TLS,Norms and Decision-making,12.593,2011
Timor-Leste,TLS,Norms and Decision-making,12.593,2012
Timor-Leste,TLS,Norms and Decision-making,12.593,2013
Timor-Leste,TLS,Norms and Decision-making,12.593,2014
Timor-Leste,TLS,Norms and Decision-making,14.074,2015
Timor-Leste,TLS,Norms and Decision-making,77.778,2016
Timor-Leste,TLS,Norms and Decision-making,12.593,2017
Timor-Leste,TLS,Norms and Decision-making,12.593,2018
Timor-Leste,TLS,Norms and Decision-making,12.593,2019
Timor-Leste,TLS,Norms and Decision-making,12.593,2020
Timor-Leste,TLS,Norms and Decision-making,12.593,2021
Timor-Leste,TLS,Norms and Decision-making,12.593,2022
Timor-Leste,TLS,Norms and Decision-making,12.593,2023
Timor-Leste,TLS,Population,86.905,1960
Timor-Leste,TLS,Population,86.905,1961
Timor-Leste,TLS,Population,86.905,1962
Timor-Leste,TLS,Population,86.905,1963
Timor-Leste,TLS,Population,86.905,1964
Timor-Leste,TLS,Population,86.905,1965
Timor-Leste,TLS,Population,86.905,1966
Timor-Leste,TLS,Population,86.905,1967
Timor-Leste,TLS,Population,86.905,1968
Timor-Leste,TLS,Population,86.905,1969
Timor-Leste,TLS,Population,86.905,1970
Timor-Leste,TLS,Population,86.905,1971
Timor-Leste,TLS,Population,86.905,1972
Timor-Leste,TLS,Population,86.905,1973
Timor-Leste,TLS,Population,86.905,1974
Timor-Leste,TLS,Population,86.905,1975
Timor-Leste,TLS,Population,86.905,1976
Timor-Leste,TLS,Population,86.905,1977
Timor-Leste,TLS,Population,86.905,1978
Timor-Leste,TLS,Population,86.905,1979
Timor-Leste,TLS,Population,91.667,1980
Timor-Leste,TLS,Population,86.905,1981
Timor-Leste,TLS,Population,86.905,1982
Timor-Leste,TLS,Population,86.905,1983
Timor-Leste,TLS,Population,86.905,1984
Timor-Leste,TLS,Population,91.667,1985
Timor-Leste,TLS,Population,86.905,1986
Timor-Leste,TLS,Population,86.905,1987
Timor-Leste,TLS,Population,86.905,1988
Timor-Leste,TLS,Population,86.905,1989
Timor-Leste,TLS,Population,92.857,1990
Timor-Leste,TLS,Population,86.905,1991
Timor-Leste,TLS,Population,86.905,1992
Timor-Leste,TLS,Population,86.905,1993
Timor-Leste,TLS,Population,86.905,1994
Timor-Leste,TLS,Population,92.857,1995
Timor-Leste,TLS,Population,86.905,1996
Timor-Leste,TLS,Population,86.905,1997
Timor-Leste,TLS,Population,86.905,1998
Timor-Leste,TLS,Population,86.905,1999
Timor-Leste,TLS,Population,92.857,2000
Timor-Leste,TLS,Population,86.905,2001
Timor-Leste,TLS,Population,86.905,2002
Timor-Leste,TLS,Population,90.476,2003
Timor-Leste,TLS,Population,89.286,2004
Timor-Leste,TLS,Population,92.857,2005
Timor-Leste,TLS,Population,86.905,2006
Timor-Leste,TLS,Population,86.905,2007
Timor-Leste,TLS,Population,86.905,2008
Timor-Leste,TLS,Population,88.095,2009
Timor-Leste,TLS,Population,100.000,2010
Timor-Leste,TLS,Population,86.905,2011
Timor-Leste,TLS,Population,86.905,2012
Timor-Leste,TLS,Population,86.905,2013
Timor-Leste,TLS,Population,86.905,2014
Timor-Leste,TLS,Population,95.238,2015
Timor-Leste,TLS,Population,94.048,2016
Timor-Leste,TLS,Population,86.905,2017
Timor-Leste,TLS,Population,86.905,2018
Timor-Leste,TLS,Population,86.905,2019
Timor-Leste,TLS,Population,88.095,2020
Timor-Leste,TLS,Population,86.905,2021
Timor-Leste,TLS,Population,86.905,2022
Timor-Leste,TLS,Population,77.381,2023
Timor-Leste,TLS,SDGs,0.671,1960
Timor-Leste,TLS,SDGs,0.671,1961
Timor-Leste,TLS,SDGs,0.671,1962
Timor-Leste,TLS,SDGs,0.671,1963
Timor-Leste,TLS,SDGs,0.671,1964
Timor-Leste,TLS,SDGs,0.671,1965
Timor-Leste,TLS,SDGs,0.671,1966
Timor-Leste,TLS,SDGs,0.671,1967
Timor-Leste,TLS,SDGs,0.671,1968
Timor-Leste,TLS,SDGs,0.671,1969
Timor-Leste,TLS,SDGs,9.396,1970
Timor-Leste,TLS,SDGs,9.396,1971
Timor-Leste,TLS,SDGs,9.396,1972
Timor-Leste,TLS,SDGs,9.396,1973
Timor-Leste,TLS,SDGs,9.396,1974
Timor-Leste,TLS,SDGs,9.396,1975
Timor-Leste,TLS,SDGs,9.396,1976
Timor-Leste,TLS,SDGs,9.396,1977
Timor-Leste,TLS,SDGs,9.396,1978
Timor-Leste,TLS,SDGs,9.396,1979
Timor-Leste,TLS,SDGs,9.396,1980
Timor-Leste,TLS,SDGs,9.396,1981
Timor-Leste,TLS,SDGs,9.396,1982
Timor-Leste,TLS,SDGs,9.396,1983
Timor-Leste,TLS,SDGs,9.396,1984
Timor-Leste,TLS,SDGs,11.409,1985
Timor-Leste,TLS,SDGs,11.409,1986
Timor-Leste,TLS,SDGs,11.409,1987
Timor-Leste,TLS,SDGs,11.409,1988
Timor-Leste,TLS,SDGs,11.409,1989
Timor-Leste,TLS,SDGs,15.436,1990
Timor-Leste,TLS,SDGs,19.463,1991
Timor-Leste,TLS,SDGs,19.463,1992
Timor-Leste,TLS,SDGs,19.463,1993
Timor-Leste,TLS,SDGs,19.463,1994
Timor-Leste,TLS,SDGs,19.463,1995
Timor-Leste,TLS,SDGs,19.463,1996
Timor-Leste,TLS,SDGs,20.134,1997
Timor-Leste,TLS,SDGs,19.463,1998
Timor-Leste,TLS,SDGs,19.463,1999
Timor-Leste,TLS,SDGs,62.416,2000
Timor-Leste,TLS,SDGs,34.228,2001
Timor-Leste,TLS,SDGs,34.228,2002
Timor-Leste,TLS,SDGs,34.228,2003
Timor-Leste,TLS,SDGs,33.557,2004
Timor-Leste,TLS,SDGs,35.570,2005
Timor-Leste,TLS,SDGs,33.557,2006
Timor-Leste,TLS,SDGs,37.584,2007
Timor-Leste,TLS,SDGs,33.557,2008
Timor-Leste,TLS,SDGs,34.228,2009
Timor-Leste,TLS,SDGs,73.154,2010
Timor-Leste,TLS,SDGs,33.557,2011
Timor-Leste,TLS,SDGs,33.557,2012
Timor-Leste,TLS,SDGs,37.584,2013
Timor-Leste,TLS,SDGs,33.557,2014
Timor-Leste,TLS,SDGs,69.799,2015
Timor-Leste,TLS,SDGs,42.282,2016
Timor-Leste,TLS,SDGs,33.557,2017
Timor-Leste,TLS,SDGs,36.913,2018
Timor-Leste,TLS,SDGs,69.799,2019
Timor-Leste,TLS,SDGs,27.517,2020
Timor-Leste,TLS,SDGs,26.846,2021
Timor-Leste,TLS,SDGs,26.846,2022
Timor-Leste,TLS,SDGs,14.094,2023
Timor-Leste,TLS,Technology,0.000,1960
Timor-Leste,TLS,Technology,0.000,1961
Timor-Leste,TLS,Technology,0.000,1962
Timor-Leste,TLS,Technology,0.000,1963
Timor-Leste,TLS,Technology,0.000,1964
Timor-Leste,TLS,Technology,0.000,1965
Timor-Leste,TLS,Technology,0.000,1966
Timor-Leste,TLS,Technology,0.000,1967
Timor-Leste,TLS,Technology,0.000,1968
Timor-Leste,TLS,Technology,0.000,1969
Timor-Leste,TLS,Technology,0.000,1970
Timor-Leste,TLS,Technology,0.000,1971
Timor-Leste,TLS,Technology,0.000,1972
Timor-Leste,TLS,Technology,0.000,1973
Timor-Leste,TLS,Technology,0.000,1974
Timor-Leste,TLS,Technology,0.000,1975
Timor-Leste,TLS,Technology,0.000,1976
Timor-Leste,TLS,Technology,0.000,1977
Timor-Leste,TLS,Technology,0.000,1978
Timor-Leste,TLS,Technology,0.000,1979
Timor-Leste,TLS,Technology,0.000,1980
Timor-Leste,TLS,Technology,0.000,1981
Timor-Leste,TLS,Technology,0.000,1982
Timor-Leste,TLS,Technology,0.000,1983
Timor-Leste,TLS,Technology,0.000,1984
Timor-Leste,TLS,Technology,0.000,1985
Timor-Leste,TLS,Technology,0.000,1986
Timor-Leste,TLS,Technology,0.000,1987
Timor-Leste,TLS,Technology,0.000,1988
Timor-Leste,TLS,Technology,0.000,1989
Timor-Leste,TLS,Technology,2.222,1990
Timor-Leste,TLS,Technology,2.222,1991
Timor-Leste,TLS,Technology,2.222,1992
Timor-Leste,TLS,Technology,2.222,1993
Timor-Leste,TLS,Technology,2.222,1994
Timor-Leste,TLS,Technology,2.222,1995
Timor-Leste,TLS,Technology,0.000,1996
Timor-Leste,TLS,Technology,0.000,1997
Timor-Leste,TLS,Technology,0.000,1998
Timor-Leste,TLS,Technology,0.000,1999
Timor-Leste,TLS,Technology,0.000,2000
Timor-Leste,TLS,Technology,0.000,2001
Timor-Leste,TLS,Technology,2.222,2002
Timor-Leste,TLS,Technology,2.222,2003
Timor-Leste,TLS,Technology,2.222,2004
Timor-Leste,TLS,Technology,2.222,2005
Timor-Leste,TLS,Technology,2.222,2006
Timor-Leste,TLS,Technology,2.222,2007
Timor-Leste,TLS,Technology,2.222,2008
Timor-Leste,TLS,Technology,2.222,2009
Timor-Leste,TLS,Technology,2.222,2010
Timor-Leste,TLS,Technology,2.222,2011
Timor-Leste,TLS,Technology,2.222,2012
Timor-Leste,TLS,Technology,2.222,2013
Timor-Leste,TLS,Technology,2.222,2014
Timor-Leste,TLS,Technology,2.222,2015
Timor-Leste,TLS,Technology,2.222,2016
Timor-Leste,TLS,Technology,2.222,2017
Timor-Leste,TLS,Technology,2.222,2018
Timor-Leste,TLS,Technology,2.222,2019
Timor-Leste,TLS,Technology,2.222,2020
Timor-Leste,TLS,Technology,2.222,2021
Timor-Leste,TLS,Technology,2.222,2022
Timor-Leste,TLS,Technology,0.000,2023
Timor-Leste,TLS,Violence,0.000,1960
Timor-Leste,TLS,Violence,0.000,1961
Timor-Leste,TLS,Violence,0.000,1962
Timor-Leste,TLS,Violence,0.000,1963
Timor-Leste,TLS,Violence,0.000,1964
Timor-Leste,TLS,Violence,0.000,1965
Timor-Leste,TLS,Violence,0.000,1966
Timor-Leste,TLS,Violence,0.000,1967
Timor-Leste,TLS,Violence,0.000,1968
Timor-Leste,TLS,Violence,0.000,1969
Timor-Leste,TLS,Violence,2.143,1970
Timor-Leste,TLS,Violence,2.143,1971
Timor-Leste,TLS,Violence,2.143,1972
Timor-Leste,TLS,Violence,2.143,1973
Timor-Leste,TLS,Violence,2.143,1974
Timor-Leste,TLS,Violence,2.143,1975
Timor-Leste,TLS,Violence,2.143,1976
Timor-Leste,TLS,Violence,2.143,1977
Timor-Leste,TLS,Violence,2.143,1978
Timor-Leste,TLS,Violence,2.143,1979
Timor-Leste,TLS,Violence,2.143,1980
Timor-Leste,TLS,Violence,2.143,1981
Timor-Leste,TLS,Violence,2.143,1982
Timor-Leste,TLS,Violence,2.143,1983
Timor-Leste,TLS,Violence,2.143,1984
Timor-Leste,TLS,Violence,2.143,1985
Timor-Leste,TLS,Violence,2.143,1986
Timor-Leste,TLS,Violence,2.143,1987
Timor-Leste,TLS,Violence,2.143,1988
Timor-Leste,TLS,Violence,2.143,1989
Timor-Leste,TLS,Violence,2.143,1990
Timor-Leste,TLS,Violence,2.143,1991
Timor-Leste,TLS,Violence,2.143,1992
Timor-Leste,TLS,Violence,2.143,1993
Timor-Leste,TLS,Violence,2.143,1994
Timor-Leste,TLS,Violence,2.143,1995
Timor-Leste,TLS,Violence,2.143,1996
Timor-Leste,TLS,Violence,2.143,1997
Timor-Leste,TLS,Violence,2.143,1998
Timor-Leste,TLS,Violence,2.143,1999
Timor-Leste,TLS,Violence,4.286,2000
Timor-Leste,TLS,Violence,4.286,2001
Timor-Leste,TLS,Violence,4.286,2002
Timor-Leste,TLS,Violence,4.286,2003
Timor-Leste,TLS,Violence,5.000,2004
Timor-Leste,TLS,Violence,5.000,2005
Timor-Leste,TLS,Violence,5.000,2006
Timor-Leste,TLS,Violence,5.000,2007
Timor-Leste,TLS,Violence,5.000,2008
Timor-Leste,TLS,Violence,5.000,2009
Timor-Leste,TLS,Violence,62.857,2010
Timor-Leste,TLS,Violence,4.286,2011
Timor-Leste,TLS,Violence,4.286,2012
Timor-Leste,TLS,Violence,4.286,2013
Timor-Leste,TLS,Violence,4.286,2014
Timor-Leste,TLS,Violence,5.000,2015
Timor-Leste,TLS,Violence,58.571,2016
Timor-Leste,TLS,Violence,4.286,2017
Timor-Leste,TLS,Violence,7.143,2018
Timor-Leste,TLS,Violence,4.286,2019
Timor-Leste,TLS,Violence,2.143,2020
Timor-Leste,TLS,Violence,2.143,2021
Timor-Leste,TLS,Violence,2.143,2022
Timor-Leste,TLS,Violence,2.143,2023
Timor-Leste,TLS,Youth 15-24,4.587,1960
Timor-Leste,TLS,Youth 15-24,4.587,1961
Timor-Leste,TLS,Youth 15-24,4.587,1962
Timor-Leste,TLS,Youth 15-24,4.587,1963
Timor-Leste,TLS,Youth 15-24,4.587,1964
Timor-Leste,TLS,Youth 15-24,4.587,1965
Timor-Leste,TLS,Youth 15-24,4.587,1966
Timor-Leste,TLS,Youth 15-24,4.587,1967
Timor-Leste,TLS,Youth 15-24,4.587,1968
Timor-Leste,TLS,Youth 15-24,4.587,1969
Timor-Leste,TLS,Youth 15-24,4.587,1970
Timor-Leste,TLS,Youth 15-24,4.587,1971
Timor-Leste,TLS,Youth 15-24,4.587,1972
Timor-Leste,TLS,Youth 15-24,4.587,1973
Timor-Leste,TLS,Youth 15-24,4.587,1974
Timor-Leste,TLS,Youth 15-24,4.587,1975
Timor-Leste,TLS,Youth 15-24,4.587,1976
Timor-Leste,TLS,Youth 15-24,4.587,1977
Timor-Leste,TLS,Youth 15-24,4.587,1978
Timor-Leste,TLS,Youth 15-24,4.587,1979
Timor-Leste,TLS,Youth 15-24,4.587,1980
Timor-Leste,TLS,Youth 15-24,4.587,1981
Timor-Leste,TLS,Youth 15-24,4.587,1982
Timor-Leste,TLS,Youth 15-24,4.587,1983
Timor-Leste,TLS,Youth 15-24,4.587,1984
Timor-Leste,TLS,Youth 15-24,4.587,1985
Timor-Leste,TLS,Youth 15-24,4.587,1986
Timor-Leste,TLS,Youth 15-24,4.587,1987
Timor-Leste,TLS,Youth 15-24,4.587,1988
Timor-Leste,TLS,Youth 15-24,4.587,1989
Timor-Leste,TLS,Youth 15-24,11.927,1990
Timor-Leste,TLS,Youth 15-24,18.349,1991
Timor-Leste,TLS,Youth 15-24,18.349,1992
Timor-Leste,TLS,Youth 15-24,18.349,1993
Timor-Leste,TLS,Youth 15-24,18.349,1994
Timor-Leste,TLS,Youth 15-24,18.349,1995
Timor-Leste,TLS,Youth 15-24,18.349,1996
Timor-Leste,TLS,Youth 15-24,18.349,1997
Timor-Leste,TLS,Youth 15-24,18.349,1998
Timor-Leste,TLS,Youth 15-24,18.349,1999
Timor-Leste,TLS,Youth 15-24,18.349,2000
Timor-Leste,TLS,Youth 15-24,31.193,2001
Timor-Leste,TLS,Youth 15-24,25.688,2002
Timor-Leste,TLS,Youth 15-24,22.018,2003
Timor-Leste,TLS,Youth 15-24,28.440,2004
Timor-Leste,TLS,Youth 15-24,28.440,2005
Timor-Leste,TLS,Youth 15-24,18.349,2006
Timor-Leste,TLS,Youth 15-24,30.275,2007
Timor-Leste,TLS,Youth 15-24,37.615,2008
Timor-Leste,TLS,Youth 15-24,49.541,2009
Timor-Leste,TLS,Youth 15-24,76.147,2010
Timor-Leste,TLS,Youth 15-24,39.450,2011
Timor-Leste,TLS,Youth 15-24,39.450,2012
Timor-Leste,TLS,Youth 15-24,56.881,2013
Timor-Leste,TLS,Youth 15-24,39.450,2014
Timor-Leste,TLS,Youth 15-24,56.881,2015
Timor-Leste,TLS,Youth 15-24,74.312,2016
Timor-Leste,TLS,Youth 15-24,39.450,2017
Timor-Leste,TLS,Youth 15-24,40.367,2018
Timor-Leste,TLS,Youth 15-24,26.606,2019
Timor-Leste,TLS,Youth 15-24,27.523,2020
Timor-Leste,TLS,Youth 15-24,41.284,2021
Timor-Leste,TLS,Youth 15-24,38.532,2022
Timor-Leste,TLS,Youth 15-24,16.514,2023
