Country Name,Country Code,Topic,% of available indicators,Year
British Virgin Islands,VGB,Assets,0.000,1960
British Virgin Islands,VGB,Assets,0.000,1961
British Virgin Islands,VGB,Assets,0.000,1962
British Virgin Islands,VGB,Assets,0.000,1963
British Virgin Islands,VGB,Assets,0.000,1964
British Virgin Islands,VGB,Assets,0.000,1965
British Virgin Islands,VGB,Assets,0.000,1966
British Virgin Islands,VGB,Assets,0.000,1967
British Virgin Islands,VGB,Assets,0.000,1968
British Virgin Islands,VGB,Assets,0.000,1969
British Virgin Islands,VGB,Assets,0.000,1970
British Virgin Islands,VGB,Assets,0.000,1971
British Virgin Islands,VGB,Assets,0.000,1972
British Virgin Islands,VGB,Assets,0.000,1973
British Virgin Islands,VGB,Assets,0.000,1974
British Virgin Islands,VGB,Assets,0.000,1975
British Virgin Islands,VGB,Assets,0.000,1976
British Virgin Islands,VGB,Assets,0.000,1977
British Virgin Islands,VGB,Assets,0.000,1978
British Virgin Islands,VGB,Assets,0.000,1979
British Virgin Islands,VGB,Assets,0.000,1980
British Virgin Islands,VGB,Assets,0.000,1981
British Virgin Islands,VGB,Assets,0.000,1982
British Virgin Islands,VGB,Assets,0.000,1983
British Virgin Islands,VGB,Assets,0.000,1984
British Virgin Islands,VGB,Assets,0.000,1985
British Virgin Islands,VGB,Assets,0.000,1986
British Virgin Islands,VGB,Assets,0.000,1987
British Virgin Islands,VGB,Assets,0.000,1988
British Virgin Islands,VGB,Assets,0.000,1989
British Virgin Islands,VGB,Assets,0.000,1990
British Virgin Islands,VGB,Assets,0.000,1991
British Virgin Islands,VGB,Assets,0.000,1992
British Virgin Islands,VGB,Assets,0.000,1993
British Virgin Islands,VGB,Assets,0.000,1994
British Virgin Islands,VGB,Assets,0.000,1995
British Virgin Islands,VGB,Assets,0.000,1996
British Virgin Islands,VGB,Assets,0.000,1997
British Virgin Islands,VGB,Assets,0.000,1998
British Virgin Islands,VGB,Assets,0.000,1999
British Virgin Islands,VGB,Assets,0.000,2000
British Virgin Islands,VGB,Assets,0.000,2001
British Virgin Islands,VGB,Assets,0.000,2002
British Virgin Islands,VGB,Assets,0.000,2003
British Virgin Islands,VGB,Assets,0.000,2004
British Virgin Islands,VGB,Assets,0.000,2005
British Virgin Islands,VGB,Assets,0.000,2006
British Virgin Islands,VGB,Assets,0.000,2007
British Virgin Islands,VGB,Assets,0.000,2008
British Virgin Islands,VGB,Assets,0.000,2009
British Virgin Islands,VGB,Assets,0.000,2010
British Virgin Islands,VGB,Assets,0.000,2011
British Virgin Islands,VGB,Assets,0.000,2012
British Virgin Islands,VGB,Assets,0.000,2013
British Virgin Islands,VGB,Assets,0.000,2014
British Virgin Islands,VGB,Assets,0.000,2015
British Virgin Islands,VGB,Assets,0.000,2016
British Virgin Islands,VGB,Assets,0.000,2017
British Virgin Islands,VGB,Assets,0.000,2018
British Virgin Islands,VGB,Assets,0.000,2019
British Virgin Islands,VGB,Assets,0.000,2020
British Virgin Islands,VGB,Assets,0.000,2021
British Virgin Islands,VGB,Assets,0.000,2022
British Virgin Islands,VGB,Assets,0.000,2023
British Virgin Islands,VGB,Children 0-14,19.231,1960
British Virgin Islands,VGB,Children 0-14,19.231,1961
British Virgin Islands,VGB,Children 0-14,19.231,1962
British Virgin Islands,VGB,Children 0-14,19.231,1963
British Virgin Islands,VGB,Children 0-14,19.231,1964
British Virgin Islands,VGB,Children 0-14,19.231,1965
British Virgin Islands,VGB,Children 0-14,19.231,1966
British Virgin Islands,VGB,Children 0-14,19.231,1967
British Virgin Islands,VGB,Children 0-14,19.231,1968
British Virgin Islands,VGB,Children 0-14,19.231,1969
British Virgin Islands,VGB,Children 0-14,19.231,1970
British Virgin Islands,VGB,Children 0-14,23.077,1971
British Virgin Islands,VGB,Children 0-14,23.077,1972
British Virgin Islands,VGB,Children 0-14,23.077,1973
British Virgin Islands,VGB,Children 0-14,23.077,1974
British Virgin Islands,VGB,Children 0-14,25.385,1975
British Virgin Islands,VGB,Children 0-14,25.385,1976
British Virgin Islands,VGB,Children 0-14,19.231,1977
British Virgin Islands,VGB,Children 0-14,19.231,1978
British Virgin Islands,VGB,Children 0-14,25.385,1979
British Virgin Islands,VGB,Children 0-14,21.538,1980
British Virgin Islands,VGB,Children 0-14,25.385,1981
British Virgin Islands,VGB,Children 0-14,19.231,1982
British Virgin Islands,VGB,Children 0-14,33.077,1983
British Virgin Islands,VGB,Children 0-14,33.077,1984
British Virgin Islands,VGB,Children 0-14,33.077,1985
British Virgin Islands,VGB,Children 0-14,19.231,1986
British Virgin Islands,VGB,Children 0-14,19.231,1987
British Virgin Islands,VGB,Children 0-14,19.231,1988
British Virgin Islands,VGB,Children 0-14,19.231,1989
British Virgin Islands,VGB,Children 0-14,28.462,1990
British Virgin Islands,VGB,Children 0-14,29.231,1991
British Virgin Islands,VGB,Children 0-14,28.462,1992
British Virgin Islands,VGB,Children 0-14,20.000,1993
British Virgin Islands,VGB,Children 0-14,31.538,1994
British Virgin Islands,VGB,Children 0-14,23.846,1995
British Virgin Islands,VGB,Children 0-14,19.231,1996
British Virgin Islands,VGB,Children 0-14,19.231,1997
British Virgin Islands,VGB,Children 0-14,19.231,1998
British Virgin Islands,VGB,Children 0-14,36.923,1999
British Virgin Islands,VGB,Children 0-14,36.923,2000
British Virgin Islands,VGB,Children 0-14,36.923,2001
British Virgin Islands,VGB,Children 0-14,36.923,2002
British Virgin Islands,VGB,Children 0-14,36.923,2003
British Virgin Islands,VGB,Children 0-14,36.154,2004
British Virgin Islands,VGB,Children 0-14,39.231,2005
British Virgin Islands,VGB,Children 0-14,39.231,2006
British Virgin Islands,VGB,Children 0-14,31.538,2007
British Virgin Islands,VGB,Children 0-14,19.231,2008
British Virgin Islands,VGB,Children 0-14,36.923,2009
British Virgin Islands,VGB,Children 0-14,32.308,2010
British Virgin Islands,VGB,Children 0-14,36.923,2011
British Virgin Islands,VGB,Children 0-14,43.846,2012
British Virgin Islands,VGB,Children 0-14,40.000,2013
British Virgin Islands,VGB,Children 0-14,39.231,2014
British Virgin Islands,VGB,Children 0-14,36.923,2015
British Virgin Islands,VGB,Children 0-14,34.615,2016
British Virgin Islands,VGB,Children 0-14,34.615,2017
British Virgin Islands,VGB,Children 0-14,30.769,2018
British Virgin Islands,VGB,Children 0-14,30.769,2019
British Virgin Islands,VGB,Children 0-14,29.231,2020
British Virgin Islands,VGB,Children 0-14,26.923,2021
British Virgin Islands,VGB,Children 0-14,23.077,2022
British Virgin Islands,VGB,Children 0-14,7.692,2023
British Virgin Islands,VGB,Education,0.000,1960
British Virgin Islands,VGB,Education,0.000,1961
British Virgin Islands,VGB,Education,0.000,1962
British Virgin Islands,VGB,Education,0.000,1963
British Virgin Islands,VGB,Education,0.000,1964
British Virgin Islands,VGB,Education,0.000,1965
British Virgin Islands,VGB,Education,0.000,1966
British Virgin Islands,VGB,Education,0.000,1967
British Virgin Islands,VGB,Education,0.000,1968
British Virgin Islands,VGB,Education,0.000,1969
British Virgin Islands,VGB,Education,0.613,1970
British Virgin Islands,VGB,Education,10.429,1971
British Virgin Islands,VGB,Education,9.816,1972
British Virgin Islands,VGB,Education,11.043,1973
British Virgin Islands,VGB,Education,9.202,1974
British Virgin Islands,VGB,Education,12.270,1975
British Virgin Islands,VGB,Education,12.270,1976
British Virgin Islands,VGB,Education,2.454,1977
British Virgin Islands,VGB,Education,2.454,1978
British Virgin Islands,VGB,Education,12.883,1979
British Virgin Islands,VGB,Education,3.681,1980
British Virgin Islands,VGB,Education,12.883,1981
British Virgin Islands,VGB,Education,0.000,1982
British Virgin Islands,VGB,Education,12.270,1983
British Virgin Islands,VGB,Education,19.018,1984
British Virgin Islands,VGB,Education,19.018,1985
British Virgin Islands,VGB,Education,0.000,1986
British Virgin Islands,VGB,Education,0.000,1987
British Virgin Islands,VGB,Education,0.000,1988
British Virgin Islands,VGB,Education,0.000,1989
British Virgin Islands,VGB,Education,14.110,1990
British Virgin Islands,VGB,Education,18.405,1991
British Virgin Islands,VGB,Education,15.337,1992
British Virgin Islands,VGB,Education,0.613,1993
British Virgin Islands,VGB,Education,19.018,1994
British Virgin Islands,VGB,Education,4.294,1995
British Virgin Islands,VGB,Education,0.000,1996
British Virgin Islands,VGB,Education,0.000,1997
British Virgin Islands,VGB,Education,0.000,1998
British Virgin Islands,VGB,Education,29.448,1999
British Virgin Islands,VGB,Education,27.607,2000
British Virgin Islands,VGB,Education,28.221,2001
British Virgin Islands,VGB,Education,29.448,2002
British Virgin Islands,VGB,Education,22.086,2003
British Virgin Islands,VGB,Education,30.061,2004
British Virgin Islands,VGB,Education,28.221,2005
British Virgin Islands,VGB,Education,28.221,2006
British Virgin Islands,VGB,Education,22.086,2007
British Virgin Islands,VGB,Education,0.000,2008
British Virgin Islands,VGB,Education,37.423,2009
British Virgin Islands,VGB,Education,20.245,2010
British Virgin Islands,VGB,Education,25.153,2011
British Virgin Islands,VGB,Education,30.675,2012
British Virgin Islands,VGB,Education,28.834,2013
British Virgin Islands,VGB,Education,29.448,2014
British Virgin Islands,VGB,Education,36.810,2015
British Virgin Islands,VGB,Education,31.288,2016
British Virgin Islands,VGB,Education,27.607,2017
British Virgin Islands,VGB,Education,18.405,2018
British Virgin Islands,VGB,Education,16.564,2019
British Virgin Islands,VGB,Education,15.337,2020
British Virgin Islands,VGB,Education,15.337,2021
British Virgin Islands,VGB,Education,12.270,2022
British Virgin Islands,VGB,Education,3.067,2023
British Virgin Islands,VGB,Employment and Time Use,2.920,1960
British Virgin Islands,VGB,Employment and Time Use,0.000,1961
British Virgin Islands,VGB,Employment and Time Use,0.000,1962
British Virgin Islands,VGB,Employment and Time Use,0.000,1963
British Virgin Islands,VGB,Employment and Time Use,0.000,1964
British Virgin Islands,VGB,Employment and Time Use,0.000,1965
British Virgin Islands,VGB,Employment and Time Use,0.000,1966
British Virgin Islands,VGB,Employment and Time Use,0.000,1967
British Virgin Islands,VGB,Employment and Time Use,0.000,1968
British Virgin Islands,VGB,Employment and Time Use,0.000,1969
British Virgin Islands,VGB,Employment and Time Use,5.109,1970
British Virgin Islands,VGB,Employment and Time Use,0.000,1971
British Virgin Islands,VGB,Employment and Time Use,0.000,1972
British Virgin Islands,VGB,Employment and Time Use,0.000,1973
British Virgin Islands,VGB,Employment and Time Use,0.000,1974
British Virgin Islands,VGB,Employment and Time Use,0.000,1975
British Virgin Islands,VGB,Employment and Time Use,0.000,1976
British Virgin Islands,VGB,Employment and Time Use,0.000,1977
British Virgin Islands,VGB,Employment and Time Use,0.000,1978
British Virgin Islands,VGB,Employment and Time Use,0.000,1979
British Virgin Islands,VGB,Employment and Time Use,5.109,1980
British Virgin Islands,VGB,Employment and Time Use,0.000,1981
British Virgin Islands,VGB,Employment and Time Use,0.000,1982
British Virgin Islands,VGB,Employment and Time Use,0.000,1983
British Virgin Islands,VGB,Employment and Time Use,0.000,1984
British Virgin Islands,VGB,Employment and Time Use,0.000,1985
British Virgin Islands,VGB,Employment and Time Use,0.000,1986
British Virgin Islands,VGB,Employment and Time Use,0.000,1987
British Virgin Islands,VGB,Employment and Time Use,0.000,1988
British Virgin Islands,VGB,Employment and Time Use,0.000,1989
British Virgin Islands,VGB,Employment and Time Use,0.000,1990
British Virgin Islands,VGB,Employment and Time Use,12.409,1991
British Virgin Islands,VGB,Employment and Time Use,0.000,1992
British Virgin Islands,VGB,Employment and Time Use,0.000,1993
British Virgin Islands,VGB,Employment and Time Use,2.920,1994
British Virgin Islands,VGB,Employment and Time Use,0.000,1995
British Virgin Islands,VGB,Employment and Time Use,0.000,1996
British Virgin Islands,VGB,Employment and Time Use,0.000,1997
British Virgin Islands,VGB,Employment and Time Use,0.000,1998
British Virgin Islands,VGB,Employment and Time Use,0.000,1999
British Virgin Islands,VGB,Employment and Time Use,0.000,2000
British Virgin Islands,VGB,Employment and Time Use,0.000,2001
British Virgin Islands,VGB,Employment and Time Use,0.000,2002
British Virgin Islands,VGB,Employment and Time Use,0.000,2003
British Virgin Islands,VGB,Employment and Time Use,0.000,2004
British Virgin Islands,VGB,Employment and Time Use,0.000,2005
British Virgin Islands,VGB,Employment and Time Use,0.000,2006
British Virgin Islands,VGB,Employment and Time Use,0.000,2007
British Virgin Islands,VGB,Employment and Time Use,0.000,2008
British Virgin Islands,VGB,Employment and Time Use,0.000,2009
British Virgin Islands,VGB,Employment and Time Use,0.000,2010
British Virgin Islands,VGB,Employment and Time Use,0.000,2011
British Virgin Islands,VGB,Employment and Time Use,0.000,2012
British Virgin Islands,VGB,Employment and Time Use,0.000,2013
British Virgin Islands,VGB,Employment and Time Use,0.000,2014
British Virgin Islands,VGB,Employment and Time Use,0.000,2015
British Virgin Islands,VGB,Employment and Time Use,0.000,2016
British Virgin Islands,VGB,Employment and Time Use,0.000,2017
British Virgin Islands,VGB,Employment and Time Use,0.000,2018
British Virgin Islands,VGB,Employment and Time Use,0.000,2019
British Virgin Islands,VGB,Employment and Time Use,0.000,2020
British Virgin Islands,VGB,Employment and Time Use,0.000,2021
British Virgin Islands,VGB,Employment and Time Use,0.000,2022
British Virgin Islands,VGB,Employment and Time Use,0.000,2023
British Virgin Islands,VGB,Entrepreneurship,0.000,1960
British Virgin Islands,VGB,Entrepreneurship,0.000,1961
British Virgin Islands,VGB,Entrepreneurship,0.000,1962
British Virgin Islands,VGB,Entrepreneurship,0.000,1963
British Virgin Islands,VGB,Entrepreneurship,0.000,1964
British Virgin Islands,VGB,Entrepreneurship,0.000,1965
British Virgin Islands,VGB,Entrepreneurship,0.000,1966
British Virgin Islands,VGB,Entrepreneurship,0.000,1967
British Virgin Islands,VGB,Entrepreneurship,0.000,1968
British Virgin Islands,VGB,Entrepreneurship,0.000,1969
British Virgin Islands,VGB,Entrepreneurship,0.000,1970
British Virgin Islands,VGB,Entrepreneurship,0.000,1971
British Virgin Islands,VGB,Entrepreneurship,0.000,1972
British Virgin Islands,VGB,Entrepreneurship,0.000,1973
British Virgin Islands,VGB,Entrepreneurship,0.000,1974
British Virgin Islands,VGB,Entrepreneurship,0.000,1975
British Virgin Islands,VGB,Entrepreneurship,0.000,1976
British Virgin Islands,VGB,Entrepreneurship,0.000,1977
British Virgin Islands,VGB,Entrepreneurship,0.000,1978
British Virgin Islands,VGB,Entrepreneurship,0.000,1979
British Virgin Islands,VGB,Entrepreneurship,0.000,1980
British Virgin Islands,VGB,Entrepreneurship,0.000,1981
British Virgin Islands,VGB,Entrepreneurship,0.000,1982
British Virgin Islands,VGB,Entrepreneurship,0.000,1983
British Virgin Islands,VGB,Entrepreneurship,0.000,1984
British Virgin Islands,VGB,Entrepreneurship,0.000,1985
British Virgin Islands,VGB,Entrepreneurship,0.000,1986
British Virgin Islands,VGB,Entrepreneurship,0.000,1987
British Virgin Islands,VGB,Entrepreneurship,0.000,1988
British Virgin Islands,VGB,Entrepreneurship,0.000,1989
British Virgin Islands,VGB,Entrepreneurship,0.000,1990
British Virgin Islands,VGB,Entrepreneurship,0.000,1991
British Virgin Islands,VGB,Entrepreneurship,0.000,1992
British Virgin Islands,VGB,Entrepreneurship,0.000,1993
British Virgin Islands,VGB,Entrepreneurship,0.000,1994
British Virgin Islands,VGB,Entrepreneurship,0.000,1995
British Virgin Islands,VGB,Entrepreneurship,0.000,1996
British Virgin Islands,VGB,Entrepreneurship,0.000,1997
British Virgin Islands,VGB,Entrepreneurship,0.000,1998
British Virgin Islands,VGB,Entrepreneurship,0.000,1999
British Virgin Islands,VGB,Entrepreneurship,0.000,2000
British Virgin Islands,VGB,Entrepreneurship,0.000,2001
British Virgin Islands,VGB,Entrepreneurship,0.000,2002
British Virgin Islands,VGB,Entrepreneurship,0.000,2003
British Virgin Islands,VGB,Entrepreneurship,0.000,2004
British Virgin Islands,VGB,Entrepreneurship,0.000,2005
British Virgin Islands,VGB,Entrepreneurship,0.000,2006
British Virgin Islands,VGB,Entrepreneurship,0.000,2007
British Virgin Islands,VGB,Entrepreneurship,0.000,2008
British Virgin Islands,VGB,Entrepreneurship,0.000,2009
British Virgin Islands,VGB,Entrepreneurship,0.000,2010
British Virgin Islands,VGB,Entrepreneurship,0.000,2011
British Virgin Islands,VGB,Entrepreneurship,0.000,2012
British Virgin Islands,VGB,Entrepreneurship,0.000,2013
British Virgin Islands,VGB,Entrepreneurship,0.000,2014
British Virgin Islands,VGB,Entrepreneurship,0.000,2015
British Virgin Islands,VGB,Entrepreneurship,0.000,2016
British Virgin Islands,VGB,Entrepreneurship,0.000,2017
British Virgin Islands,VGB,Entrepreneurship,0.000,2018
British Virgin Islands,VGB,Entrepreneurship,0.000,2019
British Virgin Islands,VGB,Entrepreneurship,0.000,2020
British Virgin Islands,VGB,Entrepreneurship,0.000,2021
British Virgin Islands,VGB,Entrepreneurship,0.000,2022
British Virgin Islands,VGB,Entrepreneurship,0.000,2023
British Virgin Islands,VGB,Environment,0.000,1960
British Virgin Islands,VGB,Environment,0.000,1961
British Virgin Islands,VGB,Environment,0.000,1962
British Virgin Islands,VGB,Environment,0.000,1963
British Virgin Islands,VGB,Environment,0.000,1964
British Virgin Islands,VGB,Environment,0.000,1965
British Virgin Islands,VGB,Environment,0.000,1966
British Virgin Islands,VGB,Environment,0.000,1967
British Virgin Islands,VGB,Environment,0.000,1968
British Virgin Islands,VGB,Environment,0.000,1969
British Virgin Islands,VGB,Environment,0.000,1970
British Virgin Islands,VGB,Environment,0.000,1971
British Virgin Islands,VGB,Environment,0.000,1972
British Virgin Islands,VGB,Environment,0.000,1973
British Virgin Islands,VGB,Environment,0.000,1974
British Virgin Islands,VGB,Environment,0.000,1975
British Virgin Islands,VGB,Environment,0.000,1976
British Virgin Islands,VGB,Environment,0.000,1977
British Virgin Islands,VGB,Environment,0.000,1978
British Virgin Islands,VGB,Environment,0.000,1979
British Virgin Islands,VGB,Environment,0.000,1980
British Virgin Islands,VGB,Environment,0.000,1981
British Virgin Islands,VGB,Environment,0.000,1982
British Virgin Islands,VGB,Environment,0.000,1983
British Virgin Islands,VGB,Environment,0.000,1984
British Virgin Islands,VGB,Environment,0.000,1985
British Virgin Islands,VGB,Environment,0.000,1986
British Virgin Islands,VGB,Environment,0.000,1987
British Virgin Islands,VGB,Environment,0.000,1988
British Virgin Islands,VGB,Environment,0.000,1989
British Virgin Islands,VGB,Environment,0.000,1990
British Virgin Islands,VGB,Environment,0.000,1991
British Virgin Islands,VGB,Environment,0.000,1992
British Virgin Islands,VGB,Environment,0.000,1993
British Virgin Islands,VGB,Environment,0.000,1994
British Virgin Islands,VGB,Environment,0.000,1995
British Virgin Islands,VGB,Environment,0.000,1996
British Virgin Islands,VGB,Environment,0.000,1997
British Virgin Islands,VGB,Environment,0.000,1998
British Virgin Islands,VGB,Environment,0.000,1999
British Virgin Islands,VGB,Environment,3.333,2000
British Virgin Islands,VGB,Environment,3.333,2001
British Virgin Islands,VGB,Environment,3.333,2002
British Virgin Islands,VGB,Environment,3.333,2003
British Virgin Islands,VGB,Environment,3.333,2004
British Virgin Islands,VGB,Environment,3.333,2005
British Virgin Islands,VGB,Environment,3.333,2006
British Virgin Islands,VGB,Environment,3.333,2007
British Virgin Islands,VGB,Environment,3.333,2008
British Virgin Islands,VGB,Environment,3.333,2009
British Virgin Islands,VGB,Environment,3.333,2010
British Virgin Islands,VGB,Environment,3.333,2011
British Virgin Islands,VGB,Environment,3.333,2012
British Virgin Islands,VGB,Environment,3.333,2013
British Virgin Islands,VGB,Environment,3.333,2014
British Virgin Islands,VGB,Environment,3.333,2015
British Virgin Islands,VGB,Environment,3.333,2016
British Virgin Islands,VGB,Environment,0.000,2017
British Virgin Islands,VGB,Environment,0.000,2018
British Virgin Islands,VGB,Environment,0.000,2019
British Virgin Islands,VGB,Environment,0.000,2020
British Virgin Islands,VGB,Environment,0.000,2021
British Virgin Islands,VGB,Environment,0.000,2022
British Virgin Islands,VGB,Environment,0.000,2023
British Virgin Islands,VGB,Health,8.586,1960
British Virgin Islands,VGB,Health,8.586,1961
British Virgin Islands,VGB,Health,8.586,1962
British Virgin Islands,VGB,Health,8.586,1963
British Virgin Islands,VGB,Health,8.586,1964
British Virgin Islands,VGB,Health,8.586,1965
British Virgin Islands,VGB,Health,8.586,1966
British Virgin Islands,VGB,Health,8.586,1967
British Virgin Islands,VGB,Health,8.586,1968
British Virgin Islands,VGB,Health,8.586,1969
British Virgin Islands,VGB,Health,8.586,1970
British Virgin Islands,VGB,Health,8.586,1971
British Virgin Islands,VGB,Health,8.586,1972
British Virgin Islands,VGB,Health,8.586,1973
British Virgin Islands,VGB,Health,8.586,1974
British Virgin Islands,VGB,Health,8.586,1975
British Virgin Islands,VGB,Health,8.586,1976
British Virgin Islands,VGB,Health,8.586,1977
British Virgin Islands,VGB,Health,8.586,1978
British Virgin Islands,VGB,Health,8.586,1979
British Virgin Islands,VGB,Health,8.586,1980
British Virgin Islands,VGB,Health,8.586,1981
British Virgin Islands,VGB,Health,8.586,1982
British Virgin Islands,VGB,Health,8.586,1983
British Virgin Islands,VGB,Health,8.586,1984
British Virgin Islands,VGB,Health,8.586,1985
British Virgin Islands,VGB,Health,8.586,1986
British Virgin Islands,VGB,Health,8.586,1987
British Virgin Islands,VGB,Health,8.586,1988
British Virgin Islands,VGB,Health,8.586,1989
British Virgin Islands,VGB,Health,9.091,1990
British Virgin Islands,VGB,Health,8.586,1991
British Virgin Islands,VGB,Health,8.586,1992
British Virgin Islands,VGB,Health,8.586,1993
British Virgin Islands,VGB,Health,8.586,1994
British Virgin Islands,VGB,Health,9.091,1995
British Virgin Islands,VGB,Health,8.586,1996
British Virgin Islands,VGB,Health,8.586,1997
British Virgin Islands,VGB,Health,8.586,1998
British Virgin Islands,VGB,Health,9.091,1999
British Virgin Islands,VGB,Health,9.091,2000
British Virgin Islands,VGB,Health,9.091,2001
British Virgin Islands,VGB,Health,9.091,2002
British Virgin Islands,VGB,Health,9.091,2003
British Virgin Islands,VGB,Health,9.091,2004
British Virgin Islands,VGB,Health,10.101,2005
British Virgin Islands,VGB,Health,9.091,2006
British Virgin Islands,VGB,Health,9.091,2007
British Virgin Islands,VGB,Health,9.091,2008
British Virgin Islands,VGB,Health,9.091,2009
British Virgin Islands,VGB,Health,9.091,2010
British Virgin Islands,VGB,Health,9.091,2011
British Virgin Islands,VGB,Health,9.091,2012
British Virgin Islands,VGB,Health,9.091,2013
British Virgin Islands,VGB,Health,9.091,2014
British Virgin Islands,VGB,Health,9.091,2015
British Virgin Islands,VGB,Health,9.091,2016
British Virgin Islands,VGB,Health,8.586,2017
British Virgin Islands,VGB,Health,8.586,2018
British Virgin Islands,VGB,Health,8.586,2019
British Virgin Islands,VGB,Health,8.586,2020
British Virgin Islands,VGB,Health,8.586,2021
British Virgin Islands,VGB,Health,8.586,2022
British Virgin Islands,VGB,Health,0.000,2023
British Virgin Islands,VGB,Leadership,0.000,1960
British Virgin Islands,VGB,Leadership,0.000,1961
British Virgin Islands,VGB,Leadership,0.000,1962
British Virgin Islands,VGB,Leadership,0.000,1963
British Virgin Islands,VGB,Leadership,0.000,1964
British Virgin Islands,VGB,Leadership,0.000,1965
British Virgin Islands,VGB,Leadership,0.000,1966
British Virgin Islands,VGB,Leadership,0.000,1967
British Virgin Islands,VGB,Leadership,0.000,1968
British Virgin Islands,VGB,Leadership,0.000,1969
British Virgin Islands,VGB,Leadership,0.000,1970
British Virgin Islands,VGB,Leadership,0.000,1971
British Virgin Islands,VGB,Leadership,0.000,1972
British Virgin Islands,VGB,Leadership,0.000,1973
British Virgin Islands,VGB,Leadership,0.000,1974
British Virgin Islands,VGB,Leadership,0.000,1975
British Virgin Islands,VGB,Leadership,0.000,1976
British Virgin Islands,VGB,Leadership,0.000,1977
British Virgin Islands,VGB,Leadership,0.000,1978
British Virgin Islands,VGB,Leadership,0.000,1979
British Virgin Islands,VGB,Leadership,0.000,1980
British Virgin Islands,VGB,Leadership,0.000,1981
British Virgin Islands,VGB,Leadership,0.000,1982
British Virgin Islands,VGB,Leadership,0.000,1983
British Virgin Islands,VGB,Leadership,0.000,1984
British Virgin Islands,VGB,Leadership,0.000,1985
British Virgin Islands,VGB,Leadership,0.000,1986
British Virgin Islands,VGB,Leadership,0.000,1987
British Virgin Islands,VGB,Leadership,0.000,1988
British Virgin Islands,VGB,Leadership,0.000,1989
British Virgin Islands,VGB,Leadership,0.000,1990
British Virgin Islands,VGB,Leadership,0.000,1991
British Virgin Islands,VGB,Leadership,0.000,1992
British Virgin Islands,VGB,Leadership,0.000,1993
British Virgin Islands,VGB,Leadership,0.000,1994
British Virgin Islands,VGB,Leadership,0.000,1995
British Virgin Islands,VGB,Leadership,0.000,1996
British Virgin Islands,VGB,Leadership,0.000,1997
British Virgin Islands,VGB,Leadership,0.000,1998
British Virgin Islands,VGB,Leadership,0.000,1999
British Virgin Islands,VGB,Leadership,0.000,2000
British Virgin Islands,VGB,Leadership,0.000,2001
British Virgin Islands,VGB,Leadership,0.000,2002
British Virgin Islands,VGB,Leadership,0.000,2003
British Virgin Islands,VGB,Leadership,0.000,2004
British Virgin Islands,VGB,Leadership,0.000,2005
British Virgin Islands,VGB,Leadership,0.000,2006
British Virgin Islands,VGB,Leadership,0.000,2007
British Virgin Islands,VGB,Leadership,0.000,2008
British Virgin Islands,VGB,Leadership,0.000,2009
British Virgin Islands,VGB,Leadership,0.000,2010
British Virgin Islands,VGB,Leadership,0.000,2011
British Virgin Islands,VGB,Leadership,0.000,2012
British Virgin Islands,VGB,Leadership,0.000,2013
British Virgin Islands,VGB,Leadership,0.000,2014
British Virgin Islands,VGB,Leadership,0.000,2015
British Virgin Islands,VGB,Leadership,0.000,2016
British Virgin Islands,VGB,Leadership,0.000,2017
British Virgin Islands,VGB,Leadership,0.000,2018
British Virgin Islands,VGB,Leadership,0.000,2019
British Virgin Islands,VGB,Leadership,0.000,2020
British Virgin Islands,VGB,Leadership,0.000,2021
British Virgin Islands,VGB,Leadership,0.000,2022
British Virgin Islands,VGB,Leadership,0.000,2023
British Virgin Islands,VGB,Norms and Decision-making,0.000,1960
British Virgin Islands,VGB,Norms and Decision-making,0.000,1961
British Virgin Islands,VGB,Norms and Decision-making,0.000,1962
British Virgin Islands,VGB,Norms and Decision-making,0.000,1963
British Virgin Islands,VGB,Norms and Decision-making,0.000,1964
British Virgin Islands,VGB,Norms and Decision-making,0.000,1965
British Virgin Islands,VGB,Norms and Decision-making,0.000,1966
British Virgin Islands,VGB,Norms and Decision-making,0.000,1967
British Virgin Islands,VGB,Norms and Decision-making,0.000,1968
British Virgin Islands,VGB,Norms and Decision-making,0.000,1969
British Virgin Islands,VGB,Norms and Decision-making,1.481,1970
British Virgin Islands,VGB,Norms and Decision-making,0.000,1971
British Virgin Islands,VGB,Norms and Decision-making,0.000,1972
British Virgin Islands,VGB,Norms and Decision-making,0.000,1973
British Virgin Islands,VGB,Norms and Decision-making,0.000,1974
British Virgin Islands,VGB,Norms and Decision-making,0.000,1975
British Virgin Islands,VGB,Norms and Decision-making,0.000,1976
British Virgin Islands,VGB,Norms and Decision-making,0.000,1977
British Virgin Islands,VGB,Norms and Decision-making,0.000,1978
British Virgin Islands,VGB,Norms and Decision-making,0.000,1979
British Virgin Islands,VGB,Norms and Decision-making,1.481,1980
British Virgin Islands,VGB,Norms and Decision-making,0.000,1981
British Virgin Islands,VGB,Norms and Decision-making,0.000,1982
British Virgin Islands,VGB,Norms and Decision-making,0.000,1983
British Virgin Islands,VGB,Norms and Decision-making,0.000,1984
British Virgin Islands,VGB,Norms and Decision-making,0.000,1985
British Virgin Islands,VGB,Norms and Decision-making,0.000,1986
British Virgin Islands,VGB,Norms and Decision-making,0.000,1987
British Virgin Islands,VGB,Norms and Decision-making,0.000,1988
British Virgin Islands,VGB,Norms and Decision-making,0.000,1989
British Virgin Islands,VGB,Norms and Decision-making,0.000,1990
British Virgin Islands,VGB,Norms and Decision-making,1.481,1991
British Virgin Islands,VGB,Norms and Decision-making,0.000,1992
British Virgin Islands,VGB,Norms and Decision-making,0.000,1993
British Virgin Islands,VGB,Norms and Decision-making,0.000,1994
British Virgin Islands,VGB,Norms and Decision-making,0.000,1995
British Virgin Islands,VGB,Norms and Decision-making,0.000,1996
British Virgin Islands,VGB,Norms and Decision-making,0.000,1997
British Virgin Islands,VGB,Norms and Decision-making,0.000,1998
British Virgin Islands,VGB,Norms and Decision-making,0.000,1999
British Virgin Islands,VGB,Norms and Decision-making,0.000,2000
British Virgin Islands,VGB,Norms and Decision-making,0.000,2001
British Virgin Islands,VGB,Norms and Decision-making,0.000,2002
British Virgin Islands,VGB,Norms and Decision-making,0.000,2003
British Virgin Islands,VGB,Norms and Decision-making,0.000,2004
British Virgin Islands,VGB,Norms and Decision-making,0.000,2005
British Virgin Islands,VGB,Norms and Decision-making,0.000,2006
British Virgin Islands,VGB,Norms and Decision-making,0.000,2007
British Virgin Islands,VGB,Norms and Decision-making,0.000,2008
British Virgin Islands,VGB,Norms and Decision-making,0.000,2009
British Virgin Islands,VGB,Norms and Decision-making,0.000,2010
British Virgin Islands,VGB,Norms and Decision-making,0.000,2011
British Virgin Islands,VGB,Norms and Decision-making,0.000,2012
British Virgin Islands,VGB,Norms and Decision-making,0.000,2013
British Virgin Islands,VGB,Norms and Decision-making,0.000,2014
British Virgin Islands,VGB,Norms and Decision-making,0.000,2015
British Virgin Islands,VGB,Norms and Decision-making,0.000,2016
British Virgin Islands,VGB,Norms and Decision-making,0.000,2017
British Virgin Islands,VGB,Norms and Decision-making,0.000,2018
British Virgin Islands,VGB,Norms and Decision-making,0.000,2019
British Virgin Islands,VGB,Norms and Decision-making,0.000,2020
British Virgin Islands,VGB,Norms and Decision-making,0.000,2021
British Virgin Islands,VGB,Norms and Decision-making,0.000,2022
British Virgin Islands,VGB,Norms and Decision-making,0.000,2023
British Virgin Islands,VGB,Population,86.905,1960
British Virgin Islands,VGB,Population,86.905,1961
British Virgin Islands,VGB,Population,86.905,1962
British Virgin Islands,VGB,Population,86.905,1963
British Virgin Islands,VGB,Population,86.905,1964
British Virgin Islands,VGB,Population,86.905,1965
British Virgin Islands,VGB,Population,86.905,1966
British Virgin Islands,VGB,Population,86.905,1967
British Virgin Islands,VGB,Population,86.905,1968
British Virgin Islands,VGB,Population,86.905,1969
British Virgin Islands,VGB,Population,89.286,1970
British Virgin Islands,VGB,Population,86.905,1971
British Virgin Islands,VGB,Population,86.905,1972
British Virgin Islands,VGB,Population,86.905,1973
British Virgin Islands,VGB,Population,86.905,1974
British Virgin Islands,VGB,Population,86.905,1975
British Virgin Islands,VGB,Population,86.905,1976
British Virgin Islands,VGB,Population,86.905,1977
British Virgin Islands,VGB,Population,86.905,1978
British Virgin Islands,VGB,Population,86.905,1979
British Virgin Islands,VGB,Population,89.286,1980
British Virgin Islands,VGB,Population,86.905,1981
British Virgin Islands,VGB,Population,86.905,1982
British Virgin Islands,VGB,Population,86.905,1983
British Virgin Islands,VGB,Population,86.905,1984
British Virgin Islands,VGB,Population,86.905,1985
British Virgin Islands,VGB,Population,86.905,1986
British Virgin Islands,VGB,Population,86.905,1987
British Virgin Islands,VGB,Population,86.905,1988
British Virgin Islands,VGB,Population,86.905,1989
British Virgin Islands,VGB,Population,88.095,1990
British Virgin Islands,VGB,Population,89.286,1991
British Virgin Islands,VGB,Population,86.905,1992
British Virgin Islands,VGB,Population,86.905,1993
British Virgin Islands,VGB,Population,86.905,1994
British Virgin Islands,VGB,Population,88.095,1995
British Virgin Islands,VGB,Population,86.905,1996
British Virgin Islands,VGB,Population,86.905,1997
British Virgin Islands,VGB,Population,86.905,1998
British Virgin Islands,VGB,Population,86.905,1999
British Virgin Islands,VGB,Population,88.095,2000
British Virgin Islands,VGB,Population,86.905,2001
British Virgin Islands,VGB,Population,86.905,2002
British Virgin Islands,VGB,Population,86.905,2003
British Virgin Islands,VGB,Population,86.905,2004
British Virgin Islands,VGB,Population,88.095,2005
British Virgin Islands,VGB,Population,86.905,2006
British Virgin Islands,VGB,Population,86.905,2007
British Virgin Islands,VGB,Population,86.905,2008
British Virgin Islands,VGB,Population,86.905,2009
British Virgin Islands,VGB,Population,88.095,2010
British Virgin Islands,VGB,Population,86.905,2011
British Virgin Islands,VGB,Population,86.905,2012
British Virgin Islands,VGB,Population,86.905,2013
British Virgin Islands,VGB,Population,86.905,2014
British Virgin Islands,VGB,Population,88.095,2015
British Virgin Islands,VGB,Population,86.905,2016
British Virgin Islands,VGB,Population,86.905,2017
British Virgin Islands,VGB,Population,86.905,2018
British Virgin Islands,VGB,Population,86.905,2019
British Virgin Islands,VGB,Population,88.095,2020
British Virgin Islands,VGB,Population,86.905,2021
British Virgin Islands,VGB,Population,86.905,2022
British Virgin Islands,VGB,Population,77.381,2023
British Virgin Islands,VGB,SDGs,2.685,1960
British Virgin Islands,VGB,SDGs,2.685,1961
British Virgin Islands,VGB,SDGs,2.685,1962
British Virgin Islands,VGB,SDGs,2.685,1963
British Virgin Islands,VGB,SDGs,2.685,1964
British Virgin Islands,VGB,SDGs,2.685,1965
British Virgin Islands,VGB,SDGs,2.685,1966
British Virgin Islands,VGB,SDGs,2.685,1967
British Virgin Islands,VGB,SDGs,2.685,1968
British Virgin Islands,VGB,SDGs,2.685,1969
British Virgin Islands,VGB,SDGs,2.685,1970
British Virgin Islands,VGB,SDGs,2.685,1971
British Virgin Islands,VGB,SDGs,2.685,1972
British Virgin Islands,VGB,SDGs,2.685,1973
British Virgin Islands,VGB,SDGs,2.685,1974
British Virgin Islands,VGB,SDGs,2.685,1975
British Virgin Islands,VGB,SDGs,2.685,1976
British Virgin Islands,VGB,SDGs,2.685,1977
British Virgin Islands,VGB,SDGs,2.685,1978
British Virgin Islands,VGB,SDGs,2.685,1979
British Virgin Islands,VGB,SDGs,2.685,1980
British Virgin Islands,VGB,SDGs,2.685,1981
British Virgin Islands,VGB,SDGs,2.685,1982
British Virgin Islands,VGB,SDGs,2.685,1983
British Virgin Islands,VGB,SDGs,2.685,1984
British Virgin Islands,VGB,SDGs,2.685,1985
British Virgin Islands,VGB,SDGs,2.685,1986
British Virgin Islands,VGB,SDGs,2.685,1987
British Virgin Islands,VGB,SDGs,2.685,1988
British Virgin Islands,VGB,SDGs,2.685,1989
British Virgin Islands,VGB,SDGs,2.685,1990
British Virgin Islands,VGB,SDGs,6.711,1991
British Virgin Islands,VGB,SDGs,2.685,1992
British Virgin Islands,VGB,SDGs,2.685,1993
British Virgin Islands,VGB,SDGs,2.685,1994
British Virgin Islands,VGB,SDGs,3.356,1995
British Virgin Islands,VGB,SDGs,2.685,1996
British Virgin Islands,VGB,SDGs,2.685,1997
British Virgin Islands,VGB,SDGs,2.685,1998
British Virgin Islands,VGB,SDGs,3.356,1999
British Virgin Islands,VGB,SDGs,3.356,2000
British Virgin Islands,VGB,SDGs,3.356,2001
British Virgin Islands,VGB,SDGs,3.356,2002
British Virgin Islands,VGB,SDGs,3.356,2003
British Virgin Islands,VGB,SDGs,3.356,2004
British Virgin Islands,VGB,SDGs,4.027,2005
British Virgin Islands,VGB,SDGs,3.356,2006
British Virgin Islands,VGB,SDGs,3.356,2007
British Virgin Islands,VGB,SDGs,3.356,2008
British Virgin Islands,VGB,SDGs,3.356,2009
British Virgin Islands,VGB,SDGs,3.356,2010
British Virgin Islands,VGB,SDGs,3.356,2011
British Virgin Islands,VGB,SDGs,3.356,2012
British Virgin Islands,VGB,SDGs,3.356,2013
British Virgin Islands,VGB,SDGs,3.356,2014
British Virgin Islands,VGB,SDGs,3.356,2015
British Virgin Islands,VGB,SDGs,3.356,2016
British Virgin Islands,VGB,SDGs,2.685,2017
British Virgin Islands,VGB,SDGs,2.685,2018
British Virgin Islands,VGB,SDGs,2.685,2019
British Virgin Islands,VGB,SDGs,2.685,2020
British Virgin Islands,VGB,SDGs,2.685,2021
British Virgin Islands,VGB,SDGs,2.685,2022
British Virgin Islands,VGB,SDGs,0.000,2023
British Virgin Islands,VGB,Technology,0.000,1960
British Virgin Islands,VGB,Technology,0.000,1961
British Virgin Islands,VGB,Technology,0.000,1962
British Virgin Islands,VGB,Technology,0.000,1963
British Virgin Islands,VGB,Technology,0.000,1964
British Virgin Islands,VGB,Technology,0.000,1965
British Virgin Islands,VGB,Technology,0.000,1966
British Virgin Islands,VGB,Technology,0.000,1967
British Virgin Islands,VGB,Technology,0.000,1968
British Virgin Islands,VGB,Technology,0.000,1969
British Virgin Islands,VGB,Technology,0.000,1970
British Virgin Islands,VGB,Technology,0.000,1971
British Virgin Islands,VGB,Technology,0.000,1972
British Virgin Islands,VGB,Technology,0.000,1973
British Virgin Islands,VGB,Technology,0.000,1974
British Virgin Islands,VGB,Technology,0.000,1975
British Virgin Islands,VGB,Technology,0.000,1976
British Virgin Islands,VGB,Technology,0.000,1977
British Virgin Islands,VGB,Technology,0.000,1978
British Virgin Islands,VGB,Technology,0.000,1979
British Virgin Islands,VGB,Technology,0.000,1980
British Virgin Islands,VGB,Technology,0.000,1981
British Virgin Islands,VGB,Technology,0.000,1982
British Virgin Islands,VGB,Technology,0.000,1983
British Virgin Islands,VGB,Technology,0.000,1984
British Virgin Islands,VGB,Technology,0.000,1985
British Virgin Islands,VGB,Technology,0.000,1986
British Virgin Islands,VGB,Technology,0.000,1987
British Virgin Islands,VGB,Technology,0.000,1988
British Virgin Islands,VGB,Technology,0.000,1989
British Virgin Islands,VGB,Technology,2.222,1990
British Virgin Islands,VGB,Technology,2.222,1991
British Virgin Islands,VGB,Technology,2.222,1992
British Virgin Islands,VGB,Technology,2.222,1993
British Virgin Islands,VGB,Technology,2.222,1994
British Virgin Islands,VGB,Technology,2.222,1995
British Virgin Islands,VGB,Technology,0.000,1996
British Virgin Islands,VGB,Technology,0.000,1997
British Virgin Islands,VGB,Technology,0.000,1998
British Virgin Islands,VGB,Technology,0.000,1999
British Virgin Islands,VGB,Technology,0.000,2000
British Virgin Islands,VGB,Technology,0.000,2001
British Virgin Islands,VGB,Technology,2.222,2002
British Virgin Islands,VGB,Technology,0.000,2003
British Virgin Islands,VGB,Technology,0.000,2004
British Virgin Islands,VGB,Technology,0.000,2005
British Virgin Islands,VGB,Technology,0.000,2006
British Virgin Islands,VGB,Technology,0.000,2007
British Virgin Islands,VGB,Technology,0.000,2008
British Virgin Islands,VGB,Technology,8.889,2009
British Virgin Islands,VGB,Technology,2.222,2010
British Virgin Islands,VGB,Technology,2.222,2011
British Virgin Islands,VGB,Technology,2.222,2012
British Virgin Islands,VGB,Technology,0.000,2013
British Virgin Islands,VGB,Technology,0.000,2014
British Virgin Islands,VGB,Technology,0.000,2015
British Virgin Islands,VGB,Technology,6.667,2016
British Virgin Islands,VGB,Technology,6.667,2017
British Virgin Islands,VGB,Technology,0.000,2018
British Virgin Islands,VGB,Technology,0.000,2019
British Virgin Islands,VGB,Technology,0.000,2020
British Virgin Islands,VGB,Technology,0.000,2021
British Virgin Islands,VGB,Technology,0.000,2022
British Virgin Islands,VGB,Technology,0.000,2023
British Virgin Islands,VGB,Violence,0.000,1960
British Virgin Islands,VGB,Violence,0.000,1961
British Virgin Islands,VGB,Violence,0.000,1962
British Virgin Islands,VGB,Violence,0.000,1963
British Virgin Islands,VGB,Violence,0.000,1964
British Virgin Islands,VGB,Violence,0.000,1965
British Virgin Islands,VGB,Violence,0.000,1966
British Virgin Islands,VGB,Violence,0.000,1967
British Virgin Islands,VGB,Violence,0.000,1968
British Virgin Islands,VGB,Violence,0.000,1969
British Virgin Islands,VGB,Violence,0.000,1970
British Virgin Islands,VGB,Violence,0.000,1971
British Virgin Islands,VGB,Violence,0.000,1972
British Virgin Islands,VGB,Violence,0.000,1973
British Virgin Islands,VGB,Violence,0.000,1974
British Virgin Islands,VGB,Violence,0.000,1975
British Virgin Islands,VGB,Violence,0.000,1976
British Virgin Islands,VGB,Violence,0.000,1977
British Virgin Islands,VGB,Violence,0.000,1978
British Virgin Islands,VGB,Violence,0.000,1979
British Virgin Islands,VGB,Violence,0.000,1980
British Virgin Islands,VGB,Violence,0.000,1981
British Virgin Islands,VGB,Violence,0.000,1982
British Virgin Islands,VGB,Violence,0.000,1983
British Virgin Islands,VGB,Violence,0.000,1984
British Virgin Islands,VGB,Violence,0.000,1985
British Virgin Islands,VGB,Violence,0.000,1986
British Virgin Islands,VGB,Violence,0.000,1987
British Virgin Islands,VGB,Violence,0.000,1988
British Virgin Islands,VGB,Violence,0.000,1989
British Virgin Islands,VGB,Violence,2.143,1990
British Virgin Islands,VGB,Violence,0.714,1991
British Virgin Islands,VGB,Violence,2.143,1992
British Virgin Islands,VGB,Violence,2.143,1993
British Virgin Islands,VGB,Violence,2.143,1994
British Virgin Islands,VGB,Violence,2.143,1995
British Virgin Islands,VGB,Violence,2.143,1996
British Virgin Islands,VGB,Violence,0.000,1997
British Virgin Islands,VGB,Violence,0.000,1998
British Virgin Islands,VGB,Violence,2.143,1999
British Virgin Islands,VGB,Violence,0.000,2000
British Virgin Islands,VGB,Violence,2.143,2001
British Virgin Islands,VGB,Violence,2.143,2002
British Virgin Islands,VGB,Violence,2.143,2003
British Virgin Islands,VGB,Violence,2.143,2004
British Virgin Islands,VGB,Violence,0.000,2005
British Virgin Islands,VGB,Violence,2.143,2006
British Virgin Islands,VGB,Violence,0.000,2007
British Virgin Islands,VGB,Violence,0.000,2008
British Virgin Islands,VGB,Violence,0.000,2009
British Virgin Islands,VGB,Violence,0.000,2010
British Virgin Islands,VGB,Violence,0.000,2011
British Virgin Islands,VGB,Violence,0.000,2012
British Virgin Islands,VGB,Violence,0.000,2013
British Virgin Islands,VGB,Violence,0.000,2014
British Virgin Islands,VGB,Violence,0.000,2015
British Virgin Islands,VGB,Violence,0.000,2016
British Virgin Islands,VGB,Violence,0.000,2017
British Virgin Islands,VGB,Violence,0.000,2018
British Virgin Islands,VGB,Violence,0.000,2019
British Virgin Islands,VGB,Violence,0.000,2020
British Virgin Islands,VGB,Violence,0.000,2021
British Virgin Islands,VGB,Violence,0.000,2022
British Virgin Islands,VGB,Violence,0.000,2023
British Virgin Islands,VGB,Youth 15-24,4.587,1960
British Virgin Islands,VGB,Youth 15-24,4.587,1961
British Virgin Islands,VGB,Youth 15-24,4.587,1962
British Virgin Islands,VGB,Youth 15-24,4.587,1963
British Virgin Islands,VGB,Youth 15-24,4.587,1964
British Virgin Islands,VGB,Youth 15-24,4.587,1965
British Virgin Islands,VGB,Youth 15-24,4.587,1966
British Virgin Islands,VGB,Youth 15-24,4.587,1967
British Virgin Islands,VGB,Youth 15-24,4.587,1968
British Virgin Islands,VGB,Youth 15-24,4.587,1969
British Virgin Islands,VGB,Youth 15-24,7.339,1970
British Virgin Islands,VGB,Youth 15-24,13.761,1971
British Virgin Islands,VGB,Youth 15-24,13.761,1972
British Virgin Islands,VGB,Youth 15-24,13.761,1973
British Virgin Islands,VGB,Youth 15-24,13.761,1974
British Virgin Islands,VGB,Youth 15-24,13.761,1975
British Virgin Islands,VGB,Youth 15-24,13.761,1976
British Virgin Islands,VGB,Youth 15-24,8.257,1977
British Virgin Islands,VGB,Youth 15-24,8.257,1978
British Virgin Islands,VGB,Youth 15-24,14.679,1979
British Virgin Islands,VGB,Youth 15-24,10.092,1980
British Virgin Islands,VGB,Youth 15-24,14.679,1981
British Virgin Islands,VGB,Youth 15-24,4.587,1982
British Virgin Islands,VGB,Youth 15-24,4.587,1983
British Virgin Islands,VGB,Youth 15-24,14.679,1984
British Virgin Islands,VGB,Youth 15-24,16.514,1985
British Virgin Islands,VGB,Youth 15-24,4.587,1986
British Virgin Islands,VGB,Youth 15-24,4.587,1987
British Virgin Islands,VGB,Youth 15-24,4.587,1988
British Virgin Islands,VGB,Youth 15-24,4.587,1989
British Virgin Islands,VGB,Youth 15-24,13.761,1990
British Virgin Islands,VGB,Youth 15-24,25.688,1991
British Virgin Islands,VGB,Youth 15-24,16.514,1992
British Virgin Islands,VGB,Youth 15-24,4.587,1993
British Virgin Islands,VGB,Youth 15-24,16.514,1994
British Virgin Islands,VGB,Youth 15-24,4.587,1995
British Virgin Islands,VGB,Youth 15-24,4.587,1996
British Virgin Islands,VGB,Youth 15-24,4.587,1997
British Virgin Islands,VGB,Youth 15-24,4.587,1998
British Virgin Islands,VGB,Youth 15-24,22.018,1999
British Virgin Islands,VGB,Youth 15-24,20.183,2000
British Virgin Islands,VGB,Youth 15-24,18.349,2001
British Virgin Islands,VGB,Youth 15-24,22.018,2002
British Virgin Islands,VGB,Youth 15-24,14.679,2003
British Virgin Islands,VGB,Youth 15-24,22.018,2004
British Virgin Islands,VGB,Youth 15-24,18.349,2005
British Virgin Islands,VGB,Youth 15-24,18.349,2006
British Virgin Islands,VGB,Youth 15-24,18.349,2007
British Virgin Islands,VGB,Youth 15-24,4.587,2008
British Virgin Islands,VGB,Youth 15-24,31.193,2009
British Virgin Islands,VGB,Youth 15-24,14.679,2010
British Virgin Islands,VGB,Youth 15-24,19.266,2011
British Virgin Islands,VGB,Youth 15-24,20.183,2012
British Virgin Islands,VGB,Youth 15-24,22.018,2013
British Virgin Islands,VGB,Youth 15-24,22.018,2014
British Virgin Islands,VGB,Youth 15-24,30.275,2015
British Virgin Islands,VGB,Youth 15-24,26.606,2016
British Virgin Islands,VGB,Youth 15-24,22.936,2017
British Virgin Islands,VGB,Youth 15-24,11.927,2018
British Virgin Islands,VGB,Youth 15-24,9.174,2019
British Virgin Islands,VGB,Youth 15-24,9.174,2020
British Virgin Islands,VGB,Youth 15-24,11.927,2021
British Virgin Islands,VGB,Youth 15-24,11.927,2022
British Virgin Islands,VGB,Youth 15-24,7.339,2023
