Country Name,Country Code,Topic,% of available indicators,Year
Cabo Verde,CPV,Assets,0.000,1960
Cabo Verde,CPV,Assets,0.000,1961
Cabo Verde,CPV,Assets,0.000,1962
Cabo Verde,CPV,Assets,0.000,1963
Cabo Verde,CPV,Assets,0.000,1964
Cabo Verde,CPV,Assets,0.000,1965
Cabo Verde,CPV,Assets,0.000,1966
Cabo Verde,CPV,Assets,0.000,1967
Cabo Verde,CPV,Assets,0.000,1968
Cabo Verde,CPV,Assets,0.000,1969
Cabo Verde,CPV,Assets,2.208,1970
Cabo Verde,CPV,Assets,2.208,1971
Cabo Verde,CPV,Assets,2.208,1972
Cabo Verde,CPV,Assets,2.208,1973
Cabo Verde,CPV,Assets,2.208,1974
Cabo Verde,CPV,Assets,2.208,1975
Cabo Verde,CPV,Assets,2.208,1976
Cabo Verde,CPV,Assets,2.208,1977
Cabo Verde,CPV,Assets,2.208,1978
Cabo Verde,CPV,Assets,2.208,1979
Cabo Verde,CPV,Assets,2.208,1980
Cabo Verde,CPV,Assets,2.208,1981
Cabo Verde,CPV,Assets,2.208,1982
Cabo Verde,CPV,Assets,2.208,1983
Cabo Verde,CPV,Assets,2.208,1984
Cabo Verde,CPV,Assets,2.208,1985
Cabo Verde,CPV,Assets,2.208,1986
Cabo Verde,CPV,Assets,2.208,1987
Cabo Verde,CPV,Assets,2.208,1988
Cabo Verde,CPV,Assets,2.208,1989
Cabo Verde,CPV,Assets,2.208,1990
Cabo Verde,CPV,Assets,2.208,1991
Cabo Verde,CPV,Assets,2.208,1992
Cabo Verde,CPV,Assets,2.208,1993
Cabo Verde,CPV,Assets,2.208,1994
Cabo Verde,CPV,Assets,2.208,1995
Cabo Verde,CPV,Assets,2.208,1996
Cabo Verde,CPV,Assets,2.208,1997
Cabo Verde,CPV,Assets,2.208,1998
Cabo Verde,CPV,Assets,2.208,1999
Cabo Verde,CPV,Assets,2.208,2000
Cabo Verde,CPV,Assets,2.208,2001
Cabo Verde,CPV,Assets,2.208,2002
Cabo Verde,CPV,Assets,2.208,2003
Cabo Verde,CPV,Assets,2.208,2004
Cabo Verde,CPV,Assets,2.208,2005
Cabo Verde,CPV,Assets,2.208,2006
Cabo Verde,CPV,Assets,2.208,2007
Cabo Verde,CPV,Assets,2.208,2008
Cabo Verde,CPV,Assets,2.208,2009
Cabo Verde,CPV,Assets,2.208,2010
Cabo Verde,CPV,Assets,2.208,2011
Cabo Verde,CPV,Assets,2.208,2012
Cabo Verde,CPV,Assets,2.208,2013
Cabo Verde,CPV,Assets,2.208,2014
Cabo Verde,CPV,Assets,2.208,2015
Cabo Verde,CPV,Assets,2.208,2016
Cabo Verde,CPV,Assets,2.208,2017
Cabo Verde,CPV,Assets,2.208,2018
Cabo Verde,CPV,Assets,2.208,2019
Cabo Verde,CPV,Assets,2.208,2020
Cabo Verde,CPV,Assets,2.208,2021
Cabo Verde,CPV,Assets,2.208,2022
Cabo Verde,CPV,Assets,2.208,2023
Cabo Verde,CPV,Children 0-14,19.231,1960
Cabo Verde,CPV,Children 0-14,19.231,1961
Cabo Verde,CPV,Children 0-14,19.231,1962
Cabo Verde,CPV,Children 0-14,19.231,1963
Cabo Verde,CPV,Children 0-14,19.231,1964
Cabo Verde,CPV,Children 0-14,19.231,1965
Cabo Verde,CPV,Children 0-14,19.231,1966
Cabo Verde,CPV,Children 0-14,19.231,1967
Cabo Verde,CPV,Children 0-14,19.231,1968
Cabo Verde,CPV,Children 0-14,19.231,1969
Cabo Verde,CPV,Children 0-14,19.231,1970
Cabo Verde,CPV,Children 0-14,20.000,1971
Cabo Verde,CPV,Children 0-14,20.769,1972
Cabo Verde,CPV,Children 0-14,20.769,1973
Cabo Verde,CPV,Children 0-14,26.154,1974
Cabo Verde,CPV,Children 0-14,26.154,1975
Cabo Verde,CPV,Children 0-14,20.769,1976
Cabo Verde,CPV,Children 0-14,25.385,1977
Cabo Verde,CPV,Children 0-14,26.923,1978
Cabo Verde,CPV,Children 0-14,27.692,1979
Cabo Verde,CPV,Children 0-14,30.000,1980
Cabo Verde,CPV,Children 0-14,37.692,1981
Cabo Verde,CPV,Children 0-14,38.462,1982
Cabo Verde,CPV,Children 0-14,36.923,1983
Cabo Verde,CPV,Children 0-14,39.231,1984
Cabo Verde,CPV,Children 0-14,41.538,1985
Cabo Verde,CPV,Children 0-14,39.231,1986
Cabo Verde,CPV,Children 0-14,37.692,1987
Cabo Verde,CPV,Children 0-14,34.615,1988
Cabo Verde,CPV,Children 0-14,24.615,1989
Cabo Verde,CPV,Children 0-14,34.615,1990
Cabo Verde,CPV,Children 0-14,24.615,1991
Cabo Verde,CPV,Children 0-14,20.769,1992
Cabo Verde,CPV,Children 0-14,20.769,1993
Cabo Verde,CPV,Children 0-14,36.923,1994
Cabo Verde,CPV,Children 0-14,20.769,1995
Cabo Verde,CPV,Children 0-14,20.769,1996
Cabo Verde,CPV,Children 0-14,20.769,1997
Cabo Verde,CPV,Children 0-14,32.308,1998
Cabo Verde,CPV,Children 0-14,27.692,1999
Cabo Verde,CPV,Children 0-14,48.462,2000
Cabo Verde,CPV,Children 0-14,39.231,2001
Cabo Verde,CPV,Children 0-14,43.846,2002
Cabo Verde,CPV,Children 0-14,46.154,2003
Cabo Verde,CPV,Children 0-14,44.615,2004
Cabo Verde,CPV,Children 0-14,43.846,2005
Cabo Verde,CPV,Children 0-14,44.615,2006
Cabo Verde,CPV,Children 0-14,43.846,2007
Cabo Verde,CPV,Children 0-14,42.308,2008
Cabo Verde,CPV,Children 0-14,44.615,2009
Cabo Verde,CPV,Children 0-14,60.769,2010
Cabo Verde,CPV,Children 0-14,44.615,2011
Cabo Verde,CPV,Children 0-14,43.846,2012
Cabo Verde,CPV,Children 0-14,46.154,2013
Cabo Verde,CPV,Children 0-14,46.154,2014
Cabo Verde,CPV,Children 0-14,64.615,2015
Cabo Verde,CPV,Children 0-14,44.615,2016
Cabo Verde,CPV,Children 0-14,44.615,2017
Cabo Verde,CPV,Children 0-14,44.615,2018
Cabo Verde,CPV,Children 0-14,49.231,2019
Cabo Verde,CPV,Children 0-14,32.308,2020
Cabo Verde,CPV,Children 0-14,30.769,2021
Cabo Verde,CPV,Children 0-14,20.769,2022
Cabo Verde,CPV,Children 0-14,9.231,2023
Cabo Verde,CPV,Education,0.000,1960
Cabo Verde,CPV,Education,0.000,1961
Cabo Verde,CPV,Education,0.000,1962
Cabo Verde,CPV,Education,0.000,1963
Cabo Verde,CPV,Education,0.000,1964
Cabo Verde,CPV,Education,0.000,1965
Cabo Verde,CPV,Education,0.000,1966
Cabo Verde,CPV,Education,0.000,1967
Cabo Verde,CPV,Education,0.000,1968
Cabo Verde,CPV,Education,0.000,1969
Cabo Verde,CPV,Education,0.000,1970
Cabo Verde,CPV,Education,1.840,1971
Cabo Verde,CPV,Education,7.362,1972
Cabo Verde,CPV,Education,1.227,1973
Cabo Verde,CPV,Education,5.521,1974
Cabo Verde,CPV,Education,5.521,1975
Cabo Verde,CPV,Education,1.227,1976
Cabo Verde,CPV,Education,4.908,1977
Cabo Verde,CPV,Education,6.135,1978
Cabo Verde,CPV,Education,8.589,1979
Cabo Verde,CPV,Education,12.270,1980
Cabo Verde,CPV,Education,18.405,1981
Cabo Verde,CPV,Education,19.018,1982
Cabo Verde,CPV,Education,15.951,1983
Cabo Verde,CPV,Education,19.018,1984
Cabo Verde,CPV,Education,16.564,1985
Cabo Verde,CPV,Education,14.724,1986
Cabo Verde,CPV,Education,25.153,1987
Cabo Verde,CPV,Education,18.405,1988
Cabo Verde,CPV,Education,11.656,1989
Cabo Verde,CPV,Education,25.153,1990
Cabo Verde,CPV,Education,3.067,1991
Cabo Verde,CPV,Education,0.000,1992
Cabo Verde,CPV,Education,0.000,1993
Cabo Verde,CPV,Education,20.245,1994
Cabo Verde,CPV,Education,0.000,1995
Cabo Verde,CPV,Education,0.000,1996
Cabo Verde,CPV,Education,0.000,1997
Cabo Verde,CPV,Education,10.429,1998
Cabo Verde,CPV,Education,7.362,1999
Cabo Verde,CPV,Education,23.313,2000
Cabo Verde,CPV,Education,33.742,2001
Cabo Verde,CPV,Education,42.331,2002
Cabo Verde,CPV,Education,42.945,2003
Cabo Verde,CPV,Education,42.331,2004
Cabo Verde,CPV,Education,41.718,2005
Cabo Verde,CPV,Education,43.558,2006
Cabo Verde,CPV,Education,42.945,2007
Cabo Verde,CPV,Education,38.650,2008
Cabo Verde,CPV,Education,45.399,2009
Cabo Verde,CPV,Education,41.104,2010
Cabo Verde,CPV,Education,40.491,2011
Cabo Verde,CPV,Education,48.466,2012
Cabo Verde,CPV,Education,46.626,2013
Cabo Verde,CPV,Education,44.785,2014
Cabo Verde,CPV,Education,66.258,2015
Cabo Verde,CPV,Education,52.761,2016
Cabo Verde,CPV,Education,53.988,2017
Cabo Verde,CPV,Education,50.920,2018
Cabo Verde,CPV,Education,19.018,2019
Cabo Verde,CPV,Education,12.883,2020
Cabo Verde,CPV,Education,12.270,2021
Cabo Verde,CPV,Education,4.908,2022
Cabo Verde,CPV,Education,0.000,2023
Cabo Verde,CPV,Employment and Time Use,2.920,1960
Cabo Verde,CPV,Employment and Time Use,0.000,1961
Cabo Verde,CPV,Employment and Time Use,0.000,1962
Cabo Verde,CPV,Employment and Time Use,0.000,1963
Cabo Verde,CPV,Employment and Time Use,0.000,1964
Cabo Verde,CPV,Employment and Time Use,0.000,1965
Cabo Verde,CPV,Employment and Time Use,0.000,1966
Cabo Verde,CPV,Employment and Time Use,0.000,1967
Cabo Verde,CPV,Employment and Time Use,0.000,1968
Cabo Verde,CPV,Employment and Time Use,0.000,1969
Cabo Verde,CPV,Employment and Time Use,21.168,1970
Cabo Verde,CPV,Employment and Time Use,21.168,1971
Cabo Verde,CPV,Employment and Time Use,21.168,1972
Cabo Verde,CPV,Employment and Time Use,21.168,1973
Cabo Verde,CPV,Employment and Time Use,21.168,1974
Cabo Verde,CPV,Employment and Time Use,21.168,1975
Cabo Verde,CPV,Employment and Time Use,21.168,1976
Cabo Verde,CPV,Employment and Time Use,21.168,1977
Cabo Verde,CPV,Employment and Time Use,21.168,1978
Cabo Verde,CPV,Employment and Time Use,21.168,1979
Cabo Verde,CPV,Employment and Time Use,26.277,1980
Cabo Verde,CPV,Employment and Time Use,21.168,1981
Cabo Verde,CPV,Employment and Time Use,21.168,1982
Cabo Verde,CPV,Employment and Time Use,21.168,1983
Cabo Verde,CPV,Employment and Time Use,21.168,1984
Cabo Verde,CPV,Employment and Time Use,21.168,1985
Cabo Verde,CPV,Employment and Time Use,21.168,1986
Cabo Verde,CPV,Employment and Time Use,21.168,1987
Cabo Verde,CPV,Employment and Time Use,21.168,1988
Cabo Verde,CPV,Employment and Time Use,21.168,1989
Cabo Verde,CPV,Employment and Time Use,41.606,1990
Cabo Verde,CPV,Employment and Time Use,56.204,1991
Cabo Verde,CPV,Employment and Time Use,56.204,1992
Cabo Verde,CPV,Employment and Time Use,56.204,1993
Cabo Verde,CPV,Employment and Time Use,56.204,1994
Cabo Verde,CPV,Employment and Time Use,56.204,1995
Cabo Verde,CPV,Employment and Time Use,56.204,1996
Cabo Verde,CPV,Employment and Time Use,56.204,1997
Cabo Verde,CPV,Employment and Time Use,56.204,1998
Cabo Verde,CPV,Employment and Time Use,56.204,1999
Cabo Verde,CPV,Employment and Time Use,56.204,2000
Cabo Verde,CPV,Employment and Time Use,56.204,2001
Cabo Verde,CPV,Employment and Time Use,56.204,2002
Cabo Verde,CPV,Employment and Time Use,56.204,2003
Cabo Verde,CPV,Employment and Time Use,56.204,2004
Cabo Verde,CPV,Employment and Time Use,56.204,2005
Cabo Verde,CPV,Employment and Time Use,56.204,2006
Cabo Verde,CPV,Employment and Time Use,56.204,2007
Cabo Verde,CPV,Employment and Time Use,56.204,2008
Cabo Verde,CPV,Employment and Time Use,88.321,2009
Cabo Verde,CPV,Employment and Time Use,58.394,2010
Cabo Verde,CPV,Employment and Time Use,56.204,2011
Cabo Verde,CPV,Employment and Time Use,56.204,2012
Cabo Verde,CPV,Employment and Time Use,56.204,2013
Cabo Verde,CPV,Employment and Time Use,56.204,2014
Cabo Verde,CPV,Employment and Time Use,85.401,2015
Cabo Verde,CPV,Employment and Time Use,56.204,2016
Cabo Verde,CPV,Employment and Time Use,89.781,2017
Cabo Verde,CPV,Employment and Time Use,89.781,2018
Cabo Verde,CPV,Employment and Time Use,87.591,2019
Cabo Verde,CPV,Employment and Time Use,56.204,2020
Cabo Verde,CPV,Employment and Time Use,56.204,2021
Cabo Verde,CPV,Employment and Time Use,56.204,2022
Cabo Verde,CPV,Employment and Time Use,57.664,2023
Cabo Verde,CPV,Entrepreneurship,0.000,1960
Cabo Verde,CPV,Entrepreneurship,0.000,1961
Cabo Verde,CPV,Entrepreneurship,0.000,1962
Cabo Verde,CPV,Entrepreneurship,0.000,1963
Cabo Verde,CPV,Entrepreneurship,0.000,1964
Cabo Verde,CPV,Entrepreneurship,0.000,1965
Cabo Verde,CPV,Entrepreneurship,0.000,1966
Cabo Verde,CPV,Entrepreneurship,0.000,1967
Cabo Verde,CPV,Entrepreneurship,0.000,1968
Cabo Verde,CPV,Entrepreneurship,0.000,1969
Cabo Verde,CPV,Entrepreneurship,9.375,1970
Cabo Verde,CPV,Entrepreneurship,9.375,1971
Cabo Verde,CPV,Entrepreneurship,9.375,1972
Cabo Verde,CPV,Entrepreneurship,9.375,1973
Cabo Verde,CPV,Entrepreneurship,9.375,1974
Cabo Verde,CPV,Entrepreneurship,9.375,1975
Cabo Verde,CPV,Entrepreneurship,9.375,1976
Cabo Verde,CPV,Entrepreneurship,9.375,1977
Cabo Verde,CPV,Entrepreneurship,9.375,1978
Cabo Verde,CPV,Entrepreneurship,9.375,1979
Cabo Verde,CPV,Entrepreneurship,9.375,1980
Cabo Verde,CPV,Entrepreneurship,9.375,1981
Cabo Verde,CPV,Entrepreneurship,9.375,1982
Cabo Verde,CPV,Entrepreneurship,9.375,1983
Cabo Verde,CPV,Entrepreneurship,9.375,1984
Cabo Verde,CPV,Entrepreneurship,9.375,1985
Cabo Verde,CPV,Entrepreneurship,9.375,1986
Cabo Verde,CPV,Entrepreneurship,9.375,1987
Cabo Verde,CPV,Entrepreneurship,9.375,1988
Cabo Verde,CPV,Entrepreneurship,9.375,1989
Cabo Verde,CPV,Entrepreneurship,9.375,1990
Cabo Verde,CPV,Entrepreneurship,9.375,1991
Cabo Verde,CPV,Entrepreneurship,9.375,1992
Cabo Verde,CPV,Entrepreneurship,9.375,1993
Cabo Verde,CPV,Entrepreneurship,9.375,1994
Cabo Verde,CPV,Entrepreneurship,9.375,1995
Cabo Verde,CPV,Entrepreneurship,9.375,1996
Cabo Verde,CPV,Entrepreneurship,9.375,1997
Cabo Verde,CPV,Entrepreneurship,9.375,1998
Cabo Verde,CPV,Entrepreneurship,9.375,1999
Cabo Verde,CPV,Entrepreneurship,9.375,2000
Cabo Verde,CPV,Entrepreneurship,9.375,2001
Cabo Verde,CPV,Entrepreneurship,9.375,2002
Cabo Verde,CPV,Entrepreneurship,9.375,2003
Cabo Verde,CPV,Entrepreneurship,9.375,2004
Cabo Verde,CPV,Entrepreneurship,37.500,2005
Cabo Verde,CPV,Entrepreneurship,40.625,2006
Cabo Verde,CPV,Entrepreneurship,37.500,2007
Cabo Verde,CPV,Entrepreneurship,37.500,2008
Cabo Verde,CPV,Entrepreneurship,43.750,2009
Cabo Verde,CPV,Entrepreneurship,37.500,2010
Cabo Verde,CPV,Entrepreneurship,37.500,2011
Cabo Verde,CPV,Entrepreneurship,37.500,2012
Cabo Verde,CPV,Entrepreneurship,37.500,2013
Cabo Verde,CPV,Entrepreneurship,37.500,2014
Cabo Verde,CPV,Entrepreneurship,37.500,2015
Cabo Verde,CPV,Entrepreneurship,37.500,2016
Cabo Verde,CPV,Entrepreneurship,37.500,2017
Cabo Verde,CPV,Entrepreneurship,37.500,2018
Cabo Verde,CPV,Entrepreneurship,37.500,2019
Cabo Verde,CPV,Entrepreneurship,9.375,2020
Cabo Verde,CPV,Entrepreneurship,9.375,2021
Cabo Verde,CPV,Entrepreneurship,9.375,2022
Cabo Verde,CPV,Entrepreneurship,9.375,2023
Cabo Verde,CPV,Environment,0.000,1960
Cabo Verde,CPV,Environment,0.000,1961
Cabo Verde,CPV,Environment,0.000,1962
Cabo Verde,CPV,Environment,0.000,1963
Cabo Verde,CPV,Environment,0.000,1964
Cabo Verde,CPV,Environment,0.000,1965
Cabo Verde,CPV,Environment,0.000,1966
Cabo Verde,CPV,Environment,0.000,1967
Cabo Verde,CPV,Environment,0.000,1968
Cabo Verde,CPV,Environment,0.000,1969
Cabo Verde,CPV,Environment,0.000,1970
Cabo Verde,CPV,Environment,0.000,1971
Cabo Verde,CPV,Environment,0.000,1972
Cabo Verde,CPV,Environment,0.000,1973
Cabo Verde,CPV,Environment,0.000,1974
Cabo Verde,CPV,Environment,0.000,1975
Cabo Verde,CPV,Environment,0.000,1976
Cabo Verde,CPV,Environment,0.000,1977
Cabo Verde,CPV,Environment,0.000,1978
Cabo Verde,CPV,Environment,0.000,1979
Cabo Verde,CPV,Environment,0.000,1980
Cabo Verde,CPV,Environment,0.000,1981
Cabo Verde,CPV,Environment,0.000,1982
Cabo Verde,CPV,Environment,0.000,1983
Cabo Verde,CPV,Environment,0.000,1984
Cabo Verde,CPV,Environment,0.000,1985
Cabo Verde,CPV,Environment,0.000,1986
Cabo Verde,CPV,Environment,0.000,1987
Cabo Verde,CPV,Environment,0.000,1988
Cabo Verde,CPV,Environment,0.000,1989
Cabo Verde,CPV,Environment,0.000,1990
Cabo Verde,CPV,Environment,0.000,1991
Cabo Verde,CPV,Environment,0.000,1992
Cabo Verde,CPV,Environment,0.000,1993
Cabo Verde,CPV,Environment,0.000,1994
Cabo Verde,CPV,Environment,0.000,1995
Cabo Verde,CPV,Environment,0.000,1996
Cabo Verde,CPV,Environment,0.000,1997
Cabo Verde,CPV,Environment,0.000,1998
Cabo Verde,CPV,Environment,0.000,1999
Cabo Verde,CPV,Environment,10.000,2000
Cabo Verde,CPV,Environment,10.000,2001
Cabo Verde,CPV,Environment,10.000,2002
Cabo Verde,CPV,Environment,10.000,2003
Cabo Verde,CPV,Environment,10.000,2004
Cabo Verde,CPV,Environment,10.000,2005
Cabo Verde,CPV,Environment,10.000,2006
Cabo Verde,CPV,Environment,10.000,2007
Cabo Verde,CPV,Environment,10.000,2008
Cabo Verde,CPV,Environment,10.000,2009
Cabo Verde,CPV,Environment,10.000,2010
Cabo Verde,CPV,Environment,10.000,2011
Cabo Verde,CPV,Environment,10.000,2012
Cabo Verde,CPV,Environment,10.000,2013
Cabo Verde,CPV,Environment,10.000,2014
Cabo Verde,CPV,Environment,10.000,2015
Cabo Verde,CPV,Environment,13.333,2016
Cabo Verde,CPV,Environment,13.333,2017
Cabo Verde,CPV,Environment,13.333,2018
Cabo Verde,CPV,Environment,30.000,2019
Cabo Verde,CPV,Environment,10.000,2020
Cabo Verde,CPV,Environment,10.000,2021
Cabo Verde,CPV,Environment,10.000,2022
Cabo Verde,CPV,Environment,0.000,2023
Cabo Verde,CPV,Health,8.586,1960
Cabo Verde,CPV,Health,8.586,1961
Cabo Verde,CPV,Health,8.586,1962
Cabo Verde,CPV,Health,8.586,1963
Cabo Verde,CPV,Health,8.586,1964
Cabo Verde,CPV,Health,8.586,1965
Cabo Verde,CPV,Health,8.586,1966
Cabo Verde,CPV,Health,8.586,1967
Cabo Verde,CPV,Health,8.586,1968
Cabo Verde,CPV,Health,8.586,1969
Cabo Verde,CPV,Health,8.586,1970
Cabo Verde,CPV,Health,8.586,1971
Cabo Verde,CPV,Health,8.586,1972
Cabo Verde,CPV,Health,8.586,1973
Cabo Verde,CPV,Health,8.586,1974
Cabo Verde,CPV,Health,11.111,1975
Cabo Verde,CPV,Health,11.111,1976
Cabo Verde,CPV,Health,11.111,1977
Cabo Verde,CPV,Health,11.111,1978
Cabo Verde,CPV,Health,11.111,1979
Cabo Verde,CPV,Health,11.111,1980
Cabo Verde,CPV,Health,11.111,1981
Cabo Verde,CPV,Health,11.111,1982
Cabo Verde,CPV,Health,11.616,1983
Cabo Verde,CPV,Health,11.616,1984
Cabo Verde,CPV,Health,13.636,1985
Cabo Verde,CPV,Health,12.121,1986
Cabo Verde,CPV,Health,12.121,1987
Cabo Verde,CPV,Health,12.121,1988
Cabo Verde,CPV,Health,13.131,1989
Cabo Verde,CPV,Health,16.667,1990
Cabo Verde,CPV,Health,16.667,1991
Cabo Verde,CPV,Health,16.667,1992
Cabo Verde,CPV,Health,16.667,1993
Cabo Verde,CPV,Health,18.182,1994
Cabo Verde,CPV,Health,17.172,1995
Cabo Verde,CPV,Health,16.667,1996
Cabo Verde,CPV,Health,16.667,1997
Cabo Verde,CPV,Health,19.697,1998
Cabo Verde,CPV,Health,16.667,1999
Cabo Verde,CPV,Health,57.071,2000
Cabo Verde,CPV,Health,32.323,2001
Cabo Verde,CPV,Health,32.323,2002
Cabo Verde,CPV,Health,32.323,2003
Cabo Verde,CPV,Health,32.323,2004
Cabo Verde,CPV,Health,37.879,2005
Cabo Verde,CPV,Health,32.323,2006
Cabo Verde,CPV,Health,32.323,2007
Cabo Verde,CPV,Health,32.323,2008
Cabo Verde,CPV,Health,32.323,2009
Cabo Verde,CPV,Health,56.566,2010
Cabo Verde,CPV,Health,32.828,2011
Cabo Verde,CPV,Health,32.323,2012
Cabo Verde,CPV,Health,32.828,2013
Cabo Verde,CPV,Health,32.828,2014
Cabo Verde,CPV,Health,56.566,2015
Cabo Verde,CPV,Health,32.828,2016
Cabo Verde,CPV,Health,30.303,2017
Cabo Verde,CPV,Health,33.333,2018
Cabo Verde,CPV,Health,56.566,2019
Cabo Verde,CPV,Health,23.232,2020
Cabo Verde,CPV,Health,18.182,2021
Cabo Verde,CPV,Health,17.172,2022
Cabo Verde,CPV,Health,1.010,2023
Cabo Verde,CPV,Leadership,0.000,1960
Cabo Verde,CPV,Leadership,0.000,1961
Cabo Verde,CPV,Leadership,0.000,1962
Cabo Verde,CPV,Leadership,0.000,1963
Cabo Verde,CPV,Leadership,0.000,1964
Cabo Verde,CPV,Leadership,0.000,1965
Cabo Verde,CPV,Leadership,0.000,1966
Cabo Verde,CPV,Leadership,0.000,1967
Cabo Verde,CPV,Leadership,0.000,1968
Cabo Verde,CPV,Leadership,0.000,1969
Cabo Verde,CPV,Leadership,0.000,1970
Cabo Verde,CPV,Leadership,0.000,1971
Cabo Verde,CPV,Leadership,0.000,1972
Cabo Verde,CPV,Leadership,0.000,1973
Cabo Verde,CPV,Leadership,0.000,1974
Cabo Verde,CPV,Leadership,0.000,1975
Cabo Verde,CPV,Leadership,0.000,1976
Cabo Verde,CPV,Leadership,0.000,1977
Cabo Verde,CPV,Leadership,0.000,1978
Cabo Verde,CPV,Leadership,0.000,1979
Cabo Verde,CPV,Leadership,0.000,1980
Cabo Verde,CPV,Leadership,0.000,1981
Cabo Verde,CPV,Leadership,0.000,1982
Cabo Verde,CPV,Leadership,0.000,1983
Cabo Verde,CPV,Leadership,0.000,1984
Cabo Verde,CPV,Leadership,0.000,1985
Cabo Verde,CPV,Leadership,0.000,1986
Cabo Verde,CPV,Leadership,0.000,1987
Cabo Verde,CPV,Leadership,0.000,1988
Cabo Verde,CPV,Leadership,0.000,1989
Cabo Verde,CPV,Leadership,0.000,1990
Cabo Verde,CPV,Leadership,0.000,1991
Cabo Verde,CPV,Leadership,0.000,1992
Cabo Verde,CPV,Leadership,0.000,1993
Cabo Verde,CPV,Leadership,0.000,1994
Cabo Verde,CPV,Leadership,0.000,1995
Cabo Verde,CPV,Leadership,0.000,1996
Cabo Verde,CPV,Leadership,25.000,1997
Cabo Verde,CPV,Leadership,25.000,1998
Cabo Verde,CPV,Leadership,25.000,1999
Cabo Verde,CPV,Leadership,25.000,2000
Cabo Verde,CPV,Leadership,25.000,2001
Cabo Verde,CPV,Leadership,25.000,2002
Cabo Verde,CPV,Leadership,25.000,2003
Cabo Verde,CPV,Leadership,25.000,2004
Cabo Verde,CPV,Leadership,50.000,2005
Cabo Verde,CPV,Leadership,25.000,2006
Cabo Verde,CPV,Leadership,25.000,2007
Cabo Verde,CPV,Leadership,50.000,2008
Cabo Verde,CPV,Leadership,75.000,2009
Cabo Verde,CPV,Leadership,50.000,2010
Cabo Verde,CPV,Leadership,25.000,2011
Cabo Verde,CPV,Leadership,50.000,2012
Cabo Verde,CPV,Leadership,25.000,2013
Cabo Verde,CPV,Leadership,50.000,2014
Cabo Verde,CPV,Leadership,50.000,2015
Cabo Verde,CPV,Leadership,50.000,2016
Cabo Verde,CPV,Leadership,25.000,2017
Cabo Verde,CPV,Leadership,50.000,2018
Cabo Verde,CPV,Leadership,50.000,2019
Cabo Verde,CPV,Leadership,50.000,2020
Cabo Verde,CPV,Leadership,25.000,2021
Cabo Verde,CPV,Leadership,50.000,2022
Cabo Verde,CPV,Leadership,25.000,2023
Cabo Verde,CPV,Norms and Decision-making,1.481,1960
Cabo Verde,CPV,Norms and Decision-making,0.000,1961
Cabo Verde,CPV,Norms and Decision-making,0.000,1962
Cabo Verde,CPV,Norms and Decision-making,0.000,1963
Cabo Verde,CPV,Norms and Decision-making,0.000,1964
Cabo Verde,CPV,Norms and Decision-making,0.000,1965
Cabo Verde,CPV,Norms and Decision-making,0.000,1966
Cabo Verde,CPV,Norms and Decision-making,0.000,1967
Cabo Verde,CPV,Norms and Decision-making,0.000,1968
Cabo Verde,CPV,Norms and Decision-making,0.000,1969
Cabo Verde,CPV,Norms and Decision-making,14.074,1970
Cabo Verde,CPV,Norms and Decision-making,12.593,1971
Cabo Verde,CPV,Norms and Decision-making,12.593,1972
Cabo Verde,CPV,Norms and Decision-making,12.593,1973
Cabo Verde,CPV,Norms and Decision-making,12.593,1974
Cabo Verde,CPV,Norms and Decision-making,12.593,1975
Cabo Verde,CPV,Norms and Decision-making,12.593,1976
Cabo Verde,CPV,Norms and Decision-making,12.593,1977
Cabo Verde,CPV,Norms and Decision-making,12.593,1978
Cabo Verde,CPV,Norms and Decision-making,12.593,1979
Cabo Verde,CPV,Norms and Decision-making,14.074,1980
Cabo Verde,CPV,Norms and Decision-making,12.593,1981
Cabo Verde,CPV,Norms and Decision-making,12.593,1982
Cabo Verde,CPV,Norms and Decision-making,12.593,1983
Cabo Verde,CPV,Norms and Decision-making,12.593,1984
Cabo Verde,CPV,Norms and Decision-making,12.593,1985
Cabo Verde,CPV,Norms and Decision-making,12.593,1986
Cabo Verde,CPV,Norms and Decision-making,12.593,1987
Cabo Verde,CPV,Norms and Decision-making,12.593,1988
Cabo Verde,CPV,Norms and Decision-making,12.593,1989
Cabo Verde,CPV,Norms and Decision-making,14.074,1990
Cabo Verde,CPV,Norms and Decision-making,12.593,1991
Cabo Verde,CPV,Norms and Decision-making,12.593,1992
Cabo Verde,CPV,Norms and Decision-making,12.593,1993
Cabo Verde,CPV,Norms and Decision-making,12.593,1994
Cabo Verde,CPV,Norms and Decision-making,12.593,1995
Cabo Verde,CPV,Norms and Decision-making,12.593,1996
Cabo Verde,CPV,Norms and Decision-making,12.593,1997
Cabo Verde,CPV,Norms and Decision-making,14.074,1998
Cabo Verde,CPV,Norms and Decision-making,12.593,1999
Cabo Verde,CPV,Norms and Decision-making,14.074,2000
Cabo Verde,CPV,Norms and Decision-making,12.593,2001
Cabo Verde,CPV,Norms and Decision-making,12.593,2002
Cabo Verde,CPV,Norms and Decision-making,12.593,2003
Cabo Verde,CPV,Norms and Decision-making,12.593,2004
Cabo Verde,CPV,Norms and Decision-making,15.556,2005
Cabo Verde,CPV,Norms and Decision-making,12.593,2006
Cabo Verde,CPV,Norms and Decision-making,12.593,2007
Cabo Verde,CPV,Norms and Decision-making,12.593,2008
Cabo Verde,CPV,Norms and Decision-making,12.593,2009
Cabo Verde,CPV,Norms and Decision-making,12.593,2010
Cabo Verde,CPV,Norms and Decision-making,12.593,2011
Cabo Verde,CPV,Norms and Decision-making,12.593,2012
Cabo Verde,CPV,Norms and Decision-making,12.593,2013
Cabo Verde,CPV,Norms and Decision-making,12.593,2014
Cabo Verde,CPV,Norms and Decision-making,12.593,2015
Cabo Verde,CPV,Norms and Decision-making,12.593,2016
Cabo Verde,CPV,Norms and Decision-making,12.593,2017
Cabo Verde,CPV,Norms and Decision-making,14.074,2018
Cabo Verde,CPV,Norms and Decision-making,12.593,2019
Cabo Verde,CPV,Norms and Decision-making,12.593,2020
Cabo Verde,CPV,Norms and Decision-making,12.593,2021
Cabo Verde,CPV,Norms and Decision-making,12.593,2022
Cabo Verde,CPV,Norms and Decision-making,12.593,2023
Cabo Verde,CPV,Population,89.286,1960
Cabo Verde,CPV,Population,86.905,1961
Cabo Verde,CPV,Population,86.905,1962
Cabo Verde,CPV,Population,86.905,1963
Cabo Verde,CPV,Population,86.905,1964
Cabo Verde,CPV,Population,86.905,1965
Cabo Verde,CPV,Population,86.905,1966
Cabo Verde,CPV,Population,86.905,1967
Cabo Verde,CPV,Population,86.905,1968
Cabo Verde,CPV,Population,86.905,1969
Cabo Verde,CPV,Population,89.286,1970
Cabo Verde,CPV,Population,86.905,1971
Cabo Verde,CPV,Population,86.905,1972
Cabo Verde,CPV,Population,86.905,1973
Cabo Verde,CPV,Population,86.905,1974
Cabo Verde,CPV,Population,86.905,1975
Cabo Verde,CPV,Population,86.905,1976
Cabo Verde,CPV,Population,86.905,1977
Cabo Verde,CPV,Population,86.905,1978
Cabo Verde,CPV,Population,86.905,1979
Cabo Verde,CPV,Population,94.048,1980
Cabo Verde,CPV,Population,86.905,1981
Cabo Verde,CPV,Population,86.905,1982
Cabo Verde,CPV,Population,86.905,1983
Cabo Verde,CPV,Population,86.905,1984
Cabo Verde,CPV,Population,91.667,1985
Cabo Verde,CPV,Population,86.905,1986
Cabo Verde,CPV,Population,86.905,1987
Cabo Verde,CPV,Population,86.905,1988
Cabo Verde,CPV,Population,86.905,1989
Cabo Verde,CPV,Population,95.238,1990
Cabo Verde,CPV,Population,86.905,1991
Cabo Verde,CPV,Population,86.905,1992
Cabo Verde,CPV,Population,86.905,1993
Cabo Verde,CPV,Population,86.905,1994
Cabo Verde,CPV,Population,92.857,1995
Cabo Verde,CPV,Population,86.905,1996
Cabo Verde,CPV,Population,86.905,1997
Cabo Verde,CPV,Population,89.286,1998
Cabo Verde,CPV,Population,86.905,1999
Cabo Verde,CPV,Population,95.238,2000
Cabo Verde,CPV,Population,86.905,2001
Cabo Verde,CPV,Population,86.905,2002
Cabo Verde,CPV,Population,86.905,2003
Cabo Verde,CPV,Population,86.905,2004
Cabo Verde,CPV,Population,95.238,2005
Cabo Verde,CPV,Population,86.905,2006
Cabo Verde,CPV,Population,86.905,2007
Cabo Verde,CPV,Population,86.905,2008
Cabo Verde,CPV,Population,86.905,2009
Cabo Verde,CPV,Population,94.048,2010
Cabo Verde,CPV,Population,86.905,2011
Cabo Verde,CPV,Population,86.905,2012
Cabo Verde,CPV,Population,86.905,2013
Cabo Verde,CPV,Population,86.905,2014
Cabo Verde,CPV,Population,92.857,2015
Cabo Verde,CPV,Population,86.905,2016
Cabo Verde,CPV,Population,86.905,2017
Cabo Verde,CPV,Population,86.905,2018
Cabo Verde,CPV,Population,86.905,2019
Cabo Verde,CPV,Population,88.095,2020
Cabo Verde,CPV,Population,86.905,2021
Cabo Verde,CPV,Population,86.905,2022
Cabo Verde,CPV,Population,77.381,2023
Cabo Verde,CPV,SDGs,2.685,1960
Cabo Verde,CPV,SDGs,2.685,1961
Cabo Verde,CPV,SDGs,2.685,1962
Cabo Verde,CPV,SDGs,2.685,1963
Cabo Verde,CPV,SDGs,2.685,1964
Cabo Verde,CPV,SDGs,2.685,1965
Cabo Verde,CPV,SDGs,2.685,1966
Cabo Verde,CPV,SDGs,2.685,1967
Cabo Verde,CPV,SDGs,2.685,1968
Cabo Verde,CPV,SDGs,2.685,1969
Cabo Verde,CPV,SDGs,11.409,1970
Cabo Verde,CPV,SDGs,11.409,1971
Cabo Verde,CPV,SDGs,11.409,1972
Cabo Verde,CPV,SDGs,11.409,1973
Cabo Verde,CPV,SDGs,11.409,1974
Cabo Verde,CPV,SDGs,11.409,1975
Cabo Verde,CPV,SDGs,11.409,1976
Cabo Verde,CPV,SDGs,11.409,1977
Cabo Verde,CPV,SDGs,11.409,1978
Cabo Verde,CPV,SDGs,11.409,1979
Cabo Verde,CPV,SDGs,11.409,1980
Cabo Verde,CPV,SDGs,11.409,1981
Cabo Verde,CPV,SDGs,11.409,1982
Cabo Verde,CPV,SDGs,12.081,1983
Cabo Verde,CPV,SDGs,12.081,1984
Cabo Verde,CPV,SDGs,12.081,1985
Cabo Verde,CPV,SDGs,12.081,1986
Cabo Verde,CPV,SDGs,12.081,1987
Cabo Verde,CPV,SDGs,12.081,1988
Cabo Verde,CPV,SDGs,12.081,1989
Cabo Verde,CPV,SDGs,20.134,1990
Cabo Verde,CPV,SDGs,20.134,1991
Cabo Verde,CPV,SDGs,20.134,1992
Cabo Verde,CPV,SDGs,20.134,1993
Cabo Verde,CPV,SDGs,20.134,1994
Cabo Verde,CPV,SDGs,20.805,1995
Cabo Verde,CPV,SDGs,20.134,1996
Cabo Verde,CPV,SDGs,20.805,1997
Cabo Verde,CPV,SDGs,21.477,1998
Cabo Verde,CPV,SDGs,20.805,1999
Cabo Verde,CPV,SDGs,66.443,2000
Cabo Verde,CPV,SDGs,34.228,2001
Cabo Verde,CPV,SDGs,34.228,2002
Cabo Verde,CPV,SDGs,34.228,2003
Cabo Verde,CPV,SDGs,34.228,2004
Cabo Verde,CPV,SDGs,37.584,2005
Cabo Verde,CPV,SDGs,34.899,2006
Cabo Verde,CPV,SDGs,34.899,2007
Cabo Verde,CPV,SDGs,34.899,2008
Cabo Verde,CPV,SDGs,38.926,2009
Cabo Verde,CPV,SDGs,67.785,2010
Cabo Verde,CPV,SDGs,34.899,2011
Cabo Verde,CPV,SDGs,34.228,2012
Cabo Verde,CPV,SDGs,34.899,2013
Cabo Verde,CPV,SDGs,34.899,2014
Cabo Verde,CPV,SDGs,71.141,2015
Cabo Verde,CPV,SDGs,34.899,2016
Cabo Verde,CPV,SDGs,38.926,2017
Cabo Verde,CPV,SDGs,42.953,2018
Cabo Verde,CPV,SDGs,73.826,2019
Cabo Verde,CPV,SDGs,27.517,2020
Cabo Verde,CPV,SDGs,22.819,2021
Cabo Verde,CPV,SDGs,22.819,2022
Cabo Verde,CPV,SDGs,14.094,2023
Cabo Verde,CPV,Technology,0.000,1960
Cabo Verde,CPV,Technology,0.000,1961
Cabo Verde,CPV,Technology,0.000,1962
Cabo Verde,CPV,Technology,0.000,1963
Cabo Verde,CPV,Technology,0.000,1964
Cabo Verde,CPV,Technology,0.000,1965
Cabo Verde,CPV,Technology,0.000,1966
Cabo Verde,CPV,Technology,0.000,1967
Cabo Verde,CPV,Technology,0.000,1968
Cabo Verde,CPV,Technology,0.000,1969
Cabo Verde,CPV,Technology,0.000,1970
Cabo Verde,CPV,Technology,0.000,1971
Cabo Verde,CPV,Technology,0.000,1972
Cabo Verde,CPV,Technology,0.000,1973
Cabo Verde,CPV,Technology,0.000,1974
Cabo Verde,CPV,Technology,0.000,1975
Cabo Verde,CPV,Technology,0.000,1976
Cabo Verde,CPV,Technology,0.000,1977
Cabo Verde,CPV,Technology,0.000,1978
Cabo Verde,CPV,Technology,0.000,1979
Cabo Verde,CPV,Technology,0.000,1980
Cabo Verde,CPV,Technology,0.000,1981
Cabo Verde,CPV,Technology,0.000,1982
Cabo Verde,CPV,Technology,0.000,1983
Cabo Verde,CPV,Technology,0.000,1984
Cabo Verde,CPV,Technology,0.000,1985
Cabo Verde,CPV,Technology,0.000,1986
Cabo Verde,CPV,Technology,0.000,1987
Cabo Verde,CPV,Technology,0.000,1988
Cabo Verde,CPV,Technology,0.000,1989
Cabo Verde,CPV,Technology,2.222,1990
Cabo Verde,CPV,Technology,2.222,1991
Cabo Verde,CPV,Technology,2.222,1992
Cabo Verde,CPV,Technology,2.222,1993
Cabo Verde,CPV,Technology,2.222,1994
Cabo Verde,CPV,Technology,2.222,1995
Cabo Verde,CPV,Technology,0.000,1996
Cabo Verde,CPV,Technology,2.222,1997
Cabo Verde,CPV,Technology,2.222,1998
Cabo Verde,CPV,Technology,2.222,1999
Cabo Verde,CPV,Technology,2.222,2000
Cabo Verde,CPV,Technology,2.222,2001
Cabo Verde,CPV,Technology,2.222,2002
Cabo Verde,CPV,Technology,2.222,2003
Cabo Verde,CPV,Technology,2.222,2004
Cabo Verde,CPV,Technology,2.222,2005
Cabo Verde,CPV,Technology,2.222,2006
Cabo Verde,CPV,Technology,2.222,2007
Cabo Verde,CPV,Technology,2.222,2008
Cabo Verde,CPV,Technology,2.222,2009
Cabo Verde,CPV,Technology,2.222,2010
Cabo Verde,CPV,Technology,2.222,2011
Cabo Verde,CPV,Technology,2.222,2012
Cabo Verde,CPV,Technology,2.222,2013
Cabo Verde,CPV,Technology,2.222,2014
Cabo Verde,CPV,Technology,6.667,2015
Cabo Verde,CPV,Technology,13.333,2016
Cabo Verde,CPV,Technology,13.333,2017
Cabo Verde,CPV,Technology,8.889,2018
Cabo Verde,CPV,Technology,6.667,2019
Cabo Verde,CPV,Technology,2.222,2020
Cabo Verde,CPV,Technology,2.222,2021
Cabo Verde,CPV,Technology,2.222,2022
Cabo Verde,CPV,Technology,0.000,2023
Cabo Verde,CPV,Violence,0.000,1960
Cabo Verde,CPV,Violence,0.000,1961
Cabo Verde,CPV,Violence,0.000,1962
Cabo Verde,CPV,Violence,0.000,1963
Cabo Verde,CPV,Violence,0.000,1964
Cabo Verde,CPV,Violence,0.000,1965
Cabo Verde,CPV,Violence,0.000,1966
Cabo Verde,CPV,Violence,0.000,1967
Cabo Verde,CPV,Violence,0.000,1968
Cabo Verde,CPV,Violence,0.000,1969
Cabo Verde,CPV,Violence,2.143,1970
Cabo Verde,CPV,Violence,2.143,1971
Cabo Verde,CPV,Violence,2.143,1972
Cabo Verde,CPV,Violence,2.143,1973
Cabo Verde,CPV,Violence,2.143,1974
Cabo Verde,CPV,Violence,2.143,1975
Cabo Verde,CPV,Violence,2.143,1976
Cabo Verde,CPV,Violence,2.143,1977
Cabo Verde,CPV,Violence,2.143,1978
Cabo Verde,CPV,Violence,2.143,1979
Cabo Verde,CPV,Violence,2.143,1980
Cabo Verde,CPV,Violence,2.143,1981
Cabo Verde,CPV,Violence,2.143,1982
Cabo Verde,CPV,Violence,2.143,1983
Cabo Verde,CPV,Violence,2.143,1984
Cabo Verde,CPV,Violence,2.143,1985
Cabo Verde,CPV,Violence,2.143,1986
Cabo Verde,CPV,Violence,2.143,1987
Cabo Verde,CPV,Violence,2.143,1988
Cabo Verde,CPV,Violence,2.143,1989
Cabo Verde,CPV,Violence,2.143,1990
Cabo Verde,CPV,Violence,2.143,1991
Cabo Verde,CPV,Violence,2.143,1992
Cabo Verde,CPV,Violence,2.143,1993
Cabo Verde,CPV,Violence,2.143,1994
Cabo Verde,CPV,Violence,2.143,1995
Cabo Verde,CPV,Violence,2.143,1996
Cabo Verde,CPV,Violence,2.143,1997
Cabo Verde,CPV,Violence,2.143,1998
Cabo Verde,CPV,Violence,2.143,1999
Cabo Verde,CPV,Violence,4.286,2000
Cabo Verde,CPV,Violence,4.286,2001
Cabo Verde,CPV,Violence,4.286,2002
Cabo Verde,CPV,Violence,5.000,2003
Cabo Verde,CPV,Violence,5.000,2004
Cabo Verde,CPV,Violence,5.714,2005
Cabo Verde,CPV,Violence,5.000,2006
Cabo Verde,CPV,Violence,4.286,2007
Cabo Verde,CPV,Violence,4.286,2008
Cabo Verde,CPV,Violence,4.286,2009
Cabo Verde,CPV,Violence,4.286,2010
Cabo Verde,CPV,Violence,5.714,2011
Cabo Verde,CPV,Violence,5.714,2012
Cabo Verde,CPV,Violence,6.429,2013
Cabo Verde,CPV,Violence,6.429,2014
Cabo Verde,CPV,Violence,6.429,2015
Cabo Verde,CPV,Violence,5.000,2016
Cabo Verde,CPV,Violence,6.429,2017
Cabo Verde,CPV,Violence,10.714,2018
Cabo Verde,CPV,Violence,6.429,2019
Cabo Verde,CPV,Violence,4.286,2020
Cabo Verde,CPV,Violence,2.143,2021
Cabo Verde,CPV,Violence,2.143,2022
Cabo Verde,CPV,Violence,2.143,2023
Cabo Verde,CPV,Youth 15-24,4.587,1960
Cabo Verde,CPV,Youth 15-24,4.587,1961
Cabo Verde,CPV,Youth 15-24,4.587,1962
Cabo Verde,CPV,Youth 15-24,4.587,1963
Cabo Verde,CPV,Youth 15-24,4.587,1964
Cabo Verde,CPV,Youth 15-24,4.587,1965
Cabo Verde,CPV,Youth 15-24,4.587,1966
Cabo Verde,CPV,Youth 15-24,4.587,1967
Cabo Verde,CPV,Youth 15-24,4.587,1968
Cabo Verde,CPV,Youth 15-24,4.587,1969
Cabo Verde,CPV,Youth 15-24,4.587,1970
Cabo Verde,CPV,Youth 15-24,6.422,1971
Cabo Verde,CPV,Youth 15-24,13.761,1972
Cabo Verde,CPV,Youth 15-24,4.587,1973
Cabo Verde,CPV,Youth 15-24,4.587,1974
Cabo Verde,CPV,Youth 15-24,4.587,1975
Cabo Verde,CPV,Youth 15-24,4.587,1976
Cabo Verde,CPV,Youth 15-24,4.587,1977
Cabo Verde,CPV,Youth 15-24,4.587,1978
Cabo Verde,CPV,Youth 15-24,7.339,1979
Cabo Verde,CPV,Youth 15-24,12.844,1980
Cabo Verde,CPV,Youth 15-24,10.092,1981
Cabo Verde,CPV,Youth 15-24,10.092,1982
Cabo Verde,CPV,Youth 15-24,8.257,1983
Cabo Verde,CPV,Youth 15-24,10.092,1984
Cabo Verde,CPV,Youth 15-24,7.339,1985
Cabo Verde,CPV,Youth 15-24,4.587,1986
Cabo Verde,CPV,Youth 15-24,20.183,1987
Cabo Verde,CPV,Youth 15-24,14.679,1988
Cabo Verde,CPV,Youth 15-24,15.596,1989
Cabo Verde,CPV,Youth 15-24,35.780,1990
Cabo Verde,CPV,Youth 15-24,18.349,1991
Cabo Verde,CPV,Youth 15-24,18.349,1992
Cabo Verde,CPV,Youth 15-24,18.349,1993
Cabo Verde,CPV,Youth 15-24,31.193,1994
Cabo Verde,CPV,Youth 15-24,18.349,1995
Cabo Verde,CPV,Youth 15-24,18.349,1996
Cabo Verde,CPV,Youth 15-24,18.349,1997
Cabo Verde,CPV,Youth 15-24,18.349,1998
Cabo Verde,CPV,Youth 15-24,19.266,1999
Cabo Verde,CPV,Youth 15-24,32.110,2000
Cabo Verde,CPV,Youth 15-24,42.202,2001
Cabo Verde,CPV,Youth 15-24,46.789,2002
Cabo Verde,CPV,Youth 15-24,46.789,2003
Cabo Verde,CPV,Youth 15-24,46.789,2004
Cabo Verde,CPV,Youth 15-24,46.789,2005
Cabo Verde,CPV,Youth 15-24,46.789,2006
Cabo Verde,CPV,Youth 15-24,46.789,2007
Cabo Verde,CPV,Youth 15-24,42.202,2008
Cabo Verde,CPV,Youth 15-24,58.716,2009
Cabo Verde,CPV,Youth 15-24,43.119,2010
Cabo Verde,CPV,Youth 15-24,42.202,2011
Cabo Verde,CPV,Youth 15-24,54.128,2012
Cabo Verde,CPV,Youth 15-24,49.541,2013
Cabo Verde,CPV,Youth 15-24,46.789,2014
Cabo Verde,CPV,Youth 15-24,74.312,2015
Cabo Verde,CPV,Youth 15-24,60.550,2016
Cabo Verde,CPV,Youth 15-24,71.560,2017
Cabo Verde,CPV,Youth 15-24,70.642,2018
Cabo Verde,CPV,Youth 15-24,35.780,2019
Cabo Verde,CPV,Youth 15-24,22.018,2020
Cabo Verde,CPV,Youth 15-24,22.018,2021
Cabo Verde,CPV,Youth 15-24,22.018,2022
Cabo Verde,CPV,Youth 15-24,12.844,2023
