Country Name,Country Code,Topic,% of available indicators,Year
Trinidad and Tobago,TTO,Assets,0.000,1960
Trinidad and Tobago,TTO,Assets,0.000,1961
Trinidad and Tobago,TTO,Assets,0.000,1962
Trinidad and Tobago,TTO,Assets,0.000,1963
Trinidad and Tobago,TTO,Assets,0.000,1964
Trinidad and Tobago,TTO,Assets,0.000,1965
Trinidad and Tobago,TTO,Assets,0.000,1966
Trinidad and Tobago,TTO,Assets,0.000,1967
Trinidad and Tobago,TTO,Assets,0.000,1968
Trinidad and Tobago,TTO,Assets,0.000,1969
Trinidad and Tobago,TTO,Assets,2.208,1970
Trinidad and Tobago,TTO,Assets,2.208,1971
Trinidad and Tobago,TTO,Assets,2.208,1972
Trinidad and Tobago,TTO,Assets,2.208,1973
Trinidad and Tobago,TTO,Assets,2.208,1974
Trinidad and Tobago,TTO,Assets,2.208,1975
Trinidad and Tobago,TTO,Assets,2.208,1976
Trinidad and Tobago,TTO,Assets,2.208,1977
Trinidad and Tobago,TTO,Assets,2.208,1978
Trinidad and Tobago,TTO,Assets,2.208,1979
Trinidad and Tobago,TTO,Assets,2.208,1980
Trinidad and Tobago,TTO,Assets,2.208,1981
Trinidad and Tobago,TTO,Assets,2.208,1982
Trinidad and Tobago,TTO,Assets,2.208,1983
Trinidad and Tobago,TTO,Assets,2.208,1984
Trinidad and Tobago,TTO,Assets,2.208,1985
Trinidad and Tobago,TTO,Assets,2.208,1986
Trinidad and Tobago,TTO,Assets,2.208,1987
Trinidad and Tobago,TTO,Assets,2.208,1988
Trinidad and Tobago,TTO,Assets,2.208,1989
Trinidad and Tobago,TTO,Assets,2.208,1990
Trinidad and Tobago,TTO,Assets,2.208,1991
Trinidad and Tobago,TTO,Assets,2.208,1992
Trinidad and Tobago,TTO,Assets,2.208,1993
Trinidad and Tobago,TTO,Assets,2.208,1994
Trinidad and Tobago,TTO,Assets,2.208,1995
Trinidad and Tobago,TTO,Assets,2.208,1996
Trinidad and Tobago,TTO,Assets,2.208,1997
Trinidad and Tobago,TTO,Assets,2.208,1998
Trinidad and Tobago,TTO,Assets,2.208,1999
Trinidad and Tobago,TTO,Assets,2.208,2000
Trinidad and Tobago,TTO,Assets,2.208,2001
Trinidad and Tobago,TTO,Assets,2.208,2002
Trinidad and Tobago,TTO,Assets,2.208,2003
Trinidad and Tobago,TTO,Assets,2.208,2004
Trinidad and Tobago,TTO,Assets,2.208,2005
Trinidad and Tobago,TTO,Assets,2.208,2006
Trinidad and Tobago,TTO,Assets,2.208,2007
Trinidad and Tobago,TTO,Assets,2.208,2008
Trinidad and Tobago,TTO,Assets,2.208,2009
Trinidad and Tobago,TTO,Assets,2.208,2010
Trinidad and Tobago,TTO,Assets,10.726,2011
Trinidad and Tobago,TTO,Assets,2.208,2012
Trinidad and Tobago,TTO,Assets,2.208,2013
Trinidad and Tobago,TTO,Assets,2.208,2014
Trinidad and Tobago,TTO,Assets,2.208,2015
Trinidad and Tobago,TTO,Assets,2.208,2016
Trinidad and Tobago,TTO,Assets,33.123,2017
Trinidad and Tobago,TTO,Assets,2.208,2018
Trinidad and Tobago,TTO,Assets,2.208,2019
Trinidad and Tobago,TTO,Assets,2.208,2020
Trinidad and Tobago,TTO,Assets,2.208,2021
Trinidad and Tobago,TTO,Assets,2.208,2022
Trinidad and Tobago,TTO,Assets,2.208,2023
Trinidad and Tobago,TTO,Children 0-14,19.231,1960
Trinidad and Tobago,TTO,Children 0-14,19.231,1961
Trinidad and Tobago,TTO,Children 0-14,19.231,1962
Trinidad and Tobago,TTO,Children 0-14,19.231,1963
Trinidad and Tobago,TTO,Children 0-14,19.231,1964
Trinidad and Tobago,TTO,Children 0-14,19.231,1965
Trinidad and Tobago,TTO,Children 0-14,19.231,1966
Trinidad and Tobago,TTO,Children 0-14,19.231,1967
Trinidad and Tobago,TTO,Children 0-14,19.231,1968
Trinidad and Tobago,TTO,Children 0-14,19.231,1969
Trinidad and Tobago,TTO,Children 0-14,21.538,1970
Trinidad and Tobago,TTO,Children 0-14,33.077,1971
Trinidad and Tobago,TTO,Children 0-14,33.077,1972
Trinidad and Tobago,TTO,Children 0-14,30.769,1973
Trinidad and Tobago,TTO,Children 0-14,30.769,1974
Trinidad and Tobago,TTO,Children 0-14,30.769,1975
Trinidad and Tobago,TTO,Children 0-14,30.769,1976
Trinidad and Tobago,TTO,Children 0-14,30.769,1977
Trinidad and Tobago,TTO,Children 0-14,30.769,1978
Trinidad and Tobago,TTO,Children 0-14,30.769,1979
Trinidad and Tobago,TTO,Children 0-14,33.846,1980
Trinidad and Tobago,TTO,Children 0-14,31.538,1981
Trinidad and Tobago,TTO,Children 0-14,34.615,1982
Trinidad and Tobago,TTO,Children 0-14,31.538,1983
Trinidad and Tobago,TTO,Children 0-14,32.308,1984
Trinidad and Tobago,TTO,Children 0-14,37.692,1985
Trinidad and Tobago,TTO,Children 0-14,32.308,1986
Trinidad and Tobago,TTO,Children 0-14,39.231,1987
Trinidad and Tobago,TTO,Children 0-14,36.923,1988
Trinidad and Tobago,TTO,Children 0-14,32.308,1989
Trinidad and Tobago,TTO,Children 0-14,35.385,1990
Trinidad and Tobago,TTO,Children 0-14,35.385,1991
Trinidad and Tobago,TTO,Children 0-14,35.385,1992
Trinidad and Tobago,TTO,Children 0-14,37.692,1993
Trinidad and Tobago,TTO,Children 0-14,24.615,1994
Trinidad and Tobago,TTO,Children 0-14,24.615,1995
Trinidad and Tobago,TTO,Children 0-14,36.154,1996
Trinidad and Tobago,TTO,Children 0-14,37.692,1997
Trinidad and Tobago,TTO,Children 0-14,24.615,1998
Trinidad and Tobago,TTO,Children 0-14,40.000,1999
Trinidad and Tobago,TTO,Children 0-14,67.692,2000
Trinidad and Tobago,TTO,Children 0-14,42.308,2001
Trinidad and Tobago,TTO,Children 0-14,32.308,2002
Trinidad and Tobago,TTO,Children 0-14,44.615,2003
Trinidad and Tobago,TTO,Children 0-14,46.154,2004
Trinidad and Tobago,TTO,Children 0-14,40.000,2005
Trinidad and Tobago,TTO,Children 0-14,30.000,2006
Trinidad and Tobago,TTO,Children 0-14,40.769,2007
Trinidad and Tobago,TTO,Children 0-14,49.231,2008
Trinidad and Tobago,TTO,Children 0-14,51.538,2009
Trinidad and Tobago,TTO,Children 0-14,60.769,2010
Trinidad and Tobago,TTO,Children 0-14,45.385,2011
Trinidad and Tobago,TTO,Children 0-14,23.077,2012
Trinidad and Tobago,TTO,Children 0-14,23.077,2013
Trinidad and Tobago,TTO,Children 0-14,23.077,2014
Trinidad and Tobago,TTO,Children 0-14,36.923,2015
Trinidad and Tobago,TTO,Children 0-14,29.231,2016
Trinidad and Tobago,TTO,Children 0-14,23.846,2017
Trinidad and Tobago,TTO,Children 0-14,23.077,2018
Trinidad and Tobago,TTO,Children 0-14,41.538,2019
Trinidad and Tobago,TTO,Children 0-14,30.000,2020
Trinidad and Tobago,TTO,Children 0-14,27.692,2021
Trinidad and Tobago,TTO,Children 0-14,26.923,2022
Trinidad and Tobago,TTO,Children 0-14,19.231,2023
Trinidad and Tobago,TTO,Education,0.000,1960
Trinidad and Tobago,TTO,Education,0.000,1961
Trinidad and Tobago,TTO,Education,0.000,1962
Trinidad and Tobago,TTO,Education,0.000,1963
Trinidad and Tobago,TTO,Education,0.000,1964
Trinidad and Tobago,TTO,Education,0.000,1965
Trinidad and Tobago,TTO,Education,0.000,1966
Trinidad and Tobago,TTO,Education,0.000,1967
Trinidad and Tobago,TTO,Education,0.000,1968
Trinidad and Tobago,TTO,Education,0.000,1969
Trinidad and Tobago,TTO,Education,3.681,1970
Trinidad and Tobago,TTO,Education,25.153,1971
Trinidad and Tobago,TTO,Education,25.153,1972
Trinidad and Tobago,TTO,Education,20.859,1973
Trinidad and Tobago,TTO,Education,12.270,1974
Trinidad and Tobago,TTO,Education,12.270,1975
Trinidad and Tobago,TTO,Education,12.270,1976
Trinidad and Tobago,TTO,Education,20.859,1977
Trinidad and Tobago,TTO,Education,13.497,1978
Trinidad and Tobago,TTO,Education,13.497,1979
Trinidad and Tobago,TTO,Education,25.153,1980
Trinidad and Tobago,TTO,Education,15.337,1981
Trinidad and Tobago,TTO,Education,23.926,1982
Trinidad and Tobago,TTO,Education,21.472,1983
Trinidad and Tobago,TTO,Education,23.313,1984
Trinidad and Tobago,TTO,Education,25.767,1985
Trinidad and Tobago,TTO,Education,15.337,1986
Trinidad and Tobago,TTO,Education,22.699,1987
Trinidad and Tobago,TTO,Education,21.472,1988
Trinidad and Tobago,TTO,Education,20.859,1989
Trinidad and Tobago,TTO,Education,27.607,1990
Trinidad and Tobago,TTO,Education,23.313,1991
Trinidad and Tobago,TTO,Education,25.153,1992
Trinidad and Tobago,TTO,Education,26.994,1993
Trinidad and Tobago,TTO,Education,4.294,1994
Trinidad and Tobago,TTO,Education,5.521,1995
Trinidad and Tobago,TTO,Education,15.337,1996
Trinidad and Tobago,TTO,Education,14.724,1997
Trinidad and Tobago,TTO,Education,3.681,1998
Trinidad and Tobago,TTO,Education,28.221,1999
Trinidad and Tobago,TTO,Education,35.583,2000
Trinidad and Tobago,TTO,Education,28.834,2001
Trinidad and Tobago,TTO,Education,19.632,2002
Trinidad and Tobago,TTO,Education,25.767,2003
Trinidad and Tobago,TTO,Education,44.172,2004
Trinidad and Tobago,TTO,Education,15.951,2005
Trinidad and Tobago,TTO,Education,5.521,2006
Trinidad and Tobago,TTO,Education,19.018,2007
Trinidad and Tobago,TTO,Education,31.288,2008
Trinidad and Tobago,TTO,Education,33.129,2009
Trinidad and Tobago,TTO,Education,36.810,2010
Trinidad and Tobago,TTO,Education,20.245,2011
Trinidad and Tobago,TTO,Education,6.135,2012
Trinidad and Tobago,TTO,Education,7.975,2013
Trinidad and Tobago,TTO,Education,6.135,2014
Trinidad and Tobago,TTO,Education,6.135,2015
Trinidad and Tobago,TTO,Education,11.043,2016
Trinidad and Tobago,TTO,Education,5.521,2017
Trinidad and Tobago,TTO,Education,5.521,2018
Trinidad and Tobago,TTO,Education,19.632,2019
Trinidad and Tobago,TTO,Education,25.153,2020
Trinidad and Tobago,TTO,Education,22.086,2021
Trinidad and Tobago,TTO,Education,20.859,2022
Trinidad and Tobago,TTO,Education,14.724,2023
Trinidad and Tobago,TTO,Employment and Time Use,2.920,1960
Trinidad and Tobago,TTO,Employment and Time Use,0.000,1961
Trinidad and Tobago,TTO,Employment and Time Use,0.000,1962
Trinidad and Tobago,TTO,Employment and Time Use,0.000,1963
Trinidad and Tobago,TTO,Employment and Time Use,0.000,1964
Trinidad and Tobago,TTO,Employment and Time Use,0.000,1965
Trinidad and Tobago,TTO,Employment and Time Use,0.000,1966
Trinidad and Tobago,TTO,Employment and Time Use,0.000,1967
Trinidad and Tobago,TTO,Employment and Time Use,0.000,1968
Trinidad and Tobago,TTO,Employment and Time Use,0.730,1969
Trinidad and Tobago,TTO,Employment and Time Use,27.007,1970
Trinidad and Tobago,TTO,Employment and Time Use,27.007,1971
Trinidad and Tobago,TTO,Employment and Time Use,21.168,1972
Trinidad and Tobago,TTO,Employment and Time Use,23.358,1973
Trinidad and Tobago,TTO,Employment and Time Use,28.467,1974
Trinidad and Tobago,TTO,Employment and Time Use,23.358,1975
Trinidad and Tobago,TTO,Employment and Time Use,21.168,1976
Trinidad and Tobago,TTO,Employment and Time Use,23.358,1977
Trinidad and Tobago,TTO,Employment and Time Use,28.467,1978
Trinidad and Tobago,TTO,Employment and Time Use,33.577,1979
Trinidad and Tobago,TTO,Employment and Time Use,28.467,1980
Trinidad and Tobago,TTO,Employment and Time Use,33.577,1981
Trinidad and Tobago,TTO,Employment and Time Use,23.358,1982
Trinidad and Tobago,TTO,Employment and Time Use,33.577,1983
Trinidad and Tobago,TTO,Employment and Time Use,23.358,1984
Trinidad and Tobago,TTO,Employment and Time Use,33.577,1985
Trinidad and Tobago,TTO,Employment and Time Use,33.577,1986
Trinidad and Tobago,TTO,Employment and Time Use,33.577,1987
Trinidad and Tobago,TTO,Employment and Time Use,33.577,1988
Trinidad and Tobago,TTO,Employment and Time Use,33.577,1989
Trinidad and Tobago,TTO,Employment and Time Use,43.796,1990
Trinidad and Tobago,TTO,Employment and Time Use,66.423,1991
Trinidad and Tobago,TTO,Employment and Time Use,63.504,1992
Trinidad and Tobago,TTO,Employment and Time Use,66.423,1993
Trinidad and Tobago,TTO,Employment and Time Use,63.504,1994
Trinidad and Tobago,TTO,Employment and Time Use,66.423,1995
Trinidad and Tobago,TTO,Employment and Time Use,66.423,1996
Trinidad and Tobago,TTO,Employment and Time Use,65.693,1997
Trinidad and Tobago,TTO,Employment and Time Use,66.423,1998
Trinidad and Tobago,TTO,Employment and Time Use,66.423,1999
Trinidad and Tobago,TTO,Employment and Time Use,70.803,2000
Trinidad and Tobago,TTO,Employment and Time Use,61.314,2001
Trinidad and Tobago,TTO,Employment and Time Use,66.423,2002
Trinidad and Tobago,TTO,Employment and Time Use,61.314,2003
Trinidad and Tobago,TTO,Employment and Time Use,61.314,2004
Trinidad and Tobago,TTO,Employment and Time Use,66.423,2005
Trinidad and Tobago,TTO,Employment and Time Use,68.613,2006
Trinidad and Tobago,TTO,Employment and Time Use,68.613,2007
Trinidad and Tobago,TTO,Employment and Time Use,68.613,2008
Trinidad and Tobago,TTO,Employment and Time Use,70.803,2009
Trinidad and Tobago,TTO,Employment and Time Use,86.131,2010
Trinidad and Tobago,TTO,Employment and Time Use,86.131,2011
Trinidad and Tobago,TTO,Employment and Time Use,86.131,2012
Trinidad and Tobago,TTO,Employment and Time Use,88.321,2013
Trinidad and Tobago,TTO,Employment and Time Use,86.131,2014
Trinidad and Tobago,TTO,Employment and Time Use,86.131,2015
Trinidad and Tobago,TTO,Employment and Time Use,86.131,2016
Trinidad and Tobago,TTO,Employment and Time Use,56.204,2017
Trinidad and Tobago,TTO,Employment and Time Use,56.204,2018
Trinidad and Tobago,TTO,Employment and Time Use,89.051,2019
Trinidad and Tobago,TTO,Employment and Time Use,89.051,2020
Trinidad and Tobago,TTO,Employment and Time Use,89.051,2021
Trinidad and Tobago,TTO,Employment and Time Use,89.051,2022
Trinidad and Tobago,TTO,Employment and Time Use,91.971,2023
Trinidad and Tobago,TTO,Entrepreneurship,0.000,1960
Trinidad and Tobago,TTO,Entrepreneurship,0.000,1961
Trinidad and Tobago,TTO,Entrepreneurship,0.000,1962
Trinidad and Tobago,TTO,Entrepreneurship,0.000,1963
Trinidad and Tobago,TTO,Entrepreneurship,0.000,1964
Trinidad and Tobago,TTO,Entrepreneurship,0.000,1965
Trinidad and Tobago,TTO,Entrepreneurship,0.000,1966
Trinidad and Tobago,TTO,Entrepreneurship,0.000,1967
Trinidad and Tobago,TTO,Entrepreneurship,0.000,1968
Trinidad and Tobago,TTO,Entrepreneurship,0.000,1969
Trinidad and Tobago,TTO,Entrepreneurship,9.375,1970
Trinidad and Tobago,TTO,Entrepreneurship,9.375,1971
Trinidad and Tobago,TTO,Entrepreneurship,9.375,1972
Trinidad and Tobago,TTO,Entrepreneurship,9.375,1973
Trinidad and Tobago,TTO,Entrepreneurship,9.375,1974
Trinidad and Tobago,TTO,Entrepreneurship,9.375,1975
Trinidad and Tobago,TTO,Entrepreneurship,9.375,1976
Trinidad and Tobago,TTO,Entrepreneurship,9.375,1977
Trinidad and Tobago,TTO,Entrepreneurship,9.375,1978
Trinidad and Tobago,TTO,Entrepreneurship,9.375,1979
Trinidad and Tobago,TTO,Entrepreneurship,9.375,1980
Trinidad and Tobago,TTO,Entrepreneurship,9.375,1981
Trinidad and Tobago,TTO,Entrepreneurship,9.375,1982
Trinidad and Tobago,TTO,Entrepreneurship,9.375,1983
Trinidad and Tobago,TTO,Entrepreneurship,9.375,1984
Trinidad and Tobago,TTO,Entrepreneurship,9.375,1985
Trinidad and Tobago,TTO,Entrepreneurship,9.375,1986
Trinidad and Tobago,TTO,Entrepreneurship,9.375,1987
Trinidad and Tobago,TTO,Entrepreneurship,9.375,1988
Trinidad and Tobago,TTO,Entrepreneurship,9.375,1989
Trinidad and Tobago,TTO,Entrepreneurship,9.375,1990
Trinidad and Tobago,TTO,Entrepreneurship,9.375,1991
Trinidad and Tobago,TTO,Entrepreneurship,9.375,1992
Trinidad and Tobago,TTO,Entrepreneurship,9.375,1993
Trinidad and Tobago,TTO,Entrepreneurship,9.375,1994
Trinidad and Tobago,TTO,Entrepreneurship,9.375,1995
Trinidad and Tobago,TTO,Entrepreneurship,9.375,1996
Trinidad and Tobago,TTO,Entrepreneurship,9.375,1997
Trinidad and Tobago,TTO,Entrepreneurship,9.375,1998
Trinidad and Tobago,TTO,Entrepreneurship,9.375,1999
Trinidad and Tobago,TTO,Entrepreneurship,9.375,2000
Trinidad and Tobago,TTO,Entrepreneurship,9.375,2001
Trinidad and Tobago,TTO,Entrepreneurship,9.375,2002
Trinidad and Tobago,TTO,Entrepreneurship,9.375,2003
Trinidad and Tobago,TTO,Entrepreneurship,9.375,2004
Trinidad and Tobago,TTO,Entrepreneurship,37.500,2005
Trinidad and Tobago,TTO,Entrepreneurship,37.500,2006
Trinidad and Tobago,TTO,Entrepreneurship,37.500,2007
Trinidad and Tobago,TTO,Entrepreneurship,37.500,2008
Trinidad and Tobago,TTO,Entrepreneurship,37.500,2009
Trinidad and Tobago,TTO,Entrepreneurship,43.750,2010
Trinidad and Tobago,TTO,Entrepreneurship,37.500,2011
Trinidad and Tobago,TTO,Entrepreneurship,37.500,2012
Trinidad and Tobago,TTO,Entrepreneurship,37.500,2013
Trinidad and Tobago,TTO,Entrepreneurship,37.500,2014
Trinidad and Tobago,TTO,Entrepreneurship,37.500,2015
Trinidad and Tobago,TTO,Entrepreneurship,37.500,2016
Trinidad and Tobago,TTO,Entrepreneurship,56.250,2017
Trinidad and Tobago,TTO,Entrepreneurship,37.500,2018
Trinidad and Tobago,TTO,Entrepreneurship,37.500,2019
Trinidad and Tobago,TTO,Entrepreneurship,9.375,2020
Trinidad and Tobago,TTO,Entrepreneurship,9.375,2021
Trinidad and Tobago,TTO,Entrepreneurship,9.375,2022
Trinidad and Tobago,TTO,Entrepreneurship,9.375,2023
Trinidad and Tobago,TTO,Environment,0.000,1960
Trinidad and Tobago,TTO,Environment,0.000,1961
Trinidad and Tobago,TTO,Environment,0.000,1962
Trinidad and Tobago,TTO,Environment,0.000,1963
Trinidad and Tobago,TTO,Environment,0.000,1964
Trinidad and Tobago,TTO,Environment,0.000,1965
Trinidad and Tobago,TTO,Environment,0.000,1966
Trinidad and Tobago,TTO,Environment,0.000,1967
Trinidad and Tobago,TTO,Environment,0.000,1968
Trinidad and Tobago,TTO,Environment,0.000,1969
Trinidad and Tobago,TTO,Environment,0.000,1970
Trinidad and Tobago,TTO,Environment,0.000,1971
Trinidad and Tobago,TTO,Environment,0.000,1972
Trinidad and Tobago,TTO,Environment,0.000,1973
Trinidad and Tobago,TTO,Environment,0.000,1974
Trinidad and Tobago,TTO,Environment,0.000,1975
Trinidad and Tobago,TTO,Environment,0.000,1976
Trinidad and Tobago,TTO,Environment,0.000,1977
Trinidad and Tobago,TTO,Environment,0.000,1978
Trinidad and Tobago,TTO,Environment,0.000,1979
Trinidad and Tobago,TTO,Environment,0.000,1980
Trinidad and Tobago,TTO,Environment,0.000,1981
Trinidad and Tobago,TTO,Environment,0.000,1982
Trinidad and Tobago,TTO,Environment,0.000,1983
Trinidad and Tobago,TTO,Environment,0.000,1984
Trinidad and Tobago,TTO,Environment,0.000,1985
Trinidad and Tobago,TTO,Environment,0.000,1986
Trinidad and Tobago,TTO,Environment,0.000,1987
Trinidad and Tobago,TTO,Environment,0.000,1988
Trinidad and Tobago,TTO,Environment,0.000,1989
Trinidad and Tobago,TTO,Environment,0.000,1990
Trinidad and Tobago,TTO,Environment,0.000,1991
Trinidad and Tobago,TTO,Environment,0.000,1992
Trinidad and Tobago,TTO,Environment,0.000,1993
Trinidad and Tobago,TTO,Environment,0.000,1994
Trinidad and Tobago,TTO,Environment,0.000,1995
Trinidad and Tobago,TTO,Environment,0.000,1996
Trinidad and Tobago,TTO,Environment,0.000,1997
Trinidad and Tobago,TTO,Environment,0.000,1998
Trinidad and Tobago,TTO,Environment,3.333,1999
Trinidad and Tobago,TTO,Environment,6.667,2000
Trinidad and Tobago,TTO,Environment,6.667,2001
Trinidad and Tobago,TTO,Environment,6.667,2002
Trinidad and Tobago,TTO,Environment,3.333,2003
Trinidad and Tobago,TTO,Environment,6.667,2004
Trinidad and Tobago,TTO,Environment,3.333,2005
Trinidad and Tobago,TTO,Environment,3.333,2006
Trinidad and Tobago,TTO,Environment,3.333,2007
Trinidad and Tobago,TTO,Environment,3.333,2008
Trinidad and Tobago,TTO,Environment,3.333,2009
Trinidad and Tobago,TTO,Environment,3.333,2010
Trinidad and Tobago,TTO,Environment,3.333,2011
Trinidad and Tobago,TTO,Environment,3.333,2012
Trinidad and Tobago,TTO,Environment,3.333,2013
Trinidad and Tobago,TTO,Environment,3.333,2014
Trinidad and Tobago,TTO,Environment,3.333,2015
Trinidad and Tobago,TTO,Environment,3.333,2016
Trinidad and Tobago,TTO,Environment,13.333,2017
Trinidad and Tobago,TTO,Environment,3.333,2018
Trinidad and Tobago,TTO,Environment,23.333,2019
Trinidad and Tobago,TTO,Environment,3.333,2020
Trinidad and Tobago,TTO,Environment,3.333,2021
Trinidad and Tobago,TTO,Environment,3.333,2022
Trinidad and Tobago,TTO,Environment,0.000,2023
Trinidad and Tobago,TTO,Health,8.586,1960
Trinidad and Tobago,TTO,Health,8.586,1961
Trinidad and Tobago,TTO,Health,8.586,1962
Trinidad and Tobago,TTO,Health,8.586,1963
Trinidad and Tobago,TTO,Health,8.586,1964
Trinidad and Tobago,TTO,Health,8.586,1965
Trinidad and Tobago,TTO,Health,8.586,1966
Trinidad and Tobago,TTO,Health,8.586,1967
Trinidad and Tobago,TTO,Health,8.586,1968
Trinidad and Tobago,TTO,Health,8.586,1969
Trinidad and Tobago,TTO,Health,8.586,1970
Trinidad and Tobago,TTO,Health,9.091,1971
Trinidad and Tobago,TTO,Health,8.586,1972
Trinidad and Tobago,TTO,Health,8.586,1973
Trinidad and Tobago,TTO,Health,8.586,1974
Trinidad and Tobago,TTO,Health,11.111,1975
Trinidad and Tobago,TTO,Health,11.111,1976
Trinidad and Tobago,TTO,Health,12.121,1977
Trinidad and Tobago,TTO,Health,11.111,1978
Trinidad and Tobago,TTO,Health,11.111,1979
Trinidad and Tobago,TTO,Health,11.616,1980
Trinidad and Tobago,TTO,Health,11.616,1981
Trinidad and Tobago,TTO,Health,11.616,1982
Trinidad and Tobago,TTO,Health,11.616,1983
Trinidad and Tobago,TTO,Health,12.121,1984
Trinidad and Tobago,TTO,Health,12.626,1985
Trinidad and Tobago,TTO,Health,12.626,1986
Trinidad and Tobago,TTO,Health,22.727,1987
Trinidad and Tobago,TTO,Health,12.626,1988
Trinidad and Tobago,TTO,Health,12.626,1989
Trinidad and Tobago,TTO,Health,14.141,1990
Trinidad and Tobago,TTO,Health,14.141,1991
Trinidad and Tobago,TTO,Health,14.141,1992
Trinidad and Tobago,TTO,Health,14.646,1993
Trinidad and Tobago,TTO,Health,14.646,1994
Trinidad and Tobago,TTO,Health,14.646,1995
Trinidad and Tobago,TTO,Health,14.646,1996
Trinidad and Tobago,TTO,Health,14.646,1997
Trinidad and Tobago,TTO,Health,14.646,1998
Trinidad and Tobago,TTO,Health,14.646,1999
Trinidad and Tobago,TTO,Health,61.616,2000
Trinidad and Tobago,TTO,Health,28.788,2001
Trinidad and Tobago,TTO,Health,29.293,2002
Trinidad and Tobago,TTO,Health,28.788,2003
Trinidad and Tobago,TTO,Health,28.788,2004
Trinidad and Tobago,TTO,Health,28.283,2005
Trinidad and Tobago,TTO,Health,31.818,2006
Trinidad and Tobago,TTO,Health,28.283,2007
Trinidad and Tobago,TTO,Health,28.788,2008
Trinidad and Tobago,TTO,Health,28.283,2009
Trinidad and Tobago,TTO,Health,54.040,2010
Trinidad and Tobago,TTO,Health,39.899,2011
Trinidad and Tobago,TTO,Health,28.788,2012
Trinidad and Tobago,TTO,Health,28.788,2013
Trinidad and Tobago,TTO,Health,28.283,2014
Trinidad and Tobago,TTO,Health,51.010,2015
Trinidad and Tobago,TTO,Health,28.283,2016
Trinidad and Tobago,TTO,Health,30.808,2017
Trinidad and Tobago,TTO,Health,28.283,2018
Trinidad and Tobago,TTO,Health,51.010,2019
Trinidad and Tobago,TTO,Health,20.707,2020
Trinidad and Tobago,TTO,Health,14.141,2021
Trinidad and Tobago,TTO,Health,13.131,2022
Trinidad and Tobago,TTO,Health,1.010,2023
Trinidad and Tobago,TTO,Leadership,0.000,1960
Trinidad and Tobago,TTO,Leadership,0.000,1961
Trinidad and Tobago,TTO,Leadership,0.000,1962
Trinidad and Tobago,TTO,Leadership,0.000,1963
Trinidad and Tobago,TTO,Leadership,0.000,1964
Trinidad and Tobago,TTO,Leadership,0.000,1965
Trinidad and Tobago,TTO,Leadership,0.000,1966
Trinidad and Tobago,TTO,Leadership,0.000,1967
Trinidad and Tobago,TTO,Leadership,0.000,1968
Trinidad and Tobago,TTO,Leadership,0.000,1969
Trinidad and Tobago,TTO,Leadership,0.000,1970
Trinidad and Tobago,TTO,Leadership,0.000,1971
Trinidad and Tobago,TTO,Leadership,0.000,1972
Trinidad and Tobago,TTO,Leadership,0.000,1973
Trinidad and Tobago,TTO,Leadership,0.000,1974
Trinidad and Tobago,TTO,Leadership,0.000,1975
Trinidad and Tobago,TTO,Leadership,0.000,1976
Trinidad and Tobago,TTO,Leadership,0.000,1977
Trinidad and Tobago,TTO,Leadership,0.000,1978
Trinidad and Tobago,TTO,Leadership,0.000,1979
Trinidad and Tobago,TTO,Leadership,0.000,1980
Trinidad and Tobago,TTO,Leadership,0.000,1981
Trinidad and Tobago,TTO,Leadership,0.000,1982
Trinidad and Tobago,TTO,Leadership,0.000,1983
Trinidad and Tobago,TTO,Leadership,0.000,1984
Trinidad and Tobago,TTO,Leadership,0.000,1985
Trinidad and Tobago,TTO,Leadership,0.000,1986
Trinidad and Tobago,TTO,Leadership,0.000,1987
Trinidad and Tobago,TTO,Leadership,0.000,1988
Trinidad and Tobago,TTO,Leadership,0.000,1989
Trinidad and Tobago,TTO,Leadership,0.000,1990
Trinidad and Tobago,TTO,Leadership,0.000,1991
Trinidad and Tobago,TTO,Leadership,0.000,1992
Trinidad and Tobago,TTO,Leadership,0.000,1993
Trinidad and Tobago,TTO,Leadership,0.000,1994
Trinidad and Tobago,TTO,Leadership,0.000,1995
Trinidad and Tobago,TTO,Leadership,0.000,1996
Trinidad and Tobago,TTO,Leadership,25.000,1997
Trinidad and Tobago,TTO,Leadership,25.000,1998
Trinidad and Tobago,TTO,Leadership,25.000,1999
Trinidad and Tobago,TTO,Leadership,0.000,2000
Trinidad and Tobago,TTO,Leadership,25.000,2001
Trinidad and Tobago,TTO,Leadership,25.000,2002
Trinidad and Tobago,TTO,Leadership,25.000,2003
Trinidad and Tobago,TTO,Leadership,25.000,2004
Trinidad and Tobago,TTO,Leadership,50.000,2005
Trinidad and Tobago,TTO,Leadership,25.000,2006
Trinidad and Tobago,TTO,Leadership,25.000,2007
Trinidad and Tobago,TTO,Leadership,50.000,2008
Trinidad and Tobago,TTO,Leadership,25.000,2009
Trinidad and Tobago,TTO,Leadership,75.000,2010
Trinidad and Tobago,TTO,Leadership,25.000,2011
Trinidad and Tobago,TTO,Leadership,50.000,2012
Trinidad and Tobago,TTO,Leadership,25.000,2013
Trinidad and Tobago,TTO,Leadership,50.000,2014
Trinidad and Tobago,TTO,Leadership,50.000,2015
Trinidad and Tobago,TTO,Leadership,50.000,2016
Trinidad and Tobago,TTO,Leadership,25.000,2017
Trinidad and Tobago,TTO,Leadership,50.000,2018
Trinidad and Tobago,TTO,Leadership,75.000,2019
Trinidad and Tobago,TTO,Leadership,50.000,2020
Trinidad and Tobago,TTO,Leadership,50.000,2021
Trinidad and Tobago,TTO,Leadership,75.000,2022
Trinidad and Tobago,TTO,Leadership,50.000,2023
Trinidad and Tobago,TTO,Norms and Decision-making,0.000,1960
Trinidad and Tobago,TTO,Norms and Decision-making,0.000,1961
Trinidad and Tobago,TTO,Norms and Decision-making,0.000,1962
Trinidad and Tobago,TTO,Norms and Decision-making,0.000,1963
Trinidad and Tobago,TTO,Norms and Decision-making,0.000,1964
Trinidad and Tobago,TTO,Norms and Decision-making,0.000,1965
Trinidad and Tobago,TTO,Norms and Decision-making,0.000,1966
Trinidad and Tobago,TTO,Norms and Decision-making,0.000,1967
Trinidad and Tobago,TTO,Norms and Decision-making,0.000,1968
Trinidad and Tobago,TTO,Norms and Decision-making,0.000,1969
Trinidad and Tobago,TTO,Norms and Decision-making,14.074,1970
Trinidad and Tobago,TTO,Norms and Decision-making,12.593,1971
Trinidad and Tobago,TTO,Norms and Decision-making,12.593,1972
Trinidad and Tobago,TTO,Norms and Decision-making,12.593,1973
Trinidad and Tobago,TTO,Norms and Decision-making,12.593,1974
Trinidad and Tobago,TTO,Norms and Decision-making,12.593,1975
Trinidad and Tobago,TTO,Norms and Decision-making,12.593,1976
Trinidad and Tobago,TTO,Norms and Decision-making,12.593,1977
Trinidad and Tobago,TTO,Norms and Decision-making,12.593,1978
Trinidad and Tobago,TTO,Norms and Decision-making,12.593,1979
Trinidad and Tobago,TTO,Norms and Decision-making,14.074,1980
Trinidad and Tobago,TTO,Norms and Decision-making,12.593,1981
Trinidad and Tobago,TTO,Norms and Decision-making,12.593,1982
Trinidad and Tobago,TTO,Norms and Decision-making,12.593,1983
Trinidad and Tobago,TTO,Norms and Decision-making,12.593,1984
Trinidad and Tobago,TTO,Norms and Decision-making,12.593,1985
Trinidad and Tobago,TTO,Norms and Decision-making,12.593,1986
Trinidad and Tobago,TTO,Norms and Decision-making,17.778,1987
Trinidad and Tobago,TTO,Norms and Decision-making,12.593,1988
Trinidad and Tobago,TTO,Norms and Decision-making,12.593,1989
Trinidad and Tobago,TTO,Norms and Decision-making,14.074,1990
Trinidad and Tobago,TTO,Norms and Decision-making,12.593,1991
Trinidad and Tobago,TTO,Norms and Decision-making,12.593,1992
Trinidad and Tobago,TTO,Norms and Decision-making,12.593,1993
Trinidad and Tobago,TTO,Norms and Decision-making,12.593,1994
Trinidad and Tobago,TTO,Norms and Decision-making,12.593,1995
Trinidad and Tobago,TTO,Norms and Decision-making,12.593,1996
Trinidad and Tobago,TTO,Norms and Decision-making,12.593,1997
Trinidad and Tobago,TTO,Norms and Decision-making,12.593,1998
Trinidad and Tobago,TTO,Norms and Decision-making,12.593,1999
Trinidad and Tobago,TTO,Norms and Decision-making,15.556,2000
Trinidad and Tobago,TTO,Norms and Decision-making,12.593,2001
Trinidad and Tobago,TTO,Norms and Decision-making,12.593,2002
Trinidad and Tobago,TTO,Norms and Decision-making,12.593,2003
Trinidad and Tobago,TTO,Norms and Decision-making,12.593,2004
Trinidad and Tobago,TTO,Norms and Decision-making,12.593,2005
Trinidad and Tobago,TTO,Norms and Decision-making,14.815,2006
Trinidad and Tobago,TTO,Norms and Decision-making,12.593,2007
Trinidad and Tobago,TTO,Norms and Decision-making,12.593,2008
Trinidad and Tobago,TTO,Norms and Decision-making,12.593,2009
Trinidad and Tobago,TTO,Norms and Decision-making,12.593,2010
Trinidad and Tobago,TTO,Norms and Decision-making,15.556,2011
Trinidad and Tobago,TTO,Norms and Decision-making,12.593,2012
Trinidad and Tobago,TTO,Norms and Decision-making,12.593,2013
Trinidad and Tobago,TTO,Norms and Decision-making,12.593,2014
Trinidad and Tobago,TTO,Norms and Decision-making,12.593,2015
Trinidad and Tobago,TTO,Norms and Decision-making,12.593,2016
Trinidad and Tobago,TTO,Norms and Decision-making,12.593,2017
Trinidad and Tobago,TTO,Norms and Decision-making,12.593,2018
Trinidad and Tobago,TTO,Norms and Decision-making,12.593,2019
Trinidad and Tobago,TTO,Norms and Decision-making,12.593,2020
Trinidad and Tobago,TTO,Norms and Decision-making,12.593,2021
Trinidad and Tobago,TTO,Norms and Decision-making,14.074,2022
Trinidad and Tobago,TTO,Norms and Decision-making,12.593,2023
Trinidad and Tobago,TTO,Population,86.905,1960
Trinidad and Tobago,TTO,Population,86.905,1961
Trinidad and Tobago,TTO,Population,86.905,1962
Trinidad and Tobago,TTO,Population,86.905,1963
Trinidad and Tobago,TTO,Population,86.905,1964
Trinidad and Tobago,TTO,Population,86.905,1965
Trinidad and Tobago,TTO,Population,86.905,1966
Trinidad and Tobago,TTO,Population,86.905,1967
Trinidad and Tobago,TTO,Population,86.905,1968
Trinidad and Tobago,TTO,Population,86.905,1969
Trinidad and Tobago,TTO,Population,89.286,1970
Trinidad and Tobago,TTO,Population,86.905,1971
Trinidad and Tobago,TTO,Population,86.905,1972
Trinidad and Tobago,TTO,Population,86.905,1973
Trinidad and Tobago,TTO,Population,86.905,1974
Trinidad and Tobago,TTO,Population,86.905,1975
Trinidad and Tobago,TTO,Population,86.905,1976
Trinidad and Tobago,TTO,Population,86.905,1977
Trinidad and Tobago,TTO,Population,86.905,1978
Trinidad and Tobago,TTO,Population,86.905,1979
Trinidad and Tobago,TTO,Population,94.048,1980
Trinidad and Tobago,TTO,Population,86.905,1981
Trinidad and Tobago,TTO,Population,86.905,1982
Trinidad and Tobago,TTO,Population,86.905,1983
Trinidad and Tobago,TTO,Population,86.905,1984
Trinidad and Tobago,TTO,Population,91.667,1985
Trinidad and Tobago,TTO,Population,86.905,1986
Trinidad and Tobago,TTO,Population,88.095,1987
Trinidad and Tobago,TTO,Population,86.905,1988
Trinidad and Tobago,TTO,Population,86.905,1989
Trinidad and Tobago,TTO,Population,95.238,1990
Trinidad and Tobago,TTO,Population,86.905,1991
Trinidad and Tobago,TTO,Population,86.905,1992
Trinidad and Tobago,TTO,Population,86.905,1993
Trinidad and Tobago,TTO,Population,86.905,1994
Trinidad and Tobago,TTO,Population,92.857,1995
Trinidad and Tobago,TTO,Population,86.905,1996
Trinidad and Tobago,TTO,Population,86.905,1997
Trinidad and Tobago,TTO,Population,86.905,1998
Trinidad and Tobago,TTO,Population,86.905,1999
Trinidad and Tobago,TTO,Population,95.238,2000
Trinidad and Tobago,TTO,Population,86.905,2001
Trinidad and Tobago,TTO,Population,86.905,2002
Trinidad and Tobago,TTO,Population,86.905,2003
Trinidad and Tobago,TTO,Population,86.905,2004
Trinidad and Tobago,TTO,Population,92.857,2005
Trinidad and Tobago,TTO,Population,89.286,2006
Trinidad and Tobago,TTO,Population,86.905,2007
Trinidad and Tobago,TTO,Population,86.905,2008
Trinidad and Tobago,TTO,Population,86.905,2009
Trinidad and Tobago,TTO,Population,92.857,2010
Trinidad and Tobago,TTO,Population,92.857,2011
Trinidad and Tobago,TTO,Population,86.905,2012
Trinidad and Tobago,TTO,Population,86.905,2013
Trinidad and Tobago,TTO,Population,86.905,2014
Trinidad and Tobago,TTO,Population,92.857,2015
Trinidad and Tobago,TTO,Population,86.905,2016
Trinidad and Tobago,TTO,Population,86.905,2017
Trinidad and Tobago,TTO,Population,86.905,2018
Trinidad and Tobago,TTO,Population,86.905,2019
Trinidad and Tobago,TTO,Population,88.095,2020
Trinidad and Tobago,TTO,Population,86.905,2021
Trinidad and Tobago,TTO,Population,86.905,2022
Trinidad and Tobago,TTO,Population,77.381,2023
Trinidad and Tobago,TTO,SDGs,2.685,1960
Trinidad and Tobago,TTO,SDGs,2.685,1961
Trinidad and Tobago,TTO,SDGs,2.685,1962
Trinidad and Tobago,TTO,SDGs,2.685,1963
Trinidad and Tobago,TTO,SDGs,2.685,1964
Trinidad and Tobago,TTO,SDGs,2.685,1965
Trinidad and Tobago,TTO,SDGs,2.685,1966
Trinidad and Tobago,TTO,SDGs,2.685,1967
Trinidad and Tobago,TTO,SDGs,2.685,1968
Trinidad and Tobago,TTO,SDGs,3.356,1969
Trinidad and Tobago,TTO,SDGs,12.081,1970
Trinidad and Tobago,TTO,SDGs,12.081,1971
Trinidad and Tobago,TTO,SDGs,11.409,1972
Trinidad and Tobago,TTO,SDGs,13.423,1973
Trinidad and Tobago,TTO,SDGs,13.423,1974
Trinidad and Tobago,TTO,SDGs,13.423,1975
Trinidad and Tobago,TTO,SDGs,11.409,1976
Trinidad and Tobago,TTO,SDGs,13.423,1977
Trinidad and Tobago,TTO,SDGs,13.423,1978
Trinidad and Tobago,TTO,SDGs,15.436,1979
Trinidad and Tobago,TTO,SDGs,14.094,1980
Trinidad and Tobago,TTO,SDGs,16.107,1981
Trinidad and Tobago,TTO,SDGs,14.094,1982
Trinidad and Tobago,TTO,SDGs,16.107,1983
Trinidad and Tobago,TTO,SDGs,14.094,1984
Trinidad and Tobago,TTO,SDGs,16.779,1985
Trinidad and Tobago,TTO,SDGs,16.779,1986
Trinidad and Tobago,TTO,SDGs,18.792,1987
Trinidad and Tobago,TTO,SDGs,16.779,1988
Trinidad and Tobago,TTO,SDGs,16.779,1989
Trinidad and Tobago,TTO,SDGs,16.779,1990
Trinidad and Tobago,TTO,SDGs,20.805,1991
Trinidad and Tobago,TTO,SDGs,18.792,1992
Trinidad and Tobago,TTO,SDGs,21.477,1993
Trinidad and Tobago,TTO,SDGs,19.463,1994
Trinidad and Tobago,TTO,SDGs,21.477,1995
Trinidad and Tobago,TTO,SDGs,21.477,1996
Trinidad and Tobago,TTO,SDGs,20.134,1997
Trinidad and Tobago,TTO,SDGs,22.148,1998
Trinidad and Tobago,TTO,SDGs,22.148,1999
Trinidad and Tobago,TTO,SDGs,63.087,2000
Trinidad and Tobago,TTO,SDGs,31.544,2001
Trinidad and Tobago,TTO,SDGs,33.557,2002
Trinidad and Tobago,TTO,SDGs,31.544,2003
Trinidad and Tobago,TTO,SDGs,31.544,2004
Trinidad and Tobago,TTO,SDGs,32.886,2005
Trinidad and Tobago,TTO,SDGs,35.570,2006
Trinidad and Tobago,TTO,SDGs,32.886,2007
Trinidad and Tobago,TTO,SDGs,33.557,2008
Trinidad and Tobago,TTO,SDGs,32.886,2009
Trinidad and Tobago,TTO,SDGs,63.087,2010
Trinidad and Tobago,TTO,SDGs,37.584,2011
Trinidad and Tobago,TTO,SDGs,33.557,2012
Trinidad and Tobago,TTO,SDGs,32.886,2013
Trinidad and Tobago,TTO,SDGs,32.886,2014
Trinidad and Tobago,TTO,SDGs,63.087,2015
Trinidad and Tobago,TTO,SDGs,34.899,2016
Trinidad and Tobago,TTO,SDGs,31.544,2017
Trinidad and Tobago,TTO,SDGs,29.530,2018
Trinidad and Tobago,TTO,SDGs,66.443,2019
Trinidad and Tobago,TTO,SDGs,24.161,2020
Trinidad and Tobago,TTO,SDGs,21.477,2021
Trinidad and Tobago,TTO,SDGs,22.819,2022
Trinidad and Tobago,TTO,SDGs,18.121,2023
Trinidad and Tobago,TTO,Technology,0.000,1960
Trinidad and Tobago,TTO,Technology,0.000,1961
Trinidad and Tobago,TTO,Technology,0.000,1962
Trinidad and Tobago,TTO,Technology,0.000,1963
Trinidad and Tobago,TTO,Technology,0.000,1964
Trinidad and Tobago,TTO,Technology,0.000,1965
Trinidad and Tobago,TTO,Technology,0.000,1966
Trinidad and Tobago,TTO,Technology,0.000,1967
Trinidad and Tobago,TTO,Technology,0.000,1968
Trinidad and Tobago,TTO,Technology,0.000,1969
Trinidad and Tobago,TTO,Technology,0.000,1970
Trinidad and Tobago,TTO,Technology,0.000,1971
Trinidad and Tobago,TTO,Technology,0.000,1972
Trinidad and Tobago,TTO,Technology,0.000,1973
Trinidad and Tobago,TTO,Technology,0.000,1974
Trinidad and Tobago,TTO,Technology,0.000,1975
Trinidad and Tobago,TTO,Technology,0.000,1976
Trinidad and Tobago,TTO,Technology,0.000,1977
Trinidad and Tobago,TTO,Technology,0.000,1978
Trinidad and Tobago,TTO,Technology,0.000,1979
Trinidad and Tobago,TTO,Technology,0.000,1980
Trinidad and Tobago,TTO,Technology,0.000,1981
Trinidad and Tobago,TTO,Technology,0.000,1982
Trinidad and Tobago,TTO,Technology,0.000,1983
Trinidad and Tobago,TTO,Technology,0.000,1984
Trinidad and Tobago,TTO,Technology,0.000,1985
Trinidad and Tobago,TTO,Technology,0.000,1986
Trinidad and Tobago,TTO,Technology,0.000,1987
Trinidad and Tobago,TTO,Technology,0.000,1988
Trinidad and Tobago,TTO,Technology,0.000,1989
Trinidad and Tobago,TTO,Technology,2.222,1990
Trinidad and Tobago,TTO,Technology,2.222,1991
Trinidad and Tobago,TTO,Technology,2.222,1992
Trinidad and Tobago,TTO,Technology,2.222,1993
Trinidad and Tobago,TTO,Technology,2.222,1994
Trinidad and Tobago,TTO,Technology,2.222,1995
Trinidad and Tobago,TTO,Technology,2.222,1996
Trinidad and Tobago,TTO,Technology,2.222,1997
Trinidad and Tobago,TTO,Technology,2.222,1998
Trinidad and Tobago,TTO,Technology,4.444,1999
Trinidad and Tobago,TTO,Technology,4.444,2000
Trinidad and Tobago,TTO,Technology,4.444,2001
Trinidad and Tobago,TTO,Technology,4.444,2002
Trinidad and Tobago,TTO,Technology,2.222,2003
Trinidad and Tobago,TTO,Technology,4.444,2004
Trinidad and Tobago,TTO,Technology,2.222,2005
Trinidad and Tobago,TTO,Technology,2.222,2006
Trinidad and Tobago,TTO,Technology,2.222,2007
Trinidad and Tobago,TTO,Technology,2.222,2008
Trinidad and Tobago,TTO,Technology,2.222,2009
Trinidad and Tobago,TTO,Technology,2.222,2010
Trinidad and Tobago,TTO,Technology,13.333,2011
Trinidad and Tobago,TTO,Technology,2.222,2012
Trinidad and Tobago,TTO,Technology,2.222,2013
Trinidad and Tobago,TTO,Technology,2.222,2014
Trinidad and Tobago,TTO,Technology,2.222,2015
Trinidad and Tobago,TTO,Technology,2.222,2016
Trinidad and Tobago,TTO,Technology,48.889,2017
Trinidad and Tobago,TTO,Technology,2.222,2018
Trinidad and Tobago,TTO,Technology,2.222,2019
Trinidad and Tobago,TTO,Technology,2.222,2020
Trinidad and Tobago,TTO,Technology,2.222,2021
Trinidad and Tobago,TTO,Technology,2.222,2022
Trinidad and Tobago,TTO,Technology,0.000,2023
Trinidad and Tobago,TTO,Violence,0.000,1960
Trinidad and Tobago,TTO,Violence,0.000,1961
Trinidad and Tobago,TTO,Violence,0.000,1962
Trinidad and Tobago,TTO,Violence,0.000,1963
Trinidad and Tobago,TTO,Violence,0.000,1964
Trinidad and Tobago,TTO,Violence,0.000,1965
Trinidad and Tobago,TTO,Violence,0.000,1966
Trinidad and Tobago,TTO,Violence,0.000,1967
Trinidad and Tobago,TTO,Violence,0.000,1968
Trinidad and Tobago,TTO,Violence,0.000,1969
Trinidad and Tobago,TTO,Violence,2.143,1970
Trinidad and Tobago,TTO,Violence,2.143,1971
Trinidad and Tobago,TTO,Violence,2.143,1972
Trinidad and Tobago,TTO,Violence,2.143,1973
Trinidad and Tobago,TTO,Violence,2.143,1974
Trinidad and Tobago,TTO,Violence,2.143,1975
Trinidad and Tobago,TTO,Violence,2.143,1976
Trinidad and Tobago,TTO,Violence,2.143,1977
Trinidad and Tobago,TTO,Violence,2.143,1978
Trinidad and Tobago,TTO,Violence,2.143,1979
Trinidad and Tobago,TTO,Violence,2.143,1980
Trinidad and Tobago,TTO,Violence,2.143,1981
Trinidad and Tobago,TTO,Violence,2.143,1982
Trinidad and Tobago,TTO,Violence,2.143,1983
Trinidad and Tobago,TTO,Violence,2.143,1984
Trinidad and Tobago,TTO,Violence,2.143,1985
Trinidad and Tobago,TTO,Violence,2.143,1986
Trinidad and Tobago,TTO,Violence,3.571,1987
Trinidad and Tobago,TTO,Violence,2.143,1988
Trinidad and Tobago,TTO,Violence,2.143,1989
Trinidad and Tobago,TTO,Violence,2.143,1990
Trinidad and Tobago,TTO,Violence,2.143,1991
Trinidad and Tobago,TTO,Violence,2.143,1992
Trinidad and Tobago,TTO,Violence,2.143,1993
Trinidad and Tobago,TTO,Violence,2.143,1994
Trinidad and Tobago,TTO,Violence,2.143,1995
Trinidad and Tobago,TTO,Violence,2.143,1996
Trinidad and Tobago,TTO,Violence,2.143,1997
Trinidad and Tobago,TTO,Violence,2.143,1998
Trinidad and Tobago,TTO,Violence,2.143,1999
Trinidad and Tobago,TTO,Violence,5.000,2000
Trinidad and Tobago,TTO,Violence,5.000,2001
Trinidad and Tobago,TTO,Violence,5.000,2002
Trinidad and Tobago,TTO,Violence,5.000,2003
Trinidad and Tobago,TTO,Violence,6.429,2004
Trinidad and Tobago,TTO,Violence,6.429,2005
Trinidad and Tobago,TTO,Violence,6.429,2006
Trinidad and Tobago,TTO,Violence,6.429,2007
Trinidad and Tobago,TTO,Violence,6.429,2008
Trinidad and Tobago,TTO,Violence,6.429,2009
Trinidad and Tobago,TTO,Violence,6.429,2010
Trinidad and Tobago,TTO,Violence,6.429,2011
Trinidad and Tobago,TTO,Violence,6.429,2012
Trinidad and Tobago,TTO,Violence,6.429,2013
Trinidad and Tobago,TTO,Violence,6.429,2014
Trinidad and Tobago,TTO,Violence,6.429,2015
Trinidad and Tobago,TTO,Violence,5.000,2016
Trinidad and Tobago,TTO,Violence,7.143,2017
Trinidad and Tobago,TTO,Violence,9.286,2018
Trinidad and Tobago,TTO,Violence,6.429,2019
Trinidad and Tobago,TTO,Violence,4.286,2020
Trinidad and Tobago,TTO,Violence,2.857,2021
Trinidad and Tobago,TTO,Violence,3.571,2022
Trinidad and Tobago,TTO,Violence,2.143,2023
Trinidad and Tobago,TTO,Youth 15-24,4.587,1960
Trinidad and Tobago,TTO,Youth 15-24,4.587,1961
Trinidad and Tobago,TTO,Youth 15-24,4.587,1962
Trinidad and Tobago,TTO,Youth 15-24,4.587,1963
Trinidad and Tobago,TTO,Youth 15-24,4.587,1964
Trinidad and Tobago,TTO,Youth 15-24,4.587,1965
Trinidad and Tobago,TTO,Youth 15-24,4.587,1966
Trinidad and Tobago,TTO,Youth 15-24,4.587,1967
Trinidad and Tobago,TTO,Youth 15-24,4.587,1968
Trinidad and Tobago,TTO,Youth 15-24,4.587,1969
Trinidad and Tobago,TTO,Youth 15-24,10.092,1970
Trinidad and Tobago,TTO,Youth 15-24,21.101,1971
Trinidad and Tobago,TTO,Youth 15-24,21.101,1972
Trinidad and Tobago,TTO,Youth 15-24,18.349,1973
Trinidad and Tobago,TTO,Youth 15-24,8.257,1974
Trinidad and Tobago,TTO,Youth 15-24,8.257,1975
Trinidad and Tobago,TTO,Youth 15-24,8.257,1976
Trinidad and Tobago,TTO,Youth 15-24,18.349,1977
Trinidad and Tobago,TTO,Youth 15-24,10.092,1978
Trinidad and Tobago,TTO,Youth 15-24,16.514,1979
Trinidad and Tobago,TTO,Youth 15-24,23.853,1980
Trinidad and Tobago,TTO,Youth 15-24,18.349,1981
Trinidad and Tobago,TTO,Youth 15-24,18.349,1982
Trinidad and Tobago,TTO,Youth 15-24,24.771,1983
Trinidad and Tobago,TTO,Youth 15-24,21.101,1984
Trinidad and Tobago,TTO,Youth 15-24,24.771,1985
Trinidad and Tobago,TTO,Youth 15-24,18.349,1986
Trinidad and Tobago,TTO,Youth 15-24,29.358,1987
Trinidad and Tobago,TTO,Youth 15-24,22.018,1988
Trinidad and Tobago,TTO,Youth 15-24,24.771,1989
Trinidad and Tobago,TTO,Youth 15-24,35.780,1990
Trinidad and Tobago,TTO,Youth 15-24,35.780,1991
Trinidad and Tobago,TTO,Youth 15-24,32.110,1992
Trinidad and Tobago,TTO,Youth 15-24,38.532,1993
Trinidad and Tobago,TTO,Youth 15-24,15.596,1994
Trinidad and Tobago,TTO,Youth 15-24,24.771,1995
Trinidad and Tobago,TTO,Youth 15-24,24.771,1996
Trinidad and Tobago,TTO,Youth 15-24,18.349,1997
Trinidad and Tobago,TTO,Youth 15-24,22.018,1998
Trinidad and Tobago,TTO,Youth 15-24,38.532,1999
Trinidad and Tobago,TTO,Youth 15-24,45.872,2000
Trinidad and Tobago,TTO,Youth 15-24,29.358,2001
Trinidad and Tobago,TTO,Youth 15-24,33.945,2002
Trinidad and Tobago,TTO,Youth 15-24,22.018,2003
Trinidad and Tobago,TTO,Youth 15-24,46.789,2004
Trinidad and Tobago,TTO,Youth 15-24,22.018,2005
Trinidad and Tobago,TTO,Youth 15-24,22.936,2006
Trinidad and Tobago,TTO,Youth 15-24,24.771,2007
Trinidad and Tobago,TTO,Youth 15-24,33.028,2008
Trinidad and Tobago,TTO,Youth 15-24,35.780,2009
Trinidad and Tobago,TTO,Youth 15-24,33.945,2010
Trinidad and Tobago,TTO,Youth 15-24,35.780,2011
Trinidad and Tobago,TTO,Youth 15-24,30.275,2012
Trinidad and Tobago,TTO,Youth 15-24,33.028,2013
Trinidad and Tobago,TTO,Youth 15-24,30.275,2014
Trinidad and Tobago,TTO,Youth 15-24,30.275,2015
Trinidad and Tobago,TTO,Youth 15-24,30.275,2016
Trinidad and Tobago,TTO,Youth 15-24,15.596,2017
Trinidad and Tobago,TTO,Youth 15-24,15.596,2018
Trinidad and Tobago,TTO,Youth 15-24,39.450,2019
Trinidad and Tobago,TTO,Youth 15-24,38.532,2020
Trinidad and Tobago,TTO,Youth 15-24,41.284,2021
Trinidad and Tobago,TTO,Youth 15-24,46.789,2022
Trinidad and Tobago,TTO,Youth 15-24,30.275,2023
