Country Name,Country Code,Topic,% of available indicators,Year
St. Kitts and Nevis,KNA,Assets,0.000,1960
St. Kitts and Nevis,KNA,Assets,0.000,1961
St. Kitts and Nevis,KNA,Assets,0.000,1962
St. Kitts and Nevis,KNA,Assets,0.000,1963
St. Kitts and Nevis,KNA,Assets,0.000,1964
St. Kitts and Nevis,KNA,Assets,0.000,1965
St. Kitts and Nevis,KNA,Assets,0.000,1966
St. Kitts and Nevis,KNA,Assets,0.000,1967
St. Kitts and Nevis,KNA,Assets,0.000,1968
St. Kitts and Nevis,KNA,Assets,0.000,1969
St. Kitts and Nevis,KNA,Assets,2.208,1970
St. Kitts and Nevis,KNA,Assets,2.208,1971
St. Kitts and Nevis,KNA,Assets,2.208,1972
St. Kitts and Nevis,KNA,Assets,2.208,1973
St. Kitts and Nevis,KNA,Assets,2.208,1974
St. Kitts and Nevis,KNA,Assets,2.208,1975
St. Kitts and Nevis,KNA,Assets,2.208,1976
St. Kitts and Nevis,KNA,Assets,2.208,1977
St. Kitts and Nevis,KNA,Assets,2.208,1978
St. Kitts and Nevis,KNA,Assets,2.208,1979
St. Kitts and Nevis,KNA,Assets,2.208,1980
St. Kitts and Nevis,KNA,Assets,2.208,1981
St. Kitts and Nevis,KNA,Assets,2.208,1982
St. Kitts and Nevis,KNA,Assets,2.208,1983
St. Kitts and Nevis,KNA,Assets,2.208,1984
St. Kitts and Nevis,KNA,Assets,2.208,1985
St. Kitts and Nevis,KNA,Assets,2.208,1986
St. Kitts and Nevis,KNA,Assets,2.208,1987
St. Kitts and Nevis,KNA,Assets,2.208,1988
St. Kitts and Nevis,KNA,Assets,2.208,1989
St. Kitts and Nevis,KNA,Assets,2.208,1990
St. Kitts and Nevis,KNA,Assets,2.208,1991
St. Kitts and Nevis,KNA,Assets,2.208,1992
St. Kitts and Nevis,KNA,Assets,2.208,1993
St. Kitts and Nevis,KNA,Assets,2.208,1994
St. Kitts and Nevis,KNA,Assets,2.208,1995
St. Kitts and Nevis,KNA,Assets,2.208,1996
St. Kitts and Nevis,KNA,Assets,2.208,1997
St. Kitts and Nevis,KNA,Assets,2.208,1998
St. Kitts and Nevis,KNA,Assets,2.208,1999
St. Kitts and Nevis,KNA,Assets,2.208,2000
St. Kitts and Nevis,KNA,Assets,2.208,2001
St. Kitts and Nevis,KNA,Assets,2.208,2002
St. Kitts and Nevis,KNA,Assets,2.208,2003
St. Kitts and Nevis,KNA,Assets,2.208,2004
St. Kitts and Nevis,KNA,Assets,2.208,2005
St. Kitts and Nevis,KNA,Assets,2.208,2006
St. Kitts and Nevis,KNA,Assets,2.208,2007
St. Kitts and Nevis,KNA,Assets,2.208,2008
St. Kitts and Nevis,KNA,Assets,2.208,2009
St. Kitts and Nevis,KNA,Assets,2.208,2010
St. Kitts and Nevis,KNA,Assets,2.208,2011
St. Kitts and Nevis,KNA,Assets,2.208,2012
St. Kitts and Nevis,KNA,Assets,2.208,2013
St. Kitts and Nevis,KNA,Assets,2.208,2014
St. Kitts and Nevis,KNA,Assets,2.208,2015
St. Kitts and Nevis,KNA,Assets,2.208,2016
St. Kitts and Nevis,KNA,Assets,2.208,2017
St. Kitts and Nevis,KNA,Assets,2.208,2018
St. Kitts and Nevis,KNA,Assets,2.208,2019
St. Kitts and Nevis,KNA,Assets,2.208,2020
St. Kitts and Nevis,KNA,Assets,2.208,2021
St. Kitts and Nevis,KNA,Assets,2.208,2022
St. Kitts and Nevis,KNA,Assets,2.208,2023
St. Kitts and Nevis,KNA,Children 0-14,10.769,1960
St. Kitts and Nevis,KNA,Children 0-14,10.769,1961
St. Kitts and Nevis,KNA,Children 0-14,10.769,1962
St. Kitts and Nevis,KNA,Children 0-14,10.769,1963
St. Kitts and Nevis,KNA,Children 0-14,10.769,1964
St. Kitts and Nevis,KNA,Children 0-14,10.769,1965
St. Kitts and Nevis,KNA,Children 0-14,10.769,1966
St. Kitts and Nevis,KNA,Children 0-14,10.769,1967
St. Kitts and Nevis,KNA,Children 0-14,10.769,1968
St. Kitts and Nevis,KNA,Children 0-14,10.769,1969
St. Kitts and Nevis,KNA,Children 0-14,15.385,1970
St. Kitts and Nevis,KNA,Children 0-14,11.538,1971
St. Kitts and Nevis,KNA,Children 0-14,11.538,1972
St. Kitts and Nevis,KNA,Children 0-14,15.385,1973
St. Kitts and Nevis,KNA,Children 0-14,17.692,1974
St. Kitts and Nevis,KNA,Children 0-14,17.692,1975
St. Kitts and Nevis,KNA,Children 0-14,21.538,1976
St. Kitts and Nevis,KNA,Children 0-14,21.538,1977
St. Kitts and Nevis,KNA,Children 0-14,23.077,1978
St. Kitts and Nevis,KNA,Children 0-14,23.077,1979
St. Kitts and Nevis,KNA,Children 0-14,28.462,1980
St. Kitts and Nevis,KNA,Children 0-14,23.846,1981
St. Kitts and Nevis,KNA,Children 0-14,23.846,1982
St. Kitts and Nevis,KNA,Children 0-14,20.000,1983
St. Kitts and Nevis,KNA,Children 0-14,26.154,1984
St. Kitts and Nevis,KNA,Children 0-14,34.615,1985
St. Kitts and Nevis,KNA,Children 0-14,34.615,1986
St. Kitts and Nevis,KNA,Children 0-14,24.615,1987
St. Kitts and Nevis,KNA,Children 0-14,26.923,1988
St. Kitts and Nevis,KNA,Children 0-14,30.000,1989
St. Kitts and Nevis,KNA,Children 0-14,26.923,1990
St. Kitts and Nevis,KNA,Children 0-14,27.692,1991
St. Kitts and Nevis,KNA,Children 0-14,31.538,1992
St. Kitts and Nevis,KNA,Children 0-14,26.923,1993
St. Kitts and Nevis,KNA,Children 0-14,27.692,1994
St. Kitts and Nevis,KNA,Children 0-14,27.692,1995
St. Kitts and Nevis,KNA,Children 0-14,23.077,1996
St. Kitts and Nevis,KNA,Children 0-14,23.077,1997
St. Kitts and Nevis,KNA,Children 0-14,25.385,1998
St. Kitts and Nevis,KNA,Children 0-14,20.769,1999
St. Kitts and Nevis,KNA,Children 0-14,29.231,2000
St. Kitts and Nevis,KNA,Children 0-14,31.538,2001
St. Kitts and Nevis,KNA,Children 0-14,35.385,2002
St. Kitts and Nevis,KNA,Children 0-14,37.692,2003
St. Kitts and Nevis,KNA,Children 0-14,40.000,2004
St. Kitts and Nevis,KNA,Children 0-14,33.077,2005
St. Kitts and Nevis,KNA,Children 0-14,20.769,2006
St. Kitts and Nevis,KNA,Children 0-14,41.538,2007
St. Kitts and Nevis,KNA,Children 0-14,44.615,2008
St. Kitts and Nevis,KNA,Children 0-14,36.154,2009
St. Kitts and Nevis,KNA,Children 0-14,42.308,2010
St. Kitts and Nevis,KNA,Children 0-14,34.615,2011
St. Kitts and Nevis,KNA,Children 0-14,33.846,2012
St. Kitts and Nevis,KNA,Children 0-14,38.462,2013
St. Kitts and Nevis,KNA,Children 0-14,37.692,2014
St. Kitts and Nevis,KNA,Children 0-14,34.615,2015
St. Kitts and Nevis,KNA,Children 0-14,36.154,2016
St. Kitts and Nevis,KNA,Children 0-14,23.077,2017
St. Kitts and Nevis,KNA,Children 0-14,25.385,2018
St. Kitts and Nevis,KNA,Children 0-14,23.846,2019
St. Kitts and Nevis,KNA,Children 0-14,23.077,2020
St. Kitts and Nevis,KNA,Children 0-14,28.462,2021
St. Kitts and Nevis,KNA,Children 0-14,20.769,2022
St. Kitts and Nevis,KNA,Children 0-14,9.231,2023
St. Kitts and Nevis,KNA,Education,0.000,1960
St. Kitts and Nevis,KNA,Education,0.000,1961
St. Kitts and Nevis,KNA,Education,0.000,1962
St. Kitts and Nevis,KNA,Education,0.000,1963
St. Kitts and Nevis,KNA,Education,0.000,1964
St. Kitts and Nevis,KNA,Education,0.000,1965
St. Kitts and Nevis,KNA,Education,0.000,1966
St. Kitts and Nevis,KNA,Education,0.000,1967
St. Kitts and Nevis,KNA,Education,0.000,1968
St. Kitts and Nevis,KNA,Education,0.000,1969
St. Kitts and Nevis,KNA,Education,5.521,1970
St. Kitts and Nevis,KNA,Education,0.000,1971
St. Kitts and Nevis,KNA,Education,0.000,1972
St. Kitts and Nevis,KNA,Education,0.000,1973
St. Kitts and Nevis,KNA,Education,0.000,1974
St. Kitts and Nevis,KNA,Education,0.000,1975
St. Kitts and Nevis,KNA,Education,3.067,1976
St. Kitts and Nevis,KNA,Education,3.067,1977
St. Kitts and Nevis,KNA,Education,3.067,1978
St. Kitts and Nevis,KNA,Education,6.135,1979
St. Kitts and Nevis,KNA,Education,11.656,1980
St. Kitts and Nevis,KNA,Education,3.067,1981
St. Kitts and Nevis,KNA,Education,3.067,1982
St. Kitts and Nevis,KNA,Education,0.000,1983
St. Kitts and Nevis,KNA,Education,17.178,1984
St. Kitts and Nevis,KNA,Education,24.540,1985
St. Kitts and Nevis,KNA,Education,25.153,1986
St. Kitts and Nevis,KNA,Education,15.337,1987
St. Kitts and Nevis,KNA,Education,19.018,1988
St. Kitts and Nevis,KNA,Education,17.178,1989
St. Kitts and Nevis,KNA,Education,7.975,1990
St. Kitts and Nevis,KNA,Education,9.202,1991
St. Kitts and Nevis,KNA,Education,23.313,1992
St. Kitts and Nevis,KNA,Education,16.564,1993
St. Kitts and Nevis,KNA,Education,8.589,1994
St. Kitts and Nevis,KNA,Education,9.202,1995
St. Kitts and Nevis,KNA,Education,1.840,1996
St. Kitts and Nevis,KNA,Education,1.840,1997
St. Kitts and Nevis,KNA,Education,4.908,1998
St. Kitts and Nevis,KNA,Education,0.613,1999
St. Kitts and Nevis,KNA,Education,17.178,2000
St. Kitts and Nevis,KNA,Education,15.951,2001
St. Kitts and Nevis,KNA,Education,24.540,2002
St. Kitts and Nevis,KNA,Education,25.153,2003
St. Kitts and Nevis,KNA,Education,26.380,2004
St. Kitts and Nevis,KNA,Education,18.405,2005
St. Kitts and Nevis,KNA,Education,0.613,2006
St. Kitts and Nevis,KNA,Education,25.153,2007
St. Kitts and Nevis,KNA,Education,31.288,2008
St. Kitts and Nevis,KNA,Education,23.313,2009
St. Kitts and Nevis,KNA,Education,26.380,2010
St. Kitts and Nevis,KNA,Education,22.086,2011
St. Kitts and Nevis,KNA,Education,22.086,2012
St. Kitts and Nevis,KNA,Education,26.994,2013
St. Kitts and Nevis,KNA,Education,30.675,2014
St. Kitts and Nevis,KNA,Education,30.061,2015
St. Kitts and Nevis,KNA,Education,23.926,2016
St. Kitts and Nevis,KNA,Education,2.454,2017
St. Kitts and Nevis,KNA,Education,13.497,2018
St. Kitts and Nevis,KNA,Education,3.681,2019
St. Kitts and Nevis,KNA,Education,11.656,2020
St. Kitts and Nevis,KNA,Education,11.656,2021
St. Kitts and Nevis,KNA,Education,0.613,2022
St. Kitts and Nevis,KNA,Education,0.000,2023
St. Kitts and Nevis,KNA,Employment and Time Use,2.920,1960
St. Kitts and Nevis,KNA,Employment and Time Use,0.000,1961
St. Kitts and Nevis,KNA,Employment and Time Use,0.000,1962
St. Kitts and Nevis,KNA,Employment and Time Use,0.000,1963
St. Kitts and Nevis,KNA,Employment and Time Use,0.000,1964
St. Kitts and Nevis,KNA,Employment and Time Use,0.000,1965
St. Kitts and Nevis,KNA,Employment and Time Use,0.000,1966
St. Kitts and Nevis,KNA,Employment and Time Use,0.000,1967
St. Kitts and Nevis,KNA,Employment and Time Use,0.000,1968
St. Kitts and Nevis,KNA,Employment and Time Use,0.000,1969
St. Kitts and Nevis,KNA,Employment and Time Use,24.088,1970
St. Kitts and Nevis,KNA,Employment and Time Use,21.168,1971
St. Kitts and Nevis,KNA,Employment and Time Use,21.168,1972
St. Kitts and Nevis,KNA,Employment and Time Use,21.168,1973
St. Kitts and Nevis,KNA,Employment and Time Use,21.168,1974
St. Kitts and Nevis,KNA,Employment and Time Use,21.168,1975
St. Kitts and Nevis,KNA,Employment and Time Use,21.168,1976
St. Kitts and Nevis,KNA,Employment and Time Use,21.168,1977
St. Kitts and Nevis,KNA,Employment and Time Use,21.168,1978
St. Kitts and Nevis,KNA,Employment and Time Use,21.168,1979
St. Kitts and Nevis,KNA,Employment and Time Use,35.766,1980
St. Kitts and Nevis,KNA,Employment and Time Use,21.168,1981
St. Kitts and Nevis,KNA,Employment and Time Use,21.168,1982
St. Kitts and Nevis,KNA,Employment and Time Use,21.168,1983
St. Kitts and Nevis,KNA,Employment and Time Use,21.168,1984
St. Kitts and Nevis,KNA,Employment and Time Use,21.168,1985
St. Kitts and Nevis,KNA,Employment and Time Use,21.168,1986
St. Kitts and Nevis,KNA,Employment and Time Use,21.168,1987
St. Kitts and Nevis,KNA,Employment and Time Use,21.168,1988
St. Kitts and Nevis,KNA,Employment and Time Use,21.168,1989
St. Kitts and Nevis,KNA,Employment and Time Use,21.168,1990
St. Kitts and Nevis,KNA,Employment and Time Use,35.766,1991
St. Kitts and Nevis,KNA,Employment and Time Use,21.168,1992
St. Kitts and Nevis,KNA,Employment and Time Use,21.168,1993
St. Kitts and Nevis,KNA,Employment and Time Use,21.168,1994
St. Kitts and Nevis,KNA,Employment and Time Use,21.168,1995
St. Kitts and Nevis,KNA,Employment and Time Use,21.168,1996
St. Kitts and Nevis,KNA,Employment and Time Use,21.168,1997
St. Kitts and Nevis,KNA,Employment and Time Use,21.168,1998
St. Kitts and Nevis,KNA,Employment and Time Use,21.168,1999
St. Kitts and Nevis,KNA,Employment and Time Use,21.168,2000
St. Kitts and Nevis,KNA,Employment and Time Use,31.387,2001
St. Kitts and Nevis,KNA,Employment and Time Use,21.168,2002
St. Kitts and Nevis,KNA,Employment and Time Use,21.168,2003
St. Kitts and Nevis,KNA,Employment and Time Use,21.168,2004
St. Kitts and Nevis,KNA,Employment and Time Use,21.168,2005
St. Kitts and Nevis,KNA,Employment and Time Use,21.168,2006
St. Kitts and Nevis,KNA,Employment and Time Use,21.168,2007
St. Kitts and Nevis,KNA,Employment and Time Use,21.168,2008
St. Kitts and Nevis,KNA,Employment and Time Use,21.168,2009
St. Kitts and Nevis,KNA,Employment and Time Use,21.168,2010
St. Kitts and Nevis,KNA,Employment and Time Use,21.168,2011
St. Kitts and Nevis,KNA,Employment and Time Use,21.168,2012
St. Kitts and Nevis,KNA,Employment and Time Use,21.168,2013
St. Kitts and Nevis,KNA,Employment and Time Use,21.168,2014
St. Kitts and Nevis,KNA,Employment and Time Use,21.168,2015
St. Kitts and Nevis,KNA,Employment and Time Use,21.168,2016
St. Kitts and Nevis,KNA,Employment and Time Use,21.168,2017
St. Kitts and Nevis,KNA,Employment and Time Use,21.168,2018
St. Kitts and Nevis,KNA,Employment and Time Use,21.168,2019
St. Kitts and Nevis,KNA,Employment and Time Use,21.168,2020
St. Kitts and Nevis,KNA,Employment and Time Use,21.168,2021
St. Kitts and Nevis,KNA,Employment and Time Use,21.168,2022
St. Kitts and Nevis,KNA,Employment and Time Use,22.628,2023
St. Kitts and Nevis,KNA,Entrepreneurship,0.000,1960
St. Kitts and Nevis,KNA,Entrepreneurship,0.000,1961
St. Kitts and Nevis,KNA,Entrepreneurship,0.000,1962
St. Kitts and Nevis,KNA,Entrepreneurship,0.000,1963
St. Kitts and Nevis,KNA,Entrepreneurship,0.000,1964
St. Kitts and Nevis,KNA,Entrepreneurship,0.000,1965
St. Kitts and Nevis,KNA,Entrepreneurship,0.000,1966
St. Kitts and Nevis,KNA,Entrepreneurship,0.000,1967
St. Kitts and Nevis,KNA,Entrepreneurship,0.000,1968
St. Kitts and Nevis,KNA,Entrepreneurship,0.000,1969
St. Kitts and Nevis,KNA,Entrepreneurship,9.375,1970
St. Kitts and Nevis,KNA,Entrepreneurship,9.375,1971
St. Kitts and Nevis,KNA,Entrepreneurship,9.375,1972
St. Kitts and Nevis,KNA,Entrepreneurship,9.375,1973
St. Kitts and Nevis,KNA,Entrepreneurship,9.375,1974
St. Kitts and Nevis,KNA,Entrepreneurship,9.375,1975
St. Kitts and Nevis,KNA,Entrepreneurship,9.375,1976
St. Kitts and Nevis,KNA,Entrepreneurship,9.375,1977
St. Kitts and Nevis,KNA,Entrepreneurship,9.375,1978
St. Kitts and Nevis,KNA,Entrepreneurship,9.375,1979
St. Kitts and Nevis,KNA,Entrepreneurship,9.375,1980
St. Kitts and Nevis,KNA,Entrepreneurship,9.375,1981
St. Kitts and Nevis,KNA,Entrepreneurship,9.375,1982
St. Kitts and Nevis,KNA,Entrepreneurship,9.375,1983
St. Kitts and Nevis,KNA,Entrepreneurship,9.375,1984
St. Kitts and Nevis,KNA,Entrepreneurship,9.375,1985
St. Kitts and Nevis,KNA,Entrepreneurship,9.375,1986
St. Kitts and Nevis,KNA,Entrepreneurship,9.375,1987
St. Kitts and Nevis,KNA,Entrepreneurship,9.375,1988
St. Kitts and Nevis,KNA,Entrepreneurship,9.375,1989
St. Kitts and Nevis,KNA,Entrepreneurship,9.375,1990
St. Kitts and Nevis,KNA,Entrepreneurship,9.375,1991
St. Kitts and Nevis,KNA,Entrepreneurship,9.375,1992
St. Kitts and Nevis,KNA,Entrepreneurship,9.375,1993
St. Kitts and Nevis,KNA,Entrepreneurship,9.375,1994
St. Kitts and Nevis,KNA,Entrepreneurship,9.375,1995
St. Kitts and Nevis,KNA,Entrepreneurship,9.375,1996
St. Kitts and Nevis,KNA,Entrepreneurship,9.375,1997
St. Kitts and Nevis,KNA,Entrepreneurship,9.375,1998
St. Kitts and Nevis,KNA,Entrepreneurship,9.375,1999
St. Kitts and Nevis,KNA,Entrepreneurship,9.375,2000
St. Kitts and Nevis,KNA,Entrepreneurship,9.375,2001
St. Kitts and Nevis,KNA,Entrepreneurship,9.375,2002
St. Kitts and Nevis,KNA,Entrepreneurship,9.375,2003
St. Kitts and Nevis,KNA,Entrepreneurship,9.375,2004
St. Kitts and Nevis,KNA,Entrepreneurship,37.500,2005
St. Kitts and Nevis,KNA,Entrepreneurship,37.500,2006
St. Kitts and Nevis,KNA,Entrepreneurship,37.500,2007
St. Kitts and Nevis,KNA,Entrepreneurship,37.500,2008
St. Kitts and Nevis,KNA,Entrepreneurship,37.500,2009
St. Kitts and Nevis,KNA,Entrepreneurship,43.750,2010
St. Kitts and Nevis,KNA,Entrepreneurship,37.500,2011
St. Kitts and Nevis,KNA,Entrepreneurship,37.500,2012
St. Kitts and Nevis,KNA,Entrepreneurship,37.500,2013
St. Kitts and Nevis,KNA,Entrepreneurship,37.500,2014
St. Kitts and Nevis,KNA,Entrepreneurship,37.500,2015
St. Kitts and Nevis,KNA,Entrepreneurship,37.500,2016
St. Kitts and Nevis,KNA,Entrepreneurship,37.500,2017
St. Kitts and Nevis,KNA,Entrepreneurship,37.500,2018
St. Kitts and Nevis,KNA,Entrepreneurship,37.500,2019
St. Kitts and Nevis,KNA,Entrepreneurship,9.375,2020
St. Kitts and Nevis,KNA,Entrepreneurship,9.375,2021
St. Kitts and Nevis,KNA,Entrepreneurship,9.375,2022
St. Kitts and Nevis,KNA,Entrepreneurship,9.375,2023
St. Kitts and Nevis,KNA,Environment,0.000,1960
St. Kitts and Nevis,KNA,Environment,0.000,1961
St. Kitts and Nevis,KNA,Environment,0.000,1962
St. Kitts and Nevis,KNA,Environment,0.000,1963
St. Kitts and Nevis,KNA,Environment,0.000,1964
St. Kitts and Nevis,KNA,Environment,0.000,1965
St. Kitts and Nevis,KNA,Environment,0.000,1966
St. Kitts and Nevis,KNA,Environment,0.000,1967
St. Kitts and Nevis,KNA,Environment,0.000,1968
St. Kitts and Nevis,KNA,Environment,0.000,1969
St. Kitts and Nevis,KNA,Environment,0.000,1970
St. Kitts and Nevis,KNA,Environment,0.000,1971
St. Kitts and Nevis,KNA,Environment,0.000,1972
St. Kitts and Nevis,KNA,Environment,0.000,1973
St. Kitts and Nevis,KNA,Environment,0.000,1974
St. Kitts and Nevis,KNA,Environment,0.000,1975
St. Kitts and Nevis,KNA,Environment,0.000,1976
St. Kitts and Nevis,KNA,Environment,0.000,1977
St. Kitts and Nevis,KNA,Environment,0.000,1978
St. Kitts and Nevis,KNA,Environment,0.000,1979
St. Kitts and Nevis,KNA,Environment,0.000,1980
St. Kitts and Nevis,KNA,Environment,0.000,1981
St. Kitts and Nevis,KNA,Environment,0.000,1982
St. Kitts and Nevis,KNA,Environment,0.000,1983
St. Kitts and Nevis,KNA,Environment,0.000,1984
St. Kitts and Nevis,KNA,Environment,0.000,1985
St. Kitts and Nevis,KNA,Environment,0.000,1986
St. Kitts and Nevis,KNA,Environment,0.000,1987
St. Kitts and Nevis,KNA,Environment,0.000,1988
St. Kitts and Nevis,KNA,Environment,0.000,1989
St. Kitts and Nevis,KNA,Environment,0.000,1990
St. Kitts and Nevis,KNA,Environment,0.000,1991
St. Kitts and Nevis,KNA,Environment,0.000,1992
St. Kitts and Nevis,KNA,Environment,0.000,1993
St. Kitts and Nevis,KNA,Environment,0.000,1994
St. Kitts and Nevis,KNA,Environment,0.000,1995
St. Kitts and Nevis,KNA,Environment,0.000,1996
St. Kitts and Nevis,KNA,Environment,0.000,1997
St. Kitts and Nevis,KNA,Environment,0.000,1998
St. Kitts and Nevis,KNA,Environment,0.000,1999
St. Kitts and Nevis,KNA,Environment,3.333,2000
St. Kitts and Nevis,KNA,Environment,3.333,2001
St. Kitts and Nevis,KNA,Environment,3.333,2002
St. Kitts and Nevis,KNA,Environment,3.333,2003
St. Kitts and Nevis,KNA,Environment,3.333,2004
St. Kitts and Nevis,KNA,Environment,3.333,2005
St. Kitts and Nevis,KNA,Environment,3.333,2006
St. Kitts and Nevis,KNA,Environment,3.333,2007
St. Kitts and Nevis,KNA,Environment,3.333,2008
St. Kitts and Nevis,KNA,Environment,3.333,2009
St. Kitts and Nevis,KNA,Environment,3.333,2010
St. Kitts and Nevis,KNA,Environment,3.333,2011
St. Kitts and Nevis,KNA,Environment,3.333,2012
St. Kitts and Nevis,KNA,Environment,3.333,2013
St. Kitts and Nevis,KNA,Environment,3.333,2014
St. Kitts and Nevis,KNA,Environment,3.333,2015
St. Kitts and Nevis,KNA,Environment,3.333,2016
St. Kitts and Nevis,KNA,Environment,3.333,2017
St. Kitts and Nevis,KNA,Environment,0.000,2018
St. Kitts and Nevis,KNA,Environment,0.000,2019
St. Kitts and Nevis,KNA,Environment,0.000,2020
St. Kitts and Nevis,KNA,Environment,0.000,2021
St. Kitts and Nevis,KNA,Environment,0.000,2022
St. Kitts and Nevis,KNA,Environment,0.000,2023
St. Kitts and Nevis,KNA,Health,3.030,1960
St. Kitts and Nevis,KNA,Health,3.030,1961
St. Kitts and Nevis,KNA,Health,3.030,1962
St. Kitts and Nevis,KNA,Health,3.030,1963
St. Kitts and Nevis,KNA,Health,3.030,1964
St. Kitts and Nevis,KNA,Health,3.030,1965
St. Kitts and Nevis,KNA,Health,3.030,1966
St. Kitts and Nevis,KNA,Health,3.030,1967
St. Kitts and Nevis,KNA,Health,3.030,1968
St. Kitts and Nevis,KNA,Health,3.030,1969
St. Kitts and Nevis,KNA,Health,3.030,1970
St. Kitts and Nevis,KNA,Health,3.535,1971
St. Kitts and Nevis,KNA,Health,3.535,1972
St. Kitts and Nevis,KNA,Health,6.061,1973
St. Kitts and Nevis,KNA,Health,7.576,1974
St. Kitts and Nevis,KNA,Health,10.101,1975
St. Kitts and Nevis,KNA,Health,10.101,1976
St. Kitts and Nevis,KNA,Health,10.101,1977
St. Kitts and Nevis,KNA,Health,11.111,1978
St. Kitts and Nevis,KNA,Health,11.111,1979
St. Kitts and Nevis,KNA,Health,11.616,1980
St. Kitts and Nevis,KNA,Health,11.616,1981
St. Kitts and Nevis,KNA,Health,11.616,1982
St. Kitts and Nevis,KNA,Health,11.616,1983
St. Kitts and Nevis,KNA,Health,12.626,1984
St. Kitts and Nevis,KNA,Health,12.121,1985
St. Kitts and Nevis,KNA,Health,12.121,1986
St. Kitts and Nevis,KNA,Health,12.121,1987
St. Kitts and Nevis,KNA,Health,12.121,1988
St. Kitts and Nevis,KNA,Health,12.121,1989
St. Kitts and Nevis,KNA,Health,15.152,1990
St. Kitts and Nevis,KNA,Health,14.646,1991
St. Kitts and Nevis,KNA,Health,14.646,1992
St. Kitts and Nevis,KNA,Health,14.646,1993
St. Kitts and Nevis,KNA,Health,14.646,1994
St. Kitts and Nevis,KNA,Health,15.152,1995
St. Kitts and Nevis,KNA,Health,14.646,1996
St. Kitts and Nevis,KNA,Health,14.646,1997
St. Kitts and Nevis,KNA,Health,15.152,1998
St. Kitts and Nevis,KNA,Health,14.646,1999
St. Kitts and Nevis,KNA,Health,19.697,2000
St. Kitts and Nevis,KNA,Health,19.192,2001
St. Kitts and Nevis,KNA,Health,19.697,2002
St. Kitts and Nevis,KNA,Health,19.697,2003
St. Kitts and Nevis,KNA,Health,20.202,2004
St. Kitts and Nevis,KNA,Health,20.202,2005
St. Kitts and Nevis,KNA,Health,19.697,2006
St. Kitts and Nevis,KNA,Health,20.202,2007
St. Kitts and Nevis,KNA,Health,19.697,2008
St. Kitts and Nevis,KNA,Health,19.697,2009
St. Kitts and Nevis,KNA,Health,22.222,2010
St. Kitts and Nevis,KNA,Health,19.697,2011
St. Kitts and Nevis,KNA,Health,19.697,2012
St. Kitts and Nevis,KNA,Health,20.202,2013
St. Kitts and Nevis,KNA,Health,19.697,2014
St. Kitts and Nevis,KNA,Health,19.697,2015
St. Kitts and Nevis,KNA,Health,19.697,2016
St. Kitts and Nevis,KNA,Health,17.172,2017
St. Kitts and Nevis,KNA,Health,19.697,2018
St. Kitts and Nevis,KNA,Health,17.172,2019
St. Kitts and Nevis,KNA,Health,18.687,2020
St. Kitts and Nevis,KNA,Health,13.636,2021
St. Kitts and Nevis,KNA,Health,12.626,2022
St. Kitts and Nevis,KNA,Health,1.010,2023
St. Kitts and Nevis,KNA,Leadership,0.000,1960
St. Kitts and Nevis,KNA,Leadership,0.000,1961
St. Kitts and Nevis,KNA,Leadership,0.000,1962
St. Kitts and Nevis,KNA,Leadership,0.000,1963
St. Kitts and Nevis,KNA,Leadership,0.000,1964
St. Kitts and Nevis,KNA,Leadership,0.000,1965
St. Kitts and Nevis,KNA,Leadership,0.000,1966
St. Kitts and Nevis,KNA,Leadership,0.000,1967
St. Kitts and Nevis,KNA,Leadership,0.000,1968
St. Kitts and Nevis,KNA,Leadership,0.000,1969
St. Kitts and Nevis,KNA,Leadership,0.000,1970
St. Kitts and Nevis,KNA,Leadership,0.000,1971
St. Kitts and Nevis,KNA,Leadership,0.000,1972
St. Kitts and Nevis,KNA,Leadership,0.000,1973
St. Kitts and Nevis,KNA,Leadership,0.000,1974
St. Kitts and Nevis,KNA,Leadership,0.000,1975
St. Kitts and Nevis,KNA,Leadership,0.000,1976
St. Kitts and Nevis,KNA,Leadership,0.000,1977
St. Kitts and Nevis,KNA,Leadership,0.000,1978
St. Kitts and Nevis,KNA,Leadership,0.000,1979
St. Kitts and Nevis,KNA,Leadership,0.000,1980
St. Kitts and Nevis,KNA,Leadership,0.000,1981
St. Kitts and Nevis,KNA,Leadership,0.000,1982
St. Kitts and Nevis,KNA,Leadership,0.000,1983
St. Kitts and Nevis,KNA,Leadership,0.000,1984
St. Kitts and Nevis,KNA,Leadership,0.000,1985
St. Kitts and Nevis,KNA,Leadership,0.000,1986
St. Kitts and Nevis,KNA,Leadership,0.000,1987
St. Kitts and Nevis,KNA,Leadership,0.000,1988
St. Kitts and Nevis,KNA,Leadership,0.000,1989
St. Kitts and Nevis,KNA,Leadership,0.000,1990
St. Kitts and Nevis,KNA,Leadership,0.000,1991
St. Kitts and Nevis,KNA,Leadership,0.000,1992
St. Kitts and Nevis,KNA,Leadership,0.000,1993
St. Kitts and Nevis,KNA,Leadership,0.000,1994
St. Kitts and Nevis,KNA,Leadership,0.000,1995
St. Kitts and Nevis,KNA,Leadership,0.000,1996
St. Kitts and Nevis,KNA,Leadership,25.000,1997
St. Kitts and Nevis,KNA,Leadership,25.000,1998
St. Kitts and Nevis,KNA,Leadership,25.000,1999
St. Kitts and Nevis,KNA,Leadership,25.000,2000
St. Kitts and Nevis,KNA,Leadership,25.000,2001
St. Kitts and Nevis,KNA,Leadership,25.000,2002
St. Kitts and Nevis,KNA,Leadership,25.000,2003
St. Kitts and Nevis,KNA,Leadership,25.000,2004
St. Kitts and Nevis,KNA,Leadership,50.000,2005
St. Kitts and Nevis,KNA,Leadership,25.000,2006
St. Kitts and Nevis,KNA,Leadership,25.000,2007
St. Kitts and Nevis,KNA,Leadership,25.000,2008
St. Kitts and Nevis,KNA,Leadership,25.000,2009
St. Kitts and Nevis,KNA,Leadership,75.000,2010
St. Kitts and Nevis,KNA,Leadership,25.000,2011
St. Kitts and Nevis,KNA,Leadership,50.000,2012
St. Kitts and Nevis,KNA,Leadership,25.000,2013
St. Kitts and Nevis,KNA,Leadership,50.000,2014
St. Kitts and Nevis,KNA,Leadership,50.000,2015
St. Kitts and Nevis,KNA,Leadership,50.000,2016
St. Kitts and Nevis,KNA,Leadership,25.000,2017
St. Kitts and Nevis,KNA,Leadership,50.000,2018
St. Kitts and Nevis,KNA,Leadership,50.000,2019
St. Kitts and Nevis,KNA,Leadership,50.000,2020
St. Kitts and Nevis,KNA,Leadership,25.000,2021
St. Kitts and Nevis,KNA,Leadership,50.000,2022
St. Kitts and Nevis,KNA,Leadership,25.000,2023
St. Kitts and Nevis,KNA,Norms and Decision-making,0.000,1960
St. Kitts and Nevis,KNA,Norms and Decision-making,0.000,1961
St. Kitts and Nevis,KNA,Norms and Decision-making,0.000,1962
St. Kitts and Nevis,KNA,Norms and Decision-making,0.000,1963
St. Kitts and Nevis,KNA,Norms and Decision-making,0.000,1964
St. Kitts and Nevis,KNA,Norms and Decision-making,0.000,1965
St. Kitts and Nevis,KNA,Norms and Decision-making,0.000,1966
St. Kitts and Nevis,KNA,Norms and Decision-making,0.000,1967
St. Kitts and Nevis,KNA,Norms and Decision-making,0.000,1968
St. Kitts and Nevis,KNA,Norms and Decision-making,0.000,1969
St. Kitts and Nevis,KNA,Norms and Decision-making,14.074,1970
St. Kitts and Nevis,KNA,Norms and Decision-making,12.593,1971
St. Kitts and Nevis,KNA,Norms and Decision-making,12.593,1972
St. Kitts and Nevis,KNA,Norms and Decision-making,12.593,1973
St. Kitts and Nevis,KNA,Norms and Decision-making,12.593,1974
St. Kitts and Nevis,KNA,Norms and Decision-making,12.593,1975
St. Kitts and Nevis,KNA,Norms and Decision-making,12.593,1976
St. Kitts and Nevis,KNA,Norms and Decision-making,12.593,1977
St. Kitts and Nevis,KNA,Norms and Decision-making,12.593,1978
St. Kitts and Nevis,KNA,Norms and Decision-making,12.593,1979
St. Kitts and Nevis,KNA,Norms and Decision-making,14.074,1980
St. Kitts and Nevis,KNA,Norms and Decision-making,12.593,1981
St. Kitts and Nevis,KNA,Norms and Decision-making,12.593,1982
St. Kitts and Nevis,KNA,Norms and Decision-making,12.593,1983
St. Kitts and Nevis,KNA,Norms and Decision-making,12.593,1984
St. Kitts and Nevis,KNA,Norms and Decision-making,12.593,1985
St. Kitts and Nevis,KNA,Norms and Decision-making,12.593,1986
St. Kitts and Nevis,KNA,Norms and Decision-making,12.593,1987
St. Kitts and Nevis,KNA,Norms and Decision-making,12.593,1988
St. Kitts and Nevis,KNA,Norms and Decision-making,12.593,1989
St. Kitts and Nevis,KNA,Norms and Decision-making,12.593,1990
St. Kitts and Nevis,KNA,Norms and Decision-making,12.593,1991
St. Kitts and Nevis,KNA,Norms and Decision-making,12.593,1992
St. Kitts and Nevis,KNA,Norms and Decision-making,12.593,1993
St. Kitts and Nevis,KNA,Norms and Decision-making,12.593,1994
St. Kitts and Nevis,KNA,Norms and Decision-making,12.593,1995
St. Kitts and Nevis,KNA,Norms and Decision-making,12.593,1996
St. Kitts and Nevis,KNA,Norms and Decision-making,12.593,1997
St. Kitts and Nevis,KNA,Norms and Decision-making,12.593,1998
St. Kitts and Nevis,KNA,Norms and Decision-making,12.593,1999
St. Kitts and Nevis,KNA,Norms and Decision-making,12.593,2000
St. Kitts and Nevis,KNA,Norms and Decision-making,12.593,2001
St. Kitts and Nevis,KNA,Norms and Decision-making,12.593,2002
St. Kitts and Nevis,KNA,Norms and Decision-making,12.593,2003
St. Kitts and Nevis,KNA,Norms and Decision-making,12.593,2004
St. Kitts and Nevis,KNA,Norms and Decision-making,12.593,2005
St. Kitts and Nevis,KNA,Norms and Decision-making,12.593,2006
St. Kitts and Nevis,KNA,Norms and Decision-making,12.593,2007
St. Kitts and Nevis,KNA,Norms and Decision-making,12.593,2008
St. Kitts and Nevis,KNA,Norms and Decision-making,12.593,2009
St. Kitts and Nevis,KNA,Norms and Decision-making,14.074,2010
St. Kitts and Nevis,KNA,Norms and Decision-making,12.593,2011
St. Kitts and Nevis,KNA,Norms and Decision-making,12.593,2012
St. Kitts and Nevis,KNA,Norms and Decision-making,12.593,2013
St. Kitts and Nevis,KNA,Norms and Decision-making,12.593,2014
St. Kitts and Nevis,KNA,Norms and Decision-making,12.593,2015
St. Kitts and Nevis,KNA,Norms and Decision-making,12.593,2016
St. Kitts and Nevis,KNA,Norms and Decision-making,12.593,2017
St. Kitts and Nevis,KNA,Norms and Decision-making,12.593,2018
St. Kitts and Nevis,KNA,Norms and Decision-making,12.593,2019
St. Kitts and Nevis,KNA,Norms and Decision-making,12.593,2020
St. Kitts and Nevis,KNA,Norms and Decision-making,12.593,2021
St. Kitts and Nevis,KNA,Norms and Decision-making,12.593,2022
St. Kitts and Nevis,KNA,Norms and Decision-making,12.593,2023
St. Kitts and Nevis,KNA,Population,86.905,1960
St. Kitts and Nevis,KNA,Population,86.905,1961
St. Kitts and Nevis,KNA,Population,86.905,1962
St. Kitts and Nevis,KNA,Population,86.905,1963
St. Kitts and Nevis,KNA,Population,86.905,1964
St. Kitts and Nevis,KNA,Population,86.905,1965
St. Kitts and Nevis,KNA,Population,86.905,1966
St. Kitts and Nevis,KNA,Population,86.905,1967
St. Kitts and Nevis,KNA,Population,86.905,1968
St. Kitts and Nevis,KNA,Population,86.905,1969
St. Kitts and Nevis,KNA,Population,89.286,1970
St. Kitts and Nevis,KNA,Population,86.905,1971
St. Kitts and Nevis,KNA,Population,86.905,1972
St. Kitts and Nevis,KNA,Population,86.905,1973
St. Kitts and Nevis,KNA,Population,86.905,1974
St. Kitts and Nevis,KNA,Population,86.905,1975
St. Kitts and Nevis,KNA,Population,86.905,1976
St. Kitts and Nevis,KNA,Population,86.905,1977
St. Kitts and Nevis,KNA,Population,86.905,1978
St. Kitts and Nevis,KNA,Population,86.905,1979
St. Kitts and Nevis,KNA,Population,89.286,1980
St. Kitts and Nevis,KNA,Population,86.905,1981
St. Kitts and Nevis,KNA,Population,86.905,1982
St. Kitts and Nevis,KNA,Population,86.905,1983
St. Kitts and Nevis,KNA,Population,86.905,1984
St. Kitts and Nevis,KNA,Population,86.905,1985
St. Kitts and Nevis,KNA,Population,86.905,1986
St. Kitts and Nevis,KNA,Population,86.905,1987
St. Kitts and Nevis,KNA,Population,86.905,1988
St. Kitts and Nevis,KNA,Population,86.905,1989
St. Kitts and Nevis,KNA,Population,88.095,1990
St. Kitts and Nevis,KNA,Population,86.905,1991
St. Kitts and Nevis,KNA,Population,86.905,1992
St. Kitts and Nevis,KNA,Population,86.905,1993
St. Kitts and Nevis,KNA,Population,86.905,1994
St. Kitts and Nevis,KNA,Population,88.095,1995
St. Kitts and Nevis,KNA,Population,86.905,1996
St. Kitts and Nevis,KNA,Population,86.905,1997
St. Kitts and Nevis,KNA,Population,86.905,1998
St. Kitts and Nevis,KNA,Population,86.905,1999
St. Kitts and Nevis,KNA,Population,88.095,2000
St. Kitts and Nevis,KNA,Population,86.905,2001
St. Kitts and Nevis,KNA,Population,86.905,2002
St. Kitts and Nevis,KNA,Population,86.905,2003
St. Kitts and Nevis,KNA,Population,86.905,2004
St. Kitts and Nevis,KNA,Population,88.095,2005
St. Kitts and Nevis,KNA,Population,86.905,2006
St. Kitts and Nevis,KNA,Population,86.905,2007
St. Kitts and Nevis,KNA,Population,86.905,2008
St. Kitts and Nevis,KNA,Population,86.905,2009
St. Kitts and Nevis,KNA,Population,88.095,2010
St. Kitts and Nevis,KNA,Population,86.905,2011
St. Kitts and Nevis,KNA,Population,86.905,2012
St. Kitts and Nevis,KNA,Population,86.905,2013
St. Kitts and Nevis,KNA,Population,86.905,2014
St. Kitts and Nevis,KNA,Population,88.095,2015
St. Kitts and Nevis,KNA,Population,86.905,2016
St. Kitts and Nevis,KNA,Population,86.905,2017
St. Kitts and Nevis,KNA,Population,86.905,2018
St. Kitts and Nevis,KNA,Population,86.905,2019
St. Kitts and Nevis,KNA,Population,88.095,2020
St. Kitts and Nevis,KNA,Population,86.905,2021
St. Kitts and Nevis,KNA,Population,86.905,2022
St. Kitts and Nevis,KNA,Population,77.381,2023
St. Kitts and Nevis,KNA,SDGs,0.671,1960
St. Kitts and Nevis,KNA,SDGs,0.671,1961
St. Kitts and Nevis,KNA,SDGs,0.671,1962
St. Kitts and Nevis,KNA,SDGs,0.671,1963
St. Kitts and Nevis,KNA,SDGs,0.671,1964
St. Kitts and Nevis,KNA,SDGs,0.671,1965
St. Kitts and Nevis,KNA,SDGs,0.671,1966
St. Kitts and Nevis,KNA,SDGs,0.671,1967
St. Kitts and Nevis,KNA,SDGs,0.671,1968
St. Kitts and Nevis,KNA,SDGs,0.671,1969
St. Kitts and Nevis,KNA,SDGs,9.396,1970
St. Kitts and Nevis,KNA,SDGs,10.067,1971
St. Kitts and Nevis,KNA,SDGs,10.067,1972
St. Kitts and Nevis,KNA,SDGs,11.409,1973
St. Kitts and Nevis,KNA,SDGs,11.409,1974
St. Kitts and Nevis,KNA,SDGs,11.409,1975
St. Kitts and Nevis,KNA,SDGs,11.409,1976
St. Kitts and Nevis,KNA,SDGs,11.409,1977
St. Kitts and Nevis,KNA,SDGs,11.409,1978
St. Kitts and Nevis,KNA,SDGs,11.409,1979
St. Kitts and Nevis,KNA,SDGs,16.107,1980
St. Kitts and Nevis,KNA,SDGs,12.081,1981
St. Kitts and Nevis,KNA,SDGs,12.081,1982
St. Kitts and Nevis,KNA,SDGs,12.081,1983
St. Kitts and Nevis,KNA,SDGs,12.081,1984
St. Kitts and Nevis,KNA,SDGs,12.081,1985
St. Kitts and Nevis,KNA,SDGs,12.081,1986
St. Kitts and Nevis,KNA,SDGs,12.081,1987
St. Kitts and Nevis,KNA,SDGs,12.081,1988
St. Kitts and Nevis,KNA,SDGs,12.081,1989
St. Kitts and Nevis,KNA,SDGs,15.436,1990
St. Kitts and Nevis,KNA,SDGs,19.463,1991
St. Kitts and Nevis,KNA,SDGs,15.436,1992
St. Kitts and Nevis,KNA,SDGs,15.436,1993
St. Kitts and Nevis,KNA,SDGs,15.436,1994
St. Kitts and Nevis,KNA,SDGs,16.107,1995
St. Kitts and Nevis,KNA,SDGs,15.436,1996
St. Kitts and Nevis,KNA,SDGs,16.107,1997
St. Kitts and Nevis,KNA,SDGs,16.779,1998
St. Kitts and Nevis,KNA,SDGs,16.107,1999
St. Kitts and Nevis,KNA,SDGs,19.463,2000
St. Kitts and Nevis,KNA,SDGs,22.819,2001
St. Kitts and Nevis,KNA,SDGs,19.463,2002
St. Kitts and Nevis,KNA,SDGs,18.792,2003
St. Kitts and Nevis,KNA,SDGs,19.463,2004
St. Kitts and Nevis,KNA,SDGs,19.463,2005
St. Kitts and Nevis,KNA,SDGs,19.463,2006
St. Kitts and Nevis,KNA,SDGs,19.463,2007
St. Kitts and Nevis,KNA,SDGs,19.463,2008
St. Kitts and Nevis,KNA,SDGs,19.463,2009
St. Kitts and Nevis,KNA,SDGs,19.463,2010
St. Kitts and Nevis,KNA,SDGs,19.463,2011
St. Kitts and Nevis,KNA,SDGs,19.463,2012
St. Kitts and Nevis,KNA,SDGs,19.463,2013
St. Kitts and Nevis,KNA,SDGs,19.463,2014
St. Kitts and Nevis,KNA,SDGs,19.463,2015
St. Kitts and Nevis,KNA,SDGs,18.792,2016
St. Kitts and Nevis,KNA,SDGs,18.792,2017
St. Kitts and Nevis,KNA,SDGs,18.792,2018
St. Kitts and Nevis,KNA,SDGs,18.792,2019
St. Kitts and Nevis,KNA,SDGs,18.792,2020
St. Kitts and Nevis,KNA,SDGs,16.107,2021
St. Kitts and Nevis,KNA,SDGs,16.107,2022
St. Kitts and Nevis,KNA,SDGs,10.067,2023
St. Kitts and Nevis,KNA,Technology,0.000,1960
St. Kitts and Nevis,KNA,Technology,0.000,1961
St. Kitts and Nevis,KNA,Technology,0.000,1962
St. Kitts and Nevis,KNA,Technology,0.000,1963
St. Kitts and Nevis,KNA,Technology,0.000,1964
St. Kitts and Nevis,KNA,Technology,0.000,1965
St. Kitts and Nevis,KNA,Technology,0.000,1966
St. Kitts and Nevis,KNA,Technology,0.000,1967
St. Kitts and Nevis,KNA,Technology,0.000,1968
St. Kitts and Nevis,KNA,Technology,0.000,1969
St. Kitts and Nevis,KNA,Technology,0.000,1970
St. Kitts and Nevis,KNA,Technology,0.000,1971
St. Kitts and Nevis,KNA,Technology,0.000,1972
St. Kitts and Nevis,KNA,Technology,0.000,1973
St. Kitts and Nevis,KNA,Technology,0.000,1974
St. Kitts and Nevis,KNA,Technology,0.000,1975
St. Kitts and Nevis,KNA,Technology,0.000,1976
St. Kitts and Nevis,KNA,Technology,0.000,1977
St. Kitts and Nevis,KNA,Technology,0.000,1978
St. Kitts and Nevis,KNA,Technology,0.000,1979
St. Kitts and Nevis,KNA,Technology,0.000,1980
St. Kitts and Nevis,KNA,Technology,0.000,1981
St. Kitts and Nevis,KNA,Technology,0.000,1982
St. Kitts and Nevis,KNA,Technology,0.000,1983
St. Kitts and Nevis,KNA,Technology,0.000,1984
St. Kitts and Nevis,KNA,Technology,0.000,1985
St. Kitts and Nevis,KNA,Technology,0.000,1986
St. Kitts and Nevis,KNA,Technology,0.000,1987
St. Kitts and Nevis,KNA,Technology,0.000,1988
St. Kitts and Nevis,KNA,Technology,0.000,1989
St. Kitts and Nevis,KNA,Technology,2.222,1990
St. Kitts and Nevis,KNA,Technology,2.222,1991
St. Kitts and Nevis,KNA,Technology,2.222,1992
St. Kitts and Nevis,KNA,Technology,2.222,1993
St. Kitts and Nevis,KNA,Technology,2.222,1994
St. Kitts and Nevis,KNA,Technology,2.222,1995
St. Kitts and Nevis,KNA,Technology,2.222,1996
St. Kitts and Nevis,KNA,Technology,2.222,1997
St. Kitts and Nevis,KNA,Technology,2.222,1998
St. Kitts and Nevis,KNA,Technology,2.222,1999
St. Kitts and Nevis,KNA,Technology,2.222,2000
St. Kitts and Nevis,KNA,Technology,2.222,2001
St. Kitts and Nevis,KNA,Technology,2.222,2002
St. Kitts and Nevis,KNA,Technology,2.222,2003
St. Kitts and Nevis,KNA,Technology,2.222,2004
St. Kitts and Nevis,KNA,Technology,2.222,2005
St. Kitts and Nevis,KNA,Technology,2.222,2006
St. Kitts and Nevis,KNA,Technology,2.222,2007
St. Kitts and Nevis,KNA,Technology,2.222,2008
St. Kitts and Nevis,KNA,Technology,2.222,2009
St. Kitts and Nevis,KNA,Technology,2.222,2010
St. Kitts and Nevis,KNA,Technology,2.222,2011
St. Kitts and Nevis,KNA,Technology,2.222,2012
St. Kitts and Nevis,KNA,Technology,2.222,2013
St. Kitts and Nevis,KNA,Technology,2.222,2014
St. Kitts and Nevis,KNA,Technology,2.222,2015
St. Kitts and Nevis,KNA,Technology,2.222,2016
St. Kitts and Nevis,KNA,Technology,2.222,2017
St. Kitts and Nevis,KNA,Technology,2.222,2018
St. Kitts and Nevis,KNA,Technology,2.222,2019
St. Kitts and Nevis,KNA,Technology,2.222,2020
St. Kitts and Nevis,KNA,Technology,2.222,2021
St. Kitts and Nevis,KNA,Technology,2.222,2022
St. Kitts and Nevis,KNA,Technology,0.000,2023
St. Kitts and Nevis,KNA,Violence,0.000,1960
St. Kitts and Nevis,KNA,Violence,0.000,1961
St. Kitts and Nevis,KNA,Violence,0.000,1962
St. Kitts and Nevis,KNA,Violence,0.000,1963
St. Kitts and Nevis,KNA,Violence,0.000,1964
St. Kitts and Nevis,KNA,Violence,0.000,1965
St. Kitts and Nevis,KNA,Violence,0.000,1966
St. Kitts and Nevis,KNA,Violence,0.000,1967
St. Kitts and Nevis,KNA,Violence,0.000,1968
St. Kitts and Nevis,KNA,Violence,0.000,1969
St. Kitts and Nevis,KNA,Violence,2.143,1970
St. Kitts and Nevis,KNA,Violence,2.143,1971
St. Kitts and Nevis,KNA,Violence,2.143,1972
St. Kitts and Nevis,KNA,Violence,2.143,1973
St. Kitts and Nevis,KNA,Violence,2.143,1974
St. Kitts and Nevis,KNA,Violence,2.143,1975
St. Kitts and Nevis,KNA,Violence,2.143,1976
St. Kitts and Nevis,KNA,Violence,2.143,1977
St. Kitts and Nevis,KNA,Violence,2.143,1978
St. Kitts and Nevis,KNA,Violence,2.143,1979
St. Kitts and Nevis,KNA,Violence,2.143,1980
St. Kitts and Nevis,KNA,Violence,2.143,1981
St. Kitts and Nevis,KNA,Violence,2.143,1982
St. Kitts and Nevis,KNA,Violence,2.143,1983
St. Kitts and Nevis,KNA,Violence,2.143,1984
St. Kitts and Nevis,KNA,Violence,2.143,1985
St. Kitts and Nevis,KNA,Violence,2.143,1986
St. Kitts and Nevis,KNA,Violence,2.143,1987
St. Kitts and Nevis,KNA,Violence,2.143,1988
St. Kitts and Nevis,KNA,Violence,2.143,1989
St. Kitts and Nevis,KNA,Violence,2.143,1990
St. Kitts and Nevis,KNA,Violence,2.143,1991
St. Kitts and Nevis,KNA,Violence,2.143,1992
St. Kitts and Nevis,KNA,Violence,2.143,1993
St. Kitts and Nevis,KNA,Violence,2.143,1994
St. Kitts and Nevis,KNA,Violence,2.857,1995
St. Kitts and Nevis,KNA,Violence,2.857,1996
St. Kitts and Nevis,KNA,Violence,4.286,1997
St. Kitts and Nevis,KNA,Violence,2.857,1998
St. Kitts and Nevis,KNA,Violence,4.286,1999
St. Kitts and Nevis,KNA,Violence,2.857,2000
St. Kitts and Nevis,KNA,Violence,4.286,2001
St. Kitts and Nevis,KNA,Violence,4.286,2002
St. Kitts and Nevis,KNA,Violence,4.286,2003
St. Kitts and Nevis,KNA,Violence,4.286,2004
St. Kitts and Nevis,KNA,Violence,2.857,2005
St. Kitts and Nevis,KNA,Violence,2.857,2006
St. Kitts and Nevis,KNA,Violence,2.857,2007
St. Kitts and Nevis,KNA,Violence,2.857,2008
St. Kitts and Nevis,KNA,Violence,4.286,2009
St. Kitts and Nevis,KNA,Violence,4.286,2010
St. Kitts and Nevis,KNA,Violence,4.286,2011
St. Kitts and Nevis,KNA,Violence,2.857,2012
St. Kitts and Nevis,KNA,Violence,2.143,2013
St. Kitts and Nevis,KNA,Violence,2.143,2014
St. Kitts and Nevis,KNA,Violence,2.143,2015
St. Kitts and Nevis,KNA,Violence,4.286,2016
St. Kitts and Nevis,KNA,Violence,4.286,2017
St. Kitts and Nevis,KNA,Violence,4.286,2018
St. Kitts and Nevis,KNA,Violence,4.286,2019
St. Kitts and Nevis,KNA,Violence,4.286,2020
St. Kitts and Nevis,KNA,Violence,4.286,2021
St. Kitts and Nevis,KNA,Violence,2.143,2022
St. Kitts and Nevis,KNA,Violence,2.143,2023
St. Kitts and Nevis,KNA,Youth 15-24,4.587,1960
St. Kitts and Nevis,KNA,Youth 15-24,4.587,1961
St. Kitts and Nevis,KNA,Youth 15-24,4.587,1962
St. Kitts and Nevis,KNA,Youth 15-24,4.587,1963
St. Kitts and Nevis,KNA,Youth 15-24,4.587,1964
St. Kitts and Nevis,KNA,Youth 15-24,4.587,1965
St. Kitts and Nevis,KNA,Youth 15-24,4.587,1966
St. Kitts and Nevis,KNA,Youth 15-24,4.587,1967
St. Kitts and Nevis,KNA,Youth 15-24,4.587,1968
St. Kitts and Nevis,KNA,Youth 15-24,4.587,1969
St. Kitts and Nevis,KNA,Youth 15-24,7.339,1970
St. Kitts and Nevis,KNA,Youth 15-24,4.587,1971
St. Kitts and Nevis,KNA,Youth 15-24,4.587,1972
St. Kitts and Nevis,KNA,Youth 15-24,4.587,1973
St. Kitts and Nevis,KNA,Youth 15-24,4.587,1974
St. Kitts and Nevis,KNA,Youth 15-24,4.587,1975
St. Kitts and Nevis,KNA,Youth 15-24,4.587,1976
St. Kitts and Nevis,KNA,Youth 15-24,4.587,1977
St. Kitts and Nevis,KNA,Youth 15-24,4.587,1978
St. Kitts and Nevis,KNA,Youth 15-24,8.257,1979
St. Kitts and Nevis,KNA,Youth 15-24,20.183,1980
St. Kitts and Nevis,KNA,Youth 15-24,4.587,1981
St. Kitts and Nevis,KNA,Youth 15-24,4.587,1982
St. Kitts and Nevis,KNA,Youth 15-24,4.587,1983
St. Kitts and Nevis,KNA,Youth 15-24,18.349,1984
St. Kitts and Nevis,KNA,Youth 15-24,18.349,1985
St. Kitts and Nevis,KNA,Youth 15-24,20.183,1986
St. Kitts and Nevis,KNA,Youth 15-24,17.431,1987
St. Kitts and Nevis,KNA,Youth 15-24,20.183,1988
St. Kitts and Nevis,KNA,Youth 15-24,16.514,1989
St. Kitts and Nevis,KNA,Youth 15-24,11.009,1990
St. Kitts and Nevis,KNA,Youth 15-24,20.183,1991
St. Kitts and Nevis,KNA,Youth 15-24,22.936,1992
St. Kitts and Nevis,KNA,Youth 15-24,20.183,1993
St. Kitts and Nevis,KNA,Youth 15-24,11.009,1994
St. Kitts and Nevis,KNA,Youth 15-24,11.009,1995
St. Kitts and Nevis,KNA,Youth 15-24,7.339,1996
St. Kitts and Nevis,KNA,Youth 15-24,7.339,1997
St. Kitts and Nevis,KNA,Youth 15-24,7.339,1998
St. Kitts and Nevis,KNA,Youth 15-24,7.339,1999
St. Kitts and Nevis,KNA,Youth 15-24,20.183,2000
St. Kitts and Nevis,KNA,Youth 15-24,19.266,2001
St. Kitts and Nevis,KNA,Youth 15-24,23.853,2002
St. Kitts and Nevis,KNA,Youth 15-24,22.018,2003
St. Kitts and Nevis,KNA,Youth 15-24,21.101,2004
St. Kitts and Nevis,KNA,Youth 15-24,17.431,2005
St. Kitts and Nevis,KNA,Youth 15-24,7.339,2006
St. Kitts and Nevis,KNA,Youth 15-24,17.431,2007
St. Kitts and Nevis,KNA,Youth 15-24,21.101,2008
St. Kitts and Nevis,KNA,Youth 15-24,22.018,2009
St. Kitts and Nevis,KNA,Youth 15-24,21.101,2010
St. Kitts and Nevis,KNA,Youth 15-24,21.101,2011
St. Kitts and Nevis,KNA,Youth 15-24,22.018,2012
St. Kitts and Nevis,KNA,Youth 15-24,23.853,2013
St. Kitts and Nevis,KNA,Youth 15-24,27.523,2014
St. Kitts and Nevis,KNA,Youth 15-24,27.523,2015
St. Kitts and Nevis,KNA,Youth 15-24,21.101,2016
St. Kitts and Nevis,KNA,Youth 15-24,7.339,2017
St. Kitts and Nevis,KNA,Youth 15-24,7.339,2018
St. Kitts and Nevis,KNA,Youth 15-24,7.339,2019
St. Kitts and Nevis,KNA,Youth 15-24,7.339,2020
St. Kitts and Nevis,KNA,Youth 15-24,12.844,2021
St. Kitts and Nevis,KNA,Youth 15-24,7.339,2022
St. Kitts and Nevis,KNA,Youth 15-24,3.670,2023
