Country Name,Country Code,Topic,% of available indicators,Year
Syrian Arab Republic,SYR,Assets,0.000,1960
Syrian Arab Republic,SYR,Assets,0.000,1961
Syrian Arab Republic,SYR,Assets,0.000,1962
Syrian Arab Republic,SYR,Assets,0.000,1963
Syrian Arab Republic,SYR,Assets,0.000,1964
Syrian Arab Republic,SYR,Assets,0.000,1965
Syrian Arab Republic,SYR,Assets,0.000,1966
Syrian Arab Republic,SYR,Assets,0.000,1967
Syrian Arab Republic,SYR,Assets,0.000,1968
Syrian Arab Republic,SYR,Assets,0.000,1969
Syrian Arab Republic,SYR,Assets,2.208,1970
Syrian Arab Republic,SYR,Assets,2.208,1971
Syrian Arab Republic,SYR,Assets,2.208,1972
Syrian Arab Republic,SYR,Assets,2.208,1973
Syrian Arab Republic,SYR,Assets,2.208,1974
Syrian Arab Republic,SYR,Assets,2.208,1975
Syrian Arab Republic,SYR,Assets,2.208,1976
Syrian Arab Republic,SYR,Assets,2.208,1977
Syrian Arab Republic,SYR,Assets,2.208,1978
Syrian Arab Republic,SYR,Assets,2.208,1979
Syrian Arab Republic,SYR,Assets,2.208,1980
Syrian Arab Republic,SYR,Assets,2.208,1981
Syrian Arab Republic,SYR,Assets,2.208,1982
Syrian Arab Republic,SYR,Assets,2.208,1983
Syrian Arab Republic,SYR,Assets,2.208,1984
Syrian Arab Republic,SYR,Assets,2.208,1985
Syrian Arab Republic,SYR,Assets,2.208,1986
Syrian Arab Republic,SYR,Assets,2.208,1987
Syrian Arab Republic,SYR,Assets,2.208,1988
Syrian Arab Republic,SYR,Assets,2.208,1989
Syrian Arab Republic,SYR,Assets,2.208,1990
Syrian Arab Republic,SYR,Assets,2.208,1991
Syrian Arab Republic,SYR,Assets,2.208,1992
Syrian Arab Republic,SYR,Assets,2.208,1993
Syrian Arab Republic,SYR,Assets,2.208,1994
Syrian Arab Republic,SYR,Assets,2.208,1995
Syrian Arab Republic,SYR,Assets,2.208,1996
Syrian Arab Republic,SYR,Assets,2.208,1997
Syrian Arab Republic,SYR,Assets,2.208,1998
Syrian Arab Republic,SYR,Assets,2.208,1999
Syrian Arab Republic,SYR,Assets,2.208,2000
Syrian Arab Republic,SYR,Assets,2.208,2001
Syrian Arab Republic,SYR,Assets,2.208,2002
Syrian Arab Republic,SYR,Assets,2.208,2003
Syrian Arab Republic,SYR,Assets,2.208,2004
Syrian Arab Republic,SYR,Assets,2.208,2005
Syrian Arab Republic,SYR,Assets,2.208,2006
Syrian Arab Republic,SYR,Assets,2.208,2007
Syrian Arab Republic,SYR,Assets,2.208,2008
Syrian Arab Republic,SYR,Assets,2.208,2009
Syrian Arab Republic,SYR,Assets,2.208,2010
Syrian Arab Republic,SYR,Assets,10.726,2011
Syrian Arab Republic,SYR,Assets,2.208,2012
Syrian Arab Republic,SYR,Assets,2.208,2013
Syrian Arab Republic,SYR,Assets,2.208,2014
Syrian Arab Republic,SYR,Assets,2.208,2015
Syrian Arab Republic,SYR,Assets,2.208,2016
Syrian Arab Republic,SYR,Assets,2.208,2017
Syrian Arab Republic,SYR,Assets,2.208,2018
Syrian Arab Republic,SYR,Assets,2.208,2019
Syrian Arab Republic,SYR,Assets,2.208,2020
Syrian Arab Republic,SYR,Assets,2.208,2021
Syrian Arab Republic,SYR,Assets,2.208,2022
Syrian Arab Republic,SYR,Assets,2.208,2023
Syrian Arab Republic,SYR,Children 0-14,19.231,1960
Syrian Arab Republic,SYR,Children 0-14,19.231,1961
Syrian Arab Republic,SYR,Children 0-14,19.231,1962
Syrian Arab Republic,SYR,Children 0-14,19.231,1963
Syrian Arab Republic,SYR,Children 0-14,19.231,1964
Syrian Arab Republic,SYR,Children 0-14,19.231,1965
Syrian Arab Republic,SYR,Children 0-14,19.231,1966
Syrian Arab Republic,SYR,Children 0-14,19.231,1967
Syrian Arab Republic,SYR,Children 0-14,19.231,1968
Syrian Arab Republic,SYR,Children 0-14,19.231,1969
Syrian Arab Republic,SYR,Children 0-14,21.538,1970
Syrian Arab Republic,SYR,Children 0-14,40.000,1971
Syrian Arab Republic,SYR,Children 0-14,32.308,1972
Syrian Arab Republic,SYR,Children 0-14,40.000,1973
Syrian Arab Republic,SYR,Children 0-14,36.923,1974
Syrian Arab Republic,SYR,Children 0-14,36.923,1975
Syrian Arab Republic,SYR,Children 0-14,34.615,1976
Syrian Arab Republic,SYR,Children 0-14,36.923,1977
Syrian Arab Republic,SYR,Children 0-14,40.000,1978
Syrian Arab Republic,SYR,Children 0-14,40.000,1979
Syrian Arab Republic,SYR,Children 0-14,41.538,1980
Syrian Arab Republic,SYR,Children 0-14,41.538,1981
Syrian Arab Republic,SYR,Children 0-14,41.538,1982
Syrian Arab Republic,SYR,Children 0-14,41.538,1983
Syrian Arab Republic,SYR,Children 0-14,41.538,1984
Syrian Arab Republic,SYR,Children 0-14,41.538,1985
Syrian Arab Republic,SYR,Children 0-14,40.000,1986
Syrian Arab Republic,SYR,Children 0-14,39.231,1987
Syrian Arab Republic,SYR,Children 0-14,41.538,1988
Syrian Arab Republic,SYR,Children 0-14,41.538,1989
Syrian Arab Republic,SYR,Children 0-14,41.538,1990
Syrian Arab Republic,SYR,Children 0-14,36.923,1991
Syrian Arab Republic,SYR,Children 0-14,36.923,1992
Syrian Arab Republic,SYR,Children 0-14,48.462,1993
Syrian Arab Republic,SYR,Children 0-14,36.923,1994
Syrian Arab Republic,SYR,Children 0-14,36.923,1995
Syrian Arab Republic,SYR,Children 0-14,39.231,1996
Syrian Arab Republic,SYR,Children 0-14,39.231,1997
Syrian Arab Republic,SYR,Children 0-14,36.154,1998
Syrian Arab Republic,SYR,Children 0-14,39.231,1999
Syrian Arab Republic,SYR,Children 0-14,55.385,2000
Syrian Arab Republic,SYR,Children 0-14,50.769,2001
Syrian Arab Republic,SYR,Children 0-14,42.308,2002
Syrian Arab Republic,SYR,Children 0-14,40.000,2003
Syrian Arab Republic,SYR,Children 0-14,37.692,2004
Syrian Arab Republic,SYR,Children 0-14,37.692,2005
Syrian Arab Republic,SYR,Children 0-14,50.000,2006
Syrian Arab Republic,SYR,Children 0-14,43.077,2007
Syrian Arab Republic,SYR,Children 0-14,44.615,2008
Syrian Arab Republic,SYR,Children 0-14,42.308,2009
Syrian Arab Republic,SYR,Children 0-14,63.077,2010
Syrian Arab Republic,SYR,Children 0-14,33.846,2011
Syrian Arab Republic,SYR,Children 0-14,33.846,2012
Syrian Arab Republic,SYR,Children 0-14,42.308,2013
Syrian Arab Republic,SYR,Children 0-14,20.769,2014
Syrian Arab Republic,SYR,Children 0-14,34.615,2015
Syrian Arab Republic,SYR,Children 0-14,20.769,2016
Syrian Arab Republic,SYR,Children 0-14,20.769,2017
Syrian Arab Republic,SYR,Children 0-14,20.769,2018
Syrian Arab Republic,SYR,Children 0-14,34.615,2019
Syrian Arab Republic,SYR,Children 0-14,32.308,2020
Syrian Arab Republic,SYR,Children 0-14,32.308,2021
Syrian Arab Republic,SYR,Children 0-14,32.308,2022
Syrian Arab Republic,SYR,Children 0-14,20.769,2023
Syrian Arab Republic,SYR,Education,0.000,1960
Syrian Arab Republic,SYR,Education,0.000,1961
Syrian Arab Republic,SYR,Education,0.000,1962
Syrian Arab Republic,SYR,Education,0.000,1963
Syrian Arab Republic,SYR,Education,0.000,1964
Syrian Arab Republic,SYR,Education,0.000,1965
Syrian Arab Republic,SYR,Education,0.000,1966
Syrian Arab Republic,SYR,Education,0.000,1967
Syrian Arab Republic,SYR,Education,0.000,1968
Syrian Arab Republic,SYR,Education,0.000,1969
Syrian Arab Republic,SYR,Education,3.681,1970
Syrian Arab Republic,SYR,Education,33.129,1971
Syrian Arab Republic,SYR,Education,25.767,1972
Syrian Arab Republic,SYR,Education,33.129,1973
Syrian Arab Republic,SYR,Education,29.448,1974
Syrian Arab Republic,SYR,Education,28.834,1975
Syrian Arab Republic,SYR,Education,29.448,1976
Syrian Arab Republic,SYR,Education,30.061,1977
Syrian Arab Republic,SYR,Education,33.129,1978
Syrian Arab Republic,SYR,Education,33.129,1979
Syrian Arab Republic,SYR,Education,33.129,1980
Syrian Arab Republic,SYR,Education,39.264,1981
Syrian Arab Republic,SYR,Education,31.288,1982
Syrian Arab Republic,SYR,Education,30.675,1983
Syrian Arab Republic,SYR,Education,31.288,1984
Syrian Arab Republic,SYR,Education,31.288,1985
Syrian Arab Republic,SYR,Education,30.061,1986
Syrian Arab Republic,SYR,Education,29.448,1987
Syrian Arab Republic,SYR,Education,31.288,1988
Syrian Arab Republic,SYR,Education,31.288,1989
Syrian Arab Republic,SYR,Education,30.675,1990
Syrian Arab Republic,SYR,Education,26.994,1991
Syrian Arab Republic,SYR,Education,26.994,1992
Syrian Arab Republic,SYR,Education,26.994,1993
Syrian Arab Republic,SYR,Education,25.153,1994
Syrian Arab Republic,SYR,Education,25.153,1995
Syrian Arab Republic,SYR,Education,25.153,1996
Syrian Arab Republic,SYR,Education,25.767,1997
Syrian Arab Republic,SYR,Education,28.834,1998
Syrian Arab Republic,SYR,Education,33.129,1999
Syrian Arab Republic,SYR,Education,33.742,2000
Syrian Arab Republic,SYR,Education,33.129,2001
Syrian Arab Republic,SYR,Education,55.215,2002
Syrian Arab Republic,SYR,Education,38.650,2003
Syrian Arab Republic,SYR,Education,43.558,2004
Syrian Arab Republic,SYR,Education,36.196,2005
Syrian Arab Republic,SYR,Education,34.356,2006
Syrian Arab Republic,SYR,Education,47.853,2007
Syrian Arab Republic,SYR,Education,47.853,2008
Syrian Arab Republic,SYR,Education,47.239,2009
Syrian Arab Republic,SYR,Education,36.196,2010
Syrian Arab Republic,SYR,Education,34.969,2011
Syrian Arab Republic,SYR,Education,36.196,2012
Syrian Arab Republic,SYR,Education,41.104,2013
Syrian Arab Republic,SYR,Education,11.656,2014
Syrian Arab Republic,SYR,Education,7.362,2015
Syrian Arab Republic,SYR,Education,9.816,2016
Syrian Arab Republic,SYR,Education,0.000,2017
Syrian Arab Republic,SYR,Education,0.000,2018
Syrian Arab Republic,SYR,Education,0.000,2019
Syrian Arab Republic,SYR,Education,11.656,2020
Syrian Arab Republic,SYR,Education,15.951,2021
Syrian Arab Republic,SYR,Education,11.656,2022
Syrian Arab Republic,SYR,Education,12.883,2023
Syrian Arab Republic,SYR,Employment and Time Use,5.109,1960
Syrian Arab Republic,SYR,Employment and Time Use,0.000,1961
Syrian Arab Republic,SYR,Employment and Time Use,0.000,1962
Syrian Arab Republic,SYR,Employment and Time Use,0.000,1963
Syrian Arab Republic,SYR,Employment and Time Use,0.000,1964
Syrian Arab Republic,SYR,Employment and Time Use,0.000,1965
Syrian Arab Republic,SYR,Employment and Time Use,0.000,1966
Syrian Arab Republic,SYR,Employment and Time Use,0.000,1967
Syrian Arab Republic,SYR,Employment and Time Use,0.000,1968
Syrian Arab Republic,SYR,Employment and Time Use,0.730,1969
Syrian Arab Republic,SYR,Employment and Time Use,28.467,1970
Syrian Arab Republic,SYR,Employment and Time Use,23.358,1971
Syrian Arab Republic,SYR,Employment and Time Use,23.358,1972
Syrian Arab Republic,SYR,Employment and Time Use,23.358,1973
Syrian Arab Republic,SYR,Employment and Time Use,23.358,1974
Syrian Arab Republic,SYR,Employment and Time Use,23.358,1975
Syrian Arab Republic,SYR,Employment and Time Use,23.358,1976
Syrian Arab Republic,SYR,Employment and Time Use,23.358,1977
Syrian Arab Republic,SYR,Employment and Time Use,23.358,1978
Syrian Arab Republic,SYR,Employment and Time Use,23.358,1979
Syrian Arab Republic,SYR,Employment and Time Use,21.168,1980
Syrian Arab Republic,SYR,Employment and Time Use,26.277,1981
Syrian Arab Republic,SYR,Employment and Time Use,21.168,1982
Syrian Arab Republic,SYR,Employment and Time Use,28.467,1983
Syrian Arab Republic,SYR,Employment and Time Use,28.467,1984
Syrian Arab Republic,SYR,Employment and Time Use,21.168,1985
Syrian Arab Republic,SYR,Employment and Time Use,21.168,1986
Syrian Arab Republic,SYR,Employment and Time Use,21.168,1987
Syrian Arab Republic,SYR,Employment and Time Use,21.168,1988
Syrian Arab Republic,SYR,Employment and Time Use,26.277,1989
Syrian Arab Republic,SYR,Employment and Time Use,31.387,1990
Syrian Arab Republic,SYR,Employment and Time Use,61.314,1991
Syrian Arab Republic,SYR,Employment and Time Use,56.204,1992
Syrian Arab Republic,SYR,Employment and Time Use,63.504,1993
Syrian Arab Republic,SYR,Employment and Time Use,58.394,1994
Syrian Arab Republic,SYR,Employment and Time Use,63.504,1995
Syrian Arab Republic,SYR,Employment and Time Use,56.204,1996
Syrian Arab Republic,SYR,Employment and Time Use,61.314,1997
Syrian Arab Republic,SYR,Employment and Time Use,61.314,1998
Syrian Arab Republic,SYR,Employment and Time Use,65.693,1999
Syrian Arab Republic,SYR,Employment and Time Use,63.504,2000
Syrian Arab Republic,SYR,Employment and Time Use,65.693,2001
Syrian Arab Republic,SYR,Employment and Time Use,68.613,2002
Syrian Arab Republic,SYR,Employment and Time Use,68.613,2003
Syrian Arab Republic,SYR,Employment and Time Use,56.204,2004
Syrian Arab Republic,SYR,Employment and Time Use,56.204,2005
Syrian Arab Republic,SYR,Employment and Time Use,67.883,2006
Syrian Arab Republic,SYR,Employment and Time Use,68.613,2007
Syrian Arab Republic,SYR,Employment and Time Use,70.803,2008
Syrian Arab Republic,SYR,Employment and Time Use,70.803,2009
Syrian Arab Republic,SYR,Employment and Time Use,66.423,2010
Syrian Arab Republic,SYR,Employment and Time Use,59.124,2011
Syrian Arab Republic,SYR,Employment and Time Use,56.204,2012
Syrian Arab Republic,SYR,Employment and Time Use,56.204,2013
Syrian Arab Republic,SYR,Employment and Time Use,56.204,2014
Syrian Arab Republic,SYR,Employment and Time Use,56.204,2015
Syrian Arab Republic,SYR,Employment and Time Use,56.204,2016
Syrian Arab Republic,SYR,Employment and Time Use,56.204,2017
Syrian Arab Republic,SYR,Employment and Time Use,56.204,2018
Syrian Arab Republic,SYR,Employment and Time Use,56.204,2019
Syrian Arab Republic,SYR,Employment and Time Use,56.204,2020
Syrian Arab Republic,SYR,Employment and Time Use,56.204,2021
Syrian Arab Republic,SYR,Employment and Time Use,56.204,2022
Syrian Arab Republic,SYR,Employment and Time Use,59.124,2023
Syrian Arab Republic,SYR,Entrepreneurship,0.000,1960
Syrian Arab Republic,SYR,Entrepreneurship,0.000,1961
Syrian Arab Republic,SYR,Entrepreneurship,0.000,1962
Syrian Arab Republic,SYR,Entrepreneurship,0.000,1963
Syrian Arab Republic,SYR,Entrepreneurship,0.000,1964
Syrian Arab Republic,SYR,Entrepreneurship,0.000,1965
Syrian Arab Republic,SYR,Entrepreneurship,0.000,1966
Syrian Arab Republic,SYR,Entrepreneurship,0.000,1967
Syrian Arab Republic,SYR,Entrepreneurship,0.000,1968
Syrian Arab Republic,SYR,Entrepreneurship,0.000,1969
Syrian Arab Republic,SYR,Entrepreneurship,9.375,1970
Syrian Arab Republic,SYR,Entrepreneurship,9.375,1971
Syrian Arab Republic,SYR,Entrepreneurship,9.375,1972
Syrian Arab Republic,SYR,Entrepreneurship,9.375,1973
Syrian Arab Republic,SYR,Entrepreneurship,9.375,1974
Syrian Arab Republic,SYR,Entrepreneurship,9.375,1975
Syrian Arab Republic,SYR,Entrepreneurship,9.375,1976
Syrian Arab Republic,SYR,Entrepreneurship,9.375,1977
Syrian Arab Republic,SYR,Entrepreneurship,9.375,1978
Syrian Arab Republic,SYR,Entrepreneurship,9.375,1979
Syrian Arab Republic,SYR,Entrepreneurship,9.375,1980
Syrian Arab Republic,SYR,Entrepreneurship,9.375,1981
Syrian Arab Republic,SYR,Entrepreneurship,9.375,1982
Syrian Arab Republic,SYR,Entrepreneurship,9.375,1983
Syrian Arab Republic,SYR,Entrepreneurship,9.375,1984
Syrian Arab Republic,SYR,Entrepreneurship,9.375,1985
Syrian Arab Republic,SYR,Entrepreneurship,9.375,1986
Syrian Arab Republic,SYR,Entrepreneurship,9.375,1987
Syrian Arab Republic,SYR,Entrepreneurship,9.375,1988
Syrian Arab Republic,SYR,Entrepreneurship,9.375,1989
Syrian Arab Republic,SYR,Entrepreneurship,9.375,1990
Syrian Arab Republic,SYR,Entrepreneurship,9.375,1991
Syrian Arab Republic,SYR,Entrepreneurship,9.375,1992
Syrian Arab Republic,SYR,Entrepreneurship,9.375,1993
Syrian Arab Republic,SYR,Entrepreneurship,9.375,1994
Syrian Arab Republic,SYR,Entrepreneurship,9.375,1995
Syrian Arab Republic,SYR,Entrepreneurship,9.375,1996
Syrian Arab Republic,SYR,Entrepreneurship,9.375,1997
Syrian Arab Republic,SYR,Entrepreneurship,9.375,1998
Syrian Arab Republic,SYR,Entrepreneurship,9.375,1999
Syrian Arab Republic,SYR,Entrepreneurship,9.375,2000
Syrian Arab Republic,SYR,Entrepreneurship,9.375,2001
Syrian Arab Republic,SYR,Entrepreneurship,9.375,2002
Syrian Arab Republic,SYR,Entrepreneurship,37.500,2003
Syrian Arab Republic,SYR,Entrepreneurship,37.500,2004
Syrian Arab Republic,SYR,Entrepreneurship,37.500,2005
Syrian Arab Republic,SYR,Entrepreneurship,37.500,2006
Syrian Arab Republic,SYR,Entrepreneurship,37.500,2007
Syrian Arab Republic,SYR,Entrepreneurship,37.500,2008
Syrian Arab Republic,SYR,Entrepreneurship,43.750,2009
Syrian Arab Republic,SYR,Entrepreneurship,37.500,2010
Syrian Arab Republic,SYR,Entrepreneurship,37.500,2011
Syrian Arab Republic,SYR,Entrepreneurship,37.500,2012
Syrian Arab Republic,SYR,Entrepreneurship,37.500,2013
Syrian Arab Republic,SYR,Entrepreneurship,37.500,2014
Syrian Arab Republic,SYR,Entrepreneurship,37.500,2015
Syrian Arab Republic,SYR,Entrepreneurship,37.500,2016
Syrian Arab Republic,SYR,Entrepreneurship,37.500,2017
Syrian Arab Republic,SYR,Entrepreneurship,37.500,2018
Syrian Arab Republic,SYR,Entrepreneurship,37.500,2019
Syrian Arab Republic,SYR,Entrepreneurship,9.375,2020
Syrian Arab Republic,SYR,Entrepreneurship,9.375,2021
Syrian Arab Republic,SYR,Entrepreneurship,9.375,2022
Syrian Arab Republic,SYR,Entrepreneurship,9.375,2023
Syrian Arab Republic,SYR,Environment,0.000,1960
Syrian Arab Republic,SYR,Environment,0.000,1961
Syrian Arab Republic,SYR,Environment,0.000,1962
Syrian Arab Republic,SYR,Environment,0.000,1963
Syrian Arab Republic,SYR,Environment,0.000,1964
Syrian Arab Republic,SYR,Environment,0.000,1965
Syrian Arab Republic,SYR,Environment,0.000,1966
Syrian Arab Republic,SYR,Environment,0.000,1967
Syrian Arab Republic,SYR,Environment,0.000,1968
Syrian Arab Republic,SYR,Environment,0.000,1969
Syrian Arab Republic,SYR,Environment,0.000,1970
Syrian Arab Republic,SYR,Environment,0.000,1971
Syrian Arab Republic,SYR,Environment,0.000,1972
Syrian Arab Republic,SYR,Environment,0.000,1973
Syrian Arab Republic,SYR,Environment,0.000,1974
Syrian Arab Republic,SYR,Environment,0.000,1975
Syrian Arab Republic,SYR,Environment,0.000,1976
Syrian Arab Republic,SYR,Environment,0.000,1977
Syrian Arab Republic,SYR,Environment,0.000,1978
Syrian Arab Republic,SYR,Environment,0.000,1979
Syrian Arab Republic,SYR,Environment,0.000,1980
Syrian Arab Republic,SYR,Environment,0.000,1981
Syrian Arab Republic,SYR,Environment,0.000,1982
Syrian Arab Republic,SYR,Environment,0.000,1983
Syrian Arab Republic,SYR,Environment,0.000,1984
Syrian Arab Republic,SYR,Environment,0.000,1985
Syrian Arab Republic,SYR,Environment,0.000,1986
Syrian Arab Republic,SYR,Environment,0.000,1987
Syrian Arab Republic,SYR,Environment,0.000,1988
Syrian Arab Republic,SYR,Environment,0.000,1989
Syrian Arab Republic,SYR,Environment,0.000,1990
Syrian Arab Republic,SYR,Environment,0.000,1991
Syrian Arab Republic,SYR,Environment,0.000,1992
Syrian Arab Republic,SYR,Environment,0.000,1993
Syrian Arab Republic,SYR,Environment,0.000,1994
Syrian Arab Republic,SYR,Environment,0.000,1995
Syrian Arab Republic,SYR,Environment,0.000,1996
Syrian Arab Republic,SYR,Environment,0.000,1997
Syrian Arab Republic,SYR,Environment,0.000,1998
Syrian Arab Republic,SYR,Environment,0.000,1999
Syrian Arab Republic,SYR,Environment,10.000,2000
Syrian Arab Republic,SYR,Environment,10.000,2001
Syrian Arab Republic,SYR,Environment,10.000,2002
Syrian Arab Republic,SYR,Environment,10.000,2003
Syrian Arab Republic,SYR,Environment,10.000,2004
Syrian Arab Republic,SYR,Environment,10.000,2005
Syrian Arab Republic,SYR,Environment,10.000,2006
Syrian Arab Republic,SYR,Environment,10.000,2007
Syrian Arab Republic,SYR,Environment,10.000,2008
Syrian Arab Republic,SYR,Environment,10.000,2009
Syrian Arab Republic,SYR,Environment,10.000,2010
Syrian Arab Republic,SYR,Environment,13.333,2011
Syrian Arab Republic,SYR,Environment,13.333,2012
Syrian Arab Republic,SYR,Environment,13.333,2013
Syrian Arab Republic,SYR,Environment,13.333,2014
Syrian Arab Republic,SYR,Environment,13.333,2015
Syrian Arab Republic,SYR,Environment,13.333,2016
Syrian Arab Republic,SYR,Environment,3.333,2017
Syrian Arab Republic,SYR,Environment,3.333,2018
Syrian Arab Republic,SYR,Environment,23.333,2019
Syrian Arab Republic,SYR,Environment,3.333,2020
Syrian Arab Republic,SYR,Environment,3.333,2021
Syrian Arab Republic,SYR,Environment,3.333,2022
Syrian Arab Republic,SYR,Environment,0.000,2023
Syrian Arab Republic,SYR,Health,8.586,1960
Syrian Arab Republic,SYR,Health,8.586,1961
Syrian Arab Republic,SYR,Health,8.586,1962
Syrian Arab Republic,SYR,Health,8.586,1963
Syrian Arab Republic,SYR,Health,8.586,1964
Syrian Arab Republic,SYR,Health,8.586,1965
Syrian Arab Republic,SYR,Health,8.586,1966
Syrian Arab Republic,SYR,Health,8.586,1967
Syrian Arab Republic,SYR,Health,8.586,1968
Syrian Arab Republic,SYR,Health,8.586,1969
Syrian Arab Republic,SYR,Health,8.586,1970
Syrian Arab Republic,SYR,Health,8.586,1971
Syrian Arab Republic,SYR,Health,8.586,1972
Syrian Arab Republic,SYR,Health,8.586,1973
Syrian Arab Republic,SYR,Health,8.586,1974
Syrian Arab Republic,SYR,Health,11.111,1975
Syrian Arab Republic,SYR,Health,11.111,1976
Syrian Arab Republic,SYR,Health,11.111,1977
Syrian Arab Republic,SYR,Health,12.121,1978
Syrian Arab Republic,SYR,Health,11.111,1979
Syrian Arab Republic,SYR,Health,12.121,1980
Syrian Arab Republic,SYR,Health,12.121,1981
Syrian Arab Republic,SYR,Health,12.121,1982
Syrian Arab Republic,SYR,Health,12.121,1983
Syrian Arab Republic,SYR,Health,12.121,1984
Syrian Arab Republic,SYR,Health,12.121,1985
Syrian Arab Republic,SYR,Health,12.121,1986
Syrian Arab Republic,SYR,Health,12.121,1987
Syrian Arab Republic,SYR,Health,12.121,1988
Syrian Arab Republic,SYR,Health,12.121,1989
Syrian Arab Republic,SYR,Health,16.667,1990
Syrian Arab Republic,SYR,Health,16.667,1991
Syrian Arab Republic,SYR,Health,16.667,1992
Syrian Arab Republic,SYR,Health,26.263,1993
Syrian Arab Republic,SYR,Health,16.667,1994
Syrian Arab Republic,SYR,Health,18.182,1995
Syrian Arab Republic,SYR,Health,16.667,1996
Syrian Arab Republic,SYR,Health,16.667,1997
Syrian Arab Republic,SYR,Health,17.172,1998
Syrian Arab Republic,SYR,Health,17.172,1999
Syrian Arab Republic,SYR,Health,56.566,2000
Syrian Arab Republic,SYR,Health,40.404,2001
Syrian Arab Republic,SYR,Health,31.818,2002
Syrian Arab Republic,SYR,Health,31.818,2003
Syrian Arab Republic,SYR,Health,32.323,2004
Syrian Arab Republic,SYR,Health,31.818,2005
Syrian Arab Republic,SYR,Health,42.424,2006
Syrian Arab Republic,SYR,Health,31.818,2007
Syrian Arab Republic,SYR,Health,31.818,2008
Syrian Arab Republic,SYR,Health,34.848,2009
Syrian Arab Republic,SYR,Health,62.626,2010
Syrian Arab Republic,SYR,Health,31.313,2011
Syrian Arab Republic,SYR,Health,31.313,2012
Syrian Arab Republic,SYR,Health,31.313,2013
Syrian Arab Republic,SYR,Health,31.313,2014
Syrian Arab Republic,SYR,Health,54.040,2015
Syrian Arab Republic,SYR,Health,31.313,2016
Syrian Arab Republic,SYR,Health,27.778,2017
Syrian Arab Republic,SYR,Health,27.778,2018
Syrian Arab Republic,SYR,Health,53.535,2019
Syrian Arab Republic,SYR,Health,20.202,2020
Syrian Arab Republic,SYR,Health,16.667,2021
Syrian Arab Republic,SYR,Health,15.657,2022
Syrian Arab Republic,SYR,Health,1.010,2023
Syrian Arab Republic,SYR,Leadership,0.000,1960
Syrian Arab Republic,SYR,Leadership,0.000,1961
Syrian Arab Republic,SYR,Leadership,0.000,1962
Syrian Arab Republic,SYR,Leadership,0.000,1963
Syrian Arab Republic,SYR,Leadership,0.000,1964
Syrian Arab Republic,SYR,Leadership,0.000,1965
Syrian Arab Republic,SYR,Leadership,0.000,1966
Syrian Arab Republic,SYR,Leadership,0.000,1967
Syrian Arab Republic,SYR,Leadership,0.000,1968
Syrian Arab Republic,SYR,Leadership,0.000,1969
Syrian Arab Republic,SYR,Leadership,0.000,1970
Syrian Arab Republic,SYR,Leadership,0.000,1971
Syrian Arab Republic,SYR,Leadership,0.000,1972
Syrian Arab Republic,SYR,Leadership,0.000,1973
Syrian Arab Republic,SYR,Leadership,0.000,1974
Syrian Arab Republic,SYR,Leadership,0.000,1975
Syrian Arab Republic,SYR,Leadership,0.000,1976
Syrian Arab Republic,SYR,Leadership,0.000,1977
Syrian Arab Republic,SYR,Leadership,0.000,1978
Syrian Arab Republic,SYR,Leadership,0.000,1979
Syrian Arab Republic,SYR,Leadership,0.000,1980
Syrian Arab Republic,SYR,Leadership,0.000,1981
Syrian Arab Republic,SYR,Leadership,0.000,1982
Syrian Arab Republic,SYR,Leadership,0.000,1983
Syrian Arab Republic,SYR,Leadership,0.000,1984
Syrian Arab Republic,SYR,Leadership,0.000,1985
Syrian Arab Republic,SYR,Leadership,0.000,1986
Syrian Arab Republic,SYR,Leadership,0.000,1987
Syrian Arab Republic,SYR,Leadership,0.000,1988
Syrian Arab Republic,SYR,Leadership,0.000,1989
Syrian Arab Republic,SYR,Leadership,0.000,1990
Syrian Arab Republic,SYR,Leadership,0.000,1991
Syrian Arab Republic,SYR,Leadership,0.000,1992
Syrian Arab Republic,SYR,Leadership,0.000,1993
Syrian Arab Republic,SYR,Leadership,0.000,1994
Syrian Arab Republic,SYR,Leadership,0.000,1995
Syrian Arab Republic,SYR,Leadership,0.000,1996
Syrian Arab Republic,SYR,Leadership,25.000,1997
Syrian Arab Republic,SYR,Leadership,25.000,1998
Syrian Arab Republic,SYR,Leadership,25.000,1999
Syrian Arab Republic,SYR,Leadership,25.000,2000
Syrian Arab Republic,SYR,Leadership,25.000,2001
Syrian Arab Republic,SYR,Leadership,25.000,2002
Syrian Arab Republic,SYR,Leadership,25.000,2003
Syrian Arab Republic,SYR,Leadership,25.000,2004
Syrian Arab Republic,SYR,Leadership,50.000,2005
Syrian Arab Republic,SYR,Leadership,25.000,2006
Syrian Arab Republic,SYR,Leadership,25.000,2007
Syrian Arab Republic,SYR,Leadership,50.000,2008
Syrian Arab Republic,SYR,Leadership,50.000,2009
Syrian Arab Republic,SYR,Leadership,50.000,2010
Syrian Arab Republic,SYR,Leadership,25.000,2011
Syrian Arab Republic,SYR,Leadership,50.000,2012
Syrian Arab Republic,SYR,Leadership,25.000,2013
Syrian Arab Republic,SYR,Leadership,50.000,2014
Syrian Arab Republic,SYR,Leadership,50.000,2015
Syrian Arab Republic,SYR,Leadership,50.000,2016
Syrian Arab Republic,SYR,Leadership,25.000,2017
Syrian Arab Republic,SYR,Leadership,50.000,2018
Syrian Arab Republic,SYR,Leadership,50.000,2019
Syrian Arab Republic,SYR,Leadership,50.000,2020
Syrian Arab Republic,SYR,Leadership,25.000,2021
Syrian Arab Republic,SYR,Leadership,50.000,2022
Syrian Arab Republic,SYR,Leadership,25.000,2023
Syrian Arab Republic,SYR,Norms and Decision-making,0.000,1960
Syrian Arab Republic,SYR,Norms and Decision-making,0.000,1961
Syrian Arab Republic,SYR,Norms and Decision-making,0.000,1962
Syrian Arab Republic,SYR,Norms and Decision-making,0.000,1963
Syrian Arab Republic,SYR,Norms and Decision-making,0.000,1964
Syrian Arab Republic,SYR,Norms and Decision-making,0.000,1965
Syrian Arab Republic,SYR,Norms and Decision-making,0.000,1966
Syrian Arab Republic,SYR,Norms and Decision-making,0.000,1967
Syrian Arab Republic,SYR,Norms and Decision-making,0.000,1968
Syrian Arab Republic,SYR,Norms and Decision-making,0.000,1969
Syrian Arab Republic,SYR,Norms and Decision-making,14.074,1970
Syrian Arab Republic,SYR,Norms and Decision-making,12.593,1971
Syrian Arab Republic,SYR,Norms and Decision-making,12.593,1972
Syrian Arab Republic,SYR,Norms and Decision-making,12.593,1973
Syrian Arab Republic,SYR,Norms and Decision-making,12.593,1974
Syrian Arab Republic,SYR,Norms and Decision-making,12.593,1975
Syrian Arab Republic,SYR,Norms and Decision-making,12.593,1976
Syrian Arab Republic,SYR,Norms and Decision-making,12.593,1977
Syrian Arab Republic,SYR,Norms and Decision-making,14.074,1978
Syrian Arab Republic,SYR,Norms and Decision-making,12.593,1979
Syrian Arab Republic,SYR,Norms and Decision-making,12.593,1980
Syrian Arab Republic,SYR,Norms and Decision-making,14.074,1981
Syrian Arab Republic,SYR,Norms and Decision-making,12.593,1982
Syrian Arab Republic,SYR,Norms and Decision-making,12.593,1983
Syrian Arab Republic,SYR,Norms and Decision-making,12.593,1984
Syrian Arab Republic,SYR,Norms and Decision-making,12.593,1985
Syrian Arab Republic,SYR,Norms and Decision-making,12.593,1986
Syrian Arab Republic,SYR,Norms and Decision-making,12.593,1987
Syrian Arab Republic,SYR,Norms and Decision-making,12.593,1988
Syrian Arab Republic,SYR,Norms and Decision-making,12.593,1989
Syrian Arab Republic,SYR,Norms and Decision-making,12.593,1990
Syrian Arab Republic,SYR,Norms and Decision-making,12.593,1991
Syrian Arab Republic,SYR,Norms and Decision-making,12.593,1992
Syrian Arab Republic,SYR,Norms and Decision-making,12.593,1993
Syrian Arab Republic,SYR,Norms and Decision-making,12.593,1994
Syrian Arab Republic,SYR,Norms and Decision-making,12.593,1995
Syrian Arab Republic,SYR,Norms and Decision-making,12.593,1996
Syrian Arab Republic,SYR,Norms and Decision-making,12.593,1997
Syrian Arab Republic,SYR,Norms and Decision-making,12.593,1998
Syrian Arab Republic,SYR,Norms and Decision-making,12.593,1999
Syrian Arab Republic,SYR,Norms and Decision-making,12.593,2000
Syrian Arab Republic,SYR,Norms and Decision-making,14.074,2001
Syrian Arab Republic,SYR,Norms and Decision-making,12.593,2002
Syrian Arab Republic,SYR,Norms and Decision-making,12.593,2003
Syrian Arab Republic,SYR,Norms and Decision-making,12.593,2004
Syrian Arab Republic,SYR,Norms and Decision-making,12.593,2005
Syrian Arab Republic,SYR,Norms and Decision-making,16.296,2006
Syrian Arab Republic,SYR,Norms and Decision-making,12.593,2007
Syrian Arab Republic,SYR,Norms and Decision-making,12.593,2008
Syrian Arab Republic,SYR,Norms and Decision-making,12.593,2009
Syrian Arab Republic,SYR,Norms and Decision-making,12.593,2010
Syrian Arab Republic,SYR,Norms and Decision-making,12.593,2011
Syrian Arab Republic,SYR,Norms and Decision-making,12.593,2012
Syrian Arab Republic,SYR,Norms and Decision-making,12.593,2013
Syrian Arab Republic,SYR,Norms and Decision-making,12.593,2014
Syrian Arab Republic,SYR,Norms and Decision-making,12.593,2015
Syrian Arab Republic,SYR,Norms and Decision-making,12.593,2016
Syrian Arab Republic,SYR,Norms and Decision-making,12.593,2017
Syrian Arab Republic,SYR,Norms and Decision-making,12.593,2018
Syrian Arab Republic,SYR,Norms and Decision-making,12.593,2019
Syrian Arab Republic,SYR,Norms and Decision-making,12.593,2020
Syrian Arab Republic,SYR,Norms and Decision-making,12.593,2021
Syrian Arab Republic,SYR,Norms and Decision-making,12.593,2022
Syrian Arab Republic,SYR,Norms and Decision-making,12.593,2023
Syrian Arab Republic,SYR,Population,86.905,1960
Syrian Arab Republic,SYR,Population,86.905,1961
Syrian Arab Republic,SYR,Population,86.905,1962
Syrian Arab Republic,SYR,Population,86.905,1963
Syrian Arab Republic,SYR,Population,86.905,1964
Syrian Arab Republic,SYR,Population,86.905,1965
Syrian Arab Republic,SYR,Population,86.905,1966
Syrian Arab Republic,SYR,Population,86.905,1967
Syrian Arab Republic,SYR,Population,86.905,1968
Syrian Arab Republic,SYR,Population,86.905,1969
Syrian Arab Republic,SYR,Population,89.286,1970
Syrian Arab Republic,SYR,Population,86.905,1971
Syrian Arab Republic,SYR,Population,86.905,1972
Syrian Arab Republic,SYR,Population,86.905,1973
Syrian Arab Republic,SYR,Population,86.905,1974
Syrian Arab Republic,SYR,Population,86.905,1975
Syrian Arab Republic,SYR,Population,86.905,1976
Syrian Arab Republic,SYR,Population,86.905,1977
Syrian Arab Republic,SYR,Population,89.286,1978
Syrian Arab Republic,SYR,Population,86.905,1979
Syrian Arab Republic,SYR,Population,91.667,1980
Syrian Arab Republic,SYR,Population,89.286,1981
Syrian Arab Republic,SYR,Population,86.905,1982
Syrian Arab Republic,SYR,Population,86.905,1983
Syrian Arab Republic,SYR,Population,86.905,1984
Syrian Arab Republic,SYR,Population,91.667,1985
Syrian Arab Republic,SYR,Population,86.905,1986
Syrian Arab Republic,SYR,Population,86.905,1987
Syrian Arab Republic,SYR,Population,86.905,1988
Syrian Arab Republic,SYR,Population,86.905,1989
Syrian Arab Republic,SYR,Population,92.857,1990
Syrian Arab Republic,SYR,Population,86.905,1991
Syrian Arab Republic,SYR,Population,86.905,1992
Syrian Arab Republic,SYR,Population,86.905,1993
Syrian Arab Republic,SYR,Population,86.905,1994
Syrian Arab Republic,SYR,Population,92.857,1995
Syrian Arab Republic,SYR,Population,86.905,1996
Syrian Arab Republic,SYR,Population,86.905,1997
Syrian Arab Republic,SYR,Population,86.905,1998
Syrian Arab Republic,SYR,Population,86.905,1999
Syrian Arab Republic,SYR,Population,92.857,2000
Syrian Arab Republic,SYR,Population,89.286,2001
Syrian Arab Republic,SYR,Population,86.905,2002
Syrian Arab Republic,SYR,Population,86.905,2003
Syrian Arab Republic,SYR,Population,86.905,2004
Syrian Arab Republic,SYR,Population,92.857,2005
Syrian Arab Republic,SYR,Population,91.667,2006
Syrian Arab Republic,SYR,Population,86.905,2007
Syrian Arab Republic,SYR,Population,86.905,2008
Syrian Arab Republic,SYR,Population,86.905,2009
Syrian Arab Republic,SYR,Population,92.857,2010
Syrian Arab Republic,SYR,Population,86.905,2011
Syrian Arab Republic,SYR,Population,86.905,2012
Syrian Arab Republic,SYR,Population,86.905,2013
Syrian Arab Republic,SYR,Population,86.905,2014
Syrian Arab Republic,SYR,Population,92.857,2015
Syrian Arab Republic,SYR,Population,86.905,2016
Syrian Arab Republic,SYR,Population,86.905,2017
Syrian Arab Republic,SYR,Population,86.905,2018
Syrian Arab Republic,SYR,Population,86.905,2019
Syrian Arab Republic,SYR,Population,88.095,2020
Syrian Arab Republic,SYR,Population,86.905,2021
Syrian Arab Republic,SYR,Population,86.905,2022
Syrian Arab Republic,SYR,Population,77.381,2023
Syrian Arab Republic,SYR,SDGs,2.685,1960
Syrian Arab Republic,SYR,SDGs,2.685,1961
Syrian Arab Republic,SYR,SDGs,2.685,1962
Syrian Arab Republic,SYR,SDGs,2.685,1963
Syrian Arab Republic,SYR,SDGs,2.685,1964
Syrian Arab Republic,SYR,SDGs,2.685,1965
Syrian Arab Republic,SYR,SDGs,2.685,1966
Syrian Arab Republic,SYR,SDGs,2.685,1967
Syrian Arab Republic,SYR,SDGs,2.685,1968
Syrian Arab Republic,SYR,SDGs,3.356,1969
Syrian Arab Republic,SYR,SDGs,13.423,1970
Syrian Arab Republic,SYR,SDGs,13.423,1971
Syrian Arab Republic,SYR,SDGs,13.423,1972
Syrian Arab Republic,SYR,SDGs,13.423,1973
Syrian Arab Republic,SYR,SDGs,13.423,1974
Syrian Arab Republic,SYR,SDGs,12.081,1975
Syrian Arab Republic,SYR,SDGs,13.423,1976
Syrian Arab Republic,SYR,SDGs,13.423,1977
Syrian Arab Republic,SYR,SDGs,13.423,1978
Syrian Arab Republic,SYR,SDGs,13.423,1979
Syrian Arab Republic,SYR,SDGs,12.081,1980
Syrian Arab Republic,SYR,SDGs,12.081,1981
Syrian Arab Republic,SYR,SDGs,12.081,1982
Syrian Arab Republic,SYR,SDGs,14.094,1983
Syrian Arab Republic,SYR,SDGs,14.094,1984
Syrian Arab Republic,SYR,SDGs,12.081,1985
Syrian Arab Republic,SYR,SDGs,12.081,1986
Syrian Arab Republic,SYR,SDGs,12.081,1987
Syrian Arab Republic,SYR,SDGs,12.081,1988
Syrian Arab Republic,SYR,SDGs,14.094,1989
Syrian Arab Republic,SYR,SDGs,16.107,1990
Syrian Arab Republic,SYR,SDGs,22.148,1991
Syrian Arab Republic,SYR,SDGs,20.134,1992
Syrian Arab Republic,SYR,SDGs,22.819,1993
Syrian Arab Republic,SYR,SDGs,22.148,1994
Syrian Arab Republic,SYR,SDGs,22.148,1995
Syrian Arab Republic,SYR,SDGs,20.134,1996
Syrian Arab Republic,SYR,SDGs,20.805,1997
Syrian Arab Republic,SYR,SDGs,21.477,1998
Syrian Arab Republic,SYR,SDGs,23.490,1999
Syrian Arab Republic,SYR,SDGs,64.430,2000
Syrian Arab Republic,SYR,SDGs,36.242,2001
Syrian Arab Republic,SYR,SDGs,38.255,2002
Syrian Arab Republic,SYR,SDGs,38.255,2003
Syrian Arab Republic,SYR,SDGs,34.899,2004
Syrian Arab Republic,SYR,SDGs,34.228,2005
Syrian Arab Republic,SYR,SDGs,38.255,2006
Syrian Arab Republic,SYR,SDGs,38.255,2007
Syrian Arab Republic,SYR,SDGs,38.255,2008
Syrian Arab Republic,SYR,SDGs,38.926,2009
Syrian Arab Republic,SYR,SDGs,68.456,2010
Syrian Arab Republic,SYR,SDGs,35.570,2011
Syrian Arab Republic,SYR,SDGs,33.557,2012
Syrian Arab Republic,SYR,SDGs,33.557,2013
Syrian Arab Republic,SYR,SDGs,33.557,2014
Syrian Arab Republic,SYR,SDGs,63.758,2015
Syrian Arab Republic,SYR,SDGs,33.557,2016
Syrian Arab Republic,SYR,SDGs,32.215,2017
Syrian Arab Republic,SYR,SDGs,32.215,2018
Syrian Arab Republic,SYR,SDGs,66.443,2019
Syrian Arab Republic,SYR,SDGs,24.161,2020
Syrian Arab Republic,SYR,SDGs,21.477,2021
Syrian Arab Republic,SYR,SDGs,21.477,2022
Syrian Arab Republic,SYR,SDGs,14.094,2023
Syrian Arab Republic,SYR,Technology,2.222,1960
Syrian Arab Republic,SYR,Technology,0.000,1961
Syrian Arab Republic,SYR,Technology,0.000,1962
Syrian Arab Republic,SYR,Technology,0.000,1963
Syrian Arab Republic,SYR,Technology,0.000,1964
Syrian Arab Republic,SYR,Technology,2.222,1965
Syrian Arab Republic,SYR,Technology,0.000,1966
Syrian Arab Republic,SYR,Technology,0.000,1967
Syrian Arab Republic,SYR,Technology,0.000,1968
Syrian Arab Republic,SYR,Technology,0.000,1969
Syrian Arab Republic,SYR,Technology,2.222,1970
Syrian Arab Republic,SYR,Technology,0.000,1971
Syrian Arab Republic,SYR,Technology,0.000,1972
Syrian Arab Republic,SYR,Technology,0.000,1973
Syrian Arab Republic,SYR,Technology,0.000,1974
Syrian Arab Republic,SYR,Technology,2.222,1975
Syrian Arab Republic,SYR,Technology,2.222,1976
Syrian Arab Republic,SYR,Technology,2.222,1977
Syrian Arab Republic,SYR,Technology,2.222,1978
Syrian Arab Republic,SYR,Technology,2.222,1979
Syrian Arab Republic,SYR,Technology,2.222,1980
Syrian Arab Republic,SYR,Technology,2.222,1981
Syrian Arab Republic,SYR,Technology,2.222,1982
Syrian Arab Republic,SYR,Technology,2.222,1983
Syrian Arab Republic,SYR,Technology,2.222,1984
Syrian Arab Republic,SYR,Technology,2.222,1985
Syrian Arab Republic,SYR,Technology,2.222,1986
Syrian Arab Republic,SYR,Technology,2.222,1987
Syrian Arab Republic,SYR,Technology,2.222,1988
Syrian Arab Republic,SYR,Technology,2.222,1989
Syrian Arab Republic,SYR,Technology,2.222,1990
Syrian Arab Republic,SYR,Technology,2.222,1991
Syrian Arab Republic,SYR,Technology,2.222,1992
Syrian Arab Republic,SYR,Technology,2.222,1993
Syrian Arab Republic,SYR,Technology,2.222,1994
Syrian Arab Republic,SYR,Technology,2.222,1995
Syrian Arab Republic,SYR,Technology,2.222,1996
Syrian Arab Republic,SYR,Technology,2.222,1997
Syrian Arab Republic,SYR,Technology,2.222,1998
Syrian Arab Republic,SYR,Technology,2.222,1999
Syrian Arab Republic,SYR,Technology,2.222,2000
Syrian Arab Republic,SYR,Technology,2.222,2001
Syrian Arab Republic,SYR,Technology,2.222,2002
Syrian Arab Republic,SYR,Technology,2.222,2003
Syrian Arab Republic,SYR,Technology,2.222,2004
Syrian Arab Republic,SYR,Technology,2.222,2005
Syrian Arab Republic,SYR,Technology,2.222,2006
Syrian Arab Republic,SYR,Technology,2.222,2007
Syrian Arab Republic,SYR,Technology,2.222,2008
Syrian Arab Republic,SYR,Technology,2.222,2009
Syrian Arab Republic,SYR,Technology,2.222,2010
Syrian Arab Republic,SYR,Technology,11.111,2011
Syrian Arab Republic,SYR,Technology,4.444,2012
Syrian Arab Republic,SYR,Technology,4.444,2013
Syrian Arab Republic,SYR,Technology,4.444,2014
Syrian Arab Republic,SYR,Technology,4.444,2015
Syrian Arab Republic,SYR,Technology,8.889,2016
Syrian Arab Republic,SYR,Technology,2.222,2017
Syrian Arab Republic,SYR,Technology,2.222,2018
Syrian Arab Republic,SYR,Technology,2.222,2019
Syrian Arab Republic,SYR,Technology,2.222,2020
Syrian Arab Republic,SYR,Technology,0.000,2021
Syrian Arab Republic,SYR,Technology,0.000,2022
Syrian Arab Republic,SYR,Technology,0.000,2023
Syrian Arab Republic,SYR,Violence,0.000,1960
Syrian Arab Republic,SYR,Violence,0.000,1961
Syrian Arab Republic,SYR,Violence,0.000,1962
Syrian Arab Republic,SYR,Violence,0.000,1963
Syrian Arab Republic,SYR,Violence,0.000,1964
Syrian Arab Republic,SYR,Violence,0.000,1965
Syrian Arab Republic,SYR,Violence,0.000,1966
Syrian Arab Republic,SYR,Violence,0.000,1967
Syrian Arab Republic,SYR,Violence,0.000,1968
Syrian Arab Republic,SYR,Violence,0.000,1969
Syrian Arab Republic,SYR,Violence,2.143,1970
Syrian Arab Republic,SYR,Violence,2.143,1971
Syrian Arab Republic,SYR,Violence,2.143,1972
Syrian Arab Republic,SYR,Violence,2.143,1973
Syrian Arab Republic,SYR,Violence,2.143,1974
Syrian Arab Republic,SYR,Violence,2.143,1975
Syrian Arab Republic,SYR,Violence,2.143,1976
Syrian Arab Republic,SYR,Violence,2.143,1977
Syrian Arab Republic,SYR,Violence,2.143,1978
Syrian Arab Republic,SYR,Violence,2.143,1979
Syrian Arab Republic,SYR,Violence,2.143,1980
Syrian Arab Republic,SYR,Violence,2.143,1981
Syrian Arab Republic,SYR,Violence,2.143,1982
Syrian Arab Republic,SYR,Violence,2.143,1983
Syrian Arab Republic,SYR,Violence,2.143,1984
Syrian Arab Republic,SYR,Violence,2.143,1985
Syrian Arab Republic,SYR,Violence,2.143,1986
Syrian Arab Republic,SYR,Violence,2.143,1987
Syrian Arab Republic,SYR,Violence,2.143,1988
Syrian Arab Republic,SYR,Violence,2.143,1989
Syrian Arab Republic,SYR,Violence,2.143,1990
Syrian Arab Republic,SYR,Violence,2.143,1991
Syrian Arab Republic,SYR,Violence,2.143,1992
Syrian Arab Republic,SYR,Violence,2.143,1993
Syrian Arab Republic,SYR,Violence,2.143,1994
Syrian Arab Republic,SYR,Violence,2.143,1995
Syrian Arab Republic,SYR,Violence,2.143,1996
Syrian Arab Republic,SYR,Violence,2.857,1997
Syrian Arab Republic,SYR,Violence,2.857,1998
Syrian Arab Republic,SYR,Violence,2.857,1999
Syrian Arab Republic,SYR,Violence,5.000,2000
Syrian Arab Republic,SYR,Violence,5.000,2001
Syrian Arab Republic,SYR,Violence,5.000,2002
Syrian Arab Republic,SYR,Violence,5.000,2003
Syrian Arab Republic,SYR,Violence,5.000,2004
Syrian Arab Republic,SYR,Violence,5.000,2005
Syrian Arab Republic,SYR,Violence,6.429,2006
Syrian Arab Republic,SYR,Violence,5.000,2007
Syrian Arab Republic,SYR,Violence,5.000,2008
Syrian Arab Republic,SYR,Violence,5.000,2009
Syrian Arab Republic,SYR,Violence,5.000,2010
Syrian Arab Republic,SYR,Violence,4.286,2011
Syrian Arab Republic,SYR,Violence,4.286,2012
Syrian Arab Republic,SYR,Violence,4.286,2013
Syrian Arab Republic,SYR,Violence,4.286,2014
Syrian Arab Republic,SYR,Violence,4.286,2015
Syrian Arab Republic,SYR,Violence,4.286,2016
Syrian Arab Republic,SYR,Violence,4.286,2017
Syrian Arab Republic,SYR,Violence,4.286,2018
Syrian Arab Republic,SYR,Violence,4.286,2019
Syrian Arab Republic,SYR,Violence,2.143,2020
Syrian Arab Republic,SYR,Violence,2.143,2021
Syrian Arab Republic,SYR,Violence,2.143,2022
Syrian Arab Republic,SYR,Violence,2.143,2023
Syrian Arab Republic,SYR,Youth 15-24,7.339,1960
Syrian Arab Republic,SYR,Youth 15-24,4.587,1961
Syrian Arab Republic,SYR,Youth 15-24,4.587,1962
Syrian Arab Republic,SYR,Youth 15-24,4.587,1963
Syrian Arab Republic,SYR,Youth 15-24,4.587,1964
Syrian Arab Republic,SYR,Youth 15-24,4.587,1965
Syrian Arab Republic,SYR,Youth 15-24,4.587,1966
Syrian Arab Republic,SYR,Youth 15-24,4.587,1967
Syrian Arab Republic,SYR,Youth 15-24,4.587,1968
Syrian Arab Republic,SYR,Youth 15-24,4.587,1969
Syrian Arab Republic,SYR,Youth 15-24,10.092,1970
Syrian Arab Republic,SYR,Youth 15-24,23.853,1971
Syrian Arab Republic,SYR,Youth 15-24,21.101,1972
Syrian Arab Republic,SYR,Youth 15-24,23.853,1973
Syrian Arab Republic,SYR,Youth 15-24,23.853,1974
Syrian Arab Republic,SYR,Youth 15-24,21.101,1975
Syrian Arab Republic,SYR,Youth 15-24,23.853,1976
Syrian Arab Republic,SYR,Youth 15-24,23.853,1977
Syrian Arab Republic,SYR,Youth 15-24,23.853,1978
Syrian Arab Republic,SYR,Youth 15-24,23.853,1979
Syrian Arab Republic,SYR,Youth 15-24,23.853,1980
Syrian Arab Republic,SYR,Youth 15-24,33.945,1981
Syrian Arab Republic,SYR,Youth 15-24,21.101,1982
Syrian Arab Republic,SYR,Youth 15-24,23.853,1983
Syrian Arab Republic,SYR,Youth 15-24,23.853,1984
Syrian Arab Republic,SYR,Youth 15-24,21.101,1985
Syrian Arab Republic,SYR,Youth 15-24,21.101,1986
Syrian Arab Republic,SYR,Youth 15-24,21.101,1987
Syrian Arab Republic,SYR,Youth 15-24,21.101,1988
Syrian Arab Republic,SYR,Youth 15-24,21.101,1989
Syrian Arab Republic,SYR,Youth 15-24,28.440,1990
Syrian Arab Republic,SYR,Youth 15-24,34.862,1991
Syrian Arab Republic,SYR,Youth 15-24,34.862,1992
Syrian Arab Republic,SYR,Youth 15-24,34.862,1993
Syrian Arab Republic,SYR,Youth 15-24,32.110,1994
Syrian Arab Republic,SYR,Youth 15-24,34.862,1995
Syrian Arab Republic,SYR,Youth 15-24,31.193,1996
Syrian Arab Republic,SYR,Youth 15-24,31.193,1997
Syrian Arab Republic,SYR,Youth 15-24,43.119,1998
Syrian Arab Republic,SYR,Youth 15-24,45.872,1999
Syrian Arab Republic,SYR,Youth 15-24,45.872,2000
Syrian Arab Republic,SYR,Youth 15-24,45.872,2001
Syrian Arab Republic,SYR,Youth 15-24,71.560,2002
Syrian Arab Republic,SYR,Youth 15-24,55.963,2003
Syrian Arab Republic,SYR,Youth 15-24,56.881,2004
Syrian Arab Republic,SYR,Youth 15-24,49.541,2005
Syrian Arab Republic,SYR,Youth 15-24,55.046,2006
Syrian Arab Republic,SYR,Youth 15-24,64.220,2007
Syrian Arab Republic,SYR,Youth 15-24,66.972,2008
Syrian Arab Republic,SYR,Youth 15-24,66.972,2009
Syrian Arab Republic,SYR,Youth 15-24,53.211,2010
Syrian Arab Republic,SYR,Youth 15-24,51.376,2011
Syrian Arab Republic,SYR,Youth 15-24,51.376,2012
Syrian Arab Republic,SYR,Youth 15-24,50.459,2013
Syrian Arab Republic,SYR,Youth 15-24,32.110,2014
Syrian Arab Republic,SYR,Youth 15-24,28.440,2015
Syrian Arab Republic,SYR,Youth 15-24,33.028,2016
Syrian Arab Republic,SYR,Youth 15-24,18.349,2017
Syrian Arab Republic,SYR,Youth 15-24,18.349,2018
Syrian Arab Republic,SYR,Youth 15-24,18.349,2019
Syrian Arab Republic,SYR,Youth 15-24,22.018,2020
Syrian Arab Republic,SYR,Youth 15-24,25.688,2021
Syrian Arab Republic,SYR,Youth 15-24,22.018,2022
Syrian Arab Republic,SYR,Youth 15-24,16.514,2023
