Country Name,Country Code,Topic,% of available indicators,Year
Tanzania,TZA,Assets,0.000,1960
Tanzania,TZA,Assets,0.000,1961
Tanzania,TZA,Assets,0.000,1962
Tanzania,TZA,Assets,0.000,1963
Tanzania,TZA,Assets,0.000,1964
Tanzania,TZA,Assets,0.000,1965
Tanzania,TZA,Assets,0.000,1966
Tanzania,TZA,Assets,0.000,1967
Tanzania,TZA,Assets,0.000,1968
Tanzania,TZA,Assets,0.000,1969
Tanzania,TZA,Assets,2.208,1970
Tanzania,TZA,Assets,2.208,1971
Tanzania,TZA,Assets,2.208,1972
Tanzania,TZA,Assets,2.208,1973
Tanzania,TZA,Assets,2.208,1974
Tanzania,TZA,Assets,2.208,1975
Tanzania,TZA,Assets,2.208,1976
Tanzania,TZA,Assets,2.208,1977
Tanzania,TZA,Assets,2.208,1978
Tanzania,TZA,Assets,2.208,1979
Tanzania,TZA,Assets,2.208,1980
Tanzania,TZA,Assets,2.208,1981
Tanzania,TZA,Assets,2.208,1982
Tanzania,TZA,Assets,2.208,1983
Tanzania,TZA,Assets,2.208,1984
Tanzania,TZA,Assets,2.208,1985
Tanzania,TZA,Assets,2.208,1986
Tanzania,TZA,Assets,2.208,1987
Tanzania,TZA,Assets,2.208,1988
Tanzania,TZA,Assets,2.208,1989
Tanzania,TZA,Assets,2.208,1990
Tanzania,TZA,Assets,2.208,1991
Tanzania,TZA,Assets,2.208,1992
Tanzania,TZA,Assets,2.208,1993
Tanzania,TZA,Assets,2.208,1994
Tanzania,TZA,Assets,2.208,1995
Tanzania,TZA,Assets,2.208,1996
Tanzania,TZA,Assets,2.208,1997
Tanzania,TZA,Assets,2.208,1998
Tanzania,TZA,Assets,2.208,1999
Tanzania,TZA,Assets,2.208,2000
Tanzania,TZA,Assets,2.208,2001
Tanzania,TZA,Assets,2.208,2002
Tanzania,TZA,Assets,2.208,2003
Tanzania,TZA,Assets,2.208,2004
Tanzania,TZA,Assets,2.208,2005
Tanzania,TZA,Assets,2.208,2006
Tanzania,TZA,Assets,2.208,2007
Tanzania,TZA,Assets,2.208,2008
Tanzania,TZA,Assets,2.208,2009
Tanzania,TZA,Assets,2.208,2010
Tanzania,TZA,Assets,11.672,2011
Tanzania,TZA,Assets,2.208,2012
Tanzania,TZA,Assets,2.208,2013
Tanzania,TZA,Assets,31.546,2014
Tanzania,TZA,Assets,2.208,2015
Tanzania,TZA,Assets,32.492,2016
Tanzania,TZA,Assets,33.438,2017
Tanzania,TZA,Assets,2.208,2018
Tanzania,TZA,Assets,2.208,2019
Tanzania,TZA,Assets,2.208,2020
Tanzania,TZA,Assets,63.091,2021
Tanzania,TZA,Assets,29.968,2022
Tanzania,TZA,Assets,2.208,2023
Tanzania,TZA,Children 0-14,19.231,1960
Tanzania,TZA,Children 0-14,19.231,1961
Tanzania,TZA,Children 0-14,19.231,1962
Tanzania,TZA,Children 0-14,19.231,1963
Tanzania,TZA,Children 0-14,19.231,1964
Tanzania,TZA,Children 0-14,19.231,1965
Tanzania,TZA,Children 0-14,19.231,1966
Tanzania,TZA,Children 0-14,19.231,1967
Tanzania,TZA,Children 0-14,19.231,1968
Tanzania,TZA,Children 0-14,19.231,1969
Tanzania,TZA,Children 0-14,23.077,1970
Tanzania,TZA,Children 0-14,24.615,1971
Tanzania,TZA,Children 0-14,24.615,1972
Tanzania,TZA,Children 0-14,24.615,1973
Tanzania,TZA,Children 0-14,26.154,1974
Tanzania,TZA,Children 0-14,27.692,1975
Tanzania,TZA,Children 0-14,29.231,1976
Tanzania,TZA,Children 0-14,23.077,1977
Tanzania,TZA,Children 0-14,23.077,1978
Tanzania,TZA,Children 0-14,23.077,1979
Tanzania,TZA,Children 0-14,29.231,1980
Tanzania,TZA,Children 0-14,36.923,1981
Tanzania,TZA,Children 0-14,36.923,1982
Tanzania,TZA,Children 0-14,36.923,1983
Tanzania,TZA,Children 0-14,30.769,1984
Tanzania,TZA,Children 0-14,35.385,1985
Tanzania,TZA,Children 0-14,36.923,1986
Tanzania,TZA,Children 0-14,36.923,1987
Tanzania,TZA,Children 0-14,36.923,1988
Tanzania,TZA,Children 0-14,35.385,1989
Tanzania,TZA,Children 0-14,33.846,1990
Tanzania,TZA,Children 0-14,48.462,1991
Tanzania,TZA,Children 0-14,40.000,1992
Tanzania,TZA,Children 0-14,36.923,1993
Tanzania,TZA,Children 0-14,35.385,1994
Tanzania,TZA,Children 0-14,32.308,1995
Tanzania,TZA,Children 0-14,48.462,1996
Tanzania,TZA,Children 0-14,36.923,1997
Tanzania,TZA,Children 0-14,39.231,1998
Tanzania,TZA,Children 0-14,53.846,1999
Tanzania,TZA,Children 0-14,50.769,2000
Tanzania,TZA,Children 0-14,41.538,2001
Tanzania,TZA,Children 0-14,44.615,2002
Tanzania,TZA,Children 0-14,36.154,2003
Tanzania,TZA,Children 0-14,56.923,2004
Tanzania,TZA,Children 0-14,47.692,2005
Tanzania,TZA,Children 0-14,43.846,2006
Tanzania,TZA,Children 0-14,32.308,2007
Tanzania,TZA,Children 0-14,43.077,2008
Tanzania,TZA,Children 0-14,48.462,2009
Tanzania,TZA,Children 0-14,83.077,2010
Tanzania,TZA,Children 0-14,48.462,2011
Tanzania,TZA,Children 0-14,53.077,2012
Tanzania,TZA,Children 0-14,53.846,2013
Tanzania,TZA,Children 0-14,56.923,2014
Tanzania,TZA,Children 0-14,63.846,2015
Tanzania,TZA,Children 0-14,53.077,2016
Tanzania,TZA,Children 0-14,51.538,2017
Tanzania,TZA,Children 0-14,66.154,2018
Tanzania,TZA,Children 0-14,61.538,2019
Tanzania,TZA,Children 0-14,43.077,2020
Tanzania,TZA,Children 0-14,33.846,2021
Tanzania,TZA,Children 0-14,47.692,2022
Tanzania,TZA,Children 0-14,19.231,2023
Tanzania,TZA,Education,0.000,1960
Tanzania,TZA,Education,0.000,1961
Tanzania,TZA,Education,0.000,1962
Tanzania,TZA,Education,0.000,1963
Tanzania,TZA,Education,0.000,1964
Tanzania,TZA,Education,0.000,1965
Tanzania,TZA,Education,0.000,1966
Tanzania,TZA,Education,0.000,1967
Tanzania,TZA,Education,0.000,1968
Tanzania,TZA,Education,0.000,1969
Tanzania,TZA,Education,15.337,1970
Tanzania,TZA,Education,16.564,1971
Tanzania,TZA,Education,17.178,1972
Tanzania,TZA,Education,17.178,1973
Tanzania,TZA,Education,17.791,1974
Tanzania,TZA,Education,18.405,1975
Tanzania,TZA,Education,20.245,1976
Tanzania,TZA,Education,14.724,1977
Tanzania,TZA,Education,15.337,1978
Tanzania,TZA,Education,15.337,1979
Tanzania,TZA,Education,9.202,1980
Tanzania,TZA,Education,20.859,1981
Tanzania,TZA,Education,25.153,1982
Tanzania,TZA,Education,24.540,1983
Tanzania,TZA,Education,12.883,1984
Tanzania,TZA,Education,20.859,1985
Tanzania,TZA,Education,25.153,1986
Tanzania,TZA,Education,25.767,1987
Tanzania,TZA,Education,27.607,1988
Tanzania,TZA,Education,21.472,1989
Tanzania,TZA,Education,13.497,1990
Tanzania,TZA,Education,25.153,1991
Tanzania,TZA,Education,25.153,1992
Tanzania,TZA,Education,24.540,1993
Tanzania,TZA,Education,23.926,1994
Tanzania,TZA,Education,22.086,1995
Tanzania,TZA,Education,23.313,1996
Tanzania,TZA,Education,25.767,1997
Tanzania,TZA,Education,18.405,1998
Tanzania,TZA,Education,20.245,1999
Tanzania,TZA,Education,17.178,2000
Tanzania,TZA,Education,22.086,2001
Tanzania,TZA,Education,32.515,2002
Tanzania,TZA,Education,17.791,2003
Tanzania,TZA,Education,26.994,2004
Tanzania,TZA,Education,25.153,2005
Tanzania,TZA,Education,20.245,2006
Tanzania,TZA,Education,13.497,2007
Tanzania,TZA,Education,19.632,2008
Tanzania,TZA,Education,14.724,2009
Tanzania,TZA,Education,55.215,2010
Tanzania,TZA,Education,12.270,2011
Tanzania,TZA,Education,50.307,2012
Tanzania,TZA,Education,27.607,2013
Tanzania,TZA,Education,41.104,2014
Tanzania,TZA,Education,36.196,2015
Tanzania,TZA,Education,40.491,2016
Tanzania,TZA,Education,48.466,2017
Tanzania,TZA,Education,54.601,2018
Tanzania,TZA,Education,23.926,2019
Tanzania,TZA,Education,47.853,2020
Tanzania,TZA,Education,22.086,2021
Tanzania,TZA,Education,20.245,2022
Tanzania,TZA,Education,12.270,2023
Tanzania,TZA,Employment and Time Use,0.000,1960
Tanzania,TZA,Employment and Time Use,0.000,1961
Tanzania,TZA,Employment and Time Use,0.000,1962
Tanzania,TZA,Employment and Time Use,0.000,1963
Tanzania,TZA,Employment and Time Use,0.000,1964
Tanzania,TZA,Employment and Time Use,0.000,1965
Tanzania,TZA,Employment and Time Use,0.000,1966
Tanzania,TZA,Employment and Time Use,0.000,1967
Tanzania,TZA,Employment and Time Use,0.000,1968
Tanzania,TZA,Employment and Time Use,0.000,1969
Tanzania,TZA,Employment and Time Use,21.168,1970
Tanzania,TZA,Employment and Time Use,21.168,1971
Tanzania,TZA,Employment and Time Use,21.168,1972
Tanzania,TZA,Employment and Time Use,21.168,1973
Tanzania,TZA,Employment and Time Use,21.168,1974
Tanzania,TZA,Employment and Time Use,21.168,1975
Tanzania,TZA,Employment and Time Use,21.168,1976
Tanzania,TZA,Employment and Time Use,21.168,1977
Tanzania,TZA,Employment and Time Use,26.277,1978
Tanzania,TZA,Employment and Time Use,21.168,1979
Tanzania,TZA,Employment and Time Use,21.168,1980
Tanzania,TZA,Employment and Time Use,21.168,1981
Tanzania,TZA,Employment and Time Use,21.168,1982
Tanzania,TZA,Employment and Time Use,21.168,1983
Tanzania,TZA,Employment and Time Use,21.168,1984
Tanzania,TZA,Employment and Time Use,21.168,1985
Tanzania,TZA,Employment and Time Use,21.168,1986
Tanzania,TZA,Employment and Time Use,21.168,1987
Tanzania,TZA,Employment and Time Use,21.168,1988
Tanzania,TZA,Employment and Time Use,21.168,1989
Tanzania,TZA,Employment and Time Use,31.387,1990
Tanzania,TZA,Employment and Time Use,58.394,1991
Tanzania,TZA,Employment and Time Use,56.204,1992
Tanzania,TZA,Employment and Time Use,56.204,1993
Tanzania,TZA,Employment and Time Use,56.204,1994
Tanzania,TZA,Employment and Time Use,56.204,1995
Tanzania,TZA,Employment and Time Use,56.204,1996
Tanzania,TZA,Employment and Time Use,56.204,1997
Tanzania,TZA,Employment and Time Use,56.204,1998
Tanzania,TZA,Employment and Time Use,56.204,1999
Tanzania,TZA,Employment and Time Use,56.204,2000
Tanzania,TZA,Employment and Time Use,89.051,2001
Tanzania,TZA,Employment and Time Use,58.394,2002
Tanzania,TZA,Employment and Time Use,56.204,2003
Tanzania,TZA,Employment and Time Use,56.204,2004
Tanzania,TZA,Employment and Time Use,58.394,2005
Tanzania,TZA,Employment and Time Use,90.511,2006
Tanzania,TZA,Employment and Time Use,56.204,2007
Tanzania,TZA,Employment and Time Use,82.482,2008
Tanzania,TZA,Employment and Time Use,58.394,2009
Tanzania,TZA,Employment and Time Use,87.591,2010
Tanzania,TZA,Employment and Time Use,86.131,2011
Tanzania,TZA,Employment and Time Use,88.321,2012
Tanzania,TZA,Employment and Time Use,86.131,2013
Tanzania,TZA,Employment and Time Use,95.620,2014
Tanzania,TZA,Employment and Time Use,56.204,2015
Tanzania,TZA,Employment and Time Use,56.204,2016
Tanzania,TZA,Employment and Time Use,56.204,2017
Tanzania,TZA,Employment and Time Use,56.204,2018
Tanzania,TZA,Employment and Time Use,56.204,2019
Tanzania,TZA,Employment and Time Use,87.591,2020
Tanzania,TZA,Employment and Time Use,56.204,2021
Tanzania,TZA,Employment and Time Use,56.204,2022
Tanzania,TZA,Employment and Time Use,59.124,2023
Tanzania,TZA,Entrepreneurship,0.000,1960
Tanzania,TZA,Entrepreneurship,0.000,1961
Tanzania,TZA,Entrepreneurship,0.000,1962
Tanzania,TZA,Entrepreneurship,0.000,1963
Tanzania,TZA,Entrepreneurship,0.000,1964
Tanzania,TZA,Entrepreneurship,0.000,1965
Tanzania,TZA,Entrepreneurship,0.000,1966
Tanzania,TZA,Entrepreneurship,0.000,1967
Tanzania,TZA,Entrepreneurship,0.000,1968
Tanzania,TZA,Entrepreneurship,0.000,1969
Tanzania,TZA,Entrepreneurship,9.375,1970
Tanzania,TZA,Entrepreneurship,9.375,1971
Tanzania,TZA,Entrepreneurship,9.375,1972
Tanzania,TZA,Entrepreneurship,9.375,1973
Tanzania,TZA,Entrepreneurship,9.375,1974
Tanzania,TZA,Entrepreneurship,9.375,1975
Tanzania,TZA,Entrepreneurship,9.375,1976
Tanzania,TZA,Entrepreneurship,9.375,1977
Tanzania,TZA,Entrepreneurship,9.375,1978
Tanzania,TZA,Entrepreneurship,9.375,1979
Tanzania,TZA,Entrepreneurship,9.375,1980
Tanzania,TZA,Entrepreneurship,9.375,1981
Tanzania,TZA,Entrepreneurship,9.375,1982
Tanzania,TZA,Entrepreneurship,9.375,1983
Tanzania,TZA,Entrepreneurship,9.375,1984
Tanzania,TZA,Entrepreneurship,9.375,1985
Tanzania,TZA,Entrepreneurship,9.375,1986
Tanzania,TZA,Entrepreneurship,9.375,1987
Tanzania,TZA,Entrepreneurship,9.375,1988
Tanzania,TZA,Entrepreneurship,9.375,1989
Tanzania,TZA,Entrepreneurship,9.375,1990
Tanzania,TZA,Entrepreneurship,9.375,1991
Tanzania,TZA,Entrepreneurship,9.375,1992
Tanzania,TZA,Entrepreneurship,9.375,1993
Tanzania,TZA,Entrepreneurship,9.375,1994
Tanzania,TZA,Entrepreneurship,9.375,1995
Tanzania,TZA,Entrepreneurship,9.375,1996
Tanzania,TZA,Entrepreneurship,9.375,1997
Tanzania,TZA,Entrepreneurship,9.375,1998
Tanzania,TZA,Entrepreneurship,9.375,1999
Tanzania,TZA,Entrepreneurship,9.375,2000
Tanzania,TZA,Entrepreneurship,9.375,2001
Tanzania,TZA,Entrepreneurship,9.375,2002
Tanzania,TZA,Entrepreneurship,37.500,2003
Tanzania,TZA,Entrepreneurship,37.500,2004
Tanzania,TZA,Entrepreneurship,37.500,2005
Tanzania,TZA,Entrepreneurship,40.625,2006
Tanzania,TZA,Entrepreneurship,37.500,2007
Tanzania,TZA,Entrepreneurship,37.500,2008
Tanzania,TZA,Entrepreneurship,37.500,2009
Tanzania,TZA,Entrepreneurship,37.500,2010
Tanzania,TZA,Entrepreneurship,37.500,2011
Tanzania,TZA,Entrepreneurship,37.500,2012
Tanzania,TZA,Entrepreneurship,43.750,2013
Tanzania,TZA,Entrepreneurship,56.250,2014
Tanzania,TZA,Entrepreneurship,37.500,2015
Tanzania,TZA,Entrepreneurship,37.500,2016
Tanzania,TZA,Entrepreneurship,56.250,2017
Tanzania,TZA,Entrepreneurship,37.500,2018
Tanzania,TZA,Entrepreneurship,37.500,2019
Tanzania,TZA,Entrepreneurship,9.375,2020
Tanzania,TZA,Entrepreneurship,9.375,2021
Tanzania,TZA,Entrepreneurship,9.375,2022
Tanzania,TZA,Entrepreneurship,15.625,2023
Tanzania,TZA,Environment,0.000,1960
Tanzania,TZA,Environment,0.000,1961
Tanzania,TZA,Environment,0.000,1962
Tanzania,TZA,Environment,0.000,1963
Tanzania,TZA,Environment,0.000,1964
Tanzania,TZA,Environment,0.000,1965
Tanzania,TZA,Environment,0.000,1966
Tanzania,TZA,Environment,0.000,1967
Tanzania,TZA,Environment,0.000,1968
Tanzania,TZA,Environment,0.000,1969
Tanzania,TZA,Environment,0.000,1970
Tanzania,TZA,Environment,0.000,1971
Tanzania,TZA,Environment,0.000,1972
Tanzania,TZA,Environment,0.000,1973
Tanzania,TZA,Environment,0.000,1974
Tanzania,TZA,Environment,0.000,1975
Tanzania,TZA,Environment,0.000,1976
Tanzania,TZA,Environment,0.000,1977
Tanzania,TZA,Environment,0.000,1978
Tanzania,TZA,Environment,0.000,1979
Tanzania,TZA,Environment,0.000,1980
Tanzania,TZA,Environment,0.000,1981
Tanzania,TZA,Environment,0.000,1982
Tanzania,TZA,Environment,0.000,1983
Tanzania,TZA,Environment,0.000,1984
Tanzania,TZA,Environment,0.000,1985
Tanzania,TZA,Environment,0.000,1986
Tanzania,TZA,Environment,0.000,1987
Tanzania,TZA,Environment,0.000,1988
Tanzania,TZA,Environment,0.000,1989
Tanzania,TZA,Environment,0.000,1990
Tanzania,TZA,Environment,0.000,1991
Tanzania,TZA,Environment,10.000,1992
Tanzania,TZA,Environment,0.000,1993
Tanzania,TZA,Environment,0.000,1994
Tanzania,TZA,Environment,0.000,1995
Tanzania,TZA,Environment,10.000,1996
Tanzania,TZA,Environment,0.000,1997
Tanzania,TZA,Environment,0.000,1998
Tanzania,TZA,Environment,10.000,1999
Tanzania,TZA,Environment,10.000,2000
Tanzania,TZA,Environment,10.000,2001
Tanzania,TZA,Environment,10.000,2002
Tanzania,TZA,Environment,10.000,2003
Tanzania,TZA,Environment,26.667,2004
Tanzania,TZA,Environment,40.000,2005
Tanzania,TZA,Environment,10.000,2006
Tanzania,TZA,Environment,10.000,2007
Tanzania,TZA,Environment,40.000,2008
Tanzania,TZA,Environment,10.000,2009
Tanzania,TZA,Environment,36.667,2010
Tanzania,TZA,Environment,10.000,2011
Tanzania,TZA,Environment,40.000,2012
Tanzania,TZA,Environment,10.000,2013
Tanzania,TZA,Environment,20.000,2014
Tanzania,TZA,Environment,10.000,2015
Tanzania,TZA,Environment,53.333,2016
Tanzania,TZA,Environment,53.333,2017
Tanzania,TZA,Environment,10.000,2018
Tanzania,TZA,Environment,30.000,2019
Tanzania,TZA,Environment,10.000,2020
Tanzania,TZA,Environment,20.000,2021
Tanzania,TZA,Environment,10.000,2022
Tanzania,TZA,Environment,0.000,2023
Tanzania,TZA,Health,8.586,1960
Tanzania,TZA,Health,8.586,1961
Tanzania,TZA,Health,8.586,1962
Tanzania,TZA,Health,8.586,1963
Tanzania,TZA,Health,8.586,1964
Tanzania,TZA,Health,8.586,1965
Tanzania,TZA,Health,8.586,1966
Tanzania,TZA,Health,8.586,1967
Tanzania,TZA,Health,8.586,1968
Tanzania,TZA,Health,8.586,1969
Tanzania,TZA,Health,8.586,1970
Tanzania,TZA,Health,8.586,1971
Tanzania,TZA,Health,8.586,1972
Tanzania,TZA,Health,8.586,1973
Tanzania,TZA,Health,8.586,1974
Tanzania,TZA,Health,11.111,1975
Tanzania,TZA,Health,11.111,1976
Tanzania,TZA,Health,11.111,1977
Tanzania,TZA,Health,11.111,1978
Tanzania,TZA,Health,11.111,1979
Tanzania,TZA,Health,12.121,1980
Tanzania,TZA,Health,12.121,1981
Tanzania,TZA,Health,12.121,1982
Tanzania,TZA,Health,12.121,1983
Tanzania,TZA,Health,12.121,1984
Tanzania,TZA,Health,12.121,1985
Tanzania,TZA,Health,12.121,1986
Tanzania,TZA,Health,12.121,1987
Tanzania,TZA,Health,12.121,1988
Tanzania,TZA,Health,12.121,1989
Tanzania,TZA,Health,17.172,1990
Tanzania,TZA,Health,24.242,1991
Tanzania,TZA,Health,27.273,1992
Tanzania,TZA,Health,16.667,1993
Tanzania,TZA,Health,18.182,1994
Tanzania,TZA,Health,16.667,1995
Tanzania,TZA,Health,41.414,1996
Tanzania,TZA,Health,16.667,1997
Tanzania,TZA,Health,16.667,1998
Tanzania,TZA,Health,36.869,1999
Tanzania,TZA,Health,56.566,2000
Tanzania,TZA,Health,31.818,2001
Tanzania,TZA,Health,31.818,2002
Tanzania,TZA,Health,31.818,2003
Tanzania,TZA,Health,44.444,2004
Tanzania,TZA,Health,54.545,2005
Tanzania,TZA,Health,31.818,2006
Tanzania,TZA,Health,31.818,2007
Tanzania,TZA,Health,36.364,2008
Tanzania,TZA,Health,39.394,2009
Tanzania,TZA,Health,90.909,2010
Tanzania,TZA,Health,39.899,2011
Tanzania,TZA,Health,37.374,2012
Tanzania,TZA,Health,39.394,2013
Tanzania,TZA,Health,39.899,2014
Tanzania,TZA,Health,64.141,2015
Tanzania,TZA,Health,51.010,2016
Tanzania,TZA,Health,39.899,2017
Tanzania,TZA,Health,42.424,2018
Tanzania,TZA,Health,64.646,2019
Tanzania,TZA,Health,28.283,2020
Tanzania,TZA,Health,20.202,2021
Tanzania,TZA,Health,34.343,2022
Tanzania,TZA,Health,1.010,2023
Tanzania,TZA,Leadership,0.000,1960
Tanzania,TZA,Leadership,0.000,1961
Tanzania,TZA,Leadership,0.000,1962
Tanzania,TZA,Leadership,0.000,1963
Tanzania,TZA,Leadership,0.000,1964
Tanzania,TZA,Leadership,0.000,1965
Tanzania,TZA,Leadership,0.000,1966
Tanzania,TZA,Leadership,0.000,1967
Tanzania,TZA,Leadership,0.000,1968
Tanzania,TZA,Leadership,0.000,1969
Tanzania,TZA,Leadership,0.000,1970
Tanzania,TZA,Leadership,0.000,1971
Tanzania,TZA,Leadership,0.000,1972
Tanzania,TZA,Leadership,0.000,1973
Tanzania,TZA,Leadership,0.000,1974
Tanzania,TZA,Leadership,0.000,1975
Tanzania,TZA,Leadership,0.000,1976
Tanzania,TZA,Leadership,0.000,1977
Tanzania,TZA,Leadership,0.000,1978
Tanzania,TZA,Leadership,0.000,1979
Tanzania,TZA,Leadership,0.000,1980
Tanzania,TZA,Leadership,0.000,1981
Tanzania,TZA,Leadership,0.000,1982
Tanzania,TZA,Leadership,0.000,1983
Tanzania,TZA,Leadership,0.000,1984
Tanzania,TZA,Leadership,0.000,1985
Tanzania,TZA,Leadership,0.000,1986
Tanzania,TZA,Leadership,0.000,1987
Tanzania,TZA,Leadership,0.000,1988
Tanzania,TZA,Leadership,0.000,1989
Tanzania,TZA,Leadership,0.000,1990
Tanzania,TZA,Leadership,0.000,1991
Tanzania,TZA,Leadership,0.000,1992
Tanzania,TZA,Leadership,0.000,1993
Tanzania,TZA,Leadership,0.000,1994
Tanzania,TZA,Leadership,0.000,1995
Tanzania,TZA,Leadership,0.000,1996
Tanzania,TZA,Leadership,25.000,1997
Tanzania,TZA,Leadership,25.000,1998
Tanzania,TZA,Leadership,25.000,1999
Tanzania,TZA,Leadership,0.000,2000
Tanzania,TZA,Leadership,50.000,2001
Tanzania,TZA,Leadership,25.000,2002
Tanzania,TZA,Leadership,25.000,2003
Tanzania,TZA,Leadership,25.000,2004
Tanzania,TZA,Leadership,50.000,2005
Tanzania,TZA,Leadership,50.000,2006
Tanzania,TZA,Leadership,25.000,2007
Tanzania,TZA,Leadership,50.000,2008
Tanzania,TZA,Leadership,25.000,2009
Tanzania,TZA,Leadership,25.000,2010
Tanzania,TZA,Leadership,25.000,2011
Tanzania,TZA,Leadership,75.000,2012
Tanzania,TZA,Leadership,50.000,2013
Tanzania,TZA,Leadership,75.000,2014
Tanzania,TZA,Leadership,50.000,2015
Tanzania,TZA,Leadership,50.000,2016
Tanzania,TZA,Leadership,25.000,2017
Tanzania,TZA,Leadership,50.000,2018
Tanzania,TZA,Leadership,50.000,2019
Tanzania,TZA,Leadership,75.000,2020
Tanzania,TZA,Leadership,25.000,2021
Tanzania,TZA,Leadership,50.000,2022
Tanzania,TZA,Leadership,50.000,2023
Tanzania,TZA,Norms and Decision-making,0.000,1960
Tanzania,TZA,Norms and Decision-making,0.000,1961
Tanzania,TZA,Norms and Decision-making,0.000,1962
Tanzania,TZA,Norms and Decision-making,0.000,1963
Tanzania,TZA,Norms and Decision-making,0.000,1964
Tanzania,TZA,Norms and Decision-making,0.000,1965
Tanzania,TZA,Norms and Decision-making,0.000,1966
Tanzania,TZA,Norms and Decision-making,0.000,1967
Tanzania,TZA,Norms and Decision-making,0.000,1968
Tanzania,TZA,Norms and Decision-making,0.000,1969
Tanzania,TZA,Norms and Decision-making,12.593,1970
Tanzania,TZA,Norms and Decision-making,12.593,1971
Tanzania,TZA,Norms and Decision-making,12.593,1972
Tanzania,TZA,Norms and Decision-making,13.333,1973
Tanzania,TZA,Norms and Decision-making,12.593,1974
Tanzania,TZA,Norms and Decision-making,12.593,1975
Tanzania,TZA,Norms and Decision-making,12.593,1976
Tanzania,TZA,Norms and Decision-making,12.593,1977
Tanzania,TZA,Norms and Decision-making,14.074,1978
Tanzania,TZA,Norms and Decision-making,12.593,1979
Tanzania,TZA,Norms and Decision-making,12.593,1980
Tanzania,TZA,Norms and Decision-making,12.593,1981
Tanzania,TZA,Norms and Decision-making,12.593,1982
Tanzania,TZA,Norms and Decision-making,12.593,1983
Tanzania,TZA,Norms and Decision-making,12.593,1984
Tanzania,TZA,Norms and Decision-making,12.593,1985
Tanzania,TZA,Norms and Decision-making,12.593,1986
Tanzania,TZA,Norms and Decision-making,12.593,1987
Tanzania,TZA,Norms and Decision-making,14.074,1988
Tanzania,TZA,Norms and Decision-making,12.593,1989
Tanzania,TZA,Norms and Decision-making,12.593,1990
Tanzania,TZA,Norms and Decision-making,12.593,1991
Tanzania,TZA,Norms and Decision-making,21.481,1992
Tanzania,TZA,Norms and Decision-making,12.593,1993
Tanzania,TZA,Norms and Decision-making,14.074,1994
Tanzania,TZA,Norms and Decision-making,12.593,1995
Tanzania,TZA,Norms and Decision-making,25.926,1996
Tanzania,TZA,Norms and Decision-making,12.593,1997
Tanzania,TZA,Norms and Decision-making,12.593,1998
Tanzania,TZA,Norms and Decision-making,24.444,1999
Tanzania,TZA,Norms and Decision-making,12.593,2000
Tanzania,TZA,Norms and Decision-making,12.593,2001
Tanzania,TZA,Norms and Decision-making,14.074,2002
Tanzania,TZA,Norms and Decision-making,12.593,2003
Tanzania,TZA,Norms and Decision-making,20.000,2004
Tanzania,TZA,Norms and Decision-making,97.037,2005
Tanzania,TZA,Norms and Decision-making,12.593,2006
Tanzania,TZA,Norms and Decision-making,12.593,2007
Tanzania,TZA,Norms and Decision-making,20.000,2008
Tanzania,TZA,Norms and Decision-making,12.593,2009
Tanzania,TZA,Norms and Decision-making,74.074,2010
Tanzania,TZA,Norms and Decision-making,12.593,2011
Tanzania,TZA,Norms and Decision-making,20.000,2012
Tanzania,TZA,Norms and Decision-making,12.593,2013
Tanzania,TZA,Norms and Decision-making,12.593,2014
Tanzania,TZA,Norms and Decision-making,12.593,2015
Tanzania,TZA,Norms and Decision-making,65.185,2016
Tanzania,TZA,Norms and Decision-making,15.556,2017
Tanzania,TZA,Norms and Decision-making,12.593,2018
Tanzania,TZA,Norms and Decision-making,12.593,2019
Tanzania,TZA,Norms and Decision-making,12.593,2020
Tanzania,TZA,Norms and Decision-making,12.593,2021
Tanzania,TZA,Norms and Decision-making,51.111,2022
Tanzania,TZA,Norms and Decision-making,12.593,2023
Tanzania,TZA,Population,86.905,1960
Tanzania,TZA,Population,86.905,1961
Tanzania,TZA,Population,86.905,1962
Tanzania,TZA,Population,86.905,1963
Tanzania,TZA,Population,86.905,1964
Tanzania,TZA,Population,86.905,1965
Tanzania,TZA,Population,86.905,1966
Tanzania,TZA,Population,86.905,1967
Tanzania,TZA,Population,86.905,1968
Tanzania,TZA,Population,86.905,1969
Tanzania,TZA,Population,86.905,1970
Tanzania,TZA,Population,86.905,1971
Tanzania,TZA,Population,86.905,1972
Tanzania,TZA,Population,88.095,1973
Tanzania,TZA,Population,86.905,1974
Tanzania,TZA,Population,86.905,1975
Tanzania,TZA,Population,86.905,1976
Tanzania,TZA,Population,86.905,1977
Tanzania,TZA,Population,89.286,1978
Tanzania,TZA,Population,86.905,1979
Tanzania,TZA,Population,91.667,1980
Tanzania,TZA,Population,86.905,1981
Tanzania,TZA,Population,86.905,1982
Tanzania,TZA,Population,86.905,1983
Tanzania,TZA,Population,86.905,1984
Tanzania,TZA,Population,91.667,1985
Tanzania,TZA,Population,86.905,1986
Tanzania,TZA,Population,86.905,1987
Tanzania,TZA,Population,89.286,1988
Tanzania,TZA,Population,86.905,1989
Tanzania,TZA,Population,92.857,1990
Tanzania,TZA,Population,86.905,1991
Tanzania,TZA,Population,90.476,1992
Tanzania,TZA,Population,86.905,1993
Tanzania,TZA,Population,89.286,1994
Tanzania,TZA,Population,92.857,1995
Tanzania,TZA,Population,90.476,1996
Tanzania,TZA,Population,86.905,1997
Tanzania,TZA,Population,86.905,1998
Tanzania,TZA,Population,90.476,1999
Tanzania,TZA,Population,92.857,2000
Tanzania,TZA,Population,86.905,2001
Tanzania,TZA,Population,89.286,2002
Tanzania,TZA,Population,86.905,2003
Tanzania,TZA,Population,90.476,2004
Tanzania,TZA,Population,97.619,2005
Tanzania,TZA,Population,86.905,2006
Tanzania,TZA,Population,86.905,2007
Tanzania,TZA,Population,94.048,2008
Tanzania,TZA,Population,86.905,2009
Tanzania,TZA,Population,100.000,2010
Tanzania,TZA,Population,86.905,2011
Tanzania,TZA,Population,94.048,2012
Tanzania,TZA,Population,86.905,2013
Tanzania,TZA,Population,86.905,2014
Tanzania,TZA,Population,92.857,2015
Tanzania,TZA,Population,94.048,2016
Tanzania,TZA,Population,88.095,2017
Tanzania,TZA,Population,86.905,2018
Tanzania,TZA,Population,86.905,2019
Tanzania,TZA,Population,88.095,2020
Tanzania,TZA,Population,86.905,2021
Tanzania,TZA,Population,88.095,2022
Tanzania,TZA,Population,77.381,2023
Tanzania,TZA,SDGs,2.685,1960
Tanzania,TZA,SDGs,2.685,1961
Tanzania,TZA,SDGs,2.685,1962
Tanzania,TZA,SDGs,2.685,1963
Tanzania,TZA,SDGs,2.685,1964
Tanzania,TZA,SDGs,2.685,1965
Tanzania,TZA,SDGs,2.685,1966
Tanzania,TZA,SDGs,2.685,1967
Tanzania,TZA,SDGs,2.685,1968
Tanzania,TZA,SDGs,2.685,1969
Tanzania,TZA,SDGs,11.409,1970
Tanzania,TZA,SDGs,11.409,1971
Tanzania,TZA,SDGs,11.409,1972
Tanzania,TZA,SDGs,11.409,1973
Tanzania,TZA,SDGs,11.409,1974
Tanzania,TZA,SDGs,11.409,1975
Tanzania,TZA,SDGs,11.409,1976
Tanzania,TZA,SDGs,11.409,1977
Tanzania,TZA,SDGs,11.409,1978
Tanzania,TZA,SDGs,11.409,1979
Tanzania,TZA,SDGs,12.081,1980
Tanzania,TZA,SDGs,12.081,1981
Tanzania,TZA,SDGs,12.081,1982
Tanzania,TZA,SDGs,12.081,1983
Tanzania,TZA,SDGs,12.081,1984
Tanzania,TZA,SDGs,12.081,1985
Tanzania,TZA,SDGs,12.081,1986
Tanzania,TZA,SDGs,12.081,1987
Tanzania,TZA,SDGs,12.081,1988
Tanzania,TZA,SDGs,12.081,1989
Tanzania,TZA,SDGs,16.107,1990
Tanzania,TZA,SDGs,22.148,1991
Tanzania,TZA,SDGs,22.819,1992
Tanzania,TZA,SDGs,20.134,1993
Tanzania,TZA,SDGs,20.134,1994
Tanzania,TZA,SDGs,20.134,1995
Tanzania,TZA,SDGs,27.517,1996
Tanzania,TZA,SDGs,20.805,1997
Tanzania,TZA,SDGs,20.805,1998
Tanzania,TZA,SDGs,23.490,1999
Tanzania,TZA,SDGs,65.101,2000
Tanzania,TZA,SDGs,37.584,2001
Tanzania,TZA,SDGs,35.570,2002
Tanzania,TZA,SDGs,33.557,2003
Tanzania,TZA,SDGs,36.242,2004
Tanzania,TZA,SDGs,42.282,2005
Tanzania,TZA,SDGs,38.926,2006
Tanzania,TZA,SDGs,33.557,2007
Tanzania,TZA,SDGs,38.255,2008
Tanzania,TZA,SDGs,35.570,2009
Tanzania,TZA,SDGs,77.181,2010
Tanzania,TZA,SDGs,39.597,2011
Tanzania,TZA,SDGs,40.268,2012
Tanzania,TZA,SDGs,37.584,2013
Tanzania,TZA,SDGs,40.940,2014
Tanzania,TZA,SDGs,65.772,2015
Tanzania,TZA,SDGs,41.611,2016
Tanzania,TZA,SDGs,35.570,2017
Tanzania,TZA,SDGs,36.913,2018
Tanzania,TZA,SDGs,69.799,2019
Tanzania,TZA,SDGs,31.544,2020
Tanzania,TZA,SDGs,24.832,2021
Tanzania,TZA,SDGs,28.859,2022
Tanzania,TZA,SDGs,14.094,2023
Tanzania,TZA,Technology,0.000,1960
Tanzania,TZA,Technology,0.000,1961
Tanzania,TZA,Technology,0.000,1962
Tanzania,TZA,Technology,0.000,1963
Tanzania,TZA,Technology,0.000,1964
Tanzania,TZA,Technology,0.000,1965
Tanzania,TZA,Technology,0.000,1966
Tanzania,TZA,Technology,0.000,1967
Tanzania,TZA,Technology,0.000,1968
Tanzania,TZA,Technology,0.000,1969
Tanzania,TZA,Technology,0.000,1970
Tanzania,TZA,Technology,0.000,1971
Tanzania,TZA,Technology,0.000,1972
Tanzania,TZA,Technology,0.000,1973
Tanzania,TZA,Technology,0.000,1974
Tanzania,TZA,Technology,0.000,1975
Tanzania,TZA,Technology,0.000,1976
Tanzania,TZA,Technology,0.000,1977
Tanzania,TZA,Technology,0.000,1978
Tanzania,TZA,Technology,0.000,1979
Tanzania,TZA,Technology,0.000,1980
Tanzania,TZA,Technology,0.000,1981
Tanzania,TZA,Technology,0.000,1982
Tanzania,TZA,Technology,0.000,1983
Tanzania,TZA,Technology,0.000,1984
Tanzania,TZA,Technology,0.000,1985
Tanzania,TZA,Technology,0.000,1986
Tanzania,TZA,Technology,0.000,1987
Tanzania,TZA,Technology,0.000,1988
Tanzania,TZA,Technology,0.000,1989
Tanzania,TZA,Technology,2.222,1990
Tanzania,TZA,Technology,2.222,1991
Tanzania,TZA,Technology,2.222,1992
Tanzania,TZA,Technology,2.222,1993
Tanzania,TZA,Technology,2.222,1994
Tanzania,TZA,Technology,2.222,1995
Tanzania,TZA,Technology,2.222,1996
Tanzania,TZA,Technology,2.222,1997
Tanzania,TZA,Technology,2.222,1998
Tanzania,TZA,Technology,2.222,1999
Tanzania,TZA,Technology,2.222,2000
Tanzania,TZA,Technology,2.222,2001
Tanzania,TZA,Technology,2.222,2002
Tanzania,TZA,Technology,2.222,2003
Tanzania,TZA,Technology,2.222,2004
Tanzania,TZA,Technology,2.222,2005
Tanzania,TZA,Technology,2.222,2006
Tanzania,TZA,Technology,2.222,2007
Tanzania,TZA,Technology,2.222,2008
Tanzania,TZA,Technology,2.222,2009
Tanzania,TZA,Technology,2.222,2010
Tanzania,TZA,Technology,8.889,2011
Tanzania,TZA,Technology,2.222,2012
Tanzania,TZA,Technology,2.222,2013
Tanzania,TZA,Technology,35.556,2014
Tanzania,TZA,Technology,2.222,2015
Tanzania,TZA,Technology,2.222,2016
Tanzania,TZA,Technology,55.556,2017
Tanzania,TZA,Technology,2.222,2018
Tanzania,TZA,Technology,2.222,2019
Tanzania,TZA,Technology,2.222,2020
Tanzania,TZA,Technology,82.222,2021
Tanzania,TZA,Technology,2.222,2022
Tanzania,TZA,Technology,0.000,2023
Tanzania,TZA,Violence,0.000,1960
Tanzania,TZA,Violence,0.000,1961
Tanzania,TZA,Violence,0.000,1962
Tanzania,TZA,Violence,0.000,1963
Tanzania,TZA,Violence,0.000,1964
Tanzania,TZA,Violence,0.000,1965
Tanzania,TZA,Violence,0.000,1966
Tanzania,TZA,Violence,0.000,1967
Tanzania,TZA,Violence,0.000,1968
Tanzania,TZA,Violence,0.000,1969
Tanzania,TZA,Violence,2.143,1970
Tanzania,TZA,Violence,2.143,1971
Tanzania,TZA,Violence,2.143,1972
Tanzania,TZA,Violence,2.143,1973
Tanzania,TZA,Violence,2.143,1974
Tanzania,TZA,Violence,2.143,1975
Tanzania,TZA,Violence,2.143,1976
Tanzania,TZA,Violence,2.143,1977
Tanzania,TZA,Violence,2.143,1978
Tanzania,TZA,Violence,2.143,1979
Tanzania,TZA,Violence,2.143,1980
Tanzania,TZA,Violence,2.143,1981
Tanzania,TZA,Violence,2.143,1982
Tanzania,TZA,Violence,2.143,1983
Tanzania,TZA,Violence,2.143,1984
Tanzania,TZA,Violence,2.143,1985
Tanzania,TZA,Violence,2.143,1986
Tanzania,TZA,Violence,2.143,1987
Tanzania,TZA,Violence,2.143,1988
Tanzania,TZA,Violence,2.143,1989
Tanzania,TZA,Violence,2.143,1990
Tanzania,TZA,Violence,2.143,1991
Tanzania,TZA,Violence,6.429,1992
Tanzania,TZA,Violence,2.143,1993
Tanzania,TZA,Violence,2.143,1994
Tanzania,TZA,Violence,2.857,1995
Tanzania,TZA,Violence,11.429,1996
Tanzania,TZA,Violence,2.857,1997
Tanzania,TZA,Violence,2.143,1998
Tanzania,TZA,Violence,6.429,1999
Tanzania,TZA,Violence,4.286,2000
Tanzania,TZA,Violence,4.286,2001
Tanzania,TZA,Violence,4.286,2002
Tanzania,TZA,Violence,5.000,2003
Tanzania,TZA,Violence,7.857,2004
Tanzania,TZA,Violence,65.714,2005
Tanzania,TZA,Violence,4.286,2006
Tanzania,TZA,Violence,4.286,2007
Tanzania,TZA,Violence,7.857,2008
Tanzania,TZA,Violence,4.286,2009
Tanzania,TZA,Violence,60.714,2010
Tanzania,TZA,Violence,6.429,2011
Tanzania,TZA,Violence,10.000,2012
Tanzania,TZA,Violence,6.429,2013
Tanzania,TZA,Violence,4.286,2014
Tanzania,TZA,Violence,6.429,2015
Tanzania,TZA,Violence,57.857,2016
Tanzania,TZA,Violence,6.429,2017
Tanzania,TZA,Violence,9.286,2018
Tanzania,TZA,Violence,6.429,2019
Tanzania,TZA,Violence,4.286,2020
Tanzania,TZA,Violence,2.143,2021
Tanzania,TZA,Violence,47.143,2022
Tanzania,TZA,Violence,2.143,2023
Tanzania,TZA,Youth 15-24,4.587,1960
Tanzania,TZA,Youth 15-24,4.587,1961
Tanzania,TZA,Youth 15-24,4.587,1962
Tanzania,TZA,Youth 15-24,4.587,1963
Tanzania,TZA,Youth 15-24,4.587,1964
Tanzania,TZA,Youth 15-24,4.587,1965
Tanzania,TZA,Youth 15-24,4.587,1966
Tanzania,TZA,Youth 15-24,4.587,1967
Tanzania,TZA,Youth 15-24,4.587,1968
Tanzania,TZA,Youth 15-24,4.587,1969
Tanzania,TZA,Youth 15-24,18.349,1970
Tanzania,TZA,Youth 15-24,18.349,1971
Tanzania,TZA,Youth 15-24,18.349,1972
Tanzania,TZA,Youth 15-24,18.349,1973
Tanzania,TZA,Youth 15-24,18.349,1974
Tanzania,TZA,Youth 15-24,18.349,1975
Tanzania,TZA,Youth 15-24,18.349,1976
Tanzania,TZA,Youth 15-24,18.349,1977
Tanzania,TZA,Youth 15-24,21.101,1978
Tanzania,TZA,Youth 15-24,18.349,1979
Tanzania,TZA,Youth 15-24,7.339,1980
Tanzania,TZA,Youth 15-24,14.679,1981
Tanzania,TZA,Youth 15-24,18.349,1982
Tanzania,TZA,Youth 15-24,18.349,1983
Tanzania,TZA,Youth 15-24,11.009,1984
Tanzania,TZA,Youth 15-24,15.596,1985
Tanzania,TZA,Youth 15-24,18.349,1986
Tanzania,TZA,Youth 15-24,18.349,1987
Tanzania,TZA,Youth 15-24,22.018,1988
Tanzania,TZA,Youth 15-24,15.596,1989
Tanzania,TZA,Youth 15-24,13.761,1990
Tanzania,TZA,Youth 15-24,32.110,1991
Tanzania,TZA,Youth 15-24,37.615,1992
Tanzania,TZA,Youth 15-24,32.110,1993
Tanzania,TZA,Youth 15-24,32.110,1994
Tanzania,TZA,Youth 15-24,32.110,1995
Tanzania,TZA,Youth 15-24,37.615,1996
Tanzania,TZA,Youth 15-24,32.110,1997
Tanzania,TZA,Youth 15-24,22.018,1998
Tanzania,TZA,Youth 15-24,30.275,1999
Tanzania,TZA,Youth 15-24,24.771,2000
Tanzania,TZA,Youth 15-24,36.697,2001
Tanzania,TZA,Youth 15-24,34.862,2002
Tanzania,TZA,Youth 15-24,24.771,2003
Tanzania,TZA,Youth 15-24,31.193,2004
Tanzania,TZA,Youth 15-24,30.275,2005
Tanzania,TZA,Youth 15-24,30.275,2006
Tanzania,TZA,Youth 15-24,22.018,2007
Tanzania,TZA,Youth 15-24,35.780,2008
Tanzania,TZA,Youth 15-24,18.349,2009
Tanzania,TZA,Youth 15-24,74.312,2010
Tanzania,TZA,Youth 15-24,27.523,2011
Tanzania,TZA,Youth 15-24,63.303,2012
Tanzania,TZA,Youth 15-24,38.532,2013
Tanzania,TZA,Youth 15-24,47.706,2014
Tanzania,TZA,Youth 15-24,44.037,2015
Tanzania,TZA,Youth 15-24,52.294,2016
Tanzania,TZA,Youth 15-24,37.615,2017
Tanzania,TZA,Youth 15-24,44.037,2018
Tanzania,TZA,Youth 15-24,29.358,2019
Tanzania,TZA,Youth 15-24,50.459,2020
Tanzania,TZA,Youth 15-24,30.275,2021
Tanzania,TZA,Youth 15-24,39.450,2022
Tanzania,TZA,Youth 15-24,16.514,2023
