Country Name,Country Code,Topic,% of available indicators,Year
Azerbaijan,AZE,Assets,0.000,1960
Azerbaijan,AZE,Assets,0.000,1961
Azerbaijan,AZE,Assets,0.000,1962
Azerbaijan,AZE,Assets,0.000,1963
Azerbaijan,AZE,Assets,0.000,1964
Azerbaijan,AZE,Assets,0.000,1965
Azerbaijan,AZE,Assets,0.000,1966
Azerbaijan,AZE,Assets,0.000,1967
Azerbaijan,AZE,Assets,0.000,1968
Azerbaijan,AZE,Assets,0.000,1969
Azerbaijan,AZE,Assets,2.208,1970
Azerbaijan,AZE,Assets,2.208,1971
Azerbaijan,AZE,Assets,2.208,1972
Azerbaijan,AZE,Assets,2.208,1973
Azerbaijan,AZE,Assets,2.208,1974
Azerbaijan,AZE,Assets,2.208,1975
Azerbaijan,AZE,Assets,2.208,1976
Azerbaijan,AZE,Assets,2.208,1977
Azerbaijan,AZE,Assets,2.208,1978
Azerbaijan,AZE,Assets,2.208,1979
Azerbaijan,AZE,Assets,2.208,1980
Azerbaijan,AZE,Assets,2.208,1981
Azerbaijan,AZE,Assets,2.208,1982
Azerbaijan,AZE,Assets,2.208,1983
Azerbaijan,AZE,Assets,2.208,1984
Azerbaijan,AZE,Assets,2.208,1985
Azerbaijan,AZE,Assets,2.208,1986
Azerbaijan,AZE,Assets,2.208,1987
Azerbaijan,AZE,Assets,2.208,1988
Azerbaijan,AZE,Assets,2.208,1989
Azerbaijan,AZE,Assets,2.208,1990
Azerbaijan,AZE,Assets,2.208,1991
Azerbaijan,AZE,Assets,2.208,1992
Azerbaijan,AZE,Assets,2.208,1993
Azerbaijan,AZE,Assets,2.208,1994
Azerbaijan,AZE,Assets,2.208,1995
Azerbaijan,AZE,Assets,2.208,1996
Azerbaijan,AZE,Assets,2.208,1997
Azerbaijan,AZE,Assets,2.208,1998
Azerbaijan,AZE,Assets,2.208,1999
Azerbaijan,AZE,Assets,2.208,2000
Azerbaijan,AZE,Assets,2.208,2001
Azerbaijan,AZE,Assets,2.208,2002
Azerbaijan,AZE,Assets,2.208,2003
Azerbaijan,AZE,Assets,2.208,2004
Azerbaijan,AZE,Assets,2.208,2005
Azerbaijan,AZE,Assets,2.208,2006
Azerbaijan,AZE,Assets,2.208,2007
Azerbaijan,AZE,Assets,2.208,2008
Azerbaijan,AZE,Assets,2.208,2009
Azerbaijan,AZE,Assets,2.208,2010
Azerbaijan,AZE,Assets,11.672,2011
Azerbaijan,AZE,Assets,2.208,2012
Azerbaijan,AZE,Assets,2.208,2013
Azerbaijan,AZE,Assets,30.599,2014
Azerbaijan,AZE,Assets,2.208,2015
Azerbaijan,AZE,Assets,2.208,2016
Azerbaijan,AZE,Assets,33.123,2017
Azerbaijan,AZE,Assets,2.208,2018
Azerbaijan,AZE,Assets,2.208,2019
Azerbaijan,AZE,Assets,2.208,2020
Azerbaijan,AZE,Assets,2.208,2021
Azerbaijan,AZE,Assets,60.568,2022
Azerbaijan,AZE,Assets,2.208,2023
Azerbaijan,AZE,Children 0-14,10.769,1960
Azerbaijan,AZE,Children 0-14,10.769,1961
Azerbaijan,AZE,Children 0-14,10.769,1962
Azerbaijan,AZE,Children 0-14,10.769,1963
Azerbaijan,AZE,Children 0-14,10.769,1964
Azerbaijan,AZE,Children 0-14,10.769,1965
Azerbaijan,AZE,Children 0-14,10.769,1966
Azerbaijan,AZE,Children 0-14,10.769,1967
Azerbaijan,AZE,Children 0-14,10.769,1968
Azerbaijan,AZE,Children 0-14,10.769,1969
Azerbaijan,AZE,Children 0-14,10.769,1970
Azerbaijan,AZE,Children 0-14,10.769,1971
Azerbaijan,AZE,Children 0-14,10.769,1972
Azerbaijan,AZE,Children 0-14,10.769,1973
Azerbaijan,AZE,Children 0-14,10.769,1974
Azerbaijan,AZE,Children 0-14,10.769,1975
Azerbaijan,AZE,Children 0-14,10.769,1976
Azerbaijan,AZE,Children 0-14,10.769,1977
Azerbaijan,AZE,Children 0-14,10.769,1978
Azerbaijan,AZE,Children 0-14,10.769,1979
Azerbaijan,AZE,Children 0-14,10.769,1980
Azerbaijan,AZE,Children 0-14,13.077,1981
Azerbaijan,AZE,Children 0-14,15.385,1982
Azerbaijan,AZE,Children 0-14,17.692,1983
Azerbaijan,AZE,Children 0-14,17.692,1984
Azerbaijan,AZE,Children 0-14,17.692,1985
Azerbaijan,AZE,Children 0-14,20.000,1986
Azerbaijan,AZE,Children 0-14,19.231,1987
Azerbaijan,AZE,Children 0-14,19.231,1988
Azerbaijan,AZE,Children 0-14,20.000,1989
Azerbaijan,AZE,Children 0-14,20.000,1990
Azerbaijan,AZE,Children 0-14,28.462,1991
Azerbaijan,AZE,Children 0-14,30.000,1992
Azerbaijan,AZE,Children 0-14,30.000,1993
Azerbaijan,AZE,Children 0-14,30.000,1994
Azerbaijan,AZE,Children 0-14,30.000,1995
Azerbaijan,AZE,Children 0-14,33.077,1996
Azerbaijan,AZE,Children 0-14,30.000,1997
Azerbaijan,AZE,Children 0-14,32.308,1998
Azerbaijan,AZE,Children 0-14,36.923,1999
Azerbaijan,AZE,Children 0-14,67.692,2000
Azerbaijan,AZE,Children 0-14,45.385,2001
Azerbaijan,AZE,Children 0-14,44.615,2002
Azerbaijan,AZE,Children 0-14,44.615,2003
Azerbaijan,AZE,Children 0-14,44.615,2004
Azerbaijan,AZE,Children 0-14,46.923,2005
Azerbaijan,AZE,Children 0-14,63.077,2006
Azerbaijan,AZE,Children 0-14,46.923,2007
Azerbaijan,AZE,Children 0-14,49.231,2008
Azerbaijan,AZE,Children 0-14,49.231,2009
Azerbaijan,AZE,Children 0-14,67.692,2010
Azerbaijan,AZE,Children 0-14,66.923,2011
Azerbaijan,AZE,Children 0-14,49.231,2012
Azerbaijan,AZE,Children 0-14,60.769,2013
Azerbaijan,AZE,Children 0-14,44.615,2014
Azerbaijan,AZE,Children 0-14,58.462,2015
Azerbaijan,AZE,Children 0-14,48.462,2016
Azerbaijan,AZE,Children 0-14,50.000,2017
Azerbaijan,AZE,Children 0-14,51.538,2018
Azerbaijan,AZE,Children 0-14,50.000,2019
Azerbaijan,AZE,Children 0-14,38.462,2020
Azerbaijan,AZE,Children 0-14,40.769,2021
Azerbaijan,AZE,Children 0-14,35.385,2022
Azerbaijan,AZE,Children 0-14,23.846,2023
Azerbaijan,AZE,Education,0.000,1960
Azerbaijan,AZE,Education,0.000,1961
Azerbaijan,AZE,Education,0.000,1962
Azerbaijan,AZE,Education,0.000,1963
Azerbaijan,AZE,Education,0.000,1964
Azerbaijan,AZE,Education,0.000,1965
Azerbaijan,AZE,Education,0.000,1966
Azerbaijan,AZE,Education,0.000,1967
Azerbaijan,AZE,Education,0.000,1968
Azerbaijan,AZE,Education,0.000,1969
Azerbaijan,AZE,Education,0.000,1970
Azerbaijan,AZE,Education,0.000,1971
Azerbaijan,AZE,Education,0.000,1972
Azerbaijan,AZE,Education,0.000,1973
Azerbaijan,AZE,Education,0.000,1974
Azerbaijan,AZE,Education,0.000,1975
Azerbaijan,AZE,Education,0.000,1976
Azerbaijan,AZE,Education,0.000,1977
Azerbaijan,AZE,Education,0.000,1978
Azerbaijan,AZE,Education,0.000,1979
Azerbaijan,AZE,Education,0.000,1980
Azerbaijan,AZE,Education,6.135,1981
Azerbaijan,AZE,Education,0.000,1982
Azerbaijan,AZE,Education,0.000,1983
Azerbaijan,AZE,Education,0.000,1984
Azerbaijan,AZE,Education,0.000,1985
Azerbaijan,AZE,Education,6.135,1986
Azerbaijan,AZE,Education,0.000,1987
Azerbaijan,AZE,Education,0.000,1988
Azerbaijan,AZE,Education,0.613,1989
Azerbaijan,AZE,Education,2.454,1990
Azerbaijan,AZE,Education,12.883,1991
Azerbaijan,AZE,Education,14.110,1992
Azerbaijan,AZE,Education,14.724,1993
Azerbaijan,AZE,Education,12.883,1994
Azerbaijan,AZE,Education,15.337,1995
Azerbaijan,AZE,Education,15.337,1996
Azerbaijan,AZE,Education,12.883,1997
Azerbaijan,AZE,Education,12.270,1998
Azerbaijan,AZE,Education,28.221,1999
Azerbaijan,AZE,Education,20.245,2000
Azerbaijan,AZE,Education,22.086,2001
Azerbaijan,AZE,Education,23.926,2002
Azerbaijan,AZE,Education,23.926,2003
Azerbaijan,AZE,Education,23.926,2004
Azerbaijan,AZE,Education,23.926,2005
Azerbaijan,AZE,Education,31.902,2006
Azerbaijan,AZE,Education,43.558,2007
Azerbaijan,AZE,Education,48.466,2008
Azerbaijan,AZE,Education,57.055,2009
Azerbaijan,AZE,Education,68.098,2010
Azerbaijan,AZE,Education,60.736,2011
Azerbaijan,AZE,Education,55.828,2012
Azerbaijan,AZE,Education,53.374,2013
Azerbaijan,AZE,Education,53.988,2014
Azerbaijan,AZE,Education,57.055,2015
Azerbaijan,AZE,Education,61.350,2016
Azerbaijan,AZE,Education,64.417,2017
Azerbaijan,AZE,Education,72.393,2018
Azerbaijan,AZE,Education,42.331,2019
Azerbaijan,AZE,Education,33.742,2020
Azerbaijan,AZE,Education,39.264,2021
Azerbaijan,AZE,Education,33.742,2022
Azerbaijan,AZE,Education,38.037,2023
Azerbaijan,AZE,Employment and Time Use,0.000,1960
Azerbaijan,AZE,Employment and Time Use,0.000,1961
Azerbaijan,AZE,Employment and Time Use,0.000,1962
Azerbaijan,AZE,Employment and Time Use,0.000,1963
Azerbaijan,AZE,Employment and Time Use,0.000,1964
Azerbaijan,AZE,Employment and Time Use,0.000,1965
Azerbaijan,AZE,Employment and Time Use,0.000,1966
Azerbaijan,AZE,Employment and Time Use,0.000,1967
Azerbaijan,AZE,Employment and Time Use,0.000,1968
Azerbaijan,AZE,Employment and Time Use,0.000,1969
Azerbaijan,AZE,Employment and Time Use,21.168,1970
Azerbaijan,AZE,Employment and Time Use,21.168,1971
Azerbaijan,AZE,Employment and Time Use,21.168,1972
Azerbaijan,AZE,Employment and Time Use,21.168,1973
Azerbaijan,AZE,Employment and Time Use,21.168,1974
Azerbaijan,AZE,Employment and Time Use,21.168,1975
Azerbaijan,AZE,Employment and Time Use,21.168,1976
Azerbaijan,AZE,Employment and Time Use,21.168,1977
Azerbaijan,AZE,Employment and Time Use,21.168,1978
Azerbaijan,AZE,Employment and Time Use,21.168,1979
Azerbaijan,AZE,Employment and Time Use,21.168,1980
Azerbaijan,AZE,Employment and Time Use,21.168,1981
Azerbaijan,AZE,Employment and Time Use,21.168,1982
Azerbaijan,AZE,Employment and Time Use,21.168,1983
Azerbaijan,AZE,Employment and Time Use,21.168,1984
Azerbaijan,AZE,Employment and Time Use,21.168,1985
Azerbaijan,AZE,Employment and Time Use,21.168,1986
Azerbaijan,AZE,Employment and Time Use,21.168,1987
Azerbaijan,AZE,Employment and Time Use,21.168,1988
Azerbaijan,AZE,Employment and Time Use,24.088,1989
Azerbaijan,AZE,Employment and Time Use,31.387,1990
Azerbaijan,AZE,Employment and Time Use,58.394,1991
Azerbaijan,AZE,Employment and Time Use,58.394,1992
Azerbaijan,AZE,Employment and Time Use,62.044,1993
Azerbaijan,AZE,Employment and Time Use,58.394,1994
Azerbaijan,AZE,Employment and Time Use,58.394,1995
Azerbaijan,AZE,Employment and Time Use,62.044,1996
Azerbaijan,AZE,Employment and Time Use,63.504,1997
Azerbaijan,AZE,Employment and Time Use,63.504,1998
Azerbaijan,AZE,Employment and Time Use,68.613,1999
Azerbaijan,AZE,Employment and Time Use,72.263,2000
Azerbaijan,AZE,Employment and Time Use,70.073,2001
Azerbaijan,AZE,Employment and Time Use,70.073,2002
Azerbaijan,AZE,Employment and Time Use,70.073,2003
Azerbaijan,AZE,Employment and Time Use,70.073,2004
Azerbaijan,AZE,Employment and Time Use,72.263,2005
Azerbaijan,AZE,Employment and Time Use,74.453,2006
Azerbaijan,AZE,Employment and Time Use,81.022,2007
Azerbaijan,AZE,Employment and Time Use,82.482,2008
Azerbaijan,AZE,Employment and Time Use,83.212,2009
Azerbaijan,AZE,Employment and Time Use,83.212,2010
Azerbaijan,AZE,Employment and Time Use,76.642,2011
Azerbaijan,AZE,Employment and Time Use,76.642,2012
Azerbaijan,AZE,Employment and Time Use,67.153,2013
Azerbaijan,AZE,Employment and Time Use,74.453,2014
Azerbaijan,AZE,Employment and Time Use,76.642,2015
Azerbaijan,AZE,Employment and Time Use,73.723,2016
Azerbaijan,AZE,Employment and Time Use,73.723,2017
Azerbaijan,AZE,Employment and Time Use,73.723,2018
Azerbaijan,AZE,Employment and Time Use,76.642,2019
Azerbaijan,AZE,Employment and Time Use,76.642,2020
Azerbaijan,AZE,Employment and Time Use,76.642,2021
Azerbaijan,AZE,Employment and Time Use,76.642,2022
Azerbaijan,AZE,Employment and Time Use,57.664,2023
Azerbaijan,AZE,Entrepreneurship,0.000,1960
Azerbaijan,AZE,Entrepreneurship,0.000,1961
Azerbaijan,AZE,Entrepreneurship,0.000,1962
Azerbaijan,AZE,Entrepreneurship,0.000,1963
Azerbaijan,AZE,Entrepreneurship,0.000,1964
Azerbaijan,AZE,Entrepreneurship,0.000,1965
Azerbaijan,AZE,Entrepreneurship,0.000,1966
Azerbaijan,AZE,Entrepreneurship,0.000,1967
Azerbaijan,AZE,Entrepreneurship,0.000,1968
Azerbaijan,AZE,Entrepreneurship,0.000,1969
Azerbaijan,AZE,Entrepreneurship,9.375,1970
Azerbaijan,AZE,Entrepreneurship,9.375,1971
Azerbaijan,AZE,Entrepreneurship,9.375,1972
Azerbaijan,AZE,Entrepreneurship,9.375,1973
Azerbaijan,AZE,Entrepreneurship,9.375,1974
Azerbaijan,AZE,Entrepreneurship,9.375,1975
Azerbaijan,AZE,Entrepreneurship,9.375,1976
Azerbaijan,AZE,Entrepreneurship,9.375,1977
Azerbaijan,AZE,Entrepreneurship,9.375,1978
Azerbaijan,AZE,Entrepreneurship,9.375,1979
Azerbaijan,AZE,Entrepreneurship,9.375,1980
Azerbaijan,AZE,Entrepreneurship,9.375,1981
Azerbaijan,AZE,Entrepreneurship,9.375,1982
Azerbaijan,AZE,Entrepreneurship,9.375,1983
Azerbaijan,AZE,Entrepreneurship,9.375,1984
Azerbaijan,AZE,Entrepreneurship,9.375,1985
Azerbaijan,AZE,Entrepreneurship,9.375,1986
Azerbaijan,AZE,Entrepreneurship,9.375,1987
Azerbaijan,AZE,Entrepreneurship,9.375,1988
Azerbaijan,AZE,Entrepreneurship,9.375,1989
Azerbaijan,AZE,Entrepreneurship,9.375,1990
Azerbaijan,AZE,Entrepreneurship,9.375,1991
Azerbaijan,AZE,Entrepreneurship,9.375,1992
Azerbaijan,AZE,Entrepreneurship,9.375,1993
Azerbaijan,AZE,Entrepreneurship,9.375,1994
Azerbaijan,AZE,Entrepreneurship,9.375,1995
Azerbaijan,AZE,Entrepreneurship,9.375,1996
Azerbaijan,AZE,Entrepreneurship,9.375,1997
Azerbaijan,AZE,Entrepreneurship,9.375,1998
Azerbaijan,AZE,Entrepreneurship,9.375,1999
Azerbaijan,AZE,Entrepreneurship,9.375,2000
Azerbaijan,AZE,Entrepreneurship,9.375,2001
Azerbaijan,AZE,Entrepreneurship,9.375,2002
Azerbaijan,AZE,Entrepreneurship,37.500,2003
Azerbaijan,AZE,Entrepreneurship,37.500,2004
Azerbaijan,AZE,Entrepreneurship,40.625,2005
Azerbaijan,AZE,Entrepreneurship,37.500,2006
Azerbaijan,AZE,Entrepreneurship,37.500,2007
Azerbaijan,AZE,Entrepreneurship,37.500,2008
Azerbaijan,AZE,Entrepreneurship,43.750,2009
Azerbaijan,AZE,Entrepreneurship,37.500,2010
Azerbaijan,AZE,Entrepreneurship,37.500,2011
Azerbaijan,AZE,Entrepreneurship,37.500,2012
Azerbaijan,AZE,Entrepreneurship,43.750,2013
Azerbaijan,AZE,Entrepreneurship,93.750,2014
Azerbaijan,AZE,Entrepreneurship,75.000,2015
Azerbaijan,AZE,Entrepreneurship,75.000,2016
Azerbaijan,AZE,Entrepreneurship,93.750,2017
Azerbaijan,AZE,Entrepreneurship,75.000,2018
Azerbaijan,AZE,Entrepreneurship,81.250,2019
Azerbaijan,AZE,Entrepreneurship,46.875,2020
Azerbaijan,AZE,Entrepreneurship,46.875,2021
Azerbaijan,AZE,Entrepreneurship,46.875,2022
Azerbaijan,AZE,Entrepreneurship,9.375,2023
Azerbaijan,AZE,Environment,0.000,1960
Azerbaijan,AZE,Environment,0.000,1961
Azerbaijan,AZE,Environment,0.000,1962
Azerbaijan,AZE,Environment,0.000,1963
Azerbaijan,AZE,Environment,0.000,1964
Azerbaijan,AZE,Environment,0.000,1965
Azerbaijan,AZE,Environment,0.000,1966
Azerbaijan,AZE,Environment,0.000,1967
Azerbaijan,AZE,Environment,0.000,1968
Azerbaijan,AZE,Environment,0.000,1969
Azerbaijan,AZE,Environment,0.000,1970
Azerbaijan,AZE,Environment,0.000,1971
Azerbaijan,AZE,Environment,0.000,1972
Azerbaijan,AZE,Environment,0.000,1973
Azerbaijan,AZE,Environment,0.000,1974
Azerbaijan,AZE,Environment,0.000,1975
Azerbaijan,AZE,Environment,0.000,1976
Azerbaijan,AZE,Environment,0.000,1977
Azerbaijan,AZE,Environment,0.000,1978
Azerbaijan,AZE,Environment,0.000,1979
Azerbaijan,AZE,Environment,0.000,1980
Azerbaijan,AZE,Environment,0.000,1981
Azerbaijan,AZE,Environment,0.000,1982
Azerbaijan,AZE,Environment,0.000,1983
Azerbaijan,AZE,Environment,0.000,1984
Azerbaijan,AZE,Environment,0.000,1985
Azerbaijan,AZE,Environment,0.000,1986
Azerbaijan,AZE,Environment,0.000,1987
Azerbaijan,AZE,Environment,0.000,1988
Azerbaijan,AZE,Environment,0.000,1989
Azerbaijan,AZE,Environment,0.000,1990
Azerbaijan,AZE,Environment,0.000,1991
Azerbaijan,AZE,Environment,0.000,1992
Azerbaijan,AZE,Environment,0.000,1993
Azerbaijan,AZE,Environment,0.000,1994
Azerbaijan,AZE,Environment,0.000,1995
Azerbaijan,AZE,Environment,0.000,1996
Azerbaijan,AZE,Environment,0.000,1997
Azerbaijan,AZE,Environment,0.000,1998
Azerbaijan,AZE,Environment,0.000,1999
Azerbaijan,AZE,Environment,10.000,2000
Azerbaijan,AZE,Environment,10.000,2001
Azerbaijan,AZE,Environment,10.000,2002
Azerbaijan,AZE,Environment,10.000,2003
Azerbaijan,AZE,Environment,10.000,2004
Azerbaijan,AZE,Environment,10.000,2005
Azerbaijan,AZE,Environment,50.000,2006
Azerbaijan,AZE,Environment,10.000,2007
Azerbaijan,AZE,Environment,13.333,2008
Azerbaijan,AZE,Environment,13.333,2009
Azerbaijan,AZE,Environment,13.333,2010
Azerbaijan,AZE,Environment,13.333,2011
Azerbaijan,AZE,Environment,13.333,2012
Azerbaijan,AZE,Environment,13.333,2013
Azerbaijan,AZE,Environment,23.333,2014
Azerbaijan,AZE,Environment,13.333,2015
Azerbaijan,AZE,Environment,13.333,2016
Azerbaijan,AZE,Environment,23.333,2017
Azerbaijan,AZE,Environment,13.333,2018
Azerbaijan,AZE,Environment,30.000,2019
Azerbaijan,AZE,Environment,3.333,2020
Azerbaijan,AZE,Environment,3.333,2021
Azerbaijan,AZE,Environment,13.333,2022
Azerbaijan,AZE,Environment,0.000,2023
Azerbaijan,AZE,Health,3.030,1960
Azerbaijan,AZE,Health,3.030,1961
Azerbaijan,AZE,Health,3.030,1962
Azerbaijan,AZE,Health,3.030,1963
Azerbaijan,AZE,Health,3.030,1964
Azerbaijan,AZE,Health,3.030,1965
Azerbaijan,AZE,Health,3.030,1966
Azerbaijan,AZE,Health,3.030,1967
Azerbaijan,AZE,Health,3.030,1968
Azerbaijan,AZE,Health,3.030,1969
Azerbaijan,AZE,Health,3.030,1970
Azerbaijan,AZE,Health,3.030,1971
Azerbaijan,AZE,Health,3.030,1972
Azerbaijan,AZE,Health,3.030,1973
Azerbaijan,AZE,Health,3.030,1974
Azerbaijan,AZE,Health,5.556,1975
Azerbaijan,AZE,Health,5.556,1976
Azerbaijan,AZE,Health,5.556,1977
Azerbaijan,AZE,Health,5.556,1978
Azerbaijan,AZE,Health,5.556,1979
Azerbaijan,AZE,Health,5.556,1980
Azerbaijan,AZE,Health,5.556,1981
Azerbaijan,AZE,Health,8.586,1982
Azerbaijan,AZE,Health,10.101,1983
Azerbaijan,AZE,Health,10.101,1984
Azerbaijan,AZE,Health,10.606,1985
Azerbaijan,AZE,Health,10.606,1986
Azerbaijan,AZE,Health,11.616,1987
Azerbaijan,AZE,Health,11.616,1988
Azerbaijan,AZE,Health,12.121,1989
Azerbaijan,AZE,Health,16.667,1990
Azerbaijan,AZE,Health,16.667,1991
Azerbaijan,AZE,Health,17.677,1992
Azerbaijan,AZE,Health,17.677,1993
Azerbaijan,AZE,Health,17.677,1994
Azerbaijan,AZE,Health,17.677,1995
Azerbaijan,AZE,Health,19.697,1996
Azerbaijan,AZE,Health,18.182,1997
Azerbaijan,AZE,Health,17.677,1998
Azerbaijan,AZE,Health,17.677,1999
Azerbaijan,AZE,Health,67.172,2000
Azerbaijan,AZE,Health,37.374,2001
Azerbaijan,AZE,Health,32.828,2002
Azerbaijan,AZE,Health,32.828,2003
Azerbaijan,AZE,Health,32.828,2004
Azerbaijan,AZE,Health,33.333,2005
Azerbaijan,AZE,Health,57.071,2006
Azerbaijan,AZE,Health,32.828,2007
Azerbaijan,AZE,Health,32.828,2008
Azerbaijan,AZE,Health,32.828,2009
Azerbaijan,AZE,Health,61.616,2010
Azerbaijan,AZE,Health,42.424,2011
Azerbaijan,AZE,Health,32.828,2012
Azerbaijan,AZE,Health,40.909,2013
Azerbaijan,AZE,Health,34.343,2014
Azerbaijan,AZE,Health,57.071,2015
Azerbaijan,AZE,Health,32.828,2016
Azerbaijan,AZE,Health,35.354,2017
Azerbaijan,AZE,Health,35.859,2018
Azerbaijan,AZE,Health,57.071,2019
Azerbaijan,AZE,Health,27.273,2020
Azerbaijan,AZE,Health,17.677,2021
Azerbaijan,AZE,Health,17.677,2022
Azerbaijan,AZE,Health,1.010,2023
Azerbaijan,AZE,Leadership,0.000,1960
Azerbaijan,AZE,Leadership,0.000,1961
Azerbaijan,AZE,Leadership,0.000,1962
Azerbaijan,AZE,Leadership,0.000,1963
Azerbaijan,AZE,Leadership,0.000,1964
Azerbaijan,AZE,Leadership,0.000,1965
Azerbaijan,AZE,Leadership,0.000,1966
Azerbaijan,AZE,Leadership,0.000,1967
Azerbaijan,AZE,Leadership,0.000,1968
Azerbaijan,AZE,Leadership,0.000,1969
Azerbaijan,AZE,Leadership,0.000,1970
Azerbaijan,AZE,Leadership,0.000,1971
Azerbaijan,AZE,Leadership,0.000,1972
Azerbaijan,AZE,Leadership,0.000,1973
Azerbaijan,AZE,Leadership,0.000,1974
Azerbaijan,AZE,Leadership,0.000,1975
Azerbaijan,AZE,Leadership,0.000,1976
Azerbaijan,AZE,Leadership,0.000,1977
Azerbaijan,AZE,Leadership,0.000,1978
Azerbaijan,AZE,Leadership,0.000,1979
Azerbaijan,AZE,Leadership,0.000,1980
Azerbaijan,AZE,Leadership,0.000,1981
Azerbaijan,AZE,Leadership,0.000,1982
Azerbaijan,AZE,Leadership,0.000,1983
Azerbaijan,AZE,Leadership,0.000,1984
Azerbaijan,AZE,Leadership,0.000,1985
Azerbaijan,AZE,Leadership,0.000,1986
Azerbaijan,AZE,Leadership,0.000,1987
Azerbaijan,AZE,Leadership,0.000,1988
Azerbaijan,AZE,Leadership,0.000,1989
Azerbaijan,AZE,Leadership,0.000,1990
Azerbaijan,AZE,Leadership,0.000,1991
Azerbaijan,AZE,Leadership,0.000,1992
Azerbaijan,AZE,Leadership,0.000,1993
Azerbaijan,AZE,Leadership,0.000,1994
Azerbaijan,AZE,Leadership,0.000,1995
Azerbaijan,AZE,Leadership,0.000,1996
Azerbaijan,AZE,Leadership,25.000,1997
Azerbaijan,AZE,Leadership,25.000,1998
Azerbaijan,AZE,Leadership,25.000,1999
Azerbaijan,AZE,Leadership,0.000,2000
Azerbaijan,AZE,Leadership,25.000,2001
Azerbaijan,AZE,Leadership,25.000,2002
Azerbaijan,AZE,Leadership,25.000,2003
Azerbaijan,AZE,Leadership,25.000,2004
Azerbaijan,AZE,Leadership,50.000,2005
Azerbaijan,AZE,Leadership,25.000,2006
Azerbaijan,AZE,Leadership,25.000,2007
Azerbaijan,AZE,Leadership,50.000,2008
Azerbaijan,AZE,Leadership,50.000,2009
Azerbaijan,AZE,Leadership,50.000,2010
Azerbaijan,AZE,Leadership,25.000,2011
Azerbaijan,AZE,Leadership,50.000,2012
Azerbaijan,AZE,Leadership,50.000,2013
Azerbaijan,AZE,Leadership,50.000,2014
Azerbaijan,AZE,Leadership,50.000,2015
Azerbaijan,AZE,Leadership,50.000,2016
Azerbaijan,AZE,Leadership,25.000,2017
Azerbaijan,AZE,Leadership,25.000,2018
Azerbaijan,AZE,Leadership,75.000,2019
Azerbaijan,AZE,Leadership,50.000,2020
Azerbaijan,AZE,Leadership,25.000,2021
Azerbaijan,AZE,Leadership,50.000,2022
Azerbaijan,AZE,Leadership,25.000,2023
Azerbaijan,AZE,Norms and Decision-making,0.000,1960
Azerbaijan,AZE,Norms and Decision-making,0.000,1961
Azerbaijan,AZE,Norms and Decision-making,0.000,1962
Azerbaijan,AZE,Norms and Decision-making,0.000,1963
Azerbaijan,AZE,Norms and Decision-making,0.000,1964
Azerbaijan,AZE,Norms and Decision-making,0.000,1965
Azerbaijan,AZE,Norms and Decision-making,0.000,1966
Azerbaijan,AZE,Norms and Decision-making,0.000,1967
Azerbaijan,AZE,Norms and Decision-making,0.000,1968
Azerbaijan,AZE,Norms and Decision-making,0.000,1969
Azerbaijan,AZE,Norms and Decision-making,12.593,1970
Azerbaijan,AZE,Norms and Decision-making,12.593,1971
Azerbaijan,AZE,Norms and Decision-making,12.593,1972
Azerbaijan,AZE,Norms and Decision-making,12.593,1973
Azerbaijan,AZE,Norms and Decision-making,12.593,1974
Azerbaijan,AZE,Norms and Decision-making,12.593,1975
Azerbaijan,AZE,Norms and Decision-making,12.593,1976
Azerbaijan,AZE,Norms and Decision-making,12.593,1977
Azerbaijan,AZE,Norms and Decision-making,12.593,1978
Azerbaijan,AZE,Norms and Decision-making,12.593,1979
Azerbaijan,AZE,Norms and Decision-making,12.593,1980
Azerbaijan,AZE,Norms and Decision-making,12.593,1981
Azerbaijan,AZE,Norms and Decision-making,12.593,1982
Azerbaijan,AZE,Norms and Decision-making,12.593,1983
Azerbaijan,AZE,Norms and Decision-making,12.593,1984
Azerbaijan,AZE,Norms and Decision-making,12.593,1985
Azerbaijan,AZE,Norms and Decision-making,12.593,1986
Azerbaijan,AZE,Norms and Decision-making,12.593,1987
Azerbaijan,AZE,Norms and Decision-making,12.593,1988
Azerbaijan,AZE,Norms and Decision-making,14.074,1989
Azerbaijan,AZE,Norms and Decision-making,12.593,1990
Azerbaijan,AZE,Norms and Decision-making,12.593,1991
Azerbaijan,AZE,Norms and Decision-making,12.593,1992
Azerbaijan,AZE,Norms and Decision-making,12.593,1993
Azerbaijan,AZE,Norms and Decision-making,12.593,1994
Azerbaijan,AZE,Norms and Decision-making,12.593,1995
Azerbaijan,AZE,Norms and Decision-making,12.593,1996
Azerbaijan,AZE,Norms and Decision-making,12.593,1997
Azerbaijan,AZE,Norms and Decision-making,12.593,1998
Azerbaijan,AZE,Norms and Decision-making,12.593,1999
Azerbaijan,AZE,Norms and Decision-making,15.556,2000
Azerbaijan,AZE,Norms and Decision-making,12.593,2001
Azerbaijan,AZE,Norms and Decision-making,12.593,2002
Azerbaijan,AZE,Norms and Decision-making,12.593,2003
Azerbaijan,AZE,Norms and Decision-making,12.593,2004
Azerbaijan,AZE,Norms and Decision-making,12.593,2005
Azerbaijan,AZE,Norms and Decision-making,81.481,2006
Azerbaijan,AZE,Norms and Decision-making,12.593,2007
Azerbaijan,AZE,Norms and Decision-making,12.593,2008
Azerbaijan,AZE,Norms and Decision-making,14.074,2009
Azerbaijan,AZE,Norms and Decision-making,12.593,2010
Azerbaijan,AZE,Norms and Decision-making,14.074,2011
Azerbaijan,AZE,Norms and Decision-making,14.074,2012
Azerbaijan,AZE,Norms and Decision-making,14.074,2013
Azerbaijan,AZE,Norms and Decision-making,14.074,2014
Azerbaijan,AZE,Norms and Decision-making,14.074,2015
Azerbaijan,AZE,Norms and Decision-making,14.074,2016
Azerbaijan,AZE,Norms and Decision-making,14.074,2017
Azerbaijan,AZE,Norms and Decision-making,14.074,2018
Azerbaijan,AZE,Norms and Decision-making,12.593,2019
Azerbaijan,AZE,Norms and Decision-making,12.593,2020
Azerbaijan,AZE,Norms and Decision-making,12.593,2021
Azerbaijan,AZE,Norms and Decision-making,12.593,2022
Azerbaijan,AZE,Norms and Decision-making,12.593,2023
Azerbaijan,AZE,Population,86.905,1960
Azerbaijan,AZE,Population,86.905,1961
Azerbaijan,AZE,Population,86.905,1962
Azerbaijan,AZE,Population,86.905,1963
Azerbaijan,AZE,Population,86.905,1964
Azerbaijan,AZE,Population,86.905,1965
Azerbaijan,AZE,Population,86.905,1966
Azerbaijan,AZE,Population,86.905,1967
Azerbaijan,AZE,Population,86.905,1968
Azerbaijan,AZE,Population,86.905,1969
Azerbaijan,AZE,Population,86.905,1970
Azerbaijan,AZE,Population,86.905,1971
Azerbaijan,AZE,Population,86.905,1972
Azerbaijan,AZE,Population,86.905,1973
Azerbaijan,AZE,Population,86.905,1974
Azerbaijan,AZE,Population,86.905,1975
Azerbaijan,AZE,Population,86.905,1976
Azerbaijan,AZE,Population,86.905,1977
Azerbaijan,AZE,Population,86.905,1978
Azerbaijan,AZE,Population,86.905,1979
Azerbaijan,AZE,Population,91.667,1980
Azerbaijan,AZE,Population,86.905,1981
Azerbaijan,AZE,Population,86.905,1982
Azerbaijan,AZE,Population,86.905,1983
Azerbaijan,AZE,Population,86.905,1984
Azerbaijan,AZE,Population,91.667,1985
Azerbaijan,AZE,Population,86.905,1986
Azerbaijan,AZE,Population,86.905,1987
Azerbaijan,AZE,Population,86.905,1988
Azerbaijan,AZE,Population,89.286,1989
Azerbaijan,AZE,Population,92.857,1990
Azerbaijan,AZE,Population,86.905,1991
Azerbaijan,AZE,Population,86.905,1992
Azerbaijan,AZE,Population,86.905,1993
Azerbaijan,AZE,Population,86.905,1994
Azerbaijan,AZE,Population,92.857,1995
Azerbaijan,AZE,Population,86.905,1996
Azerbaijan,AZE,Population,86.905,1997
Azerbaijan,AZE,Population,86.905,1998
Azerbaijan,AZE,Population,86.905,1999
Azerbaijan,AZE,Population,95.238,2000
Azerbaijan,AZE,Population,86.905,2001
Azerbaijan,AZE,Population,86.905,2002
Azerbaijan,AZE,Population,86.905,2003
Azerbaijan,AZE,Population,86.905,2004
Azerbaijan,AZE,Population,92.857,2005
Azerbaijan,AZE,Population,94.048,2006
Azerbaijan,AZE,Population,86.905,2007
Azerbaijan,AZE,Population,86.905,2008
Azerbaijan,AZE,Population,89.286,2009
Azerbaijan,AZE,Population,92.857,2010
Azerbaijan,AZE,Population,86.905,2011
Azerbaijan,AZE,Population,89.286,2012
Azerbaijan,AZE,Population,89.286,2013
Azerbaijan,AZE,Population,89.286,2014
Azerbaijan,AZE,Population,95.238,2015
Azerbaijan,AZE,Population,89.286,2016
Azerbaijan,AZE,Population,89.286,2017
Azerbaijan,AZE,Population,89.286,2018
Azerbaijan,AZE,Population,86.905,2019
Azerbaijan,AZE,Population,88.095,2020
Azerbaijan,AZE,Population,86.905,2021
Azerbaijan,AZE,Population,86.905,2022
Azerbaijan,AZE,Population,77.381,2023
Azerbaijan,AZE,SDGs,0.671,1960
Azerbaijan,AZE,SDGs,0.671,1961
Azerbaijan,AZE,SDGs,0.671,1962
Azerbaijan,AZE,SDGs,0.671,1963
Azerbaijan,AZE,SDGs,0.671,1964
Azerbaijan,AZE,SDGs,0.671,1965
Azerbaijan,AZE,SDGs,0.671,1966
Azerbaijan,AZE,SDGs,0.671,1967
Azerbaijan,AZE,SDGs,0.671,1968
Azerbaijan,AZE,SDGs,0.671,1969
Azerbaijan,AZE,SDGs,9.396,1970
Azerbaijan,AZE,SDGs,9.396,1971
Azerbaijan,AZE,SDGs,9.396,1972
Azerbaijan,AZE,SDGs,9.396,1973
Azerbaijan,AZE,SDGs,9.396,1974
Azerbaijan,AZE,SDGs,9.396,1975
Azerbaijan,AZE,SDGs,9.396,1976
Azerbaijan,AZE,SDGs,9.396,1977
Azerbaijan,AZE,SDGs,9.396,1978
Azerbaijan,AZE,SDGs,9.396,1979
Azerbaijan,AZE,SDGs,9.396,1980
Azerbaijan,AZE,SDGs,9.396,1981
Azerbaijan,AZE,SDGs,11.409,1982
Azerbaijan,AZE,SDGs,11.409,1983
Azerbaijan,AZE,SDGs,11.409,1984
Azerbaijan,AZE,SDGs,12.081,1985
Azerbaijan,AZE,SDGs,12.081,1986
Azerbaijan,AZE,SDGs,12.081,1987
Azerbaijan,AZE,SDGs,12.081,1988
Azerbaijan,AZE,SDGs,12.752,1989
Azerbaijan,AZE,SDGs,16.779,1990
Azerbaijan,AZE,SDGs,22.819,1991
Azerbaijan,AZE,SDGs,23.490,1992
Azerbaijan,AZE,SDGs,23.490,1993
Azerbaijan,AZE,SDGs,23.490,1994
Azerbaijan,AZE,SDGs,23.490,1995
Azerbaijan,AZE,SDGs,23.490,1996
Azerbaijan,AZE,SDGs,24.161,1997
Azerbaijan,AZE,SDGs,24.161,1998
Azerbaijan,AZE,SDGs,26.174,1999
Azerbaijan,AZE,SDGs,70.470,2000
Azerbaijan,AZE,SDGs,38.926,2001
Azerbaijan,AZE,SDGs,38.926,2002
Azerbaijan,AZE,SDGs,38.926,2003
Azerbaijan,AZE,SDGs,38.926,2004
Azerbaijan,AZE,SDGs,40.940,2005
Azerbaijan,AZE,SDGs,41.611,2006
Azerbaijan,AZE,SDGs,38.926,2007
Azerbaijan,AZE,SDGs,40.268,2008
Azerbaijan,AZE,SDGs,38.926,2009
Azerbaijan,AZE,SDGs,71.141,2010
Azerbaijan,AZE,SDGs,44.295,2011
Azerbaijan,AZE,SDGs,38.926,2012
Azerbaijan,AZE,SDGs,36.913,2013
Azerbaijan,AZE,SDGs,40.940,2014
Azerbaijan,AZE,SDGs,71.141,2015
Azerbaijan,AZE,SDGs,38.926,2016
Azerbaijan,AZE,SDGs,38.926,2017
Azerbaijan,AZE,SDGs,39.597,2018
Azerbaijan,AZE,SDGs,74.497,2019
Azerbaijan,AZE,SDGs,30.872,2020
Azerbaijan,AZE,SDGs,26.174,2021
Azerbaijan,AZE,SDGs,27.517,2022
Azerbaijan,AZE,SDGs,14.094,2023
Azerbaijan,AZE,Technology,0.000,1960
Azerbaijan,AZE,Technology,0.000,1961
Azerbaijan,AZE,Technology,0.000,1962
Azerbaijan,AZE,Technology,0.000,1963
Azerbaijan,AZE,Technology,0.000,1964
Azerbaijan,AZE,Technology,0.000,1965
Azerbaijan,AZE,Technology,0.000,1966
Azerbaijan,AZE,Technology,0.000,1967
Azerbaijan,AZE,Technology,0.000,1968
Azerbaijan,AZE,Technology,0.000,1969
Azerbaijan,AZE,Technology,0.000,1970
Azerbaijan,AZE,Technology,0.000,1971
Azerbaijan,AZE,Technology,0.000,1972
Azerbaijan,AZE,Technology,0.000,1973
Azerbaijan,AZE,Technology,0.000,1974
Azerbaijan,AZE,Technology,0.000,1975
Azerbaijan,AZE,Technology,0.000,1976
Azerbaijan,AZE,Technology,0.000,1977
Azerbaijan,AZE,Technology,0.000,1978
Azerbaijan,AZE,Technology,0.000,1979
Azerbaijan,AZE,Technology,0.000,1980
Azerbaijan,AZE,Technology,0.000,1981
Azerbaijan,AZE,Technology,0.000,1982
Azerbaijan,AZE,Technology,0.000,1983
Azerbaijan,AZE,Technology,0.000,1984
Azerbaijan,AZE,Technology,0.000,1985
Azerbaijan,AZE,Technology,0.000,1986
Azerbaijan,AZE,Technology,0.000,1987
Azerbaijan,AZE,Technology,0.000,1988
Azerbaijan,AZE,Technology,0.000,1989
Azerbaijan,AZE,Technology,2.222,1990
Azerbaijan,AZE,Technology,2.222,1991
Azerbaijan,AZE,Technology,2.222,1992
Azerbaijan,AZE,Technology,2.222,1993
Azerbaijan,AZE,Technology,2.222,1994
Azerbaijan,AZE,Technology,2.222,1995
Azerbaijan,AZE,Technology,2.222,1996
Azerbaijan,AZE,Technology,2.222,1997
Azerbaijan,AZE,Technology,2.222,1998
Azerbaijan,AZE,Technology,2.222,1999
Azerbaijan,AZE,Technology,2.222,2000
Azerbaijan,AZE,Technology,2.222,2001
Azerbaijan,AZE,Technology,2.222,2002
Azerbaijan,AZE,Technology,0.000,2003
Azerbaijan,AZE,Technology,0.000,2004
Azerbaijan,AZE,Technology,2.222,2005
Azerbaijan,AZE,Technology,2.222,2006
Azerbaijan,AZE,Technology,2.222,2007
Azerbaijan,AZE,Technology,13.333,2008
Azerbaijan,AZE,Technology,13.333,2009
Azerbaijan,AZE,Technology,13.333,2010
Azerbaijan,AZE,Technology,15.556,2011
Azerbaijan,AZE,Technology,8.889,2012
Azerbaijan,AZE,Technology,4.444,2013
Azerbaijan,AZE,Technology,35.556,2014
Azerbaijan,AZE,Technology,13.333,2015
Azerbaijan,AZE,Technology,13.333,2016
Azerbaijan,AZE,Technology,60.000,2017
Azerbaijan,AZE,Technology,13.333,2018
Azerbaijan,AZE,Technology,6.667,2019
Azerbaijan,AZE,Technology,6.667,2020
Azerbaijan,AZE,Technology,6.667,2021
Azerbaijan,AZE,Technology,73.333,2022
Azerbaijan,AZE,Technology,0.000,2023
Azerbaijan,AZE,Violence,0.000,1960
Azerbaijan,AZE,Violence,0.000,1961
Azerbaijan,AZE,Violence,0.000,1962
Azerbaijan,AZE,Violence,0.000,1963
Azerbaijan,AZE,Violence,0.000,1964
Azerbaijan,AZE,Violence,0.000,1965
Azerbaijan,AZE,Violence,0.000,1966
Azerbaijan,AZE,Violence,0.000,1967
Azerbaijan,AZE,Violence,0.000,1968
Azerbaijan,AZE,Violence,0.000,1969
Azerbaijan,AZE,Violence,2.143,1970
Azerbaijan,AZE,Violence,2.143,1971
Azerbaijan,AZE,Violence,2.143,1972
Azerbaijan,AZE,Violence,2.143,1973
Azerbaijan,AZE,Violence,2.143,1974
Azerbaijan,AZE,Violence,2.143,1975
Azerbaijan,AZE,Violence,2.143,1976
Azerbaijan,AZE,Violence,2.143,1977
Azerbaijan,AZE,Violence,2.143,1978
Azerbaijan,AZE,Violence,2.143,1979
Azerbaijan,AZE,Violence,2.143,1980
Azerbaijan,AZE,Violence,2.143,1981
Azerbaijan,AZE,Violence,2.143,1982
Azerbaijan,AZE,Violence,2.143,1983
Azerbaijan,AZE,Violence,2.143,1984
Azerbaijan,AZE,Violence,2.143,1985
Azerbaijan,AZE,Violence,2.143,1986
Azerbaijan,AZE,Violence,2.143,1987
Azerbaijan,AZE,Violence,2.143,1988
Azerbaijan,AZE,Violence,2.143,1989
Azerbaijan,AZE,Violence,2.857,1990
Azerbaijan,AZE,Violence,2.857,1991
Azerbaijan,AZE,Violence,2.857,1992
Azerbaijan,AZE,Violence,2.857,1993
Azerbaijan,AZE,Violence,2.857,1994
Azerbaijan,AZE,Violence,2.857,1995
Azerbaijan,AZE,Violence,2.857,1996
Azerbaijan,AZE,Violence,2.857,1997
Azerbaijan,AZE,Violence,2.857,1998
Azerbaijan,AZE,Violence,2.857,1999
Azerbaijan,AZE,Violence,5.000,2000
Azerbaijan,AZE,Violence,5.000,2001
Azerbaijan,AZE,Violence,5.000,2002
Azerbaijan,AZE,Violence,4.286,2003
Azerbaijan,AZE,Violence,4.286,2004
Azerbaijan,AZE,Violence,4.286,2005
Azerbaijan,AZE,Violence,62.143,2006
Azerbaijan,AZE,Violence,5.000,2007
Azerbaijan,AZE,Violence,5.000,2008
Azerbaijan,AZE,Violence,4.286,2009
Azerbaijan,AZE,Violence,6.429,2010
Azerbaijan,AZE,Violence,7.857,2011
Azerbaijan,AZE,Violence,6.429,2012
Azerbaijan,AZE,Violence,6.429,2013
Azerbaijan,AZE,Violence,6.429,2014
Azerbaijan,AZE,Violence,6.429,2015
Azerbaijan,AZE,Violence,6.429,2016
Azerbaijan,AZE,Violence,6.429,2017
Azerbaijan,AZE,Violence,9.286,2018
Azerbaijan,AZE,Violence,6.429,2019
Azerbaijan,AZE,Violence,4.286,2020
Azerbaijan,AZE,Violence,4.286,2021
Azerbaijan,AZE,Violence,2.143,2022
Azerbaijan,AZE,Violence,2.143,2023
Azerbaijan,AZE,Youth 15-24,4.587,1960
Azerbaijan,AZE,Youth 15-24,4.587,1961
Azerbaijan,AZE,Youth 15-24,4.587,1962
Azerbaijan,AZE,Youth 15-24,4.587,1963
Azerbaijan,AZE,Youth 15-24,4.587,1964
Azerbaijan,AZE,Youth 15-24,4.587,1965
Azerbaijan,AZE,Youth 15-24,4.587,1966
Azerbaijan,AZE,Youth 15-24,4.587,1967
Azerbaijan,AZE,Youth 15-24,4.587,1968
Azerbaijan,AZE,Youth 15-24,4.587,1969
Azerbaijan,AZE,Youth 15-24,4.587,1970
Azerbaijan,AZE,Youth 15-24,4.587,1971
Azerbaijan,AZE,Youth 15-24,4.587,1972
Azerbaijan,AZE,Youth 15-24,4.587,1973
Azerbaijan,AZE,Youth 15-24,4.587,1974
Azerbaijan,AZE,Youth 15-24,4.587,1975
Azerbaijan,AZE,Youth 15-24,4.587,1976
Azerbaijan,AZE,Youth 15-24,4.587,1977
Azerbaijan,AZE,Youth 15-24,4.587,1978
Azerbaijan,AZE,Youth 15-24,4.587,1979
Azerbaijan,AZE,Youth 15-24,4.587,1980
Azerbaijan,AZE,Youth 15-24,11.009,1981
Azerbaijan,AZE,Youth 15-24,4.587,1982
Azerbaijan,AZE,Youth 15-24,4.587,1983
Azerbaijan,AZE,Youth 15-24,4.587,1984
Azerbaijan,AZE,Youth 15-24,4.587,1985
Azerbaijan,AZE,Youth 15-24,11.009,1986
Azerbaijan,AZE,Youth 15-24,4.587,1987
Azerbaijan,AZE,Youth 15-24,4.587,1988
Azerbaijan,AZE,Youth 15-24,4.587,1989
Azerbaijan,AZE,Youth 15-24,14.679,1990
Azerbaijan,AZE,Youth 15-24,25.688,1991
Azerbaijan,AZE,Youth 15-24,26.606,1992
Azerbaijan,AZE,Youth 15-24,28.440,1993
Azerbaijan,AZE,Youth 15-24,25.688,1994
Azerbaijan,AZE,Youth 15-24,28.440,1995
Azerbaijan,AZE,Youth 15-24,28.440,1996
Azerbaijan,AZE,Youth 15-24,25.688,1997
Azerbaijan,AZE,Youth 15-24,21.101,1998
Azerbaijan,AZE,Youth 15-24,43.119,1999
Azerbaijan,AZE,Youth 15-24,27.523,2000
Azerbaijan,AZE,Youth 15-24,27.523,2001
Azerbaijan,AZE,Youth 15-24,27.523,2002
Azerbaijan,AZE,Youth 15-24,27.523,2003
Azerbaijan,AZE,Youth 15-24,27.523,2004
Azerbaijan,AZE,Youth 15-24,27.523,2005
Azerbaijan,AZE,Youth 15-24,48.624,2006
Azerbaijan,AZE,Youth 15-24,53.211,2007
Azerbaijan,AZE,Youth 15-24,60.550,2008
Azerbaijan,AZE,Youth 15-24,70.642,2009
Azerbaijan,AZE,Youth 15-24,70.642,2010
Azerbaijan,AZE,Youth 15-24,65.138,2011
Azerbaijan,AZE,Youth 15-24,63.303,2012
Azerbaijan,AZE,Youth 15-24,55.963,2013
Azerbaijan,AZE,Youth 15-24,60.550,2014
Azerbaijan,AZE,Youth 15-24,65.138,2015
Azerbaijan,AZE,Youth 15-24,62.385,2016
Azerbaijan,AZE,Youth 15-24,61.468,2017
Azerbaijan,AZE,Youth 15-24,66.972,2018
Azerbaijan,AZE,Youth 15-24,52.294,2019
Azerbaijan,AZE,Youth 15-24,33.945,2020
Azerbaijan,AZE,Youth 15-24,44.954,2021
Azerbaijan,AZE,Youth 15-24,43.119,2022
Azerbaijan,AZE,Youth 15-24,37.615,2023
