Country Name,Country Code,Topic,% of available indicators,Year
Austria,AUT,Assets,0.000,1960
Austria,AUT,Assets,0.000,1961
Austria,AUT,Assets,0.000,1962
Austria,AUT,Assets,0.000,1963
Austria,AUT,Assets,0.000,1964
Austria,AUT,Assets,0.000,1965
Austria,AUT,Assets,0.000,1966
Austria,AUT,Assets,0.000,1967
Austria,AUT,Assets,0.000,1968
Austria,AUT,Assets,0.000,1969
Austria,AUT,Assets,2.208,1970
Austria,AUT,Assets,2.208,1971
Austria,AUT,Assets,2.208,1972
Austria,AUT,Assets,2.208,1973
Austria,AUT,Assets,2.208,1974
Austria,AUT,Assets,2.208,1975
Austria,AUT,Assets,2.208,1976
Austria,AUT,Assets,2.208,1977
Austria,AUT,Assets,2.208,1978
Austria,AUT,Assets,2.208,1979
Austria,AUT,Assets,2.208,1980
Austria,AUT,Assets,2.208,1981
Austria,AUT,Assets,2.208,1982
Austria,AUT,Assets,2.208,1983
Austria,AUT,Assets,2.208,1984
Austria,AUT,Assets,2.208,1985
Austria,AUT,Assets,2.208,1986
Austria,AUT,Assets,2.208,1987
Austria,AUT,Assets,2.208,1988
Austria,AUT,Assets,2.208,1989
Austria,AUT,Assets,2.208,1990
Austria,AUT,Assets,2.208,1991
Austria,AUT,Assets,2.208,1992
Austria,AUT,Assets,2.208,1993
Austria,AUT,Assets,2.208,1994
Austria,AUT,Assets,2.208,1995
Austria,AUT,Assets,2.208,1996
Austria,AUT,Assets,2.208,1997
Austria,AUT,Assets,2.208,1998
Austria,AUT,Assets,2.208,1999
Austria,AUT,Assets,2.208,2000
Austria,AUT,Assets,2.208,2001
Austria,AUT,Assets,2.208,2002
Austria,AUT,Assets,2.208,2003
Austria,AUT,Assets,2.208,2004
Austria,AUT,Assets,2.208,2005
Austria,AUT,Assets,2.208,2006
Austria,AUT,Assets,2.208,2007
Austria,AUT,Assets,2.208,2008
Austria,AUT,Assets,2.208,2009
Austria,AUT,Assets,2.208,2010
Austria,AUT,Assets,10.726,2011
Austria,AUT,Assets,2.208,2012
Austria,AUT,Assets,2.208,2013
Austria,AUT,Assets,24.921,2014
Austria,AUT,Assets,2.208,2015
Austria,AUT,Assets,2.208,2016
Austria,AUT,Assets,26.814,2017
Austria,AUT,Assets,2.208,2018
Austria,AUT,Assets,2.208,2019
Austria,AUT,Assets,2.208,2020
Austria,AUT,Assets,51.104,2021
Austria,AUT,Assets,2.208,2022
Austria,AUT,Assets,2.208,2023
Austria,AUT,Children 0-14,19.231,1960
Austria,AUT,Children 0-14,19.231,1961
Austria,AUT,Children 0-14,19.231,1962
Austria,AUT,Children 0-14,19.231,1963
Austria,AUT,Children 0-14,19.231,1964
Austria,AUT,Children 0-14,19.231,1965
Austria,AUT,Children 0-14,19.231,1966
Austria,AUT,Children 0-14,19.231,1967
Austria,AUT,Children 0-14,19.231,1968
Austria,AUT,Children 0-14,19.231,1969
Austria,AUT,Children 0-14,19.231,1970
Austria,AUT,Children 0-14,31.538,1971
Austria,AUT,Children 0-14,31.538,1972
Austria,AUT,Children 0-14,31.538,1973
Austria,AUT,Children 0-14,28.462,1974
Austria,AUT,Children 0-14,28.462,1975
Austria,AUT,Children 0-14,28.462,1976
Austria,AUT,Children 0-14,25.385,1977
Austria,AUT,Children 0-14,25.385,1978
Austria,AUT,Children 0-14,25.385,1979
Austria,AUT,Children 0-14,26.154,1980
Austria,AUT,Children 0-14,26.923,1981
Austria,AUT,Children 0-14,26.923,1982
Austria,AUT,Children 0-14,26.923,1983
Austria,AUT,Children 0-14,26.923,1984
Austria,AUT,Children 0-14,26.923,1985
Austria,AUT,Children 0-14,26.923,1986
Austria,AUT,Children 0-14,26.923,1987
Austria,AUT,Children 0-14,26.923,1988
Austria,AUT,Children 0-14,34.615,1989
Austria,AUT,Children 0-14,26.923,1990
Austria,AUT,Children 0-14,26.923,1991
Austria,AUT,Children 0-14,26.923,1992
Austria,AUT,Children 0-14,26.923,1993
Austria,AUT,Children 0-14,26.923,1994
Austria,AUT,Children 0-14,26.923,1995
Austria,AUT,Children 0-14,26.923,1996
Austria,AUT,Children 0-14,26.923,1997
Austria,AUT,Children 0-14,30.000,1998
Austria,AUT,Children 0-14,34.615,1999
Austria,AUT,Children 0-14,48.462,2000
Austria,AUT,Children 0-14,34.615,2001
Austria,AUT,Children 0-14,40.000,2002
Austria,AUT,Children 0-14,36.923,2003
Austria,AUT,Children 0-14,37.692,2004
Austria,AUT,Children 0-14,34.615,2005
Austria,AUT,Children 0-14,41.538,2006
Austria,AUT,Children 0-14,36.923,2007
Austria,AUT,Children 0-14,36.923,2008
Austria,AUT,Children 0-14,36.923,2009
Austria,AUT,Children 0-14,57.692,2010
Austria,AUT,Children 0-14,50.000,2011
Austria,AUT,Children 0-14,44.615,2012
Austria,AUT,Children 0-14,44.615,2013
Austria,AUT,Children 0-14,45.385,2014
Austria,AUT,Children 0-14,58.462,2015
Austria,AUT,Children 0-14,49.231,2016
Austria,AUT,Children 0-14,44.615,2017
Austria,AUT,Children 0-14,40.769,2018
Austria,AUT,Children 0-14,53.846,2019
Austria,AUT,Children 0-14,40.769,2020
Austria,AUT,Children 0-14,36.154,2021
Austria,AUT,Children 0-14,36.154,2022
Austria,AUT,Children 0-14,13.846,2023
Austria,AUT,Education,0.000,1960
Austria,AUT,Education,0.000,1961
Austria,AUT,Education,0.000,1962
Austria,AUT,Education,0.000,1963
Austria,AUT,Education,0.000,1964
Austria,AUT,Education,0.000,1965
Austria,AUT,Education,0.000,1966
Austria,AUT,Education,0.000,1967
Austria,AUT,Education,0.000,1968
Austria,AUT,Education,0.000,1969
Austria,AUT,Education,0.613,1970
Austria,AUT,Education,27.607,1971
Austria,AUT,Education,14.724,1972
Austria,AUT,Education,14.724,1973
Austria,AUT,Education,12.883,1974
Austria,AUT,Education,12.270,1975
Austria,AUT,Education,20.245,1976
Austria,AUT,Education,7.975,1977
Austria,AUT,Education,9.202,1978
Austria,AUT,Education,9.202,1979
Austria,AUT,Education,9.202,1980
Austria,AUT,Education,22.086,1981
Austria,AUT,Education,17.791,1982
Austria,AUT,Education,17.791,1983
Austria,AUT,Education,17.791,1984
Austria,AUT,Education,18.405,1985
Austria,AUT,Education,17.791,1986
Austria,AUT,Education,17.791,1987
Austria,AUT,Education,17.791,1988
Austria,AUT,Education,23.926,1989
Austria,AUT,Education,17.791,1990
Austria,AUT,Education,21.472,1991
Austria,AUT,Education,17.791,1992
Austria,AUT,Education,17.791,1993
Austria,AUT,Education,17.791,1994
Austria,AUT,Education,20.245,1995
Austria,AUT,Education,20.245,1996
Austria,AUT,Education,19.632,1997
Austria,AUT,Education,30.061,1998
Austria,AUT,Education,30.675,1999
Austria,AUT,Education,29.448,2000
Austria,AUT,Education,26.380,2001
Austria,AUT,Education,34.969,2002
Austria,AUT,Education,32.515,2003
Austria,AUT,Education,33.129,2004
Austria,AUT,Education,36.196,2005
Austria,AUT,Education,36.196,2006
Austria,AUT,Education,39.877,2007
Austria,AUT,Education,39.877,2008
Austria,AUT,Education,39.877,2009
Austria,AUT,Education,58.282,2010
Austria,AUT,Education,52.761,2011
Austria,AUT,Education,49.693,2012
Austria,AUT,Education,62.577,2013
Austria,AUT,Education,68.098,2014
Austria,AUT,Education,66.258,2015
Austria,AUT,Education,69.939,2016
Austria,AUT,Education,61.963,2017
Austria,AUT,Education,50.920,2018
Austria,AUT,Education,39.264,2019
Austria,AUT,Education,50.307,2020
Austria,AUT,Education,36.196,2021
Austria,AUT,Education,31.902,2022
Austria,AUT,Education,12.883,2023
Austria,AUT,Employment and Time Use,0.000,1960
Austria,AUT,Employment and Time Use,5.109,1961
Austria,AUT,Employment and Time Use,0.000,1962
Austria,AUT,Employment and Time Use,0.000,1963
Austria,AUT,Employment and Time Use,0.000,1964
Austria,AUT,Employment and Time Use,0.000,1965
Austria,AUT,Employment and Time Use,0.000,1966
Austria,AUT,Employment and Time Use,0.000,1967
Austria,AUT,Employment and Time Use,0.000,1968
Austria,AUT,Employment and Time Use,2.190,1969
Austria,AUT,Employment and Time Use,23.358,1970
Austria,AUT,Employment and Time Use,28.467,1971
Austria,AUT,Employment and Time Use,23.358,1972
Austria,AUT,Employment and Time Use,23.358,1973
Austria,AUT,Employment and Time Use,23.358,1974
Austria,AUT,Employment and Time Use,23.358,1975
Austria,AUT,Employment and Time Use,23.358,1976
Austria,AUT,Employment and Time Use,23.358,1977
Austria,AUT,Employment and Time Use,23.358,1978
Austria,AUT,Employment and Time Use,23.358,1979
Austria,AUT,Employment and Time Use,30.657,1980
Austria,AUT,Employment and Time Use,28.467,1981
Austria,AUT,Employment and Time Use,33.577,1982
Austria,AUT,Employment and Time Use,33.577,1983
Austria,AUT,Employment and Time Use,33.577,1984
Austria,AUT,Employment and Time Use,33.577,1985
Austria,AUT,Employment and Time Use,33.577,1986
Austria,AUT,Employment and Time Use,33.577,1987
Austria,AUT,Employment and Time Use,33.577,1988
Austria,AUT,Employment and Time Use,33.577,1989
Austria,AUT,Employment and Time Use,43.796,1990
Austria,AUT,Employment and Time Use,68.613,1991
Austria,AUT,Employment and Time Use,68.613,1992
Austria,AUT,Employment and Time Use,68.613,1993
Austria,AUT,Employment and Time Use,77.372,1994
Austria,AUT,Employment and Time Use,88.321,1995
Austria,AUT,Employment and Time Use,88.321,1996
Austria,AUT,Employment and Time Use,88.321,1997
Austria,AUT,Employment and Time Use,89.781,1998
Austria,AUT,Employment and Time Use,89.781,1999
Austria,AUT,Employment and Time Use,90.511,2000
Austria,AUT,Employment and Time Use,90.511,2001
Austria,AUT,Employment and Time Use,90.511,2002
Austria,AUT,Employment and Time Use,90.511,2003
Austria,AUT,Employment and Time Use,90.511,2004
Austria,AUT,Employment and Time Use,90.511,2005
Austria,AUT,Employment and Time Use,90.511,2006
Austria,AUT,Employment and Time Use,90.511,2007
Austria,AUT,Employment and Time Use,90.511,2008
Austria,AUT,Employment and Time Use,91.971,2009
Austria,AUT,Employment and Time Use,90.511,2010
Austria,AUT,Employment and Time Use,90.511,2011
Austria,AUT,Employment and Time Use,90.511,2012
Austria,AUT,Employment and Time Use,90.511,2013
Austria,AUT,Employment and Time Use,90.511,2014
Austria,AUT,Employment and Time Use,90.511,2015
Austria,AUT,Employment and Time Use,90.511,2016
Austria,AUT,Employment and Time Use,90.511,2017
Austria,AUT,Employment and Time Use,90.511,2018
Austria,AUT,Employment and Time Use,90.511,2019
Austria,AUT,Employment and Time Use,90.511,2020
Austria,AUT,Employment and Time Use,90.511,2021
Austria,AUT,Employment and Time Use,90.511,2022
Austria,AUT,Employment and Time Use,91.971,2023
Austria,AUT,Entrepreneurship,0.000,1960
Austria,AUT,Entrepreneurship,0.000,1961
Austria,AUT,Entrepreneurship,0.000,1962
Austria,AUT,Entrepreneurship,0.000,1963
Austria,AUT,Entrepreneurship,0.000,1964
Austria,AUT,Entrepreneurship,0.000,1965
Austria,AUT,Entrepreneurship,0.000,1966
Austria,AUT,Entrepreneurship,0.000,1967
Austria,AUT,Entrepreneurship,0.000,1968
Austria,AUT,Entrepreneurship,0.000,1969
Austria,AUT,Entrepreneurship,9.375,1970
Austria,AUT,Entrepreneurship,9.375,1971
Austria,AUT,Entrepreneurship,9.375,1972
Austria,AUT,Entrepreneurship,9.375,1973
Austria,AUT,Entrepreneurship,9.375,1974
Austria,AUT,Entrepreneurship,9.375,1975
Austria,AUT,Entrepreneurship,9.375,1976
Austria,AUT,Entrepreneurship,9.375,1977
Austria,AUT,Entrepreneurship,9.375,1978
Austria,AUT,Entrepreneurship,9.375,1979
Austria,AUT,Entrepreneurship,9.375,1980
Austria,AUT,Entrepreneurship,9.375,1981
Austria,AUT,Entrepreneurship,9.375,1982
Austria,AUT,Entrepreneurship,9.375,1983
Austria,AUT,Entrepreneurship,9.375,1984
Austria,AUT,Entrepreneurship,9.375,1985
Austria,AUT,Entrepreneurship,9.375,1986
Austria,AUT,Entrepreneurship,9.375,1987
Austria,AUT,Entrepreneurship,9.375,1988
Austria,AUT,Entrepreneurship,9.375,1989
Austria,AUT,Entrepreneurship,9.375,1990
Austria,AUT,Entrepreneurship,9.375,1991
Austria,AUT,Entrepreneurship,9.375,1992
Austria,AUT,Entrepreneurship,9.375,1993
Austria,AUT,Entrepreneurship,9.375,1994
Austria,AUT,Entrepreneurship,9.375,1995
Austria,AUT,Entrepreneurship,9.375,1996
Austria,AUT,Entrepreneurship,9.375,1997
Austria,AUT,Entrepreneurship,9.375,1998
Austria,AUT,Entrepreneurship,9.375,1999
Austria,AUT,Entrepreneurship,9.375,2000
Austria,AUT,Entrepreneurship,9.375,2001
Austria,AUT,Entrepreneurship,9.375,2002
Austria,AUT,Entrepreneurship,37.500,2003
Austria,AUT,Entrepreneurship,37.500,2004
Austria,AUT,Entrepreneurship,37.500,2005
Austria,AUT,Entrepreneurship,37.500,2006
Austria,AUT,Entrepreneurship,37.500,2007
Austria,AUT,Entrepreneurship,37.500,2008
Austria,AUT,Entrepreneurship,37.500,2009
Austria,AUT,Entrepreneurship,37.500,2010
Austria,AUT,Entrepreneurship,37.500,2011
Austria,AUT,Entrepreneurship,37.500,2012
Austria,AUT,Entrepreneurship,37.500,2013
Austria,AUT,Entrepreneurship,68.750,2014
Austria,AUT,Entrepreneurship,50.000,2015
Austria,AUT,Entrepreneurship,50.000,2016
Austria,AUT,Entrepreneurship,68.750,2017
Austria,AUT,Entrepreneurship,50.000,2018
Austria,AUT,Entrepreneurship,50.000,2019
Austria,AUT,Entrepreneurship,21.875,2020
Austria,AUT,Entrepreneurship,28.125,2021
Austria,AUT,Entrepreneurship,21.875,2022
Austria,AUT,Entrepreneurship,9.375,2023
Austria,AUT,Environment,0.000,1960
Austria,AUT,Environment,0.000,1961
Austria,AUT,Environment,0.000,1962
Austria,AUT,Environment,0.000,1963
Austria,AUT,Environment,0.000,1964
Austria,AUT,Environment,0.000,1965
Austria,AUT,Environment,0.000,1966
Austria,AUT,Environment,0.000,1967
Austria,AUT,Environment,0.000,1968
Austria,AUT,Environment,0.000,1969
Austria,AUT,Environment,0.000,1970
Austria,AUT,Environment,0.000,1971
Austria,AUT,Environment,0.000,1972
Austria,AUT,Environment,0.000,1973
Austria,AUT,Environment,0.000,1974
Austria,AUT,Environment,0.000,1975
Austria,AUT,Environment,0.000,1976
Austria,AUT,Environment,0.000,1977
Austria,AUT,Environment,0.000,1978
Austria,AUT,Environment,0.000,1979
Austria,AUT,Environment,0.000,1980
Austria,AUT,Environment,0.000,1981
Austria,AUT,Environment,0.000,1982
Austria,AUT,Environment,0.000,1983
Austria,AUT,Environment,0.000,1984
Austria,AUT,Environment,0.000,1985
Austria,AUT,Environment,0.000,1986
Austria,AUT,Environment,0.000,1987
Austria,AUT,Environment,0.000,1988
Austria,AUT,Environment,0.000,1989
Austria,AUT,Environment,0.000,1990
Austria,AUT,Environment,0.000,1991
Austria,AUT,Environment,0.000,1992
Austria,AUT,Environment,0.000,1993
Austria,AUT,Environment,0.000,1994
Austria,AUT,Environment,0.000,1995
Austria,AUT,Environment,0.000,1996
Austria,AUT,Environment,0.000,1997
Austria,AUT,Environment,0.000,1998
Austria,AUT,Environment,0.000,1999
Austria,AUT,Environment,10.000,2000
Austria,AUT,Environment,10.000,2001
Austria,AUT,Environment,10.000,2002
Austria,AUT,Environment,10.000,2003
Austria,AUT,Environment,10.000,2004
Austria,AUT,Environment,10.000,2005
Austria,AUT,Environment,10.000,2006
Austria,AUT,Environment,10.000,2007
Austria,AUT,Environment,10.000,2008
Austria,AUT,Environment,10.000,2009
Austria,AUT,Environment,10.000,2010
Austria,AUT,Environment,10.000,2011
Austria,AUT,Environment,10.000,2012
Austria,AUT,Environment,13.333,2013
Austria,AUT,Environment,13.333,2014
Austria,AUT,Environment,13.333,2015
Austria,AUT,Environment,13.333,2016
Austria,AUT,Environment,10.000,2017
Austria,AUT,Environment,10.000,2018
Austria,AUT,Environment,30.000,2019
Austria,AUT,Environment,10.000,2020
Austria,AUT,Environment,10.000,2021
Austria,AUT,Environment,10.000,2022
Austria,AUT,Environment,0.000,2023
Austria,AUT,Health,8.586,1960
Austria,AUT,Health,8.586,1961
Austria,AUT,Health,8.586,1962
Austria,AUT,Health,8.586,1963
Austria,AUT,Health,8.586,1964
Austria,AUT,Health,8.586,1965
Austria,AUT,Health,8.586,1966
Austria,AUT,Health,8.586,1967
Austria,AUT,Health,8.586,1968
Austria,AUT,Health,8.586,1969
Austria,AUT,Health,8.586,1970
Austria,AUT,Health,8.586,1971
Austria,AUT,Health,8.586,1972
Austria,AUT,Health,8.586,1973
Austria,AUT,Health,8.586,1974
Austria,AUT,Health,11.111,1975
Austria,AUT,Health,11.111,1976
Austria,AUT,Health,11.111,1977
Austria,AUT,Health,11.111,1978
Austria,AUT,Health,11.111,1979
Austria,AUT,Health,11.616,1980
Austria,AUT,Health,12.121,1981
Austria,AUT,Health,12.121,1982
Austria,AUT,Health,12.121,1983
Austria,AUT,Health,12.121,1984
Austria,AUT,Health,12.626,1985
Austria,AUT,Health,12.626,1986
Austria,AUT,Health,12.626,1987
Austria,AUT,Health,12.626,1988
Austria,AUT,Health,12.626,1989
Austria,AUT,Health,13.131,1990
Austria,AUT,Health,13.131,1991
Austria,AUT,Health,13.131,1992
Austria,AUT,Health,14.141,1993
Austria,AUT,Health,13.131,1994
Austria,AUT,Health,13.131,1995
Austria,AUT,Health,14.646,1996
Austria,AUT,Health,13.636,1997
Austria,AUT,Health,13.636,1998
Austria,AUT,Health,13.636,1999
Austria,AUT,Health,51.010,2000
Austria,AUT,Health,27.273,2001
Austria,AUT,Health,27.273,2002
Austria,AUT,Health,27.273,2003
Austria,AUT,Health,27.273,2004
Austria,AUT,Health,28.788,2005
Austria,AUT,Health,27.273,2006
Austria,AUT,Health,27.273,2007
Austria,AUT,Health,27.273,2008
Austria,AUT,Health,28.283,2009
Austria,AUT,Health,54.545,2010
Austria,AUT,Health,27.273,2011
Austria,AUT,Health,27.273,2012
Austria,AUT,Health,28.283,2013
Austria,AUT,Health,28.788,2014
Austria,AUT,Health,51.515,2015
Austria,AUT,Health,27.273,2016
Austria,AUT,Health,29.293,2017
Austria,AUT,Health,28.788,2018
Austria,AUT,Health,51.515,2019
Austria,AUT,Health,20.202,2020
Austria,AUT,Health,13.131,2021
Austria,AUT,Health,10.606,2022
Austria,AUT,Health,1.010,2023
Austria,AUT,Leadership,0.000,1960
Austria,AUT,Leadership,0.000,1961
Austria,AUT,Leadership,0.000,1962
Austria,AUT,Leadership,0.000,1963
Austria,AUT,Leadership,0.000,1964
Austria,AUT,Leadership,0.000,1965
Austria,AUT,Leadership,0.000,1966
Austria,AUT,Leadership,0.000,1967
Austria,AUT,Leadership,0.000,1968
Austria,AUT,Leadership,0.000,1969
Austria,AUT,Leadership,0.000,1970
Austria,AUT,Leadership,0.000,1971
Austria,AUT,Leadership,0.000,1972
Austria,AUT,Leadership,0.000,1973
Austria,AUT,Leadership,0.000,1974
Austria,AUT,Leadership,0.000,1975
Austria,AUT,Leadership,0.000,1976
Austria,AUT,Leadership,0.000,1977
Austria,AUT,Leadership,0.000,1978
Austria,AUT,Leadership,0.000,1979
Austria,AUT,Leadership,0.000,1980
Austria,AUT,Leadership,0.000,1981
Austria,AUT,Leadership,0.000,1982
Austria,AUT,Leadership,0.000,1983
Austria,AUT,Leadership,0.000,1984
Austria,AUT,Leadership,0.000,1985
Austria,AUT,Leadership,0.000,1986
Austria,AUT,Leadership,0.000,1987
Austria,AUT,Leadership,0.000,1988
Austria,AUT,Leadership,0.000,1989
Austria,AUT,Leadership,0.000,1990
Austria,AUT,Leadership,0.000,1991
Austria,AUT,Leadership,0.000,1992
Austria,AUT,Leadership,0.000,1993
Austria,AUT,Leadership,0.000,1994
Austria,AUT,Leadership,0.000,1995
Austria,AUT,Leadership,0.000,1996
Austria,AUT,Leadership,25.000,1997
Austria,AUT,Leadership,25.000,1998
Austria,AUT,Leadership,0.000,1999
Austria,AUT,Leadership,50.000,2000
Austria,AUT,Leadership,50.000,2001
Austria,AUT,Leadership,25.000,2002
Austria,AUT,Leadership,50.000,2003
Austria,AUT,Leadership,50.000,2004
Austria,AUT,Leadership,75.000,2005
Austria,AUT,Leadership,50.000,2006
Austria,AUT,Leadership,50.000,2007
Austria,AUT,Leadership,75.000,2008
Austria,AUT,Leadership,50.000,2009
Austria,AUT,Leadership,75.000,2010
Austria,AUT,Leadership,50.000,2011
Austria,AUT,Leadership,75.000,2012
Austria,AUT,Leadership,50.000,2013
Austria,AUT,Leadership,75.000,2014
Austria,AUT,Leadership,75.000,2015
Austria,AUT,Leadership,75.000,2016
Austria,AUT,Leadership,50.000,2017
Austria,AUT,Leadership,75.000,2018
Austria,AUT,Leadership,75.000,2019
Austria,AUT,Leadership,75.000,2020
Austria,AUT,Leadership,75.000,2021
Austria,AUT,Leadership,75.000,2022
Austria,AUT,Leadership,50.000,2023
Austria,AUT,Norms and Decision-making,0.000,1960
Austria,AUT,Norms and Decision-making,0.000,1961
Austria,AUT,Norms and Decision-making,0.000,1962
Austria,AUT,Norms and Decision-making,0.000,1963
Austria,AUT,Norms and Decision-making,0.000,1964
Austria,AUT,Norms and Decision-making,0.000,1965
Austria,AUT,Norms and Decision-making,0.000,1966
Austria,AUT,Norms and Decision-making,0.000,1967
Austria,AUT,Norms and Decision-making,0.000,1968
Austria,AUT,Norms and Decision-making,0.000,1969
Austria,AUT,Norms and Decision-making,14.074,1970
Austria,AUT,Norms and Decision-making,14.074,1971
Austria,AUT,Norms and Decision-making,14.074,1972
Austria,AUT,Norms and Decision-making,14.074,1973
Austria,AUT,Norms and Decision-making,14.074,1974
Austria,AUT,Norms and Decision-making,14.074,1975
Austria,AUT,Norms and Decision-making,14.074,1976
Austria,AUT,Norms and Decision-making,14.074,1977
Austria,AUT,Norms and Decision-making,14.074,1978
Austria,AUT,Norms and Decision-making,14.074,1979
Austria,AUT,Norms and Decision-making,14.074,1980
Austria,AUT,Norms and Decision-making,14.074,1981
Austria,AUT,Norms and Decision-making,14.074,1982
Austria,AUT,Norms and Decision-making,12.593,1983
Austria,AUT,Norms and Decision-making,12.593,1984
Austria,AUT,Norms and Decision-making,12.593,1985
Austria,AUT,Norms and Decision-making,12.593,1986
Austria,AUT,Norms and Decision-making,12.593,1987
Austria,AUT,Norms and Decision-making,12.593,1988
Austria,AUT,Norms and Decision-making,12.593,1989
Austria,AUT,Norms and Decision-making,12.593,1990
Austria,AUT,Norms and Decision-making,14.074,1991
Austria,AUT,Norms and Decision-making,12.593,1992
Austria,AUT,Norms and Decision-making,12.593,1993
Austria,AUT,Norms and Decision-making,12.593,1994
Austria,AUT,Norms and Decision-making,12.593,1995
Austria,AUT,Norms and Decision-making,12.593,1996
Austria,AUT,Norms and Decision-making,12.593,1997
Austria,AUT,Norms and Decision-making,12.593,1998
Austria,AUT,Norms and Decision-making,12.593,1999
Austria,AUT,Norms and Decision-making,12.593,2000
Austria,AUT,Norms and Decision-making,14.074,2001
Austria,AUT,Norms and Decision-making,12.593,2002
Austria,AUT,Norms and Decision-making,12.593,2003
Austria,AUT,Norms and Decision-making,12.593,2004
Austria,AUT,Norms and Decision-making,12.593,2005
Austria,AUT,Norms and Decision-making,12.593,2006
Austria,AUT,Norms and Decision-making,12.593,2007
Austria,AUT,Norms and Decision-making,12.593,2008
Austria,AUT,Norms and Decision-making,12.593,2009
Austria,AUT,Norms and Decision-making,12.593,2010
Austria,AUT,Norms and Decision-making,14.074,2011
Austria,AUT,Norms and Decision-making,12.593,2012
Austria,AUT,Norms and Decision-making,12.593,2013
Austria,AUT,Norms and Decision-making,12.593,2014
Austria,AUT,Norms and Decision-making,12.593,2015
Austria,AUT,Norms and Decision-making,12.593,2016
Austria,AUT,Norms and Decision-making,12.593,2017
Austria,AUT,Norms and Decision-making,12.593,2018
Austria,AUT,Norms and Decision-making,12.593,2019
Austria,AUT,Norms and Decision-making,12.593,2020
Austria,AUT,Norms and Decision-making,12.593,2021
Austria,AUT,Norms and Decision-making,12.593,2022
Austria,AUT,Norms and Decision-making,12.593,2023
Austria,AUT,Population,86.905,1960
Austria,AUT,Population,86.905,1961
Austria,AUT,Population,86.905,1962
Austria,AUT,Population,86.905,1963
Austria,AUT,Population,86.905,1964
Austria,AUT,Population,86.905,1965
Austria,AUT,Population,86.905,1966
Austria,AUT,Population,86.905,1967
Austria,AUT,Population,86.905,1968
Austria,AUT,Population,86.905,1969
Austria,AUT,Population,89.286,1970
Austria,AUT,Population,89.286,1971
Austria,AUT,Population,89.286,1972
Austria,AUT,Population,89.286,1973
Austria,AUT,Population,89.286,1974
Austria,AUT,Population,89.286,1975
Austria,AUT,Population,89.286,1976
Austria,AUT,Population,89.286,1977
Austria,AUT,Population,89.286,1978
Austria,AUT,Population,89.286,1979
Austria,AUT,Population,94.048,1980
Austria,AUT,Population,89.286,1981
Austria,AUT,Population,89.286,1982
Austria,AUT,Population,86.905,1983
Austria,AUT,Population,86.905,1984
Austria,AUT,Population,91.667,1985
Austria,AUT,Population,86.905,1986
Austria,AUT,Population,86.905,1987
Austria,AUT,Population,86.905,1988
Austria,AUT,Population,86.905,1989
Austria,AUT,Population,92.857,1990
Austria,AUT,Population,89.286,1991
Austria,AUT,Population,86.905,1992
Austria,AUT,Population,86.905,1993
Austria,AUT,Population,86.905,1994
Austria,AUT,Population,92.857,1995
Austria,AUT,Population,86.905,1996
Austria,AUT,Population,86.905,1997
Austria,AUT,Population,86.905,1998
Austria,AUT,Population,86.905,1999
Austria,AUT,Population,92.857,2000
Austria,AUT,Population,89.286,2001
Austria,AUT,Population,86.905,2002
Austria,AUT,Population,86.905,2003
Austria,AUT,Population,86.905,2004
Austria,AUT,Population,92.857,2005
Austria,AUT,Population,86.905,2006
Austria,AUT,Population,86.905,2007
Austria,AUT,Population,86.905,2008
Austria,AUT,Population,86.905,2009
Austria,AUT,Population,92.857,2010
Austria,AUT,Population,90.476,2011
Austria,AUT,Population,86.905,2012
Austria,AUT,Population,86.905,2013
Austria,AUT,Population,88.095,2014
Austria,AUT,Population,92.857,2015
Austria,AUT,Population,86.905,2016
Austria,AUT,Population,88.095,2017
Austria,AUT,Population,86.905,2018
Austria,AUT,Population,89.286,2019
Austria,AUT,Population,88.095,2020
Austria,AUT,Population,86.905,2021
Austria,AUT,Population,88.095,2022
Austria,AUT,Population,77.381,2023
Austria,AUT,SDGs,2.685,1960
Austria,AUT,SDGs,2.685,1961
Austria,AUT,SDGs,2.685,1962
Austria,AUT,SDGs,2.685,1963
Austria,AUT,SDGs,2.685,1964
Austria,AUT,SDGs,2.685,1965
Austria,AUT,SDGs,2.685,1966
Austria,AUT,SDGs,2.685,1967
Austria,AUT,SDGs,2.685,1968
Austria,AUT,SDGs,4.698,1969
Austria,AUT,SDGs,13.423,1970
Austria,AUT,SDGs,13.423,1971
Austria,AUT,SDGs,13.423,1972
Austria,AUT,SDGs,13.423,1973
Austria,AUT,SDGs,13.423,1974
Austria,AUT,SDGs,13.423,1975
Austria,AUT,SDGs,13.423,1976
Austria,AUT,SDGs,13.423,1977
Austria,AUT,SDGs,13.423,1978
Austria,AUT,SDGs,13.423,1979
Austria,AUT,SDGs,14.094,1980
Austria,AUT,SDGs,14.094,1981
Austria,AUT,SDGs,16.107,1982
Austria,AUT,SDGs,16.107,1983
Austria,AUT,SDGs,16.107,1984
Austria,AUT,SDGs,16.779,1985
Austria,AUT,SDGs,16.779,1986
Austria,AUT,SDGs,16.779,1987
Austria,AUT,SDGs,16.779,1988
Austria,AUT,SDGs,16.779,1989
Austria,AUT,SDGs,16.779,1990
Austria,AUT,SDGs,20.805,1991
Austria,AUT,SDGs,20.805,1992
Austria,AUT,SDGs,21.477,1993
Austria,AUT,SDGs,20.805,1994
Austria,AUT,SDGs,20.805,1995
Austria,AUT,SDGs,21.477,1996
Austria,AUT,SDGs,22.148,1997
Austria,AUT,SDGs,22.148,1998
Austria,AUT,SDGs,21.477,1999
Austria,AUT,SDGs,66.443,2000
Austria,AUT,SDGs,34.899,2001
Austria,AUT,SDGs,34.228,2002
Austria,AUT,SDGs,34.899,2003
Austria,AUT,SDGs,34.899,2004
Austria,AUT,SDGs,36.913,2005
Austria,AUT,SDGs,36.913,2006
Austria,AUT,SDGs,34.899,2007
Austria,AUT,SDGs,34.899,2008
Austria,AUT,SDGs,36.242,2009
Austria,AUT,SDGs,67.114,2010
Austria,AUT,SDGs,38.926,2011
Austria,AUT,SDGs,35.570,2012
Austria,AUT,SDGs,34.899,2013
Austria,AUT,SDGs,36.913,2014
Austria,AUT,SDGs,67.114,2015
Austria,AUT,SDGs,36.913,2016
Austria,AUT,SDGs,36.913,2017
Austria,AUT,SDGs,37.584,2018
Austria,AUT,SDGs,70.470,2019
Austria,AUT,SDGs,28.188,2020
Austria,AUT,SDGs,24.832,2021
Austria,AUT,SDGs,22.819,2022
Austria,AUT,SDGs,18.121,2023
Austria,AUT,Technology,0.000,1960
Austria,AUT,Technology,0.000,1961
Austria,AUT,Technology,0.000,1962
Austria,AUT,Technology,0.000,1963
Austria,AUT,Technology,0.000,1964
Austria,AUT,Technology,0.000,1965
Austria,AUT,Technology,0.000,1966
Austria,AUT,Technology,0.000,1967
Austria,AUT,Technology,0.000,1968
Austria,AUT,Technology,0.000,1969
Austria,AUT,Technology,0.000,1970
Austria,AUT,Technology,0.000,1971
Austria,AUT,Technology,0.000,1972
Austria,AUT,Technology,0.000,1973
Austria,AUT,Technology,0.000,1974
Austria,AUT,Technology,0.000,1975
Austria,AUT,Technology,0.000,1976
Austria,AUT,Technology,0.000,1977
Austria,AUT,Technology,0.000,1978
Austria,AUT,Technology,0.000,1979
Austria,AUT,Technology,0.000,1980
Austria,AUT,Technology,0.000,1981
Austria,AUT,Technology,0.000,1982
Austria,AUT,Technology,0.000,1983
Austria,AUT,Technology,0.000,1984
Austria,AUT,Technology,0.000,1985
Austria,AUT,Technology,0.000,1986
Austria,AUT,Technology,0.000,1987
Austria,AUT,Technology,0.000,1988
Austria,AUT,Technology,0.000,1989
Austria,AUT,Technology,2.222,1990
Austria,AUT,Technology,2.222,1991
Austria,AUT,Technology,2.222,1992
Austria,AUT,Technology,2.222,1993
Austria,AUT,Technology,2.222,1994
Austria,AUT,Technology,2.222,1995
Austria,AUT,Technology,2.222,1996
Austria,AUT,Technology,2.222,1997
Austria,AUT,Technology,2.222,1998
Austria,AUT,Technology,2.222,1999
Austria,AUT,Technology,2.222,2000
Austria,AUT,Technology,2.222,2001
Austria,AUT,Technology,6.667,2002
Austria,AUT,Technology,6.667,2003
Austria,AUT,Technology,6.667,2004
Austria,AUT,Technology,6.667,2005
Austria,AUT,Technology,6.667,2006
Austria,AUT,Technology,6.667,2007
Austria,AUT,Technology,6.667,2008
Austria,AUT,Technology,6.667,2009
Austria,AUT,Technology,6.667,2010
Austria,AUT,Technology,13.333,2011
Austria,AUT,Technology,6.667,2012
Austria,AUT,Technology,13.333,2013
Austria,AUT,Technology,40.000,2014
Austria,AUT,Technology,13.333,2015
Austria,AUT,Technology,13.333,2016
Austria,AUT,Technology,53.333,2017
Austria,AUT,Technology,6.667,2018
Austria,AUT,Technology,6.667,2019
Austria,AUT,Technology,6.667,2020
Austria,AUT,Technology,73.333,2021
Austria,AUT,Technology,6.667,2022
Austria,AUT,Technology,6.667,2023
Austria,AUT,Violence,0.000,1960
Austria,AUT,Violence,0.000,1961
Austria,AUT,Violence,0.000,1962
Austria,AUT,Violence,0.000,1963
Austria,AUT,Violence,0.000,1964
Austria,AUT,Violence,0.000,1965
Austria,AUT,Violence,0.000,1966
Austria,AUT,Violence,0.000,1967
Austria,AUT,Violence,0.000,1968
Austria,AUT,Violence,0.000,1969
Austria,AUT,Violence,2.143,1970
Austria,AUT,Violence,2.143,1971
Austria,AUT,Violence,2.143,1972
Austria,AUT,Violence,2.143,1973
Austria,AUT,Violence,2.143,1974
Austria,AUT,Violence,2.143,1975
Austria,AUT,Violence,2.143,1976
Austria,AUT,Violence,2.143,1977
Austria,AUT,Violence,2.143,1978
Austria,AUT,Violence,2.143,1979
Austria,AUT,Violence,2.143,1980
Austria,AUT,Violence,2.143,1981
Austria,AUT,Violence,2.143,1982
Austria,AUT,Violence,2.143,1983
Austria,AUT,Violence,2.143,1984
Austria,AUT,Violence,2.143,1985
Austria,AUT,Violence,2.143,1986
Austria,AUT,Violence,2.143,1987
Austria,AUT,Violence,2.143,1988
Austria,AUT,Violence,2.143,1989
Austria,AUT,Violence,4.286,1990
Austria,AUT,Violence,4.286,1991
Austria,AUT,Violence,4.286,1992
Austria,AUT,Violence,4.286,1993
Austria,AUT,Violence,4.286,1994
Austria,AUT,Violence,4.286,1995
Austria,AUT,Violence,4.286,1996
Austria,AUT,Violence,4.286,1997
Austria,AUT,Violence,4.286,1998
Austria,AUT,Violence,4.286,1999
Austria,AUT,Violence,6.429,2000
Austria,AUT,Violence,6.429,2001
Austria,AUT,Violence,6.429,2002
Austria,AUT,Violence,6.429,2003
Austria,AUT,Violence,6.429,2004
Austria,AUT,Violence,6.429,2005
Austria,AUT,Violence,6.429,2006
Austria,AUT,Violence,6.429,2007
Austria,AUT,Violence,6.429,2008
Austria,AUT,Violence,6.429,2009
Austria,AUT,Violence,6.429,2010
Austria,AUT,Violence,6.429,2011
Austria,AUT,Violence,7.143,2012
Austria,AUT,Violence,6.429,2013
Austria,AUT,Violence,6.429,2014
Austria,AUT,Violence,6.429,2015
Austria,AUT,Violence,6.429,2016
Austria,AUT,Violence,6.429,2017
Austria,AUT,Violence,9.286,2018
Austria,AUT,Violence,6.429,2019
Austria,AUT,Violence,4.286,2020
Austria,AUT,Violence,4.286,2021
Austria,AUT,Violence,2.143,2022
Austria,AUT,Violence,2.143,2023
Austria,AUT,Youth 15-24,4.587,1960
Austria,AUT,Youth 15-24,7.339,1961
Austria,AUT,Youth 15-24,4.587,1962
Austria,AUT,Youth 15-24,4.587,1963
Austria,AUT,Youth 15-24,4.587,1964
Austria,AUT,Youth 15-24,4.587,1965
Austria,AUT,Youth 15-24,4.587,1966
Austria,AUT,Youth 15-24,4.587,1967
Austria,AUT,Youth 15-24,4.587,1968
Austria,AUT,Youth 15-24,4.587,1969
Austria,AUT,Youth 15-24,4.587,1970
Austria,AUT,Youth 15-24,27.523,1971
Austria,AUT,Youth 15-24,9.174,1972
Austria,AUT,Youth 15-24,8.257,1973
Austria,AUT,Youth 15-24,9.174,1974
Austria,AUT,Youth 15-24,9.174,1975
Austria,AUT,Youth 15-24,19.266,1976
Austria,AUT,Youth 15-24,8.257,1977
Austria,AUT,Youth 15-24,8.257,1978
Austria,AUT,Youth 15-24,8.257,1979
Austria,AUT,Youth 15-24,11.009,1980
Austria,AUT,Youth 15-24,26.606,1981
Austria,AUT,Youth 15-24,24.771,1982
Austria,AUT,Youth 15-24,24.771,1983
Austria,AUT,Youth 15-24,24.771,1984
Austria,AUT,Youth 15-24,24.771,1985
Austria,AUT,Youth 15-24,24.771,1986
Austria,AUT,Youth 15-24,24.771,1987
Austria,AUT,Youth 15-24,24.771,1988
Austria,AUT,Youth 15-24,24.771,1989
Austria,AUT,Youth 15-24,27.523,1990
Austria,AUT,Youth 15-24,39.450,1991
Austria,AUT,Youth 15-24,33.945,1992
Austria,AUT,Youth 15-24,33.945,1993
Austria,AUT,Youth 15-24,36.697,1994
Austria,AUT,Youth 15-24,39.450,1995
Austria,AUT,Youth 15-24,39.450,1996
Austria,AUT,Youth 15-24,39.450,1997
Austria,AUT,Youth 15-24,49.541,1998
Austria,AUT,Youth 15-24,47.706,1999
Austria,AUT,Youth 15-24,47.706,2000
Austria,AUT,Youth 15-24,43.119,2001
Austria,AUT,Youth 15-24,47.706,2002
Austria,AUT,Youth 15-24,47.706,2003
Austria,AUT,Youth 15-24,47.706,2004
Austria,AUT,Youth 15-24,55.963,2005
Austria,AUT,Youth 15-24,47.706,2006
Austria,AUT,Youth 15-24,56.881,2007
Austria,AUT,Youth 15-24,56.881,2008
Austria,AUT,Youth 15-24,56.881,2009
Austria,AUT,Youth 15-24,59.633,2010
Austria,AUT,Youth 15-24,59.633,2011
Austria,AUT,Youth 15-24,59.633,2012
Austria,AUT,Youth 15-24,77.064,2013
Austria,AUT,Youth 15-24,79.817,2014
Austria,AUT,Youth 15-24,79.817,2015
Austria,AUT,Youth 15-24,79.817,2016
Austria,AUT,Youth 15-24,62.385,2017
Austria,AUT,Youth 15-24,52.294,2018
Austria,AUT,Youth 15-24,48.624,2019
Austria,AUT,Youth 15-24,48.624,2020
Austria,AUT,Youth 15-24,46.789,2021
Austria,AUT,Youth 15-24,44.037,2022
Austria,AUT,Youth 15-24,33.028,2023
