Country Name,Country Code,Topic,% of available indicators,Year
Bosnia and Herzegovina,BIH,Assets,0.000,1960
Bosnia and Herzegovina,BIH,Assets,0.000,1961
Bosnia and Herzegovina,BIH,Assets,0.000,1962
Bosnia and Herzegovina,BIH,Assets,0.000,1963
Bosnia and Herzegovina,BIH,Assets,0.000,1964
Bosnia and Herzegovina,BIH,Assets,0.000,1965
Bosnia and Herzegovina,BIH,Assets,0.000,1966
Bosnia and Herzegovina,BIH,Assets,0.000,1967
Bosnia and Herzegovina,BIH,Assets,0.000,1968
Bosnia and Herzegovina,BIH,Assets,0.000,1969
Bosnia and Herzegovina,BIH,Assets,2.208,1970
Bosnia and Herzegovina,BIH,Assets,2.208,1971
Bosnia and Herzegovina,BIH,Assets,2.208,1972
Bosnia and Herzegovina,BIH,Assets,2.208,1973
Bosnia and Herzegovina,BIH,Assets,2.208,1974
Bosnia and Herzegovina,BIH,Assets,2.208,1975
Bosnia and Herzegovina,BIH,Assets,2.208,1976
Bosnia and Herzegovina,BIH,Assets,2.208,1977
Bosnia and Herzegovina,BIH,Assets,2.208,1978
Bosnia and Herzegovina,BIH,Assets,2.208,1979
Bosnia and Herzegovina,BIH,Assets,2.208,1980
Bosnia and Herzegovina,BIH,Assets,2.208,1981
Bosnia and Herzegovina,BIH,Assets,2.208,1982
Bosnia and Herzegovina,BIH,Assets,2.208,1983
Bosnia and Herzegovina,BIH,Assets,2.208,1984
Bosnia and Herzegovina,BIH,Assets,2.208,1985
Bosnia and Herzegovina,BIH,Assets,2.208,1986
Bosnia and Herzegovina,BIH,Assets,2.208,1987
Bosnia and Herzegovina,BIH,Assets,2.208,1988
Bosnia and Herzegovina,BIH,Assets,2.208,1989
Bosnia and Herzegovina,BIH,Assets,2.208,1990
Bosnia and Herzegovina,BIH,Assets,2.208,1991
Bosnia and Herzegovina,BIH,Assets,2.208,1992
Bosnia and Herzegovina,BIH,Assets,2.208,1993
Bosnia and Herzegovina,BIH,Assets,2.208,1994
Bosnia and Herzegovina,BIH,Assets,2.208,1995
Bosnia and Herzegovina,BIH,Assets,2.208,1996
Bosnia and Herzegovina,BIH,Assets,2.208,1997
Bosnia and Herzegovina,BIH,Assets,2.208,1998
Bosnia and Herzegovina,BIH,Assets,2.208,1999
Bosnia and Herzegovina,BIH,Assets,2.208,2000
Bosnia and Herzegovina,BIH,Assets,2.208,2001
Bosnia and Herzegovina,BIH,Assets,2.208,2002
Bosnia and Herzegovina,BIH,Assets,2.208,2003
Bosnia and Herzegovina,BIH,Assets,2.208,2004
Bosnia and Herzegovina,BIH,Assets,2.208,2005
Bosnia and Herzegovina,BIH,Assets,2.208,2006
Bosnia and Herzegovina,BIH,Assets,2.208,2007
Bosnia and Herzegovina,BIH,Assets,2.208,2008
Bosnia and Herzegovina,BIH,Assets,2.208,2009
Bosnia and Herzegovina,BIH,Assets,2.208,2010
Bosnia and Herzegovina,BIH,Assets,11.672,2011
Bosnia and Herzegovina,BIH,Assets,2.208,2012
Bosnia and Herzegovina,BIH,Assets,2.208,2013
Bosnia and Herzegovina,BIH,Assets,30.599,2014
Bosnia and Herzegovina,BIH,Assets,2.208,2015
Bosnia and Herzegovina,BIH,Assets,2.208,2016
Bosnia and Herzegovina,BIH,Assets,33.123,2017
Bosnia and Herzegovina,BIH,Assets,2.208,2018
Bosnia and Herzegovina,BIH,Assets,2.208,2019
Bosnia and Herzegovina,BIH,Assets,2.208,2020
Bosnia and Herzegovina,BIH,Assets,61.199,2021
Bosnia and Herzegovina,BIH,Assets,2.208,2022
Bosnia and Herzegovina,BIH,Assets,2.208,2023
Bosnia and Herzegovina,BIH,Children 0-14,10.769,1960
Bosnia and Herzegovina,BIH,Children 0-14,10.769,1961
Bosnia and Herzegovina,BIH,Children 0-14,10.769,1962
Bosnia and Herzegovina,BIH,Children 0-14,10.769,1963
Bosnia and Herzegovina,BIH,Children 0-14,10.769,1964
Bosnia and Herzegovina,BIH,Children 0-14,10.769,1965
Bosnia and Herzegovina,BIH,Children 0-14,10.769,1966
Bosnia and Herzegovina,BIH,Children 0-14,10.769,1967
Bosnia and Herzegovina,BIH,Children 0-14,10.769,1968
Bosnia and Herzegovina,BIH,Children 0-14,10.769,1969
Bosnia and Herzegovina,BIH,Children 0-14,10.769,1970
Bosnia and Herzegovina,BIH,Children 0-14,10.769,1971
Bosnia and Herzegovina,BIH,Children 0-14,10.769,1972
Bosnia and Herzegovina,BIH,Children 0-14,10.769,1973
Bosnia and Herzegovina,BIH,Children 0-14,10.769,1974
Bosnia and Herzegovina,BIH,Children 0-14,10.769,1975
Bosnia and Herzegovina,BIH,Children 0-14,10.769,1976
Bosnia and Herzegovina,BIH,Children 0-14,10.769,1977
Bosnia and Herzegovina,BIH,Children 0-14,10.769,1978
Bosnia and Herzegovina,BIH,Children 0-14,10.769,1979
Bosnia and Herzegovina,BIH,Children 0-14,10.769,1980
Bosnia and Herzegovina,BIH,Children 0-14,10.769,1981
Bosnia and Herzegovina,BIH,Children 0-14,10.769,1982
Bosnia and Herzegovina,BIH,Children 0-14,10.769,1983
Bosnia and Herzegovina,BIH,Children 0-14,15.385,1984
Bosnia and Herzegovina,BIH,Children 0-14,17.692,1985
Bosnia and Herzegovina,BIH,Children 0-14,17.692,1986
Bosnia and Herzegovina,BIH,Children 0-14,17.692,1987
Bosnia and Herzegovina,BIH,Children 0-14,17.692,1988
Bosnia and Herzegovina,BIH,Children 0-14,19.231,1989
Bosnia and Herzegovina,BIH,Children 0-14,19.231,1990
Bosnia and Herzegovina,BIH,Children 0-14,19.231,1991
Bosnia and Herzegovina,BIH,Children 0-14,20.769,1992
Bosnia and Herzegovina,BIH,Children 0-14,20.769,1993
Bosnia and Herzegovina,BIH,Children 0-14,20.769,1994
Bosnia and Herzegovina,BIH,Children 0-14,20.769,1995
Bosnia and Herzegovina,BIH,Children 0-14,20.769,1996
Bosnia and Herzegovina,BIH,Children 0-14,20.769,1997
Bosnia and Herzegovina,BIH,Children 0-14,20.769,1998
Bosnia and Herzegovina,BIH,Children 0-14,20.769,1999
Bosnia and Herzegovina,BIH,Children 0-14,48.462,2000
Bosnia and Herzegovina,BIH,Children 0-14,20.769,2001
Bosnia and Herzegovina,BIH,Children 0-14,20.769,2002
Bosnia and Herzegovina,BIH,Children 0-14,20.769,2003
Bosnia and Herzegovina,BIH,Children 0-14,20.769,2004
Bosnia and Herzegovina,BIH,Children 0-14,20.769,2005
Bosnia and Herzegovina,BIH,Children 0-14,36.923,2006
Bosnia and Herzegovina,BIH,Children 0-14,23.846,2007
Bosnia and Herzegovina,BIH,Children 0-14,23.846,2008
Bosnia and Herzegovina,BIH,Children 0-14,28.462,2009
Bosnia and Herzegovina,BIH,Children 0-14,56.154,2010
Bosnia and Herzegovina,BIH,Children 0-14,40.000,2011
Bosnia and Herzegovina,BIH,Children 0-14,49.231,2012
Bosnia and Herzegovina,BIH,Children 0-14,40.000,2013
Bosnia and Herzegovina,BIH,Children 0-14,37.692,2014
Bosnia and Herzegovina,BIH,Children 0-14,53.846,2015
Bosnia and Herzegovina,BIH,Children 0-14,40.000,2016
Bosnia and Herzegovina,BIH,Children 0-14,44.615,2017
Bosnia and Herzegovina,BIH,Children 0-14,44.615,2018
Bosnia and Herzegovina,BIH,Children 0-14,50.000,2019
Bosnia and Herzegovina,BIH,Children 0-14,43.846,2020
Bosnia and Herzegovina,BIH,Children 0-14,39.231,2021
Bosnia and Herzegovina,BIH,Children 0-14,36.923,2022
Bosnia and Herzegovina,BIH,Children 0-14,23.846,2023
Bosnia and Herzegovina,BIH,Education,0.000,1960
Bosnia and Herzegovina,BIH,Education,0.000,1961
Bosnia and Herzegovina,BIH,Education,0.000,1962
Bosnia and Herzegovina,BIH,Education,0.000,1963
Bosnia and Herzegovina,BIH,Education,0.000,1964
Bosnia and Herzegovina,BIH,Education,0.000,1965
Bosnia and Herzegovina,BIH,Education,0.000,1966
Bosnia and Herzegovina,BIH,Education,0.000,1967
Bosnia and Herzegovina,BIH,Education,0.000,1968
Bosnia and Herzegovina,BIH,Education,0.000,1969
Bosnia and Herzegovina,BIH,Education,0.000,1970
Bosnia and Herzegovina,BIH,Education,0.000,1971
Bosnia and Herzegovina,BIH,Education,0.000,1972
Bosnia and Herzegovina,BIH,Education,0.000,1973
Bosnia and Herzegovina,BIH,Education,0.000,1974
Bosnia and Herzegovina,BIH,Education,0.000,1975
Bosnia and Herzegovina,BIH,Education,0.000,1976
Bosnia and Herzegovina,BIH,Education,0.000,1977
Bosnia and Herzegovina,BIH,Education,0.000,1978
Bosnia and Herzegovina,BIH,Education,0.000,1979
Bosnia and Herzegovina,BIH,Education,0.000,1980
Bosnia and Herzegovina,BIH,Education,0.000,1981
Bosnia and Herzegovina,BIH,Education,0.000,1982
Bosnia and Herzegovina,BIH,Education,0.000,1983
Bosnia and Herzegovina,BIH,Education,0.000,1984
Bosnia and Herzegovina,BIH,Education,0.000,1985
Bosnia and Herzegovina,BIH,Education,0.000,1986
Bosnia and Herzegovina,BIH,Education,0.000,1987
Bosnia and Herzegovina,BIH,Education,0.000,1988
Bosnia and Herzegovina,BIH,Education,0.000,1989
Bosnia and Herzegovina,BIH,Education,0.000,1990
Bosnia and Herzegovina,BIH,Education,6.748,1991
Bosnia and Herzegovina,BIH,Education,0.000,1992
Bosnia and Herzegovina,BIH,Education,0.000,1993
Bosnia and Herzegovina,BIH,Education,0.000,1994
Bosnia and Herzegovina,BIH,Education,0.000,1995
Bosnia and Herzegovina,BIH,Education,0.000,1996
Bosnia and Herzegovina,BIH,Education,0.000,1997
Bosnia and Herzegovina,BIH,Education,0.000,1998
Bosnia and Herzegovina,BIH,Education,0.000,1999
Bosnia and Herzegovina,BIH,Education,7.362,2000
Bosnia and Herzegovina,BIH,Education,2.454,2001
Bosnia and Herzegovina,BIH,Education,0.613,2002
Bosnia and Herzegovina,BIH,Education,0.613,2003
Bosnia and Herzegovina,BIH,Education,0.613,2004
Bosnia and Herzegovina,BIH,Education,2.454,2005
Bosnia and Herzegovina,BIH,Education,4.908,2006
Bosnia and Herzegovina,BIH,Education,18.405,2007
Bosnia and Herzegovina,BIH,Education,19.018,2008
Bosnia and Herzegovina,BIH,Education,24.540,2009
Bosnia and Herzegovina,BIH,Education,37.423,2010
Bosnia and Herzegovina,BIH,Education,44.172,2011
Bosnia and Herzegovina,BIH,Education,33.742,2012
Bosnia and Herzegovina,BIH,Education,47.853,2013
Bosnia and Herzegovina,BIH,Education,49.080,2014
Bosnia and Herzegovina,BIH,Education,52.761,2015
Bosnia and Herzegovina,BIH,Education,53.374,2016
Bosnia and Herzegovina,BIH,Education,63.804,2017
Bosnia and Herzegovina,BIH,Education,63.804,2018
Bosnia and Herzegovina,BIH,Education,38.037,2019
Bosnia and Herzegovina,BIH,Education,49.693,2020
Bosnia and Herzegovina,BIH,Education,38.650,2021
Bosnia and Herzegovina,BIH,Education,40.491,2022
Bosnia and Herzegovina,BIH,Education,34.969,2023
Bosnia and Herzegovina,BIH,Employment and Time Use,0.000,1960
Bosnia and Herzegovina,BIH,Employment and Time Use,0.000,1961
Bosnia and Herzegovina,BIH,Employment and Time Use,0.000,1962
Bosnia and Herzegovina,BIH,Employment and Time Use,0.000,1963
Bosnia and Herzegovina,BIH,Employment and Time Use,0.000,1964
Bosnia and Herzegovina,BIH,Employment and Time Use,0.000,1965
Bosnia and Herzegovina,BIH,Employment and Time Use,0.000,1966
Bosnia and Herzegovina,BIH,Employment and Time Use,0.000,1967
Bosnia and Herzegovina,BIH,Employment and Time Use,0.000,1968
Bosnia and Herzegovina,BIH,Employment and Time Use,0.000,1969
Bosnia and Herzegovina,BIH,Employment and Time Use,21.168,1970
Bosnia and Herzegovina,BIH,Employment and Time Use,21.168,1971
Bosnia and Herzegovina,BIH,Employment and Time Use,21.168,1972
Bosnia and Herzegovina,BIH,Employment and Time Use,21.168,1973
Bosnia and Herzegovina,BIH,Employment and Time Use,21.168,1974
Bosnia and Herzegovina,BIH,Employment and Time Use,21.168,1975
Bosnia and Herzegovina,BIH,Employment and Time Use,21.168,1976
Bosnia and Herzegovina,BIH,Employment and Time Use,21.168,1977
Bosnia and Herzegovina,BIH,Employment and Time Use,21.168,1978
Bosnia and Herzegovina,BIH,Employment and Time Use,21.168,1979
Bosnia and Herzegovina,BIH,Employment and Time Use,21.168,1980
Bosnia and Herzegovina,BIH,Employment and Time Use,21.168,1981
Bosnia and Herzegovina,BIH,Employment and Time Use,21.168,1982
Bosnia and Herzegovina,BIH,Employment and Time Use,21.168,1983
Bosnia and Herzegovina,BIH,Employment and Time Use,21.168,1984
Bosnia and Herzegovina,BIH,Employment and Time Use,21.168,1985
Bosnia and Herzegovina,BIH,Employment and Time Use,21.168,1986
Bosnia and Herzegovina,BIH,Employment and Time Use,21.168,1987
Bosnia and Herzegovina,BIH,Employment and Time Use,21.168,1988
Bosnia and Herzegovina,BIH,Employment and Time Use,21.168,1989
Bosnia and Herzegovina,BIH,Employment and Time Use,31.387,1990
Bosnia and Herzegovina,BIH,Employment and Time Use,58.394,1991
Bosnia and Herzegovina,BIH,Employment and Time Use,56.204,1992
Bosnia and Herzegovina,BIH,Employment and Time Use,56.204,1993
Bosnia and Herzegovina,BIH,Employment and Time Use,56.204,1994
Bosnia and Herzegovina,BIH,Employment and Time Use,56.204,1995
Bosnia and Herzegovina,BIH,Employment and Time Use,56.204,1996
Bosnia and Herzegovina,BIH,Employment and Time Use,56.204,1997
Bosnia and Herzegovina,BIH,Employment and Time Use,56.204,1998
Bosnia and Herzegovina,BIH,Employment and Time Use,56.204,1999
Bosnia and Herzegovina,BIH,Employment and Time Use,58.394,2000
Bosnia and Herzegovina,BIH,Employment and Time Use,85.401,2001
Bosnia and Herzegovina,BIH,Employment and Time Use,56.204,2002
Bosnia and Herzegovina,BIH,Employment and Time Use,56.204,2003
Bosnia and Herzegovina,BIH,Employment and Time Use,56.204,2004
Bosnia and Herzegovina,BIH,Employment and Time Use,56.204,2005
Bosnia and Herzegovina,BIH,Employment and Time Use,91.241,2006
Bosnia and Herzegovina,BIH,Employment and Time Use,91.971,2007
Bosnia and Herzegovina,BIH,Employment and Time Use,91.971,2008
Bosnia and Herzegovina,BIH,Employment and Time Use,91.971,2009
Bosnia and Herzegovina,BIH,Employment and Time Use,91.971,2010
Bosnia and Herzegovina,BIH,Employment and Time Use,91.971,2011
Bosnia and Herzegovina,BIH,Employment and Time Use,91.971,2012
Bosnia and Herzegovina,BIH,Employment and Time Use,91.971,2013
Bosnia and Herzegovina,BIH,Employment and Time Use,91.971,2014
Bosnia and Herzegovina,BIH,Employment and Time Use,91.971,2015
Bosnia and Herzegovina,BIH,Employment and Time Use,91.971,2016
Bosnia and Herzegovina,BIH,Employment and Time Use,91.971,2017
Bosnia and Herzegovina,BIH,Employment and Time Use,91.971,2018
Bosnia and Herzegovina,BIH,Employment and Time Use,91.971,2019
Bosnia and Herzegovina,BIH,Employment and Time Use,90.511,2020
Bosnia and Herzegovina,BIH,Employment and Time Use,90.511,2021
Bosnia and Herzegovina,BIH,Employment and Time Use,90.511,2022
Bosnia and Herzegovina,BIH,Employment and Time Use,94.891,2023
Bosnia and Herzegovina,BIH,Entrepreneurship,0.000,1960
Bosnia and Herzegovina,BIH,Entrepreneurship,0.000,1961
Bosnia and Herzegovina,BIH,Entrepreneurship,0.000,1962
Bosnia and Herzegovina,BIH,Entrepreneurship,0.000,1963
Bosnia and Herzegovina,BIH,Entrepreneurship,0.000,1964
Bosnia and Herzegovina,BIH,Entrepreneurship,0.000,1965
Bosnia and Herzegovina,BIH,Entrepreneurship,0.000,1966
Bosnia and Herzegovina,BIH,Entrepreneurship,0.000,1967
Bosnia and Herzegovina,BIH,Entrepreneurship,0.000,1968
Bosnia and Herzegovina,BIH,Entrepreneurship,0.000,1969
Bosnia and Herzegovina,BIH,Entrepreneurship,9.375,1970
Bosnia and Herzegovina,BIH,Entrepreneurship,9.375,1971
Bosnia and Herzegovina,BIH,Entrepreneurship,9.375,1972
Bosnia and Herzegovina,BIH,Entrepreneurship,9.375,1973
Bosnia and Herzegovina,BIH,Entrepreneurship,9.375,1974
Bosnia and Herzegovina,BIH,Entrepreneurship,9.375,1975
Bosnia and Herzegovina,BIH,Entrepreneurship,9.375,1976
Bosnia and Herzegovina,BIH,Entrepreneurship,9.375,1977
Bosnia and Herzegovina,BIH,Entrepreneurship,9.375,1978
Bosnia and Herzegovina,BIH,Entrepreneurship,9.375,1979
Bosnia and Herzegovina,BIH,Entrepreneurship,9.375,1980
Bosnia and Herzegovina,BIH,Entrepreneurship,9.375,1981
Bosnia and Herzegovina,BIH,Entrepreneurship,9.375,1982
Bosnia and Herzegovina,BIH,Entrepreneurship,9.375,1983
Bosnia and Herzegovina,BIH,Entrepreneurship,9.375,1984
Bosnia and Herzegovina,BIH,Entrepreneurship,9.375,1985
Bosnia and Herzegovina,BIH,Entrepreneurship,9.375,1986
Bosnia and Herzegovina,BIH,Entrepreneurship,9.375,1987
Bosnia and Herzegovina,BIH,Entrepreneurship,9.375,1988
Bosnia and Herzegovina,BIH,Entrepreneurship,9.375,1989
Bosnia and Herzegovina,BIH,Entrepreneurship,9.375,1990
Bosnia and Herzegovina,BIH,Entrepreneurship,9.375,1991
Bosnia and Herzegovina,BIH,Entrepreneurship,9.375,1992
Bosnia and Herzegovina,BIH,Entrepreneurship,9.375,1993
Bosnia and Herzegovina,BIH,Entrepreneurship,9.375,1994
Bosnia and Herzegovina,BIH,Entrepreneurship,9.375,1995
Bosnia and Herzegovina,BIH,Entrepreneurship,9.375,1996
Bosnia and Herzegovina,BIH,Entrepreneurship,9.375,1997
Bosnia and Herzegovina,BIH,Entrepreneurship,9.375,1998
Bosnia and Herzegovina,BIH,Entrepreneurship,9.375,1999
Bosnia and Herzegovina,BIH,Entrepreneurship,9.375,2000
Bosnia and Herzegovina,BIH,Entrepreneurship,9.375,2001
Bosnia and Herzegovina,BIH,Entrepreneurship,9.375,2002
Bosnia and Herzegovina,BIH,Entrepreneurship,37.500,2003
Bosnia and Herzegovina,BIH,Entrepreneurship,37.500,2004
Bosnia and Herzegovina,BIH,Entrepreneurship,40.625,2005
Bosnia and Herzegovina,BIH,Entrepreneurship,37.500,2006
Bosnia and Herzegovina,BIH,Entrepreneurship,37.500,2007
Bosnia and Herzegovina,BIH,Entrepreneurship,37.500,2008
Bosnia and Herzegovina,BIH,Entrepreneurship,43.750,2009
Bosnia and Herzegovina,BIH,Entrepreneurship,37.500,2010
Bosnia and Herzegovina,BIH,Entrepreneurship,37.500,2011
Bosnia and Herzegovina,BIH,Entrepreneurship,37.500,2012
Bosnia and Herzegovina,BIH,Entrepreneurship,43.750,2013
Bosnia and Herzegovina,BIH,Entrepreneurship,56.250,2014
Bosnia and Herzegovina,BIH,Entrepreneurship,37.500,2015
Bosnia and Herzegovina,BIH,Entrepreneurship,37.500,2016
Bosnia and Herzegovina,BIH,Entrepreneurship,56.250,2017
Bosnia and Herzegovina,BIH,Entrepreneurship,37.500,2018
Bosnia and Herzegovina,BIH,Entrepreneurship,43.750,2019
Bosnia and Herzegovina,BIH,Entrepreneurship,9.375,2020
Bosnia and Herzegovina,BIH,Entrepreneurship,9.375,2021
Bosnia and Herzegovina,BIH,Entrepreneurship,9.375,2022
Bosnia and Herzegovina,BIH,Entrepreneurship,15.625,2023
Bosnia and Herzegovina,BIH,Environment,0.000,1960
Bosnia and Herzegovina,BIH,Environment,0.000,1961
Bosnia and Herzegovina,BIH,Environment,0.000,1962
Bosnia and Herzegovina,BIH,Environment,0.000,1963
Bosnia and Herzegovina,BIH,Environment,0.000,1964
Bosnia and Herzegovina,BIH,Environment,0.000,1965
Bosnia and Herzegovina,BIH,Environment,0.000,1966
Bosnia and Herzegovina,BIH,Environment,0.000,1967
Bosnia and Herzegovina,BIH,Environment,0.000,1968
Bosnia and Herzegovina,BIH,Environment,0.000,1969
Bosnia and Herzegovina,BIH,Environment,0.000,1970
Bosnia and Herzegovina,BIH,Environment,0.000,1971
Bosnia and Herzegovina,BIH,Environment,0.000,1972
Bosnia and Herzegovina,BIH,Environment,0.000,1973
Bosnia and Herzegovina,BIH,Environment,0.000,1974
Bosnia and Herzegovina,BIH,Environment,0.000,1975
Bosnia and Herzegovina,BIH,Environment,0.000,1976
Bosnia and Herzegovina,BIH,Environment,0.000,1977
Bosnia and Herzegovina,BIH,Environment,0.000,1978
Bosnia and Herzegovina,BIH,Environment,0.000,1979
Bosnia and Herzegovina,BIH,Environment,0.000,1980
Bosnia and Herzegovina,BIH,Environment,0.000,1981
Bosnia and Herzegovina,BIH,Environment,0.000,1982
Bosnia and Herzegovina,BIH,Environment,0.000,1983
Bosnia and Herzegovina,BIH,Environment,0.000,1984
Bosnia and Herzegovina,BIH,Environment,0.000,1985
Bosnia and Herzegovina,BIH,Environment,0.000,1986
Bosnia and Herzegovina,BIH,Environment,0.000,1987
Bosnia and Herzegovina,BIH,Environment,0.000,1988
Bosnia and Herzegovina,BIH,Environment,0.000,1989
Bosnia and Herzegovina,BIH,Environment,0.000,1990
Bosnia and Herzegovina,BIH,Environment,0.000,1991
Bosnia and Herzegovina,BIH,Environment,0.000,1992
Bosnia and Herzegovina,BIH,Environment,0.000,1993
Bosnia and Herzegovina,BIH,Environment,0.000,1994
Bosnia and Herzegovina,BIH,Environment,0.000,1995
Bosnia and Herzegovina,BIH,Environment,0.000,1996
Bosnia and Herzegovina,BIH,Environment,0.000,1997
Bosnia and Herzegovina,BIH,Environment,0.000,1998
Bosnia and Herzegovina,BIH,Environment,0.000,1999
Bosnia and Herzegovina,BIH,Environment,10.000,2000
Bosnia and Herzegovina,BIH,Environment,10.000,2001
Bosnia and Herzegovina,BIH,Environment,10.000,2002
Bosnia and Herzegovina,BIH,Environment,10.000,2003
Bosnia and Herzegovina,BIH,Environment,10.000,2004
Bosnia and Herzegovina,BIH,Environment,10.000,2005
Bosnia and Herzegovina,BIH,Environment,10.000,2006
Bosnia and Herzegovina,BIH,Environment,10.000,2007
Bosnia and Herzegovina,BIH,Environment,10.000,2008
Bosnia and Herzegovina,BIH,Environment,10.000,2009
Bosnia and Herzegovina,BIH,Environment,10.000,2010
Bosnia and Herzegovina,BIH,Environment,10.000,2011
Bosnia and Herzegovina,BIH,Environment,10.000,2012
Bosnia and Herzegovina,BIH,Environment,13.333,2013
Bosnia and Herzegovina,BIH,Environment,23.333,2014
Bosnia and Herzegovina,BIH,Environment,13.333,2015
Bosnia and Herzegovina,BIH,Environment,13.333,2016
Bosnia and Herzegovina,BIH,Environment,23.333,2017
Bosnia and Herzegovina,BIH,Environment,13.333,2018
Bosnia and Herzegovina,BIH,Environment,23.333,2019
Bosnia and Herzegovina,BIH,Environment,3.333,2020
Bosnia and Herzegovina,BIH,Environment,13.333,2021
Bosnia and Herzegovina,BIH,Environment,3.333,2022
Bosnia and Herzegovina,BIH,Environment,0.000,2023
Bosnia and Herzegovina,BIH,Health,3.030,1960
Bosnia and Herzegovina,BIH,Health,3.030,1961
Bosnia and Herzegovina,BIH,Health,3.030,1962
Bosnia and Herzegovina,BIH,Health,3.030,1963
Bosnia and Herzegovina,BIH,Health,3.030,1964
Bosnia and Herzegovina,BIH,Health,3.030,1965
Bosnia and Herzegovina,BIH,Health,3.030,1966
Bosnia and Herzegovina,BIH,Health,3.030,1967
Bosnia and Herzegovina,BIH,Health,3.030,1968
Bosnia and Herzegovina,BIH,Health,3.030,1969
Bosnia and Herzegovina,BIH,Health,3.030,1970
Bosnia and Herzegovina,BIH,Health,3.030,1971
Bosnia and Herzegovina,BIH,Health,3.030,1972
Bosnia and Herzegovina,BIH,Health,3.030,1973
Bosnia and Herzegovina,BIH,Health,3.030,1974
Bosnia and Herzegovina,BIH,Health,5.556,1975
Bosnia and Herzegovina,BIH,Health,5.556,1976
Bosnia and Herzegovina,BIH,Health,5.556,1977
Bosnia and Herzegovina,BIH,Health,5.556,1978
Bosnia and Herzegovina,BIH,Health,5.556,1979
Bosnia and Herzegovina,BIH,Health,5.556,1980
Bosnia and Herzegovina,BIH,Health,5.556,1981
Bosnia and Herzegovina,BIH,Health,5.556,1982
Bosnia and Herzegovina,BIH,Health,5.556,1983
Bosnia and Herzegovina,BIH,Health,8.586,1984
Bosnia and Herzegovina,BIH,Health,10.606,1985
Bosnia and Herzegovina,BIH,Health,10.606,1986
Bosnia and Herzegovina,BIH,Health,10.606,1987
Bosnia and Herzegovina,BIH,Health,10.606,1988
Bosnia and Herzegovina,BIH,Health,12.121,1989
Bosnia and Herzegovina,BIH,Health,12.626,1990
Bosnia and Herzegovina,BIH,Health,12.626,1991
Bosnia and Herzegovina,BIH,Health,12.626,1992
Bosnia and Herzegovina,BIH,Health,12.626,1993
Bosnia and Herzegovina,BIH,Health,12.626,1994
Bosnia and Herzegovina,BIH,Health,12.626,1995
Bosnia and Herzegovina,BIH,Health,13.131,1996
Bosnia and Herzegovina,BIH,Health,13.131,1997
Bosnia and Herzegovina,BIH,Health,13.131,1998
Bosnia and Herzegovina,BIH,Health,13.131,1999
Bosnia and Herzegovina,BIH,Health,60.101,2000
Bosnia and Herzegovina,BIH,Health,26.768,2001
Bosnia and Herzegovina,BIH,Health,26.768,2002
Bosnia and Herzegovina,BIH,Health,26.768,2003
Bosnia and Herzegovina,BIH,Health,26.768,2004
Bosnia and Herzegovina,BIH,Health,28.283,2005
Bosnia and Herzegovina,BIH,Health,36.869,2006
Bosnia and Herzegovina,BIH,Health,26.768,2007
Bosnia and Herzegovina,BIH,Health,26.768,2008
Bosnia and Herzegovina,BIH,Health,26.768,2009
Bosnia and Herzegovina,BIH,Health,55.556,2010
Bosnia and Herzegovina,BIH,Health,27.273,2011
Bosnia and Herzegovina,BIH,Health,38.889,2012
Bosnia and Herzegovina,BIH,Health,26.263,2013
Bosnia and Herzegovina,BIH,Health,28.788,2014
Bosnia and Herzegovina,BIH,Health,51.010,2015
Bosnia and Herzegovina,BIH,Health,26.768,2016
Bosnia and Herzegovina,BIH,Health,30.303,2017
Bosnia and Herzegovina,BIH,Health,30.303,2018
Bosnia and Herzegovina,BIH,Health,50.505,2019
Bosnia and Herzegovina,BIH,Health,21.212,2020
Bosnia and Herzegovina,BIH,Health,13.131,2021
Bosnia and Herzegovina,BIH,Health,10.606,2022
Bosnia and Herzegovina,BIH,Health,1.010,2023
Bosnia and Herzegovina,BIH,Leadership,0.000,1960
Bosnia and Herzegovina,BIH,Leadership,0.000,1961
Bosnia and Herzegovina,BIH,Leadership,0.000,1962
Bosnia and Herzegovina,BIH,Leadership,0.000,1963
Bosnia and Herzegovina,BIH,Leadership,0.000,1964
Bosnia and Herzegovina,BIH,Leadership,0.000,1965
Bosnia and Herzegovina,BIH,Leadership,0.000,1966
Bosnia and Herzegovina,BIH,Leadership,0.000,1967
Bosnia and Herzegovina,BIH,Leadership,0.000,1968
Bosnia and Herzegovina,BIH,Leadership,0.000,1969
Bosnia and Herzegovina,BIH,Leadership,0.000,1970
Bosnia and Herzegovina,BIH,Leadership,0.000,1971
Bosnia and Herzegovina,BIH,Leadership,0.000,1972
Bosnia and Herzegovina,BIH,Leadership,0.000,1973
Bosnia and Herzegovina,BIH,Leadership,0.000,1974
Bosnia and Herzegovina,BIH,Leadership,0.000,1975
Bosnia and Herzegovina,BIH,Leadership,0.000,1976
Bosnia and Herzegovina,BIH,Leadership,0.000,1977
Bosnia and Herzegovina,BIH,Leadership,0.000,1978
Bosnia and Herzegovina,BIH,Leadership,0.000,1979
Bosnia and Herzegovina,BIH,Leadership,0.000,1980
Bosnia and Herzegovina,BIH,Leadership,0.000,1981
Bosnia and Herzegovina,BIH,Leadership,0.000,1982
Bosnia and Herzegovina,BIH,Leadership,0.000,1983
Bosnia and Herzegovina,BIH,Leadership,0.000,1984
Bosnia and Herzegovina,BIH,Leadership,0.000,1985
Bosnia and Herzegovina,BIH,Leadership,0.000,1986
Bosnia and Herzegovina,BIH,Leadership,0.000,1987
Bosnia and Herzegovina,BIH,Leadership,0.000,1988
Bosnia and Herzegovina,BIH,Leadership,0.000,1989
Bosnia and Herzegovina,BIH,Leadership,0.000,1990
Bosnia and Herzegovina,BIH,Leadership,0.000,1991
Bosnia and Herzegovina,BIH,Leadership,0.000,1992
Bosnia and Herzegovina,BIH,Leadership,0.000,1993
Bosnia and Herzegovina,BIH,Leadership,0.000,1994
Bosnia and Herzegovina,BIH,Leadership,0.000,1995
Bosnia and Herzegovina,BIH,Leadership,0.000,1996
Bosnia and Herzegovina,BIH,Leadership,0.000,1997
Bosnia and Herzegovina,BIH,Leadership,0.000,1998
Bosnia and Herzegovina,BIH,Leadership,0.000,1999
Bosnia and Herzegovina,BIH,Leadership,0.000,2000
Bosnia and Herzegovina,BIH,Leadership,25.000,2001
Bosnia and Herzegovina,BIH,Leadership,0.000,2002
Bosnia and Herzegovina,BIH,Leadership,25.000,2003
Bosnia and Herzegovina,BIH,Leadership,25.000,2004
Bosnia and Herzegovina,BIH,Leadership,50.000,2005
Bosnia and Herzegovina,BIH,Leadership,50.000,2006
Bosnia and Herzegovina,BIH,Leadership,50.000,2007
Bosnia and Herzegovina,BIH,Leadership,75.000,2008
Bosnia and Herzegovina,BIH,Leadership,75.000,2009
Bosnia and Herzegovina,BIH,Leadership,75.000,2010
Bosnia and Herzegovina,BIH,Leadership,50.000,2011
Bosnia and Herzegovina,BIH,Leadership,75.000,2012
Bosnia and Herzegovina,BIH,Leadership,75.000,2013
Bosnia and Herzegovina,BIH,Leadership,75.000,2014
Bosnia and Herzegovina,BIH,Leadership,75.000,2015
Bosnia and Herzegovina,BIH,Leadership,75.000,2016
Bosnia and Herzegovina,BIH,Leadership,50.000,2017
Bosnia and Herzegovina,BIH,Leadership,75.000,2018
Bosnia and Herzegovina,BIH,Leadership,100.000,2019
Bosnia and Herzegovina,BIH,Leadership,75.000,2020
Bosnia and Herzegovina,BIH,Leadership,50.000,2021
Bosnia and Herzegovina,BIH,Leadership,75.000,2022
Bosnia and Herzegovina,BIH,Leadership,75.000,2023
Bosnia and Herzegovina,BIH,Norms and Decision-making,0.000,1960
Bosnia and Herzegovina,BIH,Norms and Decision-making,0.000,1961
Bosnia and Herzegovina,BIH,Norms and Decision-making,0.000,1962
Bosnia and Herzegovina,BIH,Norms and Decision-making,0.000,1963
Bosnia and Herzegovina,BIH,Norms and Decision-making,0.000,1964
Bosnia and Herzegovina,BIH,Norms and Decision-making,0.000,1965
Bosnia and Herzegovina,BIH,Norms and Decision-making,0.000,1966
Bosnia and Herzegovina,BIH,Norms and Decision-making,0.000,1967
Bosnia and Herzegovina,BIH,Norms and Decision-making,0.000,1968
Bosnia and Herzegovina,BIH,Norms and Decision-making,0.000,1969
Bosnia and Herzegovina,BIH,Norms and Decision-making,12.593,1970
Bosnia and Herzegovina,BIH,Norms and Decision-making,12.593,1971
Bosnia and Herzegovina,BIH,Norms and Decision-making,12.593,1972
Bosnia and Herzegovina,BIH,Norms and Decision-making,12.593,1973
Bosnia and Herzegovina,BIH,Norms and Decision-making,12.593,1974
Bosnia and Herzegovina,BIH,Norms and Decision-making,12.593,1975
Bosnia and Herzegovina,BIH,Norms and Decision-making,12.593,1976
Bosnia and Herzegovina,BIH,Norms and Decision-making,12.593,1977
Bosnia and Herzegovina,BIH,Norms and Decision-making,12.593,1978
Bosnia and Herzegovina,BIH,Norms and Decision-making,12.593,1979
Bosnia and Herzegovina,BIH,Norms and Decision-making,12.593,1980
Bosnia and Herzegovina,BIH,Norms and Decision-making,12.593,1981
Bosnia and Herzegovina,BIH,Norms and Decision-making,12.593,1982
Bosnia and Herzegovina,BIH,Norms and Decision-making,12.593,1983
Bosnia and Herzegovina,BIH,Norms and Decision-making,12.593,1984
Bosnia and Herzegovina,BIH,Norms and Decision-making,12.593,1985
Bosnia and Herzegovina,BIH,Norms and Decision-making,12.593,1986
Bosnia and Herzegovina,BIH,Norms and Decision-making,12.593,1987
Bosnia and Herzegovina,BIH,Norms and Decision-making,12.593,1988
Bosnia and Herzegovina,BIH,Norms and Decision-making,12.593,1989
Bosnia and Herzegovina,BIH,Norms and Decision-making,12.593,1990
Bosnia and Herzegovina,BIH,Norms and Decision-making,12.593,1991
Bosnia and Herzegovina,BIH,Norms and Decision-making,12.593,1992
Bosnia and Herzegovina,BIH,Norms and Decision-making,12.593,1993
Bosnia and Herzegovina,BIH,Norms and Decision-making,12.593,1994
Bosnia and Herzegovina,BIH,Norms and Decision-making,12.593,1995
Bosnia and Herzegovina,BIH,Norms and Decision-making,12.593,1996
Bosnia and Herzegovina,BIH,Norms and Decision-making,12.593,1997
Bosnia and Herzegovina,BIH,Norms and Decision-making,12.593,1998
Bosnia and Herzegovina,BIH,Norms and Decision-making,12.593,1999
Bosnia and Herzegovina,BIH,Norms and Decision-making,14.074,2000
Bosnia and Herzegovina,BIH,Norms and Decision-making,12.593,2001
Bosnia and Herzegovina,BIH,Norms and Decision-making,12.593,2002
Bosnia and Herzegovina,BIH,Norms and Decision-making,12.593,2003
Bosnia and Herzegovina,BIH,Norms and Decision-making,12.593,2004
Bosnia and Herzegovina,BIH,Norms and Decision-making,12.593,2005
Bosnia and Herzegovina,BIH,Norms and Decision-making,14.815,2006
Bosnia and Herzegovina,BIH,Norms and Decision-making,12.593,2007
Bosnia and Herzegovina,BIH,Norms and Decision-making,12.593,2008
Bosnia and Herzegovina,BIH,Norms and Decision-making,12.593,2009
Bosnia and Herzegovina,BIH,Norms and Decision-making,12.593,2010
Bosnia and Herzegovina,BIH,Norms and Decision-making,12.593,2011
Bosnia and Herzegovina,BIH,Norms and Decision-making,18.519,2012
Bosnia and Herzegovina,BIH,Norms and Decision-making,12.593,2013
Bosnia and Herzegovina,BIH,Norms and Decision-making,12.593,2014
Bosnia and Herzegovina,BIH,Norms and Decision-making,12.593,2015
Bosnia and Herzegovina,BIH,Norms and Decision-making,12.593,2016
Bosnia and Herzegovina,BIH,Norms and Decision-making,12.593,2017
Bosnia and Herzegovina,BIH,Norms and Decision-making,12.593,2018
Bosnia and Herzegovina,BIH,Norms and Decision-making,12.593,2019
Bosnia and Herzegovina,BIH,Norms and Decision-making,12.593,2020
Bosnia and Herzegovina,BIH,Norms and Decision-making,12.593,2021
Bosnia and Herzegovina,BIH,Norms and Decision-making,12.593,2022
Bosnia and Herzegovina,BIH,Norms and Decision-making,12.593,2023
Bosnia and Herzegovina,BIH,Population,86.905,1960
Bosnia and Herzegovina,BIH,Population,86.905,1961
Bosnia and Herzegovina,BIH,Population,86.905,1962
Bosnia and Herzegovina,BIH,Population,86.905,1963
Bosnia and Herzegovina,BIH,Population,86.905,1964
Bosnia and Herzegovina,BIH,Population,86.905,1965
Bosnia and Herzegovina,BIH,Population,86.905,1966
Bosnia and Herzegovina,BIH,Population,86.905,1967
Bosnia and Herzegovina,BIH,Population,86.905,1968
Bosnia and Herzegovina,BIH,Population,86.905,1969
Bosnia and Herzegovina,BIH,Population,86.905,1970
Bosnia and Herzegovina,BIH,Population,86.905,1971
Bosnia and Herzegovina,BIH,Population,86.905,1972
Bosnia and Herzegovina,BIH,Population,86.905,1973
Bosnia and Herzegovina,BIH,Population,86.905,1974
Bosnia and Herzegovina,BIH,Population,86.905,1975
Bosnia and Herzegovina,BIH,Population,86.905,1976
Bosnia and Herzegovina,BIH,Population,86.905,1977
Bosnia and Herzegovina,BIH,Population,86.905,1978
Bosnia and Herzegovina,BIH,Population,86.905,1979
Bosnia and Herzegovina,BIH,Population,91.667,1980
Bosnia and Herzegovina,BIH,Population,86.905,1981
Bosnia and Herzegovina,BIH,Population,86.905,1982
Bosnia and Herzegovina,BIH,Population,86.905,1983
Bosnia and Herzegovina,BIH,Population,86.905,1984
Bosnia and Herzegovina,BIH,Population,91.667,1985
Bosnia and Herzegovina,BIH,Population,86.905,1986
Bosnia and Herzegovina,BIH,Population,86.905,1987
Bosnia and Herzegovina,BIH,Population,86.905,1988
Bosnia and Herzegovina,BIH,Population,86.905,1989
Bosnia and Herzegovina,BIH,Population,92.857,1990
Bosnia and Herzegovina,BIH,Population,86.905,1991
Bosnia and Herzegovina,BIH,Population,86.905,1992
Bosnia and Herzegovina,BIH,Population,86.905,1993
Bosnia and Herzegovina,BIH,Population,86.905,1994
Bosnia and Herzegovina,BIH,Population,92.857,1995
Bosnia and Herzegovina,BIH,Population,86.905,1996
Bosnia and Herzegovina,BIH,Population,86.905,1997
Bosnia and Herzegovina,BIH,Population,86.905,1998
Bosnia and Herzegovina,BIH,Population,86.905,1999
Bosnia and Herzegovina,BIH,Population,95.238,2000
Bosnia and Herzegovina,BIH,Population,86.905,2001
Bosnia and Herzegovina,BIH,Population,86.905,2002
Bosnia and Herzegovina,BIH,Population,86.905,2003
Bosnia and Herzegovina,BIH,Population,86.905,2004
Bosnia and Herzegovina,BIH,Population,92.857,2005
Bosnia and Herzegovina,BIH,Population,91.667,2006
Bosnia and Herzegovina,BIH,Population,86.905,2007
Bosnia and Herzegovina,BIH,Population,86.905,2008
Bosnia and Herzegovina,BIH,Population,86.905,2009
Bosnia and Herzegovina,BIH,Population,92.857,2010
Bosnia and Herzegovina,BIH,Population,86.905,2011
Bosnia and Herzegovina,BIH,Population,89.286,2012
Bosnia and Herzegovina,BIH,Population,86.905,2013
Bosnia and Herzegovina,BIH,Population,86.905,2014
Bosnia and Herzegovina,BIH,Population,92.857,2015
Bosnia and Herzegovina,BIH,Population,86.905,2016
Bosnia and Herzegovina,BIH,Population,86.905,2017
Bosnia and Herzegovina,BIH,Population,86.905,2018
Bosnia and Herzegovina,BIH,Population,86.905,2019
Bosnia and Herzegovina,BIH,Population,88.095,2020
Bosnia and Herzegovina,BIH,Population,86.905,2021
Bosnia and Herzegovina,BIH,Population,86.905,2022
Bosnia and Herzegovina,BIH,Population,77.381,2023
Bosnia and Herzegovina,BIH,SDGs,0.671,1960
Bosnia and Herzegovina,BIH,SDGs,0.671,1961
Bosnia and Herzegovina,BIH,SDGs,0.671,1962
Bosnia and Herzegovina,BIH,SDGs,0.671,1963
Bosnia and Herzegovina,BIH,SDGs,0.671,1964
Bosnia and Herzegovina,BIH,SDGs,0.671,1965
Bosnia and Herzegovina,BIH,SDGs,0.671,1966
Bosnia and Herzegovina,BIH,SDGs,0.671,1967
Bosnia and Herzegovina,BIH,SDGs,0.671,1968
Bosnia and Herzegovina,BIH,SDGs,0.671,1969
Bosnia and Herzegovina,BIH,SDGs,9.396,1970
Bosnia and Herzegovina,BIH,SDGs,9.396,1971
Bosnia and Herzegovina,BIH,SDGs,9.396,1972
Bosnia and Herzegovina,BIH,SDGs,9.396,1973
Bosnia and Herzegovina,BIH,SDGs,9.396,1974
Bosnia and Herzegovina,BIH,SDGs,9.396,1975
Bosnia and Herzegovina,BIH,SDGs,9.396,1976
Bosnia and Herzegovina,BIH,SDGs,9.396,1977
Bosnia and Herzegovina,BIH,SDGs,9.396,1978
Bosnia and Herzegovina,BIH,SDGs,9.396,1979
Bosnia and Herzegovina,BIH,SDGs,9.396,1980
Bosnia and Herzegovina,BIH,SDGs,9.396,1981
Bosnia and Herzegovina,BIH,SDGs,9.396,1982
Bosnia and Herzegovina,BIH,SDGs,9.396,1983
Bosnia and Herzegovina,BIH,SDGs,11.409,1984
Bosnia and Herzegovina,BIH,SDGs,12.081,1985
Bosnia and Herzegovina,BIH,SDGs,12.081,1986
Bosnia and Herzegovina,BIH,SDGs,12.081,1987
Bosnia and Herzegovina,BIH,SDGs,12.081,1988
Bosnia and Herzegovina,BIH,SDGs,12.752,1989
Bosnia and Herzegovina,BIH,SDGs,12.752,1990
Bosnia and Herzegovina,BIH,SDGs,18.792,1991
Bosnia and Herzegovina,BIH,SDGs,16.107,1992
Bosnia and Herzegovina,BIH,SDGs,16.107,1993
Bosnia and Herzegovina,BIH,SDGs,16.107,1994
Bosnia and Herzegovina,BIH,SDGs,16.107,1995
Bosnia and Herzegovina,BIH,SDGs,16.779,1996
Bosnia and Herzegovina,BIH,SDGs,16.779,1997
Bosnia and Herzegovina,BIH,SDGs,16.779,1998
Bosnia and Herzegovina,BIH,SDGs,16.779,1999
Bosnia and Herzegovina,BIH,SDGs,61.745,2000
Bosnia and Herzegovina,BIH,SDGs,34.228,2001
Bosnia and Herzegovina,BIH,SDGs,29.530,2002
Bosnia and Herzegovina,BIH,SDGs,30.201,2003
Bosnia and Herzegovina,BIH,SDGs,30.201,2004
Bosnia and Herzegovina,BIH,SDGs,32.215,2005
Bosnia and Herzegovina,BIH,SDGs,34.228,2006
Bosnia and Herzegovina,BIH,SDGs,34.228,2007
Bosnia and Herzegovina,BIH,SDGs,34.228,2008
Bosnia and Herzegovina,BIH,SDGs,34.228,2009
Bosnia and Herzegovina,BIH,SDGs,66.443,2010
Bosnia and Herzegovina,BIH,SDGs,36.913,2011
Bosnia and Herzegovina,BIH,SDGs,35.570,2012
Bosnia and Herzegovina,BIH,SDGs,33.557,2013
Bosnia and Herzegovina,BIH,SDGs,36.913,2014
Bosnia and Herzegovina,BIH,SDGs,66.443,2015
Bosnia and Herzegovina,BIH,SDGs,34.228,2016
Bosnia and Herzegovina,BIH,SDGs,36.242,2017
Bosnia and Herzegovina,BIH,SDGs,37.584,2018
Bosnia and Herzegovina,BIH,SDGs,69.128,2019
Bosnia and Herzegovina,BIH,SDGs,26.174,2020
Bosnia and Herzegovina,BIH,SDGs,23.490,2021
Bosnia and Herzegovina,BIH,SDGs,21.477,2022
Bosnia and Herzegovina,BIH,SDGs,18.121,2023
Bosnia and Herzegovina,BIH,Technology,0.000,1960
Bosnia and Herzegovina,BIH,Technology,0.000,1961
Bosnia and Herzegovina,BIH,Technology,0.000,1962
Bosnia and Herzegovina,BIH,Technology,0.000,1963
Bosnia and Herzegovina,BIH,Technology,0.000,1964
Bosnia and Herzegovina,BIH,Technology,0.000,1965
Bosnia and Herzegovina,BIH,Technology,0.000,1966
Bosnia and Herzegovina,BIH,Technology,0.000,1967
Bosnia and Herzegovina,BIH,Technology,0.000,1968
Bosnia and Herzegovina,BIH,Technology,0.000,1969
Bosnia and Herzegovina,BIH,Technology,0.000,1970
Bosnia and Herzegovina,BIH,Technology,0.000,1971
Bosnia and Herzegovina,BIH,Technology,0.000,1972
Bosnia and Herzegovina,BIH,Technology,0.000,1973
Bosnia and Herzegovina,BIH,Technology,0.000,1974
Bosnia and Herzegovina,BIH,Technology,0.000,1975
Bosnia and Herzegovina,BIH,Technology,0.000,1976
Bosnia and Herzegovina,BIH,Technology,0.000,1977
Bosnia and Herzegovina,BIH,Technology,0.000,1978
Bosnia and Herzegovina,BIH,Technology,0.000,1979
Bosnia and Herzegovina,BIH,Technology,0.000,1980
Bosnia and Herzegovina,BIH,Technology,0.000,1981
Bosnia and Herzegovina,BIH,Technology,0.000,1982
Bosnia and Herzegovina,BIH,Technology,0.000,1983
Bosnia and Herzegovina,BIH,Technology,0.000,1984
Bosnia and Herzegovina,BIH,Technology,0.000,1985
Bosnia and Herzegovina,BIH,Technology,0.000,1986
Bosnia and Herzegovina,BIH,Technology,0.000,1987
Bosnia and Herzegovina,BIH,Technology,0.000,1988
Bosnia and Herzegovina,BIH,Technology,0.000,1989
Bosnia and Herzegovina,BIH,Technology,2.222,1990
Bosnia and Herzegovina,BIH,Technology,2.222,1991
Bosnia and Herzegovina,BIH,Technology,2.222,1992
Bosnia and Herzegovina,BIH,Technology,2.222,1993
Bosnia and Herzegovina,BIH,Technology,2.222,1994
Bosnia and Herzegovina,BIH,Technology,2.222,1995
Bosnia and Herzegovina,BIH,Technology,2.222,1996
Bosnia and Herzegovina,BIH,Technology,2.222,1997
Bosnia and Herzegovina,BIH,Technology,2.222,1998
Bosnia and Herzegovina,BIH,Technology,2.222,1999
Bosnia and Herzegovina,BIH,Technology,2.222,2000
Bosnia and Herzegovina,BIH,Technology,2.222,2001
Bosnia and Herzegovina,BIH,Technology,2.222,2002
Bosnia and Herzegovina,BIH,Technology,2.222,2003
Bosnia and Herzegovina,BIH,Technology,2.222,2004
Bosnia and Herzegovina,BIH,Technology,2.222,2005
Bosnia and Herzegovina,BIH,Technology,2.222,2006
Bosnia and Herzegovina,BIH,Technology,2.222,2007
Bosnia and Herzegovina,BIH,Technology,2.222,2008
Bosnia and Herzegovina,BIH,Technology,2.222,2009
Bosnia and Herzegovina,BIH,Technology,2.222,2010
Bosnia and Herzegovina,BIH,Technology,8.889,2011
Bosnia and Herzegovina,BIH,Technology,2.222,2012
Bosnia and Herzegovina,BIH,Technology,4.444,2013
Bosnia and Herzegovina,BIH,Technology,31.111,2014
Bosnia and Herzegovina,BIH,Technology,8.889,2015
Bosnia and Herzegovina,BIH,Technology,13.333,2016
Bosnia and Herzegovina,BIH,Technology,60.000,2017
Bosnia and Herzegovina,BIH,Technology,13.333,2018
Bosnia and Herzegovina,BIH,Technology,6.667,2019
Bosnia and Herzegovina,BIH,Technology,6.667,2020
Bosnia and Herzegovina,BIH,Technology,73.333,2021
Bosnia and Herzegovina,BIH,Technology,6.667,2022
Bosnia and Herzegovina,BIH,Technology,6.667,2023
Bosnia and Herzegovina,BIH,Violence,0.000,1960
Bosnia and Herzegovina,BIH,Violence,0.000,1961
Bosnia and Herzegovina,BIH,Violence,0.000,1962
Bosnia and Herzegovina,BIH,Violence,0.000,1963
Bosnia and Herzegovina,BIH,Violence,0.000,1964
Bosnia and Herzegovina,BIH,Violence,0.000,1965
Bosnia and Herzegovina,BIH,Violence,0.000,1966
Bosnia and Herzegovina,BIH,Violence,0.000,1967
Bosnia and Herzegovina,BIH,Violence,0.000,1968
Bosnia and Herzegovina,BIH,Violence,0.000,1969
Bosnia and Herzegovina,BIH,Violence,2.143,1970
Bosnia and Herzegovina,BIH,Violence,2.143,1971
Bosnia and Herzegovina,BIH,Violence,2.143,1972
Bosnia and Herzegovina,BIH,Violence,2.143,1973
Bosnia and Herzegovina,BIH,Violence,2.143,1974
Bosnia and Herzegovina,BIH,Violence,2.143,1975
Bosnia and Herzegovina,BIH,Violence,2.143,1976
Bosnia and Herzegovina,BIH,Violence,2.143,1977
Bosnia and Herzegovina,BIH,Violence,2.143,1978
Bosnia and Herzegovina,BIH,Violence,2.143,1979
Bosnia and Herzegovina,BIH,Violence,2.143,1980
Bosnia and Herzegovina,BIH,Violence,2.143,1981
Bosnia and Herzegovina,BIH,Violence,2.143,1982
Bosnia and Herzegovina,BIH,Violence,2.143,1983
Bosnia and Herzegovina,BIH,Violence,2.143,1984
Bosnia and Herzegovina,BIH,Violence,2.143,1985
Bosnia and Herzegovina,BIH,Violence,2.143,1986
Bosnia and Herzegovina,BIH,Violence,2.143,1987
Bosnia and Herzegovina,BIH,Violence,2.143,1988
Bosnia and Herzegovina,BIH,Violence,2.143,1989
Bosnia and Herzegovina,BIH,Violence,4.286,1990
Bosnia and Herzegovina,BIH,Violence,2.143,1991
Bosnia and Herzegovina,BIH,Violence,2.143,1992
Bosnia and Herzegovina,BIH,Violence,2.143,1993
Bosnia and Herzegovina,BIH,Violence,2.143,1994
Bosnia and Herzegovina,BIH,Violence,2.143,1995
Bosnia and Herzegovina,BIH,Violence,2.143,1996
Bosnia and Herzegovina,BIH,Violence,2.143,1997
Bosnia and Herzegovina,BIH,Violence,2.143,1998
Bosnia and Herzegovina,BIH,Violence,2.143,1999
Bosnia and Herzegovina,BIH,Violence,6.429,2000
Bosnia and Herzegovina,BIH,Violence,6.429,2001
Bosnia and Herzegovina,BIH,Violence,6.429,2002
Bosnia and Herzegovina,BIH,Violence,4.286,2003
Bosnia and Herzegovina,BIH,Violence,5.000,2004
Bosnia and Herzegovina,BIH,Violence,4.286,2005
Bosnia and Herzegovina,BIH,Violence,4.286,2006
Bosnia and Herzegovina,BIH,Violence,5.000,2007
Bosnia and Herzegovina,BIH,Violence,5.000,2008
Bosnia and Herzegovina,BIH,Violence,6.429,2009
Bosnia and Herzegovina,BIH,Violence,6.429,2010
Bosnia and Herzegovina,BIH,Violence,6.429,2011
Bosnia and Herzegovina,BIH,Violence,7.857,2012
Bosnia and Herzegovina,BIH,Violence,6.429,2013
Bosnia and Herzegovina,BIH,Violence,6.429,2014
Bosnia and Herzegovina,BIH,Violence,6.429,2015
Bosnia and Herzegovina,BIH,Violence,6.429,2016
Bosnia and Herzegovina,BIH,Violence,6.429,2017
Bosnia and Herzegovina,BIH,Violence,9.286,2018
Bosnia and Herzegovina,BIH,Violence,6.429,2019
Bosnia and Herzegovina,BIH,Violence,4.286,2020
Bosnia and Herzegovina,BIH,Violence,4.286,2021
Bosnia and Herzegovina,BIH,Violence,2.143,2022
Bosnia and Herzegovina,BIH,Violence,2.143,2023
Bosnia and Herzegovina,BIH,Youth 15-24,4.587,1960
Bosnia and Herzegovina,BIH,Youth 15-24,4.587,1961
Bosnia and Herzegovina,BIH,Youth 15-24,4.587,1962
Bosnia and Herzegovina,BIH,Youth 15-24,4.587,1963
Bosnia and Herzegovina,BIH,Youth 15-24,4.587,1964
Bosnia and Herzegovina,BIH,Youth 15-24,4.587,1965
Bosnia and Herzegovina,BIH,Youth 15-24,4.587,1966
Bosnia and Herzegovina,BIH,Youth 15-24,4.587,1967
Bosnia and Herzegovina,BIH,Youth 15-24,4.587,1968
Bosnia and Herzegovina,BIH,Youth 15-24,4.587,1969
Bosnia and Herzegovina,BIH,Youth 15-24,4.587,1970
Bosnia and Herzegovina,BIH,Youth 15-24,4.587,1971
Bosnia and Herzegovina,BIH,Youth 15-24,4.587,1972
Bosnia and Herzegovina,BIH,Youth 15-24,4.587,1973
Bosnia and Herzegovina,BIH,Youth 15-24,4.587,1974
Bosnia and Herzegovina,BIH,Youth 15-24,4.587,1975
Bosnia and Herzegovina,BIH,Youth 15-24,4.587,1976
Bosnia and Herzegovina,BIH,Youth 15-24,4.587,1977
Bosnia and Herzegovina,BIH,Youth 15-24,4.587,1978
Bosnia and Herzegovina,BIH,Youth 15-24,4.587,1979
Bosnia and Herzegovina,BIH,Youth 15-24,4.587,1980
Bosnia and Herzegovina,BIH,Youth 15-24,4.587,1981
Bosnia and Herzegovina,BIH,Youth 15-24,4.587,1982
Bosnia and Herzegovina,BIH,Youth 15-24,4.587,1983
Bosnia and Herzegovina,BIH,Youth 15-24,4.587,1984
Bosnia and Herzegovina,BIH,Youth 15-24,4.587,1985
Bosnia and Herzegovina,BIH,Youth 15-24,4.587,1986
Bosnia and Herzegovina,BIH,Youth 15-24,4.587,1987
Bosnia and Herzegovina,BIH,Youth 15-24,4.587,1988
Bosnia and Herzegovina,BIH,Youth 15-24,4.587,1989
Bosnia and Herzegovina,BIH,Youth 15-24,7.339,1990
Bosnia and Herzegovina,BIH,Youth 15-24,21.101,1991
Bosnia and Herzegovina,BIH,Youth 15-24,13.761,1992
Bosnia and Herzegovina,BIH,Youth 15-24,13.761,1993
Bosnia and Herzegovina,BIH,Youth 15-24,13.761,1994
Bosnia and Herzegovina,BIH,Youth 15-24,13.761,1995
Bosnia and Herzegovina,BIH,Youth 15-24,13.761,1996
Bosnia and Herzegovina,BIH,Youth 15-24,13.761,1997
Bosnia and Herzegovina,BIH,Youth 15-24,13.761,1998
Bosnia and Herzegovina,BIH,Youth 15-24,13.761,1999
Bosnia and Herzegovina,BIH,Youth 15-24,22.018,2000
Bosnia and Herzegovina,BIH,Youth 15-24,26.606,2001
Bosnia and Herzegovina,BIH,Youth 15-24,14.679,2002
Bosnia and Herzegovina,BIH,Youth 15-24,14.679,2003
Bosnia and Herzegovina,BIH,Youth 15-24,14.679,2004
Bosnia and Herzegovina,BIH,Youth 15-24,17.431,2005
Bosnia and Herzegovina,BIH,Youth 15-24,30.275,2006
Bosnia and Herzegovina,BIH,Youth 15-24,44.037,2007
Bosnia and Herzegovina,BIH,Youth 15-24,44.037,2008
Bosnia and Herzegovina,BIH,Youth 15-24,46.789,2009
Bosnia and Herzegovina,BIH,Youth 15-24,52.294,2010
Bosnia and Herzegovina,BIH,Youth 15-24,59.633,2011
Bosnia and Herzegovina,BIH,Youth 15-24,48.624,2012
Bosnia and Herzegovina,BIH,Youth 15-24,60.550,2013
Bosnia and Herzegovina,BIH,Youth 15-24,61.468,2014
Bosnia and Herzegovina,BIH,Youth 15-24,66.972,2015
Bosnia and Herzegovina,BIH,Youth 15-24,66.972,2016
Bosnia and Herzegovina,BIH,Youth 15-24,66.972,2017
Bosnia and Herzegovina,BIH,Youth 15-24,66.972,2018
Bosnia and Herzegovina,BIH,Youth 15-24,49.541,2019
Bosnia and Herzegovina,BIH,Youth 15-24,46.789,2020
Bosnia and Herzegovina,BIH,Youth 15-24,46.789,2021
Bosnia and Herzegovina,BIH,Youth 15-24,50.459,2022
Bosnia and Herzegovina,BIH,Youth 15-24,45.872,2023
