Country Name,Country Code,Topic,% of available indicators,Year
Marshall Islands,MHL,Assets,0.000,1960
Marshall Islands,MHL,Assets,0.000,1961
Marshall Islands,MHL,Assets,0.000,1962
Marshall Islands,MHL,Assets,0.000,1963
Marshall Islands,MHL,Assets,0.000,1964
Marshall Islands,MHL,Assets,0.000,1965
Marshall Islands,MHL,Assets,0.000,1966
Marshall Islands,MHL,Assets,0.000,1967
Marshall Islands,MHL,Assets,0.000,1968
Marshall Islands,MHL,Assets,0.000,1969
Marshall Islands,MHL,Assets,2.208,1970
Marshall Islands,MHL,Assets,2.208,1971
Marshall Islands,MHL,Assets,2.208,1972
Marshall Islands,MHL,Assets,2.208,1973
Marshall Islands,MHL,Assets,2.208,1974
Marshall Islands,MHL,Assets,2.208,1975
Marshall Islands,MHL,Assets,2.208,1976
Marshall Islands,MHL,Assets,2.208,1977
Marshall Islands,MHL,Assets,2.208,1978
Marshall Islands,MHL,Assets,2.208,1979
Marshall Islands,MHL,Assets,2.208,1980
Marshall Islands,MHL,Assets,2.208,1981
Marshall Islands,MHL,Assets,2.208,1982
Marshall Islands,MHL,Assets,2.208,1983
Marshall Islands,MHL,Assets,2.208,1984
Marshall Islands,MHL,Assets,2.208,1985
Marshall Islands,MHL,Assets,2.208,1986
Marshall Islands,MHL,Assets,2.208,1987
Marshall Islands,MHL,Assets,2.208,1988
Marshall Islands,MHL,Assets,2.208,1989
Marshall Islands,MHL,Assets,2.208,1990
Marshall Islands,MHL,Assets,2.208,1991
Marshall Islands,MHL,Assets,2.208,1992
Marshall Islands,MHL,Assets,2.208,1993
Marshall Islands,MHL,Assets,2.208,1994
Marshall Islands,MHL,Assets,2.208,1995
Marshall Islands,MHL,Assets,2.208,1996
Marshall Islands,MHL,Assets,2.208,1997
Marshall Islands,MHL,Assets,2.208,1998
Marshall Islands,MHL,Assets,2.208,1999
Marshall Islands,MHL,Assets,2.208,2000
Marshall Islands,MHL,Assets,2.208,2001
Marshall Islands,MHL,Assets,2.208,2002
Marshall Islands,MHL,Assets,2.208,2003
Marshall Islands,MHL,Assets,2.208,2004
Marshall Islands,MHL,Assets,2.208,2005
Marshall Islands,MHL,Assets,2.208,2006
Marshall Islands,MHL,Assets,2.208,2007
Marshall Islands,MHL,Assets,2.208,2008
Marshall Islands,MHL,Assets,2.208,2009
Marshall Islands,MHL,Assets,2.208,2010
Marshall Islands,MHL,Assets,2.208,2011
Marshall Islands,MHL,Assets,2.208,2012
Marshall Islands,MHL,Assets,2.208,2013
Marshall Islands,MHL,Assets,2.208,2014
Marshall Islands,MHL,Assets,2.208,2015
Marshall Islands,MHL,Assets,2.208,2016
Marshall Islands,MHL,Assets,2.208,2017
Marshall Islands,MHL,Assets,2.208,2018
Marshall Islands,MHL,Assets,2.208,2019
Marshall Islands,MHL,Assets,2.208,2020
Marshall Islands,MHL,Assets,2.208,2021
Marshall Islands,MHL,Assets,2.208,2022
Marshall Islands,MHL,Assets,2.208,2023
Marshall Islands,MHL,Children 0-14,17.692,1960
Marshall Islands,MHL,Children 0-14,17.692,1961
Marshall Islands,MHL,Children 0-14,17.692,1962
Marshall Islands,MHL,Children 0-14,17.692,1963
Marshall Islands,MHL,Children 0-14,19.231,1964
Marshall Islands,MHL,Children 0-14,19.231,1965
Marshall Islands,MHL,Children 0-14,19.231,1966
Marshall Islands,MHL,Children 0-14,19.231,1967
Marshall Islands,MHL,Children 0-14,19.231,1968
Marshall Islands,MHL,Children 0-14,19.231,1969
Marshall Islands,MHL,Children 0-14,19.231,1970
Marshall Islands,MHL,Children 0-14,19.231,1971
Marshall Islands,MHL,Children 0-14,19.231,1972
Marshall Islands,MHL,Children 0-14,19.231,1973
Marshall Islands,MHL,Children 0-14,19.231,1974
Marshall Islands,MHL,Children 0-14,19.231,1975
Marshall Islands,MHL,Children 0-14,19.231,1976
Marshall Islands,MHL,Children 0-14,19.231,1977
Marshall Islands,MHL,Children 0-14,19.231,1978
Marshall Islands,MHL,Children 0-14,19.231,1979
Marshall Islands,MHL,Children 0-14,19.231,1980
Marshall Islands,MHL,Children 0-14,19.231,1981
Marshall Islands,MHL,Children 0-14,19.231,1982
Marshall Islands,MHL,Children 0-14,19.231,1983
Marshall Islands,MHL,Children 0-14,19.231,1984
Marshall Islands,MHL,Children 0-14,19.231,1985
Marshall Islands,MHL,Children 0-14,19.231,1986
Marshall Islands,MHL,Children 0-14,20.000,1987
Marshall Islands,MHL,Children 0-14,20.769,1988
Marshall Islands,MHL,Children 0-14,20.769,1989
Marshall Islands,MHL,Children 0-14,20.769,1990
Marshall Islands,MHL,Children 0-14,20.769,1991
Marshall Islands,MHL,Children 0-14,20.769,1992
Marshall Islands,MHL,Children 0-14,20.769,1993
Marshall Islands,MHL,Children 0-14,20.769,1994
Marshall Islands,MHL,Children 0-14,20.769,1995
Marshall Islands,MHL,Children 0-14,20.769,1996
Marshall Islands,MHL,Children 0-14,20.769,1997
Marshall Islands,MHL,Children 0-14,20.769,1998
Marshall Islands,MHL,Children 0-14,32.308,1999
Marshall Islands,MHL,Children 0-14,20.769,2000
Marshall Islands,MHL,Children 0-14,20.769,2001
Marshall Islands,MHL,Children 0-14,36.923,2002
Marshall Islands,MHL,Children 0-14,27.692,2003
Marshall Islands,MHL,Children 0-14,24.615,2004
Marshall Islands,MHL,Children 0-14,27.692,2005
Marshall Islands,MHL,Children 0-14,29.231,2006
Marshall Islands,MHL,Children 0-14,33.077,2007
Marshall Islands,MHL,Children 0-14,33.846,2008
Marshall Islands,MHL,Children 0-14,32.308,2009
Marshall Islands,MHL,Children 0-14,23.077,2010
Marshall Islands,MHL,Children 0-14,45.385,2011
Marshall Islands,MHL,Children 0-14,23.077,2012
Marshall Islands,MHL,Children 0-14,20.769,2013
Marshall Islands,MHL,Children 0-14,20.769,2014
Marshall Islands,MHL,Children 0-14,37.692,2015
Marshall Islands,MHL,Children 0-14,43.077,2016
Marshall Islands,MHL,Children 0-14,34.615,2017
Marshall Islands,MHL,Children 0-14,25.385,2018
Marshall Islands,MHL,Children 0-14,38.462,2019
Marshall Islands,MHL,Children 0-14,38.462,2020
Marshall Islands,MHL,Children 0-14,40.000,2021
Marshall Islands,MHL,Children 0-14,30.769,2022
Marshall Islands,MHL,Children 0-14,9.231,2023
Marshall Islands,MHL,Education,0.000,1960
Marshall Islands,MHL,Education,0.000,1961
Marshall Islands,MHL,Education,0.000,1962
Marshall Islands,MHL,Education,0.000,1963
Marshall Islands,MHL,Education,0.000,1964
Marshall Islands,MHL,Education,0.000,1965
Marshall Islands,MHL,Education,0.000,1966
Marshall Islands,MHL,Education,0.000,1967
Marshall Islands,MHL,Education,0.000,1968
Marshall Islands,MHL,Education,0.000,1969
Marshall Islands,MHL,Education,0.000,1970
Marshall Islands,MHL,Education,0.000,1971
Marshall Islands,MHL,Education,0.000,1972
Marshall Islands,MHL,Education,0.000,1973
Marshall Islands,MHL,Education,0.000,1974
Marshall Islands,MHL,Education,0.000,1975
Marshall Islands,MHL,Education,0.000,1976
Marshall Islands,MHL,Education,0.000,1977
Marshall Islands,MHL,Education,0.000,1978
Marshall Islands,MHL,Education,0.000,1979
Marshall Islands,MHL,Education,0.000,1980
Marshall Islands,MHL,Education,0.000,1981
Marshall Islands,MHL,Education,0.000,1982
Marshall Islands,MHL,Education,0.000,1983
Marshall Islands,MHL,Education,0.000,1984
Marshall Islands,MHL,Education,0.000,1985
Marshall Islands,MHL,Education,0.000,1986
Marshall Islands,MHL,Education,0.000,1987
Marshall Islands,MHL,Education,0.000,1988
Marshall Islands,MHL,Education,0.000,1989
Marshall Islands,MHL,Education,0.000,1990
Marshall Islands,MHL,Education,0.000,1991
Marshall Islands,MHL,Education,0.000,1992
Marshall Islands,MHL,Education,0.000,1993
Marshall Islands,MHL,Education,0.000,1994
Marshall Islands,MHL,Education,0.000,1995
Marshall Islands,MHL,Education,0.000,1996
Marshall Islands,MHL,Education,0.000,1997
Marshall Islands,MHL,Education,0.000,1998
Marshall Islands,MHL,Education,15.951,1999
Marshall Islands,MHL,Education,0.000,2000
Marshall Islands,MHL,Education,0.000,2001
Marshall Islands,MHL,Education,29.448,2002
Marshall Islands,MHL,Education,10.429,2003
Marshall Islands,MHL,Education,6.748,2004
Marshall Islands,MHL,Education,9.202,2005
Marshall Islands,MHL,Education,12.270,2006
Marshall Islands,MHL,Education,22.086,2007
Marshall Islands,MHL,Education,15.951,2008
Marshall Islands,MHL,Education,12.883,2009
Marshall Islands,MHL,Education,0.000,2010
Marshall Islands,MHL,Education,35.583,2011
Marshall Islands,MHL,Education,4.908,2012
Marshall Islands,MHL,Education,0.000,2013
Marshall Islands,MHL,Education,0.000,2014
Marshall Islands,MHL,Education,28.221,2015
Marshall Islands,MHL,Education,31.902,2016
Marshall Islands,MHL,Education,0.000,2017
Marshall Islands,MHL,Education,11.043,2018
Marshall Islands,MHL,Education,40.491,2019
Marshall Islands,MHL,Education,25.767,2020
Marshall Islands,MHL,Education,32.515,2021
Marshall Islands,MHL,Education,16.564,2022
Marshall Islands,MHL,Education,0.000,2023
Marshall Islands,MHL,Employment and Time Use,0.000,1960
Marshall Islands,MHL,Employment and Time Use,0.000,1961
Marshall Islands,MHL,Employment and Time Use,0.000,1962
Marshall Islands,MHL,Employment and Time Use,0.000,1963
Marshall Islands,MHL,Employment and Time Use,0.000,1964
Marshall Islands,MHL,Employment and Time Use,0.000,1965
Marshall Islands,MHL,Employment and Time Use,0.000,1966
Marshall Islands,MHL,Employment and Time Use,0.000,1967
Marshall Islands,MHL,Employment and Time Use,0.000,1968
Marshall Islands,MHL,Employment and Time Use,0.000,1969
Marshall Islands,MHL,Employment and Time Use,21.168,1970
Marshall Islands,MHL,Employment and Time Use,21.168,1971
Marshall Islands,MHL,Employment and Time Use,21.168,1972
Marshall Islands,MHL,Employment and Time Use,21.168,1973
Marshall Islands,MHL,Employment and Time Use,21.168,1974
Marshall Islands,MHL,Employment and Time Use,21.168,1975
Marshall Islands,MHL,Employment and Time Use,21.168,1976
Marshall Islands,MHL,Employment and Time Use,21.168,1977
Marshall Islands,MHL,Employment and Time Use,21.168,1978
Marshall Islands,MHL,Employment and Time Use,21.168,1979
Marshall Islands,MHL,Employment and Time Use,28.467,1980
Marshall Islands,MHL,Employment and Time Use,21.168,1981
Marshall Islands,MHL,Employment and Time Use,21.168,1982
Marshall Islands,MHL,Employment and Time Use,21.168,1983
Marshall Islands,MHL,Employment and Time Use,21.168,1984
Marshall Islands,MHL,Employment and Time Use,21.168,1985
Marshall Islands,MHL,Employment and Time Use,21.168,1986
Marshall Islands,MHL,Employment and Time Use,21.168,1987
Marshall Islands,MHL,Employment and Time Use,23.358,1988
Marshall Islands,MHL,Employment and Time Use,21.168,1989
Marshall Islands,MHL,Employment and Time Use,21.168,1990
Marshall Islands,MHL,Employment and Time Use,21.168,1991
Marshall Islands,MHL,Employment and Time Use,21.168,1992
Marshall Islands,MHL,Employment and Time Use,21.168,1993
Marshall Islands,MHL,Employment and Time Use,21.168,1994
Marshall Islands,MHL,Employment and Time Use,21.168,1995
Marshall Islands,MHL,Employment and Time Use,21.168,1996
Marshall Islands,MHL,Employment and Time Use,21.168,1997
Marshall Islands,MHL,Employment and Time Use,21.168,1998
Marshall Islands,MHL,Employment and Time Use,24.088,1999
Marshall Islands,MHL,Employment and Time Use,21.168,2000
Marshall Islands,MHL,Employment and Time Use,21.168,2001
Marshall Islands,MHL,Employment and Time Use,21.168,2002
Marshall Islands,MHL,Employment and Time Use,21.168,2003
Marshall Islands,MHL,Employment and Time Use,21.168,2004
Marshall Islands,MHL,Employment and Time Use,21.898,2005
Marshall Islands,MHL,Employment and Time Use,21.898,2006
Marshall Islands,MHL,Employment and Time Use,21.168,2007
Marshall Islands,MHL,Employment and Time Use,21.168,2008
Marshall Islands,MHL,Employment and Time Use,21.168,2009
Marshall Islands,MHL,Employment and Time Use,21.168,2010
Marshall Islands,MHL,Employment and Time Use,28.467,2011
Marshall Islands,MHL,Employment and Time Use,21.168,2012
Marshall Islands,MHL,Employment and Time Use,21.168,2013
Marshall Islands,MHL,Employment and Time Use,21.168,2014
Marshall Islands,MHL,Employment and Time Use,21.168,2015
Marshall Islands,MHL,Employment and Time Use,21.168,2016
Marshall Islands,MHL,Employment and Time Use,21.168,2017
Marshall Islands,MHL,Employment and Time Use,21.168,2018
Marshall Islands,MHL,Employment and Time Use,54.745,2019
Marshall Islands,MHL,Employment and Time Use,21.168,2020
Marshall Islands,MHL,Employment and Time Use,54.015,2021
Marshall Islands,MHL,Employment and Time Use,21.168,2022
Marshall Islands,MHL,Employment and Time Use,22.628,2023
Marshall Islands,MHL,Entrepreneurship,0.000,1960
Marshall Islands,MHL,Entrepreneurship,0.000,1961
Marshall Islands,MHL,Entrepreneurship,0.000,1962
Marshall Islands,MHL,Entrepreneurship,0.000,1963
Marshall Islands,MHL,Entrepreneurship,0.000,1964
Marshall Islands,MHL,Entrepreneurship,0.000,1965
Marshall Islands,MHL,Entrepreneurship,0.000,1966
Marshall Islands,MHL,Entrepreneurship,0.000,1967
Marshall Islands,MHL,Entrepreneurship,0.000,1968
Marshall Islands,MHL,Entrepreneurship,0.000,1969
Marshall Islands,MHL,Entrepreneurship,9.375,1970
Marshall Islands,MHL,Entrepreneurship,9.375,1971
Marshall Islands,MHL,Entrepreneurship,9.375,1972
Marshall Islands,MHL,Entrepreneurship,9.375,1973
Marshall Islands,MHL,Entrepreneurship,9.375,1974
Marshall Islands,MHL,Entrepreneurship,9.375,1975
Marshall Islands,MHL,Entrepreneurship,9.375,1976
Marshall Islands,MHL,Entrepreneurship,9.375,1977
Marshall Islands,MHL,Entrepreneurship,9.375,1978
Marshall Islands,MHL,Entrepreneurship,9.375,1979
Marshall Islands,MHL,Entrepreneurship,9.375,1980
Marshall Islands,MHL,Entrepreneurship,9.375,1981
Marshall Islands,MHL,Entrepreneurship,9.375,1982
Marshall Islands,MHL,Entrepreneurship,9.375,1983
Marshall Islands,MHL,Entrepreneurship,9.375,1984
Marshall Islands,MHL,Entrepreneurship,9.375,1985
Marshall Islands,MHL,Entrepreneurship,9.375,1986
Marshall Islands,MHL,Entrepreneurship,9.375,1987
Marshall Islands,MHL,Entrepreneurship,9.375,1988
Marshall Islands,MHL,Entrepreneurship,9.375,1989
Marshall Islands,MHL,Entrepreneurship,9.375,1990
Marshall Islands,MHL,Entrepreneurship,9.375,1991
Marshall Islands,MHL,Entrepreneurship,9.375,1992
Marshall Islands,MHL,Entrepreneurship,9.375,1993
Marshall Islands,MHL,Entrepreneurship,9.375,1994
Marshall Islands,MHL,Entrepreneurship,9.375,1995
Marshall Islands,MHL,Entrepreneurship,9.375,1996
Marshall Islands,MHL,Entrepreneurship,9.375,1997
Marshall Islands,MHL,Entrepreneurship,9.375,1998
Marshall Islands,MHL,Entrepreneurship,9.375,1999
Marshall Islands,MHL,Entrepreneurship,9.375,2000
Marshall Islands,MHL,Entrepreneurship,9.375,2001
Marshall Islands,MHL,Entrepreneurship,9.375,2002
Marshall Islands,MHL,Entrepreneurship,37.500,2003
Marshall Islands,MHL,Entrepreneurship,37.500,2004
Marshall Islands,MHL,Entrepreneurship,37.500,2005
Marshall Islands,MHL,Entrepreneurship,37.500,2006
Marshall Islands,MHL,Entrepreneurship,37.500,2007
Marshall Islands,MHL,Entrepreneurship,37.500,2008
Marshall Islands,MHL,Entrepreneurship,37.500,2009
Marshall Islands,MHL,Entrepreneurship,37.500,2010
Marshall Islands,MHL,Entrepreneurship,37.500,2011
Marshall Islands,MHL,Entrepreneurship,37.500,2012
Marshall Islands,MHL,Entrepreneurship,37.500,2013
Marshall Islands,MHL,Entrepreneurship,37.500,2014
Marshall Islands,MHL,Entrepreneurship,37.500,2015
Marshall Islands,MHL,Entrepreneurship,37.500,2016
Marshall Islands,MHL,Entrepreneurship,62.500,2017
Marshall Islands,MHL,Entrepreneurship,62.500,2018
Marshall Islands,MHL,Entrepreneurship,62.500,2019
Marshall Islands,MHL,Entrepreneurship,34.375,2020
Marshall Islands,MHL,Entrepreneurship,34.375,2021
Marshall Islands,MHL,Entrepreneurship,21.875,2022
Marshall Islands,MHL,Entrepreneurship,9.375,2023
Marshall Islands,MHL,Environment,0.000,1960
Marshall Islands,MHL,Environment,0.000,1961
Marshall Islands,MHL,Environment,0.000,1962
Marshall Islands,MHL,Environment,0.000,1963
Marshall Islands,MHL,Environment,0.000,1964
Marshall Islands,MHL,Environment,0.000,1965
Marshall Islands,MHL,Environment,0.000,1966
Marshall Islands,MHL,Environment,0.000,1967
Marshall Islands,MHL,Environment,0.000,1968
Marshall Islands,MHL,Environment,0.000,1969
Marshall Islands,MHL,Environment,0.000,1970
Marshall Islands,MHL,Environment,0.000,1971
Marshall Islands,MHL,Environment,0.000,1972
Marshall Islands,MHL,Environment,0.000,1973
Marshall Islands,MHL,Environment,0.000,1974
Marshall Islands,MHL,Environment,0.000,1975
Marshall Islands,MHL,Environment,0.000,1976
Marshall Islands,MHL,Environment,0.000,1977
Marshall Islands,MHL,Environment,0.000,1978
Marshall Islands,MHL,Environment,0.000,1979
Marshall Islands,MHL,Environment,0.000,1980
Marshall Islands,MHL,Environment,0.000,1981
Marshall Islands,MHL,Environment,0.000,1982
Marshall Islands,MHL,Environment,0.000,1983
Marshall Islands,MHL,Environment,0.000,1984
Marshall Islands,MHL,Environment,0.000,1985
Marshall Islands,MHL,Environment,0.000,1986
Marshall Islands,MHL,Environment,0.000,1987
Marshall Islands,MHL,Environment,0.000,1988
Marshall Islands,MHL,Environment,0.000,1989
Marshall Islands,MHL,Environment,0.000,1990
Marshall Islands,MHL,Environment,0.000,1991
Marshall Islands,MHL,Environment,0.000,1992
Marshall Islands,MHL,Environment,0.000,1993
Marshall Islands,MHL,Environment,0.000,1994
Marshall Islands,MHL,Environment,0.000,1995
Marshall Islands,MHL,Environment,0.000,1996
Marshall Islands,MHL,Environment,0.000,1997
Marshall Islands,MHL,Environment,0.000,1998
Marshall Islands,MHL,Environment,0.000,1999
Marshall Islands,MHL,Environment,0.000,2000
Marshall Islands,MHL,Environment,10.000,2001
Marshall Islands,MHL,Environment,10.000,2002
Marshall Islands,MHL,Environment,10.000,2003
Marshall Islands,MHL,Environment,10.000,2004
Marshall Islands,MHL,Environment,10.000,2005
Marshall Islands,MHL,Environment,10.000,2006
Marshall Islands,MHL,Environment,10.000,2007
Marshall Islands,MHL,Environment,10.000,2008
Marshall Islands,MHL,Environment,10.000,2009
Marshall Islands,MHL,Environment,10.000,2010
Marshall Islands,MHL,Environment,10.000,2011
Marshall Islands,MHL,Environment,10.000,2012
Marshall Islands,MHL,Environment,10.000,2013
Marshall Islands,MHL,Environment,10.000,2014
Marshall Islands,MHL,Environment,10.000,2015
Marshall Islands,MHL,Environment,10.000,2016
Marshall Islands,MHL,Environment,10.000,2017
Marshall Islands,MHL,Environment,10.000,2018
Marshall Islands,MHL,Environment,10.000,2019
Marshall Islands,MHL,Environment,10.000,2020
Marshall Islands,MHL,Environment,10.000,2021
Marshall Islands,MHL,Environment,10.000,2022
Marshall Islands,MHL,Environment,0.000,2023
Marshall Islands,MHL,Health,7.576,1960
Marshall Islands,MHL,Health,7.576,1961
Marshall Islands,MHL,Health,7.576,1962
Marshall Islands,MHL,Health,7.576,1963
Marshall Islands,MHL,Health,8.586,1964
Marshall Islands,MHL,Health,8.586,1965
Marshall Islands,MHL,Health,8.586,1966
Marshall Islands,MHL,Health,8.586,1967
Marshall Islands,MHL,Health,8.586,1968
Marshall Islands,MHL,Health,8.586,1969
Marshall Islands,MHL,Health,8.586,1970
Marshall Islands,MHL,Health,8.586,1971
Marshall Islands,MHL,Health,8.586,1972
Marshall Islands,MHL,Health,8.586,1973
Marshall Islands,MHL,Health,8.586,1974
Marshall Islands,MHL,Health,11.111,1975
Marshall Islands,MHL,Health,11.111,1976
Marshall Islands,MHL,Health,11.111,1977
Marshall Islands,MHL,Health,11.111,1978
Marshall Islands,MHL,Health,11.111,1979
Marshall Islands,MHL,Health,11.111,1980
Marshall Islands,MHL,Health,11.111,1981
Marshall Islands,MHL,Health,11.111,1982
Marshall Islands,MHL,Health,11.111,1983
Marshall Islands,MHL,Health,11.111,1984
Marshall Islands,MHL,Health,11.111,1985
Marshall Islands,MHL,Health,11.111,1986
Marshall Islands,MHL,Health,11.616,1987
Marshall Islands,MHL,Health,12.121,1988
Marshall Islands,MHL,Health,12.121,1989
Marshall Islands,MHL,Health,12.121,1990
Marshall Islands,MHL,Health,12.121,1991
Marshall Islands,MHL,Health,12.121,1992
Marshall Islands,MHL,Health,12.121,1993
Marshall Islands,MHL,Health,12.121,1994
Marshall Islands,MHL,Health,12.121,1995
Marshall Islands,MHL,Health,12.121,1996
Marshall Islands,MHL,Health,12.121,1997
Marshall Islands,MHL,Health,12.626,1998
Marshall Islands,MHL,Health,12.121,1999
Marshall Islands,MHL,Health,16.162,2000
Marshall Islands,MHL,Health,16.162,2001
Marshall Islands,MHL,Health,16.667,2002
Marshall Islands,MHL,Health,16.162,2003
Marshall Islands,MHL,Health,16.162,2004
Marshall Islands,MHL,Health,17.677,2005
Marshall Islands,MHL,Health,16.162,2006
Marshall Islands,MHL,Health,22.222,2007
Marshall Islands,MHL,Health,16.162,2008
Marshall Islands,MHL,Health,16.667,2009
Marshall Islands,MHL,Health,21.212,2010
Marshall Islands,MHL,Health,16.667,2011
Marshall Islands,MHL,Health,16.667,2012
Marshall Islands,MHL,Health,16.667,2013
Marshall Islands,MHL,Health,16.667,2014
Marshall Islands,MHL,Health,18.182,2015
Marshall Islands,MHL,Health,16.667,2016
Marshall Islands,MHL,Health,21.717,2017
Marshall Islands,MHL,Health,19.697,2018
Marshall Islands,MHL,Health,15.152,2019
Marshall Islands,MHL,Health,18.182,2020
Marshall Islands,MHL,Health,12.121,2021
Marshall Islands,MHL,Health,11.111,2022
Marshall Islands,MHL,Health,1.010,2023
Marshall Islands,MHL,Leadership,0.000,1960
Marshall Islands,MHL,Leadership,0.000,1961
Marshall Islands,MHL,Leadership,0.000,1962
Marshall Islands,MHL,Leadership,0.000,1963
Marshall Islands,MHL,Leadership,0.000,1964
Marshall Islands,MHL,Leadership,0.000,1965
Marshall Islands,MHL,Leadership,0.000,1966
Marshall Islands,MHL,Leadership,0.000,1967
Marshall Islands,MHL,Leadership,0.000,1968
Marshall Islands,MHL,Leadership,0.000,1969
Marshall Islands,MHL,Leadership,0.000,1970
Marshall Islands,MHL,Leadership,0.000,1971
Marshall Islands,MHL,Leadership,0.000,1972
Marshall Islands,MHL,Leadership,0.000,1973
Marshall Islands,MHL,Leadership,0.000,1974
Marshall Islands,MHL,Leadership,0.000,1975
Marshall Islands,MHL,Leadership,0.000,1976
Marshall Islands,MHL,Leadership,0.000,1977
Marshall Islands,MHL,Leadership,0.000,1978
Marshall Islands,MHL,Leadership,0.000,1979
Marshall Islands,MHL,Leadership,0.000,1980
Marshall Islands,MHL,Leadership,0.000,1981
Marshall Islands,MHL,Leadership,0.000,1982
Marshall Islands,MHL,Leadership,0.000,1983
Marshall Islands,MHL,Leadership,0.000,1984
Marshall Islands,MHL,Leadership,0.000,1985
Marshall Islands,MHL,Leadership,0.000,1986
Marshall Islands,MHL,Leadership,0.000,1987
Marshall Islands,MHL,Leadership,0.000,1988
Marshall Islands,MHL,Leadership,0.000,1989
Marshall Islands,MHL,Leadership,0.000,1990
Marshall Islands,MHL,Leadership,0.000,1991
Marshall Islands,MHL,Leadership,0.000,1992
Marshall Islands,MHL,Leadership,0.000,1993
Marshall Islands,MHL,Leadership,0.000,1994
Marshall Islands,MHL,Leadership,0.000,1995
Marshall Islands,MHL,Leadership,0.000,1996
Marshall Islands,MHL,Leadership,0.000,1997
Marshall Islands,MHL,Leadership,0.000,1998
Marshall Islands,MHL,Leadership,0.000,1999
Marshall Islands,MHL,Leadership,25.000,2000
Marshall Islands,MHL,Leadership,25.000,2001
Marshall Islands,MHL,Leadership,25.000,2002
Marshall Islands,MHL,Leadership,25.000,2003
Marshall Islands,MHL,Leadership,25.000,2004
Marshall Islands,MHL,Leadership,50.000,2005
Marshall Islands,MHL,Leadership,25.000,2006
Marshall Islands,MHL,Leadership,25.000,2007
Marshall Islands,MHL,Leadership,50.000,2008
Marshall Islands,MHL,Leadership,25.000,2009
Marshall Islands,MHL,Leadership,50.000,2010
Marshall Islands,MHL,Leadership,25.000,2011
Marshall Islands,MHL,Leadership,50.000,2012
Marshall Islands,MHL,Leadership,25.000,2013
Marshall Islands,MHL,Leadership,50.000,2014
Marshall Islands,MHL,Leadership,50.000,2015
Marshall Islands,MHL,Leadership,50.000,2016
Marshall Islands,MHL,Leadership,25.000,2017
Marshall Islands,MHL,Leadership,50.000,2018
Marshall Islands,MHL,Leadership,75.000,2019
Marshall Islands,MHL,Leadership,50.000,2020
Marshall Islands,MHL,Leadership,50.000,2021
Marshall Islands,MHL,Leadership,50.000,2022
Marshall Islands,MHL,Leadership,25.000,2023
Marshall Islands,MHL,Norms and Decision-making,0.000,1960
Marshall Islands,MHL,Norms and Decision-making,0.000,1961
Marshall Islands,MHL,Norms and Decision-making,0.000,1962
Marshall Islands,MHL,Norms and Decision-making,0.000,1963
Marshall Islands,MHL,Norms and Decision-making,0.000,1964
Marshall Islands,MHL,Norms and Decision-making,0.000,1965
Marshall Islands,MHL,Norms and Decision-making,0.000,1966
Marshall Islands,MHL,Norms and Decision-making,0.000,1967
Marshall Islands,MHL,Norms and Decision-making,0.000,1968
Marshall Islands,MHL,Norms and Decision-making,0.000,1969
Marshall Islands,MHL,Norms and Decision-making,12.593,1970
Marshall Islands,MHL,Norms and Decision-making,12.593,1971
Marshall Islands,MHL,Norms and Decision-making,12.593,1972
Marshall Islands,MHL,Norms and Decision-making,12.593,1973
Marshall Islands,MHL,Norms and Decision-making,12.593,1974
Marshall Islands,MHL,Norms and Decision-making,12.593,1975
Marshall Islands,MHL,Norms and Decision-making,12.593,1976
Marshall Islands,MHL,Norms and Decision-making,12.593,1977
Marshall Islands,MHL,Norms and Decision-making,12.593,1978
Marshall Islands,MHL,Norms and Decision-making,12.593,1979
Marshall Islands,MHL,Norms and Decision-making,12.593,1980
Marshall Islands,MHL,Norms and Decision-making,12.593,1981
Marshall Islands,MHL,Norms and Decision-making,12.593,1982
Marshall Islands,MHL,Norms and Decision-making,12.593,1983
Marshall Islands,MHL,Norms and Decision-making,12.593,1984
Marshall Islands,MHL,Norms and Decision-making,12.593,1985
Marshall Islands,MHL,Norms and Decision-making,12.593,1986
Marshall Islands,MHL,Norms and Decision-making,12.593,1987
Marshall Islands,MHL,Norms and Decision-making,14.074,1988
Marshall Islands,MHL,Norms and Decision-making,12.593,1989
Marshall Islands,MHL,Norms and Decision-making,12.593,1990
Marshall Islands,MHL,Norms and Decision-making,12.593,1991
Marshall Islands,MHL,Norms and Decision-making,12.593,1992
Marshall Islands,MHL,Norms and Decision-making,12.593,1993
Marshall Islands,MHL,Norms and Decision-making,12.593,1994
Marshall Islands,MHL,Norms and Decision-making,12.593,1995
Marshall Islands,MHL,Norms and Decision-making,12.593,1996
Marshall Islands,MHL,Norms and Decision-making,12.593,1997
Marshall Islands,MHL,Norms and Decision-making,12.593,1998
Marshall Islands,MHL,Norms and Decision-making,12.593,1999
Marshall Islands,MHL,Norms and Decision-making,12.593,2000
Marshall Islands,MHL,Norms and Decision-making,12.593,2001
Marshall Islands,MHL,Norms and Decision-making,12.593,2002
Marshall Islands,MHL,Norms and Decision-making,12.593,2003
Marshall Islands,MHL,Norms and Decision-making,12.593,2004
Marshall Islands,MHL,Norms and Decision-making,12.593,2005
Marshall Islands,MHL,Norms and Decision-making,12.593,2006
Marshall Islands,MHL,Norms and Decision-making,20.000,2007
Marshall Islands,MHL,Norms and Decision-making,12.593,2008
Marshall Islands,MHL,Norms and Decision-making,12.593,2009
Marshall Islands,MHL,Norms and Decision-making,12.593,2010
Marshall Islands,MHL,Norms and Decision-making,14.074,2011
Marshall Islands,MHL,Norms and Decision-making,12.593,2012
Marshall Islands,MHL,Norms and Decision-making,12.593,2013
Marshall Islands,MHL,Norms and Decision-making,12.593,2014
Marshall Islands,MHL,Norms and Decision-making,12.593,2015
Marshall Islands,MHL,Norms and Decision-making,12.593,2016
Marshall Islands,MHL,Norms and Decision-making,12.593,2017
Marshall Islands,MHL,Norms and Decision-making,12.593,2018
Marshall Islands,MHL,Norms and Decision-making,12.593,2019
Marshall Islands,MHL,Norms and Decision-making,12.593,2020
Marshall Islands,MHL,Norms and Decision-making,12.593,2021
Marshall Islands,MHL,Norms and Decision-making,12.593,2022
Marshall Islands,MHL,Norms and Decision-making,12.593,2023
Marshall Islands,MHL,Population,86.905,1960
Marshall Islands,MHL,Population,86.905,1961
Marshall Islands,MHL,Population,86.905,1962
Marshall Islands,MHL,Population,86.905,1963
Marshall Islands,MHL,Population,86.905,1964
Marshall Islands,MHL,Population,86.905,1965
Marshall Islands,MHL,Population,86.905,1966
Marshall Islands,MHL,Population,86.905,1967
Marshall Islands,MHL,Population,86.905,1968
Marshall Islands,MHL,Population,86.905,1969
Marshall Islands,MHL,Population,86.905,1970
Marshall Islands,MHL,Population,86.905,1971
Marshall Islands,MHL,Population,86.905,1972
Marshall Islands,MHL,Population,86.905,1973
Marshall Islands,MHL,Population,86.905,1974
Marshall Islands,MHL,Population,86.905,1975
Marshall Islands,MHL,Population,86.905,1976
Marshall Islands,MHL,Population,86.905,1977
Marshall Islands,MHL,Population,86.905,1978
Marshall Islands,MHL,Population,86.905,1979
Marshall Islands,MHL,Population,86.905,1980
Marshall Islands,MHL,Population,86.905,1981
Marshall Islands,MHL,Population,86.905,1982
Marshall Islands,MHL,Population,86.905,1983
Marshall Islands,MHL,Population,86.905,1984
Marshall Islands,MHL,Population,86.905,1985
Marshall Islands,MHL,Population,86.905,1986
Marshall Islands,MHL,Population,86.905,1987
Marshall Islands,MHL,Population,89.286,1988
Marshall Islands,MHL,Population,86.905,1989
Marshall Islands,MHL,Population,88.095,1990
Marshall Islands,MHL,Population,86.905,1991
Marshall Islands,MHL,Population,86.905,1992
Marshall Islands,MHL,Population,86.905,1993
Marshall Islands,MHL,Population,86.905,1994
Marshall Islands,MHL,Population,88.095,1995
Marshall Islands,MHL,Population,86.905,1996
Marshall Islands,MHL,Population,86.905,1997
Marshall Islands,MHL,Population,86.905,1998
Marshall Islands,MHL,Population,86.905,1999
Marshall Islands,MHL,Population,88.095,2000
Marshall Islands,MHL,Population,86.905,2001
Marshall Islands,MHL,Population,86.905,2002
Marshall Islands,MHL,Population,86.905,2003
Marshall Islands,MHL,Population,86.905,2004
Marshall Islands,MHL,Population,88.095,2005
Marshall Islands,MHL,Population,86.905,2006
Marshall Islands,MHL,Population,90.476,2007
Marshall Islands,MHL,Population,86.905,2008
Marshall Islands,MHL,Population,86.905,2009
Marshall Islands,MHL,Population,88.095,2010
Marshall Islands,MHL,Population,89.286,2011
Marshall Islands,MHL,Population,86.905,2012
Marshall Islands,MHL,Population,86.905,2013
Marshall Islands,MHL,Population,86.905,2014
Marshall Islands,MHL,Population,88.095,2015
Marshall Islands,MHL,Population,86.905,2016
Marshall Islands,MHL,Population,90.476,2017
Marshall Islands,MHL,Population,86.905,2018
Marshall Islands,MHL,Population,86.905,2019
Marshall Islands,MHL,Population,88.095,2020
Marshall Islands,MHL,Population,86.905,2021
Marshall Islands,MHL,Population,86.905,2022
Marshall Islands,MHL,Population,77.381,2023
Marshall Islands,MHL,SDGs,2.685,1960
Marshall Islands,MHL,SDGs,2.685,1961
Marshall Islands,MHL,SDGs,2.685,1962
Marshall Islands,MHL,SDGs,2.685,1963
Marshall Islands,MHL,SDGs,2.685,1964
Marshall Islands,MHL,SDGs,2.685,1965
Marshall Islands,MHL,SDGs,2.685,1966
Marshall Islands,MHL,SDGs,2.685,1967
Marshall Islands,MHL,SDGs,2.685,1968
Marshall Islands,MHL,SDGs,2.685,1969
Marshall Islands,MHL,SDGs,11.409,1970
Marshall Islands,MHL,SDGs,11.409,1971
Marshall Islands,MHL,SDGs,11.409,1972
Marshall Islands,MHL,SDGs,11.409,1973
Marshall Islands,MHL,SDGs,11.409,1974
Marshall Islands,MHL,SDGs,11.409,1975
Marshall Islands,MHL,SDGs,11.409,1976
Marshall Islands,MHL,SDGs,11.409,1977
Marshall Islands,MHL,SDGs,11.409,1978
Marshall Islands,MHL,SDGs,11.409,1979
Marshall Islands,MHL,SDGs,13.423,1980
Marshall Islands,MHL,SDGs,11.409,1981
Marshall Islands,MHL,SDGs,11.409,1982
Marshall Islands,MHL,SDGs,11.409,1983
Marshall Islands,MHL,SDGs,11.409,1984
Marshall Islands,MHL,SDGs,11.409,1985
Marshall Islands,MHL,SDGs,11.409,1986
Marshall Islands,MHL,SDGs,11.409,1987
Marshall Islands,MHL,SDGs,14.094,1988
Marshall Islands,MHL,SDGs,12.081,1989
Marshall Islands,MHL,SDGs,12.081,1990
Marshall Islands,MHL,SDGs,12.081,1991
Marshall Islands,MHL,SDGs,12.081,1992
Marshall Islands,MHL,SDGs,12.081,1993
Marshall Islands,MHL,SDGs,12.081,1994
Marshall Islands,MHL,SDGs,12.081,1995
Marshall Islands,MHL,SDGs,12.081,1996
Marshall Islands,MHL,SDGs,12.081,1997
Marshall Islands,MHL,SDGs,12.752,1998
Marshall Islands,MHL,SDGs,12.081,1999
Marshall Islands,MHL,SDGs,14.765,2000
Marshall Islands,MHL,SDGs,14.765,2001
Marshall Islands,MHL,SDGs,15.436,2002
Marshall Islands,MHL,SDGs,14.765,2003
Marshall Islands,MHL,SDGs,14.765,2004
Marshall Islands,MHL,SDGs,17.450,2005
Marshall Islands,MHL,SDGs,14.765,2006
Marshall Islands,MHL,SDGs,16.779,2007
Marshall Islands,MHL,SDGs,14.765,2008
Marshall Islands,MHL,SDGs,15.436,2009
Marshall Islands,MHL,SDGs,17.450,2010
Marshall Islands,MHL,SDGs,17.450,2011
Marshall Islands,MHL,SDGs,14.765,2012
Marshall Islands,MHL,SDGs,15.436,2013
Marshall Islands,MHL,SDGs,15.436,2014
Marshall Islands,MHL,SDGs,16.779,2015
Marshall Islands,MHL,SDGs,14.765,2016
Marshall Islands,MHL,SDGs,15.436,2017
Marshall Islands,MHL,SDGs,18.121,2018
Marshall Islands,MHL,SDGs,20.805,2019
Marshall Islands,MHL,SDGs,16.779,2020
Marshall Islands,MHL,SDGs,18.792,2021
Marshall Islands,MHL,SDGs,14.765,2022
Marshall Islands,MHL,SDGs,10.067,2023
Marshall Islands,MHL,Technology,0.000,1960
Marshall Islands,MHL,Technology,0.000,1961
Marshall Islands,MHL,Technology,0.000,1962
Marshall Islands,MHL,Technology,0.000,1963
Marshall Islands,MHL,Technology,0.000,1964
Marshall Islands,MHL,Technology,0.000,1965
Marshall Islands,MHL,Technology,0.000,1966
Marshall Islands,MHL,Technology,0.000,1967
Marshall Islands,MHL,Technology,0.000,1968
Marshall Islands,MHL,Technology,0.000,1969
Marshall Islands,MHL,Technology,0.000,1970
Marshall Islands,MHL,Technology,0.000,1971
Marshall Islands,MHL,Technology,0.000,1972
Marshall Islands,MHL,Technology,0.000,1973
Marshall Islands,MHL,Technology,0.000,1974
Marshall Islands,MHL,Technology,0.000,1975
Marshall Islands,MHL,Technology,0.000,1976
Marshall Islands,MHL,Technology,0.000,1977
Marshall Islands,MHL,Technology,0.000,1978
Marshall Islands,MHL,Technology,0.000,1979
Marshall Islands,MHL,Technology,0.000,1980
Marshall Islands,MHL,Technology,0.000,1981
Marshall Islands,MHL,Technology,0.000,1982
Marshall Islands,MHL,Technology,0.000,1983
Marshall Islands,MHL,Technology,0.000,1984
Marshall Islands,MHL,Technology,0.000,1985
Marshall Islands,MHL,Technology,0.000,1986
Marshall Islands,MHL,Technology,0.000,1987
Marshall Islands,MHL,Technology,0.000,1988
Marshall Islands,MHL,Technology,0.000,1989
Marshall Islands,MHL,Technology,2.222,1990
Marshall Islands,MHL,Technology,2.222,1991
Marshall Islands,MHL,Technology,2.222,1992
Marshall Islands,MHL,Technology,2.222,1993
Marshall Islands,MHL,Technology,2.222,1994
Marshall Islands,MHL,Technology,2.222,1995
Marshall Islands,MHL,Technology,2.222,1996
Marshall Islands,MHL,Technology,0.000,1997
Marshall Islands,MHL,Technology,0.000,1998
Marshall Islands,MHL,Technology,2.222,1999
Marshall Islands,MHL,Technology,2.222,2000
Marshall Islands,MHL,Technology,2.222,2001
Marshall Islands,MHL,Technology,2.222,2002
Marshall Islands,MHL,Technology,2.222,2003
Marshall Islands,MHL,Technology,2.222,2004
Marshall Islands,MHL,Technology,2.222,2005
Marshall Islands,MHL,Technology,2.222,2006
Marshall Islands,MHL,Technology,2.222,2007
Marshall Islands,MHL,Technology,2.222,2008
Marshall Islands,MHL,Technology,2.222,2009
Marshall Islands,MHL,Technology,2.222,2010
Marshall Islands,MHL,Technology,2.222,2011
Marshall Islands,MHL,Technology,2.222,2012
Marshall Islands,MHL,Technology,2.222,2013
Marshall Islands,MHL,Technology,2.222,2014
Marshall Islands,MHL,Technology,2.222,2015
Marshall Islands,MHL,Technology,2.222,2016
Marshall Islands,MHL,Technology,2.222,2017
Marshall Islands,MHL,Technology,0.000,2018
Marshall Islands,MHL,Technology,0.000,2019
Marshall Islands,MHL,Technology,2.222,2020
Marshall Islands,MHL,Technology,2.222,2021
Marshall Islands,MHL,Technology,2.222,2022
Marshall Islands,MHL,Technology,0.000,2023
Marshall Islands,MHL,Violence,0.000,1960
Marshall Islands,MHL,Violence,0.000,1961
Marshall Islands,MHL,Violence,0.000,1962
Marshall Islands,MHL,Violence,0.000,1963
Marshall Islands,MHL,Violence,0.000,1964
Marshall Islands,MHL,Violence,0.000,1965
Marshall Islands,MHL,Violence,0.000,1966
Marshall Islands,MHL,Violence,0.000,1967
Marshall Islands,MHL,Violence,0.000,1968
Marshall Islands,MHL,Violence,0.000,1969
Marshall Islands,MHL,Violence,2.143,1970
Marshall Islands,MHL,Violence,2.143,1971
Marshall Islands,MHL,Violence,2.143,1972
Marshall Islands,MHL,Violence,2.143,1973
Marshall Islands,MHL,Violence,2.143,1974
Marshall Islands,MHL,Violence,2.143,1975
Marshall Islands,MHL,Violence,2.143,1976
Marshall Islands,MHL,Violence,2.143,1977
Marshall Islands,MHL,Violence,2.143,1978
Marshall Islands,MHL,Violence,2.143,1979
Marshall Islands,MHL,Violence,2.143,1980
Marshall Islands,MHL,Violence,2.143,1981
Marshall Islands,MHL,Violence,2.143,1982
Marshall Islands,MHL,Violence,2.143,1983
Marshall Islands,MHL,Violence,2.143,1984
Marshall Islands,MHL,Violence,2.143,1985
Marshall Islands,MHL,Violence,2.143,1986
Marshall Islands,MHL,Violence,2.143,1987
Marshall Islands,MHL,Violence,2.143,1988
Marshall Islands,MHL,Violence,2.143,1989
Marshall Islands,MHL,Violence,2.143,1990
Marshall Islands,MHL,Violence,2.857,1991
Marshall Islands,MHL,Violence,2.857,1992
Marshall Islands,MHL,Violence,2.143,1993
Marshall Islands,MHL,Violence,2.857,1994
Marshall Islands,MHL,Violence,2.143,1995
Marshall Islands,MHL,Violence,2.143,1996
Marshall Islands,MHL,Violence,2.143,1997
Marshall Islands,MHL,Violence,2.143,1998
Marshall Islands,MHL,Violence,2.143,1999
Marshall Islands,MHL,Violence,2.143,2000
Marshall Islands,MHL,Violence,2.143,2001
Marshall Islands,MHL,Violence,2.143,2002
Marshall Islands,MHL,Violence,2.143,2003
Marshall Islands,MHL,Violence,2.143,2004
Marshall Islands,MHL,Violence,2.143,2005
Marshall Islands,MHL,Violence,2.143,2006
Marshall Islands,MHL,Violence,3.571,2007
Marshall Islands,MHL,Violence,2.143,2008
Marshall Islands,MHL,Violence,2.143,2009
Marshall Islands,MHL,Violence,2.143,2010
Marshall Islands,MHL,Violence,2.143,2011
Marshall Islands,MHL,Violence,2.143,2012
Marshall Islands,MHL,Violence,2.143,2013
Marshall Islands,MHL,Violence,2.857,2014
Marshall Islands,MHL,Violence,2.143,2015
Marshall Islands,MHL,Violence,2.143,2016
Marshall Islands,MHL,Violence,2.143,2017
Marshall Islands,MHL,Violence,5.000,2018
Marshall Islands,MHL,Violence,2.143,2019
Marshall Islands,MHL,Violence,2.143,2020
Marshall Islands,MHL,Violence,2.143,2021
Marshall Islands,MHL,Violence,2.143,2022
Marshall Islands,MHL,Violence,2.143,2023
Marshall Islands,MHL,Youth 15-24,4.587,1960
Marshall Islands,MHL,Youth 15-24,4.587,1961
Marshall Islands,MHL,Youth 15-24,4.587,1962
Marshall Islands,MHL,Youth 15-24,4.587,1963
Marshall Islands,MHL,Youth 15-24,4.587,1964
Marshall Islands,MHL,Youth 15-24,4.587,1965
Marshall Islands,MHL,Youth 15-24,4.587,1966
Marshall Islands,MHL,Youth 15-24,4.587,1967
Marshall Islands,MHL,Youth 15-24,4.587,1968
Marshall Islands,MHL,Youth 15-24,4.587,1969
Marshall Islands,MHL,Youth 15-24,4.587,1970
Marshall Islands,MHL,Youth 15-24,4.587,1971
Marshall Islands,MHL,Youth 15-24,4.587,1972
Marshall Islands,MHL,Youth 15-24,4.587,1973
Marshall Islands,MHL,Youth 15-24,4.587,1974
Marshall Islands,MHL,Youth 15-24,4.587,1975
Marshall Islands,MHL,Youth 15-24,4.587,1976
Marshall Islands,MHL,Youth 15-24,4.587,1977
Marshall Islands,MHL,Youth 15-24,4.587,1978
Marshall Islands,MHL,Youth 15-24,4.587,1979
Marshall Islands,MHL,Youth 15-24,4.587,1980
Marshall Islands,MHL,Youth 15-24,4.587,1981
Marshall Islands,MHL,Youth 15-24,4.587,1982
Marshall Islands,MHL,Youth 15-24,4.587,1983
Marshall Islands,MHL,Youth 15-24,4.587,1984
Marshall Islands,MHL,Youth 15-24,4.587,1985
Marshall Islands,MHL,Youth 15-24,4.587,1986
Marshall Islands,MHL,Youth 15-24,4.587,1987
Marshall Islands,MHL,Youth 15-24,4.587,1988
Marshall Islands,MHL,Youth 15-24,4.587,1989
Marshall Islands,MHL,Youth 15-24,4.587,1990
Marshall Islands,MHL,Youth 15-24,4.587,1991
Marshall Islands,MHL,Youth 15-24,4.587,1992
Marshall Islands,MHL,Youth 15-24,4.587,1993
Marshall Islands,MHL,Youth 15-24,4.587,1994
Marshall Islands,MHL,Youth 15-24,4.587,1995
Marshall Islands,MHL,Youth 15-24,4.587,1996
Marshall Islands,MHL,Youth 15-24,4.587,1997
Marshall Islands,MHL,Youth 15-24,4.587,1998
Marshall Islands,MHL,Youth 15-24,13.761,1999
Marshall Islands,MHL,Youth 15-24,4.587,2000
Marshall Islands,MHL,Youth 15-24,4.587,2001
Marshall Islands,MHL,Youth 15-24,21.101,2002
Marshall Islands,MHL,Youth 15-24,10.092,2003
Marshall Islands,MHL,Youth 15-24,10.092,2004
Marshall Islands,MHL,Youth 15-24,10.092,2005
Marshall Islands,MHL,Youth 15-24,12.844,2006
Marshall Islands,MHL,Youth 15-24,25.688,2007
Marshall Islands,MHL,Youth 15-24,12.844,2008
Marshall Islands,MHL,Youth 15-24,10.092,2009
Marshall Islands,MHL,Youth 15-24,4.587,2010
Marshall Islands,MHL,Youth 15-24,20.183,2011
Marshall Islands,MHL,Youth 15-24,8.257,2012
Marshall Islands,MHL,Youth 15-24,4.587,2013
Marshall Islands,MHL,Youth 15-24,4.587,2014
Marshall Islands,MHL,Youth 15-24,26.606,2015
Marshall Islands,MHL,Youth 15-24,22.936,2016
Marshall Islands,MHL,Youth 15-24,4.587,2017
Marshall Islands,MHL,Youth 15-24,4.587,2018
Marshall Islands,MHL,Youth 15-24,43.119,2019
Marshall Islands,MHL,Youth 15-24,10.092,2020
Marshall Islands,MHL,Youth 15-24,33.028,2021
Marshall Islands,MHL,Youth 15-24,11.009,2022
Marshall Islands,MHL,Youth 15-24,3.670,2023
