Country Name,Country Code,Topic,% of available indicators,Year
Qatar,QAT,Assets,0.000,1960
Qatar,QAT,Assets,0.000,1961
Qatar,QAT,Assets,0.000,1962
Qatar,QAT,Assets,0.000,1963
Qatar,QAT,Assets,0.000,1964
Qatar,QAT,Assets,0.000,1965
Qatar,QAT,Assets,0.000,1966
Qatar,QAT,Assets,0.000,1967
Qatar,QAT,Assets,0.000,1968
Qatar,QAT,Assets,0.000,1969
Qatar,QAT,Assets,2.208,1970
Qatar,QAT,Assets,2.208,1971
Qatar,QAT,Assets,2.208,1972
Qatar,QAT,Assets,2.208,1973
Qatar,QAT,Assets,2.208,1974
Qatar,QAT,Assets,2.208,1975
Qatar,QAT,Assets,2.208,1976
Qatar,QAT,Assets,2.208,1977
Qatar,QAT,Assets,2.208,1978
Qatar,QAT,Assets,2.208,1979
Qatar,QAT,Assets,2.208,1980
Qatar,QAT,Assets,2.208,1981
Qatar,QAT,Assets,2.208,1982
Qatar,QAT,Assets,2.208,1983
Qatar,QAT,Assets,2.208,1984
Qatar,QAT,Assets,2.208,1985
Qatar,QAT,Assets,2.208,1986
Qatar,QAT,Assets,2.208,1987
Qatar,QAT,Assets,2.208,1988
Qatar,QAT,Assets,2.208,1989
Qatar,QAT,Assets,2.208,1990
Qatar,QAT,Assets,2.208,1991
Qatar,QAT,Assets,2.208,1992
Qatar,QAT,Assets,2.208,1993
Qatar,QAT,Assets,2.208,1994
Qatar,QAT,Assets,2.208,1995
Qatar,QAT,Assets,2.208,1996
Qatar,QAT,Assets,2.208,1997
Qatar,QAT,Assets,2.208,1998
Qatar,QAT,Assets,2.208,1999
Qatar,QAT,Assets,2.208,2000
Qatar,QAT,Assets,2.208,2001
Qatar,QAT,Assets,2.208,2002
Qatar,QAT,Assets,2.208,2003
Qatar,QAT,Assets,2.208,2004
Qatar,QAT,Assets,2.208,2005
Qatar,QAT,Assets,2.208,2006
Qatar,QAT,Assets,2.208,2007
Qatar,QAT,Assets,2.208,2008
Qatar,QAT,Assets,2.208,2009
Qatar,QAT,Assets,2.208,2010
Qatar,QAT,Assets,10.726,2011
Qatar,QAT,Assets,2.208,2012
Qatar,QAT,Assets,2.208,2013
Qatar,QAT,Assets,2.208,2014
Qatar,QAT,Assets,2.208,2015
Qatar,QAT,Assets,2.208,2016
Qatar,QAT,Assets,2.208,2017
Qatar,QAT,Assets,2.208,2018
Qatar,QAT,Assets,2.208,2019
Qatar,QAT,Assets,2.208,2020
Qatar,QAT,Assets,2.208,2021
Qatar,QAT,Assets,2.208,2022
Qatar,QAT,Assets,2.208,2023
Qatar,QAT,Children 0-14,10.769,1960
Qatar,QAT,Children 0-14,10.769,1961
Qatar,QAT,Children 0-14,10.769,1962
Qatar,QAT,Children 0-14,10.769,1963
Qatar,QAT,Children 0-14,10.769,1964
Qatar,QAT,Children 0-14,10.769,1965
Qatar,QAT,Children 0-14,10.769,1966
Qatar,QAT,Children 0-14,10.769,1967
Qatar,QAT,Children 0-14,10.769,1968
Qatar,QAT,Children 0-14,15.385,1969
Qatar,QAT,Children 0-14,17.692,1970
Qatar,QAT,Children 0-14,38.462,1971
Qatar,QAT,Children 0-14,38.462,1972
Qatar,QAT,Children 0-14,38.462,1973
Qatar,QAT,Children 0-14,40.000,1974
Qatar,QAT,Children 0-14,32.308,1975
Qatar,QAT,Children 0-14,40.000,1976
Qatar,QAT,Children 0-14,40.000,1977
Qatar,QAT,Children 0-14,40.000,1978
Qatar,QAT,Children 0-14,40.000,1979
Qatar,QAT,Children 0-14,38.462,1980
Qatar,QAT,Children 0-14,40.000,1981
Qatar,QAT,Children 0-14,36.923,1982
Qatar,QAT,Children 0-14,38.462,1983
Qatar,QAT,Children 0-14,41.538,1984
Qatar,QAT,Children 0-14,40.000,1985
Qatar,QAT,Children 0-14,42.308,1986
Qatar,QAT,Children 0-14,40.000,1987
Qatar,QAT,Children 0-14,40.000,1988
Qatar,QAT,Children 0-14,41.538,1989
Qatar,QAT,Children 0-14,40.000,1990
Qatar,QAT,Children 0-14,39.231,1991
Qatar,QAT,Children 0-14,41.538,1992
Qatar,QAT,Children 0-14,41.538,1993
Qatar,QAT,Children 0-14,41.538,1994
Qatar,QAT,Children 0-14,36.923,1995
Qatar,QAT,Children 0-14,32.308,1996
Qatar,QAT,Children 0-14,26.923,1997
Qatar,QAT,Children 0-14,33.077,1998
Qatar,QAT,Children 0-14,34.615,1999
Qatar,QAT,Children 0-14,50.000,2000
Qatar,QAT,Children 0-14,32.308,2001
Qatar,QAT,Children 0-14,33.846,2002
Qatar,QAT,Children 0-14,36.923,2003
Qatar,QAT,Children 0-14,36.923,2004
Qatar,QAT,Children 0-14,38.462,2005
Qatar,QAT,Children 0-14,48.462,2006
Qatar,QAT,Children 0-14,43.077,2007
Qatar,QAT,Children 0-14,39.231,2008
Qatar,QAT,Children 0-14,42.308,2009
Qatar,QAT,Children 0-14,53.077,2010
Qatar,QAT,Children 0-14,52.308,2011
Qatar,QAT,Children 0-14,40.769,2012
Qatar,QAT,Children 0-14,46.923,2013
Qatar,QAT,Children 0-14,49.231,2014
Qatar,QAT,Children 0-14,65.385,2015
Qatar,QAT,Children 0-14,56.923,2016
Qatar,QAT,Children 0-14,52.308,2017
Qatar,QAT,Children 0-14,51.538,2018
Qatar,QAT,Children 0-14,53.846,2019
Qatar,QAT,Children 0-14,44.615,2020
Qatar,QAT,Children 0-14,42.308,2021
Qatar,QAT,Children 0-14,35.385,2022
Qatar,QAT,Children 0-14,9.231,2023
Qatar,QAT,Education,0.000,1960
Qatar,QAT,Education,0.000,1961
Qatar,QAT,Education,0.000,1962
Qatar,QAT,Education,0.000,1963
Qatar,QAT,Education,0.000,1964
Qatar,QAT,Education,0.000,1965
Qatar,QAT,Education,0.000,1966
Qatar,QAT,Education,0.000,1967
Qatar,QAT,Education,0.000,1968
Qatar,QAT,Education,0.000,1969
Qatar,QAT,Education,0.000,1970
Qatar,QAT,Education,31.288,1971
Qatar,QAT,Education,27.607,1972
Qatar,QAT,Education,27.607,1973
Qatar,QAT,Education,26.994,1974
Qatar,QAT,Education,20.245,1975
Qatar,QAT,Education,32.515,1976
Qatar,QAT,Education,32.515,1977
Qatar,QAT,Education,27.607,1978
Qatar,QAT,Education,26.994,1979
Qatar,QAT,Education,31.902,1980
Qatar,QAT,Education,30.675,1981
Qatar,QAT,Education,25.153,1982
Qatar,QAT,Education,31.288,1983
Qatar,QAT,Education,33.742,1984
Qatar,QAT,Education,33.129,1985
Qatar,QAT,Education,42.331,1986
Qatar,QAT,Education,30.675,1987
Qatar,QAT,Education,30.675,1988
Qatar,QAT,Education,31.288,1989
Qatar,QAT,Education,30.675,1990
Qatar,QAT,Education,31.902,1991
Qatar,QAT,Education,31.902,1992
Qatar,QAT,Education,31.902,1993
Qatar,QAT,Education,31.902,1994
Qatar,QAT,Education,25.153,1995
Qatar,QAT,Education,21.472,1996
Qatar,QAT,Education,14.724,1997
Qatar,QAT,Education,26.380,1998
Qatar,QAT,Education,27.607,1999
Qatar,QAT,Education,26.994,2000
Qatar,QAT,Education,33.742,2001
Qatar,QAT,Education,34.969,2002
Qatar,QAT,Education,34.356,2003
Qatar,QAT,Education,42.945,2004
Qatar,QAT,Education,31.902,2005
Qatar,QAT,Education,39.264,2006
Qatar,QAT,Education,50.920,2007
Qatar,QAT,Education,49.693,2008
Qatar,QAT,Education,50.307,2009
Qatar,QAT,Education,63.190,2010
Qatar,QAT,Education,58.282,2011
Qatar,QAT,Education,50.920,2012
Qatar,QAT,Education,54.601,2013
Qatar,QAT,Education,61.963,2014
Qatar,QAT,Education,55.828,2015
Qatar,QAT,Education,65.031,2016
Qatar,QAT,Education,71.166,2017
Qatar,QAT,Education,68.098,2018
Qatar,QAT,Education,38.037,2019
Qatar,QAT,Education,48.466,2020
Qatar,QAT,Education,38.650,2021
Qatar,QAT,Education,31.288,2022
Qatar,QAT,Education,2.454,2023
Qatar,QAT,Employment and Time Use,0.000,1960
Qatar,QAT,Employment and Time Use,0.000,1961
Qatar,QAT,Employment and Time Use,0.000,1962
Qatar,QAT,Employment and Time Use,0.000,1963
Qatar,QAT,Employment and Time Use,0.000,1964
Qatar,QAT,Employment and Time Use,0.000,1965
Qatar,QAT,Employment and Time Use,0.000,1966
Qatar,QAT,Employment and Time Use,0.000,1967
Qatar,QAT,Employment and Time Use,0.000,1968
Qatar,QAT,Employment and Time Use,0.000,1969
Qatar,QAT,Employment and Time Use,21.168,1970
Qatar,QAT,Employment and Time Use,21.168,1971
Qatar,QAT,Employment and Time Use,21.168,1972
Qatar,QAT,Employment and Time Use,21.168,1973
Qatar,QAT,Employment and Time Use,21.168,1974
Qatar,QAT,Employment and Time Use,21.168,1975
Qatar,QAT,Employment and Time Use,21.168,1976
Qatar,QAT,Employment and Time Use,21.168,1977
Qatar,QAT,Employment and Time Use,21.168,1978
Qatar,QAT,Employment and Time Use,21.168,1979
Qatar,QAT,Employment and Time Use,21.168,1980
Qatar,QAT,Employment and Time Use,21.168,1981
Qatar,QAT,Employment and Time Use,21.168,1982
Qatar,QAT,Employment and Time Use,21.168,1983
Qatar,QAT,Employment and Time Use,21.168,1984
Qatar,QAT,Employment and Time Use,21.168,1985
Qatar,QAT,Employment and Time Use,26.277,1986
Qatar,QAT,Employment and Time Use,21.168,1987
Qatar,QAT,Employment and Time Use,21.168,1988
Qatar,QAT,Employment and Time Use,21.168,1989
Qatar,QAT,Employment and Time Use,31.387,1990
Qatar,QAT,Employment and Time Use,56.204,1991
Qatar,QAT,Employment and Time Use,56.204,1992
Qatar,QAT,Employment and Time Use,56.204,1993
Qatar,QAT,Employment and Time Use,56.204,1994
Qatar,QAT,Employment and Time Use,56.204,1995
Qatar,QAT,Employment and Time Use,56.204,1996
Qatar,QAT,Employment and Time Use,63.504,1997
Qatar,QAT,Employment and Time Use,56.204,1998
Qatar,QAT,Employment and Time Use,56.204,1999
Qatar,QAT,Employment and Time Use,56.204,2000
Qatar,QAT,Employment and Time Use,56.204,2001
Qatar,QAT,Employment and Time Use,56.204,2002
Qatar,QAT,Employment and Time Use,56.204,2003
Qatar,QAT,Employment and Time Use,68.613,2004
Qatar,QAT,Employment and Time Use,56.204,2005
Qatar,QAT,Employment and Time Use,59.124,2006
Qatar,QAT,Employment and Time Use,68.613,2007
Qatar,QAT,Employment and Time Use,63.504,2008
Qatar,QAT,Employment and Time Use,72.993,2009
Qatar,QAT,Employment and Time Use,63.504,2010
Qatar,QAT,Employment and Time Use,70.803,2011
Qatar,QAT,Employment and Time Use,70.803,2012
Qatar,QAT,Employment and Time Use,87.591,2013
Qatar,QAT,Employment and Time Use,83.942,2014
Qatar,QAT,Employment and Time Use,85.401,2015
Qatar,QAT,Employment and Time Use,76.642,2016
Qatar,QAT,Employment and Time Use,85.401,2017
Qatar,QAT,Employment and Time Use,72.993,2018
Qatar,QAT,Employment and Time Use,83.942,2019
Qatar,QAT,Employment and Time Use,86.131,2020
Qatar,QAT,Employment and Time Use,83.942,2021
Qatar,QAT,Employment and Time Use,70.803,2022
Qatar,QAT,Employment and Time Use,57.664,2023
Qatar,QAT,Entrepreneurship,0.000,1960
Qatar,QAT,Entrepreneurship,0.000,1961
Qatar,QAT,Entrepreneurship,0.000,1962
Qatar,QAT,Entrepreneurship,0.000,1963
Qatar,QAT,Entrepreneurship,0.000,1964
Qatar,QAT,Entrepreneurship,0.000,1965
Qatar,QAT,Entrepreneurship,0.000,1966
Qatar,QAT,Entrepreneurship,0.000,1967
Qatar,QAT,Entrepreneurship,0.000,1968
Qatar,QAT,Entrepreneurship,0.000,1969
Qatar,QAT,Entrepreneurship,9.375,1970
Qatar,QAT,Entrepreneurship,9.375,1971
Qatar,QAT,Entrepreneurship,9.375,1972
Qatar,QAT,Entrepreneurship,9.375,1973
Qatar,QAT,Entrepreneurship,9.375,1974
Qatar,QAT,Entrepreneurship,9.375,1975
Qatar,QAT,Entrepreneurship,9.375,1976
Qatar,QAT,Entrepreneurship,9.375,1977
Qatar,QAT,Entrepreneurship,9.375,1978
Qatar,QAT,Entrepreneurship,9.375,1979
Qatar,QAT,Entrepreneurship,9.375,1980
Qatar,QAT,Entrepreneurship,9.375,1981
Qatar,QAT,Entrepreneurship,9.375,1982
Qatar,QAT,Entrepreneurship,9.375,1983
Qatar,QAT,Entrepreneurship,9.375,1984
Qatar,QAT,Entrepreneurship,9.375,1985
Qatar,QAT,Entrepreneurship,9.375,1986
Qatar,QAT,Entrepreneurship,9.375,1987
Qatar,QAT,Entrepreneurship,9.375,1988
Qatar,QAT,Entrepreneurship,9.375,1989
Qatar,QAT,Entrepreneurship,9.375,1990
Qatar,QAT,Entrepreneurship,9.375,1991
Qatar,QAT,Entrepreneurship,9.375,1992
Qatar,QAT,Entrepreneurship,9.375,1993
Qatar,QAT,Entrepreneurship,9.375,1994
Qatar,QAT,Entrepreneurship,9.375,1995
Qatar,QAT,Entrepreneurship,9.375,1996
Qatar,QAT,Entrepreneurship,9.375,1997
Qatar,QAT,Entrepreneurship,9.375,1998
Qatar,QAT,Entrepreneurship,9.375,1999
Qatar,QAT,Entrepreneurship,9.375,2000
Qatar,QAT,Entrepreneurship,9.375,2001
Qatar,QAT,Entrepreneurship,9.375,2002
Qatar,QAT,Entrepreneurship,9.375,2003
Qatar,QAT,Entrepreneurship,9.375,2004
Qatar,QAT,Entrepreneurship,9.375,2005
Qatar,QAT,Entrepreneurship,9.375,2006
Qatar,QAT,Entrepreneurship,37.500,2007
Qatar,QAT,Entrepreneurship,37.500,2008
Qatar,QAT,Entrepreneurship,37.500,2009
Qatar,QAT,Entrepreneurship,37.500,2010
Qatar,QAT,Entrepreneurship,37.500,2011
Qatar,QAT,Entrepreneurship,37.500,2012
Qatar,QAT,Entrepreneurship,37.500,2013
Qatar,QAT,Entrepreneurship,75.000,2014
Qatar,QAT,Entrepreneurship,75.000,2015
Qatar,QAT,Entrepreneurship,75.000,2016
Qatar,QAT,Entrepreneurship,75.000,2017
Qatar,QAT,Entrepreneurship,75.000,2018
Qatar,QAT,Entrepreneurship,37.500,2019
Qatar,QAT,Entrepreneurship,9.375,2020
Qatar,QAT,Entrepreneurship,9.375,2021
Qatar,QAT,Entrepreneurship,9.375,2022
Qatar,QAT,Entrepreneurship,9.375,2023
Qatar,QAT,Environment,0.000,1960
Qatar,QAT,Environment,0.000,1961
Qatar,QAT,Environment,0.000,1962
Qatar,QAT,Environment,0.000,1963
Qatar,QAT,Environment,0.000,1964
Qatar,QAT,Environment,0.000,1965
Qatar,QAT,Environment,0.000,1966
Qatar,QAT,Environment,0.000,1967
Qatar,QAT,Environment,0.000,1968
Qatar,QAT,Environment,0.000,1969
Qatar,QAT,Environment,0.000,1970
Qatar,QAT,Environment,0.000,1971
Qatar,QAT,Environment,0.000,1972
Qatar,QAT,Environment,0.000,1973
Qatar,QAT,Environment,0.000,1974
Qatar,QAT,Environment,0.000,1975
Qatar,QAT,Environment,0.000,1976
Qatar,QAT,Environment,0.000,1977
Qatar,QAT,Environment,0.000,1978
Qatar,QAT,Environment,0.000,1979
Qatar,QAT,Environment,0.000,1980
Qatar,QAT,Environment,0.000,1981
Qatar,QAT,Environment,0.000,1982
Qatar,QAT,Environment,0.000,1983
Qatar,QAT,Environment,0.000,1984
Qatar,QAT,Environment,0.000,1985
Qatar,QAT,Environment,0.000,1986
Qatar,QAT,Environment,0.000,1987
Qatar,QAT,Environment,0.000,1988
Qatar,QAT,Environment,0.000,1989
Qatar,QAT,Environment,0.000,1990
Qatar,QAT,Environment,0.000,1991
Qatar,QAT,Environment,0.000,1992
Qatar,QAT,Environment,0.000,1993
Qatar,QAT,Environment,0.000,1994
Qatar,QAT,Environment,0.000,1995
Qatar,QAT,Environment,0.000,1996
Qatar,QAT,Environment,0.000,1997
Qatar,QAT,Environment,0.000,1998
Qatar,QAT,Environment,0.000,1999
Qatar,QAT,Environment,3.333,2000
Qatar,QAT,Environment,3.333,2001
Qatar,QAT,Environment,3.333,2002
Qatar,QAT,Environment,3.333,2003
Qatar,QAT,Environment,3.333,2004
Qatar,QAT,Environment,3.333,2005
Qatar,QAT,Environment,3.333,2006
Qatar,QAT,Environment,3.333,2007
Qatar,QAT,Environment,3.333,2008
Qatar,QAT,Environment,3.333,2009
Qatar,QAT,Environment,3.333,2010
Qatar,QAT,Environment,3.333,2011
Qatar,QAT,Environment,3.333,2012
Qatar,QAT,Environment,3.333,2013
Qatar,QAT,Environment,3.333,2014
Qatar,QAT,Environment,3.333,2015
Qatar,QAT,Environment,3.333,2016
Qatar,QAT,Environment,3.333,2017
Qatar,QAT,Environment,3.333,2018
Qatar,QAT,Environment,23.333,2019
Qatar,QAT,Environment,3.333,2020
Qatar,QAT,Environment,3.333,2021
Qatar,QAT,Environment,3.333,2022
Qatar,QAT,Environment,0.000,2023
Qatar,QAT,Health,3.030,1960
Qatar,QAT,Health,3.030,1961
Qatar,QAT,Health,3.030,1962
Qatar,QAT,Health,3.030,1963
Qatar,QAT,Health,3.030,1964
Qatar,QAT,Health,3.030,1965
Qatar,QAT,Health,3.030,1966
Qatar,QAT,Health,3.030,1967
Qatar,QAT,Health,3.030,1968
Qatar,QAT,Health,6.061,1969
Qatar,QAT,Health,7.576,1970
Qatar,QAT,Health,7.576,1971
Qatar,QAT,Health,7.576,1972
Qatar,QAT,Health,7.576,1973
Qatar,QAT,Health,8.586,1974
Qatar,QAT,Health,11.111,1975
Qatar,QAT,Health,11.111,1976
Qatar,QAT,Health,11.111,1977
Qatar,QAT,Health,11.111,1978
Qatar,QAT,Health,11.111,1979
Qatar,QAT,Health,12.121,1980
Qatar,QAT,Health,12.121,1981
Qatar,QAT,Health,12.121,1982
Qatar,QAT,Health,12.121,1983
Qatar,QAT,Health,12.121,1984
Qatar,QAT,Health,12.121,1985
Qatar,QAT,Health,12.121,1986
Qatar,QAT,Health,13.636,1987
Qatar,QAT,Health,12.121,1988
Qatar,QAT,Health,12.121,1989
Qatar,QAT,Health,17.172,1990
Qatar,QAT,Health,17.172,1991
Qatar,QAT,Health,17.172,1992
Qatar,QAT,Health,17.172,1993
Qatar,QAT,Health,16.667,1994
Qatar,QAT,Health,19.697,1995
Qatar,QAT,Health,17.172,1996
Qatar,QAT,Health,17.172,1997
Qatar,QAT,Health,18.182,1998
Qatar,QAT,Health,17.172,1999
Qatar,QAT,Health,55.051,2000
Qatar,QAT,Health,31.313,2001
Qatar,QAT,Health,30.808,2002
Qatar,QAT,Health,30.808,2003
Qatar,QAT,Health,31.313,2004
Qatar,QAT,Health,32.828,2005
Qatar,QAT,Health,31.313,2006
Qatar,QAT,Health,30.303,2007
Qatar,QAT,Health,30.303,2008
Qatar,QAT,Health,30.808,2009
Qatar,QAT,Health,57.576,2010
Qatar,QAT,Health,30.303,2011
Qatar,QAT,Health,34.343,2012
Qatar,QAT,Health,29.798,2013
Qatar,QAT,Health,30.303,2014
Qatar,QAT,Health,55.556,2015
Qatar,QAT,Health,31.313,2016
Qatar,QAT,Health,31.313,2017
Qatar,QAT,Health,32.828,2018
Qatar,QAT,Health,55.556,2019
Qatar,QAT,Health,24.747,2020
Qatar,QAT,Health,16.667,2021
Qatar,QAT,Health,15.657,2022
Qatar,QAT,Health,1.010,2023
Qatar,QAT,Leadership,0.000,1960
Qatar,QAT,Leadership,0.000,1961
Qatar,QAT,Leadership,0.000,1962
Qatar,QAT,Leadership,0.000,1963
Qatar,QAT,Leadership,0.000,1964
Qatar,QAT,Leadership,0.000,1965
Qatar,QAT,Leadership,0.000,1966
Qatar,QAT,Leadership,0.000,1967
Qatar,QAT,Leadership,0.000,1968
Qatar,QAT,Leadership,0.000,1969
Qatar,QAT,Leadership,0.000,1970
Qatar,QAT,Leadership,0.000,1971
Qatar,QAT,Leadership,0.000,1972
Qatar,QAT,Leadership,0.000,1973
Qatar,QAT,Leadership,0.000,1974
Qatar,QAT,Leadership,0.000,1975
Qatar,QAT,Leadership,0.000,1976
Qatar,QAT,Leadership,0.000,1977
Qatar,QAT,Leadership,0.000,1978
Qatar,QAT,Leadership,0.000,1979
Qatar,QAT,Leadership,0.000,1980
Qatar,QAT,Leadership,0.000,1981
Qatar,QAT,Leadership,0.000,1982
Qatar,QAT,Leadership,0.000,1983
Qatar,QAT,Leadership,0.000,1984
Qatar,QAT,Leadership,0.000,1985
Qatar,QAT,Leadership,0.000,1986
Qatar,QAT,Leadership,0.000,1987
Qatar,QAT,Leadership,0.000,1988
Qatar,QAT,Leadership,0.000,1989
Qatar,QAT,Leadership,0.000,1990
Qatar,QAT,Leadership,0.000,1991
Qatar,QAT,Leadership,0.000,1992
Qatar,QAT,Leadership,0.000,1993
Qatar,QAT,Leadership,0.000,1994
Qatar,QAT,Leadership,0.000,1995
Qatar,QAT,Leadership,0.000,1996
Qatar,QAT,Leadership,0.000,1997
Qatar,QAT,Leadership,0.000,1998
Qatar,QAT,Leadership,0.000,1999
Qatar,QAT,Leadership,0.000,2000
Qatar,QAT,Leadership,0.000,2001
Qatar,QAT,Leadership,0.000,2002
Qatar,QAT,Leadership,0.000,2003
Qatar,QAT,Leadership,0.000,2004
Qatar,QAT,Leadership,25.000,2005
Qatar,QAT,Leadership,25.000,2006
Qatar,QAT,Leadership,25.000,2007
Qatar,QAT,Leadership,50.000,2008
Qatar,QAT,Leadership,25.000,2009
Qatar,QAT,Leadership,50.000,2010
Qatar,QAT,Leadership,25.000,2011
Qatar,QAT,Leadership,50.000,2012
Qatar,QAT,Leadership,25.000,2013
Qatar,QAT,Leadership,50.000,2014
Qatar,QAT,Leadership,50.000,2015
Qatar,QAT,Leadership,50.000,2016
Qatar,QAT,Leadership,25.000,2017
Qatar,QAT,Leadership,50.000,2018
Qatar,QAT,Leadership,50.000,2019
Qatar,QAT,Leadership,50.000,2020
Qatar,QAT,Leadership,25.000,2021
Qatar,QAT,Leadership,50.000,2022
Qatar,QAT,Leadership,25.000,2023
Qatar,QAT,Norms and Decision-making,0.000,1960
Qatar,QAT,Norms and Decision-making,0.000,1961
Qatar,QAT,Norms and Decision-making,0.000,1962
Qatar,QAT,Norms and Decision-making,0.000,1963
Qatar,QAT,Norms and Decision-making,0.000,1964
Qatar,QAT,Norms and Decision-making,0.000,1965
Qatar,QAT,Norms and Decision-making,0.000,1966
Qatar,QAT,Norms and Decision-making,0.000,1967
Qatar,QAT,Norms and Decision-making,0.000,1968
Qatar,QAT,Norms and Decision-making,0.000,1969
Qatar,QAT,Norms and Decision-making,12.593,1970
Qatar,QAT,Norms and Decision-making,12.593,1971
Qatar,QAT,Norms and Decision-making,12.593,1972
Qatar,QAT,Norms and Decision-making,12.593,1973
Qatar,QAT,Norms and Decision-making,12.593,1974
Qatar,QAT,Norms and Decision-making,12.593,1975
Qatar,QAT,Norms and Decision-making,12.593,1976
Qatar,QAT,Norms and Decision-making,12.593,1977
Qatar,QAT,Norms and Decision-making,12.593,1978
Qatar,QAT,Norms and Decision-making,12.593,1979
Qatar,QAT,Norms and Decision-making,12.593,1980
Qatar,QAT,Norms and Decision-making,12.593,1981
Qatar,QAT,Norms and Decision-making,12.593,1982
Qatar,QAT,Norms and Decision-making,12.593,1983
Qatar,QAT,Norms and Decision-making,12.593,1984
Qatar,QAT,Norms and Decision-making,12.593,1985
Qatar,QAT,Norms and Decision-making,14.074,1986
Qatar,QAT,Norms and Decision-making,12.593,1987
Qatar,QAT,Norms and Decision-making,12.593,1988
Qatar,QAT,Norms and Decision-making,12.593,1989
Qatar,QAT,Norms and Decision-making,12.593,1990
Qatar,QAT,Norms and Decision-making,12.593,1991
Qatar,QAT,Norms and Decision-making,12.593,1992
Qatar,QAT,Norms and Decision-making,12.593,1993
Qatar,QAT,Norms and Decision-making,12.593,1994
Qatar,QAT,Norms and Decision-making,12.593,1995
Qatar,QAT,Norms and Decision-making,12.593,1996
Qatar,QAT,Norms and Decision-making,14.074,1997
Qatar,QAT,Norms and Decision-making,14.074,1998
Qatar,QAT,Norms and Decision-making,12.593,1999
Qatar,QAT,Norms and Decision-making,12.593,2000
Qatar,QAT,Norms and Decision-making,12.593,2001
Qatar,QAT,Norms and Decision-making,12.593,2002
Qatar,QAT,Norms and Decision-making,12.593,2003
Qatar,QAT,Norms and Decision-making,14.074,2004
Qatar,QAT,Norms and Decision-making,12.593,2005
Qatar,QAT,Norms and Decision-making,12.593,2006
Qatar,QAT,Norms and Decision-making,12.593,2007
Qatar,QAT,Norms and Decision-making,12.593,2008
Qatar,QAT,Norms and Decision-making,12.593,2009
Qatar,QAT,Norms and Decision-making,12.593,2010
Qatar,QAT,Norms and Decision-making,12.593,2011
Qatar,QAT,Norms and Decision-making,17.037,2012
Qatar,QAT,Norms and Decision-making,12.593,2013
Qatar,QAT,Norms and Decision-making,12.593,2014
Qatar,QAT,Norms and Decision-making,12.593,2015
Qatar,QAT,Norms and Decision-making,12.593,2016
Qatar,QAT,Norms and Decision-making,12.593,2017
Qatar,QAT,Norms and Decision-making,12.593,2018
Qatar,QAT,Norms and Decision-making,12.593,2019
Qatar,QAT,Norms and Decision-making,12.593,2020
Qatar,QAT,Norms and Decision-making,12.593,2021
Qatar,QAT,Norms and Decision-making,12.593,2022
Qatar,QAT,Norms and Decision-making,12.593,2023
Qatar,QAT,Population,86.905,1960
Qatar,QAT,Population,86.905,1961
Qatar,QAT,Population,86.905,1962
Qatar,QAT,Population,86.905,1963
Qatar,QAT,Population,86.905,1964
Qatar,QAT,Population,86.905,1965
Qatar,QAT,Population,86.905,1966
Qatar,QAT,Population,86.905,1967
Qatar,QAT,Population,86.905,1968
Qatar,QAT,Population,86.905,1969
Qatar,QAT,Population,86.905,1970
Qatar,QAT,Population,86.905,1971
Qatar,QAT,Population,86.905,1972
Qatar,QAT,Population,86.905,1973
Qatar,QAT,Population,86.905,1974
Qatar,QAT,Population,86.905,1975
Qatar,QAT,Population,86.905,1976
Qatar,QAT,Population,86.905,1977
Qatar,QAT,Population,86.905,1978
Qatar,QAT,Population,86.905,1979
Qatar,QAT,Population,91.667,1980
Qatar,QAT,Population,86.905,1981
Qatar,QAT,Population,86.905,1982
Qatar,QAT,Population,86.905,1983
Qatar,QAT,Population,86.905,1984
Qatar,QAT,Population,91.667,1985
Qatar,QAT,Population,89.286,1986
Qatar,QAT,Population,86.905,1987
Qatar,QAT,Population,86.905,1988
Qatar,QAT,Population,86.905,1989
Qatar,QAT,Population,92.857,1990
Qatar,QAT,Population,86.905,1991
Qatar,QAT,Population,86.905,1992
Qatar,QAT,Population,86.905,1993
Qatar,QAT,Population,86.905,1994
Qatar,QAT,Population,92.857,1995
Qatar,QAT,Population,86.905,1996
Qatar,QAT,Population,89.286,1997
Qatar,QAT,Population,89.286,1998
Qatar,QAT,Population,86.905,1999
Qatar,QAT,Population,92.857,2000
Qatar,QAT,Population,86.905,2001
Qatar,QAT,Population,86.905,2002
Qatar,QAT,Population,86.905,2003
Qatar,QAT,Population,89.286,2004
Qatar,QAT,Population,92.857,2005
Qatar,QAT,Population,86.905,2006
Qatar,QAT,Population,86.905,2007
Qatar,QAT,Population,86.905,2008
Qatar,QAT,Population,86.905,2009
Qatar,QAT,Population,92.857,2010
Qatar,QAT,Population,86.905,2011
Qatar,QAT,Population,86.905,2012
Qatar,QAT,Population,86.905,2013
Qatar,QAT,Population,86.905,2014
Qatar,QAT,Population,94.048,2015
Qatar,QAT,Population,86.905,2016
Qatar,QAT,Population,88.095,2017
Qatar,QAT,Population,86.905,2018
Qatar,QAT,Population,86.905,2019
Qatar,QAT,Population,91.667,2020
Qatar,QAT,Population,86.905,2021
Qatar,QAT,Population,86.905,2022
Qatar,QAT,Population,77.381,2023
Qatar,QAT,SDGs,0.671,1960
Qatar,QAT,SDGs,0.671,1961
Qatar,QAT,SDGs,0.671,1962
Qatar,QAT,SDGs,0.671,1963
Qatar,QAT,SDGs,0.671,1964
Qatar,QAT,SDGs,0.671,1965
Qatar,QAT,SDGs,0.671,1966
Qatar,QAT,SDGs,0.671,1967
Qatar,QAT,SDGs,0.671,1968
Qatar,QAT,SDGs,2.685,1969
Qatar,QAT,SDGs,11.409,1970
Qatar,QAT,SDGs,11.409,1971
Qatar,QAT,SDGs,11.409,1972
Qatar,QAT,SDGs,11.409,1973
Qatar,QAT,SDGs,11.409,1974
Qatar,QAT,SDGs,11.409,1975
Qatar,QAT,SDGs,11.409,1976
Qatar,QAT,SDGs,11.409,1977
Qatar,QAT,SDGs,11.409,1978
Qatar,QAT,SDGs,11.409,1979
Qatar,QAT,SDGs,12.081,1980
Qatar,QAT,SDGs,12.081,1981
Qatar,QAT,SDGs,12.081,1982
Qatar,QAT,SDGs,12.081,1983
Qatar,QAT,SDGs,12.081,1984
Qatar,QAT,SDGs,12.081,1985
Qatar,QAT,SDGs,12.081,1986
Qatar,QAT,SDGs,12.081,1987
Qatar,QAT,SDGs,12.081,1988
Qatar,QAT,SDGs,12.081,1989
Qatar,QAT,SDGs,16.779,1990
Qatar,QAT,SDGs,20.805,1991
Qatar,QAT,SDGs,20.805,1992
Qatar,QAT,SDGs,20.805,1993
Qatar,QAT,SDGs,20.134,1994
Qatar,QAT,SDGs,21.477,1995
Qatar,QAT,SDGs,20.805,1996
Qatar,QAT,SDGs,20.805,1997
Qatar,QAT,SDGs,20.805,1998
Qatar,QAT,SDGs,20.805,1999
Qatar,QAT,SDGs,64.430,2000
Qatar,QAT,SDGs,32.886,2001
Qatar,QAT,SDGs,32.215,2002
Qatar,QAT,SDGs,32.215,2003
Qatar,QAT,SDGs,36.913,2004
Qatar,QAT,SDGs,34.899,2005
Qatar,QAT,SDGs,36.242,2006
Qatar,QAT,SDGs,37.584,2007
Qatar,QAT,SDGs,37.584,2008
Qatar,QAT,SDGs,37.584,2009
Qatar,QAT,SDGs,67.785,2010
Qatar,QAT,SDGs,41.611,2011
Qatar,QAT,SDGs,38.255,2012
Qatar,QAT,SDGs,38.255,2013
Qatar,QAT,SDGs,37.584,2014
Qatar,QAT,SDGs,69.799,2015
Qatar,QAT,SDGs,39.597,2016
Qatar,QAT,SDGs,36.913,2017
Qatar,QAT,SDGs,38.926,2018
Qatar,QAT,SDGs,73.154,2019
Qatar,QAT,SDGs,30.201,2020
Qatar,QAT,SDGs,25.503,2021
Qatar,QAT,SDGs,25.503,2022
Qatar,QAT,SDGs,14.094,2023
Qatar,QAT,Technology,0.000,1960
Qatar,QAT,Technology,0.000,1961
Qatar,QAT,Technology,0.000,1962
Qatar,QAT,Technology,0.000,1963
Qatar,QAT,Technology,0.000,1964
Qatar,QAT,Technology,0.000,1965
Qatar,QAT,Technology,0.000,1966
Qatar,QAT,Technology,0.000,1967
Qatar,QAT,Technology,0.000,1968
Qatar,QAT,Technology,0.000,1969
Qatar,QAT,Technology,0.000,1970
Qatar,QAT,Technology,0.000,1971
Qatar,QAT,Technology,0.000,1972
Qatar,QAT,Technology,0.000,1973
Qatar,QAT,Technology,0.000,1974
Qatar,QAT,Technology,0.000,1975
Qatar,QAT,Technology,0.000,1976
Qatar,QAT,Technology,0.000,1977
Qatar,QAT,Technology,0.000,1978
Qatar,QAT,Technology,0.000,1979
Qatar,QAT,Technology,0.000,1980
Qatar,QAT,Technology,0.000,1981
Qatar,QAT,Technology,0.000,1982
Qatar,QAT,Technology,0.000,1983
Qatar,QAT,Technology,0.000,1984
Qatar,QAT,Technology,0.000,1985
Qatar,QAT,Technology,0.000,1986
Qatar,QAT,Technology,0.000,1987
Qatar,QAT,Technology,0.000,1988
Qatar,QAT,Technology,0.000,1989
Qatar,QAT,Technology,2.222,1990
Qatar,QAT,Technology,2.222,1991
Qatar,QAT,Technology,2.222,1992
Qatar,QAT,Technology,2.222,1993
Qatar,QAT,Technology,2.222,1994
Qatar,QAT,Technology,2.222,1995
Qatar,QAT,Technology,2.222,1996
Qatar,QAT,Technology,2.222,1997
Qatar,QAT,Technology,2.222,1998
Qatar,QAT,Technology,2.222,1999
Qatar,QAT,Technology,6.667,2000
Qatar,QAT,Technology,8.889,2001
Qatar,QAT,Technology,8.889,2002
Qatar,QAT,Technology,8.889,2003
Qatar,QAT,Technology,2.222,2004
Qatar,QAT,Technology,2.222,2005
Qatar,QAT,Technology,2.222,2006
Qatar,QAT,Technology,8.889,2007
Qatar,QAT,Technology,13.333,2008
Qatar,QAT,Technology,13.333,2009
Qatar,QAT,Technology,13.333,2010
Qatar,QAT,Technology,20.000,2011
Qatar,QAT,Technology,13.333,2012
Qatar,QAT,Technology,8.889,2013
Qatar,QAT,Technology,4.444,2014
Qatar,QAT,Technology,8.889,2015
Qatar,QAT,Technology,13.333,2016
Qatar,QAT,Technology,13.333,2017
Qatar,QAT,Technology,13.333,2018
Qatar,QAT,Technology,6.667,2019
Qatar,QAT,Technology,6.667,2020
Qatar,QAT,Technology,2.222,2021
Qatar,QAT,Technology,2.222,2022
Qatar,QAT,Technology,0.000,2023
Qatar,QAT,Violence,0.000,1960
Qatar,QAT,Violence,0.000,1961
Qatar,QAT,Violence,0.000,1962
Qatar,QAT,Violence,0.000,1963
Qatar,QAT,Violence,0.000,1964
Qatar,QAT,Violence,0.000,1965
Qatar,QAT,Violence,0.000,1966
Qatar,QAT,Violence,0.000,1967
Qatar,QAT,Violence,0.000,1968
Qatar,QAT,Violence,0.000,1969
Qatar,QAT,Violence,2.143,1970
Qatar,QAT,Violence,2.143,1971
Qatar,QAT,Violence,2.143,1972
Qatar,QAT,Violence,2.143,1973
Qatar,QAT,Violence,2.143,1974
Qatar,QAT,Violence,2.143,1975
Qatar,QAT,Violence,2.143,1976
Qatar,QAT,Violence,2.143,1977
Qatar,QAT,Violence,2.143,1978
Qatar,QAT,Violence,2.143,1979
Qatar,QAT,Violence,2.143,1980
Qatar,QAT,Violence,2.143,1981
Qatar,QAT,Violence,2.143,1982
Qatar,QAT,Violence,2.143,1983
Qatar,QAT,Violence,2.143,1984
Qatar,QAT,Violence,2.143,1985
Qatar,QAT,Violence,2.143,1986
Qatar,QAT,Violence,2.143,1987
Qatar,QAT,Violence,2.143,1988
Qatar,QAT,Violence,2.143,1989
Qatar,QAT,Violence,2.857,1990
Qatar,QAT,Violence,2.857,1991
Qatar,QAT,Violence,2.857,1992
Qatar,QAT,Violence,2.857,1993
Qatar,QAT,Violence,2.857,1994
Qatar,QAT,Violence,2.143,1995
Qatar,QAT,Violence,2.143,1996
Qatar,QAT,Violence,2.143,1997
Qatar,QAT,Violence,2.857,1998
Qatar,QAT,Violence,2.857,1999
Qatar,QAT,Violence,5.000,2000
Qatar,QAT,Violence,6.429,2001
Qatar,QAT,Violence,4.286,2002
Qatar,QAT,Violence,4.286,2003
Qatar,QAT,Violence,6.429,2004
Qatar,QAT,Violence,6.429,2005
Qatar,QAT,Violence,6.429,2006
Qatar,QAT,Violence,6.429,2007
Qatar,QAT,Violence,6.429,2008
Qatar,QAT,Violence,6.429,2009
Qatar,QAT,Violence,6.429,2010
Qatar,QAT,Violence,6.429,2011
Qatar,QAT,Violence,7.857,2012
Qatar,QAT,Violence,6.429,2013
Qatar,QAT,Violence,6.429,2014
Qatar,QAT,Violence,6.429,2015
Qatar,QAT,Violence,6.429,2016
Qatar,QAT,Violence,6.429,2017
Qatar,QAT,Violence,6.429,2018
Qatar,QAT,Violence,6.429,2019
Qatar,QAT,Violence,4.286,2020
Qatar,QAT,Violence,4.286,2021
Qatar,QAT,Violence,2.143,2022
Qatar,QAT,Violence,2.143,2023
Qatar,QAT,Youth 15-24,4.587,1960
Qatar,QAT,Youth 15-24,4.587,1961
Qatar,QAT,Youth 15-24,4.587,1962
Qatar,QAT,Youth 15-24,4.587,1963
Qatar,QAT,Youth 15-24,4.587,1964
Qatar,QAT,Youth 15-24,4.587,1965
Qatar,QAT,Youth 15-24,4.587,1966
Qatar,QAT,Youth 15-24,4.587,1967
Qatar,QAT,Youth 15-24,4.587,1968
Qatar,QAT,Youth 15-24,4.587,1969
Qatar,QAT,Youth 15-24,4.587,1970
Qatar,QAT,Youth 15-24,21.101,1971
Qatar,QAT,Youth 15-24,18.349,1972
Qatar,QAT,Youth 15-24,18.349,1973
Qatar,QAT,Youth 15-24,18.349,1974
Qatar,QAT,Youth 15-24,17.431,1975
Qatar,QAT,Youth 15-24,22.018,1976
Qatar,QAT,Youth 15-24,22.018,1977
Qatar,QAT,Youth 15-24,18.349,1978
Qatar,QAT,Youth 15-24,18.349,1979
Qatar,QAT,Youth 15-24,25.688,1980
Qatar,QAT,Youth 15-24,22.018,1981
Qatar,QAT,Youth 15-24,18.349,1982
Qatar,QAT,Youth 15-24,25.688,1983
Qatar,QAT,Youth 15-24,25.688,1984
Qatar,QAT,Youth 15-24,25.688,1985
Qatar,QAT,Youth 15-24,37.615,1986
Qatar,QAT,Youth 15-24,22.018,1987
Qatar,QAT,Youth 15-24,22.018,1988
Qatar,QAT,Youth 15-24,21.101,1989
Qatar,QAT,Youth 15-24,29.358,1990
Qatar,QAT,Youth 15-24,39.450,1991
Qatar,QAT,Youth 15-24,35.780,1992
Qatar,QAT,Youth 15-24,35.780,1993
Qatar,QAT,Youth 15-24,35.780,1994
Qatar,QAT,Youth 15-24,34.862,1995
Qatar,QAT,Youth 15-24,32.110,1996
Qatar,QAT,Youth 15-24,32.110,1997
Qatar,QAT,Youth 15-24,36.697,1998
Qatar,QAT,Youth 15-24,36.697,1999
Qatar,QAT,Youth 15-24,39.450,2000
Qatar,QAT,Youth 15-24,48.624,2001
Qatar,QAT,Youth 15-24,48.624,2002
Qatar,QAT,Youth 15-24,44.037,2003
Qatar,QAT,Youth 15-24,61.468,2004
Qatar,QAT,Youth 15-24,39.450,2005
Qatar,QAT,Youth 15-24,40.367,2006
Qatar,QAT,Youth 15-24,66.972,2007
Qatar,QAT,Youth 15-24,66.055,2008
Qatar,QAT,Youth 15-24,66.055,2009
Qatar,QAT,Youth 15-24,67.890,2010
Qatar,QAT,Youth 15-24,67.890,2011
Qatar,QAT,Youth 15-24,72.477,2012
Qatar,QAT,Youth 15-24,68.807,2013
Qatar,QAT,Youth 15-24,71.560,2014
Qatar,QAT,Youth 15-24,64.220,2015
Qatar,QAT,Youth 15-24,70.642,2016
Qatar,QAT,Youth 15-24,71.560,2017
Qatar,QAT,Youth 15-24,67.890,2018
Qatar,QAT,Youth 15-24,49.541,2019
Qatar,QAT,Youth 15-24,48.624,2020
Qatar,QAT,Youth 15-24,48.624,2021
Qatar,QAT,Youth 15-24,43.119,2022
Qatar,QAT,Youth 15-24,13.761,2023
