Country Name,Country Code,Topic,% of available indicators,Year
Algeria,DZA,Assets,0.000,1960
Algeria,DZA,Assets,0.000,1961
Algeria,DZA,Assets,0.000,1962
Algeria,DZA,Assets,0.000,1963
Algeria,DZA,Assets,0.000,1964
Algeria,DZA,Assets,0.000,1965
Algeria,DZA,Assets,0.000,1966
Algeria,DZA,Assets,0.000,1967
Algeria,DZA,Assets,0.000,1968
Algeria,DZA,Assets,0.000,1969
Algeria,DZA,Assets,2.208,1970
Algeria,DZA,Assets,2.208,1971
Algeria,DZA,Assets,2.208,1972
Algeria,DZA,Assets,2.208,1973
Algeria,DZA,Assets,2.208,1974
Algeria,DZA,Assets,2.208,1975
Algeria,DZA,Assets,2.208,1976
Algeria,DZA,Assets,2.208,1977
Algeria,DZA,Assets,2.208,1978
Algeria,DZA,Assets,2.208,1979
Algeria,DZA,Assets,2.208,1980
Algeria,DZA,Assets,2.208,1981
Algeria,DZA,Assets,2.208,1982
Algeria,DZA,Assets,2.208,1983
Algeria,DZA,Assets,2.208,1984
Algeria,DZA,Assets,2.208,1985
Algeria,DZA,Assets,2.208,1986
Algeria,DZA,Assets,2.208,1987
Algeria,DZA,Assets,2.208,1988
Algeria,DZA,Assets,2.208,1989
Algeria,DZA,Assets,2.208,1990
Algeria,DZA,Assets,2.208,1991
Algeria,DZA,Assets,2.208,1992
Algeria,DZA,Assets,2.208,1993
Algeria,DZA,Assets,2.208,1994
Algeria,DZA,Assets,2.208,1995
Algeria,DZA,Assets,2.208,1996
Algeria,DZA,Assets,2.208,1997
Algeria,DZA,Assets,2.208,1998
Algeria,DZA,Assets,2.208,1999
Algeria,DZA,Assets,2.208,2000
Algeria,DZA,Assets,2.208,2001
Algeria,DZA,Assets,2.208,2002
Algeria,DZA,Assets,2.208,2003
Algeria,DZA,Assets,2.208,2004
Algeria,DZA,Assets,2.208,2005
Algeria,DZA,Assets,2.208,2006
Algeria,DZA,Assets,2.208,2007
Algeria,DZA,Assets,2.208,2008
Algeria,DZA,Assets,2.208,2009
Algeria,DZA,Assets,2.208,2010
Algeria,DZA,Assets,11.672,2011
Algeria,DZA,Assets,2.208,2012
Algeria,DZA,Assets,2.208,2013
Algeria,DZA,Assets,30.599,2014
Algeria,DZA,Assets,2.208,2015
Algeria,DZA,Assets,2.208,2016
Algeria,DZA,Assets,33.123,2017
Algeria,DZA,Assets,2.208,2018
Algeria,DZA,Assets,2.208,2019
Algeria,DZA,Assets,2.208,2020
Algeria,DZA,Assets,61.199,2021
Algeria,DZA,Assets,2.208,2022
Algeria,DZA,Assets,2.208,2023
Algeria,DZA,Children 0-14,19.231,1960
Algeria,DZA,Children 0-14,19.231,1961
Algeria,DZA,Children 0-14,19.231,1962
Algeria,DZA,Children 0-14,19.231,1963
Algeria,DZA,Children 0-14,19.231,1964
Algeria,DZA,Children 0-14,19.231,1965
Algeria,DZA,Children 0-14,19.231,1966
Algeria,DZA,Children 0-14,19.231,1967
Algeria,DZA,Children 0-14,19.231,1968
Algeria,DZA,Children 0-14,19.231,1969
Algeria,DZA,Children 0-14,19.231,1970
Algeria,DZA,Children 0-14,30.000,1971
Algeria,DZA,Children 0-14,30.000,1972
Algeria,DZA,Children 0-14,37.692,1973
Algeria,DZA,Children 0-14,37.692,1974
Algeria,DZA,Children 0-14,37.692,1975
Algeria,DZA,Children 0-14,37.692,1976
Algeria,DZA,Children 0-14,37.692,1977
Algeria,DZA,Children 0-14,37.692,1978
Algeria,DZA,Children 0-14,37.692,1979
Algeria,DZA,Children 0-14,37.692,1980
Algeria,DZA,Children 0-14,35.385,1981
Algeria,DZA,Children 0-14,37.692,1982
Algeria,DZA,Children 0-14,35.385,1983
Algeria,DZA,Children 0-14,37.692,1984
Algeria,DZA,Children 0-14,39.231,1985
Algeria,DZA,Children 0-14,36.923,1986
Algeria,DZA,Children 0-14,39.231,1987
Algeria,DZA,Children 0-14,36.923,1988
Algeria,DZA,Children 0-14,39.231,1989
Algeria,DZA,Children 0-14,39.231,1990
Algeria,DZA,Children 0-14,39.231,1991
Algeria,DZA,Children 0-14,50.769,1992
Algeria,DZA,Children 0-14,41.538,1993
Algeria,DZA,Children 0-14,41.538,1994
Algeria,DZA,Children 0-14,53.077,1995
Algeria,DZA,Children 0-14,41.538,1996
Algeria,DZA,Children 0-14,40.000,1997
Algeria,DZA,Children 0-14,26.154,1998
Algeria,DZA,Children 0-14,46.923,1999
Algeria,DZA,Children 0-14,72.308,2000
Algeria,DZA,Children 0-14,46.923,2001
Algeria,DZA,Children 0-14,56.154,2002
Algeria,DZA,Children 0-14,49.231,2003
Algeria,DZA,Children 0-14,49.231,2004
Algeria,DZA,Children 0-14,46.923,2005
Algeria,DZA,Children 0-14,63.846,2006
Algeria,DZA,Children 0-14,53.077,2007
Algeria,DZA,Children 0-14,47.692,2008
Algeria,DZA,Children 0-14,42.308,2009
Algeria,DZA,Children 0-14,60.769,2010
Algeria,DZA,Children 0-14,46.923,2011
Algeria,DZA,Children 0-14,45.385,2012
Algeria,DZA,Children 0-14,38.462,2013
Algeria,DZA,Children 0-14,37.692,2014
Algeria,DZA,Children 0-14,52.308,2015
Algeria,DZA,Children 0-14,38.462,2016
Algeria,DZA,Children 0-14,41.538,2017
Algeria,DZA,Children 0-14,43.846,2018
Algeria,DZA,Children 0-14,62.308,2019
Algeria,DZA,Children 0-14,33.846,2020
Algeria,DZA,Children 0-14,30.769,2021
Algeria,DZA,Children 0-14,29.231,2022
Algeria,DZA,Children 0-14,19.231,2023
Algeria,DZA,Education,0.000,1960
Algeria,DZA,Education,0.000,1961
Algeria,DZA,Education,0.000,1962
Algeria,DZA,Education,0.000,1963
Algeria,DZA,Education,0.000,1964
Algeria,DZA,Education,0.000,1965
Algeria,DZA,Education,0.000,1966
Algeria,DZA,Education,0.000,1967
Algeria,DZA,Education,0.000,1968
Algeria,DZA,Education,0.000,1969
Algeria,DZA,Education,0.000,1970
Algeria,DZA,Education,21.472,1971
Algeria,DZA,Education,17.178,1972
Algeria,DZA,Education,23.313,1973
Algeria,DZA,Education,23.313,1974
Algeria,DZA,Education,23.313,1975
Algeria,DZA,Education,23.313,1976
Algeria,DZA,Education,23.313,1977
Algeria,DZA,Education,23.313,1978
Algeria,DZA,Education,23.926,1979
Algeria,DZA,Education,22.086,1980
Algeria,DZA,Education,22.086,1981
Algeria,DZA,Education,22.086,1982
Algeria,DZA,Education,17.178,1983
Algeria,DZA,Education,26.994,1984
Algeria,DZA,Education,22.699,1985
Algeria,DZA,Education,20.859,1986
Algeria,DZA,Education,28.834,1987
Algeria,DZA,Education,23.926,1988
Algeria,DZA,Education,24.540,1989
Algeria,DZA,Education,25.767,1990
Algeria,DZA,Education,25.767,1991
Algeria,DZA,Education,25.767,1992
Algeria,DZA,Education,27.607,1993
Algeria,DZA,Education,27.607,1994
Algeria,DZA,Education,29.448,1995
Algeria,DZA,Education,29.448,1996
Algeria,DZA,Education,25.153,1997
Algeria,DZA,Education,6.135,1998
Algeria,DZA,Education,34.969,1999
Algeria,DZA,Education,33.742,2000
Algeria,DZA,Education,34.356,2001
Algeria,DZA,Education,40.491,2002
Algeria,DZA,Education,37.423,2003
Algeria,DZA,Education,39.264,2004
Algeria,DZA,Education,37.423,2005
Algeria,DZA,Education,51.534,2006
Algeria,DZA,Education,50.307,2007
Algeria,DZA,Education,42.331,2008
Algeria,DZA,Education,43.558,2009
Algeria,DZA,Education,53.988,2010
Algeria,DZA,Education,58.282,2011
Algeria,DZA,Education,20.245,2012
Algeria,DZA,Education,25.767,2013
Algeria,DZA,Education,31.288,2014
Algeria,DZA,Education,30.061,2015
Algeria,DZA,Education,26.380,2016
Algeria,DZA,Education,33.742,2017
Algeria,DZA,Education,46.626,2018
Algeria,DZA,Education,23.926,2019
Algeria,DZA,Education,23.926,2020
Algeria,DZA,Education,14.110,2021
Algeria,DZA,Education,17.178,2022
Algeria,DZA,Education,18.405,2023
Algeria,DZA,Employment and Time Use,0.000,1960
Algeria,DZA,Employment and Time Use,0.000,1961
Algeria,DZA,Employment and Time Use,0.000,1962
Algeria,DZA,Employment and Time Use,0.000,1963
Algeria,DZA,Employment and Time Use,0.000,1964
Algeria,DZA,Employment and Time Use,0.000,1965
Algeria,DZA,Employment and Time Use,5.109,1966
Algeria,DZA,Employment and Time Use,0.000,1967
Algeria,DZA,Employment and Time Use,0.000,1968
Algeria,DZA,Employment and Time Use,0.000,1969
Algeria,DZA,Employment and Time Use,21.168,1970
Algeria,DZA,Employment and Time Use,21.168,1971
Algeria,DZA,Employment and Time Use,21.168,1972
Algeria,DZA,Employment and Time Use,21.168,1973
Algeria,DZA,Employment and Time Use,21.168,1974
Algeria,DZA,Employment and Time Use,28.467,1975
Algeria,DZA,Employment and Time Use,21.168,1976
Algeria,DZA,Employment and Time Use,26.277,1977
Algeria,DZA,Employment and Time Use,21.168,1978
Algeria,DZA,Employment and Time Use,21.168,1979
Algeria,DZA,Employment and Time Use,22.628,1980
Algeria,DZA,Employment and Time Use,21.168,1981
Algeria,DZA,Employment and Time Use,21.168,1982
Algeria,DZA,Employment and Time Use,24.088,1983
Algeria,DZA,Employment and Time Use,26.277,1984
Algeria,DZA,Employment and Time Use,26.277,1985
Algeria,DZA,Employment and Time Use,21.168,1986
Algeria,DZA,Employment and Time Use,26.277,1987
Algeria,DZA,Employment and Time Use,21.168,1988
Algeria,DZA,Employment and Time Use,23.358,1989
Algeria,DZA,Employment and Time Use,33.577,1990
Algeria,DZA,Employment and Time Use,58.394,1991
Algeria,DZA,Employment and Time Use,56.934,1992
Algeria,DZA,Employment and Time Use,56.934,1993
Algeria,DZA,Employment and Time Use,56.934,1994
Algeria,DZA,Employment and Time Use,56.934,1995
Algeria,DZA,Employment and Time Use,61.314,1996
Algeria,DZA,Employment and Time Use,61.314,1997
Algeria,DZA,Employment and Time Use,56.204,1998
Algeria,DZA,Employment and Time Use,56.204,1999
Algeria,DZA,Employment and Time Use,61.314,2000
Algeria,DZA,Employment and Time Use,59.124,2001
Algeria,DZA,Employment and Time Use,56.934,2002
Algeria,DZA,Employment and Time Use,58.394,2003
Algeria,DZA,Employment and Time Use,64.964,2004
Algeria,DZA,Employment and Time Use,57.664,2005
Algeria,DZA,Employment and Time Use,57.664,2006
Algeria,DZA,Employment and Time Use,57.664,2007
Algeria,DZA,Employment and Time Use,58.394,2008
Algeria,DZA,Employment and Time Use,72.993,2009
Algeria,DZA,Employment and Time Use,72.993,2010
Algeria,DZA,Employment and Time Use,62.774,2011
Algeria,DZA,Employment and Time Use,67.883,2012
Algeria,DZA,Employment and Time Use,68.613,2013
Algeria,DZA,Employment and Time Use,76.642,2014
Algeria,DZA,Employment and Time Use,72.993,2015
Algeria,DZA,Employment and Time Use,70.803,2016
Algeria,DZA,Employment and Time Use,79.562,2017
Algeria,DZA,Employment and Time Use,56.204,2018
Algeria,DZA,Employment and Time Use,56.204,2019
Algeria,DZA,Employment and Time Use,56.204,2020
Algeria,DZA,Employment and Time Use,56.204,2021
Algeria,DZA,Employment and Time Use,56.204,2022
Algeria,DZA,Employment and Time Use,60.584,2023
Algeria,DZA,Entrepreneurship,0.000,1960
Algeria,DZA,Entrepreneurship,0.000,1961
Algeria,DZA,Entrepreneurship,0.000,1962
Algeria,DZA,Entrepreneurship,0.000,1963
Algeria,DZA,Entrepreneurship,0.000,1964
Algeria,DZA,Entrepreneurship,0.000,1965
Algeria,DZA,Entrepreneurship,0.000,1966
Algeria,DZA,Entrepreneurship,0.000,1967
Algeria,DZA,Entrepreneurship,0.000,1968
Algeria,DZA,Entrepreneurship,0.000,1969
Algeria,DZA,Entrepreneurship,9.375,1970
Algeria,DZA,Entrepreneurship,9.375,1971
Algeria,DZA,Entrepreneurship,9.375,1972
Algeria,DZA,Entrepreneurship,9.375,1973
Algeria,DZA,Entrepreneurship,9.375,1974
Algeria,DZA,Entrepreneurship,9.375,1975
Algeria,DZA,Entrepreneurship,9.375,1976
Algeria,DZA,Entrepreneurship,9.375,1977
Algeria,DZA,Entrepreneurship,9.375,1978
Algeria,DZA,Entrepreneurship,9.375,1979
Algeria,DZA,Entrepreneurship,9.375,1980
Algeria,DZA,Entrepreneurship,9.375,1981
Algeria,DZA,Entrepreneurship,9.375,1982
Algeria,DZA,Entrepreneurship,9.375,1983
Algeria,DZA,Entrepreneurship,9.375,1984
Algeria,DZA,Entrepreneurship,9.375,1985
Algeria,DZA,Entrepreneurship,9.375,1986
Algeria,DZA,Entrepreneurship,9.375,1987
Algeria,DZA,Entrepreneurship,9.375,1988
Algeria,DZA,Entrepreneurship,9.375,1989
Algeria,DZA,Entrepreneurship,9.375,1990
Algeria,DZA,Entrepreneurship,9.375,1991
Algeria,DZA,Entrepreneurship,9.375,1992
Algeria,DZA,Entrepreneurship,9.375,1993
Algeria,DZA,Entrepreneurship,9.375,1994
Algeria,DZA,Entrepreneurship,9.375,1995
Algeria,DZA,Entrepreneurship,9.375,1996
Algeria,DZA,Entrepreneurship,9.375,1997
Algeria,DZA,Entrepreneurship,9.375,1998
Algeria,DZA,Entrepreneurship,9.375,1999
Algeria,DZA,Entrepreneurship,9.375,2000
Algeria,DZA,Entrepreneurship,9.375,2001
Algeria,DZA,Entrepreneurship,9.375,2002
Algeria,DZA,Entrepreneurship,37.500,2003
Algeria,DZA,Entrepreneurship,37.500,2004
Algeria,DZA,Entrepreneurship,37.500,2005
Algeria,DZA,Entrepreneurship,37.500,2006
Algeria,DZA,Entrepreneurship,40.625,2007
Algeria,DZA,Entrepreneurship,37.500,2008
Algeria,DZA,Entrepreneurship,37.500,2009
Algeria,DZA,Entrepreneurship,37.500,2010
Algeria,DZA,Entrepreneurship,37.500,2011
Algeria,DZA,Entrepreneurship,37.500,2012
Algeria,DZA,Entrepreneurship,37.500,2013
Algeria,DZA,Entrepreneurship,93.750,2014
Algeria,DZA,Entrepreneurship,75.000,2015
Algeria,DZA,Entrepreneurship,75.000,2016
Algeria,DZA,Entrepreneurship,93.750,2017
Algeria,DZA,Entrepreneurship,75.000,2018
Algeria,DZA,Entrepreneurship,62.500,2019
Algeria,DZA,Entrepreneurship,34.375,2020
Algeria,DZA,Entrepreneurship,34.375,2021
Algeria,DZA,Entrepreneurship,34.375,2022
Algeria,DZA,Entrepreneurship,9.375,2023
Algeria,DZA,Environment,0.000,1960
Algeria,DZA,Environment,0.000,1961
Algeria,DZA,Environment,0.000,1962
Algeria,DZA,Environment,0.000,1963
Algeria,DZA,Environment,0.000,1964
Algeria,DZA,Environment,0.000,1965
Algeria,DZA,Environment,0.000,1966
Algeria,DZA,Environment,0.000,1967
Algeria,DZA,Environment,0.000,1968
Algeria,DZA,Environment,0.000,1969
Algeria,DZA,Environment,0.000,1970
Algeria,DZA,Environment,0.000,1971
Algeria,DZA,Environment,0.000,1972
Algeria,DZA,Environment,0.000,1973
Algeria,DZA,Environment,0.000,1974
Algeria,DZA,Environment,0.000,1975
Algeria,DZA,Environment,0.000,1976
Algeria,DZA,Environment,0.000,1977
Algeria,DZA,Environment,0.000,1978
Algeria,DZA,Environment,0.000,1979
Algeria,DZA,Environment,0.000,1980
Algeria,DZA,Environment,0.000,1981
Algeria,DZA,Environment,0.000,1982
Algeria,DZA,Environment,0.000,1983
Algeria,DZA,Environment,0.000,1984
Algeria,DZA,Environment,0.000,1985
Algeria,DZA,Environment,0.000,1986
Algeria,DZA,Environment,0.000,1987
Algeria,DZA,Environment,0.000,1988
Algeria,DZA,Environment,0.000,1989
Algeria,DZA,Environment,0.000,1990
Algeria,DZA,Environment,0.000,1991
Algeria,DZA,Environment,0.000,1992
Algeria,DZA,Environment,0.000,1993
Algeria,DZA,Environment,0.000,1994
Algeria,DZA,Environment,0.000,1995
Algeria,DZA,Environment,0.000,1996
Algeria,DZA,Environment,0.000,1997
Algeria,DZA,Environment,0.000,1998
Algeria,DZA,Environment,0.000,1999
Algeria,DZA,Environment,10.000,2000
Algeria,DZA,Environment,10.000,2001
Algeria,DZA,Environment,10.000,2002
Algeria,DZA,Environment,10.000,2003
Algeria,DZA,Environment,10.000,2004
Algeria,DZA,Environment,10.000,2005
Algeria,DZA,Environment,10.000,2006
Algeria,DZA,Environment,13.333,2007
Algeria,DZA,Environment,10.000,2008
Algeria,DZA,Environment,13.333,2009
Algeria,DZA,Environment,13.333,2010
Algeria,DZA,Environment,13.333,2011
Algeria,DZA,Environment,10.000,2012
Algeria,DZA,Environment,13.333,2013
Algeria,DZA,Environment,23.333,2014
Algeria,DZA,Environment,13.333,2015
Algeria,DZA,Environment,13.333,2016
Algeria,DZA,Environment,20.000,2017
Algeria,DZA,Environment,13.333,2018
Algeria,DZA,Environment,40.000,2019
Algeria,DZA,Environment,10.000,2020
Algeria,DZA,Environment,20.000,2021
Algeria,DZA,Environment,10.000,2022
Algeria,DZA,Environment,0.000,2023
Algeria,DZA,Health,8.586,1960
Algeria,DZA,Health,8.586,1961
Algeria,DZA,Health,8.586,1962
Algeria,DZA,Health,8.586,1963
Algeria,DZA,Health,8.586,1964
Algeria,DZA,Health,8.586,1965
Algeria,DZA,Health,8.586,1966
Algeria,DZA,Health,8.586,1967
Algeria,DZA,Health,8.586,1968
Algeria,DZA,Health,8.586,1969
Algeria,DZA,Health,8.586,1970
Algeria,DZA,Health,8.586,1971
Algeria,DZA,Health,8.586,1972
Algeria,DZA,Health,8.586,1973
Algeria,DZA,Health,8.586,1974
Algeria,DZA,Health,11.111,1975
Algeria,DZA,Health,11.111,1976
Algeria,DZA,Health,11.111,1977
Algeria,DZA,Health,11.111,1978
Algeria,DZA,Health,11.111,1979
Algeria,DZA,Health,11.111,1980
Algeria,DZA,Health,11.111,1981
Algeria,DZA,Health,11.111,1982
Algeria,DZA,Health,11.111,1983
Algeria,DZA,Health,11.111,1984
Algeria,DZA,Health,12.121,1985
Algeria,DZA,Health,12.121,1986
Algeria,DZA,Health,14.646,1987
Algeria,DZA,Health,12.121,1988
Algeria,DZA,Health,12.121,1989
Algeria,DZA,Health,16.667,1990
Algeria,DZA,Health,16.667,1991
Algeria,DZA,Health,26.263,1992
Algeria,DZA,Health,16.667,1993
Algeria,DZA,Health,16.667,1994
Algeria,DZA,Health,25.253,1995
Algeria,DZA,Health,16.667,1996
Algeria,DZA,Health,16.667,1997
Algeria,DZA,Health,16.667,1998
Algeria,DZA,Health,16.667,1999
Algeria,DZA,Health,66.162,2000
Algeria,DZA,Health,31.818,2001
Algeria,DZA,Health,41.414,2002
Algeria,DZA,Health,31.818,2003
Algeria,DZA,Health,31.818,2004
Algeria,DZA,Health,33.333,2005
Algeria,DZA,Health,42.929,2006
Algeria,DZA,Health,31.818,2007
Algeria,DZA,Health,32.323,2008
Algeria,DZA,Health,31.818,2009
Algeria,DZA,Health,60.606,2010
Algeria,DZA,Health,31.818,2011
Algeria,DZA,Health,40.909,2012
Algeria,DZA,Health,35.859,2013
Algeria,DZA,Health,33.838,2014
Algeria,DZA,Health,56.061,2015
Algeria,DZA,Health,31.818,2016
Algeria,DZA,Health,35.354,2017
Algeria,DZA,Health,35.354,2018
Algeria,DZA,Health,72.727,2019
Algeria,DZA,Health,27.778,2020
Algeria,DZA,Health,19.697,2021
Algeria,DZA,Health,17.172,2022
Algeria,DZA,Health,1.010,2023
Algeria,DZA,Leadership,0.000,1960
Algeria,DZA,Leadership,0.000,1961
Algeria,DZA,Leadership,0.000,1962
Algeria,DZA,Leadership,0.000,1963
Algeria,DZA,Leadership,0.000,1964
Algeria,DZA,Leadership,0.000,1965
Algeria,DZA,Leadership,0.000,1966
Algeria,DZA,Leadership,0.000,1967
Algeria,DZA,Leadership,0.000,1968
Algeria,DZA,Leadership,0.000,1969
Algeria,DZA,Leadership,0.000,1970
Algeria,DZA,Leadership,0.000,1971
Algeria,DZA,Leadership,0.000,1972
Algeria,DZA,Leadership,0.000,1973
Algeria,DZA,Leadership,0.000,1974
Algeria,DZA,Leadership,0.000,1975
Algeria,DZA,Leadership,0.000,1976
Algeria,DZA,Leadership,0.000,1977
Algeria,DZA,Leadership,0.000,1978
Algeria,DZA,Leadership,0.000,1979
Algeria,DZA,Leadership,0.000,1980
Algeria,DZA,Leadership,0.000,1981
Algeria,DZA,Leadership,0.000,1982
Algeria,DZA,Leadership,0.000,1983
Algeria,DZA,Leadership,0.000,1984
Algeria,DZA,Leadership,0.000,1985
Algeria,DZA,Leadership,0.000,1986
Algeria,DZA,Leadership,0.000,1987
Algeria,DZA,Leadership,0.000,1988
Algeria,DZA,Leadership,0.000,1989
Algeria,DZA,Leadership,0.000,1990
Algeria,DZA,Leadership,0.000,1991
Algeria,DZA,Leadership,0.000,1992
Algeria,DZA,Leadership,0.000,1993
Algeria,DZA,Leadership,0.000,1994
Algeria,DZA,Leadership,0.000,1995
Algeria,DZA,Leadership,0.000,1996
Algeria,DZA,Leadership,25.000,1997
Algeria,DZA,Leadership,25.000,1998
Algeria,DZA,Leadership,25.000,1999
Algeria,DZA,Leadership,25.000,2000
Algeria,DZA,Leadership,25.000,2001
Algeria,DZA,Leadership,25.000,2002
Algeria,DZA,Leadership,25.000,2003
Algeria,DZA,Leadership,25.000,2004
Algeria,DZA,Leadership,50.000,2005
Algeria,DZA,Leadership,25.000,2006
Algeria,DZA,Leadership,25.000,2007
Algeria,DZA,Leadership,50.000,2008
Algeria,DZA,Leadership,25.000,2009
Algeria,DZA,Leadership,50.000,2010
Algeria,DZA,Leadership,25.000,2011
Algeria,DZA,Leadership,50.000,2012
Algeria,DZA,Leadership,25.000,2013
Algeria,DZA,Leadership,50.000,2014
Algeria,DZA,Leadership,50.000,2015
Algeria,DZA,Leadership,50.000,2016
Algeria,DZA,Leadership,25.000,2017
Algeria,DZA,Leadership,50.000,2018
Algeria,DZA,Leadership,50.000,2019
Algeria,DZA,Leadership,50.000,2020
Algeria,DZA,Leadership,25.000,2021
Algeria,DZA,Leadership,50.000,2022
Algeria,DZA,Leadership,25.000,2023
Algeria,DZA,Norms and Decision-making,0.000,1960
Algeria,DZA,Norms and Decision-making,0.000,1961
Algeria,DZA,Norms and Decision-making,0.000,1962
Algeria,DZA,Norms and Decision-making,0.000,1963
Algeria,DZA,Norms and Decision-making,0.000,1964
Algeria,DZA,Norms and Decision-making,0.000,1965
Algeria,DZA,Norms and Decision-making,0.000,1966
Algeria,DZA,Norms and Decision-making,0.000,1967
Algeria,DZA,Norms and Decision-making,0.000,1968
Algeria,DZA,Norms and Decision-making,0.000,1969
Algeria,DZA,Norms and Decision-making,12.593,1970
Algeria,DZA,Norms and Decision-making,12.593,1971
Algeria,DZA,Norms and Decision-making,12.593,1972
Algeria,DZA,Norms and Decision-making,12.593,1973
Algeria,DZA,Norms and Decision-making,12.593,1974
Algeria,DZA,Norms and Decision-making,12.593,1975
Algeria,DZA,Norms and Decision-making,12.593,1976
Algeria,DZA,Norms and Decision-making,14.074,1977
Algeria,DZA,Norms and Decision-making,12.593,1978
Algeria,DZA,Norms and Decision-making,12.593,1979
Algeria,DZA,Norms and Decision-making,12.593,1980
Algeria,DZA,Norms and Decision-making,12.593,1981
Algeria,DZA,Norms and Decision-making,12.593,1982
Algeria,DZA,Norms and Decision-making,12.593,1983
Algeria,DZA,Norms and Decision-making,12.593,1984
Algeria,DZA,Norms and Decision-making,12.593,1985
Algeria,DZA,Norms and Decision-making,12.593,1986
Algeria,DZA,Norms and Decision-making,14.074,1987
Algeria,DZA,Norms and Decision-making,12.593,1988
Algeria,DZA,Norms and Decision-making,12.593,1989
Algeria,DZA,Norms and Decision-making,12.593,1990
Algeria,DZA,Norms and Decision-making,12.593,1991
Algeria,DZA,Norms and Decision-making,13.333,1992
Algeria,DZA,Norms and Decision-making,12.593,1993
Algeria,DZA,Norms and Decision-making,12.593,1994
Algeria,DZA,Norms and Decision-making,12.593,1995
Algeria,DZA,Norms and Decision-making,12.593,1996
Algeria,DZA,Norms and Decision-making,12.593,1997
Algeria,DZA,Norms and Decision-making,12.593,1998
Algeria,DZA,Norms and Decision-making,12.593,1999
Algeria,DZA,Norms and Decision-making,12.593,2000
Algeria,DZA,Norms and Decision-making,12.593,2001
Algeria,DZA,Norms and Decision-making,14.074,2002
Algeria,DZA,Norms and Decision-making,12.593,2003
Algeria,DZA,Norms and Decision-making,12.593,2004
Algeria,DZA,Norms and Decision-making,12.593,2005
Algeria,DZA,Norms and Decision-making,15.556,2006
Algeria,DZA,Norms and Decision-making,12.593,2007
Algeria,DZA,Norms and Decision-making,14.074,2008
Algeria,DZA,Norms and Decision-making,12.593,2009
Algeria,DZA,Norms and Decision-making,12.593,2010
Algeria,DZA,Norms and Decision-making,12.593,2011
Algeria,DZA,Norms and Decision-making,14.074,2012
Algeria,DZA,Norms and Decision-making,14.074,2013
Algeria,DZA,Norms and Decision-making,12.593,2014
Algeria,DZA,Norms and Decision-making,12.593,2015
Algeria,DZA,Norms and Decision-making,12.593,2016
Algeria,DZA,Norms and Decision-making,12.593,2017
Algeria,DZA,Norms and Decision-making,12.593,2018
Algeria,DZA,Norms and Decision-making,15.556,2019
Algeria,DZA,Norms and Decision-making,12.593,2020
Algeria,DZA,Norms and Decision-making,12.593,2021
Algeria,DZA,Norms and Decision-making,12.593,2022
Algeria,DZA,Norms and Decision-making,12.593,2023
Algeria,DZA,Population,86.905,1960
Algeria,DZA,Population,86.905,1961
Algeria,DZA,Population,86.905,1962
Algeria,DZA,Population,86.905,1963
Algeria,DZA,Population,86.905,1964
Algeria,DZA,Population,86.905,1965
Algeria,DZA,Population,86.905,1966
Algeria,DZA,Population,86.905,1967
Algeria,DZA,Population,86.905,1968
Algeria,DZA,Population,86.905,1969
Algeria,DZA,Population,86.905,1970
Algeria,DZA,Population,86.905,1971
Algeria,DZA,Population,86.905,1972
Algeria,DZA,Population,86.905,1973
Algeria,DZA,Population,86.905,1974
Algeria,DZA,Population,86.905,1975
Algeria,DZA,Population,86.905,1976
Algeria,DZA,Population,89.286,1977
Algeria,DZA,Population,86.905,1978
Algeria,DZA,Population,86.905,1979
Algeria,DZA,Population,91.667,1980
Algeria,DZA,Population,86.905,1981
Algeria,DZA,Population,86.905,1982
Algeria,DZA,Population,86.905,1983
Algeria,DZA,Population,86.905,1984
Algeria,DZA,Population,91.667,1985
Algeria,DZA,Population,86.905,1986
Algeria,DZA,Population,89.286,1987
Algeria,DZA,Population,86.905,1988
Algeria,DZA,Population,86.905,1989
Algeria,DZA,Population,92.857,1990
Algeria,DZA,Population,86.905,1991
Algeria,DZA,Population,88.095,1992
Algeria,DZA,Population,86.905,1993
Algeria,DZA,Population,86.905,1994
Algeria,DZA,Population,92.857,1995
Algeria,DZA,Population,86.905,1996
Algeria,DZA,Population,86.905,1997
Algeria,DZA,Population,86.905,1998
Algeria,DZA,Population,86.905,1999
Algeria,DZA,Population,92.857,2000
Algeria,DZA,Population,86.905,2001
Algeria,DZA,Population,89.286,2002
Algeria,DZA,Population,86.905,2003
Algeria,DZA,Population,86.905,2004
Algeria,DZA,Population,92.857,2005
Algeria,DZA,Population,90.476,2006
Algeria,DZA,Population,86.905,2007
Algeria,DZA,Population,89.286,2008
Algeria,DZA,Population,86.905,2009
Algeria,DZA,Population,92.857,2010
Algeria,DZA,Population,86.905,2011
Algeria,DZA,Population,89.286,2012
Algeria,DZA,Population,88.095,2013
Algeria,DZA,Population,86.905,2014
Algeria,DZA,Population,92.857,2015
Algeria,DZA,Population,86.905,2016
Algeria,DZA,Population,86.905,2017
Algeria,DZA,Population,86.905,2018
Algeria,DZA,Population,90.476,2019
Algeria,DZA,Population,88.095,2020
Algeria,DZA,Population,86.905,2021
Algeria,DZA,Population,86.905,2022
Algeria,DZA,Population,77.381,2023
Algeria,DZA,SDGs,2.685,1960
Algeria,DZA,SDGs,2.685,1961
Algeria,DZA,SDGs,2.685,1962
Algeria,DZA,SDGs,2.685,1963
Algeria,DZA,SDGs,2.685,1964
Algeria,DZA,SDGs,2.685,1965
Algeria,DZA,SDGs,2.685,1966
Algeria,DZA,SDGs,2.685,1967
Algeria,DZA,SDGs,2.685,1968
Algeria,DZA,SDGs,2.685,1969
Algeria,DZA,SDGs,11.409,1970
Algeria,DZA,SDGs,11.409,1971
Algeria,DZA,SDGs,11.409,1972
Algeria,DZA,SDGs,11.409,1973
Algeria,DZA,SDGs,11.409,1974
Algeria,DZA,SDGs,11.409,1975
Algeria,DZA,SDGs,11.409,1976
Algeria,DZA,SDGs,11.409,1977
Algeria,DZA,SDGs,11.409,1978
Algeria,DZA,SDGs,11.409,1979
Algeria,DZA,SDGs,11.409,1980
Algeria,DZA,SDGs,11.409,1981
Algeria,DZA,SDGs,11.409,1982
Algeria,DZA,SDGs,11.409,1983
Algeria,DZA,SDGs,11.409,1984
Algeria,DZA,SDGs,12.081,1985
Algeria,DZA,SDGs,12.081,1986
Algeria,DZA,SDGs,12.081,1987
Algeria,DZA,SDGs,12.081,1988
Algeria,DZA,SDGs,14.094,1989
Algeria,DZA,SDGs,18.121,1990
Algeria,DZA,SDGs,22.148,1991
Algeria,DZA,SDGs,21.477,1992
Algeria,DZA,SDGs,20.805,1993
Algeria,DZA,SDGs,20.805,1994
Algeria,DZA,SDGs,20.805,1995
Algeria,DZA,SDGs,20.134,1996
Algeria,DZA,SDGs,22.819,1997
Algeria,DZA,SDGs,20.805,1998
Algeria,DZA,SDGs,20.805,1999
Algeria,DZA,SDGs,69.128,2000
Algeria,DZA,SDGs,34.899,2001
Algeria,DZA,SDGs,34.899,2002
Algeria,DZA,SDGs,35.570,2003
Algeria,DZA,SDGs,35.570,2004
Algeria,DZA,SDGs,36.913,2005
Algeria,DZA,SDGs,35.570,2006
Algeria,DZA,SDGs,36.913,2007
Algeria,DZA,SDGs,34.899,2008
Algeria,DZA,SDGs,37.584,2009
Algeria,DZA,SDGs,69.799,2010
Algeria,DZA,SDGs,36.913,2011
Algeria,DZA,SDGs,38.926,2012
Algeria,DZA,SDGs,38.255,2013
Algeria,DZA,SDGs,39.597,2014
Algeria,DZA,SDGs,69.799,2015
Algeria,DZA,SDGs,37.584,2016
Algeria,DZA,SDGs,35.570,2017
Algeria,DZA,SDGs,35.570,2018
Algeria,DZA,SDGs,71.812,2019
Algeria,DZA,SDGs,27.517,2020
Algeria,DZA,SDGs,24.832,2021
Algeria,DZA,SDGs,22.819,2022
Algeria,DZA,SDGs,14.094,2023
Algeria,DZA,Technology,0.000,1960
Algeria,DZA,Technology,0.000,1961
Algeria,DZA,Technology,0.000,1962
Algeria,DZA,Technology,0.000,1963
Algeria,DZA,Technology,0.000,1964
Algeria,DZA,Technology,0.000,1965
Algeria,DZA,Technology,0.000,1966
Algeria,DZA,Technology,0.000,1967
Algeria,DZA,Technology,0.000,1968
Algeria,DZA,Technology,0.000,1969
Algeria,DZA,Technology,0.000,1970
Algeria,DZA,Technology,0.000,1971
Algeria,DZA,Technology,0.000,1972
Algeria,DZA,Technology,0.000,1973
Algeria,DZA,Technology,0.000,1974
Algeria,DZA,Technology,0.000,1975
Algeria,DZA,Technology,0.000,1976
Algeria,DZA,Technology,0.000,1977
Algeria,DZA,Technology,0.000,1978
Algeria,DZA,Technology,0.000,1979
Algeria,DZA,Technology,0.000,1980
Algeria,DZA,Technology,0.000,1981
Algeria,DZA,Technology,0.000,1982
Algeria,DZA,Technology,0.000,1983
Algeria,DZA,Technology,0.000,1984
Algeria,DZA,Technology,0.000,1985
Algeria,DZA,Technology,0.000,1986
Algeria,DZA,Technology,0.000,1987
Algeria,DZA,Technology,0.000,1988
Algeria,DZA,Technology,0.000,1989
Algeria,DZA,Technology,2.222,1990
Algeria,DZA,Technology,2.222,1991
Algeria,DZA,Technology,2.222,1992
Algeria,DZA,Technology,2.222,1993
Algeria,DZA,Technology,2.222,1994
Algeria,DZA,Technology,2.222,1995
Algeria,DZA,Technology,2.222,1996
Algeria,DZA,Technology,2.222,1997
Algeria,DZA,Technology,2.222,1998
Algeria,DZA,Technology,2.222,1999
Algeria,DZA,Technology,2.222,2000
Algeria,DZA,Technology,2.222,2001
Algeria,DZA,Technology,2.222,2002
Algeria,DZA,Technology,2.222,2003
Algeria,DZA,Technology,2.222,2004
Algeria,DZA,Technology,2.222,2005
Algeria,DZA,Technology,2.222,2006
Algeria,DZA,Technology,8.889,2007
Algeria,DZA,Technology,2.222,2008
Algeria,DZA,Technology,8.889,2009
Algeria,DZA,Technology,8.889,2010
Algeria,DZA,Technology,15.556,2011
Algeria,DZA,Technology,2.222,2012
Algeria,DZA,Technology,4.444,2013
Algeria,DZA,Technology,31.111,2014
Algeria,DZA,Technology,8.889,2015
Algeria,DZA,Technology,8.889,2016
Algeria,DZA,Technology,48.889,2017
Algeria,DZA,Technology,13.333,2018
Algeria,DZA,Technology,2.222,2019
Algeria,DZA,Technology,2.222,2020
Algeria,DZA,Technology,68.889,2021
Algeria,DZA,Technology,2.222,2022
Algeria,DZA,Technology,0.000,2023
Algeria,DZA,Violence,0.000,1960
Algeria,DZA,Violence,0.000,1961
Algeria,DZA,Violence,0.000,1962
Algeria,DZA,Violence,0.000,1963
Algeria,DZA,Violence,0.000,1964
Algeria,DZA,Violence,0.000,1965
Algeria,DZA,Violence,0.000,1966
Algeria,DZA,Violence,0.000,1967
Algeria,DZA,Violence,0.000,1968
Algeria,DZA,Violence,0.000,1969
Algeria,DZA,Violence,2.143,1970
Algeria,DZA,Violence,2.143,1971
Algeria,DZA,Violence,2.143,1972
Algeria,DZA,Violence,2.143,1973
Algeria,DZA,Violence,2.143,1974
Algeria,DZA,Violence,2.143,1975
Algeria,DZA,Violence,2.143,1976
Algeria,DZA,Violence,2.143,1977
Algeria,DZA,Violence,2.143,1978
Algeria,DZA,Violence,2.143,1979
Algeria,DZA,Violence,2.143,1980
Algeria,DZA,Violence,2.143,1981
Algeria,DZA,Violence,2.143,1982
Algeria,DZA,Violence,2.143,1983
Algeria,DZA,Violence,2.143,1984
Algeria,DZA,Violence,2.143,1985
Algeria,DZA,Violence,2.143,1986
Algeria,DZA,Violence,2.143,1987
Algeria,DZA,Violence,2.143,1988
Algeria,DZA,Violence,2.143,1989
Algeria,DZA,Violence,2.143,1990
Algeria,DZA,Violence,2.143,1991
Algeria,DZA,Violence,2.143,1992
Algeria,DZA,Violence,2.143,1993
Algeria,DZA,Violence,2.143,1994
Algeria,DZA,Violence,2.143,1995
Algeria,DZA,Violence,2.143,1996
Algeria,DZA,Violence,2.143,1997
Algeria,DZA,Violence,2.143,1998
Algeria,DZA,Violence,2.143,1999
Algeria,DZA,Violence,4.286,2000
Algeria,DZA,Violence,4.286,2001
Algeria,DZA,Violence,4.286,2002
Algeria,DZA,Violence,4.286,2003
Algeria,DZA,Violence,4.286,2004
Algeria,DZA,Violence,4.286,2005
Algeria,DZA,Violence,5.000,2006
Algeria,DZA,Violence,5.000,2007
Algeria,DZA,Violence,5.000,2008
Algeria,DZA,Violence,5.000,2009
Algeria,DZA,Violence,5.000,2010
Algeria,DZA,Violence,5.000,2011
Algeria,DZA,Violence,6.429,2012
Algeria,DZA,Violence,6.429,2013
Algeria,DZA,Violence,6.429,2014
Algeria,DZA,Violence,6.429,2015
Algeria,DZA,Violence,6.429,2016
Algeria,DZA,Violence,6.429,2017
Algeria,DZA,Violence,6.429,2018
Algeria,DZA,Violence,7.857,2019
Algeria,DZA,Violence,4.286,2020
Algeria,DZA,Violence,4.286,2021
Algeria,DZA,Violence,2.143,2022
Algeria,DZA,Violence,2.143,2023
Algeria,DZA,Youth 15-24,4.587,1960
Algeria,DZA,Youth 15-24,4.587,1961
Algeria,DZA,Youth 15-24,4.587,1962
Algeria,DZA,Youth 15-24,4.587,1963
Algeria,DZA,Youth 15-24,4.587,1964
Algeria,DZA,Youth 15-24,4.587,1965
Algeria,DZA,Youth 15-24,7.339,1966
Algeria,DZA,Youth 15-24,4.587,1967
Algeria,DZA,Youth 15-24,4.587,1968
Algeria,DZA,Youth 15-24,4.587,1969
Algeria,DZA,Youth 15-24,4.587,1970
Algeria,DZA,Youth 15-24,22.936,1971
Algeria,DZA,Youth 15-24,17.431,1972
Algeria,DZA,Youth 15-24,17.431,1973
Algeria,DZA,Youth 15-24,17.431,1974
Algeria,DZA,Youth 15-24,20.183,1975
Algeria,DZA,Youth 15-24,17.431,1976
Algeria,DZA,Youth 15-24,20.183,1977
Algeria,DZA,Youth 15-24,17.431,1978
Algeria,DZA,Youth 15-24,17.431,1979
Algeria,DZA,Youth 15-24,14.679,1980
Algeria,DZA,Youth 15-24,17.431,1981
Algeria,DZA,Youth 15-24,14.679,1982
Algeria,DZA,Youth 15-24,10.092,1983
Algeria,DZA,Youth 15-24,22.018,1984
Algeria,DZA,Youth 15-24,17.431,1985
Algeria,DZA,Youth 15-24,14.679,1986
Algeria,DZA,Youth 15-24,25.688,1987
Algeria,DZA,Youth 15-24,18.349,1988
Algeria,DZA,Youth 15-24,17.431,1989
Algeria,DZA,Youth 15-24,25.688,1990
Algeria,DZA,Youth 15-24,32.110,1991
Algeria,DZA,Youth 15-24,32.110,1992
Algeria,DZA,Youth 15-24,32.110,1993
Algeria,DZA,Youth 15-24,32.110,1994
Algeria,DZA,Youth 15-24,34.862,1995
Algeria,DZA,Youth 15-24,37.615,1996
Algeria,DZA,Youth 15-24,31.193,1997
Algeria,DZA,Youth 15-24,21.101,1998
Algeria,DZA,Youth 15-24,35.780,1999
Algeria,DZA,Youth 15-24,34.862,2000
Algeria,DZA,Youth 15-24,36.697,2001
Algeria,DZA,Youth 15-24,43.119,2002
Algeria,DZA,Youth 15-24,35.780,2003
Algeria,DZA,Youth 15-24,38.532,2004
Algeria,DZA,Youth 15-24,39.450,2005
Algeria,DZA,Youth 15-24,52.294,2006
Algeria,DZA,Youth 15-24,51.376,2007
Algeria,DZA,Youth 15-24,45.872,2008
Algeria,DZA,Youth 15-24,62.385,2009
Algeria,DZA,Youth 15-24,61.468,2010
Algeria,DZA,Youth 15-24,66.972,2011
Algeria,DZA,Youth 15-24,33.945,2012
Algeria,DZA,Youth 15-24,40.367,2013
Algeria,DZA,Youth 15-24,45.872,2014
Algeria,DZA,Youth 15-24,48.624,2015
Algeria,DZA,Youth 15-24,43.119,2016
Algeria,DZA,Youth 15-24,33.028,2017
Algeria,DZA,Youth 15-24,44.037,2018
Algeria,DZA,Youth 15-24,35.780,2019
Algeria,DZA,Youth 15-24,24.771,2020
Algeria,DZA,Youth 15-24,24.771,2021
Algeria,DZA,Youth 15-24,28.440,2022
Algeria,DZA,Youth 15-24,22.936,2023
