Country Name,Country Code,Topic,% of available indicators,Year
Sweden,SWE,Assets,0.000,1960
Sweden,SWE,Assets,0.000,1961
Sweden,SWE,Assets,0.000,1962
Sweden,SWE,Assets,0.000,1963
Sweden,SWE,Assets,0.000,1964
Sweden,SWE,Assets,0.000,1965
Sweden,SWE,Assets,0.000,1966
Sweden,SWE,Assets,0.000,1967
Sweden,SWE,Assets,0.000,1968
Sweden,SWE,Assets,0.000,1969
Sweden,SWE,Assets,2.208,1970
Sweden,SWE,Assets,2.208,1971
Sweden,SWE,Assets,2.208,1972
Sweden,SWE,Assets,2.208,1973
Sweden,SWE,Assets,2.208,1974
Sweden,SWE,Assets,2.208,1975
Sweden,SWE,Assets,2.208,1976
Sweden,SWE,Assets,2.208,1977
Sweden,SWE,Assets,2.208,1978
Sweden,SWE,Assets,2.208,1979
Sweden,SWE,Assets,2.208,1980
Sweden,SWE,Assets,2.208,1981
Sweden,SWE,Assets,2.208,1982
Sweden,SWE,Assets,2.208,1983
Sweden,SWE,Assets,2.208,1984
Sweden,SWE,Assets,2.208,1985
Sweden,SWE,Assets,2.208,1986
Sweden,SWE,Assets,2.208,1987
Sweden,SWE,Assets,2.208,1988
Sweden,SWE,Assets,2.208,1989
Sweden,SWE,Assets,2.208,1990
Sweden,SWE,Assets,2.208,1991
Sweden,SWE,Assets,2.208,1992
Sweden,SWE,Assets,2.208,1993
Sweden,SWE,Assets,2.208,1994
Sweden,SWE,Assets,2.208,1995
Sweden,SWE,Assets,2.208,1996
Sweden,SWE,Assets,2.208,1997
Sweden,SWE,Assets,2.208,1998
Sweden,SWE,Assets,2.208,1999
Sweden,SWE,Assets,2.208,2000
Sweden,SWE,Assets,2.208,2001
Sweden,SWE,Assets,2.208,2002
Sweden,SWE,Assets,2.208,2003
Sweden,SWE,Assets,2.208,2004
Sweden,SWE,Assets,2.208,2005
Sweden,SWE,Assets,2.208,2006
Sweden,SWE,Assets,2.208,2007
Sweden,SWE,Assets,2.208,2008
Sweden,SWE,Assets,2.208,2009
Sweden,SWE,Assets,2.208,2010
Sweden,SWE,Assets,10.726,2011
Sweden,SWE,Assets,2.208,2012
Sweden,SWE,Assets,2.208,2013
Sweden,SWE,Assets,24.921,2014
Sweden,SWE,Assets,2.208,2015
Sweden,SWE,Assets,2.208,2016
Sweden,SWE,Assets,26.814,2017
Sweden,SWE,Assets,2.208,2018
Sweden,SWE,Assets,2.208,2019
Sweden,SWE,Assets,2.208,2020
Sweden,SWE,Assets,51.735,2021
Sweden,SWE,Assets,2.208,2022
Sweden,SWE,Assets,2.208,2023
Sweden,SWE,Children 0-14,19.231,1960
Sweden,SWE,Children 0-14,19.231,1961
Sweden,SWE,Children 0-14,19.231,1962
Sweden,SWE,Children 0-14,19.231,1963
Sweden,SWE,Children 0-14,19.231,1964
Sweden,SWE,Children 0-14,19.231,1965
Sweden,SWE,Children 0-14,19.231,1966
Sweden,SWE,Children 0-14,19.231,1967
Sweden,SWE,Children 0-14,19.231,1968
Sweden,SWE,Children 0-14,19.231,1969
Sweden,SWE,Children 0-14,21.538,1970
Sweden,SWE,Children 0-14,27.692,1971
Sweden,SWE,Children 0-14,27.692,1972
Sweden,SWE,Children 0-14,28.462,1973
Sweden,SWE,Children 0-14,30.000,1974
Sweden,SWE,Children 0-14,28.462,1975
Sweden,SWE,Children 0-14,33.077,1976
Sweden,SWE,Children 0-14,27.692,1977
Sweden,SWE,Children 0-14,28.462,1978
Sweden,SWE,Children 0-14,30.769,1979
Sweden,SWE,Children 0-14,30.000,1980
Sweden,SWE,Children 0-14,30.000,1981
Sweden,SWE,Children 0-14,37.692,1982
Sweden,SWE,Children 0-14,30.000,1983
Sweden,SWE,Children 0-14,28.462,1984
Sweden,SWE,Children 0-14,25.385,1985
Sweden,SWE,Children 0-14,27.692,1986
Sweden,SWE,Children 0-14,40.000,1987
Sweden,SWE,Children 0-14,40.000,1988
Sweden,SWE,Children 0-14,40.000,1989
Sweden,SWE,Children 0-14,40.000,1990
Sweden,SWE,Children 0-14,40.000,1991
Sweden,SWE,Children 0-14,33.846,1992
Sweden,SWE,Children 0-14,33.846,1993
Sweden,SWE,Children 0-14,35.385,1994
Sweden,SWE,Children 0-14,32.308,1995
Sweden,SWE,Children 0-14,30.000,1996
Sweden,SWE,Children 0-14,30.000,1997
Sweden,SWE,Children 0-14,26.923,1998
Sweden,SWE,Children 0-14,34.615,1999
Sweden,SWE,Children 0-14,48.462,2000
Sweden,SWE,Children 0-14,42.308,2001
Sweden,SWE,Children 0-14,38.462,2002
Sweden,SWE,Children 0-14,40.000,2003
Sweden,SWE,Children 0-14,44.615,2004
Sweden,SWE,Children 0-14,44.615,2005
Sweden,SWE,Children 0-14,50.769,2006
Sweden,SWE,Children 0-14,44.615,2007
Sweden,SWE,Children 0-14,44.615,2008
Sweden,SWE,Children 0-14,45.385,2009
Sweden,SWE,Children 0-14,58.462,2010
Sweden,SWE,Children 0-14,50.000,2011
Sweden,SWE,Children 0-14,43.077,2012
Sweden,SWE,Children 0-14,48.462,2013
Sweden,SWE,Children 0-14,47.692,2014
Sweden,SWE,Children 0-14,60.769,2015
Sweden,SWE,Children 0-14,46.923,2016
Sweden,SWE,Children 0-14,43.846,2017
Sweden,SWE,Children 0-14,41.538,2018
Sweden,SWE,Children 0-14,55.385,2019
Sweden,SWE,Children 0-14,42.308,2020
Sweden,SWE,Children 0-14,39.231,2021
Sweden,SWE,Children 0-14,36.154,2022
Sweden,SWE,Children 0-14,9.231,2023
Sweden,SWE,Education,0.000,1960
Sweden,SWE,Education,0.000,1961
Sweden,SWE,Education,0.000,1962
Sweden,SWE,Education,0.000,1963
Sweden,SWE,Education,0.000,1964
Sweden,SWE,Education,0.000,1965
Sweden,SWE,Education,0.000,1966
Sweden,SWE,Education,0.000,1967
Sweden,SWE,Education,0.000,1968
Sweden,SWE,Education,0.000,1969
Sweden,SWE,Education,5.521,1970
Sweden,SWE,Education,18.405,1971
Sweden,SWE,Education,14.724,1972
Sweden,SWE,Education,16.564,1973
Sweden,SWE,Education,21.472,1974
Sweden,SWE,Education,16.564,1975
Sweden,SWE,Education,23.313,1976
Sweden,SWE,Education,17.791,1977
Sweden,SWE,Education,18.405,1978
Sweden,SWE,Education,24.540,1979
Sweden,SWE,Education,19.018,1980
Sweden,SWE,Education,15.951,1981
Sweden,SWE,Education,21.472,1982
Sweden,SWE,Education,15.337,1983
Sweden,SWE,Education,14.110,1984
Sweden,SWE,Education,14.724,1985
Sweden,SWE,Education,12.883,1986
Sweden,SWE,Education,30.061,1987
Sweden,SWE,Education,30.061,1988
Sweden,SWE,Education,31.902,1989
Sweden,SWE,Education,32.515,1990
Sweden,SWE,Education,32.515,1991
Sweden,SWE,Education,27.607,1992
Sweden,SWE,Education,30.675,1993
Sweden,SWE,Education,31.288,1994
Sweden,SWE,Education,31.288,1995
Sweden,SWE,Education,24.540,1996
Sweden,SWE,Education,25.153,1997
Sweden,SWE,Education,23.313,1998
Sweden,SWE,Education,47.239,1999
Sweden,SWE,Education,46.626,2000
Sweden,SWE,Education,52.761,2001
Sweden,SWE,Education,46.626,2002
Sweden,SWE,Education,51.534,2003
Sweden,SWE,Education,58.896,2004
Sweden,SWE,Education,60.123,2005
Sweden,SWE,Education,65.031,2006
Sweden,SWE,Education,59.509,2007
Sweden,SWE,Education,59.509,2008
Sweden,SWE,Education,61.350,2009
Sweden,SWE,Education,75.460,2010
Sweden,SWE,Education,69.939,2011
Sweden,SWE,Education,65.031,2012
Sweden,SWE,Education,66.871,2013
Sweden,SWE,Education,60.123,2014
Sweden,SWE,Education,68.098,2015
Sweden,SWE,Education,65.644,2016
Sweden,SWE,Education,68.098,2017
Sweden,SWE,Education,52.147,2018
Sweden,SWE,Education,40.491,2019
Sweden,SWE,Education,51.534,2020
Sweden,SWE,Education,38.650,2021
Sweden,SWE,Education,34.969,2022
Sweden,SWE,Education,1.840,2023
Sweden,SWE,Employment and Time Use,0.000,1960
Sweden,SWE,Employment and Time Use,0.000,1961
Sweden,SWE,Employment and Time Use,0.000,1962
Sweden,SWE,Employment and Time Use,0.000,1963
Sweden,SWE,Employment and Time Use,0.000,1964
Sweden,SWE,Employment and Time Use,5.109,1965
Sweden,SWE,Employment and Time Use,0.000,1966
Sweden,SWE,Employment and Time Use,0.000,1967
Sweden,SWE,Employment and Time Use,0.000,1968
Sweden,SWE,Employment and Time Use,2.190,1969
Sweden,SWE,Employment and Time Use,23.358,1970
Sweden,SWE,Employment and Time Use,23.358,1971
Sweden,SWE,Employment and Time Use,23.358,1972
Sweden,SWE,Employment and Time Use,23.358,1973
Sweden,SWE,Employment and Time Use,23.358,1974
Sweden,SWE,Employment and Time Use,31.387,1975
Sweden,SWE,Employment and Time Use,31.387,1976
Sweden,SWE,Employment and Time Use,21.168,1977
Sweden,SWE,Employment and Time Use,21.168,1978
Sweden,SWE,Employment and Time Use,21.168,1979
Sweden,SWE,Employment and Time Use,21.168,1980
Sweden,SWE,Employment and Time Use,21.168,1981
Sweden,SWE,Employment and Time Use,31.387,1982
Sweden,SWE,Employment and Time Use,31.387,1983
Sweden,SWE,Employment and Time Use,31.387,1984
Sweden,SWE,Employment and Time Use,31.387,1985
Sweden,SWE,Employment and Time Use,31.387,1986
Sweden,SWE,Employment and Time Use,31.387,1987
Sweden,SWE,Employment and Time Use,21.168,1988
Sweden,SWE,Employment and Time Use,31.387,1989
Sweden,SWE,Employment and Time Use,45.985,1990
Sweden,SWE,Employment and Time Use,70.803,1991
Sweden,SWE,Employment and Time Use,70.803,1992
Sweden,SWE,Employment and Time Use,70.803,1993
Sweden,SWE,Employment and Time Use,70.803,1994
Sweden,SWE,Employment and Time Use,88.321,1995
Sweden,SWE,Employment and Time Use,88.321,1996
Sweden,SWE,Employment and Time Use,88.321,1997
Sweden,SWE,Employment and Time Use,88.321,1998
Sweden,SWE,Employment and Time Use,88.321,1999
Sweden,SWE,Employment and Time Use,90.511,2000
Sweden,SWE,Employment and Time Use,91.971,2001
Sweden,SWE,Employment and Time Use,90.511,2002
Sweden,SWE,Employment and Time Use,90.511,2003
Sweden,SWE,Employment and Time Use,90.511,2004
Sweden,SWE,Employment and Time Use,90.511,2005
Sweden,SWE,Employment and Time Use,90.511,2006
Sweden,SWE,Employment and Time Use,90.511,2007
Sweden,SWE,Employment and Time Use,90.511,2008
Sweden,SWE,Employment and Time Use,90.511,2009
Sweden,SWE,Employment and Time Use,90.511,2010
Sweden,SWE,Employment and Time Use,91.971,2011
Sweden,SWE,Employment and Time Use,90.511,2012
Sweden,SWE,Employment and Time Use,90.511,2013
Sweden,SWE,Employment and Time Use,90.511,2014
Sweden,SWE,Employment and Time Use,90.511,2015
Sweden,SWE,Employment and Time Use,90.511,2016
Sweden,SWE,Employment and Time Use,90.511,2017
Sweden,SWE,Employment and Time Use,90.511,2018
Sweden,SWE,Employment and Time Use,90.511,2019
Sweden,SWE,Employment and Time Use,90.511,2020
Sweden,SWE,Employment and Time Use,90.511,2021
Sweden,SWE,Employment and Time Use,90.511,2022
Sweden,SWE,Employment and Time Use,91.241,2023
Sweden,SWE,Entrepreneurship,0.000,1960
Sweden,SWE,Entrepreneurship,0.000,1961
Sweden,SWE,Entrepreneurship,0.000,1962
Sweden,SWE,Entrepreneurship,0.000,1963
Sweden,SWE,Entrepreneurship,0.000,1964
Sweden,SWE,Entrepreneurship,0.000,1965
Sweden,SWE,Entrepreneurship,0.000,1966
Sweden,SWE,Entrepreneurship,0.000,1967
Sweden,SWE,Entrepreneurship,0.000,1968
Sweden,SWE,Entrepreneurship,0.000,1969
Sweden,SWE,Entrepreneurship,9.375,1970
Sweden,SWE,Entrepreneurship,9.375,1971
Sweden,SWE,Entrepreneurship,9.375,1972
Sweden,SWE,Entrepreneurship,9.375,1973
Sweden,SWE,Entrepreneurship,9.375,1974
Sweden,SWE,Entrepreneurship,9.375,1975
Sweden,SWE,Entrepreneurship,9.375,1976
Sweden,SWE,Entrepreneurship,9.375,1977
Sweden,SWE,Entrepreneurship,9.375,1978
Sweden,SWE,Entrepreneurship,9.375,1979
Sweden,SWE,Entrepreneurship,9.375,1980
Sweden,SWE,Entrepreneurship,9.375,1981
Sweden,SWE,Entrepreneurship,9.375,1982
Sweden,SWE,Entrepreneurship,9.375,1983
Sweden,SWE,Entrepreneurship,9.375,1984
Sweden,SWE,Entrepreneurship,9.375,1985
Sweden,SWE,Entrepreneurship,9.375,1986
Sweden,SWE,Entrepreneurship,9.375,1987
Sweden,SWE,Entrepreneurship,9.375,1988
Sweden,SWE,Entrepreneurship,9.375,1989
Sweden,SWE,Entrepreneurship,9.375,1990
Sweden,SWE,Entrepreneurship,9.375,1991
Sweden,SWE,Entrepreneurship,9.375,1992
Sweden,SWE,Entrepreneurship,9.375,1993
Sweden,SWE,Entrepreneurship,9.375,1994
Sweden,SWE,Entrepreneurship,9.375,1995
Sweden,SWE,Entrepreneurship,9.375,1996
Sweden,SWE,Entrepreneurship,9.375,1997
Sweden,SWE,Entrepreneurship,9.375,1998
Sweden,SWE,Entrepreneurship,9.375,1999
Sweden,SWE,Entrepreneurship,9.375,2000
Sweden,SWE,Entrepreneurship,9.375,2001
Sweden,SWE,Entrepreneurship,9.375,2002
Sweden,SWE,Entrepreneurship,37.500,2003
Sweden,SWE,Entrepreneurship,37.500,2004
Sweden,SWE,Entrepreneurship,37.500,2005
Sweden,SWE,Entrepreneurship,37.500,2006
Sweden,SWE,Entrepreneurship,37.500,2007
Sweden,SWE,Entrepreneurship,37.500,2008
Sweden,SWE,Entrepreneurship,37.500,2009
Sweden,SWE,Entrepreneurship,37.500,2010
Sweden,SWE,Entrepreneurship,37.500,2011
Sweden,SWE,Entrepreneurship,37.500,2012
Sweden,SWE,Entrepreneurship,37.500,2013
Sweden,SWE,Entrepreneurship,87.500,2014
Sweden,SWE,Entrepreneurship,62.500,2015
Sweden,SWE,Entrepreneurship,62.500,2016
Sweden,SWE,Entrepreneurship,81.250,2017
Sweden,SWE,Entrepreneurship,62.500,2018
Sweden,SWE,Entrepreneurship,62.500,2019
Sweden,SWE,Entrepreneurship,40.625,2020
Sweden,SWE,Entrepreneurship,21.875,2021
Sweden,SWE,Entrepreneurship,21.875,2022
Sweden,SWE,Entrepreneurship,9.375,2023
Sweden,SWE,Environment,0.000,1960
Sweden,SWE,Environment,0.000,1961
Sweden,SWE,Environment,0.000,1962
Sweden,SWE,Environment,0.000,1963
Sweden,SWE,Environment,0.000,1964
Sweden,SWE,Environment,0.000,1965
Sweden,SWE,Environment,0.000,1966
Sweden,SWE,Environment,0.000,1967
Sweden,SWE,Environment,0.000,1968
Sweden,SWE,Environment,0.000,1969
Sweden,SWE,Environment,0.000,1970
Sweden,SWE,Environment,0.000,1971
Sweden,SWE,Environment,0.000,1972
Sweden,SWE,Environment,0.000,1973
Sweden,SWE,Environment,0.000,1974
Sweden,SWE,Environment,0.000,1975
Sweden,SWE,Environment,0.000,1976
Sweden,SWE,Environment,0.000,1977
Sweden,SWE,Environment,0.000,1978
Sweden,SWE,Environment,0.000,1979
Sweden,SWE,Environment,0.000,1980
Sweden,SWE,Environment,0.000,1981
Sweden,SWE,Environment,0.000,1982
Sweden,SWE,Environment,0.000,1983
Sweden,SWE,Environment,0.000,1984
Sweden,SWE,Environment,0.000,1985
Sweden,SWE,Environment,0.000,1986
Sweden,SWE,Environment,0.000,1987
Sweden,SWE,Environment,0.000,1988
Sweden,SWE,Environment,0.000,1989
Sweden,SWE,Environment,0.000,1990
Sweden,SWE,Environment,0.000,1991
Sweden,SWE,Environment,0.000,1992
Sweden,SWE,Environment,0.000,1993
Sweden,SWE,Environment,0.000,1994
Sweden,SWE,Environment,0.000,1995
Sweden,SWE,Environment,0.000,1996
Sweden,SWE,Environment,0.000,1997
Sweden,SWE,Environment,0.000,1998
Sweden,SWE,Environment,3.333,1999
Sweden,SWE,Environment,13.333,2000
Sweden,SWE,Environment,13.333,2001
Sweden,SWE,Environment,13.333,2002
Sweden,SWE,Environment,13.333,2003
Sweden,SWE,Environment,13.333,2004
Sweden,SWE,Environment,13.333,2005
Sweden,SWE,Environment,13.333,2006
Sweden,SWE,Environment,13.333,2007
Sweden,SWE,Environment,13.333,2008
Sweden,SWE,Environment,13.333,2009
Sweden,SWE,Environment,13.333,2010
Sweden,SWE,Environment,13.333,2011
Sweden,SWE,Environment,13.333,2012
Sweden,SWE,Environment,13.333,2013
Sweden,SWE,Environment,10.000,2014
Sweden,SWE,Environment,13.333,2015
Sweden,SWE,Environment,13.333,2016
Sweden,SWE,Environment,13.333,2017
Sweden,SWE,Environment,10.000,2018
Sweden,SWE,Environment,30.000,2019
Sweden,SWE,Environment,10.000,2020
Sweden,SWE,Environment,10.000,2021
Sweden,SWE,Environment,10.000,2022
Sweden,SWE,Environment,0.000,2023
Sweden,SWE,Health,8.586,1960
Sweden,SWE,Health,8.586,1961
Sweden,SWE,Health,8.586,1962
Sweden,SWE,Health,8.586,1963
Sweden,SWE,Health,8.586,1964
Sweden,SWE,Health,8.586,1965
Sweden,SWE,Health,8.586,1966
Sweden,SWE,Health,8.586,1967
Sweden,SWE,Health,8.586,1968
Sweden,SWE,Health,8.586,1969
Sweden,SWE,Health,8.586,1970
Sweden,SWE,Health,8.586,1971
Sweden,SWE,Health,8.586,1972
Sweden,SWE,Health,8.586,1973
Sweden,SWE,Health,8.586,1974
Sweden,SWE,Health,11.111,1975
Sweden,SWE,Health,11.111,1976
Sweden,SWE,Health,11.111,1977
Sweden,SWE,Health,11.111,1978
Sweden,SWE,Health,11.111,1979
Sweden,SWE,Health,12.121,1980
Sweden,SWE,Health,12.121,1981
Sweden,SWE,Health,12.121,1982
Sweden,SWE,Health,12.121,1983
Sweden,SWE,Health,12.121,1984
Sweden,SWE,Health,12.626,1985
Sweden,SWE,Health,12.626,1986
Sweden,SWE,Health,13.131,1987
Sweden,SWE,Health,12.121,1988
Sweden,SWE,Health,12.121,1989
Sweden,SWE,Health,12.626,1990
Sweden,SWE,Health,12.626,1991
Sweden,SWE,Health,12.626,1992
Sweden,SWE,Health,12.626,1993
Sweden,SWE,Health,12.626,1994
Sweden,SWE,Health,12.626,1995
Sweden,SWE,Health,12.626,1996
Sweden,SWE,Health,12.626,1997
Sweden,SWE,Health,12.626,1998
Sweden,SWE,Health,12.626,1999
Sweden,SWE,Health,50.505,2000
Sweden,SWE,Health,26.263,2001
Sweden,SWE,Health,26.263,2002
Sweden,SWE,Health,26.263,2003
Sweden,SWE,Health,26.768,2004
Sweden,SWE,Health,27.778,2005
Sweden,SWE,Health,26.768,2006
Sweden,SWE,Health,26.263,2007
Sweden,SWE,Health,26.768,2008
Sweden,SWE,Health,26.768,2009
Sweden,SWE,Health,53.535,2010
Sweden,SWE,Health,26.768,2011
Sweden,SWE,Health,26.768,2012
Sweden,SWE,Health,27.273,2013
Sweden,SWE,Health,28.283,2014
Sweden,SWE,Health,51.010,2015
Sweden,SWE,Health,26.768,2016
Sweden,SWE,Health,28.788,2017
Sweden,SWE,Health,28.283,2018
Sweden,SWE,Health,51.010,2019
Sweden,SWE,Health,20.707,2020
Sweden,SWE,Health,14.141,2021
Sweden,SWE,Health,11.616,2022
Sweden,SWE,Health,1.010,2023
Sweden,SWE,Leadership,0.000,1960
Sweden,SWE,Leadership,0.000,1961
Sweden,SWE,Leadership,0.000,1962
Sweden,SWE,Leadership,0.000,1963
Sweden,SWE,Leadership,0.000,1964
Sweden,SWE,Leadership,0.000,1965
Sweden,SWE,Leadership,0.000,1966
Sweden,SWE,Leadership,0.000,1967
Sweden,SWE,Leadership,0.000,1968
Sweden,SWE,Leadership,0.000,1969
Sweden,SWE,Leadership,0.000,1970
Sweden,SWE,Leadership,0.000,1971
Sweden,SWE,Leadership,0.000,1972
Sweden,SWE,Leadership,0.000,1973
Sweden,SWE,Leadership,0.000,1974
Sweden,SWE,Leadership,0.000,1975
Sweden,SWE,Leadership,0.000,1976
Sweden,SWE,Leadership,0.000,1977
Sweden,SWE,Leadership,0.000,1978
Sweden,SWE,Leadership,0.000,1979
Sweden,SWE,Leadership,0.000,1980
Sweden,SWE,Leadership,0.000,1981
Sweden,SWE,Leadership,0.000,1982
Sweden,SWE,Leadership,0.000,1983
Sweden,SWE,Leadership,0.000,1984
Sweden,SWE,Leadership,0.000,1985
Sweden,SWE,Leadership,0.000,1986
Sweden,SWE,Leadership,0.000,1987
Sweden,SWE,Leadership,0.000,1988
Sweden,SWE,Leadership,0.000,1989
Sweden,SWE,Leadership,0.000,1990
Sweden,SWE,Leadership,0.000,1991
Sweden,SWE,Leadership,0.000,1992
Sweden,SWE,Leadership,0.000,1993
Sweden,SWE,Leadership,0.000,1994
Sweden,SWE,Leadership,0.000,1995
Sweden,SWE,Leadership,0.000,1996
Sweden,SWE,Leadership,25.000,1997
Sweden,SWE,Leadership,25.000,1998
Sweden,SWE,Leadership,25.000,1999
Sweden,SWE,Leadership,50.000,2000
Sweden,SWE,Leadership,50.000,2001
Sweden,SWE,Leadership,50.000,2002
Sweden,SWE,Leadership,50.000,2003
Sweden,SWE,Leadership,50.000,2004
Sweden,SWE,Leadership,75.000,2005
Sweden,SWE,Leadership,50.000,2006
Sweden,SWE,Leadership,50.000,2007
Sweden,SWE,Leadership,75.000,2008
Sweden,SWE,Leadership,50.000,2009
Sweden,SWE,Leadership,75.000,2010
Sweden,SWE,Leadership,50.000,2011
Sweden,SWE,Leadership,75.000,2012
Sweden,SWE,Leadership,50.000,2013
Sweden,SWE,Leadership,100.000,2014
Sweden,SWE,Leadership,75.000,2015
Sweden,SWE,Leadership,75.000,2016
Sweden,SWE,Leadership,50.000,2017
Sweden,SWE,Leadership,75.000,2018
Sweden,SWE,Leadership,75.000,2019
Sweden,SWE,Leadership,100.000,2020
Sweden,SWE,Leadership,50.000,2021
Sweden,SWE,Leadership,75.000,2022
Sweden,SWE,Leadership,25.000,2023
Sweden,SWE,Norms and Decision-making,0.000,1960
Sweden,SWE,Norms and Decision-making,0.000,1961
Sweden,SWE,Norms and Decision-making,0.000,1962
Sweden,SWE,Norms and Decision-making,0.000,1963
Sweden,SWE,Norms and Decision-making,0.000,1964
Sweden,SWE,Norms and Decision-making,0.000,1965
Sweden,SWE,Norms and Decision-making,0.000,1966
Sweden,SWE,Norms and Decision-making,0.000,1967
Sweden,SWE,Norms and Decision-making,0.000,1968
Sweden,SWE,Norms and Decision-making,0.000,1969
Sweden,SWE,Norms and Decision-making,14.074,1970
Sweden,SWE,Norms and Decision-making,14.074,1971
Sweden,SWE,Norms and Decision-making,14.074,1972
Sweden,SWE,Norms and Decision-making,14.074,1973
Sweden,SWE,Norms and Decision-making,14.074,1974
Sweden,SWE,Norms and Decision-making,14.074,1975
Sweden,SWE,Norms and Decision-making,14.074,1976
Sweden,SWE,Norms and Decision-making,14.074,1977
Sweden,SWE,Norms and Decision-making,14.074,1978
Sweden,SWE,Norms and Decision-making,14.074,1979
Sweden,SWE,Norms and Decision-making,14.074,1980
Sweden,SWE,Norms and Decision-making,14.074,1981
Sweden,SWE,Norms and Decision-making,14.074,1982
Sweden,SWE,Norms and Decision-making,14.074,1983
Sweden,SWE,Norms and Decision-making,14.074,1984
Sweden,SWE,Norms and Decision-making,14.074,1985
Sweden,SWE,Norms and Decision-making,14.074,1986
Sweden,SWE,Norms and Decision-making,14.074,1987
Sweden,SWE,Norms and Decision-making,14.074,1988
Sweden,SWE,Norms and Decision-making,14.074,1989
Sweden,SWE,Norms and Decision-making,12.593,1990
Sweden,SWE,Norms and Decision-making,14.074,1991
Sweden,SWE,Norms and Decision-making,14.074,1992
Sweden,SWE,Norms and Decision-making,12.593,1993
Sweden,SWE,Norms and Decision-making,14.074,1994
Sweden,SWE,Norms and Decision-making,14.074,1995
Sweden,SWE,Norms and Decision-making,14.074,1996
Sweden,SWE,Norms and Decision-making,14.074,1997
Sweden,SWE,Norms and Decision-making,14.074,1998
Sweden,SWE,Norms and Decision-making,12.593,1999
Sweden,SWE,Norms and Decision-making,12.593,2000
Sweden,SWE,Norms and Decision-making,14.074,2001
Sweden,SWE,Norms and Decision-making,14.074,2002
Sweden,SWE,Norms and Decision-making,12.593,2003
Sweden,SWE,Norms and Decision-making,14.074,2004
Sweden,SWE,Norms and Decision-making,14.074,2005
Sweden,SWE,Norms and Decision-making,14.074,2006
Sweden,SWE,Norms and Decision-making,14.074,2007
Sweden,SWE,Norms and Decision-making,14.074,2008
Sweden,SWE,Norms and Decision-making,14.074,2009
Sweden,SWE,Norms and Decision-making,14.074,2010
Sweden,SWE,Norms and Decision-making,14.074,2011
Sweden,SWE,Norms and Decision-making,14.074,2012
Sweden,SWE,Norms and Decision-making,12.593,2013
Sweden,SWE,Norms and Decision-making,14.074,2014
Sweden,SWE,Norms and Decision-making,14.074,2015
Sweden,SWE,Norms and Decision-making,14.074,2016
Sweden,SWE,Norms and Decision-making,14.074,2017
Sweden,SWE,Norms and Decision-making,14.074,2018
Sweden,SWE,Norms and Decision-making,12.593,2019
Sweden,SWE,Norms and Decision-making,12.593,2020
Sweden,SWE,Norms and Decision-making,12.593,2021
Sweden,SWE,Norms and Decision-making,12.593,2022
Sweden,SWE,Norms and Decision-making,12.593,2023
Sweden,SWE,Population,86.905,1960
Sweden,SWE,Population,86.905,1961
Sweden,SWE,Population,86.905,1962
Sweden,SWE,Population,86.905,1963
Sweden,SWE,Population,86.905,1964
Sweden,SWE,Population,86.905,1965
Sweden,SWE,Population,86.905,1966
Sweden,SWE,Population,86.905,1967
Sweden,SWE,Population,86.905,1968
Sweden,SWE,Population,86.905,1969
Sweden,SWE,Population,89.286,1970
Sweden,SWE,Population,89.286,1971
Sweden,SWE,Population,89.286,1972
Sweden,SWE,Population,89.286,1973
Sweden,SWE,Population,89.286,1974
Sweden,SWE,Population,89.286,1975
Sweden,SWE,Population,89.286,1976
Sweden,SWE,Population,89.286,1977
Sweden,SWE,Population,89.286,1978
Sweden,SWE,Population,89.286,1979
Sweden,SWE,Population,94.048,1980
Sweden,SWE,Population,89.286,1981
Sweden,SWE,Population,89.286,1982
Sweden,SWE,Population,89.286,1983
Sweden,SWE,Population,89.286,1984
Sweden,SWE,Population,94.048,1985
Sweden,SWE,Population,89.286,1986
Sweden,SWE,Population,89.286,1987
Sweden,SWE,Population,89.286,1988
Sweden,SWE,Population,89.286,1989
Sweden,SWE,Population,92.857,1990
Sweden,SWE,Population,89.286,1991
Sweden,SWE,Population,89.286,1992
Sweden,SWE,Population,86.905,1993
Sweden,SWE,Population,89.286,1994
Sweden,SWE,Population,95.238,1995
Sweden,SWE,Population,89.286,1996
Sweden,SWE,Population,89.286,1997
Sweden,SWE,Population,89.286,1998
Sweden,SWE,Population,86.905,1999
Sweden,SWE,Population,92.857,2000
Sweden,SWE,Population,89.286,2001
Sweden,SWE,Population,89.286,2002
Sweden,SWE,Population,86.905,2003
Sweden,SWE,Population,89.286,2004
Sweden,SWE,Population,95.238,2005
Sweden,SWE,Population,89.286,2006
Sweden,SWE,Population,89.286,2007
Sweden,SWE,Population,89.286,2008
Sweden,SWE,Population,89.286,2009
Sweden,SWE,Population,95.238,2010
Sweden,SWE,Population,90.476,2011
Sweden,SWE,Population,89.286,2012
Sweden,SWE,Population,86.905,2013
Sweden,SWE,Population,90.476,2014
Sweden,SWE,Population,95.238,2015
Sweden,SWE,Population,89.286,2016
Sweden,SWE,Population,90.476,2017
Sweden,SWE,Population,89.286,2018
Sweden,SWE,Population,89.286,2019
Sweden,SWE,Population,88.095,2020
Sweden,SWE,Population,86.905,2021
Sweden,SWE,Population,88.095,2022
Sweden,SWE,Population,77.381,2023
Sweden,SWE,SDGs,2.685,1960
Sweden,SWE,SDGs,2.685,1961
Sweden,SWE,SDGs,2.685,1962
Sweden,SWE,SDGs,2.685,1963
Sweden,SWE,SDGs,2.685,1964
Sweden,SWE,SDGs,2.685,1965
Sweden,SWE,SDGs,2.685,1966
Sweden,SWE,SDGs,2.685,1967
Sweden,SWE,SDGs,2.685,1968
Sweden,SWE,SDGs,4.698,1969
Sweden,SWE,SDGs,13.423,1970
Sweden,SWE,SDGs,13.423,1971
Sweden,SWE,SDGs,13.423,1972
Sweden,SWE,SDGs,13.423,1973
Sweden,SWE,SDGs,13.423,1974
Sweden,SWE,SDGs,15.436,1975
Sweden,SWE,SDGs,15.436,1976
Sweden,SWE,SDGs,11.409,1977
Sweden,SWE,SDGs,11.409,1978
Sweden,SWE,SDGs,11.409,1979
Sweden,SWE,SDGs,12.081,1980
Sweden,SWE,SDGs,12.081,1981
Sweden,SWE,SDGs,16.107,1982
Sweden,SWE,SDGs,16.107,1983
Sweden,SWE,SDGs,16.107,1984
Sweden,SWE,SDGs,16.779,1985
Sweden,SWE,SDGs,16.779,1986
Sweden,SWE,SDGs,17.450,1987
Sweden,SWE,SDGs,12.081,1988
Sweden,SWE,SDGs,16.107,1989
Sweden,SWE,SDGs,16.107,1990
Sweden,SWE,SDGs,20.134,1991
Sweden,SWE,SDGs,20.134,1992
Sweden,SWE,SDGs,20.134,1993
Sweden,SWE,SDGs,20.134,1994
Sweden,SWE,SDGs,20.134,1995
Sweden,SWE,SDGs,20.134,1996
Sweden,SWE,SDGs,20.805,1997
Sweden,SWE,SDGs,20.805,1998
Sweden,SWE,SDGs,20.805,1999
Sweden,SWE,SDGs,65.772,2000
Sweden,SWE,SDGs,36.913,2001
Sweden,SWE,SDGs,33.557,2002
Sweden,SWE,SDGs,33.557,2003
Sweden,SWE,SDGs,33.557,2004
Sweden,SWE,SDGs,35.570,2005
Sweden,SWE,SDGs,36.242,2006
Sweden,SWE,SDGs,33.557,2007
Sweden,SWE,SDGs,34.228,2008
Sweden,SWE,SDGs,34.228,2009
Sweden,SWE,SDGs,65.772,2010
Sweden,SWE,SDGs,39.597,2011
Sweden,SWE,SDGs,34.899,2012
Sweden,SWE,SDGs,34.228,2013
Sweden,SWE,SDGs,36.242,2014
Sweden,SWE,SDGs,66.443,2015
Sweden,SWE,SDGs,36.242,2016
Sweden,SWE,SDGs,35.570,2017
Sweden,SWE,SDGs,36.913,2018
Sweden,SWE,SDGs,69.799,2019
Sweden,SWE,SDGs,27.517,2020
Sweden,SWE,SDGs,24.832,2021
Sweden,SWE,SDGs,22.819,2022
Sweden,SWE,SDGs,18.121,2023
Sweden,SWE,Technology,0.000,1960
Sweden,SWE,Technology,0.000,1961
Sweden,SWE,Technology,0.000,1962
Sweden,SWE,Technology,0.000,1963
Sweden,SWE,Technology,0.000,1964
Sweden,SWE,Technology,0.000,1965
Sweden,SWE,Technology,0.000,1966
Sweden,SWE,Technology,0.000,1967
Sweden,SWE,Technology,0.000,1968
Sweden,SWE,Technology,0.000,1969
Sweden,SWE,Technology,0.000,1970
Sweden,SWE,Technology,0.000,1971
Sweden,SWE,Technology,0.000,1972
Sweden,SWE,Technology,0.000,1973
Sweden,SWE,Technology,0.000,1974
Sweden,SWE,Technology,0.000,1975
Sweden,SWE,Technology,0.000,1976
Sweden,SWE,Technology,0.000,1977
Sweden,SWE,Technology,0.000,1978
Sweden,SWE,Technology,0.000,1979
Sweden,SWE,Technology,0.000,1980
Sweden,SWE,Technology,0.000,1981
Sweden,SWE,Technology,0.000,1982
Sweden,SWE,Technology,0.000,1983
Sweden,SWE,Technology,0.000,1984
Sweden,SWE,Technology,0.000,1985
Sweden,SWE,Technology,0.000,1986
Sweden,SWE,Technology,0.000,1987
Sweden,SWE,Technology,0.000,1988
Sweden,SWE,Technology,0.000,1989
Sweden,SWE,Technology,2.222,1990
Sweden,SWE,Technology,2.222,1991
Sweden,SWE,Technology,2.222,1992
Sweden,SWE,Technology,2.222,1993
Sweden,SWE,Technology,2.222,1994
Sweden,SWE,Technology,2.222,1995
Sweden,SWE,Technology,2.222,1996
Sweden,SWE,Technology,2.222,1997
Sweden,SWE,Technology,2.222,1998
Sweden,SWE,Technology,8.889,1999
Sweden,SWE,Technology,8.889,2000
Sweden,SWE,Technology,8.889,2001
Sweden,SWE,Technology,13.333,2002
Sweden,SWE,Technology,13.333,2003
Sweden,SWE,Technology,13.333,2004
Sweden,SWE,Technology,13.333,2005
Sweden,SWE,Technology,13.333,2006
Sweden,SWE,Technology,13.333,2007
Sweden,SWE,Technology,13.333,2008
Sweden,SWE,Technology,13.333,2009
Sweden,SWE,Technology,13.333,2010
Sweden,SWE,Technology,20.000,2011
Sweden,SWE,Technology,13.333,2012
Sweden,SWE,Technology,13.333,2013
Sweden,SWE,Technology,33.333,2014
Sweden,SWE,Technology,13.333,2015
Sweden,SWE,Technology,13.333,2016
Sweden,SWE,Technology,60.000,2017
Sweden,SWE,Technology,6.667,2018
Sweden,SWE,Technology,6.667,2019
Sweden,SWE,Technology,6.667,2020
Sweden,SWE,Technology,73.333,2021
Sweden,SWE,Technology,6.667,2022
Sweden,SWE,Technology,6.667,2023
Sweden,SWE,Violence,0.000,1960
Sweden,SWE,Violence,0.000,1961
Sweden,SWE,Violence,0.000,1962
Sweden,SWE,Violence,0.000,1963
Sweden,SWE,Violence,0.000,1964
Sweden,SWE,Violence,0.000,1965
Sweden,SWE,Violence,0.000,1966
Sweden,SWE,Violence,0.000,1967
Sweden,SWE,Violence,0.000,1968
Sweden,SWE,Violence,0.000,1969
Sweden,SWE,Violence,2.143,1970
Sweden,SWE,Violence,2.143,1971
Sweden,SWE,Violence,2.143,1972
Sweden,SWE,Violence,2.143,1973
Sweden,SWE,Violence,2.143,1974
Sweden,SWE,Violence,2.143,1975
Sweden,SWE,Violence,2.143,1976
Sweden,SWE,Violence,2.143,1977
Sweden,SWE,Violence,2.143,1978
Sweden,SWE,Violence,2.143,1979
Sweden,SWE,Violence,2.143,1980
Sweden,SWE,Violence,2.143,1981
Sweden,SWE,Violence,2.143,1982
Sweden,SWE,Violence,2.143,1983
Sweden,SWE,Violence,2.143,1984
Sweden,SWE,Violence,2.143,1985
Sweden,SWE,Violence,2.143,1986
Sweden,SWE,Violence,2.143,1987
Sweden,SWE,Violence,2.143,1988
Sweden,SWE,Violence,2.143,1989
Sweden,SWE,Violence,2.857,1990
Sweden,SWE,Violence,2.857,1991
Sweden,SWE,Violence,2.857,1992
Sweden,SWE,Violence,2.857,1993
Sweden,SWE,Violence,2.857,1994
Sweden,SWE,Violence,2.857,1995
Sweden,SWE,Violence,2.857,1996
Sweden,SWE,Violence,2.857,1997
Sweden,SWE,Violence,2.857,1998
Sweden,SWE,Violence,4.286,1999
Sweden,SWE,Violence,6.429,2000
Sweden,SWE,Violence,6.429,2001
Sweden,SWE,Violence,6.429,2002
Sweden,SWE,Violence,6.429,2003
Sweden,SWE,Violence,6.429,2004
Sweden,SWE,Violence,6.429,2005
Sweden,SWE,Violence,6.429,2006
Sweden,SWE,Violence,6.429,2007
Sweden,SWE,Violence,6.429,2008
Sweden,SWE,Violence,6.429,2009
Sweden,SWE,Violence,6.429,2010
Sweden,SWE,Violence,6.429,2011
Sweden,SWE,Violence,7.143,2012
Sweden,SWE,Violence,6.429,2013
Sweden,SWE,Violence,6.429,2014
Sweden,SWE,Violence,6.429,2015
Sweden,SWE,Violence,6.429,2016
Sweden,SWE,Violence,6.429,2017
Sweden,SWE,Violence,9.286,2018
Sweden,SWE,Violence,6.429,2019
Sweden,SWE,Violence,4.286,2020
Sweden,SWE,Violence,4.286,2021
Sweden,SWE,Violence,2.143,2022
Sweden,SWE,Violence,2.143,2023
Sweden,SWE,Youth 15-24,4.587,1960
Sweden,SWE,Youth 15-24,4.587,1961
Sweden,SWE,Youth 15-24,4.587,1962
Sweden,SWE,Youth 15-24,4.587,1963
Sweden,SWE,Youth 15-24,4.587,1964
Sweden,SWE,Youth 15-24,7.339,1965
Sweden,SWE,Youth 15-24,4.587,1966
Sweden,SWE,Youth 15-24,4.587,1967
Sweden,SWE,Youth 15-24,4.587,1968
Sweden,SWE,Youth 15-24,4.587,1969
Sweden,SWE,Youth 15-24,10.092,1970
Sweden,SWE,Youth 15-24,18.349,1971
Sweden,SWE,Youth 15-24,13.761,1972
Sweden,SWE,Youth 15-24,13.761,1973
Sweden,SWE,Youth 15-24,19.266,1974
Sweden,SWE,Youth 15-24,20.183,1975
Sweden,SWE,Youth 15-24,24.771,1976
Sweden,SWE,Youth 15-24,18.349,1977
Sweden,SWE,Youth 15-24,18.349,1978
Sweden,SWE,Youth 15-24,23.853,1979
Sweden,SWE,Youth 15-24,18.349,1980
Sweden,SWE,Youth 15-24,15.596,1981
Sweden,SWE,Youth 15-24,22.018,1982
Sweden,SWE,Youth 15-24,22.018,1983
Sweden,SWE,Youth 15-24,22.018,1984
Sweden,SWE,Youth 15-24,24.771,1985
Sweden,SWE,Youth 15-24,21.101,1986
Sweden,SWE,Youth 15-24,30.275,1987
Sweden,SWE,Youth 15-24,23.853,1988
Sweden,SWE,Youth 15-24,33.028,1989
Sweden,SWE,Youth 15-24,38.532,1990
Sweden,SWE,Youth 15-24,44.954,1991
Sweden,SWE,Youth 15-24,44.954,1992
Sweden,SWE,Youth 15-24,46.789,1993
Sweden,SWE,Youth 15-24,46.789,1994
Sweden,SWE,Youth 15-24,49.541,1995
Sweden,SWE,Youth 15-24,44.037,1996
Sweden,SWE,Youth 15-24,44.037,1997
Sweden,SWE,Youth 15-24,43.119,1998
Sweden,SWE,Youth 15-24,68.807,1999
Sweden,SWE,Youth 15-24,67.890,2000
Sweden,SWE,Youth 15-24,67.890,2001
Sweden,SWE,Youth 15-24,65.138,2002
Sweden,SWE,Youth 15-24,68.807,2003
Sweden,SWE,Youth 15-24,74.312,2004
Sweden,SWE,Youth 15-24,76.147,2005
Sweden,SWE,Youth 15-24,76.147,2006
Sweden,SWE,Youth 15-24,75.229,2007
Sweden,SWE,Youth 15-24,75.229,2008
Sweden,SWE,Youth 15-24,77.064,2009
Sweden,SWE,Youth 15-24,78.899,2010
Sweden,SWE,Youth 15-24,79.817,2011
Sweden,SWE,Youth 15-24,79.817,2012
Sweden,SWE,Youth 15-24,76.147,2013
Sweden,SWE,Youth 15-24,65.138,2014
Sweden,SWE,Youth 15-24,79.817,2015
Sweden,SWE,Youth 15-24,76.147,2016
Sweden,SWE,Youth 15-24,72.477,2017
Sweden,SWE,Youth 15-24,50.459,2018
Sweden,SWE,Youth 15-24,48.624,2019
Sweden,SWE,Youth 15-24,48.624,2020
Sweden,SWE,Youth 15-24,46.789,2021
Sweden,SWE,Youth 15-24,46.789,2022
Sweden,SWE,Youth 15-24,24.771,2023
