Country Name,Country Code,Topic,% of available indicators,Year
Iceland,ISL,Assets,0.000,1960
Iceland,ISL,Assets,0.000,1961
Iceland,ISL,Assets,0.000,1962
Iceland,ISL,Assets,0.000,1963
Iceland,ISL,Assets,0.000,1964
Iceland,ISL,Assets,0.000,1965
Iceland,ISL,Assets,0.000,1966
Iceland,ISL,Assets,0.000,1967
Iceland,ISL,Assets,0.000,1968
Iceland,ISL,Assets,0.000,1969
Iceland,ISL,Assets,2.208,1970
Iceland,ISL,Assets,2.208,1971
Iceland,ISL,Assets,2.208,1972
Iceland,ISL,Assets,2.208,1973
Iceland,ISL,Assets,2.208,1974
Iceland,ISL,Assets,2.208,1975
Iceland,ISL,Assets,2.208,1976
Iceland,ISL,Assets,2.208,1977
Iceland,ISL,Assets,2.208,1978
Iceland,ISL,Assets,2.208,1979
Iceland,ISL,Assets,2.208,1980
Iceland,ISL,Assets,2.208,1981
Iceland,ISL,Assets,2.208,1982
Iceland,ISL,Assets,2.208,1983
Iceland,ISL,Assets,2.208,1984
Iceland,ISL,Assets,2.208,1985
Iceland,ISL,Assets,2.208,1986
Iceland,ISL,Assets,2.208,1987
Iceland,ISL,Assets,2.208,1988
Iceland,ISL,Assets,2.208,1989
Iceland,ISL,Assets,2.208,1990
Iceland,ISL,Assets,2.208,1991
Iceland,ISL,Assets,2.208,1992
Iceland,ISL,Assets,2.208,1993
Iceland,ISL,Assets,2.208,1994
Iceland,ISL,Assets,2.208,1995
Iceland,ISL,Assets,2.208,1996
Iceland,ISL,Assets,2.208,1997
Iceland,ISL,Assets,2.208,1998
Iceland,ISL,Assets,2.208,1999
Iceland,ISL,Assets,2.208,2000
Iceland,ISL,Assets,2.208,2001
Iceland,ISL,Assets,2.208,2002
Iceland,ISL,Assets,2.208,2003
Iceland,ISL,Assets,2.208,2004
Iceland,ISL,Assets,2.208,2005
Iceland,ISL,Assets,2.208,2006
Iceland,ISL,Assets,2.208,2007
Iceland,ISL,Assets,2.208,2008
Iceland,ISL,Assets,2.208,2009
Iceland,ISL,Assets,2.208,2010
Iceland,ISL,Assets,2.208,2011
Iceland,ISL,Assets,2.208,2012
Iceland,ISL,Assets,2.208,2013
Iceland,ISL,Assets,2.208,2014
Iceland,ISL,Assets,2.208,2015
Iceland,ISL,Assets,2.208,2016
Iceland,ISL,Assets,2.208,2017
Iceland,ISL,Assets,2.208,2018
Iceland,ISL,Assets,2.208,2019
Iceland,ISL,Assets,2.208,2020
Iceland,ISL,Assets,51.735,2021
Iceland,ISL,Assets,2.208,2022
Iceland,ISL,Assets,2.208,2023
Iceland,ISL,Children 0-14,19.231,1960
Iceland,ISL,Children 0-14,19.231,1961
Iceland,ISL,Children 0-14,19.231,1962
Iceland,ISL,Children 0-14,19.231,1963
Iceland,ISL,Children 0-14,19.231,1964
Iceland,ISL,Children 0-14,19.231,1965
Iceland,ISL,Children 0-14,19.231,1966
Iceland,ISL,Children 0-14,19.231,1967
Iceland,ISL,Children 0-14,19.231,1968
Iceland,ISL,Children 0-14,19.231,1969
Iceland,ISL,Children 0-14,19.231,1970
Iceland,ISL,Children 0-14,23.077,1971
Iceland,ISL,Children 0-14,23.846,1972
Iceland,ISL,Children 0-14,23.846,1973
Iceland,ISL,Children 0-14,23.846,1974
Iceland,ISL,Children 0-14,23.846,1975
Iceland,ISL,Children 0-14,23.846,1976
Iceland,ISL,Children 0-14,26.923,1977
Iceland,ISL,Children 0-14,20.769,1978
Iceland,ISL,Children 0-14,20.769,1979
Iceland,ISL,Children 0-14,21.538,1980
Iceland,ISL,Children 0-14,21.538,1981
Iceland,ISL,Children 0-14,21.538,1982
Iceland,ISL,Children 0-14,26.923,1983
Iceland,ISL,Children 0-14,26.923,1984
Iceland,ISL,Children 0-14,22.308,1985
Iceland,ISL,Children 0-14,26.923,1986
Iceland,ISL,Children 0-14,26.923,1987
Iceland,ISL,Children 0-14,26.923,1988
Iceland,ISL,Children 0-14,26.923,1989
Iceland,ISL,Children 0-14,22.308,1990
Iceland,ISL,Children 0-14,21.538,1991
Iceland,ISL,Children 0-14,21.538,1992
Iceland,ISL,Children 0-14,24.615,1993
Iceland,ISL,Children 0-14,32.308,1994
Iceland,ISL,Children 0-14,24.615,1995
Iceland,ISL,Children 0-14,32.308,1996
Iceland,ISL,Children 0-14,33.846,1997
Iceland,ISL,Children 0-14,43.846,1998
Iceland,ISL,Children 0-14,40.769,1999
Iceland,ISL,Children 0-14,54.615,2000
Iceland,ISL,Children 0-14,45.385,2001
Iceland,ISL,Children 0-14,40.769,2002
Iceland,ISL,Children 0-14,43.846,2003
Iceland,ISL,Children 0-14,43.846,2004
Iceland,ISL,Children 0-14,46.154,2005
Iceland,ISL,Children 0-14,46.154,2006
Iceland,ISL,Children 0-14,41.538,2007
Iceland,ISL,Children 0-14,41.538,2008
Iceland,ISL,Children 0-14,40.769,2009
Iceland,ISL,Children 0-14,63.077,2010
Iceland,ISL,Children 0-14,46.154,2011
Iceland,ISL,Children 0-14,46.154,2012
Iceland,ISL,Children 0-14,48.462,2013
Iceland,ISL,Children 0-14,49.231,2014
Iceland,ISL,Children 0-14,60.000,2015
Iceland,ISL,Children 0-14,46.154,2016
Iceland,ISL,Children 0-14,46.154,2017
Iceland,ISL,Children 0-14,42.308,2018
Iceland,ISL,Children 0-14,52.308,2019
Iceland,ISL,Children 0-14,42.308,2020
Iceland,ISL,Children 0-14,36.923,2021
Iceland,ISL,Children 0-14,33.846,2022
Iceland,ISL,Children 0-14,9.231,2023
Iceland,ISL,Education,0.000,1960
Iceland,ISL,Education,0.000,1961
Iceland,ISL,Education,0.000,1962
Iceland,ISL,Education,0.000,1963
Iceland,ISL,Education,0.000,1964
Iceland,ISL,Education,0.000,1965
Iceland,ISL,Education,0.000,1966
Iceland,ISL,Education,0.000,1967
Iceland,ISL,Education,0.000,1968
Iceland,ISL,Education,0.000,1969
Iceland,ISL,Education,0.000,1970
Iceland,ISL,Education,15.951,1971
Iceland,ISL,Education,10.429,1972
Iceland,ISL,Education,8.589,1973
Iceland,ISL,Education,8.589,1974
Iceland,ISL,Education,16.564,1975
Iceland,ISL,Education,16.564,1976
Iceland,ISL,Education,17.791,1977
Iceland,ISL,Education,4.908,1978
Iceland,ISL,Education,1.840,1979
Iceland,ISL,Education,6.748,1980
Iceland,ISL,Education,8.589,1981
Iceland,ISL,Education,3.067,1982
Iceland,ISL,Education,15.951,1983
Iceland,ISL,Education,12.883,1984
Iceland,ISL,Education,3.067,1985
Iceland,ISL,Education,15.951,1986
Iceland,ISL,Education,6.748,1987
Iceland,ISL,Education,12.883,1988
Iceland,ISL,Education,15.951,1989
Iceland,ISL,Education,5.521,1990
Iceland,ISL,Education,9.816,1991
Iceland,ISL,Education,9.816,1992
Iceland,ISL,Education,14.724,1993
Iceland,ISL,Education,20.859,1994
Iceland,ISL,Education,16.564,1995
Iceland,ISL,Education,22.699,1996
Iceland,ISL,Education,16.564,1997
Iceland,ISL,Education,42.331,1998
Iceland,ISL,Education,49.693,1999
Iceland,ISL,Education,49.693,2000
Iceland,ISL,Education,53.374,2001
Iceland,ISL,Education,50.307,2002
Iceland,ISL,Education,52.761,2003
Iceland,ISL,Education,52.761,2004
Iceland,ISL,Education,60.123,2005
Iceland,ISL,Education,54.601,2006
Iceland,ISL,Education,50.920,2007
Iceland,ISL,Education,50.920,2008
Iceland,ISL,Education,50.307,2009
Iceland,ISL,Education,78.528,2010
Iceland,ISL,Education,57.055,2011
Iceland,ISL,Education,64.417,2012
Iceland,ISL,Education,56.442,2013
Iceland,ISL,Education,56.442,2014
Iceland,ISL,Education,56.442,2015
Iceland,ISL,Education,53.988,2016
Iceland,ISL,Education,61.350,2017
Iceland,ISL,Education,52.761,2018
Iceland,ISL,Education,39.264,2019
Iceland,ISL,Education,49.080,2020
Iceland,ISL,Education,35.583,2021
Iceland,ISL,Education,33.129,2022
Iceland,ISL,Education,1.840,2023
Iceland,ISL,Employment and Time Use,5.109,1960
Iceland,ISL,Employment and Time Use,0.000,1961
Iceland,ISL,Employment and Time Use,0.000,1962
Iceland,ISL,Employment and Time Use,0.000,1963
Iceland,ISL,Employment and Time Use,0.000,1964
Iceland,ISL,Employment and Time Use,0.000,1965
Iceland,ISL,Employment and Time Use,0.000,1966
Iceland,ISL,Employment and Time Use,0.000,1967
Iceland,ISL,Employment and Time Use,0.000,1968
Iceland,ISL,Employment and Time Use,0.000,1969
Iceland,ISL,Employment and Time Use,21.168,1970
Iceland,ISL,Employment and Time Use,21.168,1971
Iceland,ISL,Employment and Time Use,21.168,1972
Iceland,ISL,Employment and Time Use,21.168,1973
Iceland,ISL,Employment and Time Use,24.088,1974
Iceland,ISL,Employment and Time Use,26.277,1975
Iceland,ISL,Employment and Time Use,26.277,1976
Iceland,ISL,Employment and Time Use,26.277,1977
Iceland,ISL,Employment and Time Use,21.168,1978
Iceland,ISL,Employment and Time Use,26.277,1979
Iceland,ISL,Employment and Time Use,24.088,1980
Iceland,ISL,Employment and Time Use,26.277,1981
Iceland,ISL,Employment and Time Use,26.277,1982
Iceland,ISL,Employment and Time Use,26.277,1983
Iceland,ISL,Employment and Time Use,21.168,1984
Iceland,ISL,Employment and Time Use,24.088,1985
Iceland,ISL,Employment and Time Use,21.898,1986
Iceland,ISL,Employment and Time Use,21.168,1987
Iceland,ISL,Employment and Time Use,21.168,1988
Iceland,ISL,Employment and Time Use,21.168,1989
Iceland,ISL,Employment and Time Use,31.387,1990
Iceland,ISL,Employment and Time Use,70.803,1991
Iceland,ISL,Employment and Time Use,70.803,1992
Iceland,ISL,Employment and Time Use,70.803,1993
Iceland,ISL,Employment and Time Use,70.803,1994
Iceland,ISL,Employment and Time Use,81.752,1995
Iceland,ISL,Employment and Time Use,81.752,1996
Iceland,ISL,Employment and Time Use,81.752,1997
Iceland,ISL,Employment and Time Use,81.752,1998
Iceland,ISL,Employment and Time Use,86.861,1999
Iceland,ISL,Employment and Time Use,88.321,2000
Iceland,ISL,Employment and Time Use,88.321,2001
Iceland,ISL,Employment and Time Use,89.781,2002
Iceland,ISL,Employment and Time Use,88.321,2003
Iceland,ISL,Employment and Time Use,88.321,2004
Iceland,ISL,Employment and Time Use,89.051,2005
Iceland,ISL,Employment and Time Use,90.511,2006
Iceland,ISL,Employment and Time Use,90.511,2007
Iceland,ISL,Employment and Time Use,89.051,2008
Iceland,ISL,Employment and Time Use,89.051,2009
Iceland,ISL,Employment and Time Use,89.051,2010
Iceland,ISL,Employment and Time Use,89.051,2011
Iceland,ISL,Employment and Time Use,89.051,2012
Iceland,ISL,Employment and Time Use,89.051,2013
Iceland,ISL,Employment and Time Use,90.511,2014
Iceland,ISL,Employment and Time Use,90.511,2015
Iceland,ISL,Employment and Time Use,90.511,2016
Iceland,ISL,Employment and Time Use,90.511,2017
Iceland,ISL,Employment and Time Use,90.511,2018
Iceland,ISL,Employment and Time Use,90.511,2019
Iceland,ISL,Employment and Time Use,90.511,2020
Iceland,ISL,Employment and Time Use,90.511,2021
Iceland,ISL,Employment and Time Use,90.511,2022
Iceland,ISL,Employment and Time Use,91.241,2023
Iceland,ISL,Entrepreneurship,0.000,1960
Iceland,ISL,Entrepreneurship,0.000,1961
Iceland,ISL,Entrepreneurship,0.000,1962
Iceland,ISL,Entrepreneurship,0.000,1963
Iceland,ISL,Entrepreneurship,0.000,1964
Iceland,ISL,Entrepreneurship,0.000,1965
Iceland,ISL,Entrepreneurship,0.000,1966
Iceland,ISL,Entrepreneurship,0.000,1967
Iceland,ISL,Entrepreneurship,0.000,1968
Iceland,ISL,Entrepreneurship,0.000,1969
Iceland,ISL,Entrepreneurship,9.375,1970
Iceland,ISL,Entrepreneurship,9.375,1971
Iceland,ISL,Entrepreneurship,9.375,1972
Iceland,ISL,Entrepreneurship,9.375,1973
Iceland,ISL,Entrepreneurship,9.375,1974
Iceland,ISL,Entrepreneurship,9.375,1975
Iceland,ISL,Entrepreneurship,9.375,1976
Iceland,ISL,Entrepreneurship,9.375,1977
Iceland,ISL,Entrepreneurship,9.375,1978
Iceland,ISL,Entrepreneurship,9.375,1979
Iceland,ISL,Entrepreneurship,9.375,1980
Iceland,ISL,Entrepreneurship,9.375,1981
Iceland,ISL,Entrepreneurship,9.375,1982
Iceland,ISL,Entrepreneurship,9.375,1983
Iceland,ISL,Entrepreneurship,9.375,1984
Iceland,ISL,Entrepreneurship,9.375,1985
Iceland,ISL,Entrepreneurship,9.375,1986
Iceland,ISL,Entrepreneurship,9.375,1987
Iceland,ISL,Entrepreneurship,9.375,1988
Iceland,ISL,Entrepreneurship,9.375,1989
Iceland,ISL,Entrepreneurship,9.375,1990
Iceland,ISL,Entrepreneurship,9.375,1991
Iceland,ISL,Entrepreneurship,9.375,1992
Iceland,ISL,Entrepreneurship,9.375,1993
Iceland,ISL,Entrepreneurship,9.375,1994
Iceland,ISL,Entrepreneurship,9.375,1995
Iceland,ISL,Entrepreneurship,9.375,1996
Iceland,ISL,Entrepreneurship,9.375,1997
Iceland,ISL,Entrepreneurship,9.375,1998
Iceland,ISL,Entrepreneurship,9.375,1999
Iceland,ISL,Entrepreneurship,9.375,2000
Iceland,ISL,Entrepreneurship,9.375,2001
Iceland,ISL,Entrepreneurship,9.375,2002
Iceland,ISL,Entrepreneurship,9.375,2003
Iceland,ISL,Entrepreneurship,37.500,2004
Iceland,ISL,Entrepreneurship,37.500,2005
Iceland,ISL,Entrepreneurship,37.500,2006
Iceland,ISL,Entrepreneurship,37.500,2007
Iceland,ISL,Entrepreneurship,37.500,2008
Iceland,ISL,Entrepreneurship,37.500,2009
Iceland,ISL,Entrepreneurship,37.500,2010
Iceland,ISL,Entrepreneurship,37.500,2011
Iceland,ISL,Entrepreneurship,37.500,2012
Iceland,ISL,Entrepreneurship,37.500,2013
Iceland,ISL,Entrepreneurship,62.500,2014
Iceland,ISL,Entrepreneurship,62.500,2015
Iceland,ISL,Entrepreneurship,62.500,2016
Iceland,ISL,Entrepreneurship,62.500,2017
Iceland,ISL,Entrepreneurship,62.500,2018
Iceland,ISL,Entrepreneurship,62.500,2019
Iceland,ISL,Entrepreneurship,34.375,2020
Iceland,ISL,Entrepreneurship,34.375,2021
Iceland,ISL,Entrepreneurship,34.375,2022
Iceland,ISL,Entrepreneurship,9.375,2023
Iceland,ISL,Environment,0.000,1960
Iceland,ISL,Environment,0.000,1961
Iceland,ISL,Environment,0.000,1962
Iceland,ISL,Environment,0.000,1963
Iceland,ISL,Environment,0.000,1964
Iceland,ISL,Environment,0.000,1965
Iceland,ISL,Environment,0.000,1966
Iceland,ISL,Environment,0.000,1967
Iceland,ISL,Environment,0.000,1968
Iceland,ISL,Environment,0.000,1969
Iceland,ISL,Environment,0.000,1970
Iceland,ISL,Environment,0.000,1971
Iceland,ISL,Environment,0.000,1972
Iceland,ISL,Environment,0.000,1973
Iceland,ISL,Environment,0.000,1974
Iceland,ISL,Environment,0.000,1975
Iceland,ISL,Environment,0.000,1976
Iceland,ISL,Environment,0.000,1977
Iceland,ISL,Environment,0.000,1978
Iceland,ISL,Environment,0.000,1979
Iceland,ISL,Environment,0.000,1980
Iceland,ISL,Environment,0.000,1981
Iceland,ISL,Environment,0.000,1982
Iceland,ISL,Environment,0.000,1983
Iceland,ISL,Environment,0.000,1984
Iceland,ISL,Environment,0.000,1985
Iceland,ISL,Environment,0.000,1986
Iceland,ISL,Environment,0.000,1987
Iceland,ISL,Environment,0.000,1988
Iceland,ISL,Environment,0.000,1989
Iceland,ISL,Environment,0.000,1990
Iceland,ISL,Environment,0.000,1991
Iceland,ISL,Environment,0.000,1992
Iceland,ISL,Environment,0.000,1993
Iceland,ISL,Environment,0.000,1994
Iceland,ISL,Environment,0.000,1995
Iceland,ISL,Environment,0.000,1996
Iceland,ISL,Environment,0.000,1997
Iceland,ISL,Environment,0.000,1998
Iceland,ISL,Environment,3.333,1999
Iceland,ISL,Environment,13.333,2000
Iceland,ISL,Environment,13.333,2001
Iceland,ISL,Environment,13.333,2002
Iceland,ISL,Environment,13.333,2003
Iceland,ISL,Environment,13.333,2004
Iceland,ISL,Environment,13.333,2005
Iceland,ISL,Environment,13.333,2006
Iceland,ISL,Environment,13.333,2007
Iceland,ISL,Environment,13.333,2008
Iceland,ISL,Environment,13.333,2009
Iceland,ISL,Environment,13.333,2010
Iceland,ISL,Environment,10.000,2011
Iceland,ISL,Environment,13.333,2012
Iceland,ISL,Environment,10.000,2013
Iceland,ISL,Environment,10.000,2014
Iceland,ISL,Environment,10.000,2015
Iceland,ISL,Environment,10.000,2016
Iceland,ISL,Environment,10.000,2017
Iceland,ISL,Environment,10.000,2018
Iceland,ISL,Environment,30.000,2019
Iceland,ISL,Environment,10.000,2020
Iceland,ISL,Environment,10.000,2021
Iceland,ISL,Environment,10.000,2022
Iceland,ISL,Environment,0.000,2023
Iceland,ISL,Health,8.586,1960
Iceland,ISL,Health,8.586,1961
Iceland,ISL,Health,8.586,1962
Iceland,ISL,Health,8.586,1963
Iceland,ISL,Health,8.586,1964
Iceland,ISL,Health,8.586,1965
Iceland,ISL,Health,8.586,1966
Iceland,ISL,Health,8.586,1967
Iceland,ISL,Health,8.586,1968
Iceland,ISL,Health,8.586,1969
Iceland,ISL,Health,8.586,1970
Iceland,ISL,Health,8.586,1971
Iceland,ISL,Health,8.586,1972
Iceland,ISL,Health,8.586,1973
Iceland,ISL,Health,8.586,1974
Iceland,ISL,Health,11.111,1975
Iceland,ISL,Health,11.111,1976
Iceland,ISL,Health,11.111,1977
Iceland,ISL,Health,11.111,1978
Iceland,ISL,Health,11.111,1979
Iceland,ISL,Health,11.616,1980
Iceland,ISL,Health,11.616,1981
Iceland,ISL,Health,11.616,1982
Iceland,ISL,Health,12.121,1983
Iceland,ISL,Health,12.121,1984
Iceland,ISL,Health,12.121,1985
Iceland,ISL,Health,12.121,1986
Iceland,ISL,Health,12.121,1987
Iceland,ISL,Health,12.121,1988
Iceland,ISL,Health,12.121,1989
Iceland,ISL,Health,17.172,1990
Iceland,ISL,Health,17.172,1991
Iceland,ISL,Health,17.172,1992
Iceland,ISL,Health,17.172,1993
Iceland,ISL,Health,17.172,1994
Iceland,ISL,Health,17.172,1995
Iceland,ISL,Health,17.172,1996
Iceland,ISL,Health,17.172,1997
Iceland,ISL,Health,17.172,1998
Iceland,ISL,Health,17.172,1999
Iceland,ISL,Health,56.061,2000
Iceland,ISL,Health,31.818,2001
Iceland,ISL,Health,31.818,2002
Iceland,ISL,Health,31.818,2003
Iceland,ISL,Health,31.818,2004
Iceland,ISL,Health,33.333,2005
Iceland,ISL,Health,31.818,2006
Iceland,ISL,Health,31.818,2007
Iceland,ISL,Health,31.818,2008
Iceland,ISL,Health,31.818,2009
Iceland,ISL,Health,58.081,2010
Iceland,ISL,Health,32.323,2011
Iceland,ISL,Health,32.323,2012
Iceland,ISL,Health,32.323,2013
Iceland,ISL,Health,32.323,2014
Iceland,ISL,Health,54.545,2015
Iceland,ISL,Health,32.323,2016
Iceland,ISL,Health,32.828,2017
Iceland,ISL,Health,33.838,2018
Iceland,ISL,Health,55.051,2019
Iceland,ISL,Health,26.263,2020
Iceland,ISL,Health,19.192,2021
Iceland,ISL,Health,15.657,2022
Iceland,ISL,Health,1.010,2023
Iceland,ISL,Leadership,0.000,1960
Iceland,ISL,Leadership,0.000,1961
Iceland,ISL,Leadership,0.000,1962
Iceland,ISL,Leadership,0.000,1963
Iceland,ISL,Leadership,0.000,1964
Iceland,ISL,Leadership,0.000,1965
Iceland,ISL,Leadership,0.000,1966
Iceland,ISL,Leadership,0.000,1967
Iceland,ISL,Leadership,0.000,1968
Iceland,ISL,Leadership,0.000,1969
Iceland,ISL,Leadership,0.000,1970
Iceland,ISL,Leadership,0.000,1971
Iceland,ISL,Leadership,0.000,1972
Iceland,ISL,Leadership,0.000,1973
Iceland,ISL,Leadership,0.000,1974
Iceland,ISL,Leadership,0.000,1975
Iceland,ISL,Leadership,0.000,1976
Iceland,ISL,Leadership,0.000,1977
Iceland,ISL,Leadership,0.000,1978
Iceland,ISL,Leadership,0.000,1979
Iceland,ISL,Leadership,0.000,1980
Iceland,ISL,Leadership,0.000,1981
Iceland,ISL,Leadership,0.000,1982
Iceland,ISL,Leadership,0.000,1983
Iceland,ISL,Leadership,0.000,1984
Iceland,ISL,Leadership,0.000,1985
Iceland,ISL,Leadership,0.000,1986
Iceland,ISL,Leadership,0.000,1987
Iceland,ISL,Leadership,0.000,1988
Iceland,ISL,Leadership,0.000,1989
Iceland,ISL,Leadership,0.000,1990
Iceland,ISL,Leadership,0.000,1991
Iceland,ISL,Leadership,0.000,1992
Iceland,ISL,Leadership,0.000,1993
Iceland,ISL,Leadership,0.000,1994
Iceland,ISL,Leadership,0.000,1995
Iceland,ISL,Leadership,0.000,1996
Iceland,ISL,Leadership,25.000,1997
Iceland,ISL,Leadership,25.000,1998
Iceland,ISL,Leadership,25.000,1999
Iceland,ISL,Leadership,50.000,2000
Iceland,ISL,Leadership,50.000,2001
Iceland,ISL,Leadership,50.000,2002
Iceland,ISL,Leadership,50.000,2003
Iceland,ISL,Leadership,50.000,2004
Iceland,ISL,Leadership,75.000,2005
Iceland,ISL,Leadership,50.000,2006
Iceland,ISL,Leadership,50.000,2007
Iceland,ISL,Leadership,75.000,2008
Iceland,ISL,Leadership,50.000,2009
Iceland,ISL,Leadership,75.000,2010
Iceland,ISL,Leadership,50.000,2011
Iceland,ISL,Leadership,75.000,2012
Iceland,ISL,Leadership,50.000,2013
Iceland,ISL,Leadership,75.000,2014
Iceland,ISL,Leadership,75.000,2015
Iceland,ISL,Leadership,75.000,2016
Iceland,ISL,Leadership,50.000,2017
Iceland,ISL,Leadership,75.000,2018
Iceland,ISL,Leadership,75.000,2019
Iceland,ISL,Leadership,75.000,2020
Iceland,ISL,Leadership,50.000,2021
Iceland,ISL,Leadership,75.000,2022
Iceland,ISL,Leadership,25.000,2023
Iceland,ISL,Norms and Decision-making,0.000,1960
Iceland,ISL,Norms and Decision-making,0.000,1961
Iceland,ISL,Norms and Decision-making,0.000,1962
Iceland,ISL,Norms and Decision-making,0.000,1963
Iceland,ISL,Norms and Decision-making,0.000,1964
Iceland,ISL,Norms and Decision-making,0.000,1965
Iceland,ISL,Norms and Decision-making,0.000,1966
Iceland,ISL,Norms and Decision-making,0.000,1967
Iceland,ISL,Norms and Decision-making,0.000,1968
Iceland,ISL,Norms and Decision-making,0.000,1969
Iceland,ISL,Norms and Decision-making,12.593,1970
Iceland,ISL,Norms and Decision-making,12.593,1971
Iceland,ISL,Norms and Decision-making,12.593,1972
Iceland,ISL,Norms and Decision-making,12.593,1973
Iceland,ISL,Norms and Decision-making,14.074,1974
Iceland,ISL,Norms and Decision-making,14.074,1975
Iceland,ISL,Norms and Decision-making,14.074,1976
Iceland,ISL,Norms and Decision-making,14.074,1977
Iceland,ISL,Norms and Decision-making,14.074,1978
Iceland,ISL,Norms and Decision-making,14.074,1979
Iceland,ISL,Norms and Decision-making,14.074,1980
Iceland,ISL,Norms and Decision-making,14.074,1981
Iceland,ISL,Norms and Decision-making,14.074,1982
Iceland,ISL,Norms and Decision-making,14.074,1983
Iceland,ISL,Norms and Decision-making,14.074,1984
Iceland,ISL,Norms and Decision-making,14.074,1985
Iceland,ISL,Norms and Decision-making,14.074,1986
Iceland,ISL,Norms and Decision-making,14.074,1987
Iceland,ISL,Norms and Decision-making,14.074,1988
Iceland,ISL,Norms and Decision-making,14.074,1989
Iceland,ISL,Norms and Decision-making,14.074,1990
Iceland,ISL,Norms and Decision-making,14.074,1991
Iceland,ISL,Norms and Decision-making,14.074,1992
Iceland,ISL,Norms and Decision-making,14.074,1993
Iceland,ISL,Norms and Decision-making,12.593,1994
Iceland,ISL,Norms and Decision-making,14.074,1995
Iceland,ISL,Norms and Decision-making,14.074,1996
Iceland,ISL,Norms and Decision-making,14.074,1997
Iceland,ISL,Norms and Decision-making,14.074,1998
Iceland,ISL,Norms and Decision-making,14.074,1999
Iceland,ISL,Norms and Decision-making,12.593,2000
Iceland,ISL,Norms and Decision-making,12.593,2001
Iceland,ISL,Norms and Decision-making,12.593,2002
Iceland,ISL,Norms and Decision-making,12.593,2003
Iceland,ISL,Norms and Decision-making,12.593,2004
Iceland,ISL,Norms and Decision-making,14.074,2005
Iceland,ISL,Norms and Decision-making,14.074,2006
Iceland,ISL,Norms and Decision-making,14.074,2007
Iceland,ISL,Norms and Decision-making,14.074,2008
Iceland,ISL,Norms and Decision-making,14.074,2009
Iceland,ISL,Norms and Decision-making,14.074,2010
Iceland,ISL,Norms and Decision-making,14.074,2011
Iceland,ISL,Norms and Decision-making,14.074,2012
Iceland,ISL,Norms and Decision-making,14.074,2013
Iceland,ISL,Norms and Decision-making,14.074,2014
Iceland,ISL,Norms and Decision-making,14.074,2015
Iceland,ISL,Norms and Decision-making,14.074,2016
Iceland,ISL,Norms and Decision-making,14.074,2017
Iceland,ISL,Norms and Decision-making,14.074,2018
Iceland,ISL,Norms and Decision-making,12.593,2019
Iceland,ISL,Norms and Decision-making,12.593,2020
Iceland,ISL,Norms and Decision-making,12.593,2021
Iceland,ISL,Norms and Decision-making,12.593,2022
Iceland,ISL,Norms and Decision-making,12.593,2023
Iceland,ISL,Population,86.905,1960
Iceland,ISL,Population,86.905,1961
Iceland,ISL,Population,86.905,1962
Iceland,ISL,Population,86.905,1963
Iceland,ISL,Population,86.905,1964
Iceland,ISL,Population,86.905,1965
Iceland,ISL,Population,86.905,1966
Iceland,ISL,Population,86.905,1967
Iceland,ISL,Population,86.905,1968
Iceland,ISL,Population,86.905,1969
Iceland,ISL,Population,86.905,1970
Iceland,ISL,Population,86.905,1971
Iceland,ISL,Population,86.905,1972
Iceland,ISL,Population,86.905,1973
Iceland,ISL,Population,89.286,1974
Iceland,ISL,Population,89.286,1975
Iceland,ISL,Population,89.286,1976
Iceland,ISL,Population,89.286,1977
Iceland,ISL,Population,89.286,1978
Iceland,ISL,Population,89.286,1979
Iceland,ISL,Population,94.048,1980
Iceland,ISL,Population,89.286,1981
Iceland,ISL,Population,89.286,1982
Iceland,ISL,Population,89.286,1983
Iceland,ISL,Population,89.286,1984
Iceland,ISL,Population,94.048,1985
Iceland,ISL,Population,89.286,1986
Iceland,ISL,Population,89.286,1987
Iceland,ISL,Population,89.286,1988
Iceland,ISL,Population,89.286,1989
Iceland,ISL,Population,95.238,1990
Iceland,ISL,Population,89.286,1991
Iceland,ISL,Population,89.286,1992
Iceland,ISL,Population,89.286,1993
Iceland,ISL,Population,86.905,1994
Iceland,ISL,Population,95.238,1995
Iceland,ISL,Population,89.286,1996
Iceland,ISL,Population,89.286,1997
Iceland,ISL,Population,89.286,1998
Iceland,ISL,Population,89.286,1999
Iceland,ISL,Population,92.857,2000
Iceland,ISL,Population,86.905,2001
Iceland,ISL,Population,86.905,2002
Iceland,ISL,Population,86.905,2003
Iceland,ISL,Population,86.905,2004
Iceland,ISL,Population,95.238,2005
Iceland,ISL,Population,89.286,2006
Iceland,ISL,Population,89.286,2007
Iceland,ISL,Population,89.286,2008
Iceland,ISL,Population,89.286,2009
Iceland,ISL,Population,96.429,2010
Iceland,ISL,Population,89.286,2011
Iceland,ISL,Population,89.286,2012
Iceland,ISL,Population,89.286,2013
Iceland,ISL,Population,90.476,2014
Iceland,ISL,Population,95.238,2015
Iceland,ISL,Population,89.286,2016
Iceland,ISL,Population,90.476,2017
Iceland,ISL,Population,89.286,2018
Iceland,ISL,Population,86.905,2019
Iceland,ISL,Population,90.476,2020
Iceland,ISL,Population,86.905,2021
Iceland,ISL,Population,88.095,2022
Iceland,ISL,Population,77.381,2023
Iceland,ISL,SDGs,2.685,1960
Iceland,ISL,SDGs,2.685,1961
Iceland,ISL,SDGs,2.685,1962
Iceland,ISL,SDGs,2.685,1963
Iceland,ISL,SDGs,2.685,1964
Iceland,ISL,SDGs,2.685,1965
Iceland,ISL,SDGs,2.685,1966
Iceland,ISL,SDGs,2.685,1967
Iceland,ISL,SDGs,2.685,1968
Iceland,ISL,SDGs,2.685,1969
Iceland,ISL,SDGs,11.409,1970
Iceland,ISL,SDGs,11.409,1971
Iceland,ISL,SDGs,11.409,1972
Iceland,ISL,SDGs,11.409,1973
Iceland,ISL,SDGs,11.409,1974
Iceland,ISL,SDGs,11.409,1975
Iceland,ISL,SDGs,11.409,1976
Iceland,ISL,SDGs,11.409,1977
Iceland,ISL,SDGs,11.409,1978
Iceland,ISL,SDGs,11.409,1979
Iceland,ISL,SDGs,12.081,1980
Iceland,ISL,SDGs,12.081,1981
Iceland,ISL,SDGs,12.081,1982
Iceland,ISL,SDGs,12.081,1983
Iceland,ISL,SDGs,12.081,1984
Iceland,ISL,SDGs,12.081,1985
Iceland,ISL,SDGs,12.081,1986
Iceland,ISL,SDGs,12.081,1987
Iceland,ISL,SDGs,12.081,1988
Iceland,ISL,SDGs,12.081,1989
Iceland,ISL,SDGs,16.779,1990
Iceland,ISL,SDGs,24.832,1991
Iceland,ISL,SDGs,24.832,1992
Iceland,ISL,SDGs,24.832,1993
Iceland,ISL,SDGs,24.832,1994
Iceland,ISL,SDGs,24.832,1995
Iceland,ISL,SDGs,24.832,1996
Iceland,ISL,SDGs,25.503,1997
Iceland,ISL,SDGs,25.503,1998
Iceland,ISL,SDGs,25.503,1999
Iceland,ISL,SDGs,70.470,2000
Iceland,ISL,SDGs,40.268,2001
Iceland,ISL,SDGs,38.255,2002
Iceland,ISL,SDGs,38.255,2003
Iceland,ISL,SDGs,38.255,2004
Iceland,ISL,SDGs,40.268,2005
Iceland,ISL,SDGs,40.268,2006
Iceland,ISL,SDGs,38.255,2007
Iceland,ISL,SDGs,38.255,2008
Iceland,ISL,SDGs,38.255,2009
Iceland,ISL,SDGs,69.128,2010
Iceland,ISL,SDGs,38.926,2011
Iceland,ISL,SDGs,38.926,2012
Iceland,ISL,SDGs,38.926,2013
Iceland,ISL,SDGs,38.926,2014
Iceland,ISL,SDGs,68.456,2015
Iceland,ISL,SDGs,38.926,2016
Iceland,ISL,SDGs,38.926,2017
Iceland,ISL,SDGs,41.611,2018
Iceland,ISL,SDGs,72.483,2019
Iceland,ISL,SDGs,32.215,2020
Iceland,ISL,SDGs,28.859,2021
Iceland,ISL,SDGs,26.846,2022
Iceland,ISL,SDGs,18.121,2023
Iceland,ISL,Technology,0.000,1960
Iceland,ISL,Technology,0.000,1961
Iceland,ISL,Technology,0.000,1962
Iceland,ISL,Technology,0.000,1963
Iceland,ISL,Technology,0.000,1964
Iceland,ISL,Technology,0.000,1965
Iceland,ISL,Technology,0.000,1966
Iceland,ISL,Technology,0.000,1967
Iceland,ISL,Technology,0.000,1968
Iceland,ISL,Technology,0.000,1969
Iceland,ISL,Technology,0.000,1970
Iceland,ISL,Technology,0.000,1971
Iceland,ISL,Technology,0.000,1972
Iceland,ISL,Technology,0.000,1973
Iceland,ISL,Technology,0.000,1974
Iceland,ISL,Technology,0.000,1975
Iceland,ISL,Technology,0.000,1976
Iceland,ISL,Technology,0.000,1977
Iceland,ISL,Technology,0.000,1978
Iceland,ISL,Technology,0.000,1979
Iceland,ISL,Technology,0.000,1980
Iceland,ISL,Technology,0.000,1981
Iceland,ISL,Technology,0.000,1982
Iceland,ISL,Technology,0.000,1983
Iceland,ISL,Technology,0.000,1984
Iceland,ISL,Technology,0.000,1985
Iceland,ISL,Technology,0.000,1986
Iceland,ISL,Technology,0.000,1987
Iceland,ISL,Technology,0.000,1988
Iceland,ISL,Technology,0.000,1989
Iceland,ISL,Technology,2.222,1990
Iceland,ISL,Technology,2.222,1991
Iceland,ISL,Technology,2.222,1992
Iceland,ISL,Technology,2.222,1993
Iceland,ISL,Technology,2.222,1994
Iceland,ISL,Technology,2.222,1995
Iceland,ISL,Technology,2.222,1996
Iceland,ISL,Technology,2.222,1997
Iceland,ISL,Technology,2.222,1998
Iceland,ISL,Technology,8.889,1999
Iceland,ISL,Technology,8.889,2000
Iceland,ISL,Technology,8.889,2001
Iceland,ISL,Technology,8.889,2002
Iceland,ISL,Technology,13.333,2003
Iceland,ISL,Technology,13.333,2004
Iceland,ISL,Technology,13.333,2005
Iceland,ISL,Technology,13.333,2006
Iceland,ISL,Technology,13.333,2007
Iceland,ISL,Technology,13.333,2008
Iceland,ISL,Technology,13.333,2009
Iceland,ISL,Technology,13.333,2010
Iceland,ISL,Technology,6.667,2011
Iceland,ISL,Technology,13.333,2012
Iceland,ISL,Technology,6.667,2013
Iceland,ISL,Technology,6.667,2014
Iceland,ISL,Technology,2.222,2015
Iceland,ISL,Technology,2.222,2016
Iceland,ISL,Technology,6.667,2017
Iceland,ISL,Technology,6.667,2018
Iceland,ISL,Technology,6.667,2019
Iceland,ISL,Technology,6.667,2020
Iceland,ISL,Technology,73.333,2021
Iceland,ISL,Technology,2.222,2022
Iceland,ISL,Technology,0.000,2023
Iceland,ISL,Violence,0.000,1960
Iceland,ISL,Violence,0.000,1961
Iceland,ISL,Violence,0.000,1962
Iceland,ISL,Violence,0.000,1963
Iceland,ISL,Violence,0.000,1964
Iceland,ISL,Violence,0.000,1965
Iceland,ISL,Violence,0.000,1966
Iceland,ISL,Violence,0.000,1967
Iceland,ISL,Violence,0.000,1968
Iceland,ISL,Violence,0.000,1969
Iceland,ISL,Violence,2.143,1970
Iceland,ISL,Violence,2.143,1971
Iceland,ISL,Violence,2.143,1972
Iceland,ISL,Violence,2.143,1973
Iceland,ISL,Violence,2.143,1974
Iceland,ISL,Violence,2.143,1975
Iceland,ISL,Violence,2.143,1976
Iceland,ISL,Violence,2.143,1977
Iceland,ISL,Violence,2.143,1978
Iceland,ISL,Violence,2.143,1979
Iceland,ISL,Violence,2.143,1980
Iceland,ISL,Violence,2.143,1981
Iceland,ISL,Violence,2.143,1982
Iceland,ISL,Violence,2.143,1983
Iceland,ISL,Violence,2.143,1984
Iceland,ISL,Violence,2.143,1985
Iceland,ISL,Violence,2.143,1986
Iceland,ISL,Violence,2.143,1987
Iceland,ISL,Violence,2.143,1988
Iceland,ISL,Violence,2.143,1989
Iceland,ISL,Violence,2.143,1990
Iceland,ISL,Violence,2.143,1991
Iceland,ISL,Violence,2.143,1992
Iceland,ISL,Violence,2.143,1993
Iceland,ISL,Violence,2.857,1994
Iceland,ISL,Violence,2.857,1995
Iceland,ISL,Violence,4.286,1996
Iceland,ISL,Violence,2.857,1997
Iceland,ISL,Violence,2.857,1998
Iceland,ISL,Violence,4.286,1999
Iceland,ISL,Violence,5.000,2000
Iceland,ISL,Violence,5.000,2001
Iceland,ISL,Violence,5.000,2002
Iceland,ISL,Violence,4.286,2003
Iceland,ISL,Violence,4.286,2004
Iceland,ISL,Violence,6.429,2005
Iceland,ISL,Violence,5.000,2006
Iceland,ISL,Violence,6.429,2007
Iceland,ISL,Violence,5.000,2008
Iceland,ISL,Violence,6.429,2009
Iceland,ISL,Violence,6.429,2010
Iceland,ISL,Violence,6.429,2011
Iceland,ISL,Violence,6.429,2012
Iceland,ISL,Violence,6.429,2013
Iceland,ISL,Violence,6.429,2014
Iceland,ISL,Violence,6.429,2015
Iceland,ISL,Violence,6.429,2016
Iceland,ISL,Violence,6.429,2017
Iceland,ISL,Violence,9.286,2018
Iceland,ISL,Violence,6.429,2019
Iceland,ISL,Violence,4.286,2020
Iceland,ISL,Violence,4.286,2021
Iceland,ISL,Violence,2.143,2022
Iceland,ISL,Violence,2.143,2023
Iceland,ISL,Youth 15-24,7.339,1960
Iceland,ISL,Youth 15-24,4.587,1961
Iceland,ISL,Youth 15-24,4.587,1962
Iceland,ISL,Youth 15-24,4.587,1963
Iceland,ISL,Youth 15-24,4.587,1964
Iceland,ISL,Youth 15-24,4.587,1965
Iceland,ISL,Youth 15-24,4.587,1966
Iceland,ISL,Youth 15-24,4.587,1967
Iceland,ISL,Youth 15-24,4.587,1968
Iceland,ISL,Youth 15-24,4.587,1969
Iceland,ISL,Youth 15-24,4.587,1970
Iceland,ISL,Youth 15-24,18.349,1971
Iceland,ISL,Youth 15-24,11.009,1972
Iceland,ISL,Youth 15-24,10.092,1973
Iceland,ISL,Youth 15-24,10.092,1974
Iceland,ISL,Youth 15-24,21.101,1975
Iceland,ISL,Youth 15-24,21.101,1976
Iceland,ISL,Youth 15-24,22.018,1977
Iceland,ISL,Youth 15-24,9.174,1978
Iceland,ISL,Youth 15-24,8.257,1979
Iceland,ISL,Youth 15-24,11.927,1980
Iceland,ISL,Youth 15-24,17.431,1981
Iceland,ISL,Youth 15-24,9.174,1982
Iceland,ISL,Youth 15-24,21.101,1983
Iceland,ISL,Youth 15-24,13.761,1984
Iceland,ISL,Youth 15-24,6.422,1985
Iceland,ISL,Youth 15-24,18.349,1986
Iceland,ISL,Youth 15-24,6.422,1987
Iceland,ISL,Youth 15-24,15.596,1988
Iceland,ISL,Youth 15-24,18.349,1989
Iceland,ISL,Youth 15-24,16.514,1990
Iceland,ISL,Youth 15-24,40.367,1991
Iceland,ISL,Youth 15-24,40.367,1992
Iceland,ISL,Youth 15-24,41.284,1993
Iceland,ISL,Youth 15-24,41.284,1994
Iceland,ISL,Youth 15-24,44.037,1995
Iceland,ISL,Youth 15-24,44.037,1996
Iceland,ISL,Youth 15-24,36.697,1997
Iceland,ISL,Youth 15-24,58.716,1998
Iceland,ISL,Youth 15-24,71.560,1999
Iceland,ISL,Youth 15-24,71.560,2000
Iceland,ISL,Youth 15-24,71.560,2001
Iceland,ISL,Youth 15-24,72.477,2002
Iceland,ISL,Youth 15-24,72.477,2003
Iceland,ISL,Youth 15-24,72.477,2004
Iceland,ISL,Youth 15-24,80.734,2005
Iceland,ISL,Youth 15-24,72.477,2006
Iceland,ISL,Youth 15-24,72.477,2007
Iceland,ISL,Youth 15-24,72.477,2008
Iceland,ISL,Youth 15-24,72.477,2009
Iceland,ISL,Youth 15-24,83.486,2010
Iceland,ISL,Youth 15-24,69.725,2011
Iceland,ISL,Youth 15-24,80.734,2012
Iceland,ISL,Youth 15-24,66.972,2013
Iceland,ISL,Youth 15-24,66.972,2014
Iceland,ISL,Youth 15-24,66.972,2015
Iceland,ISL,Youth 15-24,66.972,2016
Iceland,ISL,Youth 15-24,66.972,2017
Iceland,ISL,Youth 15-24,56.881,2018
Iceland,ISL,Youth 15-24,53.211,2019
Iceland,ISL,Youth 15-24,53.211,2020
Iceland,ISL,Youth 15-24,51.376,2021
Iceland,ISL,Youth 15-24,51.376,2022
Iceland,ISL,Youth 15-24,24.771,2023
