Country Name,Country Code,Topic,% of available indicators,Year
Malta,MLT,Assets,0.000,1960
Malta,MLT,Assets,0.000,1961
Malta,MLT,Assets,0.000,1962
Malta,MLT,Assets,0.000,1963
Malta,MLT,Assets,0.000,1964
Malta,MLT,Assets,0.000,1965
Malta,MLT,Assets,0.000,1966
Malta,MLT,Assets,0.000,1967
Malta,MLT,Assets,0.000,1968
Malta,MLT,Assets,0.000,1969
Malta,MLT,Assets,2.208,1970
Malta,MLT,Assets,2.208,1971
Malta,MLT,Assets,2.208,1972
Malta,MLT,Assets,2.208,1973
Malta,MLT,Assets,2.208,1974
Malta,MLT,Assets,2.208,1975
Malta,MLT,Assets,2.208,1976
Malta,MLT,Assets,2.208,1977
Malta,MLT,Assets,2.208,1978
Malta,MLT,Assets,2.208,1979
Malta,MLT,Assets,2.208,1980
Malta,MLT,Assets,2.208,1981
Malta,MLT,Assets,2.208,1982
Malta,MLT,Assets,2.208,1983
Malta,MLT,Assets,2.208,1984
Malta,MLT,Assets,2.208,1985
Malta,MLT,Assets,2.208,1986
Malta,MLT,Assets,2.208,1987
Malta,MLT,Assets,2.208,1988
Malta,MLT,Assets,2.208,1989
Malta,MLT,Assets,2.208,1990
Malta,MLT,Assets,2.208,1991
Malta,MLT,Assets,2.208,1992
Malta,MLT,Assets,2.208,1993
Malta,MLT,Assets,2.208,1994
Malta,MLT,Assets,2.208,1995
Malta,MLT,Assets,2.208,1996
Malta,MLT,Assets,2.208,1997
Malta,MLT,Assets,2.208,1998
Malta,MLT,Assets,2.208,1999
Malta,MLT,Assets,2.208,2000
Malta,MLT,Assets,2.208,2001
Malta,MLT,Assets,2.208,2002
Malta,MLT,Assets,2.208,2003
Malta,MLT,Assets,2.208,2004
Malta,MLT,Assets,2.208,2005
Malta,MLT,Assets,2.208,2006
Malta,MLT,Assets,2.208,2007
Malta,MLT,Assets,2.208,2008
Malta,MLT,Assets,2.208,2009
Malta,MLT,Assets,2.208,2010
Malta,MLT,Assets,10.726,2011
Malta,MLT,Assets,2.208,2012
Malta,MLT,Assets,2.208,2013
Malta,MLT,Assets,24.921,2014
Malta,MLT,Assets,2.208,2015
Malta,MLT,Assets,2.208,2016
Malta,MLT,Assets,26.814,2017
Malta,MLT,Assets,2.208,2018
Malta,MLT,Assets,2.208,2019
Malta,MLT,Assets,2.208,2020
Malta,MLT,Assets,51.735,2021
Malta,MLT,Assets,2.208,2022
Malta,MLT,Assets,2.208,2023
Malta,MLT,Children 0-14,19.231,1960
Malta,MLT,Children 0-14,19.231,1961
Malta,MLT,Children 0-14,19.231,1962
Malta,MLT,Children 0-14,19.231,1963
Malta,MLT,Children 0-14,19.231,1964
Malta,MLT,Children 0-14,19.231,1965
Malta,MLT,Children 0-14,19.231,1966
Malta,MLT,Children 0-14,19.231,1967
Malta,MLT,Children 0-14,19.231,1968
Malta,MLT,Children 0-14,19.231,1969
Malta,MLT,Children 0-14,20.000,1970
Malta,MLT,Children 0-14,38.462,1971
Malta,MLT,Children 0-14,38.462,1972
Malta,MLT,Children 0-14,38.462,1973
Malta,MLT,Children 0-14,38.462,1974
Malta,MLT,Children 0-14,38.462,1975
Malta,MLT,Children 0-14,38.462,1976
Malta,MLT,Children 0-14,38.462,1977
Malta,MLT,Children 0-14,40.000,1978
Malta,MLT,Children 0-14,40.000,1979
Malta,MLT,Children 0-14,40.000,1980
Malta,MLT,Children 0-14,38.462,1981
Malta,MLT,Children 0-14,38.462,1982
Malta,MLT,Children 0-14,38.462,1983
Malta,MLT,Children 0-14,41.538,1984
Malta,MLT,Children 0-14,41.538,1985
Malta,MLT,Children 0-14,40.000,1986
Malta,MLT,Children 0-14,40.000,1987
Malta,MLT,Children 0-14,40.000,1988
Malta,MLT,Children 0-14,40.000,1989
Malta,MLT,Children 0-14,40.000,1990
Malta,MLT,Children 0-14,41.538,1991
Malta,MLT,Children 0-14,41.538,1992
Malta,MLT,Children 0-14,40.000,1993
Malta,MLT,Children 0-14,41.538,1994
Malta,MLT,Children 0-14,40.000,1995
Malta,MLT,Children 0-14,41.538,1996
Malta,MLT,Children 0-14,41.538,1997
Malta,MLT,Children 0-14,36.923,1998
Malta,MLT,Children 0-14,36.923,1999
Malta,MLT,Children 0-14,55.385,2000
Malta,MLT,Children 0-14,36.923,2001
Malta,MLT,Children 0-14,36.923,2002
Malta,MLT,Children 0-14,35.385,2003
Malta,MLT,Children 0-14,34.615,2004
Malta,MLT,Children 0-14,39.231,2005
Malta,MLT,Children 0-14,36.923,2006
Malta,MLT,Children 0-14,43.077,2007
Malta,MLT,Children 0-14,36.154,2008
Malta,MLT,Children 0-14,34.615,2009
Malta,MLT,Children 0-14,55.385,2010
Malta,MLT,Children 0-14,49.231,2011
Malta,MLT,Children 0-14,43.846,2012
Malta,MLT,Children 0-14,46.923,2013
Malta,MLT,Children 0-14,47.692,2014
Malta,MLT,Children 0-14,58.462,2015
Malta,MLT,Children 0-14,48.462,2016
Malta,MLT,Children 0-14,50.769,2017
Malta,MLT,Children 0-14,43.077,2018
Malta,MLT,Children 0-14,53.077,2019
Malta,MLT,Children 0-14,43.846,2020
Malta,MLT,Children 0-14,39.231,2021
Malta,MLT,Children 0-14,36.154,2022
Malta,MLT,Children 0-14,9.231,2023
Malta,MLT,Education,0.000,1960
Malta,MLT,Education,0.000,1961
Malta,MLT,Education,0.000,1962
Malta,MLT,Education,0.000,1963
Malta,MLT,Education,0.000,1964
Malta,MLT,Education,0.000,1965
Malta,MLT,Education,0.000,1966
Malta,MLT,Education,0.000,1967
Malta,MLT,Education,0.000,1968
Malta,MLT,Education,0.000,1969
Malta,MLT,Education,1.227,1970
Malta,MLT,Education,28.221,1971
Malta,MLT,Education,31.902,1972
Malta,MLT,Education,31.902,1973
Malta,MLT,Education,32.515,1974
Malta,MLT,Education,31.902,1975
Malta,MLT,Education,32.515,1976
Malta,MLT,Education,32.515,1977
Malta,MLT,Education,32.515,1978
Malta,MLT,Education,30.675,1979
Malta,MLT,Education,31.288,1980
Malta,MLT,Education,30.061,1981
Malta,MLT,Education,31.902,1982
Malta,MLT,Education,30.675,1983
Malta,MLT,Education,33.129,1984
Malta,MLT,Education,39.877,1985
Malta,MLT,Education,31.902,1986
Malta,MLT,Education,31.902,1987
Malta,MLT,Education,31.902,1988
Malta,MLT,Education,31.902,1989
Malta,MLT,Education,33.742,1990
Malta,MLT,Education,34.969,1991
Malta,MLT,Education,33.742,1992
Malta,MLT,Education,31.902,1993
Malta,MLT,Education,33.129,1994
Malta,MLT,Education,38.650,1995
Malta,MLT,Education,33.129,1996
Malta,MLT,Education,33.129,1997
Malta,MLT,Education,37.423,1998
Malta,MLT,Education,35.583,1999
Malta,MLT,Education,54.601,2000
Malta,MLT,Education,44.785,2001
Malta,MLT,Education,46.012,2002
Malta,MLT,Education,41.718,2003
Malta,MLT,Education,46.012,2004
Malta,MLT,Education,60.123,2005
Malta,MLT,Education,47.239,2006
Malta,MLT,Education,53.374,2007
Malta,MLT,Education,44.172,2008
Malta,MLT,Education,26.380,2009
Malta,MLT,Education,65.644,2010
Malta,MLT,Education,66.871,2011
Malta,MLT,Education,54.601,2012
Malta,MLT,Education,66.871,2013
Malta,MLT,Education,69.939,2014
Malta,MLT,Education,66.871,2015
Malta,MLT,Education,67.485,2016
Malta,MLT,Education,76.074,2017
Malta,MLT,Education,53.374,2018
Malta,MLT,Education,40.491,2019
Malta,MLT,Education,51.534,2020
Malta,MLT,Education,42.945,2021
Malta,MLT,Education,33.129,2022
Malta,MLT,Education,1.840,2023
Malta,MLT,Employment and Time Use,0.000,1960
Malta,MLT,Employment and Time Use,0.000,1961
Malta,MLT,Employment and Time Use,0.000,1962
Malta,MLT,Employment and Time Use,0.000,1963
Malta,MLT,Employment and Time Use,0.000,1964
Malta,MLT,Employment and Time Use,0.000,1965
Malta,MLT,Employment and Time Use,0.000,1966
Malta,MLT,Employment and Time Use,2.920,1967
Malta,MLT,Employment and Time Use,0.000,1968
Malta,MLT,Employment and Time Use,0.000,1969
Malta,MLT,Employment and Time Use,21.168,1970
Malta,MLT,Employment and Time Use,21.168,1971
Malta,MLT,Employment and Time Use,21.168,1972
Malta,MLT,Employment and Time Use,21.168,1973
Malta,MLT,Employment and Time Use,21.168,1974
Malta,MLT,Employment and Time Use,21.168,1975
Malta,MLT,Employment and Time Use,21.168,1976
Malta,MLT,Employment and Time Use,21.168,1977
Malta,MLT,Employment and Time Use,21.168,1978
Malta,MLT,Employment and Time Use,24.088,1979
Malta,MLT,Employment and Time Use,24.088,1980
Malta,MLT,Employment and Time Use,24.088,1981
Malta,MLT,Employment and Time Use,21.168,1982
Malta,MLT,Employment and Time Use,26.277,1983
Malta,MLT,Employment and Time Use,21.168,1984
Malta,MLT,Employment and Time Use,26.277,1985
Malta,MLT,Employment and Time Use,26.277,1986
Malta,MLT,Employment and Time Use,26.277,1987
Malta,MLT,Employment and Time Use,26.277,1988
Malta,MLT,Employment and Time Use,26.277,1989
Malta,MLT,Employment and Time Use,36.496,1990
Malta,MLT,Employment and Time Use,58.394,1991
Malta,MLT,Employment and Time Use,58.394,1992
Malta,MLT,Employment and Time Use,61.314,1993
Malta,MLT,Employment and Time Use,63.504,1994
Malta,MLT,Employment and Time Use,59.854,1995
Malta,MLT,Employment and Time Use,63.504,1996
Malta,MLT,Employment and Time Use,63.504,1997
Malta,MLT,Employment and Time Use,63.504,1998
Malta,MLT,Employment and Time Use,61.314,1999
Malta,MLT,Employment and Time Use,79.562,2000
Malta,MLT,Employment and Time Use,79.562,2001
Malta,MLT,Employment and Time Use,81.022,2002
Malta,MLT,Employment and Time Use,79.562,2003
Malta,MLT,Employment and Time Use,81.752,2004
Malta,MLT,Employment and Time Use,81.752,2005
Malta,MLT,Employment and Time Use,86.861,2006
Malta,MLT,Employment and Time Use,86.861,2007
Malta,MLT,Employment and Time Use,86.861,2008
Malta,MLT,Employment and Time Use,90.511,2009
Malta,MLT,Employment and Time Use,90.511,2010
Malta,MLT,Employment and Time Use,89.781,2011
Malta,MLT,Employment and Time Use,89.781,2012
Malta,MLT,Employment and Time Use,89.781,2013
Malta,MLT,Employment and Time Use,89.781,2014
Malta,MLT,Employment and Time Use,89.781,2015
Malta,MLT,Employment and Time Use,89.781,2016
Malta,MLT,Employment and Time Use,89.781,2017
Malta,MLT,Employment and Time Use,89.781,2018
Malta,MLT,Employment and Time Use,89.781,2019
Malta,MLT,Employment and Time Use,89.781,2020
Malta,MLT,Employment and Time Use,89.781,2021
Malta,MLT,Employment and Time Use,89.781,2022
Malta,MLT,Employment and Time Use,89.781,2023
Malta,MLT,Entrepreneurship,0.000,1960
Malta,MLT,Entrepreneurship,0.000,1961
Malta,MLT,Entrepreneurship,0.000,1962
Malta,MLT,Entrepreneurship,0.000,1963
Malta,MLT,Entrepreneurship,0.000,1964
Malta,MLT,Entrepreneurship,0.000,1965
Malta,MLT,Entrepreneurship,0.000,1966
Malta,MLT,Entrepreneurship,0.000,1967
Malta,MLT,Entrepreneurship,0.000,1968
Malta,MLT,Entrepreneurship,0.000,1969
Malta,MLT,Entrepreneurship,9.375,1970
Malta,MLT,Entrepreneurship,9.375,1971
Malta,MLT,Entrepreneurship,9.375,1972
Malta,MLT,Entrepreneurship,9.375,1973
Malta,MLT,Entrepreneurship,9.375,1974
Malta,MLT,Entrepreneurship,9.375,1975
Malta,MLT,Entrepreneurship,9.375,1976
Malta,MLT,Entrepreneurship,9.375,1977
Malta,MLT,Entrepreneurship,9.375,1978
Malta,MLT,Entrepreneurship,9.375,1979
Malta,MLT,Entrepreneurship,9.375,1980
Malta,MLT,Entrepreneurship,9.375,1981
Malta,MLT,Entrepreneurship,9.375,1982
Malta,MLT,Entrepreneurship,9.375,1983
Malta,MLT,Entrepreneurship,9.375,1984
Malta,MLT,Entrepreneurship,9.375,1985
Malta,MLT,Entrepreneurship,9.375,1986
Malta,MLT,Entrepreneurship,9.375,1987
Malta,MLT,Entrepreneurship,9.375,1988
Malta,MLT,Entrepreneurship,9.375,1989
Malta,MLT,Entrepreneurship,9.375,1990
Malta,MLT,Entrepreneurship,9.375,1991
Malta,MLT,Entrepreneurship,9.375,1992
Malta,MLT,Entrepreneurship,9.375,1993
Malta,MLT,Entrepreneurship,9.375,1994
Malta,MLT,Entrepreneurship,9.375,1995
Malta,MLT,Entrepreneurship,9.375,1996
Malta,MLT,Entrepreneurship,9.375,1997
Malta,MLT,Entrepreneurship,9.375,1998
Malta,MLT,Entrepreneurship,9.375,1999
Malta,MLT,Entrepreneurship,9.375,2000
Malta,MLT,Entrepreneurship,9.375,2001
Malta,MLT,Entrepreneurship,9.375,2002
Malta,MLT,Entrepreneurship,9.375,2003
Malta,MLT,Entrepreneurship,9.375,2004
Malta,MLT,Entrepreneurship,9.375,2005
Malta,MLT,Entrepreneurship,9.375,2006
Malta,MLT,Entrepreneurship,9.375,2007
Malta,MLT,Entrepreneurship,9.375,2008
Malta,MLT,Entrepreneurship,9.375,2009
Malta,MLT,Entrepreneurship,9.375,2010
Malta,MLT,Entrepreneurship,37.500,2011
Malta,MLT,Entrepreneurship,37.500,2012
Malta,MLT,Entrepreneurship,37.500,2013
Malta,MLT,Entrepreneurship,93.750,2014
Malta,MLT,Entrepreneurship,75.000,2015
Malta,MLT,Entrepreneurship,75.000,2016
Malta,MLT,Entrepreneurship,93.750,2017
Malta,MLT,Entrepreneurship,75.000,2018
Malta,MLT,Entrepreneurship,81.250,2019
Malta,MLT,Entrepreneurship,46.875,2020
Malta,MLT,Entrepreneurship,46.875,2021
Malta,MLT,Entrepreneurship,46.875,2022
Malta,MLT,Entrepreneurship,9.375,2023
Malta,MLT,Environment,0.000,1960
Malta,MLT,Environment,0.000,1961
Malta,MLT,Environment,0.000,1962
Malta,MLT,Environment,0.000,1963
Malta,MLT,Environment,0.000,1964
Malta,MLT,Environment,0.000,1965
Malta,MLT,Environment,0.000,1966
Malta,MLT,Environment,0.000,1967
Malta,MLT,Environment,0.000,1968
Malta,MLT,Environment,0.000,1969
Malta,MLT,Environment,0.000,1970
Malta,MLT,Environment,0.000,1971
Malta,MLT,Environment,0.000,1972
Malta,MLT,Environment,0.000,1973
Malta,MLT,Environment,0.000,1974
Malta,MLT,Environment,0.000,1975
Malta,MLT,Environment,0.000,1976
Malta,MLT,Environment,0.000,1977
Malta,MLT,Environment,0.000,1978
Malta,MLT,Environment,0.000,1979
Malta,MLT,Environment,0.000,1980
Malta,MLT,Environment,0.000,1981
Malta,MLT,Environment,0.000,1982
Malta,MLT,Environment,0.000,1983
Malta,MLT,Environment,0.000,1984
Malta,MLT,Environment,0.000,1985
Malta,MLT,Environment,0.000,1986
Malta,MLT,Environment,0.000,1987
Malta,MLT,Environment,0.000,1988
Malta,MLT,Environment,0.000,1989
Malta,MLT,Environment,0.000,1990
Malta,MLT,Environment,0.000,1991
Malta,MLT,Environment,0.000,1992
Malta,MLT,Environment,0.000,1993
Malta,MLT,Environment,0.000,1994
Malta,MLT,Environment,0.000,1995
Malta,MLT,Environment,0.000,1996
Malta,MLT,Environment,0.000,1997
Malta,MLT,Environment,0.000,1998
Malta,MLT,Environment,0.000,1999
Malta,MLT,Environment,13.333,2000
Malta,MLT,Environment,13.333,2001
Malta,MLT,Environment,13.333,2002
Malta,MLT,Environment,13.333,2003
Malta,MLT,Environment,13.333,2004
Malta,MLT,Environment,13.333,2005
Malta,MLT,Environment,13.333,2006
Malta,MLT,Environment,10.000,2007
Malta,MLT,Environment,13.333,2008
Malta,MLT,Environment,13.333,2009
Malta,MLT,Environment,13.333,2010
Malta,MLT,Environment,13.333,2011
Malta,MLT,Environment,13.333,2012
Malta,MLT,Environment,13.333,2013
Malta,MLT,Environment,13.333,2014
Malta,MLT,Environment,13.333,2015
Malta,MLT,Environment,13.333,2016
Malta,MLT,Environment,13.333,2017
Malta,MLT,Environment,10.000,2018
Malta,MLT,Environment,30.000,2019
Malta,MLT,Environment,10.000,2020
Malta,MLT,Environment,10.000,2021
Malta,MLT,Environment,10.000,2022
Malta,MLT,Environment,0.000,2023
Malta,MLT,Health,8.586,1960
Malta,MLT,Health,8.586,1961
Malta,MLT,Health,8.586,1962
Malta,MLT,Health,8.586,1963
Malta,MLT,Health,8.586,1964
Malta,MLT,Health,8.586,1965
Malta,MLT,Health,8.586,1966
Malta,MLT,Health,8.586,1967
Malta,MLT,Health,8.586,1968
Malta,MLT,Health,8.586,1969
Malta,MLT,Health,8.586,1970
Malta,MLT,Health,9.596,1971
Malta,MLT,Health,8.586,1972
Malta,MLT,Health,8.586,1973
Malta,MLT,Health,8.586,1974
Malta,MLT,Health,11.111,1975
Malta,MLT,Health,11.111,1976
Malta,MLT,Health,11.111,1977
Malta,MLT,Health,11.111,1978
Malta,MLT,Health,11.111,1979
Malta,MLT,Health,11.111,1980
Malta,MLT,Health,11.111,1981
Malta,MLT,Health,11.111,1982
Malta,MLT,Health,11.111,1983
Malta,MLT,Health,12.121,1984
Malta,MLT,Health,12.626,1985
Malta,MLT,Health,12.626,1986
Malta,MLT,Health,12.626,1987
Malta,MLT,Health,12.626,1988
Malta,MLT,Health,12.626,1989
Malta,MLT,Health,17.172,1990
Malta,MLT,Health,17.172,1991
Malta,MLT,Health,17.172,1992
Malta,MLT,Health,18.687,1993
Malta,MLT,Health,17.172,1994
Malta,MLT,Health,17.172,1995
Malta,MLT,Health,17.172,1996
Malta,MLT,Health,17.172,1997
Malta,MLT,Health,17.172,1998
Malta,MLT,Health,17.172,1999
Malta,MLT,Health,55.051,2000
Malta,MLT,Health,31.313,2001
Malta,MLT,Health,31.313,2002
Malta,MLT,Health,31.313,2003
Malta,MLT,Health,31.818,2004
Malta,MLT,Health,32.828,2005
Malta,MLT,Health,31.313,2006
Malta,MLT,Health,31.313,2007
Malta,MLT,Health,31.313,2008
Malta,MLT,Health,31.313,2009
Malta,MLT,Health,57.071,2010
Malta,MLT,Health,31.818,2011
Malta,MLT,Health,31.313,2012
Malta,MLT,Health,31.818,2013
Malta,MLT,Health,32.828,2014
Malta,MLT,Health,55.556,2015
Malta,MLT,Health,31.313,2016
Malta,MLT,Health,32.828,2017
Malta,MLT,Health,32.828,2018
Malta,MLT,Health,55.051,2019
Malta,MLT,Health,25.253,2020
Malta,MLT,Health,18.687,2021
Malta,MLT,Health,15.657,2022
Malta,MLT,Health,1.010,2023
Malta,MLT,Leadership,0.000,1960
Malta,MLT,Leadership,0.000,1961
Malta,MLT,Leadership,0.000,1962
Malta,MLT,Leadership,0.000,1963
Malta,MLT,Leadership,0.000,1964
Malta,MLT,Leadership,0.000,1965
Malta,MLT,Leadership,0.000,1966
Malta,MLT,Leadership,0.000,1967
Malta,MLT,Leadership,0.000,1968
Malta,MLT,Leadership,0.000,1969
Malta,MLT,Leadership,0.000,1970
Malta,MLT,Leadership,0.000,1971
Malta,MLT,Leadership,0.000,1972
Malta,MLT,Leadership,0.000,1973
Malta,MLT,Leadership,0.000,1974
Malta,MLT,Leadership,0.000,1975
Malta,MLT,Leadership,0.000,1976
Malta,MLT,Leadership,0.000,1977
Malta,MLT,Leadership,0.000,1978
Malta,MLT,Leadership,0.000,1979
Malta,MLT,Leadership,0.000,1980
Malta,MLT,Leadership,0.000,1981
Malta,MLT,Leadership,0.000,1982
Malta,MLT,Leadership,0.000,1983
Malta,MLT,Leadership,0.000,1984
Malta,MLT,Leadership,0.000,1985
Malta,MLT,Leadership,0.000,1986
Malta,MLT,Leadership,0.000,1987
Malta,MLT,Leadership,0.000,1988
Malta,MLT,Leadership,0.000,1989
Malta,MLT,Leadership,0.000,1990
Malta,MLT,Leadership,0.000,1991
Malta,MLT,Leadership,0.000,1992
Malta,MLT,Leadership,0.000,1993
Malta,MLT,Leadership,0.000,1994
Malta,MLT,Leadership,0.000,1995
Malta,MLT,Leadership,0.000,1996
Malta,MLT,Leadership,25.000,1997
Malta,MLT,Leadership,25.000,1998
Malta,MLT,Leadership,25.000,1999
Malta,MLT,Leadership,25.000,2000
Malta,MLT,Leadership,25.000,2001
Malta,MLT,Leadership,25.000,2002
Malta,MLT,Leadership,25.000,2003
Malta,MLT,Leadership,25.000,2004
Malta,MLT,Leadership,50.000,2005
Malta,MLT,Leadership,25.000,2006
Malta,MLT,Leadership,25.000,2007
Malta,MLT,Leadership,50.000,2008
Malta,MLT,Leadership,50.000,2009
Malta,MLT,Leadership,75.000,2010
Malta,MLT,Leadership,25.000,2011
Malta,MLT,Leadership,50.000,2012
Malta,MLT,Leadership,25.000,2013
Malta,MLT,Leadership,50.000,2014
Malta,MLT,Leadership,50.000,2015
Malta,MLT,Leadership,50.000,2016
Malta,MLT,Leadership,25.000,2017
Malta,MLT,Leadership,50.000,2018
Malta,MLT,Leadership,75.000,2019
Malta,MLT,Leadership,50.000,2020
Malta,MLT,Leadership,25.000,2021
Malta,MLT,Leadership,50.000,2022
Malta,MLT,Leadership,25.000,2023
Malta,MLT,Norms and Decision-making,0.000,1960
Malta,MLT,Norms and Decision-making,0.000,1961
Malta,MLT,Norms and Decision-making,0.000,1962
Malta,MLT,Norms and Decision-making,0.000,1963
Malta,MLT,Norms and Decision-making,0.000,1964
Malta,MLT,Norms and Decision-making,0.000,1965
Malta,MLT,Norms and Decision-making,0.000,1966
Malta,MLT,Norms and Decision-making,0.000,1967
Malta,MLT,Norms and Decision-making,0.000,1968
Malta,MLT,Norms and Decision-making,0.000,1969
Malta,MLT,Norms and Decision-making,12.593,1970
Malta,MLT,Norms and Decision-making,12.593,1971
Malta,MLT,Norms and Decision-making,12.593,1972
Malta,MLT,Norms and Decision-making,12.593,1973
Malta,MLT,Norms and Decision-making,12.593,1974
Malta,MLT,Norms and Decision-making,12.593,1975
Malta,MLT,Norms and Decision-making,12.593,1976
Malta,MLT,Norms and Decision-making,12.593,1977
Malta,MLT,Norms and Decision-making,12.593,1978
Malta,MLT,Norms and Decision-making,12.593,1979
Malta,MLT,Norms and Decision-making,12.593,1980
Malta,MLT,Norms and Decision-making,12.593,1981
Malta,MLT,Norms and Decision-making,12.593,1982
Malta,MLT,Norms and Decision-making,12.593,1983
Malta,MLT,Norms and Decision-making,12.593,1984
Malta,MLT,Norms and Decision-making,14.074,1985
Malta,MLT,Norms and Decision-making,12.593,1986
Malta,MLT,Norms and Decision-making,12.593,1987
Malta,MLT,Norms and Decision-making,12.593,1988
Malta,MLT,Norms and Decision-making,12.593,1989
Malta,MLT,Norms and Decision-making,12.593,1990
Malta,MLT,Norms and Decision-making,12.593,1991
Malta,MLT,Norms and Decision-making,12.593,1992
Malta,MLT,Norms and Decision-making,12.593,1993
Malta,MLT,Norms and Decision-making,12.593,1994
Malta,MLT,Norms and Decision-making,12.593,1995
Malta,MLT,Norms and Decision-making,12.593,1996
Malta,MLT,Norms and Decision-making,12.593,1997
Malta,MLT,Norms and Decision-making,12.593,1998
Malta,MLT,Norms and Decision-making,12.593,1999
Malta,MLT,Norms and Decision-making,12.593,2000
Malta,MLT,Norms and Decision-making,12.593,2001
Malta,MLT,Norms and Decision-making,12.593,2002
Malta,MLT,Norms and Decision-making,12.593,2003
Malta,MLT,Norms and Decision-making,12.593,2004
Malta,MLT,Norms and Decision-making,12.593,2005
Malta,MLT,Norms and Decision-making,12.593,2006
Malta,MLT,Norms and Decision-making,12.593,2007
Malta,MLT,Norms and Decision-making,14.074,2008
Malta,MLT,Norms and Decision-making,14.074,2009
Malta,MLT,Norms and Decision-making,14.074,2010
Malta,MLT,Norms and Decision-making,14.074,2011
Malta,MLT,Norms and Decision-making,12.593,2012
Malta,MLT,Norms and Decision-making,12.593,2013
Malta,MLT,Norms and Decision-making,12.593,2014
Malta,MLT,Norms and Decision-making,12.593,2015
Malta,MLT,Norms and Decision-making,12.593,2016
Malta,MLT,Norms and Decision-making,12.593,2017
Malta,MLT,Norms and Decision-making,12.593,2018
Malta,MLT,Norms and Decision-making,12.593,2019
Malta,MLT,Norms and Decision-making,12.593,2020
Malta,MLT,Norms and Decision-making,12.593,2021
Malta,MLT,Norms and Decision-making,12.593,2022
Malta,MLT,Norms and Decision-making,12.593,2023
Malta,MLT,Population,86.905,1960
Malta,MLT,Population,86.905,1961
Malta,MLT,Population,86.905,1962
Malta,MLT,Population,86.905,1963
Malta,MLT,Population,86.905,1964
Malta,MLT,Population,86.905,1965
Malta,MLT,Population,86.905,1966
Malta,MLT,Population,86.905,1967
Malta,MLT,Population,86.905,1968
Malta,MLT,Population,86.905,1969
Malta,MLT,Population,86.905,1970
Malta,MLT,Population,86.905,1971
Malta,MLT,Population,86.905,1972
Malta,MLT,Population,86.905,1973
Malta,MLT,Population,86.905,1974
Malta,MLT,Population,86.905,1975
Malta,MLT,Population,86.905,1976
Malta,MLT,Population,86.905,1977
Malta,MLT,Population,86.905,1978
Malta,MLT,Population,86.905,1979
Malta,MLT,Population,91.667,1980
Malta,MLT,Population,86.905,1981
Malta,MLT,Population,86.905,1982
Malta,MLT,Population,86.905,1983
Malta,MLT,Population,86.905,1984
Malta,MLT,Population,94.048,1985
Malta,MLT,Population,86.905,1986
Malta,MLT,Population,86.905,1987
Malta,MLT,Population,86.905,1988
Malta,MLT,Population,86.905,1989
Malta,MLT,Population,92.857,1990
Malta,MLT,Population,86.905,1991
Malta,MLT,Population,86.905,1992
Malta,MLT,Population,86.905,1993
Malta,MLT,Population,86.905,1994
Malta,MLT,Population,92.857,1995
Malta,MLT,Population,86.905,1996
Malta,MLT,Population,86.905,1997
Malta,MLT,Population,86.905,1998
Malta,MLT,Population,86.905,1999
Malta,MLT,Population,92.857,2000
Malta,MLT,Population,86.905,2001
Malta,MLT,Population,86.905,2002
Malta,MLT,Population,86.905,2003
Malta,MLT,Population,86.905,2004
Malta,MLT,Population,92.857,2005
Malta,MLT,Population,86.905,2006
Malta,MLT,Population,86.905,2007
Malta,MLT,Population,89.286,2008
Malta,MLT,Population,89.286,2009
Malta,MLT,Population,95.238,2010
Malta,MLT,Population,90.476,2011
Malta,MLT,Population,86.905,2012
Malta,MLT,Population,86.905,2013
Malta,MLT,Population,88.095,2014
Malta,MLT,Population,92.857,2015
Malta,MLT,Population,86.905,2016
Malta,MLT,Population,88.095,2017
Malta,MLT,Population,86.905,2018
Malta,MLT,Population,86.905,2019
Malta,MLT,Population,90.476,2020
Malta,MLT,Population,86.905,2021
Malta,MLT,Population,88.095,2022
Malta,MLT,Population,77.381,2023
Malta,MLT,SDGs,2.685,1960
Malta,MLT,SDGs,2.685,1961
Malta,MLT,SDGs,2.685,1962
Malta,MLT,SDGs,2.685,1963
Malta,MLT,SDGs,2.685,1964
Malta,MLT,SDGs,2.685,1965
Malta,MLT,SDGs,2.685,1966
Malta,MLT,SDGs,2.685,1967
Malta,MLT,SDGs,2.685,1968
Malta,MLT,SDGs,2.685,1969
Malta,MLT,SDGs,11.409,1970
Malta,MLT,SDGs,11.409,1971
Malta,MLT,SDGs,11.409,1972
Malta,MLT,SDGs,11.409,1973
Malta,MLT,SDGs,11.409,1974
Malta,MLT,SDGs,11.409,1975
Malta,MLT,SDGs,11.409,1976
Malta,MLT,SDGs,11.409,1977
Malta,MLT,SDGs,11.409,1978
Malta,MLT,SDGs,11.409,1979
Malta,MLT,SDGs,11.409,1980
Malta,MLT,SDGs,11.409,1981
Malta,MLT,SDGs,11.409,1982
Malta,MLT,SDGs,13.423,1983
Malta,MLT,SDGs,12.081,1984
Malta,MLT,SDGs,14.765,1985
Malta,MLT,SDGs,14.765,1986
Malta,MLT,SDGs,14.765,1987
Malta,MLT,SDGs,14.765,1988
Malta,MLT,SDGs,14.765,1989
Malta,MLT,SDGs,18.792,1990
Malta,MLT,SDGs,22.819,1991
Malta,MLT,SDGs,22.819,1992
Malta,MLT,SDGs,23.490,1993
Malta,MLT,SDGs,22.819,1994
Malta,MLT,SDGs,22.819,1995
Malta,MLT,SDGs,22.819,1996
Malta,MLT,SDGs,23.490,1997
Malta,MLT,SDGs,23.490,1998
Malta,MLT,SDGs,23.490,1999
Malta,MLT,SDGs,70.470,2000
Malta,MLT,SDGs,38.926,2001
Malta,MLT,SDGs,40.268,2002
Malta,MLT,SDGs,38.926,2003
Malta,MLT,SDGs,38.926,2004
Malta,MLT,SDGs,40.940,2005
Malta,MLT,SDGs,38.926,2006
Malta,MLT,SDGs,38.926,2007
Malta,MLT,SDGs,38.926,2008
Malta,MLT,SDGs,38.926,2009
Malta,MLT,SDGs,69.128,2010
Malta,MLT,SDGs,42.953,2011
Malta,MLT,SDGs,39.597,2012
Malta,MLT,SDGs,38.926,2013
Malta,MLT,SDGs,40.940,2014
Malta,MLT,SDGs,70.470,2015
Malta,MLT,SDGs,38.926,2016
Malta,MLT,SDGs,40.268,2017
Malta,MLT,SDGs,41.611,2018
Malta,MLT,SDGs,73.826,2019
Malta,MLT,SDGs,32.215,2020
Malta,MLT,SDGs,29.530,2021
Malta,MLT,SDGs,26.846,2022
Malta,MLT,SDGs,17.450,2023
Malta,MLT,Technology,0.000,1960
Malta,MLT,Technology,0.000,1961
Malta,MLT,Technology,0.000,1962
Malta,MLT,Technology,0.000,1963
Malta,MLT,Technology,0.000,1964
Malta,MLT,Technology,0.000,1965
Malta,MLT,Technology,0.000,1966
Malta,MLT,Technology,0.000,1967
Malta,MLT,Technology,0.000,1968
Malta,MLT,Technology,0.000,1969
Malta,MLT,Technology,0.000,1970
Malta,MLT,Technology,0.000,1971
Malta,MLT,Technology,0.000,1972
Malta,MLT,Technology,0.000,1973
Malta,MLT,Technology,0.000,1974
Malta,MLT,Technology,0.000,1975
Malta,MLT,Technology,0.000,1976
Malta,MLT,Technology,0.000,1977
Malta,MLT,Technology,0.000,1978
Malta,MLT,Technology,0.000,1979
Malta,MLT,Technology,0.000,1980
Malta,MLT,Technology,0.000,1981
Malta,MLT,Technology,0.000,1982
Malta,MLT,Technology,0.000,1983
Malta,MLT,Technology,0.000,1984
Malta,MLT,Technology,0.000,1985
Malta,MLT,Technology,0.000,1986
Malta,MLT,Technology,0.000,1987
Malta,MLT,Technology,0.000,1988
Malta,MLT,Technology,0.000,1989
Malta,MLT,Technology,2.222,1990
Malta,MLT,Technology,2.222,1991
Malta,MLT,Technology,2.222,1992
Malta,MLT,Technology,2.222,1993
Malta,MLT,Technology,2.222,1994
Malta,MLT,Technology,2.222,1995
Malta,MLT,Technology,2.222,1996
Malta,MLT,Technology,2.222,1997
Malta,MLT,Technology,2.222,1998
Malta,MLT,Technology,2.222,1999
Malta,MLT,Technology,8.889,2000
Malta,MLT,Technology,8.889,2001
Malta,MLT,Technology,8.889,2002
Malta,MLT,Technology,8.889,2003
Malta,MLT,Technology,8.889,2004
Malta,MLT,Technology,13.333,2005
Malta,MLT,Technology,13.333,2006
Malta,MLT,Technology,13.333,2007
Malta,MLT,Technology,13.333,2008
Malta,MLT,Technology,13.333,2009
Malta,MLT,Technology,13.333,2010
Malta,MLT,Technology,20.000,2011
Malta,MLT,Technology,8.889,2012
Malta,MLT,Technology,13.333,2013
Malta,MLT,Technology,40.000,2014
Malta,MLT,Technology,13.333,2015
Malta,MLT,Technology,13.333,2016
Malta,MLT,Technology,60.000,2017
Malta,MLT,Technology,6.667,2018
Malta,MLT,Technology,6.667,2019
Malta,MLT,Technology,6.667,2020
Malta,MLT,Technology,73.333,2021
Malta,MLT,Technology,6.667,2022
Malta,MLT,Technology,6.667,2023
Malta,MLT,Violence,0.000,1960
Malta,MLT,Violence,0.000,1961
Malta,MLT,Violence,0.000,1962
Malta,MLT,Violence,0.000,1963
Malta,MLT,Violence,0.000,1964
Malta,MLT,Violence,0.000,1965
Malta,MLT,Violence,0.000,1966
Malta,MLT,Violence,0.000,1967
Malta,MLT,Violence,0.000,1968
Malta,MLT,Violence,0.000,1969
Malta,MLT,Violence,2.143,1970
Malta,MLT,Violence,2.143,1971
Malta,MLT,Violence,2.143,1972
Malta,MLT,Violence,2.143,1973
Malta,MLT,Violence,2.143,1974
Malta,MLT,Violence,2.143,1975
Malta,MLT,Violence,2.143,1976
Malta,MLT,Violence,2.143,1977
Malta,MLT,Violence,2.143,1978
Malta,MLT,Violence,2.143,1979
Malta,MLT,Violence,2.143,1980
Malta,MLT,Violence,2.143,1981
Malta,MLT,Violence,2.143,1982
Malta,MLT,Violence,2.143,1983
Malta,MLT,Violence,2.143,1984
Malta,MLT,Violence,2.143,1985
Malta,MLT,Violence,2.143,1986
Malta,MLT,Violence,2.143,1987
Malta,MLT,Violence,2.143,1988
Malta,MLT,Violence,2.143,1989
Malta,MLT,Violence,2.857,1990
Malta,MLT,Violence,2.857,1991
Malta,MLT,Violence,2.857,1992
Malta,MLT,Violence,2.857,1993
Malta,MLT,Violence,2.857,1994
Malta,MLT,Violence,2.143,1995
Malta,MLT,Violence,2.143,1996
Malta,MLT,Violence,2.143,1997
Malta,MLT,Violence,2.857,1998
Malta,MLT,Violence,2.857,1999
Malta,MLT,Violence,5.000,2000
Malta,MLT,Violence,5.000,2001
Malta,MLT,Violence,5.000,2002
Malta,MLT,Violence,4.286,2003
Malta,MLT,Violence,6.429,2004
Malta,MLT,Violence,6.429,2005
Malta,MLT,Violence,6.429,2006
Malta,MLT,Violence,6.429,2007
Malta,MLT,Violence,6.429,2008
Malta,MLT,Violence,6.429,2009
Malta,MLT,Violence,6.429,2010
Malta,MLT,Violence,6.429,2011
Malta,MLT,Violence,7.143,2012
Malta,MLT,Violence,6.429,2013
Malta,MLT,Violence,6.429,2014
Malta,MLT,Violence,6.429,2015
Malta,MLT,Violence,6.429,2016
Malta,MLT,Violence,6.429,2017
Malta,MLT,Violence,9.286,2018
Malta,MLT,Violence,6.429,2019
Malta,MLT,Violence,4.286,2020
Malta,MLT,Violence,4.286,2021
Malta,MLT,Violence,2.143,2022
Malta,MLT,Violence,2.143,2023
Malta,MLT,Youth 15-24,4.587,1960
Malta,MLT,Youth 15-24,4.587,1961
Malta,MLT,Youth 15-24,4.587,1962
Malta,MLT,Youth 15-24,4.587,1963
Malta,MLT,Youth 15-24,4.587,1964
Malta,MLT,Youth 15-24,4.587,1965
Malta,MLT,Youth 15-24,4.587,1966
Malta,MLT,Youth 15-24,4.587,1967
Malta,MLT,Youth 15-24,4.587,1968
Malta,MLT,Youth 15-24,4.587,1969
Malta,MLT,Youth 15-24,5.505,1970
Malta,MLT,Youth 15-24,21.101,1971
Malta,MLT,Youth 15-24,23.853,1972
Malta,MLT,Youth 15-24,23.853,1973
Malta,MLT,Youth 15-24,23.853,1974
Malta,MLT,Youth 15-24,23.853,1975
Malta,MLT,Youth 15-24,23.853,1976
Malta,MLT,Youth 15-24,23.853,1977
Malta,MLT,Youth 15-24,23.853,1978
Malta,MLT,Youth 15-24,21.101,1979
Malta,MLT,Youth 15-24,22.018,1980
Malta,MLT,Youth 15-24,21.101,1981
Malta,MLT,Youth 15-24,23.853,1982
Malta,MLT,Youth 15-24,22.018,1983
Malta,MLT,Youth 15-24,23.853,1984
Malta,MLT,Youth 15-24,31.193,1985
Malta,MLT,Youth 15-24,23.853,1986
Malta,MLT,Youth 15-24,23.853,1987
Malta,MLT,Youth 15-24,23.853,1988
Malta,MLT,Youth 15-24,23.853,1989
Malta,MLT,Youth 15-24,33.028,1990
Malta,MLT,Youth 15-24,39.450,1991
Malta,MLT,Youth 15-24,37.615,1992
Malta,MLT,Youth 15-24,37.615,1993
Malta,MLT,Youth 15-24,40.367,1994
Malta,MLT,Youth 15-24,45.872,1995
Malta,MLT,Youth 15-24,40.367,1996
Malta,MLT,Youth 15-24,40.367,1997
Malta,MLT,Youth 15-24,49.541,1998
Malta,MLT,Youth 15-24,46.789,1999
Malta,MLT,Youth 15-24,77.982,2000
Malta,MLT,Youth 15-24,68.807,2001
Malta,MLT,Youth 15-24,68.807,2002
Malta,MLT,Youth 15-24,66.055,2003
Malta,MLT,Youth 15-24,71.560,2004
Malta,MLT,Youth 15-24,86.239,2005
Malta,MLT,Youth 15-24,72.477,2006
Malta,MLT,Youth 15-24,72.477,2007
Malta,MLT,Youth 15-24,66.972,2008
Malta,MLT,Youth 15-24,47.706,2009
Malta,MLT,Youth 15-24,77.064,2010
Malta,MLT,Youth 15-24,83.486,2011
Malta,MLT,Youth 15-24,73.394,2012
Malta,MLT,Youth 15-24,82.569,2013
Malta,MLT,Youth 15-24,84.404,2014
Malta,MLT,Youth 15-24,84.404,2015
Malta,MLT,Youth 15-24,83.486,2016
Malta,MLT,Youth 15-24,80.734,2017
Malta,MLT,Youth 15-24,57.798,2018
Malta,MLT,Youth 15-24,53.211,2019
Malta,MLT,Youth 15-24,53.211,2020
Malta,MLT,Youth 15-24,55.046,2021
Malta,MLT,Youth 15-24,51.376,2022
Malta,MLT,Youth 15-24,22.936,2023
