Country Name,Country Code,Topic,% of available indicators,Year
Jordan,JOR,Assets,0.000,1960
Jordan,JOR,Assets,0.000,1961
Jordan,JOR,Assets,0.000,1962
Jordan,JOR,Assets,0.000,1963
Jordan,JOR,Assets,0.000,1964
Jordan,JOR,Assets,0.000,1965
Jordan,JOR,Assets,0.000,1966
Jordan,JOR,Assets,0.000,1967
Jordan,JOR,Assets,0.000,1968
Jordan,JOR,Assets,0.000,1969
Jordan,JOR,Assets,2.208,1970
Jordan,JOR,Assets,2.208,1971
Jordan,JOR,Assets,2.208,1972
Jordan,JOR,Assets,2.208,1973
Jordan,JOR,Assets,2.208,1974
Jordan,JOR,Assets,2.208,1975
Jordan,JOR,Assets,2.208,1976
Jordan,JOR,Assets,2.208,1977
Jordan,JOR,Assets,2.208,1978
Jordan,JOR,Assets,2.208,1979
Jordan,JOR,Assets,2.208,1980
Jordan,JOR,Assets,2.208,1981
Jordan,JOR,Assets,2.208,1982
Jordan,JOR,Assets,2.208,1983
Jordan,JOR,Assets,2.208,1984
Jordan,JOR,Assets,2.208,1985
Jordan,JOR,Assets,2.208,1986
Jordan,JOR,Assets,2.208,1987
Jordan,JOR,Assets,2.208,1988
Jordan,JOR,Assets,2.208,1989
Jordan,JOR,Assets,2.208,1990
Jordan,JOR,Assets,2.208,1991
Jordan,JOR,Assets,2.208,1992
Jordan,JOR,Assets,2.208,1993
Jordan,JOR,Assets,2.208,1994
Jordan,JOR,Assets,2.208,1995
Jordan,JOR,Assets,2.208,1996
Jordan,JOR,Assets,2.208,1997
Jordan,JOR,Assets,2.208,1998
Jordan,JOR,Assets,2.208,1999
Jordan,JOR,Assets,2.208,2000
Jordan,JOR,Assets,2.208,2001
Jordan,JOR,Assets,2.208,2002
Jordan,JOR,Assets,2.208,2003
Jordan,JOR,Assets,2.208,2004
Jordan,JOR,Assets,2.208,2005
Jordan,JOR,Assets,2.208,2006
Jordan,JOR,Assets,2.208,2007
Jordan,JOR,Assets,2.208,2008
Jordan,JOR,Assets,2.208,2009
Jordan,JOR,Assets,2.208,2010
Jordan,JOR,Assets,11.672,2011
Jordan,JOR,Assets,17.350,2012
Jordan,JOR,Assets,2.208,2013
Jordan,JOR,Assets,31.546,2014
Jordan,JOR,Assets,2.208,2015
Jordan,JOR,Assets,2.208,2016
Jordan,JOR,Assets,34.069,2017
Jordan,JOR,Assets,32.492,2018
Jordan,JOR,Assets,2.208,2019
Jordan,JOR,Assets,2.208,2020
Jordan,JOR,Assets,63.091,2021
Jordan,JOR,Assets,2.208,2022
Jordan,JOR,Assets,32.492,2023
Jordan,JOR,Children 0-14,19.231,1960
Jordan,JOR,Children 0-14,19.231,1961
Jordan,JOR,Children 0-14,19.231,1962
Jordan,JOR,Children 0-14,19.231,1963
Jordan,JOR,Children 0-14,19.231,1964
Jordan,JOR,Children 0-14,19.231,1965
Jordan,JOR,Children 0-14,19.231,1966
Jordan,JOR,Children 0-14,19.231,1967
Jordan,JOR,Children 0-14,19.231,1968
Jordan,JOR,Children 0-14,19.231,1969
Jordan,JOR,Children 0-14,19.231,1970
Jordan,JOR,Children 0-14,26.923,1971
Jordan,JOR,Children 0-14,37.692,1972
Jordan,JOR,Children 0-14,37.692,1973
Jordan,JOR,Children 0-14,34.615,1974
Jordan,JOR,Children 0-14,33.077,1975
Jordan,JOR,Children 0-14,33.077,1976
Jordan,JOR,Children 0-14,33.077,1977
Jordan,JOR,Children 0-14,36.154,1978
Jordan,JOR,Children 0-14,36.154,1979
Jordan,JOR,Children 0-14,39.231,1980
Jordan,JOR,Children 0-14,37.692,1981
Jordan,JOR,Children 0-14,39.231,1982
Jordan,JOR,Children 0-14,39.231,1983
Jordan,JOR,Children 0-14,37.692,1984
Jordan,JOR,Children 0-14,37.692,1985
Jordan,JOR,Children 0-14,26.923,1986
Jordan,JOR,Children 0-14,30.000,1987
Jordan,JOR,Children 0-14,33.846,1988
Jordan,JOR,Children 0-14,33.846,1989
Jordan,JOR,Children 0-14,41.538,1990
Jordan,JOR,Children 0-14,30.000,1991
Jordan,JOR,Children 0-14,30.000,1992
Jordan,JOR,Children 0-14,31.538,1993
Jordan,JOR,Children 0-14,30.000,1994
Jordan,JOR,Children 0-14,26.923,1995
Jordan,JOR,Children 0-14,30.000,1996
Jordan,JOR,Children 0-14,34.615,1997
Jordan,JOR,Children 0-14,27.692,1998
Jordan,JOR,Children 0-14,41.538,1999
Jordan,JOR,Children 0-14,53.846,2000
Jordan,JOR,Children 0-14,20.769,2001
Jordan,JOR,Children 0-14,55.385,2002
Jordan,JOR,Children 0-14,46.154,2003
Jordan,JOR,Children 0-14,43.846,2004
Jordan,JOR,Children 0-14,37.692,2005
Jordan,JOR,Children 0-14,41.538,2006
Jordan,JOR,Children 0-14,42.308,2007
Jordan,JOR,Children 0-14,44.615,2008
Jordan,JOR,Children 0-14,32.308,2009
Jordan,JOR,Children 0-14,57.692,2010
Jordan,JOR,Children 0-14,40.000,2011
Jordan,JOR,Children 0-14,53.846,2012
Jordan,JOR,Children 0-14,42.308,2013
Jordan,JOR,Children 0-14,33.846,2014
Jordan,JOR,Children 0-14,43.077,2015
Jordan,JOR,Children 0-14,40.000,2016
Jordan,JOR,Children 0-14,55.385,2017
Jordan,JOR,Children 0-14,55.385,2018
Jordan,JOR,Children 0-14,60.769,2019
Jordan,JOR,Children 0-14,42.308,2020
Jordan,JOR,Children 0-14,37.692,2021
Jordan,JOR,Children 0-14,32.308,2022
Jordan,JOR,Children 0-14,35.385,2023
Jordan,JOR,Education,0.000,1960
Jordan,JOR,Education,0.000,1961
Jordan,JOR,Education,0.000,1962
Jordan,JOR,Education,0.000,1963
Jordan,JOR,Education,0.000,1964
Jordan,JOR,Education,0.000,1965
Jordan,JOR,Education,0.000,1966
Jordan,JOR,Education,0.000,1967
Jordan,JOR,Education,0.000,1968
Jordan,JOR,Education,0.000,1969
Jordan,JOR,Education,0.613,1970
Jordan,JOR,Education,21.472,1971
Jordan,JOR,Education,30.061,1972
Jordan,JOR,Education,30.061,1973
Jordan,JOR,Education,27.607,1974
Jordan,JOR,Education,26.380,1975
Jordan,JOR,Education,26.380,1976
Jordan,JOR,Education,26.380,1977
Jordan,JOR,Education,28.834,1978
Jordan,JOR,Education,34.969,1979
Jordan,JOR,Education,28.834,1980
Jordan,JOR,Education,28.221,1981
Jordan,JOR,Education,30.061,1982
Jordan,JOR,Education,28.221,1983
Jordan,JOR,Education,26.994,1984
Jordan,JOR,Education,26.380,1985
Jordan,JOR,Education,20.245,1986
Jordan,JOR,Education,22.086,1987
Jordan,JOR,Education,25.767,1988
Jordan,JOR,Education,23.313,1989
Jordan,JOR,Education,19.018,1990
Jordan,JOR,Education,19.632,1991
Jordan,JOR,Education,20.859,1992
Jordan,JOR,Education,22.086,1993
Jordan,JOR,Education,19.018,1994
Jordan,JOR,Education,7.362,1995
Jordan,JOR,Education,19.632,1996
Jordan,JOR,Education,5.521,1997
Jordan,JOR,Education,8.589,1998
Jordan,JOR,Education,32.515,1999
Jordan,JOR,Education,34.356,2000
Jordan,JOR,Education,0.000,2001
Jordan,JOR,Education,41.718,2002
Jordan,JOR,Education,53.988,2003
Jordan,JOR,Education,47.853,2004
Jordan,JOR,Education,49.693,2005
Jordan,JOR,Education,38.650,2006
Jordan,JOR,Education,45.399,2007
Jordan,JOR,Education,42.945,2008
Jordan,JOR,Education,6.135,2009
Jordan,JOR,Education,55.828,2010
Jordan,JOR,Education,47.239,2011
Jordan,JOR,Education,30.061,2012
Jordan,JOR,Education,31.288,2013
Jordan,JOR,Education,27.607,2014
Jordan,JOR,Education,9.816,2015
Jordan,JOR,Education,22.086,2016
Jordan,JOR,Education,62.577,2017
Jordan,JOR,Education,77.914,2018
Jordan,JOR,Education,25.767,2019
Jordan,JOR,Education,47.239,2020
Jordan,JOR,Education,25.767,2021
Jordan,JOR,Education,20.245,2022
Jordan,JOR,Education,35.583,2023
Jordan,JOR,Employment and Time Use,0.000,1960
Jordan,JOR,Employment and Time Use,5.109,1961
Jordan,JOR,Employment and Time Use,0.000,1962
Jordan,JOR,Employment and Time Use,0.000,1963
Jordan,JOR,Employment and Time Use,0.000,1964
Jordan,JOR,Employment and Time Use,0.000,1965
Jordan,JOR,Employment and Time Use,0.000,1966
Jordan,JOR,Employment and Time Use,0.000,1967
Jordan,JOR,Employment and Time Use,0.000,1968
Jordan,JOR,Employment and Time Use,0.000,1969
Jordan,JOR,Employment and Time Use,21.168,1970
Jordan,JOR,Employment and Time Use,21.168,1971
Jordan,JOR,Employment and Time Use,21.168,1972
Jordan,JOR,Employment and Time Use,21.168,1973
Jordan,JOR,Employment and Time Use,21.168,1974
Jordan,JOR,Employment and Time Use,26.277,1975
Jordan,JOR,Employment and Time Use,21.168,1976
Jordan,JOR,Employment and Time Use,21.168,1977
Jordan,JOR,Employment and Time Use,21.168,1978
Jordan,JOR,Employment and Time Use,26.277,1979
Jordan,JOR,Employment and Time Use,21.168,1980
Jordan,JOR,Employment and Time Use,21.168,1981
Jordan,JOR,Employment and Time Use,21.168,1982
Jordan,JOR,Employment and Time Use,23.358,1983
Jordan,JOR,Employment and Time Use,21.168,1984
Jordan,JOR,Employment and Time Use,21.168,1985
Jordan,JOR,Employment and Time Use,23.358,1986
Jordan,JOR,Employment and Time Use,23.358,1987
Jordan,JOR,Employment and Time Use,21.168,1988
Jordan,JOR,Employment and Time Use,21.168,1989
Jordan,JOR,Employment and Time Use,31.387,1990
Jordan,JOR,Employment and Time Use,56.204,1991
Jordan,JOR,Employment and Time Use,56.204,1992
Jordan,JOR,Employment and Time Use,58.394,1993
Jordan,JOR,Employment and Time Use,56.204,1994
Jordan,JOR,Employment and Time Use,58.394,1995
Jordan,JOR,Employment and Time Use,58.394,1996
Jordan,JOR,Employment and Time Use,56.204,1997
Jordan,JOR,Employment and Time Use,56.204,1998
Jordan,JOR,Employment and Time Use,58.394,1999
Jordan,JOR,Employment and Time Use,65.693,2000
Jordan,JOR,Employment and Time Use,65.693,2001
Jordan,JOR,Employment and Time Use,65.693,2002
Jordan,JOR,Employment and Time Use,65.693,2003
Jordan,JOR,Employment and Time Use,60.584,2004
Jordan,JOR,Employment and Time Use,65.693,2005
Jordan,JOR,Employment and Time Use,65.693,2006
Jordan,JOR,Employment and Time Use,67.883,2007
Jordan,JOR,Employment and Time Use,65.693,2008
Jordan,JOR,Employment and Time Use,63.504,2009
Jordan,JOR,Employment and Time Use,63.504,2010
Jordan,JOR,Employment and Time Use,65.693,2011
Jordan,JOR,Employment and Time Use,65.693,2012
Jordan,JOR,Employment and Time Use,63.504,2013
Jordan,JOR,Employment and Time Use,63.504,2014
Jordan,JOR,Employment and Time Use,61.314,2015
Jordan,JOR,Employment and Time Use,63.504,2016
Jordan,JOR,Employment and Time Use,90.511,2017
Jordan,JOR,Employment and Time Use,90.511,2018
Jordan,JOR,Employment and Time Use,90.511,2019
Jordan,JOR,Employment and Time Use,90.511,2020
Jordan,JOR,Employment and Time Use,90.511,2021
Jordan,JOR,Employment and Time Use,89.781,2022
Jordan,JOR,Employment and Time Use,93.431,2023
Jordan,JOR,Entrepreneurship,0.000,1960
Jordan,JOR,Entrepreneurship,0.000,1961
Jordan,JOR,Entrepreneurship,0.000,1962
Jordan,JOR,Entrepreneurship,0.000,1963
Jordan,JOR,Entrepreneurship,0.000,1964
Jordan,JOR,Entrepreneurship,0.000,1965
Jordan,JOR,Entrepreneurship,0.000,1966
Jordan,JOR,Entrepreneurship,0.000,1967
Jordan,JOR,Entrepreneurship,0.000,1968
Jordan,JOR,Entrepreneurship,0.000,1969
Jordan,JOR,Entrepreneurship,9.375,1970
Jordan,JOR,Entrepreneurship,9.375,1971
Jordan,JOR,Entrepreneurship,9.375,1972
Jordan,JOR,Entrepreneurship,9.375,1973
Jordan,JOR,Entrepreneurship,9.375,1974
Jordan,JOR,Entrepreneurship,9.375,1975
Jordan,JOR,Entrepreneurship,9.375,1976
Jordan,JOR,Entrepreneurship,9.375,1977
Jordan,JOR,Entrepreneurship,9.375,1978
Jordan,JOR,Entrepreneurship,9.375,1979
Jordan,JOR,Entrepreneurship,9.375,1980
Jordan,JOR,Entrepreneurship,9.375,1981
Jordan,JOR,Entrepreneurship,9.375,1982
Jordan,JOR,Entrepreneurship,9.375,1983
Jordan,JOR,Entrepreneurship,9.375,1984
Jordan,JOR,Entrepreneurship,9.375,1985
Jordan,JOR,Entrepreneurship,9.375,1986
Jordan,JOR,Entrepreneurship,9.375,1987
Jordan,JOR,Entrepreneurship,9.375,1988
Jordan,JOR,Entrepreneurship,9.375,1989
Jordan,JOR,Entrepreneurship,9.375,1990
Jordan,JOR,Entrepreneurship,9.375,1991
Jordan,JOR,Entrepreneurship,9.375,1992
Jordan,JOR,Entrepreneurship,9.375,1993
Jordan,JOR,Entrepreneurship,9.375,1994
Jordan,JOR,Entrepreneurship,9.375,1995
Jordan,JOR,Entrepreneurship,9.375,1996
Jordan,JOR,Entrepreneurship,9.375,1997
Jordan,JOR,Entrepreneurship,9.375,1998
Jordan,JOR,Entrepreneurship,9.375,1999
Jordan,JOR,Entrepreneurship,9.375,2000
Jordan,JOR,Entrepreneurship,9.375,2001
Jordan,JOR,Entrepreneurship,9.375,2002
Jordan,JOR,Entrepreneurship,37.500,2003
Jordan,JOR,Entrepreneurship,37.500,2004
Jordan,JOR,Entrepreneurship,37.500,2005
Jordan,JOR,Entrepreneurship,40.625,2006
Jordan,JOR,Entrepreneurship,37.500,2007
Jordan,JOR,Entrepreneurship,37.500,2008
Jordan,JOR,Entrepreneurship,37.500,2009
Jordan,JOR,Entrepreneurship,37.500,2010
Jordan,JOR,Entrepreneurship,37.500,2011
Jordan,JOR,Entrepreneurship,37.500,2012
Jordan,JOR,Entrepreneurship,43.750,2013
Jordan,JOR,Entrepreneurship,81.250,2014
Jordan,JOR,Entrepreneurship,62.500,2015
Jordan,JOR,Entrepreneurship,62.500,2016
Jordan,JOR,Entrepreneurship,81.250,2017
Jordan,JOR,Entrepreneurship,62.500,2018
Jordan,JOR,Entrepreneurship,43.750,2019
Jordan,JOR,Entrepreneurship,9.375,2020
Jordan,JOR,Entrepreneurship,9.375,2021
Jordan,JOR,Entrepreneurship,9.375,2022
Jordan,JOR,Entrepreneurship,9.375,2023
Jordan,JOR,Environment,0.000,1960
Jordan,JOR,Environment,0.000,1961
Jordan,JOR,Environment,0.000,1962
Jordan,JOR,Environment,0.000,1963
Jordan,JOR,Environment,0.000,1964
Jordan,JOR,Environment,0.000,1965
Jordan,JOR,Environment,0.000,1966
Jordan,JOR,Environment,0.000,1967
Jordan,JOR,Environment,0.000,1968
Jordan,JOR,Environment,0.000,1969
Jordan,JOR,Environment,0.000,1970
Jordan,JOR,Environment,0.000,1971
Jordan,JOR,Environment,0.000,1972
Jordan,JOR,Environment,0.000,1973
Jordan,JOR,Environment,0.000,1974
Jordan,JOR,Environment,0.000,1975
Jordan,JOR,Environment,0.000,1976
Jordan,JOR,Environment,0.000,1977
Jordan,JOR,Environment,0.000,1978
Jordan,JOR,Environment,0.000,1979
Jordan,JOR,Environment,0.000,1980
Jordan,JOR,Environment,0.000,1981
Jordan,JOR,Environment,0.000,1982
Jordan,JOR,Environment,0.000,1983
Jordan,JOR,Environment,0.000,1984
Jordan,JOR,Environment,0.000,1985
Jordan,JOR,Environment,0.000,1986
Jordan,JOR,Environment,0.000,1987
Jordan,JOR,Environment,0.000,1988
Jordan,JOR,Environment,0.000,1989
Jordan,JOR,Environment,0.000,1990
Jordan,JOR,Environment,0.000,1991
Jordan,JOR,Environment,0.000,1992
Jordan,JOR,Environment,0.000,1993
Jordan,JOR,Environment,0.000,1994
Jordan,JOR,Environment,0.000,1995
Jordan,JOR,Environment,0.000,1996
Jordan,JOR,Environment,10.000,1997
Jordan,JOR,Environment,0.000,1998
Jordan,JOR,Environment,0.000,1999
Jordan,JOR,Environment,10.000,2000
Jordan,JOR,Environment,10.000,2001
Jordan,JOR,Environment,16.667,2002
Jordan,JOR,Environment,10.000,2003
Jordan,JOR,Environment,13.333,2004
Jordan,JOR,Environment,13.333,2005
Jordan,JOR,Environment,10.000,2006
Jordan,JOR,Environment,23.333,2007
Jordan,JOR,Environment,10.000,2008
Jordan,JOR,Environment,20.000,2009
Jordan,JOR,Environment,10.000,2010
Jordan,JOR,Environment,13.333,2011
Jordan,JOR,Environment,16.667,2012
Jordan,JOR,Environment,10.000,2013
Jordan,JOR,Environment,20.000,2014
Jordan,JOR,Environment,10.000,2015
Jordan,JOR,Environment,10.000,2016
Jordan,JOR,Environment,20.000,2017
Jordan,JOR,Environment,43.333,2018
Jordan,JOR,Environment,30.000,2019
Jordan,JOR,Environment,10.000,2020
Jordan,JOR,Environment,20.000,2021
Jordan,JOR,Environment,10.000,2022
Jordan,JOR,Environment,0.000,2023
Jordan,JOR,Health,8.586,1960
Jordan,JOR,Health,8.586,1961
Jordan,JOR,Health,8.586,1962
Jordan,JOR,Health,8.586,1963
Jordan,JOR,Health,8.586,1964
Jordan,JOR,Health,8.586,1965
Jordan,JOR,Health,8.586,1966
Jordan,JOR,Health,8.586,1967
Jordan,JOR,Health,8.586,1968
Jordan,JOR,Health,8.586,1969
Jordan,JOR,Health,8.586,1970
Jordan,JOR,Health,8.586,1971
Jordan,JOR,Health,9.596,1972
Jordan,JOR,Health,8.586,1973
Jordan,JOR,Health,8.586,1974
Jordan,JOR,Health,11.111,1975
Jordan,JOR,Health,12.121,1976
Jordan,JOR,Health,11.111,1977
Jordan,JOR,Health,11.111,1978
Jordan,JOR,Health,11.111,1979
Jordan,JOR,Health,12.121,1980
Jordan,JOR,Health,12.121,1981
Jordan,JOR,Health,12.121,1982
Jordan,JOR,Health,13.131,1983
Jordan,JOR,Health,12.121,1984
Jordan,JOR,Health,12.121,1985
Jordan,JOR,Health,12.121,1986
Jordan,JOR,Health,12.121,1987
Jordan,JOR,Health,12.121,1988
Jordan,JOR,Health,12.121,1989
Jordan,JOR,Health,31.818,1990
Jordan,JOR,Health,16.667,1991
Jordan,JOR,Health,16.667,1992
Jordan,JOR,Health,16.667,1993
Jordan,JOR,Health,16.667,1994
Jordan,JOR,Health,16.667,1995
Jordan,JOR,Health,17.172,1996
Jordan,JOR,Health,31.818,1997
Jordan,JOR,Health,16.667,1998
Jordan,JOR,Health,16.667,1999
Jordan,JOR,Health,56.061,2000
Jordan,JOR,Health,31.313,2001
Jordan,JOR,Health,51.515,2002
Jordan,JOR,Health,31.313,2003
Jordan,JOR,Health,31.313,2004
Jordan,JOR,Health,32.828,2005
Jordan,JOR,Health,31.313,2006
Jordan,JOR,Health,43.939,2007
Jordan,JOR,Health,31.313,2008
Jordan,JOR,Health,45.455,2009
Jordan,JOR,Health,58.586,2010
Jordan,JOR,Health,31.313,2011
Jordan,JOR,Health,52.020,2012
Jordan,JOR,Health,31.313,2013
Jordan,JOR,Health,32.828,2014
Jordan,JOR,Health,55.556,2015
Jordan,JOR,Health,31.313,2016
Jordan,JOR,Health,35.354,2017
Jordan,JOR,Health,49.495,2018
Jordan,JOR,Health,63.636,2019
Jordan,JOR,Health,25.758,2020
Jordan,JOR,Health,19.192,2021
Jordan,JOR,Health,16.667,2022
Jordan,JOR,Health,9.596,2023
Jordan,JOR,Leadership,0.000,1960
Jordan,JOR,Leadership,0.000,1961
Jordan,JOR,Leadership,0.000,1962
Jordan,JOR,Leadership,0.000,1963
Jordan,JOR,Leadership,0.000,1964
Jordan,JOR,Leadership,0.000,1965
Jordan,JOR,Leadership,0.000,1966
Jordan,JOR,Leadership,0.000,1967
Jordan,JOR,Leadership,0.000,1968
Jordan,JOR,Leadership,0.000,1969
Jordan,JOR,Leadership,0.000,1970
Jordan,JOR,Leadership,0.000,1971
Jordan,JOR,Leadership,0.000,1972
Jordan,JOR,Leadership,0.000,1973
Jordan,JOR,Leadership,0.000,1974
Jordan,JOR,Leadership,0.000,1975
Jordan,JOR,Leadership,0.000,1976
Jordan,JOR,Leadership,0.000,1977
Jordan,JOR,Leadership,0.000,1978
Jordan,JOR,Leadership,0.000,1979
Jordan,JOR,Leadership,0.000,1980
Jordan,JOR,Leadership,0.000,1981
Jordan,JOR,Leadership,0.000,1982
Jordan,JOR,Leadership,0.000,1983
Jordan,JOR,Leadership,0.000,1984
Jordan,JOR,Leadership,0.000,1985
Jordan,JOR,Leadership,0.000,1986
Jordan,JOR,Leadership,0.000,1987
Jordan,JOR,Leadership,0.000,1988
Jordan,JOR,Leadership,0.000,1989
Jordan,JOR,Leadership,0.000,1990
Jordan,JOR,Leadership,0.000,1991
Jordan,JOR,Leadership,0.000,1992
Jordan,JOR,Leadership,0.000,1993
Jordan,JOR,Leadership,0.000,1994
Jordan,JOR,Leadership,0.000,1995
Jordan,JOR,Leadership,0.000,1996
Jordan,JOR,Leadership,25.000,1997
Jordan,JOR,Leadership,25.000,1998
Jordan,JOR,Leadership,25.000,1999
Jordan,JOR,Leadership,25.000,2000
Jordan,JOR,Leadership,25.000,2001
Jordan,JOR,Leadership,25.000,2002
Jordan,JOR,Leadership,25.000,2003
Jordan,JOR,Leadership,25.000,2004
Jordan,JOR,Leadership,50.000,2005
Jordan,JOR,Leadership,25.000,2006
Jordan,JOR,Leadership,25.000,2007
Jordan,JOR,Leadership,50.000,2008
Jordan,JOR,Leadership,25.000,2009
Jordan,JOR,Leadership,50.000,2010
Jordan,JOR,Leadership,25.000,2011
Jordan,JOR,Leadership,50.000,2012
Jordan,JOR,Leadership,50.000,2013
Jordan,JOR,Leadership,50.000,2014
Jordan,JOR,Leadership,50.000,2015
Jordan,JOR,Leadership,50.000,2016
Jordan,JOR,Leadership,50.000,2017
Jordan,JOR,Leadership,75.000,2018
Jordan,JOR,Leadership,100.000,2019
Jordan,JOR,Leadership,75.000,2020
Jordan,JOR,Leadership,50.000,2021
Jordan,JOR,Leadership,50.000,2022
Jordan,JOR,Leadership,50.000,2023
Jordan,JOR,Norms and Decision-making,0.000,1960
Jordan,JOR,Norms and Decision-making,0.000,1961
Jordan,JOR,Norms and Decision-making,0.000,1962
Jordan,JOR,Norms and Decision-making,0.000,1963
Jordan,JOR,Norms and Decision-making,0.000,1964
Jordan,JOR,Norms and Decision-making,0.000,1965
Jordan,JOR,Norms and Decision-making,0.000,1966
Jordan,JOR,Norms and Decision-making,0.000,1967
Jordan,JOR,Norms and Decision-making,0.000,1968
Jordan,JOR,Norms and Decision-making,0.000,1969
Jordan,JOR,Norms and Decision-making,12.593,1970
Jordan,JOR,Norms and Decision-making,12.593,1971
Jordan,JOR,Norms and Decision-making,12.593,1972
Jordan,JOR,Norms and Decision-making,12.593,1973
Jordan,JOR,Norms and Decision-making,12.593,1974
Jordan,JOR,Norms and Decision-making,12.593,1975
Jordan,JOR,Norms and Decision-making,14.074,1976
Jordan,JOR,Norms and Decision-making,12.593,1977
Jordan,JOR,Norms and Decision-making,12.593,1978
Jordan,JOR,Norms and Decision-making,14.074,1979
Jordan,JOR,Norms and Decision-making,12.593,1980
Jordan,JOR,Norms and Decision-making,12.593,1981
Jordan,JOR,Norms and Decision-making,12.593,1982
Jordan,JOR,Norms and Decision-making,12.593,1983
Jordan,JOR,Norms and Decision-making,12.593,1984
Jordan,JOR,Norms and Decision-making,12.593,1985
Jordan,JOR,Norms and Decision-making,12.593,1986
Jordan,JOR,Norms and Decision-making,12.593,1987
Jordan,JOR,Norms and Decision-making,12.593,1988
Jordan,JOR,Norms and Decision-making,12.593,1989
Jordan,JOR,Norms and Decision-making,17.037,1990
Jordan,JOR,Norms and Decision-making,12.593,1991
Jordan,JOR,Norms and Decision-making,12.593,1992
Jordan,JOR,Norms and Decision-making,12.593,1993
Jordan,JOR,Norms and Decision-making,14.074,1994
Jordan,JOR,Norms and Decision-making,12.593,1995
Jordan,JOR,Norms and Decision-making,12.593,1996
Jordan,JOR,Norms and Decision-making,17.037,1997
Jordan,JOR,Norms and Decision-making,12.593,1998
Jordan,JOR,Norms and Decision-making,12.593,1999
Jordan,JOR,Norms and Decision-making,12.593,2000
Jordan,JOR,Norms and Decision-making,12.593,2001
Jordan,JOR,Norms and Decision-making,70.370,2002
Jordan,JOR,Norms and Decision-making,12.593,2003
Jordan,JOR,Norms and Decision-making,14.074,2004
Jordan,JOR,Norms and Decision-making,12.593,2005
Jordan,JOR,Norms and Decision-making,12.593,2006
Jordan,JOR,Norms and Decision-making,70.370,2007
Jordan,JOR,Norms and Decision-making,12.593,2008
Jordan,JOR,Norms and Decision-making,17.037,2009
Jordan,JOR,Norms and Decision-making,12.593,2010
Jordan,JOR,Norms and Decision-making,12.593,2011
Jordan,JOR,Norms and Decision-making,61.481,2012
Jordan,JOR,Norms and Decision-making,12.593,2013
Jordan,JOR,Norms and Decision-making,12.593,2014
Jordan,JOR,Norms and Decision-making,14.074,2015
Jordan,JOR,Norms and Decision-making,12.593,2016
Jordan,JOR,Norms and Decision-making,12.593,2017
Jordan,JOR,Norms and Decision-making,70.370,2018
Jordan,JOR,Norms and Decision-making,12.593,2019
Jordan,JOR,Norms and Decision-making,12.593,2020
Jordan,JOR,Norms and Decision-making,12.593,2021
Jordan,JOR,Norms and Decision-making,12.593,2022
Jordan,JOR,Norms and Decision-making,35.556,2023
Jordan,JOR,Population,86.905,1960
Jordan,JOR,Population,86.905,1961
Jordan,JOR,Population,86.905,1962
Jordan,JOR,Population,86.905,1963
Jordan,JOR,Population,86.905,1964
Jordan,JOR,Population,86.905,1965
Jordan,JOR,Population,86.905,1966
Jordan,JOR,Population,86.905,1967
Jordan,JOR,Population,86.905,1968
Jordan,JOR,Population,86.905,1969
Jordan,JOR,Population,86.905,1970
Jordan,JOR,Population,86.905,1971
Jordan,JOR,Population,86.905,1972
Jordan,JOR,Population,86.905,1973
Jordan,JOR,Population,86.905,1974
Jordan,JOR,Population,86.905,1975
Jordan,JOR,Population,89.286,1976
Jordan,JOR,Population,86.905,1977
Jordan,JOR,Population,86.905,1978
Jordan,JOR,Population,89.286,1979
Jordan,JOR,Population,91.667,1980
Jordan,JOR,Population,86.905,1981
Jordan,JOR,Population,86.905,1982
Jordan,JOR,Population,86.905,1983
Jordan,JOR,Population,86.905,1984
Jordan,JOR,Population,91.667,1985
Jordan,JOR,Population,86.905,1986
Jordan,JOR,Population,86.905,1987
Jordan,JOR,Population,86.905,1988
Jordan,JOR,Population,86.905,1989
Jordan,JOR,Population,96.429,1990
Jordan,JOR,Population,86.905,1991
Jordan,JOR,Population,86.905,1992
Jordan,JOR,Population,86.905,1993
Jordan,JOR,Population,89.286,1994
Jordan,JOR,Population,92.857,1995
Jordan,JOR,Population,86.905,1996
Jordan,JOR,Population,90.476,1997
Jordan,JOR,Population,86.905,1998
Jordan,JOR,Population,86.905,1999
Jordan,JOR,Population,92.857,2000
Jordan,JOR,Population,86.905,2001
Jordan,JOR,Population,90.476,2002
Jordan,JOR,Population,86.905,2003
Jordan,JOR,Population,89.286,2004
Jordan,JOR,Population,92.857,2005
Jordan,JOR,Population,86.905,2006
Jordan,JOR,Population,90.476,2007
Jordan,JOR,Population,86.905,2008
Jordan,JOR,Population,90.476,2009
Jordan,JOR,Population,92.857,2010
Jordan,JOR,Population,86.905,2011
Jordan,JOR,Population,94.048,2012
Jordan,JOR,Population,86.905,2013
Jordan,JOR,Population,86.905,2014
Jordan,JOR,Population,95.238,2015
Jordan,JOR,Population,86.905,2016
Jordan,JOR,Population,86.905,2017
Jordan,JOR,Population,94.048,2018
Jordan,JOR,Population,86.905,2019
Jordan,JOR,Population,88.095,2020
Jordan,JOR,Population,86.905,2021
Jordan,JOR,Population,86.905,2022
Jordan,JOR,Population,77.381,2023
Jordan,JOR,SDGs,2.685,1960
Jordan,JOR,SDGs,2.685,1961
Jordan,JOR,SDGs,2.685,1962
Jordan,JOR,SDGs,2.685,1963
Jordan,JOR,SDGs,2.685,1964
Jordan,JOR,SDGs,2.685,1965
Jordan,JOR,SDGs,2.685,1966
Jordan,JOR,SDGs,2.685,1967
Jordan,JOR,SDGs,2.685,1968
Jordan,JOR,SDGs,2.685,1969
Jordan,JOR,SDGs,11.409,1970
Jordan,JOR,SDGs,11.409,1971
Jordan,JOR,SDGs,11.409,1972
Jordan,JOR,SDGs,11.409,1973
Jordan,JOR,SDGs,11.409,1974
Jordan,JOR,SDGs,11.409,1975
Jordan,JOR,SDGs,11.409,1976
Jordan,JOR,SDGs,11.409,1977
Jordan,JOR,SDGs,11.409,1978
Jordan,JOR,SDGs,11.409,1979
Jordan,JOR,SDGs,12.081,1980
Jordan,JOR,SDGs,12.081,1981
Jordan,JOR,SDGs,12.081,1982
Jordan,JOR,SDGs,14.094,1983
Jordan,JOR,SDGs,12.081,1984
Jordan,JOR,SDGs,12.081,1985
Jordan,JOR,SDGs,14.094,1986
Jordan,JOR,SDGs,14.094,1987
Jordan,JOR,SDGs,12.081,1988
Jordan,JOR,SDGs,12.081,1989
Jordan,JOR,SDGs,18.792,1990
Jordan,JOR,SDGs,20.134,1991
Jordan,JOR,SDGs,20.134,1992
Jordan,JOR,SDGs,22.148,1993
Jordan,JOR,SDGs,20.134,1994
Jordan,JOR,SDGs,22.148,1995
Jordan,JOR,SDGs,22.819,1996
Jordan,JOR,SDGs,23.490,1997
Jordan,JOR,SDGs,20.805,1998
Jordan,JOR,SDGs,20.805,1999
Jordan,JOR,SDGs,67.785,2000
Jordan,JOR,SDGs,35.570,2001
Jordan,JOR,SDGs,38.255,2002
Jordan,JOR,SDGs,35.570,2003
Jordan,JOR,SDGs,33.557,2004
Jordan,JOR,SDGs,37.584,2005
Jordan,JOR,SDGs,35.570,2006
Jordan,JOR,SDGs,38.255,2007
Jordan,JOR,SDGs,35.570,2008
Jordan,JOR,SDGs,38.255,2009
Jordan,JOR,SDGs,67.785,2010
Jordan,JOR,SDGs,37.584,2011
Jordan,JOR,SDGs,39.597,2012
Jordan,JOR,SDGs,35.570,2013
Jordan,JOR,SDGs,37.584,2014
Jordan,JOR,SDGs,71.812,2015
Jordan,JOR,SDGs,37.584,2016
Jordan,JOR,SDGs,39.597,2017
Jordan,JOR,SDGs,44.295,2018
Jordan,JOR,SDGs,73.826,2019
Jordan,JOR,SDGs,31.544,2020
Jordan,JOR,SDGs,28.859,2021
Jordan,JOR,SDGs,26.846,2022
Jordan,JOR,SDGs,18.121,2023
Jordan,JOR,Technology,0.000,1960
Jordan,JOR,Technology,0.000,1961
Jordan,JOR,Technology,0.000,1962
Jordan,JOR,Technology,0.000,1963
Jordan,JOR,Technology,0.000,1964
Jordan,JOR,Technology,0.000,1965
Jordan,JOR,Technology,0.000,1966
Jordan,JOR,Technology,0.000,1967
Jordan,JOR,Technology,0.000,1968
Jordan,JOR,Technology,0.000,1969
Jordan,JOR,Technology,0.000,1970
Jordan,JOR,Technology,0.000,1971
Jordan,JOR,Technology,0.000,1972
Jordan,JOR,Technology,0.000,1973
Jordan,JOR,Technology,0.000,1974
Jordan,JOR,Technology,0.000,1975
Jordan,JOR,Technology,0.000,1976
Jordan,JOR,Technology,0.000,1977
Jordan,JOR,Technology,0.000,1978
Jordan,JOR,Technology,0.000,1979
Jordan,JOR,Technology,0.000,1980
Jordan,JOR,Technology,0.000,1981
Jordan,JOR,Technology,0.000,1982
Jordan,JOR,Technology,0.000,1983
Jordan,JOR,Technology,0.000,1984
Jordan,JOR,Technology,0.000,1985
Jordan,JOR,Technology,0.000,1986
Jordan,JOR,Technology,0.000,1987
Jordan,JOR,Technology,0.000,1988
Jordan,JOR,Technology,0.000,1989
Jordan,JOR,Technology,2.222,1990
Jordan,JOR,Technology,2.222,1991
Jordan,JOR,Technology,2.222,1992
Jordan,JOR,Technology,2.222,1993
Jordan,JOR,Technology,2.222,1994
Jordan,JOR,Technology,2.222,1995
Jordan,JOR,Technology,2.222,1996
Jordan,JOR,Technology,2.222,1997
Jordan,JOR,Technology,2.222,1998
Jordan,JOR,Technology,2.222,1999
Jordan,JOR,Technology,2.222,2000
Jordan,JOR,Technology,2.222,2001
Jordan,JOR,Technology,2.222,2002
Jordan,JOR,Technology,2.222,2003
Jordan,JOR,Technology,6.667,2004
Jordan,JOR,Technology,6.667,2005
Jordan,JOR,Technology,2.222,2006
Jordan,JOR,Technology,8.889,2007
Jordan,JOR,Technology,2.222,2008
Jordan,JOR,Technology,2.222,2009
Jordan,JOR,Technology,2.222,2010
Jordan,JOR,Technology,13.333,2011
Jordan,JOR,Technology,2.222,2012
Jordan,JOR,Technology,2.222,2013
Jordan,JOR,Technology,35.556,2014
Jordan,JOR,Technology,2.222,2015
Jordan,JOR,Technology,2.222,2016
Jordan,JOR,Technology,55.556,2017
Jordan,JOR,Technology,4.444,2018
Jordan,JOR,Technology,2.222,2019
Jordan,JOR,Technology,2.222,2020
Jordan,JOR,Technology,86.667,2021
Jordan,JOR,Technology,2.222,2022
Jordan,JOR,Technology,0.000,2023
Jordan,JOR,Violence,0.000,1960
Jordan,JOR,Violence,0.000,1961
Jordan,JOR,Violence,0.000,1962
Jordan,JOR,Violence,0.000,1963
Jordan,JOR,Violence,0.000,1964
Jordan,JOR,Violence,0.000,1965
Jordan,JOR,Violence,0.000,1966
Jordan,JOR,Violence,0.000,1967
Jordan,JOR,Violence,0.000,1968
Jordan,JOR,Violence,0.000,1969
Jordan,JOR,Violence,2.143,1970
Jordan,JOR,Violence,2.143,1971
Jordan,JOR,Violence,2.143,1972
Jordan,JOR,Violence,2.143,1973
Jordan,JOR,Violence,2.143,1974
Jordan,JOR,Violence,2.143,1975
Jordan,JOR,Violence,2.143,1976
Jordan,JOR,Violence,2.143,1977
Jordan,JOR,Violence,2.143,1978
Jordan,JOR,Violence,2.143,1979
Jordan,JOR,Violence,2.143,1980
Jordan,JOR,Violence,2.143,1981
Jordan,JOR,Violence,2.143,1982
Jordan,JOR,Violence,2.143,1983
Jordan,JOR,Violence,2.143,1984
Jordan,JOR,Violence,2.143,1985
Jordan,JOR,Violence,2.143,1986
Jordan,JOR,Violence,2.143,1987
Jordan,JOR,Violence,2.143,1988
Jordan,JOR,Violence,2.143,1989
Jordan,JOR,Violence,4.286,1990
Jordan,JOR,Violence,2.857,1991
Jordan,JOR,Violence,2.857,1992
Jordan,JOR,Violence,2.857,1993
Jordan,JOR,Violence,2.857,1994
Jordan,JOR,Violence,2.857,1995
Jordan,JOR,Violence,2.857,1996
Jordan,JOR,Violence,4.286,1997
Jordan,JOR,Violence,2.143,1998
Jordan,JOR,Violence,2.143,1999
Jordan,JOR,Violence,4.286,2000
Jordan,JOR,Violence,4.286,2001
Jordan,JOR,Violence,40.000,2002
Jordan,JOR,Violence,4.286,2003
Jordan,JOR,Violence,4.286,2004
Jordan,JOR,Violence,4.286,2005
Jordan,JOR,Violence,4.286,2006
Jordan,JOR,Violence,49.286,2007
Jordan,JOR,Violence,6.429,2008
Jordan,JOR,Violence,7.857,2009
Jordan,JOR,Violence,6.429,2010
Jordan,JOR,Violence,6.429,2011
Jordan,JOR,Violence,43.571,2012
Jordan,JOR,Violence,5.000,2013
Jordan,JOR,Violence,5.000,2014
Jordan,JOR,Violence,5.000,2015
Jordan,JOR,Violence,6.429,2016
Jordan,JOR,Violence,6.429,2017
Jordan,JOR,Violence,53.571,2018
Jordan,JOR,Violence,6.429,2019
Jordan,JOR,Violence,4.286,2020
Jordan,JOR,Violence,4.286,2021
Jordan,JOR,Violence,2.143,2022
Jordan,JOR,Violence,23.571,2023
Jordan,JOR,Youth 15-24,4.587,1960
Jordan,JOR,Youth 15-24,7.339,1961
Jordan,JOR,Youth 15-24,4.587,1962
Jordan,JOR,Youth 15-24,4.587,1963
Jordan,JOR,Youth 15-24,4.587,1964
Jordan,JOR,Youth 15-24,4.587,1965
Jordan,JOR,Youth 15-24,4.587,1966
Jordan,JOR,Youth 15-24,4.587,1967
Jordan,JOR,Youth 15-24,4.587,1968
Jordan,JOR,Youth 15-24,4.587,1969
Jordan,JOR,Youth 15-24,4.587,1970
Jordan,JOR,Youth 15-24,21.101,1971
Jordan,JOR,Youth 15-24,21.101,1972
Jordan,JOR,Youth 15-24,21.101,1973
Jordan,JOR,Youth 15-24,21.101,1974
Jordan,JOR,Youth 15-24,23.853,1975
Jordan,JOR,Youth 15-24,21.101,1976
Jordan,JOR,Youth 15-24,21.101,1977
Jordan,JOR,Youth 15-24,21.101,1978
Jordan,JOR,Youth 15-24,31.193,1979
Jordan,JOR,Youth 15-24,21.101,1980
Jordan,JOR,Youth 15-24,21.101,1981
Jordan,JOR,Youth 15-24,21.101,1982
Jordan,JOR,Youth 15-24,18.349,1983
Jordan,JOR,Youth 15-24,18.349,1984
Jordan,JOR,Youth 15-24,18.349,1985
Jordan,JOR,Youth 15-24,21.101,1986
Jordan,JOR,Youth 15-24,21.101,1987
Jordan,JOR,Youth 15-24,21.101,1988
Jordan,JOR,Youth 15-24,18.349,1989
Jordan,JOR,Youth 15-24,27.523,1990
Jordan,JOR,Youth 15-24,33.028,1991
Jordan,JOR,Youth 15-24,34.862,1992
Jordan,JOR,Youth 15-24,34.862,1993
Jordan,JOR,Youth 15-24,32.110,1994
Jordan,JOR,Youth 15-24,21.101,1995
Jordan,JOR,Youth 15-24,32.110,1996
Jordan,JOR,Youth 15-24,23.853,1997
Jordan,JOR,Youth 15-24,21.101,1998
Jordan,JOR,Youth 15-24,39.450,1999
Jordan,JOR,Youth 15-24,45.872,2000
Jordan,JOR,Youth 15-24,21.101,2001
Jordan,JOR,Youth 15-24,50.459,2002
Jordan,JOR,Youth 15-24,61.468,2003
Jordan,JOR,Youth 15-24,59.633,2004
Jordan,JOR,Youth 15-24,66.972,2005
Jordan,JOR,Youth 15-24,48.624,2006
Jordan,JOR,Youth 15-24,59.633,2007
Jordan,JOR,Youth 15-24,51.376,2008
Jordan,JOR,Youth 15-24,26.606,2009
Jordan,JOR,Youth 15-24,54.128,2010
Jordan,JOR,Youth 15-24,61.468,2011
Jordan,JOR,Youth 15-24,39.450,2012
Jordan,JOR,Youth 15-24,39.450,2013
Jordan,JOR,Youth 15-24,36.697,2014
Jordan,JOR,Youth 15-24,25.688,2015
Jordan,JOR,Youth 15-24,28.440,2016
Jordan,JOR,Youth 15-24,60.550,2017
Jordan,JOR,Youth 15-24,77.982,2018
Jordan,JOR,Youth 15-24,42.202,2019
Jordan,JOR,Youth 15-24,47.706,2020
Jordan,JOR,Youth 15-24,39.450,2021
Jordan,JOR,Youth 15-24,37.615,2022
Jordan,JOR,Youth 15-24,44.037,2023
