Country Name,Country Code,Topic,% of available indicators,Year
Grenada,GRD,Assets,0.000,1960
Grenada,GRD,Assets,0.000,1961
Grenada,GRD,Assets,0.000,1962
Grenada,GRD,Assets,0.000,1963
Grenada,GRD,Assets,0.000,1964
Grenada,GRD,Assets,0.000,1965
Grenada,GRD,Assets,0.000,1966
Grenada,GRD,Assets,0.000,1967
Grenada,GRD,Assets,0.000,1968
Grenada,GRD,Assets,0.000,1969
Grenada,GRD,Assets,2.208,1970
Grenada,GRD,Assets,2.208,1971
Grenada,GRD,Assets,2.208,1972
Grenada,GRD,Assets,2.208,1973
Grenada,GRD,Assets,2.208,1974
Grenada,GRD,Assets,2.208,1975
Grenada,GRD,Assets,2.208,1976
Grenada,GRD,Assets,2.208,1977
Grenada,GRD,Assets,2.208,1978
Grenada,GRD,Assets,2.208,1979
Grenada,GRD,Assets,2.208,1980
Grenada,GRD,Assets,2.208,1981
Grenada,GRD,Assets,2.208,1982
Grenada,GRD,Assets,2.208,1983
Grenada,GRD,Assets,2.208,1984
Grenada,GRD,Assets,2.208,1985
Grenada,GRD,Assets,2.208,1986
Grenada,GRD,Assets,2.208,1987
Grenada,GRD,Assets,2.208,1988
Grenada,GRD,Assets,2.208,1989
Grenada,GRD,Assets,2.208,1990
Grenada,GRD,Assets,2.208,1991
Grenada,GRD,Assets,2.208,1992
Grenada,GRD,Assets,2.208,1993
Grenada,GRD,Assets,2.208,1994
Grenada,GRD,Assets,2.208,1995
Grenada,GRD,Assets,2.208,1996
Grenada,GRD,Assets,2.208,1997
Grenada,GRD,Assets,2.208,1998
Grenada,GRD,Assets,2.208,1999
Grenada,GRD,Assets,2.208,2000
Grenada,GRD,Assets,2.208,2001
Grenada,GRD,Assets,2.208,2002
Grenada,GRD,Assets,2.208,2003
Grenada,GRD,Assets,2.208,2004
Grenada,GRD,Assets,2.208,2005
Grenada,GRD,Assets,2.208,2006
Grenada,GRD,Assets,2.208,2007
Grenada,GRD,Assets,2.208,2008
Grenada,GRD,Assets,2.208,2009
Grenada,GRD,Assets,2.208,2010
Grenada,GRD,Assets,2.208,2011
Grenada,GRD,Assets,2.208,2012
Grenada,GRD,Assets,2.208,2013
Grenada,GRD,Assets,2.208,2014
Grenada,GRD,Assets,2.208,2015
Grenada,GRD,Assets,2.208,2016
Grenada,GRD,Assets,2.208,2017
Grenada,GRD,Assets,2.208,2018
Grenada,GRD,Assets,2.208,2019
Grenada,GRD,Assets,2.208,2020
Grenada,GRD,Assets,2.208,2021
Grenada,GRD,Assets,2.208,2022
Grenada,GRD,Assets,2.208,2023
Grenada,GRD,Children 0-14,19.231,1960
Grenada,GRD,Children 0-14,19.231,1961
Grenada,GRD,Children 0-14,19.231,1962
Grenada,GRD,Children 0-14,19.231,1963
Grenada,GRD,Children 0-14,19.231,1964
Grenada,GRD,Children 0-14,19.231,1965
Grenada,GRD,Children 0-14,19.231,1966
Grenada,GRD,Children 0-14,19.231,1967
Grenada,GRD,Children 0-14,19.231,1968
Grenada,GRD,Children 0-14,19.231,1969
Grenada,GRD,Children 0-14,21.538,1970
Grenada,GRD,Children 0-14,25.385,1971
Grenada,GRD,Children 0-14,33.077,1972
Grenada,GRD,Children 0-14,23.077,1973
Grenada,GRD,Children 0-14,23.077,1974
Grenada,GRD,Children 0-14,23.077,1975
Grenada,GRD,Children 0-14,24.615,1976
Grenada,GRD,Children 0-14,34.615,1977
Grenada,GRD,Children 0-14,33.077,1978
Grenada,GRD,Children 0-14,31.538,1979
Grenada,GRD,Children 0-14,31.538,1980
Grenada,GRD,Children 0-14,34.615,1981
Grenada,GRD,Children 0-14,33.077,1982
Grenada,GRD,Children 0-14,38.462,1983
Grenada,GRD,Children 0-14,37.692,1984
Grenada,GRD,Children 0-14,26.154,1985
Grenada,GRD,Children 0-14,24.615,1986
Grenada,GRD,Children 0-14,23.846,1987
Grenada,GRD,Children 0-14,26.923,1988
Grenada,GRD,Children 0-14,20.769,1989
Grenada,GRD,Children 0-14,21.538,1990
Grenada,GRD,Children 0-14,21.538,1991
Grenada,GRD,Children 0-14,21.538,1992
Grenada,GRD,Children 0-14,26.923,1993
Grenada,GRD,Children 0-14,27.692,1994
Grenada,GRD,Children 0-14,27.692,1995
Grenada,GRD,Children 0-14,27.692,1996
Grenada,GRD,Children 0-14,27.692,1997
Grenada,GRD,Children 0-14,27.692,1998
Grenada,GRD,Children 0-14,35.385,1999
Grenada,GRD,Children 0-14,37.692,2000
Grenada,GRD,Children 0-14,26.923,2001
Grenada,GRD,Children 0-14,38.462,2002
Grenada,GRD,Children 0-14,32.308,2003
Grenada,GRD,Children 0-14,30.000,2004
Grenada,GRD,Children 0-14,40.000,2005
Grenada,GRD,Children 0-14,23.077,2006
Grenada,GRD,Children 0-14,41.538,2007
Grenada,GRD,Children 0-14,38.462,2008
Grenada,GRD,Children 0-14,39.231,2009
Grenada,GRD,Children 0-14,51.538,2010
Grenada,GRD,Children 0-14,27.692,2011
Grenada,GRD,Children 0-14,20.769,2012
Grenada,GRD,Children 0-14,36.923,2013
Grenada,GRD,Children 0-14,35.385,2014
Grenada,GRD,Children 0-14,46.923,2015
Grenada,GRD,Children 0-14,40.000,2016
Grenada,GRD,Children 0-14,31.538,2017
Grenada,GRD,Children 0-14,46.154,2018
Grenada,GRD,Children 0-14,38.462,2019
Grenada,GRD,Children 0-14,30.000,2020
Grenada,GRD,Children 0-14,30.769,2021
Grenada,GRD,Children 0-14,20.769,2022
Grenada,GRD,Children 0-14,9.231,2023
Grenada,GRD,Education,0.000,1960
Grenada,GRD,Education,0.000,1961
Grenada,GRD,Education,0.000,1962
Grenada,GRD,Education,0.000,1963
Grenada,GRD,Education,0.000,1964
Grenada,GRD,Education,0.000,1965
Grenada,GRD,Education,0.000,1966
Grenada,GRD,Education,0.000,1967
Grenada,GRD,Education,0.000,1968
Grenada,GRD,Education,0.000,1969
Grenada,GRD,Education,10.429,1970
Grenada,GRD,Education,12.883,1971
Grenada,GRD,Education,22.086,1972
Grenada,GRD,Education,6.748,1973
Grenada,GRD,Education,6.135,1974
Grenada,GRD,Education,6.135,1975
Grenada,GRD,Education,7.362,1976
Grenada,GRD,Education,19.632,1977
Grenada,GRD,Education,18.405,1978
Grenada,GRD,Education,22.086,1979
Grenada,GRD,Education,25.767,1980
Grenada,GRD,Education,20.245,1981
Grenada,GRD,Education,21.472,1982
Grenada,GRD,Education,26.380,1983
Grenada,GRD,Education,28.221,1984
Grenada,GRD,Education,10.429,1985
Grenada,GRD,Education,9.202,1986
Grenada,GRD,Education,9.202,1987
Grenada,GRD,Education,11.656,1988
Grenada,GRD,Education,5.521,1989
Grenada,GRD,Education,6.748,1990
Grenada,GRD,Education,6.135,1991
Grenada,GRD,Education,6.748,1992
Grenada,GRD,Education,12.270,1993
Grenada,GRD,Education,8.589,1994
Grenada,GRD,Education,6.135,1995
Grenada,GRD,Education,6.135,1996
Grenada,GRD,Education,6.135,1997
Grenada,GRD,Education,6.135,1998
Grenada,GRD,Education,14.724,1999
Grenada,GRD,Education,6.135,2000
Grenada,GRD,Education,7.975,2001
Grenada,GRD,Education,25.153,2002
Grenada,GRD,Education,26.994,2003
Grenada,GRD,Education,25.767,2004
Grenada,GRD,Education,28.221,2005
Grenada,GRD,Education,2.454,2006
Grenada,GRD,Education,24.540,2007
Grenada,GRD,Education,20.859,2008
Grenada,GRD,Education,29.448,2009
Grenada,GRD,Education,20.245,2010
Grenada,GRD,Education,6.748,2011
Grenada,GRD,Education,0.613,2012
Grenada,GRD,Education,26.380,2013
Grenada,GRD,Education,25.153,2014
Grenada,GRD,Education,35.583,2015
Grenada,GRD,Education,32.515,2016
Grenada,GRD,Education,32.515,2017
Grenada,GRD,Education,59.509,2018
Grenada,GRD,Education,15.951,2019
Grenada,GRD,Education,30.675,2020
Grenada,GRD,Education,11.043,2021
Grenada,GRD,Education,1.840,2022
Grenada,GRD,Education,1.840,2023
Grenada,GRD,Employment and Time Use,2.920,1960
Grenada,GRD,Employment and Time Use,0.000,1961
Grenada,GRD,Employment and Time Use,0.000,1962
Grenada,GRD,Employment and Time Use,0.000,1963
Grenada,GRD,Employment and Time Use,0.000,1964
Grenada,GRD,Employment and Time Use,0.000,1965
Grenada,GRD,Employment and Time Use,0.000,1966
Grenada,GRD,Employment and Time Use,0.000,1967
Grenada,GRD,Employment and Time Use,0.000,1968
Grenada,GRD,Employment and Time Use,0.000,1969
Grenada,GRD,Employment and Time Use,24.088,1970
Grenada,GRD,Employment and Time Use,21.168,1971
Grenada,GRD,Employment and Time Use,21.168,1972
Grenada,GRD,Employment and Time Use,21.168,1973
Grenada,GRD,Employment and Time Use,21.168,1974
Grenada,GRD,Employment and Time Use,21.168,1975
Grenada,GRD,Employment and Time Use,21.168,1976
Grenada,GRD,Employment and Time Use,21.168,1977
Grenada,GRD,Employment and Time Use,21.168,1978
Grenada,GRD,Employment and Time Use,21.168,1979
Grenada,GRD,Employment and Time Use,21.168,1980
Grenada,GRD,Employment and Time Use,21.168,1981
Grenada,GRD,Employment and Time Use,21.168,1982
Grenada,GRD,Employment and Time Use,21.168,1983
Grenada,GRD,Employment and Time Use,21.168,1984
Grenada,GRD,Employment and Time Use,21.168,1985
Grenada,GRD,Employment and Time Use,21.168,1986
Grenada,GRD,Employment and Time Use,21.168,1987
Grenada,GRD,Employment and Time Use,28.467,1988
Grenada,GRD,Employment and Time Use,21.168,1989
Grenada,GRD,Employment and Time Use,21.168,1990
Grenada,GRD,Employment and Time Use,26.277,1991
Grenada,GRD,Employment and Time Use,21.168,1992
Grenada,GRD,Employment and Time Use,21.168,1993
Grenada,GRD,Employment and Time Use,26.277,1994
Grenada,GRD,Employment and Time Use,21.168,1995
Grenada,GRD,Employment and Time Use,26.277,1996
Grenada,GRD,Employment and Time Use,21.168,1997
Grenada,GRD,Employment and Time Use,33.577,1998
Grenada,GRD,Employment and Time Use,21.168,1999
Grenada,GRD,Employment and Time Use,21.168,2000
Grenada,GRD,Employment and Time Use,21.168,2001
Grenada,GRD,Employment and Time Use,21.168,2002
Grenada,GRD,Employment and Time Use,21.168,2003
Grenada,GRD,Employment and Time Use,21.168,2004
Grenada,GRD,Employment and Time Use,21.168,2005
Grenada,GRD,Employment and Time Use,21.168,2006
Grenada,GRD,Employment and Time Use,21.168,2007
Grenada,GRD,Employment and Time Use,21.168,2008
Grenada,GRD,Employment and Time Use,21.168,2009
Grenada,GRD,Employment and Time Use,21.168,2010
Grenada,GRD,Employment and Time Use,21.168,2011
Grenada,GRD,Employment and Time Use,21.168,2012
Grenada,GRD,Employment and Time Use,25.547,2013
Grenada,GRD,Employment and Time Use,25.547,2014
Grenada,GRD,Employment and Time Use,25.547,2015
Grenada,GRD,Employment and Time Use,21.168,2016
Grenada,GRD,Employment and Time Use,21.168,2017
Grenada,GRD,Employment and Time Use,54.745,2018
Grenada,GRD,Employment and Time Use,55.474,2019
Grenada,GRD,Employment and Time Use,55.474,2020
Grenada,GRD,Employment and Time Use,55.474,2021
Grenada,GRD,Employment and Time Use,21.168,2022
Grenada,GRD,Employment and Time Use,56.934,2023
Grenada,GRD,Entrepreneurship,0.000,1960
Grenada,GRD,Entrepreneurship,0.000,1961
Grenada,GRD,Entrepreneurship,0.000,1962
Grenada,GRD,Entrepreneurship,0.000,1963
Grenada,GRD,Entrepreneurship,0.000,1964
Grenada,GRD,Entrepreneurship,0.000,1965
Grenada,GRD,Entrepreneurship,0.000,1966
Grenada,GRD,Entrepreneurship,0.000,1967
Grenada,GRD,Entrepreneurship,0.000,1968
Grenada,GRD,Entrepreneurship,0.000,1969
Grenada,GRD,Entrepreneurship,9.375,1970
Grenada,GRD,Entrepreneurship,9.375,1971
Grenada,GRD,Entrepreneurship,9.375,1972
Grenada,GRD,Entrepreneurship,9.375,1973
Grenada,GRD,Entrepreneurship,9.375,1974
Grenada,GRD,Entrepreneurship,9.375,1975
Grenada,GRD,Entrepreneurship,9.375,1976
Grenada,GRD,Entrepreneurship,9.375,1977
Grenada,GRD,Entrepreneurship,9.375,1978
Grenada,GRD,Entrepreneurship,9.375,1979
Grenada,GRD,Entrepreneurship,9.375,1980
Grenada,GRD,Entrepreneurship,9.375,1981
Grenada,GRD,Entrepreneurship,9.375,1982
Grenada,GRD,Entrepreneurship,9.375,1983
Grenada,GRD,Entrepreneurship,9.375,1984
Grenada,GRD,Entrepreneurship,9.375,1985
Grenada,GRD,Entrepreneurship,9.375,1986
Grenada,GRD,Entrepreneurship,9.375,1987
Grenada,GRD,Entrepreneurship,9.375,1988
Grenada,GRD,Entrepreneurship,9.375,1989
Grenada,GRD,Entrepreneurship,9.375,1990
Grenada,GRD,Entrepreneurship,9.375,1991
Grenada,GRD,Entrepreneurship,9.375,1992
Grenada,GRD,Entrepreneurship,9.375,1993
Grenada,GRD,Entrepreneurship,9.375,1994
Grenada,GRD,Entrepreneurship,9.375,1995
Grenada,GRD,Entrepreneurship,9.375,1996
Grenada,GRD,Entrepreneurship,9.375,1997
Grenada,GRD,Entrepreneurship,9.375,1998
Grenada,GRD,Entrepreneurship,9.375,1999
Grenada,GRD,Entrepreneurship,9.375,2000
Grenada,GRD,Entrepreneurship,9.375,2001
Grenada,GRD,Entrepreneurship,9.375,2002
Grenada,GRD,Entrepreneurship,9.375,2003
Grenada,GRD,Entrepreneurship,9.375,2004
Grenada,GRD,Entrepreneurship,37.500,2005
Grenada,GRD,Entrepreneurship,37.500,2006
Grenada,GRD,Entrepreneurship,37.500,2007
Grenada,GRD,Entrepreneurship,37.500,2008
Grenada,GRD,Entrepreneurship,37.500,2009
Grenada,GRD,Entrepreneurship,43.750,2010
Grenada,GRD,Entrepreneurship,37.500,2011
Grenada,GRD,Entrepreneurship,37.500,2012
Grenada,GRD,Entrepreneurship,37.500,2013
Grenada,GRD,Entrepreneurship,37.500,2014
Grenada,GRD,Entrepreneurship,37.500,2015
Grenada,GRD,Entrepreneurship,37.500,2016
Grenada,GRD,Entrepreneurship,37.500,2017
Grenada,GRD,Entrepreneurship,37.500,2018
Grenada,GRD,Entrepreneurship,37.500,2019
Grenada,GRD,Entrepreneurship,9.375,2020
Grenada,GRD,Entrepreneurship,9.375,2021
Grenada,GRD,Entrepreneurship,9.375,2022
Grenada,GRD,Entrepreneurship,9.375,2023
Grenada,GRD,Environment,0.000,1960
Grenada,GRD,Environment,0.000,1961
Grenada,GRD,Environment,0.000,1962
Grenada,GRD,Environment,0.000,1963
Grenada,GRD,Environment,0.000,1964
Grenada,GRD,Environment,0.000,1965
Grenada,GRD,Environment,0.000,1966
Grenada,GRD,Environment,0.000,1967
Grenada,GRD,Environment,0.000,1968
Grenada,GRD,Environment,0.000,1969
Grenada,GRD,Environment,0.000,1970
Grenada,GRD,Environment,0.000,1971
Grenada,GRD,Environment,0.000,1972
Grenada,GRD,Environment,0.000,1973
Grenada,GRD,Environment,0.000,1974
Grenada,GRD,Environment,0.000,1975
Grenada,GRD,Environment,0.000,1976
Grenada,GRD,Environment,0.000,1977
Grenada,GRD,Environment,0.000,1978
Grenada,GRD,Environment,0.000,1979
Grenada,GRD,Environment,0.000,1980
Grenada,GRD,Environment,0.000,1981
Grenada,GRD,Environment,0.000,1982
Grenada,GRD,Environment,0.000,1983
Grenada,GRD,Environment,0.000,1984
Grenada,GRD,Environment,0.000,1985
Grenada,GRD,Environment,0.000,1986
Grenada,GRD,Environment,0.000,1987
Grenada,GRD,Environment,0.000,1988
Grenada,GRD,Environment,0.000,1989
Grenada,GRD,Environment,0.000,1990
Grenada,GRD,Environment,0.000,1991
Grenada,GRD,Environment,0.000,1992
Grenada,GRD,Environment,0.000,1993
Grenada,GRD,Environment,0.000,1994
Grenada,GRD,Environment,0.000,1995
Grenada,GRD,Environment,0.000,1996
Grenada,GRD,Environment,0.000,1997
Grenada,GRD,Environment,0.000,1998
Grenada,GRD,Environment,0.000,1999
Grenada,GRD,Environment,3.333,2000
Grenada,GRD,Environment,3.333,2001
Grenada,GRD,Environment,3.333,2002
Grenada,GRD,Environment,3.333,2003
Grenada,GRD,Environment,3.333,2004
Grenada,GRD,Environment,3.333,2005
Grenada,GRD,Environment,3.333,2006
Grenada,GRD,Environment,3.333,2007
Grenada,GRD,Environment,3.333,2008
Grenada,GRD,Environment,3.333,2009
Grenada,GRD,Environment,3.333,2010
Grenada,GRD,Environment,3.333,2011
Grenada,GRD,Environment,3.333,2012
Grenada,GRD,Environment,3.333,2013
Grenada,GRD,Environment,3.333,2014
Grenada,GRD,Environment,6.667,2015
Grenada,GRD,Environment,3.333,2016
Grenada,GRD,Environment,6.667,2017
Grenada,GRD,Environment,3.333,2018
Grenada,GRD,Environment,20.000,2019
Grenada,GRD,Environment,0.000,2020
Grenada,GRD,Environment,0.000,2021
Grenada,GRD,Environment,0.000,2022
Grenada,GRD,Environment,0.000,2023
Grenada,GRD,Health,8.586,1960
Grenada,GRD,Health,8.586,1961
Grenada,GRD,Health,8.586,1962
Grenada,GRD,Health,8.586,1963
Grenada,GRD,Health,8.586,1964
Grenada,GRD,Health,8.586,1965
Grenada,GRD,Health,8.586,1966
Grenada,GRD,Health,8.586,1967
Grenada,GRD,Health,8.586,1968
Grenada,GRD,Health,8.586,1969
Grenada,GRD,Health,8.586,1970
Grenada,GRD,Health,8.586,1971
Grenada,GRD,Health,8.586,1972
Grenada,GRD,Health,8.586,1973
Grenada,GRD,Health,8.586,1974
Grenada,GRD,Health,11.111,1975
Grenada,GRD,Health,11.111,1976
Grenada,GRD,Health,11.111,1977
Grenada,GRD,Health,11.111,1978
Grenada,GRD,Health,11.111,1979
Grenada,GRD,Health,11.616,1980
Grenada,GRD,Health,11.616,1981
Grenada,GRD,Health,12.121,1982
Grenada,GRD,Health,12.121,1983
Grenada,GRD,Health,12.121,1984
Grenada,GRD,Health,13.636,1985
Grenada,GRD,Health,12.121,1986
Grenada,GRD,Health,12.121,1987
Grenada,GRD,Health,12.626,1988
Grenada,GRD,Health,12.626,1989
Grenada,GRD,Health,16.162,1990
Grenada,GRD,Health,15.152,1991
Grenada,GRD,Health,15.152,1992
Grenada,GRD,Health,15.152,1993
Grenada,GRD,Health,15.152,1994
Grenada,GRD,Health,15.657,1995
Grenada,GRD,Health,15.152,1996
Grenada,GRD,Health,14.646,1997
Grenada,GRD,Health,15.152,1998
Grenada,GRD,Health,15.657,1999
Grenada,GRD,Health,50.000,2000
Grenada,GRD,Health,27.778,2001
Grenada,GRD,Health,28.788,2002
Grenada,GRD,Health,28.788,2003
Grenada,GRD,Health,27.778,2004
Grenada,GRD,Health,28.788,2005
Grenada,GRD,Health,27.778,2006
Grenada,GRD,Health,28.788,2007
Grenada,GRD,Health,27.778,2008
Grenada,GRD,Health,28.283,2009
Grenada,GRD,Health,54.545,2010
Grenada,GRD,Health,28.283,2011
Grenada,GRD,Health,28.283,2012
Grenada,GRD,Health,28.788,2013
Grenada,GRD,Health,28.283,2014
Grenada,GRD,Health,50.505,2015
Grenada,GRD,Health,28.788,2016
Grenada,GRD,Health,25.758,2017
Grenada,GRD,Health,27.778,2018
Grenada,GRD,Health,49.495,2019
Grenada,GRD,Health,19.697,2020
Grenada,GRD,Health,13.131,2021
Grenada,GRD,Health,12.121,2022
Grenada,GRD,Health,1.010,2023
Grenada,GRD,Leadership,0.000,1960
Grenada,GRD,Leadership,0.000,1961
Grenada,GRD,Leadership,0.000,1962
Grenada,GRD,Leadership,0.000,1963
Grenada,GRD,Leadership,0.000,1964
Grenada,GRD,Leadership,0.000,1965
Grenada,GRD,Leadership,0.000,1966
Grenada,GRD,Leadership,0.000,1967
Grenada,GRD,Leadership,0.000,1968
Grenada,GRD,Leadership,0.000,1969
Grenada,GRD,Leadership,0.000,1970
Grenada,GRD,Leadership,0.000,1971
Grenada,GRD,Leadership,0.000,1972
Grenada,GRD,Leadership,0.000,1973
Grenada,GRD,Leadership,0.000,1974
Grenada,GRD,Leadership,0.000,1975
Grenada,GRD,Leadership,0.000,1976
Grenada,GRD,Leadership,0.000,1977
Grenada,GRD,Leadership,0.000,1978
Grenada,GRD,Leadership,0.000,1979
Grenada,GRD,Leadership,0.000,1980
Grenada,GRD,Leadership,0.000,1981
Grenada,GRD,Leadership,0.000,1982
Grenada,GRD,Leadership,0.000,1983
Grenada,GRD,Leadership,0.000,1984
Grenada,GRD,Leadership,0.000,1985
Grenada,GRD,Leadership,0.000,1986
Grenada,GRD,Leadership,0.000,1987
Grenada,GRD,Leadership,0.000,1988
Grenada,GRD,Leadership,0.000,1989
Grenada,GRD,Leadership,0.000,1990
Grenada,GRD,Leadership,0.000,1991
Grenada,GRD,Leadership,0.000,1992
Grenada,GRD,Leadership,0.000,1993
Grenada,GRD,Leadership,0.000,1994
Grenada,GRD,Leadership,0.000,1995
Grenada,GRD,Leadership,0.000,1996
Grenada,GRD,Leadership,25.000,1997
Grenada,GRD,Leadership,25.000,1998
Grenada,GRD,Leadership,0.000,1999
Grenada,GRD,Leadership,25.000,2000
Grenada,GRD,Leadership,25.000,2001
Grenada,GRD,Leadership,25.000,2002
Grenada,GRD,Leadership,25.000,2003
Grenada,GRD,Leadership,25.000,2004
Grenada,GRD,Leadership,50.000,2005
Grenada,GRD,Leadership,25.000,2006
Grenada,GRD,Leadership,25.000,2007
Grenada,GRD,Leadership,50.000,2008
Grenada,GRD,Leadership,25.000,2009
Grenada,GRD,Leadership,75.000,2010
Grenada,GRD,Leadership,25.000,2011
Grenada,GRD,Leadership,50.000,2012
Grenada,GRD,Leadership,25.000,2013
Grenada,GRD,Leadership,50.000,2014
Grenada,GRD,Leadership,50.000,2015
Grenada,GRD,Leadership,50.000,2016
Grenada,GRD,Leadership,25.000,2017
Grenada,GRD,Leadership,75.000,2018
Grenada,GRD,Leadership,75.000,2019
Grenada,GRD,Leadership,75.000,2020
Grenada,GRD,Leadership,50.000,2021
Grenada,GRD,Leadership,50.000,2022
Grenada,GRD,Leadership,50.000,2023
Grenada,GRD,Norms and Decision-making,0.000,1960
Grenada,GRD,Norms and Decision-making,0.000,1961
Grenada,GRD,Norms and Decision-making,0.000,1962
Grenada,GRD,Norms and Decision-making,0.000,1963
Grenada,GRD,Norms and Decision-making,0.000,1964
Grenada,GRD,Norms and Decision-making,0.000,1965
Grenada,GRD,Norms and Decision-making,0.000,1966
Grenada,GRD,Norms and Decision-making,0.000,1967
Grenada,GRD,Norms and Decision-making,0.000,1968
Grenada,GRD,Norms and Decision-making,0.000,1969
Grenada,GRD,Norms and Decision-making,14.074,1970
Grenada,GRD,Norms and Decision-making,12.593,1971
Grenada,GRD,Norms and Decision-making,12.593,1972
Grenada,GRD,Norms and Decision-making,12.593,1973
Grenada,GRD,Norms and Decision-making,12.593,1974
Grenada,GRD,Norms and Decision-making,12.593,1975
Grenada,GRD,Norms and Decision-making,12.593,1976
Grenada,GRD,Norms and Decision-making,12.593,1977
Grenada,GRD,Norms and Decision-making,12.593,1978
Grenada,GRD,Norms and Decision-making,12.593,1979
Grenada,GRD,Norms and Decision-making,12.593,1980
Grenada,GRD,Norms and Decision-making,14.074,1981
Grenada,GRD,Norms and Decision-making,12.593,1982
Grenada,GRD,Norms and Decision-making,12.593,1983
Grenada,GRD,Norms and Decision-making,12.593,1984
Grenada,GRD,Norms and Decision-making,12.593,1985
Grenada,GRD,Norms and Decision-making,12.593,1986
Grenada,GRD,Norms and Decision-making,12.593,1987
Grenada,GRD,Norms and Decision-making,12.593,1988
Grenada,GRD,Norms and Decision-making,12.593,1989
Grenada,GRD,Norms and Decision-making,12.593,1990
Grenada,GRD,Norms and Decision-making,14.074,1991
Grenada,GRD,Norms and Decision-making,12.593,1992
Grenada,GRD,Norms and Decision-making,12.593,1993
Grenada,GRD,Norms and Decision-making,12.593,1994
Grenada,GRD,Norms and Decision-making,12.593,1995
Grenada,GRD,Norms and Decision-making,12.593,1996
Grenada,GRD,Norms and Decision-making,12.593,1997
Grenada,GRD,Norms and Decision-making,12.593,1998
Grenada,GRD,Norms and Decision-making,12.593,1999
Grenada,GRD,Norms and Decision-making,12.593,2000
Grenada,GRD,Norms and Decision-making,12.593,2001
Grenada,GRD,Norms and Decision-making,12.593,2002
Grenada,GRD,Norms and Decision-making,12.593,2003
Grenada,GRD,Norms and Decision-making,12.593,2004
Grenada,GRD,Norms and Decision-making,12.593,2005
Grenada,GRD,Norms and Decision-making,12.593,2006
Grenada,GRD,Norms and Decision-making,12.593,2007
Grenada,GRD,Norms and Decision-making,12.593,2008
Grenada,GRD,Norms and Decision-making,12.593,2009
Grenada,GRD,Norms and Decision-making,14.074,2010
Grenada,GRD,Norms and Decision-making,12.593,2011
Grenada,GRD,Norms and Decision-making,12.593,2012
Grenada,GRD,Norms and Decision-making,12.593,2013
Grenada,GRD,Norms and Decision-making,12.593,2014
Grenada,GRD,Norms and Decision-making,12.593,2015
Grenada,GRD,Norms and Decision-making,12.593,2016
Grenada,GRD,Norms and Decision-making,12.593,2017
Grenada,GRD,Norms and Decision-making,12.593,2018
Grenada,GRD,Norms and Decision-making,12.593,2019
Grenada,GRD,Norms and Decision-making,12.593,2020
Grenada,GRD,Norms and Decision-making,12.593,2021
Grenada,GRD,Norms and Decision-making,12.593,2022
Grenada,GRD,Norms and Decision-making,12.593,2023
Grenada,GRD,Population,86.905,1960
Grenada,GRD,Population,86.905,1961
Grenada,GRD,Population,86.905,1962
Grenada,GRD,Population,86.905,1963
Grenada,GRD,Population,86.905,1964
Grenada,GRD,Population,86.905,1965
Grenada,GRD,Population,86.905,1966
Grenada,GRD,Population,86.905,1967
Grenada,GRD,Population,86.905,1968
Grenada,GRD,Population,86.905,1969
Grenada,GRD,Population,89.286,1970
Grenada,GRD,Population,86.905,1971
Grenada,GRD,Population,86.905,1972
Grenada,GRD,Population,86.905,1973
Grenada,GRD,Population,86.905,1974
Grenada,GRD,Population,86.905,1975
Grenada,GRD,Population,86.905,1976
Grenada,GRD,Population,86.905,1977
Grenada,GRD,Population,86.905,1978
Grenada,GRD,Population,86.905,1979
Grenada,GRD,Population,91.667,1980
Grenada,GRD,Population,89.286,1981
Grenada,GRD,Population,86.905,1982
Grenada,GRD,Population,86.905,1983
Grenada,GRD,Population,86.905,1984
Grenada,GRD,Population,91.667,1985
Grenada,GRD,Population,86.905,1986
Grenada,GRD,Population,86.905,1987
Grenada,GRD,Population,86.905,1988
Grenada,GRD,Population,86.905,1989
Grenada,GRD,Population,92.857,1990
Grenada,GRD,Population,89.286,1991
Grenada,GRD,Population,86.905,1992
Grenada,GRD,Population,86.905,1993
Grenada,GRD,Population,86.905,1994
Grenada,GRD,Population,92.857,1995
Grenada,GRD,Population,86.905,1996
Grenada,GRD,Population,86.905,1997
Grenada,GRD,Population,86.905,1998
Grenada,GRD,Population,86.905,1999
Grenada,GRD,Population,92.857,2000
Grenada,GRD,Population,86.905,2001
Grenada,GRD,Population,86.905,2002
Grenada,GRD,Population,86.905,2003
Grenada,GRD,Population,86.905,2004
Grenada,GRD,Population,92.857,2005
Grenada,GRD,Population,86.905,2006
Grenada,GRD,Population,86.905,2007
Grenada,GRD,Population,86.905,2008
Grenada,GRD,Population,86.905,2009
Grenada,GRD,Population,92.857,2010
Grenada,GRD,Population,86.905,2011
Grenada,GRD,Population,86.905,2012
Grenada,GRD,Population,86.905,2013
Grenada,GRD,Population,86.905,2014
Grenada,GRD,Population,92.857,2015
Grenada,GRD,Population,86.905,2016
Grenada,GRD,Population,86.905,2017
Grenada,GRD,Population,86.905,2018
Grenada,GRD,Population,86.905,2019
Grenada,GRD,Population,88.095,2020
Grenada,GRD,Population,86.905,2021
Grenada,GRD,Population,86.905,2022
Grenada,GRD,Population,77.381,2023
Grenada,GRD,SDGs,2.685,1960
Grenada,GRD,SDGs,2.685,1961
Grenada,GRD,SDGs,2.685,1962
Grenada,GRD,SDGs,2.685,1963
Grenada,GRD,SDGs,2.685,1964
Grenada,GRD,SDGs,2.685,1965
Grenada,GRD,SDGs,2.685,1966
Grenada,GRD,SDGs,2.685,1967
Grenada,GRD,SDGs,2.685,1968
Grenada,GRD,SDGs,2.685,1969
Grenada,GRD,SDGs,11.409,1970
Grenada,GRD,SDGs,11.409,1971
Grenada,GRD,SDGs,11.409,1972
Grenada,GRD,SDGs,11.409,1973
Grenada,GRD,SDGs,11.409,1974
Grenada,GRD,SDGs,11.409,1975
Grenada,GRD,SDGs,11.409,1976
Grenada,GRD,SDGs,11.409,1977
Grenada,GRD,SDGs,11.409,1978
Grenada,GRD,SDGs,11.409,1979
Grenada,GRD,SDGs,12.081,1980
Grenada,GRD,SDGs,12.081,1981
Grenada,GRD,SDGs,12.081,1982
Grenada,GRD,SDGs,12.081,1983
Grenada,GRD,SDGs,12.081,1984
Grenada,GRD,SDGs,12.752,1985
Grenada,GRD,SDGs,12.081,1986
Grenada,GRD,SDGs,12.081,1987
Grenada,GRD,SDGs,12.752,1988
Grenada,GRD,SDGs,12.752,1989
Grenada,GRD,SDGs,16.107,1990
Grenada,GRD,SDGs,20.134,1991
Grenada,GRD,SDGs,16.107,1992
Grenada,GRD,SDGs,16.107,1993
Grenada,GRD,SDGs,20.134,1994
Grenada,GRD,SDGs,16.779,1995
Grenada,GRD,SDGs,20.134,1996
Grenada,GRD,SDGs,16.107,1997
Grenada,GRD,SDGs,20.805,1998
Grenada,GRD,SDGs,16.107,1999
Grenada,GRD,SDGs,57.718,2000
Grenada,GRD,SDGs,28.188,2001
Grenada,GRD,SDGs,28.859,2002
Grenada,GRD,SDGs,28.859,2003
Grenada,GRD,SDGs,28.188,2004
Grenada,GRD,SDGs,28.859,2005
Grenada,GRD,SDGs,28.188,2006
Grenada,GRD,SDGs,28.859,2007
Grenada,GRD,SDGs,28.188,2008
Grenada,GRD,SDGs,28.859,2009
Grenada,GRD,SDGs,58.389,2010
Grenada,GRD,SDGs,28.859,2011
Grenada,GRD,SDGs,28.859,2012
Grenada,GRD,SDGs,29.530,2013
Grenada,GRD,SDGs,29.530,2014
Grenada,GRD,SDGs,59.060,2015
Grenada,GRD,SDGs,28.859,2016
Grenada,GRD,SDGs,28.859,2017
Grenada,GRD,SDGs,32.215,2018
Grenada,GRD,SDGs,64.430,2019
Grenada,GRD,SDGs,22.819,2020
Grenada,GRD,SDGs,20.134,2021
Grenada,GRD,SDGs,16.107,2022
Grenada,GRD,SDGs,14.094,2023
Grenada,GRD,Technology,2.222,1960
Grenada,GRD,Technology,0.000,1961
Grenada,GRD,Technology,0.000,1962
Grenada,GRD,Technology,0.000,1963
Grenada,GRD,Technology,0.000,1964
Grenada,GRD,Technology,2.222,1965
Grenada,GRD,Technology,0.000,1966
Grenada,GRD,Technology,0.000,1967
Grenada,GRD,Technology,0.000,1968
Grenada,GRD,Technology,0.000,1969
Grenada,GRD,Technology,2.222,1970
Grenada,GRD,Technology,0.000,1971
Grenada,GRD,Technology,0.000,1972
Grenada,GRD,Technology,0.000,1973
Grenada,GRD,Technology,0.000,1974
Grenada,GRD,Technology,2.222,1975
Grenada,GRD,Technology,2.222,1976
Grenada,GRD,Technology,2.222,1977
Grenada,GRD,Technology,2.222,1978
Grenada,GRD,Technology,2.222,1979
Grenada,GRD,Technology,2.222,1980
Grenada,GRD,Technology,2.222,1981
Grenada,GRD,Technology,2.222,1982
Grenada,GRD,Technology,2.222,1983
Grenada,GRD,Technology,2.222,1984
Grenada,GRD,Technology,2.222,1985
Grenada,GRD,Technology,2.222,1986
Grenada,GRD,Technology,2.222,1987
Grenada,GRD,Technology,2.222,1988
Grenada,GRD,Technology,2.222,1989
Grenada,GRD,Technology,2.222,1990
Grenada,GRD,Technology,2.222,1991
Grenada,GRD,Technology,2.222,1992
Grenada,GRD,Technology,2.222,1993
Grenada,GRD,Technology,2.222,1994
Grenada,GRD,Technology,2.222,1995
Grenada,GRD,Technology,2.222,1996
Grenada,GRD,Technology,2.222,1997
Grenada,GRD,Technology,2.222,1998
Grenada,GRD,Technology,2.222,1999
Grenada,GRD,Technology,2.222,2000
Grenada,GRD,Technology,2.222,2001
Grenada,GRD,Technology,2.222,2002
Grenada,GRD,Technology,2.222,2003
Grenada,GRD,Technology,2.222,2004
Grenada,GRD,Technology,2.222,2005
Grenada,GRD,Technology,2.222,2006
Grenada,GRD,Technology,2.222,2007
Grenada,GRD,Technology,2.222,2008
Grenada,GRD,Technology,2.222,2009
Grenada,GRD,Technology,2.222,2010
Grenada,GRD,Technology,2.222,2011
Grenada,GRD,Technology,2.222,2012
Grenada,GRD,Technology,2.222,2013
Grenada,GRD,Technology,2.222,2014
Grenada,GRD,Technology,6.667,2015
Grenada,GRD,Technology,2.222,2016
Grenada,GRD,Technology,8.889,2017
Grenada,GRD,Technology,8.889,2018
Grenada,GRD,Technology,2.222,2019
Grenada,GRD,Technology,2.222,2020
Grenada,GRD,Technology,2.222,2021
Grenada,GRD,Technology,2.222,2022
Grenada,GRD,Technology,0.000,2023
Grenada,GRD,Violence,0.000,1960
Grenada,GRD,Violence,0.000,1961
Grenada,GRD,Violence,0.000,1962
Grenada,GRD,Violence,0.000,1963
Grenada,GRD,Violence,0.000,1964
Grenada,GRD,Violence,0.000,1965
Grenada,GRD,Violence,0.000,1966
Grenada,GRD,Violence,0.000,1967
Grenada,GRD,Violence,0.000,1968
Grenada,GRD,Violence,0.000,1969
Grenada,GRD,Violence,2.143,1970
Grenada,GRD,Violence,2.143,1971
Grenada,GRD,Violence,2.143,1972
Grenada,GRD,Violence,2.143,1973
Grenada,GRD,Violence,2.143,1974
Grenada,GRD,Violence,2.143,1975
Grenada,GRD,Violence,2.143,1976
Grenada,GRD,Violence,2.143,1977
Grenada,GRD,Violence,2.143,1978
Grenada,GRD,Violence,2.143,1979
Grenada,GRD,Violence,2.143,1980
Grenada,GRD,Violence,2.143,1981
Grenada,GRD,Violence,2.143,1982
Grenada,GRD,Violence,2.143,1983
Grenada,GRD,Violence,2.143,1984
Grenada,GRD,Violence,2.143,1985
Grenada,GRD,Violence,2.143,1986
Grenada,GRD,Violence,2.143,1987
Grenada,GRD,Violence,2.143,1988
Grenada,GRD,Violence,2.143,1989
Grenada,GRD,Violence,2.143,1990
Grenada,GRD,Violence,2.143,1991
Grenada,GRD,Violence,2.143,1992
Grenada,GRD,Violence,2.143,1993
Grenada,GRD,Violence,2.143,1994
Grenada,GRD,Violence,2.143,1995
Grenada,GRD,Violence,2.143,1996
Grenada,GRD,Violence,2.143,1997
Grenada,GRD,Violence,2.143,1998
Grenada,GRD,Violence,2.143,1999
Grenada,GRD,Violence,5.000,2000
Grenada,GRD,Violence,5.000,2001
Grenada,GRD,Violence,5.000,2002
Grenada,GRD,Violence,5.000,2003
Grenada,GRD,Violence,5.000,2004
Grenada,GRD,Violence,6.429,2005
Grenada,GRD,Violence,6.429,2006
Grenada,GRD,Violence,6.429,2007
Grenada,GRD,Violence,6.429,2008
Grenada,GRD,Violence,6.429,2009
Grenada,GRD,Violence,6.429,2010
Grenada,GRD,Violence,6.429,2011
Grenada,GRD,Violence,6.429,2012
Grenada,GRD,Violence,6.429,2013
Grenada,GRD,Violence,6.429,2014
Grenada,GRD,Violence,6.429,2015
Grenada,GRD,Violence,6.429,2016
Grenada,GRD,Violence,6.429,2017
Grenada,GRD,Violence,9.286,2018
Grenada,GRD,Violence,6.429,2019
Grenada,GRD,Violence,4.286,2020
Grenada,GRD,Violence,4.286,2021
Grenada,GRD,Violence,2.143,2022
Grenada,GRD,Violence,2.143,2023
Grenada,GRD,Youth 15-24,4.587,1960
Grenada,GRD,Youth 15-24,4.587,1961
Grenada,GRD,Youth 15-24,4.587,1962
Grenada,GRD,Youth 15-24,4.587,1963
Grenada,GRD,Youth 15-24,4.587,1964
Grenada,GRD,Youth 15-24,4.587,1965
Grenada,GRD,Youth 15-24,4.587,1966
Grenada,GRD,Youth 15-24,4.587,1967
Grenada,GRD,Youth 15-24,4.587,1968
Grenada,GRD,Youth 15-24,4.587,1969
Grenada,GRD,Youth 15-24,14.679,1970
Grenada,GRD,Youth 15-24,14.679,1971
Grenada,GRD,Youth 15-24,19.266,1972
Grenada,GRD,Youth 15-24,9.174,1973
Grenada,GRD,Youth 15-24,9.174,1974
Grenada,GRD,Youth 15-24,9.174,1975
Grenada,GRD,Youth 15-24,9.174,1976
Grenada,GRD,Youth 15-24,13.761,1977
Grenada,GRD,Youth 15-24,13.761,1978
Grenada,GRD,Youth 15-24,17.431,1979
Grenada,GRD,Youth 15-24,21.101,1980
Grenada,GRD,Youth 15-24,16.514,1981
Grenada,GRD,Youth 15-24,17.431,1982
Grenada,GRD,Youth 15-24,17.431,1983
Grenada,GRD,Youth 15-24,21.101,1984
Grenada,GRD,Youth 15-24,13.761,1985
Grenada,GRD,Youth 15-24,13.761,1986
Grenada,GRD,Youth 15-24,12.844,1987
Grenada,GRD,Youth 15-24,16.514,1988
Grenada,GRD,Youth 15-24,12.844,1989
Grenada,GRD,Youth 15-24,15.596,1990
Grenada,GRD,Youth 15-24,19.266,1991
Grenada,GRD,Youth 15-24,15.596,1992
Grenada,GRD,Youth 15-24,16.514,1993
Grenada,GRD,Youth 15-24,14.679,1994
Grenada,GRD,Youth 15-24,7.339,1995
Grenada,GRD,Youth 15-24,11.009,1996
Grenada,GRD,Youth 15-24,7.339,1997
Grenada,GRD,Youth 15-24,13.761,1998
Grenada,GRD,Youth 15-24,11.009,1999
Grenada,GRD,Youth 15-24,11.009,2000
Grenada,GRD,Youth 15-24,11.009,2001
Grenada,GRD,Youth 15-24,23.853,2002
Grenada,GRD,Youth 15-24,29.358,2003
Grenada,GRD,Youth 15-24,33.028,2004
Grenada,GRD,Youth 15-24,25.688,2005
Grenada,GRD,Youth 15-24,7.339,2006
Grenada,GRD,Youth 15-24,17.431,2007
Grenada,GRD,Youth 15-24,15.596,2008
Grenada,GRD,Youth 15-24,24.771,2009
Grenada,GRD,Youth 15-24,17.431,2010
Grenada,GRD,Youth 15-24,7.339,2011
Grenada,GRD,Youth 15-24,7.339,2012
Grenada,GRD,Youth 15-24,25.688,2013
Grenada,GRD,Youth 15-24,24.771,2014
Grenada,GRD,Youth 15-24,38.532,2015
Grenada,GRD,Youth 15-24,27.523,2016
Grenada,GRD,Youth 15-24,34.862,2017
Grenada,GRD,Youth 15-24,52.294,2018
Grenada,GRD,Youth 15-24,30.275,2019
Grenada,GRD,Youth 15-24,31.193,2020
Grenada,GRD,Youth 15-24,19.266,2021
Grenada,GRD,Youth 15-24,7.339,2022
Grenada,GRD,Youth 15-24,15.596,2023
