Country Name,Country Code,Topic,% of available indicators,Year
Papua New Guinea,PNG,Assets,0.000,1960
Papua New Guinea,PNG,Assets,0.000,1961
Papua New Guinea,PNG,Assets,0.000,1962
Papua New Guinea,PNG,Assets,0.000,1963
Papua New Guinea,PNG,Assets,0.000,1964
Papua New Guinea,PNG,Assets,0.000,1965
Papua New Guinea,PNG,Assets,0.000,1966
Papua New Guinea,PNG,Assets,0.000,1967
Papua New Guinea,PNG,Assets,0.000,1968
Papua New Guinea,PNG,Assets,0.000,1969
Papua New Guinea,PNG,Assets,2.208,1970
Papua New Guinea,PNG,Assets,2.208,1971
Papua New Guinea,PNG,Assets,2.208,1972
Papua New Guinea,PNG,Assets,2.208,1973
Papua New Guinea,PNG,Assets,2.208,1974
Papua New Guinea,PNG,Assets,2.208,1975
Papua New Guinea,PNG,Assets,2.208,1976
Papua New Guinea,PNG,Assets,2.208,1977
Papua New Guinea,PNG,Assets,2.208,1978
Papua New Guinea,PNG,Assets,2.208,1979
Papua New Guinea,PNG,Assets,2.208,1980
Papua New Guinea,PNG,Assets,2.208,1981
Papua New Guinea,PNG,Assets,2.208,1982
Papua New Guinea,PNG,Assets,2.208,1983
Papua New Guinea,PNG,Assets,2.208,1984
Papua New Guinea,PNG,Assets,2.208,1985
Papua New Guinea,PNG,Assets,2.208,1986
Papua New Guinea,PNG,Assets,2.208,1987
Papua New Guinea,PNG,Assets,2.208,1988
Papua New Guinea,PNG,Assets,2.208,1989
Papua New Guinea,PNG,Assets,2.208,1990
Papua New Guinea,PNG,Assets,2.208,1991
Papua New Guinea,PNG,Assets,2.208,1992
Papua New Guinea,PNG,Assets,2.208,1993
Papua New Guinea,PNG,Assets,2.208,1994
Papua New Guinea,PNG,Assets,2.208,1995
Papua New Guinea,PNG,Assets,2.208,1996
Papua New Guinea,PNG,Assets,2.208,1997
Papua New Guinea,PNG,Assets,2.208,1998
Papua New Guinea,PNG,Assets,2.208,1999
Papua New Guinea,PNG,Assets,2.208,2000
Papua New Guinea,PNG,Assets,2.208,2001
Papua New Guinea,PNG,Assets,2.208,2002
Papua New Guinea,PNG,Assets,2.208,2003
Papua New Guinea,PNG,Assets,2.208,2004
Papua New Guinea,PNG,Assets,2.208,2005
Papua New Guinea,PNG,Assets,2.208,2006
Papua New Guinea,PNG,Assets,2.208,2007
Papua New Guinea,PNG,Assets,2.208,2008
Papua New Guinea,PNG,Assets,2.208,2009
Papua New Guinea,PNG,Assets,2.208,2010
Papua New Guinea,PNG,Assets,2.208,2011
Papua New Guinea,PNG,Assets,2.208,2012
Papua New Guinea,PNG,Assets,2.208,2013
Papua New Guinea,PNG,Assets,2.208,2014
Papua New Guinea,PNG,Assets,2.208,2015
Papua New Guinea,PNG,Assets,2.208,2016
Papua New Guinea,PNG,Assets,2.208,2017
Papua New Guinea,PNG,Assets,32.492,2018
Papua New Guinea,PNG,Assets,2.208,2019
Papua New Guinea,PNG,Assets,2.208,2020
Papua New Guinea,PNG,Assets,2.208,2021
Papua New Guinea,PNG,Assets,2.208,2022
Papua New Guinea,PNG,Assets,2.208,2023
Papua New Guinea,PNG,Children 0-14,19.231,1960
Papua New Guinea,PNG,Children 0-14,19.231,1961
Papua New Guinea,PNG,Children 0-14,19.231,1962
Papua New Guinea,PNG,Children 0-14,19.231,1963
Papua New Guinea,PNG,Children 0-14,19.231,1964
Papua New Guinea,PNG,Children 0-14,19.231,1965
Papua New Guinea,PNG,Children 0-14,19.231,1966
Papua New Guinea,PNG,Children 0-14,19.231,1967
Papua New Guinea,PNG,Children 0-14,19.231,1968
Papua New Guinea,PNG,Children 0-14,19.231,1969
Papua New Guinea,PNG,Children 0-14,25.385,1970
Papua New Guinea,PNG,Children 0-14,25.385,1971
Papua New Guinea,PNG,Children 0-14,25.385,1972
Papua New Guinea,PNG,Children 0-14,23.077,1973
Papua New Guinea,PNG,Children 0-14,23.077,1974
Papua New Guinea,PNG,Children 0-14,25.385,1975
Papua New Guinea,PNG,Children 0-14,25.385,1976
Papua New Guinea,PNG,Children 0-14,23.077,1977
Papua New Guinea,PNG,Children 0-14,25.385,1978
Papua New Guinea,PNG,Children 0-14,25.385,1979
Papua New Guinea,PNG,Children 0-14,20.769,1980
Papua New Guinea,PNG,Children 0-14,26.154,1981
Papua New Guinea,PNG,Children 0-14,26.154,1982
Papua New Guinea,PNG,Children 0-14,24.615,1983
Papua New Guinea,PNG,Children 0-14,26.923,1984
Papua New Guinea,PNG,Children 0-14,20.769,1985
Papua New Guinea,PNG,Children 0-14,28.462,1986
Papua New Guinea,PNG,Children 0-14,31.538,1987
Papua New Guinea,PNG,Children 0-14,31.538,1988
Papua New Guinea,PNG,Children 0-14,39.231,1989
Papua New Guinea,PNG,Children 0-14,31.538,1990
Papua New Guinea,PNG,Children 0-14,31.538,1991
Papua New Guinea,PNG,Children 0-14,30.000,1992
Papua New Guinea,PNG,Children 0-14,27.692,1993
Papua New Guinea,PNG,Children 0-14,31.538,1994
Papua New Guinea,PNG,Children 0-14,31.538,1995
Papua New Guinea,PNG,Children 0-14,29.231,1996
Papua New Guinea,PNG,Children 0-14,29.231,1997
Papua New Guinea,PNG,Children 0-14,35.385,1998
Papua New Guinea,PNG,Children 0-14,20.769,1999
Papua New Guinea,PNG,Children 0-14,40.769,2000
Papua New Guinea,PNG,Children 0-14,27.692,2001
Papua New Guinea,PNG,Children 0-14,30.000,2002
Papua New Guinea,PNG,Children 0-14,27.692,2003
Papua New Guinea,PNG,Children 0-14,25.385,2004
Papua New Guinea,PNG,Children 0-14,32.308,2005
Papua New Guinea,PNG,Children 0-14,25.385,2006
Papua New Guinea,PNG,Children 0-14,20.769,2007
Papua New Guinea,PNG,Children 0-14,26.923,2008
Papua New Guinea,PNG,Children 0-14,20.769,2009
Papua New Guinea,PNG,Children 0-14,50.769,2010
Papua New Guinea,PNG,Children 0-14,20.769,2011
Papua New Guinea,PNG,Children 0-14,33.077,2012
Papua New Guinea,PNG,Children 0-14,20.769,2013
Papua New Guinea,PNG,Children 0-14,23.077,2014
Papua New Guinea,PNG,Children 0-14,34.615,2015
Papua New Guinea,PNG,Children 0-14,45.385,2016
Papua New Guinea,PNG,Children 0-14,23.846,2017
Papua New Guinea,PNG,Children 0-14,46.923,2018
Papua New Guinea,PNG,Children 0-14,34.615,2019
Papua New Guinea,PNG,Children 0-14,25.385,2020
Papua New Guinea,PNG,Children 0-14,20.769,2021
Papua New Guinea,PNG,Children 0-14,25.385,2022
Papua New Guinea,PNG,Children 0-14,9.231,2023
Papua New Guinea,PNG,Education,0.000,1960
Papua New Guinea,PNG,Education,0.000,1961
Papua New Guinea,PNG,Education,0.000,1962
Papua New Guinea,PNG,Education,0.000,1963
Papua New Guinea,PNG,Education,0.000,1964
Papua New Guinea,PNG,Education,0.000,1965
Papua New Guinea,PNG,Education,0.000,1966
Papua New Guinea,PNG,Education,0.000,1967
Papua New Guinea,PNG,Education,0.000,1968
Papua New Guinea,PNG,Education,0.000,1969
Papua New Guinea,PNG,Education,11.656,1970
Papua New Guinea,PNG,Education,7.975,1971
Papua New Guinea,PNG,Education,9.816,1972
Papua New Guinea,PNG,Education,6.135,1973
Papua New Guinea,PNG,Education,11.043,1974
Papua New Guinea,PNG,Education,12.883,1975
Papua New Guinea,PNG,Education,12.883,1976
Papua New Guinea,PNG,Education,11.656,1977
Papua New Guinea,PNG,Education,7.975,1978
Papua New Guinea,PNG,Education,7.975,1979
Papua New Guinea,PNG,Education,3.681,1980
Papua New Guinea,PNG,Education,7.975,1981
Papua New Guinea,PNG,Education,7.975,1982
Papua New Guinea,PNG,Education,2.454,1983
Papua New Guinea,PNG,Education,17.178,1984
Papua New Guinea,PNG,Education,2.454,1985
Papua New Guinea,PNG,Education,19.018,1986
Papua New Guinea,PNG,Education,16.564,1987
Papua New Guinea,PNG,Education,16.564,1988
Papua New Guinea,PNG,Education,22.699,1989
Papua New Guinea,PNG,Education,15.951,1990
Papua New Guinea,PNG,Education,16.564,1991
Papua New Guinea,PNG,Education,15.337,1992
Papua New Guinea,PNG,Education,12.883,1993
Papua New Guinea,PNG,Education,15.951,1994
Papua New Guinea,PNG,Education,19.632,1995
Papua New Guinea,PNG,Education,9.202,1996
Papua New Guinea,PNG,Education,8.589,1997
Papua New Guinea,PNG,Education,28.221,1998
Papua New Guinea,PNG,Education,3.067,1999
Papua New Guinea,PNG,Education,12.270,2000
Papua New Guinea,PNG,Education,6.135,2001
Papua New Guinea,PNG,Education,7.362,2002
Papua New Guinea,PNG,Education,5.521,2003
Papua New Guinea,PNG,Education,3.681,2004
Papua New Guinea,PNG,Education,3.681,2005
Papua New Guinea,PNG,Education,3.681,2006
Papua New Guinea,PNG,Education,0.000,2007
Papua New Guinea,PNG,Education,4.908,2008
Papua New Guinea,PNG,Education,0.000,2009
Papua New Guinea,PNG,Education,8.589,2010
Papua New Guinea,PNG,Education,0.000,2011
Papua New Guinea,PNG,Education,22.086,2012
Papua New Guinea,PNG,Education,0.000,2013
Papua New Guinea,PNG,Education,1.840,2014
Papua New Guinea,PNG,Education,0.613,2015
Papua New Guinea,PNG,Education,30.061,2016
Papua New Guinea,PNG,Education,15.951,2017
Papua New Guinea,PNG,Education,30.061,2018
Papua New Guinea,PNG,Education,0.613,2019
Papua New Guinea,PNG,Education,11.656,2020
Papua New Guinea,PNG,Education,0.613,2021
Papua New Guinea,PNG,Education,14.724,2022
Papua New Guinea,PNG,Education,0.000,2023
Papua New Guinea,PNG,Employment and Time Use,0.000,1960
Papua New Guinea,PNG,Employment and Time Use,0.000,1961
Papua New Guinea,PNG,Employment and Time Use,0.000,1962
Papua New Guinea,PNG,Employment and Time Use,0.000,1963
Papua New Guinea,PNG,Employment and Time Use,0.000,1964
Papua New Guinea,PNG,Employment and Time Use,0.000,1965
Papua New Guinea,PNG,Employment and Time Use,5.109,1966
Papua New Guinea,PNG,Employment and Time Use,0.000,1967
Papua New Guinea,PNG,Employment and Time Use,0.000,1968
Papua New Guinea,PNG,Employment and Time Use,0.000,1969
Papua New Guinea,PNG,Employment and Time Use,21.168,1970
Papua New Guinea,PNG,Employment and Time Use,26.277,1971
Papua New Guinea,PNG,Employment and Time Use,21.168,1972
Papua New Guinea,PNG,Employment and Time Use,21.168,1973
Papua New Guinea,PNG,Employment and Time Use,21.168,1974
Papua New Guinea,PNG,Employment and Time Use,21.168,1975
Papua New Guinea,PNG,Employment and Time Use,21.168,1976
Papua New Guinea,PNG,Employment and Time Use,21.168,1977
Papua New Guinea,PNG,Employment and Time Use,21.168,1978
Papua New Guinea,PNG,Employment and Time Use,21.168,1979
Papua New Guinea,PNG,Employment and Time Use,21.168,1980
Papua New Guinea,PNG,Employment and Time Use,21.168,1981
Papua New Guinea,PNG,Employment and Time Use,21.168,1982
Papua New Guinea,PNG,Employment and Time Use,21.168,1983
Papua New Guinea,PNG,Employment and Time Use,21.168,1984
Papua New Guinea,PNG,Employment and Time Use,21.168,1985
Papua New Guinea,PNG,Employment and Time Use,21.168,1986
Papua New Guinea,PNG,Employment and Time Use,21.168,1987
Papua New Guinea,PNG,Employment and Time Use,21.168,1988
Papua New Guinea,PNG,Employment and Time Use,21.168,1989
Papua New Guinea,PNG,Employment and Time Use,33.577,1990
Papua New Guinea,PNG,Employment and Time Use,56.204,1991
Papua New Guinea,PNG,Employment and Time Use,56.204,1992
Papua New Guinea,PNG,Employment and Time Use,56.204,1993
Papua New Guinea,PNG,Employment and Time Use,56.204,1994
Papua New Guinea,PNG,Employment and Time Use,56.204,1995
Papua New Guinea,PNG,Employment and Time Use,56.204,1996
Papua New Guinea,PNG,Employment and Time Use,56.204,1997
Papua New Guinea,PNG,Employment and Time Use,56.204,1998
Papua New Guinea,PNG,Employment and Time Use,56.204,1999
Papua New Guinea,PNG,Employment and Time Use,62.774,2000
Papua New Guinea,PNG,Employment and Time Use,56.204,2001
Papua New Guinea,PNG,Employment and Time Use,56.204,2002
Papua New Guinea,PNG,Employment and Time Use,56.204,2003
Papua New Guinea,PNG,Employment and Time Use,56.204,2004
Papua New Guinea,PNG,Employment and Time Use,56.204,2005
Papua New Guinea,PNG,Employment and Time Use,56.204,2006
Papua New Guinea,PNG,Employment and Time Use,56.204,2007
Papua New Guinea,PNG,Employment and Time Use,56.204,2008
Papua New Guinea,PNG,Employment and Time Use,56.204,2009
Papua New Guinea,PNG,Employment and Time Use,86.861,2010
Papua New Guinea,PNG,Employment and Time Use,58.394,2011
Papua New Guinea,PNG,Employment and Time Use,56.204,2012
Papua New Guinea,PNG,Employment and Time Use,56.204,2013
Papua New Guinea,PNG,Employment and Time Use,56.204,2014
Papua New Guinea,PNG,Employment and Time Use,56.204,2015
Papua New Guinea,PNG,Employment and Time Use,56.204,2016
Papua New Guinea,PNG,Employment and Time Use,56.204,2017
Papua New Guinea,PNG,Employment and Time Use,56.204,2018
Papua New Guinea,PNG,Employment and Time Use,56.204,2019
Papua New Guinea,PNG,Employment and Time Use,56.204,2020
Papua New Guinea,PNG,Employment and Time Use,56.204,2021
Papua New Guinea,PNG,Employment and Time Use,86.861,2022
Papua New Guinea,PNG,Employment and Time Use,57.664,2023
Papua New Guinea,PNG,Entrepreneurship,0.000,1960
Papua New Guinea,PNG,Entrepreneurship,0.000,1961
Papua New Guinea,PNG,Entrepreneurship,0.000,1962
Papua New Guinea,PNG,Entrepreneurship,0.000,1963
Papua New Guinea,PNG,Entrepreneurship,0.000,1964
Papua New Guinea,PNG,Entrepreneurship,0.000,1965
Papua New Guinea,PNG,Entrepreneurship,0.000,1966
Papua New Guinea,PNG,Entrepreneurship,0.000,1967
Papua New Guinea,PNG,Entrepreneurship,0.000,1968
Papua New Guinea,PNG,Entrepreneurship,0.000,1969
Papua New Guinea,PNG,Entrepreneurship,9.375,1970
Papua New Guinea,PNG,Entrepreneurship,9.375,1971
Papua New Guinea,PNG,Entrepreneurship,9.375,1972
Papua New Guinea,PNG,Entrepreneurship,9.375,1973
Papua New Guinea,PNG,Entrepreneurship,9.375,1974
Papua New Guinea,PNG,Entrepreneurship,9.375,1975
Papua New Guinea,PNG,Entrepreneurship,9.375,1976
Papua New Guinea,PNG,Entrepreneurship,9.375,1977
Papua New Guinea,PNG,Entrepreneurship,9.375,1978
Papua New Guinea,PNG,Entrepreneurship,9.375,1979
Papua New Guinea,PNG,Entrepreneurship,9.375,1980
Papua New Guinea,PNG,Entrepreneurship,9.375,1981
Papua New Guinea,PNG,Entrepreneurship,9.375,1982
Papua New Guinea,PNG,Entrepreneurship,9.375,1983
Papua New Guinea,PNG,Entrepreneurship,9.375,1984
Papua New Guinea,PNG,Entrepreneurship,9.375,1985
Papua New Guinea,PNG,Entrepreneurship,9.375,1986
Papua New Guinea,PNG,Entrepreneurship,9.375,1987
Papua New Guinea,PNG,Entrepreneurship,9.375,1988
Papua New Guinea,PNG,Entrepreneurship,9.375,1989
Papua New Guinea,PNG,Entrepreneurship,9.375,1990
Papua New Guinea,PNG,Entrepreneurship,9.375,1991
Papua New Guinea,PNG,Entrepreneurship,9.375,1992
Papua New Guinea,PNG,Entrepreneurship,9.375,1993
Papua New Guinea,PNG,Entrepreneurship,9.375,1994
Papua New Guinea,PNG,Entrepreneurship,9.375,1995
Papua New Guinea,PNG,Entrepreneurship,9.375,1996
Papua New Guinea,PNG,Entrepreneurship,9.375,1997
Papua New Guinea,PNG,Entrepreneurship,9.375,1998
Papua New Guinea,PNG,Entrepreneurship,9.375,1999
Papua New Guinea,PNG,Entrepreneurship,9.375,2000
Papua New Guinea,PNG,Entrepreneurship,9.375,2001
Papua New Guinea,PNG,Entrepreneurship,9.375,2002
Papua New Guinea,PNG,Entrepreneurship,37.500,2003
Papua New Guinea,PNG,Entrepreneurship,37.500,2004
Papua New Guinea,PNG,Entrepreneurship,37.500,2005
Papua New Guinea,PNG,Entrepreneurship,37.500,2006
Papua New Guinea,PNG,Entrepreneurship,37.500,2007
Papua New Guinea,PNG,Entrepreneurship,37.500,2008
Papua New Guinea,PNG,Entrepreneurship,37.500,2009
Papua New Guinea,PNG,Entrepreneurship,37.500,2010
Papua New Guinea,PNG,Entrepreneurship,37.500,2011
Papua New Guinea,PNG,Entrepreneurship,37.500,2012
Papua New Guinea,PNG,Entrepreneurship,37.500,2013
Papua New Guinea,PNG,Entrepreneurship,37.500,2014
Papua New Guinea,PNG,Entrepreneurship,43.750,2015
Papua New Guinea,PNG,Entrepreneurship,37.500,2016
Papua New Guinea,PNG,Entrepreneurship,37.500,2017
Papua New Guinea,PNG,Entrepreneurship,37.500,2018
Papua New Guinea,PNG,Entrepreneurship,37.500,2019
Papua New Guinea,PNG,Entrepreneurship,9.375,2020
Papua New Guinea,PNG,Entrepreneurship,9.375,2021
Papua New Guinea,PNG,Entrepreneurship,9.375,2022
Papua New Guinea,PNG,Entrepreneurship,9.375,2023
Papua New Guinea,PNG,Environment,0.000,1960
Papua New Guinea,PNG,Environment,0.000,1961
Papua New Guinea,PNG,Environment,0.000,1962
Papua New Guinea,PNG,Environment,0.000,1963
Papua New Guinea,PNG,Environment,0.000,1964
Papua New Guinea,PNG,Environment,0.000,1965
Papua New Guinea,PNG,Environment,0.000,1966
Papua New Guinea,PNG,Environment,0.000,1967
Papua New Guinea,PNG,Environment,0.000,1968
Papua New Guinea,PNG,Environment,0.000,1969
Papua New Guinea,PNG,Environment,0.000,1970
Papua New Guinea,PNG,Environment,0.000,1971
Papua New Guinea,PNG,Environment,0.000,1972
Papua New Guinea,PNG,Environment,0.000,1973
Papua New Guinea,PNG,Environment,0.000,1974
Papua New Guinea,PNG,Environment,0.000,1975
Papua New Guinea,PNG,Environment,0.000,1976
Papua New Guinea,PNG,Environment,0.000,1977
Papua New Guinea,PNG,Environment,0.000,1978
Papua New Guinea,PNG,Environment,0.000,1979
Papua New Guinea,PNG,Environment,0.000,1980
Papua New Guinea,PNG,Environment,0.000,1981
Papua New Guinea,PNG,Environment,0.000,1982
Papua New Guinea,PNG,Environment,0.000,1983
Papua New Guinea,PNG,Environment,0.000,1984
Papua New Guinea,PNG,Environment,0.000,1985
Papua New Guinea,PNG,Environment,0.000,1986
Papua New Guinea,PNG,Environment,0.000,1987
Papua New Guinea,PNG,Environment,0.000,1988
Papua New Guinea,PNG,Environment,0.000,1989
Papua New Guinea,PNG,Environment,0.000,1990
Papua New Guinea,PNG,Environment,0.000,1991
Papua New Guinea,PNG,Environment,0.000,1992
Papua New Guinea,PNG,Environment,0.000,1993
Papua New Guinea,PNG,Environment,0.000,1994
Papua New Guinea,PNG,Environment,0.000,1995
Papua New Guinea,PNG,Environment,0.000,1996
Papua New Guinea,PNG,Environment,0.000,1997
Papua New Guinea,PNG,Environment,0.000,1998
Papua New Guinea,PNG,Environment,0.000,1999
Papua New Guinea,PNG,Environment,10.000,2000
Papua New Guinea,PNG,Environment,10.000,2001
Papua New Guinea,PNG,Environment,10.000,2002
Papua New Guinea,PNG,Environment,10.000,2003
Papua New Guinea,PNG,Environment,10.000,2004
Papua New Guinea,PNG,Environment,10.000,2005
Papua New Guinea,PNG,Environment,10.000,2006
Papua New Guinea,PNG,Environment,10.000,2007
Papua New Guinea,PNG,Environment,10.000,2008
Papua New Guinea,PNG,Environment,10.000,2009
Papua New Guinea,PNG,Environment,10.000,2010
Papua New Guinea,PNG,Environment,10.000,2011
Papua New Guinea,PNG,Environment,10.000,2012
Papua New Guinea,PNG,Environment,10.000,2013
Papua New Guinea,PNG,Environment,10.000,2014
Papua New Guinea,PNG,Environment,10.000,2015
Papua New Guinea,PNG,Environment,10.000,2016
Papua New Guinea,PNG,Environment,10.000,2017
Papua New Guinea,PNG,Environment,46.667,2018
Papua New Guinea,PNG,Environment,30.000,2019
Papua New Guinea,PNG,Environment,10.000,2020
Papua New Guinea,PNG,Environment,10.000,2021
Papua New Guinea,PNG,Environment,10.000,2022
Papua New Guinea,PNG,Environment,0.000,2023
Papua New Guinea,PNG,Health,8.586,1960
Papua New Guinea,PNG,Health,8.586,1961
Papua New Guinea,PNG,Health,8.586,1962
Papua New Guinea,PNG,Health,8.586,1963
Papua New Guinea,PNG,Health,8.586,1964
Papua New Guinea,PNG,Health,8.586,1965
Papua New Guinea,PNG,Health,8.586,1966
Papua New Guinea,PNG,Health,8.586,1967
Papua New Guinea,PNG,Health,8.586,1968
Papua New Guinea,PNG,Health,8.586,1969
Papua New Guinea,PNG,Health,8.586,1970
Papua New Guinea,PNG,Health,8.586,1971
Papua New Guinea,PNG,Health,8.586,1972
Papua New Guinea,PNG,Health,8.586,1973
Papua New Guinea,PNG,Health,8.586,1974
Papua New Guinea,PNG,Health,11.111,1975
Papua New Guinea,PNG,Health,11.111,1976
Papua New Guinea,PNG,Health,11.111,1977
Papua New Guinea,PNG,Health,11.111,1978
Papua New Guinea,PNG,Health,11.111,1979
Papua New Guinea,PNG,Health,11.616,1980
Papua New Guinea,PNG,Health,11.616,1981
Papua New Guinea,PNG,Health,11.616,1982
Papua New Guinea,PNG,Health,14.646,1983
Papua New Guinea,PNG,Health,12.121,1984
Papua New Guinea,PNG,Health,12.121,1985
Papua New Guinea,PNG,Health,12.121,1986
Papua New Guinea,PNG,Health,12.121,1987
Papua New Guinea,PNG,Health,12.121,1988
Papua New Guinea,PNG,Health,12.121,1989
Papua New Guinea,PNG,Health,16.667,1990
Papua New Guinea,PNG,Health,16.667,1991
Papua New Guinea,PNG,Health,16.667,1992
Papua New Guinea,PNG,Health,16.667,1993
Papua New Guinea,PNG,Health,16.667,1994
Papua New Guinea,PNG,Health,17.172,1995
Papua New Guinea,PNG,Health,17.677,1996
Papua New Guinea,PNG,Health,17.677,1997
Papua New Guinea,PNG,Health,16.667,1998
Papua New Guinea,PNG,Health,16.667,1999
Papua New Guinea,PNG,Health,56.566,2000
Papua New Guinea,PNG,Health,32.323,2001
Papua New Guinea,PNG,Health,31.818,2002
Papua New Guinea,PNG,Health,31.818,2003
Papua New Guinea,PNG,Health,32.323,2004
Papua New Guinea,PNG,Health,37.879,2005
Papua New Guinea,PNG,Health,33.838,2006
Papua New Guinea,PNG,Health,33.333,2007
Papua New Guinea,PNG,Health,31.818,2008
Papua New Guinea,PNG,Health,31.818,2009
Papua New Guinea,PNG,Health,68.182,2010
Papua New Guinea,PNG,Health,32.323,2011
Papua New Guinea,PNG,Health,31.818,2012
Papua New Guinea,PNG,Health,31.818,2013
Papua New Guinea,PNG,Health,31.818,2014
Papua New Guinea,PNG,Health,56.061,2015
Papua New Guinea,PNG,Health,32.323,2016
Papua New Guinea,PNG,Health,34.343,2017
Papua New Guinea,PNG,Health,54.545,2018
Papua New Guinea,PNG,Health,57.071,2019
Papua New Guinea,PNG,Health,28.283,2020
Papua New Guinea,PNG,Health,18.182,2021
Papua New Guinea,PNG,Health,17.677,2022
Papua New Guinea,PNG,Health,1.010,2023
Papua New Guinea,PNG,Leadership,0.000,1960
Papua New Guinea,PNG,Leadership,0.000,1961
Papua New Guinea,PNG,Leadership,0.000,1962
Papua New Guinea,PNG,Leadership,0.000,1963
Papua New Guinea,PNG,Leadership,0.000,1964
Papua New Guinea,PNG,Leadership,0.000,1965
Papua New Guinea,PNG,Leadership,0.000,1966
Papua New Guinea,PNG,Leadership,0.000,1967
Papua New Guinea,PNG,Leadership,0.000,1968
Papua New Guinea,PNG,Leadership,0.000,1969
Papua New Guinea,PNG,Leadership,0.000,1970
Papua New Guinea,PNG,Leadership,0.000,1971
Papua New Guinea,PNG,Leadership,0.000,1972
Papua New Guinea,PNG,Leadership,0.000,1973
Papua New Guinea,PNG,Leadership,0.000,1974
Papua New Guinea,PNG,Leadership,0.000,1975
Papua New Guinea,PNG,Leadership,0.000,1976
Papua New Guinea,PNG,Leadership,0.000,1977
Papua New Guinea,PNG,Leadership,0.000,1978
Papua New Guinea,PNG,Leadership,0.000,1979
Papua New Guinea,PNG,Leadership,0.000,1980
Papua New Guinea,PNG,Leadership,0.000,1981
Papua New Guinea,PNG,Leadership,0.000,1982
Papua New Guinea,PNG,Leadership,0.000,1983
Papua New Guinea,PNG,Leadership,0.000,1984
Papua New Guinea,PNG,Leadership,0.000,1985
Papua New Guinea,PNG,Leadership,0.000,1986
Papua New Guinea,PNG,Leadership,0.000,1987
Papua New Guinea,PNG,Leadership,0.000,1988
Papua New Guinea,PNG,Leadership,0.000,1989
Papua New Guinea,PNG,Leadership,0.000,1990
Papua New Guinea,PNG,Leadership,0.000,1991
Papua New Guinea,PNG,Leadership,0.000,1992
Papua New Guinea,PNG,Leadership,0.000,1993
Papua New Guinea,PNG,Leadership,0.000,1994
Papua New Guinea,PNG,Leadership,0.000,1995
Papua New Guinea,PNG,Leadership,0.000,1996
Papua New Guinea,PNG,Leadership,25.000,1997
Papua New Guinea,PNG,Leadership,25.000,1998
Papua New Guinea,PNG,Leadership,25.000,1999
Papua New Guinea,PNG,Leadership,25.000,2000
Papua New Guinea,PNG,Leadership,25.000,2001
Papua New Guinea,PNG,Leadership,0.000,2002
Papua New Guinea,PNG,Leadership,25.000,2003
Papua New Guinea,PNG,Leadership,25.000,2004
Papua New Guinea,PNG,Leadership,25.000,2005
Papua New Guinea,PNG,Leadership,25.000,2006
Papua New Guinea,PNG,Leadership,25.000,2007
Papua New Guinea,PNG,Leadership,50.000,2008
Papua New Guinea,PNG,Leadership,25.000,2009
Papua New Guinea,PNG,Leadership,75.000,2010
Papua New Guinea,PNG,Leadership,25.000,2011
Papua New Guinea,PNG,Leadership,50.000,2012
Papua New Guinea,PNG,Leadership,25.000,2013
Papua New Guinea,PNG,Leadership,50.000,2014
Papua New Guinea,PNG,Leadership,75.000,2015
Papua New Guinea,PNG,Leadership,50.000,2016
Papua New Guinea,PNG,Leadership,25.000,2017
Papua New Guinea,PNG,Leadership,50.000,2018
Papua New Guinea,PNG,Leadership,50.000,2019
Papua New Guinea,PNG,Leadership,50.000,2020
Papua New Guinea,PNG,Leadership,25.000,2021
Papua New Guinea,PNG,Leadership,75.000,2022
Papua New Guinea,PNG,Leadership,25.000,2023
Papua New Guinea,PNG,Norms and Decision-making,0.000,1960
Papua New Guinea,PNG,Norms and Decision-making,0.000,1961
Papua New Guinea,PNG,Norms and Decision-making,0.000,1962
Papua New Guinea,PNG,Norms and Decision-making,0.000,1963
Papua New Guinea,PNG,Norms and Decision-making,0.000,1964
Papua New Guinea,PNG,Norms and Decision-making,0.000,1965
Papua New Guinea,PNG,Norms and Decision-making,0.000,1966
Papua New Guinea,PNG,Norms and Decision-making,0.000,1967
Papua New Guinea,PNG,Norms and Decision-making,0.000,1968
Papua New Guinea,PNG,Norms and Decision-making,0.000,1969
Papua New Guinea,PNG,Norms and Decision-making,12.593,1970
Papua New Guinea,PNG,Norms and Decision-making,14.074,1971
Papua New Guinea,PNG,Norms and Decision-making,12.593,1972
Papua New Guinea,PNG,Norms and Decision-making,12.593,1973
Papua New Guinea,PNG,Norms and Decision-making,12.593,1974
Papua New Guinea,PNG,Norms and Decision-making,12.593,1975
Papua New Guinea,PNG,Norms and Decision-making,12.593,1976
Papua New Guinea,PNG,Norms and Decision-making,12.593,1977
Papua New Guinea,PNG,Norms and Decision-making,12.593,1978
Papua New Guinea,PNG,Norms and Decision-making,12.593,1979
Papua New Guinea,PNG,Norms and Decision-making,14.074,1980
Papua New Guinea,PNG,Norms and Decision-making,12.593,1981
Papua New Guinea,PNG,Norms and Decision-making,12.593,1982
Papua New Guinea,PNG,Norms and Decision-making,12.593,1983
Papua New Guinea,PNG,Norms and Decision-making,12.593,1984
Papua New Guinea,PNG,Norms and Decision-making,12.593,1985
Papua New Guinea,PNG,Norms and Decision-making,12.593,1986
Papua New Guinea,PNG,Norms and Decision-making,12.593,1987
Papua New Guinea,PNG,Norms and Decision-making,12.593,1988
Papua New Guinea,PNG,Norms and Decision-making,12.593,1989
Papua New Guinea,PNG,Norms and Decision-making,14.074,1990
Papua New Guinea,PNG,Norms and Decision-making,12.593,1991
Papua New Guinea,PNG,Norms and Decision-making,12.593,1992
Papua New Guinea,PNG,Norms and Decision-making,12.593,1993
Papua New Guinea,PNG,Norms and Decision-making,12.593,1994
Papua New Guinea,PNG,Norms and Decision-making,12.593,1995
Papua New Guinea,PNG,Norms and Decision-making,13.333,1996
Papua New Guinea,PNG,Norms and Decision-making,12.593,1997
Papua New Guinea,PNG,Norms and Decision-making,12.593,1998
Papua New Guinea,PNG,Norms and Decision-making,12.593,1999
Papua New Guinea,PNG,Norms and Decision-making,12.593,2000
Papua New Guinea,PNG,Norms and Decision-making,12.593,2001
Papua New Guinea,PNG,Norms and Decision-making,12.593,2002
Papua New Guinea,PNG,Norms and Decision-making,12.593,2003
Papua New Guinea,PNG,Norms and Decision-making,12.593,2004
Papua New Guinea,PNG,Norms and Decision-making,12.593,2005
Papua New Guinea,PNG,Norms and Decision-making,14.074,2006
Papua New Guinea,PNG,Norms and Decision-making,12.593,2007
Papua New Guinea,PNG,Norms and Decision-making,12.593,2008
Papua New Guinea,PNG,Norms and Decision-making,12.593,2009
Papua New Guinea,PNG,Norms and Decision-making,12.593,2010
Papua New Guinea,PNG,Norms and Decision-making,14.074,2011
Papua New Guinea,PNG,Norms and Decision-making,12.593,2012
Papua New Guinea,PNG,Norms and Decision-making,12.593,2013
Papua New Guinea,PNG,Norms and Decision-making,12.593,2014
Papua New Guinea,PNG,Norms and Decision-making,12.593,2015
Papua New Guinea,PNG,Norms and Decision-making,14.074,2016
Papua New Guinea,PNG,Norms and Decision-making,12.593,2017
Papua New Guinea,PNG,Norms and Decision-making,71.852,2018
Papua New Guinea,PNG,Norms and Decision-making,12.593,2019
Papua New Guinea,PNG,Norms and Decision-making,12.593,2020
Papua New Guinea,PNG,Norms and Decision-making,12.593,2021
Papua New Guinea,PNG,Norms and Decision-making,12.593,2022
Papua New Guinea,PNG,Norms and Decision-making,12.593,2023
Papua New Guinea,PNG,Population,86.905,1960
Papua New Guinea,PNG,Population,86.905,1961
Papua New Guinea,PNG,Population,86.905,1962
Papua New Guinea,PNG,Population,86.905,1963
Papua New Guinea,PNG,Population,86.905,1964
Papua New Guinea,PNG,Population,86.905,1965
Papua New Guinea,PNG,Population,86.905,1966
Papua New Guinea,PNG,Population,86.905,1967
Papua New Guinea,PNG,Population,86.905,1968
Papua New Guinea,PNG,Population,86.905,1969
Papua New Guinea,PNG,Population,86.905,1970
Papua New Guinea,PNG,Population,89.286,1971
Papua New Guinea,PNG,Population,86.905,1972
Papua New Guinea,PNG,Population,86.905,1973
Papua New Guinea,PNG,Population,86.905,1974
Papua New Guinea,PNG,Population,86.905,1975
Papua New Guinea,PNG,Population,86.905,1976
Papua New Guinea,PNG,Population,86.905,1977
Papua New Guinea,PNG,Population,86.905,1978
Papua New Guinea,PNG,Population,86.905,1979
Papua New Guinea,PNG,Population,94.048,1980
Papua New Guinea,PNG,Population,86.905,1981
Papua New Guinea,PNG,Population,86.905,1982
Papua New Guinea,PNG,Population,86.905,1983
Papua New Guinea,PNG,Population,86.905,1984
Papua New Guinea,PNG,Population,91.667,1985
Papua New Guinea,PNG,Population,86.905,1986
Papua New Guinea,PNG,Population,86.905,1987
Papua New Guinea,PNG,Population,86.905,1988
Papua New Guinea,PNG,Population,86.905,1989
Papua New Guinea,PNG,Population,95.238,1990
Papua New Guinea,PNG,Population,86.905,1991
Papua New Guinea,PNG,Population,86.905,1992
Papua New Guinea,PNG,Population,86.905,1993
Papua New Guinea,PNG,Population,86.905,1994
Papua New Guinea,PNG,Population,92.857,1995
Papua New Guinea,PNG,Population,88.095,1996
Papua New Guinea,PNG,Population,86.905,1997
Papua New Guinea,PNG,Population,86.905,1998
Papua New Guinea,PNG,Population,86.905,1999
Papua New Guinea,PNG,Population,92.857,2000
Papua New Guinea,PNG,Population,86.905,2001
Papua New Guinea,PNG,Population,86.905,2002
Papua New Guinea,PNG,Population,86.905,2003
Papua New Guinea,PNG,Population,86.905,2004
Papua New Guinea,PNG,Population,92.857,2005
Papua New Guinea,PNG,Population,89.286,2006
Papua New Guinea,PNG,Population,86.905,2007
Papua New Guinea,PNG,Population,86.905,2008
Papua New Guinea,PNG,Population,86.905,2009
Papua New Guinea,PNG,Population,92.857,2010
Papua New Guinea,PNG,Population,89.286,2011
Papua New Guinea,PNG,Population,86.905,2012
Papua New Guinea,PNG,Population,86.905,2013
Papua New Guinea,PNG,Population,86.905,2014
Papua New Guinea,PNG,Population,92.857,2015
Papua New Guinea,PNG,Population,89.286,2016
Papua New Guinea,PNG,Population,86.905,2017
Papua New Guinea,PNG,Population,91.667,2018
Papua New Guinea,PNG,Population,86.905,2019
Papua New Guinea,PNG,Population,88.095,2020
Papua New Guinea,PNG,Population,86.905,2021
Papua New Guinea,PNG,Population,86.905,2022
Papua New Guinea,PNG,Population,77.381,2023
Papua New Guinea,PNG,SDGs,2.685,1960
Papua New Guinea,PNG,SDGs,2.685,1961
Papua New Guinea,PNG,SDGs,2.685,1962
Papua New Guinea,PNG,SDGs,2.685,1963
Papua New Guinea,PNG,SDGs,2.685,1964
Papua New Guinea,PNG,SDGs,2.685,1965
Papua New Guinea,PNG,SDGs,2.685,1966
Papua New Guinea,PNG,SDGs,2.685,1967
Papua New Guinea,PNG,SDGs,2.685,1968
Papua New Guinea,PNG,SDGs,2.685,1969
Papua New Guinea,PNG,SDGs,11.409,1970
Papua New Guinea,PNG,SDGs,11.409,1971
Papua New Guinea,PNG,SDGs,11.409,1972
Papua New Guinea,PNG,SDGs,11.409,1973
Papua New Guinea,PNG,SDGs,11.409,1974
Papua New Guinea,PNG,SDGs,11.409,1975
Papua New Guinea,PNG,SDGs,11.409,1976
Papua New Guinea,PNG,SDGs,11.409,1977
Papua New Guinea,PNG,SDGs,11.409,1978
Papua New Guinea,PNG,SDGs,11.409,1979
Papua New Guinea,PNG,SDGs,12.081,1980
Papua New Guinea,PNG,SDGs,12.081,1981
Papua New Guinea,PNG,SDGs,12.081,1982
Papua New Guinea,PNG,SDGs,12.081,1983
Papua New Guinea,PNG,SDGs,12.081,1984
Papua New Guinea,PNG,SDGs,12.081,1985
Papua New Guinea,PNG,SDGs,12.081,1986
Papua New Guinea,PNG,SDGs,12.081,1987
Papua New Guinea,PNG,SDGs,12.081,1988
Papua New Guinea,PNG,SDGs,12.081,1989
Papua New Guinea,PNG,SDGs,18.121,1990
Papua New Guinea,PNG,SDGs,20.134,1991
Papua New Guinea,PNG,SDGs,20.134,1992
Papua New Guinea,PNG,SDGs,20.134,1993
Papua New Guinea,PNG,SDGs,20.134,1994
Papua New Guinea,PNG,SDGs,20.805,1995
Papua New Guinea,PNG,SDGs,20.805,1996
Papua New Guinea,PNG,SDGs,20.805,1997
Papua New Guinea,PNG,SDGs,20.805,1998
Papua New Guinea,PNG,SDGs,20.805,1999
Papua New Guinea,PNG,SDGs,67.785,2000
Papua New Guinea,PNG,SDGs,34.228,2001
Papua New Guinea,PNG,SDGs,32.886,2002
Papua New Guinea,PNG,SDGs,33.557,2003
Papua New Guinea,PNG,SDGs,34.228,2004
Papua New Guinea,PNG,SDGs,35.570,2005
Papua New Guinea,PNG,SDGs,34.228,2006
Papua New Guinea,PNG,SDGs,33.557,2007
Papua New Guinea,PNG,SDGs,33.557,2008
Papua New Guinea,PNG,SDGs,33.557,2009
Papua New Guinea,PNG,SDGs,69.799,2010
Papua New Guinea,PNG,SDGs,35.570,2011
Papua New Guinea,PNG,SDGs,33.557,2012
Papua New Guinea,PNG,SDGs,33.557,2013
Papua New Guinea,PNG,SDGs,33.557,2014
Papua New Guinea,PNG,SDGs,65.772,2015
Papua New Guinea,PNG,SDGs,33.557,2016
Papua New Guinea,PNG,SDGs,33.557,2017
Papua New Guinea,PNG,SDGs,40.268,2018
Papua New Guinea,PNG,SDGs,69.799,2019
Papua New Guinea,PNG,SDGs,27.517,2020
Papua New Guinea,PNG,SDGs,22.819,2021
Papua New Guinea,PNG,SDGs,26.846,2022
Papua New Guinea,PNG,SDGs,14.094,2023
Papua New Guinea,PNG,Technology,0.000,1960
Papua New Guinea,PNG,Technology,0.000,1961
Papua New Guinea,PNG,Technology,0.000,1962
Papua New Guinea,PNG,Technology,0.000,1963
Papua New Guinea,PNG,Technology,0.000,1964
Papua New Guinea,PNG,Technology,0.000,1965
Papua New Guinea,PNG,Technology,0.000,1966
Papua New Guinea,PNG,Technology,0.000,1967
Papua New Guinea,PNG,Technology,0.000,1968
Papua New Guinea,PNG,Technology,0.000,1969
Papua New Guinea,PNG,Technology,0.000,1970
Papua New Guinea,PNG,Technology,0.000,1971
Papua New Guinea,PNG,Technology,0.000,1972
Papua New Guinea,PNG,Technology,0.000,1973
Papua New Guinea,PNG,Technology,0.000,1974
Papua New Guinea,PNG,Technology,0.000,1975
Papua New Guinea,PNG,Technology,0.000,1976
Papua New Guinea,PNG,Technology,0.000,1977
Papua New Guinea,PNG,Technology,0.000,1978
Papua New Guinea,PNG,Technology,0.000,1979
Papua New Guinea,PNG,Technology,0.000,1980
Papua New Guinea,PNG,Technology,0.000,1981
Papua New Guinea,PNG,Technology,0.000,1982
Papua New Guinea,PNG,Technology,0.000,1983
Papua New Guinea,PNG,Technology,0.000,1984
Papua New Guinea,PNG,Technology,0.000,1985
Papua New Guinea,PNG,Technology,0.000,1986
Papua New Guinea,PNG,Technology,0.000,1987
Papua New Guinea,PNG,Technology,0.000,1988
Papua New Guinea,PNG,Technology,0.000,1989
Papua New Guinea,PNG,Technology,2.222,1990
Papua New Guinea,PNG,Technology,2.222,1991
Papua New Guinea,PNG,Technology,2.222,1992
Papua New Guinea,PNG,Technology,2.222,1993
Papua New Guinea,PNG,Technology,2.222,1994
Papua New Guinea,PNG,Technology,2.222,1995
Papua New Guinea,PNG,Technology,2.222,1996
Papua New Guinea,PNG,Technology,2.222,1997
Papua New Guinea,PNG,Technology,2.222,1998
Papua New Guinea,PNG,Technology,2.222,1999
Papua New Guinea,PNG,Technology,2.222,2000
Papua New Guinea,PNG,Technology,2.222,2001
Papua New Guinea,PNG,Technology,2.222,2002
Papua New Guinea,PNG,Technology,2.222,2003
Papua New Guinea,PNG,Technology,2.222,2004
Papua New Guinea,PNG,Technology,2.222,2005
Papua New Guinea,PNG,Technology,2.222,2006
Papua New Guinea,PNG,Technology,2.222,2007
Papua New Guinea,PNG,Technology,2.222,2008
Papua New Guinea,PNG,Technology,2.222,2009
Papua New Guinea,PNG,Technology,2.222,2010
Papua New Guinea,PNG,Technology,2.222,2011
Papua New Guinea,PNG,Technology,2.222,2012
Papua New Guinea,PNG,Technology,2.222,2013
Papua New Guinea,PNG,Technology,2.222,2014
Papua New Guinea,PNG,Technology,2.222,2015
Papua New Guinea,PNG,Technology,2.222,2016
Papua New Guinea,PNG,Technology,2.222,2017
Papua New Guinea,PNG,Technology,0.000,2018
Papua New Guinea,PNG,Technology,2.222,2019
Papua New Guinea,PNG,Technology,2.222,2020
Papua New Guinea,PNG,Technology,2.222,2021
Papua New Guinea,PNG,Technology,2.222,2022
Papua New Guinea,PNG,Technology,0.000,2023
Papua New Guinea,PNG,Violence,0.000,1960
Papua New Guinea,PNG,Violence,0.000,1961
Papua New Guinea,PNG,Violence,0.000,1962
Papua New Guinea,PNG,Violence,0.000,1963
Papua New Guinea,PNG,Violence,0.000,1964
Papua New Guinea,PNG,Violence,0.000,1965
Papua New Guinea,PNG,Violence,0.000,1966
Papua New Guinea,PNG,Violence,0.000,1967
Papua New Guinea,PNG,Violence,0.000,1968
Papua New Guinea,PNG,Violence,0.000,1969
Papua New Guinea,PNG,Violence,2.143,1970
Papua New Guinea,PNG,Violence,2.143,1971
Papua New Guinea,PNG,Violence,2.143,1972
Papua New Guinea,PNG,Violence,2.143,1973
Papua New Guinea,PNG,Violence,2.143,1974
Papua New Guinea,PNG,Violence,2.143,1975
Papua New Guinea,PNG,Violence,2.143,1976
Papua New Guinea,PNG,Violence,2.143,1977
Papua New Guinea,PNG,Violence,2.143,1978
Papua New Guinea,PNG,Violence,2.143,1979
Papua New Guinea,PNG,Violence,2.143,1980
Papua New Guinea,PNG,Violence,2.143,1981
Papua New Guinea,PNG,Violence,2.143,1982
Papua New Guinea,PNG,Violence,2.143,1983
Papua New Guinea,PNG,Violence,2.143,1984
Papua New Guinea,PNG,Violence,2.143,1985
Papua New Guinea,PNG,Violence,2.143,1986
Papua New Guinea,PNG,Violence,2.143,1987
Papua New Guinea,PNG,Violence,2.143,1988
Papua New Guinea,PNG,Violence,2.143,1989
Papua New Guinea,PNG,Violence,2.143,1990
Papua New Guinea,PNG,Violence,2.143,1991
Papua New Guinea,PNG,Violence,2.143,1992
Papua New Guinea,PNG,Violence,2.143,1993
Papua New Guinea,PNG,Violence,2.143,1994
Papua New Guinea,PNG,Violence,2.143,1995
Papua New Guinea,PNG,Violence,2.143,1996
Papua New Guinea,PNG,Violence,2.143,1997
Papua New Guinea,PNG,Violence,2.857,1998
Papua New Guinea,PNG,Violence,2.857,1999
Papua New Guinea,PNG,Violence,5.000,2000
Papua New Guinea,PNG,Violence,5.000,2001
Papua New Guinea,PNG,Violence,5.000,2002
Papua New Guinea,PNG,Violence,5.000,2003
Papua New Guinea,PNG,Violence,4.286,2004
Papua New Guinea,PNG,Violence,5.000,2005
Papua New Guinea,PNG,Violence,5.000,2006
Papua New Guinea,PNG,Violence,5.000,2007
Papua New Guinea,PNG,Violence,5.000,2008
Papua New Guinea,PNG,Violence,5.000,2009
Papua New Guinea,PNG,Violence,5.000,2010
Papua New Guinea,PNG,Violence,4.286,2011
Papua New Guinea,PNG,Violence,4.286,2012
Papua New Guinea,PNG,Violence,4.286,2013
Papua New Guinea,PNG,Violence,4.286,2014
Papua New Guinea,PNG,Violence,4.286,2015
Papua New Guinea,PNG,Violence,4.286,2016
Papua New Guinea,PNG,Violence,4.286,2017
Papua New Guinea,PNG,Violence,56.429,2018
Papua New Guinea,PNG,Violence,4.286,2019
Papua New Guinea,PNG,Violence,2.143,2020
Papua New Guinea,PNG,Violence,2.143,2021
Papua New Guinea,PNG,Violence,2.143,2022
Papua New Guinea,PNG,Violence,2.143,2023
Papua New Guinea,PNG,Youth 15-24,4.587,1960
Papua New Guinea,PNG,Youth 15-24,4.587,1961
Papua New Guinea,PNG,Youth 15-24,4.587,1962
Papua New Guinea,PNG,Youth 15-24,4.587,1963
Papua New Guinea,PNG,Youth 15-24,4.587,1964
Papua New Guinea,PNG,Youth 15-24,4.587,1965
Papua New Guinea,PNG,Youth 15-24,7.339,1966
Papua New Guinea,PNG,Youth 15-24,4.587,1967
Papua New Guinea,PNG,Youth 15-24,4.587,1968
Papua New Guinea,PNG,Youth 15-24,4.587,1969
Papua New Guinea,PNG,Youth 15-24,14.679,1970
Papua New Guinea,PNG,Youth 15-24,10.092,1971
Papua New Guinea,PNG,Youth 15-24,8.257,1972
Papua New Guinea,PNG,Youth 15-24,8.257,1973
Papua New Guinea,PNG,Youth 15-24,14.679,1974
Papua New Guinea,PNG,Youth 15-24,14.679,1975
Papua New Guinea,PNG,Youth 15-24,14.679,1976
Papua New Guinea,PNG,Youth 15-24,14.679,1977
Papua New Guinea,PNG,Youth 15-24,7.339,1978
Papua New Guinea,PNG,Youth 15-24,7.339,1979
Papua New Guinea,PNG,Youth 15-24,8.257,1980
Papua New Guinea,PNG,Youth 15-24,7.339,1981
Papua New Guinea,PNG,Youth 15-24,7.339,1982
Papua New Guinea,PNG,Youth 15-24,8.257,1983
Papua New Guinea,PNG,Youth 15-24,18.349,1984
Papua New Guinea,PNG,Youth 15-24,8.257,1985
Papua New Guinea,PNG,Youth 15-24,18.349,1986
Papua New Guinea,PNG,Youth 15-24,14.679,1987
Papua New Guinea,PNG,Youth 15-24,14.679,1988
Papua New Guinea,PNG,Youth 15-24,14.679,1989
Papua New Guinea,PNG,Youth 15-24,22.018,1990
Papua New Guinea,PNG,Youth 15-24,28.440,1991
Papua New Guinea,PNG,Youth 15-24,28.440,1992
Papua New Guinea,PNG,Youth 15-24,28.440,1993
Papua New Guinea,PNG,Youth 15-24,28.440,1994
Papua New Guinea,PNG,Youth 15-24,32.110,1995
Papua New Guinea,PNG,Youth 15-24,22.018,1996
Papua New Guinea,PNG,Youth 15-24,21.101,1997
Papua New Guinea,PNG,Youth 15-24,38.532,1998
Papua New Guinea,PNG,Youth 15-24,22.018,1999
Papua New Guinea,PNG,Youth 15-24,29.358,2000
Papua New Guinea,PNG,Youth 15-24,18.349,2001
Papua New Guinea,PNG,Youth 15-24,18.349,2002
Papua New Guinea,PNG,Youth 15-24,18.349,2003
Papua New Guinea,PNG,Youth 15-24,18.349,2004
Papua New Guinea,PNG,Youth 15-24,18.349,2005
Papua New Guinea,PNG,Youth 15-24,18.349,2006
Papua New Guinea,PNG,Youth 15-24,18.349,2007
Papua New Guinea,PNG,Youth 15-24,18.349,2008
Papua New Guinea,PNG,Youth 15-24,18.349,2009
Papua New Guinea,PNG,Youth 15-24,37.615,2010
Papua New Guinea,PNG,Youth 15-24,18.349,2011
Papua New Guinea,PNG,Youth 15-24,35.780,2012
Papua New Guinea,PNG,Youth 15-24,18.349,2013
Papua New Guinea,PNG,Youth 15-24,18.349,2014
Papua New Guinea,PNG,Youth 15-24,18.349,2015
Papua New Guinea,PNG,Youth 15-24,31.193,2016
Papua New Guinea,PNG,Youth 15-24,22.018,2017
Papua New Guinea,PNG,Youth 15-24,37.615,2018
Papua New Guinea,PNG,Youth 15-24,18.349,2019
Papua New Guinea,PNG,Youth 15-24,18.349,2020
Papua New Guinea,PNG,Youth 15-24,18.349,2021
Papua New Guinea,PNG,Youth 15-24,41.284,2022
Papua New Guinea,PNG,Youth 15-24,12.844,2023
