Country Name,Country Code,Topic,% of available indicators,Year
Malaysia,MYS,Assets,0.000,1960
Malaysia,MYS,Assets,0.000,1961
Malaysia,MYS,Assets,0.000,1962
Malaysia,MYS,Assets,0.000,1963
Malaysia,MYS,Assets,0.000,1964
Malaysia,MYS,Assets,0.000,1965
Malaysia,MYS,Assets,0.000,1966
Malaysia,MYS,Assets,0.000,1967
Malaysia,MYS,Assets,0.000,1968
Malaysia,MYS,Assets,0.000,1969
Malaysia,MYS,Assets,2.208,1970
Malaysia,MYS,Assets,2.208,1971
Malaysia,MYS,Assets,2.208,1972
Malaysia,MYS,Assets,2.208,1973
Malaysia,MYS,Assets,2.208,1974
Malaysia,MYS,Assets,2.208,1975
Malaysia,MYS,Assets,2.208,1976
Malaysia,MYS,Assets,2.208,1977
Malaysia,MYS,Assets,2.208,1978
Malaysia,MYS,Assets,2.208,1979
Malaysia,MYS,Assets,2.208,1980
Malaysia,MYS,Assets,2.208,1981
Malaysia,MYS,Assets,2.208,1982
Malaysia,MYS,Assets,2.208,1983
Malaysia,MYS,Assets,2.208,1984
Malaysia,MYS,Assets,2.208,1985
Malaysia,MYS,Assets,2.208,1986
Malaysia,MYS,Assets,2.208,1987
Malaysia,MYS,Assets,2.208,1988
Malaysia,MYS,Assets,2.208,1989
Malaysia,MYS,Assets,2.208,1990
Malaysia,MYS,Assets,2.208,1991
Malaysia,MYS,Assets,2.208,1992
Malaysia,MYS,Assets,2.208,1993
Malaysia,MYS,Assets,2.208,1994
Malaysia,MYS,Assets,2.208,1995
Malaysia,MYS,Assets,2.208,1996
Malaysia,MYS,Assets,2.208,1997
Malaysia,MYS,Assets,2.208,1998
Malaysia,MYS,Assets,2.208,1999
Malaysia,MYS,Assets,2.208,2000
Malaysia,MYS,Assets,2.208,2001
Malaysia,MYS,Assets,2.208,2002
Malaysia,MYS,Assets,2.208,2003
Malaysia,MYS,Assets,2.208,2004
Malaysia,MYS,Assets,2.208,2005
Malaysia,MYS,Assets,2.208,2006
Malaysia,MYS,Assets,2.208,2007
Malaysia,MYS,Assets,2.208,2008
Malaysia,MYS,Assets,2.208,2009
Malaysia,MYS,Assets,2.208,2010
Malaysia,MYS,Assets,11.672,2011
Malaysia,MYS,Assets,2.208,2012
Malaysia,MYS,Assets,2.208,2013
Malaysia,MYS,Assets,31.546,2014
Malaysia,MYS,Assets,2.208,2015
Malaysia,MYS,Assets,2.208,2016
Malaysia,MYS,Assets,34.069,2017
Malaysia,MYS,Assets,2.208,2018
Malaysia,MYS,Assets,2.208,2019
Malaysia,MYS,Assets,2.208,2020
Malaysia,MYS,Assets,63.091,2021
Malaysia,MYS,Assets,2.208,2022
Malaysia,MYS,Assets,2.208,2023
Malaysia,MYS,Children 0-14,19.231,1960
Malaysia,MYS,Children 0-14,19.231,1961
Malaysia,MYS,Children 0-14,19.231,1962
Malaysia,MYS,Children 0-14,19.231,1963
Malaysia,MYS,Children 0-14,19.231,1964
Malaysia,MYS,Children 0-14,19.231,1965
Malaysia,MYS,Children 0-14,19.231,1966
Malaysia,MYS,Children 0-14,19.231,1967
Malaysia,MYS,Children 0-14,19.231,1968
Malaysia,MYS,Children 0-14,19.231,1969
Malaysia,MYS,Children 0-14,30.769,1970
Malaysia,MYS,Children 0-14,26.923,1971
Malaysia,MYS,Children 0-14,26.923,1972
Malaysia,MYS,Children 0-14,19.231,1973
Malaysia,MYS,Children 0-14,24.615,1974
Malaysia,MYS,Children 0-14,23.077,1975
Malaysia,MYS,Children 0-14,19.231,1976
Malaysia,MYS,Children 0-14,20.000,1977
Malaysia,MYS,Children 0-14,20.000,1978
Malaysia,MYS,Children 0-14,20.000,1979
Malaysia,MYS,Children 0-14,33.846,1980
Malaysia,MYS,Children 0-14,28.462,1981
Malaysia,MYS,Children 0-14,29.231,1982
Malaysia,MYS,Children 0-14,30.000,1983
Malaysia,MYS,Children 0-14,30.000,1984
Malaysia,MYS,Children 0-14,28.462,1985
Malaysia,MYS,Children 0-14,20.769,1986
Malaysia,MYS,Children 0-14,31.538,1987
Malaysia,MYS,Children 0-14,31.538,1988
Malaysia,MYS,Children 0-14,31.538,1989
Malaysia,MYS,Children 0-14,32.308,1990
Malaysia,MYS,Children 0-14,30.769,1991
Malaysia,MYS,Children 0-14,30.000,1992
Malaysia,MYS,Children 0-14,30.769,1993
Malaysia,MYS,Children 0-14,33.846,1994
Malaysia,MYS,Children 0-14,27.692,1995
Malaysia,MYS,Children 0-14,31.538,1996
Malaysia,MYS,Children 0-14,20.769,1997
Malaysia,MYS,Children 0-14,38.462,1998
Malaysia,MYS,Children 0-14,41.538,1999
Malaysia,MYS,Children 0-14,55.385,2000
Malaysia,MYS,Children 0-14,39.231,2001
Malaysia,MYS,Children 0-14,41.538,2002
Malaysia,MYS,Children 0-14,40.000,2003
Malaysia,MYS,Children 0-14,41.538,2004
Malaysia,MYS,Children 0-14,46.154,2005
Malaysia,MYS,Children 0-14,53.077,2006
Malaysia,MYS,Children 0-14,40.000,2007
Malaysia,MYS,Children 0-14,40.769,2008
Malaysia,MYS,Children 0-14,45.385,2009
Malaysia,MYS,Children 0-14,63.846,2010
Malaysia,MYS,Children 0-14,35.385,2011
Malaysia,MYS,Children 0-14,42.308,2012
Malaysia,MYS,Children 0-14,46.154,2013
Malaysia,MYS,Children 0-14,46.923,2014
Malaysia,MYS,Children 0-14,70.000,2015
Malaysia,MYS,Children 0-14,61.538,2016
Malaysia,MYS,Children 0-14,55.385,2017
Malaysia,MYS,Children 0-14,47.692,2018
Malaysia,MYS,Children 0-14,68.462,2019
Malaysia,MYS,Children 0-14,44.615,2020
Malaysia,MYS,Children 0-14,37.692,2021
Malaysia,MYS,Children 0-14,44.615,2022
Malaysia,MYS,Children 0-14,19.231,2023
Malaysia,MYS,Education,0.000,1960
Malaysia,MYS,Education,0.000,1961
Malaysia,MYS,Education,0.000,1962
Malaysia,MYS,Education,0.000,1963
Malaysia,MYS,Education,0.000,1964
Malaysia,MYS,Education,0.000,1965
Malaysia,MYS,Education,0.000,1966
Malaysia,MYS,Education,0.000,1967
Malaysia,MYS,Education,0.000,1968
Malaysia,MYS,Education,0.000,1969
Malaysia,MYS,Education,20.245,1970
Malaysia,MYS,Education,15.337,1971
Malaysia,MYS,Education,14.724,1972
Malaysia,MYS,Education,1.227,1973
Malaysia,MYS,Education,10.429,1974
Malaysia,MYS,Education,4.908,1975
Malaysia,MYS,Education,3.067,1976
Malaysia,MYS,Education,1.227,1977
Malaysia,MYS,Education,3.067,1978
Malaysia,MYS,Education,11.043,1979
Malaysia,MYS,Education,36.810,1980
Malaysia,MYS,Education,15.337,1981
Malaysia,MYS,Education,20.245,1982
Malaysia,MYS,Education,19.632,1983
Malaysia,MYS,Education,20.859,1984
Malaysia,MYS,Education,19.632,1985
Malaysia,MYS,Education,7.975,1986
Malaysia,MYS,Education,18.405,1987
Malaysia,MYS,Education,20.859,1988
Malaysia,MYS,Education,20.859,1989
Malaysia,MYS,Education,17.791,1990
Malaysia,MYS,Education,25.153,1991
Malaysia,MYS,Education,16.564,1992
Malaysia,MYS,Education,16.564,1993
Malaysia,MYS,Education,19.632,1994
Malaysia,MYS,Education,11.656,1995
Malaysia,MYS,Education,14.110,1996
Malaysia,MYS,Education,4.908,1997
Malaysia,MYS,Education,33.129,1998
Malaysia,MYS,Education,36.196,1999
Malaysia,MYS,Education,50.920,2000
Malaysia,MYS,Education,37.423,2001
Malaysia,MYS,Education,39.264,2002
Malaysia,MYS,Education,38.037,2003
Malaysia,MYS,Education,49.080,2004
Malaysia,MYS,Education,46.626,2005
Malaysia,MYS,Education,46.626,2006
Malaysia,MYS,Education,46.012,2007
Malaysia,MYS,Education,48.466,2008
Malaysia,MYS,Education,55.828,2009
Malaysia,MYS,Education,73.006,2010
Malaysia,MYS,Education,46.012,2011
Malaysia,MYS,Education,48.466,2012
Malaysia,MYS,Education,47.853,2013
Malaysia,MYS,Education,50.920,2014
Malaysia,MYS,Education,39.264,2015
Malaysia,MYS,Education,64.417,2016
Malaysia,MYS,Education,74.847,2017
Malaysia,MYS,Education,74.233,2018
Malaysia,MYS,Education,46.012,2019
Malaysia,MYS,Education,49.693,2020
Malaysia,MYS,Education,38.037,2021
Malaysia,MYS,Education,39.877,2022
Malaysia,MYS,Education,19.018,2023
Malaysia,MYS,Employment and Time Use,0.000,1960
Malaysia,MYS,Employment and Time Use,0.000,1961
Malaysia,MYS,Employment and Time Use,0.000,1962
Malaysia,MYS,Employment and Time Use,0.000,1963
Malaysia,MYS,Employment and Time Use,0.000,1964
Malaysia,MYS,Employment and Time Use,0.000,1965
Malaysia,MYS,Employment and Time Use,0.000,1966
Malaysia,MYS,Employment and Time Use,0.000,1967
Malaysia,MYS,Employment and Time Use,0.000,1968
Malaysia,MYS,Employment and Time Use,0.000,1969
Malaysia,MYS,Employment and Time Use,51.095,1970
Malaysia,MYS,Employment and Time Use,21.168,1971
Malaysia,MYS,Employment and Time Use,21.168,1972
Malaysia,MYS,Employment and Time Use,21.168,1973
Malaysia,MYS,Employment and Time Use,21.168,1974
Malaysia,MYS,Employment and Time Use,21.168,1975
Malaysia,MYS,Employment and Time Use,21.168,1976
Malaysia,MYS,Employment and Time Use,21.168,1977
Malaysia,MYS,Employment and Time Use,21.168,1978
Malaysia,MYS,Employment and Time Use,21.168,1979
Malaysia,MYS,Employment and Time Use,50.365,1980
Malaysia,MYS,Employment and Time Use,21.168,1981
Malaysia,MYS,Employment and Time Use,28.467,1982
Malaysia,MYS,Employment and Time Use,28.467,1983
Malaysia,MYS,Employment and Time Use,27.007,1984
Malaysia,MYS,Employment and Time Use,27.007,1985
Malaysia,MYS,Employment and Time Use,27.007,1986
Malaysia,MYS,Employment and Time Use,27.007,1987
Malaysia,MYS,Employment and Time Use,27.007,1988
Malaysia,MYS,Employment and Time Use,27.007,1989
Malaysia,MYS,Employment and Time Use,37.226,1990
Malaysia,MYS,Employment and Time Use,86.131,1991
Malaysia,MYS,Employment and Time Use,62.044,1992
Malaysia,MYS,Employment and Time Use,62.044,1993
Malaysia,MYS,Employment and Time Use,56.204,1994
Malaysia,MYS,Employment and Time Use,63.504,1995
Malaysia,MYS,Employment and Time Use,63.504,1996
Malaysia,MYS,Employment and Time Use,63.504,1997
Malaysia,MYS,Employment and Time Use,63.504,1998
Malaysia,MYS,Employment and Time Use,63.504,1999
Malaysia,MYS,Employment and Time Use,79.562,2000
Malaysia,MYS,Employment and Time Use,63.504,2001
Malaysia,MYS,Employment and Time Use,63.504,2002
Malaysia,MYS,Employment and Time Use,64.964,2003
Malaysia,MYS,Employment and Time Use,63.504,2004
Malaysia,MYS,Employment and Time Use,63.504,2005
Malaysia,MYS,Employment and Time Use,56.204,2006
Malaysia,MYS,Employment and Time Use,56.934,2007
Malaysia,MYS,Employment and Time Use,61.314,2008
Malaysia,MYS,Employment and Time Use,65.693,2009
Malaysia,MYS,Employment and Time Use,65.693,2010
Malaysia,MYS,Employment and Time Use,83.212,2011
Malaysia,MYS,Employment and Time Use,67.883,2012
Malaysia,MYS,Employment and Time Use,67.883,2013
Malaysia,MYS,Employment and Time Use,83.212,2014
Malaysia,MYS,Employment and Time Use,86.131,2015
Malaysia,MYS,Employment and Time Use,89.781,2016
Malaysia,MYS,Employment and Time Use,76.642,2017
Malaysia,MYS,Employment and Time Use,87.591,2018
Malaysia,MYS,Employment and Time Use,89.781,2019
Malaysia,MYS,Employment and Time Use,87.591,2020
Malaysia,MYS,Employment and Time Use,89.781,2021
Malaysia,MYS,Employment and Time Use,89.781,2022
Malaysia,MYS,Employment and Time Use,59.124,2023
Malaysia,MYS,Entrepreneurship,0.000,1960
Malaysia,MYS,Entrepreneurship,0.000,1961
Malaysia,MYS,Entrepreneurship,0.000,1962
Malaysia,MYS,Entrepreneurship,0.000,1963
Malaysia,MYS,Entrepreneurship,0.000,1964
Malaysia,MYS,Entrepreneurship,0.000,1965
Malaysia,MYS,Entrepreneurship,0.000,1966
Malaysia,MYS,Entrepreneurship,0.000,1967
Malaysia,MYS,Entrepreneurship,0.000,1968
Malaysia,MYS,Entrepreneurship,0.000,1969
Malaysia,MYS,Entrepreneurship,9.375,1970
Malaysia,MYS,Entrepreneurship,9.375,1971
Malaysia,MYS,Entrepreneurship,9.375,1972
Malaysia,MYS,Entrepreneurship,9.375,1973
Malaysia,MYS,Entrepreneurship,9.375,1974
Malaysia,MYS,Entrepreneurship,9.375,1975
Malaysia,MYS,Entrepreneurship,9.375,1976
Malaysia,MYS,Entrepreneurship,9.375,1977
Malaysia,MYS,Entrepreneurship,9.375,1978
Malaysia,MYS,Entrepreneurship,9.375,1979
Malaysia,MYS,Entrepreneurship,9.375,1980
Malaysia,MYS,Entrepreneurship,9.375,1981
Malaysia,MYS,Entrepreneurship,9.375,1982
Malaysia,MYS,Entrepreneurship,9.375,1983
Malaysia,MYS,Entrepreneurship,9.375,1984
Malaysia,MYS,Entrepreneurship,9.375,1985
Malaysia,MYS,Entrepreneurship,9.375,1986
Malaysia,MYS,Entrepreneurship,9.375,1987
Malaysia,MYS,Entrepreneurship,9.375,1988
Malaysia,MYS,Entrepreneurship,9.375,1989
Malaysia,MYS,Entrepreneurship,9.375,1990
Malaysia,MYS,Entrepreneurship,9.375,1991
Malaysia,MYS,Entrepreneurship,9.375,1992
Malaysia,MYS,Entrepreneurship,9.375,1993
Malaysia,MYS,Entrepreneurship,9.375,1994
Malaysia,MYS,Entrepreneurship,9.375,1995
Malaysia,MYS,Entrepreneurship,9.375,1996
Malaysia,MYS,Entrepreneurship,9.375,1997
Malaysia,MYS,Entrepreneurship,9.375,1998
Malaysia,MYS,Entrepreneurship,9.375,1999
Malaysia,MYS,Entrepreneurship,9.375,2000
Malaysia,MYS,Entrepreneurship,9.375,2001
Malaysia,MYS,Entrepreneurship,9.375,2002
Malaysia,MYS,Entrepreneurship,37.500,2003
Malaysia,MYS,Entrepreneurship,37.500,2004
Malaysia,MYS,Entrepreneurship,37.500,2005
Malaysia,MYS,Entrepreneurship,37.500,2006
Malaysia,MYS,Entrepreneurship,43.750,2007
Malaysia,MYS,Entrepreneurship,37.500,2008
Malaysia,MYS,Entrepreneurship,37.500,2009
Malaysia,MYS,Entrepreneurship,37.500,2010
Malaysia,MYS,Entrepreneurship,37.500,2011
Malaysia,MYS,Entrepreneurship,37.500,2012
Malaysia,MYS,Entrepreneurship,37.500,2013
Malaysia,MYS,Entrepreneurship,93.750,2014
Malaysia,MYS,Entrepreneurship,81.250,2015
Malaysia,MYS,Entrepreneurship,75.000,2016
Malaysia,MYS,Entrepreneurship,93.750,2017
Malaysia,MYS,Entrepreneurship,75.000,2018
Malaysia,MYS,Entrepreneurship,81.250,2019
Malaysia,MYS,Entrepreneurship,46.875,2020
Malaysia,MYS,Entrepreneurship,46.875,2021
Malaysia,MYS,Entrepreneurship,46.875,2022
Malaysia,MYS,Entrepreneurship,9.375,2023
Malaysia,MYS,Environment,0.000,1960
Malaysia,MYS,Environment,0.000,1961
Malaysia,MYS,Environment,0.000,1962
Malaysia,MYS,Environment,0.000,1963
Malaysia,MYS,Environment,0.000,1964
Malaysia,MYS,Environment,0.000,1965
Malaysia,MYS,Environment,0.000,1966
Malaysia,MYS,Environment,0.000,1967
Malaysia,MYS,Environment,0.000,1968
Malaysia,MYS,Environment,0.000,1969
Malaysia,MYS,Environment,0.000,1970
Malaysia,MYS,Environment,0.000,1971
Malaysia,MYS,Environment,0.000,1972
Malaysia,MYS,Environment,0.000,1973
Malaysia,MYS,Environment,0.000,1974
Malaysia,MYS,Environment,0.000,1975
Malaysia,MYS,Environment,0.000,1976
Malaysia,MYS,Environment,0.000,1977
Malaysia,MYS,Environment,0.000,1978
Malaysia,MYS,Environment,0.000,1979
Malaysia,MYS,Environment,0.000,1980
Malaysia,MYS,Environment,0.000,1981
Malaysia,MYS,Environment,0.000,1982
Malaysia,MYS,Environment,0.000,1983
Malaysia,MYS,Environment,0.000,1984
Malaysia,MYS,Environment,0.000,1985
Malaysia,MYS,Environment,0.000,1986
Malaysia,MYS,Environment,0.000,1987
Malaysia,MYS,Environment,0.000,1988
Malaysia,MYS,Environment,0.000,1989
Malaysia,MYS,Environment,0.000,1990
Malaysia,MYS,Environment,0.000,1991
Malaysia,MYS,Environment,0.000,1992
Malaysia,MYS,Environment,0.000,1993
Malaysia,MYS,Environment,0.000,1994
Malaysia,MYS,Environment,0.000,1995
Malaysia,MYS,Environment,0.000,1996
Malaysia,MYS,Environment,0.000,1997
Malaysia,MYS,Environment,0.000,1998
Malaysia,MYS,Environment,0.000,1999
Malaysia,MYS,Environment,10.000,2000
Malaysia,MYS,Environment,10.000,2001
Malaysia,MYS,Environment,10.000,2002
Malaysia,MYS,Environment,10.000,2003
Malaysia,MYS,Environment,13.333,2004
Malaysia,MYS,Environment,10.000,2005
Malaysia,MYS,Environment,13.333,2006
Malaysia,MYS,Environment,13.333,2007
Malaysia,MYS,Environment,13.333,2008
Malaysia,MYS,Environment,13.333,2009
Malaysia,MYS,Environment,13.333,2010
Malaysia,MYS,Environment,13.333,2011
Malaysia,MYS,Environment,13.333,2012
Malaysia,MYS,Environment,13.333,2013
Malaysia,MYS,Environment,23.333,2014
Malaysia,MYS,Environment,13.333,2015
Malaysia,MYS,Environment,10.000,2016
Malaysia,MYS,Environment,13.333,2017
Malaysia,MYS,Environment,6.667,2018
Malaysia,MYS,Environment,23.333,2019
Malaysia,MYS,Environment,3.333,2020
Malaysia,MYS,Environment,13.333,2021
Malaysia,MYS,Environment,3.333,2022
Malaysia,MYS,Environment,0.000,2023
Malaysia,MYS,Health,8.586,1960
Malaysia,MYS,Health,8.586,1961
Malaysia,MYS,Health,8.586,1962
Malaysia,MYS,Health,8.586,1963
Malaysia,MYS,Health,8.586,1964
Malaysia,MYS,Health,8.586,1965
Malaysia,MYS,Health,8.586,1966
Malaysia,MYS,Health,9.596,1967
Malaysia,MYS,Health,8.586,1968
Malaysia,MYS,Health,8.586,1969
Malaysia,MYS,Health,8.586,1970
Malaysia,MYS,Health,8.586,1971
Malaysia,MYS,Health,8.586,1972
Malaysia,MYS,Health,8.586,1973
Malaysia,MYS,Health,9.596,1974
Malaysia,MYS,Health,11.111,1975
Malaysia,MYS,Health,11.111,1976
Malaysia,MYS,Health,11.111,1977
Malaysia,MYS,Health,11.111,1978
Malaysia,MYS,Health,11.111,1979
Malaysia,MYS,Health,11.616,1980
Malaysia,MYS,Health,11.616,1981
Malaysia,MYS,Health,11.616,1982
Malaysia,MYS,Health,12.121,1983
Malaysia,MYS,Health,13.131,1984
Malaysia,MYS,Health,12.121,1985
Malaysia,MYS,Health,12.121,1986
Malaysia,MYS,Health,12.121,1987
Malaysia,MYS,Health,13.131,1988
Malaysia,MYS,Health,12.121,1989
Malaysia,MYS,Health,17.677,1990
Malaysia,MYS,Health,17.172,1991
Malaysia,MYS,Health,17.677,1992
Malaysia,MYS,Health,17.677,1993
Malaysia,MYS,Health,18.687,1994
Malaysia,MYS,Health,18.182,1995
Malaysia,MYS,Health,17.172,1996
Malaysia,MYS,Health,17.172,1997
Malaysia,MYS,Health,17.172,1998
Malaysia,MYS,Health,18.687,1999
Malaysia,MYS,Health,57.071,2000
Malaysia,MYS,Health,32.828,2001
Malaysia,MYS,Health,32.828,2002
Malaysia,MYS,Health,33.333,2003
Malaysia,MYS,Health,33.838,2004
Malaysia,MYS,Health,34.848,2005
Malaysia,MYS,Health,39.899,2006
Malaysia,MYS,Health,32.828,2007
Malaysia,MYS,Health,32.828,2008
Malaysia,MYS,Health,33.333,2009
Malaysia,MYS,Health,61.616,2010
Malaysia,MYS,Health,33.838,2011
Malaysia,MYS,Health,33.838,2012
Malaysia,MYS,Health,33.838,2013
Malaysia,MYS,Health,36.364,2014
Malaysia,MYS,Health,64.646,2015
Malaysia,MYS,Health,40.909,2016
Malaysia,MYS,Health,35.354,2017
Malaysia,MYS,Health,35.354,2018
Malaysia,MYS,Health,64.141,2019
Malaysia,MYS,Health,27.273,2020
Malaysia,MYS,Health,19.192,2021
Malaysia,MYS,Health,22.727,2022
Malaysia,MYS,Health,1.010,2023
Malaysia,MYS,Leadership,0.000,1960
Malaysia,MYS,Leadership,0.000,1961
Malaysia,MYS,Leadership,0.000,1962
Malaysia,MYS,Leadership,0.000,1963
Malaysia,MYS,Leadership,0.000,1964
Malaysia,MYS,Leadership,0.000,1965
Malaysia,MYS,Leadership,0.000,1966
Malaysia,MYS,Leadership,0.000,1967
Malaysia,MYS,Leadership,0.000,1968
Malaysia,MYS,Leadership,0.000,1969
Malaysia,MYS,Leadership,0.000,1970
Malaysia,MYS,Leadership,0.000,1971
Malaysia,MYS,Leadership,0.000,1972
Malaysia,MYS,Leadership,0.000,1973
Malaysia,MYS,Leadership,0.000,1974
Malaysia,MYS,Leadership,0.000,1975
Malaysia,MYS,Leadership,0.000,1976
Malaysia,MYS,Leadership,0.000,1977
Malaysia,MYS,Leadership,0.000,1978
Malaysia,MYS,Leadership,0.000,1979
Malaysia,MYS,Leadership,0.000,1980
Malaysia,MYS,Leadership,0.000,1981
Malaysia,MYS,Leadership,0.000,1982
Malaysia,MYS,Leadership,0.000,1983
Malaysia,MYS,Leadership,0.000,1984
Malaysia,MYS,Leadership,0.000,1985
Malaysia,MYS,Leadership,0.000,1986
Malaysia,MYS,Leadership,0.000,1987
Malaysia,MYS,Leadership,0.000,1988
Malaysia,MYS,Leadership,0.000,1989
Malaysia,MYS,Leadership,0.000,1990
Malaysia,MYS,Leadership,0.000,1991
Malaysia,MYS,Leadership,0.000,1992
Malaysia,MYS,Leadership,0.000,1993
Malaysia,MYS,Leadership,0.000,1994
Malaysia,MYS,Leadership,0.000,1995
Malaysia,MYS,Leadership,0.000,1996
Malaysia,MYS,Leadership,25.000,1997
Malaysia,MYS,Leadership,25.000,1998
Malaysia,MYS,Leadership,0.000,1999
Malaysia,MYS,Leadership,50.000,2000
Malaysia,MYS,Leadership,25.000,2001
Malaysia,MYS,Leadership,25.000,2002
Malaysia,MYS,Leadership,25.000,2003
Malaysia,MYS,Leadership,25.000,2004
Malaysia,MYS,Leadership,50.000,2005
Malaysia,MYS,Leadership,25.000,2006
Malaysia,MYS,Leadership,50.000,2007
Malaysia,MYS,Leadership,50.000,2008
Malaysia,MYS,Leadership,25.000,2009
Malaysia,MYS,Leadership,50.000,2010
Malaysia,MYS,Leadership,25.000,2011
Malaysia,MYS,Leadership,50.000,2012
Malaysia,MYS,Leadership,25.000,2013
Malaysia,MYS,Leadership,50.000,2014
Malaysia,MYS,Leadership,75.000,2015
Malaysia,MYS,Leadership,50.000,2016
Malaysia,MYS,Leadership,25.000,2017
Malaysia,MYS,Leadership,50.000,2018
Malaysia,MYS,Leadership,75.000,2019
Malaysia,MYS,Leadership,50.000,2020
Malaysia,MYS,Leadership,25.000,2021
Malaysia,MYS,Leadership,50.000,2022
Malaysia,MYS,Leadership,25.000,2023
Malaysia,MYS,Norms and Decision-making,0.000,1960
Malaysia,MYS,Norms and Decision-making,0.000,1961
Malaysia,MYS,Norms and Decision-making,0.000,1962
Malaysia,MYS,Norms and Decision-making,0.000,1963
Malaysia,MYS,Norms and Decision-making,0.000,1964
Malaysia,MYS,Norms and Decision-making,0.000,1965
Malaysia,MYS,Norms and Decision-making,0.000,1966
Malaysia,MYS,Norms and Decision-making,0.000,1967
Malaysia,MYS,Norms and Decision-making,0.000,1968
Malaysia,MYS,Norms and Decision-making,0.000,1969
Malaysia,MYS,Norms and Decision-making,12.593,1970
Malaysia,MYS,Norms and Decision-making,12.593,1971
Malaysia,MYS,Norms and Decision-making,12.593,1972
Malaysia,MYS,Norms and Decision-making,12.593,1973
Malaysia,MYS,Norms and Decision-making,12.593,1974
Malaysia,MYS,Norms and Decision-making,12.593,1975
Malaysia,MYS,Norms and Decision-making,12.593,1976
Malaysia,MYS,Norms and Decision-making,12.593,1977
Malaysia,MYS,Norms and Decision-making,12.593,1978
Malaysia,MYS,Norms and Decision-making,12.593,1979
Malaysia,MYS,Norms and Decision-making,12.593,1980
Malaysia,MYS,Norms and Decision-making,12.593,1981
Malaysia,MYS,Norms and Decision-making,12.593,1982
Malaysia,MYS,Norms and Decision-making,12.593,1983
Malaysia,MYS,Norms and Decision-making,12.593,1984
Malaysia,MYS,Norms and Decision-making,12.593,1985
Malaysia,MYS,Norms and Decision-making,12.593,1986
Malaysia,MYS,Norms and Decision-making,12.593,1987
Malaysia,MYS,Norms and Decision-making,12.593,1988
Malaysia,MYS,Norms and Decision-making,12.593,1989
Malaysia,MYS,Norms and Decision-making,12.593,1990
Malaysia,MYS,Norms and Decision-making,14.074,1991
Malaysia,MYS,Norms and Decision-making,12.593,1992
Malaysia,MYS,Norms and Decision-making,12.593,1993
Malaysia,MYS,Norms and Decision-making,12.593,1994
Malaysia,MYS,Norms and Decision-making,12.593,1995
Malaysia,MYS,Norms and Decision-making,12.593,1996
Malaysia,MYS,Norms and Decision-making,12.593,1997
Malaysia,MYS,Norms and Decision-making,12.593,1998
Malaysia,MYS,Norms and Decision-making,12.593,1999
Malaysia,MYS,Norms and Decision-making,14.074,2000
Malaysia,MYS,Norms and Decision-making,12.593,2001
Malaysia,MYS,Norms and Decision-making,12.593,2002
Malaysia,MYS,Norms and Decision-making,12.593,2003
Malaysia,MYS,Norms and Decision-making,12.593,2004
Malaysia,MYS,Norms and Decision-making,12.593,2005
Malaysia,MYS,Norms and Decision-making,12.593,2006
Malaysia,MYS,Norms and Decision-making,12.593,2007
Malaysia,MYS,Norms and Decision-making,12.593,2008
Malaysia,MYS,Norms and Decision-making,12.593,2009
Malaysia,MYS,Norms and Decision-making,14.074,2010
Malaysia,MYS,Norms and Decision-making,12.593,2011
Malaysia,MYS,Norms and Decision-making,12.593,2012
Malaysia,MYS,Norms and Decision-making,12.593,2013
Malaysia,MYS,Norms and Decision-making,12.593,2014
Malaysia,MYS,Norms and Decision-making,12.593,2015
Malaysia,MYS,Norms and Decision-making,12.593,2016
Malaysia,MYS,Norms and Decision-making,12.593,2017
Malaysia,MYS,Norms and Decision-making,12.593,2018
Malaysia,MYS,Norms and Decision-making,12.593,2019
Malaysia,MYS,Norms and Decision-making,12.593,2020
Malaysia,MYS,Norms and Decision-making,12.593,2021
Malaysia,MYS,Norms and Decision-making,12.593,2022
Malaysia,MYS,Norms and Decision-making,12.593,2023
Malaysia,MYS,Population,86.905,1960
Malaysia,MYS,Population,86.905,1961
Malaysia,MYS,Population,86.905,1962
Malaysia,MYS,Population,86.905,1963
Malaysia,MYS,Population,86.905,1964
Malaysia,MYS,Population,86.905,1965
Malaysia,MYS,Population,86.905,1966
Malaysia,MYS,Population,86.905,1967
Malaysia,MYS,Population,86.905,1968
Malaysia,MYS,Population,86.905,1969
Malaysia,MYS,Population,86.905,1970
Malaysia,MYS,Population,86.905,1971
Malaysia,MYS,Population,86.905,1972
Malaysia,MYS,Population,86.905,1973
Malaysia,MYS,Population,86.905,1974
Malaysia,MYS,Population,86.905,1975
Malaysia,MYS,Population,86.905,1976
Malaysia,MYS,Population,86.905,1977
Malaysia,MYS,Population,86.905,1978
Malaysia,MYS,Population,86.905,1979
Malaysia,MYS,Population,91.667,1980
Malaysia,MYS,Population,86.905,1981
Malaysia,MYS,Population,86.905,1982
Malaysia,MYS,Population,86.905,1983
Malaysia,MYS,Population,86.905,1984
Malaysia,MYS,Population,91.667,1985
Malaysia,MYS,Population,86.905,1986
Malaysia,MYS,Population,86.905,1987
Malaysia,MYS,Population,86.905,1988
Malaysia,MYS,Population,86.905,1989
Malaysia,MYS,Population,92.857,1990
Malaysia,MYS,Population,89.286,1991
Malaysia,MYS,Population,86.905,1992
Malaysia,MYS,Population,86.905,1993
Malaysia,MYS,Population,86.905,1994
Malaysia,MYS,Population,92.857,1995
Malaysia,MYS,Population,86.905,1996
Malaysia,MYS,Population,86.905,1997
Malaysia,MYS,Population,86.905,1998
Malaysia,MYS,Population,86.905,1999
Malaysia,MYS,Population,95.238,2000
Malaysia,MYS,Population,86.905,2001
Malaysia,MYS,Population,86.905,2002
Malaysia,MYS,Population,86.905,2003
Malaysia,MYS,Population,86.905,2004
Malaysia,MYS,Population,92.857,2005
Malaysia,MYS,Population,86.905,2006
Malaysia,MYS,Population,86.905,2007
Malaysia,MYS,Population,86.905,2008
Malaysia,MYS,Population,86.905,2009
Malaysia,MYS,Population,95.238,2010
Malaysia,MYS,Population,86.905,2011
Malaysia,MYS,Population,86.905,2012
Malaysia,MYS,Population,86.905,2013
Malaysia,MYS,Population,86.905,2014
Malaysia,MYS,Population,92.857,2015
Malaysia,MYS,Population,86.905,2016
Malaysia,MYS,Population,86.905,2017
Malaysia,MYS,Population,86.905,2018
Malaysia,MYS,Population,86.905,2019
Malaysia,MYS,Population,88.095,2020
Malaysia,MYS,Population,86.905,2021
Malaysia,MYS,Population,86.905,2022
Malaysia,MYS,Population,77.381,2023
Malaysia,MYS,SDGs,2.685,1960
Malaysia,MYS,SDGs,2.685,1961
Malaysia,MYS,SDGs,2.685,1962
Malaysia,MYS,SDGs,2.685,1963
Malaysia,MYS,SDGs,2.685,1964
Malaysia,MYS,SDGs,2.685,1965
Malaysia,MYS,SDGs,2.685,1966
Malaysia,MYS,SDGs,2.685,1967
Malaysia,MYS,SDGs,2.685,1968
Malaysia,MYS,SDGs,2.685,1969
Malaysia,MYS,SDGs,15.436,1970
Malaysia,MYS,SDGs,11.409,1971
Malaysia,MYS,SDGs,11.409,1972
Malaysia,MYS,SDGs,11.409,1973
Malaysia,MYS,SDGs,11.409,1974
Malaysia,MYS,SDGs,11.409,1975
Malaysia,MYS,SDGs,11.409,1976
Malaysia,MYS,SDGs,11.409,1977
Malaysia,MYS,SDGs,11.409,1978
Malaysia,MYS,SDGs,11.409,1979
Malaysia,MYS,SDGs,16.107,1980
Malaysia,MYS,SDGs,12.081,1981
Malaysia,MYS,SDGs,14.094,1982
Malaysia,MYS,SDGs,14.094,1983
Malaysia,MYS,SDGs,12.752,1984
Malaysia,MYS,SDGs,12.752,1985
Malaysia,MYS,SDGs,12.752,1986
Malaysia,MYS,SDGs,12.752,1987
Malaysia,MYS,SDGs,12.752,1988
Malaysia,MYS,SDGs,12.752,1989
Malaysia,MYS,SDGs,17.450,1990
Malaysia,MYS,SDGs,24.161,1991
Malaysia,MYS,SDGs,21.477,1992
Malaysia,MYS,SDGs,21.477,1993
Malaysia,MYS,SDGs,20.805,1994
Malaysia,MYS,SDGs,23.490,1995
Malaysia,MYS,SDGs,22.819,1996
Malaysia,MYS,SDGs,23.490,1997
Malaysia,MYS,SDGs,23.490,1998
Malaysia,MYS,SDGs,22.148,1999
Malaysia,MYS,SDGs,69.128,2000
Malaysia,MYS,SDGs,36.913,2001
Malaysia,MYS,SDGs,36.913,2002
Malaysia,MYS,SDGs,38.255,2003
Malaysia,MYS,SDGs,36.913,2004
Malaysia,MYS,SDGs,38.926,2005
Malaysia,MYS,SDGs,34.228,2006
Malaysia,MYS,SDGs,35.570,2007
Malaysia,MYS,SDGs,35.570,2008
Malaysia,MYS,SDGs,35.570,2009
Malaysia,MYS,SDGs,67.785,2010
Malaysia,MYS,SDGs,40.940,2011
Malaysia,MYS,SDGs,35.570,2012
Malaysia,MYS,SDGs,35.570,2013
Malaysia,MYS,SDGs,40.940,2014
Malaysia,MYS,SDGs,70.470,2015
Malaysia,MYS,SDGs,38.255,2016
Malaysia,MYS,SDGs,36.242,2017
Malaysia,MYS,SDGs,38.926,2018
Malaysia,MYS,SDGs,73.154,2019
Malaysia,MYS,SDGs,30.201,2020
Malaysia,MYS,SDGs,27.517,2021
Malaysia,MYS,SDGs,25.503,2022
Malaysia,MYS,SDGs,14.094,2023
Malaysia,MYS,Technology,0.000,1960
Malaysia,MYS,Technology,0.000,1961
Malaysia,MYS,Technology,0.000,1962
Malaysia,MYS,Technology,0.000,1963
Malaysia,MYS,Technology,0.000,1964
Malaysia,MYS,Technology,0.000,1965
Malaysia,MYS,Technology,0.000,1966
Malaysia,MYS,Technology,0.000,1967
Malaysia,MYS,Technology,0.000,1968
Malaysia,MYS,Technology,0.000,1969
Malaysia,MYS,Technology,0.000,1970
Malaysia,MYS,Technology,0.000,1971
Malaysia,MYS,Technology,0.000,1972
Malaysia,MYS,Technology,0.000,1973
Malaysia,MYS,Technology,0.000,1974
Malaysia,MYS,Technology,0.000,1975
Malaysia,MYS,Technology,0.000,1976
Malaysia,MYS,Technology,0.000,1977
Malaysia,MYS,Technology,0.000,1978
Malaysia,MYS,Technology,0.000,1979
Malaysia,MYS,Technology,0.000,1980
Malaysia,MYS,Technology,0.000,1981
Malaysia,MYS,Technology,0.000,1982
Malaysia,MYS,Technology,0.000,1983
Malaysia,MYS,Technology,0.000,1984
Malaysia,MYS,Technology,0.000,1985
Malaysia,MYS,Technology,0.000,1986
Malaysia,MYS,Technology,0.000,1987
Malaysia,MYS,Technology,0.000,1988
Malaysia,MYS,Technology,0.000,1989
Malaysia,MYS,Technology,2.222,1990
Malaysia,MYS,Technology,2.222,1991
Malaysia,MYS,Technology,2.222,1992
Malaysia,MYS,Technology,2.222,1993
Malaysia,MYS,Technology,2.222,1994
Malaysia,MYS,Technology,2.222,1995
Malaysia,MYS,Technology,2.222,1996
Malaysia,MYS,Technology,2.222,1997
Malaysia,MYS,Technology,2.222,1998
Malaysia,MYS,Technology,2.222,1999
Malaysia,MYS,Technology,2.222,2000
Malaysia,MYS,Technology,2.222,2001
Malaysia,MYS,Technology,2.222,2002
Malaysia,MYS,Technology,2.222,2003
Malaysia,MYS,Technology,8.889,2004
Malaysia,MYS,Technology,2.222,2005
Malaysia,MYS,Technology,8.889,2006
Malaysia,MYS,Technology,8.889,2007
Malaysia,MYS,Technology,8.889,2008
Malaysia,MYS,Technology,8.889,2009
Malaysia,MYS,Technology,8.889,2010
Malaysia,MYS,Technology,15.556,2011
Malaysia,MYS,Technology,8.889,2012
Malaysia,MYS,Technology,8.889,2013
Malaysia,MYS,Technology,42.222,2014
Malaysia,MYS,Technology,11.111,2015
Malaysia,MYS,Technology,6.667,2016
Malaysia,MYS,Technology,60.000,2017
Malaysia,MYS,Technology,13.333,2018
Malaysia,MYS,Technology,6.667,2019
Malaysia,MYS,Technology,6.667,2020
Malaysia,MYS,Technology,86.667,2021
Malaysia,MYS,Technology,6.667,2022
Malaysia,MYS,Technology,6.667,2023
Malaysia,MYS,Violence,0.000,1960
Malaysia,MYS,Violence,0.000,1961
Malaysia,MYS,Violence,0.000,1962
Malaysia,MYS,Violence,0.000,1963
Malaysia,MYS,Violence,0.000,1964
Malaysia,MYS,Violence,0.000,1965
Malaysia,MYS,Violence,0.000,1966
Malaysia,MYS,Violence,0.000,1967
Malaysia,MYS,Violence,0.000,1968
Malaysia,MYS,Violence,0.000,1969
Malaysia,MYS,Violence,2.143,1970
Malaysia,MYS,Violence,2.143,1971
Malaysia,MYS,Violence,2.143,1972
Malaysia,MYS,Violence,2.143,1973
Malaysia,MYS,Violence,2.143,1974
Malaysia,MYS,Violence,2.143,1975
Malaysia,MYS,Violence,2.143,1976
Malaysia,MYS,Violence,2.143,1977
Malaysia,MYS,Violence,2.143,1978
Malaysia,MYS,Violence,2.143,1979
Malaysia,MYS,Violence,2.143,1980
Malaysia,MYS,Violence,2.143,1981
Malaysia,MYS,Violence,2.143,1982
Malaysia,MYS,Violence,2.143,1983
Malaysia,MYS,Violence,2.143,1984
Malaysia,MYS,Violence,2.143,1985
Malaysia,MYS,Violence,2.143,1986
Malaysia,MYS,Violence,2.143,1987
Malaysia,MYS,Violence,2.143,1988
Malaysia,MYS,Violence,2.143,1989
Malaysia,MYS,Violence,2.857,1990
Malaysia,MYS,Violence,2.857,1991
Malaysia,MYS,Violence,2.857,1992
Malaysia,MYS,Violence,2.857,1993
Malaysia,MYS,Violence,2.857,1994
Malaysia,MYS,Violence,2.857,1995
Malaysia,MYS,Violence,2.857,1996
Malaysia,MYS,Violence,2.857,1997
Malaysia,MYS,Violence,2.857,1998
Malaysia,MYS,Violence,2.857,1999
Malaysia,MYS,Violence,5.000,2000
Malaysia,MYS,Violence,5.000,2001
Malaysia,MYS,Violence,5.000,2002
Malaysia,MYS,Violence,5.000,2003
Malaysia,MYS,Violence,5.000,2004
Malaysia,MYS,Violence,5.000,2005
Malaysia,MYS,Violence,5.000,2006
Malaysia,MYS,Violence,5.000,2007
Malaysia,MYS,Violence,5.000,2008
Malaysia,MYS,Violence,5.000,2009
Malaysia,MYS,Violence,5.000,2010
Malaysia,MYS,Violence,5.000,2011
Malaysia,MYS,Violence,5.000,2012
Malaysia,MYS,Violence,5.000,2013
Malaysia,MYS,Violence,5.000,2014
Malaysia,MYS,Violence,5.000,2015
Malaysia,MYS,Violence,5.000,2016
Malaysia,MYS,Violence,5.000,2017
Malaysia,MYS,Violence,6.429,2018
Malaysia,MYS,Violence,5.000,2019
Malaysia,MYS,Violence,2.857,2020
Malaysia,MYS,Violence,2.857,2021
Malaysia,MYS,Violence,2.143,2022
Malaysia,MYS,Violence,2.143,2023
Malaysia,MYS,Youth 15-24,4.587,1960
Malaysia,MYS,Youth 15-24,4.587,1961
Malaysia,MYS,Youth 15-24,4.587,1962
Malaysia,MYS,Youth 15-24,4.587,1963
Malaysia,MYS,Youth 15-24,4.587,1964
Malaysia,MYS,Youth 15-24,4.587,1965
Malaysia,MYS,Youth 15-24,4.587,1966
Malaysia,MYS,Youth 15-24,4.587,1967
Malaysia,MYS,Youth 15-24,4.587,1968
Malaysia,MYS,Youth 15-24,4.587,1969
Malaysia,MYS,Youth 15-24,29.358,1970
Malaysia,MYS,Youth 15-24,16.514,1971
Malaysia,MYS,Youth 15-24,16.514,1972
Malaysia,MYS,Youth 15-24,6.422,1973
Malaysia,MYS,Youth 15-24,13.761,1974
Malaysia,MYS,Youth 15-24,7.339,1975
Malaysia,MYS,Youth 15-24,8.257,1976
Malaysia,MYS,Youth 15-24,5.505,1977
Malaysia,MYS,Youth 15-24,8.257,1978
Malaysia,MYS,Youth 15-24,17.431,1979
Malaysia,MYS,Youth 15-24,43.119,1980
Malaysia,MYS,Youth 15-24,14.679,1981
Malaysia,MYS,Youth 15-24,18.349,1982
Malaysia,MYS,Youth 15-24,18.349,1983
Malaysia,MYS,Youth 15-24,18.349,1984
Malaysia,MYS,Youth 15-24,18.349,1985
Malaysia,MYS,Youth 15-24,14.679,1986
Malaysia,MYS,Youth 15-24,15.596,1987
Malaysia,MYS,Youth 15-24,18.349,1988
Malaysia,MYS,Youth 15-24,18.349,1989
Malaysia,MYS,Youth 15-24,22.936,1990
Malaysia,MYS,Youth 15-24,48.624,1991
Malaysia,MYS,Youth 15-24,29.358,1992
Malaysia,MYS,Youth 15-24,29.358,1993
Malaysia,MYS,Youth 15-24,29.358,1994
Malaysia,MYS,Youth 15-24,24.771,1995
Malaysia,MYS,Youth 15-24,24.771,1996
Malaysia,MYS,Youth 15-24,22.936,1997
Malaysia,MYS,Youth 15-24,43.119,1998
Malaysia,MYS,Youth 15-24,46.789,1999
Malaysia,MYS,Youth 15-24,61.468,2000
Malaysia,MYS,Youth 15-24,44.037,2001
Malaysia,MYS,Youth 15-24,44.037,2002
Malaysia,MYS,Youth 15-24,44.037,2003
Malaysia,MYS,Youth 15-24,58.716,2004
Malaysia,MYS,Youth 15-24,52.294,2005
Malaysia,MYS,Youth 15-24,55.046,2006
Malaysia,MYS,Youth 15-24,55.963,2007
Malaysia,MYS,Youth 15-24,58.716,2008
Malaysia,MYS,Youth 15-24,64.220,2009
Malaysia,MYS,Youth 15-24,70.642,2010
Malaysia,MYS,Youth 15-24,70.642,2011
Malaysia,MYS,Youth 15-24,56.881,2012
Malaysia,MYS,Youth 15-24,51.376,2013
Malaysia,MYS,Youth 15-24,61.468,2014
Malaysia,MYS,Youth 15-24,51.376,2015
Malaysia,MYS,Youth 15-24,73.394,2016
Malaysia,MYS,Youth 15-24,66.972,2017
Malaysia,MYS,Youth 15-24,80.734,2018
Malaysia,MYS,Youth 15-24,55.046,2019
Malaysia,MYS,Youth 15-24,50.459,2020
Malaysia,MYS,Youth 15-24,52.294,2021
Malaysia,MYS,Youth 15-24,55.046,2022
Malaysia,MYS,Youth 15-24,22.936,2023
