Country Name,Country Code,Topic,% of available indicators,Year
"Gambia, The",GMB,Assets,0.000,1960
"Gambia, The",GMB,Assets,0.000,1961
"Gambia, The",GMB,Assets,0.000,1962
"Gambia, The",GMB,Assets,0.000,1963
"Gambia, The",GMB,Assets,0.000,1964
"Gambia, The",GMB,Assets,0.000,1965
"Gambia, The",GMB,Assets,0.000,1966
"Gambia, The",GMB,Assets,0.000,1967
"Gambia, The",GMB,Assets,0.000,1968
"Gambia, The",GMB,Assets,0.000,1969
"Gambia, The",GMB,Assets,2.208,1970
"Gambia, The",GMB,Assets,2.208,1971
"Gambia, The",GMB,Assets,2.208,1972
"Gambia, The",GMB,Assets,2.208,1973
"Gambia, The",GMB,Assets,2.208,1974
"Gambia, The",GMB,Assets,2.208,1975
"Gambia, The",GMB,Assets,2.208,1976
"Gambia, The",GMB,Assets,2.208,1977
"Gambia, The",GMB,Assets,2.208,1978
"Gambia, The",GMB,Assets,2.208,1979
"Gambia, The",GMB,Assets,2.208,1980
"Gambia, The",GMB,Assets,2.208,1981
"Gambia, The",GMB,Assets,2.208,1982
"Gambia, The",GMB,Assets,2.208,1983
"Gambia, The",GMB,Assets,2.208,1984
"Gambia, The",GMB,Assets,2.208,1985
"Gambia, The",GMB,Assets,2.208,1986
"Gambia, The",GMB,Assets,2.208,1987
"Gambia, The",GMB,Assets,2.208,1988
"Gambia, The",GMB,Assets,2.208,1989
"Gambia, The",GMB,Assets,2.208,1990
"Gambia, The",GMB,Assets,2.208,1991
"Gambia, The",GMB,Assets,2.208,1992
"Gambia, The",GMB,Assets,2.208,1993
"Gambia, The",GMB,Assets,2.208,1994
"Gambia, The",GMB,Assets,2.208,1995
"Gambia, The",GMB,Assets,2.208,1996
"Gambia, The",GMB,Assets,2.208,1997
"Gambia, The",GMB,Assets,2.208,1998
"Gambia, The",GMB,Assets,2.208,1999
"Gambia, The",GMB,Assets,2.208,2000
"Gambia, The",GMB,Assets,2.208,2001
"Gambia, The",GMB,Assets,2.208,2002
"Gambia, The",GMB,Assets,2.208,2003
"Gambia, The",GMB,Assets,2.208,2004
"Gambia, The",GMB,Assets,2.208,2005
"Gambia, The",GMB,Assets,2.208,2006
"Gambia, The",GMB,Assets,2.208,2007
"Gambia, The",GMB,Assets,2.208,2008
"Gambia, The",GMB,Assets,2.208,2009
"Gambia, The",GMB,Assets,2.208,2010
"Gambia, The",GMB,Assets,2.208,2011
"Gambia, The",GMB,Assets,2.208,2012
"Gambia, The",GMB,Assets,32.492,2013
"Gambia, The",GMB,Assets,2.208,2014
"Gambia, The",GMB,Assets,2.208,2015
"Gambia, The",GMB,Assets,2.208,2016
"Gambia, The",GMB,Assets,26.814,2017
"Gambia, The",GMB,Assets,2.208,2018
"Gambia, The",GMB,Assets,2.208,2019
"Gambia, The",GMB,Assets,32.492,2020
"Gambia, The",GMB,Assets,2.208,2021
"Gambia, The",GMB,Assets,62.461,2022
"Gambia, The",GMB,Assets,2.208,2023
"Gambia, The",GMB,Children 0-14,17.692,1960
"Gambia, The",GMB,Children 0-14,19.231,1961
"Gambia, The",GMB,Children 0-14,19.231,1962
"Gambia, The",GMB,Children 0-14,19.231,1963
"Gambia, The",GMB,Children 0-14,19.231,1964
"Gambia, The",GMB,Children 0-14,19.231,1965
"Gambia, The",GMB,Children 0-14,19.231,1966
"Gambia, The",GMB,Children 0-14,19.231,1967
"Gambia, The",GMB,Children 0-14,19.231,1968
"Gambia, The",GMB,Children 0-14,19.231,1969
"Gambia, The",GMB,Children 0-14,19.231,1970
"Gambia, The",GMB,Children 0-14,35.385,1971
"Gambia, The",GMB,Children 0-14,33.846,1972
"Gambia, The",GMB,Children 0-14,38.462,1973
"Gambia, The",GMB,Children 0-14,36.154,1974
"Gambia, The",GMB,Children 0-14,33.846,1975
"Gambia, The",GMB,Children 0-14,36.154,1976
"Gambia, The",GMB,Children 0-14,36.154,1977
"Gambia, The",GMB,Children 0-14,36.154,1978
"Gambia, The",GMB,Children 0-14,36.154,1979
"Gambia, The",GMB,Children 0-14,37.692,1980
"Gambia, The",GMB,Children 0-14,37.692,1981
"Gambia, The",GMB,Children 0-14,39.231,1982
"Gambia, The",GMB,Children 0-14,37.692,1983
"Gambia, The",GMB,Children 0-14,39.231,1984
"Gambia, The",GMB,Children 0-14,39.231,1985
"Gambia, The",GMB,Children 0-14,37.692,1986
"Gambia, The",GMB,Children 0-14,30.000,1987
"Gambia, The",GMB,Children 0-14,21.538,1988
"Gambia, The",GMB,Children 0-14,27.692,1989
"Gambia, The",GMB,Children 0-14,24.615,1990
"Gambia, The",GMB,Children 0-14,21.538,1991
"Gambia, The",GMB,Children 0-14,36.154,1992
"Gambia, The",GMB,Children 0-14,36.923,1993
"Gambia, The",GMB,Children 0-14,27.692,1994
"Gambia, The",GMB,Children 0-14,29.231,1995
"Gambia, The",GMB,Children 0-14,38.462,1996
"Gambia, The",GMB,Children 0-14,27.692,1997
"Gambia, The",GMB,Children 0-14,40.000,1998
"Gambia, The",GMB,Children 0-14,41.538,1999
"Gambia, The",GMB,Children 0-14,66.923,2000
"Gambia, The",GMB,Children 0-14,39.231,2001
"Gambia, The",GMB,Children 0-14,37.692,2002
"Gambia, The",GMB,Children 0-14,41.538,2003
"Gambia, The",GMB,Children 0-14,39.231,2004
"Gambia, The",GMB,Children 0-14,43.846,2005
"Gambia, The",GMB,Children 0-14,52.308,2006
"Gambia, The",GMB,Children 0-14,43.846,2007
"Gambia, The",GMB,Children 0-14,40.000,2008
"Gambia, The",GMB,Children 0-14,29.231,2009
"Gambia, The",GMB,Children 0-14,72.308,2010
"Gambia, The",GMB,Children 0-14,39.231,2011
"Gambia, The",GMB,Children 0-14,50.769,2012
"Gambia, The",GMB,Children 0-14,63.077,2013
"Gambia, The",GMB,Children 0-14,41.538,2014
"Gambia, The",GMB,Children 0-14,56.923,2015
"Gambia, The",GMB,Children 0-14,42.308,2016
"Gambia, The",GMB,Children 0-14,41.538,2017
"Gambia, The",GMB,Children 0-14,60.000,2018
"Gambia, The",GMB,Children 0-14,49.231,2019
"Gambia, The",GMB,Children 0-14,63.846,2020
"Gambia, The",GMB,Children 0-14,33.846,2021
"Gambia, The",GMB,Children 0-14,28.462,2022
"Gambia, The",GMB,Children 0-14,18.462,2023
"Gambia, The",GMB,Education,0.000,1960
"Gambia, The",GMB,Education,0.000,1961
"Gambia, The",GMB,Education,0.000,1962
"Gambia, The",GMB,Education,0.000,1963
"Gambia, The",GMB,Education,0.000,1964
"Gambia, The",GMB,Education,0.000,1965
"Gambia, The",GMB,Education,0.000,1966
"Gambia, The",GMB,Education,0.000,1967
"Gambia, The",GMB,Education,0.000,1968
"Gambia, The",GMB,Education,0.000,1969
"Gambia, The",GMB,Education,0.000,1970
"Gambia, The",GMB,Education,20.859,1971
"Gambia, The",GMB,Education,14.724,1972
"Gambia, The",GMB,Education,28.834,1973
"Gambia, The",GMB,Education,20.859,1974
"Gambia, The",GMB,Education,20.859,1975
"Gambia, The",GMB,Education,22.699,1976
"Gambia, The",GMB,Education,23.313,1977
"Gambia, The",GMB,Education,25.153,1978
"Gambia, The",GMB,Education,25.153,1979
"Gambia, The",GMB,Education,23.313,1980
"Gambia, The",GMB,Education,22.699,1981
"Gambia, The",GMB,Education,18.405,1982
"Gambia, The",GMB,Education,25.153,1983
"Gambia, The",GMB,Education,26.380,1984
"Gambia, The",GMB,Education,26.994,1985
"Gambia, The",GMB,Education,25.153,1986
"Gambia, The",GMB,Education,11.656,1987
"Gambia, The",GMB,Education,3.681,1988
"Gambia, The",GMB,Education,10.429,1989
"Gambia, The",GMB,Education,6.748,1990
"Gambia, The",GMB,Education,4.294,1991
"Gambia, The",GMB,Education,17.178,1992
"Gambia, The",GMB,Education,17.791,1993
"Gambia, The",GMB,Education,10.429,1994
"Gambia, The",GMB,Education,17.178,1995
"Gambia, The",GMB,Education,18.405,1996
"Gambia, The",GMB,Education,6.135,1997
"Gambia, The",GMB,Education,17.791,1998
"Gambia, The",GMB,Education,22.699,1999
"Gambia, The",GMB,Education,24.540,2000
"Gambia, The",GMB,Education,18.405,2001
"Gambia, The",GMB,Education,17.178,2002
"Gambia, The",GMB,Education,20.245,2003
"Gambia, The",GMB,Education,25.153,2004
"Gambia, The",GMB,Education,20.245,2005
"Gambia, The",GMB,Education,19.632,2006
"Gambia, The",GMB,Education,22.086,2007
"Gambia, The",GMB,Education,26.994,2008
"Gambia, The",GMB,Education,19.632,2009
"Gambia, The",GMB,Education,45.399,2010
"Gambia, The",GMB,Education,27.607,2011
"Gambia, The",GMB,Education,31.288,2012
"Gambia, The",GMB,Education,29.448,2013
"Gambia, The",GMB,Education,19.018,2014
"Gambia, The",GMB,Education,28.221,2015
"Gambia, The",GMB,Education,19.018,2016
"Gambia, The",GMB,Education,22.699,2017
"Gambia, The",GMB,Education,47.853,2018
"Gambia, The",GMB,Education,13.497,2019
"Gambia, The",GMB,Education,31.902,2020
"Gambia, The",GMB,Education,20.245,2021
"Gambia, The",GMB,Education,11.043,2022
"Gambia, The",GMB,Education,19.018,2023
"Gambia, The",GMB,Employment and Time Use,0.000,1960
"Gambia, The",GMB,Employment and Time Use,0.000,1961
"Gambia, The",GMB,Employment and Time Use,0.000,1962
"Gambia, The",GMB,Employment and Time Use,0.000,1963
"Gambia, The",GMB,Employment and Time Use,0.000,1964
"Gambia, The",GMB,Employment and Time Use,0.000,1965
"Gambia, The",GMB,Employment and Time Use,0.000,1966
"Gambia, The",GMB,Employment and Time Use,0.000,1967
"Gambia, The",GMB,Employment and Time Use,0.000,1968
"Gambia, The",GMB,Employment and Time Use,0.000,1969
"Gambia, The",GMB,Employment and Time Use,21.168,1970
"Gambia, The",GMB,Employment and Time Use,21.168,1971
"Gambia, The",GMB,Employment and Time Use,21.168,1972
"Gambia, The",GMB,Employment and Time Use,21.168,1973
"Gambia, The",GMB,Employment and Time Use,21.168,1974
"Gambia, The",GMB,Employment and Time Use,21.168,1975
"Gambia, The",GMB,Employment and Time Use,21.168,1976
"Gambia, The",GMB,Employment and Time Use,21.168,1977
"Gambia, The",GMB,Employment and Time Use,21.168,1978
"Gambia, The",GMB,Employment and Time Use,21.168,1979
"Gambia, The",GMB,Employment and Time Use,21.168,1980
"Gambia, The",GMB,Employment and Time Use,21.168,1981
"Gambia, The",GMB,Employment and Time Use,21.168,1982
"Gambia, The",GMB,Employment and Time Use,26.277,1983
"Gambia, The",GMB,Employment and Time Use,21.168,1984
"Gambia, The",GMB,Employment and Time Use,21.168,1985
"Gambia, The",GMB,Employment and Time Use,21.168,1986
"Gambia, The",GMB,Employment and Time Use,21.168,1987
"Gambia, The",GMB,Employment and Time Use,21.168,1988
"Gambia, The",GMB,Employment and Time Use,21.168,1989
"Gambia, The",GMB,Employment and Time Use,31.387,1990
"Gambia, The",GMB,Employment and Time Use,56.204,1991
"Gambia, The",GMB,Employment and Time Use,56.204,1992
"Gambia, The",GMB,Employment and Time Use,61.314,1993
"Gambia, The",GMB,Employment and Time Use,56.204,1994
"Gambia, The",GMB,Employment and Time Use,56.204,1995
"Gambia, The",GMB,Employment and Time Use,56.204,1996
"Gambia, The",GMB,Employment and Time Use,56.204,1997
"Gambia, The",GMB,Employment and Time Use,56.204,1998
"Gambia, The",GMB,Employment and Time Use,56.204,1999
"Gambia, The",GMB,Employment and Time Use,58.394,2000
"Gambia, The",GMB,Employment and Time Use,56.204,2001
"Gambia, The",GMB,Employment and Time Use,56.204,2002
"Gambia, The",GMB,Employment and Time Use,56.204,2003
"Gambia, The",GMB,Employment and Time Use,56.204,2004
"Gambia, The",GMB,Employment and Time Use,58.394,2005
"Gambia, The",GMB,Employment and Time Use,56.204,2006
"Gambia, The",GMB,Employment and Time Use,56.204,2007
"Gambia, The",GMB,Employment and Time Use,58.394,2008
"Gambia, The",GMB,Employment and Time Use,56.204,2009
"Gambia, The",GMB,Employment and Time Use,56.204,2010
"Gambia, The",GMB,Employment and Time Use,56.204,2011
"Gambia, The",GMB,Employment and Time Use,89.781,2012
"Gambia, The",GMB,Employment and Time Use,56.204,2013
"Gambia, The",GMB,Employment and Time Use,56.204,2014
"Gambia, The",GMB,Employment and Time Use,58.394,2015
"Gambia, The",GMB,Employment and Time Use,56.204,2016
"Gambia, The",GMB,Employment and Time Use,56.204,2017
"Gambia, The",GMB,Employment and Time Use,89.781,2018
"Gambia, The",GMB,Employment and Time Use,56.204,2019
"Gambia, The",GMB,Employment and Time Use,56.204,2020
"Gambia, The",GMB,Employment and Time Use,56.204,2021
"Gambia, The",GMB,Employment and Time Use,56.204,2022
"Gambia, The",GMB,Employment and Time Use,94.891,2023
"Gambia, The",GMB,Entrepreneurship,0.000,1960
"Gambia, The",GMB,Entrepreneurship,0.000,1961
"Gambia, The",GMB,Entrepreneurship,0.000,1962
"Gambia, The",GMB,Entrepreneurship,0.000,1963
"Gambia, The",GMB,Entrepreneurship,0.000,1964
"Gambia, The",GMB,Entrepreneurship,0.000,1965
"Gambia, The",GMB,Entrepreneurship,0.000,1966
"Gambia, The",GMB,Entrepreneurship,0.000,1967
"Gambia, The",GMB,Entrepreneurship,0.000,1968
"Gambia, The",GMB,Entrepreneurship,0.000,1969
"Gambia, The",GMB,Entrepreneurship,9.375,1970
"Gambia, The",GMB,Entrepreneurship,9.375,1971
"Gambia, The",GMB,Entrepreneurship,9.375,1972
"Gambia, The",GMB,Entrepreneurship,9.375,1973
"Gambia, The",GMB,Entrepreneurship,9.375,1974
"Gambia, The",GMB,Entrepreneurship,9.375,1975
"Gambia, The",GMB,Entrepreneurship,9.375,1976
"Gambia, The",GMB,Entrepreneurship,9.375,1977
"Gambia, The",GMB,Entrepreneurship,9.375,1978
"Gambia, The",GMB,Entrepreneurship,9.375,1979
"Gambia, The",GMB,Entrepreneurship,9.375,1980
"Gambia, The",GMB,Entrepreneurship,9.375,1981
"Gambia, The",GMB,Entrepreneurship,9.375,1982
"Gambia, The",GMB,Entrepreneurship,9.375,1983
"Gambia, The",GMB,Entrepreneurship,9.375,1984
"Gambia, The",GMB,Entrepreneurship,9.375,1985
"Gambia, The",GMB,Entrepreneurship,9.375,1986
"Gambia, The",GMB,Entrepreneurship,9.375,1987
"Gambia, The",GMB,Entrepreneurship,9.375,1988
"Gambia, The",GMB,Entrepreneurship,9.375,1989
"Gambia, The",GMB,Entrepreneurship,9.375,1990
"Gambia, The",GMB,Entrepreneurship,9.375,1991
"Gambia, The",GMB,Entrepreneurship,9.375,1992
"Gambia, The",GMB,Entrepreneurship,9.375,1993
"Gambia, The",GMB,Entrepreneurship,9.375,1994
"Gambia, The",GMB,Entrepreneurship,9.375,1995
"Gambia, The",GMB,Entrepreneurship,9.375,1996
"Gambia, The",GMB,Entrepreneurship,9.375,1997
"Gambia, The",GMB,Entrepreneurship,9.375,1998
"Gambia, The",GMB,Entrepreneurship,9.375,1999
"Gambia, The",GMB,Entrepreneurship,9.375,2000
"Gambia, The",GMB,Entrepreneurship,9.375,2001
"Gambia, The",GMB,Entrepreneurship,9.375,2002
"Gambia, The",GMB,Entrepreneurship,9.375,2003
"Gambia, The",GMB,Entrepreneurship,9.375,2004
"Gambia, The",GMB,Entrepreneurship,37.500,2005
"Gambia, The",GMB,Entrepreneurship,40.625,2006
"Gambia, The",GMB,Entrepreneurship,37.500,2007
"Gambia, The",GMB,Entrepreneurship,37.500,2008
"Gambia, The",GMB,Entrepreneurship,37.500,2009
"Gambia, The",GMB,Entrepreneurship,37.500,2010
"Gambia, The",GMB,Entrepreneurship,37.500,2011
"Gambia, The",GMB,Entrepreneurship,37.500,2012
"Gambia, The",GMB,Entrepreneurship,37.500,2013
"Gambia, The",GMB,Entrepreneurship,37.500,2014
"Gambia, The",GMB,Entrepreneurship,37.500,2015
"Gambia, The",GMB,Entrepreneurship,37.500,2016
"Gambia, The",GMB,Entrepreneurship,56.250,2017
"Gambia, The",GMB,Entrepreneurship,43.750,2018
"Gambia, The",GMB,Entrepreneurship,37.500,2019
"Gambia, The",GMB,Entrepreneurship,9.375,2020
"Gambia, The",GMB,Entrepreneurship,9.375,2021
"Gambia, The",GMB,Entrepreneurship,9.375,2022
"Gambia, The",GMB,Entrepreneurship,15.625,2023
"Gambia, The",GMB,Environment,0.000,1960
"Gambia, The",GMB,Environment,0.000,1961
"Gambia, The",GMB,Environment,0.000,1962
"Gambia, The",GMB,Environment,0.000,1963
"Gambia, The",GMB,Environment,0.000,1964
"Gambia, The",GMB,Environment,0.000,1965
"Gambia, The",GMB,Environment,0.000,1966
"Gambia, The",GMB,Environment,0.000,1967
"Gambia, The",GMB,Environment,0.000,1968
"Gambia, The",GMB,Environment,0.000,1969
"Gambia, The",GMB,Environment,0.000,1970
"Gambia, The",GMB,Environment,0.000,1971
"Gambia, The",GMB,Environment,0.000,1972
"Gambia, The",GMB,Environment,0.000,1973
"Gambia, The",GMB,Environment,0.000,1974
"Gambia, The",GMB,Environment,0.000,1975
"Gambia, The",GMB,Environment,0.000,1976
"Gambia, The",GMB,Environment,0.000,1977
"Gambia, The",GMB,Environment,0.000,1978
"Gambia, The",GMB,Environment,0.000,1979
"Gambia, The",GMB,Environment,0.000,1980
"Gambia, The",GMB,Environment,0.000,1981
"Gambia, The",GMB,Environment,0.000,1982
"Gambia, The",GMB,Environment,0.000,1983
"Gambia, The",GMB,Environment,0.000,1984
"Gambia, The",GMB,Environment,0.000,1985
"Gambia, The",GMB,Environment,0.000,1986
"Gambia, The",GMB,Environment,0.000,1987
"Gambia, The",GMB,Environment,0.000,1988
"Gambia, The",GMB,Environment,0.000,1989
"Gambia, The",GMB,Environment,0.000,1990
"Gambia, The",GMB,Environment,0.000,1991
"Gambia, The",GMB,Environment,0.000,1992
"Gambia, The",GMB,Environment,0.000,1993
"Gambia, The",GMB,Environment,0.000,1994
"Gambia, The",GMB,Environment,0.000,1995
"Gambia, The",GMB,Environment,0.000,1996
"Gambia, The",GMB,Environment,0.000,1997
"Gambia, The",GMB,Environment,0.000,1998
"Gambia, The",GMB,Environment,0.000,1999
"Gambia, The",GMB,Environment,10.000,2000
"Gambia, The",GMB,Environment,10.000,2001
"Gambia, The",GMB,Environment,10.000,2002
"Gambia, The",GMB,Environment,10.000,2003
"Gambia, The",GMB,Environment,10.000,2004
"Gambia, The",GMB,Environment,10.000,2005
"Gambia, The",GMB,Environment,10.000,2006
"Gambia, The",GMB,Environment,10.000,2007
"Gambia, The",GMB,Environment,10.000,2008
"Gambia, The",GMB,Environment,10.000,2009
"Gambia, The",GMB,Environment,10.000,2010
"Gambia, The",GMB,Environment,10.000,2011
"Gambia, The",GMB,Environment,10.000,2012
"Gambia, The",GMB,Environment,50.000,2013
"Gambia, The",GMB,Environment,10.000,2014
"Gambia, The",GMB,Environment,10.000,2015
"Gambia, The",GMB,Environment,10.000,2016
"Gambia, The",GMB,Environment,10.000,2017
"Gambia, The",GMB,Environment,20.000,2018
"Gambia, The",GMB,Environment,30.000,2019
"Gambia, The",GMB,Environment,50.000,2020
"Gambia, The",GMB,Environment,10.000,2021
"Gambia, The",GMB,Environment,20.000,2022
"Gambia, The",GMB,Environment,0.000,2023
"Gambia, The",GMB,Health,7.576,1960
"Gambia, The",GMB,Health,8.586,1961
"Gambia, The",GMB,Health,8.586,1962
"Gambia, The",GMB,Health,8.586,1963
"Gambia, The",GMB,Health,8.586,1964
"Gambia, The",GMB,Health,8.586,1965
"Gambia, The",GMB,Health,8.586,1966
"Gambia, The",GMB,Health,8.586,1967
"Gambia, The",GMB,Health,8.586,1968
"Gambia, The",GMB,Health,8.586,1969
"Gambia, The",GMB,Health,8.586,1970
"Gambia, The",GMB,Health,8.586,1971
"Gambia, The",GMB,Health,8.586,1972
"Gambia, The",GMB,Health,8.586,1973
"Gambia, The",GMB,Health,8.586,1974
"Gambia, The",GMB,Health,11.111,1975
"Gambia, The",GMB,Health,11.111,1976
"Gambia, The",GMB,Health,11.111,1977
"Gambia, The",GMB,Health,11.111,1978
"Gambia, The",GMB,Health,11.111,1979
"Gambia, The",GMB,Health,12.121,1980
"Gambia, The",GMB,Health,12.121,1981
"Gambia, The",GMB,Health,12.121,1982
"Gambia, The",GMB,Health,12.121,1983
"Gambia, The",GMB,Health,12.121,1984
"Gambia, The",GMB,Health,12.121,1985
"Gambia, The",GMB,Health,12.121,1986
"Gambia, The",GMB,Health,12.121,1987
"Gambia, The",GMB,Health,12.121,1988
"Gambia, The",GMB,Health,12.121,1989
"Gambia, The",GMB,Health,18.182,1990
"Gambia, The",GMB,Health,16.667,1991
"Gambia, The",GMB,Health,16.667,1992
"Gambia, The",GMB,Health,16.667,1993
"Gambia, The",GMB,Health,16.667,1994
"Gambia, The",GMB,Health,16.667,1995
"Gambia, The",GMB,Health,17.677,1996
"Gambia, The",GMB,Health,16.667,1997
"Gambia, The",GMB,Health,16.667,1998
"Gambia, The",GMB,Health,16.667,1999
"Gambia, The",GMB,Health,66.667,2000
"Gambia, The",GMB,Health,32.828,2001
"Gambia, The",GMB,Health,31.818,2002
"Gambia, The",GMB,Health,31.818,2003
"Gambia, The",GMB,Health,31.818,2004
"Gambia, The",GMB,Health,33.838,2005
"Gambia, The",GMB,Health,42.424,2006
"Gambia, The",GMB,Health,31.818,2007
"Gambia, The",GMB,Health,31.818,2008
"Gambia, The",GMB,Health,31.818,2009
"Gambia, The",GMB,Health,72.222,2010
"Gambia, The",GMB,Health,31.818,2011
"Gambia, The",GMB,Health,39.394,2012
"Gambia, The",GMB,Health,61.616,2013
"Gambia, The",GMB,Health,31.818,2014
"Gambia, The",GMB,Health,56.061,2015
"Gambia, The",GMB,Health,31.818,2016
"Gambia, The",GMB,Health,35.859,2017
"Gambia, The",GMB,Health,53.535,2018
"Gambia, The",GMB,Health,56.566,2019
"Gambia, The",GMB,Health,56.061,2020
"Gambia, The",GMB,Health,18.182,2021
"Gambia, The",GMB,Health,18.687,2022
"Gambia, The",GMB,Health,1.010,2023
"Gambia, The",GMB,Leadership,0.000,1960
"Gambia, The",GMB,Leadership,0.000,1961
"Gambia, The",GMB,Leadership,0.000,1962
"Gambia, The",GMB,Leadership,0.000,1963
"Gambia, The",GMB,Leadership,0.000,1964
"Gambia, The",GMB,Leadership,0.000,1965
"Gambia, The",GMB,Leadership,0.000,1966
"Gambia, The",GMB,Leadership,0.000,1967
"Gambia, The",GMB,Leadership,0.000,1968
"Gambia, The",GMB,Leadership,0.000,1969
"Gambia, The",GMB,Leadership,0.000,1970
"Gambia, The",GMB,Leadership,0.000,1971
"Gambia, The",GMB,Leadership,0.000,1972
"Gambia, The",GMB,Leadership,0.000,1973
"Gambia, The",GMB,Leadership,0.000,1974
"Gambia, The",GMB,Leadership,0.000,1975
"Gambia, The",GMB,Leadership,0.000,1976
"Gambia, The",GMB,Leadership,0.000,1977
"Gambia, The",GMB,Leadership,0.000,1978
"Gambia, The",GMB,Leadership,0.000,1979
"Gambia, The",GMB,Leadership,0.000,1980
"Gambia, The",GMB,Leadership,0.000,1981
"Gambia, The",GMB,Leadership,0.000,1982
"Gambia, The",GMB,Leadership,0.000,1983
"Gambia, The",GMB,Leadership,0.000,1984
"Gambia, The",GMB,Leadership,0.000,1985
"Gambia, The",GMB,Leadership,0.000,1986
"Gambia, The",GMB,Leadership,0.000,1987
"Gambia, The",GMB,Leadership,0.000,1988
"Gambia, The",GMB,Leadership,0.000,1989
"Gambia, The",GMB,Leadership,0.000,1990
"Gambia, The",GMB,Leadership,0.000,1991
"Gambia, The",GMB,Leadership,0.000,1992
"Gambia, The",GMB,Leadership,0.000,1993
"Gambia, The",GMB,Leadership,0.000,1994
"Gambia, The",GMB,Leadership,0.000,1995
"Gambia, The",GMB,Leadership,0.000,1996
"Gambia, The",GMB,Leadership,25.000,1997
"Gambia, The",GMB,Leadership,25.000,1998
"Gambia, The",GMB,Leadership,25.000,1999
"Gambia, The",GMB,Leadership,25.000,2000
"Gambia, The",GMB,Leadership,25.000,2001
"Gambia, The",GMB,Leadership,25.000,2002
"Gambia, The",GMB,Leadership,25.000,2003
"Gambia, The",GMB,Leadership,25.000,2004
"Gambia, The",GMB,Leadership,50.000,2005
"Gambia, The",GMB,Leadership,25.000,2006
"Gambia, The",GMB,Leadership,25.000,2007
"Gambia, The",GMB,Leadership,50.000,2008
"Gambia, The",GMB,Leadership,25.000,2009
"Gambia, The",GMB,Leadership,50.000,2010
"Gambia, The",GMB,Leadership,25.000,2011
"Gambia, The",GMB,Leadership,75.000,2012
"Gambia, The",GMB,Leadership,25.000,2013
"Gambia, The",GMB,Leadership,50.000,2014
"Gambia, The",GMB,Leadership,50.000,2015
"Gambia, The",GMB,Leadership,25.000,2016
"Gambia, The",GMB,Leadership,25.000,2017
"Gambia, The",GMB,Leadership,75.000,2018
"Gambia, The",GMB,Leadership,50.000,2019
"Gambia, The",GMB,Leadership,50.000,2020
"Gambia, The",GMB,Leadership,25.000,2021
"Gambia, The",GMB,Leadership,50.000,2022
"Gambia, The",GMB,Leadership,75.000,2023
"Gambia, The",GMB,Norms and Decision-making,0.000,1960
"Gambia, The",GMB,Norms and Decision-making,0.000,1961
"Gambia, The",GMB,Norms and Decision-making,0.000,1962
"Gambia, The",GMB,Norms and Decision-making,0.000,1963
"Gambia, The",GMB,Norms and Decision-making,0.000,1964
"Gambia, The",GMB,Norms and Decision-making,0.000,1965
"Gambia, The",GMB,Norms and Decision-making,0.000,1966
"Gambia, The",GMB,Norms and Decision-making,0.000,1967
"Gambia, The",GMB,Norms and Decision-making,0.000,1968
"Gambia, The",GMB,Norms and Decision-making,0.000,1969
"Gambia, The",GMB,Norms and Decision-making,12.593,1970
"Gambia, The",GMB,Norms and Decision-making,12.593,1971
"Gambia, The",GMB,Norms and Decision-making,12.593,1972
"Gambia, The",GMB,Norms and Decision-making,12.593,1973
"Gambia, The",GMB,Norms and Decision-making,12.593,1974
"Gambia, The",GMB,Norms and Decision-making,12.593,1975
"Gambia, The",GMB,Norms and Decision-making,12.593,1976
"Gambia, The",GMB,Norms and Decision-making,12.593,1977
"Gambia, The",GMB,Norms and Decision-making,12.593,1978
"Gambia, The",GMB,Norms and Decision-making,12.593,1979
"Gambia, The",GMB,Norms and Decision-making,12.593,1980
"Gambia, The",GMB,Norms and Decision-making,12.593,1981
"Gambia, The",GMB,Norms and Decision-making,12.593,1982
"Gambia, The",GMB,Norms and Decision-making,12.593,1983
"Gambia, The",GMB,Norms and Decision-making,12.593,1984
"Gambia, The",GMB,Norms and Decision-making,12.593,1985
"Gambia, The",GMB,Norms and Decision-making,12.593,1986
"Gambia, The",GMB,Norms and Decision-making,12.593,1987
"Gambia, The",GMB,Norms and Decision-making,12.593,1988
"Gambia, The",GMB,Norms and Decision-making,12.593,1989
"Gambia, The",GMB,Norms and Decision-making,12.593,1990
"Gambia, The",GMB,Norms and Decision-making,12.593,1991
"Gambia, The",GMB,Norms and Decision-making,12.593,1992
"Gambia, The",GMB,Norms and Decision-making,13.333,1993
"Gambia, The",GMB,Norms and Decision-making,12.593,1994
"Gambia, The",GMB,Norms and Decision-making,12.593,1995
"Gambia, The",GMB,Norms and Decision-making,12.593,1996
"Gambia, The",GMB,Norms and Decision-making,12.593,1997
"Gambia, The",GMB,Norms and Decision-making,12.593,1998
"Gambia, The",GMB,Norms and Decision-making,12.593,1999
"Gambia, The",GMB,Norms and Decision-making,15.556,2000
"Gambia, The",GMB,Norms and Decision-making,12.593,2001
"Gambia, The",GMB,Norms and Decision-making,12.593,2002
"Gambia, The",GMB,Norms and Decision-making,14.074,2003
"Gambia, The",GMB,Norms and Decision-making,12.593,2004
"Gambia, The",GMB,Norms and Decision-making,12.593,2005
"Gambia, The",GMB,Norms and Decision-making,14.815,2006
"Gambia, The",GMB,Norms and Decision-making,12.593,2007
"Gambia, The",GMB,Norms and Decision-making,12.593,2008
"Gambia, The",GMB,Norms and Decision-making,12.593,2009
"Gambia, The",GMB,Norms and Decision-making,14.074,2010
"Gambia, The",GMB,Norms and Decision-making,12.593,2011
"Gambia, The",GMB,Norms and Decision-making,12.593,2012
"Gambia, The",GMB,Norms and Decision-making,74.074,2013
"Gambia, The",GMB,Norms and Decision-making,12.593,2014
"Gambia, The",GMB,Norms and Decision-making,12.593,2015
"Gambia, The",GMB,Norms and Decision-making,12.593,2016
"Gambia, The",GMB,Norms and Decision-making,12.593,2017
"Gambia, The",GMB,Norms and Decision-making,15.556,2018
"Gambia, The",GMB,Norms and Decision-making,12.593,2019
"Gambia, The",GMB,Norms and Decision-making,72.593,2020
"Gambia, The",GMB,Norms and Decision-making,12.593,2021
"Gambia, The",GMB,Norms and Decision-making,12.593,2022
"Gambia, The",GMB,Norms and Decision-making,12.593,2023
"Gambia, The",GMB,Population,86.905,1960
"Gambia, The",GMB,Population,86.905,1961
"Gambia, The",GMB,Population,86.905,1962
"Gambia, The",GMB,Population,86.905,1963
"Gambia, The",GMB,Population,86.905,1964
"Gambia, The",GMB,Population,86.905,1965
"Gambia, The",GMB,Population,86.905,1966
"Gambia, The",GMB,Population,86.905,1967
"Gambia, The",GMB,Population,86.905,1968
"Gambia, The",GMB,Population,86.905,1969
"Gambia, The",GMB,Population,86.905,1970
"Gambia, The",GMB,Population,86.905,1971
"Gambia, The",GMB,Population,86.905,1972
"Gambia, The",GMB,Population,86.905,1973
"Gambia, The",GMB,Population,86.905,1974
"Gambia, The",GMB,Population,86.905,1975
"Gambia, The",GMB,Population,86.905,1976
"Gambia, The",GMB,Population,86.905,1977
"Gambia, The",GMB,Population,86.905,1978
"Gambia, The",GMB,Population,86.905,1979
"Gambia, The",GMB,Population,91.667,1980
"Gambia, The",GMB,Population,86.905,1981
"Gambia, The",GMB,Population,86.905,1982
"Gambia, The",GMB,Population,86.905,1983
"Gambia, The",GMB,Population,86.905,1984
"Gambia, The",GMB,Population,91.667,1985
"Gambia, The",GMB,Population,86.905,1986
"Gambia, The",GMB,Population,86.905,1987
"Gambia, The",GMB,Population,86.905,1988
"Gambia, The",GMB,Population,86.905,1989
"Gambia, The",GMB,Population,92.857,1990
"Gambia, The",GMB,Population,86.905,1991
"Gambia, The",GMB,Population,86.905,1992
"Gambia, The",GMB,Population,88.095,1993
"Gambia, The",GMB,Population,86.905,1994
"Gambia, The",GMB,Population,92.857,1995
"Gambia, The",GMB,Population,86.905,1996
"Gambia, The",GMB,Population,86.905,1997
"Gambia, The",GMB,Population,86.905,1998
"Gambia, The",GMB,Population,86.905,1999
"Gambia, The",GMB,Population,95.238,2000
"Gambia, The",GMB,Population,86.905,2001
"Gambia, The",GMB,Population,86.905,2002
"Gambia, The",GMB,Population,89.286,2003
"Gambia, The",GMB,Population,86.905,2004
"Gambia, The",GMB,Population,92.857,2005
"Gambia, The",GMB,Population,89.286,2006
"Gambia, The",GMB,Population,86.905,2007
"Gambia, The",GMB,Population,86.905,2008
"Gambia, The",GMB,Population,86.905,2009
"Gambia, The",GMB,Population,94.048,2010
"Gambia, The",GMB,Population,86.905,2011
"Gambia, The",GMB,Population,86.905,2012
"Gambia, The",GMB,Population,94.048,2013
"Gambia, The",GMB,Population,86.905,2014
"Gambia, The",GMB,Population,92.857,2015
"Gambia, The",GMB,Population,86.905,2016
"Gambia, The",GMB,Population,86.905,2017
"Gambia, The",GMB,Population,88.095,2018
"Gambia, The",GMB,Population,86.905,2019
"Gambia, The",GMB,Population,92.857,2020
"Gambia, The",GMB,Population,86.905,2021
"Gambia, The",GMB,Population,86.905,2022
"Gambia, The",GMB,Population,77.381,2023
"Gambia, The",GMB,SDGs,2.685,1960
"Gambia, The",GMB,SDGs,2.685,1961
"Gambia, The",GMB,SDGs,2.685,1962
"Gambia, The",GMB,SDGs,2.685,1963
"Gambia, The",GMB,SDGs,2.685,1964
"Gambia, The",GMB,SDGs,2.685,1965
"Gambia, The",GMB,SDGs,2.685,1966
"Gambia, The",GMB,SDGs,2.685,1967
"Gambia, The",GMB,SDGs,2.685,1968
"Gambia, The",GMB,SDGs,2.685,1969
"Gambia, The",GMB,SDGs,11.409,1970
"Gambia, The",GMB,SDGs,11.409,1971
"Gambia, The",GMB,SDGs,11.409,1972
"Gambia, The",GMB,SDGs,11.409,1973
"Gambia, The",GMB,SDGs,11.409,1974
"Gambia, The",GMB,SDGs,11.409,1975
"Gambia, The",GMB,SDGs,11.409,1976
"Gambia, The",GMB,SDGs,11.409,1977
"Gambia, The",GMB,SDGs,11.409,1978
"Gambia, The",GMB,SDGs,11.409,1979
"Gambia, The",GMB,SDGs,12.081,1980
"Gambia, The",GMB,SDGs,12.081,1981
"Gambia, The",GMB,SDGs,12.081,1982
"Gambia, The",GMB,SDGs,12.081,1983
"Gambia, The",GMB,SDGs,12.081,1984
"Gambia, The",GMB,SDGs,12.081,1985
"Gambia, The",GMB,SDGs,12.081,1986
"Gambia, The",GMB,SDGs,12.081,1987
"Gambia, The",GMB,SDGs,12.081,1988
"Gambia, The",GMB,SDGs,12.081,1989
"Gambia, The",GMB,SDGs,16.779,1990
"Gambia, The",GMB,SDGs,20.134,1991
"Gambia, The",GMB,SDGs,20.134,1992
"Gambia, The",GMB,SDGs,20.134,1993
"Gambia, The",GMB,SDGs,20.134,1994
"Gambia, The",GMB,SDGs,20.134,1995
"Gambia, The",GMB,SDGs,20.134,1996
"Gambia, The",GMB,SDGs,20.805,1997
"Gambia, The",GMB,SDGs,20.805,1998
"Gambia, The",GMB,SDGs,20.805,1999
"Gambia, The",GMB,SDGs,66.443,2000
"Gambia, The",GMB,SDGs,33.557,2001
"Gambia, The",GMB,SDGs,33.557,2002
"Gambia, The",GMB,SDGs,33.557,2003
"Gambia, The",GMB,SDGs,33.557,2004
"Gambia, The",GMB,SDGs,35.570,2005
"Gambia, The",GMB,SDGs,34.228,2006
"Gambia, The",GMB,SDGs,33.557,2007
"Gambia, The",GMB,SDGs,33.557,2008
"Gambia, The",GMB,SDGs,33.557,2009
"Gambia, The",GMB,SDGs,66.443,2010
"Gambia, The",GMB,SDGs,33.557,2011
"Gambia, The",GMB,SDGs,37.584,2012
"Gambia, The",GMB,SDGs,42.282,2013
"Gambia, The",GMB,SDGs,33.557,2014
"Gambia, The",GMB,SDGs,65.772,2015
"Gambia, The",GMB,SDGs,33.557,2016
"Gambia, The",GMB,SDGs,35.570,2017
"Gambia, The",GMB,SDGs,41.611,2018
"Gambia, The",GMB,SDGs,69.799,2019
"Gambia, The",GMB,SDGs,34.899,2020
"Gambia, The",GMB,SDGs,22.819,2021
"Gambia, The",GMB,SDGs,24.832,2022
"Gambia, The",GMB,SDGs,18.121,2023
"Gambia, The",GMB,Technology,0.000,1960
"Gambia, The",GMB,Technology,0.000,1961
"Gambia, The",GMB,Technology,0.000,1962
"Gambia, The",GMB,Technology,0.000,1963
"Gambia, The",GMB,Technology,0.000,1964
"Gambia, The",GMB,Technology,0.000,1965
"Gambia, The",GMB,Technology,0.000,1966
"Gambia, The",GMB,Technology,0.000,1967
"Gambia, The",GMB,Technology,0.000,1968
"Gambia, The",GMB,Technology,0.000,1969
"Gambia, The",GMB,Technology,0.000,1970
"Gambia, The",GMB,Technology,0.000,1971
"Gambia, The",GMB,Technology,0.000,1972
"Gambia, The",GMB,Technology,0.000,1973
"Gambia, The",GMB,Technology,0.000,1974
"Gambia, The",GMB,Technology,0.000,1975
"Gambia, The",GMB,Technology,0.000,1976
"Gambia, The",GMB,Technology,0.000,1977
"Gambia, The",GMB,Technology,0.000,1978
"Gambia, The",GMB,Technology,0.000,1979
"Gambia, The",GMB,Technology,0.000,1980
"Gambia, The",GMB,Technology,0.000,1981
"Gambia, The",GMB,Technology,0.000,1982
"Gambia, The",GMB,Technology,0.000,1983
"Gambia, The",GMB,Technology,0.000,1984
"Gambia, The",GMB,Technology,0.000,1985
"Gambia, The",GMB,Technology,0.000,1986
"Gambia, The",GMB,Technology,0.000,1987
"Gambia, The",GMB,Technology,0.000,1988
"Gambia, The",GMB,Technology,0.000,1989
"Gambia, The",GMB,Technology,2.222,1990
"Gambia, The",GMB,Technology,2.222,1991
"Gambia, The",GMB,Technology,2.222,1992
"Gambia, The",GMB,Technology,2.222,1993
"Gambia, The",GMB,Technology,2.222,1994
"Gambia, The",GMB,Technology,2.222,1995
"Gambia, The",GMB,Technology,2.222,1996
"Gambia, The",GMB,Technology,2.222,1997
"Gambia, The",GMB,Technology,2.222,1998
"Gambia, The",GMB,Technology,2.222,1999
"Gambia, The",GMB,Technology,2.222,2000
"Gambia, The",GMB,Technology,2.222,2001
"Gambia, The",GMB,Technology,2.222,2002
"Gambia, The",GMB,Technology,2.222,2003
"Gambia, The",GMB,Technology,6.667,2004
"Gambia, The",GMB,Technology,2.222,2005
"Gambia, The",GMB,Technology,2.222,2006
"Gambia, The",GMB,Technology,2.222,2007
"Gambia, The",GMB,Technology,2.222,2008
"Gambia, The",GMB,Technology,2.222,2009
"Gambia, The",GMB,Technology,2.222,2010
"Gambia, The",GMB,Technology,6.667,2011
"Gambia, The",GMB,Technology,8.889,2012
"Gambia, The",GMB,Technology,2.222,2013
"Gambia, The",GMB,Technology,2.222,2014
"Gambia, The",GMB,Technology,2.222,2015
"Gambia, The",GMB,Technology,2.222,2016
"Gambia, The",GMB,Technology,48.889,2017
"Gambia, The",GMB,Technology,2.222,2018
"Gambia, The",GMB,Technology,2.222,2019
"Gambia, The",GMB,Technology,2.222,2020
"Gambia, The",GMB,Technology,2.222,2021
"Gambia, The",GMB,Technology,82.222,2022
"Gambia, The",GMB,Technology,0.000,2023
"Gambia, The",GMB,Violence,0.000,1960
"Gambia, The",GMB,Violence,0.000,1961
"Gambia, The",GMB,Violence,0.000,1962
"Gambia, The",GMB,Violence,0.000,1963
"Gambia, The",GMB,Violence,0.000,1964
"Gambia, The",GMB,Violence,0.000,1965
"Gambia, The",GMB,Violence,0.000,1966
"Gambia, The",GMB,Violence,0.000,1967
"Gambia, The",GMB,Violence,0.000,1968
"Gambia, The",GMB,Violence,0.000,1969
"Gambia, The",GMB,Violence,2.143,1970
"Gambia, The",GMB,Violence,2.143,1971
"Gambia, The",GMB,Violence,2.143,1972
"Gambia, The",GMB,Violence,2.143,1973
"Gambia, The",GMB,Violence,2.143,1974
"Gambia, The",GMB,Violence,2.143,1975
"Gambia, The",GMB,Violence,2.143,1976
"Gambia, The",GMB,Violence,2.143,1977
"Gambia, The",GMB,Violence,2.143,1978
"Gambia, The",GMB,Violence,2.143,1979
"Gambia, The",GMB,Violence,2.143,1980
"Gambia, The",GMB,Violence,2.143,1981
"Gambia, The",GMB,Violence,2.143,1982
"Gambia, The",GMB,Violence,2.143,1983
"Gambia, The",GMB,Violence,2.143,1984
"Gambia, The",GMB,Violence,2.143,1985
"Gambia, The",GMB,Violence,2.143,1986
"Gambia, The",GMB,Violence,2.143,1987
"Gambia, The",GMB,Violence,2.143,1988
"Gambia, The",GMB,Violence,2.143,1989
"Gambia, The",GMB,Violence,2.143,1990
"Gambia, The",GMB,Violence,2.143,1991
"Gambia, The",GMB,Violence,2.143,1992
"Gambia, The",GMB,Violence,2.143,1993
"Gambia, The",GMB,Violence,2.143,1994
"Gambia, The",GMB,Violence,2.143,1995
"Gambia, The",GMB,Violence,2.143,1996
"Gambia, The",GMB,Violence,2.143,1997
"Gambia, The",GMB,Violence,2.143,1998
"Gambia, The",GMB,Violence,2.143,1999
"Gambia, The",GMB,Violence,4.286,2000
"Gambia, The",GMB,Violence,4.286,2001
"Gambia, The",GMB,Violence,4.286,2002
"Gambia, The",GMB,Violence,4.286,2003
"Gambia, The",GMB,Violence,4.286,2004
"Gambia, The",GMB,Violence,4.286,2005
"Gambia, The",GMB,Violence,4.286,2006
"Gambia, The",GMB,Violence,4.286,2007
"Gambia, The",GMB,Violence,4.286,2008
"Gambia, The",GMB,Violence,4.286,2009
"Gambia, The",GMB,Violence,4.286,2010
"Gambia, The",GMB,Violence,4.286,2011
"Gambia, The",GMB,Violence,4.286,2012
"Gambia, The",GMB,Violence,59.286,2013
"Gambia, The",GMB,Violence,4.286,2014
"Gambia, The",GMB,Violence,4.286,2015
"Gambia, The",GMB,Violence,4.286,2016
"Gambia, The",GMB,Violence,4.286,2017
"Gambia, The",GMB,Violence,7.143,2018
"Gambia, The",GMB,Violence,4.286,2019
"Gambia, The",GMB,Violence,57.143,2020
"Gambia, The",GMB,Violence,2.143,2021
"Gambia, The",GMB,Violence,2.143,2022
"Gambia, The",GMB,Violence,2.143,2023
"Gambia, The",GMB,Youth 15-24,4.587,1960
"Gambia, The",GMB,Youth 15-24,4.587,1961
"Gambia, The",GMB,Youth 15-24,4.587,1962
"Gambia, The",GMB,Youth 15-24,4.587,1963
"Gambia, The",GMB,Youth 15-24,4.587,1964
"Gambia, The",GMB,Youth 15-24,4.587,1965
"Gambia, The",GMB,Youth 15-24,4.587,1966
"Gambia, The",GMB,Youth 15-24,4.587,1967
"Gambia, The",GMB,Youth 15-24,4.587,1968
"Gambia, The",GMB,Youth 15-24,4.587,1969
"Gambia, The",GMB,Youth 15-24,4.587,1970
"Gambia, The",GMB,Youth 15-24,14.679,1971
"Gambia, The",GMB,Youth 15-24,7.339,1972
"Gambia, The",GMB,Youth 15-24,22.936,1973
"Gambia, The",GMB,Youth 15-24,14.679,1974
"Gambia, The",GMB,Youth 15-24,17.431,1975
"Gambia, The",GMB,Youth 15-24,17.431,1976
"Gambia, The",GMB,Youth 15-24,17.431,1977
"Gambia, The",GMB,Youth 15-24,20.183,1978
"Gambia, The",GMB,Youth 15-24,20.183,1979
"Gambia, The",GMB,Youth 15-24,17.431,1980
"Gambia, The",GMB,Youth 15-24,17.431,1981
"Gambia, The",GMB,Youth 15-24,10.092,1982
"Gambia, The",GMB,Youth 15-24,22.936,1983
"Gambia, The",GMB,Youth 15-24,20.183,1984
"Gambia, The",GMB,Youth 15-24,20.183,1985
"Gambia, The",GMB,Youth 15-24,20.183,1986
"Gambia, The",GMB,Youth 15-24,10.092,1987
"Gambia, The",GMB,Youth 15-24,9.174,1988
"Gambia, The",GMB,Youth 15-24,10.092,1989
"Gambia, The",GMB,Youth 15-24,16.514,1990
"Gambia, The",GMB,Youth 15-24,22.936,1991
"Gambia, The",GMB,Youth 15-24,23.853,1992
"Gambia, The",GMB,Youth 15-24,26.606,1993
"Gambia, The",GMB,Youth 15-24,23.853,1994
"Gambia, The",GMB,Youth 15-24,27.523,1995
"Gambia, The",GMB,Youth 15-24,23.853,1996
"Gambia, The",GMB,Youth 15-24,18.349,1997
"Gambia, The",GMB,Youth 15-24,21.101,1998
"Gambia, The",GMB,Youth 15-24,24.771,1999
"Gambia, The",GMB,Youth 15-24,28.440,2000
"Gambia, The",GMB,Youth 15-24,21.101,2001
"Gambia, The",GMB,Youth 15-24,21.101,2002
"Gambia, The",GMB,Youth 15-24,21.101,2003
"Gambia, The",GMB,Youth 15-24,30.275,2004
"Gambia, The",GMB,Youth 15-24,21.101,2005
"Gambia, The",GMB,Youth 15-24,22.018,2006
"Gambia, The",GMB,Youth 15-24,21.101,2007
"Gambia, The",GMB,Youth 15-24,32.110,2008
"Gambia, The",GMB,Youth 15-24,32.110,2009
"Gambia, The",GMB,Youth 15-24,38.532,2010
"Gambia, The",GMB,Youth 15-24,34.862,2011
"Gambia, The",GMB,Youth 15-24,48.624,2012
"Gambia, The",GMB,Youth 15-24,36.697,2013
"Gambia, The",GMB,Youth 15-24,18.349,2014
"Gambia, The",GMB,Youth 15-24,29.358,2015
"Gambia, The",GMB,Youth 15-24,18.349,2016
"Gambia, The",GMB,Youth 15-24,18.349,2017
"Gambia, The",GMB,Youth 15-24,44.954,2018
"Gambia, The",GMB,Youth 15-24,18.349,2019
"Gambia, The",GMB,Youth 15-24,32.110,2020
"Gambia, The",GMB,Youth 15-24,27.523,2021
"Gambia, The",GMB,Youth 15-24,22.018,2022
"Gambia, The",GMB,Youth 15-24,35.780,2023
