Country Name,Country Code,Topic,% of available indicators,Year
New Zealand,NZL,Assets,0.000,1960
New Zealand,NZL,Assets,0.000,1961
New Zealand,NZL,Assets,0.000,1962
New Zealand,NZL,Assets,0.000,1963
New Zealand,NZL,Assets,0.000,1964
New Zealand,NZL,Assets,0.000,1965
New Zealand,NZL,Assets,0.000,1966
New Zealand,NZL,Assets,0.000,1967
New Zealand,NZL,Assets,0.000,1968
New Zealand,NZL,Assets,0.000,1969
New Zealand,NZL,Assets,2.208,1970
New Zealand,NZL,Assets,2.208,1971
New Zealand,NZL,Assets,2.208,1972
New Zealand,NZL,Assets,2.208,1973
New Zealand,NZL,Assets,2.208,1974
New Zealand,NZL,Assets,2.208,1975
New Zealand,NZL,Assets,2.208,1976
New Zealand,NZL,Assets,2.208,1977
New Zealand,NZL,Assets,2.208,1978
New Zealand,NZL,Assets,2.208,1979
New Zealand,NZL,Assets,2.208,1980
New Zealand,NZL,Assets,2.208,1981
New Zealand,NZL,Assets,2.208,1982
New Zealand,NZL,Assets,2.208,1983
New Zealand,NZL,Assets,2.208,1984
New Zealand,NZL,Assets,2.208,1985
New Zealand,NZL,Assets,2.208,1986
New Zealand,NZL,Assets,2.208,1987
New Zealand,NZL,Assets,2.208,1988
New Zealand,NZL,Assets,2.208,1989
New Zealand,NZL,Assets,2.208,1990
New Zealand,NZL,Assets,2.208,1991
New Zealand,NZL,Assets,2.208,1992
New Zealand,NZL,Assets,2.208,1993
New Zealand,NZL,Assets,2.208,1994
New Zealand,NZL,Assets,2.208,1995
New Zealand,NZL,Assets,2.208,1996
New Zealand,NZL,Assets,2.208,1997
New Zealand,NZL,Assets,2.208,1998
New Zealand,NZL,Assets,2.208,1999
New Zealand,NZL,Assets,2.208,2000
New Zealand,NZL,Assets,2.208,2001
New Zealand,NZL,Assets,2.208,2002
New Zealand,NZL,Assets,2.208,2003
New Zealand,NZL,Assets,2.208,2004
New Zealand,NZL,Assets,2.208,2005
New Zealand,NZL,Assets,2.208,2006
New Zealand,NZL,Assets,2.208,2007
New Zealand,NZL,Assets,2.208,2008
New Zealand,NZL,Assets,2.208,2009
New Zealand,NZL,Assets,2.208,2010
New Zealand,NZL,Assets,10.726,2011
New Zealand,NZL,Assets,2.208,2012
New Zealand,NZL,Assets,2.208,2013
New Zealand,NZL,Assets,24.921,2014
New Zealand,NZL,Assets,2.208,2015
New Zealand,NZL,Assets,2.208,2016
New Zealand,NZL,Assets,26.814,2017
New Zealand,NZL,Assets,2.208,2018
New Zealand,NZL,Assets,2.208,2019
New Zealand,NZL,Assets,2.208,2020
New Zealand,NZL,Assets,51.104,2021
New Zealand,NZL,Assets,2.208,2022
New Zealand,NZL,Assets,2.208,2023
New Zealand,NZL,Children 0-14,19.231,1960
New Zealand,NZL,Children 0-14,19.231,1961
New Zealand,NZL,Children 0-14,19.231,1962
New Zealand,NZL,Children 0-14,19.231,1963
New Zealand,NZL,Children 0-14,19.231,1964
New Zealand,NZL,Children 0-14,19.231,1965
New Zealand,NZL,Children 0-14,19.231,1966
New Zealand,NZL,Children 0-14,19.231,1967
New Zealand,NZL,Children 0-14,19.231,1968
New Zealand,NZL,Children 0-14,19.231,1969
New Zealand,NZL,Children 0-14,30.769,1970
New Zealand,NZL,Children 0-14,30.769,1971
New Zealand,NZL,Children 0-14,30.769,1972
New Zealand,NZL,Children 0-14,33.846,1973
New Zealand,NZL,Children 0-14,32.308,1974
New Zealand,NZL,Children 0-14,32.308,1975
New Zealand,NZL,Children 0-14,30.769,1976
New Zealand,NZL,Children 0-14,32.308,1977
New Zealand,NZL,Children 0-14,30.769,1978
New Zealand,NZL,Children 0-14,29.231,1979
New Zealand,NZL,Children 0-14,30.000,1980
New Zealand,NZL,Children 0-14,32.308,1981
New Zealand,NZL,Children 0-14,31.538,1982
New Zealand,NZL,Children 0-14,32.308,1983
New Zealand,NZL,Children 0-14,30.000,1984
New Zealand,NZL,Children 0-14,30.000,1985
New Zealand,NZL,Children 0-14,31.538,1986
New Zealand,NZL,Children 0-14,30.000,1987
New Zealand,NZL,Children 0-14,30.000,1988
New Zealand,NZL,Children 0-14,28.462,1989
New Zealand,NZL,Children 0-14,28.462,1990
New Zealand,NZL,Children 0-14,35.385,1991
New Zealand,NZL,Children 0-14,33.077,1992
New Zealand,NZL,Children 0-14,25.385,1993
New Zealand,NZL,Children 0-14,32.308,1994
New Zealand,NZL,Children 0-14,31.538,1995
New Zealand,NZL,Children 0-14,33.077,1996
New Zealand,NZL,Children 0-14,29.231,1997
New Zealand,NZL,Children 0-14,24.615,1998
New Zealand,NZL,Children 0-14,24.615,1999
New Zealand,NZL,Children 0-14,38.462,2000
New Zealand,NZL,Children 0-14,26.923,2001
New Zealand,NZL,Children 0-14,24.615,2002
New Zealand,NZL,Children 0-14,24.615,2003
New Zealand,NZL,Children 0-14,24.615,2004
New Zealand,NZL,Children 0-14,24.615,2005
New Zealand,NZL,Children 0-14,28.462,2006
New Zealand,NZL,Children 0-14,24.615,2007
New Zealand,NZL,Children 0-14,24.615,2008
New Zealand,NZL,Children 0-14,24.615,2009
New Zealand,NZL,Children 0-14,42.308,2010
New Zealand,NZL,Children 0-14,30.769,2011
New Zealand,NZL,Children 0-14,27.692,2012
New Zealand,NZL,Children 0-14,37.692,2013
New Zealand,NZL,Children 0-14,45.385,2014
New Zealand,NZL,Children 0-14,58.462,2015
New Zealand,NZL,Children 0-14,48.462,2016
New Zealand,NZL,Children 0-14,43.846,2017
New Zealand,NZL,Children 0-14,36.154,2018
New Zealand,NZL,Children 0-14,47.692,2019
New Zealand,NZL,Children 0-14,37.692,2020
New Zealand,NZL,Children 0-14,28.462,2021
New Zealand,NZL,Children 0-14,26.923,2022
New Zealand,NZL,Children 0-14,9.231,2023
New Zealand,NZL,Education,0.000,1960
New Zealand,NZL,Education,0.000,1961
New Zealand,NZL,Education,0.000,1962
New Zealand,NZL,Education,0.000,1963
New Zealand,NZL,Education,0.000,1964
New Zealand,NZL,Education,0.000,1965
New Zealand,NZL,Education,0.000,1966
New Zealand,NZL,Education,0.000,1967
New Zealand,NZL,Education,0.000,1968
New Zealand,NZL,Education,0.000,1969
New Zealand,NZL,Education,20.245,1970
New Zealand,NZL,Education,20.859,1971
New Zealand,NZL,Education,20.245,1972
New Zealand,NZL,Education,23.313,1973
New Zealand,NZL,Education,22.086,1974
New Zealand,NZL,Education,22.086,1975
New Zealand,NZL,Education,21.472,1976
New Zealand,NZL,Education,21.472,1977
New Zealand,NZL,Education,10.429,1978
New Zealand,NZL,Education,21.472,1979
New Zealand,NZL,Education,21.472,1980
New Zealand,NZL,Education,25.767,1981
New Zealand,NZL,Education,23.926,1982
New Zealand,NZL,Education,22.699,1983
New Zealand,NZL,Education,22.086,1984
New Zealand,NZL,Education,21.472,1985
New Zealand,NZL,Education,22.699,1986
New Zealand,NZL,Education,22.086,1987
New Zealand,NZL,Education,22.086,1988
New Zealand,NZL,Education,20.859,1989
New Zealand,NZL,Education,21.472,1990
New Zealand,NZL,Education,29.448,1991
New Zealand,NZL,Education,23.926,1992
New Zealand,NZL,Education,15.337,1993
New Zealand,NZL,Education,23.926,1994
New Zealand,NZL,Education,22.699,1995
New Zealand,NZL,Education,25.153,1996
New Zealand,NZL,Education,18.405,1997
New Zealand,NZL,Education,13.497,1998
New Zealand,NZL,Education,11.043,1999
New Zealand,NZL,Education,10.429,2000
New Zealand,NZL,Education,12.270,2001
New Zealand,NZL,Education,12.270,2002
New Zealand,NZL,Education,7.975,2003
New Zealand,NZL,Education,9.816,2004
New Zealand,NZL,Education,20.245,2005
New Zealand,NZL,Education,18.405,2006
New Zealand,NZL,Education,9.816,2007
New Zealand,NZL,Education,9.816,2008
New Zealand,NZL,Education,18.405,2009
New Zealand,NZL,Education,31.288,2010
New Zealand,NZL,Education,30.675,2011
New Zealand,NZL,Education,25.767,2012
New Zealand,NZL,Education,46.626,2013
New Zealand,NZL,Education,63.804,2014
New Zealand,NZL,Education,61.963,2015
New Zealand,NZL,Education,65.031,2016
New Zealand,NZL,Education,68.712,2017
New Zealand,NZL,Education,49.080,2018
New Zealand,NZL,Education,35.583,2019
New Zealand,NZL,Education,46.626,2020
New Zealand,NZL,Education,19.018,2021
New Zealand,NZL,Education,17.178,2022
New Zealand,NZL,Education,1.840,2023
New Zealand,NZL,Employment and Time Use,0.000,1960
New Zealand,NZL,Employment and Time Use,0.000,1961
New Zealand,NZL,Employment and Time Use,0.000,1962
New Zealand,NZL,Employment and Time Use,0.000,1963
New Zealand,NZL,Employment and Time Use,0.000,1964
New Zealand,NZL,Employment and Time Use,0.000,1965
New Zealand,NZL,Employment and Time Use,0.000,1966
New Zealand,NZL,Employment and Time Use,0.000,1967
New Zealand,NZL,Employment and Time Use,0.000,1968
New Zealand,NZL,Employment and Time Use,0.000,1969
New Zealand,NZL,Employment and Time Use,21.168,1970
New Zealand,NZL,Employment and Time Use,21.168,1971
New Zealand,NZL,Employment and Time Use,21.168,1972
New Zealand,NZL,Employment and Time Use,21.168,1973
New Zealand,NZL,Employment and Time Use,21.168,1974
New Zealand,NZL,Employment and Time Use,21.168,1975
New Zealand,NZL,Employment and Time Use,21.168,1976
New Zealand,NZL,Employment and Time Use,21.168,1977
New Zealand,NZL,Employment and Time Use,21.168,1978
New Zealand,NZL,Employment and Time Use,21.168,1979
New Zealand,NZL,Employment and Time Use,21.168,1980
New Zealand,NZL,Employment and Time Use,21.168,1981
New Zealand,NZL,Employment and Time Use,21.168,1982
New Zealand,NZL,Employment and Time Use,21.168,1983
New Zealand,NZL,Employment and Time Use,21.168,1984
New Zealand,NZL,Employment and Time Use,21.168,1985
New Zealand,NZL,Employment and Time Use,35.766,1986
New Zealand,NZL,Employment and Time Use,35.766,1987
New Zealand,NZL,Employment and Time Use,35.766,1988
New Zealand,NZL,Employment and Time Use,35.766,1989
New Zealand,NZL,Employment and Time Use,45.985,1990
New Zealand,NZL,Employment and Time Use,70.803,1991
New Zealand,NZL,Employment and Time Use,70.803,1992
New Zealand,NZL,Employment and Time Use,70.803,1993
New Zealand,NZL,Employment and Time Use,70.803,1994
New Zealand,NZL,Employment and Time Use,76.642,1995
New Zealand,NZL,Employment and Time Use,70.803,1996
New Zealand,NZL,Employment and Time Use,77.372,1997
New Zealand,NZL,Employment and Time Use,70.803,1998
New Zealand,NZL,Employment and Time Use,77.372,1999
New Zealand,NZL,Employment and Time Use,77.372,2000
New Zealand,NZL,Employment and Time Use,77.372,2001
New Zealand,NZL,Employment and Time Use,77.372,2002
New Zealand,NZL,Employment and Time Use,70.803,2003
New Zealand,NZL,Employment and Time Use,77.372,2004
New Zealand,NZL,Employment and Time Use,77.372,2005
New Zealand,NZL,Employment and Time Use,79.562,2006
New Zealand,NZL,Employment and Time Use,81.752,2007
New Zealand,NZL,Employment and Time Use,79.562,2008
New Zealand,NZL,Employment and Time Use,81.752,2009
New Zealand,NZL,Employment and Time Use,83.212,2010
New Zealand,NZL,Employment and Time Use,81.752,2011
New Zealand,NZL,Employment and Time Use,81.752,2012
New Zealand,NZL,Employment and Time Use,87.591,2013
New Zealand,NZL,Employment and Time Use,89.781,2014
New Zealand,NZL,Employment and Time Use,89.781,2015
New Zealand,NZL,Employment and Time Use,89.781,2016
New Zealand,NZL,Employment and Time Use,89.781,2017
New Zealand,NZL,Employment and Time Use,89.781,2018
New Zealand,NZL,Employment and Time Use,89.781,2019
New Zealand,NZL,Employment and Time Use,87.591,2020
New Zealand,NZL,Employment and Time Use,72.993,2021
New Zealand,NZL,Employment and Time Use,72.993,2022
New Zealand,NZL,Employment and Time Use,74.453,2023
New Zealand,NZL,Entrepreneurship,0.000,1960
New Zealand,NZL,Entrepreneurship,0.000,1961
New Zealand,NZL,Entrepreneurship,0.000,1962
New Zealand,NZL,Entrepreneurship,0.000,1963
New Zealand,NZL,Entrepreneurship,0.000,1964
New Zealand,NZL,Entrepreneurship,0.000,1965
New Zealand,NZL,Entrepreneurship,0.000,1966
New Zealand,NZL,Entrepreneurship,0.000,1967
New Zealand,NZL,Entrepreneurship,0.000,1968
New Zealand,NZL,Entrepreneurship,0.000,1969
New Zealand,NZL,Entrepreneurship,9.375,1970
New Zealand,NZL,Entrepreneurship,9.375,1971
New Zealand,NZL,Entrepreneurship,9.375,1972
New Zealand,NZL,Entrepreneurship,9.375,1973
New Zealand,NZL,Entrepreneurship,9.375,1974
New Zealand,NZL,Entrepreneurship,9.375,1975
New Zealand,NZL,Entrepreneurship,9.375,1976
New Zealand,NZL,Entrepreneurship,9.375,1977
New Zealand,NZL,Entrepreneurship,9.375,1978
New Zealand,NZL,Entrepreneurship,9.375,1979
New Zealand,NZL,Entrepreneurship,9.375,1980
New Zealand,NZL,Entrepreneurship,9.375,1981
New Zealand,NZL,Entrepreneurship,9.375,1982
New Zealand,NZL,Entrepreneurship,9.375,1983
New Zealand,NZL,Entrepreneurship,9.375,1984
New Zealand,NZL,Entrepreneurship,9.375,1985
New Zealand,NZL,Entrepreneurship,9.375,1986
New Zealand,NZL,Entrepreneurship,9.375,1987
New Zealand,NZL,Entrepreneurship,9.375,1988
New Zealand,NZL,Entrepreneurship,9.375,1989
New Zealand,NZL,Entrepreneurship,9.375,1990
New Zealand,NZL,Entrepreneurship,9.375,1991
New Zealand,NZL,Entrepreneurship,9.375,1992
New Zealand,NZL,Entrepreneurship,9.375,1993
New Zealand,NZL,Entrepreneurship,9.375,1994
New Zealand,NZL,Entrepreneurship,9.375,1995
New Zealand,NZL,Entrepreneurship,9.375,1996
New Zealand,NZL,Entrepreneurship,9.375,1997
New Zealand,NZL,Entrepreneurship,9.375,1998
New Zealand,NZL,Entrepreneurship,9.375,1999
New Zealand,NZL,Entrepreneurship,9.375,2000
New Zealand,NZL,Entrepreneurship,9.375,2001
New Zealand,NZL,Entrepreneurship,9.375,2002
New Zealand,NZL,Entrepreneurship,37.500,2003
New Zealand,NZL,Entrepreneurship,37.500,2004
New Zealand,NZL,Entrepreneurship,37.500,2005
New Zealand,NZL,Entrepreneurship,37.500,2006
New Zealand,NZL,Entrepreneurship,37.500,2007
New Zealand,NZL,Entrepreneurship,37.500,2008
New Zealand,NZL,Entrepreneurship,37.500,2009
New Zealand,NZL,Entrepreneurship,37.500,2010
New Zealand,NZL,Entrepreneurship,37.500,2011
New Zealand,NZL,Entrepreneurship,37.500,2012
New Zealand,NZL,Entrepreneurship,37.500,2013
New Zealand,NZL,Entrepreneurship,56.250,2014
New Zealand,NZL,Entrepreneurship,37.500,2015
New Zealand,NZL,Entrepreneurship,37.500,2016
New Zealand,NZL,Entrepreneurship,56.250,2017
New Zealand,NZL,Entrepreneurship,37.500,2018
New Zealand,NZL,Entrepreneurship,37.500,2019
New Zealand,NZL,Entrepreneurship,9.375,2020
New Zealand,NZL,Entrepreneurship,9.375,2021
New Zealand,NZL,Entrepreneurship,9.375,2022
New Zealand,NZL,Entrepreneurship,15.625,2023
New Zealand,NZL,Environment,0.000,1960
New Zealand,NZL,Environment,0.000,1961
New Zealand,NZL,Environment,0.000,1962
New Zealand,NZL,Environment,0.000,1963
New Zealand,NZL,Environment,0.000,1964
New Zealand,NZL,Environment,0.000,1965
New Zealand,NZL,Environment,0.000,1966
New Zealand,NZL,Environment,0.000,1967
New Zealand,NZL,Environment,0.000,1968
New Zealand,NZL,Environment,0.000,1969
New Zealand,NZL,Environment,0.000,1970
New Zealand,NZL,Environment,0.000,1971
New Zealand,NZL,Environment,0.000,1972
New Zealand,NZL,Environment,0.000,1973
New Zealand,NZL,Environment,0.000,1974
New Zealand,NZL,Environment,0.000,1975
New Zealand,NZL,Environment,0.000,1976
New Zealand,NZL,Environment,0.000,1977
New Zealand,NZL,Environment,0.000,1978
New Zealand,NZL,Environment,0.000,1979
New Zealand,NZL,Environment,0.000,1980
New Zealand,NZL,Environment,0.000,1981
New Zealand,NZL,Environment,0.000,1982
New Zealand,NZL,Environment,0.000,1983
New Zealand,NZL,Environment,0.000,1984
New Zealand,NZL,Environment,0.000,1985
New Zealand,NZL,Environment,0.000,1986
New Zealand,NZL,Environment,0.000,1987
New Zealand,NZL,Environment,0.000,1988
New Zealand,NZL,Environment,0.000,1989
New Zealand,NZL,Environment,0.000,1990
New Zealand,NZL,Environment,0.000,1991
New Zealand,NZL,Environment,0.000,1992
New Zealand,NZL,Environment,0.000,1993
New Zealand,NZL,Environment,0.000,1994
New Zealand,NZL,Environment,0.000,1995
New Zealand,NZL,Environment,0.000,1996
New Zealand,NZL,Environment,0.000,1997
New Zealand,NZL,Environment,0.000,1998
New Zealand,NZL,Environment,0.000,1999
New Zealand,NZL,Environment,10.000,2000
New Zealand,NZL,Environment,10.000,2001
New Zealand,NZL,Environment,10.000,2002
New Zealand,NZL,Environment,10.000,2003
New Zealand,NZL,Environment,10.000,2004
New Zealand,NZL,Environment,13.333,2005
New Zealand,NZL,Environment,10.000,2006
New Zealand,NZL,Environment,10.000,2007
New Zealand,NZL,Environment,10.000,2008
New Zealand,NZL,Environment,10.000,2009
New Zealand,NZL,Environment,10.000,2010
New Zealand,NZL,Environment,10.000,2011
New Zealand,NZL,Environment,10.000,2012
New Zealand,NZL,Environment,13.333,2013
New Zealand,NZL,Environment,13.333,2014
New Zealand,NZL,Environment,13.333,2015
New Zealand,NZL,Environment,13.333,2016
New Zealand,NZL,Environment,13.333,2017
New Zealand,NZL,Environment,10.000,2018
New Zealand,NZL,Environment,30.000,2019
New Zealand,NZL,Environment,10.000,2020
New Zealand,NZL,Environment,10.000,2021
New Zealand,NZL,Environment,10.000,2022
New Zealand,NZL,Environment,0.000,2023
New Zealand,NZL,Health,8.586,1960
New Zealand,NZL,Health,8.586,1961
New Zealand,NZL,Health,8.586,1962
New Zealand,NZL,Health,8.586,1963
New Zealand,NZL,Health,8.586,1964
New Zealand,NZL,Health,8.586,1965
New Zealand,NZL,Health,8.586,1966
New Zealand,NZL,Health,8.586,1967
New Zealand,NZL,Health,8.586,1968
New Zealand,NZL,Health,8.586,1969
New Zealand,NZL,Health,8.586,1970
New Zealand,NZL,Health,8.586,1971
New Zealand,NZL,Health,8.586,1972
New Zealand,NZL,Health,8.586,1973
New Zealand,NZL,Health,8.586,1974
New Zealand,NZL,Health,11.111,1975
New Zealand,NZL,Health,12.121,1976
New Zealand,NZL,Health,11.111,1977
New Zealand,NZL,Health,11.111,1978
New Zealand,NZL,Health,11.111,1979
New Zealand,NZL,Health,12.121,1980
New Zealand,NZL,Health,12.121,1981
New Zealand,NZL,Health,12.121,1982
New Zealand,NZL,Health,12.121,1983
New Zealand,NZL,Health,12.121,1984
New Zealand,NZL,Health,12.626,1985
New Zealand,NZL,Health,12.626,1986
New Zealand,NZL,Health,12.626,1987
New Zealand,NZL,Health,12.626,1988
New Zealand,NZL,Health,12.626,1989
New Zealand,NZL,Health,17.172,1990
New Zealand,NZL,Health,17.172,1991
New Zealand,NZL,Health,17.172,1992
New Zealand,NZL,Health,17.172,1993
New Zealand,NZL,Health,18.182,1994
New Zealand,NZL,Health,18.687,1995
New Zealand,NZL,Health,17.172,1996
New Zealand,NZL,Health,17.172,1997
New Zealand,NZL,Health,17.172,1998
New Zealand,NZL,Health,17.677,1999
New Zealand,NZL,Health,56.566,2000
New Zealand,NZL,Health,32.323,2001
New Zealand,NZL,Health,32.323,2002
New Zealand,NZL,Health,32.323,2003
New Zealand,NZL,Health,32.323,2004
New Zealand,NZL,Health,33.838,2005
New Zealand,NZL,Health,31.818,2006
New Zealand,NZL,Health,32.323,2007
New Zealand,NZL,Health,32.323,2008
New Zealand,NZL,Health,32.323,2009
New Zealand,NZL,Health,59.091,2010
New Zealand,NZL,Health,32.323,2011
New Zealand,NZL,Health,32.323,2012
New Zealand,NZL,Health,32.323,2013
New Zealand,NZL,Health,33.838,2014
New Zealand,NZL,Health,56.566,2015
New Zealand,NZL,Health,32.323,2016
New Zealand,NZL,Health,33.838,2017
New Zealand,NZL,Health,33.838,2018
New Zealand,NZL,Health,56.566,2019
New Zealand,NZL,Health,25.758,2020
New Zealand,NZL,Health,19.192,2021
New Zealand,NZL,Health,12.626,2022
New Zealand,NZL,Health,1.010,2023
New Zealand,NZL,Leadership,0.000,1960
New Zealand,NZL,Leadership,0.000,1961
New Zealand,NZL,Leadership,0.000,1962
New Zealand,NZL,Leadership,0.000,1963
New Zealand,NZL,Leadership,0.000,1964
New Zealand,NZL,Leadership,0.000,1965
New Zealand,NZL,Leadership,0.000,1966
New Zealand,NZL,Leadership,0.000,1967
New Zealand,NZL,Leadership,0.000,1968
New Zealand,NZL,Leadership,0.000,1969
New Zealand,NZL,Leadership,0.000,1970
New Zealand,NZL,Leadership,0.000,1971
New Zealand,NZL,Leadership,0.000,1972
New Zealand,NZL,Leadership,0.000,1973
New Zealand,NZL,Leadership,0.000,1974
New Zealand,NZL,Leadership,0.000,1975
New Zealand,NZL,Leadership,0.000,1976
New Zealand,NZL,Leadership,0.000,1977
New Zealand,NZL,Leadership,0.000,1978
New Zealand,NZL,Leadership,0.000,1979
New Zealand,NZL,Leadership,0.000,1980
New Zealand,NZL,Leadership,0.000,1981
New Zealand,NZL,Leadership,0.000,1982
New Zealand,NZL,Leadership,0.000,1983
New Zealand,NZL,Leadership,0.000,1984
New Zealand,NZL,Leadership,0.000,1985
New Zealand,NZL,Leadership,0.000,1986
New Zealand,NZL,Leadership,0.000,1987
New Zealand,NZL,Leadership,0.000,1988
New Zealand,NZL,Leadership,0.000,1989
New Zealand,NZL,Leadership,0.000,1990
New Zealand,NZL,Leadership,0.000,1991
New Zealand,NZL,Leadership,0.000,1992
New Zealand,NZL,Leadership,0.000,1993
New Zealand,NZL,Leadership,0.000,1994
New Zealand,NZL,Leadership,0.000,1995
New Zealand,NZL,Leadership,0.000,1996
New Zealand,NZL,Leadership,25.000,1997
New Zealand,NZL,Leadership,25.000,1998
New Zealand,NZL,Leadership,25.000,1999
New Zealand,NZL,Leadership,25.000,2000
New Zealand,NZL,Leadership,25.000,2001
New Zealand,NZL,Leadership,25.000,2002
New Zealand,NZL,Leadership,25.000,2003
New Zealand,NZL,Leadership,25.000,2004
New Zealand,NZL,Leadership,50.000,2005
New Zealand,NZL,Leadership,25.000,2006
New Zealand,NZL,Leadership,25.000,2007
New Zealand,NZL,Leadership,50.000,2008
New Zealand,NZL,Leadership,25.000,2009
New Zealand,NZL,Leadership,50.000,2010
New Zealand,NZL,Leadership,25.000,2011
New Zealand,NZL,Leadership,50.000,2012
New Zealand,NZL,Leadership,25.000,2013
New Zealand,NZL,Leadership,50.000,2014
New Zealand,NZL,Leadership,50.000,2015
New Zealand,NZL,Leadership,50.000,2016
New Zealand,NZL,Leadership,25.000,2017
New Zealand,NZL,Leadership,50.000,2018
New Zealand,NZL,Leadership,50.000,2019
New Zealand,NZL,Leadership,50.000,2020
New Zealand,NZL,Leadership,25.000,2021
New Zealand,NZL,Leadership,50.000,2022
New Zealand,NZL,Leadership,50.000,2023
New Zealand,NZL,Norms and Decision-making,0.000,1960
New Zealand,NZL,Norms and Decision-making,0.000,1961
New Zealand,NZL,Norms and Decision-making,0.000,1962
New Zealand,NZL,Norms and Decision-making,0.000,1963
New Zealand,NZL,Norms and Decision-making,0.000,1964
New Zealand,NZL,Norms and Decision-making,0.000,1965
New Zealand,NZL,Norms and Decision-making,0.000,1966
New Zealand,NZL,Norms and Decision-making,0.000,1967
New Zealand,NZL,Norms and Decision-making,0.000,1968
New Zealand,NZL,Norms and Decision-making,0.000,1969
New Zealand,NZL,Norms and Decision-making,12.593,1970
New Zealand,NZL,Norms and Decision-making,12.593,1971
New Zealand,NZL,Norms and Decision-making,12.593,1972
New Zealand,NZL,Norms and Decision-making,12.593,1973
New Zealand,NZL,Norms and Decision-making,12.593,1974
New Zealand,NZL,Norms and Decision-making,12.593,1975
New Zealand,NZL,Norms and Decision-making,12.593,1976
New Zealand,NZL,Norms and Decision-making,12.593,1977
New Zealand,NZL,Norms and Decision-making,12.593,1978
New Zealand,NZL,Norms and Decision-making,12.593,1979
New Zealand,NZL,Norms and Decision-making,12.593,1980
New Zealand,NZL,Norms and Decision-making,12.593,1981
New Zealand,NZL,Norms and Decision-making,12.593,1982
New Zealand,NZL,Norms and Decision-making,12.593,1983
New Zealand,NZL,Norms and Decision-making,12.593,1984
New Zealand,NZL,Norms and Decision-making,12.593,1985
New Zealand,NZL,Norms and Decision-making,14.074,1986
New Zealand,NZL,Norms and Decision-making,12.593,1987
New Zealand,NZL,Norms and Decision-making,12.593,1988
New Zealand,NZL,Norms and Decision-making,12.593,1989
New Zealand,NZL,Norms and Decision-making,12.593,1990
New Zealand,NZL,Norms and Decision-making,14.074,1991
New Zealand,NZL,Norms and Decision-making,12.593,1992
New Zealand,NZL,Norms and Decision-making,12.593,1993
New Zealand,NZL,Norms and Decision-making,12.593,1994
New Zealand,NZL,Norms and Decision-making,12.593,1995
New Zealand,NZL,Norms and Decision-making,14.074,1996
New Zealand,NZL,Norms and Decision-making,12.593,1997
New Zealand,NZL,Norms and Decision-making,12.593,1998
New Zealand,NZL,Norms and Decision-making,12.593,1999
New Zealand,NZL,Norms and Decision-making,12.593,2000
New Zealand,NZL,Norms and Decision-making,14.074,2001
New Zealand,NZL,Norms and Decision-making,12.593,2002
New Zealand,NZL,Norms and Decision-making,12.593,2003
New Zealand,NZL,Norms and Decision-making,12.593,2004
New Zealand,NZL,Norms and Decision-making,12.593,2005
New Zealand,NZL,Norms and Decision-making,14.074,2006
New Zealand,NZL,Norms and Decision-making,12.593,2007
New Zealand,NZL,Norms and Decision-making,12.593,2008
New Zealand,NZL,Norms and Decision-making,12.593,2009
New Zealand,NZL,Norms and Decision-making,12.593,2010
New Zealand,NZL,Norms and Decision-making,12.593,2011
New Zealand,NZL,Norms and Decision-making,12.593,2012
New Zealand,NZL,Norms and Decision-making,12.593,2013
New Zealand,NZL,Norms and Decision-making,12.593,2014
New Zealand,NZL,Norms and Decision-making,12.593,2015
New Zealand,NZL,Norms and Decision-making,12.593,2016
New Zealand,NZL,Norms and Decision-making,12.593,2017
New Zealand,NZL,Norms and Decision-making,12.593,2018
New Zealand,NZL,Norms and Decision-making,12.593,2019
New Zealand,NZL,Norms and Decision-making,12.593,2020
New Zealand,NZL,Norms and Decision-making,12.593,2021
New Zealand,NZL,Norms and Decision-making,12.593,2022
New Zealand,NZL,Norms and Decision-making,12.593,2023
New Zealand,NZL,Population,86.905,1960
New Zealand,NZL,Population,86.905,1961
New Zealand,NZL,Population,86.905,1962
New Zealand,NZL,Population,86.905,1963
New Zealand,NZL,Population,86.905,1964
New Zealand,NZL,Population,86.905,1965
New Zealand,NZL,Population,86.905,1966
New Zealand,NZL,Population,86.905,1967
New Zealand,NZL,Population,86.905,1968
New Zealand,NZL,Population,86.905,1969
New Zealand,NZL,Population,86.905,1970
New Zealand,NZL,Population,86.905,1971
New Zealand,NZL,Population,86.905,1972
New Zealand,NZL,Population,86.905,1973
New Zealand,NZL,Population,86.905,1974
New Zealand,NZL,Population,86.905,1975
New Zealand,NZL,Population,86.905,1976
New Zealand,NZL,Population,86.905,1977
New Zealand,NZL,Population,86.905,1978
New Zealand,NZL,Population,86.905,1979
New Zealand,NZL,Population,91.667,1980
New Zealand,NZL,Population,86.905,1981
New Zealand,NZL,Population,86.905,1982
New Zealand,NZL,Population,86.905,1983
New Zealand,NZL,Population,86.905,1984
New Zealand,NZL,Population,91.667,1985
New Zealand,NZL,Population,89.286,1986
New Zealand,NZL,Population,86.905,1987
New Zealand,NZL,Population,86.905,1988
New Zealand,NZL,Population,86.905,1989
New Zealand,NZL,Population,92.857,1990
New Zealand,NZL,Population,89.286,1991
New Zealand,NZL,Population,86.905,1992
New Zealand,NZL,Population,86.905,1993
New Zealand,NZL,Population,86.905,1994
New Zealand,NZL,Population,92.857,1995
New Zealand,NZL,Population,89.286,1996
New Zealand,NZL,Population,86.905,1997
New Zealand,NZL,Population,86.905,1998
New Zealand,NZL,Population,86.905,1999
New Zealand,NZL,Population,92.857,2000
New Zealand,NZL,Population,89.286,2001
New Zealand,NZL,Population,86.905,2002
New Zealand,NZL,Population,86.905,2003
New Zealand,NZL,Population,86.905,2004
New Zealand,NZL,Population,92.857,2005
New Zealand,NZL,Population,89.286,2006
New Zealand,NZL,Population,86.905,2007
New Zealand,NZL,Population,86.905,2008
New Zealand,NZL,Population,86.905,2009
New Zealand,NZL,Population,92.857,2010
New Zealand,NZL,Population,86.905,2011
New Zealand,NZL,Population,88.095,2012
New Zealand,NZL,Population,86.905,2013
New Zealand,NZL,Population,88.095,2014
New Zealand,NZL,Population,92.857,2015
New Zealand,NZL,Population,86.905,2016
New Zealand,NZL,Population,88.095,2017
New Zealand,NZL,Population,86.905,2018
New Zealand,NZL,Population,86.905,2019
New Zealand,NZL,Population,90.476,2020
New Zealand,NZL,Population,86.905,2021
New Zealand,NZL,Population,88.095,2022
New Zealand,NZL,Population,77.381,2023
New Zealand,NZL,SDGs,2.685,1960
New Zealand,NZL,SDGs,2.685,1961
New Zealand,NZL,SDGs,2.685,1962
New Zealand,NZL,SDGs,2.685,1963
New Zealand,NZL,SDGs,2.685,1964
New Zealand,NZL,SDGs,2.685,1965
New Zealand,NZL,SDGs,2.685,1966
New Zealand,NZL,SDGs,2.685,1967
New Zealand,NZL,SDGs,2.685,1968
New Zealand,NZL,SDGs,2.685,1969
New Zealand,NZL,SDGs,11.409,1970
New Zealand,NZL,SDGs,11.409,1971
New Zealand,NZL,SDGs,11.409,1972
New Zealand,NZL,SDGs,11.409,1973
New Zealand,NZL,SDGs,11.409,1974
New Zealand,NZL,SDGs,11.409,1975
New Zealand,NZL,SDGs,11.409,1976
New Zealand,NZL,SDGs,11.409,1977
New Zealand,NZL,SDGs,11.409,1978
New Zealand,NZL,SDGs,11.409,1979
New Zealand,NZL,SDGs,12.081,1980
New Zealand,NZL,SDGs,12.081,1981
New Zealand,NZL,SDGs,12.081,1982
New Zealand,NZL,SDGs,12.081,1983
New Zealand,NZL,SDGs,12.081,1984
New Zealand,NZL,SDGs,12.752,1985
New Zealand,NZL,SDGs,16.779,1986
New Zealand,NZL,SDGs,16.779,1987
New Zealand,NZL,SDGs,16.779,1988
New Zealand,NZL,SDGs,16.779,1989
New Zealand,NZL,SDGs,20.805,1990
New Zealand,NZL,SDGs,24.832,1991
New Zealand,NZL,SDGs,24.832,1992
New Zealand,NZL,SDGs,24.832,1993
New Zealand,NZL,SDGs,25.503,1994
New Zealand,NZL,SDGs,25.503,1995
New Zealand,NZL,SDGs,24.832,1996
New Zealand,NZL,SDGs,25.503,1997
New Zealand,NZL,SDGs,25.503,1998
New Zealand,NZL,SDGs,26.174,1999
New Zealand,NZL,SDGs,71.141,2000
New Zealand,NZL,SDGs,38.926,2001
New Zealand,NZL,SDGs,38.926,2002
New Zealand,NZL,SDGs,38.926,2003
New Zealand,NZL,SDGs,38.926,2004
New Zealand,NZL,SDGs,40.940,2005
New Zealand,NZL,SDGs,40.268,2006
New Zealand,NZL,SDGs,38.926,2007
New Zealand,NZL,SDGs,38.926,2008
New Zealand,NZL,SDGs,38.926,2009
New Zealand,NZL,SDGs,71.812,2010
New Zealand,NZL,SDGs,42.953,2011
New Zealand,NZL,SDGs,38.926,2012
New Zealand,NZL,SDGs,38.926,2013
New Zealand,NZL,SDGs,40.940,2014
New Zealand,NZL,SDGs,71.141,2015
New Zealand,NZL,SDGs,40.940,2016
New Zealand,NZL,SDGs,40.268,2017
New Zealand,NZL,SDGs,41.611,2018
New Zealand,NZL,SDGs,74.497,2019
New Zealand,NZL,SDGs,31.544,2020
New Zealand,NZL,SDGs,28.859,2021
New Zealand,NZL,SDGs,22.819,2022
New Zealand,NZL,SDGs,18.121,2023
New Zealand,NZL,Technology,0.000,1960
New Zealand,NZL,Technology,0.000,1961
New Zealand,NZL,Technology,0.000,1962
New Zealand,NZL,Technology,0.000,1963
New Zealand,NZL,Technology,0.000,1964
New Zealand,NZL,Technology,0.000,1965
New Zealand,NZL,Technology,0.000,1966
New Zealand,NZL,Technology,0.000,1967
New Zealand,NZL,Technology,0.000,1968
New Zealand,NZL,Technology,0.000,1969
New Zealand,NZL,Technology,0.000,1970
New Zealand,NZL,Technology,0.000,1971
New Zealand,NZL,Technology,0.000,1972
New Zealand,NZL,Technology,0.000,1973
New Zealand,NZL,Technology,0.000,1974
New Zealand,NZL,Technology,0.000,1975
New Zealand,NZL,Technology,0.000,1976
New Zealand,NZL,Technology,0.000,1977
New Zealand,NZL,Technology,0.000,1978
New Zealand,NZL,Technology,0.000,1979
New Zealand,NZL,Technology,0.000,1980
New Zealand,NZL,Technology,0.000,1981
New Zealand,NZL,Technology,0.000,1982
New Zealand,NZL,Technology,0.000,1983
New Zealand,NZL,Technology,0.000,1984
New Zealand,NZL,Technology,0.000,1985
New Zealand,NZL,Technology,0.000,1986
New Zealand,NZL,Technology,0.000,1987
New Zealand,NZL,Technology,0.000,1988
New Zealand,NZL,Technology,0.000,1989
New Zealand,NZL,Technology,2.222,1990
New Zealand,NZL,Technology,2.222,1991
New Zealand,NZL,Technology,2.222,1992
New Zealand,NZL,Technology,2.222,1993
New Zealand,NZL,Technology,2.222,1994
New Zealand,NZL,Technology,2.222,1995
New Zealand,NZL,Technology,2.222,1996
New Zealand,NZL,Technology,2.222,1997
New Zealand,NZL,Technology,2.222,1998
New Zealand,NZL,Technology,2.222,1999
New Zealand,NZL,Technology,2.222,2000
New Zealand,NZL,Technology,2.222,2001
New Zealand,NZL,Technology,2.222,2002
New Zealand,NZL,Technology,2.222,2003
New Zealand,NZL,Technology,2.222,2004
New Zealand,NZL,Technology,8.889,2005
New Zealand,NZL,Technology,6.667,2006
New Zealand,NZL,Technology,2.222,2007
New Zealand,NZL,Technology,2.222,2008
New Zealand,NZL,Technology,6.667,2009
New Zealand,NZL,Technology,2.222,2010
New Zealand,NZL,Technology,8.889,2011
New Zealand,NZL,Technology,6.667,2012
New Zealand,NZL,Technology,8.889,2013
New Zealand,NZL,Technology,35.556,2014
New Zealand,NZL,Technology,8.889,2015
New Zealand,NZL,Technology,8.889,2016
New Zealand,NZL,Technology,55.556,2017
New Zealand,NZL,Technology,2.222,2018
New Zealand,NZL,Technology,2.222,2019
New Zealand,NZL,Technology,2.222,2020
New Zealand,NZL,Technology,68.889,2021
New Zealand,NZL,Technology,2.222,2022
New Zealand,NZL,Technology,0.000,2023
New Zealand,NZL,Violence,0.000,1960
New Zealand,NZL,Violence,0.000,1961
New Zealand,NZL,Violence,0.000,1962
New Zealand,NZL,Violence,0.000,1963
New Zealand,NZL,Violence,0.000,1964
New Zealand,NZL,Violence,0.000,1965
New Zealand,NZL,Violence,0.000,1966
New Zealand,NZL,Violence,0.000,1967
New Zealand,NZL,Violence,0.000,1968
New Zealand,NZL,Violence,0.000,1969
New Zealand,NZL,Violence,2.143,1970
New Zealand,NZL,Violence,2.143,1971
New Zealand,NZL,Violence,2.143,1972
New Zealand,NZL,Violence,2.143,1973
New Zealand,NZL,Violence,2.143,1974
New Zealand,NZL,Violence,2.143,1975
New Zealand,NZL,Violence,2.143,1976
New Zealand,NZL,Violence,2.143,1977
New Zealand,NZL,Violence,2.143,1978
New Zealand,NZL,Violence,2.143,1979
New Zealand,NZL,Violence,2.143,1980
New Zealand,NZL,Violence,2.143,1981
New Zealand,NZL,Violence,2.143,1982
New Zealand,NZL,Violence,2.143,1983
New Zealand,NZL,Violence,2.143,1984
New Zealand,NZL,Violence,2.143,1985
New Zealand,NZL,Violence,2.143,1986
New Zealand,NZL,Violence,2.143,1987
New Zealand,NZL,Violence,2.143,1988
New Zealand,NZL,Violence,2.143,1989
New Zealand,NZL,Violence,2.857,1990
New Zealand,NZL,Violence,2.857,1991
New Zealand,NZL,Violence,2.857,1992
New Zealand,NZL,Violence,2.857,1993
New Zealand,NZL,Violence,2.857,1994
New Zealand,NZL,Violence,4.286,1995
New Zealand,NZL,Violence,4.286,1996
New Zealand,NZL,Violence,4.286,1997
New Zealand,NZL,Violence,4.286,1998
New Zealand,NZL,Violence,4.286,1999
New Zealand,NZL,Violence,6.429,2000
New Zealand,NZL,Violence,6.429,2001
New Zealand,NZL,Violence,6.429,2002
New Zealand,NZL,Violence,6.429,2003
New Zealand,NZL,Violence,6.429,2004
New Zealand,NZL,Violence,6.429,2005
New Zealand,NZL,Violence,6.429,2006
New Zealand,NZL,Violence,6.429,2007
New Zealand,NZL,Violence,6.429,2008
New Zealand,NZL,Violence,6.429,2009
New Zealand,NZL,Violence,6.429,2010
New Zealand,NZL,Violence,6.429,2011
New Zealand,NZL,Violence,6.429,2012
New Zealand,NZL,Violence,6.429,2013
New Zealand,NZL,Violence,6.429,2014
New Zealand,NZL,Violence,6.429,2015
New Zealand,NZL,Violence,6.429,2016
New Zealand,NZL,Violence,6.429,2017
New Zealand,NZL,Violence,9.286,2018
New Zealand,NZL,Violence,6.429,2019
New Zealand,NZL,Violence,2.143,2020
New Zealand,NZL,Violence,2.143,2021
New Zealand,NZL,Violence,2.143,2022
New Zealand,NZL,Violence,2.143,2023
New Zealand,NZL,Youth 15-24,4.587,1960
New Zealand,NZL,Youth 15-24,4.587,1961
New Zealand,NZL,Youth 15-24,4.587,1962
New Zealand,NZL,Youth 15-24,4.587,1963
New Zealand,NZL,Youth 15-24,4.587,1964
New Zealand,NZL,Youth 15-24,4.587,1965
New Zealand,NZL,Youth 15-24,4.587,1966
New Zealand,NZL,Youth 15-24,4.587,1967
New Zealand,NZL,Youth 15-24,4.587,1968
New Zealand,NZL,Youth 15-24,4.587,1969
New Zealand,NZL,Youth 15-24,17.431,1970
New Zealand,NZL,Youth 15-24,17.431,1971
New Zealand,NZL,Youth 15-24,17.431,1972
New Zealand,NZL,Youth 15-24,17.431,1973
New Zealand,NZL,Youth 15-24,17.431,1974
New Zealand,NZL,Youth 15-24,18.349,1975
New Zealand,NZL,Youth 15-24,18.349,1976
New Zealand,NZL,Youth 15-24,18.349,1977
New Zealand,NZL,Youth 15-24,5.505,1978
New Zealand,NZL,Youth 15-24,21.101,1979
New Zealand,NZL,Youth 15-24,21.101,1980
New Zealand,NZL,Youth 15-24,23.853,1981
New Zealand,NZL,Youth 15-24,21.101,1982
New Zealand,NZL,Youth 15-24,21.101,1983
New Zealand,NZL,Youth 15-24,21.101,1984
New Zealand,NZL,Youth 15-24,21.101,1985
New Zealand,NZL,Youth 15-24,30.275,1986
New Zealand,NZL,Youth 15-24,30.275,1987
New Zealand,NZL,Youth 15-24,30.275,1988
New Zealand,NZL,Youth 15-24,30.275,1989
New Zealand,NZL,Youth 15-24,39.450,1990
New Zealand,NZL,Youth 15-24,49.541,1991
New Zealand,NZL,Youth 15-24,44.037,1992
New Zealand,NZL,Youth 15-24,41.284,1993
New Zealand,NZL,Youth 15-24,44.037,1994
New Zealand,NZL,Youth 15-24,44.037,1995
New Zealand,NZL,Youth 15-24,44.037,1996
New Zealand,NZL,Youth 15-24,40.367,1997
New Zealand,NZL,Youth 15-24,41.284,1998
New Zealand,NZL,Youth 15-24,36.697,1999
New Zealand,NZL,Youth 15-24,36.697,2000
New Zealand,NZL,Youth 15-24,36.697,2001
New Zealand,NZL,Youth 15-24,41.284,2002
New Zealand,NZL,Youth 15-24,33.028,2003
New Zealand,NZL,Youth 15-24,35.780,2004
New Zealand,NZL,Youth 15-24,50.459,2005
New Zealand,NZL,Youth 15-24,44.037,2006
New Zealand,NZL,Youth 15-24,35.780,2007
New Zealand,NZL,Youth 15-24,35.780,2008
New Zealand,NZL,Youth 15-24,47.706,2009
New Zealand,NZL,Youth 15-24,47.706,2010
New Zealand,NZL,Youth 15-24,55.963,2011
New Zealand,NZL,Youth 15-24,55.963,2012
New Zealand,NZL,Youth 15-24,70.642,2013
New Zealand,NZL,Youth 15-24,77.982,2014
New Zealand,NZL,Youth 15-24,77.982,2015
New Zealand,NZL,Youth 15-24,77.982,2016
New Zealand,NZL,Youth 15-24,77.982,2017
New Zealand,NZL,Youth 15-24,56.881,2018
New Zealand,NZL,Youth 15-24,53.211,2019
New Zealand,NZL,Youth 15-24,53.211,2020
New Zealand,NZL,Youth 15-24,40.367,2021
New Zealand,NZL,Youth 15-24,37.615,2022
New Zealand,NZL,Youth 15-24,24.771,2023
