Country Name,Country Code,Topic,% of available indicators,Year
French Polynesia,PYF,Assets,0.000,1960
French Polynesia,PYF,Assets,0.000,1961
French Polynesia,PYF,Assets,0.000,1962
French Polynesia,PYF,Assets,0.000,1963
French Polynesia,PYF,Assets,0.000,1964
French Polynesia,PYF,Assets,0.000,1965
French Polynesia,PYF,Assets,0.000,1966
French Polynesia,PYF,Assets,0.000,1967
French Polynesia,PYF,Assets,0.000,1968
French Polynesia,PYF,Assets,0.000,1969
French Polynesia,PYF,Assets,0.000,1970
French Polynesia,PYF,Assets,0.000,1971
French Polynesia,PYF,Assets,0.000,1972
French Polynesia,PYF,Assets,0.000,1973
French Polynesia,PYF,Assets,0.000,1974
French Polynesia,PYF,Assets,0.000,1975
French Polynesia,PYF,Assets,0.000,1976
French Polynesia,PYF,Assets,0.000,1977
French Polynesia,PYF,Assets,0.000,1978
French Polynesia,PYF,Assets,0.000,1979
French Polynesia,PYF,Assets,0.000,1980
French Polynesia,PYF,Assets,0.000,1981
French Polynesia,PYF,Assets,0.000,1982
French Polynesia,PYF,Assets,0.000,1983
French Polynesia,PYF,Assets,0.000,1984
French Polynesia,PYF,Assets,0.000,1985
French Polynesia,PYF,Assets,0.000,1986
French Polynesia,PYF,Assets,0.000,1987
French Polynesia,PYF,Assets,0.000,1988
French Polynesia,PYF,Assets,0.000,1989
French Polynesia,PYF,Assets,0.000,1990
French Polynesia,PYF,Assets,0.000,1991
French Polynesia,PYF,Assets,0.000,1992
French Polynesia,PYF,Assets,0.000,1993
French Polynesia,PYF,Assets,0.000,1994
French Polynesia,PYF,Assets,0.000,1995
French Polynesia,PYF,Assets,0.000,1996
French Polynesia,PYF,Assets,0.000,1997
French Polynesia,PYF,Assets,0.000,1998
French Polynesia,PYF,Assets,0.000,1999
French Polynesia,PYF,Assets,0.000,2000
French Polynesia,PYF,Assets,0.000,2001
French Polynesia,PYF,Assets,0.000,2002
French Polynesia,PYF,Assets,0.000,2003
French Polynesia,PYF,Assets,0.000,2004
French Polynesia,PYF,Assets,0.000,2005
French Polynesia,PYF,Assets,0.000,2006
French Polynesia,PYF,Assets,0.000,2007
French Polynesia,PYF,Assets,0.000,2008
French Polynesia,PYF,Assets,0.000,2009
French Polynesia,PYF,Assets,0.000,2010
French Polynesia,PYF,Assets,0.000,2011
French Polynesia,PYF,Assets,0.000,2012
French Polynesia,PYF,Assets,0.000,2013
French Polynesia,PYF,Assets,0.000,2014
French Polynesia,PYF,Assets,0.000,2015
French Polynesia,PYF,Assets,0.000,2016
French Polynesia,PYF,Assets,0.000,2017
French Polynesia,PYF,Assets,0.000,2018
French Polynesia,PYF,Assets,0.000,2019
French Polynesia,PYF,Assets,0.000,2020
French Polynesia,PYF,Assets,0.000,2021
French Polynesia,PYF,Assets,0.000,2022
French Polynesia,PYF,Assets,0.000,2023
French Polynesia,PYF,Children 0-14,10.769,1960
French Polynesia,PYF,Children 0-14,10.769,1961
French Polynesia,PYF,Children 0-14,10.769,1962
French Polynesia,PYF,Children 0-14,10.769,1963
French Polynesia,PYF,Children 0-14,10.769,1964
French Polynesia,PYF,Children 0-14,10.769,1965
French Polynesia,PYF,Children 0-14,10.769,1966
French Polynesia,PYF,Children 0-14,10.769,1967
French Polynesia,PYF,Children 0-14,10.769,1968
French Polynesia,PYF,Children 0-14,10.769,1969
French Polynesia,PYF,Children 0-14,10.769,1970
French Polynesia,PYF,Children 0-14,11.538,1971
French Polynesia,PYF,Children 0-14,11.538,1972
French Polynesia,PYF,Children 0-14,11.538,1973
French Polynesia,PYF,Children 0-14,11.538,1974
French Polynesia,PYF,Children 0-14,11.538,1975
French Polynesia,PYF,Children 0-14,11.538,1976
French Polynesia,PYF,Children 0-14,11.538,1977
French Polynesia,PYF,Children 0-14,11.538,1978
French Polynesia,PYF,Children 0-14,11.538,1979
French Polynesia,PYF,Children 0-14,11.538,1980
French Polynesia,PYF,Children 0-14,16.923,1981
French Polynesia,PYF,Children 0-14,16.923,1982
French Polynesia,PYF,Children 0-14,27.692,1983
French Polynesia,PYF,Children 0-14,24.615,1984
French Polynesia,PYF,Children 0-14,24.615,1985
French Polynesia,PYF,Children 0-14,10.769,1986
French Polynesia,PYF,Children 0-14,10.769,1987
French Polynesia,PYF,Children 0-14,16.923,1988
French Polynesia,PYF,Children 0-14,21.538,1989
French Polynesia,PYF,Children 0-14,21.538,1990
French Polynesia,PYF,Children 0-14,16.923,1991
French Polynesia,PYF,Children 0-14,16.923,1992
French Polynesia,PYF,Children 0-14,23.846,1993
French Polynesia,PYF,Children 0-14,16.923,1994
French Polynesia,PYF,Children 0-14,21.538,1995
French Polynesia,PYF,Children 0-14,21.538,1996
French Polynesia,PYF,Children 0-14,10.769,1997
French Polynesia,PYF,Children 0-14,10.769,1998
French Polynesia,PYF,Children 0-14,10.769,1999
French Polynesia,PYF,Children 0-14,10.769,2000
French Polynesia,PYF,Children 0-14,10.769,2001
French Polynesia,PYF,Children 0-14,10.769,2002
French Polynesia,PYF,Children 0-14,10.769,2003
French Polynesia,PYF,Children 0-14,10.769,2004
French Polynesia,PYF,Children 0-14,10.769,2005
French Polynesia,PYF,Children 0-14,10.769,2006
French Polynesia,PYF,Children 0-14,15.385,2007
French Polynesia,PYF,Children 0-14,10.769,2008
French Polynesia,PYF,Children 0-14,10.769,2009
French Polynesia,PYF,Children 0-14,10.769,2010
French Polynesia,PYF,Children 0-14,10.769,2011
French Polynesia,PYF,Children 0-14,10.769,2012
French Polynesia,PYF,Children 0-14,10.769,2013
French Polynesia,PYF,Children 0-14,10.769,2014
French Polynesia,PYF,Children 0-14,10.769,2015
French Polynesia,PYF,Children 0-14,10.769,2016
French Polynesia,PYF,Children 0-14,10.769,2017
French Polynesia,PYF,Children 0-14,10.769,2018
French Polynesia,PYF,Children 0-14,10.769,2019
French Polynesia,PYF,Children 0-14,10.769,2020
French Polynesia,PYF,Children 0-14,10.769,2021
French Polynesia,PYF,Children 0-14,10.769,2022
French Polynesia,PYF,Children 0-14,7.692,2023
French Polynesia,PYF,Education,0.000,1960
French Polynesia,PYF,Education,0.000,1961
French Polynesia,PYF,Education,0.000,1962
French Polynesia,PYF,Education,0.000,1963
French Polynesia,PYF,Education,0.000,1964
French Polynesia,PYF,Education,0.000,1965
French Polynesia,PYF,Education,0.000,1966
French Polynesia,PYF,Education,0.000,1967
French Polynesia,PYF,Education,0.000,1968
French Polynesia,PYF,Education,0.000,1969
French Polynesia,PYF,Education,0.000,1970
French Polynesia,PYF,Education,5.521,1971
French Polynesia,PYF,Education,5.521,1972
French Polynesia,PYF,Education,5.521,1973
French Polynesia,PYF,Education,5.521,1974
French Polynesia,PYF,Education,5.521,1975
French Polynesia,PYF,Education,5.521,1976
French Polynesia,PYF,Education,4.908,1977
French Polynesia,PYF,Education,4.908,1978
French Polynesia,PYF,Education,4.908,1979
French Polynesia,PYF,Education,5.521,1980
French Polynesia,PYF,Education,7.975,1981
French Polynesia,PYF,Education,9.816,1982
French Polynesia,PYF,Education,18.405,1983
French Polynesia,PYF,Education,15.337,1984
French Polynesia,PYF,Education,15.337,1985
French Polynesia,PYF,Education,4.294,1986
French Polynesia,PYF,Education,4.294,1987
French Polynesia,PYF,Education,9.816,1988
French Polynesia,PYF,Education,16.564,1989
French Polynesia,PYF,Education,16.564,1990
French Polynesia,PYF,Education,12.883,1991
French Polynesia,PYF,Education,16.564,1992
French Polynesia,PYF,Education,18.405,1993
French Polynesia,PYF,Education,6.135,1994
French Polynesia,PYF,Education,10.429,1995
French Polynesia,PYF,Education,10.429,1996
French Polynesia,PYF,Education,1.227,1997
French Polynesia,PYF,Education,0.000,1998
French Polynesia,PYF,Education,0.000,1999
French Polynesia,PYF,Education,0.000,2000
French Polynesia,PYF,Education,0.000,2001
French Polynesia,PYF,Education,0.000,2002
French Polynesia,PYF,Education,0.000,2003
French Polynesia,PYF,Education,0.000,2004
French Polynesia,PYF,Education,0.000,2005
French Polynesia,PYF,Education,0.000,2006
French Polynesia,PYF,Education,9.202,2007
French Polynesia,PYF,Education,0.000,2008
French Polynesia,PYF,Education,0.000,2009
French Polynesia,PYF,Education,0.000,2010
French Polynesia,PYF,Education,0.000,2011
French Polynesia,PYF,Education,0.000,2012
French Polynesia,PYF,Education,0.000,2013
French Polynesia,PYF,Education,0.000,2014
French Polynesia,PYF,Education,0.000,2015
French Polynesia,PYF,Education,0.000,2016
French Polynesia,PYF,Education,0.000,2017
French Polynesia,PYF,Education,0.000,2018
French Polynesia,PYF,Education,0.000,2019
French Polynesia,PYF,Education,0.000,2020
French Polynesia,PYF,Education,0.000,2021
French Polynesia,PYF,Education,0.000,2022
French Polynesia,PYF,Education,0.000,2023
French Polynesia,PYF,Employment and Time Use,0.000,1960
French Polynesia,PYF,Employment and Time Use,0.000,1961
French Polynesia,PYF,Employment and Time Use,5.109,1962
French Polynesia,PYF,Employment and Time Use,0.000,1963
French Polynesia,PYF,Employment and Time Use,0.000,1964
French Polynesia,PYF,Employment and Time Use,0.000,1965
French Polynesia,PYF,Employment and Time Use,0.000,1966
French Polynesia,PYF,Employment and Time Use,2.920,1967
French Polynesia,PYF,Employment and Time Use,0.000,1968
French Polynesia,PYF,Employment and Time Use,0.000,1969
French Polynesia,PYF,Employment and Time Use,0.000,1970
French Polynesia,PYF,Employment and Time Use,0.000,1971
French Polynesia,PYF,Employment and Time Use,0.000,1972
French Polynesia,PYF,Employment and Time Use,0.000,1973
French Polynesia,PYF,Employment and Time Use,0.000,1974
French Polynesia,PYF,Employment and Time Use,0.000,1975
French Polynesia,PYF,Employment and Time Use,0.000,1976
French Polynesia,PYF,Employment and Time Use,0.000,1977
French Polynesia,PYF,Employment and Time Use,0.000,1978
French Polynesia,PYF,Employment and Time Use,0.000,1979
French Polynesia,PYF,Employment and Time Use,0.000,1980
French Polynesia,PYF,Employment and Time Use,0.000,1981
French Polynesia,PYF,Employment and Time Use,0.000,1982
French Polynesia,PYF,Employment and Time Use,5.109,1983
French Polynesia,PYF,Employment and Time Use,0.000,1984
French Polynesia,PYF,Employment and Time Use,0.000,1985
French Polynesia,PYF,Employment and Time Use,0.000,1986
French Polynesia,PYF,Employment and Time Use,0.000,1987
French Polynesia,PYF,Employment and Time Use,9.489,1988
French Polynesia,PYF,Employment and Time Use,0.000,1989
French Polynesia,PYF,Employment and Time Use,10.219,1990
French Polynesia,PYF,Employment and Time Use,35.036,1991
French Polynesia,PYF,Employment and Time Use,35.036,1992
French Polynesia,PYF,Employment and Time Use,35.036,1993
French Polynesia,PYF,Employment and Time Use,35.036,1994
French Polynesia,PYF,Employment and Time Use,35.036,1995
French Polynesia,PYF,Employment and Time Use,44.526,1996
French Polynesia,PYF,Employment and Time Use,35.036,1997
French Polynesia,PYF,Employment and Time Use,35.036,1998
French Polynesia,PYF,Employment and Time Use,35.036,1999
French Polynesia,PYF,Employment and Time Use,35.036,2000
French Polynesia,PYF,Employment and Time Use,35.036,2001
French Polynesia,PYF,Employment and Time Use,47.445,2002
French Polynesia,PYF,Employment and Time Use,35.036,2003
French Polynesia,PYF,Employment and Time Use,35.036,2004
French Polynesia,PYF,Employment and Time Use,35.036,2005
French Polynesia,PYF,Employment and Time Use,35.036,2006
French Polynesia,PYF,Employment and Time Use,49.635,2007
French Polynesia,PYF,Employment and Time Use,35.036,2008
French Polynesia,PYF,Employment and Time Use,35.036,2009
French Polynesia,PYF,Employment and Time Use,35.036,2010
French Polynesia,PYF,Employment and Time Use,35.036,2011
French Polynesia,PYF,Employment and Time Use,44.526,2012
French Polynesia,PYF,Employment and Time Use,35.036,2013
French Polynesia,PYF,Employment and Time Use,35.036,2014
French Polynesia,PYF,Employment and Time Use,35.036,2015
French Polynesia,PYF,Employment and Time Use,35.036,2016
French Polynesia,PYF,Employment and Time Use,35.036,2017
French Polynesia,PYF,Employment and Time Use,35.036,2018
French Polynesia,PYF,Employment and Time Use,35.036,2019
French Polynesia,PYF,Employment and Time Use,35.036,2020
French Polynesia,PYF,Employment and Time Use,35.036,2021
French Polynesia,PYF,Employment and Time Use,35.036,2022
French Polynesia,PYF,Employment and Time Use,35.036,2023
French Polynesia,PYF,Entrepreneurship,0.000,1960
French Polynesia,PYF,Entrepreneurship,0.000,1961
French Polynesia,PYF,Entrepreneurship,0.000,1962
French Polynesia,PYF,Entrepreneurship,0.000,1963
French Polynesia,PYF,Entrepreneurship,0.000,1964
French Polynesia,PYF,Entrepreneurship,0.000,1965
French Polynesia,PYF,Entrepreneurship,0.000,1966
French Polynesia,PYF,Entrepreneurship,0.000,1967
French Polynesia,PYF,Entrepreneurship,0.000,1968
French Polynesia,PYF,Entrepreneurship,0.000,1969
French Polynesia,PYF,Entrepreneurship,0.000,1970
French Polynesia,PYF,Entrepreneurship,0.000,1971
French Polynesia,PYF,Entrepreneurship,0.000,1972
French Polynesia,PYF,Entrepreneurship,0.000,1973
French Polynesia,PYF,Entrepreneurship,0.000,1974
French Polynesia,PYF,Entrepreneurship,0.000,1975
French Polynesia,PYF,Entrepreneurship,0.000,1976
French Polynesia,PYF,Entrepreneurship,0.000,1977
French Polynesia,PYF,Entrepreneurship,0.000,1978
French Polynesia,PYF,Entrepreneurship,0.000,1979
French Polynesia,PYF,Entrepreneurship,0.000,1980
French Polynesia,PYF,Entrepreneurship,0.000,1981
French Polynesia,PYF,Entrepreneurship,0.000,1982
French Polynesia,PYF,Entrepreneurship,0.000,1983
French Polynesia,PYF,Entrepreneurship,0.000,1984
French Polynesia,PYF,Entrepreneurship,0.000,1985
French Polynesia,PYF,Entrepreneurship,0.000,1986
French Polynesia,PYF,Entrepreneurship,0.000,1987
French Polynesia,PYF,Entrepreneurship,0.000,1988
French Polynesia,PYF,Entrepreneurship,0.000,1989
French Polynesia,PYF,Entrepreneurship,0.000,1990
French Polynesia,PYF,Entrepreneurship,0.000,1991
French Polynesia,PYF,Entrepreneurship,0.000,1992
French Polynesia,PYF,Entrepreneurship,0.000,1993
French Polynesia,PYF,Entrepreneurship,0.000,1994
French Polynesia,PYF,Entrepreneurship,0.000,1995
French Polynesia,PYF,Entrepreneurship,0.000,1996
French Polynesia,PYF,Entrepreneurship,0.000,1997
French Polynesia,PYF,Entrepreneurship,0.000,1998
French Polynesia,PYF,Entrepreneurship,0.000,1999
French Polynesia,PYF,Entrepreneurship,0.000,2000
French Polynesia,PYF,Entrepreneurship,0.000,2001
French Polynesia,PYF,Entrepreneurship,0.000,2002
French Polynesia,PYF,Entrepreneurship,0.000,2003
French Polynesia,PYF,Entrepreneurship,0.000,2004
French Polynesia,PYF,Entrepreneurship,0.000,2005
French Polynesia,PYF,Entrepreneurship,0.000,2006
French Polynesia,PYF,Entrepreneurship,0.000,2007
French Polynesia,PYF,Entrepreneurship,0.000,2008
French Polynesia,PYF,Entrepreneurship,0.000,2009
French Polynesia,PYF,Entrepreneurship,0.000,2010
French Polynesia,PYF,Entrepreneurship,0.000,2011
French Polynesia,PYF,Entrepreneurship,0.000,2012
French Polynesia,PYF,Entrepreneurship,0.000,2013
French Polynesia,PYF,Entrepreneurship,0.000,2014
French Polynesia,PYF,Entrepreneurship,0.000,2015
French Polynesia,PYF,Entrepreneurship,0.000,2016
French Polynesia,PYF,Entrepreneurship,0.000,2017
French Polynesia,PYF,Entrepreneurship,0.000,2018
French Polynesia,PYF,Entrepreneurship,0.000,2019
French Polynesia,PYF,Entrepreneurship,0.000,2020
French Polynesia,PYF,Entrepreneurship,0.000,2021
French Polynesia,PYF,Entrepreneurship,0.000,2022
French Polynesia,PYF,Entrepreneurship,0.000,2023
French Polynesia,PYF,Environment,0.000,1960
French Polynesia,PYF,Environment,0.000,1961
French Polynesia,PYF,Environment,0.000,1962
French Polynesia,PYF,Environment,0.000,1963
French Polynesia,PYF,Environment,0.000,1964
French Polynesia,PYF,Environment,0.000,1965
French Polynesia,PYF,Environment,0.000,1966
French Polynesia,PYF,Environment,0.000,1967
French Polynesia,PYF,Environment,0.000,1968
French Polynesia,PYF,Environment,0.000,1969
French Polynesia,PYF,Environment,0.000,1970
French Polynesia,PYF,Environment,0.000,1971
French Polynesia,PYF,Environment,0.000,1972
French Polynesia,PYF,Environment,0.000,1973
French Polynesia,PYF,Environment,0.000,1974
French Polynesia,PYF,Environment,0.000,1975
French Polynesia,PYF,Environment,0.000,1976
French Polynesia,PYF,Environment,0.000,1977
French Polynesia,PYF,Environment,0.000,1978
French Polynesia,PYF,Environment,0.000,1979
French Polynesia,PYF,Environment,0.000,1980
French Polynesia,PYF,Environment,0.000,1981
French Polynesia,PYF,Environment,0.000,1982
French Polynesia,PYF,Environment,0.000,1983
French Polynesia,PYF,Environment,0.000,1984
French Polynesia,PYF,Environment,0.000,1985
French Polynesia,PYF,Environment,0.000,1986
French Polynesia,PYF,Environment,0.000,1987
French Polynesia,PYF,Environment,0.000,1988
French Polynesia,PYF,Environment,0.000,1989
French Polynesia,PYF,Environment,0.000,1990
French Polynesia,PYF,Environment,0.000,1991
French Polynesia,PYF,Environment,0.000,1992
French Polynesia,PYF,Environment,0.000,1993
French Polynesia,PYF,Environment,0.000,1994
French Polynesia,PYF,Environment,0.000,1995
French Polynesia,PYF,Environment,0.000,1996
French Polynesia,PYF,Environment,0.000,1997
French Polynesia,PYF,Environment,0.000,1998
French Polynesia,PYF,Environment,0.000,1999
French Polynesia,PYF,Environment,3.333,2000
French Polynesia,PYF,Environment,3.333,2001
French Polynesia,PYF,Environment,3.333,2002
French Polynesia,PYF,Environment,3.333,2003
French Polynesia,PYF,Environment,3.333,2004
French Polynesia,PYF,Environment,3.333,2005
French Polynesia,PYF,Environment,3.333,2006
French Polynesia,PYF,Environment,3.333,2007
French Polynesia,PYF,Environment,3.333,2008
French Polynesia,PYF,Environment,3.333,2009
French Polynesia,PYF,Environment,3.333,2010
French Polynesia,PYF,Environment,3.333,2011
French Polynesia,PYF,Environment,3.333,2012
French Polynesia,PYF,Environment,3.333,2013
French Polynesia,PYF,Environment,3.333,2014
French Polynesia,PYF,Environment,3.333,2015
French Polynesia,PYF,Environment,3.333,2016
French Polynesia,PYF,Environment,3.333,2017
French Polynesia,PYF,Environment,3.333,2018
French Polynesia,PYF,Environment,3.333,2019
French Polynesia,PYF,Environment,3.333,2020
French Polynesia,PYF,Environment,3.333,2021
French Polynesia,PYF,Environment,3.333,2022
French Polynesia,PYF,Environment,0.000,2023
French Polynesia,PYF,Health,3.030,1960
French Polynesia,PYF,Health,3.030,1961
French Polynesia,PYF,Health,3.030,1962
French Polynesia,PYF,Health,3.030,1963
French Polynesia,PYF,Health,3.030,1964
French Polynesia,PYF,Health,3.030,1965
French Polynesia,PYF,Health,3.030,1966
French Polynesia,PYF,Health,3.030,1967
French Polynesia,PYF,Health,3.030,1968
French Polynesia,PYF,Health,3.030,1969
French Polynesia,PYF,Health,3.030,1970
French Polynesia,PYF,Health,3.030,1971
French Polynesia,PYF,Health,3.030,1972
French Polynesia,PYF,Health,3.030,1973
French Polynesia,PYF,Health,3.030,1974
French Polynesia,PYF,Health,3.030,1975
French Polynesia,PYF,Health,3.030,1976
French Polynesia,PYF,Health,3.030,1977
French Polynesia,PYF,Health,3.030,1978
French Polynesia,PYF,Health,3.030,1979
French Polynesia,PYF,Health,3.030,1980
French Polynesia,PYF,Health,3.030,1981
French Polynesia,PYF,Health,3.030,1982
French Polynesia,PYF,Health,3.030,1983
French Polynesia,PYF,Health,3.030,1984
French Polynesia,PYF,Health,3.030,1985
French Polynesia,PYF,Health,3.030,1986
French Polynesia,PYF,Health,3.030,1987
French Polynesia,PYF,Health,3.030,1988
French Polynesia,PYF,Health,3.030,1989
French Polynesia,PYF,Health,3.030,1990
French Polynesia,PYF,Health,3.030,1991
French Polynesia,PYF,Health,3.030,1992
French Polynesia,PYF,Health,3.030,1993
French Polynesia,PYF,Health,3.030,1994
French Polynesia,PYF,Health,3.030,1995
French Polynesia,PYF,Health,3.030,1996
French Polynesia,PYF,Health,3.030,1997
French Polynesia,PYF,Health,3.030,1998
French Polynesia,PYF,Health,3.030,1999
French Polynesia,PYF,Health,4.040,2000
French Polynesia,PYF,Health,3.535,2001
French Polynesia,PYF,Health,3.535,2002
French Polynesia,PYF,Health,3.535,2003
French Polynesia,PYF,Health,3.535,2004
French Polynesia,PYF,Health,3.535,2005
French Polynesia,PYF,Health,3.535,2006
French Polynesia,PYF,Health,3.535,2007
French Polynesia,PYF,Health,3.535,2008
French Polynesia,PYF,Health,3.535,2009
French Polynesia,PYF,Health,3.535,2010
French Polynesia,PYF,Health,3.535,2011
French Polynesia,PYF,Health,3.535,2012
French Polynesia,PYF,Health,3.535,2013
French Polynesia,PYF,Health,3.535,2014
French Polynesia,PYF,Health,3.535,2015
French Polynesia,PYF,Health,3.535,2016
French Polynesia,PYF,Health,3.535,2017
French Polynesia,PYF,Health,3.535,2018
French Polynesia,PYF,Health,3.535,2019
French Polynesia,PYF,Health,3.535,2020
French Polynesia,PYF,Health,3.535,2021
French Polynesia,PYF,Health,3.535,2022
French Polynesia,PYF,Health,0.000,2023
French Polynesia,PYF,Leadership,0.000,1960
French Polynesia,PYF,Leadership,0.000,1961
French Polynesia,PYF,Leadership,0.000,1962
French Polynesia,PYF,Leadership,0.000,1963
French Polynesia,PYF,Leadership,0.000,1964
French Polynesia,PYF,Leadership,0.000,1965
French Polynesia,PYF,Leadership,0.000,1966
French Polynesia,PYF,Leadership,0.000,1967
French Polynesia,PYF,Leadership,0.000,1968
French Polynesia,PYF,Leadership,0.000,1969
French Polynesia,PYF,Leadership,0.000,1970
French Polynesia,PYF,Leadership,0.000,1971
French Polynesia,PYF,Leadership,0.000,1972
French Polynesia,PYF,Leadership,0.000,1973
French Polynesia,PYF,Leadership,0.000,1974
French Polynesia,PYF,Leadership,0.000,1975
French Polynesia,PYF,Leadership,0.000,1976
French Polynesia,PYF,Leadership,0.000,1977
French Polynesia,PYF,Leadership,0.000,1978
French Polynesia,PYF,Leadership,0.000,1979
French Polynesia,PYF,Leadership,0.000,1980
French Polynesia,PYF,Leadership,0.000,1981
French Polynesia,PYF,Leadership,0.000,1982
French Polynesia,PYF,Leadership,0.000,1983
French Polynesia,PYF,Leadership,0.000,1984
French Polynesia,PYF,Leadership,0.000,1985
French Polynesia,PYF,Leadership,0.000,1986
French Polynesia,PYF,Leadership,0.000,1987
French Polynesia,PYF,Leadership,0.000,1988
French Polynesia,PYF,Leadership,0.000,1989
French Polynesia,PYF,Leadership,0.000,1990
French Polynesia,PYF,Leadership,0.000,1991
French Polynesia,PYF,Leadership,0.000,1992
French Polynesia,PYF,Leadership,0.000,1993
French Polynesia,PYF,Leadership,0.000,1994
French Polynesia,PYF,Leadership,0.000,1995
French Polynesia,PYF,Leadership,0.000,1996
French Polynesia,PYF,Leadership,0.000,1997
French Polynesia,PYF,Leadership,0.000,1998
French Polynesia,PYF,Leadership,0.000,1999
French Polynesia,PYF,Leadership,0.000,2000
French Polynesia,PYF,Leadership,0.000,2001
French Polynesia,PYF,Leadership,0.000,2002
French Polynesia,PYF,Leadership,0.000,2003
French Polynesia,PYF,Leadership,0.000,2004
French Polynesia,PYF,Leadership,0.000,2005
French Polynesia,PYF,Leadership,0.000,2006
French Polynesia,PYF,Leadership,0.000,2007
French Polynesia,PYF,Leadership,0.000,2008
French Polynesia,PYF,Leadership,0.000,2009
French Polynesia,PYF,Leadership,0.000,2010
French Polynesia,PYF,Leadership,0.000,2011
French Polynesia,PYF,Leadership,0.000,2012
French Polynesia,PYF,Leadership,0.000,2013
French Polynesia,PYF,Leadership,0.000,2014
French Polynesia,PYF,Leadership,0.000,2015
French Polynesia,PYF,Leadership,0.000,2016
French Polynesia,PYF,Leadership,0.000,2017
French Polynesia,PYF,Leadership,0.000,2018
French Polynesia,PYF,Leadership,0.000,2019
French Polynesia,PYF,Leadership,0.000,2020
French Polynesia,PYF,Leadership,0.000,2021
French Polynesia,PYF,Leadership,0.000,2022
French Polynesia,PYF,Leadership,0.000,2023
French Polynesia,PYF,Norms and Decision-making,0.000,1960
French Polynesia,PYF,Norms and Decision-making,0.000,1961
French Polynesia,PYF,Norms and Decision-making,0.000,1962
French Polynesia,PYF,Norms and Decision-making,0.000,1963
French Polynesia,PYF,Norms and Decision-making,0.000,1964
French Polynesia,PYF,Norms and Decision-making,0.000,1965
French Polynesia,PYF,Norms and Decision-making,0.000,1966
French Polynesia,PYF,Norms and Decision-making,0.000,1967
French Polynesia,PYF,Norms and Decision-making,0.000,1968
French Polynesia,PYF,Norms and Decision-making,0.000,1969
French Polynesia,PYF,Norms and Decision-making,0.000,1970
French Polynesia,PYF,Norms and Decision-making,0.000,1971
French Polynesia,PYF,Norms and Decision-making,0.000,1972
French Polynesia,PYF,Norms and Decision-making,0.000,1973
French Polynesia,PYF,Norms and Decision-making,0.000,1974
French Polynesia,PYF,Norms and Decision-making,0.000,1975
French Polynesia,PYF,Norms and Decision-making,0.000,1976
French Polynesia,PYF,Norms and Decision-making,1.481,1977
French Polynesia,PYF,Norms and Decision-making,0.000,1978
French Polynesia,PYF,Norms and Decision-making,0.000,1979
French Polynesia,PYF,Norms and Decision-making,0.000,1980
French Polynesia,PYF,Norms and Decision-making,0.000,1981
French Polynesia,PYF,Norms and Decision-making,0.000,1982
French Polynesia,PYF,Norms and Decision-making,0.000,1983
French Polynesia,PYF,Norms and Decision-making,0.000,1984
French Polynesia,PYF,Norms and Decision-making,0.000,1985
French Polynesia,PYF,Norms and Decision-making,0.000,1986
French Polynesia,PYF,Norms and Decision-making,0.000,1987
French Polynesia,PYF,Norms and Decision-making,0.000,1988
French Polynesia,PYF,Norms and Decision-making,0.000,1989
French Polynesia,PYF,Norms and Decision-making,0.000,1990
French Polynesia,PYF,Norms and Decision-making,0.000,1991
French Polynesia,PYF,Norms and Decision-making,0.000,1992
French Polynesia,PYF,Norms and Decision-making,0.000,1993
French Polynesia,PYF,Norms and Decision-making,0.000,1994
French Polynesia,PYF,Norms and Decision-making,0.000,1995
French Polynesia,PYF,Norms and Decision-making,1.481,1996
French Polynesia,PYF,Norms and Decision-making,0.000,1997
French Polynesia,PYF,Norms and Decision-making,0.000,1998
French Polynesia,PYF,Norms and Decision-making,0.000,1999
French Polynesia,PYF,Norms and Decision-making,0.000,2000
French Polynesia,PYF,Norms and Decision-making,0.000,2001
French Polynesia,PYF,Norms and Decision-making,0.000,2002
French Polynesia,PYF,Norms and Decision-making,0.000,2003
French Polynesia,PYF,Norms and Decision-making,0.000,2004
French Polynesia,PYF,Norms and Decision-making,0.000,2005
French Polynesia,PYF,Norms and Decision-making,0.000,2006
French Polynesia,PYF,Norms and Decision-making,1.481,2007
French Polynesia,PYF,Norms and Decision-making,0.000,2008
French Polynesia,PYF,Norms and Decision-making,0.000,2009
French Polynesia,PYF,Norms and Decision-making,0.000,2010
French Polynesia,PYF,Norms and Decision-making,0.000,2011
French Polynesia,PYF,Norms and Decision-making,1.481,2012
French Polynesia,PYF,Norms and Decision-making,0.000,2013
French Polynesia,PYF,Norms and Decision-making,0.000,2014
French Polynesia,PYF,Norms and Decision-making,0.000,2015
French Polynesia,PYF,Norms and Decision-making,0.000,2016
French Polynesia,PYF,Norms and Decision-making,0.000,2017
French Polynesia,PYF,Norms and Decision-making,0.000,2018
French Polynesia,PYF,Norms and Decision-making,0.000,2019
French Polynesia,PYF,Norms and Decision-making,0.000,2020
French Polynesia,PYF,Norms and Decision-making,0.000,2021
French Polynesia,PYF,Norms and Decision-making,0.000,2022
French Polynesia,PYF,Norms and Decision-making,0.000,2023
French Polynesia,PYF,Population,86.905,1960
French Polynesia,PYF,Population,86.905,1961
French Polynesia,PYF,Population,86.905,1962
French Polynesia,PYF,Population,86.905,1963
French Polynesia,PYF,Population,86.905,1964
French Polynesia,PYF,Population,86.905,1965
French Polynesia,PYF,Population,86.905,1966
French Polynesia,PYF,Population,86.905,1967
French Polynesia,PYF,Population,86.905,1968
French Polynesia,PYF,Population,86.905,1969
French Polynesia,PYF,Population,86.905,1970
French Polynesia,PYF,Population,86.905,1971
French Polynesia,PYF,Population,86.905,1972
French Polynesia,PYF,Population,86.905,1973
French Polynesia,PYF,Population,86.905,1974
French Polynesia,PYF,Population,86.905,1975
French Polynesia,PYF,Population,86.905,1976
French Polynesia,PYF,Population,89.286,1977
French Polynesia,PYF,Population,86.905,1978
French Polynesia,PYF,Population,86.905,1979
French Polynesia,PYF,Population,91.667,1980
French Polynesia,PYF,Population,86.905,1981
French Polynesia,PYF,Population,86.905,1982
French Polynesia,PYF,Population,86.905,1983
French Polynesia,PYF,Population,86.905,1984
French Polynesia,PYF,Population,91.667,1985
French Polynesia,PYF,Population,86.905,1986
French Polynesia,PYF,Population,86.905,1987
French Polynesia,PYF,Population,86.905,1988
French Polynesia,PYF,Population,86.905,1989
French Polynesia,PYF,Population,92.857,1990
French Polynesia,PYF,Population,86.905,1991
French Polynesia,PYF,Population,86.905,1992
French Polynesia,PYF,Population,86.905,1993
French Polynesia,PYF,Population,86.905,1994
French Polynesia,PYF,Population,92.857,1995
French Polynesia,PYF,Population,89.286,1996
French Polynesia,PYF,Population,86.905,1997
French Polynesia,PYF,Population,86.905,1998
French Polynesia,PYF,Population,86.905,1999
French Polynesia,PYF,Population,92.857,2000
French Polynesia,PYF,Population,86.905,2001
French Polynesia,PYF,Population,86.905,2002
French Polynesia,PYF,Population,86.905,2003
French Polynesia,PYF,Population,86.905,2004
French Polynesia,PYF,Population,92.857,2005
French Polynesia,PYF,Population,86.905,2006
French Polynesia,PYF,Population,89.286,2007
French Polynesia,PYF,Population,86.905,2008
French Polynesia,PYF,Population,86.905,2009
French Polynesia,PYF,Population,92.857,2010
French Polynesia,PYF,Population,86.905,2011
French Polynesia,PYF,Population,89.286,2012
French Polynesia,PYF,Population,86.905,2013
French Polynesia,PYF,Population,86.905,2014
French Polynesia,PYF,Population,92.857,2015
French Polynesia,PYF,Population,86.905,2016
French Polynesia,PYF,Population,86.905,2017
French Polynesia,PYF,Population,86.905,2018
French Polynesia,PYF,Population,86.905,2019
French Polynesia,PYF,Population,88.095,2020
French Polynesia,PYF,Population,86.905,2021
French Polynesia,PYF,Population,86.905,2022
French Polynesia,PYF,Population,77.381,2023
French Polynesia,PYF,SDGs,0.671,1960
French Polynesia,PYF,SDGs,0.671,1961
French Polynesia,PYF,SDGs,0.671,1962
French Polynesia,PYF,SDGs,0.671,1963
French Polynesia,PYF,SDGs,0.671,1964
French Polynesia,PYF,SDGs,0.671,1965
French Polynesia,PYF,SDGs,0.671,1966
French Polynesia,PYF,SDGs,0.671,1967
French Polynesia,PYF,SDGs,0.671,1968
French Polynesia,PYF,SDGs,0.671,1969
French Polynesia,PYF,SDGs,0.671,1970
French Polynesia,PYF,SDGs,0.671,1971
French Polynesia,PYF,SDGs,0.671,1972
French Polynesia,PYF,SDGs,0.671,1973
French Polynesia,PYF,SDGs,0.671,1974
French Polynesia,PYF,SDGs,0.671,1975
French Polynesia,PYF,SDGs,0.671,1976
French Polynesia,PYF,SDGs,0.671,1977
French Polynesia,PYF,SDGs,0.671,1978
French Polynesia,PYF,SDGs,0.671,1979
French Polynesia,PYF,SDGs,0.671,1980
French Polynesia,PYF,SDGs,0.671,1981
French Polynesia,PYF,SDGs,0.671,1982
French Polynesia,PYF,SDGs,0.671,1983
French Polynesia,PYF,SDGs,0.671,1984
French Polynesia,PYF,SDGs,0.671,1985
French Polynesia,PYF,SDGs,0.671,1986
French Polynesia,PYF,SDGs,0.671,1987
French Polynesia,PYF,SDGs,2.685,1988
French Polynesia,PYF,SDGs,0.671,1989
French Polynesia,PYF,SDGs,0.671,1990
French Polynesia,PYF,SDGs,4.698,1991
French Polynesia,PYF,SDGs,4.698,1992
French Polynesia,PYF,SDGs,4.698,1993
French Polynesia,PYF,SDGs,4.698,1994
French Polynesia,PYF,SDGs,4.698,1995
French Polynesia,PYF,SDGs,4.698,1996
French Polynesia,PYF,SDGs,4.698,1997
French Polynesia,PYF,SDGs,4.698,1998
French Polynesia,PYF,SDGs,4.698,1999
French Polynesia,PYF,SDGs,6.040,2000
French Polynesia,PYF,SDGs,5.369,2001
French Polynesia,PYF,SDGs,9.396,2002
French Polynesia,PYF,SDGs,5.369,2003
French Polynesia,PYF,SDGs,5.369,2004
French Polynesia,PYF,SDGs,5.369,2005
French Polynesia,PYF,SDGs,5.369,2006
French Polynesia,PYF,SDGs,9.396,2007
French Polynesia,PYF,SDGs,5.369,2008
French Polynesia,PYF,SDGs,5.369,2009
French Polynesia,PYF,SDGs,5.369,2010
French Polynesia,PYF,SDGs,5.369,2011
French Polynesia,PYF,SDGs,5.369,2012
French Polynesia,PYF,SDGs,5.369,2013
French Polynesia,PYF,SDGs,5.369,2014
French Polynesia,PYF,SDGs,5.369,2015
French Polynesia,PYF,SDGs,5.369,2016
French Polynesia,PYF,SDGs,5.369,2017
French Polynesia,PYF,SDGs,5.369,2018
French Polynesia,PYF,SDGs,5.369,2019
French Polynesia,PYF,SDGs,5.369,2020
French Polynesia,PYF,SDGs,5.369,2021
French Polynesia,PYF,SDGs,5.369,2022
French Polynesia,PYF,SDGs,4.027,2023
French Polynesia,PYF,Technology,0.000,1960
French Polynesia,PYF,Technology,0.000,1961
French Polynesia,PYF,Technology,0.000,1962
French Polynesia,PYF,Technology,0.000,1963
French Polynesia,PYF,Technology,0.000,1964
French Polynesia,PYF,Technology,0.000,1965
French Polynesia,PYF,Technology,0.000,1966
French Polynesia,PYF,Technology,0.000,1967
French Polynesia,PYF,Technology,0.000,1968
French Polynesia,PYF,Technology,0.000,1969
French Polynesia,PYF,Technology,0.000,1970
French Polynesia,PYF,Technology,0.000,1971
French Polynesia,PYF,Technology,0.000,1972
French Polynesia,PYF,Technology,0.000,1973
French Polynesia,PYF,Technology,0.000,1974
French Polynesia,PYF,Technology,0.000,1975
French Polynesia,PYF,Technology,0.000,1976
French Polynesia,PYF,Technology,0.000,1977
French Polynesia,PYF,Technology,0.000,1978
French Polynesia,PYF,Technology,0.000,1979
French Polynesia,PYF,Technology,0.000,1980
French Polynesia,PYF,Technology,0.000,1981
French Polynesia,PYF,Technology,0.000,1982
French Polynesia,PYF,Technology,0.000,1983
French Polynesia,PYF,Technology,0.000,1984
French Polynesia,PYF,Technology,0.000,1985
French Polynesia,PYF,Technology,0.000,1986
French Polynesia,PYF,Technology,0.000,1987
French Polynesia,PYF,Technology,0.000,1988
French Polynesia,PYF,Technology,0.000,1989
French Polynesia,PYF,Technology,2.222,1990
French Polynesia,PYF,Technology,2.222,1991
French Polynesia,PYF,Technology,2.222,1992
French Polynesia,PYF,Technology,2.222,1993
French Polynesia,PYF,Technology,2.222,1994
French Polynesia,PYF,Technology,2.222,1995
French Polynesia,PYF,Technology,2.222,1996
French Polynesia,PYF,Technology,2.222,1997
French Polynesia,PYF,Technology,2.222,1998
French Polynesia,PYF,Technology,2.222,1999
French Polynesia,PYF,Technology,2.222,2000
French Polynesia,PYF,Technology,2.222,2001
French Polynesia,PYF,Technology,2.222,2002
French Polynesia,PYF,Technology,2.222,2003
French Polynesia,PYF,Technology,2.222,2004
French Polynesia,PYF,Technology,2.222,2005
French Polynesia,PYF,Technology,2.222,2006
French Polynesia,PYF,Technology,2.222,2007
French Polynesia,PYF,Technology,2.222,2008
French Polynesia,PYF,Technology,2.222,2009
French Polynesia,PYF,Technology,2.222,2010
French Polynesia,PYF,Technology,2.222,2011
French Polynesia,PYF,Technology,2.222,2012
French Polynesia,PYF,Technology,2.222,2013
French Polynesia,PYF,Technology,2.222,2014
French Polynesia,PYF,Technology,2.222,2015
French Polynesia,PYF,Technology,2.222,2016
French Polynesia,PYF,Technology,2.222,2017
French Polynesia,PYF,Technology,0.000,2018
French Polynesia,PYF,Technology,0.000,2019
French Polynesia,PYF,Technology,0.000,2020
French Polynesia,PYF,Technology,0.000,2021
French Polynesia,PYF,Technology,0.000,2022
French Polynesia,PYF,Technology,0.000,2023
French Polynesia,PYF,Violence,0.000,1960
French Polynesia,PYF,Violence,0.000,1961
French Polynesia,PYF,Violence,0.000,1962
French Polynesia,PYF,Violence,0.000,1963
French Polynesia,PYF,Violence,0.000,1964
French Polynesia,PYF,Violence,0.000,1965
French Polynesia,PYF,Violence,0.000,1966
French Polynesia,PYF,Violence,0.000,1967
French Polynesia,PYF,Violence,0.000,1968
French Polynesia,PYF,Violence,0.000,1969
French Polynesia,PYF,Violence,0.000,1970
French Polynesia,PYF,Violence,0.000,1971
French Polynesia,PYF,Violence,0.000,1972
French Polynesia,PYF,Violence,0.000,1973
French Polynesia,PYF,Violence,0.000,1974
French Polynesia,PYF,Violence,0.000,1975
French Polynesia,PYF,Violence,0.000,1976
French Polynesia,PYF,Violence,0.000,1977
French Polynesia,PYF,Violence,0.000,1978
French Polynesia,PYF,Violence,0.000,1979
French Polynesia,PYF,Violence,0.000,1980
French Polynesia,PYF,Violence,0.000,1981
French Polynesia,PYF,Violence,0.000,1982
French Polynesia,PYF,Violence,0.000,1983
French Polynesia,PYF,Violence,0.000,1984
French Polynesia,PYF,Violence,0.000,1985
French Polynesia,PYF,Violence,0.000,1986
French Polynesia,PYF,Violence,0.000,1987
French Polynesia,PYF,Violence,0.000,1988
French Polynesia,PYF,Violence,0.000,1989
French Polynesia,PYF,Violence,0.000,1990
French Polynesia,PYF,Violence,0.000,1991
French Polynesia,PYF,Violence,0.000,1992
French Polynesia,PYF,Violence,0.000,1993
French Polynesia,PYF,Violence,0.000,1994
French Polynesia,PYF,Violence,0.000,1995
French Polynesia,PYF,Violence,0.000,1996
French Polynesia,PYF,Violence,0.000,1997
French Polynesia,PYF,Violence,0.000,1998
French Polynesia,PYF,Violence,0.000,1999
French Polynesia,PYF,Violence,0.000,2000
French Polynesia,PYF,Violence,0.000,2001
French Polynesia,PYF,Violence,0.000,2002
French Polynesia,PYF,Violence,0.000,2003
French Polynesia,PYF,Violence,0.000,2004
French Polynesia,PYF,Violence,0.000,2005
French Polynesia,PYF,Violence,0.714,2006
French Polynesia,PYF,Violence,0.714,2007
French Polynesia,PYF,Violence,0.714,2008
French Polynesia,PYF,Violence,0.714,2009
French Polynesia,PYF,Violence,0.000,2010
French Polynesia,PYF,Violence,0.000,2011
French Polynesia,PYF,Violence,0.000,2012
French Polynesia,PYF,Violence,0.000,2013
French Polynesia,PYF,Violence,0.000,2014
French Polynesia,PYF,Violence,0.000,2015
French Polynesia,PYF,Violence,0.000,2016
French Polynesia,PYF,Violence,0.000,2017
French Polynesia,PYF,Violence,0.000,2018
French Polynesia,PYF,Violence,0.000,2019
French Polynesia,PYF,Violence,0.000,2020
French Polynesia,PYF,Violence,0.000,2021
French Polynesia,PYF,Violence,0.000,2022
French Polynesia,PYF,Violence,0.000,2023
French Polynesia,PYF,Youth 15-24,4.587,1960
French Polynesia,PYF,Youth 15-24,4.587,1961
French Polynesia,PYF,Youth 15-24,7.339,1962
French Polynesia,PYF,Youth 15-24,4.587,1963
French Polynesia,PYF,Youth 15-24,4.587,1964
French Polynesia,PYF,Youth 15-24,4.587,1965
French Polynesia,PYF,Youth 15-24,4.587,1966
French Polynesia,PYF,Youth 15-24,4.587,1967
French Polynesia,PYF,Youth 15-24,4.587,1968
French Polynesia,PYF,Youth 15-24,4.587,1969
French Polynesia,PYF,Youth 15-24,4.587,1970
French Polynesia,PYF,Youth 15-24,10.092,1971
French Polynesia,PYF,Youth 15-24,10.092,1972
French Polynesia,PYF,Youth 15-24,10.092,1973
French Polynesia,PYF,Youth 15-24,10.092,1974
French Polynesia,PYF,Youth 15-24,10.092,1975
French Polynesia,PYF,Youth 15-24,10.092,1976
French Polynesia,PYF,Youth 15-24,10.092,1977
French Polynesia,PYF,Youth 15-24,10.092,1978
French Polynesia,PYF,Youth 15-24,10.092,1979
French Polynesia,PYF,Youth 15-24,10.092,1980
French Polynesia,PYF,Youth 15-24,7.339,1981
French Polynesia,PYF,Youth 15-24,10.092,1982
French Polynesia,PYF,Youth 15-24,12.844,1983
French Polynesia,PYF,Youth 15-24,10.092,1984
French Polynesia,PYF,Youth 15-24,10.092,1985
French Polynesia,PYF,Youth 15-24,10.092,1986
French Polynesia,PYF,Youth 15-24,10.092,1987
French Polynesia,PYF,Youth 15-24,12.844,1988
French Polynesia,PYF,Youth 15-24,14.679,1989
French Polynesia,PYF,Youth 15-24,17.431,1990
French Polynesia,PYF,Youth 15-24,23.853,1991
French Polynesia,PYF,Youth 15-24,27.523,1992
French Polynesia,PYF,Youth 15-24,23.853,1993
French Polynesia,PYF,Youth 15-24,15.596,1994
French Polynesia,PYF,Youth 15-24,15.596,1995
French Polynesia,PYF,Youth 15-24,21.101,1996
French Polynesia,PYF,Youth 15-24,15.596,1997
French Polynesia,PYF,Youth 15-24,13.761,1998
French Polynesia,PYF,Youth 15-24,13.761,1999
French Polynesia,PYF,Youth 15-24,13.761,2000
French Polynesia,PYF,Youth 15-24,13.761,2001
French Polynesia,PYF,Youth 15-24,20.183,2002
French Polynesia,PYF,Youth 15-24,13.761,2003
French Polynesia,PYF,Youth 15-24,13.761,2004
French Polynesia,PYF,Youth 15-24,13.761,2005
French Polynesia,PYF,Youth 15-24,13.761,2006
French Polynesia,PYF,Youth 15-24,31.193,2007
French Polynesia,PYF,Youth 15-24,13.761,2008
French Polynesia,PYF,Youth 15-24,13.761,2009
French Polynesia,PYF,Youth 15-24,13.761,2010
French Polynesia,PYF,Youth 15-24,13.761,2011
French Polynesia,PYF,Youth 15-24,19.266,2012
French Polynesia,PYF,Youth 15-24,13.761,2013
French Polynesia,PYF,Youth 15-24,13.761,2014
French Polynesia,PYF,Youth 15-24,13.761,2015
French Polynesia,PYF,Youth 15-24,13.761,2016
French Polynesia,PYF,Youth 15-24,13.761,2017
French Polynesia,PYF,Youth 15-24,13.761,2018
French Polynesia,PYF,Youth 15-24,13.761,2019
French Polynesia,PYF,Youth 15-24,13.761,2020
French Polynesia,PYF,Youth 15-24,13.761,2021
French Polynesia,PYF,Youth 15-24,13.761,2022
French Polynesia,PYF,Youth 15-24,12.844,2023
