Country Name,Country Code,Topic,% of available indicators,Year
Kyrgyz Republic,KGZ,Assets,0.000,1960
Kyrgyz Republic,KGZ,Assets,0.000,1961
Kyrgyz Republic,KGZ,Assets,0.000,1962
Kyrgyz Republic,KGZ,Assets,0.000,1963
Kyrgyz Republic,KGZ,Assets,0.000,1964
Kyrgyz Republic,KGZ,Assets,0.000,1965
Kyrgyz Republic,KGZ,Assets,0.000,1966
Kyrgyz Republic,KGZ,Assets,0.000,1967
Kyrgyz Republic,KGZ,Assets,0.000,1968
Kyrgyz Republic,KGZ,Assets,0.000,1969
Kyrgyz Republic,KGZ,Assets,2.208,1970
Kyrgyz Republic,KGZ,Assets,2.208,1971
Kyrgyz Republic,KGZ,Assets,2.208,1972
Kyrgyz Republic,KGZ,Assets,2.208,1973
Kyrgyz Republic,KGZ,Assets,2.208,1974
Kyrgyz Republic,KGZ,Assets,2.208,1975
Kyrgyz Republic,KGZ,Assets,2.208,1976
Kyrgyz Republic,KGZ,Assets,2.208,1977
Kyrgyz Republic,KGZ,Assets,2.208,1978
Kyrgyz Republic,KGZ,Assets,2.208,1979
Kyrgyz Republic,KGZ,Assets,2.208,1980
Kyrgyz Republic,KGZ,Assets,2.208,1981
Kyrgyz Republic,KGZ,Assets,2.208,1982
Kyrgyz Republic,KGZ,Assets,2.208,1983
Kyrgyz Republic,KGZ,Assets,2.208,1984
Kyrgyz Republic,KGZ,Assets,2.208,1985
Kyrgyz Republic,KGZ,Assets,2.208,1986
Kyrgyz Republic,KGZ,Assets,2.208,1987
Kyrgyz Republic,KGZ,Assets,2.208,1988
Kyrgyz Republic,KGZ,Assets,2.208,1989
Kyrgyz Republic,KGZ,Assets,2.208,1990
Kyrgyz Republic,KGZ,Assets,2.208,1991
Kyrgyz Republic,KGZ,Assets,2.208,1992
Kyrgyz Republic,KGZ,Assets,2.208,1993
Kyrgyz Republic,KGZ,Assets,2.208,1994
Kyrgyz Republic,KGZ,Assets,2.208,1995
Kyrgyz Republic,KGZ,Assets,2.208,1996
Kyrgyz Republic,KGZ,Assets,2.208,1997
Kyrgyz Republic,KGZ,Assets,2.208,1998
Kyrgyz Republic,KGZ,Assets,2.208,1999
Kyrgyz Republic,KGZ,Assets,2.208,2000
Kyrgyz Republic,KGZ,Assets,2.208,2001
Kyrgyz Republic,KGZ,Assets,2.208,2002
Kyrgyz Republic,KGZ,Assets,2.208,2003
Kyrgyz Republic,KGZ,Assets,2.208,2004
Kyrgyz Republic,KGZ,Assets,2.208,2005
Kyrgyz Republic,KGZ,Assets,2.208,2006
Kyrgyz Republic,KGZ,Assets,2.208,2007
Kyrgyz Republic,KGZ,Assets,2.208,2008
Kyrgyz Republic,KGZ,Assets,2.208,2009
Kyrgyz Republic,KGZ,Assets,2.208,2010
Kyrgyz Republic,KGZ,Assets,11.672,2011
Kyrgyz Republic,KGZ,Assets,32.492,2012
Kyrgyz Republic,KGZ,Assets,2.208,2013
Kyrgyz Republic,KGZ,Assets,30.599,2014
Kyrgyz Republic,KGZ,Assets,2.208,2015
Kyrgyz Republic,KGZ,Assets,2.208,2016
Kyrgyz Republic,KGZ,Assets,34.069,2017
Kyrgyz Republic,KGZ,Assets,2.208,2018
Kyrgyz Republic,KGZ,Assets,2.208,2019
Kyrgyz Republic,KGZ,Assets,2.208,2020
Kyrgyz Republic,KGZ,Assets,63.091,2021
Kyrgyz Republic,KGZ,Assets,2.208,2022
Kyrgyz Republic,KGZ,Assets,2.208,2023
Kyrgyz Republic,KGZ,Children 0-14,10.769,1960
Kyrgyz Republic,KGZ,Children 0-14,10.769,1961
Kyrgyz Republic,KGZ,Children 0-14,10.769,1962
Kyrgyz Republic,KGZ,Children 0-14,10.769,1963
Kyrgyz Republic,KGZ,Children 0-14,10.769,1964
Kyrgyz Republic,KGZ,Children 0-14,10.769,1965
Kyrgyz Republic,KGZ,Children 0-14,10.769,1966
Kyrgyz Republic,KGZ,Children 0-14,10.769,1967
Kyrgyz Republic,KGZ,Children 0-14,10.769,1968
Kyrgyz Republic,KGZ,Children 0-14,10.769,1969
Kyrgyz Republic,KGZ,Children 0-14,10.769,1970
Kyrgyz Republic,KGZ,Children 0-14,10.769,1971
Kyrgyz Republic,KGZ,Children 0-14,10.769,1972
Kyrgyz Republic,KGZ,Children 0-14,10.769,1973
Kyrgyz Republic,KGZ,Children 0-14,10.769,1974
Kyrgyz Republic,KGZ,Children 0-14,15.385,1975
Kyrgyz Republic,KGZ,Children 0-14,17.692,1976
Kyrgyz Republic,KGZ,Children 0-14,17.692,1977
Kyrgyz Republic,KGZ,Children 0-14,17.692,1978
Kyrgyz Republic,KGZ,Children 0-14,17.692,1979
Kyrgyz Republic,KGZ,Children 0-14,19.231,1980
Kyrgyz Republic,KGZ,Children 0-14,23.077,1981
Kyrgyz Republic,KGZ,Children 0-14,19.231,1982
Kyrgyz Republic,KGZ,Children 0-14,19.231,1983
Kyrgyz Republic,KGZ,Children 0-14,19.231,1984
Kyrgyz Republic,KGZ,Children 0-14,19.231,1985
Kyrgyz Republic,KGZ,Children 0-14,25.385,1986
Kyrgyz Republic,KGZ,Children 0-14,19.231,1987
Kyrgyz Republic,KGZ,Children 0-14,19.231,1988
Kyrgyz Republic,KGZ,Children 0-14,25.385,1989
Kyrgyz Republic,KGZ,Children 0-14,25.385,1990
Kyrgyz Republic,KGZ,Children 0-14,22.308,1991
Kyrgyz Republic,KGZ,Children 0-14,26.923,1992
Kyrgyz Republic,KGZ,Children 0-14,26.923,1993
Kyrgyz Republic,KGZ,Children 0-14,26.923,1994
Kyrgyz Republic,KGZ,Children 0-14,29.231,1995
Kyrgyz Republic,KGZ,Children 0-14,33.846,1996
Kyrgyz Republic,KGZ,Children 0-14,33.846,1997
Kyrgyz Republic,KGZ,Children 0-14,27.692,1998
Kyrgyz Republic,KGZ,Children 0-14,44.615,1999
Kyrgyz Republic,KGZ,Children 0-14,53.846,2000
Kyrgyz Republic,KGZ,Children 0-14,42.308,2001
Kyrgyz Republic,KGZ,Children 0-14,42.308,2002
Kyrgyz Republic,KGZ,Children 0-14,42.308,2003
Kyrgyz Republic,KGZ,Children 0-14,44.615,2004
Kyrgyz Republic,KGZ,Children 0-14,44.615,2005
Kyrgyz Republic,KGZ,Children 0-14,56.923,2006
Kyrgyz Republic,KGZ,Children 0-14,46.923,2007
Kyrgyz Republic,KGZ,Children 0-14,44.615,2008
Kyrgyz Republic,KGZ,Children 0-14,54.615,2009
Kyrgyz Republic,KGZ,Children 0-14,63.077,2010
Kyrgyz Republic,KGZ,Children 0-14,44.615,2011
Kyrgyz Republic,KGZ,Children 0-14,63.846,2012
Kyrgyz Republic,KGZ,Children 0-14,41.538,2013
Kyrgyz Republic,KGZ,Children 0-14,62.308,2014
Kyrgyz Republic,KGZ,Children 0-14,60.000,2015
Kyrgyz Republic,KGZ,Children 0-14,46.154,2016
Kyrgyz Republic,KGZ,Children 0-14,50.769,2017
Kyrgyz Republic,KGZ,Children 0-14,62.308,2018
Kyrgyz Republic,KGZ,Children 0-14,47.692,2019
Kyrgyz Republic,KGZ,Children 0-14,38.462,2020
Kyrgyz Republic,KGZ,Children 0-14,40.769,2021
Kyrgyz Republic,KGZ,Children 0-14,30.769,2022
Kyrgyz Republic,KGZ,Children 0-14,16.923,2023
Kyrgyz Republic,KGZ,Education,0.000,1960
Kyrgyz Republic,KGZ,Education,0.000,1961
Kyrgyz Republic,KGZ,Education,0.000,1962
Kyrgyz Republic,KGZ,Education,0.000,1963
Kyrgyz Republic,KGZ,Education,0.000,1964
Kyrgyz Republic,KGZ,Education,0.000,1965
Kyrgyz Republic,KGZ,Education,0.000,1966
Kyrgyz Republic,KGZ,Education,0.000,1967
Kyrgyz Republic,KGZ,Education,0.000,1968
Kyrgyz Republic,KGZ,Education,0.000,1969
Kyrgyz Republic,KGZ,Education,0.000,1970
Kyrgyz Republic,KGZ,Education,0.000,1971
Kyrgyz Republic,KGZ,Education,0.000,1972
Kyrgyz Republic,KGZ,Education,0.000,1973
Kyrgyz Republic,KGZ,Education,0.000,1974
Kyrgyz Republic,KGZ,Education,0.000,1975
Kyrgyz Republic,KGZ,Education,0.000,1976
Kyrgyz Republic,KGZ,Education,0.000,1977
Kyrgyz Republic,KGZ,Education,0.000,1978
Kyrgyz Republic,KGZ,Education,0.000,1979
Kyrgyz Republic,KGZ,Education,0.000,1980
Kyrgyz Republic,KGZ,Education,10.429,1981
Kyrgyz Republic,KGZ,Education,0.000,1982
Kyrgyz Republic,KGZ,Education,0.000,1983
Kyrgyz Republic,KGZ,Education,0.000,1984
Kyrgyz Republic,KGZ,Education,0.000,1985
Kyrgyz Republic,KGZ,Education,13.497,1986
Kyrgyz Republic,KGZ,Education,0.000,1987
Kyrgyz Republic,KGZ,Education,0.613,1988
Kyrgyz Republic,KGZ,Education,12.883,1989
Kyrgyz Republic,KGZ,Education,12.883,1990
Kyrgyz Republic,KGZ,Education,10.429,1991
Kyrgyz Republic,KGZ,Education,13.497,1992
Kyrgyz Republic,KGZ,Education,10.429,1993
Kyrgyz Republic,KGZ,Education,11.043,1994
Kyrgyz Republic,KGZ,Education,12.883,1995
Kyrgyz Republic,KGZ,Education,15.337,1996
Kyrgyz Republic,KGZ,Education,6.135,1997
Kyrgyz Republic,KGZ,Education,6.748,1998
Kyrgyz Republic,KGZ,Education,57.055,1999
Kyrgyz Republic,KGZ,Education,33.129,2000
Kyrgyz Republic,KGZ,Education,44.785,2001
Kyrgyz Republic,KGZ,Education,44.172,2002
Kyrgyz Republic,KGZ,Education,44.172,2003
Kyrgyz Republic,KGZ,Education,49.080,2004
Kyrgyz Republic,KGZ,Education,49.080,2005
Kyrgyz Republic,KGZ,Education,47.239,2006
Kyrgyz Republic,KGZ,Education,49.080,2007
Kyrgyz Republic,KGZ,Education,38.037,2008
Kyrgyz Republic,KGZ,Education,72.393,2009
Kyrgyz Republic,KGZ,Education,49.693,2010
Kyrgyz Republic,KGZ,Education,50.920,2011
Kyrgyz Republic,KGZ,Education,50.307,2012
Kyrgyz Republic,KGZ,Education,44.785,2013
Kyrgyz Republic,KGZ,Education,63.804,2014
Kyrgyz Republic,KGZ,Education,66.258,2015
Kyrgyz Republic,KGZ,Education,66.258,2016
Kyrgyz Republic,KGZ,Education,77.301,2017
Kyrgyz Republic,KGZ,Education,76.074,2018
Kyrgyz Republic,KGZ,Education,31.288,2019
Kyrgyz Republic,KGZ,Education,35.583,2020
Kyrgyz Republic,KGZ,Education,24.540,2021
Kyrgyz Republic,KGZ,Education,20.859,2022
Kyrgyz Republic,KGZ,Education,16.564,2023
Kyrgyz Republic,KGZ,Employment and Time Use,0.000,1960
Kyrgyz Republic,KGZ,Employment and Time Use,0.000,1961
Kyrgyz Republic,KGZ,Employment and Time Use,0.000,1962
Kyrgyz Republic,KGZ,Employment and Time Use,0.000,1963
Kyrgyz Republic,KGZ,Employment and Time Use,0.000,1964
Kyrgyz Republic,KGZ,Employment and Time Use,0.000,1965
Kyrgyz Republic,KGZ,Employment and Time Use,0.000,1966
Kyrgyz Republic,KGZ,Employment and Time Use,0.000,1967
Kyrgyz Republic,KGZ,Employment and Time Use,0.000,1968
Kyrgyz Republic,KGZ,Employment and Time Use,0.000,1969
Kyrgyz Republic,KGZ,Employment and Time Use,21.168,1970
Kyrgyz Republic,KGZ,Employment and Time Use,21.168,1971
Kyrgyz Republic,KGZ,Employment and Time Use,21.168,1972
Kyrgyz Republic,KGZ,Employment and Time Use,21.168,1973
Kyrgyz Republic,KGZ,Employment and Time Use,21.168,1974
Kyrgyz Republic,KGZ,Employment and Time Use,21.168,1975
Kyrgyz Republic,KGZ,Employment and Time Use,21.168,1976
Kyrgyz Republic,KGZ,Employment and Time Use,21.168,1977
Kyrgyz Republic,KGZ,Employment and Time Use,21.168,1978
Kyrgyz Republic,KGZ,Employment and Time Use,21.168,1979
Kyrgyz Republic,KGZ,Employment and Time Use,21.168,1980
Kyrgyz Republic,KGZ,Employment and Time Use,21.168,1981
Kyrgyz Republic,KGZ,Employment and Time Use,21.168,1982
Kyrgyz Republic,KGZ,Employment and Time Use,21.168,1983
Kyrgyz Republic,KGZ,Employment and Time Use,21.168,1984
Kyrgyz Republic,KGZ,Employment and Time Use,21.168,1985
Kyrgyz Republic,KGZ,Employment and Time Use,21.168,1986
Kyrgyz Republic,KGZ,Employment and Time Use,21.168,1987
Kyrgyz Republic,KGZ,Employment and Time Use,21.168,1988
Kyrgyz Republic,KGZ,Employment and Time Use,26.277,1989
Kyrgyz Republic,KGZ,Employment and Time Use,31.387,1990
Kyrgyz Republic,KGZ,Employment and Time Use,56.204,1991
Kyrgyz Republic,KGZ,Employment and Time Use,56.204,1992
Kyrgyz Republic,KGZ,Employment and Time Use,56.204,1993
Kyrgyz Republic,KGZ,Employment and Time Use,56.204,1994
Kyrgyz Republic,KGZ,Employment and Time Use,56.204,1995
Kyrgyz Republic,KGZ,Employment and Time Use,56.204,1996
Kyrgyz Republic,KGZ,Employment and Time Use,56.204,1997
Kyrgyz Republic,KGZ,Employment and Time Use,58.394,1998
Kyrgyz Republic,KGZ,Employment and Time Use,56.204,1999
Kyrgyz Republic,KGZ,Employment and Time Use,58.394,2000
Kyrgyz Republic,KGZ,Employment and Time Use,56.934,2001
Kyrgyz Republic,KGZ,Employment and Time Use,68.613,2002
Kyrgyz Republic,KGZ,Employment and Time Use,56.934,2003
Kyrgyz Republic,KGZ,Employment and Time Use,72.993,2004
Kyrgyz Republic,KGZ,Employment and Time Use,69.343,2005
Kyrgyz Republic,KGZ,Employment and Time Use,75.182,2006
Kyrgyz Republic,KGZ,Employment and Time Use,59.124,2007
Kyrgyz Republic,KGZ,Employment and Time Use,59.124,2008
Kyrgyz Republic,KGZ,Employment and Time Use,72.993,2009
Kyrgyz Republic,KGZ,Employment and Time Use,78.832,2010
Kyrgyz Republic,KGZ,Employment and Time Use,90.511,2011
Kyrgyz Republic,KGZ,Employment and Time Use,90.511,2012
Kyrgyz Republic,KGZ,Employment and Time Use,90.511,2013
Kyrgyz Republic,KGZ,Employment and Time Use,92.701,2014
Kyrgyz Republic,KGZ,Employment and Time Use,91.971,2015
Kyrgyz Republic,KGZ,Employment and Time Use,90.511,2016
Kyrgyz Republic,KGZ,Employment and Time Use,90.511,2017
Kyrgyz Republic,KGZ,Employment and Time Use,91.971,2018
Kyrgyz Republic,KGZ,Employment and Time Use,77.372,2019
Kyrgyz Republic,KGZ,Employment and Time Use,77.372,2020
Kyrgyz Republic,KGZ,Employment and Time Use,77.372,2021
Kyrgyz Republic,KGZ,Employment and Time Use,77.372,2022
Kyrgyz Republic,KGZ,Employment and Time Use,59.124,2023
Kyrgyz Republic,KGZ,Entrepreneurship,0.000,1960
Kyrgyz Republic,KGZ,Entrepreneurship,0.000,1961
Kyrgyz Republic,KGZ,Entrepreneurship,0.000,1962
Kyrgyz Republic,KGZ,Entrepreneurship,0.000,1963
Kyrgyz Republic,KGZ,Entrepreneurship,0.000,1964
Kyrgyz Republic,KGZ,Entrepreneurship,0.000,1965
Kyrgyz Republic,KGZ,Entrepreneurship,0.000,1966
Kyrgyz Republic,KGZ,Entrepreneurship,0.000,1967
Kyrgyz Republic,KGZ,Entrepreneurship,0.000,1968
Kyrgyz Republic,KGZ,Entrepreneurship,0.000,1969
Kyrgyz Republic,KGZ,Entrepreneurship,9.375,1970
Kyrgyz Republic,KGZ,Entrepreneurship,9.375,1971
Kyrgyz Republic,KGZ,Entrepreneurship,9.375,1972
Kyrgyz Republic,KGZ,Entrepreneurship,9.375,1973
Kyrgyz Republic,KGZ,Entrepreneurship,9.375,1974
Kyrgyz Republic,KGZ,Entrepreneurship,9.375,1975
Kyrgyz Republic,KGZ,Entrepreneurship,9.375,1976
Kyrgyz Republic,KGZ,Entrepreneurship,9.375,1977
Kyrgyz Republic,KGZ,Entrepreneurship,9.375,1978
Kyrgyz Republic,KGZ,Entrepreneurship,9.375,1979
Kyrgyz Republic,KGZ,Entrepreneurship,9.375,1980
Kyrgyz Republic,KGZ,Entrepreneurship,9.375,1981
Kyrgyz Republic,KGZ,Entrepreneurship,9.375,1982
Kyrgyz Republic,KGZ,Entrepreneurship,9.375,1983
Kyrgyz Republic,KGZ,Entrepreneurship,9.375,1984
Kyrgyz Republic,KGZ,Entrepreneurship,9.375,1985
Kyrgyz Republic,KGZ,Entrepreneurship,9.375,1986
Kyrgyz Republic,KGZ,Entrepreneurship,9.375,1987
Kyrgyz Republic,KGZ,Entrepreneurship,9.375,1988
Kyrgyz Republic,KGZ,Entrepreneurship,9.375,1989
Kyrgyz Republic,KGZ,Entrepreneurship,9.375,1990
Kyrgyz Republic,KGZ,Entrepreneurship,9.375,1991
Kyrgyz Republic,KGZ,Entrepreneurship,9.375,1992
Kyrgyz Republic,KGZ,Entrepreneurship,9.375,1993
Kyrgyz Republic,KGZ,Entrepreneurship,9.375,1994
Kyrgyz Republic,KGZ,Entrepreneurship,9.375,1995
Kyrgyz Republic,KGZ,Entrepreneurship,9.375,1996
Kyrgyz Republic,KGZ,Entrepreneurship,9.375,1997
Kyrgyz Republic,KGZ,Entrepreneurship,9.375,1998
Kyrgyz Republic,KGZ,Entrepreneurship,9.375,1999
Kyrgyz Republic,KGZ,Entrepreneurship,9.375,2000
Kyrgyz Republic,KGZ,Entrepreneurship,9.375,2001
Kyrgyz Republic,KGZ,Entrepreneurship,9.375,2002
Kyrgyz Republic,KGZ,Entrepreneurship,37.500,2003
Kyrgyz Republic,KGZ,Entrepreneurship,37.500,2004
Kyrgyz Republic,KGZ,Entrepreneurship,40.625,2005
Kyrgyz Republic,KGZ,Entrepreneurship,37.500,2006
Kyrgyz Republic,KGZ,Entrepreneurship,37.500,2007
Kyrgyz Republic,KGZ,Entrepreneurship,37.500,2008
Kyrgyz Republic,KGZ,Entrepreneurship,43.750,2009
Kyrgyz Republic,KGZ,Entrepreneurship,37.500,2010
Kyrgyz Republic,KGZ,Entrepreneurship,37.500,2011
Kyrgyz Republic,KGZ,Entrepreneurship,37.500,2012
Kyrgyz Republic,KGZ,Entrepreneurship,43.750,2013
Kyrgyz Republic,KGZ,Entrepreneurship,56.250,2014
Kyrgyz Republic,KGZ,Entrepreneurship,37.500,2015
Kyrgyz Republic,KGZ,Entrepreneurship,37.500,2016
Kyrgyz Republic,KGZ,Entrepreneurship,68.750,2017
Kyrgyz Republic,KGZ,Entrepreneurship,50.000,2018
Kyrgyz Republic,KGZ,Entrepreneurship,56.250,2019
Kyrgyz Republic,KGZ,Entrepreneurship,21.875,2020
Kyrgyz Republic,KGZ,Entrepreneurship,21.875,2021
Kyrgyz Republic,KGZ,Entrepreneurship,21.875,2022
Kyrgyz Republic,KGZ,Entrepreneurship,15.625,2023
Kyrgyz Republic,KGZ,Environment,0.000,1960
Kyrgyz Republic,KGZ,Environment,0.000,1961
Kyrgyz Republic,KGZ,Environment,0.000,1962
Kyrgyz Republic,KGZ,Environment,0.000,1963
Kyrgyz Republic,KGZ,Environment,0.000,1964
Kyrgyz Republic,KGZ,Environment,0.000,1965
Kyrgyz Republic,KGZ,Environment,0.000,1966
Kyrgyz Republic,KGZ,Environment,0.000,1967
Kyrgyz Republic,KGZ,Environment,0.000,1968
Kyrgyz Republic,KGZ,Environment,0.000,1969
Kyrgyz Republic,KGZ,Environment,0.000,1970
Kyrgyz Republic,KGZ,Environment,0.000,1971
Kyrgyz Republic,KGZ,Environment,0.000,1972
Kyrgyz Republic,KGZ,Environment,0.000,1973
Kyrgyz Republic,KGZ,Environment,0.000,1974
Kyrgyz Republic,KGZ,Environment,0.000,1975
Kyrgyz Republic,KGZ,Environment,0.000,1976
Kyrgyz Republic,KGZ,Environment,0.000,1977
Kyrgyz Republic,KGZ,Environment,0.000,1978
Kyrgyz Republic,KGZ,Environment,0.000,1979
Kyrgyz Republic,KGZ,Environment,0.000,1980
Kyrgyz Republic,KGZ,Environment,0.000,1981
Kyrgyz Republic,KGZ,Environment,0.000,1982
Kyrgyz Republic,KGZ,Environment,0.000,1983
Kyrgyz Republic,KGZ,Environment,0.000,1984
Kyrgyz Republic,KGZ,Environment,0.000,1985
Kyrgyz Republic,KGZ,Environment,0.000,1986
Kyrgyz Republic,KGZ,Environment,0.000,1987
Kyrgyz Republic,KGZ,Environment,0.000,1988
Kyrgyz Republic,KGZ,Environment,0.000,1989
Kyrgyz Republic,KGZ,Environment,0.000,1990
Kyrgyz Republic,KGZ,Environment,0.000,1991
Kyrgyz Republic,KGZ,Environment,0.000,1992
Kyrgyz Republic,KGZ,Environment,0.000,1993
Kyrgyz Republic,KGZ,Environment,0.000,1994
Kyrgyz Republic,KGZ,Environment,0.000,1995
Kyrgyz Republic,KGZ,Environment,0.000,1996
Kyrgyz Republic,KGZ,Environment,10.000,1997
Kyrgyz Republic,KGZ,Environment,0.000,1998
Kyrgyz Republic,KGZ,Environment,3.333,1999
Kyrgyz Republic,KGZ,Environment,10.000,2000
Kyrgyz Republic,KGZ,Environment,13.333,2001
Kyrgyz Republic,KGZ,Environment,13.333,2002
Kyrgyz Republic,KGZ,Environment,13.333,2003
Kyrgyz Republic,KGZ,Environment,13.333,2004
Kyrgyz Republic,KGZ,Environment,13.333,2005
Kyrgyz Republic,KGZ,Environment,13.333,2006
Kyrgyz Republic,KGZ,Environment,13.333,2007
Kyrgyz Republic,KGZ,Environment,13.333,2008
Kyrgyz Republic,KGZ,Environment,13.333,2009
Kyrgyz Republic,KGZ,Environment,13.333,2010
Kyrgyz Republic,KGZ,Environment,13.333,2011
Kyrgyz Republic,KGZ,Environment,60.000,2012
Kyrgyz Republic,KGZ,Environment,13.333,2013
Kyrgyz Republic,KGZ,Environment,20.000,2014
Kyrgyz Republic,KGZ,Environment,13.333,2015
Kyrgyz Republic,KGZ,Environment,13.333,2016
Kyrgyz Republic,KGZ,Environment,23.333,2017
Kyrgyz Republic,KGZ,Environment,23.333,2018
Kyrgyz Republic,KGZ,Environment,30.000,2019
Kyrgyz Republic,KGZ,Environment,10.000,2020
Kyrgyz Republic,KGZ,Environment,20.000,2021
Kyrgyz Republic,KGZ,Environment,10.000,2022
Kyrgyz Republic,KGZ,Environment,0.000,2023
Kyrgyz Republic,KGZ,Health,3.030,1960
Kyrgyz Republic,KGZ,Health,3.030,1961
Kyrgyz Republic,KGZ,Health,3.030,1962
Kyrgyz Republic,KGZ,Health,3.030,1963
Kyrgyz Republic,KGZ,Health,3.030,1964
Kyrgyz Republic,KGZ,Health,3.030,1965
Kyrgyz Republic,KGZ,Health,3.030,1966
Kyrgyz Republic,KGZ,Health,3.030,1967
Kyrgyz Republic,KGZ,Health,3.030,1968
Kyrgyz Republic,KGZ,Health,3.030,1969
Kyrgyz Republic,KGZ,Health,3.030,1970
Kyrgyz Republic,KGZ,Health,3.030,1971
Kyrgyz Republic,KGZ,Health,3.030,1972
Kyrgyz Republic,KGZ,Health,3.030,1973
Kyrgyz Republic,KGZ,Health,3.030,1974
Kyrgyz Republic,KGZ,Health,8.586,1975
Kyrgyz Republic,KGZ,Health,10.101,1976
Kyrgyz Republic,KGZ,Health,10.101,1977
Kyrgyz Republic,KGZ,Health,10.101,1978
Kyrgyz Republic,KGZ,Health,10.101,1979
Kyrgyz Republic,KGZ,Health,11.111,1980
Kyrgyz Republic,KGZ,Health,11.111,1981
Kyrgyz Republic,KGZ,Health,11.111,1982
Kyrgyz Republic,KGZ,Health,11.111,1983
Kyrgyz Republic,KGZ,Health,11.111,1984
Kyrgyz Republic,KGZ,Health,11.616,1985
Kyrgyz Republic,KGZ,Health,11.616,1986
Kyrgyz Republic,KGZ,Health,11.616,1987
Kyrgyz Republic,KGZ,Health,11.616,1988
Kyrgyz Republic,KGZ,Health,12.121,1989
Kyrgyz Republic,KGZ,Health,16.162,1990
Kyrgyz Republic,KGZ,Health,16.162,1991
Kyrgyz Republic,KGZ,Health,17.172,1992
Kyrgyz Republic,KGZ,Health,17.172,1993
Kyrgyz Republic,KGZ,Health,17.172,1994
Kyrgyz Republic,KGZ,Health,17.172,1995
Kyrgyz Republic,KGZ,Health,17.172,1996
Kyrgyz Republic,KGZ,Health,28.283,1997
Kyrgyz Republic,KGZ,Health,17.172,1998
Kyrgyz Republic,KGZ,Health,17.677,1999
Kyrgyz Republic,KGZ,Health,57.071,2000
Kyrgyz Republic,KGZ,Health,32.828,2001
Kyrgyz Republic,KGZ,Health,32.828,2002
Kyrgyz Republic,KGZ,Health,32.828,2003
Kyrgyz Republic,KGZ,Health,32.828,2004
Kyrgyz Republic,KGZ,Health,34.343,2005
Kyrgyz Republic,KGZ,Health,42.929,2006
Kyrgyz Republic,KGZ,Health,32.828,2007
Kyrgyz Republic,KGZ,Health,32.828,2008
Kyrgyz Republic,KGZ,Health,36.364,2009
Kyrgyz Republic,KGZ,Health,61.616,2010
Kyrgyz Republic,KGZ,Health,33.333,2011
Kyrgyz Republic,KGZ,Health,58.586,2012
Kyrgyz Republic,KGZ,Health,33.333,2013
Kyrgyz Republic,KGZ,Health,45.455,2014
Kyrgyz Republic,KGZ,Health,57.071,2015
Kyrgyz Republic,KGZ,Health,32.828,2016
Kyrgyz Republic,KGZ,Health,35.859,2017
Kyrgyz Republic,KGZ,Health,52.020,2018
Kyrgyz Republic,KGZ,Health,57.071,2019
Kyrgyz Republic,KGZ,Health,28.788,2020
Kyrgyz Republic,KGZ,Health,24.242,2021
Kyrgyz Republic,KGZ,Health,17.172,2022
Kyrgyz Republic,KGZ,Health,1.010,2023
Kyrgyz Republic,KGZ,Leadership,0.000,1960
Kyrgyz Republic,KGZ,Leadership,0.000,1961
Kyrgyz Republic,KGZ,Leadership,0.000,1962
Kyrgyz Republic,KGZ,Leadership,0.000,1963
Kyrgyz Republic,KGZ,Leadership,0.000,1964
Kyrgyz Republic,KGZ,Leadership,0.000,1965
Kyrgyz Republic,KGZ,Leadership,0.000,1966
Kyrgyz Republic,KGZ,Leadership,0.000,1967
Kyrgyz Republic,KGZ,Leadership,0.000,1968
Kyrgyz Republic,KGZ,Leadership,0.000,1969
Kyrgyz Republic,KGZ,Leadership,0.000,1970
Kyrgyz Republic,KGZ,Leadership,0.000,1971
Kyrgyz Republic,KGZ,Leadership,0.000,1972
Kyrgyz Republic,KGZ,Leadership,0.000,1973
Kyrgyz Republic,KGZ,Leadership,0.000,1974
Kyrgyz Republic,KGZ,Leadership,0.000,1975
Kyrgyz Republic,KGZ,Leadership,0.000,1976
Kyrgyz Republic,KGZ,Leadership,0.000,1977
Kyrgyz Republic,KGZ,Leadership,0.000,1978
Kyrgyz Republic,KGZ,Leadership,0.000,1979
Kyrgyz Republic,KGZ,Leadership,0.000,1980
Kyrgyz Republic,KGZ,Leadership,0.000,1981
Kyrgyz Republic,KGZ,Leadership,0.000,1982
Kyrgyz Republic,KGZ,Leadership,0.000,1983
Kyrgyz Republic,KGZ,Leadership,0.000,1984
Kyrgyz Republic,KGZ,Leadership,0.000,1985
Kyrgyz Republic,KGZ,Leadership,0.000,1986
Kyrgyz Republic,KGZ,Leadership,0.000,1987
Kyrgyz Republic,KGZ,Leadership,0.000,1988
Kyrgyz Republic,KGZ,Leadership,0.000,1989
Kyrgyz Republic,KGZ,Leadership,0.000,1990
Kyrgyz Republic,KGZ,Leadership,0.000,1991
Kyrgyz Republic,KGZ,Leadership,0.000,1992
Kyrgyz Republic,KGZ,Leadership,0.000,1993
Kyrgyz Republic,KGZ,Leadership,0.000,1994
Kyrgyz Republic,KGZ,Leadership,0.000,1995
Kyrgyz Republic,KGZ,Leadership,0.000,1996
Kyrgyz Republic,KGZ,Leadership,25.000,1997
Kyrgyz Republic,KGZ,Leadership,25.000,1998
Kyrgyz Republic,KGZ,Leadership,25.000,1999
Kyrgyz Republic,KGZ,Leadership,25.000,2000
Kyrgyz Republic,KGZ,Leadership,25.000,2001
Kyrgyz Republic,KGZ,Leadership,25.000,2002
Kyrgyz Republic,KGZ,Leadership,25.000,2003
Kyrgyz Republic,KGZ,Leadership,25.000,2004
Kyrgyz Republic,KGZ,Leadership,50.000,2005
Kyrgyz Republic,KGZ,Leadership,25.000,2006
Kyrgyz Republic,KGZ,Leadership,25.000,2007
Kyrgyz Republic,KGZ,Leadership,50.000,2008
Kyrgyz Republic,KGZ,Leadership,50.000,2009
Kyrgyz Republic,KGZ,Leadership,75.000,2010
Kyrgyz Republic,KGZ,Leadership,50.000,2011
Kyrgyz Republic,KGZ,Leadership,75.000,2012
Kyrgyz Republic,KGZ,Leadership,75.000,2013
Kyrgyz Republic,KGZ,Leadership,75.000,2014
Kyrgyz Republic,KGZ,Leadership,75.000,2015
Kyrgyz Republic,KGZ,Leadership,75.000,2016
Kyrgyz Republic,KGZ,Leadership,50.000,2017
Kyrgyz Republic,KGZ,Leadership,75.000,2018
Kyrgyz Republic,KGZ,Leadership,100.000,2019
Kyrgyz Republic,KGZ,Leadership,75.000,2020
Kyrgyz Republic,KGZ,Leadership,50.000,2021
Kyrgyz Republic,KGZ,Leadership,75.000,2022
Kyrgyz Republic,KGZ,Leadership,50.000,2023
Kyrgyz Republic,KGZ,Norms and Decision-making,0.000,1960
Kyrgyz Republic,KGZ,Norms and Decision-making,0.000,1961
Kyrgyz Republic,KGZ,Norms and Decision-making,0.000,1962
Kyrgyz Republic,KGZ,Norms and Decision-making,0.000,1963
Kyrgyz Republic,KGZ,Norms and Decision-making,0.000,1964
Kyrgyz Republic,KGZ,Norms and Decision-making,0.000,1965
Kyrgyz Republic,KGZ,Norms and Decision-making,0.000,1966
Kyrgyz Republic,KGZ,Norms and Decision-making,0.000,1967
Kyrgyz Republic,KGZ,Norms and Decision-making,0.000,1968
Kyrgyz Republic,KGZ,Norms and Decision-making,0.000,1969
Kyrgyz Republic,KGZ,Norms and Decision-making,12.593,1970
Kyrgyz Republic,KGZ,Norms and Decision-making,12.593,1971
Kyrgyz Republic,KGZ,Norms and Decision-making,12.593,1972
Kyrgyz Republic,KGZ,Norms and Decision-making,12.593,1973
Kyrgyz Republic,KGZ,Norms and Decision-making,12.593,1974
Kyrgyz Republic,KGZ,Norms and Decision-making,12.593,1975
Kyrgyz Republic,KGZ,Norms and Decision-making,12.593,1976
Kyrgyz Republic,KGZ,Norms and Decision-making,12.593,1977
Kyrgyz Republic,KGZ,Norms and Decision-making,12.593,1978
Kyrgyz Republic,KGZ,Norms and Decision-making,14.074,1979
Kyrgyz Republic,KGZ,Norms and Decision-making,12.593,1980
Kyrgyz Republic,KGZ,Norms and Decision-making,12.593,1981
Kyrgyz Republic,KGZ,Norms and Decision-making,12.593,1982
Kyrgyz Republic,KGZ,Norms and Decision-making,12.593,1983
Kyrgyz Republic,KGZ,Norms and Decision-making,12.593,1984
Kyrgyz Republic,KGZ,Norms and Decision-making,12.593,1985
Kyrgyz Republic,KGZ,Norms and Decision-making,12.593,1986
Kyrgyz Republic,KGZ,Norms and Decision-making,12.593,1987
Kyrgyz Republic,KGZ,Norms and Decision-making,12.593,1988
Kyrgyz Republic,KGZ,Norms and Decision-making,14.074,1989
Kyrgyz Republic,KGZ,Norms and Decision-making,12.593,1990
Kyrgyz Republic,KGZ,Norms and Decision-making,12.593,1991
Kyrgyz Republic,KGZ,Norms and Decision-making,12.593,1992
Kyrgyz Republic,KGZ,Norms and Decision-making,12.593,1993
Kyrgyz Republic,KGZ,Norms and Decision-making,12.593,1994
Kyrgyz Republic,KGZ,Norms and Decision-making,12.593,1995
Kyrgyz Republic,KGZ,Norms and Decision-making,12.593,1996
Kyrgyz Republic,KGZ,Norms and Decision-making,17.778,1997
Kyrgyz Republic,KGZ,Norms and Decision-making,12.593,1998
Kyrgyz Republic,KGZ,Norms and Decision-making,14.074,1999
Kyrgyz Republic,KGZ,Norms and Decision-making,12.593,2000
Kyrgyz Republic,KGZ,Norms and Decision-making,12.593,2001
Kyrgyz Republic,KGZ,Norms and Decision-making,12.593,2002
Kyrgyz Republic,KGZ,Norms and Decision-making,12.593,2003
Kyrgyz Republic,KGZ,Norms and Decision-making,12.593,2004
Kyrgyz Republic,KGZ,Norms and Decision-making,12.593,2005
Kyrgyz Republic,KGZ,Norms and Decision-making,14.815,2006
Kyrgyz Republic,KGZ,Norms and Decision-making,12.593,2007
Kyrgyz Republic,KGZ,Norms and Decision-making,12.593,2008
Kyrgyz Republic,KGZ,Norms and Decision-making,14.074,2009
Kyrgyz Republic,KGZ,Norms and Decision-making,12.593,2010
Kyrgyz Republic,KGZ,Norms and Decision-making,12.593,2011
Kyrgyz Republic,KGZ,Norms and Decision-making,73.333,2012
Kyrgyz Republic,KGZ,Norms and Decision-making,12.593,2013
Kyrgyz Republic,KGZ,Norms and Decision-making,14.074,2014
Kyrgyz Republic,KGZ,Norms and Decision-making,12.593,2015
Kyrgyz Republic,KGZ,Norms and Decision-making,12.593,2016
Kyrgyz Republic,KGZ,Norms and Decision-making,12.593,2017
Kyrgyz Republic,KGZ,Norms and Decision-making,15.556,2018
Kyrgyz Republic,KGZ,Norms and Decision-making,12.593,2019
Kyrgyz Republic,KGZ,Norms and Decision-making,12.593,2020
Kyrgyz Republic,KGZ,Norms and Decision-making,12.593,2021
Kyrgyz Republic,KGZ,Norms and Decision-making,12.593,2022
Kyrgyz Republic,KGZ,Norms and Decision-making,12.593,2023
Kyrgyz Republic,KGZ,Population,86.905,1960
Kyrgyz Republic,KGZ,Population,86.905,1961
Kyrgyz Republic,KGZ,Population,86.905,1962
Kyrgyz Republic,KGZ,Population,86.905,1963
Kyrgyz Republic,KGZ,Population,86.905,1964
Kyrgyz Republic,KGZ,Population,86.905,1965
Kyrgyz Republic,KGZ,Population,86.905,1966
Kyrgyz Republic,KGZ,Population,86.905,1967
Kyrgyz Republic,KGZ,Population,86.905,1968
Kyrgyz Republic,KGZ,Population,86.905,1969
Kyrgyz Republic,KGZ,Population,86.905,1970
Kyrgyz Republic,KGZ,Population,86.905,1971
Kyrgyz Republic,KGZ,Population,86.905,1972
Kyrgyz Republic,KGZ,Population,86.905,1973
Kyrgyz Republic,KGZ,Population,86.905,1974
Kyrgyz Republic,KGZ,Population,86.905,1975
Kyrgyz Republic,KGZ,Population,86.905,1976
Kyrgyz Republic,KGZ,Population,86.905,1977
Kyrgyz Republic,KGZ,Population,86.905,1978
Kyrgyz Republic,KGZ,Population,89.286,1979
Kyrgyz Republic,KGZ,Population,91.667,1980
Kyrgyz Republic,KGZ,Population,86.905,1981
Kyrgyz Republic,KGZ,Population,86.905,1982
Kyrgyz Republic,KGZ,Population,86.905,1983
Kyrgyz Republic,KGZ,Population,86.905,1984
Kyrgyz Republic,KGZ,Population,91.667,1985
Kyrgyz Republic,KGZ,Population,86.905,1986
Kyrgyz Republic,KGZ,Population,86.905,1987
Kyrgyz Republic,KGZ,Population,86.905,1988
Kyrgyz Republic,KGZ,Population,89.286,1989
Kyrgyz Republic,KGZ,Population,92.857,1990
Kyrgyz Republic,KGZ,Population,86.905,1991
Kyrgyz Republic,KGZ,Population,86.905,1992
Kyrgyz Republic,KGZ,Population,86.905,1993
Kyrgyz Republic,KGZ,Population,86.905,1994
Kyrgyz Republic,KGZ,Population,92.857,1995
Kyrgyz Republic,KGZ,Population,86.905,1996
Kyrgyz Republic,KGZ,Population,89.286,1997
Kyrgyz Republic,KGZ,Population,86.905,1998
Kyrgyz Republic,KGZ,Population,89.286,1999
Kyrgyz Republic,KGZ,Population,92.857,2000
Kyrgyz Republic,KGZ,Population,86.905,2001
Kyrgyz Republic,KGZ,Population,86.905,2002
Kyrgyz Republic,KGZ,Population,86.905,2003
Kyrgyz Republic,KGZ,Population,86.905,2004
Kyrgyz Republic,KGZ,Population,92.857,2005
Kyrgyz Republic,KGZ,Population,89.286,2006
Kyrgyz Republic,KGZ,Population,86.905,2007
Kyrgyz Republic,KGZ,Population,86.905,2008
Kyrgyz Republic,KGZ,Population,89.286,2009
Kyrgyz Republic,KGZ,Population,92.857,2010
Kyrgyz Republic,KGZ,Population,86.905,2011
Kyrgyz Republic,KGZ,Population,94.048,2012
Kyrgyz Republic,KGZ,Population,86.905,2013
Kyrgyz Republic,KGZ,Population,89.286,2014
Kyrgyz Republic,KGZ,Population,92.857,2015
Kyrgyz Republic,KGZ,Population,86.905,2016
Kyrgyz Republic,KGZ,Population,86.905,2017
Kyrgyz Republic,KGZ,Population,90.476,2018
Kyrgyz Republic,KGZ,Population,86.905,2019
Kyrgyz Republic,KGZ,Population,88.095,2020
Kyrgyz Republic,KGZ,Population,86.905,2021
Kyrgyz Republic,KGZ,Population,86.905,2022
Kyrgyz Republic,KGZ,Population,77.381,2023
Kyrgyz Republic,KGZ,SDGs,0.671,1960
Kyrgyz Republic,KGZ,SDGs,0.671,1961
Kyrgyz Republic,KGZ,SDGs,0.671,1962
Kyrgyz Republic,KGZ,SDGs,0.671,1963
Kyrgyz Republic,KGZ,SDGs,0.671,1964
Kyrgyz Republic,KGZ,SDGs,0.671,1965
Kyrgyz Republic,KGZ,SDGs,0.671,1966
Kyrgyz Republic,KGZ,SDGs,0.671,1967
Kyrgyz Republic,KGZ,SDGs,0.671,1968
Kyrgyz Republic,KGZ,SDGs,0.671,1969
Kyrgyz Republic,KGZ,SDGs,9.396,1970
Kyrgyz Republic,KGZ,SDGs,9.396,1971
Kyrgyz Republic,KGZ,SDGs,9.396,1972
Kyrgyz Republic,KGZ,SDGs,9.396,1973
Kyrgyz Republic,KGZ,SDGs,9.396,1974
Kyrgyz Republic,KGZ,SDGs,11.409,1975
Kyrgyz Republic,KGZ,SDGs,11.409,1976
Kyrgyz Republic,KGZ,SDGs,11.409,1977
Kyrgyz Republic,KGZ,SDGs,11.409,1978
Kyrgyz Republic,KGZ,SDGs,11.409,1979
Kyrgyz Republic,KGZ,SDGs,11.409,1980
Kyrgyz Republic,KGZ,SDGs,11.409,1981
Kyrgyz Republic,KGZ,SDGs,11.409,1982
Kyrgyz Republic,KGZ,SDGs,11.409,1983
Kyrgyz Republic,KGZ,SDGs,11.409,1984
Kyrgyz Republic,KGZ,SDGs,12.081,1985
Kyrgyz Republic,KGZ,SDGs,12.081,1986
Kyrgyz Republic,KGZ,SDGs,12.081,1987
Kyrgyz Republic,KGZ,SDGs,12.081,1988
Kyrgyz Republic,KGZ,SDGs,12.752,1989
Kyrgyz Republic,KGZ,SDGs,16.779,1990
Kyrgyz Republic,KGZ,SDGs,20.805,1991
Kyrgyz Republic,KGZ,SDGs,21.477,1992
Kyrgyz Republic,KGZ,SDGs,21.477,1993
Kyrgyz Republic,KGZ,SDGs,21.477,1994
Kyrgyz Republic,KGZ,SDGs,21.477,1995
Kyrgyz Republic,KGZ,SDGs,21.477,1996
Kyrgyz Republic,KGZ,SDGs,24.161,1997
Kyrgyz Republic,KGZ,SDGs,22.148,1998
Kyrgyz Republic,KGZ,SDGs,22.148,1999
Kyrgyz Republic,KGZ,SDGs,69.128,2000
Kyrgyz Republic,KGZ,SDGs,35.570,2001
Kyrgyz Republic,KGZ,SDGs,38.926,2002
Kyrgyz Republic,KGZ,SDGs,35.570,2003
Kyrgyz Republic,KGZ,SDGs,38.926,2004
Kyrgyz Republic,KGZ,SDGs,42.282,2005
Kyrgyz Republic,KGZ,SDGs,38.926,2006
Kyrgyz Republic,KGZ,SDGs,35.570,2007
Kyrgyz Republic,KGZ,SDGs,36.913,2008
Kyrgyz Republic,KGZ,SDGs,38.926,2009
Kyrgyz Republic,KGZ,SDGs,72.483,2010
Kyrgyz Republic,KGZ,SDGs,40.940,2011
Kyrgyz Republic,KGZ,SDGs,42.282,2012
Kyrgyz Republic,KGZ,SDGs,38.926,2013
Kyrgyz Republic,KGZ,SDGs,41.611,2014
Kyrgyz Republic,KGZ,SDGs,71.812,2015
Kyrgyz Republic,KGZ,SDGs,38.255,2016
Kyrgyz Republic,KGZ,SDGs,39.597,2017
Kyrgyz Republic,KGZ,SDGs,42.953,2018
Kyrgyz Republic,KGZ,SDGs,73.826,2019
Kyrgyz Republic,KGZ,SDGs,32.215,2020
Kyrgyz Republic,KGZ,SDGs,28.859,2021
Kyrgyz Republic,KGZ,SDGs,26.846,2022
Kyrgyz Republic,KGZ,SDGs,14.094,2023
Kyrgyz Republic,KGZ,Technology,0.000,1960
Kyrgyz Republic,KGZ,Technology,0.000,1961
Kyrgyz Republic,KGZ,Technology,0.000,1962
Kyrgyz Republic,KGZ,Technology,0.000,1963
Kyrgyz Republic,KGZ,Technology,0.000,1964
Kyrgyz Republic,KGZ,Technology,0.000,1965
Kyrgyz Republic,KGZ,Technology,0.000,1966
Kyrgyz Republic,KGZ,Technology,0.000,1967
Kyrgyz Republic,KGZ,Technology,0.000,1968
Kyrgyz Republic,KGZ,Technology,0.000,1969
Kyrgyz Republic,KGZ,Technology,0.000,1970
Kyrgyz Republic,KGZ,Technology,0.000,1971
Kyrgyz Republic,KGZ,Technology,0.000,1972
Kyrgyz Republic,KGZ,Technology,0.000,1973
Kyrgyz Republic,KGZ,Technology,0.000,1974
Kyrgyz Republic,KGZ,Technology,0.000,1975
Kyrgyz Republic,KGZ,Technology,0.000,1976
Kyrgyz Republic,KGZ,Technology,0.000,1977
Kyrgyz Republic,KGZ,Technology,0.000,1978
Kyrgyz Republic,KGZ,Technology,0.000,1979
Kyrgyz Republic,KGZ,Technology,0.000,1980
Kyrgyz Republic,KGZ,Technology,0.000,1981
Kyrgyz Republic,KGZ,Technology,0.000,1982
Kyrgyz Republic,KGZ,Technology,0.000,1983
Kyrgyz Republic,KGZ,Technology,0.000,1984
Kyrgyz Republic,KGZ,Technology,0.000,1985
Kyrgyz Republic,KGZ,Technology,0.000,1986
Kyrgyz Republic,KGZ,Technology,0.000,1987
Kyrgyz Republic,KGZ,Technology,0.000,1988
Kyrgyz Republic,KGZ,Technology,0.000,1989
Kyrgyz Republic,KGZ,Technology,2.222,1990
Kyrgyz Republic,KGZ,Technology,2.222,1991
Kyrgyz Republic,KGZ,Technology,2.222,1992
Kyrgyz Republic,KGZ,Technology,2.222,1993
Kyrgyz Republic,KGZ,Technology,2.222,1994
Kyrgyz Republic,KGZ,Technology,2.222,1995
Kyrgyz Republic,KGZ,Technology,0.000,1996
Kyrgyz Republic,KGZ,Technology,0.000,1997
Kyrgyz Republic,KGZ,Technology,2.222,1998
Kyrgyz Republic,KGZ,Technology,8.889,1999
Kyrgyz Republic,KGZ,Technology,2.222,2000
Kyrgyz Republic,KGZ,Technology,8.889,2001
Kyrgyz Republic,KGZ,Technology,8.889,2002
Kyrgyz Republic,KGZ,Technology,8.889,2003
Kyrgyz Republic,KGZ,Technology,8.889,2004
Kyrgyz Republic,KGZ,Technology,8.889,2005
Kyrgyz Republic,KGZ,Technology,8.889,2006
Kyrgyz Republic,KGZ,Technology,8.889,2007
Kyrgyz Republic,KGZ,Technology,8.889,2008
Kyrgyz Republic,KGZ,Technology,8.889,2009
Kyrgyz Republic,KGZ,Technology,8.889,2010
Kyrgyz Republic,KGZ,Technology,15.556,2011
Kyrgyz Republic,KGZ,Technology,8.889,2012
Kyrgyz Republic,KGZ,Technology,4.444,2013
Kyrgyz Republic,KGZ,Technology,28.889,2014
Kyrgyz Republic,KGZ,Technology,8.889,2015
Kyrgyz Republic,KGZ,Technology,8.889,2016
Kyrgyz Republic,KGZ,Technology,62.222,2017
Kyrgyz Republic,KGZ,Technology,8.889,2018
Kyrgyz Republic,KGZ,Technology,2.222,2019
Kyrgyz Republic,KGZ,Technology,2.222,2020
Kyrgyz Republic,KGZ,Technology,82.222,2021
Kyrgyz Republic,KGZ,Technology,2.222,2022
Kyrgyz Republic,KGZ,Technology,0.000,2023
Kyrgyz Republic,KGZ,Violence,0.000,1960
Kyrgyz Republic,KGZ,Violence,0.000,1961
Kyrgyz Republic,KGZ,Violence,0.000,1962
Kyrgyz Republic,KGZ,Violence,0.000,1963
Kyrgyz Republic,KGZ,Violence,0.000,1964
Kyrgyz Republic,KGZ,Violence,0.000,1965
Kyrgyz Republic,KGZ,Violence,0.000,1966
Kyrgyz Republic,KGZ,Violence,0.000,1967
Kyrgyz Republic,KGZ,Violence,0.000,1968
Kyrgyz Republic,KGZ,Violence,0.000,1969
Kyrgyz Republic,KGZ,Violence,2.143,1970
Kyrgyz Republic,KGZ,Violence,2.143,1971
Kyrgyz Republic,KGZ,Violence,2.143,1972
Kyrgyz Republic,KGZ,Violence,2.143,1973
Kyrgyz Republic,KGZ,Violence,2.143,1974
Kyrgyz Republic,KGZ,Violence,2.143,1975
Kyrgyz Republic,KGZ,Violence,2.143,1976
Kyrgyz Republic,KGZ,Violence,2.143,1977
Kyrgyz Republic,KGZ,Violence,2.143,1978
Kyrgyz Republic,KGZ,Violence,2.143,1979
Kyrgyz Republic,KGZ,Violence,2.143,1980
Kyrgyz Republic,KGZ,Violence,2.143,1981
Kyrgyz Republic,KGZ,Violence,2.143,1982
Kyrgyz Republic,KGZ,Violence,2.143,1983
Kyrgyz Republic,KGZ,Violence,2.143,1984
Kyrgyz Republic,KGZ,Violence,2.143,1985
Kyrgyz Republic,KGZ,Violence,2.143,1986
Kyrgyz Republic,KGZ,Violence,2.143,1987
Kyrgyz Republic,KGZ,Violence,2.143,1988
Kyrgyz Republic,KGZ,Violence,2.143,1989
Kyrgyz Republic,KGZ,Violence,2.857,1990
Kyrgyz Republic,KGZ,Violence,2.857,1991
Kyrgyz Republic,KGZ,Violence,2.857,1992
Kyrgyz Republic,KGZ,Violence,2.857,1993
Kyrgyz Republic,KGZ,Violence,2.857,1994
Kyrgyz Republic,KGZ,Violence,2.857,1995
Kyrgyz Republic,KGZ,Violence,2.857,1996
Kyrgyz Republic,KGZ,Violence,5.714,1997
Kyrgyz Republic,KGZ,Violence,2.857,1998
Kyrgyz Republic,KGZ,Violence,2.857,1999
Kyrgyz Republic,KGZ,Violence,6.429,2000
Kyrgyz Republic,KGZ,Violence,6.429,2001
Kyrgyz Republic,KGZ,Violence,6.429,2002
Kyrgyz Republic,KGZ,Violence,6.429,2003
Kyrgyz Republic,KGZ,Violence,6.429,2004
Kyrgyz Republic,KGZ,Violence,6.429,2005
Kyrgyz Republic,KGZ,Violence,6.429,2006
Kyrgyz Republic,KGZ,Violence,6.429,2007
Kyrgyz Republic,KGZ,Violence,6.429,2008
Kyrgyz Republic,KGZ,Violence,6.429,2009
Kyrgyz Republic,KGZ,Violence,5.000,2010
Kyrgyz Republic,KGZ,Violence,5.000,2011
Kyrgyz Republic,KGZ,Violence,55.000,2012
Kyrgyz Republic,KGZ,Violence,5.000,2013
Kyrgyz Republic,KGZ,Violence,5.000,2014
Kyrgyz Republic,KGZ,Violence,5.000,2015
Kyrgyz Republic,KGZ,Violence,5.000,2016
Kyrgyz Republic,KGZ,Violence,6.429,2017
Kyrgyz Republic,KGZ,Violence,10.714,2018
Kyrgyz Republic,KGZ,Violence,6.429,2019
Kyrgyz Republic,KGZ,Violence,4.286,2020
Kyrgyz Republic,KGZ,Violence,2.143,2021
Kyrgyz Republic,KGZ,Violence,2.143,2022
Kyrgyz Republic,KGZ,Violence,2.143,2023
Kyrgyz Republic,KGZ,Youth 15-24,4.587,1960
Kyrgyz Republic,KGZ,Youth 15-24,4.587,1961
Kyrgyz Republic,KGZ,Youth 15-24,4.587,1962
Kyrgyz Republic,KGZ,Youth 15-24,4.587,1963
Kyrgyz Republic,KGZ,Youth 15-24,4.587,1964
Kyrgyz Republic,KGZ,Youth 15-24,4.587,1965
Kyrgyz Republic,KGZ,Youth 15-24,4.587,1966
Kyrgyz Republic,KGZ,Youth 15-24,4.587,1967
Kyrgyz Republic,KGZ,Youth 15-24,4.587,1968
Kyrgyz Republic,KGZ,Youth 15-24,4.587,1969
Kyrgyz Republic,KGZ,Youth 15-24,4.587,1970
Kyrgyz Republic,KGZ,Youth 15-24,4.587,1971
Kyrgyz Republic,KGZ,Youth 15-24,4.587,1972
Kyrgyz Republic,KGZ,Youth 15-24,4.587,1973
Kyrgyz Republic,KGZ,Youth 15-24,4.587,1974
Kyrgyz Republic,KGZ,Youth 15-24,4.587,1975
Kyrgyz Republic,KGZ,Youth 15-24,4.587,1976
Kyrgyz Republic,KGZ,Youth 15-24,4.587,1977
Kyrgyz Republic,KGZ,Youth 15-24,4.587,1978
Kyrgyz Republic,KGZ,Youth 15-24,4.587,1979
Kyrgyz Republic,KGZ,Youth 15-24,4.587,1980
Kyrgyz Republic,KGZ,Youth 15-24,14.679,1981
Kyrgyz Republic,KGZ,Youth 15-24,4.587,1982
Kyrgyz Republic,KGZ,Youth 15-24,4.587,1983
Kyrgyz Republic,KGZ,Youth 15-24,4.587,1984
Kyrgyz Republic,KGZ,Youth 15-24,4.587,1985
Kyrgyz Republic,KGZ,Youth 15-24,15.596,1986
Kyrgyz Republic,KGZ,Youth 15-24,4.587,1987
Kyrgyz Republic,KGZ,Youth 15-24,5.505,1988
Kyrgyz Republic,KGZ,Youth 15-24,18.349,1989
Kyrgyz Republic,KGZ,Youth 15-24,22.936,1990
Kyrgyz Republic,KGZ,Youth 15-24,28.440,1991
Kyrgyz Republic,KGZ,Youth 15-24,29.358,1992
Kyrgyz Republic,KGZ,Youth 15-24,24.771,1993
Kyrgyz Republic,KGZ,Youth 15-24,24.771,1994
Kyrgyz Republic,KGZ,Youth 15-24,24.771,1995
Kyrgyz Republic,KGZ,Youth 15-24,22.936,1996
Kyrgyz Republic,KGZ,Youth 15-24,25.688,1997
Kyrgyz Republic,KGZ,Youth 15-24,22.018,1998
Kyrgyz Republic,KGZ,Youth 15-24,66.055,1999
Kyrgyz Republic,KGZ,Youth 15-24,38.532,2000
Kyrgyz Republic,KGZ,Youth 15-24,53.211,2001
Kyrgyz Republic,KGZ,Youth 15-24,58.716,2002
Kyrgyz Republic,KGZ,Youth 15-24,52.294,2003
Kyrgyz Republic,KGZ,Youth 15-24,63.303,2004
Kyrgyz Republic,KGZ,Youth 15-24,60.550,2005
Kyrgyz Republic,KGZ,Youth 15-24,63.303,2006
Kyrgyz Republic,KGZ,Youth 15-24,56.881,2007
Kyrgyz Republic,KGZ,Youth 15-24,43.119,2008
Kyrgyz Republic,KGZ,Youth 15-24,84.404,2009
Kyrgyz Republic,KGZ,Youth 15-24,67.890,2010
Kyrgyz Republic,KGZ,Youth 15-24,68.807,2011
Kyrgyz Republic,KGZ,Youth 15-24,76.147,2012
Kyrgyz Republic,KGZ,Youth 15-24,63.303,2013
Kyrgyz Republic,KGZ,Youth 15-24,73.394,2014
Kyrgyz Republic,KGZ,Youth 15-24,84.404,2015
Kyrgyz Republic,KGZ,Youth 15-24,84.404,2016
Kyrgyz Republic,KGZ,Youth 15-24,84.404,2017
Kyrgyz Republic,KGZ,Youth 15-24,87.156,2018
Kyrgyz Republic,KGZ,Youth 15-24,49.541,2019
Kyrgyz Republic,KGZ,Youth 15-24,42.202,2020
Kyrgyz Republic,KGZ,Youth 15-24,42.202,2021
Kyrgyz Republic,KGZ,Youth 15-24,40.367,2022
Kyrgyz Republic,KGZ,Youth 15-24,22.936,2023
