Country Name,Country Code,Topic,% of available indicators,Year
Fiji,FJI,Assets,0.000,1960
Fiji,FJI,Assets,0.000,1961
Fiji,FJI,Assets,0.000,1962
Fiji,FJI,Assets,0.000,1963
Fiji,FJI,Assets,0.000,1964
Fiji,FJI,Assets,0.000,1965
Fiji,FJI,Assets,0.000,1966
Fiji,FJI,Assets,0.000,1967
Fiji,FJI,Assets,0.000,1968
Fiji,FJI,Assets,0.000,1969
Fiji,FJI,Assets,2.208,1970
Fiji,FJI,Assets,2.208,1971
Fiji,FJI,Assets,2.208,1972
Fiji,FJI,Assets,2.208,1973
Fiji,FJI,Assets,2.208,1974
Fiji,FJI,Assets,2.208,1975
Fiji,FJI,Assets,2.208,1976
Fiji,FJI,Assets,2.208,1977
Fiji,FJI,Assets,2.208,1978
Fiji,FJI,Assets,2.208,1979
Fiji,FJI,Assets,2.208,1980
Fiji,FJI,Assets,2.208,1981
Fiji,FJI,Assets,2.208,1982
Fiji,FJI,Assets,2.208,1983
Fiji,FJI,Assets,2.208,1984
Fiji,FJI,Assets,2.208,1985
Fiji,FJI,Assets,2.208,1986
Fiji,FJI,Assets,2.208,1987
Fiji,FJI,Assets,2.208,1988
Fiji,FJI,Assets,2.208,1989
Fiji,FJI,Assets,2.208,1990
Fiji,FJI,Assets,2.208,1991
Fiji,FJI,Assets,2.208,1992
Fiji,FJI,Assets,2.208,1993
Fiji,FJI,Assets,2.208,1994
Fiji,FJI,Assets,2.208,1995
Fiji,FJI,Assets,2.208,1996
Fiji,FJI,Assets,2.208,1997
Fiji,FJI,Assets,2.208,1998
Fiji,FJI,Assets,2.208,1999
Fiji,FJI,Assets,2.208,2000
Fiji,FJI,Assets,2.208,2001
Fiji,FJI,Assets,2.208,2002
Fiji,FJI,Assets,2.208,2003
Fiji,FJI,Assets,2.208,2004
Fiji,FJI,Assets,2.208,2005
Fiji,FJI,Assets,2.208,2006
Fiji,FJI,Assets,2.208,2007
Fiji,FJI,Assets,2.208,2008
Fiji,FJI,Assets,2.208,2009
Fiji,FJI,Assets,2.208,2010
Fiji,FJI,Assets,2.208,2011
Fiji,FJI,Assets,2.208,2012
Fiji,FJI,Assets,2.208,2013
Fiji,FJI,Assets,2.208,2014
Fiji,FJI,Assets,2.208,2015
Fiji,FJI,Assets,2.208,2016
Fiji,FJI,Assets,2.208,2017
Fiji,FJI,Assets,2.208,2018
Fiji,FJI,Assets,2.208,2019
Fiji,FJI,Assets,2.208,2020
Fiji,FJI,Assets,2.208,2021
Fiji,FJI,Assets,2.208,2022
Fiji,FJI,Assets,2.208,2023
Fiji,FJI,Children 0-14,19.231,1960
Fiji,FJI,Children 0-14,19.231,1961
Fiji,FJI,Children 0-14,19.231,1962
Fiji,FJI,Children 0-14,19.231,1963
Fiji,FJI,Children 0-14,19.231,1964
Fiji,FJI,Children 0-14,19.231,1965
Fiji,FJI,Children 0-14,19.231,1966
Fiji,FJI,Children 0-14,19.231,1967
Fiji,FJI,Children 0-14,19.231,1968
Fiji,FJI,Children 0-14,19.231,1969
Fiji,FJI,Children 0-14,23.077,1970
Fiji,FJI,Children 0-14,23.077,1971
Fiji,FJI,Children 0-14,25.385,1972
Fiji,FJI,Children 0-14,25.385,1973
Fiji,FJI,Children 0-14,27.692,1974
Fiji,FJI,Children 0-14,25.385,1975
Fiji,FJI,Children 0-14,29.231,1976
Fiji,FJI,Children 0-14,27.692,1977
Fiji,FJI,Children 0-14,26.923,1978
Fiji,FJI,Children 0-14,29.231,1979
Fiji,FJI,Children 0-14,33.846,1980
Fiji,FJI,Children 0-14,32.308,1981
Fiji,FJI,Children 0-14,21.538,1982
Fiji,FJI,Children 0-14,33.846,1983
Fiji,FJI,Children 0-14,32.308,1984
Fiji,FJI,Children 0-14,32.308,1985
Fiji,FJI,Children 0-14,35.385,1986
Fiji,FJI,Children 0-14,25.385,1987
Fiji,FJI,Children 0-14,20.769,1988
Fiji,FJI,Children 0-14,20.769,1989
Fiji,FJI,Children 0-14,23.077,1990
Fiji,FJI,Children 0-14,26.923,1991
Fiji,FJI,Children 0-14,37.692,1992
Fiji,FJI,Children 0-14,23.846,1993
Fiji,FJI,Children 0-14,39.231,1994
Fiji,FJI,Children 0-14,39.231,1995
Fiji,FJI,Children 0-14,43.846,1996
Fiji,FJI,Children 0-14,39.231,1997
Fiji,FJI,Children 0-14,41.538,1998
Fiji,FJI,Children 0-14,41.538,1999
Fiji,FJI,Children 0-14,55.385,2000
Fiji,FJI,Children 0-14,41.538,2001
Fiji,FJI,Children 0-14,32.308,2002
Fiji,FJI,Children 0-14,36.154,2003
Fiji,FJI,Children 0-14,50.769,2004
Fiji,FJI,Children 0-14,20.769,2005
Fiji,FJI,Children 0-14,34.615,2006
Fiji,FJI,Children 0-14,33.846,2007
Fiji,FJI,Children 0-14,40.769,2008
Fiji,FJI,Children 0-14,40.000,2009
Fiji,FJI,Children 0-14,39.231,2010
Fiji,FJI,Children 0-14,42.308,2011
Fiji,FJI,Children 0-14,36.154,2012
Fiji,FJI,Children 0-14,40.000,2013
Fiji,FJI,Children 0-14,45.385,2014
Fiji,FJI,Children 0-14,57.692,2015
Fiji,FJI,Children 0-14,41.538,2016
Fiji,FJI,Children 0-14,34.615,2017
Fiji,FJI,Children 0-14,36.923,2018
Fiji,FJI,Children 0-14,46.154,2019
Fiji,FJI,Children 0-14,36.923,2020
Fiji,FJI,Children 0-14,49.231,2021
Fiji,FJI,Children 0-14,29.231,2022
Fiji,FJI,Children 0-14,17.692,2023
Fiji,FJI,Education,0.000,1960
Fiji,FJI,Education,0.000,1961
Fiji,FJI,Education,0.000,1962
Fiji,FJI,Education,0.000,1963
Fiji,FJI,Education,0.000,1964
Fiji,FJI,Education,0.000,1965
Fiji,FJI,Education,0.000,1966
Fiji,FJI,Education,0.000,1967
Fiji,FJI,Education,0.000,1968
Fiji,FJI,Education,0.000,1969
Fiji,FJI,Education,14.110,1970
Fiji,FJI,Education,8.589,1971
Fiji,FJI,Education,16.564,1972
Fiji,FJI,Education,16.564,1973
Fiji,FJI,Education,18.405,1974
Fiji,FJI,Education,17.178,1975
Fiji,FJI,Education,19.018,1976
Fiji,FJI,Education,14.110,1977
Fiji,FJI,Education,13.497,1978
Fiji,FJI,Education,12.270,1979
Fiji,FJI,Education,20.245,1980
Fiji,FJI,Education,18.405,1981
Fiji,FJI,Education,1.840,1982
Fiji,FJI,Education,19.632,1983
Fiji,FJI,Education,19.018,1984
Fiji,FJI,Education,22.699,1985
Fiji,FJI,Education,26.994,1986
Fiji,FJI,Education,10.429,1987
Fiji,FJI,Education,0.000,1988
Fiji,FJI,Education,1.227,1989
Fiji,FJI,Education,1.840,1990
Fiji,FJI,Education,13.497,1991
Fiji,FJI,Education,20.859,1992
Fiji,FJI,Education,0.000,1993
Fiji,FJI,Education,15.337,1994
Fiji,FJI,Education,15.337,1995
Fiji,FJI,Education,26.994,1996
Fiji,FJI,Education,15.337,1997
Fiji,FJI,Education,30.061,1998
Fiji,FJI,Education,34.356,1999
Fiji,FJI,Education,34.969,2000
Fiji,FJI,Education,34.969,2001
Fiji,FJI,Education,25.767,2002
Fiji,FJI,Education,34.356,2003
Fiji,FJI,Education,34.969,2004
Fiji,FJI,Education,4.908,2005
Fiji,FJI,Education,24.540,2006
Fiji,FJI,Education,31.288,2007
Fiji,FJI,Education,28.834,2008
Fiji,FJI,Education,28.221,2009
Fiji,FJI,Education,1.840,2010
Fiji,FJI,Education,43.558,2011
Fiji,FJI,Education,26.380,2012
Fiji,FJI,Education,19.018,2013
Fiji,FJI,Education,31.902,2014
Fiji,FJI,Education,29.448,2015
Fiji,FJI,Education,34.969,2016
Fiji,FJI,Education,25.767,2017
Fiji,FJI,Education,17.791,2018
Fiji,FJI,Education,15.951,2019
Fiji,FJI,Education,27.607,2020
Fiji,FJI,Education,25.767,2021
Fiji,FJI,Education,12.883,2022
Fiji,FJI,Education,12.883,2023
Fiji,FJI,Employment and Time Use,0.000,1960
Fiji,FJI,Employment and Time Use,0.000,1961
Fiji,FJI,Employment and Time Use,0.000,1962
Fiji,FJI,Employment and Time Use,0.000,1963
Fiji,FJI,Employment and Time Use,0.000,1964
Fiji,FJI,Employment and Time Use,0.000,1965
Fiji,FJI,Employment and Time Use,5.109,1966
Fiji,FJI,Employment and Time Use,0.000,1967
Fiji,FJI,Employment and Time Use,0.000,1968
Fiji,FJI,Employment and Time Use,0.000,1969
Fiji,FJI,Employment and Time Use,21.168,1970
Fiji,FJI,Employment and Time Use,21.168,1971
Fiji,FJI,Employment and Time Use,21.168,1972
Fiji,FJI,Employment and Time Use,21.168,1973
Fiji,FJI,Employment and Time Use,21.168,1974
Fiji,FJI,Employment and Time Use,21.168,1975
Fiji,FJI,Employment and Time Use,26.277,1976
Fiji,FJI,Employment and Time Use,21.168,1977
Fiji,FJI,Employment and Time Use,21.168,1978
Fiji,FJI,Employment and Time Use,21.168,1979
Fiji,FJI,Employment and Time Use,21.168,1980
Fiji,FJI,Employment and Time Use,21.168,1981
Fiji,FJI,Employment and Time Use,31.387,1982
Fiji,FJI,Employment and Time Use,21.168,1983
Fiji,FJI,Employment and Time Use,21.168,1984
Fiji,FJI,Employment and Time Use,21.168,1985
Fiji,FJI,Employment and Time Use,26.277,1986
Fiji,FJI,Employment and Time Use,21.168,1987
Fiji,FJI,Employment and Time Use,21.168,1988
Fiji,FJI,Employment and Time Use,21.168,1989
Fiji,FJI,Employment and Time Use,31.387,1990
Fiji,FJI,Employment and Time Use,57.664,1991
Fiji,FJI,Employment and Time Use,57.664,1992
Fiji,FJI,Employment and Time Use,57.664,1993
Fiji,FJI,Employment and Time Use,56.934,1994
Fiji,FJI,Employment and Time Use,56.934,1995
Fiji,FJI,Employment and Time Use,68.613,1996
Fiji,FJI,Employment and Time Use,56.204,1997
Fiji,FJI,Employment and Time Use,56.204,1998
Fiji,FJI,Employment and Time Use,56.204,1999
Fiji,FJI,Employment and Time Use,56.204,2000
Fiji,FJI,Employment and Time Use,56.204,2001
Fiji,FJI,Employment and Time Use,56.204,2002
Fiji,FJI,Employment and Time Use,56.934,2003
Fiji,FJI,Employment and Time Use,61.314,2004
Fiji,FJI,Employment and Time Use,86.131,2005
Fiji,FJI,Employment and Time Use,56.204,2006
Fiji,FJI,Employment and Time Use,56.204,2007
Fiji,FJI,Employment and Time Use,58.394,2008
Fiji,FJI,Employment and Time Use,58.394,2009
Fiji,FJI,Employment and Time Use,58.394,2010
Fiji,FJI,Employment and Time Use,89.051,2011
Fiji,FJI,Employment and Time Use,56.934,2012
Fiji,FJI,Employment and Time Use,56.204,2013
Fiji,FJI,Employment and Time Use,86.131,2014
Fiji,FJI,Employment and Time Use,56.204,2015
Fiji,FJI,Employment and Time Use,91.971,2016
Fiji,FJI,Employment and Time Use,56.204,2017
Fiji,FJI,Employment and Time Use,56.204,2018
Fiji,FJI,Employment and Time Use,56.204,2019
Fiji,FJI,Employment and Time Use,56.204,2020
Fiji,FJI,Employment and Time Use,56.204,2021
Fiji,FJI,Employment and Time Use,56.204,2022
Fiji,FJI,Employment and Time Use,57.664,2023
Fiji,FJI,Entrepreneurship,0.000,1960
Fiji,FJI,Entrepreneurship,0.000,1961
Fiji,FJI,Entrepreneurship,0.000,1962
Fiji,FJI,Entrepreneurship,0.000,1963
Fiji,FJI,Entrepreneurship,0.000,1964
Fiji,FJI,Entrepreneurship,0.000,1965
Fiji,FJI,Entrepreneurship,0.000,1966
Fiji,FJI,Entrepreneurship,0.000,1967
Fiji,FJI,Entrepreneurship,0.000,1968
Fiji,FJI,Entrepreneurship,0.000,1969
Fiji,FJI,Entrepreneurship,9.375,1970
Fiji,FJI,Entrepreneurship,9.375,1971
Fiji,FJI,Entrepreneurship,9.375,1972
Fiji,FJI,Entrepreneurship,9.375,1973
Fiji,FJI,Entrepreneurship,9.375,1974
Fiji,FJI,Entrepreneurship,9.375,1975
Fiji,FJI,Entrepreneurship,9.375,1976
Fiji,FJI,Entrepreneurship,9.375,1977
Fiji,FJI,Entrepreneurship,9.375,1978
Fiji,FJI,Entrepreneurship,9.375,1979
Fiji,FJI,Entrepreneurship,9.375,1980
Fiji,FJI,Entrepreneurship,9.375,1981
Fiji,FJI,Entrepreneurship,9.375,1982
Fiji,FJI,Entrepreneurship,9.375,1983
Fiji,FJI,Entrepreneurship,9.375,1984
Fiji,FJI,Entrepreneurship,9.375,1985
Fiji,FJI,Entrepreneurship,9.375,1986
Fiji,FJI,Entrepreneurship,9.375,1987
Fiji,FJI,Entrepreneurship,9.375,1988
Fiji,FJI,Entrepreneurship,9.375,1989
Fiji,FJI,Entrepreneurship,9.375,1990
Fiji,FJI,Entrepreneurship,9.375,1991
Fiji,FJI,Entrepreneurship,9.375,1992
Fiji,FJI,Entrepreneurship,9.375,1993
Fiji,FJI,Entrepreneurship,9.375,1994
Fiji,FJI,Entrepreneurship,9.375,1995
Fiji,FJI,Entrepreneurship,9.375,1996
Fiji,FJI,Entrepreneurship,9.375,1997
Fiji,FJI,Entrepreneurship,9.375,1998
Fiji,FJI,Entrepreneurship,9.375,1999
Fiji,FJI,Entrepreneurship,9.375,2000
Fiji,FJI,Entrepreneurship,9.375,2001
Fiji,FJI,Entrepreneurship,9.375,2002
Fiji,FJI,Entrepreneurship,37.500,2003
Fiji,FJI,Entrepreneurship,37.500,2004
Fiji,FJI,Entrepreneurship,37.500,2005
Fiji,FJI,Entrepreneurship,37.500,2006
Fiji,FJI,Entrepreneurship,37.500,2007
Fiji,FJI,Entrepreneurship,37.500,2008
Fiji,FJI,Entrepreneurship,40.625,2009
Fiji,FJI,Entrepreneurship,37.500,2010
Fiji,FJI,Entrepreneurship,37.500,2011
Fiji,FJI,Entrepreneurship,37.500,2012
Fiji,FJI,Entrepreneurship,37.500,2013
Fiji,FJI,Entrepreneurship,37.500,2014
Fiji,FJI,Entrepreneurship,37.500,2015
Fiji,FJI,Entrepreneurship,37.500,2016
Fiji,FJI,Entrepreneurship,37.500,2017
Fiji,FJI,Entrepreneurship,37.500,2018
Fiji,FJI,Entrepreneurship,37.500,2019
Fiji,FJI,Entrepreneurship,9.375,2020
Fiji,FJI,Entrepreneurship,9.375,2021
Fiji,FJI,Entrepreneurship,9.375,2022
Fiji,FJI,Entrepreneurship,9.375,2023
Fiji,FJI,Environment,0.000,1960
Fiji,FJI,Environment,0.000,1961
Fiji,FJI,Environment,0.000,1962
Fiji,FJI,Environment,0.000,1963
Fiji,FJI,Environment,0.000,1964
Fiji,FJI,Environment,0.000,1965
Fiji,FJI,Environment,0.000,1966
Fiji,FJI,Environment,0.000,1967
Fiji,FJI,Environment,0.000,1968
Fiji,FJI,Environment,0.000,1969
Fiji,FJI,Environment,0.000,1970
Fiji,FJI,Environment,0.000,1971
Fiji,FJI,Environment,0.000,1972
Fiji,FJI,Environment,0.000,1973
Fiji,FJI,Environment,0.000,1974
Fiji,FJI,Environment,0.000,1975
Fiji,FJI,Environment,0.000,1976
Fiji,FJI,Environment,0.000,1977
Fiji,FJI,Environment,0.000,1978
Fiji,FJI,Environment,0.000,1979
Fiji,FJI,Environment,0.000,1980
Fiji,FJI,Environment,0.000,1981
Fiji,FJI,Environment,0.000,1982
Fiji,FJI,Environment,0.000,1983
Fiji,FJI,Environment,0.000,1984
Fiji,FJI,Environment,0.000,1985
Fiji,FJI,Environment,0.000,1986
Fiji,FJI,Environment,0.000,1987
Fiji,FJI,Environment,0.000,1988
Fiji,FJI,Environment,0.000,1989
Fiji,FJI,Environment,0.000,1990
Fiji,FJI,Environment,0.000,1991
Fiji,FJI,Environment,0.000,1992
Fiji,FJI,Environment,0.000,1993
Fiji,FJI,Environment,0.000,1994
Fiji,FJI,Environment,0.000,1995
Fiji,FJI,Environment,0.000,1996
Fiji,FJI,Environment,0.000,1997
Fiji,FJI,Environment,0.000,1998
Fiji,FJI,Environment,0.000,1999
Fiji,FJI,Environment,10.000,2000
Fiji,FJI,Environment,10.000,2001
Fiji,FJI,Environment,10.000,2002
Fiji,FJI,Environment,10.000,2003
Fiji,FJI,Environment,10.000,2004
Fiji,FJI,Environment,10.000,2005
Fiji,FJI,Environment,10.000,2006
Fiji,FJI,Environment,10.000,2007
Fiji,FJI,Environment,10.000,2008
Fiji,FJI,Environment,10.000,2009
Fiji,FJI,Environment,10.000,2010
Fiji,FJI,Environment,10.000,2011
Fiji,FJI,Environment,10.000,2012
Fiji,FJI,Environment,10.000,2013
Fiji,FJI,Environment,10.000,2014
Fiji,FJI,Environment,10.000,2015
Fiji,FJI,Environment,10.000,2016
Fiji,FJI,Environment,10.000,2017
Fiji,FJI,Environment,10.000,2018
Fiji,FJI,Environment,30.000,2019
Fiji,FJI,Environment,10.000,2020
Fiji,FJI,Environment,20.000,2021
Fiji,FJI,Environment,10.000,2022
Fiji,FJI,Environment,0.000,2023
Fiji,FJI,Health,8.586,1960
Fiji,FJI,Health,8.586,1961
Fiji,FJI,Health,8.586,1962
Fiji,FJI,Health,8.586,1963
Fiji,FJI,Health,8.586,1964
Fiji,FJI,Health,8.586,1965
Fiji,FJI,Health,8.586,1966
Fiji,FJI,Health,8.586,1967
Fiji,FJI,Health,8.586,1968
Fiji,FJI,Health,8.586,1969
Fiji,FJI,Health,8.586,1970
Fiji,FJI,Health,8.586,1971
Fiji,FJI,Health,8.586,1972
Fiji,FJI,Health,8.586,1973
Fiji,FJI,Health,9.596,1974
Fiji,FJI,Health,11.111,1975
Fiji,FJI,Health,11.111,1976
Fiji,FJI,Health,11.111,1977
Fiji,FJI,Health,11.111,1978
Fiji,FJI,Health,11.111,1979
Fiji,FJI,Health,12.121,1980
Fiji,FJI,Health,12.121,1981
Fiji,FJI,Health,12.121,1982
Fiji,FJI,Health,12.121,1983
Fiji,FJI,Health,12.121,1984
Fiji,FJI,Health,12.121,1985
Fiji,FJI,Health,12.121,1986
Fiji,FJI,Health,12.121,1987
Fiji,FJI,Health,12.121,1988
Fiji,FJI,Health,12.121,1989
Fiji,FJI,Health,17.172,1990
Fiji,FJI,Health,17.172,1991
Fiji,FJI,Health,16.667,1992
Fiji,FJI,Health,19.192,1993
Fiji,FJI,Health,17.172,1994
Fiji,FJI,Health,17.172,1995
Fiji,FJI,Health,17.172,1996
Fiji,FJI,Health,17.172,1997
Fiji,FJI,Health,17.172,1998
Fiji,FJI,Health,17.677,1999
Fiji,FJI,Health,56.566,2000
Fiji,FJI,Health,32.828,2001
Fiji,FJI,Health,32.828,2002
Fiji,FJI,Health,32.828,2003
Fiji,FJI,Health,40.404,2004
Fiji,FJI,Health,34.343,2005
Fiji,FJI,Health,32.828,2006
Fiji,FJI,Health,32.828,2007
Fiji,FJI,Health,33.333,2008
Fiji,FJI,Health,32.828,2009
Fiji,FJI,Health,60.606,2010
Fiji,FJI,Health,32.828,2011
Fiji,FJI,Health,33.333,2012
Fiji,FJI,Health,33.333,2013
Fiji,FJI,Health,38.384,2014
Fiji,FJI,Health,56.566,2015
Fiji,FJI,Health,32.323,2016
Fiji,FJI,Health,29.293,2017
Fiji,FJI,Health,35.354,2018
Fiji,FJI,Health,56.566,2019
Fiji,FJI,Health,27.778,2020
Fiji,FJI,Health,32.323,2021
Fiji,FJI,Health,17.172,2022
Fiji,FJI,Health,1.010,2023
Fiji,FJI,Leadership,0.000,1960
Fiji,FJI,Leadership,0.000,1961
Fiji,FJI,Leadership,0.000,1962
Fiji,FJI,Leadership,0.000,1963
Fiji,FJI,Leadership,0.000,1964
Fiji,FJI,Leadership,0.000,1965
Fiji,FJI,Leadership,0.000,1966
Fiji,FJI,Leadership,0.000,1967
Fiji,FJI,Leadership,0.000,1968
Fiji,FJI,Leadership,0.000,1969
Fiji,FJI,Leadership,0.000,1970
Fiji,FJI,Leadership,0.000,1971
Fiji,FJI,Leadership,0.000,1972
Fiji,FJI,Leadership,0.000,1973
Fiji,FJI,Leadership,0.000,1974
Fiji,FJI,Leadership,0.000,1975
Fiji,FJI,Leadership,0.000,1976
Fiji,FJI,Leadership,0.000,1977
Fiji,FJI,Leadership,0.000,1978
Fiji,FJI,Leadership,0.000,1979
Fiji,FJI,Leadership,0.000,1980
Fiji,FJI,Leadership,0.000,1981
Fiji,FJI,Leadership,0.000,1982
Fiji,FJI,Leadership,0.000,1983
Fiji,FJI,Leadership,0.000,1984
Fiji,FJI,Leadership,0.000,1985
Fiji,FJI,Leadership,0.000,1986
Fiji,FJI,Leadership,0.000,1987
Fiji,FJI,Leadership,0.000,1988
Fiji,FJI,Leadership,0.000,1989
Fiji,FJI,Leadership,0.000,1990
Fiji,FJI,Leadership,0.000,1991
Fiji,FJI,Leadership,0.000,1992
Fiji,FJI,Leadership,0.000,1993
Fiji,FJI,Leadership,0.000,1994
Fiji,FJI,Leadership,0.000,1995
Fiji,FJI,Leadership,0.000,1996
Fiji,FJI,Leadership,25.000,1997
Fiji,FJI,Leadership,25.000,1998
Fiji,FJI,Leadership,25.000,1999
Fiji,FJI,Leadership,0.000,2000
Fiji,FJI,Leadership,25.000,2001
Fiji,FJI,Leadership,25.000,2002
Fiji,FJI,Leadership,25.000,2003
Fiji,FJI,Leadership,25.000,2004
Fiji,FJI,Leadership,50.000,2005
Fiji,FJI,Leadership,0.000,2006
Fiji,FJI,Leadership,0.000,2007
Fiji,FJI,Leadership,25.000,2008
Fiji,FJI,Leadership,0.000,2009
Fiji,FJI,Leadership,25.000,2010
Fiji,FJI,Leadership,25.000,2011
Fiji,FJI,Leadership,25.000,2012
Fiji,FJI,Leadership,0.000,2013
Fiji,FJI,Leadership,50.000,2014
Fiji,FJI,Leadership,50.000,2015
Fiji,FJI,Leadership,75.000,2016
Fiji,FJI,Leadership,25.000,2017
Fiji,FJI,Leadership,50.000,2018
Fiji,FJI,Leadership,50.000,2019
Fiji,FJI,Leadership,50.000,2020
Fiji,FJI,Leadership,25.000,2021
Fiji,FJI,Leadership,50.000,2022
Fiji,FJI,Leadership,25.000,2023
Fiji,FJI,Norms and Decision-making,0.000,1960
Fiji,FJI,Norms and Decision-making,0.000,1961
Fiji,FJI,Norms and Decision-making,0.000,1962
Fiji,FJI,Norms and Decision-making,0.000,1963
Fiji,FJI,Norms and Decision-making,0.000,1964
Fiji,FJI,Norms and Decision-making,0.000,1965
Fiji,FJI,Norms and Decision-making,0.000,1966
Fiji,FJI,Norms and Decision-making,0.000,1967
Fiji,FJI,Norms and Decision-making,0.000,1968
Fiji,FJI,Norms and Decision-making,0.000,1969
Fiji,FJI,Norms and Decision-making,12.593,1970
Fiji,FJI,Norms and Decision-making,12.593,1971
Fiji,FJI,Norms and Decision-making,12.593,1972
Fiji,FJI,Norms and Decision-making,12.593,1973
Fiji,FJI,Norms and Decision-making,14.074,1974
Fiji,FJI,Norms and Decision-making,12.593,1975
Fiji,FJI,Norms and Decision-making,14.074,1976
Fiji,FJI,Norms and Decision-making,12.593,1977
Fiji,FJI,Norms and Decision-making,12.593,1978
Fiji,FJI,Norms and Decision-making,12.593,1979
Fiji,FJI,Norms and Decision-making,12.593,1980
Fiji,FJI,Norms and Decision-making,12.593,1981
Fiji,FJI,Norms and Decision-making,12.593,1982
Fiji,FJI,Norms and Decision-making,12.593,1983
Fiji,FJI,Norms and Decision-making,12.593,1984
Fiji,FJI,Norms and Decision-making,12.593,1985
Fiji,FJI,Norms and Decision-making,14.074,1986
Fiji,FJI,Norms and Decision-making,12.593,1987
Fiji,FJI,Norms and Decision-making,12.593,1988
Fiji,FJI,Norms and Decision-making,12.593,1989
Fiji,FJI,Norms and Decision-making,12.593,1990
Fiji,FJI,Norms and Decision-making,12.593,1991
Fiji,FJI,Norms and Decision-making,12.593,1992
Fiji,FJI,Norms and Decision-making,12.593,1993
Fiji,FJI,Norms and Decision-making,12.593,1994
Fiji,FJI,Norms and Decision-making,12.593,1995
Fiji,FJI,Norms and Decision-making,12.593,1996
Fiji,FJI,Norms and Decision-making,12.593,1997
Fiji,FJI,Norms and Decision-making,12.593,1998
Fiji,FJI,Norms and Decision-making,12.593,1999
Fiji,FJI,Norms and Decision-making,12.593,2000
Fiji,FJI,Norms and Decision-making,12.593,2001
Fiji,FJI,Norms and Decision-making,12.593,2002
Fiji,FJI,Norms and Decision-making,12.593,2003
Fiji,FJI,Norms and Decision-making,12.593,2004
Fiji,FJI,Norms and Decision-making,12.593,2005
Fiji,FJI,Norms and Decision-making,12.593,2006
Fiji,FJI,Norms and Decision-making,14.074,2007
Fiji,FJI,Norms and Decision-making,12.593,2008
Fiji,FJI,Norms and Decision-making,12.593,2009
Fiji,FJI,Norms and Decision-making,12.593,2010
Fiji,FJI,Norms and Decision-making,12.593,2011
Fiji,FJI,Norms and Decision-making,12.593,2012
Fiji,FJI,Norms and Decision-making,12.593,2013
Fiji,FJI,Norms and Decision-making,12.593,2014
Fiji,FJI,Norms and Decision-making,12.593,2015
Fiji,FJI,Norms and Decision-making,12.593,2016
Fiji,FJI,Norms and Decision-making,12.593,2017
Fiji,FJI,Norms and Decision-making,12.593,2018
Fiji,FJI,Norms and Decision-making,12.593,2019
Fiji,FJI,Norms and Decision-making,12.593,2020
Fiji,FJI,Norms and Decision-making,14.815,2021
Fiji,FJI,Norms and Decision-making,12.593,2022
Fiji,FJI,Norms and Decision-making,12.593,2023
Fiji,FJI,Population,86.905,1960
Fiji,FJI,Population,86.905,1961
Fiji,FJI,Population,86.905,1962
Fiji,FJI,Population,86.905,1963
Fiji,FJI,Population,86.905,1964
Fiji,FJI,Population,86.905,1965
Fiji,FJI,Population,86.905,1966
Fiji,FJI,Population,86.905,1967
Fiji,FJI,Population,86.905,1968
Fiji,FJI,Population,86.905,1969
Fiji,FJI,Population,86.905,1970
Fiji,FJI,Population,86.905,1971
Fiji,FJI,Population,86.905,1972
Fiji,FJI,Population,86.905,1973
Fiji,FJI,Population,89.286,1974
Fiji,FJI,Population,86.905,1975
Fiji,FJI,Population,89.286,1976
Fiji,FJI,Population,86.905,1977
Fiji,FJI,Population,86.905,1978
Fiji,FJI,Population,86.905,1979
Fiji,FJI,Population,91.667,1980
Fiji,FJI,Population,86.905,1981
Fiji,FJI,Population,86.905,1982
Fiji,FJI,Population,86.905,1983
Fiji,FJI,Population,86.905,1984
Fiji,FJI,Population,91.667,1985
Fiji,FJI,Population,89.286,1986
Fiji,FJI,Population,86.905,1987
Fiji,FJI,Population,86.905,1988
Fiji,FJI,Population,86.905,1989
Fiji,FJI,Population,92.857,1990
Fiji,FJI,Population,86.905,1991
Fiji,FJI,Population,86.905,1992
Fiji,FJI,Population,86.905,1993
Fiji,FJI,Population,86.905,1994
Fiji,FJI,Population,92.857,1995
Fiji,FJI,Population,86.905,1996
Fiji,FJI,Population,86.905,1997
Fiji,FJI,Population,86.905,1998
Fiji,FJI,Population,86.905,1999
Fiji,FJI,Population,92.857,2000
Fiji,FJI,Population,86.905,2001
Fiji,FJI,Population,86.905,2002
Fiji,FJI,Population,86.905,2003
Fiji,FJI,Population,86.905,2004
Fiji,FJI,Population,92.857,2005
Fiji,FJI,Population,86.905,2006
Fiji,FJI,Population,89.286,2007
Fiji,FJI,Population,86.905,2008
Fiji,FJI,Population,86.905,2009
Fiji,FJI,Population,92.857,2010
Fiji,FJI,Population,86.905,2011
Fiji,FJI,Population,86.905,2012
Fiji,FJI,Population,86.905,2013
Fiji,FJI,Population,86.905,2014
Fiji,FJI,Population,92.857,2015
Fiji,FJI,Population,86.905,2016
Fiji,FJI,Population,86.905,2017
Fiji,FJI,Population,86.905,2018
Fiji,FJI,Population,86.905,2019
Fiji,FJI,Population,88.095,2020
Fiji,FJI,Population,90.476,2021
Fiji,FJI,Population,86.905,2022
Fiji,FJI,Population,77.381,2023
Fiji,FJI,SDGs,2.685,1960
Fiji,FJI,SDGs,2.685,1961
Fiji,FJI,SDGs,2.685,1962
Fiji,FJI,SDGs,2.685,1963
Fiji,FJI,SDGs,2.685,1964
Fiji,FJI,SDGs,2.685,1965
Fiji,FJI,SDGs,2.685,1966
Fiji,FJI,SDGs,2.685,1967
Fiji,FJI,SDGs,2.685,1968
Fiji,FJI,SDGs,2.685,1969
Fiji,FJI,SDGs,11.409,1970
Fiji,FJI,SDGs,11.409,1971
Fiji,FJI,SDGs,11.409,1972
Fiji,FJI,SDGs,11.409,1973
Fiji,FJI,SDGs,11.409,1974
Fiji,FJI,SDGs,11.409,1975
Fiji,FJI,SDGs,11.409,1976
Fiji,FJI,SDGs,11.409,1977
Fiji,FJI,SDGs,11.409,1978
Fiji,FJI,SDGs,11.409,1979
Fiji,FJI,SDGs,12.081,1980
Fiji,FJI,SDGs,12.081,1981
Fiji,FJI,SDGs,16.107,1982
Fiji,FJI,SDGs,12.081,1983
Fiji,FJI,SDGs,12.081,1984
Fiji,FJI,SDGs,12.081,1985
Fiji,FJI,SDGs,12.081,1986
Fiji,FJI,SDGs,12.081,1987
Fiji,FJI,SDGs,12.081,1988
Fiji,FJI,SDGs,12.081,1989
Fiji,FJI,SDGs,16.779,1990
Fiji,FJI,SDGs,21.477,1991
Fiji,FJI,SDGs,20.805,1992
Fiji,FJI,SDGs,21.477,1993
Fiji,FJI,SDGs,21.477,1994
Fiji,FJI,SDGs,21.477,1995
Fiji,FJI,SDGs,24.832,1996
Fiji,FJI,SDGs,21.477,1997
Fiji,FJI,SDGs,21.477,1998
Fiji,FJI,SDGs,22.148,1999
Fiji,FJI,SDGs,65.772,2000
Fiji,FJI,SDGs,34.899,2001
Fiji,FJI,SDGs,34.899,2002
Fiji,FJI,SDGs,35.570,2003
Fiji,FJI,SDGs,36.913,2004
Fiji,FJI,SDGs,40.940,2005
Fiji,FJI,SDGs,34.228,2006
Fiji,FJI,SDGs,34.228,2007
Fiji,FJI,SDGs,34.899,2008
Fiji,FJI,SDGs,34.899,2009
Fiji,FJI,SDGs,67.114,2010
Fiji,FJI,SDGs,38.926,2011
Fiji,FJI,SDGs,34.899,2012
Fiji,FJI,SDGs,34.228,2013
Fiji,FJI,SDGs,38.255,2014
Fiji,FJI,SDGs,66.443,2015
Fiji,FJI,SDGs,39.597,2016
Fiji,FJI,SDGs,33.557,2017
Fiji,FJI,SDGs,36.913,2018
Fiji,FJI,SDGs,69.799,2019
Fiji,FJI,SDGs,27.517,2020
Fiji,FJI,SDGs,25.503,2021
Fiji,FJI,SDGs,22.819,2022
Fiji,FJI,SDGs,14.094,2023
Fiji,FJI,Technology,0.000,1960
Fiji,FJI,Technology,0.000,1961
Fiji,FJI,Technology,0.000,1962
Fiji,FJI,Technology,0.000,1963
Fiji,FJI,Technology,0.000,1964
Fiji,FJI,Technology,0.000,1965
Fiji,FJI,Technology,0.000,1966
Fiji,FJI,Technology,0.000,1967
Fiji,FJI,Technology,0.000,1968
Fiji,FJI,Technology,0.000,1969
Fiji,FJI,Technology,0.000,1970
Fiji,FJI,Technology,0.000,1971
Fiji,FJI,Technology,0.000,1972
Fiji,FJI,Technology,0.000,1973
Fiji,FJI,Technology,0.000,1974
Fiji,FJI,Technology,0.000,1975
Fiji,FJI,Technology,0.000,1976
Fiji,FJI,Technology,0.000,1977
Fiji,FJI,Technology,0.000,1978
Fiji,FJI,Technology,0.000,1979
Fiji,FJI,Technology,0.000,1980
Fiji,FJI,Technology,0.000,1981
Fiji,FJI,Technology,0.000,1982
Fiji,FJI,Technology,0.000,1983
Fiji,FJI,Technology,0.000,1984
Fiji,FJI,Technology,0.000,1985
Fiji,FJI,Technology,0.000,1986
Fiji,FJI,Technology,0.000,1987
Fiji,FJI,Technology,0.000,1988
Fiji,FJI,Technology,0.000,1989
Fiji,FJI,Technology,2.222,1990
Fiji,FJI,Technology,2.222,1991
Fiji,FJI,Technology,2.222,1992
Fiji,FJI,Technology,2.222,1993
Fiji,FJI,Technology,2.222,1994
Fiji,FJI,Technology,2.222,1995
Fiji,FJI,Technology,2.222,1996
Fiji,FJI,Technology,2.222,1997
Fiji,FJI,Technology,2.222,1998
Fiji,FJI,Technology,2.222,1999
Fiji,FJI,Technology,2.222,2000
Fiji,FJI,Technology,2.222,2001
Fiji,FJI,Technology,2.222,2002
Fiji,FJI,Technology,2.222,2003
Fiji,FJI,Technology,2.222,2004
Fiji,FJI,Technology,2.222,2005
Fiji,FJI,Technology,2.222,2006
Fiji,FJI,Technology,2.222,2007
Fiji,FJI,Technology,2.222,2008
Fiji,FJI,Technology,2.222,2009
Fiji,FJI,Technology,2.222,2010
Fiji,FJI,Technology,2.222,2011
Fiji,FJI,Technology,2.222,2012
Fiji,FJI,Technology,2.222,2013
Fiji,FJI,Technology,2.222,2014
Fiji,FJI,Technology,2.222,2015
Fiji,FJI,Technology,2.222,2016
Fiji,FJI,Technology,2.222,2017
Fiji,FJI,Technology,2.222,2018
Fiji,FJI,Technology,2.222,2019
Fiji,FJI,Technology,2.222,2020
Fiji,FJI,Technology,2.222,2021
Fiji,FJI,Technology,2.222,2022
Fiji,FJI,Technology,0.000,2023
Fiji,FJI,Violence,0.000,1960
Fiji,FJI,Violence,0.000,1961
Fiji,FJI,Violence,0.000,1962
Fiji,FJI,Violence,0.000,1963
Fiji,FJI,Violence,0.000,1964
Fiji,FJI,Violence,0.000,1965
Fiji,FJI,Violence,0.000,1966
Fiji,FJI,Violence,0.000,1967
Fiji,FJI,Violence,0.000,1968
Fiji,FJI,Violence,0.000,1969
Fiji,FJI,Violence,2.143,1970
Fiji,FJI,Violence,2.143,1971
Fiji,FJI,Violence,2.143,1972
Fiji,FJI,Violence,2.143,1973
Fiji,FJI,Violence,2.143,1974
Fiji,FJI,Violence,2.143,1975
Fiji,FJI,Violence,2.143,1976
Fiji,FJI,Violence,2.143,1977
Fiji,FJI,Violence,2.143,1978
Fiji,FJI,Violence,2.143,1979
Fiji,FJI,Violence,2.143,1980
Fiji,FJI,Violence,2.143,1981
Fiji,FJI,Violence,2.143,1982
Fiji,FJI,Violence,2.143,1983
Fiji,FJI,Violence,2.143,1984
Fiji,FJI,Violence,2.143,1985
Fiji,FJI,Violence,2.143,1986
Fiji,FJI,Violence,2.143,1987
Fiji,FJI,Violence,2.143,1988
Fiji,FJI,Violence,2.143,1989
Fiji,FJI,Violence,2.857,1990
Fiji,FJI,Violence,2.857,1991
Fiji,FJI,Violence,2.857,1992
Fiji,FJI,Violence,2.857,1993
Fiji,FJI,Violence,2.857,1994
Fiji,FJI,Violence,2.857,1995
Fiji,FJI,Violence,2.857,1996
Fiji,FJI,Violence,2.857,1997
Fiji,FJI,Violence,2.143,1998
Fiji,FJI,Violence,2.143,1999
Fiji,FJI,Violence,4.286,2000
Fiji,FJI,Violence,4.286,2001
Fiji,FJI,Violence,4.286,2002
Fiji,FJI,Violence,5.000,2003
Fiji,FJI,Violence,5.000,2004
Fiji,FJI,Violence,6.429,2005
Fiji,FJI,Violence,6.429,2006
Fiji,FJI,Violence,6.429,2007
Fiji,FJI,Violence,6.429,2008
Fiji,FJI,Violence,6.429,2009
Fiji,FJI,Violence,6.429,2010
Fiji,FJI,Violence,7.143,2011
Fiji,FJI,Violence,6.429,2012
Fiji,FJI,Violence,6.429,2013
Fiji,FJI,Violence,6.429,2014
Fiji,FJI,Violence,4.286,2015
Fiji,FJI,Violence,4.286,2016
Fiji,FJI,Violence,4.286,2017
Fiji,FJI,Violence,7.143,2018
Fiji,FJI,Violence,4.286,2019
Fiji,FJI,Violence,2.857,2020
Fiji,FJI,Violence,3.571,2021
Fiji,FJI,Violence,2.143,2022
Fiji,FJI,Violence,2.143,2023
Fiji,FJI,Youth 15-24,4.587,1960
Fiji,FJI,Youth 15-24,4.587,1961
Fiji,FJI,Youth 15-24,4.587,1962
Fiji,FJI,Youth 15-24,4.587,1963
Fiji,FJI,Youth 15-24,4.587,1964
Fiji,FJI,Youth 15-24,4.587,1965
Fiji,FJI,Youth 15-24,7.339,1966
Fiji,FJI,Youth 15-24,4.587,1967
Fiji,FJI,Youth 15-24,4.587,1968
Fiji,FJI,Youth 15-24,4.587,1969
Fiji,FJI,Youth 15-24,18.349,1970
Fiji,FJI,Youth 15-24,11.927,1971
Fiji,FJI,Youth 15-24,19.266,1972
Fiji,FJI,Youth 15-24,19.266,1973
Fiji,FJI,Youth 15-24,18.349,1974
Fiji,FJI,Youth 15-24,19.266,1975
Fiji,FJI,Youth 15-24,23.853,1976
Fiji,FJI,Youth 15-24,15.596,1977
Fiji,FJI,Youth 15-24,15.596,1978
Fiji,FJI,Youth 15-24,10.092,1979
Fiji,FJI,Youth 15-24,18.349,1980
Fiji,FJI,Youth 15-24,15.596,1981
Fiji,FJI,Youth 15-24,12.844,1982
Fiji,FJI,Youth 15-24,17.431,1983
Fiji,FJI,Youth 15-24,18.349,1984
Fiji,FJI,Youth 15-24,21.101,1985
Fiji,FJI,Youth 15-24,26.606,1986
Fiji,FJI,Youth 15-24,14.679,1987
Fiji,FJI,Youth 15-24,4.587,1988
Fiji,FJI,Youth 15-24,5.505,1989
Fiji,FJI,Youth 15-24,11.927,1990
Fiji,FJI,Youth 15-24,29.358,1991
Fiji,FJI,Youth 15-24,28.440,1992
Fiji,FJI,Youth 15-24,18.349,1993
Fiji,FJI,Youth 15-24,18.349,1994
Fiji,FJI,Youth 15-24,18.349,1995
Fiji,FJI,Youth 15-24,36.697,1996
Fiji,FJI,Youth 15-24,18.349,1997
Fiji,FJI,Youth 15-24,35.780,1998
Fiji,FJI,Youth 15-24,43.119,1999
Fiji,FJI,Youth 15-24,43.119,2000
Fiji,FJI,Youth 15-24,43.119,2001
Fiji,FJI,Youth 15-24,40.367,2002
Fiji,FJI,Youth 15-24,46.789,2003
Fiji,FJI,Youth 15-24,41.284,2004
Fiji,FJI,Youth 15-24,33.945,2005
Fiji,FJI,Youth 15-24,36.697,2006
Fiji,FJI,Youth 15-24,47.706,2007
Fiji,FJI,Youth 15-24,34.862,2008
Fiji,FJI,Youth 15-24,36.697,2009
Fiji,FJI,Youth 15-24,18.349,2010
Fiji,FJI,Youth 15-24,59.633,2011
Fiji,FJI,Youth 15-24,36.697,2012
Fiji,FJI,Youth 15-24,22.018,2013
Fiji,FJI,Youth 15-24,50.459,2014
Fiji,FJI,Youth 15-24,33.945,2015
Fiji,FJI,Youth 15-24,51.376,2016
Fiji,FJI,Youth 15-24,33.945,2017
Fiji,FJI,Youth 15-24,27.523,2018
Fiji,FJI,Youth 15-24,26.606,2019
Fiji,FJI,Youth 15-24,27.523,2020
Fiji,FJI,Youth 15-24,38.532,2021
Fiji,FJI,Youth 15-24,25.688,2022
Fiji,FJI,Youth 15-24,20.183,2023
