Country Name,Country Code,Topic,% of available indicators,Year
Cyprus,CYP,Assets,0.000,1960
Cyprus,CYP,Assets,0.000,1961
Cyprus,CYP,Assets,0.000,1962
Cyprus,CYP,Assets,0.000,1963
Cyprus,CYP,Assets,0.000,1964
Cyprus,CYP,Assets,0.000,1965
Cyprus,CYP,Assets,0.000,1966
Cyprus,CYP,Assets,0.000,1967
Cyprus,CYP,Assets,0.000,1968
Cyprus,CYP,Assets,0.000,1969
Cyprus,CYP,Assets,2.208,1970
Cyprus,CYP,Assets,2.208,1971
Cyprus,CYP,Assets,2.208,1972
Cyprus,CYP,Assets,2.208,1973
Cyprus,CYP,Assets,2.208,1974
Cyprus,CYP,Assets,2.208,1975
Cyprus,CYP,Assets,2.208,1976
Cyprus,CYP,Assets,2.208,1977
Cyprus,CYP,Assets,2.208,1978
Cyprus,CYP,Assets,2.208,1979
Cyprus,CYP,Assets,2.208,1980
Cyprus,CYP,Assets,2.208,1981
Cyprus,CYP,Assets,2.208,1982
Cyprus,CYP,Assets,2.208,1983
Cyprus,CYP,Assets,2.208,1984
Cyprus,CYP,Assets,2.208,1985
Cyprus,CYP,Assets,2.208,1986
Cyprus,CYP,Assets,2.208,1987
Cyprus,CYP,Assets,2.208,1988
Cyprus,CYP,Assets,2.208,1989
Cyprus,CYP,Assets,2.208,1990
Cyprus,CYP,Assets,2.208,1991
Cyprus,CYP,Assets,2.208,1992
Cyprus,CYP,Assets,2.208,1993
Cyprus,CYP,Assets,2.208,1994
Cyprus,CYP,Assets,2.208,1995
Cyprus,CYP,Assets,2.208,1996
Cyprus,CYP,Assets,2.208,1997
Cyprus,CYP,Assets,2.208,1998
Cyprus,CYP,Assets,2.208,1999
Cyprus,CYP,Assets,2.208,2000
Cyprus,CYP,Assets,2.208,2001
Cyprus,CYP,Assets,2.208,2002
Cyprus,CYP,Assets,2.208,2003
Cyprus,CYP,Assets,2.208,2004
Cyprus,CYP,Assets,2.208,2005
Cyprus,CYP,Assets,2.208,2006
Cyprus,CYP,Assets,2.208,2007
Cyprus,CYP,Assets,2.208,2008
Cyprus,CYP,Assets,2.208,2009
Cyprus,CYP,Assets,2.208,2010
Cyprus,CYP,Assets,10.726,2011
Cyprus,CYP,Assets,2.208,2012
Cyprus,CYP,Assets,2.208,2013
Cyprus,CYP,Assets,24.921,2014
Cyprus,CYP,Assets,2.208,2015
Cyprus,CYP,Assets,2.208,2016
Cyprus,CYP,Assets,26.814,2017
Cyprus,CYP,Assets,2.208,2018
Cyprus,CYP,Assets,2.208,2019
Cyprus,CYP,Assets,2.208,2020
Cyprus,CYP,Assets,51.735,2021
Cyprus,CYP,Assets,2.208,2022
Cyprus,CYP,Assets,2.208,2023
Cyprus,CYP,Children 0-14,10.769,1960
Cyprus,CYP,Children 0-14,10.769,1961
Cyprus,CYP,Children 0-14,10.769,1962
Cyprus,CYP,Children 0-14,10.769,1963
Cyprus,CYP,Children 0-14,10.769,1964
Cyprus,CYP,Children 0-14,10.769,1965
Cyprus,CYP,Children 0-14,10.769,1966
Cyprus,CYP,Children 0-14,10.769,1967
Cyprus,CYP,Children 0-14,10.769,1968
Cyprus,CYP,Children 0-14,10.769,1969
Cyprus,CYP,Children 0-14,10.769,1970
Cyprus,CYP,Children 0-14,26.154,1971
Cyprus,CYP,Children 0-14,28.462,1972
Cyprus,CYP,Children 0-14,28.462,1973
Cyprus,CYP,Children 0-14,28.462,1974
Cyprus,CYP,Children 0-14,28.462,1975
Cyprus,CYP,Children 0-14,30.000,1976
Cyprus,CYP,Children 0-14,30.000,1977
Cyprus,CYP,Children 0-14,30.000,1978
Cyprus,CYP,Children 0-14,30.000,1979
Cyprus,CYP,Children 0-14,31.538,1980
Cyprus,CYP,Children 0-14,31.538,1981
Cyprus,CYP,Children 0-14,31.538,1982
Cyprus,CYP,Children 0-14,31.538,1983
Cyprus,CYP,Children 0-14,31.538,1984
Cyprus,CYP,Children 0-14,31.538,1985
Cyprus,CYP,Children 0-14,31.538,1986
Cyprus,CYP,Children 0-14,31.538,1987
Cyprus,CYP,Children 0-14,31.538,1988
Cyprus,CYP,Children 0-14,31.538,1989
Cyprus,CYP,Children 0-14,30.000,1990
Cyprus,CYP,Children 0-14,31.538,1991
Cyprus,CYP,Children 0-14,36.154,1992
Cyprus,CYP,Children 0-14,31.538,1993
Cyprus,CYP,Children 0-14,31.538,1994
Cyprus,CYP,Children 0-14,30.000,1995
Cyprus,CYP,Children 0-14,30.000,1996
Cyprus,CYP,Children 0-14,30.000,1997
Cyprus,CYP,Children 0-14,20.769,1998
Cyprus,CYP,Children 0-14,28.462,1999
Cyprus,CYP,Children 0-14,54.615,2000
Cyprus,CYP,Children 0-14,43.846,2001
Cyprus,CYP,Children 0-14,43.846,2002
Cyprus,CYP,Children 0-14,45.385,2003
Cyprus,CYP,Children 0-14,46.154,2004
Cyprus,CYP,Children 0-14,43.077,2005
Cyprus,CYP,Children 0-14,43.077,2006
Cyprus,CYP,Children 0-14,43.077,2007
Cyprus,CYP,Children 0-14,40.000,2008
Cyprus,CYP,Children 0-14,40.000,2009
Cyprus,CYP,Children 0-14,56.923,2010
Cyprus,CYP,Children 0-14,40.000,2011
Cyprus,CYP,Children 0-14,46.154,2012
Cyprus,CYP,Children 0-14,46.154,2013
Cyprus,CYP,Children 0-14,49.231,2014
Cyprus,CYP,Children 0-14,61.538,2015
Cyprus,CYP,Children 0-14,46.154,2016
Cyprus,CYP,Children 0-14,47.692,2017
Cyprus,CYP,Children 0-14,40.769,2018
Cyprus,CYP,Children 0-14,53.846,2019
Cyprus,CYP,Children 0-14,40.769,2020
Cyprus,CYP,Children 0-14,37.692,2021
Cyprus,CYP,Children 0-14,34.615,2022
Cyprus,CYP,Children 0-14,9.231,2023
Cyprus,CYP,Education,0.000,1960
Cyprus,CYP,Education,0.000,1961
Cyprus,CYP,Education,0.000,1962
Cyprus,CYP,Education,0.000,1963
Cyprus,CYP,Education,0.000,1964
Cyprus,CYP,Education,0.000,1965
Cyprus,CYP,Education,0.000,1966
Cyprus,CYP,Education,0.000,1967
Cyprus,CYP,Education,0.000,1968
Cyprus,CYP,Education,0.000,1969
Cyprus,CYP,Education,0.000,1970
Cyprus,CYP,Education,19.632,1971
Cyprus,CYP,Education,20.859,1972
Cyprus,CYP,Education,20.859,1973
Cyprus,CYP,Education,20.859,1974
Cyprus,CYP,Education,19.018,1975
Cyprus,CYP,Education,19.018,1976
Cyprus,CYP,Education,19.018,1977
Cyprus,CYP,Education,21.472,1978
Cyprus,CYP,Education,21.472,1979
Cyprus,CYP,Education,21.472,1980
Cyprus,CYP,Education,20.245,1981
Cyprus,CYP,Education,21.472,1982
Cyprus,CYP,Education,20.859,1983
Cyprus,CYP,Education,17.791,1984
Cyprus,CYP,Education,17.791,1985
Cyprus,CYP,Education,17.791,1986
Cyprus,CYP,Education,17.791,1987
Cyprus,CYP,Education,15.951,1988
Cyprus,CYP,Education,17.791,1989
Cyprus,CYP,Education,14.724,1990
Cyprus,CYP,Education,15.951,1991
Cyprus,CYP,Education,30.061,1992
Cyprus,CYP,Education,17.791,1993
Cyprus,CYP,Education,19.632,1994
Cyprus,CYP,Education,18.405,1995
Cyprus,CYP,Education,17.791,1996
Cyprus,CYP,Education,15.951,1997
Cyprus,CYP,Education,0.000,1998
Cyprus,CYP,Education,33.129,1999
Cyprus,CYP,Education,40.491,2000
Cyprus,CYP,Education,48.466,2001
Cyprus,CYP,Education,51.534,2002
Cyprus,CYP,Education,52.761,2003
Cyprus,CYP,Education,56.442,2004
Cyprus,CYP,Education,49.080,2005
Cyprus,CYP,Education,56.442,2006
Cyprus,CYP,Education,56.442,2007
Cyprus,CYP,Education,53.988,2008
Cyprus,CYP,Education,53.988,2009
Cyprus,CYP,Education,65.031,2010
Cyprus,CYP,Education,60.736,2011
Cyprus,CYP,Education,57.669,2012
Cyprus,CYP,Education,65.031,2013
Cyprus,CYP,Education,70.552,2014
Cyprus,CYP,Education,69.939,2015
Cyprus,CYP,Education,66.871,2016
Cyprus,CYP,Education,73.620,2017
Cyprus,CYP,Education,52.147,2018
Cyprus,CYP,Education,39.264,2019
Cyprus,CYP,Education,50.307,2020
Cyprus,CYP,Education,41.718,2021
Cyprus,CYP,Education,33.742,2022
Cyprus,CYP,Education,1.840,2023
Cyprus,CYP,Employment and Time Use,5.109,1960
Cyprus,CYP,Employment and Time Use,0.000,1961
Cyprus,CYP,Employment and Time Use,0.000,1962
Cyprus,CYP,Employment and Time Use,0.000,1963
Cyprus,CYP,Employment and Time Use,0.000,1964
Cyprus,CYP,Employment and Time Use,0.000,1965
Cyprus,CYP,Employment and Time Use,0.000,1966
Cyprus,CYP,Employment and Time Use,0.000,1967
Cyprus,CYP,Employment and Time Use,0.000,1968
Cyprus,CYP,Employment and Time Use,0.000,1969
Cyprus,CYP,Employment and Time Use,21.168,1970
Cyprus,CYP,Employment and Time Use,21.168,1971
Cyprus,CYP,Employment and Time Use,21.168,1972
Cyprus,CYP,Employment and Time Use,21.168,1973
Cyprus,CYP,Employment and Time Use,21.898,1974
Cyprus,CYP,Employment and Time Use,23.358,1975
Cyprus,CYP,Employment and Time Use,28.467,1976
Cyprus,CYP,Employment and Time Use,26.277,1977
Cyprus,CYP,Employment and Time Use,28.467,1978
Cyprus,CYP,Employment and Time Use,23.358,1979
Cyprus,CYP,Employment and Time Use,23.358,1980
Cyprus,CYP,Employment and Time Use,23.358,1981
Cyprus,CYP,Employment and Time Use,23.358,1982
Cyprus,CYP,Employment and Time Use,23.358,1983
Cyprus,CYP,Employment and Time Use,26.277,1984
Cyprus,CYP,Employment and Time Use,28.467,1985
Cyprus,CYP,Employment and Time Use,23.358,1986
Cyprus,CYP,Employment and Time Use,28.467,1987
Cyprus,CYP,Employment and Time Use,30.657,1988
Cyprus,CYP,Employment and Time Use,30.657,1989
Cyprus,CYP,Employment and Time Use,40.876,1990
Cyprus,CYP,Employment and Time Use,65.693,1991
Cyprus,CYP,Employment and Time Use,68.613,1992
Cyprus,CYP,Employment and Time Use,58.394,1993
Cyprus,CYP,Employment and Time Use,58.394,1994
Cyprus,CYP,Employment and Time Use,65.693,1995
Cyprus,CYP,Employment and Time Use,58.394,1996
Cyprus,CYP,Employment and Time Use,58.394,1997
Cyprus,CYP,Employment and Time Use,58.394,1998
Cyprus,CYP,Employment and Time Use,89.781,1999
Cyprus,CYP,Employment and Time Use,90.511,2000
Cyprus,CYP,Employment and Time Use,90.511,2001
Cyprus,CYP,Employment and Time Use,90.511,2002
Cyprus,CYP,Employment and Time Use,90.511,2003
Cyprus,CYP,Employment and Time Use,90.511,2004
Cyprus,CYP,Employment and Time Use,90.511,2005
Cyprus,CYP,Employment and Time Use,90.511,2006
Cyprus,CYP,Employment and Time Use,90.511,2007
Cyprus,CYP,Employment and Time Use,90.511,2008
Cyprus,CYP,Employment and Time Use,90.511,2009
Cyprus,CYP,Employment and Time Use,90.511,2010
Cyprus,CYP,Employment and Time Use,90.511,2011
Cyprus,CYP,Employment and Time Use,90.511,2012
Cyprus,CYP,Employment and Time Use,90.511,2013
Cyprus,CYP,Employment and Time Use,90.511,2014
Cyprus,CYP,Employment and Time Use,90.511,2015
Cyprus,CYP,Employment and Time Use,90.511,2016
Cyprus,CYP,Employment and Time Use,90.511,2017
Cyprus,CYP,Employment and Time Use,90.511,2018
Cyprus,CYP,Employment and Time Use,90.511,2019
Cyprus,CYP,Employment and Time Use,90.511,2020
Cyprus,CYP,Employment and Time Use,90.511,2021
Cyprus,CYP,Employment and Time Use,90.511,2022
Cyprus,CYP,Employment and Time Use,93.431,2023
Cyprus,CYP,Entrepreneurship,0.000,1960
Cyprus,CYP,Entrepreneurship,0.000,1961
Cyprus,CYP,Entrepreneurship,0.000,1962
Cyprus,CYP,Entrepreneurship,0.000,1963
Cyprus,CYP,Entrepreneurship,0.000,1964
Cyprus,CYP,Entrepreneurship,0.000,1965
Cyprus,CYP,Entrepreneurship,0.000,1966
Cyprus,CYP,Entrepreneurship,0.000,1967
Cyprus,CYP,Entrepreneurship,0.000,1968
Cyprus,CYP,Entrepreneurship,0.000,1969
Cyprus,CYP,Entrepreneurship,9.375,1970
Cyprus,CYP,Entrepreneurship,9.375,1971
Cyprus,CYP,Entrepreneurship,9.375,1972
Cyprus,CYP,Entrepreneurship,9.375,1973
Cyprus,CYP,Entrepreneurship,9.375,1974
Cyprus,CYP,Entrepreneurship,9.375,1975
Cyprus,CYP,Entrepreneurship,9.375,1976
Cyprus,CYP,Entrepreneurship,9.375,1977
Cyprus,CYP,Entrepreneurship,9.375,1978
Cyprus,CYP,Entrepreneurship,9.375,1979
Cyprus,CYP,Entrepreneurship,9.375,1980
Cyprus,CYP,Entrepreneurship,9.375,1981
Cyprus,CYP,Entrepreneurship,9.375,1982
Cyprus,CYP,Entrepreneurship,9.375,1983
Cyprus,CYP,Entrepreneurship,9.375,1984
Cyprus,CYP,Entrepreneurship,9.375,1985
Cyprus,CYP,Entrepreneurship,9.375,1986
Cyprus,CYP,Entrepreneurship,9.375,1987
Cyprus,CYP,Entrepreneurship,9.375,1988
Cyprus,CYP,Entrepreneurship,9.375,1989
Cyprus,CYP,Entrepreneurship,9.375,1990
Cyprus,CYP,Entrepreneurship,9.375,1991
Cyprus,CYP,Entrepreneurship,9.375,1992
Cyprus,CYP,Entrepreneurship,9.375,1993
Cyprus,CYP,Entrepreneurship,9.375,1994
Cyprus,CYP,Entrepreneurship,9.375,1995
Cyprus,CYP,Entrepreneurship,9.375,1996
Cyprus,CYP,Entrepreneurship,9.375,1997
Cyprus,CYP,Entrepreneurship,9.375,1998
Cyprus,CYP,Entrepreneurship,9.375,1999
Cyprus,CYP,Entrepreneurship,9.375,2000
Cyprus,CYP,Entrepreneurship,9.375,2001
Cyprus,CYP,Entrepreneurship,9.375,2002
Cyprus,CYP,Entrepreneurship,9.375,2003
Cyprus,CYP,Entrepreneurship,9.375,2004
Cyprus,CYP,Entrepreneurship,9.375,2005
Cyprus,CYP,Entrepreneurship,9.375,2006
Cyprus,CYP,Entrepreneurship,9.375,2007
Cyprus,CYP,Entrepreneurship,37.500,2008
Cyprus,CYP,Entrepreneurship,37.500,2009
Cyprus,CYP,Entrepreneurship,37.500,2010
Cyprus,CYP,Entrepreneurship,37.500,2011
Cyprus,CYP,Entrepreneurship,37.500,2012
Cyprus,CYP,Entrepreneurship,37.500,2013
Cyprus,CYP,Entrepreneurship,56.250,2014
Cyprus,CYP,Entrepreneurship,37.500,2015
Cyprus,CYP,Entrepreneurship,37.500,2016
Cyprus,CYP,Entrepreneurship,56.250,2017
Cyprus,CYP,Entrepreneurship,37.500,2018
Cyprus,CYP,Entrepreneurship,43.750,2019
Cyprus,CYP,Entrepreneurship,9.375,2020
Cyprus,CYP,Entrepreneurship,9.375,2021
Cyprus,CYP,Entrepreneurship,9.375,2022
Cyprus,CYP,Entrepreneurship,9.375,2023
Cyprus,CYP,Environment,0.000,1960
Cyprus,CYP,Environment,0.000,1961
Cyprus,CYP,Environment,0.000,1962
Cyprus,CYP,Environment,0.000,1963
Cyprus,CYP,Environment,0.000,1964
Cyprus,CYP,Environment,0.000,1965
Cyprus,CYP,Environment,0.000,1966
Cyprus,CYP,Environment,0.000,1967
Cyprus,CYP,Environment,0.000,1968
Cyprus,CYP,Environment,0.000,1969
Cyprus,CYP,Environment,0.000,1970
Cyprus,CYP,Environment,0.000,1971
Cyprus,CYP,Environment,0.000,1972
Cyprus,CYP,Environment,0.000,1973
Cyprus,CYP,Environment,0.000,1974
Cyprus,CYP,Environment,0.000,1975
Cyprus,CYP,Environment,0.000,1976
Cyprus,CYP,Environment,0.000,1977
Cyprus,CYP,Environment,0.000,1978
Cyprus,CYP,Environment,0.000,1979
Cyprus,CYP,Environment,0.000,1980
Cyprus,CYP,Environment,0.000,1981
Cyprus,CYP,Environment,0.000,1982
Cyprus,CYP,Environment,0.000,1983
Cyprus,CYP,Environment,0.000,1984
Cyprus,CYP,Environment,0.000,1985
Cyprus,CYP,Environment,0.000,1986
Cyprus,CYP,Environment,0.000,1987
Cyprus,CYP,Environment,0.000,1988
Cyprus,CYP,Environment,0.000,1989
Cyprus,CYP,Environment,0.000,1990
Cyprus,CYP,Environment,0.000,1991
Cyprus,CYP,Environment,0.000,1992
Cyprus,CYP,Environment,0.000,1993
Cyprus,CYP,Environment,0.000,1994
Cyprus,CYP,Environment,0.000,1995
Cyprus,CYP,Environment,0.000,1996
Cyprus,CYP,Environment,0.000,1997
Cyprus,CYP,Environment,0.000,1998
Cyprus,CYP,Environment,3.333,1999
Cyprus,CYP,Environment,10.000,2000
Cyprus,CYP,Environment,10.000,2001
Cyprus,CYP,Environment,13.333,2002
Cyprus,CYP,Environment,13.333,2003
Cyprus,CYP,Environment,13.333,2004
Cyprus,CYP,Environment,10.000,2005
Cyprus,CYP,Environment,13.333,2006
Cyprus,CYP,Environment,13.333,2007
Cyprus,CYP,Environment,13.333,2008
Cyprus,CYP,Environment,13.333,2009
Cyprus,CYP,Environment,13.333,2010
Cyprus,CYP,Environment,13.333,2011
Cyprus,CYP,Environment,13.333,2012
Cyprus,CYP,Environment,13.333,2013
Cyprus,CYP,Environment,13.333,2014
Cyprus,CYP,Environment,13.333,2015
Cyprus,CYP,Environment,13.333,2016
Cyprus,CYP,Environment,13.333,2017
Cyprus,CYP,Environment,10.000,2018
Cyprus,CYP,Environment,30.000,2019
Cyprus,CYP,Environment,10.000,2020
Cyprus,CYP,Environment,10.000,2021
Cyprus,CYP,Environment,10.000,2022
Cyprus,CYP,Environment,0.000,2023
Cyprus,CYP,Health,3.030,1960
Cyprus,CYP,Health,3.030,1961
Cyprus,CYP,Health,3.030,1962
Cyprus,CYP,Health,3.030,1963
Cyprus,CYP,Health,3.030,1964
Cyprus,CYP,Health,3.030,1965
Cyprus,CYP,Health,3.030,1966
Cyprus,CYP,Health,3.030,1967
Cyprus,CYP,Health,3.030,1968
Cyprus,CYP,Health,3.030,1969
Cyprus,CYP,Health,3.030,1970
Cyprus,CYP,Health,6.061,1971
Cyprus,CYP,Health,7.576,1972
Cyprus,CYP,Health,7.576,1973
Cyprus,CYP,Health,7.576,1974
Cyprus,CYP,Health,10.101,1975
Cyprus,CYP,Health,11.111,1976
Cyprus,CYP,Health,11.111,1977
Cyprus,CYP,Health,11.111,1978
Cyprus,CYP,Health,11.111,1979
Cyprus,CYP,Health,12.121,1980
Cyprus,CYP,Health,12.121,1981
Cyprus,CYP,Health,12.121,1982
Cyprus,CYP,Health,12.121,1983
Cyprus,CYP,Health,12.121,1984
Cyprus,CYP,Health,12.121,1985
Cyprus,CYP,Health,12.121,1986
Cyprus,CYP,Health,12.121,1987
Cyprus,CYP,Health,12.121,1988
Cyprus,CYP,Health,12.121,1989
Cyprus,CYP,Health,17.172,1990
Cyprus,CYP,Health,17.172,1991
Cyprus,CYP,Health,17.172,1992
Cyprus,CYP,Health,17.172,1993
Cyprus,CYP,Health,17.172,1994
Cyprus,CYP,Health,17.172,1995
Cyprus,CYP,Health,17.172,1996
Cyprus,CYP,Health,17.172,1997
Cyprus,CYP,Health,17.172,1998
Cyprus,CYP,Health,17.172,1999
Cyprus,CYP,Health,55.556,2000
Cyprus,CYP,Health,31.313,2001
Cyprus,CYP,Health,31.313,2002
Cyprus,CYP,Health,31.818,2003
Cyprus,CYP,Health,32.323,2004
Cyprus,CYP,Health,33.838,2005
Cyprus,CYP,Health,32.323,2006
Cyprus,CYP,Health,32.828,2007
Cyprus,CYP,Health,32.323,2008
Cyprus,CYP,Health,32.323,2009
Cyprus,CYP,Health,59.596,2010
Cyprus,CYP,Health,32.828,2011
Cyprus,CYP,Health,32.323,2012
Cyprus,CYP,Health,32.323,2013
Cyprus,CYP,Health,33.838,2014
Cyprus,CYP,Health,55.051,2015
Cyprus,CYP,Health,32.323,2016
Cyprus,CYP,Health,33.838,2017
Cyprus,CYP,Health,33.838,2018
Cyprus,CYP,Health,56.566,2019
Cyprus,CYP,Health,25.758,2020
Cyprus,CYP,Health,19.192,2021
Cyprus,CYP,Health,11.616,2022
Cyprus,CYP,Health,1.010,2023
Cyprus,CYP,Leadership,0.000,1960
Cyprus,CYP,Leadership,0.000,1961
Cyprus,CYP,Leadership,0.000,1962
Cyprus,CYP,Leadership,0.000,1963
Cyprus,CYP,Leadership,0.000,1964
Cyprus,CYP,Leadership,0.000,1965
Cyprus,CYP,Leadership,0.000,1966
Cyprus,CYP,Leadership,0.000,1967
Cyprus,CYP,Leadership,0.000,1968
Cyprus,CYP,Leadership,0.000,1969
Cyprus,CYP,Leadership,0.000,1970
Cyprus,CYP,Leadership,0.000,1971
Cyprus,CYP,Leadership,0.000,1972
Cyprus,CYP,Leadership,0.000,1973
Cyprus,CYP,Leadership,0.000,1974
Cyprus,CYP,Leadership,0.000,1975
Cyprus,CYP,Leadership,0.000,1976
Cyprus,CYP,Leadership,0.000,1977
Cyprus,CYP,Leadership,0.000,1978
Cyprus,CYP,Leadership,0.000,1979
Cyprus,CYP,Leadership,0.000,1980
Cyprus,CYP,Leadership,0.000,1981
Cyprus,CYP,Leadership,0.000,1982
Cyprus,CYP,Leadership,0.000,1983
Cyprus,CYP,Leadership,0.000,1984
Cyprus,CYP,Leadership,0.000,1985
Cyprus,CYP,Leadership,0.000,1986
Cyprus,CYP,Leadership,0.000,1987
Cyprus,CYP,Leadership,0.000,1988
Cyprus,CYP,Leadership,0.000,1989
Cyprus,CYP,Leadership,0.000,1990
Cyprus,CYP,Leadership,0.000,1991
Cyprus,CYP,Leadership,0.000,1992
Cyprus,CYP,Leadership,0.000,1993
Cyprus,CYP,Leadership,0.000,1994
Cyprus,CYP,Leadership,0.000,1995
Cyprus,CYP,Leadership,0.000,1996
Cyprus,CYP,Leadership,25.000,1997
Cyprus,CYP,Leadership,25.000,1998
Cyprus,CYP,Leadership,25.000,1999
Cyprus,CYP,Leadership,50.000,2000
Cyprus,CYP,Leadership,50.000,2001
Cyprus,CYP,Leadership,50.000,2002
Cyprus,CYP,Leadership,50.000,2003
Cyprus,CYP,Leadership,50.000,2004
Cyprus,CYP,Leadership,75.000,2005
Cyprus,CYP,Leadership,50.000,2006
Cyprus,CYP,Leadership,50.000,2007
Cyprus,CYP,Leadership,75.000,2008
Cyprus,CYP,Leadership,50.000,2009
Cyprus,CYP,Leadership,75.000,2010
Cyprus,CYP,Leadership,50.000,2011
Cyprus,CYP,Leadership,75.000,2012
Cyprus,CYP,Leadership,50.000,2013
Cyprus,CYP,Leadership,75.000,2014
Cyprus,CYP,Leadership,75.000,2015
Cyprus,CYP,Leadership,75.000,2016
Cyprus,CYP,Leadership,50.000,2017
Cyprus,CYP,Leadership,75.000,2018
Cyprus,CYP,Leadership,100.000,2019
Cyprus,CYP,Leadership,75.000,2020
Cyprus,CYP,Leadership,50.000,2021
Cyprus,CYP,Leadership,75.000,2022
Cyprus,CYP,Leadership,50.000,2023
Cyprus,CYP,Norms and Decision-making,0.000,1960
Cyprus,CYP,Norms and Decision-making,0.000,1961
Cyprus,CYP,Norms and Decision-making,0.000,1962
Cyprus,CYP,Norms and Decision-making,0.000,1963
Cyprus,CYP,Norms and Decision-making,0.000,1964
Cyprus,CYP,Norms and Decision-making,0.000,1965
Cyprus,CYP,Norms and Decision-making,0.000,1966
Cyprus,CYP,Norms and Decision-making,0.000,1967
Cyprus,CYP,Norms and Decision-making,0.000,1968
Cyprus,CYP,Norms and Decision-making,0.000,1969
Cyprus,CYP,Norms and Decision-making,12.593,1970
Cyprus,CYP,Norms and Decision-making,12.593,1971
Cyprus,CYP,Norms and Decision-making,12.593,1972
Cyprus,CYP,Norms and Decision-making,14.074,1973
Cyprus,CYP,Norms and Decision-making,12.593,1974
Cyprus,CYP,Norms and Decision-making,12.593,1975
Cyprus,CYP,Norms and Decision-making,14.074,1976
Cyprus,CYP,Norms and Decision-making,12.593,1977
Cyprus,CYP,Norms and Decision-making,12.593,1978
Cyprus,CYP,Norms and Decision-making,12.593,1979
Cyprus,CYP,Norms and Decision-making,12.593,1980
Cyprus,CYP,Norms and Decision-making,12.593,1981
Cyprus,CYP,Norms and Decision-making,12.593,1982
Cyprus,CYP,Norms and Decision-making,12.593,1983
Cyprus,CYP,Norms and Decision-making,12.593,1984
Cyprus,CYP,Norms and Decision-making,12.593,1985
Cyprus,CYP,Norms and Decision-making,12.593,1986
Cyprus,CYP,Norms and Decision-making,12.593,1987
Cyprus,CYP,Norms and Decision-making,12.593,1988
Cyprus,CYP,Norms and Decision-making,12.593,1989
Cyprus,CYP,Norms and Decision-making,12.593,1990
Cyprus,CYP,Norms and Decision-making,12.593,1991
Cyprus,CYP,Norms and Decision-making,14.074,1992
Cyprus,CYP,Norms and Decision-making,12.593,1993
Cyprus,CYP,Norms and Decision-making,12.593,1994
Cyprus,CYP,Norms and Decision-making,12.593,1995
Cyprus,CYP,Norms and Decision-making,12.593,1996
Cyprus,CYP,Norms and Decision-making,12.593,1997
Cyprus,CYP,Norms and Decision-making,12.593,1998
Cyprus,CYP,Norms and Decision-making,12.593,1999
Cyprus,CYP,Norms and Decision-making,12.593,2000
Cyprus,CYP,Norms and Decision-making,14.074,2001
Cyprus,CYP,Norms and Decision-making,12.593,2002
Cyprus,CYP,Norms and Decision-making,12.593,2003
Cyprus,CYP,Norms and Decision-making,12.593,2004
Cyprus,CYP,Norms and Decision-making,12.593,2005
Cyprus,CYP,Norms and Decision-making,12.593,2006
Cyprus,CYP,Norms and Decision-making,12.593,2007
Cyprus,CYP,Norms and Decision-making,12.593,2008
Cyprus,CYP,Norms and Decision-making,12.593,2009
Cyprus,CYP,Norms and Decision-making,12.593,2010
Cyprus,CYP,Norms and Decision-making,14.074,2011
Cyprus,CYP,Norms and Decision-making,12.593,2012
Cyprus,CYP,Norms and Decision-making,12.593,2013
Cyprus,CYP,Norms and Decision-making,12.593,2014
Cyprus,CYP,Norms and Decision-making,12.593,2015
Cyprus,CYP,Norms and Decision-making,12.593,2016
Cyprus,CYP,Norms and Decision-making,12.593,2017
Cyprus,CYP,Norms and Decision-making,12.593,2018
Cyprus,CYP,Norms and Decision-making,12.593,2019
Cyprus,CYP,Norms and Decision-making,12.593,2020
Cyprus,CYP,Norms and Decision-making,12.593,2021
Cyprus,CYP,Norms and Decision-making,12.593,2022
Cyprus,CYP,Norms and Decision-making,12.593,2023
Cyprus,CYP,Population,86.905,1960
Cyprus,CYP,Population,86.905,1961
Cyprus,CYP,Population,86.905,1962
Cyprus,CYP,Population,86.905,1963
Cyprus,CYP,Population,86.905,1964
Cyprus,CYP,Population,86.905,1965
Cyprus,CYP,Population,86.905,1966
Cyprus,CYP,Population,86.905,1967
Cyprus,CYP,Population,86.905,1968
Cyprus,CYP,Population,86.905,1969
Cyprus,CYP,Population,86.905,1970
Cyprus,CYP,Population,86.905,1971
Cyprus,CYP,Population,86.905,1972
Cyprus,CYP,Population,89.286,1973
Cyprus,CYP,Population,86.905,1974
Cyprus,CYP,Population,86.905,1975
Cyprus,CYP,Population,89.286,1976
Cyprus,CYP,Population,86.905,1977
Cyprus,CYP,Population,86.905,1978
Cyprus,CYP,Population,86.905,1979
Cyprus,CYP,Population,91.667,1980
Cyprus,CYP,Population,86.905,1981
Cyprus,CYP,Population,86.905,1982
Cyprus,CYP,Population,86.905,1983
Cyprus,CYP,Population,86.905,1984
Cyprus,CYP,Population,91.667,1985
Cyprus,CYP,Population,86.905,1986
Cyprus,CYP,Population,86.905,1987
Cyprus,CYP,Population,86.905,1988
Cyprus,CYP,Population,86.905,1989
Cyprus,CYP,Population,92.857,1990
Cyprus,CYP,Population,86.905,1991
Cyprus,CYP,Population,89.286,1992
Cyprus,CYP,Population,86.905,1993
Cyprus,CYP,Population,86.905,1994
Cyprus,CYP,Population,92.857,1995
Cyprus,CYP,Population,86.905,1996
Cyprus,CYP,Population,86.905,1997
Cyprus,CYP,Population,86.905,1998
Cyprus,CYP,Population,86.905,1999
Cyprus,CYP,Population,92.857,2000
Cyprus,CYP,Population,89.286,2001
Cyprus,CYP,Population,86.905,2002
Cyprus,CYP,Population,86.905,2003
Cyprus,CYP,Population,86.905,2004
Cyprus,CYP,Population,92.857,2005
Cyprus,CYP,Population,86.905,2006
Cyprus,CYP,Population,86.905,2007
Cyprus,CYP,Population,86.905,2008
Cyprus,CYP,Population,86.905,2009
Cyprus,CYP,Population,94.048,2010
Cyprus,CYP,Population,89.286,2011
Cyprus,CYP,Population,86.905,2012
Cyprus,CYP,Population,86.905,2013
Cyprus,CYP,Population,88.095,2014
Cyprus,CYP,Population,92.857,2015
Cyprus,CYP,Population,86.905,2016
Cyprus,CYP,Population,88.095,2017
Cyprus,CYP,Population,86.905,2018
Cyprus,CYP,Population,89.286,2019
Cyprus,CYP,Population,88.095,2020
Cyprus,CYP,Population,86.905,2021
Cyprus,CYP,Population,88.095,2022
Cyprus,CYP,Population,77.381,2023
Cyprus,CYP,SDGs,0.671,1960
Cyprus,CYP,SDGs,0.671,1961
Cyprus,CYP,SDGs,0.671,1962
Cyprus,CYP,SDGs,0.671,1963
Cyprus,CYP,SDGs,0.671,1964
Cyprus,CYP,SDGs,0.671,1965
Cyprus,CYP,SDGs,0.671,1966
Cyprus,CYP,SDGs,0.671,1967
Cyprus,CYP,SDGs,0.671,1968
Cyprus,CYP,SDGs,0.671,1969
Cyprus,CYP,SDGs,9.396,1970
Cyprus,CYP,SDGs,11.409,1971
Cyprus,CYP,SDGs,11.409,1972
Cyprus,CYP,SDGs,11.409,1973
Cyprus,CYP,SDGs,12.081,1974
Cyprus,CYP,SDGs,13.423,1975
Cyprus,CYP,SDGs,13.423,1976
Cyprus,CYP,SDGs,13.423,1977
Cyprus,CYP,SDGs,13.423,1978
Cyprus,CYP,SDGs,13.423,1979
Cyprus,CYP,SDGs,14.094,1980
Cyprus,CYP,SDGs,14.094,1981
Cyprus,CYP,SDGs,14.094,1982
Cyprus,CYP,SDGs,14.094,1983
Cyprus,CYP,SDGs,14.094,1984
Cyprus,CYP,SDGs,14.094,1985
Cyprus,CYP,SDGs,14.094,1986
Cyprus,CYP,SDGs,14.094,1987
Cyprus,CYP,SDGs,14.094,1988
Cyprus,CYP,SDGs,14.094,1989
Cyprus,CYP,SDGs,18.792,1990
Cyprus,CYP,SDGs,22.819,1991
Cyprus,CYP,SDGs,24.832,1992
Cyprus,CYP,SDGs,22.819,1993
Cyprus,CYP,SDGs,22.819,1994
Cyprus,CYP,SDGs,22.819,1995
Cyprus,CYP,SDGs,22.819,1996
Cyprus,CYP,SDGs,23.490,1997
Cyprus,CYP,SDGs,23.490,1998
Cyprus,CYP,SDGs,25.503,1999
Cyprus,CYP,SDGs,69.799,2000
Cyprus,CYP,SDGs,37.584,2001
Cyprus,CYP,SDGs,37.584,2002
Cyprus,CYP,SDGs,40.268,2003
Cyprus,CYP,SDGs,38.926,2004
Cyprus,CYP,SDGs,40.940,2005
Cyprus,CYP,SDGs,38.926,2006
Cyprus,CYP,SDGs,38.926,2007
Cyprus,CYP,SDGs,38.926,2008
Cyprus,CYP,SDGs,38.926,2009
Cyprus,CYP,SDGs,71.141,2010
Cyprus,CYP,SDGs,40.940,2011
Cyprus,CYP,SDGs,39.597,2012
Cyprus,CYP,SDGs,38.926,2013
Cyprus,CYP,SDGs,40.940,2014
Cyprus,CYP,SDGs,71.141,2015
Cyprus,CYP,SDGs,38.926,2016
Cyprus,CYP,SDGs,40.268,2017
Cyprus,CYP,SDGs,41.611,2018
Cyprus,CYP,SDGs,74.497,2019
Cyprus,CYP,SDGs,31.544,2020
Cyprus,CYP,SDGs,28.859,2021
Cyprus,CYP,SDGs,22.819,2022
Cyprus,CYP,SDGs,18.121,2023
Cyprus,CYP,Technology,0.000,1960
Cyprus,CYP,Technology,0.000,1961
Cyprus,CYP,Technology,0.000,1962
Cyprus,CYP,Technology,0.000,1963
Cyprus,CYP,Technology,0.000,1964
Cyprus,CYP,Technology,0.000,1965
Cyprus,CYP,Technology,0.000,1966
Cyprus,CYP,Technology,0.000,1967
Cyprus,CYP,Technology,0.000,1968
Cyprus,CYP,Technology,0.000,1969
Cyprus,CYP,Technology,0.000,1970
Cyprus,CYP,Technology,0.000,1971
Cyprus,CYP,Technology,0.000,1972
Cyprus,CYP,Technology,0.000,1973
Cyprus,CYP,Technology,0.000,1974
Cyprus,CYP,Technology,0.000,1975
Cyprus,CYP,Technology,0.000,1976
Cyprus,CYP,Technology,0.000,1977
Cyprus,CYP,Technology,0.000,1978
Cyprus,CYP,Technology,0.000,1979
Cyprus,CYP,Technology,0.000,1980
Cyprus,CYP,Technology,0.000,1981
Cyprus,CYP,Technology,0.000,1982
Cyprus,CYP,Technology,0.000,1983
Cyprus,CYP,Technology,0.000,1984
Cyprus,CYP,Technology,0.000,1985
Cyprus,CYP,Technology,0.000,1986
Cyprus,CYP,Technology,0.000,1987
Cyprus,CYP,Technology,0.000,1988
Cyprus,CYP,Technology,0.000,1989
Cyprus,CYP,Technology,2.222,1990
Cyprus,CYP,Technology,2.222,1991
Cyprus,CYP,Technology,2.222,1992
Cyprus,CYP,Technology,2.222,1993
Cyprus,CYP,Technology,2.222,1994
Cyprus,CYP,Technology,2.222,1995
Cyprus,CYP,Technology,2.222,1996
Cyprus,CYP,Technology,2.222,1997
Cyprus,CYP,Technology,2.222,1998
Cyprus,CYP,Technology,8.889,1999
Cyprus,CYP,Technology,2.222,2000
Cyprus,CYP,Technology,2.222,2001
Cyprus,CYP,Technology,8.889,2002
Cyprus,CYP,Technology,8.889,2003
Cyprus,CYP,Technology,11.111,2004
Cyprus,CYP,Technology,6.667,2005
Cyprus,CYP,Technology,13.333,2006
Cyprus,CYP,Technology,13.333,2007
Cyprus,CYP,Technology,13.333,2008
Cyprus,CYP,Technology,13.333,2009
Cyprus,CYP,Technology,13.333,2010
Cyprus,CYP,Technology,20.000,2011
Cyprus,CYP,Technology,13.333,2012
Cyprus,CYP,Technology,13.333,2013
Cyprus,CYP,Technology,40.000,2014
Cyprus,CYP,Technology,13.333,2015
Cyprus,CYP,Technology,13.333,2016
Cyprus,CYP,Technology,60.000,2017
Cyprus,CYP,Technology,6.667,2018
Cyprus,CYP,Technology,6.667,2019
Cyprus,CYP,Technology,6.667,2020
Cyprus,CYP,Technology,73.333,2021
Cyprus,CYP,Technology,6.667,2022
Cyprus,CYP,Technology,6.667,2023
Cyprus,CYP,Violence,0.000,1960
Cyprus,CYP,Violence,0.000,1961
Cyprus,CYP,Violence,0.000,1962
Cyprus,CYP,Violence,0.000,1963
Cyprus,CYP,Violence,0.000,1964
Cyprus,CYP,Violence,0.000,1965
Cyprus,CYP,Violence,0.000,1966
Cyprus,CYP,Violence,0.000,1967
Cyprus,CYP,Violence,0.000,1968
Cyprus,CYP,Violence,0.000,1969
Cyprus,CYP,Violence,2.143,1970
Cyprus,CYP,Violence,2.143,1971
Cyprus,CYP,Violence,2.143,1972
Cyprus,CYP,Violence,2.143,1973
Cyprus,CYP,Violence,2.143,1974
Cyprus,CYP,Violence,2.143,1975
Cyprus,CYP,Violence,2.143,1976
Cyprus,CYP,Violence,2.143,1977
Cyprus,CYP,Violence,2.143,1978
Cyprus,CYP,Violence,2.143,1979
Cyprus,CYP,Violence,2.143,1980
Cyprus,CYP,Violence,2.143,1981
Cyprus,CYP,Violence,2.143,1982
Cyprus,CYP,Violence,2.143,1983
Cyprus,CYP,Violence,2.143,1984
Cyprus,CYP,Violence,2.143,1985
Cyprus,CYP,Violence,2.143,1986
Cyprus,CYP,Violence,2.143,1987
Cyprus,CYP,Violence,2.143,1988
Cyprus,CYP,Violence,2.143,1989
Cyprus,CYP,Violence,2.857,1990
Cyprus,CYP,Violence,2.857,1991
Cyprus,CYP,Violence,2.857,1992
Cyprus,CYP,Violence,2.857,1993
Cyprus,CYP,Violence,2.857,1994
Cyprus,CYP,Violence,2.857,1995
Cyprus,CYP,Violence,2.857,1996
Cyprus,CYP,Violence,2.857,1997
Cyprus,CYP,Violence,2.857,1998
Cyprus,CYP,Violence,2.857,1999
Cyprus,CYP,Violence,5.000,2000
Cyprus,CYP,Violence,5.000,2001
Cyprus,CYP,Violence,5.000,2002
Cyprus,CYP,Violence,4.286,2003
Cyprus,CYP,Violence,6.429,2004
Cyprus,CYP,Violence,6.429,2005
Cyprus,CYP,Violence,6.429,2006
Cyprus,CYP,Violence,6.429,2007
Cyprus,CYP,Violence,6.429,2008
Cyprus,CYP,Violence,6.429,2009
Cyprus,CYP,Violence,6.429,2010
Cyprus,CYP,Violence,6.429,2011
Cyprus,CYP,Violence,7.143,2012
Cyprus,CYP,Violence,6.429,2013
Cyprus,CYP,Violence,6.429,2014
Cyprus,CYP,Violence,6.429,2015
Cyprus,CYP,Violence,6.429,2016
Cyprus,CYP,Violence,6.429,2017
Cyprus,CYP,Violence,9.286,2018
Cyprus,CYP,Violence,6.429,2019
Cyprus,CYP,Violence,4.286,2020
Cyprus,CYP,Violence,4.286,2021
Cyprus,CYP,Violence,2.143,2022
Cyprus,CYP,Violence,2.143,2023
Cyprus,CYP,Youth 15-24,7.339,1960
Cyprus,CYP,Youth 15-24,4.587,1961
Cyprus,CYP,Youth 15-24,4.587,1962
Cyprus,CYP,Youth 15-24,4.587,1963
Cyprus,CYP,Youth 15-24,4.587,1964
Cyprus,CYP,Youth 15-24,4.587,1965
Cyprus,CYP,Youth 15-24,4.587,1966
Cyprus,CYP,Youth 15-24,4.587,1967
Cyprus,CYP,Youth 15-24,4.587,1968
Cyprus,CYP,Youth 15-24,4.587,1969
Cyprus,CYP,Youth 15-24,4.587,1970
Cyprus,CYP,Youth 15-24,17.431,1971
Cyprus,CYP,Youth 15-24,17.431,1972
Cyprus,CYP,Youth 15-24,17.431,1973
Cyprus,CYP,Youth 15-24,17.431,1974
Cyprus,CYP,Youth 15-24,17.431,1975
Cyprus,CYP,Youth 15-24,20.183,1976
Cyprus,CYP,Youth 15-24,17.431,1977
Cyprus,CYP,Youth 15-24,17.431,1978
Cyprus,CYP,Youth 15-24,17.431,1979
Cyprus,CYP,Youth 15-24,17.431,1980
Cyprus,CYP,Youth 15-24,17.431,1981
Cyprus,CYP,Youth 15-24,17.431,1982
Cyprus,CYP,Youth 15-24,17.431,1983
Cyprus,CYP,Youth 15-24,14.679,1984
Cyprus,CYP,Youth 15-24,14.679,1985
Cyprus,CYP,Youth 15-24,14.679,1986
Cyprus,CYP,Youth 15-24,14.679,1987
Cyprus,CYP,Youth 15-24,14.679,1988
Cyprus,CYP,Youth 15-24,17.431,1989
Cyprus,CYP,Youth 15-24,22.018,1990
Cyprus,CYP,Youth 15-24,28.440,1991
Cyprus,CYP,Youth 15-24,44.954,1992
Cyprus,CYP,Youth 15-24,28.440,1993
Cyprus,CYP,Youth 15-24,31.193,1994
Cyprus,CYP,Youth 15-24,33.945,1995
Cyprus,CYP,Youth 15-24,31.193,1996
Cyprus,CYP,Youth 15-24,28.440,1997
Cyprus,CYP,Youth 15-24,18.349,1998
Cyprus,CYP,Youth 15-24,59.633,1999
Cyprus,CYP,Youth 15-24,55.046,2000
Cyprus,CYP,Youth 15-24,62.385,2001
Cyprus,CYP,Youth 15-24,68.807,2002
Cyprus,CYP,Youth 15-24,68.807,2003
Cyprus,CYP,Youth 15-24,73.394,2004
Cyprus,CYP,Youth 15-24,66.055,2005
Cyprus,CYP,Youth 15-24,77.064,2006
Cyprus,CYP,Youth 15-24,77.064,2007
Cyprus,CYP,Youth 15-24,77.064,2008
Cyprus,CYP,Youth 15-24,77.064,2009
Cyprus,CYP,Youth 15-24,77.064,2010
Cyprus,CYP,Youth 15-24,84.404,2011
Cyprus,CYP,Youth 15-24,77.064,2012
Cyprus,CYP,Youth 15-24,83.486,2013
Cyprus,CYP,Youth 15-24,83.486,2014
Cyprus,CYP,Youth 15-24,83.486,2015
Cyprus,CYP,Youth 15-24,83.486,2016
Cyprus,CYP,Youth 15-24,80.734,2017
Cyprus,CYP,Youth 15-24,55.963,2018
Cyprus,CYP,Youth 15-24,53.211,2019
Cyprus,CYP,Youth 15-24,53.211,2020
Cyprus,CYP,Youth 15-24,55.046,2021
Cyprus,CYP,Youth 15-24,46.789,2022
Cyprus,CYP,Youth 15-24,24.771,2023
