Country Name,Country Code,Topic,% of available indicators,Year
Cameroon,CMR,Assets,0.000,1960
Cameroon,CMR,Assets,0.000,1961
Cameroon,CMR,Assets,0.000,1962
Cameroon,CMR,Assets,0.000,1963
Cameroon,CMR,Assets,0.000,1964
Cameroon,CMR,Assets,0.000,1965
Cameroon,CMR,Assets,0.000,1966
Cameroon,CMR,Assets,0.000,1967
Cameroon,CMR,Assets,0.000,1968
Cameroon,CMR,Assets,0.000,1969
Cameroon,CMR,Assets,2.208,1970
Cameroon,CMR,Assets,2.208,1971
Cameroon,CMR,Assets,2.208,1972
Cameroon,CMR,Assets,2.208,1973
Cameroon,CMR,Assets,2.208,1974
Cameroon,CMR,Assets,2.208,1975
Cameroon,CMR,Assets,2.208,1976
Cameroon,CMR,Assets,2.208,1977
Cameroon,CMR,Assets,2.208,1978
Cameroon,CMR,Assets,2.208,1979
Cameroon,CMR,Assets,2.208,1980
Cameroon,CMR,Assets,2.208,1981
Cameroon,CMR,Assets,2.208,1982
Cameroon,CMR,Assets,2.208,1983
Cameroon,CMR,Assets,2.208,1984
Cameroon,CMR,Assets,2.208,1985
Cameroon,CMR,Assets,2.208,1986
Cameroon,CMR,Assets,2.208,1987
Cameroon,CMR,Assets,2.208,1988
Cameroon,CMR,Assets,2.208,1989
Cameroon,CMR,Assets,2.208,1990
Cameroon,CMR,Assets,2.208,1991
Cameroon,CMR,Assets,2.208,1992
Cameroon,CMR,Assets,2.208,1993
Cameroon,CMR,Assets,2.208,1994
Cameroon,CMR,Assets,2.208,1995
Cameroon,CMR,Assets,2.208,1996
Cameroon,CMR,Assets,2.208,1997
Cameroon,CMR,Assets,2.208,1998
Cameroon,CMR,Assets,2.208,1999
Cameroon,CMR,Assets,2.208,2000
Cameroon,CMR,Assets,2.208,2001
Cameroon,CMR,Assets,2.208,2002
Cameroon,CMR,Assets,2.208,2003
Cameroon,CMR,Assets,2.208,2004
Cameroon,CMR,Assets,2.208,2005
Cameroon,CMR,Assets,2.208,2006
Cameroon,CMR,Assets,2.208,2007
Cameroon,CMR,Assets,2.208,2008
Cameroon,CMR,Assets,2.208,2009
Cameroon,CMR,Assets,2.208,2010
Cameroon,CMR,Assets,19.243,2011
Cameroon,CMR,Assets,2.208,2012
Cameroon,CMR,Assets,2.208,2013
Cameroon,CMR,Assets,31.546,2014
Cameroon,CMR,Assets,2.208,2015
Cameroon,CMR,Assets,2.208,2016
Cameroon,CMR,Assets,34.069,2017
Cameroon,CMR,Assets,32.492,2018
Cameroon,CMR,Assets,2.208,2019
Cameroon,CMR,Assets,2.208,2020
Cameroon,CMR,Assets,63.091,2021
Cameroon,CMR,Assets,2.208,2022
Cameroon,CMR,Assets,2.208,2023
Cameroon,CMR,Children 0-14,19.231,1960
Cameroon,CMR,Children 0-14,19.231,1961
Cameroon,CMR,Children 0-14,19.231,1962
Cameroon,CMR,Children 0-14,19.231,1963
Cameroon,CMR,Children 0-14,19.231,1964
Cameroon,CMR,Children 0-14,19.231,1965
Cameroon,CMR,Children 0-14,19.231,1966
Cameroon,CMR,Children 0-14,19.231,1967
Cameroon,CMR,Children 0-14,19.231,1968
Cameroon,CMR,Children 0-14,19.231,1969
Cameroon,CMR,Children 0-14,19.231,1970
Cameroon,CMR,Children 0-14,35.385,1971
Cameroon,CMR,Children 0-14,35.385,1972
Cameroon,CMR,Children 0-14,38.462,1973
Cameroon,CMR,Children 0-14,38.462,1974
Cameroon,CMR,Children 0-14,38.462,1975
Cameroon,CMR,Children 0-14,42.308,1976
Cameroon,CMR,Children 0-14,40.000,1977
Cameroon,CMR,Children 0-14,40.000,1978
Cameroon,CMR,Children 0-14,40.000,1979
Cameroon,CMR,Children 0-14,40.000,1980
Cameroon,CMR,Children 0-14,33.846,1981
Cameroon,CMR,Children 0-14,32.308,1982
Cameroon,CMR,Children 0-14,33.846,1983
Cameroon,CMR,Children 0-14,33.846,1984
Cameroon,CMR,Children 0-14,33.846,1985
Cameroon,CMR,Children 0-14,33.846,1986
Cameroon,CMR,Children 0-14,32.308,1987
Cameroon,CMR,Children 0-14,40.000,1988
Cameroon,CMR,Children 0-14,26.923,1989
Cameroon,CMR,Children 0-14,41.538,1990
Cameroon,CMR,Children 0-14,53.077,1991
Cameroon,CMR,Children 0-14,26.923,1992
Cameroon,CMR,Children 0-14,21.538,1993
Cameroon,CMR,Children 0-14,26.923,1994
Cameroon,CMR,Children 0-14,26.923,1995
Cameroon,CMR,Children 0-14,24.615,1996
Cameroon,CMR,Children 0-14,26.923,1997
Cameroon,CMR,Children 0-14,36.923,1998
Cameroon,CMR,Children 0-14,30.000,1999
Cameroon,CMR,Children 0-14,43.846,2000
Cameroon,CMR,Children 0-14,30.000,2001
Cameroon,CMR,Children 0-14,28.462,2002
Cameroon,CMR,Children 0-14,37.692,2003
Cameroon,CMR,Children 0-14,50.000,2004
Cameroon,CMR,Children 0-14,33.077,2005
Cameroon,CMR,Children 0-14,51.538,2006
Cameroon,CMR,Children 0-14,46.154,2007
Cameroon,CMR,Children 0-14,42.308,2008
Cameroon,CMR,Children 0-14,44.615,2009
Cameroon,CMR,Children 0-14,59.231,2010
Cameroon,CMR,Children 0-14,70.769,2011
Cameroon,CMR,Children 0-14,38.462,2012
Cameroon,CMR,Children 0-14,26.923,2013
Cameroon,CMR,Children 0-14,67.692,2014
Cameroon,CMR,Children 0-14,58.462,2015
Cameroon,CMR,Children 0-14,49.231,2016
Cameroon,CMR,Children 0-14,50.769,2017
Cameroon,CMR,Children 0-14,69.231,2018
Cameroon,CMR,Children 0-14,50.000,2019
Cameroon,CMR,Children 0-14,33.846,2020
Cameroon,CMR,Children 0-14,30.769,2021
Cameroon,CMR,Children 0-14,30.769,2022
Cameroon,CMR,Children 0-14,17.692,2023
Cameroon,CMR,Education,0.000,1960
Cameroon,CMR,Education,0.000,1961
Cameroon,CMR,Education,0.000,1962
Cameroon,CMR,Education,0.000,1963
Cameroon,CMR,Education,0.000,1964
Cameroon,CMR,Education,0.000,1965
Cameroon,CMR,Education,0.000,1966
Cameroon,CMR,Education,0.000,1967
Cameroon,CMR,Education,0.000,1968
Cameroon,CMR,Education,0.000,1969
Cameroon,CMR,Education,0.000,1970
Cameroon,CMR,Education,28.221,1971
Cameroon,CMR,Education,31.288,1972
Cameroon,CMR,Education,31.902,1973
Cameroon,CMR,Education,31.288,1974
Cameroon,CMR,Education,31.288,1975
Cameroon,CMR,Education,38.650,1976
Cameroon,CMR,Education,28.221,1977
Cameroon,CMR,Education,28.221,1978
Cameroon,CMR,Education,29.448,1979
Cameroon,CMR,Education,29.448,1980
Cameroon,CMR,Education,22.699,1981
Cameroon,CMR,Education,20.859,1982
Cameroon,CMR,Education,22.086,1983
Cameroon,CMR,Education,22.086,1984
Cameroon,CMR,Education,21.472,1985
Cameroon,CMR,Education,20.859,1986
Cameroon,CMR,Education,20.859,1987
Cameroon,CMR,Education,25.153,1988
Cameroon,CMR,Education,14.724,1989
Cameroon,CMR,Education,28.221,1990
Cameroon,CMR,Education,25.153,1991
Cameroon,CMR,Education,12.883,1992
Cameroon,CMR,Education,0.613,1993
Cameroon,CMR,Education,6.748,1994
Cameroon,CMR,Education,12.270,1995
Cameroon,CMR,Education,3.067,1996
Cameroon,CMR,Education,11.656,1997
Cameroon,CMR,Education,12.883,1998
Cameroon,CMR,Education,18.405,1999
Cameroon,CMR,Education,17.791,2000
Cameroon,CMR,Education,16.564,2001
Cameroon,CMR,Education,14.724,2002
Cameroon,CMR,Education,28.221,2003
Cameroon,CMR,Education,30.061,2004
Cameroon,CMR,Education,28.834,2005
Cameroon,CMR,Education,36.196,2006
Cameroon,CMR,Education,49.080,2007
Cameroon,CMR,Education,36.196,2008
Cameroon,CMR,Education,34.969,2009
Cameroon,CMR,Education,50.920,2010
Cameroon,CMR,Education,44.172,2011
Cameroon,CMR,Education,36.810,2012
Cameroon,CMR,Education,22.086,2013
Cameroon,CMR,Education,68.098,2014
Cameroon,CMR,Education,41.718,2015
Cameroon,CMR,Education,48.466,2016
Cameroon,CMR,Education,44.785,2017
Cameroon,CMR,Education,49.080,2018
Cameroon,CMR,Education,19.632,2019
Cameroon,CMR,Education,29.448,2020
Cameroon,CMR,Education,19.632,2021
Cameroon,CMR,Education,17.178,2022
Cameroon,CMR,Education,14.724,2023
Cameroon,CMR,Employment and Time Use,0.000,1960
Cameroon,CMR,Employment and Time Use,0.000,1961
Cameroon,CMR,Employment and Time Use,0.000,1962
Cameroon,CMR,Employment and Time Use,0.000,1963
Cameroon,CMR,Employment and Time Use,0.000,1964
Cameroon,CMR,Employment and Time Use,0.000,1965
Cameroon,CMR,Employment and Time Use,0.000,1966
Cameroon,CMR,Employment and Time Use,0.000,1967
Cameroon,CMR,Employment and Time Use,0.000,1968
Cameroon,CMR,Employment and Time Use,0.000,1969
Cameroon,CMR,Employment and Time Use,21.168,1970
Cameroon,CMR,Employment and Time Use,21.168,1971
Cameroon,CMR,Employment and Time Use,21.168,1972
Cameroon,CMR,Employment and Time Use,21.168,1973
Cameroon,CMR,Employment and Time Use,21.168,1974
Cameroon,CMR,Employment and Time Use,21.168,1975
Cameroon,CMR,Employment and Time Use,26.277,1976
Cameroon,CMR,Employment and Time Use,21.168,1977
Cameroon,CMR,Employment and Time Use,21.168,1978
Cameroon,CMR,Employment and Time Use,21.168,1979
Cameroon,CMR,Employment and Time Use,26.277,1980
Cameroon,CMR,Employment and Time Use,21.168,1981
Cameroon,CMR,Employment and Time Use,26.277,1982
Cameroon,CMR,Employment and Time Use,21.168,1983
Cameroon,CMR,Employment and Time Use,21.168,1984
Cameroon,CMR,Employment and Time Use,28.467,1985
Cameroon,CMR,Employment and Time Use,21.168,1986
Cameroon,CMR,Employment and Time Use,24.088,1987
Cameroon,CMR,Employment and Time Use,21.168,1988
Cameroon,CMR,Employment and Time Use,21.168,1989
Cameroon,CMR,Employment and Time Use,31.387,1990
Cameroon,CMR,Employment and Time Use,56.204,1991
Cameroon,CMR,Employment and Time Use,56.204,1992
Cameroon,CMR,Employment and Time Use,56.204,1993
Cameroon,CMR,Employment and Time Use,56.204,1994
Cameroon,CMR,Employment and Time Use,56.204,1995
Cameroon,CMR,Employment and Time Use,65.693,1996
Cameroon,CMR,Employment and Time Use,56.204,1997
Cameroon,CMR,Employment and Time Use,56.204,1998
Cameroon,CMR,Employment and Time Use,56.204,1999
Cameroon,CMR,Employment and Time Use,56.934,2000
Cameroon,CMR,Employment and Time Use,67.883,2001
Cameroon,CMR,Employment and Time Use,56.204,2002
Cameroon,CMR,Employment and Time Use,56.204,2003
Cameroon,CMR,Employment and Time Use,56.204,2004
Cameroon,CMR,Employment and Time Use,61.314,2005
Cameroon,CMR,Employment and Time Use,56.204,2006
Cameroon,CMR,Employment and Time Use,89.781,2007
Cameroon,CMR,Employment and Time Use,56.204,2008
Cameroon,CMR,Employment and Time Use,56.204,2009
Cameroon,CMR,Employment and Time Use,75.182,2010
Cameroon,CMR,Employment and Time Use,58.394,2011
Cameroon,CMR,Employment and Time Use,56.204,2012
Cameroon,CMR,Employment and Time Use,56.204,2013
Cameroon,CMR,Employment and Time Use,90.511,2014
Cameroon,CMR,Employment and Time Use,56.204,2015
Cameroon,CMR,Employment and Time Use,56.204,2016
Cameroon,CMR,Employment and Time Use,56.204,2017
Cameroon,CMR,Employment and Time Use,56.204,2018
Cameroon,CMR,Employment and Time Use,56.204,2019
Cameroon,CMR,Employment and Time Use,56.204,2020
Cameroon,CMR,Employment and Time Use,87.591,2021
Cameroon,CMR,Employment and Time Use,56.204,2022
Cameroon,CMR,Employment and Time Use,57.664,2023
Cameroon,CMR,Entrepreneurship,0.000,1960
Cameroon,CMR,Entrepreneurship,0.000,1961
Cameroon,CMR,Entrepreneurship,0.000,1962
Cameroon,CMR,Entrepreneurship,0.000,1963
Cameroon,CMR,Entrepreneurship,0.000,1964
Cameroon,CMR,Entrepreneurship,0.000,1965
Cameroon,CMR,Entrepreneurship,0.000,1966
Cameroon,CMR,Entrepreneurship,0.000,1967
Cameroon,CMR,Entrepreneurship,0.000,1968
Cameroon,CMR,Entrepreneurship,0.000,1969
Cameroon,CMR,Entrepreneurship,9.375,1970
Cameroon,CMR,Entrepreneurship,9.375,1971
Cameroon,CMR,Entrepreneurship,9.375,1972
Cameroon,CMR,Entrepreneurship,9.375,1973
Cameroon,CMR,Entrepreneurship,9.375,1974
Cameroon,CMR,Entrepreneurship,9.375,1975
Cameroon,CMR,Entrepreneurship,9.375,1976
Cameroon,CMR,Entrepreneurship,9.375,1977
Cameroon,CMR,Entrepreneurship,9.375,1978
Cameroon,CMR,Entrepreneurship,9.375,1979
Cameroon,CMR,Entrepreneurship,9.375,1980
Cameroon,CMR,Entrepreneurship,9.375,1981
Cameroon,CMR,Entrepreneurship,9.375,1982
Cameroon,CMR,Entrepreneurship,9.375,1983
Cameroon,CMR,Entrepreneurship,9.375,1984
Cameroon,CMR,Entrepreneurship,9.375,1985
Cameroon,CMR,Entrepreneurship,9.375,1986
Cameroon,CMR,Entrepreneurship,9.375,1987
Cameroon,CMR,Entrepreneurship,9.375,1988
Cameroon,CMR,Entrepreneurship,9.375,1989
Cameroon,CMR,Entrepreneurship,9.375,1990
Cameroon,CMR,Entrepreneurship,9.375,1991
Cameroon,CMR,Entrepreneurship,9.375,1992
Cameroon,CMR,Entrepreneurship,9.375,1993
Cameroon,CMR,Entrepreneurship,9.375,1994
Cameroon,CMR,Entrepreneurship,9.375,1995
Cameroon,CMR,Entrepreneurship,9.375,1996
Cameroon,CMR,Entrepreneurship,9.375,1997
Cameroon,CMR,Entrepreneurship,9.375,1998
Cameroon,CMR,Entrepreneurship,9.375,1999
Cameroon,CMR,Entrepreneurship,9.375,2000
Cameroon,CMR,Entrepreneurship,9.375,2001
Cameroon,CMR,Entrepreneurship,9.375,2002
Cameroon,CMR,Entrepreneurship,37.500,2003
Cameroon,CMR,Entrepreneurship,37.500,2004
Cameroon,CMR,Entrepreneurship,37.500,2005
Cameroon,CMR,Entrepreneurship,40.625,2006
Cameroon,CMR,Entrepreneurship,37.500,2007
Cameroon,CMR,Entrepreneurship,37.500,2008
Cameroon,CMR,Entrepreneurship,43.750,2009
Cameroon,CMR,Entrepreneurship,37.500,2010
Cameroon,CMR,Entrepreneurship,37.500,2011
Cameroon,CMR,Entrepreneurship,37.500,2012
Cameroon,CMR,Entrepreneurship,37.500,2013
Cameroon,CMR,Entrepreneurship,56.250,2014
Cameroon,CMR,Entrepreneurship,37.500,2015
Cameroon,CMR,Entrepreneurship,43.750,2016
Cameroon,CMR,Entrepreneurship,56.250,2017
Cameroon,CMR,Entrepreneurship,37.500,2018
Cameroon,CMR,Entrepreneurship,37.500,2019
Cameroon,CMR,Entrepreneurship,9.375,2020
Cameroon,CMR,Entrepreneurship,9.375,2021
Cameroon,CMR,Entrepreneurship,9.375,2022
Cameroon,CMR,Entrepreneurship,9.375,2023
Cameroon,CMR,Environment,0.000,1960
Cameroon,CMR,Environment,0.000,1961
Cameroon,CMR,Environment,0.000,1962
Cameroon,CMR,Environment,0.000,1963
Cameroon,CMR,Environment,0.000,1964
Cameroon,CMR,Environment,0.000,1965
Cameroon,CMR,Environment,0.000,1966
Cameroon,CMR,Environment,0.000,1967
Cameroon,CMR,Environment,0.000,1968
Cameroon,CMR,Environment,0.000,1969
Cameroon,CMR,Environment,0.000,1970
Cameroon,CMR,Environment,0.000,1971
Cameroon,CMR,Environment,0.000,1972
Cameroon,CMR,Environment,0.000,1973
Cameroon,CMR,Environment,0.000,1974
Cameroon,CMR,Environment,0.000,1975
Cameroon,CMR,Environment,0.000,1976
Cameroon,CMR,Environment,0.000,1977
Cameroon,CMR,Environment,0.000,1978
Cameroon,CMR,Environment,0.000,1979
Cameroon,CMR,Environment,0.000,1980
Cameroon,CMR,Environment,0.000,1981
Cameroon,CMR,Environment,0.000,1982
Cameroon,CMR,Environment,0.000,1983
Cameroon,CMR,Environment,0.000,1984
Cameroon,CMR,Environment,0.000,1985
Cameroon,CMR,Environment,0.000,1986
Cameroon,CMR,Environment,0.000,1987
Cameroon,CMR,Environment,0.000,1988
Cameroon,CMR,Environment,0.000,1989
Cameroon,CMR,Environment,0.000,1990
Cameroon,CMR,Environment,10.000,1991
Cameroon,CMR,Environment,0.000,1992
Cameroon,CMR,Environment,0.000,1993
Cameroon,CMR,Environment,0.000,1994
Cameroon,CMR,Environment,0.000,1995
Cameroon,CMR,Environment,0.000,1996
Cameroon,CMR,Environment,0.000,1997
Cameroon,CMR,Environment,10.000,1998
Cameroon,CMR,Environment,0.000,1999
Cameroon,CMR,Environment,10.000,2000
Cameroon,CMR,Environment,10.000,2001
Cameroon,CMR,Environment,10.000,2002
Cameroon,CMR,Environment,10.000,2003
Cameroon,CMR,Environment,30.000,2004
Cameroon,CMR,Environment,10.000,2005
Cameroon,CMR,Environment,10.000,2006
Cameroon,CMR,Environment,10.000,2007
Cameroon,CMR,Environment,10.000,2008
Cameroon,CMR,Environment,10.000,2009
Cameroon,CMR,Environment,10.000,2010
Cameroon,CMR,Environment,56.667,2011
Cameroon,CMR,Environment,10.000,2012
Cameroon,CMR,Environment,10.000,2013
Cameroon,CMR,Environment,20.000,2014
Cameroon,CMR,Environment,10.000,2015
Cameroon,CMR,Environment,13.333,2016
Cameroon,CMR,Environment,23.333,2017
Cameroon,CMR,Environment,56.667,2018
Cameroon,CMR,Environment,30.000,2019
Cameroon,CMR,Environment,10.000,2020
Cameroon,CMR,Environment,20.000,2021
Cameroon,CMR,Environment,10.000,2022
Cameroon,CMR,Environment,0.000,2023
Cameroon,CMR,Health,8.586,1960
Cameroon,CMR,Health,8.586,1961
Cameroon,CMR,Health,8.586,1962
Cameroon,CMR,Health,8.586,1963
Cameroon,CMR,Health,8.586,1964
Cameroon,CMR,Health,8.586,1965
Cameroon,CMR,Health,8.586,1966
Cameroon,CMR,Health,8.586,1967
Cameroon,CMR,Health,8.586,1968
Cameroon,CMR,Health,8.586,1969
Cameroon,CMR,Health,8.586,1970
Cameroon,CMR,Health,8.586,1971
Cameroon,CMR,Health,8.586,1972
Cameroon,CMR,Health,8.586,1973
Cameroon,CMR,Health,8.586,1974
Cameroon,CMR,Health,11.111,1975
Cameroon,CMR,Health,11.111,1976
Cameroon,CMR,Health,11.111,1977
Cameroon,CMR,Health,11.616,1978
Cameroon,CMR,Health,11.111,1979
Cameroon,CMR,Health,11.111,1980
Cameroon,CMR,Health,12.121,1981
Cameroon,CMR,Health,12.121,1982
Cameroon,CMR,Health,12.121,1983
Cameroon,CMR,Health,12.121,1984
Cameroon,CMR,Health,12.121,1985
Cameroon,CMR,Health,12.121,1986
Cameroon,CMR,Health,12.121,1987
Cameroon,CMR,Health,12.121,1988
Cameroon,CMR,Health,12.121,1989
Cameroon,CMR,Health,17.172,1990
Cameroon,CMR,Health,34.848,1991
Cameroon,CMR,Health,16.667,1992
Cameroon,CMR,Health,16.667,1993
Cameroon,CMR,Health,16.667,1994
Cameroon,CMR,Health,16.667,1995
Cameroon,CMR,Health,16.667,1996
Cameroon,CMR,Health,16.667,1997
Cameroon,CMR,Health,31.818,1998
Cameroon,CMR,Health,16.667,1999
Cameroon,CMR,Health,59.091,2000
Cameroon,CMR,Health,31.818,2001
Cameroon,CMR,Health,31.818,2002
Cameroon,CMR,Health,31.818,2003
Cameroon,CMR,Health,58.586,2004
Cameroon,CMR,Health,33.333,2005
Cameroon,CMR,Health,42.424,2006
Cameroon,CMR,Health,31.818,2007
Cameroon,CMR,Health,31.818,2008
Cameroon,CMR,Health,31.818,2009
Cameroon,CMR,Health,60.606,2010
Cameroon,CMR,Health,59.091,2011
Cameroon,CMR,Health,31.818,2012
Cameroon,CMR,Health,31.818,2013
Cameroon,CMR,Health,45.455,2014
Cameroon,CMR,Health,56.061,2015
Cameroon,CMR,Health,31.818,2016
Cameroon,CMR,Health,35.354,2017
Cameroon,CMR,Health,60.606,2018
Cameroon,CMR,Health,56.566,2019
Cameroon,CMR,Health,28.283,2020
Cameroon,CMR,Health,19.697,2021
Cameroon,CMR,Health,17.677,2022
Cameroon,CMR,Health,1.010,2023
Cameroon,CMR,Leadership,0.000,1960
Cameroon,CMR,Leadership,0.000,1961
Cameroon,CMR,Leadership,0.000,1962
Cameroon,CMR,Leadership,0.000,1963
Cameroon,CMR,Leadership,0.000,1964
Cameroon,CMR,Leadership,0.000,1965
Cameroon,CMR,Leadership,0.000,1966
Cameroon,CMR,Leadership,0.000,1967
Cameroon,CMR,Leadership,0.000,1968
Cameroon,CMR,Leadership,0.000,1969
Cameroon,CMR,Leadership,0.000,1970
Cameroon,CMR,Leadership,0.000,1971
Cameroon,CMR,Leadership,0.000,1972
Cameroon,CMR,Leadership,0.000,1973
Cameroon,CMR,Leadership,0.000,1974
Cameroon,CMR,Leadership,0.000,1975
Cameroon,CMR,Leadership,0.000,1976
Cameroon,CMR,Leadership,0.000,1977
Cameroon,CMR,Leadership,0.000,1978
Cameroon,CMR,Leadership,0.000,1979
Cameroon,CMR,Leadership,0.000,1980
Cameroon,CMR,Leadership,0.000,1981
Cameroon,CMR,Leadership,0.000,1982
Cameroon,CMR,Leadership,0.000,1983
Cameroon,CMR,Leadership,0.000,1984
Cameroon,CMR,Leadership,0.000,1985
Cameroon,CMR,Leadership,0.000,1986
Cameroon,CMR,Leadership,0.000,1987
Cameroon,CMR,Leadership,0.000,1988
Cameroon,CMR,Leadership,0.000,1989
Cameroon,CMR,Leadership,0.000,1990
Cameroon,CMR,Leadership,0.000,1991
Cameroon,CMR,Leadership,0.000,1992
Cameroon,CMR,Leadership,0.000,1993
Cameroon,CMR,Leadership,0.000,1994
Cameroon,CMR,Leadership,0.000,1995
Cameroon,CMR,Leadership,0.000,1996
Cameroon,CMR,Leadership,25.000,1997
Cameroon,CMR,Leadership,25.000,1998
Cameroon,CMR,Leadership,25.000,1999
Cameroon,CMR,Leadership,25.000,2000
Cameroon,CMR,Leadership,25.000,2001
Cameroon,CMR,Leadership,25.000,2002
Cameroon,CMR,Leadership,25.000,2003
Cameroon,CMR,Leadership,25.000,2004
Cameroon,CMR,Leadership,50.000,2005
Cameroon,CMR,Leadership,25.000,2006
Cameroon,CMR,Leadership,25.000,2007
Cameroon,CMR,Leadership,50.000,2008
Cameroon,CMR,Leadership,50.000,2009
Cameroon,CMR,Leadership,50.000,2010
Cameroon,CMR,Leadership,25.000,2011
Cameroon,CMR,Leadership,50.000,2012
Cameroon,CMR,Leadership,25.000,2013
Cameroon,CMR,Leadership,50.000,2014
Cameroon,CMR,Leadership,50.000,2015
Cameroon,CMR,Leadership,75.000,2016
Cameroon,CMR,Leadership,25.000,2017
Cameroon,CMR,Leadership,50.000,2018
Cameroon,CMR,Leadership,50.000,2019
Cameroon,CMR,Leadership,50.000,2020
Cameroon,CMR,Leadership,25.000,2021
Cameroon,CMR,Leadership,50.000,2022
Cameroon,CMR,Leadership,25.000,2023
Cameroon,CMR,Norms and Decision-making,0.000,1960
Cameroon,CMR,Norms and Decision-making,0.000,1961
Cameroon,CMR,Norms and Decision-making,0.000,1962
Cameroon,CMR,Norms and Decision-making,0.000,1963
Cameroon,CMR,Norms and Decision-making,0.000,1964
Cameroon,CMR,Norms and Decision-making,0.000,1965
Cameroon,CMR,Norms and Decision-making,0.000,1966
Cameroon,CMR,Norms and Decision-making,0.000,1967
Cameroon,CMR,Norms and Decision-making,0.000,1968
Cameroon,CMR,Norms and Decision-making,0.000,1969
Cameroon,CMR,Norms and Decision-making,12.593,1970
Cameroon,CMR,Norms and Decision-making,12.593,1971
Cameroon,CMR,Norms and Decision-making,12.593,1972
Cameroon,CMR,Norms and Decision-making,12.593,1973
Cameroon,CMR,Norms and Decision-making,12.593,1974
Cameroon,CMR,Norms and Decision-making,12.593,1975
Cameroon,CMR,Norms and Decision-making,14.074,1976
Cameroon,CMR,Norms and Decision-making,12.593,1977
Cameroon,CMR,Norms and Decision-making,12.593,1978
Cameroon,CMR,Norms and Decision-making,12.593,1979
Cameroon,CMR,Norms and Decision-making,12.593,1980
Cameroon,CMR,Norms and Decision-making,12.593,1981
Cameroon,CMR,Norms and Decision-making,12.593,1982
Cameroon,CMR,Norms and Decision-making,12.593,1983
Cameroon,CMR,Norms and Decision-making,12.593,1984
Cameroon,CMR,Norms and Decision-making,12.593,1985
Cameroon,CMR,Norms and Decision-making,12.593,1986
Cameroon,CMR,Norms and Decision-making,14.074,1987
Cameroon,CMR,Norms and Decision-making,12.593,1988
Cameroon,CMR,Norms and Decision-making,12.593,1989
Cameroon,CMR,Norms and Decision-making,12.593,1990
Cameroon,CMR,Norms and Decision-making,20.741,1991
Cameroon,CMR,Norms and Decision-making,12.593,1992
Cameroon,CMR,Norms and Decision-making,12.593,1993
Cameroon,CMR,Norms and Decision-making,12.593,1994
Cameroon,CMR,Norms and Decision-making,12.593,1995
Cameroon,CMR,Norms and Decision-making,12.593,1996
Cameroon,CMR,Norms and Decision-making,12.593,1997
Cameroon,CMR,Norms and Decision-making,22.963,1998
Cameroon,CMR,Norms and Decision-making,12.593,1999
Cameroon,CMR,Norms and Decision-making,15.556,2000
Cameroon,CMR,Norms and Decision-making,12.593,2001
Cameroon,CMR,Norms and Decision-making,12.593,2002
Cameroon,CMR,Norms and Decision-making,12.593,2003
Cameroon,CMR,Norms and Decision-making,96.296,2004
Cameroon,CMR,Norms and Decision-making,14.074,2005
Cameroon,CMR,Norms and Decision-making,14.815,2006
Cameroon,CMR,Norms and Decision-making,12.593,2007
Cameroon,CMR,Norms and Decision-making,12.593,2008
Cameroon,CMR,Norms and Decision-making,12.593,2009
Cameroon,CMR,Norms and Decision-making,12.593,2010
Cameroon,CMR,Norms and Decision-making,74.815,2011
Cameroon,CMR,Norms and Decision-making,12.593,2012
Cameroon,CMR,Norms and Decision-making,12.593,2013
Cameroon,CMR,Norms and Decision-making,15.556,2014
Cameroon,CMR,Norms and Decision-making,12.593,2015
Cameroon,CMR,Norms and Decision-making,12.593,2016
Cameroon,CMR,Norms and Decision-making,12.593,2017
Cameroon,CMR,Norms and Decision-making,70.370,2018
Cameroon,CMR,Norms and Decision-making,12.593,2019
Cameroon,CMR,Norms and Decision-making,12.593,2020
Cameroon,CMR,Norms and Decision-making,12.593,2021
Cameroon,CMR,Norms and Decision-making,12.593,2022
Cameroon,CMR,Norms and Decision-making,12.593,2023
Cameroon,CMR,Population,86.905,1960
Cameroon,CMR,Population,86.905,1961
Cameroon,CMR,Population,86.905,1962
Cameroon,CMR,Population,86.905,1963
Cameroon,CMR,Population,86.905,1964
Cameroon,CMR,Population,86.905,1965
Cameroon,CMR,Population,86.905,1966
Cameroon,CMR,Population,86.905,1967
Cameroon,CMR,Population,86.905,1968
Cameroon,CMR,Population,86.905,1969
Cameroon,CMR,Population,86.905,1970
Cameroon,CMR,Population,86.905,1971
Cameroon,CMR,Population,86.905,1972
Cameroon,CMR,Population,86.905,1973
Cameroon,CMR,Population,86.905,1974
Cameroon,CMR,Population,86.905,1975
Cameroon,CMR,Population,89.286,1976
Cameroon,CMR,Population,86.905,1977
Cameroon,CMR,Population,86.905,1978
Cameroon,CMR,Population,86.905,1979
Cameroon,CMR,Population,91.667,1980
Cameroon,CMR,Population,86.905,1981
Cameroon,CMR,Population,86.905,1982
Cameroon,CMR,Population,86.905,1983
Cameroon,CMR,Population,86.905,1984
Cameroon,CMR,Population,91.667,1985
Cameroon,CMR,Population,86.905,1986
Cameroon,CMR,Population,89.286,1987
Cameroon,CMR,Population,86.905,1988
Cameroon,CMR,Population,86.905,1989
Cameroon,CMR,Population,92.857,1990
Cameroon,CMR,Population,89.286,1991
Cameroon,CMR,Population,86.905,1992
Cameroon,CMR,Population,86.905,1993
Cameroon,CMR,Population,86.905,1994
Cameroon,CMR,Population,92.857,1995
Cameroon,CMR,Population,86.905,1996
Cameroon,CMR,Population,86.905,1997
Cameroon,CMR,Population,90.476,1998
Cameroon,CMR,Population,86.905,1999
Cameroon,CMR,Population,95.238,2000
Cameroon,CMR,Population,86.905,2001
Cameroon,CMR,Population,86.905,2002
Cameroon,CMR,Population,86.905,2003
Cameroon,CMR,Population,90.476,2004
Cameroon,CMR,Population,95.238,2005
Cameroon,CMR,Population,89.286,2006
Cameroon,CMR,Population,86.905,2007
Cameroon,CMR,Population,86.905,2008
Cameroon,CMR,Population,86.905,2009
Cameroon,CMR,Population,92.857,2010
Cameroon,CMR,Population,94.048,2011
Cameroon,CMR,Population,86.905,2012
Cameroon,CMR,Population,86.905,2013
Cameroon,CMR,Population,90.476,2014
Cameroon,CMR,Population,92.857,2015
Cameroon,CMR,Population,86.905,2016
Cameroon,CMR,Population,86.905,2017
Cameroon,CMR,Population,91.667,2018
Cameroon,CMR,Population,86.905,2019
Cameroon,CMR,Population,88.095,2020
Cameroon,CMR,Population,86.905,2021
Cameroon,CMR,Population,88.095,2022
Cameroon,CMR,Population,77.381,2023
Cameroon,CMR,SDGs,2.685,1960
Cameroon,CMR,SDGs,2.685,1961
Cameroon,CMR,SDGs,2.685,1962
Cameroon,CMR,SDGs,2.685,1963
Cameroon,CMR,SDGs,2.685,1964
Cameroon,CMR,SDGs,2.685,1965
Cameroon,CMR,SDGs,2.685,1966
Cameroon,CMR,SDGs,2.685,1967
Cameroon,CMR,SDGs,2.685,1968
Cameroon,CMR,SDGs,2.685,1969
Cameroon,CMR,SDGs,11.409,1970
Cameroon,CMR,SDGs,11.409,1971
Cameroon,CMR,SDGs,11.409,1972
Cameroon,CMR,SDGs,11.409,1973
Cameroon,CMR,SDGs,11.409,1974
Cameroon,CMR,SDGs,11.409,1975
Cameroon,CMR,SDGs,11.409,1976
Cameroon,CMR,SDGs,11.409,1977
Cameroon,CMR,SDGs,11.409,1978
Cameroon,CMR,SDGs,11.409,1979
Cameroon,CMR,SDGs,11.409,1980
Cameroon,CMR,SDGs,12.081,1981
Cameroon,CMR,SDGs,12.081,1982
Cameroon,CMR,SDGs,12.081,1983
Cameroon,CMR,SDGs,12.081,1984
Cameroon,CMR,SDGs,12.081,1985
Cameroon,CMR,SDGs,12.081,1986
Cameroon,CMR,SDGs,12.081,1987
Cameroon,CMR,SDGs,12.081,1988
Cameroon,CMR,SDGs,12.081,1989
Cameroon,CMR,SDGs,16.107,1990
Cameroon,CMR,SDGs,22.819,1991
Cameroon,CMR,SDGs,20.134,1992
Cameroon,CMR,SDGs,20.134,1993
Cameroon,CMR,SDGs,20.134,1994
Cameroon,CMR,SDGs,20.134,1995
Cameroon,CMR,SDGs,22.148,1996
Cameroon,CMR,SDGs,20.805,1997
Cameroon,CMR,SDGs,24.161,1998
Cameroon,CMR,SDGs,20.805,1999
Cameroon,CMR,SDGs,66.443,2000
Cameroon,CMR,SDGs,35.570,2001
Cameroon,CMR,SDGs,33.557,2002
Cameroon,CMR,SDGs,33.557,2003
Cameroon,CMR,SDGs,40.940,2004
Cameroon,CMR,SDGs,37.584,2005
Cameroon,CMR,SDGs,34.228,2006
Cameroon,CMR,SDGs,37.584,2007
Cameroon,CMR,SDGs,33.557,2008
Cameroon,CMR,SDGs,33.557,2009
Cameroon,CMR,SDGs,69.799,2010
Cameroon,CMR,SDGs,39.597,2011
Cameroon,CMR,SDGs,33.557,2012
Cameroon,CMR,SDGs,33.557,2013
Cameroon,CMR,SDGs,44.295,2014
Cameroon,CMR,SDGs,65.772,2015
Cameroon,CMR,SDGs,33.557,2016
Cameroon,CMR,SDGs,35.570,2017
Cameroon,CMR,SDGs,40.268,2018
Cameroon,CMR,SDGs,69.799,2019
Cameroon,CMR,SDGs,27.517,2020
Cameroon,CMR,SDGs,28.859,2021
Cameroon,CMR,SDGs,22.819,2022
Cameroon,CMR,SDGs,14.094,2023
Cameroon,CMR,Technology,0.000,1960
Cameroon,CMR,Technology,0.000,1961
Cameroon,CMR,Technology,0.000,1962
Cameroon,CMR,Technology,0.000,1963
Cameroon,CMR,Technology,0.000,1964
Cameroon,CMR,Technology,0.000,1965
Cameroon,CMR,Technology,0.000,1966
Cameroon,CMR,Technology,0.000,1967
Cameroon,CMR,Technology,0.000,1968
Cameroon,CMR,Technology,0.000,1969
Cameroon,CMR,Technology,0.000,1970
Cameroon,CMR,Technology,0.000,1971
Cameroon,CMR,Technology,0.000,1972
Cameroon,CMR,Technology,0.000,1973
Cameroon,CMR,Technology,0.000,1974
Cameroon,CMR,Technology,0.000,1975
Cameroon,CMR,Technology,0.000,1976
Cameroon,CMR,Technology,0.000,1977
Cameroon,CMR,Technology,0.000,1978
Cameroon,CMR,Technology,0.000,1979
Cameroon,CMR,Technology,0.000,1980
Cameroon,CMR,Technology,0.000,1981
Cameroon,CMR,Technology,0.000,1982
Cameroon,CMR,Technology,0.000,1983
Cameroon,CMR,Technology,0.000,1984
Cameroon,CMR,Technology,0.000,1985
Cameroon,CMR,Technology,0.000,1986
Cameroon,CMR,Technology,0.000,1987
Cameroon,CMR,Technology,0.000,1988
Cameroon,CMR,Technology,0.000,1989
Cameroon,CMR,Technology,2.222,1990
Cameroon,CMR,Technology,2.222,1991
Cameroon,CMR,Technology,2.222,1992
Cameroon,CMR,Technology,2.222,1993
Cameroon,CMR,Technology,2.222,1994
Cameroon,CMR,Technology,2.222,1995
Cameroon,CMR,Technology,0.000,1996
Cameroon,CMR,Technology,2.222,1997
Cameroon,CMR,Technology,2.222,1998
Cameroon,CMR,Technology,2.222,1999
Cameroon,CMR,Technology,2.222,2000
Cameroon,CMR,Technology,2.222,2001
Cameroon,CMR,Technology,2.222,2002
Cameroon,CMR,Technology,2.222,2003
Cameroon,CMR,Technology,2.222,2004
Cameroon,CMR,Technology,2.222,2005
Cameroon,CMR,Technology,2.222,2006
Cameroon,CMR,Technology,2.222,2007
Cameroon,CMR,Technology,2.222,2008
Cameroon,CMR,Technology,2.222,2009
Cameroon,CMR,Technology,2.222,2010
Cameroon,CMR,Technology,8.889,2011
Cameroon,CMR,Technology,2.222,2012
Cameroon,CMR,Technology,2.222,2013
Cameroon,CMR,Technology,35.556,2014
Cameroon,CMR,Technology,2.222,2015
Cameroon,CMR,Technology,6.667,2016
Cameroon,CMR,Technology,64.444,2017
Cameroon,CMR,Technology,2.222,2018
Cameroon,CMR,Technology,2.222,2019
Cameroon,CMR,Technology,2.222,2020
Cameroon,CMR,Technology,82.222,2021
Cameroon,CMR,Technology,2.222,2022
Cameroon,CMR,Technology,0.000,2023
Cameroon,CMR,Violence,0.000,1960
Cameroon,CMR,Violence,0.000,1961
Cameroon,CMR,Violence,0.000,1962
Cameroon,CMR,Violence,0.000,1963
Cameroon,CMR,Violence,0.000,1964
Cameroon,CMR,Violence,0.000,1965
Cameroon,CMR,Violence,0.000,1966
Cameroon,CMR,Violence,0.000,1967
Cameroon,CMR,Violence,0.000,1968
Cameroon,CMR,Violence,0.000,1969
Cameroon,CMR,Violence,2.143,1970
Cameroon,CMR,Violence,2.143,1971
Cameroon,CMR,Violence,2.143,1972
Cameroon,CMR,Violence,2.143,1973
Cameroon,CMR,Violence,2.143,1974
Cameroon,CMR,Violence,2.143,1975
Cameroon,CMR,Violence,2.143,1976
Cameroon,CMR,Violence,2.143,1977
Cameroon,CMR,Violence,2.143,1978
Cameroon,CMR,Violence,2.143,1979
Cameroon,CMR,Violence,2.143,1980
Cameroon,CMR,Violence,2.143,1981
Cameroon,CMR,Violence,2.143,1982
Cameroon,CMR,Violence,2.143,1983
Cameroon,CMR,Violence,2.143,1984
Cameroon,CMR,Violence,2.143,1985
Cameroon,CMR,Violence,2.143,1986
Cameroon,CMR,Violence,2.143,1987
Cameroon,CMR,Violence,2.143,1988
Cameroon,CMR,Violence,2.143,1989
Cameroon,CMR,Violence,2.143,1990
Cameroon,CMR,Violence,5.000,1991
Cameroon,CMR,Violence,2.143,1992
Cameroon,CMR,Violence,2.143,1993
Cameroon,CMR,Violence,2.143,1994
Cameroon,CMR,Violence,2.143,1995
Cameroon,CMR,Violence,2.143,1996
Cameroon,CMR,Violence,2.143,1997
Cameroon,CMR,Violence,6.429,1998
Cameroon,CMR,Violence,2.143,1999
Cameroon,CMR,Violence,5.000,2000
Cameroon,CMR,Violence,5.000,2001
Cameroon,CMR,Violence,5.000,2002
Cameroon,CMR,Violence,5.000,2003
Cameroon,CMR,Violence,79.286,2004
Cameroon,CMR,Violence,4.286,2005
Cameroon,CMR,Violence,4.286,2006
Cameroon,CMR,Violence,4.286,2007
Cameroon,CMR,Violence,5.000,2008
Cameroon,CMR,Violence,5.000,2009
Cameroon,CMR,Violence,5.000,2010
Cameroon,CMR,Violence,54.286,2011
Cameroon,CMR,Violence,5.000,2012
Cameroon,CMR,Violence,4.286,2013
Cameroon,CMR,Violence,5.000,2014
Cameroon,CMR,Violence,6.429,2015
Cameroon,CMR,Violence,6.429,2016
Cameroon,CMR,Violence,6.429,2017
Cameroon,CMR,Violence,56.429,2018
Cameroon,CMR,Violence,4.286,2019
Cameroon,CMR,Violence,4.286,2020
Cameroon,CMR,Violence,2.143,2021
Cameroon,CMR,Violence,2.143,2022
Cameroon,CMR,Violence,2.143,2023
Cameroon,CMR,Youth 15-24,4.587,1960
Cameroon,CMR,Youth 15-24,4.587,1961
Cameroon,CMR,Youth 15-24,4.587,1962
Cameroon,CMR,Youth 15-24,4.587,1963
Cameroon,CMR,Youth 15-24,4.587,1964
Cameroon,CMR,Youth 15-24,4.587,1965
Cameroon,CMR,Youth 15-24,4.587,1966
Cameroon,CMR,Youth 15-24,4.587,1967
Cameroon,CMR,Youth 15-24,4.587,1968
Cameroon,CMR,Youth 15-24,4.587,1969
Cameroon,CMR,Youth 15-24,4.587,1970
Cameroon,CMR,Youth 15-24,22.936,1971
Cameroon,CMR,Youth 15-24,25.688,1972
Cameroon,CMR,Youth 15-24,23.853,1973
Cameroon,CMR,Youth 15-24,23.853,1974
Cameroon,CMR,Youth 15-24,23.853,1975
Cameroon,CMR,Youth 15-24,33.028,1976
Cameroon,CMR,Youth 15-24,20.183,1977
Cameroon,CMR,Youth 15-24,20.183,1978
Cameroon,CMR,Youth 15-24,21.101,1979
Cameroon,CMR,Youth 15-24,23.853,1980
Cameroon,CMR,Youth 15-24,21.101,1981
Cameroon,CMR,Youth 15-24,21.101,1982
Cameroon,CMR,Youth 15-24,18.349,1983
Cameroon,CMR,Youth 15-24,18.349,1984
Cameroon,CMR,Youth 15-24,21.101,1985
Cameroon,CMR,Youth 15-24,17.431,1986
Cameroon,CMR,Youth 15-24,18.349,1987
Cameroon,CMR,Youth 15-24,15.596,1988
Cameroon,CMR,Youth 15-24,15.596,1989
Cameroon,CMR,Youth 15-24,25.688,1990
Cameroon,CMR,Youth 15-24,33.028,1991
Cameroon,CMR,Youth 15-24,28.440,1992
Cameroon,CMR,Youth 15-24,18.349,1993
Cameroon,CMR,Youth 15-24,21.101,1994
Cameroon,CMR,Youth 15-24,28.440,1995
Cameroon,CMR,Youth 15-24,21.101,1996
Cameroon,CMR,Youth 15-24,28.440,1997
Cameroon,CMR,Youth 15-24,33.945,1998
Cameroon,CMR,Youth 15-24,32.110,1999
Cameroon,CMR,Youth 15-24,29.358,2000
Cameroon,CMR,Youth 15-24,32.110,2001
Cameroon,CMR,Youth 15-24,27.523,2002
Cameroon,CMR,Youth 15-24,35.780,2003
Cameroon,CMR,Youth 15-24,45.872,2004
Cameroon,CMR,Youth 15-24,39.450,2005
Cameroon,CMR,Youth 15-24,43.119,2006
Cameroon,CMR,Youth 15-24,63.303,2007
Cameroon,CMR,Youth 15-24,38.532,2008
Cameroon,CMR,Youth 15-24,35.780,2009
Cameroon,CMR,Youth 15-24,56.881,2010
Cameroon,CMR,Youth 15-24,50.459,2011
Cameroon,CMR,Youth 15-24,44.037,2012
Cameroon,CMR,Youth 15-24,41.284,2013
Cameroon,CMR,Youth 15-24,70.642,2014
Cameroon,CMR,Youth 15-24,46.789,2015
Cameroon,CMR,Youth 15-24,51.376,2016
Cameroon,CMR,Youth 15-24,36.697,2017
Cameroon,CMR,Youth 15-24,48.624,2018
Cameroon,CMR,Youth 15-24,26.606,2019
Cameroon,CMR,Youth 15-24,30.275,2020
Cameroon,CMR,Youth 15-24,38.532,2021
Cameroon,CMR,Youth 15-24,25.688,2022
Cameroon,CMR,Youth 15-24,20.183,2023
