Country Name,Country Code,Topic,% of available indicators,Year
Sierra Leone,SLE,Assets,0.000,1960
Sierra Leone,SLE,Assets,0.000,1961
Sierra Leone,SLE,Assets,0.000,1962
Sierra Leone,SLE,Assets,0.000,1963
Sierra Leone,SLE,Assets,0.000,1964
Sierra Leone,SLE,Assets,0.000,1965
Sierra Leone,SLE,Assets,0.000,1966
Sierra Leone,SLE,Assets,0.000,1967
Sierra Leone,SLE,Assets,0.000,1968
Sierra Leone,SLE,Assets,0.000,1969
Sierra Leone,SLE,Assets,2.208,1970
Sierra Leone,SLE,Assets,2.208,1971
Sierra Leone,SLE,Assets,2.208,1972
Sierra Leone,SLE,Assets,2.208,1973
Sierra Leone,SLE,Assets,2.208,1974
Sierra Leone,SLE,Assets,2.208,1975
Sierra Leone,SLE,Assets,2.208,1976
Sierra Leone,SLE,Assets,2.208,1977
Sierra Leone,SLE,Assets,2.208,1978
Sierra Leone,SLE,Assets,2.208,1979
Sierra Leone,SLE,Assets,2.208,1980
Sierra Leone,SLE,Assets,2.208,1981
Sierra Leone,SLE,Assets,2.208,1982
Sierra Leone,SLE,Assets,2.208,1983
Sierra Leone,SLE,Assets,2.208,1984
Sierra Leone,SLE,Assets,2.208,1985
Sierra Leone,SLE,Assets,2.208,1986
Sierra Leone,SLE,Assets,2.208,1987
Sierra Leone,SLE,Assets,2.208,1988
Sierra Leone,SLE,Assets,2.208,1989
Sierra Leone,SLE,Assets,2.208,1990
Sierra Leone,SLE,Assets,2.208,1991
Sierra Leone,SLE,Assets,2.208,1992
Sierra Leone,SLE,Assets,2.208,1993
Sierra Leone,SLE,Assets,2.208,1994
Sierra Leone,SLE,Assets,2.208,1995
Sierra Leone,SLE,Assets,2.208,1996
Sierra Leone,SLE,Assets,2.208,1997
Sierra Leone,SLE,Assets,2.208,1998
Sierra Leone,SLE,Assets,2.208,1999
Sierra Leone,SLE,Assets,2.208,2000
Sierra Leone,SLE,Assets,2.208,2001
Sierra Leone,SLE,Assets,2.208,2002
Sierra Leone,SLE,Assets,2.208,2003
Sierra Leone,SLE,Assets,2.208,2004
Sierra Leone,SLE,Assets,2.208,2005
Sierra Leone,SLE,Assets,2.208,2006
Sierra Leone,SLE,Assets,2.208,2007
Sierra Leone,SLE,Assets,2.208,2008
Sierra Leone,SLE,Assets,2.208,2009
Sierra Leone,SLE,Assets,2.208,2010
Sierra Leone,SLE,Assets,11.672,2011
Sierra Leone,SLE,Assets,2.208,2012
Sierra Leone,SLE,Assets,32.492,2013
Sierra Leone,SLE,Assets,31.546,2014
Sierra Leone,SLE,Assets,2.208,2015
Sierra Leone,SLE,Assets,2.208,2016
Sierra Leone,SLE,Assets,33.438,2017
Sierra Leone,SLE,Assets,2.208,2018
Sierra Leone,SLE,Assets,32.492,2019
Sierra Leone,SLE,Assets,2.208,2020
Sierra Leone,SLE,Assets,63.091,2021
Sierra Leone,SLE,Assets,2.208,2022
Sierra Leone,SLE,Assets,2.208,2023
Sierra Leone,SLE,Children 0-14,15.385,1960
Sierra Leone,SLE,Children 0-14,17.692,1961
Sierra Leone,SLE,Children 0-14,17.692,1962
Sierra Leone,SLE,Children 0-14,17.692,1963
Sierra Leone,SLE,Children 0-14,17.692,1964
Sierra Leone,SLE,Children 0-14,19.231,1965
Sierra Leone,SLE,Children 0-14,19.231,1966
Sierra Leone,SLE,Children 0-14,19.231,1967
Sierra Leone,SLE,Children 0-14,19.231,1968
Sierra Leone,SLE,Children 0-14,19.231,1969
Sierra Leone,SLE,Children 0-14,19.231,1970
Sierra Leone,SLE,Children 0-14,25.385,1971
Sierra Leone,SLE,Children 0-14,25.385,1972
Sierra Leone,SLE,Children 0-14,25.385,1973
Sierra Leone,SLE,Children 0-14,25.385,1974
Sierra Leone,SLE,Children 0-14,23.077,1975
Sierra Leone,SLE,Children 0-14,23.077,1976
Sierra Leone,SLE,Children 0-14,23.077,1977
Sierra Leone,SLE,Children 0-14,28.462,1978
Sierra Leone,SLE,Children 0-14,21.538,1979
Sierra Leone,SLE,Children 0-14,23.077,1980
Sierra Leone,SLE,Children 0-14,23.077,1981
Sierra Leone,SLE,Children 0-14,24.615,1982
Sierra Leone,SLE,Children 0-14,32.308,1983
Sierra Leone,SLE,Children 0-14,23.077,1984
Sierra Leone,SLE,Children 0-14,23.077,1985
Sierra Leone,SLE,Children 0-14,20.000,1986
Sierra Leone,SLE,Children 0-14,19.231,1987
Sierra Leone,SLE,Children 0-14,23.077,1988
Sierra Leone,SLE,Children 0-14,25.385,1989
Sierra Leone,SLE,Children 0-14,25.385,1990
Sierra Leone,SLE,Children 0-14,23.077,1991
Sierra Leone,SLE,Children 0-14,19.231,1992
Sierra Leone,SLE,Children 0-14,19.231,1993
Sierra Leone,SLE,Children 0-14,19.231,1994
Sierra Leone,SLE,Children 0-14,19.231,1995
Sierra Leone,SLE,Children 0-14,19.231,1996
Sierra Leone,SLE,Children 0-14,19.231,1997
Sierra Leone,SLE,Children 0-14,19.231,1998
Sierra Leone,SLE,Children 0-14,20.769,1999
Sierra Leone,SLE,Children 0-14,53.077,2000
Sierra Leone,SLE,Children 0-14,27.692,2001
Sierra Leone,SLE,Children 0-14,20.769,2002
Sierra Leone,SLE,Children 0-14,20.769,2003
Sierra Leone,SLE,Children 0-14,25.385,2004
Sierra Leone,SLE,Children 0-14,35.385,2005
Sierra Leone,SLE,Children 0-14,20.769,2006
Sierra Leone,SLE,Children 0-14,25.385,2007
Sierra Leone,SLE,Children 0-14,28.462,2008
Sierra Leone,SLE,Children 0-14,20.769,2009
Sierra Leone,SLE,Children 0-14,56.154,2010
Sierra Leone,SLE,Children 0-14,35.385,2011
Sierra Leone,SLE,Children 0-14,43.846,2012
Sierra Leone,SLE,Children 0-14,44.615,2013
Sierra Leone,SLE,Children 0-14,36.923,2014
Sierra Leone,SLE,Children 0-14,60.000,2015
Sierra Leone,SLE,Children 0-14,39.231,2016
Sierra Leone,SLE,Children 0-14,57.692,2017
Sierra Leone,SLE,Children 0-14,41.538,2018
Sierra Leone,SLE,Children 0-14,67.692,2019
Sierra Leone,SLE,Children 0-14,33.077,2020
Sierra Leone,SLE,Children 0-14,42.308,2021
Sierra Leone,SLE,Children 0-14,25.385,2022
Sierra Leone,SLE,Children 0-14,13.846,2023
Sierra Leone,SLE,Education,0.000,1960
Sierra Leone,SLE,Education,0.000,1961
Sierra Leone,SLE,Education,0.000,1962
Sierra Leone,SLE,Education,0.000,1963
Sierra Leone,SLE,Education,0.000,1964
Sierra Leone,SLE,Education,0.000,1965
Sierra Leone,SLE,Education,0.000,1966
Sierra Leone,SLE,Education,0.000,1967
Sierra Leone,SLE,Education,0.000,1968
Sierra Leone,SLE,Education,0.000,1969
Sierra Leone,SLE,Education,0.000,1970
Sierra Leone,SLE,Education,16.564,1971
Sierra Leone,SLE,Education,16.564,1972
Sierra Leone,SLE,Education,16.564,1973
Sierra Leone,SLE,Education,16.564,1974
Sierra Leone,SLE,Education,15.951,1975
Sierra Leone,SLE,Education,15.337,1976
Sierra Leone,SLE,Education,12.883,1977
Sierra Leone,SLE,Education,16.564,1978
Sierra Leone,SLE,Education,3.681,1979
Sierra Leone,SLE,Education,4.908,1980
Sierra Leone,SLE,Education,6.135,1981
Sierra Leone,SLE,Education,4.294,1982
Sierra Leone,SLE,Education,11.043,1983
Sierra Leone,SLE,Education,15.951,1984
Sierra Leone,SLE,Education,15.951,1985
Sierra Leone,SLE,Education,3.681,1986
Sierra Leone,SLE,Education,0.000,1987
Sierra Leone,SLE,Education,12.270,1988
Sierra Leone,SLE,Education,12.270,1989
Sierra Leone,SLE,Education,11.656,1990
Sierra Leone,SLE,Education,11.656,1991
Sierra Leone,SLE,Education,0.000,1992
Sierra Leone,SLE,Education,0.000,1993
Sierra Leone,SLE,Education,0.000,1994
Sierra Leone,SLE,Education,0.000,1995
Sierra Leone,SLE,Education,0.000,1996
Sierra Leone,SLE,Education,0.000,1997
Sierra Leone,SLE,Education,0.000,1998
Sierra Leone,SLE,Education,0.000,1999
Sierra Leone,SLE,Education,18.405,2000
Sierra Leone,SLE,Education,23.926,2001
Sierra Leone,SLE,Education,3.681,2002
Sierra Leone,SLE,Education,2.454,2003
Sierra Leone,SLE,Education,16.564,2004
Sierra Leone,SLE,Education,1.227,2005
Sierra Leone,SLE,Education,0.000,2006
Sierra Leone,SLE,Education,2.454,2007
Sierra Leone,SLE,Education,3.067,2008
Sierra Leone,SLE,Education,0.613,2009
Sierra Leone,SLE,Education,3.067,2010
Sierra Leone,SLE,Education,20.245,2011
Sierra Leone,SLE,Education,26.994,2012
Sierra Leone,SLE,Education,27.607,2013
Sierra Leone,SLE,Education,20.859,2014
Sierra Leone,SLE,Education,32.515,2015
Sierra Leone,SLE,Education,23.313,2016
Sierra Leone,SLE,Education,46.012,2017
Sierra Leone,SLE,Education,46.012,2018
Sierra Leone,SLE,Education,22.086,2019
Sierra Leone,SLE,Education,20.245,2020
Sierra Leone,SLE,Education,11.043,2021
Sierra Leone,SLE,Education,9.202,2022
Sierra Leone,SLE,Education,4.908,2023
Sierra Leone,SLE,Employment and Time Use,0.000,1960
Sierra Leone,SLE,Employment and Time Use,0.000,1961
Sierra Leone,SLE,Employment and Time Use,0.000,1962
Sierra Leone,SLE,Employment and Time Use,5.109,1963
Sierra Leone,SLE,Employment and Time Use,0.000,1964
Sierra Leone,SLE,Employment and Time Use,0.000,1965
Sierra Leone,SLE,Employment and Time Use,0.000,1966
Sierra Leone,SLE,Employment and Time Use,0.000,1967
Sierra Leone,SLE,Employment and Time Use,0.000,1968
Sierra Leone,SLE,Employment and Time Use,0.000,1969
Sierra Leone,SLE,Employment and Time Use,21.168,1970
Sierra Leone,SLE,Employment and Time Use,21.168,1971
Sierra Leone,SLE,Employment and Time Use,21.168,1972
Sierra Leone,SLE,Employment and Time Use,21.168,1973
Sierra Leone,SLE,Employment and Time Use,21.168,1974
Sierra Leone,SLE,Employment and Time Use,21.168,1975
Sierra Leone,SLE,Employment and Time Use,21.168,1976
Sierra Leone,SLE,Employment and Time Use,21.168,1977
Sierra Leone,SLE,Employment and Time Use,21.168,1978
Sierra Leone,SLE,Employment and Time Use,21.168,1979
Sierra Leone,SLE,Employment and Time Use,21.168,1980
Sierra Leone,SLE,Employment and Time Use,21.168,1981
Sierra Leone,SLE,Employment and Time Use,21.168,1982
Sierra Leone,SLE,Employment and Time Use,21.168,1983
Sierra Leone,SLE,Employment and Time Use,21.168,1984
Sierra Leone,SLE,Employment and Time Use,21.168,1985
Sierra Leone,SLE,Employment and Time Use,21.168,1986
Sierra Leone,SLE,Employment and Time Use,21.168,1987
Sierra Leone,SLE,Employment and Time Use,21.168,1988
Sierra Leone,SLE,Employment and Time Use,21.168,1989
Sierra Leone,SLE,Employment and Time Use,31.387,1990
Sierra Leone,SLE,Employment and Time Use,56.204,1991
Sierra Leone,SLE,Employment and Time Use,56.204,1992
Sierra Leone,SLE,Employment and Time Use,56.204,1993
Sierra Leone,SLE,Employment and Time Use,56.204,1994
Sierra Leone,SLE,Employment and Time Use,56.204,1995
Sierra Leone,SLE,Employment and Time Use,56.204,1996
Sierra Leone,SLE,Employment and Time Use,56.204,1997
Sierra Leone,SLE,Employment and Time Use,56.204,1998
Sierra Leone,SLE,Employment and Time Use,56.204,1999
Sierra Leone,SLE,Employment and Time Use,58.394,2000
Sierra Leone,SLE,Employment and Time Use,56.204,2001
Sierra Leone,SLE,Employment and Time Use,56.204,2002
Sierra Leone,SLE,Employment and Time Use,84.672,2003
Sierra Leone,SLE,Employment and Time Use,68.613,2004
Sierra Leone,SLE,Employment and Time Use,58.394,2005
Sierra Leone,SLE,Employment and Time Use,56.204,2006
Sierra Leone,SLE,Employment and Time Use,58.394,2007
Sierra Leone,SLE,Employment and Time Use,58.394,2008
Sierra Leone,SLE,Employment and Time Use,57.664,2009
Sierra Leone,SLE,Employment and Time Use,59.854,2010
Sierra Leone,SLE,Employment and Time Use,56.204,2011
Sierra Leone,SLE,Employment and Time Use,56.204,2012
Sierra Leone,SLE,Employment and Time Use,58.394,2013
Sierra Leone,SLE,Employment and Time Use,90.511,2014
Sierra Leone,SLE,Employment and Time Use,56.204,2015
Sierra Leone,SLE,Employment and Time Use,56.204,2016
Sierra Leone,SLE,Employment and Time Use,56.204,2017
Sierra Leone,SLE,Employment and Time Use,89.781,2018
Sierra Leone,SLE,Employment and Time Use,56.204,2019
Sierra Leone,SLE,Employment and Time Use,56.204,2020
Sierra Leone,SLE,Employment and Time Use,56.204,2021
Sierra Leone,SLE,Employment and Time Use,56.204,2022
Sierra Leone,SLE,Employment and Time Use,59.124,2023
Sierra Leone,SLE,Entrepreneurship,0.000,1960
Sierra Leone,SLE,Entrepreneurship,0.000,1961
Sierra Leone,SLE,Entrepreneurship,0.000,1962
Sierra Leone,SLE,Entrepreneurship,0.000,1963
Sierra Leone,SLE,Entrepreneurship,0.000,1964
Sierra Leone,SLE,Entrepreneurship,0.000,1965
Sierra Leone,SLE,Entrepreneurship,0.000,1966
Sierra Leone,SLE,Entrepreneurship,0.000,1967
Sierra Leone,SLE,Entrepreneurship,0.000,1968
Sierra Leone,SLE,Entrepreneurship,0.000,1969
Sierra Leone,SLE,Entrepreneurship,9.375,1970
Sierra Leone,SLE,Entrepreneurship,9.375,1971
Sierra Leone,SLE,Entrepreneurship,9.375,1972
Sierra Leone,SLE,Entrepreneurship,9.375,1973
Sierra Leone,SLE,Entrepreneurship,9.375,1974
Sierra Leone,SLE,Entrepreneurship,9.375,1975
Sierra Leone,SLE,Entrepreneurship,9.375,1976
Sierra Leone,SLE,Entrepreneurship,9.375,1977
Sierra Leone,SLE,Entrepreneurship,9.375,1978
Sierra Leone,SLE,Entrepreneurship,9.375,1979
Sierra Leone,SLE,Entrepreneurship,9.375,1980
Sierra Leone,SLE,Entrepreneurship,9.375,1981
Sierra Leone,SLE,Entrepreneurship,9.375,1982
Sierra Leone,SLE,Entrepreneurship,9.375,1983
Sierra Leone,SLE,Entrepreneurship,9.375,1984
Sierra Leone,SLE,Entrepreneurship,9.375,1985
Sierra Leone,SLE,Entrepreneurship,9.375,1986
Sierra Leone,SLE,Entrepreneurship,9.375,1987
Sierra Leone,SLE,Entrepreneurship,9.375,1988
Sierra Leone,SLE,Entrepreneurship,9.375,1989
Sierra Leone,SLE,Entrepreneurship,9.375,1990
Sierra Leone,SLE,Entrepreneurship,9.375,1991
Sierra Leone,SLE,Entrepreneurship,9.375,1992
Sierra Leone,SLE,Entrepreneurship,9.375,1993
Sierra Leone,SLE,Entrepreneurship,9.375,1994
Sierra Leone,SLE,Entrepreneurship,9.375,1995
Sierra Leone,SLE,Entrepreneurship,9.375,1996
Sierra Leone,SLE,Entrepreneurship,9.375,1997
Sierra Leone,SLE,Entrepreneurship,9.375,1998
Sierra Leone,SLE,Entrepreneurship,9.375,1999
Sierra Leone,SLE,Entrepreneurship,9.375,2000
Sierra Leone,SLE,Entrepreneurship,9.375,2001
Sierra Leone,SLE,Entrepreneurship,9.375,2002
Sierra Leone,SLE,Entrepreneurship,37.500,2003
Sierra Leone,SLE,Entrepreneurship,37.500,2004
Sierra Leone,SLE,Entrepreneurship,37.500,2005
Sierra Leone,SLE,Entrepreneurship,37.500,2006
Sierra Leone,SLE,Entrepreneurship,37.500,2007
Sierra Leone,SLE,Entrepreneurship,37.500,2008
Sierra Leone,SLE,Entrepreneurship,43.750,2009
Sierra Leone,SLE,Entrepreneurship,37.500,2010
Sierra Leone,SLE,Entrepreneurship,37.500,2011
Sierra Leone,SLE,Entrepreneurship,37.500,2012
Sierra Leone,SLE,Entrepreneurship,37.500,2013
Sierra Leone,SLE,Entrepreneurship,56.250,2014
Sierra Leone,SLE,Entrepreneurship,37.500,2015
Sierra Leone,SLE,Entrepreneurship,37.500,2016
Sierra Leone,SLE,Entrepreneurship,62.500,2017
Sierra Leone,SLE,Entrepreneurship,37.500,2018
Sierra Leone,SLE,Entrepreneurship,37.500,2019
Sierra Leone,SLE,Entrepreneurship,34.375,2020
Sierra Leone,SLE,Entrepreneurship,9.375,2021
Sierra Leone,SLE,Entrepreneurship,9.375,2022
Sierra Leone,SLE,Entrepreneurship,15.625,2023
Sierra Leone,SLE,Environment,0.000,1960
Sierra Leone,SLE,Environment,0.000,1961
Sierra Leone,SLE,Environment,0.000,1962
Sierra Leone,SLE,Environment,0.000,1963
Sierra Leone,SLE,Environment,0.000,1964
Sierra Leone,SLE,Environment,0.000,1965
Sierra Leone,SLE,Environment,0.000,1966
Sierra Leone,SLE,Environment,0.000,1967
Sierra Leone,SLE,Environment,0.000,1968
Sierra Leone,SLE,Environment,0.000,1969
Sierra Leone,SLE,Environment,0.000,1970
Sierra Leone,SLE,Environment,0.000,1971
Sierra Leone,SLE,Environment,0.000,1972
Sierra Leone,SLE,Environment,0.000,1973
Sierra Leone,SLE,Environment,0.000,1974
Sierra Leone,SLE,Environment,0.000,1975
Sierra Leone,SLE,Environment,0.000,1976
Sierra Leone,SLE,Environment,0.000,1977
Sierra Leone,SLE,Environment,0.000,1978
Sierra Leone,SLE,Environment,0.000,1979
Sierra Leone,SLE,Environment,0.000,1980
Sierra Leone,SLE,Environment,0.000,1981
Sierra Leone,SLE,Environment,0.000,1982
Sierra Leone,SLE,Environment,0.000,1983
Sierra Leone,SLE,Environment,0.000,1984
Sierra Leone,SLE,Environment,0.000,1985
Sierra Leone,SLE,Environment,0.000,1986
Sierra Leone,SLE,Environment,0.000,1987
Sierra Leone,SLE,Environment,0.000,1988
Sierra Leone,SLE,Environment,0.000,1989
Sierra Leone,SLE,Environment,0.000,1990
Sierra Leone,SLE,Environment,0.000,1991
Sierra Leone,SLE,Environment,0.000,1992
Sierra Leone,SLE,Environment,0.000,1993
Sierra Leone,SLE,Environment,0.000,1994
Sierra Leone,SLE,Environment,0.000,1995
Sierra Leone,SLE,Environment,0.000,1996
Sierra Leone,SLE,Environment,0.000,1997
Sierra Leone,SLE,Environment,0.000,1998
Sierra Leone,SLE,Environment,0.000,1999
Sierra Leone,SLE,Environment,13.333,2000
Sierra Leone,SLE,Environment,10.000,2001
Sierra Leone,SLE,Environment,10.000,2002
Sierra Leone,SLE,Environment,10.000,2003
Sierra Leone,SLE,Environment,10.000,2004
Sierra Leone,SLE,Environment,10.000,2005
Sierra Leone,SLE,Environment,10.000,2006
Sierra Leone,SLE,Environment,10.000,2007
Sierra Leone,SLE,Environment,56.667,2008
Sierra Leone,SLE,Environment,10.000,2009
Sierra Leone,SLE,Environment,10.000,2010
Sierra Leone,SLE,Environment,10.000,2011
Sierra Leone,SLE,Environment,10.000,2012
Sierra Leone,SLE,Environment,53.333,2013
Sierra Leone,SLE,Environment,20.000,2014
Sierra Leone,SLE,Environment,10.000,2015
Sierra Leone,SLE,Environment,33.333,2016
Sierra Leone,SLE,Environment,30.000,2017
Sierra Leone,SLE,Environment,10.000,2018
Sierra Leone,SLE,Environment,70.000,2019
Sierra Leone,SLE,Environment,10.000,2020
Sierra Leone,SLE,Environment,20.000,2021
Sierra Leone,SLE,Environment,10.000,2022
Sierra Leone,SLE,Environment,0.000,2023
Sierra Leone,SLE,Health,6.061,1960
Sierra Leone,SLE,Health,7.576,1961
Sierra Leone,SLE,Health,7.576,1962
Sierra Leone,SLE,Health,7.576,1963
Sierra Leone,SLE,Health,7.576,1964
Sierra Leone,SLE,Health,8.586,1965
Sierra Leone,SLE,Health,8.586,1966
Sierra Leone,SLE,Health,8.586,1967
Sierra Leone,SLE,Health,8.586,1968
Sierra Leone,SLE,Health,8.586,1969
Sierra Leone,SLE,Health,8.586,1970
Sierra Leone,SLE,Health,8.586,1971
Sierra Leone,SLE,Health,8.586,1972
Sierra Leone,SLE,Health,8.586,1973
Sierra Leone,SLE,Health,8.586,1974
Sierra Leone,SLE,Health,11.111,1975
Sierra Leone,SLE,Health,11.111,1976
Sierra Leone,SLE,Health,11.111,1977
Sierra Leone,SLE,Health,11.111,1978
Sierra Leone,SLE,Health,11.111,1979
Sierra Leone,SLE,Health,11.111,1980
Sierra Leone,SLE,Health,11.111,1981
Sierra Leone,SLE,Health,11.111,1982
Sierra Leone,SLE,Health,11.111,1983
Sierra Leone,SLE,Health,11.111,1984
Sierra Leone,SLE,Health,11.111,1985
Sierra Leone,SLE,Health,11.111,1986
Sierra Leone,SLE,Health,11.111,1987
Sierra Leone,SLE,Health,11.111,1988
Sierra Leone,SLE,Health,12.626,1989
Sierra Leone,SLE,Health,17.172,1990
Sierra Leone,SLE,Health,15.657,1991
Sierra Leone,SLE,Health,15.657,1992
Sierra Leone,SLE,Health,15.657,1993
Sierra Leone,SLE,Health,15.657,1994
Sierra Leone,SLE,Health,15.657,1995
Sierra Leone,SLE,Health,15.657,1996
Sierra Leone,SLE,Health,15.657,1997
Sierra Leone,SLE,Health,15.657,1998
Sierra Leone,SLE,Health,16.667,1999
Sierra Leone,SLE,Health,66.667,2000
Sierra Leone,SLE,Health,31.818,2001
Sierra Leone,SLE,Health,31.818,2002
Sierra Leone,SLE,Health,31.818,2003
Sierra Leone,SLE,Health,31.818,2004
Sierra Leone,SLE,Health,44.444,2005
Sierra Leone,SLE,Health,31.818,2006
Sierra Leone,SLE,Health,31.818,2007
Sierra Leone,SLE,Health,53.535,2008
Sierra Leone,SLE,Health,31.818,2009
Sierra Leone,SLE,Health,72.727,2010
Sierra Leone,SLE,Health,31.818,2011
Sierra Leone,SLE,Health,31.818,2012
Sierra Leone,SLE,Health,54.040,2013
Sierra Leone,SLE,Health,40.909,2014
Sierra Leone,SLE,Health,56.061,2015
Sierra Leone,SLE,Health,33.838,2016
Sierra Leone,SLE,Health,53.535,2017
Sierra Leone,SLE,Health,35.859,2018
Sierra Leone,SLE,Health,85.354,2019
Sierra Leone,SLE,Health,27.778,2020
Sierra Leone,SLE,Health,27.778,2021
Sierra Leone,SLE,Health,17.677,2022
Sierra Leone,SLE,Health,1.010,2023
Sierra Leone,SLE,Leadership,0.000,1960
Sierra Leone,SLE,Leadership,0.000,1961
Sierra Leone,SLE,Leadership,0.000,1962
Sierra Leone,SLE,Leadership,0.000,1963
Sierra Leone,SLE,Leadership,0.000,1964
Sierra Leone,SLE,Leadership,0.000,1965
Sierra Leone,SLE,Leadership,0.000,1966
Sierra Leone,SLE,Leadership,0.000,1967
Sierra Leone,SLE,Leadership,0.000,1968
Sierra Leone,SLE,Leadership,0.000,1969
Sierra Leone,SLE,Leadership,0.000,1970
Sierra Leone,SLE,Leadership,0.000,1971
Sierra Leone,SLE,Leadership,0.000,1972
Sierra Leone,SLE,Leadership,0.000,1973
Sierra Leone,SLE,Leadership,0.000,1974
Sierra Leone,SLE,Leadership,0.000,1975
Sierra Leone,SLE,Leadership,0.000,1976
Sierra Leone,SLE,Leadership,0.000,1977
Sierra Leone,SLE,Leadership,0.000,1978
Sierra Leone,SLE,Leadership,0.000,1979
Sierra Leone,SLE,Leadership,0.000,1980
Sierra Leone,SLE,Leadership,0.000,1981
Sierra Leone,SLE,Leadership,0.000,1982
Sierra Leone,SLE,Leadership,0.000,1983
Sierra Leone,SLE,Leadership,0.000,1984
Sierra Leone,SLE,Leadership,0.000,1985
Sierra Leone,SLE,Leadership,0.000,1986
Sierra Leone,SLE,Leadership,0.000,1987
Sierra Leone,SLE,Leadership,0.000,1988
Sierra Leone,SLE,Leadership,0.000,1989
Sierra Leone,SLE,Leadership,0.000,1990
Sierra Leone,SLE,Leadership,0.000,1991
Sierra Leone,SLE,Leadership,0.000,1992
Sierra Leone,SLE,Leadership,0.000,1993
Sierra Leone,SLE,Leadership,0.000,1994
Sierra Leone,SLE,Leadership,0.000,1995
Sierra Leone,SLE,Leadership,0.000,1996
Sierra Leone,SLE,Leadership,0.000,1997
Sierra Leone,SLE,Leadership,0.000,1998
Sierra Leone,SLE,Leadership,25.000,1999
Sierra Leone,SLE,Leadership,25.000,2000
Sierra Leone,SLE,Leadership,25.000,2001
Sierra Leone,SLE,Leadership,0.000,2002
Sierra Leone,SLE,Leadership,25.000,2003
Sierra Leone,SLE,Leadership,25.000,2004
Sierra Leone,SLE,Leadership,50.000,2005
Sierra Leone,SLE,Leadership,25.000,2006
Sierra Leone,SLE,Leadership,25.000,2007
Sierra Leone,SLE,Leadership,50.000,2008
Sierra Leone,SLE,Leadership,50.000,2009
Sierra Leone,SLE,Leadership,50.000,2010
Sierra Leone,SLE,Leadership,25.000,2011
Sierra Leone,SLE,Leadership,50.000,2012
Sierra Leone,SLE,Leadership,25.000,2013
Sierra Leone,SLE,Leadership,75.000,2014
Sierra Leone,SLE,Leadership,50.000,2015
Sierra Leone,SLE,Leadership,50.000,2016
Sierra Leone,SLE,Leadership,50.000,2017
Sierra Leone,SLE,Leadership,75.000,2018
Sierra Leone,SLE,Leadership,50.000,2019
Sierra Leone,SLE,Leadership,50.000,2020
Sierra Leone,SLE,Leadership,25.000,2021
Sierra Leone,SLE,Leadership,50.000,2022
Sierra Leone,SLE,Leadership,50.000,2023
Sierra Leone,SLE,Norms and Decision-making,0.000,1960
Sierra Leone,SLE,Norms and Decision-making,0.000,1961
Sierra Leone,SLE,Norms and Decision-making,0.000,1962
Sierra Leone,SLE,Norms and Decision-making,0.000,1963
Sierra Leone,SLE,Norms and Decision-making,0.000,1964
Sierra Leone,SLE,Norms and Decision-making,0.000,1965
Sierra Leone,SLE,Norms and Decision-making,0.000,1966
Sierra Leone,SLE,Norms and Decision-making,0.000,1967
Sierra Leone,SLE,Norms and Decision-making,0.000,1968
Sierra Leone,SLE,Norms and Decision-making,0.000,1969
Sierra Leone,SLE,Norms and Decision-making,12.593,1970
Sierra Leone,SLE,Norms and Decision-making,12.593,1971
Sierra Leone,SLE,Norms and Decision-making,12.593,1972
Sierra Leone,SLE,Norms and Decision-making,12.593,1973
Sierra Leone,SLE,Norms and Decision-making,12.593,1974
Sierra Leone,SLE,Norms and Decision-making,12.593,1975
Sierra Leone,SLE,Norms and Decision-making,12.593,1976
Sierra Leone,SLE,Norms and Decision-making,12.593,1977
Sierra Leone,SLE,Norms and Decision-making,12.593,1978
Sierra Leone,SLE,Norms and Decision-making,12.593,1979
Sierra Leone,SLE,Norms and Decision-making,12.593,1980
Sierra Leone,SLE,Norms and Decision-making,12.593,1981
Sierra Leone,SLE,Norms and Decision-making,12.593,1982
Sierra Leone,SLE,Norms and Decision-making,12.593,1983
Sierra Leone,SLE,Norms and Decision-making,12.593,1984
Sierra Leone,SLE,Norms and Decision-making,13.333,1985
Sierra Leone,SLE,Norms and Decision-making,12.593,1986
Sierra Leone,SLE,Norms and Decision-making,12.593,1987
Sierra Leone,SLE,Norms and Decision-making,12.593,1988
Sierra Leone,SLE,Norms and Decision-making,12.593,1989
Sierra Leone,SLE,Norms and Decision-making,12.593,1990
Sierra Leone,SLE,Norms and Decision-making,12.593,1991
Sierra Leone,SLE,Norms and Decision-making,14.074,1992
Sierra Leone,SLE,Norms and Decision-making,12.593,1993
Sierra Leone,SLE,Norms and Decision-making,12.593,1994
Sierra Leone,SLE,Norms and Decision-making,12.593,1995
Sierra Leone,SLE,Norms and Decision-making,12.593,1996
Sierra Leone,SLE,Norms and Decision-making,12.593,1997
Sierra Leone,SLE,Norms and Decision-making,12.593,1998
Sierra Leone,SLE,Norms and Decision-making,12.593,1999
Sierra Leone,SLE,Norms and Decision-making,15.556,2000
Sierra Leone,SLE,Norms and Decision-making,12.593,2001
Sierra Leone,SLE,Norms and Decision-making,12.593,2002
Sierra Leone,SLE,Norms and Decision-making,12.593,2003
Sierra Leone,SLE,Norms and Decision-making,14.074,2004
Sierra Leone,SLE,Norms and Decision-making,14.815,2005
Sierra Leone,SLE,Norms and Decision-making,12.593,2006
Sierra Leone,SLE,Norms and Decision-making,12.593,2007
Sierra Leone,SLE,Norms and Decision-making,84.444,2008
Sierra Leone,SLE,Norms and Decision-making,12.593,2009
Sierra Leone,SLE,Norms and Decision-making,14.815,2010
Sierra Leone,SLE,Norms and Decision-making,12.593,2011
Sierra Leone,SLE,Norms and Decision-making,12.593,2012
Sierra Leone,SLE,Norms and Decision-making,76.296,2013
Sierra Leone,SLE,Norms and Decision-making,12.593,2014
Sierra Leone,SLE,Norms and Decision-making,14.074,2015
Sierra Leone,SLE,Norms and Decision-making,12.593,2016
Sierra Leone,SLE,Norms and Decision-making,17.037,2017
Sierra Leone,SLE,Norms and Decision-making,12.593,2018
Sierra Leone,SLE,Norms and Decision-making,71.852,2019
Sierra Leone,SLE,Norms and Decision-making,12.593,2020
Sierra Leone,SLE,Norms and Decision-making,12.593,2021
Sierra Leone,SLE,Norms and Decision-making,12.593,2022
Sierra Leone,SLE,Norms and Decision-making,12.593,2023
Sierra Leone,SLE,Population,86.905,1960
Sierra Leone,SLE,Population,86.905,1961
Sierra Leone,SLE,Population,86.905,1962
Sierra Leone,SLE,Population,86.905,1963
Sierra Leone,SLE,Population,86.905,1964
Sierra Leone,SLE,Population,86.905,1965
Sierra Leone,SLE,Population,86.905,1966
Sierra Leone,SLE,Population,86.905,1967
Sierra Leone,SLE,Population,86.905,1968
Sierra Leone,SLE,Population,86.905,1969
Sierra Leone,SLE,Population,86.905,1970
Sierra Leone,SLE,Population,86.905,1971
Sierra Leone,SLE,Population,86.905,1972
Sierra Leone,SLE,Population,86.905,1973
Sierra Leone,SLE,Population,86.905,1974
Sierra Leone,SLE,Population,86.905,1975
Sierra Leone,SLE,Population,86.905,1976
Sierra Leone,SLE,Population,86.905,1977
Sierra Leone,SLE,Population,86.905,1978
Sierra Leone,SLE,Population,86.905,1979
Sierra Leone,SLE,Population,91.667,1980
Sierra Leone,SLE,Population,86.905,1981
Sierra Leone,SLE,Population,86.905,1982
Sierra Leone,SLE,Population,86.905,1983
Sierra Leone,SLE,Population,86.905,1984
Sierra Leone,SLE,Population,92.857,1985
Sierra Leone,SLE,Population,86.905,1986
Sierra Leone,SLE,Population,86.905,1987
Sierra Leone,SLE,Population,86.905,1988
Sierra Leone,SLE,Population,86.905,1989
Sierra Leone,SLE,Population,92.857,1990
Sierra Leone,SLE,Population,86.905,1991
Sierra Leone,SLE,Population,89.286,1992
Sierra Leone,SLE,Population,86.905,1993
Sierra Leone,SLE,Population,86.905,1994
Sierra Leone,SLE,Population,92.857,1995
Sierra Leone,SLE,Population,86.905,1996
Sierra Leone,SLE,Population,86.905,1997
Sierra Leone,SLE,Population,86.905,1998
Sierra Leone,SLE,Population,86.905,1999
Sierra Leone,SLE,Population,95.238,2000
Sierra Leone,SLE,Population,86.905,2001
Sierra Leone,SLE,Population,86.905,2002
Sierra Leone,SLE,Population,86.905,2003
Sierra Leone,SLE,Population,89.286,2004
Sierra Leone,SLE,Population,95.238,2005
Sierra Leone,SLE,Population,86.905,2006
Sierra Leone,SLE,Population,86.905,2007
Sierra Leone,SLE,Population,94.048,2008
Sierra Leone,SLE,Population,86.905,2009
Sierra Leone,SLE,Population,95.238,2010
Sierra Leone,SLE,Population,86.905,2011
Sierra Leone,SLE,Population,86.905,2012
Sierra Leone,SLE,Population,94.048,2013
Sierra Leone,SLE,Population,86.905,2014
Sierra Leone,SLE,Population,95.238,2015
Sierra Leone,SLE,Population,88.095,2016
Sierra Leone,SLE,Population,90.476,2017
Sierra Leone,SLE,Population,86.905,2018
Sierra Leone,SLE,Population,91.667,2019
Sierra Leone,SLE,Population,88.095,2020
Sierra Leone,SLE,Population,86.905,2021
Sierra Leone,SLE,Population,86.905,2022
Sierra Leone,SLE,Population,77.381,2023
Sierra Leone,SLE,SDGs,2.685,1960
Sierra Leone,SLE,SDGs,2.685,1961
Sierra Leone,SLE,SDGs,2.685,1962
Sierra Leone,SLE,SDGs,2.685,1963
Sierra Leone,SLE,SDGs,2.685,1964
Sierra Leone,SLE,SDGs,2.685,1965
Sierra Leone,SLE,SDGs,2.685,1966
Sierra Leone,SLE,SDGs,2.685,1967
Sierra Leone,SLE,SDGs,2.685,1968
Sierra Leone,SLE,SDGs,2.685,1969
Sierra Leone,SLE,SDGs,11.409,1970
Sierra Leone,SLE,SDGs,11.409,1971
Sierra Leone,SLE,SDGs,11.409,1972
Sierra Leone,SLE,SDGs,11.409,1973
Sierra Leone,SLE,SDGs,11.409,1974
Sierra Leone,SLE,SDGs,11.409,1975
Sierra Leone,SLE,SDGs,11.409,1976
Sierra Leone,SLE,SDGs,11.409,1977
Sierra Leone,SLE,SDGs,11.409,1978
Sierra Leone,SLE,SDGs,11.409,1979
Sierra Leone,SLE,SDGs,11.409,1980
Sierra Leone,SLE,SDGs,11.409,1981
Sierra Leone,SLE,SDGs,11.409,1982
Sierra Leone,SLE,SDGs,11.409,1983
Sierra Leone,SLE,SDGs,11.409,1984
Sierra Leone,SLE,SDGs,11.409,1985
Sierra Leone,SLE,SDGs,11.409,1986
Sierra Leone,SLE,SDGs,11.409,1987
Sierra Leone,SLE,SDGs,11.409,1988
Sierra Leone,SLE,SDGs,11.409,1989
Sierra Leone,SLE,SDGs,15.436,1990
Sierra Leone,SLE,SDGs,19.463,1991
Sierra Leone,SLE,SDGs,19.463,1992
Sierra Leone,SLE,SDGs,19.463,1993
Sierra Leone,SLE,SDGs,19.463,1994
Sierra Leone,SLE,SDGs,19.463,1995
Sierra Leone,SLE,SDGs,19.463,1996
Sierra Leone,SLE,SDGs,19.463,1997
Sierra Leone,SLE,SDGs,19.463,1998
Sierra Leone,SLE,SDGs,20.805,1999
Sierra Leone,SLE,SDGs,66.443,2000
Sierra Leone,SLE,SDGs,33.557,2001
Sierra Leone,SLE,SDGs,32.886,2002
Sierra Leone,SLE,SDGs,37.584,2003
Sierra Leone,SLE,SDGs,37.584,2004
Sierra Leone,SLE,SDGs,36.242,2005
Sierra Leone,SLE,SDGs,33.557,2006
Sierra Leone,SLE,SDGs,33.557,2007
Sierra Leone,SLE,SDGs,40.940,2008
Sierra Leone,SLE,SDGs,33.557,2009
Sierra Leone,SLE,SDGs,66.443,2010
Sierra Leone,SLE,SDGs,35.570,2011
Sierra Leone,SLE,SDGs,33.557,2012
Sierra Leone,SLE,SDGs,42.282,2013
Sierra Leone,SLE,SDGs,39.597,2014
Sierra Leone,SLE,SDGs,65.772,2015
Sierra Leone,SLE,SDGs,33.557,2016
Sierra Leone,SLE,SDGs,36.242,2017
Sierra Leone,SLE,SDGs,40.940,2018
Sierra Leone,SLE,SDGs,77.181,2019
Sierra Leone,SLE,SDGs,27.517,2020
Sierra Leone,SLE,SDGs,24.832,2021
Sierra Leone,SLE,SDGs,22.819,2022
Sierra Leone,SLE,SDGs,14.094,2023
Sierra Leone,SLE,Technology,0.000,1960
Sierra Leone,SLE,Technology,0.000,1961
Sierra Leone,SLE,Technology,0.000,1962
Sierra Leone,SLE,Technology,0.000,1963
Sierra Leone,SLE,Technology,0.000,1964
Sierra Leone,SLE,Technology,0.000,1965
Sierra Leone,SLE,Technology,0.000,1966
Sierra Leone,SLE,Technology,0.000,1967
Sierra Leone,SLE,Technology,0.000,1968
Sierra Leone,SLE,Technology,0.000,1969
Sierra Leone,SLE,Technology,0.000,1970
Sierra Leone,SLE,Technology,0.000,1971
Sierra Leone,SLE,Technology,0.000,1972
Sierra Leone,SLE,Technology,0.000,1973
Sierra Leone,SLE,Technology,0.000,1974
Sierra Leone,SLE,Technology,0.000,1975
Sierra Leone,SLE,Technology,0.000,1976
Sierra Leone,SLE,Technology,0.000,1977
Sierra Leone,SLE,Technology,0.000,1978
Sierra Leone,SLE,Technology,0.000,1979
Sierra Leone,SLE,Technology,0.000,1980
Sierra Leone,SLE,Technology,0.000,1981
Sierra Leone,SLE,Technology,0.000,1982
Sierra Leone,SLE,Technology,0.000,1983
Sierra Leone,SLE,Technology,0.000,1984
Sierra Leone,SLE,Technology,0.000,1985
Sierra Leone,SLE,Technology,0.000,1986
Sierra Leone,SLE,Technology,0.000,1987
Sierra Leone,SLE,Technology,0.000,1988
Sierra Leone,SLE,Technology,0.000,1989
Sierra Leone,SLE,Technology,2.222,1990
Sierra Leone,SLE,Technology,2.222,1991
Sierra Leone,SLE,Technology,2.222,1992
Sierra Leone,SLE,Technology,2.222,1993
Sierra Leone,SLE,Technology,2.222,1994
Sierra Leone,SLE,Technology,2.222,1995
Sierra Leone,SLE,Technology,2.222,1996
Sierra Leone,SLE,Technology,2.222,1997
Sierra Leone,SLE,Technology,2.222,1998
Sierra Leone,SLE,Technology,2.222,1999
Sierra Leone,SLE,Technology,8.889,2000
Sierra Leone,SLE,Technology,2.222,2001
Sierra Leone,SLE,Technology,2.222,2002
Sierra Leone,SLE,Technology,2.222,2003
Sierra Leone,SLE,Technology,2.222,2004
Sierra Leone,SLE,Technology,2.222,2005
Sierra Leone,SLE,Technology,2.222,2006
Sierra Leone,SLE,Technology,2.222,2007
Sierra Leone,SLE,Technology,2.222,2008
Sierra Leone,SLE,Technology,2.222,2009
Sierra Leone,SLE,Technology,2.222,2010
Sierra Leone,SLE,Technology,8.889,2011
Sierra Leone,SLE,Technology,2.222,2012
Sierra Leone,SLE,Technology,2.222,2013
Sierra Leone,SLE,Technology,35.556,2014
Sierra Leone,SLE,Technology,2.222,2015
Sierra Leone,SLE,Technology,2.222,2016
Sierra Leone,SLE,Technology,55.556,2017
Sierra Leone,SLE,Technology,2.222,2018
Sierra Leone,SLE,Technology,2.222,2019
Sierra Leone,SLE,Technology,2.222,2020
Sierra Leone,SLE,Technology,82.222,2021
Sierra Leone,SLE,Technology,2.222,2022
Sierra Leone,SLE,Technology,0.000,2023
Sierra Leone,SLE,Violence,0.000,1960
Sierra Leone,SLE,Violence,0.000,1961
Sierra Leone,SLE,Violence,0.000,1962
Sierra Leone,SLE,Violence,0.000,1963
Sierra Leone,SLE,Violence,0.000,1964
Sierra Leone,SLE,Violence,0.000,1965
Sierra Leone,SLE,Violence,0.000,1966
Sierra Leone,SLE,Violence,0.000,1967
Sierra Leone,SLE,Violence,0.000,1968
Sierra Leone,SLE,Violence,0.000,1969
Sierra Leone,SLE,Violence,2.143,1970
Sierra Leone,SLE,Violence,2.143,1971
Sierra Leone,SLE,Violence,2.143,1972
Sierra Leone,SLE,Violence,2.143,1973
Sierra Leone,SLE,Violence,2.143,1974
Sierra Leone,SLE,Violence,2.143,1975
Sierra Leone,SLE,Violence,2.143,1976
Sierra Leone,SLE,Violence,2.143,1977
Sierra Leone,SLE,Violence,2.143,1978
Sierra Leone,SLE,Violence,2.143,1979
Sierra Leone,SLE,Violence,2.143,1980
Sierra Leone,SLE,Violence,2.143,1981
Sierra Leone,SLE,Violence,2.143,1982
Sierra Leone,SLE,Violence,2.143,1983
Sierra Leone,SLE,Violence,2.143,1984
Sierra Leone,SLE,Violence,2.143,1985
Sierra Leone,SLE,Violence,2.143,1986
Sierra Leone,SLE,Violence,2.143,1987
Sierra Leone,SLE,Violence,2.143,1988
Sierra Leone,SLE,Violence,2.143,1989
Sierra Leone,SLE,Violence,2.143,1990
Sierra Leone,SLE,Violence,2.143,1991
Sierra Leone,SLE,Violence,2.143,1992
Sierra Leone,SLE,Violence,2.143,1993
Sierra Leone,SLE,Violence,2.143,1994
Sierra Leone,SLE,Violence,2.143,1995
Sierra Leone,SLE,Violence,2.143,1996
Sierra Leone,SLE,Violence,2.143,1997
Sierra Leone,SLE,Violence,2.143,1998
Sierra Leone,SLE,Violence,2.143,1999
Sierra Leone,SLE,Violence,4.286,2000
Sierra Leone,SLE,Violence,4.286,2001
Sierra Leone,SLE,Violence,4.286,2002
Sierra Leone,SLE,Violence,4.286,2003
Sierra Leone,SLE,Violence,5.000,2004
Sierra Leone,SLE,Violence,5.000,2005
Sierra Leone,SLE,Violence,5.000,2006
Sierra Leone,SLE,Violence,5.000,2007
Sierra Leone,SLE,Violence,55.000,2008
Sierra Leone,SLE,Violence,5.000,2009
Sierra Leone,SLE,Violence,5.000,2010
Sierra Leone,SLE,Violence,5.000,2011
Sierra Leone,SLE,Violence,5.000,2012
Sierra Leone,SLE,Violence,61.429,2013
Sierra Leone,SLE,Violence,4.286,2014
Sierra Leone,SLE,Violence,5.000,2015
Sierra Leone,SLE,Violence,4.286,2016
Sierra Leone,SLE,Violence,4.286,2017
Sierra Leone,SLE,Violence,7.143,2018
Sierra Leone,SLE,Violence,59.286,2019
Sierra Leone,SLE,Violence,2.857,2020
Sierra Leone,SLE,Violence,2.143,2021
Sierra Leone,SLE,Violence,2.143,2022
Sierra Leone,SLE,Violence,2.143,2023
Sierra Leone,SLE,Youth 15-24,4.587,1960
Sierra Leone,SLE,Youth 15-24,4.587,1961
Sierra Leone,SLE,Youth 15-24,4.587,1962
Sierra Leone,SLE,Youth 15-24,7.339,1963
Sierra Leone,SLE,Youth 15-24,4.587,1964
Sierra Leone,SLE,Youth 15-24,4.587,1965
Sierra Leone,SLE,Youth 15-24,4.587,1966
Sierra Leone,SLE,Youth 15-24,4.587,1967
Sierra Leone,SLE,Youth 15-24,4.587,1968
Sierra Leone,SLE,Youth 15-24,4.587,1969
Sierra Leone,SLE,Youth 15-24,4.587,1970
Sierra Leone,SLE,Youth 15-24,18.349,1971
Sierra Leone,SLE,Youth 15-24,18.349,1972
Sierra Leone,SLE,Youth 15-24,18.349,1973
Sierra Leone,SLE,Youth 15-24,18.349,1974
Sierra Leone,SLE,Youth 15-24,18.349,1975
Sierra Leone,SLE,Youth 15-24,18.349,1976
Sierra Leone,SLE,Youth 15-24,16.514,1977
Sierra Leone,SLE,Youth 15-24,15.596,1978
Sierra Leone,SLE,Youth 15-24,7.339,1979
Sierra Leone,SLE,Youth 15-24,7.339,1980
Sierra Leone,SLE,Youth 15-24,8.257,1981
Sierra Leone,SLE,Youth 15-24,4.587,1982
Sierra Leone,SLE,Youth 15-24,4.587,1983
Sierra Leone,SLE,Youth 15-24,18.349,1984
Sierra Leone,SLE,Youth 15-24,18.349,1985
Sierra Leone,SLE,Youth 15-24,8.257,1986
Sierra Leone,SLE,Youth 15-24,4.587,1987
Sierra Leone,SLE,Youth 15-24,15.596,1988
Sierra Leone,SLE,Youth 15-24,15.596,1989
Sierra Leone,SLE,Youth 15-24,22.936,1990
Sierra Leone,SLE,Youth 15-24,29.358,1991
Sierra Leone,SLE,Youth 15-24,18.349,1992
Sierra Leone,SLE,Youth 15-24,18.349,1993
Sierra Leone,SLE,Youth 15-24,18.349,1994
Sierra Leone,SLE,Youth 15-24,18.349,1995
Sierra Leone,SLE,Youth 15-24,18.349,1996
Sierra Leone,SLE,Youth 15-24,18.349,1997
Sierra Leone,SLE,Youth 15-24,18.349,1998
Sierra Leone,SLE,Youth 15-24,18.349,1999
Sierra Leone,SLE,Youth 15-24,38.532,2000
Sierra Leone,SLE,Youth 15-24,39.450,2001
Sierra Leone,SLE,Youth 15-24,22.018,2002
Sierra Leone,SLE,Youth 15-24,27.523,2003
Sierra Leone,SLE,Youth 15-24,40.367,2004
Sierra Leone,SLE,Youth 15-24,19.266,2005
Sierra Leone,SLE,Youth 15-24,18.349,2006
Sierra Leone,SLE,Youth 15-24,18.349,2007
Sierra Leone,SLE,Youth 15-24,27.523,2008
Sierra Leone,SLE,Youth 15-24,19.266,2009
Sierra Leone,SLE,Youth 15-24,20.183,2010
Sierra Leone,SLE,Youth 15-24,26.606,2011
Sierra Leone,SLE,Youth 15-24,26.606,2012
Sierra Leone,SLE,Youth 15-24,44.037,2013
Sierra Leone,SLE,Youth 15-24,41.284,2014
Sierra Leone,SLE,Youth 15-24,34.862,2015
Sierra Leone,SLE,Youth 15-24,26.606,2016
Sierra Leone,SLE,Youth 15-24,40.367,2017
Sierra Leone,SLE,Youth 15-24,52.294,2018
Sierra Leone,SLE,Youth 15-24,38.532,2019
Sierra Leone,SLE,Youth 15-24,21.101,2020
Sierra Leone,SLE,Youth 15-24,21.101,2021
Sierra Leone,SLE,Youth 15-24,22.018,2022
Sierra Leone,SLE,Youth 15-24,12.844,2023
