Country Name,Country Code,Topic,% of available indicators,Year
"Hong Kong SAR, China",HKG,Assets,0.000,1960
"Hong Kong SAR, China",HKG,Assets,0.000,1961
"Hong Kong SAR, China",HKG,Assets,0.000,1962
"Hong Kong SAR, China",HKG,Assets,0.000,1963
"Hong Kong SAR, China",HKG,Assets,0.000,1964
"Hong Kong SAR, China",HKG,Assets,0.000,1965
"Hong Kong SAR, China",HKG,Assets,0.000,1966
"Hong Kong SAR, China",HKG,Assets,0.000,1967
"Hong Kong SAR, China",HKG,Assets,0.000,1968
"Hong Kong SAR, China",HKG,Assets,0.000,1969
"Hong Kong SAR, China",HKG,Assets,2.208,1970
"Hong Kong SAR, China",HKG,Assets,2.208,1971
"Hong Kong SAR, China",HKG,Assets,2.208,1972
"Hong Kong SAR, China",HKG,Assets,2.208,1973
"Hong Kong SAR, China",HKG,Assets,2.208,1974
"Hong Kong SAR, China",HKG,Assets,2.208,1975
"Hong Kong SAR, China",HKG,Assets,2.208,1976
"Hong Kong SAR, China",HKG,Assets,2.208,1977
"Hong Kong SAR, China",HKG,Assets,2.208,1978
"Hong Kong SAR, China",HKG,Assets,2.208,1979
"Hong Kong SAR, China",HKG,Assets,2.208,1980
"Hong Kong SAR, China",HKG,Assets,2.208,1981
"Hong Kong SAR, China",HKG,Assets,2.208,1982
"Hong Kong SAR, China",HKG,Assets,2.208,1983
"Hong Kong SAR, China",HKG,Assets,2.208,1984
"Hong Kong SAR, China",HKG,Assets,2.208,1985
"Hong Kong SAR, China",HKG,Assets,2.208,1986
"Hong Kong SAR, China",HKG,Assets,2.208,1987
"Hong Kong SAR, China",HKG,Assets,2.208,1988
"Hong Kong SAR, China",HKG,Assets,2.208,1989
"Hong Kong SAR, China",HKG,Assets,2.208,1990
"Hong Kong SAR, China",HKG,Assets,2.208,1991
"Hong Kong SAR, China",HKG,Assets,2.208,1992
"Hong Kong SAR, China",HKG,Assets,2.208,1993
"Hong Kong SAR, China",HKG,Assets,2.208,1994
"Hong Kong SAR, China",HKG,Assets,2.208,1995
"Hong Kong SAR, China",HKG,Assets,2.208,1996
"Hong Kong SAR, China",HKG,Assets,2.208,1997
"Hong Kong SAR, China",HKG,Assets,2.208,1998
"Hong Kong SAR, China",HKG,Assets,2.208,1999
"Hong Kong SAR, China",HKG,Assets,2.208,2000
"Hong Kong SAR, China",HKG,Assets,2.208,2001
"Hong Kong SAR, China",HKG,Assets,2.208,2002
"Hong Kong SAR, China",HKG,Assets,2.208,2003
"Hong Kong SAR, China",HKG,Assets,2.208,2004
"Hong Kong SAR, China",HKG,Assets,2.208,2005
"Hong Kong SAR, China",HKG,Assets,2.208,2006
"Hong Kong SAR, China",HKG,Assets,2.208,2007
"Hong Kong SAR, China",HKG,Assets,2.208,2008
"Hong Kong SAR, China",HKG,Assets,2.208,2009
"Hong Kong SAR, China",HKG,Assets,2.208,2010
"Hong Kong SAR, China",HKG,Assets,10.726,2011
"Hong Kong SAR, China",HKG,Assets,2.208,2012
"Hong Kong SAR, China",HKG,Assets,2.208,2013
"Hong Kong SAR, China",HKG,Assets,24.921,2014
"Hong Kong SAR, China",HKG,Assets,2.208,2015
"Hong Kong SAR, China",HKG,Assets,2.208,2016
"Hong Kong SAR, China",HKG,Assets,26.814,2017
"Hong Kong SAR, China",HKG,Assets,2.208,2018
"Hong Kong SAR, China",HKG,Assets,2.208,2019
"Hong Kong SAR, China",HKG,Assets,2.208,2020
"Hong Kong SAR, China",HKG,Assets,51.735,2021
"Hong Kong SAR, China",HKG,Assets,2.208,2022
"Hong Kong SAR, China",HKG,Assets,2.208,2023
"Hong Kong SAR, China",HKG,Children 0-14,10.769,1960
"Hong Kong SAR, China",HKG,Children 0-14,10.769,1961
"Hong Kong SAR, China",HKG,Children 0-14,10.769,1962
"Hong Kong SAR, China",HKG,Children 0-14,10.769,1963
"Hong Kong SAR, China",HKG,Children 0-14,10.769,1964
"Hong Kong SAR, China",HKG,Children 0-14,10.769,1965
"Hong Kong SAR, China",HKG,Children 0-14,10.769,1966
"Hong Kong SAR, China",HKG,Children 0-14,10.769,1967
"Hong Kong SAR, China",HKG,Children 0-14,10.769,1968
"Hong Kong SAR, China",HKG,Children 0-14,10.769,1969
"Hong Kong SAR, China",HKG,Children 0-14,10.769,1970
"Hong Kong SAR, China",HKG,Children 0-14,29.231,1971
"Hong Kong SAR, China",HKG,Children 0-14,24.615,1972
"Hong Kong SAR, China",HKG,Children 0-14,24.615,1973
"Hong Kong SAR, China",HKG,Children 0-14,24.615,1974
"Hong Kong SAR, China",HKG,Children 0-14,24.615,1975
"Hong Kong SAR, China",HKG,Children 0-14,26.923,1976
"Hong Kong SAR, China",HKG,Children 0-14,24.615,1977
"Hong Kong SAR, China",HKG,Children 0-14,24.615,1978
"Hong Kong SAR, China",HKG,Children 0-14,26.154,1979
"Hong Kong SAR, China",HKG,Children 0-14,31.538,1980
"Hong Kong SAR, China",HKG,Children 0-14,36.154,1981
"Hong Kong SAR, China",HKG,Children 0-14,31.538,1982
"Hong Kong SAR, China",HKG,Children 0-14,31.538,1983
"Hong Kong SAR, China",HKG,Children 0-14,31.538,1984
"Hong Kong SAR, China",HKG,Children 0-14,30.000,1985
"Hong Kong SAR, China",HKG,Children 0-14,20.769,1986
"Hong Kong SAR, China",HKG,Children 0-14,16.923,1987
"Hong Kong SAR, China",HKG,Children 0-14,16.923,1988
"Hong Kong SAR, China",HKG,Children 0-14,13.846,1989
"Hong Kong SAR, China",HKG,Children 0-14,13.846,1990
"Hong Kong SAR, China",HKG,Children 0-14,16.923,1991
"Hong Kong SAR, China",HKG,Children 0-14,14.615,1992
"Hong Kong SAR, China",HKG,Children 0-14,14.615,1993
"Hong Kong SAR, China",HKG,Children 0-14,14.615,1994
"Hong Kong SAR, China",HKG,Children 0-14,26.923,1995
"Hong Kong SAR, China",HKG,Children 0-14,29.231,1996
"Hong Kong SAR, China",HKG,Children 0-14,10.769,1997
"Hong Kong SAR, China",HKG,Children 0-14,17.692,1998
"Hong Kong SAR, China",HKG,Children 0-14,13.846,1999
"Hong Kong SAR, China",HKG,Children 0-14,13.846,2000
"Hong Kong SAR, China",HKG,Children 0-14,23.077,2001
"Hong Kong SAR, China",HKG,Children 0-14,20.000,2002
"Hong Kong SAR, China",HKG,Children 0-14,23.077,2003
"Hong Kong SAR, China",HKG,Children 0-14,23.077,2004
"Hong Kong SAR, China",HKG,Children 0-14,21.538,2005
"Hong Kong SAR, China",HKG,Children 0-14,30.769,2006
"Hong Kong SAR, China",HKG,Children 0-14,23.077,2007
"Hong Kong SAR, China",HKG,Children 0-14,26.923,2008
"Hong Kong SAR, China",HKG,Children 0-14,28.462,2009
"Hong Kong SAR, China",HKG,Children 0-14,30.769,2010
"Hong Kong SAR, China",HKG,Children 0-14,33.077,2011
"Hong Kong SAR, China",HKG,Children 0-14,31.538,2012
"Hong Kong SAR, China",HKG,Children 0-14,31.538,2013
"Hong Kong SAR, China",HKG,Children 0-14,33.846,2014
"Hong Kong SAR, China",HKG,Children 0-14,33.846,2015
"Hong Kong SAR, China",HKG,Children 0-14,38.462,2016
"Hong Kong SAR, China",HKG,Children 0-14,38.462,2017
"Hong Kong SAR, China",HKG,Children 0-14,33.846,2018
"Hong Kong SAR, China",HKG,Children 0-14,30.000,2019
"Hong Kong SAR, China",HKG,Children 0-14,28.462,2020
"Hong Kong SAR, China",HKG,Children 0-14,22.308,2021
"Hong Kong SAR, China",HKG,Children 0-14,24.615,2022
"Hong Kong SAR, China",HKG,Children 0-14,10.769,2023
"Hong Kong SAR, China",HKG,Education,0.000,1960
"Hong Kong SAR, China",HKG,Education,0.000,1961
"Hong Kong SAR, China",HKG,Education,0.000,1962
"Hong Kong SAR, China",HKG,Education,0.000,1963
"Hong Kong SAR, China",HKG,Education,0.000,1964
"Hong Kong SAR, China",HKG,Education,0.000,1965
"Hong Kong SAR, China",HKG,Education,0.000,1966
"Hong Kong SAR, China",HKG,Education,0.000,1967
"Hong Kong SAR, China",HKG,Education,0.000,1968
"Hong Kong SAR, China",HKG,Education,0.000,1969
"Hong Kong SAR, China",HKG,Education,0.000,1970
"Hong Kong SAR, China",HKG,Education,33.742,1971
"Hong Kong SAR, China",HKG,Education,26.380,1972
"Hong Kong SAR, China",HKG,Education,26.380,1973
"Hong Kong SAR, China",HKG,Education,26.380,1974
"Hong Kong SAR, China",HKG,Education,26.380,1975
"Hong Kong SAR, China",HKG,Education,31.902,1976
"Hong Kong SAR, China",HKG,Education,26.380,1977
"Hong Kong SAR, China",HKG,Education,21.472,1978
"Hong Kong SAR, China",HKG,Education,28.834,1979
"Hong Kong SAR, China",HKG,Education,33.742,1980
"Hong Kong SAR, China",HKG,Education,36.196,1981
"Hong Kong SAR, China",HKG,Education,31.902,1982
"Hong Kong SAR, China",HKG,Education,33.742,1983
"Hong Kong SAR, China",HKG,Education,33.742,1984
"Hong Kong SAR, China",HKG,Education,25.767,1985
"Hong Kong SAR, China",HKG,Education,16.564,1986
"Hong Kong SAR, China",HKG,Education,12.270,1987
"Hong Kong SAR, China",HKG,Education,12.270,1988
"Hong Kong SAR, China",HKG,Education,2.454,1989
"Hong Kong SAR, China",HKG,Education,3.681,1990
"Hong Kong SAR, China",HKG,Education,9.202,1991
"Hong Kong SAR, China",HKG,Education,7.362,1992
"Hong Kong SAR, China",HKG,Education,6.748,1993
"Hong Kong SAR, China",HKG,Education,6.748,1994
"Hong Kong SAR, China",HKG,Education,13.497,1995
"Hong Kong SAR, China",HKG,Education,28.834,1996
"Hong Kong SAR, China",HKG,Education,0.000,1997
"Hong Kong SAR, China",HKG,Education,6.135,1998
"Hong Kong SAR, China",HKG,Education,3.681,1999
"Hong Kong SAR, China",HKG,Education,3.681,2000
"Hong Kong SAR, China",HKG,Education,24.540,2001
"Hong Kong SAR, China",HKG,Education,23.926,2002
"Hong Kong SAR, China",HKG,Education,39.877,2003
"Hong Kong SAR, China",HKG,Education,39.877,2004
"Hong Kong SAR, China",HKG,Education,38.650,2005
"Hong Kong SAR, China",HKG,Education,51.534,2006
"Hong Kong SAR, China",HKG,Education,33.129,2007
"Hong Kong SAR, China",HKG,Education,39.264,2008
"Hong Kong SAR, China",HKG,Education,40.491,2009
"Hong Kong SAR, China",HKG,Education,53.988,2010
"Hong Kong SAR, China",HKG,Education,48.466,2011
"Hong Kong SAR, China",HKG,Education,44.172,2012
"Hong Kong SAR, China",HKG,Education,46.012,2013
"Hong Kong SAR, China",HKG,Education,51.534,2014
"Hong Kong SAR, China",HKG,Education,49.693,2015
"Hong Kong SAR, China",HKG,Education,51.534,2016
"Hong Kong SAR, China",HKG,Education,62.577,2017
"Hong Kong SAR, China",HKG,Education,55.215,2018
"Hong Kong SAR, China",HKG,Education,34.969,2019
"Hong Kong SAR, China",HKG,Education,38.650,2020
"Hong Kong SAR, China",HKG,Education,24.540,2021
"Hong Kong SAR, China",HKG,Education,26.994,2022
"Hong Kong SAR, China",HKG,Education,14.724,2023
"Hong Kong SAR, China",HKG,Employment and Time Use,0.000,1960
"Hong Kong SAR, China",HKG,Employment and Time Use,5.109,1961
"Hong Kong SAR, China",HKG,Employment and Time Use,0.000,1962
"Hong Kong SAR, China",HKG,Employment and Time Use,0.000,1963
"Hong Kong SAR, China",HKG,Employment and Time Use,0.000,1964
"Hong Kong SAR, China",HKG,Employment and Time Use,0.000,1965
"Hong Kong SAR, China",HKG,Employment and Time Use,5.109,1966
"Hong Kong SAR, China",HKG,Employment and Time Use,0.000,1967
"Hong Kong SAR, China",HKG,Employment and Time Use,0.000,1968
"Hong Kong SAR, China",HKG,Employment and Time Use,0.000,1969
"Hong Kong SAR, China",HKG,Employment and Time Use,21.168,1970
"Hong Kong SAR, China",HKG,Employment and Time Use,26.277,1971
"Hong Kong SAR, China",HKG,Employment and Time Use,21.168,1972
"Hong Kong SAR, China",HKG,Employment and Time Use,21.168,1973
"Hong Kong SAR, China",HKG,Employment and Time Use,21.168,1974
"Hong Kong SAR, China",HKG,Employment and Time Use,28.467,1975
"Hong Kong SAR, China",HKG,Employment and Time Use,28.467,1976
"Hong Kong SAR, China",HKG,Employment and Time Use,23.358,1977
"Hong Kong SAR, China",HKG,Employment and Time Use,23.358,1978
"Hong Kong SAR, China",HKG,Employment and Time Use,33.577,1979
"Hong Kong SAR, China",HKG,Employment and Time Use,33.577,1980
"Hong Kong SAR, China",HKG,Employment and Time Use,33.577,1981
"Hong Kong SAR, China",HKG,Employment and Time Use,33.577,1982
"Hong Kong SAR, China",HKG,Employment and Time Use,33.577,1983
"Hong Kong SAR, China",HKG,Employment and Time Use,33.577,1984
"Hong Kong SAR, China",HKG,Employment and Time Use,33.577,1985
"Hong Kong SAR, China",HKG,Employment and Time Use,33.577,1986
"Hong Kong SAR, China",HKG,Employment and Time Use,33.577,1987
"Hong Kong SAR, China",HKG,Employment and Time Use,33.577,1988
"Hong Kong SAR, China",HKG,Employment and Time Use,33.577,1989
"Hong Kong SAR, China",HKG,Employment and Time Use,38.686,1990
"Hong Kong SAR, China",HKG,Employment and Time Use,66.423,1991
"Hong Kong SAR, China",HKG,Employment and Time Use,66.423,1992
"Hong Kong SAR, China",HKG,Employment and Time Use,66.423,1993
"Hong Kong SAR, China",HKG,Employment and Time Use,66.423,1994
"Hong Kong SAR, China",HKG,Employment and Time Use,66.423,1995
"Hong Kong SAR, China",HKG,Employment and Time Use,66.423,1996
"Hong Kong SAR, China",HKG,Employment and Time Use,66.423,1997
"Hong Kong SAR, China",HKG,Employment and Time Use,66.423,1998
"Hong Kong SAR, China",HKG,Employment and Time Use,62.044,1999
"Hong Kong SAR, China",HKG,Employment and Time Use,66.423,2000
"Hong Kong SAR, China",HKG,Employment and Time Use,66.423,2001
"Hong Kong SAR, China",HKG,Employment and Time Use,74.453,2002
"Hong Kong SAR, China",HKG,Employment and Time Use,66.423,2003
"Hong Kong SAR, China",HKG,Employment and Time Use,72.993,2004
"Hong Kong SAR, China",HKG,Employment and Time Use,72.993,2005
"Hong Kong SAR, China",HKG,Employment and Time Use,72.993,2006
"Hong Kong SAR, China",HKG,Employment and Time Use,72.993,2007
"Hong Kong SAR, China",HKG,Employment and Time Use,72.993,2008
"Hong Kong SAR, China",HKG,Employment and Time Use,89.781,2009
"Hong Kong SAR, China",HKG,Employment and Time Use,89.781,2010
"Hong Kong SAR, China",HKG,Employment and Time Use,89.781,2011
"Hong Kong SAR, China",HKG,Employment and Time Use,89.781,2012
"Hong Kong SAR, China",HKG,Employment and Time Use,91.241,2013
"Hong Kong SAR, China",HKG,Employment and Time Use,89.781,2014
"Hong Kong SAR, China",HKG,Employment and Time Use,89.781,2015
"Hong Kong SAR, China",HKG,Employment and Time Use,89.781,2016
"Hong Kong SAR, China",HKG,Employment and Time Use,87.591,2017
"Hong Kong SAR, China",HKG,Employment and Time Use,87.591,2018
"Hong Kong SAR, China",HKG,Employment and Time Use,87.591,2019
"Hong Kong SAR, China",HKG,Employment and Time Use,87.591,2020
"Hong Kong SAR, China",HKG,Employment and Time Use,87.591,2021
"Hong Kong SAR, China",HKG,Employment and Time Use,87.591,2022
"Hong Kong SAR, China",HKG,Employment and Time Use,89.051,2023
"Hong Kong SAR, China",HKG,Entrepreneurship,0.000,1960
"Hong Kong SAR, China",HKG,Entrepreneurship,0.000,1961
"Hong Kong SAR, China",HKG,Entrepreneurship,0.000,1962
"Hong Kong SAR, China",HKG,Entrepreneurship,0.000,1963
"Hong Kong SAR, China",HKG,Entrepreneurship,0.000,1964
"Hong Kong SAR, China",HKG,Entrepreneurship,0.000,1965
"Hong Kong SAR, China",HKG,Entrepreneurship,0.000,1966
"Hong Kong SAR, China",HKG,Entrepreneurship,0.000,1967
"Hong Kong SAR, China",HKG,Entrepreneurship,0.000,1968
"Hong Kong SAR, China",HKG,Entrepreneurship,0.000,1969
"Hong Kong SAR, China",HKG,Entrepreneurship,9.375,1970
"Hong Kong SAR, China",HKG,Entrepreneurship,9.375,1971
"Hong Kong SAR, China",HKG,Entrepreneurship,9.375,1972
"Hong Kong SAR, China",HKG,Entrepreneurship,9.375,1973
"Hong Kong SAR, China",HKG,Entrepreneurship,9.375,1974
"Hong Kong SAR, China",HKG,Entrepreneurship,9.375,1975
"Hong Kong SAR, China",HKG,Entrepreneurship,9.375,1976
"Hong Kong SAR, China",HKG,Entrepreneurship,9.375,1977
"Hong Kong SAR, China",HKG,Entrepreneurship,9.375,1978
"Hong Kong SAR, China",HKG,Entrepreneurship,9.375,1979
"Hong Kong SAR, China",HKG,Entrepreneurship,9.375,1980
"Hong Kong SAR, China",HKG,Entrepreneurship,9.375,1981
"Hong Kong SAR, China",HKG,Entrepreneurship,9.375,1982
"Hong Kong SAR, China",HKG,Entrepreneurship,9.375,1983
"Hong Kong SAR, China",HKG,Entrepreneurship,9.375,1984
"Hong Kong SAR, China",HKG,Entrepreneurship,9.375,1985
"Hong Kong SAR, China",HKG,Entrepreneurship,9.375,1986
"Hong Kong SAR, China",HKG,Entrepreneurship,9.375,1987
"Hong Kong SAR, China",HKG,Entrepreneurship,9.375,1988
"Hong Kong SAR, China",HKG,Entrepreneurship,9.375,1989
"Hong Kong SAR, China",HKG,Entrepreneurship,9.375,1990
"Hong Kong SAR, China",HKG,Entrepreneurship,9.375,1991
"Hong Kong SAR, China",HKG,Entrepreneurship,9.375,1992
"Hong Kong SAR, China",HKG,Entrepreneurship,9.375,1993
"Hong Kong SAR, China",HKG,Entrepreneurship,9.375,1994
"Hong Kong SAR, China",HKG,Entrepreneurship,9.375,1995
"Hong Kong SAR, China",HKG,Entrepreneurship,9.375,1996
"Hong Kong SAR, China",HKG,Entrepreneurship,9.375,1997
"Hong Kong SAR, China",HKG,Entrepreneurship,9.375,1998
"Hong Kong SAR, China",HKG,Entrepreneurship,9.375,1999
"Hong Kong SAR, China",HKG,Entrepreneurship,9.375,2000
"Hong Kong SAR, China",HKG,Entrepreneurship,9.375,2001
"Hong Kong SAR, China",HKG,Entrepreneurship,9.375,2002
"Hong Kong SAR, China",HKG,Entrepreneurship,37.500,2003
"Hong Kong SAR, China",HKG,Entrepreneurship,37.500,2004
"Hong Kong SAR, China",HKG,Entrepreneurship,37.500,2005
"Hong Kong SAR, China",HKG,Entrepreneurship,37.500,2006
"Hong Kong SAR, China",HKG,Entrepreneurship,37.500,2007
"Hong Kong SAR, China",HKG,Entrepreneurship,37.500,2008
"Hong Kong SAR, China",HKG,Entrepreneurship,37.500,2009
"Hong Kong SAR, China",HKG,Entrepreneurship,37.500,2010
"Hong Kong SAR, China",HKG,Entrepreneurship,37.500,2011
"Hong Kong SAR, China",HKG,Entrepreneurship,37.500,2012
"Hong Kong SAR, China",HKG,Entrepreneurship,37.500,2013
"Hong Kong SAR, China",HKG,Entrepreneurship,56.250,2014
"Hong Kong SAR, China",HKG,Entrepreneurship,37.500,2015
"Hong Kong SAR, China",HKG,Entrepreneurship,37.500,2016
"Hong Kong SAR, China",HKG,Entrepreneurship,56.250,2017
"Hong Kong SAR, China",HKG,Entrepreneurship,37.500,2018
"Hong Kong SAR, China",HKG,Entrepreneurship,37.500,2019
"Hong Kong SAR, China",HKG,Entrepreneurship,9.375,2020
"Hong Kong SAR, China",HKG,Entrepreneurship,9.375,2021
"Hong Kong SAR, China",HKG,Entrepreneurship,9.375,2022
"Hong Kong SAR, China",HKG,Entrepreneurship,15.625,2023
"Hong Kong SAR, China",HKG,Environment,0.000,1960
"Hong Kong SAR, China",HKG,Environment,0.000,1961
"Hong Kong SAR, China",HKG,Environment,0.000,1962
"Hong Kong SAR, China",HKG,Environment,0.000,1963
"Hong Kong SAR, China",HKG,Environment,0.000,1964
"Hong Kong SAR, China",HKG,Environment,0.000,1965
"Hong Kong SAR, China",HKG,Environment,0.000,1966
"Hong Kong SAR, China",HKG,Environment,0.000,1967
"Hong Kong SAR, China",HKG,Environment,0.000,1968
"Hong Kong SAR, China",HKG,Environment,0.000,1969
"Hong Kong SAR, China",HKG,Environment,0.000,1970
"Hong Kong SAR, China",HKG,Environment,0.000,1971
"Hong Kong SAR, China",HKG,Environment,0.000,1972
"Hong Kong SAR, China",HKG,Environment,0.000,1973
"Hong Kong SAR, China",HKG,Environment,0.000,1974
"Hong Kong SAR, China",HKG,Environment,0.000,1975
"Hong Kong SAR, China",HKG,Environment,0.000,1976
"Hong Kong SAR, China",HKG,Environment,0.000,1977
"Hong Kong SAR, China",HKG,Environment,0.000,1978
"Hong Kong SAR, China",HKG,Environment,0.000,1979
"Hong Kong SAR, China",HKG,Environment,0.000,1980
"Hong Kong SAR, China",HKG,Environment,0.000,1981
"Hong Kong SAR, China",HKG,Environment,0.000,1982
"Hong Kong SAR, China",HKG,Environment,0.000,1983
"Hong Kong SAR, China",HKG,Environment,0.000,1984
"Hong Kong SAR, China",HKG,Environment,0.000,1985
"Hong Kong SAR, China",HKG,Environment,0.000,1986
"Hong Kong SAR, China",HKG,Environment,0.000,1987
"Hong Kong SAR, China",HKG,Environment,0.000,1988
"Hong Kong SAR, China",HKG,Environment,0.000,1989
"Hong Kong SAR, China",HKG,Environment,0.000,1990
"Hong Kong SAR, China",HKG,Environment,0.000,1991
"Hong Kong SAR, China",HKG,Environment,0.000,1992
"Hong Kong SAR, China",HKG,Environment,0.000,1993
"Hong Kong SAR, China",HKG,Environment,0.000,1994
"Hong Kong SAR, China",HKG,Environment,0.000,1995
"Hong Kong SAR, China",HKG,Environment,0.000,1996
"Hong Kong SAR, China",HKG,Environment,0.000,1997
"Hong Kong SAR, China",HKG,Environment,0.000,1998
"Hong Kong SAR, China",HKG,Environment,0.000,1999
"Hong Kong SAR, China",HKG,Environment,6.667,2000
"Hong Kong SAR, China",HKG,Environment,6.667,2001
"Hong Kong SAR, China",HKG,Environment,6.667,2002
"Hong Kong SAR, China",HKG,Environment,6.667,2003
"Hong Kong SAR, China",HKG,Environment,6.667,2004
"Hong Kong SAR, China",HKG,Environment,6.667,2005
"Hong Kong SAR, China",HKG,Environment,6.667,2006
"Hong Kong SAR, China",HKG,Environment,6.667,2007
"Hong Kong SAR, China",HKG,Environment,6.667,2008
"Hong Kong SAR, China",HKG,Environment,6.667,2009
"Hong Kong SAR, China",HKG,Environment,6.667,2010
"Hong Kong SAR, China",HKG,Environment,6.667,2011
"Hong Kong SAR, China",HKG,Environment,6.667,2012
"Hong Kong SAR, China",HKG,Environment,6.667,2013
"Hong Kong SAR, China",HKG,Environment,6.667,2014
"Hong Kong SAR, China",HKG,Environment,6.667,2015
"Hong Kong SAR, China",HKG,Environment,6.667,2016
"Hong Kong SAR, China",HKG,Environment,6.667,2017
"Hong Kong SAR, China",HKG,Environment,6.667,2018
"Hong Kong SAR, China",HKG,Environment,6.667,2019
"Hong Kong SAR, China",HKG,Environment,6.667,2020
"Hong Kong SAR, China",HKG,Environment,6.667,2021
"Hong Kong SAR, China",HKG,Environment,6.667,2022
"Hong Kong SAR, China",HKG,Environment,0.000,2023
"Hong Kong SAR, China",HKG,Health,3.030,1960
"Hong Kong SAR, China",HKG,Health,3.030,1961
"Hong Kong SAR, China",HKG,Health,3.030,1962
"Hong Kong SAR, China",HKG,Health,3.030,1963
"Hong Kong SAR, China",HKG,Health,3.030,1964
"Hong Kong SAR, China",HKG,Health,3.030,1965
"Hong Kong SAR, China",HKG,Health,3.030,1966
"Hong Kong SAR, China",HKG,Health,3.535,1967
"Hong Kong SAR, China",HKG,Health,3.030,1968
"Hong Kong SAR, China",HKG,Health,3.030,1969
"Hong Kong SAR, China",HKG,Health,3.030,1970
"Hong Kong SAR, China",HKG,Health,3.030,1971
"Hong Kong SAR, China",HKG,Health,4.040,1972
"Hong Kong SAR, China",HKG,Health,3.030,1973
"Hong Kong SAR, China",HKG,Health,3.030,1974
"Hong Kong SAR, China",HKG,Health,3.030,1975
"Hong Kong SAR, China",HKG,Health,3.030,1976
"Hong Kong SAR, China",HKG,Health,3.535,1977
"Hong Kong SAR, China",HKG,Health,3.030,1978
"Hong Kong SAR, China",HKG,Health,3.030,1979
"Hong Kong SAR, China",HKG,Health,3.030,1980
"Hong Kong SAR, China",HKG,Health,3.030,1981
"Hong Kong SAR, China",HKG,Health,3.535,1982
"Hong Kong SAR, China",HKG,Health,3.030,1983
"Hong Kong SAR, China",HKG,Health,3.030,1984
"Hong Kong SAR, China",HKG,Health,3.030,1985
"Hong Kong SAR, China",HKG,Health,3.030,1986
"Hong Kong SAR, China",HKG,Health,3.535,1987
"Hong Kong SAR, China",HKG,Health,3.030,1988
"Hong Kong SAR, China",HKG,Health,3.030,1989
"Hong Kong SAR, China",HKG,Health,3.030,1990
"Hong Kong SAR, China",HKG,Health,3.030,1991
"Hong Kong SAR, China",HKG,Health,3.535,1992
"Hong Kong SAR, China",HKG,Health,3.030,1993
"Hong Kong SAR, China",HKG,Health,3.030,1994
"Hong Kong SAR, China",HKG,Health,3.030,1995
"Hong Kong SAR, China",HKG,Health,3.030,1996
"Hong Kong SAR, China",HKG,Health,3.535,1997
"Hong Kong SAR, China",HKG,Health,3.030,1998
"Hong Kong SAR, China",HKG,Health,3.030,1999
"Hong Kong SAR, China",HKG,Health,4.040,2000
"Hong Kong SAR, China",HKG,Health,4.040,2001
"Hong Kong SAR, China",HKG,Health,4.545,2002
"Hong Kong SAR, China",HKG,Health,4.040,2003
"Hong Kong SAR, China",HKG,Health,4.040,2004
"Hong Kong SAR, China",HKG,Health,4.545,2005
"Hong Kong SAR, China",HKG,Health,4.040,2006
"Hong Kong SAR, China",HKG,Health,4.545,2007
"Hong Kong SAR, China",HKG,Health,4.040,2008
"Hong Kong SAR, China",HKG,Health,4.040,2009
"Hong Kong SAR, China",HKG,Health,7.071,2010
"Hong Kong SAR, China",HKG,Health,4.040,2011
"Hong Kong SAR, China",HKG,Health,4.545,2012
"Hong Kong SAR, China",HKG,Health,4.040,2013
"Hong Kong SAR, China",HKG,Health,5.556,2014
"Hong Kong SAR, China",HKG,Health,4.040,2015
"Hong Kong SAR, China",HKG,Health,4.040,2016
"Hong Kong SAR, China",HKG,Health,9.596,2017
"Hong Kong SAR, China",HKG,Health,7.071,2018
"Hong Kong SAR, China",HKG,Health,4.040,2019
"Hong Kong SAR, China",HKG,Health,7.071,2020
"Hong Kong SAR, China",HKG,Health,5.556,2021
"Hong Kong SAR, China",HKG,Health,4.040,2022
"Hong Kong SAR, China",HKG,Health,0.000,2023
"Hong Kong SAR, China",HKG,Leadership,0.000,1960
"Hong Kong SAR, China",HKG,Leadership,0.000,1961
"Hong Kong SAR, China",HKG,Leadership,0.000,1962
"Hong Kong SAR, China",HKG,Leadership,0.000,1963
"Hong Kong SAR, China",HKG,Leadership,0.000,1964
"Hong Kong SAR, China",HKG,Leadership,0.000,1965
"Hong Kong SAR, China",HKG,Leadership,0.000,1966
"Hong Kong SAR, China",HKG,Leadership,0.000,1967
"Hong Kong SAR, China",HKG,Leadership,0.000,1968
"Hong Kong SAR, China",HKG,Leadership,0.000,1969
"Hong Kong SAR, China",HKG,Leadership,0.000,1970
"Hong Kong SAR, China",HKG,Leadership,0.000,1971
"Hong Kong SAR, China",HKG,Leadership,0.000,1972
"Hong Kong SAR, China",HKG,Leadership,0.000,1973
"Hong Kong SAR, China",HKG,Leadership,0.000,1974
"Hong Kong SAR, China",HKG,Leadership,0.000,1975
"Hong Kong SAR, China",HKG,Leadership,0.000,1976
"Hong Kong SAR, China",HKG,Leadership,0.000,1977
"Hong Kong SAR, China",HKG,Leadership,0.000,1978
"Hong Kong SAR, China",HKG,Leadership,0.000,1979
"Hong Kong SAR, China",HKG,Leadership,0.000,1980
"Hong Kong SAR, China",HKG,Leadership,0.000,1981
"Hong Kong SAR, China",HKG,Leadership,0.000,1982
"Hong Kong SAR, China",HKG,Leadership,0.000,1983
"Hong Kong SAR, China",HKG,Leadership,0.000,1984
"Hong Kong SAR, China",HKG,Leadership,0.000,1985
"Hong Kong SAR, China",HKG,Leadership,0.000,1986
"Hong Kong SAR, China",HKG,Leadership,0.000,1987
"Hong Kong SAR, China",HKG,Leadership,0.000,1988
"Hong Kong SAR, China",HKG,Leadership,0.000,1989
"Hong Kong SAR, China",HKG,Leadership,0.000,1990
"Hong Kong SAR, China",HKG,Leadership,0.000,1991
"Hong Kong SAR, China",HKG,Leadership,0.000,1992
"Hong Kong SAR, China",HKG,Leadership,0.000,1993
"Hong Kong SAR, China",HKG,Leadership,0.000,1994
"Hong Kong SAR, China",HKG,Leadership,0.000,1995
"Hong Kong SAR, China",HKG,Leadership,0.000,1996
"Hong Kong SAR, China",HKG,Leadership,0.000,1997
"Hong Kong SAR, China",HKG,Leadership,0.000,1998
"Hong Kong SAR, China",HKG,Leadership,0.000,1999
"Hong Kong SAR, China",HKG,Leadership,0.000,2000
"Hong Kong SAR, China",HKG,Leadership,0.000,2001
"Hong Kong SAR, China",HKG,Leadership,0.000,2002
"Hong Kong SAR, China",HKG,Leadership,0.000,2003
"Hong Kong SAR, China",HKG,Leadership,0.000,2004
"Hong Kong SAR, China",HKG,Leadership,0.000,2005
"Hong Kong SAR, China",HKG,Leadership,0.000,2006
"Hong Kong SAR, China",HKG,Leadership,0.000,2007
"Hong Kong SAR, China",HKG,Leadership,0.000,2008
"Hong Kong SAR, China",HKG,Leadership,0.000,2009
"Hong Kong SAR, China",HKG,Leadership,0.000,2010
"Hong Kong SAR, China",HKG,Leadership,0.000,2011
"Hong Kong SAR, China",HKG,Leadership,0.000,2012
"Hong Kong SAR, China",HKG,Leadership,0.000,2013
"Hong Kong SAR, China",HKG,Leadership,0.000,2014
"Hong Kong SAR, China",HKG,Leadership,0.000,2015
"Hong Kong SAR, China",HKG,Leadership,0.000,2016
"Hong Kong SAR, China",HKG,Leadership,0.000,2017
"Hong Kong SAR, China",HKG,Leadership,0.000,2018
"Hong Kong SAR, China",HKG,Leadership,0.000,2019
"Hong Kong SAR, China",HKG,Leadership,0.000,2020
"Hong Kong SAR, China",HKG,Leadership,0.000,2021
"Hong Kong SAR, China",HKG,Leadership,0.000,2022
"Hong Kong SAR, China",HKG,Leadership,25.000,2023
"Hong Kong SAR, China",HKG,Norms and Decision-making,0.000,1960
"Hong Kong SAR, China",HKG,Norms and Decision-making,0.000,1961
"Hong Kong SAR, China",HKG,Norms and Decision-making,0.000,1962
"Hong Kong SAR, China",HKG,Norms and Decision-making,0.000,1963
"Hong Kong SAR, China",HKG,Norms and Decision-making,0.000,1964
"Hong Kong SAR, China",HKG,Norms and Decision-making,0.000,1965
"Hong Kong SAR, China",HKG,Norms and Decision-making,0.000,1966
"Hong Kong SAR, China",HKG,Norms and Decision-making,0.000,1967
"Hong Kong SAR, China",HKG,Norms and Decision-making,0.000,1968
"Hong Kong SAR, China",HKG,Norms and Decision-making,0.000,1969
"Hong Kong SAR, China",HKG,Norms and Decision-making,12.593,1970
"Hong Kong SAR, China",HKG,Norms and Decision-making,14.074,1971
"Hong Kong SAR, China",HKG,Norms and Decision-making,12.593,1972
"Hong Kong SAR, China",HKG,Norms and Decision-making,12.593,1973
"Hong Kong SAR, China",HKG,Norms and Decision-making,12.593,1974
"Hong Kong SAR, China",HKG,Norms and Decision-making,12.593,1975
"Hong Kong SAR, China",HKG,Norms and Decision-making,12.593,1976
"Hong Kong SAR, China",HKG,Norms and Decision-making,12.593,1977
"Hong Kong SAR, China",HKG,Norms and Decision-making,12.593,1978
"Hong Kong SAR, China",HKG,Norms and Decision-making,12.593,1979
"Hong Kong SAR, China",HKG,Norms and Decision-making,12.593,1980
"Hong Kong SAR, China",HKG,Norms and Decision-making,14.074,1981
"Hong Kong SAR, China",HKG,Norms and Decision-making,12.593,1982
"Hong Kong SAR, China",HKG,Norms and Decision-making,12.593,1983
"Hong Kong SAR, China",HKG,Norms and Decision-making,12.593,1984
"Hong Kong SAR, China",HKG,Norms and Decision-making,12.593,1985
"Hong Kong SAR, China",HKG,Norms and Decision-making,14.074,1986
"Hong Kong SAR, China",HKG,Norms and Decision-making,12.593,1987
"Hong Kong SAR, China",HKG,Norms and Decision-making,12.593,1988
"Hong Kong SAR, China",HKG,Norms and Decision-making,12.593,1989
"Hong Kong SAR, China",HKG,Norms and Decision-making,12.593,1990
"Hong Kong SAR, China",HKG,Norms and Decision-making,14.074,1991
"Hong Kong SAR, China",HKG,Norms and Decision-making,12.593,1992
"Hong Kong SAR, China",HKG,Norms and Decision-making,12.593,1993
"Hong Kong SAR, China",HKG,Norms and Decision-making,12.593,1994
"Hong Kong SAR, China",HKG,Norms and Decision-making,12.593,1995
"Hong Kong SAR, China",HKG,Norms and Decision-making,14.074,1996
"Hong Kong SAR, China",HKG,Norms and Decision-making,12.593,1997
"Hong Kong SAR, China",HKG,Norms and Decision-making,12.593,1998
"Hong Kong SAR, China",HKG,Norms and Decision-making,12.593,1999
"Hong Kong SAR, China",HKG,Norms and Decision-making,12.593,2000
"Hong Kong SAR, China",HKG,Norms and Decision-making,14.074,2001
"Hong Kong SAR, China",HKG,Norms and Decision-making,12.593,2002
"Hong Kong SAR, China",HKG,Norms and Decision-making,12.593,2003
"Hong Kong SAR, China",HKG,Norms and Decision-making,12.593,2004
"Hong Kong SAR, China",HKG,Norms and Decision-making,12.593,2005
"Hong Kong SAR, China",HKG,Norms and Decision-making,14.074,2006
"Hong Kong SAR, China",HKG,Norms and Decision-making,12.593,2007
"Hong Kong SAR, China",HKG,Norms and Decision-making,12.593,2008
"Hong Kong SAR, China",HKG,Norms and Decision-making,12.593,2009
"Hong Kong SAR, China",HKG,Norms and Decision-making,12.593,2010
"Hong Kong SAR, China",HKG,Norms and Decision-making,14.074,2011
"Hong Kong SAR, China",HKG,Norms and Decision-making,12.593,2012
"Hong Kong SAR, China",HKG,Norms and Decision-making,12.593,2013
"Hong Kong SAR, China",HKG,Norms and Decision-making,12.593,2014
"Hong Kong SAR, China",HKG,Norms and Decision-making,12.593,2015
"Hong Kong SAR, China",HKG,Norms and Decision-making,14.074,2016
"Hong Kong SAR, China",HKG,Norms and Decision-making,12.593,2017
"Hong Kong SAR, China",HKG,Norms and Decision-making,12.593,2018
"Hong Kong SAR, China",HKG,Norms and Decision-making,12.593,2019
"Hong Kong SAR, China",HKG,Norms and Decision-making,12.593,2020
"Hong Kong SAR, China",HKG,Norms and Decision-making,12.593,2021
"Hong Kong SAR, China",HKG,Norms and Decision-making,12.593,2022
"Hong Kong SAR, China",HKG,Norms and Decision-making,12.593,2023
"Hong Kong SAR, China",HKG,Population,86.905,1960
"Hong Kong SAR, China",HKG,Population,86.905,1961
"Hong Kong SAR, China",HKG,Population,86.905,1962
"Hong Kong SAR, China",HKG,Population,86.905,1963
"Hong Kong SAR, China",HKG,Population,86.905,1964
"Hong Kong SAR, China",HKG,Population,86.905,1965
"Hong Kong SAR, China",HKG,Population,86.905,1966
"Hong Kong SAR, China",HKG,Population,86.905,1967
"Hong Kong SAR, China",HKG,Population,86.905,1968
"Hong Kong SAR, China",HKG,Population,86.905,1969
"Hong Kong SAR, China",HKG,Population,86.905,1970
"Hong Kong SAR, China",HKG,Population,89.286,1971
"Hong Kong SAR, China",HKG,Population,86.905,1972
"Hong Kong SAR, China",HKG,Population,86.905,1973
"Hong Kong SAR, China",HKG,Population,86.905,1974
"Hong Kong SAR, China",HKG,Population,86.905,1975
"Hong Kong SAR, China",HKG,Population,86.905,1976
"Hong Kong SAR, China",HKG,Population,86.905,1977
"Hong Kong SAR, China",HKG,Population,86.905,1978
"Hong Kong SAR, China",HKG,Population,86.905,1979
"Hong Kong SAR, China",HKG,Population,91.667,1980
"Hong Kong SAR, China",HKG,Population,89.286,1981
"Hong Kong SAR, China",HKG,Population,86.905,1982
"Hong Kong SAR, China",HKG,Population,86.905,1983
"Hong Kong SAR, China",HKG,Population,86.905,1984
"Hong Kong SAR, China",HKG,Population,91.667,1985
"Hong Kong SAR, China",HKG,Population,89.286,1986
"Hong Kong SAR, China",HKG,Population,86.905,1987
"Hong Kong SAR, China",HKG,Population,86.905,1988
"Hong Kong SAR, China",HKG,Population,86.905,1989
"Hong Kong SAR, China",HKG,Population,92.857,1990
"Hong Kong SAR, China",HKG,Population,89.286,1991
"Hong Kong SAR, China",HKG,Population,86.905,1992
"Hong Kong SAR, China",HKG,Population,86.905,1993
"Hong Kong SAR, China",HKG,Population,86.905,1994
"Hong Kong SAR, China",HKG,Population,92.857,1995
"Hong Kong SAR, China",HKG,Population,89.286,1996
"Hong Kong SAR, China",HKG,Population,86.905,1997
"Hong Kong SAR, China",HKG,Population,86.905,1998
"Hong Kong SAR, China",HKG,Population,86.905,1999
"Hong Kong SAR, China",HKG,Population,92.857,2000
"Hong Kong SAR, China",HKG,Population,89.286,2001
"Hong Kong SAR, China",HKG,Population,86.905,2002
"Hong Kong SAR, China",HKG,Population,86.905,2003
"Hong Kong SAR, China",HKG,Population,86.905,2004
"Hong Kong SAR, China",HKG,Population,92.857,2005
"Hong Kong SAR, China",HKG,Population,89.286,2006
"Hong Kong SAR, China",HKG,Population,86.905,2007
"Hong Kong SAR, China",HKG,Population,86.905,2008
"Hong Kong SAR, China",HKG,Population,86.905,2009
"Hong Kong SAR, China",HKG,Population,92.857,2010
"Hong Kong SAR, China",HKG,Population,89.286,2011
"Hong Kong SAR, China",HKG,Population,86.905,2012
"Hong Kong SAR, China",HKG,Population,86.905,2013
"Hong Kong SAR, China",HKG,Population,86.905,2014
"Hong Kong SAR, China",HKG,Population,92.857,2015
"Hong Kong SAR, China",HKG,Population,89.286,2016
"Hong Kong SAR, China",HKG,Population,86.905,2017
"Hong Kong SAR, China",HKG,Population,86.905,2018
"Hong Kong SAR, China",HKG,Population,86.905,2019
"Hong Kong SAR, China",HKG,Population,88.095,2020
"Hong Kong SAR, China",HKG,Population,86.905,2021
"Hong Kong SAR, China",HKG,Population,86.905,2022
"Hong Kong SAR, China",HKG,Population,77.381,2023
"Hong Kong SAR, China",HKG,SDGs,0.671,1960
"Hong Kong SAR, China",HKG,SDGs,0.671,1961
"Hong Kong SAR, China",HKG,SDGs,0.671,1962
"Hong Kong SAR, China",HKG,SDGs,0.671,1963
"Hong Kong SAR, China",HKG,SDGs,0.671,1964
"Hong Kong SAR, China",HKG,SDGs,0.671,1965
"Hong Kong SAR, China",HKG,SDGs,0.671,1966
"Hong Kong SAR, China",HKG,SDGs,0.671,1967
"Hong Kong SAR, China",HKG,SDGs,0.671,1968
"Hong Kong SAR, China",HKG,SDGs,0.671,1969
"Hong Kong SAR, China",HKG,SDGs,9.396,1970
"Hong Kong SAR, China",HKG,SDGs,9.396,1971
"Hong Kong SAR, China",HKG,SDGs,9.396,1972
"Hong Kong SAR, China",HKG,SDGs,9.396,1973
"Hong Kong SAR, China",HKG,SDGs,9.396,1974
"Hong Kong SAR, China",HKG,SDGs,11.409,1975
"Hong Kong SAR, China",HKG,SDGs,11.409,1976
"Hong Kong SAR, China",HKG,SDGs,11.409,1977
"Hong Kong SAR, China",HKG,SDGs,11.409,1978
"Hong Kong SAR, China",HKG,SDGs,13.423,1979
"Hong Kong SAR, China",HKG,SDGs,13.423,1980
"Hong Kong SAR, China",HKG,SDGs,13.423,1981
"Hong Kong SAR, China",HKG,SDGs,13.423,1982
"Hong Kong SAR, China",HKG,SDGs,13.423,1983
"Hong Kong SAR, China",HKG,SDGs,13.423,1984
"Hong Kong SAR, China",HKG,SDGs,13.423,1985
"Hong Kong SAR, China",HKG,SDGs,13.423,1986
"Hong Kong SAR, China",HKG,SDGs,13.423,1987
"Hong Kong SAR, China",HKG,SDGs,13.423,1988
"Hong Kong SAR, China",HKG,SDGs,13.423,1989
"Hong Kong SAR, China",HKG,SDGs,11.409,1990
"Hong Kong SAR, China",HKG,SDGs,17.450,1991
"Hong Kong SAR, China",HKG,SDGs,17.450,1992
"Hong Kong SAR, China",HKG,SDGs,17.450,1993
"Hong Kong SAR, China",HKG,SDGs,17.450,1994
"Hong Kong SAR, China",HKG,SDGs,17.450,1995
"Hong Kong SAR, China",HKG,SDGs,17.450,1996
"Hong Kong SAR, China",HKG,SDGs,17.450,1997
"Hong Kong SAR, China",HKG,SDGs,17.450,1998
"Hong Kong SAR, China",HKG,SDGs,15.436,1999
"Hong Kong SAR, China",HKG,SDGs,18.792,2000
"Hong Kong SAR, China",HKG,SDGs,20.805,2001
"Hong Kong SAR, China",HKG,SDGs,20.134,2002
"Hong Kong SAR, China",HKG,SDGs,18.792,2003
"Hong Kong SAR, China",HKG,SDGs,18.792,2004
"Hong Kong SAR, China",HKG,SDGs,19.463,2005
"Hong Kong SAR, China",HKG,SDGs,20.805,2006
"Hong Kong SAR, China",HKG,SDGs,18.792,2007
"Hong Kong SAR, China",HKG,SDGs,18.792,2008
"Hong Kong SAR, China",HKG,SDGs,18.792,2009
"Hong Kong SAR, China",HKG,SDGs,18.792,2010
"Hong Kong SAR, China",HKG,SDGs,22.819,2011
"Hong Kong SAR, China",HKG,SDGs,18.792,2012
"Hong Kong SAR, China",HKG,SDGs,20.134,2013
"Hong Kong SAR, China",HKG,SDGs,20.805,2014
"Hong Kong SAR, China",HKG,SDGs,18.792,2015
"Hong Kong SAR, China",HKG,SDGs,20.805,2016
"Hong Kong SAR, China",HKG,SDGs,20.805,2017
"Hong Kong SAR, China",HKG,SDGs,20.134,2018
"Hong Kong SAR, China",HKG,SDGs,18.792,2019
"Hong Kong SAR, China",HKG,SDGs,18.792,2020
"Hong Kong SAR, China",HKG,SDGs,20.805,2021
"Hong Kong SAR, China",HKG,SDGs,18.792,2022
"Hong Kong SAR, China",HKG,SDGs,16.779,2023
"Hong Kong SAR, China",HKG,Technology,0.000,1960
"Hong Kong SAR, China",HKG,Technology,0.000,1961
"Hong Kong SAR, China",HKG,Technology,0.000,1962
"Hong Kong SAR, China",HKG,Technology,0.000,1963
"Hong Kong SAR, China",HKG,Technology,0.000,1964
"Hong Kong SAR, China",HKG,Technology,0.000,1965
"Hong Kong SAR, China",HKG,Technology,0.000,1966
"Hong Kong SAR, China",HKG,Technology,0.000,1967
"Hong Kong SAR, China",HKG,Technology,0.000,1968
"Hong Kong SAR, China",HKG,Technology,0.000,1969
"Hong Kong SAR, China",HKG,Technology,0.000,1970
"Hong Kong SAR, China",HKG,Technology,0.000,1971
"Hong Kong SAR, China",HKG,Technology,0.000,1972
"Hong Kong SAR, China",HKG,Technology,0.000,1973
"Hong Kong SAR, China",HKG,Technology,0.000,1974
"Hong Kong SAR, China",HKG,Technology,0.000,1975
"Hong Kong SAR, China",HKG,Technology,0.000,1976
"Hong Kong SAR, China",HKG,Technology,0.000,1977
"Hong Kong SAR, China",HKG,Technology,0.000,1978
"Hong Kong SAR, China",HKG,Technology,0.000,1979
"Hong Kong SAR, China",HKG,Technology,0.000,1980
"Hong Kong SAR, China",HKG,Technology,0.000,1981
"Hong Kong SAR, China",HKG,Technology,0.000,1982
"Hong Kong SAR, China",HKG,Technology,0.000,1983
"Hong Kong SAR, China",HKG,Technology,0.000,1984
"Hong Kong SAR, China",HKG,Technology,0.000,1985
"Hong Kong SAR, China",HKG,Technology,0.000,1986
"Hong Kong SAR, China",HKG,Technology,0.000,1987
"Hong Kong SAR, China",HKG,Technology,0.000,1988
"Hong Kong SAR, China",HKG,Technology,0.000,1989
"Hong Kong SAR, China",HKG,Technology,2.222,1990
"Hong Kong SAR, China",HKG,Technology,2.222,1991
"Hong Kong SAR, China",HKG,Technology,2.222,1992
"Hong Kong SAR, China",HKG,Technology,2.222,1993
"Hong Kong SAR, China",HKG,Technology,2.222,1994
"Hong Kong SAR, China",HKG,Technology,2.222,1995
"Hong Kong SAR, China",HKG,Technology,2.222,1996
"Hong Kong SAR, China",HKG,Technology,2.222,1997
"Hong Kong SAR, China",HKG,Technology,2.222,1998
"Hong Kong SAR, China",HKG,Technology,2.222,1999
"Hong Kong SAR, China",HKG,Technology,2.222,2000
"Hong Kong SAR, China",HKG,Technology,2.222,2001
"Hong Kong SAR, China",HKG,Technology,2.222,2002
"Hong Kong SAR, China",HKG,Technology,8.889,2003
"Hong Kong SAR, China",HKG,Technology,8.889,2004
"Hong Kong SAR, China",HKG,Technology,8.889,2005
"Hong Kong SAR, China",HKG,Technology,8.889,2006
"Hong Kong SAR, China",HKG,Technology,6.667,2007
"Hong Kong SAR, China",HKG,Technology,6.667,2008
"Hong Kong SAR, China",HKG,Technology,6.667,2009
"Hong Kong SAR, China",HKG,Technology,2.222,2010
"Hong Kong SAR, China",HKG,Technology,8.889,2011
"Hong Kong SAR, China",HKG,Technology,6.667,2012
"Hong Kong SAR, China",HKG,Technology,6.667,2013
"Hong Kong SAR, China",HKG,Technology,33.333,2014
"Hong Kong SAR, China",HKG,Technology,6.667,2015
"Hong Kong SAR, China",HKG,Technology,6.667,2016
"Hong Kong SAR, China",HKG,Technology,53.333,2017
"Hong Kong SAR, China",HKG,Technology,6.667,2018
"Hong Kong SAR, China",HKG,Technology,6.667,2019
"Hong Kong SAR, China",HKG,Technology,6.667,2020
"Hong Kong SAR, China",HKG,Technology,73.333,2021
"Hong Kong SAR, China",HKG,Technology,6.667,2022
"Hong Kong SAR, China",HKG,Technology,0.000,2023
"Hong Kong SAR, China",HKG,Violence,0.000,1960
"Hong Kong SAR, China",HKG,Violence,0.000,1961
"Hong Kong SAR, China",HKG,Violence,0.000,1962
"Hong Kong SAR, China",HKG,Violence,0.000,1963
"Hong Kong SAR, China",HKG,Violence,0.000,1964
"Hong Kong SAR, China",HKG,Violence,0.000,1965
"Hong Kong SAR, China",HKG,Violence,0.000,1966
"Hong Kong SAR, China",HKG,Violence,0.000,1967
"Hong Kong SAR, China",HKG,Violence,0.000,1968
"Hong Kong SAR, China",HKG,Violence,0.000,1969
"Hong Kong SAR, China",HKG,Violence,2.143,1970
"Hong Kong SAR, China",HKG,Violence,2.143,1971
"Hong Kong SAR, China",HKG,Violence,2.143,1972
"Hong Kong SAR, China",HKG,Violence,2.143,1973
"Hong Kong SAR, China",HKG,Violence,2.143,1974
"Hong Kong SAR, China",HKG,Violence,2.143,1975
"Hong Kong SAR, China",HKG,Violence,2.143,1976
"Hong Kong SAR, China",HKG,Violence,2.143,1977
"Hong Kong SAR, China",HKG,Violence,2.143,1978
"Hong Kong SAR, China",HKG,Violence,2.143,1979
"Hong Kong SAR, China",HKG,Violence,2.143,1980
"Hong Kong SAR, China",HKG,Violence,2.143,1981
"Hong Kong SAR, China",HKG,Violence,2.143,1982
"Hong Kong SAR, China",HKG,Violence,2.143,1983
"Hong Kong SAR, China",HKG,Violence,2.143,1984
"Hong Kong SAR, China",HKG,Violence,2.143,1985
"Hong Kong SAR, China",HKG,Violence,2.143,1986
"Hong Kong SAR, China",HKG,Violence,2.143,1987
"Hong Kong SAR, China",HKG,Violence,2.143,1988
"Hong Kong SAR, China",HKG,Violence,2.143,1989
"Hong Kong SAR, China",HKG,Violence,2.857,1990
"Hong Kong SAR, China",HKG,Violence,2.857,1991
"Hong Kong SAR, China",HKG,Violence,2.857,1992
"Hong Kong SAR, China",HKG,Violence,2.857,1993
"Hong Kong SAR, China",HKG,Violence,2.857,1994
"Hong Kong SAR, China",HKG,Violence,2.857,1995
"Hong Kong SAR, China",HKG,Violence,2.857,1996
"Hong Kong SAR, China",HKG,Violence,2.857,1997
"Hong Kong SAR, China",HKG,Violence,2.857,1998
"Hong Kong SAR, China",HKG,Violence,2.857,1999
"Hong Kong SAR, China",HKG,Violence,2.857,2000
"Hong Kong SAR, China",HKG,Violence,2.857,2001
"Hong Kong SAR, China",HKG,Violence,2.857,2002
"Hong Kong SAR, China",HKG,Violence,4.286,2003
"Hong Kong SAR, China",HKG,Violence,4.286,2004
"Hong Kong SAR, China",HKG,Violence,4.286,2005
"Hong Kong SAR, China",HKG,Violence,4.286,2006
"Hong Kong SAR, China",HKG,Violence,4.286,2007
"Hong Kong SAR, China",HKG,Violence,4.286,2008
"Hong Kong SAR, China",HKG,Violence,4.286,2009
"Hong Kong SAR, China",HKG,Violence,4.286,2010
"Hong Kong SAR, China",HKG,Violence,4.286,2011
"Hong Kong SAR, China",HKG,Violence,4.286,2012
"Hong Kong SAR, China",HKG,Violence,4.286,2013
"Hong Kong SAR, China",HKG,Violence,4.286,2014
"Hong Kong SAR, China",HKG,Violence,4.286,2015
"Hong Kong SAR, China",HKG,Violence,4.286,2016
"Hong Kong SAR, China",HKG,Violence,4.286,2017
"Hong Kong SAR, China",HKG,Violence,7.143,2018
"Hong Kong SAR, China",HKG,Violence,4.286,2019
"Hong Kong SAR, China",HKG,Violence,4.286,2020
"Hong Kong SAR, China",HKG,Violence,4.286,2021
"Hong Kong SAR, China",HKG,Violence,2.143,2022
"Hong Kong SAR, China",HKG,Violence,2.143,2023
"Hong Kong SAR, China",HKG,Youth 15-24,4.587,1960
"Hong Kong SAR, China",HKG,Youth 15-24,7.339,1961
"Hong Kong SAR, China",HKG,Youth 15-24,4.587,1962
"Hong Kong SAR, China",HKG,Youth 15-24,4.587,1963
"Hong Kong SAR, China",HKG,Youth 15-24,4.587,1964
"Hong Kong SAR, China",HKG,Youth 15-24,4.587,1965
"Hong Kong SAR, China",HKG,Youth 15-24,7.339,1966
"Hong Kong SAR, China",HKG,Youth 15-24,4.587,1967
"Hong Kong SAR, China",HKG,Youth 15-24,4.587,1968
"Hong Kong SAR, China",HKG,Youth 15-24,4.587,1969
"Hong Kong SAR, China",HKG,Youth 15-24,4.587,1970
"Hong Kong SAR, China",HKG,Youth 15-24,29.358,1971
"Hong Kong SAR, China",HKG,Youth 15-24,21.101,1972
"Hong Kong SAR, China",HKG,Youth 15-24,21.101,1973
"Hong Kong SAR, China",HKG,Youth 15-24,21.101,1974
"Hong Kong SAR, China",HKG,Youth 15-24,23.853,1975
"Hong Kong SAR, China",HKG,Youth 15-24,29.358,1976
"Hong Kong SAR, China",HKG,Youth 15-24,21.101,1977
"Hong Kong SAR, China",HKG,Youth 15-24,17.431,1978
"Hong Kong SAR, China",HKG,Youth 15-24,30.275,1979
"Hong Kong SAR, China",HKG,Youth 15-24,30.275,1980
"Hong Kong SAR, China",HKG,Youth 15-24,32.110,1981
"Hong Kong SAR, China",HKG,Youth 15-24,27.523,1982
"Hong Kong SAR, China",HKG,Youth 15-24,30.275,1983
"Hong Kong SAR, China",HKG,Youth 15-24,30.275,1984
"Hong Kong SAR, China",HKG,Youth 15-24,23.853,1985
"Hong Kong SAR, China",HKG,Youth 15-24,23.853,1986
"Hong Kong SAR, China",HKG,Youth 15-24,21.101,1987
"Hong Kong SAR, China",HKG,Youth 15-24,21.101,1988
"Hong Kong SAR, China",HKG,Youth 15-24,11.009,1989
"Hong Kong SAR, China",HKG,Youth 15-24,11.009,1990
"Hong Kong SAR, China",HKG,Youth 15-24,26.606,1991
"Hong Kong SAR, China",HKG,Youth 15-24,24.771,1992
"Hong Kong SAR, China",HKG,Youth 15-24,24.771,1993
"Hong Kong SAR, China",HKG,Youth 15-24,24.771,1994
"Hong Kong SAR, China",HKG,Youth 15-24,21.101,1995
"Hong Kong SAR, China",HKG,Youth 15-24,38.532,1996
"Hong Kong SAR, China",HKG,Youth 15-24,20.183,1997
"Hong Kong SAR, China",HKG,Youth 15-24,20.183,1998
"Hong Kong SAR, China",HKG,Youth 15-24,14.679,1999
"Hong Kong SAR, China",HKG,Youth 15-24,20.183,2000
"Hong Kong SAR, China",HKG,Youth 15-24,38.532,2001
"Hong Kong SAR, China",HKG,Youth 15-24,40.367,2002
"Hong Kong SAR, China",HKG,Youth 15-24,57.798,2003
"Hong Kong SAR, China",HKG,Youth 15-24,57.798,2004
"Hong Kong SAR, China",HKG,Youth 15-24,57.798,2005
"Hong Kong SAR, China",HKG,Youth 15-24,66.055,2006
"Hong Kong SAR, China",HKG,Youth 15-24,47.706,2007
"Hong Kong SAR, China",HKG,Youth 15-24,52.294,2008
"Hong Kong SAR, China",HKG,Youth 15-24,55.046,2009
"Hong Kong SAR, China",HKG,Youth 15-24,58.716,2010
"Hong Kong SAR, China",HKG,Youth 15-24,61.468,2011
"Hong Kong SAR, China",HKG,Youth 15-24,56.881,2012
"Hong Kong SAR, China",HKG,Youth 15-24,59.633,2013
"Hong Kong SAR, China",HKG,Youth 15-24,62.385,2014
"Hong Kong SAR, China",HKG,Youth 15-24,62.385,2015
"Hong Kong SAR, China",HKG,Youth 15-24,59.633,2016
"Hong Kong SAR, China",HKG,Youth 15-24,62.385,2017
"Hong Kong SAR, China",HKG,Youth 15-24,56.881,2018
"Hong Kong SAR, China",HKG,Youth 15-24,46.789,2019
"Hong Kong SAR, China",HKG,Youth 15-24,40.367,2020
"Hong Kong SAR, China",HKG,Youth 15-24,40.367,2021
"Hong Kong SAR, China",HKG,Youth 15-24,41.284,2022
"Hong Kong SAR, China",HKG,Youth 15-24,34.862,2023
