Country Name,Country Code,Topic,% of available indicators,Year
Moldova,MDA,Assets,0.000,1960
Moldova,MDA,Assets,0.000,1961
Moldova,MDA,Assets,0.000,1962
Moldova,MDA,Assets,0.000,1963
Moldova,MDA,Assets,0.000,1964
Moldova,MDA,Assets,0.000,1965
Moldova,MDA,Assets,0.000,1966
Moldova,MDA,Assets,0.000,1967
Moldova,MDA,Assets,0.000,1968
Moldova,MDA,Assets,0.000,1969
Moldova,MDA,Assets,2.208,1970
Moldova,MDA,Assets,2.208,1971
Moldova,MDA,Assets,2.208,1972
Moldova,MDA,Assets,2.208,1973
Moldova,MDA,Assets,2.208,1974
Moldova,MDA,Assets,2.208,1975
Moldova,MDA,Assets,2.208,1976
Moldova,MDA,Assets,2.208,1977
Moldova,MDA,Assets,2.208,1978
Moldova,MDA,Assets,2.208,1979
Moldova,MDA,Assets,2.208,1980
Moldova,MDA,Assets,2.208,1981
Moldova,MDA,Assets,2.208,1982
Moldova,MDA,Assets,2.208,1983
Moldova,MDA,Assets,2.208,1984
Moldova,MDA,Assets,2.208,1985
Moldova,MDA,Assets,2.208,1986
Moldova,MDA,Assets,2.208,1987
Moldova,MDA,Assets,2.208,1988
Moldova,MDA,Assets,2.208,1989
Moldova,MDA,Assets,2.208,1990
Moldova,MDA,Assets,2.208,1991
Moldova,MDA,Assets,2.208,1992
Moldova,MDA,Assets,2.208,1993
Moldova,MDA,Assets,2.208,1994
Moldova,MDA,Assets,2.208,1995
Moldova,MDA,Assets,2.208,1996
Moldova,MDA,Assets,2.208,1997
Moldova,MDA,Assets,2.208,1998
Moldova,MDA,Assets,2.208,1999
Moldova,MDA,Assets,2.208,2000
Moldova,MDA,Assets,2.208,2001
Moldova,MDA,Assets,2.208,2002
Moldova,MDA,Assets,2.208,2003
Moldova,MDA,Assets,2.208,2004
Moldova,MDA,Assets,2.208,2005
Moldova,MDA,Assets,2.208,2006
Moldova,MDA,Assets,2.208,2007
Moldova,MDA,Assets,2.208,2008
Moldova,MDA,Assets,2.208,2009
Moldova,MDA,Assets,2.208,2010
Moldova,MDA,Assets,11.672,2011
Moldova,MDA,Assets,2.208,2012
Moldova,MDA,Assets,2.208,2013
Moldova,MDA,Assets,30.599,2014
Moldova,MDA,Assets,2.208,2015
Moldova,MDA,Assets,2.208,2016
Moldova,MDA,Assets,33.123,2017
Moldova,MDA,Assets,2.208,2018
Moldova,MDA,Assets,2.208,2019
Moldova,MDA,Assets,2.208,2020
Moldova,MDA,Assets,61.199,2021
Moldova,MDA,Assets,2.208,2022
Moldova,MDA,Assets,2.208,2023
Moldova,MDA,Children 0-14,10.769,1960
Moldova,MDA,Children 0-14,10.769,1961
Moldova,MDA,Children 0-14,10.769,1962
Moldova,MDA,Children 0-14,10.769,1963
Moldova,MDA,Children 0-14,10.769,1964
Moldova,MDA,Children 0-14,10.769,1965
Moldova,MDA,Children 0-14,10.769,1966
Moldova,MDA,Children 0-14,10.769,1967
Moldova,MDA,Children 0-14,10.769,1968
Moldova,MDA,Children 0-14,10.769,1969
Moldova,MDA,Children 0-14,10.769,1970
Moldova,MDA,Children 0-14,15.385,1971
Moldova,MDA,Children 0-14,17.692,1972
Moldova,MDA,Children 0-14,17.692,1973
Moldova,MDA,Children 0-14,17.692,1974
Moldova,MDA,Children 0-14,17.692,1975
Moldova,MDA,Children 0-14,19.231,1976
Moldova,MDA,Children 0-14,19.231,1977
Moldova,MDA,Children 0-14,19.231,1978
Moldova,MDA,Children 0-14,19.231,1979
Moldova,MDA,Children 0-14,19.231,1980
Moldova,MDA,Children 0-14,20.000,1981
Moldova,MDA,Children 0-14,19.231,1982
Moldova,MDA,Children 0-14,19.231,1983
Moldova,MDA,Children 0-14,19.231,1984
Moldova,MDA,Children 0-14,19.231,1985
Moldova,MDA,Children 0-14,20.000,1986
Moldova,MDA,Children 0-14,19.231,1987
Moldova,MDA,Children 0-14,19.231,1988
Moldova,MDA,Children 0-14,22.308,1989
Moldova,MDA,Children 0-14,20.000,1990
Moldova,MDA,Children 0-14,20.000,1991
Moldova,MDA,Children 0-14,21.538,1992
Moldova,MDA,Children 0-14,21.538,1993
Moldova,MDA,Children 0-14,21.538,1994
Moldova,MDA,Children 0-14,22.308,1995
Moldova,MDA,Children 0-14,20.769,1996
Moldova,MDA,Children 0-14,20.769,1997
Moldova,MDA,Children 0-14,20.769,1998
Moldova,MDA,Children 0-14,22.308,1999
Moldova,MDA,Children 0-14,43.846,2000
Moldova,MDA,Children 0-14,28.462,2001
Moldova,MDA,Children 0-14,26.923,2002
Moldova,MDA,Children 0-14,26.923,2003
Moldova,MDA,Children 0-14,26.923,2004
Moldova,MDA,Children 0-14,43.846,2005
Moldova,MDA,Children 0-14,30.769,2006
Moldova,MDA,Children 0-14,36.154,2007
Moldova,MDA,Children 0-14,36.154,2008
Moldova,MDA,Children 0-14,38.462,2009
Moldova,MDA,Children 0-14,54.615,2010
Moldova,MDA,Children 0-14,36.923,2011
Moldova,MDA,Children 0-14,52.308,2012
Moldova,MDA,Children 0-14,36.923,2013
Moldova,MDA,Children 0-14,47.692,2014
Moldova,MDA,Children 0-14,61.538,2015
Moldova,MDA,Children 0-14,47.692,2016
Moldova,MDA,Children 0-14,52.308,2017
Moldova,MDA,Children 0-14,50.000,2018
Moldova,MDA,Children 0-14,50.769,2019
Moldova,MDA,Children 0-14,41.538,2020
Moldova,MDA,Children 0-14,30.769,2021
Moldova,MDA,Children 0-14,27.692,2022
Moldova,MDA,Children 0-14,13.846,2023
Moldova,MDA,Education,0.000,1960
Moldova,MDA,Education,0.000,1961
Moldova,MDA,Education,0.000,1962
Moldova,MDA,Education,0.000,1963
Moldova,MDA,Education,0.000,1964
Moldova,MDA,Education,0.000,1965
Moldova,MDA,Education,0.000,1966
Moldova,MDA,Education,0.000,1967
Moldova,MDA,Education,0.000,1968
Moldova,MDA,Education,0.000,1969
Moldova,MDA,Education,0.000,1970
Moldova,MDA,Education,0.000,1971
Moldova,MDA,Education,0.000,1972
Moldova,MDA,Education,0.000,1973
Moldova,MDA,Education,0.000,1974
Moldova,MDA,Education,0.000,1975
Moldova,MDA,Education,0.000,1976
Moldova,MDA,Education,0.000,1977
Moldova,MDA,Education,0.000,1978
Moldova,MDA,Education,0.000,1979
Moldova,MDA,Education,0.000,1980
Moldova,MDA,Education,1.227,1981
Moldova,MDA,Education,0.613,1982
Moldova,MDA,Education,0.613,1983
Moldova,MDA,Education,0.613,1984
Moldova,MDA,Education,0.613,1985
Moldova,MDA,Education,1.840,1986
Moldova,MDA,Education,0.000,1987
Moldova,MDA,Education,0.000,1988
Moldova,MDA,Education,11.656,1989
Moldova,MDA,Education,5.521,1990
Moldova,MDA,Education,5.521,1991
Moldova,MDA,Education,5.521,1992
Moldova,MDA,Education,5.521,1993
Moldova,MDA,Education,7.362,1994
Moldova,MDA,Education,6.748,1995
Moldova,MDA,Education,5.521,1996
Moldova,MDA,Education,4.908,1997
Moldova,MDA,Education,0.000,1998
Moldova,MDA,Education,10.429,1999
Moldova,MDA,Education,25.767,2000
Moldova,MDA,Education,21.472,2001
Moldova,MDA,Education,20.245,2002
Moldova,MDA,Education,20.245,2003
Moldova,MDA,Education,22.699,2004
Moldova,MDA,Education,24.540,2005
Moldova,MDA,Education,23.313,2006
Moldova,MDA,Education,36.810,2007
Moldova,MDA,Education,36.810,2008
Moldova,MDA,Education,39.264,2009
Moldova,MDA,Education,55.828,2010
Moldova,MDA,Education,42.945,2011
Moldova,MDA,Education,49.080,2012
Moldova,MDA,Education,46.012,2013
Moldova,MDA,Education,79.141,2014
Moldova,MDA,Education,68.712,2015
Moldova,MDA,Education,66.871,2016
Moldova,MDA,Education,77.914,2017
Moldova,MDA,Education,75.460,2018
Moldova,MDA,Education,40.491,2019
Moldova,MDA,Education,49.080,2020
Moldova,MDA,Education,33.742,2021
Moldova,MDA,Education,23.313,2022
Moldova,MDA,Education,15.951,2023
Moldova,MDA,Employment and Time Use,0.000,1960
Moldova,MDA,Employment and Time Use,0.000,1961
Moldova,MDA,Employment and Time Use,0.000,1962
Moldova,MDA,Employment and Time Use,0.000,1963
Moldova,MDA,Employment and Time Use,0.000,1964
Moldova,MDA,Employment and Time Use,0.000,1965
Moldova,MDA,Employment and Time Use,0.000,1966
Moldova,MDA,Employment and Time Use,0.000,1967
Moldova,MDA,Employment and Time Use,0.000,1968
Moldova,MDA,Employment and Time Use,0.000,1969
Moldova,MDA,Employment and Time Use,21.168,1970
Moldova,MDA,Employment and Time Use,21.168,1971
Moldova,MDA,Employment and Time Use,21.168,1972
Moldova,MDA,Employment and Time Use,21.168,1973
Moldova,MDA,Employment and Time Use,21.168,1974
Moldova,MDA,Employment and Time Use,21.168,1975
Moldova,MDA,Employment and Time Use,21.168,1976
Moldova,MDA,Employment and Time Use,21.168,1977
Moldova,MDA,Employment and Time Use,21.168,1978
Moldova,MDA,Employment and Time Use,21.168,1979
Moldova,MDA,Employment and Time Use,21.168,1980
Moldova,MDA,Employment and Time Use,21.168,1981
Moldova,MDA,Employment and Time Use,21.168,1982
Moldova,MDA,Employment and Time Use,21.168,1983
Moldova,MDA,Employment and Time Use,21.168,1984
Moldova,MDA,Employment and Time Use,21.168,1985
Moldova,MDA,Employment and Time Use,21.168,1986
Moldova,MDA,Employment and Time Use,21.168,1987
Moldova,MDA,Employment and Time Use,21.168,1988
Moldova,MDA,Employment and Time Use,27.007,1989
Moldova,MDA,Employment and Time Use,31.387,1990
Moldova,MDA,Employment and Time Use,56.204,1991
Moldova,MDA,Employment and Time Use,57.664,1992
Moldova,MDA,Employment and Time Use,56.204,1993
Moldova,MDA,Employment and Time Use,56.204,1994
Moldova,MDA,Employment and Time Use,56.204,1995
Moldova,MDA,Employment and Time Use,57.664,1996
Moldova,MDA,Employment and Time Use,56.204,1997
Moldova,MDA,Employment and Time Use,57.664,1998
Moldova,MDA,Employment and Time Use,59.854,1999
Moldova,MDA,Employment and Time Use,90.511,2000
Moldova,MDA,Employment and Time Use,88.321,2001
Moldova,MDA,Employment and Time Use,88.321,2002
Moldova,MDA,Employment and Time Use,88.321,2003
Moldova,MDA,Employment and Time Use,88.321,2004
Moldova,MDA,Employment and Time Use,88.321,2005
Moldova,MDA,Employment and Time Use,89.781,2006
Moldova,MDA,Employment and Time Use,89.781,2007
Moldova,MDA,Employment and Time Use,89.781,2008
Moldova,MDA,Employment and Time Use,91.971,2009
Moldova,MDA,Employment and Time Use,89.781,2010
Moldova,MDA,Employment and Time Use,89.781,2011
Moldova,MDA,Employment and Time Use,91.241,2012
Moldova,MDA,Employment and Time Use,89.781,2013
Moldova,MDA,Employment and Time Use,89.781,2014
Moldova,MDA,Employment and Time Use,89.781,2015
Moldova,MDA,Employment and Time Use,89.781,2016
Moldova,MDA,Employment and Time Use,89.781,2017
Moldova,MDA,Employment and Time Use,91.241,2018
Moldova,MDA,Employment and Time Use,89.781,2019
Moldova,MDA,Employment and Time Use,89.781,2020
Moldova,MDA,Employment and Time Use,89.781,2021
Moldova,MDA,Employment and Time Use,89.781,2022
Moldova,MDA,Employment and Time Use,94.161,2023
Moldova,MDA,Entrepreneurship,0.000,1960
Moldova,MDA,Entrepreneurship,0.000,1961
Moldova,MDA,Entrepreneurship,0.000,1962
Moldova,MDA,Entrepreneurship,0.000,1963
Moldova,MDA,Entrepreneurship,0.000,1964
Moldova,MDA,Entrepreneurship,0.000,1965
Moldova,MDA,Entrepreneurship,0.000,1966
Moldova,MDA,Entrepreneurship,0.000,1967
Moldova,MDA,Entrepreneurship,0.000,1968
Moldova,MDA,Entrepreneurship,0.000,1969
Moldova,MDA,Entrepreneurship,9.375,1970
Moldova,MDA,Entrepreneurship,9.375,1971
Moldova,MDA,Entrepreneurship,9.375,1972
Moldova,MDA,Entrepreneurship,9.375,1973
Moldova,MDA,Entrepreneurship,9.375,1974
Moldova,MDA,Entrepreneurship,9.375,1975
Moldova,MDA,Entrepreneurship,9.375,1976
Moldova,MDA,Entrepreneurship,9.375,1977
Moldova,MDA,Entrepreneurship,9.375,1978
Moldova,MDA,Entrepreneurship,9.375,1979
Moldova,MDA,Entrepreneurship,9.375,1980
Moldova,MDA,Entrepreneurship,9.375,1981
Moldova,MDA,Entrepreneurship,9.375,1982
Moldova,MDA,Entrepreneurship,9.375,1983
Moldova,MDA,Entrepreneurship,9.375,1984
Moldova,MDA,Entrepreneurship,9.375,1985
Moldova,MDA,Entrepreneurship,9.375,1986
Moldova,MDA,Entrepreneurship,9.375,1987
Moldova,MDA,Entrepreneurship,9.375,1988
Moldova,MDA,Entrepreneurship,9.375,1989
Moldova,MDA,Entrepreneurship,9.375,1990
Moldova,MDA,Entrepreneurship,9.375,1991
Moldova,MDA,Entrepreneurship,9.375,1992
Moldova,MDA,Entrepreneurship,9.375,1993
Moldova,MDA,Entrepreneurship,9.375,1994
Moldova,MDA,Entrepreneurship,9.375,1995
Moldova,MDA,Entrepreneurship,9.375,1996
Moldova,MDA,Entrepreneurship,9.375,1997
Moldova,MDA,Entrepreneurship,9.375,1998
Moldova,MDA,Entrepreneurship,9.375,1999
Moldova,MDA,Entrepreneurship,9.375,2000
Moldova,MDA,Entrepreneurship,9.375,2001
Moldova,MDA,Entrepreneurship,9.375,2002
Moldova,MDA,Entrepreneurship,37.500,2003
Moldova,MDA,Entrepreneurship,37.500,2004
Moldova,MDA,Entrepreneurship,40.625,2005
Moldova,MDA,Entrepreneurship,37.500,2006
Moldova,MDA,Entrepreneurship,37.500,2007
Moldova,MDA,Entrepreneurship,37.500,2008
Moldova,MDA,Entrepreneurship,43.750,2009
Moldova,MDA,Entrepreneurship,37.500,2010
Moldova,MDA,Entrepreneurship,37.500,2011
Moldova,MDA,Entrepreneurship,37.500,2012
Moldova,MDA,Entrepreneurship,43.750,2013
Moldova,MDA,Entrepreneurship,56.250,2014
Moldova,MDA,Entrepreneurship,37.500,2015
Moldova,MDA,Entrepreneurship,37.500,2016
Moldova,MDA,Entrepreneurship,56.250,2017
Moldova,MDA,Entrepreneurship,37.500,2018
Moldova,MDA,Entrepreneurship,43.750,2019
Moldova,MDA,Entrepreneurship,9.375,2020
Moldova,MDA,Entrepreneurship,9.375,2021
Moldova,MDA,Entrepreneurship,9.375,2022
Moldova,MDA,Entrepreneurship,9.375,2023
Moldova,MDA,Environment,0.000,1960
Moldova,MDA,Environment,0.000,1961
Moldova,MDA,Environment,0.000,1962
Moldova,MDA,Environment,0.000,1963
Moldova,MDA,Environment,0.000,1964
Moldova,MDA,Environment,0.000,1965
Moldova,MDA,Environment,0.000,1966
Moldova,MDA,Environment,0.000,1967
Moldova,MDA,Environment,0.000,1968
Moldova,MDA,Environment,0.000,1969
Moldova,MDA,Environment,0.000,1970
Moldova,MDA,Environment,0.000,1971
Moldova,MDA,Environment,0.000,1972
Moldova,MDA,Environment,0.000,1973
Moldova,MDA,Environment,0.000,1974
Moldova,MDA,Environment,0.000,1975
Moldova,MDA,Environment,0.000,1976
Moldova,MDA,Environment,0.000,1977
Moldova,MDA,Environment,0.000,1978
Moldova,MDA,Environment,0.000,1979
Moldova,MDA,Environment,0.000,1980
Moldova,MDA,Environment,0.000,1981
Moldova,MDA,Environment,0.000,1982
Moldova,MDA,Environment,0.000,1983
Moldova,MDA,Environment,0.000,1984
Moldova,MDA,Environment,0.000,1985
Moldova,MDA,Environment,0.000,1986
Moldova,MDA,Environment,0.000,1987
Moldova,MDA,Environment,0.000,1988
Moldova,MDA,Environment,0.000,1989
Moldova,MDA,Environment,0.000,1990
Moldova,MDA,Environment,0.000,1991
Moldova,MDA,Environment,0.000,1992
Moldova,MDA,Environment,0.000,1993
Moldova,MDA,Environment,0.000,1994
Moldova,MDA,Environment,0.000,1995
Moldova,MDA,Environment,0.000,1996
Moldova,MDA,Environment,0.000,1997
Moldova,MDA,Environment,0.000,1998
Moldova,MDA,Environment,0.000,1999
Moldova,MDA,Environment,10.000,2000
Moldova,MDA,Environment,10.000,2001
Moldova,MDA,Environment,10.000,2002
Moldova,MDA,Environment,10.000,2003
Moldova,MDA,Environment,10.000,2004
Moldova,MDA,Environment,33.333,2005
Moldova,MDA,Environment,10.000,2006
Moldova,MDA,Environment,10.000,2007
Moldova,MDA,Environment,10.000,2008
Moldova,MDA,Environment,10.000,2009
Moldova,MDA,Environment,10.000,2010
Moldova,MDA,Environment,10.000,2011
Moldova,MDA,Environment,10.000,2012
Moldova,MDA,Environment,13.333,2013
Moldova,MDA,Environment,23.333,2014
Moldova,MDA,Environment,13.333,2015
Moldova,MDA,Environment,13.333,2016
Moldova,MDA,Environment,23.333,2017
Moldova,MDA,Environment,13.333,2018
Moldova,MDA,Environment,30.000,2019
Moldova,MDA,Environment,10.000,2020
Moldova,MDA,Environment,20.000,2021
Moldova,MDA,Environment,10.000,2022
Moldova,MDA,Environment,0.000,2023
Moldova,MDA,Health,3.030,1960
Moldova,MDA,Health,3.030,1961
Moldova,MDA,Health,3.030,1962
Moldova,MDA,Health,3.030,1963
Moldova,MDA,Health,3.030,1964
Moldova,MDA,Health,3.030,1965
Moldova,MDA,Health,3.030,1966
Moldova,MDA,Health,3.030,1967
Moldova,MDA,Health,3.030,1968
Moldova,MDA,Health,3.030,1969
Moldova,MDA,Health,3.030,1970
Moldova,MDA,Health,6.061,1971
Moldova,MDA,Health,7.576,1972
Moldova,MDA,Health,7.576,1973
Moldova,MDA,Health,7.576,1974
Moldova,MDA,Health,10.101,1975
Moldova,MDA,Health,11.111,1976
Moldova,MDA,Health,11.111,1977
Moldova,MDA,Health,11.111,1978
Moldova,MDA,Health,11.111,1979
Moldova,MDA,Health,11.111,1980
Moldova,MDA,Health,11.111,1981
Moldova,MDA,Health,11.111,1982
Moldova,MDA,Health,11.111,1983
Moldova,MDA,Health,11.111,1984
Moldova,MDA,Health,11.616,1985
Moldova,MDA,Health,11.616,1986
Moldova,MDA,Health,11.616,1987
Moldova,MDA,Health,11.616,1988
Moldova,MDA,Health,12.121,1989
Moldova,MDA,Health,16.667,1990
Moldova,MDA,Health,16.667,1991
Moldova,MDA,Health,17.677,1992
Moldova,MDA,Health,17.677,1993
Moldova,MDA,Health,17.677,1994
Moldova,MDA,Health,17.677,1995
Moldova,MDA,Health,17.677,1996
Moldova,MDA,Health,20.202,1997
Moldova,MDA,Health,17.677,1998
Moldova,MDA,Health,17.677,1999
Moldova,MDA,Health,59.596,2000
Moldova,MDA,Health,32.828,2001
Moldova,MDA,Health,32.828,2002
Moldova,MDA,Health,32.828,2003
Moldova,MDA,Health,32.828,2004
Moldova,MDA,Health,58.586,2005
Moldova,MDA,Health,32.323,2006
Moldova,MDA,Health,32.323,2007
Moldova,MDA,Health,33.333,2008
Moldova,MDA,Health,32.828,2009
Moldova,MDA,Health,61.616,2010
Moldova,MDA,Health,33.333,2011
Moldova,MDA,Health,45.455,2012
Moldova,MDA,Health,33.333,2013
Moldova,MDA,Health,34.848,2014
Moldova,MDA,Health,57.576,2015
Moldova,MDA,Health,33.333,2016
Moldova,MDA,Health,36.364,2017
Moldova,MDA,Health,36.364,2018
Moldova,MDA,Health,57.576,2019
Moldova,MDA,Health,30.808,2020
Moldova,MDA,Health,20.707,2021
Moldova,MDA,Health,17.677,2022
Moldova,MDA,Health,1.010,2023
Moldova,MDA,Leadership,0.000,1960
Moldova,MDA,Leadership,0.000,1961
Moldova,MDA,Leadership,0.000,1962
Moldova,MDA,Leadership,0.000,1963
Moldova,MDA,Leadership,0.000,1964
Moldova,MDA,Leadership,0.000,1965
Moldova,MDA,Leadership,0.000,1966
Moldova,MDA,Leadership,0.000,1967
Moldova,MDA,Leadership,0.000,1968
Moldova,MDA,Leadership,0.000,1969
Moldova,MDA,Leadership,0.000,1970
Moldova,MDA,Leadership,0.000,1971
Moldova,MDA,Leadership,0.000,1972
Moldova,MDA,Leadership,0.000,1973
Moldova,MDA,Leadership,0.000,1974
Moldova,MDA,Leadership,0.000,1975
Moldova,MDA,Leadership,0.000,1976
Moldova,MDA,Leadership,0.000,1977
Moldova,MDA,Leadership,0.000,1978
Moldova,MDA,Leadership,0.000,1979
Moldova,MDA,Leadership,0.000,1980
Moldova,MDA,Leadership,0.000,1981
Moldova,MDA,Leadership,0.000,1982
Moldova,MDA,Leadership,0.000,1983
Moldova,MDA,Leadership,0.000,1984
Moldova,MDA,Leadership,0.000,1985
Moldova,MDA,Leadership,0.000,1986
Moldova,MDA,Leadership,0.000,1987
Moldova,MDA,Leadership,0.000,1988
Moldova,MDA,Leadership,0.000,1989
Moldova,MDA,Leadership,0.000,1990
Moldova,MDA,Leadership,0.000,1991
Moldova,MDA,Leadership,0.000,1992
Moldova,MDA,Leadership,0.000,1993
Moldova,MDA,Leadership,0.000,1994
Moldova,MDA,Leadership,0.000,1995
Moldova,MDA,Leadership,0.000,1996
Moldova,MDA,Leadership,25.000,1997
Moldova,MDA,Leadership,0.000,1998
Moldova,MDA,Leadership,25.000,1999
Moldova,MDA,Leadership,25.000,2000
Moldova,MDA,Leadership,25.000,2001
Moldova,MDA,Leadership,25.000,2002
Moldova,MDA,Leadership,25.000,2003
Moldova,MDA,Leadership,25.000,2004
Moldova,MDA,Leadership,50.000,2005
Moldova,MDA,Leadership,25.000,2006
Moldova,MDA,Leadership,25.000,2007
Moldova,MDA,Leadership,50.000,2008
Moldova,MDA,Leadership,50.000,2009
Moldova,MDA,Leadership,50.000,2010
Moldova,MDA,Leadership,25.000,2011
Moldova,MDA,Leadership,50.000,2012
Moldova,MDA,Leadership,50.000,2013
Moldova,MDA,Leadership,50.000,2014
Moldova,MDA,Leadership,50.000,2015
Moldova,MDA,Leadership,50.000,2016
Moldova,MDA,Leadership,25.000,2017
Moldova,MDA,Leadership,50.000,2018
Moldova,MDA,Leadership,75.000,2019
Moldova,MDA,Leadership,50.000,2020
Moldova,MDA,Leadership,25.000,2021
Moldova,MDA,Leadership,50.000,2022
Moldova,MDA,Leadership,25.000,2023
Moldova,MDA,Norms and Decision-making,0.000,1960
Moldova,MDA,Norms and Decision-making,0.000,1961
Moldova,MDA,Norms and Decision-making,0.000,1962
Moldova,MDA,Norms and Decision-making,0.000,1963
Moldova,MDA,Norms and Decision-making,0.000,1964
Moldova,MDA,Norms and Decision-making,0.000,1965
Moldova,MDA,Norms and Decision-making,0.000,1966
Moldova,MDA,Norms and Decision-making,0.000,1967
Moldova,MDA,Norms and Decision-making,0.000,1968
Moldova,MDA,Norms and Decision-making,0.000,1969
Moldova,MDA,Norms and Decision-making,12.593,1970
Moldova,MDA,Norms and Decision-making,12.593,1971
Moldova,MDA,Norms and Decision-making,12.593,1972
Moldova,MDA,Norms and Decision-making,12.593,1973
Moldova,MDA,Norms and Decision-making,12.593,1974
Moldova,MDA,Norms and Decision-making,12.593,1975
Moldova,MDA,Norms and Decision-making,12.593,1976
Moldova,MDA,Norms and Decision-making,12.593,1977
Moldova,MDA,Norms and Decision-making,12.593,1978
Moldova,MDA,Norms and Decision-making,12.593,1979
Moldova,MDA,Norms and Decision-making,12.593,1980
Moldova,MDA,Norms and Decision-making,12.593,1981
Moldova,MDA,Norms and Decision-making,12.593,1982
Moldova,MDA,Norms and Decision-making,12.593,1983
Moldova,MDA,Norms and Decision-making,12.593,1984
Moldova,MDA,Norms and Decision-making,12.593,1985
Moldova,MDA,Norms and Decision-making,12.593,1986
Moldova,MDA,Norms and Decision-making,12.593,1987
Moldova,MDA,Norms and Decision-making,12.593,1988
Moldova,MDA,Norms and Decision-making,14.074,1989
Moldova,MDA,Norms and Decision-making,12.593,1990
Moldova,MDA,Norms and Decision-making,12.593,1991
Moldova,MDA,Norms and Decision-making,12.593,1992
Moldova,MDA,Norms and Decision-making,12.593,1993
Moldova,MDA,Norms and Decision-making,12.593,1994
Moldova,MDA,Norms and Decision-making,12.593,1995
Moldova,MDA,Norms and Decision-making,12.593,1996
Moldova,MDA,Norms and Decision-making,13.333,1997
Moldova,MDA,Norms and Decision-making,12.593,1998
Moldova,MDA,Norms and Decision-making,12.593,1999
Moldova,MDA,Norms and Decision-making,15.556,2000
Moldova,MDA,Norms and Decision-making,12.593,2001
Moldova,MDA,Norms and Decision-making,12.593,2002
Moldova,MDA,Norms and Decision-making,12.593,2003
Moldova,MDA,Norms and Decision-making,14.074,2004
Moldova,MDA,Norms and Decision-making,82.222,2005
Moldova,MDA,Norms and Decision-making,12.593,2006
Moldova,MDA,Norms and Decision-making,12.593,2007
Moldova,MDA,Norms and Decision-making,14.074,2008
Moldova,MDA,Norms and Decision-making,12.593,2009
Moldova,MDA,Norms and Decision-making,12.593,2010
Moldova,MDA,Norms and Decision-making,12.593,2011
Moldova,MDA,Norms and Decision-making,18.519,2012
Moldova,MDA,Norms and Decision-making,12.593,2013
Moldova,MDA,Norms and Decision-making,14.074,2014
Moldova,MDA,Norms and Decision-making,12.593,2015
Moldova,MDA,Norms and Decision-making,12.593,2016
Moldova,MDA,Norms and Decision-making,12.593,2017
Moldova,MDA,Norms and Decision-making,12.593,2018
Moldova,MDA,Norms and Decision-making,12.593,2019
Moldova,MDA,Norms and Decision-making,13.333,2020
Moldova,MDA,Norms and Decision-making,12.593,2021
Moldova,MDA,Norms and Decision-making,12.593,2022
Moldova,MDA,Norms and Decision-making,12.593,2023
Moldova,MDA,Population,86.905,1960
Moldova,MDA,Population,86.905,1961
Moldova,MDA,Population,86.905,1962
Moldova,MDA,Population,86.905,1963
Moldova,MDA,Population,86.905,1964
Moldova,MDA,Population,86.905,1965
Moldova,MDA,Population,86.905,1966
Moldova,MDA,Population,86.905,1967
Moldova,MDA,Population,86.905,1968
Moldova,MDA,Population,86.905,1969
Moldova,MDA,Population,86.905,1970
Moldova,MDA,Population,86.905,1971
Moldova,MDA,Population,86.905,1972
Moldova,MDA,Population,86.905,1973
Moldova,MDA,Population,86.905,1974
Moldova,MDA,Population,86.905,1975
Moldova,MDA,Population,86.905,1976
Moldova,MDA,Population,86.905,1977
Moldova,MDA,Population,86.905,1978
Moldova,MDA,Population,86.905,1979
Moldova,MDA,Population,91.667,1980
Moldova,MDA,Population,86.905,1981
Moldova,MDA,Population,86.905,1982
Moldova,MDA,Population,86.905,1983
Moldova,MDA,Population,86.905,1984
Moldova,MDA,Population,91.667,1985
Moldova,MDA,Population,86.905,1986
Moldova,MDA,Population,86.905,1987
Moldova,MDA,Population,86.905,1988
Moldova,MDA,Population,89.286,1989
Moldova,MDA,Population,92.857,1990
Moldova,MDA,Population,86.905,1991
Moldova,MDA,Population,86.905,1992
Moldova,MDA,Population,86.905,1993
Moldova,MDA,Population,86.905,1994
Moldova,MDA,Population,92.857,1995
Moldova,MDA,Population,86.905,1996
Moldova,MDA,Population,88.095,1997
Moldova,MDA,Population,86.905,1998
Moldova,MDA,Population,86.905,1999
Moldova,MDA,Population,96.429,2000
Moldova,MDA,Population,86.905,2001
Moldova,MDA,Population,86.905,2002
Moldova,MDA,Population,86.905,2003
Moldova,MDA,Population,89.286,2004
Moldova,MDA,Population,96.429,2005
Moldova,MDA,Population,86.905,2006
Moldova,MDA,Population,86.905,2007
Moldova,MDA,Population,86.905,2008
Moldova,MDA,Population,86.905,2009
Moldova,MDA,Population,92.857,2010
Moldova,MDA,Population,86.905,2011
Moldova,MDA,Population,92.857,2012
Moldova,MDA,Population,86.905,2013
Moldova,MDA,Population,89.286,2014
Moldova,MDA,Population,92.857,2015
Moldova,MDA,Population,86.905,2016
Moldova,MDA,Population,86.905,2017
Moldova,MDA,Population,86.905,2018
Moldova,MDA,Population,86.905,2019
Moldova,MDA,Population,88.095,2020
Moldova,MDA,Population,86.905,2021
Moldova,MDA,Population,86.905,2022
Moldova,MDA,Population,77.381,2023
Moldova,MDA,SDGs,0.671,1960
Moldova,MDA,SDGs,0.671,1961
Moldova,MDA,SDGs,0.671,1962
Moldova,MDA,SDGs,0.671,1963
Moldova,MDA,SDGs,0.671,1964
Moldova,MDA,SDGs,0.671,1965
Moldova,MDA,SDGs,0.671,1966
Moldova,MDA,SDGs,0.671,1967
Moldova,MDA,SDGs,0.671,1968
Moldova,MDA,SDGs,0.671,1969
Moldova,MDA,SDGs,9.396,1970
Moldova,MDA,SDGs,11.409,1971
Moldova,MDA,SDGs,11.409,1972
Moldova,MDA,SDGs,11.409,1973
Moldova,MDA,SDGs,11.409,1974
Moldova,MDA,SDGs,11.409,1975
Moldova,MDA,SDGs,11.409,1976
Moldova,MDA,SDGs,11.409,1977
Moldova,MDA,SDGs,11.409,1978
Moldova,MDA,SDGs,11.409,1979
Moldova,MDA,SDGs,11.409,1980
Moldova,MDA,SDGs,11.409,1981
Moldova,MDA,SDGs,11.409,1982
Moldova,MDA,SDGs,11.409,1983
Moldova,MDA,SDGs,11.409,1984
Moldova,MDA,SDGs,12.081,1985
Moldova,MDA,SDGs,12.081,1986
Moldova,MDA,SDGs,12.081,1987
Moldova,MDA,SDGs,12.081,1988
Moldova,MDA,SDGs,12.752,1989
Moldova,MDA,SDGs,16.779,1990
Moldova,MDA,SDGs,20.805,1991
Moldova,MDA,SDGs,21.477,1992
Moldova,MDA,SDGs,21.477,1993
Moldova,MDA,SDGs,21.477,1994
Moldova,MDA,SDGs,21.477,1995
Moldova,MDA,SDGs,21.477,1996
Moldova,MDA,SDGs,22.148,1997
Moldova,MDA,SDGs,21.477,1998
Moldova,MDA,SDGs,24.161,1999
Moldova,MDA,SDGs,71.141,2000
Moldova,MDA,SDGs,39.597,2001
Moldova,MDA,SDGs,38.926,2002
Moldova,MDA,SDGs,38.926,2003
Moldova,MDA,SDGs,38.926,2004
Moldova,MDA,SDGs,43.624,2005
Moldova,MDA,SDGs,38.926,2006
Moldova,MDA,SDGs,38.255,2007
Moldova,MDA,SDGs,38.255,2008
Moldova,MDA,SDGs,38.926,2009
Moldova,MDA,SDGs,71.141,2010
Moldova,MDA,SDGs,40.940,2011
Moldova,MDA,SDGs,41.611,2012
Moldova,MDA,SDGs,38.926,2013
Moldova,MDA,SDGs,40.940,2014
Moldova,MDA,SDGs,71.141,2015
Moldova,MDA,SDGs,38.926,2016
Moldova,MDA,SDGs,40.268,2017
Moldova,MDA,SDGs,41.611,2018
Moldova,MDA,SDGs,74.497,2019
Moldova,MDA,SDGs,32.886,2020
Moldova,MDA,SDGs,29.530,2021
Moldova,MDA,SDGs,26.846,2022
Moldova,MDA,SDGs,18.121,2023
Moldova,MDA,Technology,0.000,1960
Moldova,MDA,Technology,0.000,1961
Moldova,MDA,Technology,0.000,1962
Moldova,MDA,Technology,0.000,1963
Moldova,MDA,Technology,0.000,1964
Moldova,MDA,Technology,0.000,1965
Moldova,MDA,Technology,0.000,1966
Moldova,MDA,Technology,0.000,1967
Moldova,MDA,Technology,0.000,1968
Moldova,MDA,Technology,0.000,1969
Moldova,MDA,Technology,0.000,1970
Moldova,MDA,Technology,0.000,1971
Moldova,MDA,Technology,0.000,1972
Moldova,MDA,Technology,0.000,1973
Moldova,MDA,Technology,0.000,1974
Moldova,MDA,Technology,0.000,1975
Moldova,MDA,Technology,0.000,1976
Moldova,MDA,Technology,0.000,1977
Moldova,MDA,Technology,0.000,1978
Moldova,MDA,Technology,0.000,1979
Moldova,MDA,Technology,0.000,1980
Moldova,MDA,Technology,0.000,1981
Moldova,MDA,Technology,0.000,1982
Moldova,MDA,Technology,0.000,1983
Moldova,MDA,Technology,0.000,1984
Moldova,MDA,Technology,0.000,1985
Moldova,MDA,Technology,0.000,1986
Moldova,MDA,Technology,0.000,1987
Moldova,MDA,Technology,0.000,1988
Moldova,MDA,Technology,0.000,1989
Moldova,MDA,Technology,2.222,1990
Moldova,MDA,Technology,2.222,1991
Moldova,MDA,Technology,2.222,1992
Moldova,MDA,Technology,2.222,1993
Moldova,MDA,Technology,2.222,1994
Moldova,MDA,Technology,2.222,1995
Moldova,MDA,Technology,2.222,1996
Moldova,MDA,Technology,2.222,1997
Moldova,MDA,Technology,2.222,1998
Moldova,MDA,Technology,2.222,1999
Moldova,MDA,Technology,2.222,2000
Moldova,MDA,Technology,2.222,2001
Moldova,MDA,Technology,2.222,2002
Moldova,MDA,Technology,2.222,2003
Moldova,MDA,Technology,2.222,2004
Moldova,MDA,Technology,2.222,2005
Moldova,MDA,Technology,2.222,2006
Moldova,MDA,Technology,2.222,2007
Moldova,MDA,Technology,2.222,2008
Moldova,MDA,Technology,2.222,2009
Moldova,MDA,Technology,2.222,2010
Moldova,MDA,Technology,8.889,2011
Moldova,MDA,Technology,2.222,2012
Moldova,MDA,Technology,4.444,2013
Moldova,MDA,Technology,35.556,2014
Moldova,MDA,Technology,8.889,2015
Moldova,MDA,Technology,4.444,2016
Moldova,MDA,Technology,51.111,2017
Moldova,MDA,Technology,8.889,2018
Moldova,MDA,Technology,2.222,2019
Moldova,MDA,Technology,2.222,2020
Moldova,MDA,Technology,68.889,2021
Moldova,MDA,Technology,2.222,2022
Moldova,MDA,Technology,0.000,2023
Moldova,MDA,Violence,0.000,1960
Moldova,MDA,Violence,0.000,1961
Moldova,MDA,Violence,0.000,1962
Moldova,MDA,Violence,0.000,1963
Moldova,MDA,Violence,0.000,1964
Moldova,MDA,Violence,0.000,1965
Moldova,MDA,Violence,0.000,1966
Moldova,MDA,Violence,0.000,1967
Moldova,MDA,Violence,0.000,1968
Moldova,MDA,Violence,0.000,1969
Moldova,MDA,Violence,2.143,1970
Moldova,MDA,Violence,2.143,1971
Moldova,MDA,Violence,2.143,1972
Moldova,MDA,Violence,2.143,1973
Moldova,MDA,Violence,2.143,1974
Moldova,MDA,Violence,2.143,1975
Moldova,MDA,Violence,2.143,1976
Moldova,MDA,Violence,2.143,1977
Moldova,MDA,Violence,2.143,1978
Moldova,MDA,Violence,2.143,1979
Moldova,MDA,Violence,2.143,1980
Moldova,MDA,Violence,2.143,1981
Moldova,MDA,Violence,2.143,1982
Moldova,MDA,Violence,2.143,1983
Moldova,MDA,Violence,2.143,1984
Moldova,MDA,Violence,2.143,1985
Moldova,MDA,Violence,2.143,1986
Moldova,MDA,Violence,2.143,1987
Moldova,MDA,Violence,2.143,1988
Moldova,MDA,Violence,2.143,1989
Moldova,MDA,Violence,2.857,1990
Moldova,MDA,Violence,4.286,1991
Moldova,MDA,Violence,4.286,1992
Moldova,MDA,Violence,4.286,1993
Moldova,MDA,Violence,4.286,1994
Moldova,MDA,Violence,4.286,1995
Moldova,MDA,Violence,4.286,1996
Moldova,MDA,Violence,4.286,1997
Moldova,MDA,Violence,4.286,1998
Moldova,MDA,Violence,4.286,1999
Moldova,MDA,Violence,6.429,2000
Moldova,MDA,Violence,6.429,2001
Moldova,MDA,Violence,6.429,2002
Moldova,MDA,Violence,6.429,2003
Moldova,MDA,Violence,6.429,2004
Moldova,MDA,Violence,60.000,2005
Moldova,MDA,Violence,6.429,2006
Moldova,MDA,Violence,6.429,2007
Moldova,MDA,Violence,6.429,2008
Moldova,MDA,Violence,6.429,2009
Moldova,MDA,Violence,6.429,2010
Moldova,MDA,Violence,6.429,2011
Moldova,MDA,Violence,7.857,2012
Moldova,MDA,Violence,6.429,2013
Moldova,MDA,Violence,6.429,2014
Moldova,MDA,Violence,6.429,2015
Moldova,MDA,Violence,6.429,2016
Moldova,MDA,Violence,6.429,2017
Moldova,MDA,Violence,9.286,2018
Moldova,MDA,Violence,6.429,2019
Moldova,MDA,Violence,4.286,2020
Moldova,MDA,Violence,2.143,2021
Moldova,MDA,Violence,2.143,2022
Moldova,MDA,Violence,2.143,2023
Moldova,MDA,Youth 15-24,4.587,1960
Moldova,MDA,Youth 15-24,4.587,1961
Moldova,MDA,Youth 15-24,4.587,1962
Moldova,MDA,Youth 15-24,4.587,1963
Moldova,MDA,Youth 15-24,4.587,1964
Moldova,MDA,Youth 15-24,4.587,1965
Moldova,MDA,Youth 15-24,4.587,1966
Moldova,MDA,Youth 15-24,4.587,1967
Moldova,MDA,Youth 15-24,4.587,1968
Moldova,MDA,Youth 15-24,4.587,1969
Moldova,MDA,Youth 15-24,4.587,1970
Moldova,MDA,Youth 15-24,4.587,1971
Moldova,MDA,Youth 15-24,4.587,1972
Moldova,MDA,Youth 15-24,4.587,1973
Moldova,MDA,Youth 15-24,4.587,1974
Moldova,MDA,Youth 15-24,4.587,1975
Moldova,MDA,Youth 15-24,4.587,1976
Moldova,MDA,Youth 15-24,4.587,1977
Moldova,MDA,Youth 15-24,4.587,1978
Moldova,MDA,Youth 15-24,4.587,1979
Moldova,MDA,Youth 15-24,4.587,1980
Moldova,MDA,Youth 15-24,4.587,1981
Moldova,MDA,Youth 15-24,5.505,1982
Moldova,MDA,Youth 15-24,5.505,1983
Moldova,MDA,Youth 15-24,5.505,1984
Moldova,MDA,Youth 15-24,5.505,1985
Moldova,MDA,Youth 15-24,4.587,1986
Moldova,MDA,Youth 15-24,4.587,1987
Moldova,MDA,Youth 15-24,4.587,1988
Moldova,MDA,Youth 15-24,17.431,1989
Moldova,MDA,Youth 15-24,17.431,1990
Moldova,MDA,Youth 15-24,23.853,1991
Moldova,MDA,Youth 15-24,23.853,1992
Moldova,MDA,Youth 15-24,23.853,1993
Moldova,MDA,Youth 15-24,26.606,1994
Moldova,MDA,Youth 15-24,23.853,1995
Moldova,MDA,Youth 15-24,23.853,1996
Moldova,MDA,Youth 15-24,23.853,1997
Moldova,MDA,Youth 15-24,18.349,1998
Moldova,MDA,Youth 15-24,28.440,1999
Moldova,MDA,Youth 15-24,52.294,2000
Moldova,MDA,Youth 15-24,46.789,2001
Moldova,MDA,Youth 15-24,46.789,2002
Moldova,MDA,Youth 15-24,46.789,2003
Moldova,MDA,Youth 15-24,50.459,2004
Moldova,MDA,Youth 15-24,55.963,2005
Moldova,MDA,Youth 15-24,46.789,2006
Moldova,MDA,Youth 15-24,58.716,2007
Moldova,MDA,Youth 15-24,58.716,2008
Moldova,MDA,Youth 15-24,62.385,2009
Moldova,MDA,Youth 15-24,65.138,2010
Moldova,MDA,Youth 15-24,61.468,2011
Moldova,MDA,Youth 15-24,70.642,2012
Moldova,MDA,Youth 15-24,67.890,2013
Moldova,MDA,Youth 15-24,91.743,2014
Moldova,MDA,Youth 15-24,84.404,2015
Moldova,MDA,Youth 15-24,81.651,2016
Moldova,MDA,Youth 15-24,81.651,2017
Moldova,MDA,Youth 15-24,80.734,2018
Moldova,MDA,Youth 15-24,56.881,2019
Moldova,MDA,Youth 15-24,53.211,2020
Moldova,MDA,Youth 15-24,54.128,2021
Moldova,MDA,Youth 15-24,44.954,2022
Moldova,MDA,Youth 15-24,31.193,2023
