Country Name,Country Code,Topic,% of available indicators,Year
Australia,AUS,Assets,0.000,1960
Australia,AUS,Assets,0.000,1961
Australia,AUS,Assets,0.000,1962
Australia,AUS,Assets,0.000,1963
Australia,AUS,Assets,0.000,1964
Australia,AUS,Assets,0.000,1965
Australia,AUS,Assets,0.000,1966
Australia,AUS,Assets,0.000,1967
Australia,AUS,Assets,0.000,1968
Australia,AUS,Assets,0.000,1969
Australia,AUS,Assets,2.208,1970
Australia,AUS,Assets,2.208,1971
Australia,AUS,Assets,2.208,1972
Australia,AUS,Assets,2.208,1973
Australia,AUS,Assets,2.208,1974
Australia,AUS,Assets,2.208,1975
Australia,AUS,Assets,2.208,1976
Australia,AUS,Assets,2.208,1977
Australia,AUS,Assets,2.208,1978
Australia,AUS,Assets,2.208,1979
Australia,AUS,Assets,2.208,1980
Australia,AUS,Assets,2.208,1981
Australia,AUS,Assets,2.208,1982
Australia,AUS,Assets,2.208,1983
Australia,AUS,Assets,2.208,1984
Australia,AUS,Assets,2.208,1985
Australia,AUS,Assets,2.208,1986
Australia,AUS,Assets,2.208,1987
Australia,AUS,Assets,2.208,1988
Australia,AUS,Assets,2.208,1989
Australia,AUS,Assets,2.208,1990
Australia,AUS,Assets,2.208,1991
Australia,AUS,Assets,2.208,1992
Australia,AUS,Assets,2.208,1993
Australia,AUS,Assets,2.208,1994
Australia,AUS,Assets,2.208,1995
Australia,AUS,Assets,2.208,1996
Australia,AUS,Assets,2.208,1997
Australia,AUS,Assets,2.208,1998
Australia,AUS,Assets,2.208,1999
Australia,AUS,Assets,2.208,2000
Australia,AUS,Assets,2.208,2001
Australia,AUS,Assets,2.208,2002
Australia,AUS,Assets,2.208,2003
Australia,AUS,Assets,2.208,2004
Australia,AUS,Assets,2.208,2005
Australia,AUS,Assets,2.208,2006
Australia,AUS,Assets,2.208,2007
Australia,AUS,Assets,2.208,2008
Australia,AUS,Assets,2.208,2009
Australia,AUS,Assets,2.208,2010
Australia,AUS,Assets,10.726,2011
Australia,AUS,Assets,2.208,2012
Australia,AUS,Assets,2.208,2013
Australia,AUS,Assets,24.921,2014
Australia,AUS,Assets,2.208,2015
Australia,AUS,Assets,2.208,2016
Australia,AUS,Assets,26.814,2017
Australia,AUS,Assets,2.208,2018
Australia,AUS,Assets,2.208,2019
Australia,AUS,Assets,2.208,2020
Australia,AUS,Assets,51.104,2021
Australia,AUS,Assets,2.208,2022
Australia,AUS,Assets,2.208,2023
Australia,AUS,Children 0-14,19.231,1960
Australia,AUS,Children 0-14,19.231,1961
Australia,AUS,Children 0-14,19.231,1962
Australia,AUS,Children 0-14,19.231,1963
Australia,AUS,Children 0-14,19.231,1964
Australia,AUS,Children 0-14,19.231,1965
Australia,AUS,Children 0-14,19.231,1966
Australia,AUS,Children 0-14,19.231,1967
Australia,AUS,Children 0-14,19.231,1968
Australia,AUS,Children 0-14,19.231,1969
Australia,AUS,Children 0-14,19.231,1970
Australia,AUS,Children 0-14,35.385,1971
Australia,AUS,Children 0-14,23.077,1972
Australia,AUS,Children 0-14,30.769,1973
Australia,AUS,Children 0-14,33.077,1974
Australia,AUS,Children 0-14,33.077,1975
Australia,AUS,Children 0-14,33.077,1976
Australia,AUS,Children 0-14,28.462,1977
Australia,AUS,Children 0-14,28.462,1978
Australia,AUS,Children 0-14,30.000,1979
Australia,AUS,Children 0-14,30.769,1980
Australia,AUS,Children 0-14,30.769,1981
Australia,AUS,Children 0-14,33.846,1982
Australia,AUS,Children 0-14,34.615,1983
Australia,AUS,Children 0-14,34.615,1984
Australia,AUS,Children 0-14,34.615,1985
Australia,AUS,Children 0-14,34.615,1986
Australia,AUS,Children 0-14,34.615,1987
Australia,AUS,Children 0-14,34.615,1988
Australia,AUS,Children 0-14,34.615,1989
Australia,AUS,Children 0-14,34.615,1990
Australia,AUS,Children 0-14,34.615,1991
Australia,AUS,Children 0-14,34.615,1992
Australia,AUS,Children 0-14,34.615,1993
Australia,AUS,Children 0-14,34.615,1994
Australia,AUS,Children 0-14,36.154,1995
Australia,AUS,Children 0-14,33.077,1996
Australia,AUS,Children 0-14,33.077,1997
Australia,AUS,Children 0-14,32.308,1998
Australia,AUS,Children 0-14,32.308,1999
Australia,AUS,Children 0-14,46.154,2000
Australia,AUS,Children 0-14,31.538,2001
Australia,AUS,Children 0-14,30.000,2002
Australia,AUS,Children 0-14,34.615,2003
Australia,AUS,Children 0-14,36.923,2004
Australia,AUS,Children 0-14,33.846,2005
Australia,AUS,Children 0-14,33.846,2006
Australia,AUS,Children 0-14,39.231,2007
Australia,AUS,Children 0-14,32.308,2008
Australia,AUS,Children 0-14,32.308,2009
Australia,AUS,Children 0-14,50.769,2010
Australia,AUS,Children 0-14,41.538,2011
Australia,AUS,Children 0-14,38.462,2012
Australia,AUS,Children 0-14,33.077,2013
Australia,AUS,Children 0-14,35.385,2014
Australia,AUS,Children 0-14,51.538,2015
Australia,AUS,Children 0-14,43.846,2016
Australia,AUS,Children 0-14,45.385,2017
Australia,AUS,Children 0-14,36.923,2018
Australia,AUS,Children 0-14,49.231,2019
Australia,AUS,Children 0-14,36.154,2020
Australia,AUS,Children 0-14,33.077,2021
Australia,AUS,Children 0-14,31.538,2022
Australia,AUS,Children 0-14,13.846,2023
Australia,AUS,Education,0.000,1960
Australia,AUS,Education,0.000,1961
Australia,AUS,Education,0.000,1962
Australia,AUS,Education,0.000,1963
Australia,AUS,Education,0.000,1964
Australia,AUS,Education,0.000,1965
Australia,AUS,Education,0.000,1966
Australia,AUS,Education,0.000,1967
Australia,AUS,Education,0.000,1968
Australia,AUS,Education,0.000,1969
Australia,AUS,Education,3.067,1970
Australia,AUS,Education,20.245,1971
Australia,AUS,Education,6.135,1972
Australia,AUS,Education,12.883,1973
Australia,AUS,Education,14.724,1974
Australia,AUS,Education,14.724,1975
Australia,AUS,Education,14.724,1976
Australia,AUS,Education,11.043,1977
Australia,AUS,Education,11.656,1978
Australia,AUS,Education,12.883,1979
Australia,AUS,Education,12.270,1980
Australia,AUS,Education,12.270,1981
Australia,AUS,Education,14.110,1982
Australia,AUS,Education,14.110,1983
Australia,AUS,Education,14.724,1984
Australia,AUS,Education,15.337,1985
Australia,AUS,Education,15.337,1986
Australia,AUS,Education,15.337,1987
Australia,AUS,Education,15.951,1988
Australia,AUS,Education,15.951,1989
Australia,AUS,Education,15.337,1990
Australia,AUS,Education,15.951,1991
Australia,AUS,Education,15.951,1992
Australia,AUS,Education,26.380,1993
Australia,AUS,Education,25.767,1994
Australia,AUS,Education,25.767,1995
Australia,AUS,Education,24.540,1996
Australia,AUS,Education,21.472,1997
Australia,AUS,Education,9.202,1998
Australia,AUS,Education,18.405,1999
Australia,AUS,Education,19.632,2000
Australia,AUS,Education,14.110,2001
Australia,AUS,Education,17.791,2002
Australia,AUS,Education,21.472,2003
Australia,AUS,Education,19.018,2004
Australia,AUS,Education,26.994,2005
Australia,AUS,Education,26.994,2006
Australia,AUS,Education,25.767,2007
Australia,AUS,Education,25.767,2008
Australia,AUS,Education,27.607,2009
Australia,AUS,Education,35.583,2010
Australia,AUS,Education,34.969,2011
Australia,AUS,Education,22.699,2012
Australia,AUS,Education,31.902,2013
Australia,AUS,Education,37.423,2014
Australia,AUS,Education,57.055,2015
Australia,AUS,Education,52.147,2016
Australia,AUS,Education,69.325,2017
Australia,AUS,Education,47.853,2018
Australia,AUS,Education,33.742,2019
Australia,AUS,Education,44.785,2020
Australia,AUS,Education,31.902,2021
Australia,AUS,Education,30.061,2022
Australia,AUS,Education,16.564,2023
Australia,AUS,Employment and Time Use,0.000,1960
Australia,AUS,Employment and Time Use,5.109,1961
Australia,AUS,Employment and Time Use,0.000,1962
Australia,AUS,Employment and Time Use,0.000,1963
Australia,AUS,Employment and Time Use,0.000,1964
Australia,AUS,Employment and Time Use,0.000,1965
Australia,AUS,Employment and Time Use,5.109,1966
Australia,AUS,Employment and Time Use,0.000,1967
Australia,AUS,Employment and Time Use,0.000,1968
Australia,AUS,Employment and Time Use,0.000,1969
Australia,AUS,Employment and Time Use,21.168,1970
Australia,AUS,Employment and Time Use,26.277,1971
Australia,AUS,Employment and Time Use,21.168,1972
Australia,AUS,Employment and Time Use,21.168,1973
Australia,AUS,Employment and Time Use,21.168,1974
Australia,AUS,Employment and Time Use,21.168,1975
Australia,AUS,Employment and Time Use,26.277,1976
Australia,AUS,Employment and Time Use,21.168,1977
Australia,AUS,Employment and Time Use,21.168,1978
Australia,AUS,Employment and Time Use,35.766,1979
Australia,AUS,Employment and Time Use,35.766,1980
Australia,AUS,Employment and Time Use,35.766,1981
Australia,AUS,Employment and Time Use,35.766,1982
Australia,AUS,Employment and Time Use,35.766,1983
Australia,AUS,Employment and Time Use,35.766,1984
Australia,AUS,Employment and Time Use,35.766,1985
Australia,AUS,Employment and Time Use,35.766,1986
Australia,AUS,Employment and Time Use,35.766,1987
Australia,AUS,Employment and Time Use,35.766,1988
Australia,AUS,Employment and Time Use,35.766,1989
Australia,AUS,Employment and Time Use,45.985,1990
Australia,AUS,Employment and Time Use,72.993,1991
Australia,AUS,Employment and Time Use,72.993,1992
Australia,AUS,Employment and Time Use,72.993,1993
Australia,AUS,Employment and Time Use,72.993,1994
Australia,AUS,Employment and Time Use,79.562,1995
Australia,AUS,Employment and Time Use,72.993,1996
Australia,AUS,Employment and Time Use,79.562,1997
Australia,AUS,Employment and Time Use,79.562,1998
Australia,AUS,Employment and Time Use,72.993,1999
Australia,AUS,Employment and Time Use,79.562,2000
Australia,AUS,Employment and Time Use,88.321,2001
Australia,AUS,Employment and Time Use,88.321,2002
Australia,AUS,Employment and Time Use,88.321,2003
Australia,AUS,Employment and Time Use,88.321,2004
Australia,AUS,Employment and Time Use,88.321,2005
Australia,AUS,Employment and Time Use,89.781,2006
Australia,AUS,Employment and Time Use,88.321,2007
Australia,AUS,Employment and Time Use,88.321,2008
Australia,AUS,Employment and Time Use,90.511,2009
Australia,AUS,Employment and Time Use,90.511,2010
Australia,AUS,Employment and Time Use,90.511,2011
Australia,AUS,Employment and Time Use,90.511,2012
Australia,AUS,Employment and Time Use,90.511,2013
Australia,AUS,Employment and Time Use,90.511,2014
Australia,AUS,Employment and Time Use,90.511,2015
Australia,AUS,Employment and Time Use,90.511,2016
Australia,AUS,Employment and Time Use,90.511,2017
Australia,AUS,Employment and Time Use,90.511,2018
Australia,AUS,Employment and Time Use,90.511,2019
Australia,AUS,Employment and Time Use,90.511,2020
Australia,AUS,Employment and Time Use,89.781,2021
Australia,AUS,Employment and Time Use,88.321,2022
Australia,AUS,Employment and Time Use,89.781,2023
Australia,AUS,Entrepreneurship,0.000,1960
Australia,AUS,Entrepreneurship,0.000,1961
Australia,AUS,Entrepreneurship,0.000,1962
Australia,AUS,Entrepreneurship,0.000,1963
Australia,AUS,Entrepreneurship,0.000,1964
Australia,AUS,Entrepreneurship,0.000,1965
Australia,AUS,Entrepreneurship,0.000,1966
Australia,AUS,Entrepreneurship,0.000,1967
Australia,AUS,Entrepreneurship,0.000,1968
Australia,AUS,Entrepreneurship,0.000,1969
Australia,AUS,Entrepreneurship,9.375,1970
Australia,AUS,Entrepreneurship,9.375,1971
Australia,AUS,Entrepreneurship,9.375,1972
Australia,AUS,Entrepreneurship,9.375,1973
Australia,AUS,Entrepreneurship,9.375,1974
Australia,AUS,Entrepreneurship,9.375,1975
Australia,AUS,Entrepreneurship,9.375,1976
Australia,AUS,Entrepreneurship,9.375,1977
Australia,AUS,Entrepreneurship,9.375,1978
Australia,AUS,Entrepreneurship,9.375,1979
Australia,AUS,Entrepreneurship,9.375,1980
Australia,AUS,Entrepreneurship,9.375,1981
Australia,AUS,Entrepreneurship,9.375,1982
Australia,AUS,Entrepreneurship,9.375,1983
Australia,AUS,Entrepreneurship,9.375,1984
Australia,AUS,Entrepreneurship,9.375,1985
Australia,AUS,Entrepreneurship,9.375,1986
Australia,AUS,Entrepreneurship,9.375,1987
Australia,AUS,Entrepreneurship,9.375,1988
Australia,AUS,Entrepreneurship,9.375,1989
Australia,AUS,Entrepreneurship,9.375,1990
Australia,AUS,Entrepreneurship,9.375,1991
Australia,AUS,Entrepreneurship,9.375,1992
Australia,AUS,Entrepreneurship,9.375,1993
Australia,AUS,Entrepreneurship,9.375,1994
Australia,AUS,Entrepreneurship,9.375,1995
Australia,AUS,Entrepreneurship,9.375,1996
Australia,AUS,Entrepreneurship,9.375,1997
Australia,AUS,Entrepreneurship,9.375,1998
Australia,AUS,Entrepreneurship,9.375,1999
Australia,AUS,Entrepreneurship,9.375,2000
Australia,AUS,Entrepreneurship,9.375,2001
Australia,AUS,Entrepreneurship,9.375,2002
Australia,AUS,Entrepreneurship,37.500,2003
Australia,AUS,Entrepreneurship,37.500,2004
Australia,AUS,Entrepreneurship,37.500,2005
Australia,AUS,Entrepreneurship,37.500,2006
Australia,AUS,Entrepreneurship,37.500,2007
Australia,AUS,Entrepreneurship,37.500,2008
Australia,AUS,Entrepreneurship,37.500,2009
Australia,AUS,Entrepreneurship,37.500,2010
Australia,AUS,Entrepreneurship,37.500,2011
Australia,AUS,Entrepreneurship,37.500,2012
Australia,AUS,Entrepreneurship,37.500,2013
Australia,AUS,Entrepreneurship,56.250,2014
Australia,AUS,Entrepreneurship,37.500,2015
Australia,AUS,Entrepreneurship,37.500,2016
Australia,AUS,Entrepreneurship,56.250,2017
Australia,AUS,Entrepreneurship,37.500,2018
Australia,AUS,Entrepreneurship,37.500,2019
Australia,AUS,Entrepreneurship,9.375,2020
Australia,AUS,Entrepreneurship,9.375,2021
Australia,AUS,Entrepreneurship,9.375,2022
Australia,AUS,Entrepreneurship,9.375,2023
Australia,AUS,Environment,0.000,1960
Australia,AUS,Environment,0.000,1961
Australia,AUS,Environment,0.000,1962
Australia,AUS,Environment,0.000,1963
Australia,AUS,Environment,0.000,1964
Australia,AUS,Environment,0.000,1965
Australia,AUS,Environment,0.000,1966
Australia,AUS,Environment,0.000,1967
Australia,AUS,Environment,0.000,1968
Australia,AUS,Environment,0.000,1969
Australia,AUS,Environment,0.000,1970
Australia,AUS,Environment,0.000,1971
Australia,AUS,Environment,0.000,1972
Australia,AUS,Environment,0.000,1973
Australia,AUS,Environment,0.000,1974
Australia,AUS,Environment,0.000,1975
Australia,AUS,Environment,0.000,1976
Australia,AUS,Environment,0.000,1977
Australia,AUS,Environment,0.000,1978
Australia,AUS,Environment,0.000,1979
Australia,AUS,Environment,0.000,1980
Australia,AUS,Environment,0.000,1981
Australia,AUS,Environment,0.000,1982
Australia,AUS,Environment,0.000,1983
Australia,AUS,Environment,0.000,1984
Australia,AUS,Environment,0.000,1985
Australia,AUS,Environment,0.000,1986
Australia,AUS,Environment,0.000,1987
Australia,AUS,Environment,0.000,1988
Australia,AUS,Environment,0.000,1989
Australia,AUS,Environment,0.000,1990
Australia,AUS,Environment,0.000,1991
Australia,AUS,Environment,0.000,1992
Australia,AUS,Environment,0.000,1993
Australia,AUS,Environment,0.000,1994
Australia,AUS,Environment,0.000,1995
Australia,AUS,Environment,0.000,1996
Australia,AUS,Environment,0.000,1997
Australia,AUS,Environment,0.000,1998
Australia,AUS,Environment,3.333,1999
Australia,AUS,Environment,6.667,2000
Australia,AUS,Environment,6.667,2001
Australia,AUS,Environment,6.667,2002
Australia,AUS,Environment,6.667,2003
Australia,AUS,Environment,3.333,2004
Australia,AUS,Environment,6.667,2005
Australia,AUS,Environment,6.667,2006
Australia,AUS,Environment,6.667,2007
Australia,AUS,Environment,6.667,2008
Australia,AUS,Environment,6.667,2009
Australia,AUS,Environment,6.667,2010
Australia,AUS,Environment,6.667,2011
Australia,AUS,Environment,3.333,2012
Australia,AUS,Environment,6.667,2013
Australia,AUS,Environment,6.667,2014
Australia,AUS,Environment,6.667,2015
Australia,AUS,Environment,3.333,2016
Australia,AUS,Environment,6.667,2017
Australia,AUS,Environment,3.333,2018
Australia,AUS,Environment,23.333,2019
Australia,AUS,Environment,3.333,2020
Australia,AUS,Environment,3.333,2021
Australia,AUS,Environment,3.333,2022
Australia,AUS,Environment,0.000,2023
Australia,AUS,Health,8.586,1960
Australia,AUS,Health,8.586,1961
Australia,AUS,Health,8.586,1962
Australia,AUS,Health,8.586,1963
Australia,AUS,Health,8.586,1964
Australia,AUS,Health,8.586,1965
Australia,AUS,Health,8.586,1966
Australia,AUS,Health,8.586,1967
Australia,AUS,Health,8.586,1968
Australia,AUS,Health,8.586,1969
Australia,AUS,Health,8.586,1970
Australia,AUS,Health,8.586,1971
Australia,AUS,Health,8.586,1972
Australia,AUS,Health,8.586,1973
Australia,AUS,Health,8.586,1974
Australia,AUS,Health,11.111,1975
Australia,AUS,Health,11.111,1976
Australia,AUS,Health,11.111,1977
Australia,AUS,Health,11.111,1978
Australia,AUS,Health,11.111,1979
Australia,AUS,Health,11.616,1980
Australia,AUS,Health,11.616,1981
Australia,AUS,Health,11.616,1982
Australia,AUS,Health,12.121,1983
Australia,AUS,Health,12.121,1984
Australia,AUS,Health,12.121,1985
Australia,AUS,Health,13.131,1986
Australia,AUS,Health,12.121,1987
Australia,AUS,Health,12.121,1988
Australia,AUS,Health,12.121,1989
Australia,AUS,Health,16.667,1990
Australia,AUS,Health,17.677,1991
Australia,AUS,Health,17.172,1992
Australia,AUS,Health,17.172,1993
Australia,AUS,Health,17.172,1994
Australia,AUS,Health,19.192,1995
Australia,AUS,Health,17.172,1996
Australia,AUS,Health,17.677,1997
Australia,AUS,Health,17.172,1998
Australia,AUS,Health,17.172,1999
Australia,AUS,Health,55.556,2000
Australia,AUS,Health,30.808,2001
Australia,AUS,Health,30.808,2002
Australia,AUS,Health,31.313,2003
Australia,AUS,Health,30.808,2004
Australia,AUS,Health,32.323,2005
Australia,AUS,Health,32.323,2006
Australia,AUS,Health,35.354,2007
Australia,AUS,Health,31.818,2008
Australia,AUS,Health,31.818,2009
Australia,AUS,Health,58.081,2010
Australia,AUS,Health,31.313,2011
Australia,AUS,Health,32.323,2012
Australia,AUS,Health,31.313,2013
Australia,AUS,Health,32.828,2014
Australia,AUS,Health,55.556,2015
Australia,AUS,Health,31.818,2016
Australia,AUS,Health,33.838,2017
Australia,AUS,Health,32.828,2018
Australia,AUS,Health,55.556,2019
Australia,AUS,Health,25.253,2020
Australia,AUS,Health,17.172,2021
Australia,AUS,Health,9.596,2022
Australia,AUS,Health,1.010,2023
Australia,AUS,Leadership,0.000,1960
Australia,AUS,Leadership,0.000,1961
Australia,AUS,Leadership,0.000,1962
Australia,AUS,Leadership,0.000,1963
Australia,AUS,Leadership,0.000,1964
Australia,AUS,Leadership,0.000,1965
Australia,AUS,Leadership,0.000,1966
Australia,AUS,Leadership,0.000,1967
Australia,AUS,Leadership,0.000,1968
Australia,AUS,Leadership,0.000,1969
Australia,AUS,Leadership,0.000,1970
Australia,AUS,Leadership,0.000,1971
Australia,AUS,Leadership,0.000,1972
Australia,AUS,Leadership,0.000,1973
Australia,AUS,Leadership,0.000,1974
Australia,AUS,Leadership,0.000,1975
Australia,AUS,Leadership,0.000,1976
Australia,AUS,Leadership,0.000,1977
Australia,AUS,Leadership,0.000,1978
Australia,AUS,Leadership,0.000,1979
Australia,AUS,Leadership,0.000,1980
Australia,AUS,Leadership,0.000,1981
Australia,AUS,Leadership,0.000,1982
Australia,AUS,Leadership,0.000,1983
Australia,AUS,Leadership,0.000,1984
Australia,AUS,Leadership,0.000,1985
Australia,AUS,Leadership,0.000,1986
Australia,AUS,Leadership,0.000,1987
Australia,AUS,Leadership,0.000,1988
Australia,AUS,Leadership,0.000,1989
Australia,AUS,Leadership,0.000,1990
Australia,AUS,Leadership,0.000,1991
Australia,AUS,Leadership,0.000,1992
Australia,AUS,Leadership,0.000,1993
Australia,AUS,Leadership,0.000,1994
Australia,AUS,Leadership,0.000,1995
Australia,AUS,Leadership,0.000,1996
Australia,AUS,Leadership,25.000,1997
Australia,AUS,Leadership,25.000,1998
Australia,AUS,Leadership,25.000,1999
Australia,AUS,Leadership,25.000,2000
Australia,AUS,Leadership,25.000,2001
Australia,AUS,Leadership,50.000,2002
Australia,AUS,Leadership,50.000,2003
Australia,AUS,Leadership,50.000,2004
Australia,AUS,Leadership,75.000,2005
Australia,AUS,Leadership,50.000,2006
Australia,AUS,Leadership,50.000,2007
Australia,AUS,Leadership,75.000,2008
Australia,AUS,Leadership,50.000,2009
Australia,AUS,Leadership,75.000,2010
Australia,AUS,Leadership,50.000,2011
Australia,AUS,Leadership,75.000,2012
Australia,AUS,Leadership,50.000,2013
Australia,AUS,Leadership,75.000,2014
Australia,AUS,Leadership,75.000,2015
Australia,AUS,Leadership,75.000,2016
Australia,AUS,Leadership,50.000,2017
Australia,AUS,Leadership,75.000,2018
Australia,AUS,Leadership,75.000,2019
Australia,AUS,Leadership,75.000,2020
Australia,AUS,Leadership,50.000,2021
Australia,AUS,Leadership,75.000,2022
Australia,AUS,Leadership,50.000,2023
Australia,AUS,Norms and Decision-making,0.000,1960
Australia,AUS,Norms and Decision-making,0.000,1961
Australia,AUS,Norms and Decision-making,0.000,1962
Australia,AUS,Norms and Decision-making,0.000,1963
Australia,AUS,Norms and Decision-making,0.000,1964
Australia,AUS,Norms and Decision-making,0.000,1965
Australia,AUS,Norms and Decision-making,0.000,1966
Australia,AUS,Norms and Decision-making,0.000,1967
Australia,AUS,Norms and Decision-making,0.000,1968
Australia,AUS,Norms and Decision-making,0.000,1969
Australia,AUS,Norms and Decision-making,12.593,1970
Australia,AUS,Norms and Decision-making,14.074,1971
Australia,AUS,Norms and Decision-making,12.593,1972
Australia,AUS,Norms and Decision-making,12.593,1973
Australia,AUS,Norms and Decision-making,12.593,1974
Australia,AUS,Norms and Decision-making,12.593,1975
Australia,AUS,Norms and Decision-making,14.074,1976
Australia,AUS,Norms and Decision-making,12.593,1977
Australia,AUS,Norms and Decision-making,12.593,1978
Australia,AUS,Norms and Decision-making,12.593,1979
Australia,AUS,Norms and Decision-making,12.593,1980
Australia,AUS,Norms and Decision-making,14.074,1981
Australia,AUS,Norms and Decision-making,12.593,1982
Australia,AUS,Norms and Decision-making,12.593,1983
Australia,AUS,Norms and Decision-making,12.593,1984
Australia,AUS,Norms and Decision-making,12.593,1985
Australia,AUS,Norms and Decision-making,14.074,1986
Australia,AUS,Norms and Decision-making,12.593,1987
Australia,AUS,Norms and Decision-making,14.074,1988
Australia,AUS,Norms and Decision-making,14.074,1989
Australia,AUS,Norms and Decision-making,14.074,1990
Australia,AUS,Norms and Decision-making,12.593,1991
Australia,AUS,Norms and Decision-making,14.074,1992
Australia,AUS,Norms and Decision-making,14.074,1993
Australia,AUS,Norms and Decision-making,14.074,1994
Australia,AUS,Norms and Decision-making,12.593,1995
Australia,AUS,Norms and Decision-making,14.074,1996
Australia,AUS,Norms and Decision-making,14.074,1997
Australia,AUS,Norms and Decision-making,12.593,1998
Australia,AUS,Norms and Decision-making,14.074,1999
Australia,AUS,Norms and Decision-making,12.593,2000
Australia,AUS,Norms and Decision-making,14.074,2001
Australia,AUS,Norms and Decision-making,12.593,2002
Australia,AUS,Norms and Decision-making,12.593,2003
Australia,AUS,Norms and Decision-making,12.593,2004
Australia,AUS,Norms and Decision-making,12.593,2005
Australia,AUS,Norms and Decision-making,14.074,2006
Australia,AUS,Norms and Decision-making,12.593,2007
Australia,AUS,Norms and Decision-making,12.593,2008
Australia,AUS,Norms and Decision-making,12.593,2009
Australia,AUS,Norms and Decision-making,12.593,2010
Australia,AUS,Norms and Decision-making,14.074,2011
Australia,AUS,Norms and Decision-making,12.593,2012
Australia,AUS,Norms and Decision-making,12.593,2013
Australia,AUS,Norms and Decision-making,12.593,2014
Australia,AUS,Norms and Decision-making,12.593,2015
Australia,AUS,Norms and Decision-making,14.074,2016
Australia,AUS,Norms and Decision-making,12.593,2017
Australia,AUS,Norms and Decision-making,12.593,2018
Australia,AUS,Norms and Decision-making,12.593,2019
Australia,AUS,Norms and Decision-making,12.593,2020
Australia,AUS,Norms and Decision-making,12.593,2021
Australia,AUS,Norms and Decision-making,12.593,2022
Australia,AUS,Norms and Decision-making,12.593,2023
Australia,AUS,Population,86.905,1960
Australia,AUS,Population,86.905,1961
Australia,AUS,Population,86.905,1962
Australia,AUS,Population,86.905,1963
Australia,AUS,Population,86.905,1964
Australia,AUS,Population,86.905,1965
Australia,AUS,Population,86.905,1966
Australia,AUS,Population,86.905,1967
Australia,AUS,Population,86.905,1968
Australia,AUS,Population,86.905,1969
Australia,AUS,Population,86.905,1970
Australia,AUS,Population,89.286,1971
Australia,AUS,Population,86.905,1972
Australia,AUS,Population,86.905,1973
Australia,AUS,Population,86.905,1974
Australia,AUS,Population,86.905,1975
Australia,AUS,Population,89.286,1976
Australia,AUS,Population,86.905,1977
Australia,AUS,Population,86.905,1978
Australia,AUS,Population,86.905,1979
Australia,AUS,Population,91.667,1980
Australia,AUS,Population,89.286,1981
Australia,AUS,Population,86.905,1982
Australia,AUS,Population,86.905,1983
Australia,AUS,Population,86.905,1984
Australia,AUS,Population,91.667,1985
Australia,AUS,Population,89.286,1986
Australia,AUS,Population,86.905,1987
Australia,AUS,Population,89.286,1988
Australia,AUS,Population,89.286,1989
Australia,AUS,Population,95.238,1990
Australia,AUS,Population,86.905,1991
Australia,AUS,Population,89.286,1992
Australia,AUS,Population,89.286,1993
Australia,AUS,Population,89.286,1994
Australia,AUS,Population,92.857,1995
Australia,AUS,Population,89.286,1996
Australia,AUS,Population,89.286,1997
Australia,AUS,Population,86.905,1998
Australia,AUS,Population,89.286,1999
Australia,AUS,Population,92.857,2000
Australia,AUS,Population,89.286,2001
Australia,AUS,Population,86.905,2002
Australia,AUS,Population,86.905,2003
Australia,AUS,Population,86.905,2004
Australia,AUS,Population,92.857,2005
Australia,AUS,Population,89.286,2006
Australia,AUS,Population,86.905,2007
Australia,AUS,Population,86.905,2008
Australia,AUS,Population,86.905,2009
Australia,AUS,Population,92.857,2010
Australia,AUS,Population,89.286,2011
Australia,AUS,Population,88.095,2012
Australia,AUS,Population,88.095,2013
Australia,AUS,Population,86.905,2014
Australia,AUS,Population,92.857,2015
Australia,AUS,Population,89.286,2016
Australia,AUS,Population,88.095,2017
Australia,AUS,Population,86.905,2018
Australia,AUS,Population,89.286,2019
Australia,AUS,Population,88.095,2020
Australia,AUS,Population,86.905,2021
Australia,AUS,Population,88.095,2022
Australia,AUS,Population,77.381,2023
Australia,AUS,SDGs,2.685,1960
Australia,AUS,SDGs,2.685,1961
Australia,AUS,SDGs,2.685,1962
Australia,AUS,SDGs,2.685,1963
Australia,AUS,SDGs,2.685,1964
Australia,AUS,SDGs,2.685,1965
Australia,AUS,SDGs,2.685,1966
Australia,AUS,SDGs,2.685,1967
Australia,AUS,SDGs,2.685,1968
Australia,AUS,SDGs,2.685,1969
Australia,AUS,SDGs,11.409,1970
Australia,AUS,SDGs,11.409,1971
Australia,AUS,SDGs,11.409,1972
Australia,AUS,SDGs,11.409,1973
Australia,AUS,SDGs,11.409,1974
Australia,AUS,SDGs,11.409,1975
Australia,AUS,SDGs,11.409,1976
Australia,AUS,SDGs,11.409,1977
Australia,AUS,SDGs,11.409,1978
Australia,AUS,SDGs,15.436,1979
Australia,AUS,SDGs,16.107,1980
Australia,AUS,SDGs,16.107,1981
Australia,AUS,SDGs,16.107,1982
Australia,AUS,SDGs,16.107,1983
Australia,AUS,SDGs,16.107,1984
Australia,AUS,SDGs,16.107,1985
Australia,AUS,SDGs,16.107,1986
Australia,AUS,SDGs,16.107,1987
Australia,AUS,SDGs,16.107,1988
Australia,AUS,SDGs,16.107,1989
Australia,AUS,SDGs,20.134,1990
Australia,AUS,SDGs,24.832,1991
Australia,AUS,SDGs,24.832,1992
Australia,AUS,SDGs,24.832,1993
Australia,AUS,SDGs,24.832,1994
Australia,AUS,SDGs,24.832,1995
Australia,AUS,SDGs,24.832,1996
Australia,AUS,SDGs,26.174,1997
Australia,AUS,SDGs,25.503,1998
Australia,AUS,SDGs,25.503,1999
Australia,AUS,SDGs,69.799,2000
Australia,AUS,SDGs,36.242,2001
Australia,AUS,SDGs,36.913,2002
Australia,AUS,SDGs,37.584,2003
Australia,AUS,SDGs,36.913,2004
Australia,AUS,SDGs,38.926,2005
Australia,AUS,SDGs,38.926,2006
Australia,AUS,SDGs,36.913,2007
Australia,AUS,SDGs,36.913,2008
Australia,AUS,SDGs,36.913,2009
Australia,AUS,SDGs,69.128,2010
Australia,AUS,SDGs,41.611,2011
Australia,AUS,SDGs,37.584,2012
Australia,AUS,SDGs,37.584,2013
Australia,AUS,SDGs,38.926,2014
Australia,AUS,SDGs,69.799,2015
Australia,AUS,SDGs,38.926,2016
Australia,AUS,SDGs,38.926,2017
Australia,AUS,SDGs,40.268,2018
Australia,AUS,SDGs,73.154,2019
Australia,AUS,SDGs,30.872,2020
Australia,AUS,SDGs,28.859,2021
Australia,AUS,SDGs,21.477,2022
Australia,AUS,SDGs,18.121,2023
Australia,AUS,Technology,0.000,1960
Australia,AUS,Technology,0.000,1961
Australia,AUS,Technology,0.000,1962
Australia,AUS,Technology,0.000,1963
Australia,AUS,Technology,0.000,1964
Australia,AUS,Technology,0.000,1965
Australia,AUS,Technology,0.000,1966
Australia,AUS,Technology,0.000,1967
Australia,AUS,Technology,0.000,1968
Australia,AUS,Technology,0.000,1969
Australia,AUS,Technology,0.000,1970
Australia,AUS,Technology,0.000,1971
Australia,AUS,Technology,0.000,1972
Australia,AUS,Technology,0.000,1973
Australia,AUS,Technology,0.000,1974
Australia,AUS,Technology,0.000,1975
Australia,AUS,Technology,0.000,1976
Australia,AUS,Technology,0.000,1977
Australia,AUS,Technology,0.000,1978
Australia,AUS,Technology,0.000,1979
Australia,AUS,Technology,0.000,1980
Australia,AUS,Technology,0.000,1981
Australia,AUS,Technology,0.000,1982
Australia,AUS,Technology,0.000,1983
Australia,AUS,Technology,0.000,1984
Australia,AUS,Technology,0.000,1985
Australia,AUS,Technology,0.000,1986
Australia,AUS,Technology,0.000,1987
Australia,AUS,Technology,0.000,1988
Australia,AUS,Technology,0.000,1989
Australia,AUS,Technology,2.222,1990
Australia,AUS,Technology,2.222,1991
Australia,AUS,Technology,2.222,1992
Australia,AUS,Technology,2.222,1993
Australia,AUS,Technology,2.222,1994
Australia,AUS,Technology,2.222,1995
Australia,AUS,Technology,2.222,1996
Australia,AUS,Technology,2.222,1997
Australia,AUS,Technology,2.222,1998
Australia,AUS,Technology,8.889,1999
Australia,AUS,Technology,8.889,2000
Australia,AUS,Technology,4.444,2001
Australia,AUS,Technology,6.667,2002
Australia,AUS,Technology,6.667,2003
Australia,AUS,Technology,0.000,2004
Australia,AUS,Technology,8.889,2005
Australia,AUS,Technology,8.889,2006
Australia,AUS,Technology,13.333,2007
Australia,AUS,Technology,13.333,2008
Australia,AUS,Technology,13.333,2009
Australia,AUS,Technology,4.444,2010
Australia,AUS,Technology,20.000,2011
Australia,AUS,Technology,2.222,2012
Australia,AUS,Technology,13.333,2013
Australia,AUS,Technology,35.556,2014
Australia,AUS,Technology,13.333,2015
Australia,AUS,Technology,2.222,2016
Australia,AUS,Technology,60.000,2017
Australia,AUS,Technology,2.222,2018
Australia,AUS,Technology,2.222,2019
Australia,AUS,Technology,2.222,2020
Australia,AUS,Technology,68.889,2021
Australia,AUS,Technology,2.222,2022
Australia,AUS,Technology,0.000,2023
Australia,AUS,Violence,0.000,1960
Australia,AUS,Violence,0.000,1961
Australia,AUS,Violence,0.000,1962
Australia,AUS,Violence,0.000,1963
Australia,AUS,Violence,0.000,1964
Australia,AUS,Violence,0.000,1965
Australia,AUS,Violence,0.000,1966
Australia,AUS,Violence,0.000,1967
Australia,AUS,Violence,0.000,1968
Australia,AUS,Violence,0.000,1969
Australia,AUS,Violence,2.143,1970
Australia,AUS,Violence,2.143,1971
Australia,AUS,Violence,2.143,1972
Australia,AUS,Violence,2.143,1973
Australia,AUS,Violence,2.143,1974
Australia,AUS,Violence,2.143,1975
Australia,AUS,Violence,2.143,1976
Australia,AUS,Violence,2.143,1977
Australia,AUS,Violence,2.143,1978
Australia,AUS,Violence,2.143,1979
Australia,AUS,Violence,2.143,1980
Australia,AUS,Violence,2.143,1981
Australia,AUS,Violence,2.143,1982
Australia,AUS,Violence,2.143,1983
Australia,AUS,Violence,2.143,1984
Australia,AUS,Violence,2.143,1985
Australia,AUS,Violence,2.143,1986
Australia,AUS,Violence,2.143,1987
Australia,AUS,Violence,2.143,1988
Australia,AUS,Violence,2.143,1989
Australia,AUS,Violence,4.286,1990
Australia,AUS,Violence,4.286,1991
Australia,AUS,Violence,4.286,1992
Australia,AUS,Violence,4.286,1993
Australia,AUS,Violence,4.286,1994
Australia,AUS,Violence,4.286,1995
Australia,AUS,Violence,4.286,1996
Australia,AUS,Violence,4.286,1997
Australia,AUS,Violence,4.286,1998
Australia,AUS,Violence,4.286,1999
Australia,AUS,Violence,6.429,2000
Australia,AUS,Violence,6.429,2001
Australia,AUS,Violence,6.429,2002
Australia,AUS,Violence,6.429,2003
Australia,AUS,Violence,6.429,2004
Australia,AUS,Violence,6.429,2005
Australia,AUS,Violence,6.429,2006
Australia,AUS,Violence,6.429,2007
Australia,AUS,Violence,6.429,2008
Australia,AUS,Violence,6.429,2009
Australia,AUS,Violence,6.429,2010
Australia,AUS,Violence,6.429,2011
Australia,AUS,Violence,6.429,2012
Australia,AUS,Violence,6.429,2013
Australia,AUS,Violence,6.429,2014
Australia,AUS,Violence,6.429,2015
Australia,AUS,Violence,6.429,2016
Australia,AUS,Violence,6.429,2017
Australia,AUS,Violence,9.286,2018
Australia,AUS,Violence,6.429,2019
Australia,AUS,Violence,4.286,2020
Australia,AUS,Violence,4.286,2021
Australia,AUS,Violence,2.143,2022
Australia,AUS,Violence,2.143,2023
Australia,AUS,Youth 15-24,4.587,1960
Australia,AUS,Youth 15-24,7.339,1961
Australia,AUS,Youth 15-24,4.587,1962
Australia,AUS,Youth 15-24,4.587,1963
Australia,AUS,Youth 15-24,4.587,1964
Australia,AUS,Youth 15-24,4.587,1965
Australia,AUS,Youth 15-24,7.339,1966
Australia,AUS,Youth 15-24,4.587,1967
Australia,AUS,Youth 15-24,4.587,1968
Australia,AUS,Youth 15-24,4.587,1969
Australia,AUS,Youth 15-24,9.174,1970
Australia,AUS,Youth 15-24,16.514,1971
Australia,AUS,Youth 15-24,8.257,1972
Australia,AUS,Youth 15-24,8.257,1973
Australia,AUS,Youth 15-24,8.257,1974
Australia,AUS,Youth 15-24,8.257,1975
Australia,AUS,Youth 15-24,11.009,1976
Australia,AUS,Youth 15-24,8.257,1977
Australia,AUS,Youth 15-24,8.257,1978
Australia,AUS,Youth 15-24,17.431,1979
Australia,AUS,Youth 15-24,17.431,1980
Australia,AUS,Youth 15-24,17.431,1981
Australia,AUS,Youth 15-24,17.431,1982
Australia,AUS,Youth 15-24,17.431,1983
Australia,AUS,Youth 15-24,17.431,1984
Australia,AUS,Youth 15-24,17.431,1985
Australia,AUS,Youth 15-24,17.431,1986
Australia,AUS,Youth 15-24,17.431,1987
Australia,AUS,Youth 15-24,17.431,1988
Australia,AUS,Youth 15-24,17.431,1989
Australia,AUS,Youth 15-24,24.771,1990
Australia,AUS,Youth 15-24,31.193,1991
Australia,AUS,Youth 15-24,31.193,1992
Australia,AUS,Youth 15-24,45.872,1993
Australia,AUS,Youth 15-24,45.872,1994
Australia,AUS,Youth 15-24,45.872,1995
Australia,AUS,Youth 15-24,45.872,1996
Australia,AUS,Youth 15-24,41.284,1997
Australia,AUS,Youth 15-24,27.523,1998
Australia,AUS,Youth 15-24,41.284,1999
Australia,AUS,Youth 15-24,41.284,2000
Australia,AUS,Youth 15-24,34.862,2001
Australia,AUS,Youth 15-24,42.202,2002
Australia,AUS,Youth 15-24,42.202,2003
Australia,AUS,Youth 15-24,35.780,2004
Australia,AUS,Youth 15-24,50.459,2005
Australia,AUS,Youth 15-24,50.459,2006
Australia,AUS,Youth 15-24,50.459,2007
Australia,AUS,Youth 15-24,50.459,2008
Australia,AUS,Youth 15-24,53.211,2009
Australia,AUS,Youth 15-24,45.872,2010
Australia,AUS,Youth 15-24,53.211,2011
Australia,AUS,Youth 15-24,38.532,2012
Australia,AUS,Youth 15-24,55.963,2013
Australia,AUS,Youth 15-24,55.963,2014
Australia,AUS,Youth 15-24,81.651,2015
Australia,AUS,Youth 15-24,66.972,2016
Australia,AUS,Youth 15-24,81.651,2017
Australia,AUS,Youth 15-24,56.881,2018
Australia,AUS,Youth 15-24,53.211,2019
Australia,AUS,Youth 15-24,53.211,2020
Australia,AUS,Youth 15-24,51.376,2021
Australia,AUS,Youth 15-24,46.789,2022
Australia,AUS,Youth 15-24,35.780,2023
