Country Name,Country Code,Topic,% of available indicators,Year
Honduras,HND,Assets,0.000,1960
Honduras,HND,Assets,0.000,1961
Honduras,HND,Assets,0.000,1962
Honduras,HND,Assets,0.000,1963
Honduras,HND,Assets,0.000,1964
Honduras,HND,Assets,0.000,1965
Honduras,HND,Assets,0.000,1966
Honduras,HND,Assets,0.000,1967
Honduras,HND,Assets,0.000,1968
Honduras,HND,Assets,0.000,1969
Honduras,HND,Assets,2.208,1970
Honduras,HND,Assets,2.208,1971
Honduras,HND,Assets,2.208,1972
Honduras,HND,Assets,2.208,1973
Honduras,HND,Assets,2.208,1974
Honduras,HND,Assets,2.208,1975
Honduras,HND,Assets,2.208,1976
Honduras,HND,Assets,2.208,1977
Honduras,HND,Assets,2.208,1978
Honduras,HND,Assets,2.208,1979
Honduras,HND,Assets,2.208,1980
Honduras,HND,Assets,2.208,1981
Honduras,HND,Assets,2.208,1982
Honduras,HND,Assets,2.208,1983
Honduras,HND,Assets,2.208,1984
Honduras,HND,Assets,2.208,1985
Honduras,HND,Assets,2.208,1986
Honduras,HND,Assets,2.208,1987
Honduras,HND,Assets,2.208,1988
Honduras,HND,Assets,2.208,1989
Honduras,HND,Assets,2.208,1990
Honduras,HND,Assets,2.208,1991
Honduras,HND,Assets,2.208,1992
Honduras,HND,Assets,2.208,1993
Honduras,HND,Assets,2.208,1994
Honduras,HND,Assets,2.208,1995
Honduras,HND,Assets,2.208,1996
Honduras,HND,Assets,2.208,1997
Honduras,HND,Assets,2.208,1998
Honduras,HND,Assets,2.208,1999
Honduras,HND,Assets,2.208,2000
Honduras,HND,Assets,2.208,2001
Honduras,HND,Assets,2.208,2002
Honduras,HND,Assets,2.208,2003
Honduras,HND,Assets,2.208,2004
Honduras,HND,Assets,2.208,2005
Honduras,HND,Assets,2.208,2006
Honduras,HND,Assets,2.208,2007
Honduras,HND,Assets,2.208,2008
Honduras,HND,Assets,2.208,2009
Honduras,HND,Assets,2.208,2010
Honduras,HND,Assets,11.672,2011
Honduras,HND,Assets,28.707,2012
Honduras,HND,Assets,2.208,2013
Honduras,HND,Assets,31.546,2014
Honduras,HND,Assets,2.208,2015
Honduras,HND,Assets,2.208,2016
Honduras,HND,Assets,34.069,2017
Honduras,HND,Assets,2.208,2018
Honduras,HND,Assets,2.208,2019
Honduras,HND,Assets,2.208,2020
Honduras,HND,Assets,63.091,2021
Honduras,HND,Assets,2.208,2022
Honduras,HND,Assets,2.208,2023
Honduras,HND,Children 0-14,17.692,1960
Honduras,HND,Children 0-14,19.231,1961
Honduras,HND,Children 0-14,19.231,1962
Honduras,HND,Children 0-14,19.231,1963
Honduras,HND,Children 0-14,19.231,1964
Honduras,HND,Children 0-14,19.231,1965
Honduras,HND,Children 0-14,19.231,1966
Honduras,HND,Children 0-14,19.231,1967
Honduras,HND,Children 0-14,19.231,1968
Honduras,HND,Children 0-14,19.231,1969
Honduras,HND,Children 0-14,25.385,1970
Honduras,HND,Children 0-14,25.385,1971
Honduras,HND,Children 0-14,25.385,1972
Honduras,HND,Children 0-14,25.385,1973
Honduras,HND,Children 0-14,30.000,1974
Honduras,HND,Children 0-14,25.385,1975
Honduras,HND,Children 0-14,25.385,1976
Honduras,HND,Children 0-14,25.385,1977
Honduras,HND,Children 0-14,28.462,1978
Honduras,HND,Children 0-14,33.077,1979
Honduras,HND,Children 0-14,37.692,1980
Honduras,HND,Children 0-14,26.923,1981
Honduras,HND,Children 0-14,37.692,1982
Honduras,HND,Children 0-14,36.154,1983
Honduras,HND,Children 0-14,37.692,1984
Honduras,HND,Children 0-14,25.385,1985
Honduras,HND,Children 0-14,34.615,1986
Honduras,HND,Children 0-14,23.846,1987
Honduras,HND,Children 0-14,24.615,1988
Honduras,HND,Children 0-14,20.769,1989
Honduras,HND,Children 0-14,26.923,1990
Honduras,HND,Children 0-14,51.538,1991
Honduras,HND,Children 0-14,31.538,1992
Honduras,HND,Children 0-14,39.231,1993
Honduras,HND,Children 0-14,33.846,1994
Honduras,HND,Children 0-14,31.538,1995
Honduras,HND,Children 0-14,38.462,1996
Honduras,HND,Children 0-14,31.538,1997
Honduras,HND,Children 0-14,30.000,1998
Honduras,HND,Children 0-14,27.692,1999
Honduras,HND,Children 0-14,51.538,2000
Honduras,HND,Children 0-14,36.923,2001
Honduras,HND,Children 0-14,20.769,2002
Honduras,HND,Children 0-14,40.000,2003
Honduras,HND,Children 0-14,47.692,2004
Honduras,HND,Children 0-14,49.231,2005
Honduras,HND,Children 0-14,55.385,2006
Honduras,HND,Children 0-14,45.385,2007
Honduras,HND,Children 0-14,43.846,2008
Honduras,HND,Children 0-14,46.154,2009
Honduras,HND,Children 0-14,66.923,2010
Honduras,HND,Children 0-14,50.769,2011
Honduras,HND,Children 0-14,73.077,2012
Honduras,HND,Children 0-14,61.538,2013
Honduras,HND,Children 0-14,53.846,2014
Honduras,HND,Children 0-14,62.308,2015
Honduras,HND,Children 0-14,53.077,2016
Honduras,HND,Children 0-14,51.538,2017
Honduras,HND,Children 0-14,37.692,2018
Honduras,HND,Children 0-14,68.462,2019
Honduras,HND,Children 0-14,39.231,2020
Honduras,HND,Children 0-14,38.462,2021
Honduras,HND,Children 0-14,34.615,2022
Honduras,HND,Children 0-14,23.846,2023
Honduras,HND,Education,0.000,1960
Honduras,HND,Education,0.000,1961
Honduras,HND,Education,0.000,1962
Honduras,HND,Education,0.000,1963
Honduras,HND,Education,0.000,1964
Honduras,HND,Education,0.000,1965
Honduras,HND,Education,0.000,1966
Honduras,HND,Education,0.000,1967
Honduras,HND,Education,0.000,1968
Honduras,HND,Education,0.000,1969
Honduras,HND,Education,11.656,1970
Honduras,HND,Education,6.748,1971
Honduras,HND,Education,6.748,1972
Honduras,HND,Education,4.908,1973
Honduras,HND,Education,17.178,1974
Honduras,HND,Education,9.816,1975
Honduras,HND,Education,10.429,1976
Honduras,HND,Education,10.429,1977
Honduras,HND,Education,12.883,1978
Honduras,HND,Education,12.883,1979
Honduras,HND,Education,26.380,1980
Honduras,HND,Education,6.135,1981
Honduras,HND,Education,22.699,1982
Honduras,HND,Education,23.313,1983
Honduras,HND,Education,22.699,1984
Honduras,HND,Education,6.135,1985
Honduras,HND,Education,12.883,1986
Honduras,HND,Education,0.613,1987
Honduras,HND,Education,5.521,1988
Honduras,HND,Education,3.067,1989
Honduras,HND,Education,7.975,1990
Honduras,HND,Education,27.607,1991
Honduras,HND,Education,11.656,1992
Honduras,HND,Education,19.018,1993
Honduras,HND,Education,12.883,1994
Honduras,HND,Education,10.429,1995
Honduras,HND,Education,9.816,1996
Honduras,HND,Education,9.816,1997
Honduras,HND,Education,8.589,1998
Honduras,HND,Education,8.589,1999
Honduras,HND,Education,18.405,2000
Honduras,HND,Education,12.270,2001
Honduras,HND,Education,0.000,2002
Honduras,HND,Education,26.994,2003
Honduras,HND,Education,28.221,2004
Honduras,HND,Education,30.675,2005
Honduras,HND,Education,20.859,2006
Honduras,HND,Education,35.583,2007
Honduras,HND,Education,28.834,2008
Honduras,HND,Education,26.994,2009
Honduras,HND,Education,50.920,2010
Honduras,HND,Education,45.399,2011
Honduras,HND,Education,64.417,2012
Honduras,HND,Education,75.460,2013
Honduras,HND,Education,68.098,2014
Honduras,HND,Education,68.712,2015
Honduras,HND,Education,70.552,2016
Honduras,HND,Education,71.779,2017
Honduras,HND,Education,51.534,2018
Honduras,HND,Education,44.172,2019
Honduras,HND,Education,25.767,2020
Honduras,HND,Education,28.221,2021
Honduras,HND,Education,25.153,2022
Honduras,HND,Education,23.926,2023
Honduras,HND,Employment and Time Use,0.000,1960
Honduras,HND,Employment and Time Use,2.920,1961
Honduras,HND,Employment and Time Use,0.000,1962
Honduras,HND,Employment and Time Use,0.000,1963
Honduras,HND,Employment and Time Use,0.000,1964
Honduras,HND,Employment and Time Use,0.000,1965
Honduras,HND,Employment and Time Use,0.000,1966
Honduras,HND,Employment and Time Use,0.000,1967
Honduras,HND,Employment and Time Use,0.000,1968
Honduras,HND,Employment and Time Use,0.000,1969
Honduras,HND,Employment and Time Use,21.168,1970
Honduras,HND,Employment and Time Use,21.168,1971
Honduras,HND,Employment and Time Use,21.168,1972
Honduras,HND,Employment and Time Use,21.168,1973
Honduras,HND,Employment and Time Use,28.467,1974
Honduras,HND,Employment and Time Use,21.168,1975
Honduras,HND,Employment and Time Use,21.168,1976
Honduras,HND,Employment and Time Use,21.168,1977
Honduras,HND,Employment and Time Use,21.168,1978
Honduras,HND,Employment and Time Use,21.168,1979
Honduras,HND,Employment and Time Use,21.168,1980
Honduras,HND,Employment and Time Use,21.168,1981
Honduras,HND,Employment and Time Use,23.358,1982
Honduras,HND,Employment and Time Use,21.168,1983
Honduras,HND,Employment and Time Use,21.168,1984
Honduras,HND,Employment and Time Use,21.168,1985
Honduras,HND,Employment and Time Use,23.358,1986
Honduras,HND,Employment and Time Use,24.088,1987
Honduras,HND,Employment and Time Use,21.168,1988
Honduras,HND,Employment and Time Use,21.168,1989
Honduras,HND,Employment and Time Use,33.577,1990
Honduras,HND,Employment and Time Use,63.504,1991
Honduras,HND,Employment and Time Use,63.504,1992
Honduras,HND,Employment and Time Use,58.394,1993
Honduras,HND,Employment and Time Use,58.394,1994
Honduras,HND,Employment and Time Use,63.504,1995
Honduras,HND,Employment and Time Use,58.394,1996
Honduras,HND,Employment and Time Use,58.394,1997
Honduras,HND,Employment and Time Use,63.504,1998
Honduras,HND,Employment and Time Use,65.693,1999
Honduras,HND,Employment and Time Use,59.124,2000
Honduras,HND,Employment and Time Use,65.693,2001
Honduras,HND,Employment and Time Use,65.693,2002
Honduras,HND,Employment and Time Use,62.774,2003
Honduras,HND,Employment and Time Use,65.693,2004
Honduras,HND,Employment and Time Use,90.511,2005
Honduras,HND,Employment and Time Use,91.971,2006
Honduras,HND,Employment and Time Use,94.161,2007
Honduras,HND,Employment and Time Use,91.971,2008
Honduras,HND,Employment and Time Use,93.431,2009
Honduras,HND,Employment and Time Use,91.971,2010
Honduras,HND,Employment and Time Use,94.161,2011
Honduras,HND,Employment and Time Use,91.971,2012
Honduras,HND,Employment and Time Use,94.161,2013
Honduras,HND,Employment and Time Use,94.161,2014
Honduras,HND,Employment and Time Use,91.971,2015
Honduras,HND,Employment and Time Use,91.971,2016
Honduras,HND,Employment and Time Use,91.971,2017
Honduras,HND,Employment and Time Use,90.511,2018
Honduras,HND,Employment and Time Use,90.511,2019
Honduras,HND,Employment and Time Use,75.182,2020
Honduras,HND,Employment and Time Use,89.781,2021
Honduras,HND,Employment and Time Use,90.511,2022
Honduras,HND,Employment and Time Use,89.781,2023
Honduras,HND,Entrepreneurship,0.000,1960
Honduras,HND,Entrepreneurship,0.000,1961
Honduras,HND,Entrepreneurship,0.000,1962
Honduras,HND,Entrepreneurship,0.000,1963
Honduras,HND,Entrepreneurship,0.000,1964
Honduras,HND,Entrepreneurship,0.000,1965
Honduras,HND,Entrepreneurship,0.000,1966
Honduras,HND,Entrepreneurship,0.000,1967
Honduras,HND,Entrepreneurship,0.000,1968
Honduras,HND,Entrepreneurship,0.000,1969
Honduras,HND,Entrepreneurship,9.375,1970
Honduras,HND,Entrepreneurship,9.375,1971
Honduras,HND,Entrepreneurship,9.375,1972
Honduras,HND,Entrepreneurship,9.375,1973
Honduras,HND,Entrepreneurship,9.375,1974
Honduras,HND,Entrepreneurship,9.375,1975
Honduras,HND,Entrepreneurship,9.375,1976
Honduras,HND,Entrepreneurship,9.375,1977
Honduras,HND,Entrepreneurship,9.375,1978
Honduras,HND,Entrepreneurship,9.375,1979
Honduras,HND,Entrepreneurship,9.375,1980
Honduras,HND,Entrepreneurship,9.375,1981
Honduras,HND,Entrepreneurship,9.375,1982
Honduras,HND,Entrepreneurship,9.375,1983
Honduras,HND,Entrepreneurship,9.375,1984
Honduras,HND,Entrepreneurship,9.375,1985
Honduras,HND,Entrepreneurship,9.375,1986
Honduras,HND,Entrepreneurship,9.375,1987
Honduras,HND,Entrepreneurship,9.375,1988
Honduras,HND,Entrepreneurship,9.375,1989
Honduras,HND,Entrepreneurship,9.375,1990
Honduras,HND,Entrepreneurship,9.375,1991
Honduras,HND,Entrepreneurship,9.375,1992
Honduras,HND,Entrepreneurship,9.375,1993
Honduras,HND,Entrepreneurship,9.375,1994
Honduras,HND,Entrepreneurship,9.375,1995
Honduras,HND,Entrepreneurship,9.375,1996
Honduras,HND,Entrepreneurship,9.375,1997
Honduras,HND,Entrepreneurship,9.375,1998
Honduras,HND,Entrepreneurship,9.375,1999
Honduras,HND,Entrepreneurship,9.375,2000
Honduras,HND,Entrepreneurship,9.375,2001
Honduras,HND,Entrepreneurship,9.375,2002
Honduras,HND,Entrepreneurship,37.500,2003
Honduras,HND,Entrepreneurship,37.500,2004
Honduras,HND,Entrepreneurship,37.500,2005
Honduras,HND,Entrepreneurship,40.625,2006
Honduras,HND,Entrepreneurship,37.500,2007
Honduras,HND,Entrepreneurship,37.500,2008
Honduras,HND,Entrepreneurship,37.500,2009
Honduras,HND,Entrepreneurship,43.750,2010
Honduras,HND,Entrepreneurship,37.500,2011
Honduras,HND,Entrepreneurship,37.500,2012
Honduras,HND,Entrepreneurship,37.500,2013
Honduras,HND,Entrepreneurship,56.250,2014
Honduras,HND,Entrepreneurship,37.500,2015
Honduras,HND,Entrepreneurship,43.750,2016
Honduras,HND,Entrepreneurship,56.250,2017
Honduras,HND,Entrepreneurship,37.500,2018
Honduras,HND,Entrepreneurship,37.500,2019
Honduras,HND,Entrepreneurship,9.375,2020
Honduras,HND,Entrepreneurship,9.375,2021
Honduras,HND,Entrepreneurship,9.375,2022
Honduras,HND,Entrepreneurship,9.375,2023
Honduras,HND,Environment,0.000,1960
Honduras,HND,Environment,0.000,1961
Honduras,HND,Environment,0.000,1962
Honduras,HND,Environment,0.000,1963
Honduras,HND,Environment,0.000,1964
Honduras,HND,Environment,0.000,1965
Honduras,HND,Environment,0.000,1966
Honduras,HND,Environment,0.000,1967
Honduras,HND,Environment,0.000,1968
Honduras,HND,Environment,0.000,1969
Honduras,HND,Environment,0.000,1970
Honduras,HND,Environment,0.000,1971
Honduras,HND,Environment,0.000,1972
Honduras,HND,Environment,0.000,1973
Honduras,HND,Environment,0.000,1974
Honduras,HND,Environment,0.000,1975
Honduras,HND,Environment,0.000,1976
Honduras,HND,Environment,0.000,1977
Honduras,HND,Environment,0.000,1978
Honduras,HND,Environment,0.000,1979
Honduras,HND,Environment,0.000,1980
Honduras,HND,Environment,0.000,1981
Honduras,HND,Environment,0.000,1982
Honduras,HND,Environment,0.000,1983
Honduras,HND,Environment,0.000,1984
Honduras,HND,Environment,0.000,1985
Honduras,HND,Environment,0.000,1986
Honduras,HND,Environment,0.000,1987
Honduras,HND,Environment,0.000,1988
Honduras,HND,Environment,0.000,1989
Honduras,HND,Environment,0.000,1990
Honduras,HND,Environment,0.000,1991
Honduras,HND,Environment,0.000,1992
Honduras,HND,Environment,0.000,1993
Honduras,HND,Environment,0.000,1994
Honduras,HND,Environment,0.000,1995
Honduras,HND,Environment,0.000,1996
Honduras,HND,Environment,0.000,1997
Honduras,HND,Environment,0.000,1998
Honduras,HND,Environment,0.000,1999
Honduras,HND,Environment,10.000,2000
Honduras,HND,Environment,10.000,2001
Honduras,HND,Environment,10.000,2002
Honduras,HND,Environment,13.333,2003
Honduras,HND,Environment,10.000,2004
Honduras,HND,Environment,10.000,2005
Honduras,HND,Environment,40.000,2006
Honduras,HND,Environment,10.000,2007
Honduras,HND,Environment,10.000,2008
Honduras,HND,Environment,10.000,2009
Honduras,HND,Environment,10.000,2010
Honduras,HND,Environment,10.000,2011
Honduras,HND,Environment,43.333,2012
Honduras,HND,Environment,13.333,2013
Honduras,HND,Environment,23.333,2014
Honduras,HND,Environment,13.333,2015
Honduras,HND,Environment,13.333,2016
Honduras,HND,Environment,23.333,2017
Honduras,HND,Environment,13.333,2018
Honduras,HND,Environment,40.000,2019
Honduras,HND,Environment,10.000,2020
Honduras,HND,Environment,20.000,2021
Honduras,HND,Environment,10.000,2022
Honduras,HND,Environment,0.000,2023
Honduras,HND,Health,7.576,1960
Honduras,HND,Health,8.586,1961
Honduras,HND,Health,8.586,1962
Honduras,HND,Health,8.586,1963
Honduras,HND,Health,8.586,1964
Honduras,HND,Health,8.586,1965
Honduras,HND,Health,8.586,1966
Honduras,HND,Health,8.586,1967
Honduras,HND,Health,8.586,1968
Honduras,HND,Health,8.586,1969
Honduras,HND,Health,8.586,1970
Honduras,HND,Health,8.586,1971
Honduras,HND,Health,8.586,1972
Honduras,HND,Health,8.586,1973
Honduras,HND,Health,8.586,1974
Honduras,HND,Health,11.111,1975
Honduras,HND,Health,11.111,1976
Honduras,HND,Health,11.111,1977
Honduras,HND,Health,11.111,1978
Honduras,HND,Health,11.111,1979
Honduras,HND,Health,12.121,1980
Honduras,HND,Health,13.131,1981
Honduras,HND,Health,12.121,1982
Honduras,HND,Health,12.121,1983
Honduras,HND,Health,13.131,1984
Honduras,HND,Health,12.121,1985
Honduras,HND,Health,12.121,1986
Honduras,HND,Health,16.667,1987
Honduras,HND,Health,12.121,1988
Honduras,HND,Health,12.121,1989
Honduras,HND,Health,16.667,1990
Honduras,HND,Health,24.747,1991
Honduras,HND,Health,19.192,1992
Honduras,HND,Health,16.667,1993
Honduras,HND,Health,18.182,1994
Honduras,HND,Health,16.667,1995
Honduras,HND,Health,23.737,1996
Honduras,HND,Health,16.667,1997
Honduras,HND,Health,17.172,1998
Honduras,HND,Health,16.667,1999
Honduras,HND,Health,55.051,2000
Honduras,HND,Health,42.929,2001
Honduras,HND,Health,31.818,2002
Honduras,HND,Health,31.818,2003
Honduras,HND,Health,31.818,2004
Honduras,HND,Health,31.818,2005
Honduras,HND,Health,53.535,2006
Honduras,HND,Health,31.818,2007
Honduras,HND,Health,31.818,2008
Honduras,HND,Health,31.818,2009
Honduras,HND,Health,59.091,2010
Honduras,HND,Health,32.323,2011
Honduras,HND,Health,58.081,2012
Honduras,HND,Health,32.828,2013
Honduras,HND,Health,34.343,2014
Honduras,HND,Health,55.051,2015
Honduras,HND,Health,32.828,2016
Honduras,HND,Health,36.364,2017
Honduras,HND,Health,34.343,2018
Honduras,HND,Health,70.707,2019
Honduras,HND,Health,26.768,2020
Honduras,HND,Health,19.697,2021
Honduras,HND,Health,17.677,2022
Honduras,HND,Health,1.010,2023
Honduras,HND,Leadership,0.000,1960
Honduras,HND,Leadership,0.000,1961
Honduras,HND,Leadership,0.000,1962
Honduras,HND,Leadership,0.000,1963
Honduras,HND,Leadership,0.000,1964
Honduras,HND,Leadership,0.000,1965
Honduras,HND,Leadership,0.000,1966
Honduras,HND,Leadership,0.000,1967
Honduras,HND,Leadership,0.000,1968
Honduras,HND,Leadership,0.000,1969
Honduras,HND,Leadership,0.000,1970
Honduras,HND,Leadership,0.000,1971
Honduras,HND,Leadership,0.000,1972
Honduras,HND,Leadership,0.000,1973
Honduras,HND,Leadership,0.000,1974
Honduras,HND,Leadership,0.000,1975
Honduras,HND,Leadership,0.000,1976
Honduras,HND,Leadership,0.000,1977
Honduras,HND,Leadership,0.000,1978
Honduras,HND,Leadership,0.000,1979
Honduras,HND,Leadership,0.000,1980
Honduras,HND,Leadership,0.000,1981
Honduras,HND,Leadership,0.000,1982
Honduras,HND,Leadership,0.000,1983
Honduras,HND,Leadership,0.000,1984
Honduras,HND,Leadership,0.000,1985
Honduras,HND,Leadership,0.000,1986
Honduras,HND,Leadership,0.000,1987
Honduras,HND,Leadership,0.000,1988
Honduras,HND,Leadership,0.000,1989
Honduras,HND,Leadership,0.000,1990
Honduras,HND,Leadership,0.000,1991
Honduras,HND,Leadership,0.000,1992
Honduras,HND,Leadership,0.000,1993
Honduras,HND,Leadership,0.000,1994
Honduras,HND,Leadership,0.000,1995
Honduras,HND,Leadership,0.000,1996
Honduras,HND,Leadership,0.000,1997
Honduras,HND,Leadership,25.000,1998
Honduras,HND,Leadership,25.000,1999
Honduras,HND,Leadership,25.000,2000
Honduras,HND,Leadership,25.000,2001
Honduras,HND,Leadership,25.000,2002
Honduras,HND,Leadership,25.000,2003
Honduras,HND,Leadership,25.000,2004
Honduras,HND,Leadership,75.000,2005
Honduras,HND,Leadership,50.000,2006
Honduras,HND,Leadership,50.000,2007
Honduras,HND,Leadership,50.000,2008
Honduras,HND,Leadership,50.000,2009
Honduras,HND,Leadership,100.000,2010
Honduras,HND,Leadership,50.000,2011
Honduras,HND,Leadership,75.000,2012
Honduras,HND,Leadership,25.000,2013
Honduras,HND,Leadership,75.000,2014
Honduras,HND,Leadership,75.000,2015
Honduras,HND,Leadership,100.000,2016
Honduras,HND,Leadership,25.000,2017
Honduras,HND,Leadership,75.000,2018
Honduras,HND,Leadership,75.000,2019
Honduras,HND,Leadership,75.000,2020
Honduras,HND,Leadership,25.000,2021
Honduras,HND,Leadership,75.000,2022
Honduras,HND,Leadership,50.000,2023
Honduras,HND,Norms and Decision-making,0.000,1960
Honduras,HND,Norms and Decision-making,0.000,1961
Honduras,HND,Norms and Decision-making,0.000,1962
Honduras,HND,Norms and Decision-making,0.000,1963
Honduras,HND,Norms and Decision-making,0.000,1964
Honduras,HND,Norms and Decision-making,0.000,1965
Honduras,HND,Norms and Decision-making,0.000,1966
Honduras,HND,Norms and Decision-making,0.000,1967
Honduras,HND,Norms and Decision-making,0.000,1968
Honduras,HND,Norms and Decision-making,0.000,1969
Honduras,HND,Norms and Decision-making,12.593,1970
Honduras,HND,Norms and Decision-making,12.593,1971
Honduras,HND,Norms and Decision-making,12.593,1972
Honduras,HND,Norms and Decision-making,12.593,1973
Honduras,HND,Norms and Decision-making,14.074,1974
Honduras,HND,Norms and Decision-making,12.593,1975
Honduras,HND,Norms and Decision-making,12.593,1976
Honduras,HND,Norms and Decision-making,12.593,1977
Honduras,HND,Norms and Decision-making,12.593,1978
Honduras,HND,Norms and Decision-making,12.593,1979
Honduras,HND,Norms and Decision-making,12.593,1980
Honduras,HND,Norms and Decision-making,12.593,1981
Honduras,HND,Norms and Decision-making,12.593,1982
Honduras,HND,Norms and Decision-making,12.593,1983
Honduras,HND,Norms and Decision-making,12.593,1984
Honduras,HND,Norms and Decision-making,12.593,1985
Honduras,HND,Norms and Decision-making,12.593,1986
Honduras,HND,Norms and Decision-making,12.593,1987
Honduras,HND,Norms and Decision-making,14.074,1988
Honduras,HND,Norms and Decision-making,12.593,1989
Honduras,HND,Norms and Decision-making,12.593,1990
Honduras,HND,Norms and Decision-making,12.593,1991
Honduras,HND,Norms and Decision-making,12.593,1992
Honduras,HND,Norms and Decision-making,12.593,1993
Honduras,HND,Norms and Decision-making,12.593,1994
Honduras,HND,Norms and Decision-making,12.593,1995
Honduras,HND,Norms and Decision-making,13.333,1996
Honduras,HND,Norms and Decision-making,12.593,1997
Honduras,HND,Norms and Decision-making,12.593,1998
Honduras,HND,Norms and Decision-making,12.593,1999
Honduras,HND,Norms and Decision-making,12.593,2000
Honduras,HND,Norms and Decision-making,14.074,2001
Honduras,HND,Norms and Decision-making,12.593,2002
Honduras,HND,Norms and Decision-making,12.593,2003
Honduras,HND,Norms and Decision-making,12.593,2004
Honduras,HND,Norms and Decision-making,12.593,2005
Honduras,HND,Norms and Decision-making,88.889,2006
Honduras,HND,Norms and Decision-making,12.593,2007
Honduras,HND,Norms and Decision-making,12.593,2008
Honduras,HND,Norms and Decision-making,12.593,2009
Honduras,HND,Norms and Decision-making,12.593,2010
Honduras,HND,Norms and Decision-making,12.593,2011
Honduras,HND,Norms and Decision-making,72.593,2012
Honduras,HND,Norms and Decision-making,12.593,2013
Honduras,HND,Norms and Decision-making,12.593,2014
Honduras,HND,Norms and Decision-making,12.593,2015
Honduras,HND,Norms and Decision-making,12.593,2016
Honduras,HND,Norms and Decision-making,12.593,2017
Honduras,HND,Norms and Decision-making,12.593,2018
Honduras,HND,Norms and Decision-making,14.074,2019
Honduras,HND,Norms and Decision-making,12.593,2020
Honduras,HND,Norms and Decision-making,12.593,2021
Honduras,HND,Norms and Decision-making,12.593,2022
Honduras,HND,Norms and Decision-making,12.593,2023
Honduras,HND,Population,86.905,1960
Honduras,HND,Population,86.905,1961
Honduras,HND,Population,86.905,1962
Honduras,HND,Population,86.905,1963
Honduras,HND,Population,86.905,1964
Honduras,HND,Population,86.905,1965
Honduras,HND,Population,86.905,1966
Honduras,HND,Population,86.905,1967
Honduras,HND,Population,86.905,1968
Honduras,HND,Population,86.905,1969
Honduras,HND,Population,86.905,1970
Honduras,HND,Population,86.905,1971
Honduras,HND,Population,86.905,1972
Honduras,HND,Population,86.905,1973
Honduras,HND,Population,89.286,1974
Honduras,HND,Population,86.905,1975
Honduras,HND,Population,86.905,1976
Honduras,HND,Population,86.905,1977
Honduras,HND,Population,86.905,1978
Honduras,HND,Population,86.905,1979
Honduras,HND,Population,91.667,1980
Honduras,HND,Population,86.905,1981
Honduras,HND,Population,86.905,1982
Honduras,HND,Population,86.905,1983
Honduras,HND,Population,86.905,1984
Honduras,HND,Population,91.667,1985
Honduras,HND,Population,86.905,1986
Honduras,HND,Population,86.905,1987
Honduras,HND,Population,89.286,1988
Honduras,HND,Population,86.905,1989
Honduras,HND,Population,92.857,1990
Honduras,HND,Population,86.905,1991
Honduras,HND,Population,86.905,1992
Honduras,HND,Population,86.905,1993
Honduras,HND,Population,86.905,1994
Honduras,HND,Population,92.857,1995
Honduras,HND,Population,88.095,1996
Honduras,HND,Population,86.905,1997
Honduras,HND,Population,86.905,1998
Honduras,HND,Population,86.905,1999
Honduras,HND,Population,92.857,2000
Honduras,HND,Population,89.286,2001
Honduras,HND,Population,86.905,2002
Honduras,HND,Population,86.905,2003
Honduras,HND,Population,86.905,2004
Honduras,HND,Population,92.857,2005
Honduras,HND,Population,92.857,2006
Honduras,HND,Population,86.905,2007
Honduras,HND,Population,86.905,2008
Honduras,HND,Population,86.905,2009
Honduras,HND,Population,92.857,2010
Honduras,HND,Population,86.905,2011
Honduras,HND,Population,94.048,2012
Honduras,HND,Population,86.905,2013
Honduras,HND,Population,86.905,2014
Honduras,HND,Population,92.857,2015
Honduras,HND,Population,86.905,2016
Honduras,HND,Population,86.905,2017
Honduras,HND,Population,86.905,2018
Honduras,HND,Population,90.476,2019
Honduras,HND,Population,88.095,2020
Honduras,HND,Population,86.905,2021
Honduras,HND,Population,86.905,2022
Honduras,HND,Population,77.381,2023
Honduras,HND,SDGs,2.685,1960
Honduras,HND,SDGs,2.685,1961
Honduras,HND,SDGs,2.685,1962
Honduras,HND,SDGs,2.685,1963
Honduras,HND,SDGs,2.685,1964
Honduras,HND,SDGs,2.685,1965
Honduras,HND,SDGs,2.685,1966
Honduras,HND,SDGs,2.685,1967
Honduras,HND,SDGs,2.685,1968
Honduras,HND,SDGs,2.685,1969
Honduras,HND,SDGs,11.409,1970
Honduras,HND,SDGs,11.409,1971
Honduras,HND,SDGs,11.409,1972
Honduras,HND,SDGs,11.409,1973
Honduras,HND,SDGs,13.423,1974
Honduras,HND,SDGs,11.409,1975
Honduras,HND,SDGs,11.409,1976
Honduras,HND,SDGs,11.409,1977
Honduras,HND,SDGs,11.409,1978
Honduras,HND,SDGs,11.409,1979
Honduras,HND,SDGs,12.081,1980
Honduras,HND,SDGs,12.081,1981
Honduras,HND,SDGs,14.094,1982
Honduras,HND,SDGs,12.081,1983
Honduras,HND,SDGs,12.081,1984
Honduras,HND,SDGs,12.081,1985
Honduras,HND,SDGs,14.094,1986
Honduras,HND,SDGs,14.765,1987
Honduras,HND,SDGs,12.081,1988
Honduras,HND,SDGs,12.081,1989
Honduras,HND,SDGs,18.121,1990
Honduras,HND,SDGs,22.819,1991
Honduras,HND,SDGs,22.819,1992
Honduras,HND,SDGs,20.134,1993
Honduras,HND,SDGs,20.134,1994
Honduras,HND,SDGs,22.148,1995
Honduras,HND,SDGs,22.819,1996
Honduras,HND,SDGs,22.148,1997
Honduras,HND,SDGs,23.490,1998
Honduras,HND,SDGs,22.819,1999
Honduras,HND,SDGs,63.758,2000
Honduras,HND,SDGs,36.913,2001
Honduras,HND,SDGs,35.570,2002
Honduras,HND,SDGs,35.570,2003
Honduras,HND,SDGs,35.570,2004
Honduras,HND,SDGs,37.584,2005
Honduras,HND,SDGs,40.268,2006
Honduras,HND,SDGs,37.584,2007
Honduras,HND,SDGs,37.584,2008
Honduras,HND,SDGs,38.926,2009
Honduras,HND,SDGs,67.785,2010
Honduras,HND,SDGs,40.268,2011
Honduras,HND,SDGs,41.611,2012
Honduras,HND,SDGs,39.597,2013
Honduras,HND,SDGs,40.268,2014
Honduras,HND,SDGs,68.456,2015
Honduras,HND,SDGs,38.255,2016
Honduras,HND,SDGs,39.597,2017
Honduras,HND,SDGs,38.926,2018
Honduras,HND,SDGs,73.826,2019
Honduras,HND,SDGs,29.530,2020
Honduras,HND,SDGs,28.859,2021
Honduras,HND,SDGs,26.846,2022
Honduras,HND,SDGs,18.121,2023
Honduras,HND,Technology,0.000,1960
Honduras,HND,Technology,0.000,1961
Honduras,HND,Technology,0.000,1962
Honduras,HND,Technology,0.000,1963
Honduras,HND,Technology,0.000,1964
Honduras,HND,Technology,0.000,1965
Honduras,HND,Technology,0.000,1966
Honduras,HND,Technology,0.000,1967
Honduras,HND,Technology,0.000,1968
Honduras,HND,Technology,0.000,1969
Honduras,HND,Technology,0.000,1970
Honduras,HND,Technology,0.000,1971
Honduras,HND,Technology,0.000,1972
Honduras,HND,Technology,0.000,1973
Honduras,HND,Technology,0.000,1974
Honduras,HND,Technology,0.000,1975
Honduras,HND,Technology,0.000,1976
Honduras,HND,Technology,0.000,1977
Honduras,HND,Technology,0.000,1978
Honduras,HND,Technology,0.000,1979
Honduras,HND,Technology,0.000,1980
Honduras,HND,Technology,0.000,1981
Honduras,HND,Technology,0.000,1982
Honduras,HND,Technology,0.000,1983
Honduras,HND,Technology,0.000,1984
Honduras,HND,Technology,0.000,1985
Honduras,HND,Technology,0.000,1986
Honduras,HND,Technology,0.000,1987
Honduras,HND,Technology,0.000,1988
Honduras,HND,Technology,0.000,1989
Honduras,HND,Technology,2.222,1990
Honduras,HND,Technology,2.222,1991
Honduras,HND,Technology,2.222,1992
Honduras,HND,Technology,2.222,1993
Honduras,HND,Technology,2.222,1994
Honduras,HND,Technology,2.222,1995
Honduras,HND,Technology,2.222,1996
Honduras,HND,Technology,2.222,1997
Honduras,HND,Technology,2.222,1998
Honduras,HND,Technology,2.222,1999
Honduras,HND,Technology,2.222,2000
Honduras,HND,Technology,2.222,2001
Honduras,HND,Technology,2.222,2002
Honduras,HND,Technology,8.889,2003
Honduras,HND,Technology,2.222,2004
Honduras,HND,Technology,2.222,2005
Honduras,HND,Technology,2.222,2006
Honduras,HND,Technology,2.222,2007
Honduras,HND,Technology,6.667,2008
Honduras,HND,Technology,2.222,2009
Honduras,HND,Technology,2.222,2010
Honduras,HND,Technology,8.889,2011
Honduras,HND,Technology,8.889,2012
Honduras,HND,Technology,4.444,2013
Honduras,HND,Technology,37.778,2014
Honduras,HND,Technology,13.333,2015
Honduras,HND,Technology,13.333,2016
Honduras,HND,Technology,66.667,2017
Honduras,HND,Technology,13.333,2018
Honduras,HND,Technology,6.667,2019
Honduras,HND,Technology,2.222,2020
Honduras,HND,Technology,82.222,2021
Honduras,HND,Technology,2.222,2022
Honduras,HND,Technology,0.000,2023
Honduras,HND,Violence,0.000,1960
Honduras,HND,Violence,0.000,1961
Honduras,HND,Violence,0.000,1962
Honduras,HND,Violence,0.000,1963
Honduras,HND,Violence,0.000,1964
Honduras,HND,Violence,0.000,1965
Honduras,HND,Violence,0.000,1966
Honduras,HND,Violence,0.000,1967
Honduras,HND,Violence,0.000,1968
Honduras,HND,Violence,0.000,1969
Honduras,HND,Violence,2.143,1970
Honduras,HND,Violence,2.143,1971
Honduras,HND,Violence,2.143,1972
Honduras,HND,Violence,2.143,1973
Honduras,HND,Violence,2.143,1974
Honduras,HND,Violence,2.143,1975
Honduras,HND,Violence,2.143,1976
Honduras,HND,Violence,2.143,1977
Honduras,HND,Violence,2.143,1978
Honduras,HND,Violence,2.143,1979
Honduras,HND,Violence,2.143,1980
Honduras,HND,Violence,2.143,1981
Honduras,HND,Violence,2.143,1982
Honduras,HND,Violence,2.143,1983
Honduras,HND,Violence,2.143,1984
Honduras,HND,Violence,2.143,1985
Honduras,HND,Violence,2.143,1986
Honduras,HND,Violence,2.143,1987
Honduras,HND,Violence,2.143,1988
Honduras,HND,Violence,2.143,1989
Honduras,HND,Violence,2.857,1990
Honduras,HND,Violence,2.857,1991
Honduras,HND,Violence,2.857,1992
Honduras,HND,Violence,2.857,1993
Honduras,HND,Violence,2.857,1994
Honduras,HND,Violence,2.857,1995
Honduras,HND,Violence,2.143,1996
Honduras,HND,Violence,2.143,1997
Honduras,HND,Violence,2.143,1998
Honduras,HND,Violence,2.857,1999
Honduras,HND,Violence,5.000,2000
Honduras,HND,Violence,5.000,2001
Honduras,HND,Violence,5.000,2002
Honduras,HND,Violence,5.000,2003
Honduras,HND,Violence,5.000,2004
Honduras,HND,Violence,5.000,2005
Honduras,HND,Violence,61.429,2006
Honduras,HND,Violence,6.429,2007
Honduras,HND,Violence,6.429,2008
Honduras,HND,Violence,6.429,2009
Honduras,HND,Violence,6.429,2010
Honduras,HND,Violence,6.429,2011
Honduras,HND,Violence,56.429,2012
Honduras,HND,Violence,6.429,2013
Honduras,HND,Violence,6.429,2014
Honduras,HND,Violence,6.429,2015
Honduras,HND,Violence,6.429,2016
Honduras,HND,Violence,6.429,2017
Honduras,HND,Violence,9.286,2018
Honduras,HND,Violence,7.857,2019
Honduras,HND,Violence,4.286,2020
Honduras,HND,Violence,4.286,2021
Honduras,HND,Violence,2.143,2022
Honduras,HND,Violence,2.143,2023
Honduras,HND,Youth 15-24,4.587,1960
Honduras,HND,Youth 15-24,4.587,1961
Honduras,HND,Youth 15-24,4.587,1962
Honduras,HND,Youth 15-24,4.587,1963
Honduras,HND,Youth 15-24,4.587,1964
Honduras,HND,Youth 15-24,4.587,1965
Honduras,HND,Youth 15-24,4.587,1966
Honduras,HND,Youth 15-24,4.587,1967
Honduras,HND,Youth 15-24,4.587,1968
Honduras,HND,Youth 15-24,4.587,1969
Honduras,HND,Youth 15-24,14.679,1970
Honduras,HND,Youth 15-24,7.339,1971
Honduras,HND,Youth 15-24,7.339,1972
Honduras,HND,Youth 15-24,4.587,1973
Honduras,HND,Youth 15-24,19.266,1974
Honduras,HND,Youth 15-24,11.009,1975
Honduras,HND,Youth 15-24,11.009,1976
Honduras,HND,Youth 15-24,11.009,1977
Honduras,HND,Youth 15-24,11.009,1978
Honduras,HND,Youth 15-24,5.505,1979
Honduras,HND,Youth 15-24,18.349,1980
Honduras,HND,Youth 15-24,5.505,1981
Honduras,HND,Youth 15-24,15.596,1982
Honduras,HND,Youth 15-24,18.349,1983
Honduras,HND,Youth 15-24,15.596,1984
Honduras,HND,Youth 15-24,6.422,1985
Honduras,HND,Youth 15-24,7.339,1986
Honduras,HND,Youth 15-24,5.505,1987
Honduras,HND,Youth 15-24,8.257,1988
Honduras,HND,Youth 15-24,8.257,1989
Honduras,HND,Youth 15-24,15.596,1990
Honduras,HND,Youth 15-24,33.028,1991
Honduras,HND,Youth 15-24,22.018,1992
Honduras,HND,Youth 15-24,25.688,1993
Honduras,HND,Youth 15-24,24.771,1994
Honduras,HND,Youth 15-24,19.266,1995
Honduras,HND,Youth 15-24,19.266,1996
Honduras,HND,Youth 15-24,19.266,1997
Honduras,HND,Youth 15-24,19.266,1998
Honduras,HND,Youth 15-24,24.771,1999
Honduras,HND,Youth 15-24,24.771,2000
Honduras,HND,Youth 15-24,31.193,2001
Honduras,HND,Youth 15-24,21.101,2002
Honduras,HND,Youth 15-24,37.615,2003
Honduras,HND,Youth 15-24,28.440,2004
Honduras,HND,Youth 15-24,39.450,2005
Honduras,HND,Youth 15-24,39.450,2006
Honduras,HND,Youth 15-24,51.376,2007
Honduras,HND,Youth 15-24,39.450,2008
Honduras,HND,Youth 15-24,36.697,2009
Honduras,HND,Youth 15-24,57.798,2010
Honduras,HND,Youth 15-24,54.128,2011
Honduras,HND,Youth 15-24,79.817,2012
Honduras,HND,Youth 15-24,79.817,2013
Honduras,HND,Youth 15-24,74.312,2014
Honduras,HND,Youth 15-24,82.569,2015
Honduras,HND,Youth 15-24,79.817,2016
Honduras,HND,Youth 15-24,75.229,2017
Honduras,HND,Youth 15-24,63.303,2018
Honduras,HND,Youth 15-24,56.881,2019
Honduras,HND,Youth 15-24,32.110,2020
Honduras,HND,Youth 15-24,43.119,2021
Honduras,HND,Youth 15-24,43.119,2022
Honduras,HND,Youth 15-24,36.697,2023
