Country Name,Country Code,Topic,% of available indicators,Year
Aruba,ABW,Assets,0.000,1960
Aruba,ABW,Assets,0.000,1961
Aruba,ABW,Assets,0.000,1962
Aruba,ABW,Assets,0.000,1963
Aruba,ABW,Assets,0.000,1964
Aruba,ABW,Assets,0.000,1965
Aruba,ABW,Assets,0.000,1966
Aruba,ABW,Assets,0.000,1967
Aruba,ABW,Assets,0.000,1968
Aruba,ABW,Assets,0.000,1969
Aruba,ABW,Assets,0.000,1970
Aruba,ABW,Assets,0.000,1971
Aruba,ABW,Assets,0.000,1972
Aruba,ABW,Assets,0.000,1973
Aruba,ABW,Assets,0.000,1974
Aruba,ABW,Assets,0.000,1975
Aruba,ABW,Assets,0.000,1976
Aruba,ABW,Assets,0.000,1977
Aruba,ABW,Assets,0.000,1978
Aruba,ABW,Assets,0.000,1979
Aruba,ABW,Assets,0.000,1980
Aruba,ABW,Assets,0.000,1981
Aruba,ABW,Assets,0.000,1982
Aruba,ABW,Assets,0.000,1983
Aruba,ABW,Assets,0.000,1984
Aruba,ABW,Assets,0.000,1985
Aruba,ABW,Assets,0.000,1986
Aruba,ABW,Assets,0.000,1987
Aruba,ABW,Assets,0.000,1988
Aruba,ABW,Assets,0.000,1989
Aruba,ABW,Assets,0.000,1990
Aruba,ABW,Assets,0.000,1991
Aruba,ABW,Assets,0.000,1992
Aruba,ABW,Assets,0.000,1993
Aruba,ABW,Assets,0.000,1994
Aruba,ABW,Assets,0.000,1995
Aruba,ABW,Assets,0.000,1996
Aruba,ABW,Assets,0.000,1997
Aruba,ABW,Assets,0.000,1998
Aruba,ABW,Assets,0.000,1999
Aruba,ABW,Assets,0.000,2000
Aruba,ABW,Assets,0.000,2001
Aruba,ABW,Assets,0.000,2002
Aruba,ABW,Assets,0.000,2003
Aruba,ABW,Assets,0.000,2004
Aruba,ABW,Assets,0.000,2005
Aruba,ABW,Assets,0.000,2006
Aruba,ABW,Assets,0.000,2007
Aruba,ABW,Assets,0.000,2008
Aruba,ABW,Assets,0.000,2009
Aruba,ABW,Assets,0.000,2010
Aruba,ABW,Assets,0.000,2011
Aruba,ABW,Assets,0.000,2012
Aruba,ABW,Assets,0.000,2013
Aruba,ABW,Assets,0.000,2014
Aruba,ABW,Assets,0.000,2015
Aruba,ABW,Assets,0.000,2016
Aruba,ABW,Assets,0.000,2017
Aruba,ABW,Assets,0.000,2018
Aruba,ABW,Assets,0.000,2019
Aruba,ABW,Assets,0.000,2020
Aruba,ABW,Assets,0.000,2021
Aruba,ABW,Assets,0.000,2022
Aruba,ABW,Assets,0.000,2023
Aruba,ABW,Children 0-14,10.769,1960
Aruba,ABW,Children 0-14,10.769,1961
Aruba,ABW,Children 0-14,10.769,1962
Aruba,ABW,Children 0-14,10.769,1963
Aruba,ABW,Children 0-14,10.769,1964
Aruba,ABW,Children 0-14,10.769,1965
Aruba,ABW,Children 0-14,10.769,1966
Aruba,ABW,Children 0-14,10.769,1967
Aruba,ABW,Children 0-14,10.769,1968
Aruba,ABW,Children 0-14,10.769,1969
Aruba,ABW,Children 0-14,10.769,1970
Aruba,ABW,Children 0-14,10.769,1971
Aruba,ABW,Children 0-14,10.769,1972
Aruba,ABW,Children 0-14,10.769,1973
Aruba,ABW,Children 0-14,10.769,1974
Aruba,ABW,Children 0-14,10.769,1975
Aruba,ABW,Children 0-14,10.769,1976
Aruba,ABW,Children 0-14,10.769,1977
Aruba,ABW,Children 0-14,10.769,1978
Aruba,ABW,Children 0-14,10.769,1979
Aruba,ABW,Children 0-14,10.769,1980
Aruba,ABW,Children 0-14,10.769,1981
Aruba,ABW,Children 0-14,10.769,1982
Aruba,ABW,Children 0-14,10.769,1983
Aruba,ABW,Children 0-14,10.769,1984
Aruba,ABW,Children 0-14,10.769,1985
Aruba,ABW,Children 0-14,10.769,1986
Aruba,ABW,Children 0-14,10.769,1987
Aruba,ABW,Children 0-14,10.769,1988
Aruba,ABW,Children 0-14,10.769,1989
Aruba,ABW,Children 0-14,10.769,1990
Aruba,ABW,Children 0-14,13.077,1991
Aruba,ABW,Children 0-14,10.769,1992
Aruba,ABW,Children 0-14,10.769,1993
Aruba,ABW,Children 0-14,10.769,1994
Aruba,ABW,Children 0-14,10.769,1995
Aruba,ABW,Children 0-14,10.769,1996
Aruba,ABW,Children 0-14,10.769,1997
Aruba,ABW,Children 0-14,10.769,1998
Aruba,ABW,Children 0-14,36.923,1999
Aruba,ABW,Children 0-14,40.000,2000
Aruba,ABW,Children 0-14,29.231,2001
Aruba,ABW,Children 0-14,32.308,2002
Aruba,ABW,Children 0-14,37.692,2003
Aruba,ABW,Children 0-14,37.692,2004
Aruba,ABW,Children 0-14,33.846,2005
Aruba,ABW,Children 0-14,30.000,2006
Aruba,ABW,Children 0-14,30.769,2007
Aruba,ABW,Children 0-14,27.692,2008
Aruba,ABW,Children 0-14,36.154,2009
Aruba,ABW,Children 0-14,33.077,2010
Aruba,ABW,Children 0-14,20.000,2011
Aruba,ABW,Children 0-14,20.000,2012
Aruba,ABW,Children 0-14,23.846,2013
Aruba,ABW,Children 0-14,25.385,2014
Aruba,ABW,Children 0-14,16.154,2015
Aruba,ABW,Children 0-14,11.538,2016
Aruba,ABW,Children 0-14,10.769,2017
Aruba,ABW,Children 0-14,17.692,2018
Aruba,ABW,Children 0-14,19.231,2019
Aruba,ABW,Children 0-14,19.231,2020
Aruba,ABW,Children 0-14,17.692,2021
Aruba,ABW,Children 0-14,17.692,2022
Aruba,ABW,Children 0-14,7.692,2023
Aruba,ABW,Education,0.000,1960
Aruba,ABW,Education,0.000,1961
Aruba,ABW,Education,0.000,1962
Aruba,ABW,Education,0.000,1963
Aruba,ABW,Education,0.000,1964
Aruba,ABW,Education,0.000,1965
Aruba,ABW,Education,0.000,1966
Aruba,ABW,Education,0.000,1967
Aruba,ABW,Education,0.000,1968
Aruba,ABW,Education,0.000,1969
Aruba,ABW,Education,0.000,1970
Aruba,ABW,Education,0.000,1971
Aruba,ABW,Education,0.000,1972
Aruba,ABW,Education,0.000,1973
Aruba,ABW,Education,0.000,1974
Aruba,ABW,Education,0.000,1975
Aruba,ABW,Education,0.000,1976
Aruba,ABW,Education,0.000,1977
Aruba,ABW,Education,0.000,1978
Aruba,ABW,Education,0.000,1979
Aruba,ABW,Education,0.000,1980
Aruba,ABW,Education,0.000,1981
Aruba,ABW,Education,0.000,1982
Aruba,ABW,Education,0.000,1983
Aruba,ABW,Education,0.000,1984
Aruba,ABW,Education,0.000,1985
Aruba,ABW,Education,0.000,1986
Aruba,ABW,Education,0.000,1987
Aruba,ABW,Education,0.000,1988
Aruba,ABW,Education,0.000,1989
Aruba,ABW,Education,0.000,1990
Aruba,ABW,Education,7.362,1991
Aruba,ABW,Education,0.000,1992
Aruba,ABW,Education,0.000,1993
Aruba,ABW,Education,0.000,1994
Aruba,ABW,Education,0.000,1995
Aruba,ABW,Education,0.000,1996
Aruba,ABW,Education,0.000,1997
Aruba,ABW,Education,0.613,1998
Aruba,ABW,Education,50.920,1999
Aruba,ABW,Education,63.804,2000
Aruba,ABW,Education,42.331,2001
Aruba,ABW,Education,44.785,2002
Aruba,ABW,Education,46.626,2003
Aruba,ABW,Education,47.239,2004
Aruba,ABW,Education,44.172,2005
Aruba,ABW,Education,36.196,2006
Aruba,ABW,Education,39.264,2007
Aruba,ABW,Education,39.877,2008
Aruba,ABW,Education,44.785,2009
Aruba,ABW,Education,53.374,2010
Aruba,ABW,Education,30.675,2011
Aruba,ABW,Education,30.061,2012
Aruba,ABW,Education,17.178,2013
Aruba,ABW,Education,21.472,2014
Aruba,ABW,Education,10.429,2015
Aruba,ABW,Education,7.362,2016
Aruba,ABW,Education,0.613,2017
Aruba,ABW,Education,11.043,2018
Aruba,ABW,Education,9.816,2019
Aruba,ABW,Education,13.497,2020
Aruba,ABW,Education,7.975,2021
Aruba,ABW,Education,7.975,2022
Aruba,ABW,Education,0.000,2023
Aruba,ABW,Employment and Time Use,2.920,1960
Aruba,ABW,Employment and Time Use,0.000,1961
Aruba,ABW,Employment and Time Use,0.000,1962
Aruba,ABW,Employment and Time Use,0.000,1963
Aruba,ABW,Employment and Time Use,0.000,1964
Aruba,ABW,Employment and Time Use,0.000,1965
Aruba,ABW,Employment and Time Use,0.000,1966
Aruba,ABW,Employment and Time Use,0.000,1967
Aruba,ABW,Employment and Time Use,0.000,1968
Aruba,ABW,Employment and Time Use,0.000,1969
Aruba,ABW,Employment and Time Use,0.000,1970
Aruba,ABW,Employment and Time Use,0.000,1971
Aruba,ABW,Employment and Time Use,2.920,1972
Aruba,ABW,Employment and Time Use,0.000,1973
Aruba,ABW,Employment and Time Use,0.000,1974
Aruba,ABW,Employment and Time Use,0.000,1975
Aruba,ABW,Employment and Time Use,0.000,1976
Aruba,ABW,Employment and Time Use,0.000,1977
Aruba,ABW,Employment and Time Use,0.000,1978
Aruba,ABW,Employment and Time Use,0.000,1979
Aruba,ABW,Employment and Time Use,0.000,1980
Aruba,ABW,Employment and Time Use,2.920,1981
Aruba,ABW,Employment and Time Use,0.000,1982
Aruba,ABW,Employment and Time Use,0.000,1983
Aruba,ABW,Employment and Time Use,0.000,1984
Aruba,ABW,Employment and Time Use,0.000,1985
Aruba,ABW,Employment and Time Use,0.000,1986
Aruba,ABW,Employment and Time Use,0.000,1987
Aruba,ABW,Employment and Time Use,0.000,1988
Aruba,ABW,Employment and Time Use,0.000,1989
Aruba,ABW,Employment and Time Use,0.000,1990
Aruba,ABW,Employment and Time Use,12.409,1991
Aruba,ABW,Employment and Time Use,0.000,1992
Aruba,ABW,Employment and Time Use,0.000,1993
Aruba,ABW,Employment and Time Use,2.190,1994
Aruba,ABW,Employment and Time Use,0.000,1995
Aruba,ABW,Employment and Time Use,0.000,1996
Aruba,ABW,Employment and Time Use,2.190,1997
Aruba,ABW,Employment and Time Use,0.000,1998
Aruba,ABW,Employment and Time Use,0.000,1999
Aruba,ABW,Employment and Time Use,7.299,2000
Aruba,ABW,Employment and Time Use,2.190,2001
Aruba,ABW,Employment and Time Use,0.000,2002
Aruba,ABW,Employment and Time Use,0.000,2003
Aruba,ABW,Employment and Time Use,0.000,2004
Aruba,ABW,Employment and Time Use,0.000,2005
Aruba,ABW,Employment and Time Use,0.000,2006
Aruba,ABW,Employment and Time Use,9.489,2007
Aruba,ABW,Employment and Time Use,0.000,2008
Aruba,ABW,Employment and Time Use,0.000,2009
Aruba,ABW,Employment and Time Use,12.409,2010
Aruba,ABW,Employment and Time Use,7.299,2011
Aruba,ABW,Employment and Time Use,0.000,2012
Aruba,ABW,Employment and Time Use,0.000,2013
Aruba,ABW,Employment and Time Use,0.000,2014
Aruba,ABW,Employment and Time Use,0.000,2015
Aruba,ABW,Employment and Time Use,0.000,2016
Aruba,ABW,Employment and Time Use,0.000,2017
Aruba,ABW,Employment and Time Use,0.000,2018
Aruba,ABW,Employment and Time Use,0.000,2019
Aruba,ABW,Employment and Time Use,0.000,2020
Aruba,ABW,Employment and Time Use,0.000,2021
Aruba,ABW,Employment and Time Use,0.000,2022
Aruba,ABW,Employment and Time Use,0.000,2023
Aruba,ABW,Entrepreneurship,0.000,1960
Aruba,ABW,Entrepreneurship,0.000,1961
Aruba,ABW,Entrepreneurship,0.000,1962
Aruba,ABW,Entrepreneurship,0.000,1963
Aruba,ABW,Entrepreneurship,0.000,1964
Aruba,ABW,Entrepreneurship,0.000,1965
Aruba,ABW,Entrepreneurship,0.000,1966
Aruba,ABW,Entrepreneurship,0.000,1967
Aruba,ABW,Entrepreneurship,0.000,1968
Aruba,ABW,Entrepreneurship,0.000,1969
Aruba,ABW,Entrepreneurship,0.000,1970
Aruba,ABW,Entrepreneurship,0.000,1971
Aruba,ABW,Entrepreneurship,0.000,1972
Aruba,ABW,Entrepreneurship,0.000,1973
Aruba,ABW,Entrepreneurship,0.000,1974
Aruba,ABW,Entrepreneurship,0.000,1975
Aruba,ABW,Entrepreneurship,0.000,1976
Aruba,ABW,Entrepreneurship,0.000,1977
Aruba,ABW,Entrepreneurship,0.000,1978
Aruba,ABW,Entrepreneurship,0.000,1979
Aruba,ABW,Entrepreneurship,0.000,1980
Aruba,ABW,Entrepreneurship,0.000,1981
Aruba,ABW,Entrepreneurship,0.000,1982
Aruba,ABW,Entrepreneurship,0.000,1983
Aruba,ABW,Entrepreneurship,0.000,1984
Aruba,ABW,Entrepreneurship,0.000,1985
Aruba,ABW,Entrepreneurship,0.000,1986
Aruba,ABW,Entrepreneurship,0.000,1987
Aruba,ABW,Entrepreneurship,0.000,1988
Aruba,ABW,Entrepreneurship,0.000,1989
Aruba,ABW,Entrepreneurship,0.000,1990
Aruba,ABW,Entrepreneurship,0.000,1991
Aruba,ABW,Entrepreneurship,0.000,1992
Aruba,ABW,Entrepreneurship,0.000,1993
Aruba,ABW,Entrepreneurship,0.000,1994
Aruba,ABW,Entrepreneurship,0.000,1995
Aruba,ABW,Entrepreneurship,0.000,1996
Aruba,ABW,Entrepreneurship,0.000,1997
Aruba,ABW,Entrepreneurship,0.000,1998
Aruba,ABW,Entrepreneurship,0.000,1999
Aruba,ABW,Entrepreneurship,0.000,2000
Aruba,ABW,Entrepreneurship,0.000,2001
Aruba,ABW,Entrepreneurship,0.000,2002
Aruba,ABW,Entrepreneurship,0.000,2003
Aruba,ABW,Entrepreneurship,0.000,2004
Aruba,ABW,Entrepreneurship,0.000,2005
Aruba,ABW,Entrepreneurship,0.000,2006
Aruba,ABW,Entrepreneurship,0.000,2007
Aruba,ABW,Entrepreneurship,0.000,2008
Aruba,ABW,Entrepreneurship,0.000,2009
Aruba,ABW,Entrepreneurship,0.000,2010
Aruba,ABW,Entrepreneurship,0.000,2011
Aruba,ABW,Entrepreneurship,0.000,2012
Aruba,ABW,Entrepreneurship,0.000,2013
Aruba,ABW,Entrepreneurship,0.000,2014
Aruba,ABW,Entrepreneurship,0.000,2015
Aruba,ABW,Entrepreneurship,0.000,2016
Aruba,ABW,Entrepreneurship,0.000,2017
Aruba,ABW,Entrepreneurship,0.000,2018
Aruba,ABW,Entrepreneurship,0.000,2019
Aruba,ABW,Entrepreneurship,0.000,2020
Aruba,ABW,Entrepreneurship,0.000,2021
Aruba,ABW,Entrepreneurship,0.000,2022
Aruba,ABW,Entrepreneurship,0.000,2023
Aruba,ABW,Environment,0.000,1960
Aruba,ABW,Environment,0.000,1961
Aruba,ABW,Environment,0.000,1962
Aruba,ABW,Environment,0.000,1963
Aruba,ABW,Environment,0.000,1964
Aruba,ABW,Environment,0.000,1965
Aruba,ABW,Environment,0.000,1966
Aruba,ABW,Environment,0.000,1967
Aruba,ABW,Environment,0.000,1968
Aruba,ABW,Environment,0.000,1969
Aruba,ABW,Environment,0.000,1970
Aruba,ABW,Environment,0.000,1971
Aruba,ABW,Environment,0.000,1972
Aruba,ABW,Environment,0.000,1973
Aruba,ABW,Environment,0.000,1974
Aruba,ABW,Environment,0.000,1975
Aruba,ABW,Environment,0.000,1976
Aruba,ABW,Environment,0.000,1977
Aruba,ABW,Environment,0.000,1978
Aruba,ABW,Environment,0.000,1979
Aruba,ABW,Environment,0.000,1980
Aruba,ABW,Environment,0.000,1981
Aruba,ABW,Environment,0.000,1982
Aruba,ABW,Environment,0.000,1983
Aruba,ABW,Environment,0.000,1984
Aruba,ABW,Environment,0.000,1985
Aruba,ABW,Environment,0.000,1986
Aruba,ABW,Environment,0.000,1987
Aruba,ABW,Environment,0.000,1988
Aruba,ABW,Environment,0.000,1989
Aruba,ABW,Environment,0.000,1990
Aruba,ABW,Environment,0.000,1991
Aruba,ABW,Environment,0.000,1992
Aruba,ABW,Environment,0.000,1993
Aruba,ABW,Environment,0.000,1994
Aruba,ABW,Environment,0.000,1995
Aruba,ABW,Environment,0.000,1996
Aruba,ABW,Environment,0.000,1997
Aruba,ABW,Environment,0.000,1998
Aruba,ABW,Environment,0.000,1999
Aruba,ABW,Environment,3.333,2000
Aruba,ABW,Environment,3.333,2001
Aruba,ABW,Environment,3.333,2002
Aruba,ABW,Environment,3.333,2003
Aruba,ABW,Environment,3.333,2004
Aruba,ABW,Environment,3.333,2005
Aruba,ABW,Environment,3.333,2006
Aruba,ABW,Environment,3.333,2007
Aruba,ABW,Environment,3.333,2008
Aruba,ABW,Environment,3.333,2009
Aruba,ABW,Environment,3.333,2010
Aruba,ABW,Environment,3.333,2011
Aruba,ABW,Environment,3.333,2012
Aruba,ABW,Environment,3.333,2013
Aruba,ABW,Environment,3.333,2014
Aruba,ABW,Environment,3.333,2015
Aruba,ABW,Environment,3.333,2016
Aruba,ABW,Environment,3.333,2017
Aruba,ABW,Environment,3.333,2018
Aruba,ABW,Environment,3.333,2019
Aruba,ABW,Environment,3.333,2020
Aruba,ABW,Environment,3.333,2021
Aruba,ABW,Environment,3.333,2022
Aruba,ABW,Environment,0.000,2023
Aruba,ABW,Health,3.030,1960
Aruba,ABW,Health,3.030,1961
Aruba,ABW,Health,3.030,1962
Aruba,ABW,Health,3.030,1963
Aruba,ABW,Health,3.030,1964
Aruba,ABW,Health,3.030,1965
Aruba,ABW,Health,3.030,1966
Aruba,ABW,Health,3.030,1967
Aruba,ABW,Health,3.030,1968
Aruba,ABW,Health,3.030,1969
Aruba,ABW,Health,3.030,1970
Aruba,ABW,Health,3.030,1971
Aruba,ABW,Health,3.030,1972
Aruba,ABW,Health,3.030,1973
Aruba,ABW,Health,3.030,1974
Aruba,ABW,Health,3.030,1975
Aruba,ABW,Health,3.030,1976
Aruba,ABW,Health,3.030,1977
Aruba,ABW,Health,3.030,1978
Aruba,ABW,Health,3.030,1979
Aruba,ABW,Health,3.030,1980
Aruba,ABW,Health,3.030,1981
Aruba,ABW,Health,3.030,1982
Aruba,ABW,Health,3.030,1983
Aruba,ABW,Health,3.030,1984
Aruba,ABW,Health,3.030,1985
Aruba,ABW,Health,3.030,1986
Aruba,ABW,Health,3.030,1987
Aruba,ABW,Health,3.030,1988
Aruba,ABW,Health,3.030,1989
Aruba,ABW,Health,3.030,1990
Aruba,ABW,Health,3.030,1991
Aruba,ABW,Health,3.030,1992
Aruba,ABW,Health,3.030,1993
Aruba,ABW,Health,3.030,1994
Aruba,ABW,Health,3.030,1995
Aruba,ABW,Health,3.030,1996
Aruba,ABW,Health,3.030,1997
Aruba,ABW,Health,3.030,1998
Aruba,ABW,Health,3.030,1999
Aruba,ABW,Health,3.535,2000
Aruba,ABW,Health,3.535,2001
Aruba,ABW,Health,4.040,2002
Aruba,ABW,Health,3.535,2003
Aruba,ABW,Health,3.535,2004
Aruba,ABW,Health,3.535,2005
Aruba,ABW,Health,3.535,2006
Aruba,ABW,Health,3.535,2007
Aruba,ABW,Health,3.535,2008
Aruba,ABW,Health,3.535,2009
Aruba,ABW,Health,3.535,2010
Aruba,ABW,Health,3.535,2011
Aruba,ABW,Health,3.535,2012
Aruba,ABW,Health,3.535,2013
Aruba,ABW,Health,3.535,2014
Aruba,ABW,Health,3.535,2015
Aruba,ABW,Health,3.535,2016
Aruba,ABW,Health,3.535,2017
Aruba,ABW,Health,3.535,2018
Aruba,ABW,Health,3.535,2019
Aruba,ABW,Health,3.535,2020
Aruba,ABW,Health,3.535,2021
Aruba,ABW,Health,3.535,2022
Aruba,ABW,Health,0.000,2023
Aruba,ABW,Leadership,0.000,1960
Aruba,ABW,Leadership,0.000,1961
Aruba,ABW,Leadership,0.000,1962
Aruba,ABW,Leadership,0.000,1963
Aruba,ABW,Leadership,0.000,1964
Aruba,ABW,Leadership,0.000,1965
Aruba,ABW,Leadership,0.000,1966
Aruba,ABW,Leadership,0.000,1967
Aruba,ABW,Leadership,0.000,1968
Aruba,ABW,Leadership,0.000,1969
Aruba,ABW,Leadership,0.000,1970
Aruba,ABW,Leadership,0.000,1971
Aruba,ABW,Leadership,0.000,1972
Aruba,ABW,Leadership,0.000,1973
Aruba,ABW,Leadership,0.000,1974
Aruba,ABW,Leadership,0.000,1975
Aruba,ABW,Leadership,0.000,1976
Aruba,ABW,Leadership,0.000,1977
Aruba,ABW,Leadership,0.000,1978
Aruba,ABW,Leadership,0.000,1979
Aruba,ABW,Leadership,0.000,1980
Aruba,ABW,Leadership,0.000,1981
Aruba,ABW,Leadership,0.000,1982
Aruba,ABW,Leadership,0.000,1983
Aruba,ABW,Leadership,0.000,1984
Aruba,ABW,Leadership,0.000,1985
Aruba,ABW,Leadership,0.000,1986
Aruba,ABW,Leadership,0.000,1987
Aruba,ABW,Leadership,0.000,1988
Aruba,ABW,Leadership,0.000,1989
Aruba,ABW,Leadership,0.000,1990
Aruba,ABW,Leadership,0.000,1991
Aruba,ABW,Leadership,0.000,1992
Aruba,ABW,Leadership,0.000,1993
Aruba,ABW,Leadership,0.000,1994
Aruba,ABW,Leadership,0.000,1995
Aruba,ABW,Leadership,0.000,1996
Aruba,ABW,Leadership,0.000,1997
Aruba,ABW,Leadership,0.000,1998
Aruba,ABW,Leadership,0.000,1999
Aruba,ABW,Leadership,0.000,2000
Aruba,ABW,Leadership,0.000,2001
Aruba,ABW,Leadership,0.000,2002
Aruba,ABW,Leadership,0.000,2003
Aruba,ABW,Leadership,0.000,2004
Aruba,ABW,Leadership,0.000,2005
Aruba,ABW,Leadership,0.000,2006
Aruba,ABW,Leadership,0.000,2007
Aruba,ABW,Leadership,0.000,2008
Aruba,ABW,Leadership,0.000,2009
Aruba,ABW,Leadership,0.000,2010
Aruba,ABW,Leadership,0.000,2011
Aruba,ABW,Leadership,0.000,2012
Aruba,ABW,Leadership,0.000,2013
Aruba,ABW,Leadership,0.000,2014
Aruba,ABW,Leadership,0.000,2015
Aruba,ABW,Leadership,0.000,2016
Aruba,ABW,Leadership,0.000,2017
Aruba,ABW,Leadership,0.000,2018
Aruba,ABW,Leadership,0.000,2019
Aruba,ABW,Leadership,0.000,2020
Aruba,ABW,Leadership,0.000,2021
Aruba,ABW,Leadership,0.000,2022
Aruba,ABW,Leadership,0.000,2023
Aruba,ABW,Norms and Decision-making,0.000,1960
Aruba,ABW,Norms and Decision-making,0.000,1961
Aruba,ABW,Norms and Decision-making,0.000,1962
Aruba,ABW,Norms and Decision-making,0.000,1963
Aruba,ABW,Norms and Decision-making,0.000,1964
Aruba,ABW,Norms and Decision-making,0.000,1965
Aruba,ABW,Norms and Decision-making,0.000,1966
Aruba,ABW,Norms and Decision-making,0.000,1967
Aruba,ABW,Norms and Decision-making,0.000,1968
Aruba,ABW,Norms and Decision-making,0.000,1969
Aruba,ABW,Norms and Decision-making,0.000,1970
Aruba,ABW,Norms and Decision-making,0.000,1971
Aruba,ABW,Norms and Decision-making,0.000,1972
Aruba,ABW,Norms and Decision-making,0.000,1973
Aruba,ABW,Norms and Decision-making,0.000,1974
Aruba,ABW,Norms and Decision-making,0.000,1975
Aruba,ABW,Norms and Decision-making,0.000,1976
Aruba,ABW,Norms and Decision-making,0.000,1977
Aruba,ABW,Norms and Decision-making,0.000,1978
Aruba,ABW,Norms and Decision-making,0.000,1979
Aruba,ABW,Norms and Decision-making,0.000,1980
Aruba,ABW,Norms and Decision-making,1.481,1981
Aruba,ABW,Norms and Decision-making,0.000,1982
Aruba,ABW,Norms and Decision-making,0.000,1983
Aruba,ABW,Norms and Decision-making,0.000,1984
Aruba,ABW,Norms and Decision-making,0.000,1985
Aruba,ABW,Norms and Decision-making,0.000,1986
Aruba,ABW,Norms and Decision-making,0.000,1987
Aruba,ABW,Norms and Decision-making,0.000,1988
Aruba,ABW,Norms and Decision-making,0.000,1989
Aruba,ABW,Norms and Decision-making,0.000,1990
Aruba,ABW,Norms and Decision-making,1.481,1991
Aruba,ABW,Norms and Decision-making,0.000,1992
Aruba,ABW,Norms and Decision-making,0.000,1993
Aruba,ABW,Norms and Decision-making,0.000,1994
Aruba,ABW,Norms and Decision-making,0.000,1995
Aruba,ABW,Norms and Decision-making,0.000,1996
Aruba,ABW,Norms and Decision-making,0.000,1997
Aruba,ABW,Norms and Decision-making,0.000,1998
Aruba,ABW,Norms and Decision-making,0.000,1999
Aruba,ABW,Norms and Decision-making,1.481,2000
Aruba,ABW,Norms and Decision-making,0.000,2001
Aruba,ABW,Norms and Decision-making,0.000,2002
Aruba,ABW,Norms and Decision-making,0.000,2003
Aruba,ABW,Norms and Decision-making,0.000,2004
Aruba,ABW,Norms and Decision-making,0.000,2005
Aruba,ABW,Norms and Decision-making,0.000,2006
Aruba,ABW,Norms and Decision-making,0.000,2007
Aruba,ABW,Norms and Decision-making,0.000,2008
Aruba,ABW,Norms and Decision-making,0.000,2009
Aruba,ABW,Norms and Decision-making,1.481,2010
Aruba,ABW,Norms and Decision-making,0.000,2011
Aruba,ABW,Norms and Decision-making,0.000,2012
Aruba,ABW,Norms and Decision-making,0.000,2013
Aruba,ABW,Norms and Decision-making,0.000,2014
Aruba,ABW,Norms and Decision-making,0.000,2015
Aruba,ABW,Norms and Decision-making,0.000,2016
Aruba,ABW,Norms and Decision-making,0.000,2017
Aruba,ABW,Norms and Decision-making,0.000,2018
Aruba,ABW,Norms and Decision-making,0.000,2019
Aruba,ABW,Norms and Decision-making,0.000,2020
Aruba,ABW,Norms and Decision-making,0.000,2021
Aruba,ABW,Norms and Decision-making,0.000,2022
Aruba,ABW,Norms and Decision-making,0.000,2023
Aruba,ABW,Population,86.905,1960
Aruba,ABW,Population,86.905,1961
Aruba,ABW,Population,86.905,1962
Aruba,ABW,Population,86.905,1963
Aruba,ABW,Population,86.905,1964
Aruba,ABW,Population,86.905,1965
Aruba,ABW,Population,86.905,1966
Aruba,ABW,Population,86.905,1967
Aruba,ABW,Population,86.905,1968
Aruba,ABW,Population,86.905,1969
Aruba,ABW,Population,86.905,1970
Aruba,ABW,Population,86.905,1971
Aruba,ABW,Population,86.905,1972
Aruba,ABW,Population,86.905,1973
Aruba,ABW,Population,86.905,1974
Aruba,ABW,Population,86.905,1975
Aruba,ABW,Population,86.905,1976
Aruba,ABW,Population,86.905,1977
Aruba,ABW,Population,86.905,1978
Aruba,ABW,Population,86.905,1979
Aruba,ABW,Population,91.667,1980
Aruba,ABW,Population,89.286,1981
Aruba,ABW,Population,86.905,1982
Aruba,ABW,Population,86.905,1983
Aruba,ABW,Population,86.905,1984
Aruba,ABW,Population,91.667,1985
Aruba,ABW,Population,86.905,1986
Aruba,ABW,Population,86.905,1987
Aruba,ABW,Population,86.905,1988
Aruba,ABW,Population,86.905,1989
Aruba,ABW,Population,92.857,1990
Aruba,ABW,Population,89.286,1991
Aruba,ABW,Population,86.905,1992
Aruba,ABW,Population,86.905,1993
Aruba,ABW,Population,86.905,1994
Aruba,ABW,Population,92.857,1995
Aruba,ABW,Population,86.905,1996
Aruba,ABW,Population,86.905,1997
Aruba,ABW,Population,86.905,1998
Aruba,ABW,Population,86.905,1999
Aruba,ABW,Population,95.238,2000
Aruba,ABW,Population,86.905,2001
Aruba,ABW,Population,86.905,2002
Aruba,ABW,Population,86.905,2003
Aruba,ABW,Population,86.905,2004
Aruba,ABW,Population,92.857,2005
Aruba,ABW,Population,86.905,2006
Aruba,ABW,Population,86.905,2007
Aruba,ABW,Population,86.905,2008
Aruba,ABW,Population,86.905,2009
Aruba,ABW,Population,95.238,2010
Aruba,ABW,Population,86.905,2011
Aruba,ABW,Population,86.905,2012
Aruba,ABW,Population,86.905,2013
Aruba,ABW,Population,86.905,2014
Aruba,ABW,Population,92.857,2015
Aruba,ABW,Population,86.905,2016
Aruba,ABW,Population,86.905,2017
Aruba,ABW,Population,86.905,2018
Aruba,ABW,Population,86.905,2019
Aruba,ABW,Population,88.095,2020
Aruba,ABW,Population,86.905,2021
Aruba,ABW,Population,86.905,2022
Aruba,ABW,Population,77.381,2023
Aruba,ABW,SDGs,0.671,1960
Aruba,ABW,SDGs,0.671,1961
Aruba,ABW,SDGs,0.671,1962
Aruba,ABW,SDGs,0.671,1963
Aruba,ABW,SDGs,0.671,1964
Aruba,ABW,SDGs,0.671,1965
Aruba,ABW,SDGs,0.671,1966
Aruba,ABW,SDGs,0.671,1967
Aruba,ABW,SDGs,0.671,1968
Aruba,ABW,SDGs,0.671,1969
Aruba,ABW,SDGs,0.671,1970
Aruba,ABW,SDGs,0.671,1971
Aruba,ABW,SDGs,0.671,1972
Aruba,ABW,SDGs,0.671,1973
Aruba,ABW,SDGs,0.671,1974
Aruba,ABW,SDGs,0.671,1975
Aruba,ABW,SDGs,0.671,1976
Aruba,ABW,SDGs,0.671,1977
Aruba,ABW,SDGs,0.671,1978
Aruba,ABW,SDGs,0.671,1979
Aruba,ABW,SDGs,0.671,1980
Aruba,ABW,SDGs,0.671,1981
Aruba,ABW,SDGs,0.671,1982
Aruba,ABW,SDGs,0.671,1983
Aruba,ABW,SDGs,0.671,1984
Aruba,ABW,SDGs,0.671,1985
Aruba,ABW,SDGs,0.671,1986
Aruba,ABW,SDGs,0.671,1987
Aruba,ABW,SDGs,0.671,1988
Aruba,ABW,SDGs,0.671,1989
Aruba,ABW,SDGs,0.671,1990
Aruba,ABW,SDGs,4.698,1991
Aruba,ABW,SDGs,0.671,1992
Aruba,ABW,SDGs,0.671,1993
Aruba,ABW,SDGs,2.685,1994
Aruba,ABW,SDGs,0.671,1995
Aruba,ABW,SDGs,0.671,1996
Aruba,ABW,SDGs,2.685,1997
Aruba,ABW,SDGs,0.671,1998
Aruba,ABW,SDGs,0.671,1999
Aruba,ABW,SDGs,3.356,2000
Aruba,ABW,SDGs,3.356,2001
Aruba,ABW,SDGs,2.013,2002
Aruba,ABW,SDGs,1.342,2003
Aruba,ABW,SDGs,1.342,2004
Aruba,ABW,SDGs,1.342,2005
Aruba,ABW,SDGs,1.342,2006
Aruba,ABW,SDGs,3.356,2007
Aruba,ABW,SDGs,1.342,2008
Aruba,ABW,SDGs,1.342,2009
Aruba,ABW,SDGs,5.369,2010
Aruba,ABW,SDGs,3.356,2011
Aruba,ABW,SDGs,1.342,2012
Aruba,ABW,SDGs,1.342,2013
Aruba,ABW,SDGs,1.342,2014
Aruba,ABW,SDGs,1.342,2015
Aruba,ABW,SDGs,1.342,2016
Aruba,ABW,SDGs,1.342,2017
Aruba,ABW,SDGs,1.342,2018
Aruba,ABW,SDGs,1.342,2019
Aruba,ABW,SDGs,1.342,2020
Aruba,ABW,SDGs,1.342,2021
Aruba,ABW,SDGs,1.342,2022
Aruba,ABW,SDGs,0.000,2023
Aruba,ABW,Technology,0.000,1960
Aruba,ABW,Technology,0.000,1961
Aruba,ABW,Technology,0.000,1962
Aruba,ABW,Technology,0.000,1963
Aruba,ABW,Technology,0.000,1964
Aruba,ABW,Technology,0.000,1965
Aruba,ABW,Technology,0.000,1966
Aruba,ABW,Technology,0.000,1967
Aruba,ABW,Technology,0.000,1968
Aruba,ABW,Technology,0.000,1969
Aruba,ABW,Technology,0.000,1970
Aruba,ABW,Technology,0.000,1971
Aruba,ABW,Technology,0.000,1972
Aruba,ABW,Technology,0.000,1973
Aruba,ABW,Technology,0.000,1974
Aruba,ABW,Technology,0.000,1975
Aruba,ABW,Technology,0.000,1976
Aruba,ABW,Technology,0.000,1977
Aruba,ABW,Technology,0.000,1978
Aruba,ABW,Technology,0.000,1979
Aruba,ABW,Technology,0.000,1980
Aruba,ABW,Technology,0.000,1981
Aruba,ABW,Technology,0.000,1982
Aruba,ABW,Technology,0.000,1983
Aruba,ABW,Technology,0.000,1984
Aruba,ABW,Technology,0.000,1985
Aruba,ABW,Technology,0.000,1986
Aruba,ABW,Technology,0.000,1987
Aruba,ABW,Technology,0.000,1988
Aruba,ABW,Technology,0.000,1989
Aruba,ABW,Technology,2.222,1990
Aruba,ABW,Technology,2.222,1991
Aruba,ABW,Technology,2.222,1992
Aruba,ABW,Technology,2.222,1993
Aruba,ABW,Technology,2.222,1994
Aruba,ABW,Technology,2.222,1995
Aruba,ABW,Technology,2.222,1996
Aruba,ABW,Technology,0.000,1997
Aruba,ABW,Technology,0.000,1998
Aruba,ABW,Technology,6.667,1999
Aruba,ABW,Technology,6.667,2000
Aruba,ABW,Technology,6.667,2001
Aruba,ABW,Technology,6.667,2002
Aruba,ABW,Technology,6.667,2003
Aruba,ABW,Technology,6.667,2004
Aruba,ABW,Technology,6.667,2005
Aruba,ABW,Technology,6.667,2006
Aruba,ABW,Technology,6.667,2007
Aruba,ABW,Technology,6.667,2008
Aruba,ABW,Technology,6.667,2009
Aruba,ABW,Technology,6.667,2010
Aruba,ABW,Technology,6.667,2011
Aruba,ABW,Technology,6.667,2012
Aruba,ABW,Technology,2.222,2013
Aruba,ABW,Technology,4.444,2014
Aruba,ABW,Technology,4.444,2015
Aruba,ABW,Technology,6.667,2016
Aruba,ABW,Technology,2.222,2017
Aruba,ABW,Technology,0.000,2018
Aruba,ABW,Technology,0.000,2019
Aruba,ABW,Technology,0.000,2020
Aruba,ABW,Technology,0.000,2021
Aruba,ABW,Technology,0.000,2022
Aruba,ABW,Technology,0.000,2023
Aruba,ABW,Violence,0.000,1960
Aruba,ABW,Violence,0.000,1961
Aruba,ABW,Violence,0.000,1962
Aruba,ABW,Violence,0.000,1963
Aruba,ABW,Violence,0.000,1964
Aruba,ABW,Violence,0.000,1965
Aruba,ABW,Violence,0.000,1966
Aruba,ABW,Violence,0.000,1967
Aruba,ABW,Violence,0.000,1968
Aruba,ABW,Violence,0.000,1969
Aruba,ABW,Violence,0.000,1970
Aruba,ABW,Violence,0.000,1971
Aruba,ABW,Violence,0.000,1972
Aruba,ABW,Violence,0.000,1973
Aruba,ABW,Violence,0.000,1974
Aruba,ABW,Violence,0.000,1975
Aruba,ABW,Violence,0.000,1976
Aruba,ABW,Violence,0.000,1977
Aruba,ABW,Violence,0.000,1978
Aruba,ABW,Violence,0.000,1979
Aruba,ABW,Violence,0.000,1980
Aruba,ABW,Violence,0.000,1981
Aruba,ABW,Violence,0.000,1982
Aruba,ABW,Violence,0.000,1983
Aruba,ABW,Violence,0.000,1984
Aruba,ABW,Violence,0.000,1985
Aruba,ABW,Violence,0.000,1986
Aruba,ABW,Violence,0.000,1987
Aruba,ABW,Violence,0.000,1988
Aruba,ABW,Violence,0.000,1989
Aruba,ABW,Violence,2.143,1990
Aruba,ABW,Violence,0.000,1991
Aruba,ABW,Violence,0.000,1992
Aruba,ABW,Violence,0.000,1993
Aruba,ABW,Violence,0.000,1994
Aruba,ABW,Violence,2.143,1995
Aruba,ABW,Violence,0.000,1996
Aruba,ABW,Violence,0.000,1997
Aruba,ABW,Violence,0.000,1998
Aruba,ABW,Violence,2.143,1999
Aruba,ABW,Violence,0.000,2000
Aruba,ABW,Violence,2.143,2001
Aruba,ABW,Violence,2.143,2002
Aruba,ABW,Violence,2.143,2003
Aruba,ABW,Violence,2.143,2004
Aruba,ABW,Violence,2.143,2005
Aruba,ABW,Violence,2.143,2006
Aruba,ABW,Violence,2.143,2007
Aruba,ABW,Violence,2.143,2008
Aruba,ABW,Violence,2.143,2009
Aruba,ABW,Violence,2.143,2010
Aruba,ABW,Violence,2.143,2011
Aruba,ABW,Violence,2.143,2012
Aruba,ABW,Violence,2.143,2013
Aruba,ABW,Violence,2.143,2014
Aruba,ABW,Violence,0.000,2015
Aruba,ABW,Violence,0.000,2016
Aruba,ABW,Violence,0.000,2017
Aruba,ABW,Violence,0.000,2018
Aruba,ABW,Violence,0.000,2019
Aruba,ABW,Violence,0.000,2020
Aruba,ABW,Violence,0.000,2021
Aruba,ABW,Violence,0.000,2022
Aruba,ABW,Violence,0.000,2023
Aruba,ABW,Youth 15-24,4.587,1960
Aruba,ABW,Youth 15-24,4.587,1961
Aruba,ABW,Youth 15-24,4.587,1962
Aruba,ABW,Youth 15-24,4.587,1963
Aruba,ABW,Youth 15-24,4.587,1964
Aruba,ABW,Youth 15-24,4.587,1965
Aruba,ABW,Youth 15-24,4.587,1966
Aruba,ABW,Youth 15-24,4.587,1967
Aruba,ABW,Youth 15-24,4.587,1968
Aruba,ABW,Youth 15-24,4.587,1969
Aruba,ABW,Youth 15-24,4.587,1970
Aruba,ABW,Youth 15-24,4.587,1971
Aruba,ABW,Youth 15-24,4.587,1972
Aruba,ABW,Youth 15-24,4.587,1973
Aruba,ABW,Youth 15-24,4.587,1974
Aruba,ABW,Youth 15-24,4.587,1975
Aruba,ABW,Youth 15-24,4.587,1976
Aruba,ABW,Youth 15-24,4.587,1977
Aruba,ABW,Youth 15-24,4.587,1978
Aruba,ABW,Youth 15-24,4.587,1979
Aruba,ABW,Youth 15-24,4.587,1980
Aruba,ABW,Youth 15-24,4.587,1981
Aruba,ABW,Youth 15-24,4.587,1982
Aruba,ABW,Youth 15-24,4.587,1983
Aruba,ABW,Youth 15-24,4.587,1984
Aruba,ABW,Youth 15-24,4.587,1985
Aruba,ABW,Youth 15-24,4.587,1986
Aruba,ABW,Youth 15-24,4.587,1987
Aruba,ABW,Youth 15-24,4.587,1988
Aruba,ABW,Youth 15-24,4.587,1989
Aruba,ABW,Youth 15-24,4.587,1990
Aruba,ABW,Youth 15-24,19.266,1991
Aruba,ABW,Youth 15-24,4.587,1992
Aruba,ABW,Youth 15-24,4.587,1993
Aruba,ABW,Youth 15-24,4.587,1994
Aruba,ABW,Youth 15-24,4.587,1995
Aruba,ABW,Youth 15-24,4.587,1996
Aruba,ABW,Youth 15-24,4.587,1997
Aruba,ABW,Youth 15-24,4.587,1998
Aruba,ABW,Youth 15-24,41.284,1999
Aruba,ABW,Youth 15-24,54.128,2000
Aruba,ABW,Youth 15-24,37.615,2001
Aruba,ABW,Youth 15-24,37.615,2002
Aruba,ABW,Youth 15-24,37.615,2003
Aruba,ABW,Youth 15-24,34.862,2004
Aruba,ABW,Youth 15-24,34.862,2005
Aruba,ABW,Youth 15-24,30.275,2006
Aruba,ABW,Youth 15-24,35.780,2007
Aruba,ABW,Youth 15-24,37.615,2008
Aruba,ABW,Youth 15-24,34.862,2009
Aruba,ABW,Youth 15-24,52.294,2010
Aruba,ABW,Youth 15-24,33.028,2011
Aruba,ABW,Youth 15-24,30.275,2012
Aruba,ABW,Youth 15-24,8.257,2013
Aruba,ABW,Youth 15-24,12.844,2014
Aruba,ABW,Youth 15-24,11.009,2015
Aruba,ABW,Youth 15-24,12.844,2016
Aruba,ABW,Youth 15-24,4.587,2017
Aruba,ABW,Youth 15-24,11.927,2018
Aruba,ABW,Youth 15-24,8.257,2019
Aruba,ABW,Youth 15-24,11.927,2020
Aruba,ABW,Youth 15-24,8.257,2021
Aruba,ABW,Youth 15-24,8.257,2022
Aruba,ABW,Youth 15-24,3.670,2023
