Country Name,Country Code,Topic,% of available indicators,Year
West Bank and Gaza,PSE,Assets,0.000,1960
West Bank and Gaza,PSE,Assets,0.000,1961
West Bank and Gaza,PSE,Assets,0.000,1962
West Bank and Gaza,PSE,Assets,0.000,1963
West Bank and Gaza,PSE,Assets,0.000,1964
West Bank and Gaza,PSE,Assets,0.000,1965
West Bank and Gaza,PSE,Assets,0.000,1966
West Bank and Gaza,PSE,Assets,0.000,1967
West Bank and Gaza,PSE,Assets,0.000,1968
West Bank and Gaza,PSE,Assets,0.000,1969
West Bank and Gaza,PSE,Assets,2.208,1970
West Bank and Gaza,PSE,Assets,2.208,1971
West Bank and Gaza,PSE,Assets,2.208,1972
West Bank and Gaza,PSE,Assets,2.208,1973
West Bank and Gaza,PSE,Assets,2.208,1974
West Bank and Gaza,PSE,Assets,2.208,1975
West Bank and Gaza,PSE,Assets,2.208,1976
West Bank and Gaza,PSE,Assets,2.208,1977
West Bank and Gaza,PSE,Assets,2.208,1978
West Bank and Gaza,PSE,Assets,2.208,1979
West Bank and Gaza,PSE,Assets,2.208,1980
West Bank and Gaza,PSE,Assets,2.208,1981
West Bank and Gaza,PSE,Assets,2.208,1982
West Bank and Gaza,PSE,Assets,2.208,1983
West Bank and Gaza,PSE,Assets,2.208,1984
West Bank and Gaza,PSE,Assets,2.208,1985
West Bank and Gaza,PSE,Assets,2.208,1986
West Bank and Gaza,PSE,Assets,2.208,1987
West Bank and Gaza,PSE,Assets,2.208,1988
West Bank and Gaza,PSE,Assets,2.208,1989
West Bank and Gaza,PSE,Assets,2.208,1990
West Bank and Gaza,PSE,Assets,2.208,1991
West Bank and Gaza,PSE,Assets,2.208,1992
West Bank and Gaza,PSE,Assets,2.208,1993
West Bank and Gaza,PSE,Assets,2.208,1994
West Bank and Gaza,PSE,Assets,2.208,1995
West Bank and Gaza,PSE,Assets,2.208,1996
West Bank and Gaza,PSE,Assets,2.208,1997
West Bank and Gaza,PSE,Assets,2.208,1998
West Bank and Gaza,PSE,Assets,2.208,1999
West Bank and Gaza,PSE,Assets,2.208,2000
West Bank and Gaza,PSE,Assets,2.208,2001
West Bank and Gaza,PSE,Assets,2.208,2002
West Bank and Gaza,PSE,Assets,2.208,2003
West Bank and Gaza,PSE,Assets,2.208,2004
West Bank and Gaza,PSE,Assets,2.208,2005
West Bank and Gaza,PSE,Assets,2.208,2006
West Bank and Gaza,PSE,Assets,2.208,2007
West Bank and Gaza,PSE,Assets,2.208,2008
West Bank and Gaza,PSE,Assets,2.208,2009
West Bank and Gaza,PSE,Assets,2.208,2010
West Bank and Gaza,PSE,Assets,11.672,2011
West Bank and Gaza,PSE,Assets,2.208,2012
West Bank and Gaza,PSE,Assets,2.208,2013
West Bank and Gaza,PSE,Assets,30.599,2014
West Bank and Gaza,PSE,Assets,2.208,2015
West Bank and Gaza,PSE,Assets,2.208,2016
West Bank and Gaza,PSE,Assets,32.492,2017
West Bank and Gaza,PSE,Assets,2.208,2018
West Bank and Gaza,PSE,Assets,2.208,2019
West Bank and Gaza,PSE,Assets,2.208,2020
West Bank and Gaza,PSE,Assets,63.091,2021
West Bank and Gaza,PSE,Assets,2.208,2022
West Bank and Gaza,PSE,Assets,2.208,2023
West Bank and Gaza,PSE,Children 0-14,1.538,1960
West Bank and Gaza,PSE,Children 0-14,1.538,1961
West Bank and Gaza,PSE,Children 0-14,1.538,1962
West Bank and Gaza,PSE,Children 0-14,1.538,1963
West Bank and Gaza,PSE,Children 0-14,1.538,1964
West Bank and Gaza,PSE,Children 0-14,1.538,1965
West Bank and Gaza,PSE,Children 0-14,1.538,1966
West Bank and Gaza,PSE,Children 0-14,1.538,1967
West Bank and Gaza,PSE,Children 0-14,1.538,1968
West Bank and Gaza,PSE,Children 0-14,1.538,1969
West Bank and Gaza,PSE,Children 0-14,1.538,1970
West Bank and Gaza,PSE,Children 0-14,1.538,1971
West Bank and Gaza,PSE,Children 0-14,1.538,1972
West Bank and Gaza,PSE,Children 0-14,1.538,1973
West Bank and Gaza,PSE,Children 0-14,1.538,1974
West Bank and Gaza,PSE,Children 0-14,6.154,1975
West Bank and Gaza,PSE,Children 0-14,9.231,1976
West Bank and Gaza,PSE,Children 0-14,8.462,1977
West Bank and Gaza,PSE,Children 0-14,8.462,1978
West Bank and Gaza,PSE,Children 0-14,8.462,1979
West Bank and Gaza,PSE,Children 0-14,10.000,1980
West Bank and Gaza,PSE,Children 0-14,10.769,1981
West Bank and Gaza,PSE,Children 0-14,10.000,1982
West Bank and Gaza,PSE,Children 0-14,10.000,1983
West Bank and Gaza,PSE,Children 0-14,10.000,1984
West Bank and Gaza,PSE,Children 0-14,10.000,1985
West Bank and Gaza,PSE,Children 0-14,10.769,1986
West Bank and Gaza,PSE,Children 0-14,10.000,1987
West Bank and Gaza,PSE,Children 0-14,10.000,1988
West Bank and Gaza,PSE,Children 0-14,10.000,1989
West Bank and Gaza,PSE,Children 0-14,19.231,1990
West Bank and Gaza,PSE,Children 0-14,20.000,1991
West Bank and Gaza,PSE,Children 0-14,20.000,1992
West Bank and Gaza,PSE,Children 0-14,21.538,1993
West Bank and Gaza,PSE,Children 0-14,21.538,1994
West Bank and Gaza,PSE,Children 0-14,30.000,1995
West Bank and Gaza,PSE,Children 0-14,41.538,1996
West Bank and Gaza,PSE,Children 0-14,30.000,1997
West Bank and Gaza,PSE,Children 0-14,20.769,1998
West Bank and Gaza,PSE,Children 0-14,40.000,1999
West Bank and Gaza,PSE,Children 0-14,53.846,2000
West Bank and Gaza,PSE,Children 0-14,42.308,2001
West Bank and Gaza,PSE,Children 0-14,49.231,2002
West Bank and Gaza,PSE,Children 0-14,44.615,2003
West Bank and Gaza,PSE,Children 0-14,60.769,2004
West Bank and Gaza,PSE,Children 0-14,42.308,2005
West Bank and Gaza,PSE,Children 0-14,56.923,2006
West Bank and Gaza,PSE,Children 0-14,49.231,2007
West Bank and Gaza,PSE,Children 0-14,49.231,2008
West Bank and Gaza,PSE,Children 0-14,46.923,2009
West Bank and Gaza,PSE,Children 0-14,66.154,2010
West Bank and Gaza,PSE,Children 0-14,49.231,2011
West Bank and Gaza,PSE,Children 0-14,49.231,2012
West Bank and Gaza,PSE,Children 0-14,46.923,2013
West Bank and Gaza,PSE,Children 0-14,59.231,2014
West Bank and Gaza,PSE,Children 0-14,47.692,2015
West Bank and Gaza,PSE,Children 0-14,46.923,2016
West Bank and Gaza,PSE,Children 0-14,51.538,2017
West Bank and Gaza,PSE,Children 0-14,51.538,2018
West Bank and Gaza,PSE,Children 0-14,38.462,2019
West Bank and Gaza,PSE,Children 0-14,56.923,2020
West Bank and Gaza,PSE,Children 0-14,38.462,2021
West Bank and Gaza,PSE,Children 0-14,35.385,2022
West Bank and Gaza,PSE,Children 0-14,19.231,2023
West Bank and Gaza,PSE,Education,0.000,1960
West Bank and Gaza,PSE,Education,0.000,1961
West Bank and Gaza,PSE,Education,0.000,1962
West Bank and Gaza,PSE,Education,0.000,1963
West Bank and Gaza,PSE,Education,0.000,1964
West Bank and Gaza,PSE,Education,0.000,1965
West Bank and Gaza,PSE,Education,0.000,1966
West Bank and Gaza,PSE,Education,0.000,1967
West Bank and Gaza,PSE,Education,0.000,1968
West Bank and Gaza,PSE,Education,0.000,1969
West Bank and Gaza,PSE,Education,0.000,1970
West Bank and Gaza,PSE,Education,0.000,1971
West Bank and Gaza,PSE,Education,0.000,1972
West Bank and Gaza,PSE,Education,0.000,1973
West Bank and Gaza,PSE,Education,0.000,1974
West Bank and Gaza,PSE,Education,0.000,1975
West Bank and Gaza,PSE,Education,0.613,1976
West Bank and Gaza,PSE,Education,0.000,1977
West Bank and Gaza,PSE,Education,0.000,1978
West Bank and Gaza,PSE,Education,0.000,1979
West Bank and Gaza,PSE,Education,0.000,1980
West Bank and Gaza,PSE,Education,0.613,1981
West Bank and Gaza,PSE,Education,0.000,1982
West Bank and Gaza,PSE,Education,0.000,1983
West Bank and Gaza,PSE,Education,0.000,1984
West Bank and Gaza,PSE,Education,0.000,1985
West Bank and Gaza,PSE,Education,0.613,1986
West Bank and Gaza,PSE,Education,0.000,1987
West Bank and Gaza,PSE,Education,0.000,1988
West Bank and Gaza,PSE,Education,0.000,1989
West Bank and Gaza,PSE,Education,0.000,1990
West Bank and Gaza,PSE,Education,0.613,1991
West Bank and Gaza,PSE,Education,0.613,1992
West Bank and Gaza,PSE,Education,0.613,1993
West Bank and Gaza,PSE,Education,0.613,1994
West Bank and Gaza,PSE,Education,15.951,1995
West Bank and Gaza,PSE,Education,20.859,1996
West Bank and Gaza,PSE,Education,25.767,1997
West Bank and Gaza,PSE,Education,3.067,1998
West Bank and Gaza,PSE,Education,47.853,1999
West Bank and Gaza,PSE,Education,49.080,2000
West Bank and Gaza,PSE,Education,49.080,2001
West Bank and Gaza,PSE,Education,39.264,2002
West Bank and Gaza,PSE,Education,50.307,2003
West Bank and Gaza,PSE,Education,64.417,2004
West Bank and Gaza,PSE,Education,37.423,2005
West Bank and Gaza,PSE,Education,51.534,2006
West Bank and Gaza,PSE,Education,64.417,2007
West Bank and Gaza,PSE,Education,64.417,2008
West Bank and Gaza,PSE,Education,62.577,2009
West Bank and Gaza,PSE,Education,71.779,2010
West Bank and Gaza,PSE,Education,69.939,2011
West Bank and Gaza,PSE,Education,70.552,2012
West Bank and Gaza,PSE,Education,67.485,2013
West Bank and Gaza,PSE,Education,71.166,2014
West Bank and Gaza,PSE,Education,71.779,2015
West Bank and Gaza,PSE,Education,71.166,2016
West Bank and Gaza,PSE,Education,79.755,2017
West Bank and Gaza,PSE,Education,79.755,2018
West Bank and Gaza,PSE,Education,45.399,2019
West Bank and Gaza,PSE,Education,52.147,2020
West Bank and Gaza,PSE,Education,39.264,2021
West Bank and Gaza,PSE,Education,37.423,2022
West Bank and Gaza,PSE,Education,18.405,2023
West Bank and Gaza,PSE,Employment and Time Use,0.000,1960
West Bank and Gaza,PSE,Employment and Time Use,0.000,1961
West Bank and Gaza,PSE,Employment and Time Use,0.000,1962
West Bank and Gaza,PSE,Employment and Time Use,0.000,1963
West Bank and Gaza,PSE,Employment and Time Use,0.000,1964
West Bank and Gaza,PSE,Employment and Time Use,0.000,1965
West Bank and Gaza,PSE,Employment and Time Use,0.000,1966
West Bank and Gaza,PSE,Employment and Time Use,0.000,1967
West Bank and Gaza,PSE,Employment and Time Use,0.000,1968
West Bank and Gaza,PSE,Employment and Time Use,0.000,1969
West Bank and Gaza,PSE,Employment and Time Use,21.168,1970
West Bank and Gaza,PSE,Employment and Time Use,21.168,1971
West Bank and Gaza,PSE,Employment and Time Use,21.168,1972
West Bank and Gaza,PSE,Employment and Time Use,21.168,1973
West Bank and Gaza,PSE,Employment and Time Use,21.168,1974
West Bank and Gaza,PSE,Employment and Time Use,21.168,1975
West Bank and Gaza,PSE,Employment and Time Use,21.168,1976
West Bank and Gaza,PSE,Employment and Time Use,21.168,1977
West Bank and Gaza,PSE,Employment and Time Use,21.168,1978
West Bank and Gaza,PSE,Employment and Time Use,21.168,1979
West Bank and Gaza,PSE,Employment and Time Use,21.168,1980
West Bank and Gaza,PSE,Employment and Time Use,21.168,1981
West Bank and Gaza,PSE,Employment and Time Use,21.168,1982
West Bank and Gaza,PSE,Employment and Time Use,21.168,1983
West Bank and Gaza,PSE,Employment and Time Use,21.168,1984
West Bank and Gaza,PSE,Employment and Time Use,21.168,1985
West Bank and Gaza,PSE,Employment and Time Use,21.168,1986
West Bank and Gaza,PSE,Employment and Time Use,21.168,1987
West Bank and Gaza,PSE,Employment and Time Use,21.168,1988
West Bank and Gaza,PSE,Employment and Time Use,21.168,1989
West Bank and Gaza,PSE,Employment and Time Use,31.387,1990
West Bank and Gaza,PSE,Employment and Time Use,56.204,1991
West Bank and Gaza,PSE,Employment and Time Use,56.204,1992
West Bank and Gaza,PSE,Employment and Time Use,56.204,1993
West Bank and Gaza,PSE,Employment and Time Use,56.204,1994
West Bank and Gaza,PSE,Employment and Time Use,56.204,1995
West Bank and Gaza,PSE,Employment and Time Use,56.204,1996
West Bank and Gaza,PSE,Employment and Time Use,56.204,1997
West Bank and Gaza,PSE,Employment and Time Use,56.204,1998
West Bank and Gaza,PSE,Employment and Time Use,56.204,1999
West Bank and Gaza,PSE,Employment and Time Use,88.321,2000
West Bank and Gaza,PSE,Employment and Time Use,86.861,2001
West Bank and Gaza,PSE,Employment and Time Use,86.861,2002
West Bank and Gaza,PSE,Employment and Time Use,86.861,2003
West Bank and Gaza,PSE,Employment and Time Use,86.861,2004
West Bank and Gaza,PSE,Employment and Time Use,86.861,2005
West Bank and Gaza,PSE,Employment and Time Use,86.861,2006
West Bank and Gaza,PSE,Employment and Time Use,86.861,2007
West Bank and Gaza,PSE,Employment and Time Use,86.861,2008
West Bank and Gaza,PSE,Employment and Time Use,86.131,2009
West Bank and Gaza,PSE,Employment and Time Use,88.321,2010
West Bank and Gaza,PSE,Employment and Time Use,88.321,2011
West Bank and Gaza,PSE,Employment and Time Use,88.321,2012
West Bank and Gaza,PSE,Employment and Time Use,89.781,2013
West Bank and Gaza,PSE,Employment and Time Use,88.321,2014
West Bank and Gaza,PSE,Employment and Time Use,91.971,2015
West Bank and Gaza,PSE,Employment and Time Use,91.971,2016
West Bank and Gaza,PSE,Employment and Time Use,91.971,2017
West Bank and Gaza,PSE,Employment and Time Use,91.971,2018
West Bank and Gaza,PSE,Employment and Time Use,91.971,2019
West Bank and Gaza,PSE,Employment and Time Use,90.511,2020
West Bank and Gaza,PSE,Employment and Time Use,90.511,2021
West Bank and Gaza,PSE,Employment and Time Use,90.511,2022
West Bank and Gaza,PSE,Employment and Time Use,21.168,2023
West Bank and Gaza,PSE,Entrepreneurship,0.000,1960
West Bank and Gaza,PSE,Entrepreneurship,0.000,1961
West Bank and Gaza,PSE,Entrepreneurship,0.000,1962
West Bank and Gaza,PSE,Entrepreneurship,0.000,1963
West Bank and Gaza,PSE,Entrepreneurship,0.000,1964
West Bank and Gaza,PSE,Entrepreneurship,0.000,1965
West Bank and Gaza,PSE,Entrepreneurship,0.000,1966
West Bank and Gaza,PSE,Entrepreneurship,0.000,1967
West Bank and Gaza,PSE,Entrepreneurship,0.000,1968
West Bank and Gaza,PSE,Entrepreneurship,0.000,1969
West Bank and Gaza,PSE,Entrepreneurship,9.375,1970
West Bank and Gaza,PSE,Entrepreneurship,9.375,1971
West Bank and Gaza,PSE,Entrepreneurship,9.375,1972
West Bank and Gaza,PSE,Entrepreneurship,9.375,1973
West Bank and Gaza,PSE,Entrepreneurship,9.375,1974
West Bank and Gaza,PSE,Entrepreneurship,9.375,1975
West Bank and Gaza,PSE,Entrepreneurship,9.375,1976
West Bank and Gaza,PSE,Entrepreneurship,9.375,1977
West Bank and Gaza,PSE,Entrepreneurship,9.375,1978
West Bank and Gaza,PSE,Entrepreneurship,9.375,1979
West Bank and Gaza,PSE,Entrepreneurship,9.375,1980
West Bank and Gaza,PSE,Entrepreneurship,9.375,1981
West Bank and Gaza,PSE,Entrepreneurship,9.375,1982
West Bank and Gaza,PSE,Entrepreneurship,9.375,1983
West Bank and Gaza,PSE,Entrepreneurship,9.375,1984
West Bank and Gaza,PSE,Entrepreneurship,9.375,1985
West Bank and Gaza,PSE,Entrepreneurship,9.375,1986
West Bank and Gaza,PSE,Entrepreneurship,9.375,1987
West Bank and Gaza,PSE,Entrepreneurship,9.375,1988
West Bank and Gaza,PSE,Entrepreneurship,9.375,1989
West Bank and Gaza,PSE,Entrepreneurship,9.375,1990
West Bank and Gaza,PSE,Entrepreneurship,9.375,1991
West Bank and Gaza,PSE,Entrepreneurship,9.375,1992
West Bank and Gaza,PSE,Entrepreneurship,9.375,1993
West Bank and Gaza,PSE,Entrepreneurship,9.375,1994
West Bank and Gaza,PSE,Entrepreneurship,9.375,1995
West Bank and Gaza,PSE,Entrepreneurship,9.375,1996
West Bank and Gaza,PSE,Entrepreneurship,9.375,1997
West Bank and Gaza,PSE,Entrepreneurship,9.375,1998
West Bank and Gaza,PSE,Entrepreneurship,9.375,1999
West Bank and Gaza,PSE,Entrepreneurship,9.375,2000
West Bank and Gaza,PSE,Entrepreneurship,9.375,2001
West Bank and Gaza,PSE,Entrepreneurship,9.375,2002
West Bank and Gaza,PSE,Entrepreneurship,9.375,2003
West Bank and Gaza,PSE,Entrepreneurship,37.500,2004
West Bank and Gaza,PSE,Entrepreneurship,37.500,2005
West Bank and Gaza,PSE,Entrepreneurship,40.625,2006
West Bank and Gaza,PSE,Entrepreneurship,37.500,2007
West Bank and Gaza,PSE,Entrepreneurship,37.500,2008
West Bank and Gaza,PSE,Entrepreneurship,37.500,2009
West Bank and Gaza,PSE,Entrepreneurship,37.500,2010
West Bank and Gaza,PSE,Entrepreneurship,37.500,2011
West Bank and Gaza,PSE,Entrepreneurship,37.500,2012
West Bank and Gaza,PSE,Entrepreneurship,43.750,2013
West Bank and Gaza,PSE,Entrepreneurship,56.250,2014
West Bank and Gaza,PSE,Entrepreneurship,37.500,2015
West Bank and Gaza,PSE,Entrepreneurship,37.500,2016
West Bank and Gaza,PSE,Entrepreneurship,56.250,2017
West Bank and Gaza,PSE,Entrepreneurship,37.500,2018
West Bank and Gaza,PSE,Entrepreneurship,43.750,2019
West Bank and Gaza,PSE,Entrepreneurship,9.375,2020
West Bank and Gaza,PSE,Entrepreneurship,9.375,2021
West Bank and Gaza,PSE,Entrepreneurship,9.375,2022
West Bank and Gaza,PSE,Entrepreneurship,15.625,2023
West Bank and Gaza,PSE,Environment,0.000,1960
West Bank and Gaza,PSE,Environment,0.000,1961
West Bank and Gaza,PSE,Environment,0.000,1962
West Bank and Gaza,PSE,Environment,0.000,1963
West Bank and Gaza,PSE,Environment,0.000,1964
West Bank and Gaza,PSE,Environment,0.000,1965
West Bank and Gaza,PSE,Environment,0.000,1966
West Bank and Gaza,PSE,Environment,0.000,1967
West Bank and Gaza,PSE,Environment,0.000,1968
West Bank and Gaza,PSE,Environment,0.000,1969
West Bank and Gaza,PSE,Environment,0.000,1970
West Bank and Gaza,PSE,Environment,0.000,1971
West Bank and Gaza,PSE,Environment,0.000,1972
West Bank and Gaza,PSE,Environment,0.000,1973
West Bank and Gaza,PSE,Environment,0.000,1974
West Bank and Gaza,PSE,Environment,0.000,1975
West Bank and Gaza,PSE,Environment,0.000,1976
West Bank and Gaza,PSE,Environment,0.000,1977
West Bank and Gaza,PSE,Environment,0.000,1978
West Bank and Gaza,PSE,Environment,0.000,1979
West Bank and Gaza,PSE,Environment,0.000,1980
West Bank and Gaza,PSE,Environment,0.000,1981
West Bank and Gaza,PSE,Environment,0.000,1982
West Bank and Gaza,PSE,Environment,0.000,1983
West Bank and Gaza,PSE,Environment,0.000,1984
West Bank and Gaza,PSE,Environment,0.000,1985
West Bank and Gaza,PSE,Environment,0.000,1986
West Bank and Gaza,PSE,Environment,0.000,1987
West Bank and Gaza,PSE,Environment,0.000,1988
West Bank and Gaza,PSE,Environment,0.000,1989
West Bank and Gaza,PSE,Environment,0.000,1990
West Bank and Gaza,PSE,Environment,0.000,1991
West Bank and Gaza,PSE,Environment,0.000,1992
West Bank and Gaza,PSE,Environment,0.000,1993
West Bank and Gaza,PSE,Environment,0.000,1994
West Bank and Gaza,PSE,Environment,0.000,1995
West Bank and Gaza,PSE,Environment,0.000,1996
West Bank and Gaza,PSE,Environment,0.000,1997
West Bank and Gaza,PSE,Environment,0.000,1998
West Bank and Gaza,PSE,Environment,3.333,1999
West Bank and Gaza,PSE,Environment,13.333,2000
West Bank and Gaza,PSE,Environment,13.333,2001
West Bank and Gaza,PSE,Environment,10.000,2002
West Bank and Gaza,PSE,Environment,13.333,2003
West Bank and Gaza,PSE,Environment,13.333,2004
West Bank and Gaza,PSE,Environment,10.000,2005
West Bank and Gaza,PSE,Environment,10.000,2006
West Bank and Gaza,PSE,Environment,13.333,2007
West Bank and Gaza,PSE,Environment,13.333,2008
West Bank and Gaza,PSE,Environment,13.333,2009
West Bank and Gaza,PSE,Environment,13.333,2010
West Bank and Gaza,PSE,Environment,13.333,2011
West Bank and Gaza,PSE,Environment,13.333,2012
West Bank and Gaza,PSE,Environment,13.333,2013
West Bank and Gaza,PSE,Environment,23.333,2014
West Bank and Gaza,PSE,Environment,13.333,2015
West Bank and Gaza,PSE,Environment,13.333,2016
West Bank and Gaza,PSE,Environment,23.333,2017
West Bank and Gaza,PSE,Environment,13.333,2018
West Bank and Gaza,PSE,Environment,10.000,2019
West Bank and Gaza,PSE,Environment,20.000,2020
West Bank and Gaza,PSE,Environment,20.000,2021
West Bank and Gaza,PSE,Environment,10.000,2022
West Bank and Gaza,PSE,Environment,0.000,2023
West Bank and Gaza,PSE,Health,1.515,1960
West Bank and Gaza,PSE,Health,1.515,1961
West Bank and Gaza,PSE,Health,1.515,1962
West Bank and Gaza,PSE,Health,1.515,1963
West Bank and Gaza,PSE,Health,1.515,1964
West Bank and Gaza,PSE,Health,1.515,1965
West Bank and Gaza,PSE,Health,1.515,1966
West Bank and Gaza,PSE,Health,1.515,1967
West Bank and Gaza,PSE,Health,1.515,1968
West Bank and Gaza,PSE,Health,1.515,1969
West Bank and Gaza,PSE,Health,1.515,1970
West Bank and Gaza,PSE,Health,1.515,1971
West Bank and Gaza,PSE,Health,1.515,1972
West Bank and Gaza,PSE,Health,1.515,1973
West Bank and Gaza,PSE,Health,1.515,1974
West Bank and Gaza,PSE,Health,4.545,1975
West Bank and Gaza,PSE,Health,6.061,1976
West Bank and Gaza,PSE,Health,6.061,1977
West Bank and Gaza,PSE,Health,6.061,1978
West Bank and Gaza,PSE,Health,6.061,1979
West Bank and Gaza,PSE,Health,7.071,1980
West Bank and Gaza,PSE,Health,7.071,1981
West Bank and Gaza,PSE,Health,7.071,1982
West Bank and Gaza,PSE,Health,7.071,1983
West Bank and Gaza,PSE,Health,7.071,1984
West Bank and Gaza,PSE,Health,7.071,1985
West Bank and Gaza,PSE,Health,7.071,1986
West Bank and Gaza,PSE,Health,7.071,1987
West Bank and Gaza,PSE,Health,7.071,1988
West Bank and Gaza,PSE,Health,7.071,1989
West Bank and Gaza,PSE,Health,8.586,1990
West Bank and Gaza,PSE,Health,8.586,1991
West Bank and Gaza,PSE,Health,8.586,1992
West Bank and Gaza,PSE,Health,9.596,1993
West Bank and Gaza,PSE,Health,9.596,1994
West Bank and Gaza,PSE,Health,9.596,1995
West Bank and Gaza,PSE,Health,18.687,1996
West Bank and Gaza,PSE,Health,9.596,1997
West Bank and Gaza,PSE,Health,9.596,1998
West Bank and Gaza,PSE,Health,9.596,1999
West Bank and Gaza,PSE,Health,23.232,2000
West Bank and Gaza,PSE,Health,14.141,2001
West Bank and Gaza,PSE,Health,18.687,2002
West Bank and Gaza,PSE,Health,14.141,2003
West Bank and Gaza,PSE,Health,23.232,2004
West Bank and Gaza,PSE,Health,14.646,2005
West Bank and Gaza,PSE,Health,22.727,2006
West Bank and Gaza,PSE,Health,15.152,2007
West Bank and Gaza,PSE,Health,14.141,2008
West Bank and Gaza,PSE,Health,14.141,2009
West Bank and Gaza,PSE,Health,30.808,2010
West Bank and Gaza,PSE,Health,14.646,2011
West Bank and Gaza,PSE,Health,14.646,2012
West Bank and Gaza,PSE,Health,14.646,2013
West Bank and Gaza,PSE,Health,27.778,2014
West Bank and Gaza,PSE,Health,14.646,2015
West Bank and Gaza,PSE,Health,15.152,2016
West Bank and Gaza,PSE,Health,20.707,2017
West Bank and Gaza,PSE,Health,19.192,2018
West Bank and Gaza,PSE,Health,14.646,2019
West Bank and Gaza,PSE,Health,33.838,2020
West Bank and Gaza,PSE,Health,13.636,2021
West Bank and Gaza,PSE,Health,11.111,2022
West Bank and Gaza,PSE,Health,1.010,2023
West Bank and Gaza,PSE,Leadership,0.000,1960
West Bank and Gaza,PSE,Leadership,0.000,1961
West Bank and Gaza,PSE,Leadership,0.000,1962
West Bank and Gaza,PSE,Leadership,0.000,1963
West Bank and Gaza,PSE,Leadership,0.000,1964
West Bank and Gaza,PSE,Leadership,0.000,1965
West Bank and Gaza,PSE,Leadership,0.000,1966
West Bank and Gaza,PSE,Leadership,0.000,1967
West Bank and Gaza,PSE,Leadership,0.000,1968
West Bank and Gaza,PSE,Leadership,0.000,1969
West Bank and Gaza,PSE,Leadership,0.000,1970
West Bank and Gaza,PSE,Leadership,0.000,1971
West Bank and Gaza,PSE,Leadership,0.000,1972
West Bank and Gaza,PSE,Leadership,0.000,1973
West Bank and Gaza,PSE,Leadership,0.000,1974
West Bank and Gaza,PSE,Leadership,0.000,1975
West Bank and Gaza,PSE,Leadership,0.000,1976
West Bank and Gaza,PSE,Leadership,0.000,1977
West Bank and Gaza,PSE,Leadership,0.000,1978
West Bank and Gaza,PSE,Leadership,0.000,1979
West Bank and Gaza,PSE,Leadership,0.000,1980
West Bank and Gaza,PSE,Leadership,0.000,1981
West Bank and Gaza,PSE,Leadership,0.000,1982
West Bank and Gaza,PSE,Leadership,0.000,1983
West Bank and Gaza,PSE,Leadership,0.000,1984
West Bank and Gaza,PSE,Leadership,0.000,1985
West Bank and Gaza,PSE,Leadership,0.000,1986
West Bank and Gaza,PSE,Leadership,0.000,1987
West Bank and Gaza,PSE,Leadership,0.000,1988
West Bank and Gaza,PSE,Leadership,0.000,1989
West Bank and Gaza,PSE,Leadership,0.000,1990
West Bank and Gaza,PSE,Leadership,0.000,1991
West Bank and Gaza,PSE,Leadership,0.000,1992
West Bank and Gaza,PSE,Leadership,0.000,1993
West Bank and Gaza,PSE,Leadership,0.000,1994
West Bank and Gaza,PSE,Leadership,0.000,1995
West Bank and Gaza,PSE,Leadership,0.000,1996
West Bank and Gaza,PSE,Leadership,0.000,1997
West Bank and Gaza,PSE,Leadership,0.000,1998
West Bank and Gaza,PSE,Leadership,0.000,1999
West Bank and Gaza,PSE,Leadership,25.000,2000
West Bank and Gaza,PSE,Leadership,25.000,2001
West Bank and Gaza,PSE,Leadership,25.000,2002
West Bank and Gaza,PSE,Leadership,25.000,2003
West Bank and Gaza,PSE,Leadership,25.000,2004
West Bank and Gaza,PSE,Leadership,25.000,2005
West Bank and Gaza,PSE,Leadership,25.000,2006
West Bank and Gaza,PSE,Leadership,25.000,2007
West Bank and Gaza,PSE,Leadership,25.000,2008
West Bank and Gaza,PSE,Leadership,0.000,2009
West Bank and Gaza,PSE,Leadership,25.000,2010
West Bank and Gaza,PSE,Leadership,25.000,2011
West Bank and Gaza,PSE,Leadership,25.000,2012
West Bank and Gaza,PSE,Leadership,50.000,2013
West Bank and Gaza,PSE,Leadership,25.000,2014
West Bank and Gaza,PSE,Leadership,25.000,2015
West Bank and Gaza,PSE,Leadership,25.000,2016
West Bank and Gaza,PSE,Leadership,25.000,2017
West Bank and Gaza,PSE,Leadership,25.000,2018
West Bank and Gaza,PSE,Leadership,50.000,2019
West Bank and Gaza,PSE,Leadership,25.000,2020
West Bank and Gaza,PSE,Leadership,25.000,2021
West Bank and Gaza,PSE,Leadership,25.000,2022
West Bank and Gaza,PSE,Leadership,25.000,2023
West Bank and Gaza,PSE,Norms and Decision-making,0.000,1960
West Bank and Gaza,PSE,Norms and Decision-making,0.000,1961
West Bank and Gaza,PSE,Norms and Decision-making,0.000,1962
West Bank and Gaza,PSE,Norms and Decision-making,0.000,1963
West Bank and Gaza,PSE,Norms and Decision-making,0.000,1964
West Bank and Gaza,PSE,Norms and Decision-making,0.000,1965
West Bank and Gaza,PSE,Norms and Decision-making,0.000,1966
West Bank and Gaza,PSE,Norms and Decision-making,1.481,1967
West Bank and Gaza,PSE,Norms and Decision-making,0.000,1968
West Bank and Gaza,PSE,Norms and Decision-making,0.000,1969
West Bank and Gaza,PSE,Norms and Decision-making,12.593,1970
West Bank and Gaza,PSE,Norms and Decision-making,12.593,1971
West Bank and Gaza,PSE,Norms and Decision-making,12.593,1972
West Bank and Gaza,PSE,Norms and Decision-making,12.593,1973
West Bank and Gaza,PSE,Norms and Decision-making,12.593,1974
West Bank and Gaza,PSE,Norms and Decision-making,12.593,1975
West Bank and Gaza,PSE,Norms and Decision-making,12.593,1976
West Bank and Gaza,PSE,Norms and Decision-making,12.593,1977
West Bank and Gaza,PSE,Norms and Decision-making,12.593,1978
West Bank and Gaza,PSE,Norms and Decision-making,12.593,1979
West Bank and Gaza,PSE,Norms and Decision-making,12.593,1980
West Bank and Gaza,PSE,Norms and Decision-making,12.593,1981
West Bank and Gaza,PSE,Norms and Decision-making,12.593,1982
West Bank and Gaza,PSE,Norms and Decision-making,12.593,1983
West Bank and Gaza,PSE,Norms and Decision-making,12.593,1984
West Bank and Gaza,PSE,Norms and Decision-making,12.593,1985
West Bank and Gaza,PSE,Norms and Decision-making,12.593,1986
West Bank and Gaza,PSE,Norms and Decision-making,12.593,1987
West Bank and Gaza,PSE,Norms and Decision-making,12.593,1988
West Bank and Gaza,PSE,Norms and Decision-making,12.593,1989
West Bank and Gaza,PSE,Norms and Decision-making,12.593,1990
West Bank and Gaza,PSE,Norms and Decision-making,12.593,1991
West Bank and Gaza,PSE,Norms and Decision-making,12.593,1992
West Bank and Gaza,PSE,Norms and Decision-making,12.593,1993
West Bank and Gaza,PSE,Norms and Decision-making,12.593,1994
West Bank and Gaza,PSE,Norms and Decision-making,12.593,1995
West Bank and Gaza,PSE,Norms and Decision-making,14.074,1996
West Bank and Gaza,PSE,Norms and Decision-making,14.074,1997
West Bank and Gaza,PSE,Norms and Decision-making,12.593,1998
West Bank and Gaza,PSE,Norms and Decision-making,12.593,1999
West Bank and Gaza,PSE,Norms and Decision-making,13.333,2000
West Bank and Gaza,PSE,Norms and Decision-making,12.593,2001
West Bank and Gaza,PSE,Norms and Decision-making,12.593,2002
West Bank and Gaza,PSE,Norms and Decision-making,12.593,2003
West Bank and Gaza,PSE,Norms and Decision-making,13.333,2004
West Bank and Gaza,PSE,Norms and Decision-making,12.593,2005
West Bank and Gaza,PSE,Norms and Decision-making,12.593,2006
West Bank and Gaza,PSE,Norms and Decision-making,14.074,2007
West Bank and Gaza,PSE,Norms and Decision-making,12.593,2008
West Bank and Gaza,PSE,Norms and Decision-making,12.593,2009
West Bank and Gaza,PSE,Norms and Decision-making,15.556,2010
West Bank and Gaza,PSE,Norms and Decision-making,12.593,2011
West Bank and Gaza,PSE,Norms and Decision-making,12.593,2012
West Bank and Gaza,PSE,Norms and Decision-making,12.593,2013
West Bank and Gaza,PSE,Norms and Decision-making,14.815,2014
West Bank and Gaza,PSE,Norms and Decision-making,12.593,2015
West Bank and Gaza,PSE,Norms and Decision-making,12.593,2016
West Bank and Gaza,PSE,Norms and Decision-making,14.074,2017
West Bank and Gaza,PSE,Norms and Decision-making,12.593,2018
West Bank and Gaza,PSE,Norms and Decision-making,13.333,2019
West Bank and Gaza,PSE,Norms and Decision-making,14.074,2020
West Bank and Gaza,PSE,Norms and Decision-making,12.593,2021
West Bank and Gaza,PSE,Norms and Decision-making,12.593,2022
West Bank and Gaza,PSE,Norms and Decision-making,12.593,2023
West Bank and Gaza,PSE,Population,25.000,1960
West Bank and Gaza,PSE,Population,25.000,1961
West Bank and Gaza,PSE,Population,25.000,1962
West Bank and Gaza,PSE,Population,25.000,1963
West Bank and Gaza,PSE,Population,25.000,1964
West Bank and Gaza,PSE,Population,25.000,1965
West Bank and Gaza,PSE,Population,25.000,1966
West Bank and Gaza,PSE,Population,27.381,1967
West Bank and Gaza,PSE,Population,25.000,1968
West Bank and Gaza,PSE,Population,25.000,1969
West Bank and Gaza,PSE,Population,25.000,1970
West Bank and Gaza,PSE,Population,25.000,1971
West Bank and Gaza,PSE,Population,25.000,1972
West Bank and Gaza,PSE,Population,25.000,1973
West Bank and Gaza,PSE,Population,25.000,1974
West Bank and Gaza,PSE,Population,25.000,1975
West Bank and Gaza,PSE,Population,25.000,1976
West Bank and Gaza,PSE,Population,25.000,1977
West Bank and Gaza,PSE,Population,25.000,1978
West Bank and Gaza,PSE,Population,25.000,1979
West Bank and Gaza,PSE,Population,29.762,1980
West Bank and Gaza,PSE,Population,25.000,1981
West Bank and Gaza,PSE,Population,25.000,1982
West Bank and Gaza,PSE,Population,25.000,1983
West Bank and Gaza,PSE,Population,25.000,1984
West Bank and Gaza,PSE,Population,29.762,1985
West Bank and Gaza,PSE,Population,25.000,1986
West Bank and Gaza,PSE,Population,25.000,1987
West Bank and Gaza,PSE,Population,25.000,1988
West Bank and Gaza,PSE,Population,25.000,1989
West Bank and Gaza,PSE,Population,92.857,1990
West Bank and Gaza,PSE,Population,86.905,1991
West Bank and Gaza,PSE,Population,86.905,1992
West Bank and Gaza,PSE,Population,86.905,1993
West Bank and Gaza,PSE,Population,86.905,1994
West Bank and Gaza,PSE,Population,92.857,1995
West Bank and Gaza,PSE,Population,89.286,1996
West Bank and Gaza,PSE,Population,89.286,1997
West Bank and Gaza,PSE,Population,86.905,1998
West Bank and Gaza,PSE,Population,86.905,1999
West Bank and Gaza,PSE,Population,94.048,2000
West Bank and Gaza,PSE,Population,86.905,2001
West Bank and Gaza,PSE,Population,86.905,2002
West Bank and Gaza,PSE,Population,86.905,2003
West Bank and Gaza,PSE,Population,88.095,2004
West Bank and Gaza,PSE,Population,92.857,2005
West Bank and Gaza,PSE,Population,88.095,2006
West Bank and Gaza,PSE,Population,89.286,2007
West Bank and Gaza,PSE,Population,86.905,2008
West Bank and Gaza,PSE,Population,86.905,2009
West Bank and Gaza,PSE,Population,96.429,2010
West Bank and Gaza,PSE,Population,86.905,2011
West Bank and Gaza,PSE,Population,86.905,2012
West Bank and Gaza,PSE,Population,86.905,2013
West Bank and Gaza,PSE,Population,89.286,2014
West Bank and Gaza,PSE,Population,94.048,2015
West Bank and Gaza,PSE,Population,86.905,2016
West Bank and Gaza,PSE,Population,89.286,2017
West Bank and Gaza,PSE,Population,86.905,2018
West Bank and Gaza,PSE,Population,86.905,2019
West Bank and Gaza,PSE,Population,91.667,2020
West Bank and Gaza,PSE,Population,86.905,2021
West Bank and Gaza,PSE,Population,86.905,2022
West Bank and Gaza,PSE,Population,77.381,2023
West Bank and Gaza,PSE,SDGs,0.671,1960
West Bank and Gaza,PSE,SDGs,0.671,1961
West Bank and Gaza,PSE,SDGs,0.671,1962
West Bank and Gaza,PSE,SDGs,0.671,1963
West Bank and Gaza,PSE,SDGs,0.671,1964
West Bank and Gaza,PSE,SDGs,0.671,1965
West Bank and Gaza,PSE,SDGs,0.671,1966
West Bank and Gaza,PSE,SDGs,0.671,1967
West Bank and Gaza,PSE,SDGs,0.671,1968
West Bank and Gaza,PSE,SDGs,0.671,1969
West Bank and Gaza,PSE,SDGs,9.396,1970
West Bank and Gaza,PSE,SDGs,9.396,1971
West Bank and Gaza,PSE,SDGs,9.396,1972
West Bank and Gaza,PSE,SDGs,9.396,1973
West Bank and Gaza,PSE,SDGs,9.396,1974
West Bank and Gaza,PSE,SDGs,11.409,1975
West Bank and Gaza,PSE,SDGs,11.409,1976
West Bank and Gaza,PSE,SDGs,11.409,1977
West Bank and Gaza,PSE,SDGs,11.409,1978
West Bank and Gaza,PSE,SDGs,11.409,1979
West Bank and Gaza,PSE,SDGs,11.409,1980
West Bank and Gaza,PSE,SDGs,11.409,1981
West Bank and Gaza,PSE,SDGs,11.409,1982
West Bank and Gaza,PSE,SDGs,11.409,1983
West Bank and Gaza,PSE,SDGs,11.409,1984
West Bank and Gaza,PSE,SDGs,11.409,1985
West Bank and Gaza,PSE,SDGs,11.409,1986
West Bank and Gaza,PSE,SDGs,11.409,1987
West Bank and Gaza,PSE,SDGs,11.409,1988
West Bank and Gaza,PSE,SDGs,11.409,1989
West Bank and Gaza,PSE,SDGs,11.409,1990
West Bank and Gaza,PSE,SDGs,15.436,1991
West Bank and Gaza,PSE,SDGs,15.436,1992
West Bank and Gaza,PSE,SDGs,16.107,1993
West Bank and Gaza,PSE,SDGs,16.107,1994
West Bank and Gaza,PSE,SDGs,16.107,1995
West Bank and Gaza,PSE,SDGs,16.779,1996
West Bank and Gaza,PSE,SDGs,16.107,1997
West Bank and Gaza,PSE,SDGs,16.107,1998
West Bank and Gaza,PSE,SDGs,16.107,1999
West Bank and Gaza,PSE,SDGs,24.832,2000
West Bank and Gaza,PSE,SDGs,22.819,2001
West Bank and Gaza,PSE,SDGs,22.819,2002
West Bank and Gaza,PSE,SDGs,22.819,2003
West Bank and Gaza,PSE,SDGs,23.490,2004
West Bank and Gaza,PSE,SDGs,23.490,2005
West Bank and Gaza,PSE,SDGs,23.490,2006
West Bank and Gaza,PSE,SDGs,22.819,2007
West Bank and Gaza,PSE,SDGs,22.819,2008
West Bank and Gaza,PSE,SDGs,22.819,2009
West Bank and Gaza,PSE,SDGs,24.161,2010
West Bank and Gaza,PSE,SDGs,25.503,2011
West Bank and Gaza,PSE,SDGs,23.490,2012
West Bank and Gaza,PSE,SDGs,24.832,2013
West Bank and Gaza,PSE,SDGs,26.174,2014
West Bank and Gaza,PSE,SDGs,23.490,2015
West Bank and Gaza,PSE,SDGs,24.161,2016
West Bank and Gaza,PSE,SDGs,25.503,2017
West Bank and Gaza,PSE,SDGs,24.832,2018
West Bank and Gaza,PSE,SDGs,22.819,2019
West Bank and Gaza,PSE,SDGs,24.832,2020
West Bank and Gaza,PSE,SDGs,24.161,2021
West Bank and Gaza,PSE,SDGs,22.148,2022
West Bank and Gaza,PSE,SDGs,9.396,2023
West Bank and Gaza,PSE,Technology,0.000,1960
West Bank and Gaza,PSE,Technology,0.000,1961
West Bank and Gaza,PSE,Technology,0.000,1962
West Bank and Gaza,PSE,Technology,0.000,1963
West Bank and Gaza,PSE,Technology,0.000,1964
West Bank and Gaza,PSE,Technology,0.000,1965
West Bank and Gaza,PSE,Technology,0.000,1966
West Bank and Gaza,PSE,Technology,0.000,1967
West Bank and Gaza,PSE,Technology,0.000,1968
West Bank and Gaza,PSE,Technology,0.000,1969
West Bank and Gaza,PSE,Technology,0.000,1970
West Bank and Gaza,PSE,Technology,0.000,1971
West Bank and Gaza,PSE,Technology,0.000,1972
West Bank and Gaza,PSE,Technology,0.000,1973
West Bank and Gaza,PSE,Technology,0.000,1974
West Bank and Gaza,PSE,Technology,0.000,1975
West Bank and Gaza,PSE,Technology,0.000,1976
West Bank and Gaza,PSE,Technology,0.000,1977
West Bank and Gaza,PSE,Technology,0.000,1978
West Bank and Gaza,PSE,Technology,0.000,1979
West Bank and Gaza,PSE,Technology,0.000,1980
West Bank and Gaza,PSE,Technology,0.000,1981
West Bank and Gaza,PSE,Technology,0.000,1982
West Bank and Gaza,PSE,Technology,0.000,1983
West Bank and Gaza,PSE,Technology,0.000,1984
West Bank and Gaza,PSE,Technology,0.000,1985
West Bank and Gaza,PSE,Technology,0.000,1986
West Bank and Gaza,PSE,Technology,0.000,1987
West Bank and Gaza,PSE,Technology,0.000,1988
West Bank and Gaza,PSE,Technology,0.000,1989
West Bank and Gaza,PSE,Technology,2.222,1990
West Bank and Gaza,PSE,Technology,2.222,1991
West Bank and Gaza,PSE,Technology,2.222,1992
West Bank and Gaza,PSE,Technology,2.222,1993
West Bank and Gaza,PSE,Technology,2.222,1994
West Bank and Gaza,PSE,Technology,2.222,1995
West Bank and Gaza,PSE,Technology,0.000,1996
West Bank and Gaza,PSE,Technology,0.000,1997
West Bank and Gaza,PSE,Technology,0.000,1998
West Bank and Gaza,PSE,Technology,6.667,1999
West Bank and Gaza,PSE,Technology,8.889,2000
West Bank and Gaza,PSE,Technology,8.889,2001
West Bank and Gaza,PSE,Technology,2.222,2002
West Bank and Gaza,PSE,Technology,8.889,2003
West Bank and Gaza,PSE,Technology,13.333,2004
West Bank and Gaza,PSE,Technology,2.222,2005
West Bank and Gaza,PSE,Technology,6.667,2006
West Bank and Gaza,PSE,Technology,8.889,2007
West Bank and Gaza,PSE,Technology,8.889,2008
West Bank and Gaza,PSE,Technology,13.333,2009
West Bank and Gaza,PSE,Technology,8.889,2010
West Bank and Gaza,PSE,Technology,20.000,2011
West Bank and Gaza,PSE,Technology,8.889,2012
West Bank and Gaza,PSE,Technology,4.444,2013
West Bank and Gaza,PSE,Technology,35.556,2014
West Bank and Gaza,PSE,Technology,8.889,2015
West Bank and Gaza,PSE,Technology,8.889,2016
West Bank and Gaza,PSE,Technology,55.556,2017
West Bank and Gaza,PSE,Technology,13.333,2018
West Bank and Gaza,PSE,Technology,6.667,2019
West Bank and Gaza,PSE,Technology,2.222,2020
West Bank and Gaza,PSE,Technology,82.222,2021
West Bank and Gaza,PSE,Technology,6.667,2022
West Bank and Gaza,PSE,Technology,6.667,2023
West Bank and Gaza,PSE,Violence,0.000,1960
West Bank and Gaza,PSE,Violence,0.000,1961
West Bank and Gaza,PSE,Violence,0.000,1962
West Bank and Gaza,PSE,Violence,0.000,1963
West Bank and Gaza,PSE,Violence,0.000,1964
West Bank and Gaza,PSE,Violence,0.000,1965
West Bank and Gaza,PSE,Violence,0.000,1966
West Bank and Gaza,PSE,Violence,0.000,1967
West Bank and Gaza,PSE,Violence,0.000,1968
West Bank and Gaza,PSE,Violence,0.000,1969
West Bank and Gaza,PSE,Violence,2.143,1970
West Bank and Gaza,PSE,Violence,2.143,1971
West Bank and Gaza,PSE,Violence,2.143,1972
West Bank and Gaza,PSE,Violence,2.143,1973
West Bank and Gaza,PSE,Violence,2.143,1974
West Bank and Gaza,PSE,Violence,2.143,1975
West Bank and Gaza,PSE,Violence,2.143,1976
West Bank and Gaza,PSE,Violence,2.143,1977
West Bank and Gaza,PSE,Violence,2.143,1978
West Bank and Gaza,PSE,Violence,2.143,1979
West Bank and Gaza,PSE,Violence,2.143,1980
West Bank and Gaza,PSE,Violence,2.143,1981
West Bank and Gaza,PSE,Violence,2.143,1982
West Bank and Gaza,PSE,Violence,2.143,1983
West Bank and Gaza,PSE,Violence,2.143,1984
West Bank and Gaza,PSE,Violence,2.143,1985
West Bank and Gaza,PSE,Violence,2.143,1986
West Bank and Gaza,PSE,Violence,2.143,1987
West Bank and Gaza,PSE,Violence,2.143,1988
West Bank and Gaza,PSE,Violence,2.143,1989
West Bank and Gaza,PSE,Violence,2.143,1990
West Bank and Gaza,PSE,Violence,2.143,1991
West Bank and Gaza,PSE,Violence,2.143,1992
West Bank and Gaza,PSE,Violence,2.143,1993
West Bank and Gaza,PSE,Violence,2.143,1994
West Bank and Gaza,PSE,Violence,2.857,1995
West Bank and Gaza,PSE,Violence,2.857,1996
West Bank and Gaza,PSE,Violence,2.857,1997
West Bank and Gaza,PSE,Violence,2.857,1998
West Bank and Gaza,PSE,Violence,2.857,1999
West Bank and Gaza,PSE,Violence,2.857,2000
West Bank and Gaza,PSE,Violence,2.857,2001
West Bank and Gaza,PSE,Violence,2.857,2002
West Bank and Gaza,PSE,Violence,2.143,2003
West Bank and Gaza,PSE,Violence,2.857,2004
West Bank and Gaza,PSE,Violence,2.857,2005
West Bank and Gaza,PSE,Violence,2.143,2006
West Bank and Gaza,PSE,Violence,2.143,2007
West Bank and Gaza,PSE,Violence,2.857,2008
West Bank and Gaza,PSE,Violence,2.857,2009
West Bank and Gaza,PSE,Violence,4.286,2010
West Bank and Gaza,PSE,Violence,4.286,2011
West Bank and Gaza,PSE,Violence,4.286,2012
West Bank and Gaza,PSE,Violence,2.857,2013
West Bank and Gaza,PSE,Violence,2.857,2014
West Bank and Gaza,PSE,Violence,4.286,2015
West Bank and Gaza,PSE,Violence,2.857,2016
West Bank and Gaza,PSE,Violence,4.286,2017
West Bank and Gaza,PSE,Violence,7.143,2018
West Bank and Gaza,PSE,Violence,4.286,2019
West Bank and Gaza,PSE,Violence,5.714,2020
West Bank and Gaza,PSE,Violence,4.286,2021
West Bank and Gaza,PSE,Violence,2.143,2022
West Bank and Gaza,PSE,Violence,2.143,2023
West Bank and Gaza,PSE,Youth 15-24,0.917,1960
West Bank and Gaza,PSE,Youth 15-24,0.917,1961
West Bank and Gaza,PSE,Youth 15-24,0.917,1962
West Bank and Gaza,PSE,Youth 15-24,0.917,1963
West Bank and Gaza,PSE,Youth 15-24,0.917,1964
West Bank and Gaza,PSE,Youth 15-24,0.917,1965
West Bank and Gaza,PSE,Youth 15-24,0.917,1966
West Bank and Gaza,PSE,Youth 15-24,0.917,1967
West Bank and Gaza,PSE,Youth 15-24,0.917,1968
West Bank and Gaza,PSE,Youth 15-24,0.917,1969
West Bank and Gaza,PSE,Youth 15-24,0.917,1970
West Bank and Gaza,PSE,Youth 15-24,0.917,1971
West Bank and Gaza,PSE,Youth 15-24,0.917,1972
West Bank and Gaza,PSE,Youth 15-24,0.917,1973
West Bank and Gaza,PSE,Youth 15-24,0.917,1974
West Bank and Gaza,PSE,Youth 15-24,0.917,1975
West Bank and Gaza,PSE,Youth 15-24,0.917,1976
West Bank and Gaza,PSE,Youth 15-24,0.917,1977
West Bank and Gaza,PSE,Youth 15-24,0.917,1978
West Bank and Gaza,PSE,Youth 15-24,0.917,1979
West Bank and Gaza,PSE,Youth 15-24,0.917,1980
West Bank and Gaza,PSE,Youth 15-24,0.917,1981
West Bank and Gaza,PSE,Youth 15-24,0.917,1982
West Bank and Gaza,PSE,Youth 15-24,0.917,1983
West Bank and Gaza,PSE,Youth 15-24,0.917,1984
West Bank and Gaza,PSE,Youth 15-24,0.917,1985
West Bank and Gaza,PSE,Youth 15-24,0.917,1986
West Bank and Gaza,PSE,Youth 15-24,0.917,1987
West Bank and Gaza,PSE,Youth 15-24,0.917,1988
West Bank and Gaza,PSE,Youth 15-24,0.917,1989
West Bank and Gaza,PSE,Youth 15-24,7.339,1990
West Bank and Gaza,PSE,Youth 15-24,13.761,1991
West Bank and Gaza,PSE,Youth 15-24,13.761,1992
West Bank and Gaza,PSE,Youth 15-24,13.761,1993
West Bank and Gaza,PSE,Youth 15-24,13.761,1994
West Bank and Gaza,PSE,Youth 15-24,26.606,1995
West Bank and Gaza,PSE,Youth 15-24,30.275,1996
West Bank and Gaza,PSE,Youth 15-24,34.862,1997
West Bank and Gaza,PSE,Youth 15-24,17.431,1998
West Bank and Gaza,PSE,Youth 15-24,56.881,1999
West Bank and Gaza,PSE,Youth 15-24,65.138,2000
West Bank and Gaza,PSE,Youth 15-24,65.138,2001
West Bank and Gaza,PSE,Youth 15-24,50.459,2002
West Bank and Gaza,PSE,Youth 15-24,64.220,2003
West Bank and Gaza,PSE,Youth 15-24,77.064,2004
West Bank and Gaza,PSE,Youth 15-24,47.706,2005
West Bank and Gaza,PSE,Youth 15-24,63.303,2006
West Bank and Gaza,PSE,Youth 15-24,77.064,2007
West Bank and Gaza,PSE,Youth 15-24,77.064,2008
West Bank and Gaza,PSE,Youth 15-24,77.064,2009
West Bank and Gaza,PSE,Youth 15-24,79.817,2010
West Bank and Gaza,PSE,Youth 15-24,79.817,2011
West Bank and Gaza,PSE,Youth 15-24,80.734,2012
West Bank and Gaza,PSE,Youth 15-24,77.982,2013
West Bank and Gaza,PSE,Youth 15-24,78.899,2014
West Bank and Gaza,PSE,Youth 15-24,84.404,2015
West Bank and Gaza,PSE,Youth 15-24,83.486,2016
West Bank and Gaza,PSE,Youth 15-24,79.817,2017
West Bank and Gaza,PSE,Youth 15-24,80.734,2018
West Bank and Gaza,PSE,Youth 15-24,55.963,2019
West Bank and Gaza,PSE,Youth 15-24,51.376,2020
West Bank and Gaza,PSE,Youth 15-24,48.624,2021
West Bank and Gaza,PSE,Youth 15-24,47.706,2022
West Bank and Gaza,PSE,Youth 15-24,13.761,2023
