Country Name,Country Code,Topic,% of available indicators,Year
Belize,BLZ,Assets,0.000,1960
Belize,BLZ,Assets,0.000,1961
Belize,BLZ,Assets,0.000,1962
Belize,BLZ,Assets,0.000,1963
Belize,BLZ,Assets,0.000,1964
Belize,BLZ,Assets,0.000,1965
Belize,BLZ,Assets,0.000,1966
Belize,BLZ,Assets,0.000,1967
Belize,BLZ,Assets,0.000,1968
Belize,BLZ,Assets,0.000,1969
Belize,BLZ,Assets,2.208,1970
Belize,BLZ,Assets,2.208,1971
Belize,BLZ,Assets,2.208,1972
Belize,BLZ,Assets,2.208,1973
Belize,BLZ,Assets,2.208,1974
Belize,BLZ,Assets,2.208,1975
Belize,BLZ,Assets,2.208,1976
Belize,BLZ,Assets,2.208,1977
Belize,BLZ,Assets,2.208,1978
Belize,BLZ,Assets,2.208,1979
Belize,BLZ,Assets,2.208,1980
Belize,BLZ,Assets,2.208,1981
Belize,BLZ,Assets,2.208,1982
Belize,BLZ,Assets,2.208,1983
Belize,BLZ,Assets,2.208,1984
Belize,BLZ,Assets,2.208,1985
Belize,BLZ,Assets,2.208,1986
Belize,BLZ,Assets,2.208,1987
Belize,BLZ,Assets,2.208,1988
Belize,BLZ,Assets,2.208,1989
Belize,BLZ,Assets,2.208,1990
Belize,BLZ,Assets,2.208,1991
Belize,BLZ,Assets,2.208,1992
Belize,BLZ,Assets,2.208,1993
Belize,BLZ,Assets,2.208,1994
Belize,BLZ,Assets,2.208,1995
Belize,BLZ,Assets,2.208,1996
Belize,BLZ,Assets,2.208,1997
Belize,BLZ,Assets,2.208,1998
Belize,BLZ,Assets,2.208,1999
Belize,BLZ,Assets,2.208,2000
Belize,BLZ,Assets,2.208,2001
Belize,BLZ,Assets,2.208,2002
Belize,BLZ,Assets,2.208,2003
Belize,BLZ,Assets,2.208,2004
Belize,BLZ,Assets,2.208,2005
Belize,BLZ,Assets,2.208,2006
Belize,BLZ,Assets,2.208,2007
Belize,BLZ,Assets,2.208,2008
Belize,BLZ,Assets,2.208,2009
Belize,BLZ,Assets,2.208,2010
Belize,BLZ,Assets,2.208,2011
Belize,BLZ,Assets,2.208,2012
Belize,BLZ,Assets,2.208,2013
Belize,BLZ,Assets,30.599,2014
Belize,BLZ,Assets,2.208,2015
Belize,BLZ,Assets,2.208,2016
Belize,BLZ,Assets,2.208,2017
Belize,BLZ,Assets,2.208,2018
Belize,BLZ,Assets,2.208,2019
Belize,BLZ,Assets,2.208,2020
Belize,BLZ,Assets,2.208,2021
Belize,BLZ,Assets,2.208,2022
Belize,BLZ,Assets,2.208,2023
Belize,BLZ,Children 0-14,10.769,1960
Belize,BLZ,Children 0-14,10.769,1961
Belize,BLZ,Children 0-14,10.769,1962
Belize,BLZ,Children 0-14,10.769,1963
Belize,BLZ,Children 0-14,10.769,1964
Belize,BLZ,Children 0-14,10.769,1965
Belize,BLZ,Children 0-14,10.769,1966
Belize,BLZ,Children 0-14,15.385,1967
Belize,BLZ,Children 0-14,17.692,1968
Belize,BLZ,Children 0-14,17.692,1969
Belize,BLZ,Children 0-14,20.000,1970
Belize,BLZ,Children 0-14,21.538,1971
Belize,BLZ,Children 0-14,20.000,1972
Belize,BLZ,Children 0-14,20.000,1973
Belize,BLZ,Children 0-14,23.846,1974
Belize,BLZ,Children 0-14,19.231,1975
Belize,BLZ,Children 0-14,23.846,1976
Belize,BLZ,Children 0-14,23.077,1977
Belize,BLZ,Children 0-14,20.000,1978
Belize,BLZ,Children 0-14,19.231,1979
Belize,BLZ,Children 0-14,23.846,1980
Belize,BLZ,Children 0-14,22.308,1981
Belize,BLZ,Children 0-14,21.538,1982
Belize,BLZ,Children 0-14,21.538,1983
Belize,BLZ,Children 0-14,21.538,1984
Belize,BLZ,Children 0-14,21.538,1985
Belize,BLZ,Children 0-14,26.923,1986
Belize,BLZ,Children 0-14,26.923,1987
Belize,BLZ,Children 0-14,21.538,1988
Belize,BLZ,Children 0-14,21.538,1989
Belize,BLZ,Children 0-14,23.846,1990
Belize,BLZ,Children 0-14,30.769,1991
Belize,BLZ,Children 0-14,30.769,1992
Belize,BLZ,Children 0-14,26.923,1993
Belize,BLZ,Children 0-14,30.769,1994
Belize,BLZ,Children 0-14,32.308,1995
Belize,BLZ,Children 0-14,30.000,1996
Belize,BLZ,Children 0-14,26.923,1997
Belize,BLZ,Children 0-14,20.769,1998
Belize,BLZ,Children 0-14,41.538,1999
Belize,BLZ,Children 0-14,56.154,2000
Belize,BLZ,Children 0-14,48.462,2001
Belize,BLZ,Children 0-14,24.615,2002
Belize,BLZ,Children 0-14,40.769,2003
Belize,BLZ,Children 0-14,43.077,2004
Belize,BLZ,Children 0-14,42.308,2005
Belize,BLZ,Children 0-14,56.923,2006
Belize,BLZ,Children 0-14,43.846,2007
Belize,BLZ,Children 0-14,46.154,2008
Belize,BLZ,Children 0-14,46.154,2009
Belize,BLZ,Children 0-14,64.615,2010
Belize,BLZ,Children 0-14,56.923,2011
Belize,BLZ,Children 0-14,41.538,2012
Belize,BLZ,Children 0-14,50.000,2013
Belize,BLZ,Children 0-14,46.154,2014
Belize,BLZ,Children 0-14,73.846,2015
Belize,BLZ,Children 0-14,50.769,2016
Belize,BLZ,Children 0-14,46.923,2017
Belize,BLZ,Children 0-14,43.077,2018
Belize,BLZ,Children 0-14,53.077,2019
Belize,BLZ,Children 0-14,38.462,2020
Belize,BLZ,Children 0-14,36.154,2021
Belize,BLZ,Children 0-14,32.308,2022
Belize,BLZ,Children 0-14,19.231,2023
Belize,BLZ,Education,0.000,1960
Belize,BLZ,Education,0.000,1961
Belize,BLZ,Education,0.000,1962
Belize,BLZ,Education,0.000,1963
Belize,BLZ,Education,0.000,1964
Belize,BLZ,Education,0.000,1965
Belize,BLZ,Education,0.000,1966
Belize,BLZ,Education,0.000,1967
Belize,BLZ,Education,0.000,1968
Belize,BLZ,Education,0.000,1969
Belize,BLZ,Education,3.681,1970
Belize,BLZ,Education,6.135,1971
Belize,BLZ,Education,3.681,1972
Belize,BLZ,Education,1.840,1973
Belize,BLZ,Education,7.975,1974
Belize,BLZ,Education,3.067,1975
Belize,BLZ,Education,3.681,1976
Belize,BLZ,Education,4.908,1977
Belize,BLZ,Education,0.613,1978
Belize,BLZ,Education,0.613,1979
Belize,BLZ,Education,6.135,1980
Belize,BLZ,Education,3.067,1981
Belize,BLZ,Education,2.454,1982
Belize,BLZ,Education,1.227,1983
Belize,BLZ,Education,0.613,1984
Belize,BLZ,Education,0.613,1985
Belize,BLZ,Education,11.656,1986
Belize,BLZ,Education,11.656,1987
Belize,BLZ,Education,0.613,1988
Belize,BLZ,Education,0.613,1989
Belize,BLZ,Education,2.454,1990
Belize,BLZ,Education,25.153,1991
Belize,BLZ,Education,7.362,1992
Belize,BLZ,Education,4.908,1993
Belize,BLZ,Education,16.564,1994
Belize,BLZ,Education,17.791,1995
Belize,BLZ,Education,7.362,1996
Belize,BLZ,Education,4.908,1997
Belize,BLZ,Education,0.000,1998
Belize,BLZ,Education,28.221,1999
Belize,BLZ,Education,33.742,2000
Belize,BLZ,Education,44.785,2001
Belize,BLZ,Education,7.362,2002
Belize,BLZ,Education,36.196,2003
Belize,BLZ,Education,38.650,2004
Belize,BLZ,Education,41.718,2005
Belize,BLZ,Education,42.331,2006
Belize,BLZ,Education,39.877,2007
Belize,BLZ,Education,43.558,2008
Belize,BLZ,Education,41.718,2009
Belize,BLZ,Education,50.920,2010
Belize,BLZ,Education,42.331,2011
Belize,BLZ,Education,42.331,2012
Belize,BLZ,Education,52.761,2013
Belize,BLZ,Education,56.442,2014
Belize,BLZ,Education,66.871,2015
Belize,BLZ,Education,52.147,2016
Belize,BLZ,Education,48.466,2017
Belize,BLZ,Education,38.650,2018
Belize,BLZ,Education,39.877,2019
Belize,BLZ,Education,35.583,2020
Belize,BLZ,Education,24.540,2021
Belize,BLZ,Education,18.405,2022
Belize,BLZ,Education,17.178,2023
Belize,BLZ,Employment and Time Use,5.109,1960
Belize,BLZ,Employment and Time Use,0.000,1961
Belize,BLZ,Employment and Time Use,0.000,1962
Belize,BLZ,Employment and Time Use,0.000,1963
Belize,BLZ,Employment and Time Use,0.000,1964
Belize,BLZ,Employment and Time Use,0.000,1965
Belize,BLZ,Employment and Time Use,0.000,1966
Belize,BLZ,Employment and Time Use,0.000,1967
Belize,BLZ,Employment and Time Use,0.000,1968
Belize,BLZ,Employment and Time Use,0.000,1969
Belize,BLZ,Employment and Time Use,26.277,1970
Belize,BLZ,Employment and Time Use,21.168,1971
Belize,BLZ,Employment and Time Use,21.168,1972
Belize,BLZ,Employment and Time Use,21.168,1973
Belize,BLZ,Employment and Time Use,21.168,1974
Belize,BLZ,Employment and Time Use,21.168,1975
Belize,BLZ,Employment and Time Use,21.168,1976
Belize,BLZ,Employment and Time Use,21.168,1977
Belize,BLZ,Employment and Time Use,21.168,1978
Belize,BLZ,Employment and Time Use,21.168,1979
Belize,BLZ,Employment and Time Use,21.168,1980
Belize,BLZ,Employment and Time Use,21.168,1981
Belize,BLZ,Employment and Time Use,21.168,1982
Belize,BLZ,Employment and Time Use,21.168,1983
Belize,BLZ,Employment and Time Use,21.168,1984
Belize,BLZ,Employment and Time Use,21.168,1985
Belize,BLZ,Employment and Time Use,21.168,1986
Belize,BLZ,Employment and Time Use,21.168,1987
Belize,BLZ,Employment and Time Use,21.168,1988
Belize,BLZ,Employment and Time Use,21.168,1989
Belize,BLZ,Employment and Time Use,31.387,1990
Belize,BLZ,Employment and Time Use,56.204,1991
Belize,BLZ,Employment and Time Use,56.204,1992
Belize,BLZ,Employment and Time Use,58.394,1993
Belize,BLZ,Employment and Time Use,68.613,1994
Belize,BLZ,Employment and Time Use,58.394,1995
Belize,BLZ,Employment and Time Use,63.504,1996
Belize,BLZ,Employment and Time Use,63.504,1997
Belize,BLZ,Employment and Time Use,63.504,1998
Belize,BLZ,Employment and Time Use,63.504,1999
Belize,BLZ,Employment and Time Use,56.204,2000
Belize,BLZ,Employment and Time Use,58.394,2001
Belize,BLZ,Employment and Time Use,58.394,2002
Belize,BLZ,Employment and Time Use,56.204,2003
Belize,BLZ,Employment and Time Use,56.204,2004
Belize,BLZ,Employment and Time Use,70.073,2005
Belize,BLZ,Employment and Time Use,58.394,2006
Belize,BLZ,Employment and Time Use,58.394,2007
Belize,BLZ,Employment and Time Use,56.934,2008
Belize,BLZ,Employment and Time Use,56.204,2009
Belize,BLZ,Employment and Time Use,56.204,2010
Belize,BLZ,Employment and Time Use,56.204,2011
Belize,BLZ,Employment and Time Use,81.022,2012
Belize,BLZ,Employment and Time Use,87.591,2013
Belize,BLZ,Employment and Time Use,87.591,2014
Belize,BLZ,Employment and Time Use,88.321,2015
Belize,BLZ,Employment and Time Use,88.321,2016
Belize,BLZ,Employment and Time Use,87.591,2017
Belize,BLZ,Employment and Time Use,88.321,2018
Belize,BLZ,Employment and Time Use,88.321,2019
Belize,BLZ,Employment and Time Use,88.321,2020
Belize,BLZ,Employment and Time Use,56.204,2021
Belize,BLZ,Employment and Time Use,56.204,2022
Belize,BLZ,Employment and Time Use,57.664,2023
Belize,BLZ,Entrepreneurship,0.000,1960
Belize,BLZ,Entrepreneurship,0.000,1961
Belize,BLZ,Entrepreneurship,0.000,1962
Belize,BLZ,Entrepreneurship,0.000,1963
Belize,BLZ,Entrepreneurship,0.000,1964
Belize,BLZ,Entrepreneurship,0.000,1965
Belize,BLZ,Entrepreneurship,0.000,1966
Belize,BLZ,Entrepreneurship,0.000,1967
Belize,BLZ,Entrepreneurship,0.000,1968
Belize,BLZ,Entrepreneurship,0.000,1969
Belize,BLZ,Entrepreneurship,9.375,1970
Belize,BLZ,Entrepreneurship,9.375,1971
Belize,BLZ,Entrepreneurship,9.375,1972
Belize,BLZ,Entrepreneurship,9.375,1973
Belize,BLZ,Entrepreneurship,9.375,1974
Belize,BLZ,Entrepreneurship,9.375,1975
Belize,BLZ,Entrepreneurship,9.375,1976
Belize,BLZ,Entrepreneurship,9.375,1977
Belize,BLZ,Entrepreneurship,9.375,1978
Belize,BLZ,Entrepreneurship,9.375,1979
Belize,BLZ,Entrepreneurship,9.375,1980
Belize,BLZ,Entrepreneurship,9.375,1981
Belize,BLZ,Entrepreneurship,9.375,1982
Belize,BLZ,Entrepreneurship,9.375,1983
Belize,BLZ,Entrepreneurship,9.375,1984
Belize,BLZ,Entrepreneurship,9.375,1985
Belize,BLZ,Entrepreneurship,9.375,1986
Belize,BLZ,Entrepreneurship,9.375,1987
Belize,BLZ,Entrepreneurship,9.375,1988
Belize,BLZ,Entrepreneurship,9.375,1989
Belize,BLZ,Entrepreneurship,9.375,1990
Belize,BLZ,Entrepreneurship,9.375,1991
Belize,BLZ,Entrepreneurship,9.375,1992
Belize,BLZ,Entrepreneurship,9.375,1993
Belize,BLZ,Entrepreneurship,9.375,1994
Belize,BLZ,Entrepreneurship,9.375,1995
Belize,BLZ,Entrepreneurship,9.375,1996
Belize,BLZ,Entrepreneurship,9.375,1997
Belize,BLZ,Entrepreneurship,9.375,1998
Belize,BLZ,Entrepreneurship,9.375,1999
Belize,BLZ,Entrepreneurship,9.375,2000
Belize,BLZ,Entrepreneurship,9.375,2001
Belize,BLZ,Entrepreneurship,9.375,2002
Belize,BLZ,Entrepreneurship,9.375,2003
Belize,BLZ,Entrepreneurship,9.375,2004
Belize,BLZ,Entrepreneurship,37.500,2005
Belize,BLZ,Entrepreneurship,37.500,2006
Belize,BLZ,Entrepreneurship,37.500,2007
Belize,BLZ,Entrepreneurship,37.500,2008
Belize,BLZ,Entrepreneurship,37.500,2009
Belize,BLZ,Entrepreneurship,43.750,2010
Belize,BLZ,Entrepreneurship,37.500,2011
Belize,BLZ,Entrepreneurship,37.500,2012
Belize,BLZ,Entrepreneurship,37.500,2013
Belize,BLZ,Entrepreneurship,56.250,2014
Belize,BLZ,Entrepreneurship,37.500,2015
Belize,BLZ,Entrepreneurship,37.500,2016
Belize,BLZ,Entrepreneurship,37.500,2017
Belize,BLZ,Entrepreneurship,37.500,2018
Belize,BLZ,Entrepreneurship,37.500,2019
Belize,BLZ,Entrepreneurship,9.375,2020
Belize,BLZ,Entrepreneurship,9.375,2021
Belize,BLZ,Entrepreneurship,9.375,2022
Belize,BLZ,Entrepreneurship,9.375,2023
Belize,BLZ,Environment,0.000,1960
Belize,BLZ,Environment,0.000,1961
Belize,BLZ,Environment,0.000,1962
Belize,BLZ,Environment,0.000,1963
Belize,BLZ,Environment,0.000,1964
Belize,BLZ,Environment,0.000,1965
Belize,BLZ,Environment,0.000,1966
Belize,BLZ,Environment,0.000,1967
Belize,BLZ,Environment,0.000,1968
Belize,BLZ,Environment,0.000,1969
Belize,BLZ,Environment,0.000,1970
Belize,BLZ,Environment,0.000,1971
Belize,BLZ,Environment,0.000,1972
Belize,BLZ,Environment,0.000,1973
Belize,BLZ,Environment,0.000,1974
Belize,BLZ,Environment,0.000,1975
Belize,BLZ,Environment,0.000,1976
Belize,BLZ,Environment,0.000,1977
Belize,BLZ,Environment,0.000,1978
Belize,BLZ,Environment,0.000,1979
Belize,BLZ,Environment,0.000,1980
Belize,BLZ,Environment,0.000,1981
Belize,BLZ,Environment,0.000,1982
Belize,BLZ,Environment,0.000,1983
Belize,BLZ,Environment,0.000,1984
Belize,BLZ,Environment,0.000,1985
Belize,BLZ,Environment,0.000,1986
Belize,BLZ,Environment,0.000,1987
Belize,BLZ,Environment,0.000,1988
Belize,BLZ,Environment,0.000,1989
Belize,BLZ,Environment,0.000,1990
Belize,BLZ,Environment,0.000,1991
Belize,BLZ,Environment,0.000,1992
Belize,BLZ,Environment,0.000,1993
Belize,BLZ,Environment,0.000,1994
Belize,BLZ,Environment,0.000,1995
Belize,BLZ,Environment,0.000,1996
Belize,BLZ,Environment,0.000,1997
Belize,BLZ,Environment,0.000,1998
Belize,BLZ,Environment,0.000,1999
Belize,BLZ,Environment,10.000,2000
Belize,BLZ,Environment,10.000,2001
Belize,BLZ,Environment,10.000,2002
Belize,BLZ,Environment,10.000,2003
Belize,BLZ,Environment,10.000,2004
Belize,BLZ,Environment,10.000,2005
Belize,BLZ,Environment,10.000,2006
Belize,BLZ,Environment,10.000,2007
Belize,BLZ,Environment,10.000,2008
Belize,BLZ,Environment,10.000,2009
Belize,BLZ,Environment,10.000,2010
Belize,BLZ,Environment,10.000,2011
Belize,BLZ,Environment,10.000,2012
Belize,BLZ,Environment,10.000,2013
Belize,BLZ,Environment,23.333,2014
Belize,BLZ,Environment,13.333,2015
Belize,BLZ,Environment,10.000,2016
Belize,BLZ,Environment,10.000,2017
Belize,BLZ,Environment,10.000,2018
Belize,BLZ,Environment,30.000,2019
Belize,BLZ,Environment,10.000,2020
Belize,BLZ,Environment,10.000,2021
Belize,BLZ,Environment,10.000,2022
Belize,BLZ,Environment,0.000,2023
Belize,BLZ,Health,3.030,1960
Belize,BLZ,Health,3.030,1961
Belize,BLZ,Health,3.030,1962
Belize,BLZ,Health,3.030,1963
Belize,BLZ,Health,3.030,1964
Belize,BLZ,Health,3.030,1965
Belize,BLZ,Health,3.030,1966
Belize,BLZ,Health,6.061,1967
Belize,BLZ,Health,7.576,1968
Belize,BLZ,Health,7.576,1969
Belize,BLZ,Health,7.576,1970
Belize,BLZ,Health,7.576,1971
Belize,BLZ,Health,8.586,1972
Belize,BLZ,Health,8.586,1973
Belize,BLZ,Health,8.586,1974
Belize,BLZ,Health,11.111,1975
Belize,BLZ,Health,11.111,1976
Belize,BLZ,Health,11.111,1977
Belize,BLZ,Health,11.111,1978
Belize,BLZ,Health,11.111,1979
Belize,BLZ,Health,12.121,1980
Belize,BLZ,Health,12.121,1981
Belize,BLZ,Health,12.121,1982
Belize,BLZ,Health,12.121,1983
Belize,BLZ,Health,12.121,1984
Belize,BLZ,Health,12.121,1985
Belize,BLZ,Health,12.626,1986
Belize,BLZ,Health,12.626,1987
Belize,BLZ,Health,12.121,1988
Belize,BLZ,Health,12.626,1989
Belize,BLZ,Health,17.677,1990
Belize,BLZ,Health,20.202,1991
Belize,BLZ,Health,17.172,1992
Belize,BLZ,Health,16.667,1993
Belize,BLZ,Health,16.667,1994
Belize,BLZ,Health,17.677,1995
Belize,BLZ,Health,17.172,1996
Belize,BLZ,Health,17.172,1997
Belize,BLZ,Health,18.182,1998
Belize,BLZ,Health,19.697,1999
Belize,BLZ,Health,57.576,2000
Belize,BLZ,Health,32.323,2001
Belize,BLZ,Health,33.333,2002
Belize,BLZ,Health,32.323,2003
Belize,BLZ,Health,32.828,2004
Belize,BLZ,Health,34.848,2005
Belize,BLZ,Health,41.919,2006
Belize,BLZ,Health,32.828,2007
Belize,BLZ,Health,32.828,2008
Belize,BLZ,Health,32.828,2009
Belize,BLZ,Health,57.071,2010
Belize,BLZ,Health,44.444,2011
Belize,BLZ,Health,33.333,2012
Belize,BLZ,Health,33.333,2013
Belize,BLZ,Health,34.343,2014
Belize,BLZ,Health,64.646,2015
Belize,BLZ,Health,37.374,2016
Belize,BLZ,Health,29.798,2017
Belize,BLZ,Health,31.313,2018
Belize,BLZ,Health,57.071,2019
Belize,BLZ,Health,23.737,2020
Belize,BLZ,Health,18.182,2021
Belize,BLZ,Health,17.172,2022
Belize,BLZ,Health,1.010,2023
Belize,BLZ,Leadership,0.000,1960
Belize,BLZ,Leadership,0.000,1961
Belize,BLZ,Leadership,0.000,1962
Belize,BLZ,Leadership,0.000,1963
Belize,BLZ,Leadership,0.000,1964
Belize,BLZ,Leadership,0.000,1965
Belize,BLZ,Leadership,0.000,1966
Belize,BLZ,Leadership,0.000,1967
Belize,BLZ,Leadership,0.000,1968
Belize,BLZ,Leadership,0.000,1969
Belize,BLZ,Leadership,0.000,1970
Belize,BLZ,Leadership,0.000,1971
Belize,BLZ,Leadership,0.000,1972
Belize,BLZ,Leadership,0.000,1973
Belize,BLZ,Leadership,0.000,1974
Belize,BLZ,Leadership,0.000,1975
Belize,BLZ,Leadership,0.000,1976
Belize,BLZ,Leadership,0.000,1977
Belize,BLZ,Leadership,0.000,1978
Belize,BLZ,Leadership,0.000,1979
Belize,BLZ,Leadership,0.000,1980
Belize,BLZ,Leadership,0.000,1981
Belize,BLZ,Leadership,0.000,1982
Belize,BLZ,Leadership,0.000,1983
Belize,BLZ,Leadership,0.000,1984
Belize,BLZ,Leadership,0.000,1985
Belize,BLZ,Leadership,0.000,1986
Belize,BLZ,Leadership,0.000,1987
Belize,BLZ,Leadership,0.000,1988
Belize,BLZ,Leadership,0.000,1989
Belize,BLZ,Leadership,0.000,1990
Belize,BLZ,Leadership,0.000,1991
Belize,BLZ,Leadership,0.000,1992
Belize,BLZ,Leadership,0.000,1993
Belize,BLZ,Leadership,0.000,1994
Belize,BLZ,Leadership,0.000,1995
Belize,BLZ,Leadership,0.000,1996
Belize,BLZ,Leadership,25.000,1997
Belize,BLZ,Leadership,25.000,1998
Belize,BLZ,Leadership,25.000,1999
Belize,BLZ,Leadership,25.000,2000
Belize,BLZ,Leadership,25.000,2001
Belize,BLZ,Leadership,25.000,2002
Belize,BLZ,Leadership,25.000,2003
Belize,BLZ,Leadership,25.000,2004
Belize,BLZ,Leadership,50.000,2005
Belize,BLZ,Leadership,25.000,2006
Belize,BLZ,Leadership,25.000,2007
Belize,BLZ,Leadership,50.000,2008
Belize,BLZ,Leadership,25.000,2009
Belize,BLZ,Leadership,75.000,2010
Belize,BLZ,Leadership,25.000,2011
Belize,BLZ,Leadership,50.000,2012
Belize,BLZ,Leadership,25.000,2013
Belize,BLZ,Leadership,50.000,2014
Belize,BLZ,Leadership,75.000,2015
Belize,BLZ,Leadership,75.000,2016
Belize,BLZ,Leadership,25.000,2017
Belize,BLZ,Leadership,25.000,2018
Belize,BLZ,Leadership,50.000,2019
Belize,BLZ,Leadership,50.000,2020
Belize,BLZ,Leadership,25.000,2021
Belize,BLZ,Leadership,50.000,2022
Belize,BLZ,Leadership,25.000,2023
Belize,BLZ,Norms and Decision-making,0.000,1960
Belize,BLZ,Norms and Decision-making,0.000,1961
Belize,BLZ,Norms and Decision-making,0.000,1962
Belize,BLZ,Norms and Decision-making,0.000,1963
Belize,BLZ,Norms and Decision-making,0.000,1964
Belize,BLZ,Norms and Decision-making,0.000,1965
Belize,BLZ,Norms and Decision-making,0.000,1966
Belize,BLZ,Norms and Decision-making,0.000,1967
Belize,BLZ,Norms and Decision-making,0.000,1968
Belize,BLZ,Norms and Decision-making,0.000,1969
Belize,BLZ,Norms and Decision-making,14.074,1970
Belize,BLZ,Norms and Decision-making,12.593,1971
Belize,BLZ,Norms and Decision-making,12.593,1972
Belize,BLZ,Norms and Decision-making,12.593,1973
Belize,BLZ,Norms and Decision-making,12.593,1974
Belize,BLZ,Norms and Decision-making,12.593,1975
Belize,BLZ,Norms and Decision-making,12.593,1976
Belize,BLZ,Norms and Decision-making,12.593,1977
Belize,BLZ,Norms and Decision-making,12.593,1978
Belize,BLZ,Norms and Decision-making,12.593,1979
Belize,BLZ,Norms and Decision-making,14.074,1980
Belize,BLZ,Norms and Decision-making,12.593,1981
Belize,BLZ,Norms and Decision-making,12.593,1982
Belize,BLZ,Norms and Decision-making,12.593,1983
Belize,BLZ,Norms and Decision-making,12.593,1984
Belize,BLZ,Norms and Decision-making,12.593,1985
Belize,BLZ,Norms and Decision-making,12.593,1986
Belize,BLZ,Norms and Decision-making,12.593,1987
Belize,BLZ,Norms and Decision-making,12.593,1988
Belize,BLZ,Norms and Decision-making,12.593,1989
Belize,BLZ,Norms and Decision-making,12.593,1990
Belize,BLZ,Norms and Decision-making,14.074,1991
Belize,BLZ,Norms and Decision-making,12.593,1992
Belize,BLZ,Norms and Decision-making,12.593,1993
Belize,BLZ,Norms and Decision-making,12.593,1994
Belize,BLZ,Norms and Decision-making,12.593,1995
Belize,BLZ,Norms and Decision-making,12.593,1996
Belize,BLZ,Norms and Decision-making,12.593,1997
Belize,BLZ,Norms and Decision-making,12.593,1998
Belize,BLZ,Norms and Decision-making,12.593,1999
Belize,BLZ,Norms and Decision-making,14.074,2000
Belize,BLZ,Norms and Decision-making,12.593,2001
Belize,BLZ,Norms and Decision-making,12.593,2002
Belize,BLZ,Norms and Decision-making,12.593,2003
Belize,BLZ,Norms and Decision-making,12.593,2004
Belize,BLZ,Norms and Decision-making,12.593,2005
Belize,BLZ,Norms and Decision-making,14.074,2006
Belize,BLZ,Norms and Decision-making,12.593,2007
Belize,BLZ,Norms and Decision-making,12.593,2008
Belize,BLZ,Norms and Decision-making,12.593,2009
Belize,BLZ,Norms and Decision-making,14.074,2010
Belize,BLZ,Norms and Decision-making,14.815,2011
Belize,BLZ,Norms and Decision-making,12.593,2012
Belize,BLZ,Norms and Decision-making,12.593,2013
Belize,BLZ,Norms and Decision-making,12.593,2014
Belize,BLZ,Norms and Decision-making,12.593,2015
Belize,BLZ,Norms and Decision-making,18.519,2016
Belize,BLZ,Norms and Decision-making,12.593,2017
Belize,BLZ,Norms and Decision-making,12.593,2018
Belize,BLZ,Norms and Decision-making,12.593,2019
Belize,BLZ,Norms and Decision-making,12.593,2020
Belize,BLZ,Norms and Decision-making,12.593,2021
Belize,BLZ,Norms and Decision-making,12.593,2022
Belize,BLZ,Norms and Decision-making,12.593,2023
Belize,BLZ,Population,86.905,1960
Belize,BLZ,Population,86.905,1961
Belize,BLZ,Population,86.905,1962
Belize,BLZ,Population,86.905,1963
Belize,BLZ,Population,86.905,1964
Belize,BLZ,Population,86.905,1965
Belize,BLZ,Population,86.905,1966
Belize,BLZ,Population,86.905,1967
Belize,BLZ,Population,86.905,1968
Belize,BLZ,Population,86.905,1969
Belize,BLZ,Population,89.286,1970
Belize,BLZ,Population,86.905,1971
Belize,BLZ,Population,86.905,1972
Belize,BLZ,Population,86.905,1973
Belize,BLZ,Population,86.905,1974
Belize,BLZ,Population,86.905,1975
Belize,BLZ,Population,86.905,1976
Belize,BLZ,Population,86.905,1977
Belize,BLZ,Population,86.905,1978
Belize,BLZ,Population,86.905,1979
Belize,BLZ,Population,94.048,1980
Belize,BLZ,Population,86.905,1981
Belize,BLZ,Population,86.905,1982
Belize,BLZ,Population,86.905,1983
Belize,BLZ,Population,86.905,1984
Belize,BLZ,Population,91.667,1985
Belize,BLZ,Population,86.905,1986
Belize,BLZ,Population,86.905,1987
Belize,BLZ,Population,86.905,1988
Belize,BLZ,Population,86.905,1989
Belize,BLZ,Population,92.857,1990
Belize,BLZ,Population,89.286,1991
Belize,BLZ,Population,86.905,1992
Belize,BLZ,Population,86.905,1993
Belize,BLZ,Population,86.905,1994
Belize,BLZ,Population,92.857,1995
Belize,BLZ,Population,86.905,1996
Belize,BLZ,Population,86.905,1997
Belize,BLZ,Population,86.905,1998
Belize,BLZ,Population,86.905,1999
Belize,BLZ,Population,95.238,2000
Belize,BLZ,Population,86.905,2001
Belize,BLZ,Population,86.905,2002
Belize,BLZ,Population,86.905,2003
Belize,BLZ,Population,86.905,2004
Belize,BLZ,Population,92.857,2005
Belize,BLZ,Population,88.095,2006
Belize,BLZ,Population,86.905,2007
Belize,BLZ,Population,86.905,2008
Belize,BLZ,Population,86.905,2009
Belize,BLZ,Population,95.238,2010
Belize,BLZ,Population,89.286,2011
Belize,BLZ,Population,86.905,2012
Belize,BLZ,Population,86.905,2013
Belize,BLZ,Population,86.905,2014
Belize,BLZ,Population,94.048,2015
Belize,BLZ,Population,91.667,2016
Belize,BLZ,Population,86.905,2017
Belize,BLZ,Population,86.905,2018
Belize,BLZ,Population,86.905,2019
Belize,BLZ,Population,88.095,2020
Belize,BLZ,Population,86.905,2021
Belize,BLZ,Population,86.905,2022
Belize,BLZ,Population,77.381,2023
Belize,BLZ,SDGs,0.671,1960
Belize,BLZ,SDGs,0.671,1961
Belize,BLZ,SDGs,0.671,1962
Belize,BLZ,SDGs,0.671,1963
Belize,BLZ,SDGs,0.671,1964
Belize,BLZ,SDGs,0.671,1965
Belize,BLZ,SDGs,0.671,1966
Belize,BLZ,SDGs,2.685,1967
Belize,BLZ,SDGs,2.685,1968
Belize,BLZ,SDGs,2.685,1969
Belize,BLZ,SDGs,11.409,1970
Belize,BLZ,SDGs,11.409,1971
Belize,BLZ,SDGs,11.409,1972
Belize,BLZ,SDGs,11.409,1973
Belize,BLZ,SDGs,11.409,1974
Belize,BLZ,SDGs,11.409,1975
Belize,BLZ,SDGs,11.409,1976
Belize,BLZ,SDGs,11.409,1977
Belize,BLZ,SDGs,11.409,1978
Belize,BLZ,SDGs,11.409,1979
Belize,BLZ,SDGs,12.081,1980
Belize,BLZ,SDGs,12.081,1981
Belize,BLZ,SDGs,12.081,1982
Belize,BLZ,SDGs,12.081,1983
Belize,BLZ,SDGs,12.081,1984
Belize,BLZ,SDGs,12.081,1985
Belize,BLZ,SDGs,12.752,1986
Belize,BLZ,SDGs,12.752,1987
Belize,BLZ,SDGs,12.081,1988
Belize,BLZ,SDGs,12.752,1989
Belize,BLZ,SDGs,16.779,1990
Belize,BLZ,SDGs,21.477,1991
Belize,BLZ,SDGs,20.134,1992
Belize,BLZ,SDGs,22.148,1993
Belize,BLZ,SDGs,24.161,1994
Belize,BLZ,SDGs,23.490,1995
Belize,BLZ,SDGs,22.819,1996
Belize,BLZ,SDGs,23.490,1997
Belize,BLZ,SDGs,24.161,1998
Belize,BLZ,SDGs,24.161,1999
Belize,BLZ,SDGs,67.114,2000
Belize,BLZ,SDGs,38.255,2001
Belize,BLZ,SDGs,36.913,2002
Belize,BLZ,SDGs,34.228,2003
Belize,BLZ,SDGs,34.899,2004
Belize,BLZ,SDGs,38.926,2005
Belize,BLZ,SDGs,36.913,2006
Belize,BLZ,SDGs,36.913,2007
Belize,BLZ,SDGs,35.570,2008
Belize,BLZ,SDGs,34.899,2009
Belize,BLZ,SDGs,67.114,2010
Belize,BLZ,SDGs,34.899,2011
Belize,BLZ,SDGs,34.899,2012
Belize,BLZ,SDGs,38.926,2013
Belize,BLZ,SDGs,40.940,2014
Belize,BLZ,SDGs,71.141,2015
Belize,BLZ,SDGs,40.268,2016
Belize,BLZ,SDGs,38.255,2017
Belize,BLZ,SDGs,41.611,2018
Belize,BLZ,SDGs,74.497,2019
Belize,BLZ,SDGs,32.215,2020
Belize,BLZ,SDGs,22.819,2021
Belize,BLZ,SDGs,22.819,2022
Belize,BLZ,SDGs,14.094,2023
Belize,BLZ,Technology,0.000,1960
Belize,BLZ,Technology,0.000,1961
Belize,BLZ,Technology,0.000,1962
Belize,BLZ,Technology,0.000,1963
Belize,BLZ,Technology,0.000,1964
Belize,BLZ,Technology,0.000,1965
Belize,BLZ,Technology,0.000,1966
Belize,BLZ,Technology,0.000,1967
Belize,BLZ,Technology,0.000,1968
Belize,BLZ,Technology,0.000,1969
Belize,BLZ,Technology,0.000,1970
Belize,BLZ,Technology,0.000,1971
Belize,BLZ,Technology,0.000,1972
Belize,BLZ,Technology,0.000,1973
Belize,BLZ,Technology,0.000,1974
Belize,BLZ,Technology,0.000,1975
Belize,BLZ,Technology,0.000,1976
Belize,BLZ,Technology,0.000,1977
Belize,BLZ,Technology,0.000,1978
Belize,BLZ,Technology,0.000,1979
Belize,BLZ,Technology,0.000,1980
Belize,BLZ,Technology,0.000,1981
Belize,BLZ,Technology,0.000,1982
Belize,BLZ,Technology,0.000,1983
Belize,BLZ,Technology,0.000,1984
Belize,BLZ,Technology,0.000,1985
Belize,BLZ,Technology,0.000,1986
Belize,BLZ,Technology,0.000,1987
Belize,BLZ,Technology,0.000,1988
Belize,BLZ,Technology,0.000,1989
Belize,BLZ,Technology,2.222,1990
Belize,BLZ,Technology,2.222,1991
Belize,BLZ,Technology,2.222,1992
Belize,BLZ,Technology,2.222,1993
Belize,BLZ,Technology,2.222,1994
Belize,BLZ,Technology,2.222,1995
Belize,BLZ,Technology,2.222,1996
Belize,BLZ,Technology,2.222,1997
Belize,BLZ,Technology,2.222,1998
Belize,BLZ,Technology,2.222,1999
Belize,BLZ,Technology,2.222,2000
Belize,BLZ,Technology,0.000,2001
Belize,BLZ,Technology,2.222,2002
Belize,BLZ,Technology,0.000,2003
Belize,BLZ,Technology,2.222,2004
Belize,BLZ,Technology,2.222,2005
Belize,BLZ,Technology,2.222,2006
Belize,BLZ,Technology,2.222,2007
Belize,BLZ,Technology,2.222,2008
Belize,BLZ,Technology,2.222,2009
Belize,BLZ,Technology,6.667,2010
Belize,BLZ,Technology,2.222,2011
Belize,BLZ,Technology,2.222,2012
Belize,BLZ,Technology,2.222,2013
Belize,BLZ,Technology,31.111,2014
Belize,BLZ,Technology,8.889,2015
Belize,BLZ,Technology,2.222,2016
Belize,BLZ,Technology,2.222,2017
Belize,BLZ,Technology,2.222,2018
Belize,BLZ,Technology,2.222,2019
Belize,BLZ,Technology,2.222,2020
Belize,BLZ,Technology,2.222,2021
Belize,BLZ,Technology,2.222,2022
Belize,BLZ,Technology,0.000,2023
Belize,BLZ,Violence,0.000,1960
Belize,BLZ,Violence,0.000,1961
Belize,BLZ,Violence,0.000,1962
Belize,BLZ,Violence,0.000,1963
Belize,BLZ,Violence,0.000,1964
Belize,BLZ,Violence,0.000,1965
Belize,BLZ,Violence,0.000,1966
Belize,BLZ,Violence,0.000,1967
Belize,BLZ,Violence,0.000,1968
Belize,BLZ,Violence,0.000,1969
Belize,BLZ,Violence,2.143,1970
Belize,BLZ,Violence,2.143,1971
Belize,BLZ,Violence,2.143,1972
Belize,BLZ,Violence,2.143,1973
Belize,BLZ,Violence,2.143,1974
Belize,BLZ,Violence,2.143,1975
Belize,BLZ,Violence,2.143,1976
Belize,BLZ,Violence,2.143,1977
Belize,BLZ,Violence,2.143,1978
Belize,BLZ,Violence,2.143,1979
Belize,BLZ,Violence,2.143,1980
Belize,BLZ,Violence,2.143,1981
Belize,BLZ,Violence,2.143,1982
Belize,BLZ,Violence,2.143,1983
Belize,BLZ,Violence,2.143,1984
Belize,BLZ,Violence,2.143,1985
Belize,BLZ,Violence,2.143,1986
Belize,BLZ,Violence,2.143,1987
Belize,BLZ,Violence,2.143,1988
Belize,BLZ,Violence,2.143,1989
Belize,BLZ,Violence,2.143,1990
Belize,BLZ,Violence,2.143,1991
Belize,BLZ,Violence,2.143,1992
Belize,BLZ,Violence,2.143,1993
Belize,BLZ,Violence,2.143,1994
Belize,BLZ,Violence,2.143,1995
Belize,BLZ,Violence,2.143,1996
Belize,BLZ,Violence,2.143,1997
Belize,BLZ,Violence,2.143,1998
Belize,BLZ,Violence,2.143,1999
Belize,BLZ,Violence,5.000,2000
Belize,BLZ,Violence,5.000,2001
Belize,BLZ,Violence,5.000,2002
Belize,BLZ,Violence,5.000,2003
Belize,BLZ,Violence,6.429,2004
Belize,BLZ,Violence,5.000,2005
Belize,BLZ,Violence,5.000,2006
Belize,BLZ,Violence,5.000,2007
Belize,BLZ,Violence,5.000,2008
Belize,BLZ,Violence,6.429,2009
Belize,BLZ,Violence,6.429,2010
Belize,BLZ,Violence,6.429,2011
Belize,BLZ,Violence,6.429,2012
Belize,BLZ,Violence,6.429,2013
Belize,BLZ,Violence,6.429,2014
Belize,BLZ,Violence,6.429,2015
Belize,BLZ,Violence,7.857,2016
Belize,BLZ,Violence,6.429,2017
Belize,BLZ,Violence,9.286,2018
Belize,BLZ,Violence,6.429,2019
Belize,BLZ,Violence,4.286,2020
Belize,BLZ,Violence,4.286,2021
Belize,BLZ,Violence,2.143,2022
Belize,BLZ,Violence,2.143,2023
Belize,BLZ,Youth 15-24,7.339,1960
Belize,BLZ,Youth 15-24,4.587,1961
Belize,BLZ,Youth 15-24,4.587,1962
Belize,BLZ,Youth 15-24,4.587,1963
Belize,BLZ,Youth 15-24,4.587,1964
Belize,BLZ,Youth 15-24,4.587,1965
Belize,BLZ,Youth 15-24,4.587,1966
Belize,BLZ,Youth 15-24,4.587,1967
Belize,BLZ,Youth 15-24,4.587,1968
Belize,BLZ,Youth 15-24,4.587,1969
Belize,BLZ,Youth 15-24,10.092,1970
Belize,BLZ,Youth 15-24,8.257,1971
Belize,BLZ,Youth 15-24,8.257,1972
Belize,BLZ,Youth 15-24,6.422,1973
Belize,BLZ,Youth 15-24,10.092,1974
Belize,BLZ,Youth 15-24,8.257,1975
Belize,BLZ,Youth 15-24,4.587,1976
Belize,BLZ,Youth 15-24,7.339,1977
Belize,BLZ,Youth 15-24,4.587,1978
Belize,BLZ,Youth 15-24,5.505,1979
Belize,BLZ,Youth 15-24,10.092,1980
Belize,BLZ,Youth 15-24,7.339,1981
Belize,BLZ,Youth 15-24,7.339,1982
Belize,BLZ,Youth 15-24,5.505,1983
Belize,BLZ,Youth 15-24,4.587,1984
Belize,BLZ,Youth 15-24,4.587,1985
Belize,BLZ,Youth 15-24,14.679,1986
Belize,BLZ,Youth 15-24,14.679,1987
Belize,BLZ,Youth 15-24,4.587,1988
Belize,BLZ,Youth 15-24,4.587,1989
Belize,BLZ,Youth 15-24,11.927,1990
Belize,BLZ,Youth 15-24,41.284,1991
Belize,BLZ,Youth 15-24,18.349,1992
Belize,BLZ,Youth 15-24,18.349,1993
Belize,BLZ,Youth 15-24,37.615,1994
Belize,BLZ,Youth 15-24,31.193,1995
Belize,BLZ,Youth 15-24,18.349,1996
Belize,BLZ,Youth 15-24,18.349,1997
Belize,BLZ,Youth 15-24,18.349,1998
Belize,BLZ,Youth 15-24,31.193,1999
Belize,BLZ,Youth 15-24,38.532,2000
Belize,BLZ,Youth 15-24,44.037,2001
Belize,BLZ,Youth 15-24,24.771,2002
Belize,BLZ,Youth 15-24,43.119,2003
Belize,BLZ,Youth 15-24,42.202,2004
Belize,BLZ,Youth 15-24,48.624,2005
Belize,BLZ,Youth 15-24,46.789,2006
Belize,BLZ,Youth 15-24,45.872,2007
Belize,BLZ,Youth 15-24,45.872,2008
Belize,BLZ,Youth 15-24,43.119,2009
Belize,BLZ,Youth 15-24,51.376,2010
Belize,BLZ,Youth 15-24,46.789,2011
Belize,BLZ,Youth 15-24,54.128,2012
Belize,BLZ,Youth 15-24,60.550,2013
Belize,BLZ,Youth 15-24,66.055,2014
Belize,BLZ,Youth 15-24,81.651,2015
Belize,BLZ,Youth 15-24,62.385,2016
Belize,BLZ,Youth 15-24,60.550,2017
Belize,BLZ,Youth 15-24,52.294,2018
Belize,BLZ,Youth 15-24,53.211,2019
Belize,BLZ,Youth 15-24,50.459,2020
Belize,BLZ,Youth 15-24,30.275,2021
Belize,BLZ,Youth 15-24,25.688,2022
Belize,BLZ,Youth 15-24,20.183,2023
