Country Name,Country Code,Topic,% of available indicators,Year
Liechtenstein,LIE,Assets,0.000,1960
Liechtenstein,LIE,Assets,0.000,1961
Liechtenstein,LIE,Assets,0.000,1962
Liechtenstein,LIE,Assets,0.000,1963
Liechtenstein,LIE,Assets,0.000,1964
Liechtenstein,LIE,Assets,0.000,1965
Liechtenstein,LIE,Assets,0.000,1966
Liechtenstein,LIE,Assets,0.000,1967
Liechtenstein,LIE,Assets,0.000,1968
Liechtenstein,LIE,Assets,0.000,1969
Liechtenstein,LIE,Assets,0.000,1970
Liechtenstein,LIE,Assets,0.000,1971
Liechtenstein,LIE,Assets,0.000,1972
Liechtenstein,LIE,Assets,0.000,1973
Liechtenstein,LIE,Assets,0.000,1974
Liechtenstein,LIE,Assets,0.000,1975
Liechtenstein,LIE,Assets,0.000,1976
Liechtenstein,LIE,Assets,0.000,1977
Liechtenstein,LIE,Assets,0.000,1978
Liechtenstein,LIE,Assets,0.000,1979
Liechtenstein,LIE,Assets,0.000,1980
Liechtenstein,LIE,Assets,0.000,1981
Liechtenstein,LIE,Assets,0.000,1982
Liechtenstein,LIE,Assets,0.000,1983
Liechtenstein,LIE,Assets,0.000,1984
Liechtenstein,LIE,Assets,0.000,1985
Liechtenstein,LIE,Assets,0.000,1986
Liechtenstein,LIE,Assets,0.000,1987
Liechtenstein,LIE,Assets,0.000,1988
Liechtenstein,LIE,Assets,0.000,1989
Liechtenstein,LIE,Assets,0.000,1990
Liechtenstein,LIE,Assets,0.000,1991
Liechtenstein,LIE,Assets,0.000,1992
Liechtenstein,LIE,Assets,0.000,1993
Liechtenstein,LIE,Assets,0.000,1994
Liechtenstein,LIE,Assets,0.000,1995
Liechtenstein,LIE,Assets,0.000,1996
Liechtenstein,LIE,Assets,0.000,1997
Liechtenstein,LIE,Assets,0.000,1998
Liechtenstein,LIE,Assets,0.000,1999
Liechtenstein,LIE,Assets,0.000,2000
Liechtenstein,LIE,Assets,0.000,2001
Liechtenstein,LIE,Assets,0.000,2002
Liechtenstein,LIE,Assets,0.000,2003
Liechtenstein,LIE,Assets,0.000,2004
Liechtenstein,LIE,Assets,0.000,2005
Liechtenstein,LIE,Assets,0.000,2006
Liechtenstein,LIE,Assets,0.000,2007
Liechtenstein,LIE,Assets,0.000,2008
Liechtenstein,LIE,Assets,0.000,2009
Liechtenstein,LIE,Assets,0.000,2010
Liechtenstein,LIE,Assets,0.000,2011
Liechtenstein,LIE,Assets,0.000,2012
Liechtenstein,LIE,Assets,0.000,2013
Liechtenstein,LIE,Assets,0.000,2014
Liechtenstein,LIE,Assets,0.000,2015
Liechtenstein,LIE,Assets,0.000,2016
Liechtenstein,LIE,Assets,0.000,2017
Liechtenstein,LIE,Assets,0.000,2018
Liechtenstein,LIE,Assets,0.000,2019
Liechtenstein,LIE,Assets,0.000,2020
Liechtenstein,LIE,Assets,0.000,2021
Liechtenstein,LIE,Assets,0.000,2022
Liechtenstein,LIE,Assets,0.000,2023
Liechtenstein,LIE,Children 0-14,8.462,1960
Liechtenstein,LIE,Children 0-14,8.462,1961
Liechtenstein,LIE,Children 0-14,8.462,1962
Liechtenstein,LIE,Children 0-14,8.462,1963
Liechtenstein,LIE,Children 0-14,8.462,1964
Liechtenstein,LIE,Children 0-14,8.462,1965
Liechtenstein,LIE,Children 0-14,8.462,1966
Liechtenstein,LIE,Children 0-14,8.462,1967
Liechtenstein,LIE,Children 0-14,8.462,1968
Liechtenstein,LIE,Children 0-14,8.462,1969
Liechtenstein,LIE,Children 0-14,10.769,1970
Liechtenstein,LIE,Children 0-14,8.462,1971
Liechtenstein,LIE,Children 0-14,8.462,1972
Liechtenstein,LIE,Children 0-14,8.462,1973
Liechtenstein,LIE,Children 0-14,8.462,1974
Liechtenstein,LIE,Children 0-14,8.462,1975
Liechtenstein,LIE,Children 0-14,8.462,1976
Liechtenstein,LIE,Children 0-14,8.462,1977
Liechtenstein,LIE,Children 0-14,8.462,1978
Liechtenstein,LIE,Children 0-14,8.462,1979
Liechtenstein,LIE,Children 0-14,8.462,1980
Liechtenstein,LIE,Children 0-14,8.462,1981
Liechtenstein,LIE,Children 0-14,8.462,1982
Liechtenstein,LIE,Children 0-14,8.462,1983
Liechtenstein,LIE,Children 0-14,8.462,1984
Liechtenstein,LIE,Children 0-14,8.462,1985
Liechtenstein,LIE,Children 0-14,8.462,1986
Liechtenstein,LIE,Children 0-14,8.462,1987
Liechtenstein,LIE,Children 0-14,8.462,1988
Liechtenstein,LIE,Children 0-14,8.462,1989
Liechtenstein,LIE,Children 0-14,8.462,1990
Liechtenstein,LIE,Children 0-14,8.462,1991
Liechtenstein,LIE,Children 0-14,8.462,1992
Liechtenstein,LIE,Children 0-14,8.462,1993
Liechtenstein,LIE,Children 0-14,10.769,1994
Liechtenstein,LIE,Children 0-14,10.769,1995
Liechtenstein,LIE,Children 0-14,10.769,1996
Liechtenstein,LIE,Children 0-14,10.769,1997
Liechtenstein,LIE,Children 0-14,10.769,1998
Liechtenstein,LIE,Children 0-14,10.769,1999
Liechtenstein,LIE,Children 0-14,15.385,2000
Liechtenstein,LIE,Children 0-14,10.769,2001
Liechtenstein,LIE,Children 0-14,10.769,2002
Liechtenstein,LIE,Children 0-14,30.000,2003
Liechtenstein,LIE,Children 0-14,28.462,2004
Liechtenstein,LIE,Children 0-14,27.692,2005
Liechtenstein,LIE,Children 0-14,30.000,2006
Liechtenstein,LIE,Children 0-14,31.538,2007
Liechtenstein,LIE,Children 0-14,30.000,2008
Liechtenstein,LIE,Children 0-14,31.538,2009
Liechtenstein,LIE,Children 0-14,30.000,2010
Liechtenstein,LIE,Children 0-14,28.462,2011
Liechtenstein,LIE,Children 0-14,27.692,2012
Liechtenstein,LIE,Children 0-14,13.846,2013
Liechtenstein,LIE,Children 0-14,33.077,2014
Liechtenstein,LIE,Children 0-14,30.000,2015
Liechtenstein,LIE,Children 0-14,25.385,2016
Liechtenstein,LIE,Children 0-14,26.154,2017
Liechtenstein,LIE,Children 0-14,23.077,2018
Liechtenstein,LIE,Children 0-14,22.308,2019
Liechtenstein,LIE,Children 0-14,25.385,2020
Liechtenstein,LIE,Children 0-14,19.231,2021
Liechtenstein,LIE,Children 0-14,11.538,2022
Liechtenstein,LIE,Children 0-14,7.692,2023
Liechtenstein,LIE,Education,0.000,1960
Liechtenstein,LIE,Education,0.000,1961
Liechtenstein,LIE,Education,0.000,1962
Liechtenstein,LIE,Education,0.000,1963
Liechtenstein,LIE,Education,0.000,1964
Liechtenstein,LIE,Education,0.000,1965
Liechtenstein,LIE,Education,0.000,1966
Liechtenstein,LIE,Education,0.000,1967
Liechtenstein,LIE,Education,0.000,1968
Liechtenstein,LIE,Education,0.000,1969
Liechtenstein,LIE,Education,3.681,1970
Liechtenstein,LIE,Education,2.454,1971
Liechtenstein,LIE,Education,2.454,1972
Liechtenstein,LIE,Education,2.454,1973
Liechtenstein,LIE,Education,2.454,1974
Liechtenstein,LIE,Education,2.454,1975
Liechtenstein,LIE,Education,2.454,1976
Liechtenstein,LIE,Education,2.454,1977
Liechtenstein,LIE,Education,2.454,1978
Liechtenstein,LIE,Education,2.454,1979
Liechtenstein,LIE,Education,2.454,1980
Liechtenstein,LIE,Education,2.454,1981
Liechtenstein,LIE,Education,2.454,1982
Liechtenstein,LIE,Education,2.454,1983
Liechtenstein,LIE,Education,2.454,1984
Liechtenstein,LIE,Education,2.454,1985
Liechtenstein,LIE,Education,2.454,1986
Liechtenstein,LIE,Education,2.454,1987
Liechtenstein,LIE,Education,2.454,1988
Liechtenstein,LIE,Education,2.454,1989
Liechtenstein,LIE,Education,2.454,1990
Liechtenstein,LIE,Education,2.454,1991
Liechtenstein,LIE,Education,2.454,1992
Liechtenstein,LIE,Education,2.454,1993
Liechtenstein,LIE,Education,2.454,1994
Liechtenstein,LIE,Education,2.454,1995
Liechtenstein,LIE,Education,0.000,1996
Liechtenstein,LIE,Education,0.000,1997
Liechtenstein,LIE,Education,0.000,1998
Liechtenstein,LIE,Education,0.000,1999
Liechtenstein,LIE,Education,7.362,2000
Liechtenstein,LIE,Education,0.000,2001
Liechtenstein,LIE,Education,0.000,2002
Liechtenstein,LIE,Education,41.104,2003
Liechtenstein,LIE,Education,38.650,2004
Liechtenstein,LIE,Education,31.902,2005
Liechtenstein,LIE,Education,39.264,2006
Liechtenstein,LIE,Education,41.718,2007
Liechtenstein,LIE,Education,42.945,2008
Liechtenstein,LIE,Education,40.491,2009
Liechtenstein,LIE,Education,39.264,2010
Liechtenstein,LIE,Education,38.037,2011
Liechtenstein,LIE,Education,34.969,2012
Liechtenstein,LIE,Education,4.294,2013
Liechtenstein,LIE,Education,36.810,2014
Liechtenstein,LIE,Education,36.196,2015
Liechtenstein,LIE,Education,30.675,2016
Liechtenstein,LIE,Education,30.061,2017
Liechtenstein,LIE,Education,22.699,2018
Liechtenstein,LIE,Education,20.859,2019
Liechtenstein,LIE,Education,22.086,2020
Liechtenstein,LIE,Education,15.337,2021
Liechtenstein,LIE,Education,0.000,2022
Liechtenstein,LIE,Education,0.000,2023
Liechtenstein,LIE,Employment and Time Use,5.109,1960
Liechtenstein,LIE,Employment and Time Use,0.000,1961
Liechtenstein,LIE,Employment and Time Use,0.000,1962
Liechtenstein,LIE,Employment and Time Use,0.000,1963
Liechtenstein,LIE,Employment and Time Use,0.000,1964
Liechtenstein,LIE,Employment and Time Use,0.000,1965
Liechtenstein,LIE,Employment and Time Use,0.000,1966
Liechtenstein,LIE,Employment and Time Use,0.000,1967
Liechtenstein,LIE,Employment and Time Use,0.000,1968
Liechtenstein,LIE,Employment and Time Use,0.000,1969
Liechtenstein,LIE,Employment and Time Use,5.109,1970
Liechtenstein,LIE,Employment and Time Use,0.000,1971
Liechtenstein,LIE,Employment and Time Use,0.000,1972
Liechtenstein,LIE,Employment and Time Use,0.000,1973
Liechtenstein,LIE,Employment and Time Use,0.000,1974
Liechtenstein,LIE,Employment and Time Use,0.000,1975
Liechtenstein,LIE,Employment and Time Use,0.000,1976
Liechtenstein,LIE,Employment and Time Use,0.000,1977
Liechtenstein,LIE,Employment and Time Use,0.000,1978
Liechtenstein,LIE,Employment and Time Use,0.000,1979
Liechtenstein,LIE,Employment and Time Use,5.109,1980
Liechtenstein,LIE,Employment and Time Use,0.000,1981
Liechtenstein,LIE,Employment and Time Use,0.000,1982
Liechtenstein,LIE,Employment and Time Use,0.000,1983
Liechtenstein,LIE,Employment and Time Use,0.000,1984
Liechtenstein,LIE,Employment and Time Use,0.000,1985
Liechtenstein,LIE,Employment and Time Use,0.000,1986
Liechtenstein,LIE,Employment and Time Use,0.000,1987
Liechtenstein,LIE,Employment and Time Use,0.000,1988
Liechtenstein,LIE,Employment and Time Use,0.000,1989
Liechtenstein,LIE,Employment and Time Use,0.730,1990
Liechtenstein,LIE,Employment and Time Use,0.730,1991
Liechtenstein,LIE,Employment and Time Use,0.730,1992
Liechtenstein,LIE,Employment and Time Use,0.730,1993
Liechtenstein,LIE,Employment and Time Use,0.730,1994
Liechtenstein,LIE,Employment and Time Use,0.730,1995
Liechtenstein,LIE,Employment and Time Use,0.730,1996
Liechtenstein,LIE,Employment and Time Use,0.730,1997
Liechtenstein,LIE,Employment and Time Use,0.730,1998
Liechtenstein,LIE,Employment and Time Use,0.730,1999
Liechtenstein,LIE,Employment and Time Use,10.219,2000
Liechtenstein,LIE,Employment and Time Use,10.219,2001
Liechtenstein,LIE,Employment and Time Use,10.219,2002
Liechtenstein,LIE,Employment and Time Use,10.219,2003
Liechtenstein,LIE,Employment and Time Use,10.219,2004
Liechtenstein,LIE,Employment and Time Use,10.219,2005
Liechtenstein,LIE,Employment and Time Use,10.219,2006
Liechtenstein,LIE,Employment and Time Use,11.679,2007
Liechtenstein,LIE,Employment and Time Use,9.489,2008
Liechtenstein,LIE,Employment and Time Use,9.489,2009
Liechtenstein,LIE,Employment and Time Use,9.489,2010
Liechtenstein,LIE,Employment and Time Use,9.489,2011
Liechtenstein,LIE,Employment and Time Use,9.489,2012
Liechtenstein,LIE,Employment and Time Use,9.489,2013
Liechtenstein,LIE,Employment and Time Use,9.489,2014
Liechtenstein,LIE,Employment and Time Use,9.489,2015
Liechtenstein,LIE,Employment and Time Use,5.109,2016
Liechtenstein,LIE,Employment and Time Use,5.109,2017
Liechtenstein,LIE,Employment and Time Use,0.000,2018
Liechtenstein,LIE,Employment and Time Use,0.000,2019
Liechtenstein,LIE,Employment and Time Use,0.000,2020
Liechtenstein,LIE,Employment and Time Use,0.000,2021
Liechtenstein,LIE,Employment and Time Use,0.000,2022
Liechtenstein,LIE,Employment and Time Use,0.000,2023
Liechtenstein,LIE,Entrepreneurship,0.000,1960
Liechtenstein,LIE,Entrepreneurship,0.000,1961
Liechtenstein,LIE,Entrepreneurship,0.000,1962
Liechtenstein,LIE,Entrepreneurship,0.000,1963
Liechtenstein,LIE,Entrepreneurship,0.000,1964
Liechtenstein,LIE,Entrepreneurship,0.000,1965
Liechtenstein,LIE,Entrepreneurship,0.000,1966
Liechtenstein,LIE,Entrepreneurship,0.000,1967
Liechtenstein,LIE,Entrepreneurship,0.000,1968
Liechtenstein,LIE,Entrepreneurship,0.000,1969
Liechtenstein,LIE,Entrepreneurship,0.000,1970
Liechtenstein,LIE,Entrepreneurship,0.000,1971
Liechtenstein,LIE,Entrepreneurship,0.000,1972
Liechtenstein,LIE,Entrepreneurship,0.000,1973
Liechtenstein,LIE,Entrepreneurship,0.000,1974
Liechtenstein,LIE,Entrepreneurship,0.000,1975
Liechtenstein,LIE,Entrepreneurship,0.000,1976
Liechtenstein,LIE,Entrepreneurship,0.000,1977
Liechtenstein,LIE,Entrepreneurship,0.000,1978
Liechtenstein,LIE,Entrepreneurship,0.000,1979
Liechtenstein,LIE,Entrepreneurship,0.000,1980
Liechtenstein,LIE,Entrepreneurship,0.000,1981
Liechtenstein,LIE,Entrepreneurship,0.000,1982
Liechtenstein,LIE,Entrepreneurship,0.000,1983
Liechtenstein,LIE,Entrepreneurship,0.000,1984
Liechtenstein,LIE,Entrepreneurship,0.000,1985
Liechtenstein,LIE,Entrepreneurship,0.000,1986
Liechtenstein,LIE,Entrepreneurship,0.000,1987
Liechtenstein,LIE,Entrepreneurship,0.000,1988
Liechtenstein,LIE,Entrepreneurship,0.000,1989
Liechtenstein,LIE,Entrepreneurship,0.000,1990
Liechtenstein,LIE,Entrepreneurship,0.000,1991
Liechtenstein,LIE,Entrepreneurship,0.000,1992
Liechtenstein,LIE,Entrepreneurship,0.000,1993
Liechtenstein,LIE,Entrepreneurship,0.000,1994
Liechtenstein,LIE,Entrepreneurship,0.000,1995
Liechtenstein,LIE,Entrepreneurship,0.000,1996
Liechtenstein,LIE,Entrepreneurship,0.000,1997
Liechtenstein,LIE,Entrepreneurship,0.000,1998
Liechtenstein,LIE,Entrepreneurship,0.000,1999
Liechtenstein,LIE,Entrepreneurship,0.000,2000
Liechtenstein,LIE,Entrepreneurship,0.000,2001
Liechtenstein,LIE,Entrepreneurship,0.000,2002
Liechtenstein,LIE,Entrepreneurship,0.000,2003
Liechtenstein,LIE,Entrepreneurship,0.000,2004
Liechtenstein,LIE,Entrepreneurship,0.000,2005
Liechtenstein,LIE,Entrepreneurship,0.000,2006
Liechtenstein,LIE,Entrepreneurship,0.000,2007
Liechtenstein,LIE,Entrepreneurship,0.000,2008
Liechtenstein,LIE,Entrepreneurship,0.000,2009
Liechtenstein,LIE,Entrepreneurship,0.000,2010
Liechtenstein,LIE,Entrepreneurship,0.000,2011
Liechtenstein,LIE,Entrepreneurship,0.000,2012
Liechtenstein,LIE,Entrepreneurship,0.000,2013
Liechtenstein,LIE,Entrepreneurship,0.000,2014
Liechtenstein,LIE,Entrepreneurship,0.000,2015
Liechtenstein,LIE,Entrepreneurship,0.000,2016
Liechtenstein,LIE,Entrepreneurship,0.000,2017
Liechtenstein,LIE,Entrepreneurship,28.125,2018
Liechtenstein,LIE,Entrepreneurship,28.125,2019
Liechtenstein,LIE,Entrepreneurship,0.000,2020
Liechtenstein,LIE,Entrepreneurship,0.000,2021
Liechtenstein,LIE,Entrepreneurship,0.000,2022
Liechtenstein,LIE,Entrepreneurship,0.000,2023
Liechtenstein,LIE,Environment,0.000,1960
Liechtenstein,LIE,Environment,0.000,1961
Liechtenstein,LIE,Environment,0.000,1962
Liechtenstein,LIE,Environment,0.000,1963
Liechtenstein,LIE,Environment,0.000,1964
Liechtenstein,LIE,Environment,0.000,1965
Liechtenstein,LIE,Environment,0.000,1966
Liechtenstein,LIE,Environment,0.000,1967
Liechtenstein,LIE,Environment,0.000,1968
Liechtenstein,LIE,Environment,0.000,1969
Liechtenstein,LIE,Environment,0.000,1970
Liechtenstein,LIE,Environment,0.000,1971
Liechtenstein,LIE,Environment,0.000,1972
Liechtenstein,LIE,Environment,0.000,1973
Liechtenstein,LIE,Environment,0.000,1974
Liechtenstein,LIE,Environment,0.000,1975
Liechtenstein,LIE,Environment,0.000,1976
Liechtenstein,LIE,Environment,0.000,1977
Liechtenstein,LIE,Environment,0.000,1978
Liechtenstein,LIE,Environment,0.000,1979
Liechtenstein,LIE,Environment,0.000,1980
Liechtenstein,LIE,Environment,0.000,1981
Liechtenstein,LIE,Environment,0.000,1982
Liechtenstein,LIE,Environment,0.000,1983
Liechtenstein,LIE,Environment,0.000,1984
Liechtenstein,LIE,Environment,0.000,1985
Liechtenstein,LIE,Environment,0.000,1986
Liechtenstein,LIE,Environment,0.000,1987
Liechtenstein,LIE,Environment,0.000,1988
Liechtenstein,LIE,Environment,0.000,1989
Liechtenstein,LIE,Environment,0.000,1990
Liechtenstein,LIE,Environment,0.000,1991
Liechtenstein,LIE,Environment,0.000,1992
Liechtenstein,LIE,Environment,0.000,1993
Liechtenstein,LIE,Environment,0.000,1994
Liechtenstein,LIE,Environment,0.000,1995
Liechtenstein,LIE,Environment,0.000,1996
Liechtenstein,LIE,Environment,0.000,1997
Liechtenstein,LIE,Environment,0.000,1998
Liechtenstein,LIE,Environment,0.000,1999
Liechtenstein,LIE,Environment,3.333,2000
Liechtenstein,LIE,Environment,3.333,2001
Liechtenstein,LIE,Environment,3.333,2002
Liechtenstein,LIE,Environment,3.333,2003
Liechtenstein,LIE,Environment,3.333,2004
Liechtenstein,LIE,Environment,3.333,2005
Liechtenstein,LIE,Environment,3.333,2006
Liechtenstein,LIE,Environment,3.333,2007
Liechtenstein,LIE,Environment,3.333,2008
Liechtenstein,LIE,Environment,3.333,2009
Liechtenstein,LIE,Environment,3.333,2010
Liechtenstein,LIE,Environment,3.333,2011
Liechtenstein,LIE,Environment,3.333,2012
Liechtenstein,LIE,Environment,3.333,2013
Liechtenstein,LIE,Environment,3.333,2014
Liechtenstein,LIE,Environment,3.333,2015
Liechtenstein,LIE,Environment,3.333,2016
Liechtenstein,LIE,Environment,3.333,2017
Liechtenstein,LIE,Environment,3.333,2018
Liechtenstein,LIE,Environment,3.333,2019
Liechtenstein,LIE,Environment,3.333,2020
Liechtenstein,LIE,Environment,3.333,2021
Liechtenstein,LIE,Environment,3.333,2022
Liechtenstein,LIE,Environment,0.000,2023
Liechtenstein,LIE,Health,1.515,1960
Liechtenstein,LIE,Health,1.515,1961
Liechtenstein,LIE,Health,1.515,1962
Liechtenstein,LIE,Health,1.515,1963
Liechtenstein,LIE,Health,1.515,1964
Liechtenstein,LIE,Health,1.515,1965
Liechtenstein,LIE,Health,1.515,1966
Liechtenstein,LIE,Health,1.515,1967
Liechtenstein,LIE,Health,1.515,1968
Liechtenstein,LIE,Health,1.515,1969
Liechtenstein,LIE,Health,1.515,1970
Liechtenstein,LIE,Health,1.515,1971
Liechtenstein,LIE,Health,1.515,1972
Liechtenstein,LIE,Health,1.515,1973
Liechtenstein,LIE,Health,1.515,1974
Liechtenstein,LIE,Health,1.515,1975
Liechtenstein,LIE,Health,1.515,1976
Liechtenstein,LIE,Health,1.515,1977
Liechtenstein,LIE,Health,1.515,1978
Liechtenstein,LIE,Health,1.515,1979
Liechtenstein,LIE,Health,1.515,1980
Liechtenstein,LIE,Health,1.515,1981
Liechtenstein,LIE,Health,1.515,1982
Liechtenstein,LIE,Health,1.515,1983
Liechtenstein,LIE,Health,1.515,1984
Liechtenstein,LIE,Health,1.515,1985
Liechtenstein,LIE,Health,1.515,1986
Liechtenstein,LIE,Health,1.515,1987
Liechtenstein,LIE,Health,1.515,1988
Liechtenstein,LIE,Health,1.515,1989
Liechtenstein,LIE,Health,1.515,1990
Liechtenstein,LIE,Health,1.515,1991
Liechtenstein,LIE,Health,1.515,1992
Liechtenstein,LIE,Health,1.515,1993
Liechtenstein,LIE,Health,1.515,1994
Liechtenstein,LIE,Health,1.515,1995
Liechtenstein,LIE,Health,1.515,1996
Liechtenstein,LIE,Health,1.515,1997
Liechtenstein,LIE,Health,1.515,1998
Liechtenstein,LIE,Health,1.515,1999
Liechtenstein,LIE,Health,2.525,2000
Liechtenstein,LIE,Health,2.525,2001
Liechtenstein,LIE,Health,2.525,2002
Liechtenstein,LIE,Health,2.525,2003
Liechtenstein,LIE,Health,2.525,2004
Liechtenstein,LIE,Health,2.525,2005
Liechtenstein,LIE,Health,2.525,2006
Liechtenstein,LIE,Health,2.525,2007
Liechtenstein,LIE,Health,2.525,2008
Liechtenstein,LIE,Health,2.525,2009
Liechtenstein,LIE,Health,2.525,2010
Liechtenstein,LIE,Health,2.525,2011
Liechtenstein,LIE,Health,2.525,2012
Liechtenstein,LIE,Health,2.525,2013
Liechtenstein,LIE,Health,2.525,2014
Liechtenstein,LIE,Health,2.525,2015
Liechtenstein,LIE,Health,2.525,2016
Liechtenstein,LIE,Health,2.525,2017
Liechtenstein,LIE,Health,2.525,2018
Liechtenstein,LIE,Health,2.525,2019
Liechtenstein,LIE,Health,2.525,2020
Liechtenstein,LIE,Health,2.525,2021
Liechtenstein,LIE,Health,2.525,2022
Liechtenstein,LIE,Health,0.000,2023
Liechtenstein,LIE,Leadership,0.000,1960
Liechtenstein,LIE,Leadership,0.000,1961
Liechtenstein,LIE,Leadership,0.000,1962
Liechtenstein,LIE,Leadership,0.000,1963
Liechtenstein,LIE,Leadership,0.000,1964
Liechtenstein,LIE,Leadership,0.000,1965
Liechtenstein,LIE,Leadership,0.000,1966
Liechtenstein,LIE,Leadership,0.000,1967
Liechtenstein,LIE,Leadership,0.000,1968
Liechtenstein,LIE,Leadership,0.000,1969
Liechtenstein,LIE,Leadership,0.000,1970
Liechtenstein,LIE,Leadership,0.000,1971
Liechtenstein,LIE,Leadership,0.000,1972
Liechtenstein,LIE,Leadership,0.000,1973
Liechtenstein,LIE,Leadership,0.000,1974
Liechtenstein,LIE,Leadership,0.000,1975
Liechtenstein,LIE,Leadership,0.000,1976
Liechtenstein,LIE,Leadership,0.000,1977
Liechtenstein,LIE,Leadership,0.000,1978
Liechtenstein,LIE,Leadership,0.000,1979
Liechtenstein,LIE,Leadership,0.000,1980
Liechtenstein,LIE,Leadership,0.000,1981
Liechtenstein,LIE,Leadership,0.000,1982
Liechtenstein,LIE,Leadership,0.000,1983
Liechtenstein,LIE,Leadership,0.000,1984
Liechtenstein,LIE,Leadership,0.000,1985
Liechtenstein,LIE,Leadership,0.000,1986
Liechtenstein,LIE,Leadership,0.000,1987
Liechtenstein,LIE,Leadership,0.000,1988
Liechtenstein,LIE,Leadership,0.000,1989
Liechtenstein,LIE,Leadership,0.000,1990
Liechtenstein,LIE,Leadership,0.000,1991
Liechtenstein,LIE,Leadership,0.000,1992
Liechtenstein,LIE,Leadership,0.000,1993
Liechtenstein,LIE,Leadership,0.000,1994
Liechtenstein,LIE,Leadership,0.000,1995
Liechtenstein,LIE,Leadership,0.000,1996
Liechtenstein,LIE,Leadership,25.000,1997
Liechtenstein,LIE,Leadership,25.000,1998
Liechtenstein,LIE,Leadership,25.000,1999
Liechtenstein,LIE,Leadership,25.000,2000
Liechtenstein,LIE,Leadership,25.000,2001
Liechtenstein,LIE,Leadership,25.000,2002
Liechtenstein,LIE,Leadership,25.000,2003
Liechtenstein,LIE,Leadership,25.000,2004
Liechtenstein,LIE,Leadership,50.000,2005
Liechtenstein,LIE,Leadership,25.000,2006
Liechtenstein,LIE,Leadership,25.000,2007
Liechtenstein,LIE,Leadership,50.000,2008
Liechtenstein,LIE,Leadership,25.000,2009
Liechtenstein,LIE,Leadership,50.000,2010
Liechtenstein,LIE,Leadership,25.000,2011
Liechtenstein,LIE,Leadership,50.000,2012
Liechtenstein,LIE,Leadership,25.000,2013
Liechtenstein,LIE,Leadership,50.000,2014
Liechtenstein,LIE,Leadership,50.000,2015
Liechtenstein,LIE,Leadership,50.000,2016
Liechtenstein,LIE,Leadership,25.000,2017
Liechtenstein,LIE,Leadership,50.000,2018
Liechtenstein,LIE,Leadership,50.000,2019
Liechtenstein,LIE,Leadership,50.000,2020
Liechtenstein,LIE,Leadership,25.000,2021
Liechtenstein,LIE,Leadership,50.000,2022
Liechtenstein,LIE,Leadership,25.000,2023
Liechtenstein,LIE,Norms and Decision-making,0.000,1960
Liechtenstein,LIE,Norms and Decision-making,0.000,1961
Liechtenstein,LIE,Norms and Decision-making,0.000,1962
Liechtenstein,LIE,Norms and Decision-making,0.000,1963
Liechtenstein,LIE,Norms and Decision-making,0.000,1964
Liechtenstein,LIE,Norms and Decision-making,0.000,1965
Liechtenstein,LIE,Norms and Decision-making,0.000,1966
Liechtenstein,LIE,Norms and Decision-making,0.000,1967
Liechtenstein,LIE,Norms and Decision-making,0.000,1968
Liechtenstein,LIE,Norms and Decision-making,0.000,1969
Liechtenstein,LIE,Norms and Decision-making,0.000,1970
Liechtenstein,LIE,Norms and Decision-making,0.000,1971
Liechtenstein,LIE,Norms and Decision-making,0.000,1972
Liechtenstein,LIE,Norms and Decision-making,0.000,1973
Liechtenstein,LIE,Norms and Decision-making,0.000,1974
Liechtenstein,LIE,Norms and Decision-making,0.000,1975
Liechtenstein,LIE,Norms and Decision-making,0.000,1976
Liechtenstein,LIE,Norms and Decision-making,0.000,1977
Liechtenstein,LIE,Norms and Decision-making,0.000,1978
Liechtenstein,LIE,Norms and Decision-making,0.000,1979
Liechtenstein,LIE,Norms and Decision-making,1.481,1980
Liechtenstein,LIE,Norms and Decision-making,1.481,1981
Liechtenstein,LIE,Norms and Decision-making,1.481,1982
Liechtenstein,LIE,Norms and Decision-making,1.481,1983
Liechtenstein,LIE,Norms and Decision-making,0.000,1984
Liechtenstein,LIE,Norms and Decision-making,1.481,1985
Liechtenstein,LIE,Norms and Decision-making,1.481,1986
Liechtenstein,LIE,Norms and Decision-making,1.481,1987
Liechtenstein,LIE,Norms and Decision-making,0.000,1988
Liechtenstein,LIE,Norms and Decision-making,0.000,1989
Liechtenstein,LIE,Norms and Decision-making,0.000,1990
Liechtenstein,LIE,Norms and Decision-making,0.000,1991
Liechtenstein,LIE,Norms and Decision-making,0.000,1992
Liechtenstein,LIE,Norms and Decision-making,0.000,1993
Liechtenstein,LIE,Norms and Decision-making,0.000,1994
Liechtenstein,LIE,Norms and Decision-making,0.000,1995
Liechtenstein,LIE,Norms and Decision-making,0.000,1996
Liechtenstein,LIE,Norms and Decision-making,1.481,1997
Liechtenstein,LIE,Norms and Decision-making,0.000,1998
Liechtenstein,LIE,Norms and Decision-making,0.000,1999
Liechtenstein,LIE,Norms and Decision-making,1.481,2000
Liechtenstein,LIE,Norms and Decision-making,0.741,2001
Liechtenstein,LIE,Norms and Decision-making,0.000,2002
Liechtenstein,LIE,Norms and Decision-making,1.481,2003
Liechtenstein,LIE,Norms and Decision-making,0.741,2004
Liechtenstein,LIE,Norms and Decision-making,1.481,2005
Liechtenstein,LIE,Norms and Decision-making,1.481,2006
Liechtenstein,LIE,Norms and Decision-making,1.481,2007
Liechtenstein,LIE,Norms and Decision-making,1.481,2008
Liechtenstein,LIE,Norms and Decision-making,1.481,2009
Liechtenstein,LIE,Norms and Decision-making,1.481,2010
Liechtenstein,LIE,Norms and Decision-making,1.481,2011
Liechtenstein,LIE,Norms and Decision-making,0.000,2012
Liechtenstein,LIE,Norms and Decision-making,0.000,2013
Liechtenstein,LIE,Norms and Decision-making,1.481,2014
Liechtenstein,LIE,Norms and Decision-making,1.481,2015
Liechtenstein,LIE,Norms and Decision-making,1.481,2016
Liechtenstein,LIE,Norms and Decision-making,1.481,2017
Liechtenstein,LIE,Norms and Decision-making,1.481,2018
Liechtenstein,LIE,Norms and Decision-making,0.000,2019
Liechtenstein,LIE,Norms and Decision-making,0.000,2020
Liechtenstein,LIE,Norms and Decision-making,0.000,2021
Liechtenstein,LIE,Norms and Decision-making,0.000,2022
Liechtenstein,LIE,Norms and Decision-making,0.000,2023
Liechtenstein,LIE,Population,82.143,1960
Liechtenstein,LIE,Population,82.143,1961
Liechtenstein,LIE,Population,82.143,1962
Liechtenstein,LIE,Population,82.143,1963
Liechtenstein,LIE,Population,82.143,1964
Liechtenstein,LIE,Population,82.143,1965
Liechtenstein,LIE,Population,82.143,1966
Liechtenstein,LIE,Population,82.143,1967
Liechtenstein,LIE,Population,82.143,1968
Liechtenstein,LIE,Population,82.143,1969
Liechtenstein,LIE,Population,82.143,1970
Liechtenstein,LIE,Population,82.143,1971
Liechtenstein,LIE,Population,82.143,1972
Liechtenstein,LIE,Population,82.143,1973
Liechtenstein,LIE,Population,82.143,1974
Liechtenstein,LIE,Population,82.143,1975
Liechtenstein,LIE,Population,82.143,1976
Liechtenstein,LIE,Population,82.143,1977
Liechtenstein,LIE,Population,82.143,1978
Liechtenstein,LIE,Population,82.143,1979
Liechtenstein,LIE,Population,84.524,1980
Liechtenstein,LIE,Population,84.524,1981
Liechtenstein,LIE,Population,84.524,1982
Liechtenstein,LIE,Population,84.524,1983
Liechtenstein,LIE,Population,82.143,1984
Liechtenstein,LIE,Population,84.524,1985
Liechtenstein,LIE,Population,84.524,1986
Liechtenstein,LIE,Population,84.524,1987
Liechtenstein,LIE,Population,82.143,1988
Liechtenstein,LIE,Population,82.143,1989
Liechtenstein,LIE,Population,83.333,1990
Liechtenstein,LIE,Population,82.143,1991
Liechtenstein,LIE,Population,82.143,1992
Liechtenstein,LIE,Population,82.143,1993
Liechtenstein,LIE,Population,85.714,1994
Liechtenstein,LIE,Population,86.905,1995
Liechtenstein,LIE,Population,85.714,1996
Liechtenstein,LIE,Population,88.095,1997
Liechtenstein,LIE,Population,85.714,1998
Liechtenstein,LIE,Population,85.714,1999
Liechtenstein,LIE,Population,90.476,2000
Liechtenstein,LIE,Population,88.095,2001
Liechtenstein,LIE,Population,86.905,2002
Liechtenstein,LIE,Population,89.286,2003
Liechtenstein,LIE,Population,88.095,2004
Liechtenstein,LIE,Population,90.476,2005
Liechtenstein,LIE,Population,89.286,2006
Liechtenstein,LIE,Population,89.286,2007
Liechtenstein,LIE,Population,89.286,2008
Liechtenstein,LIE,Population,89.286,2009
Liechtenstein,LIE,Population,90.476,2010
Liechtenstein,LIE,Population,90.476,2011
Liechtenstein,LIE,Population,86.905,2012
Liechtenstein,LIE,Population,86.905,2013
Liechtenstein,LIE,Population,90.476,2014
Liechtenstein,LIE,Population,90.476,2015
Liechtenstein,LIE,Population,89.286,2016
Liechtenstein,LIE,Population,90.476,2017
Liechtenstein,LIE,Population,89.286,2018
Liechtenstein,LIE,Population,86.905,2019
Liechtenstein,LIE,Population,90.476,2020
Liechtenstein,LIE,Population,86.905,2021
Liechtenstein,LIE,Population,88.095,2022
Liechtenstein,LIE,Population,77.381,2023
Liechtenstein,LIE,SDGs,0.671,1960
Liechtenstein,LIE,SDGs,0.671,1961
Liechtenstein,LIE,SDGs,0.671,1962
Liechtenstein,LIE,SDGs,0.671,1963
Liechtenstein,LIE,SDGs,0.671,1964
Liechtenstein,LIE,SDGs,0.671,1965
Liechtenstein,LIE,SDGs,0.671,1966
Liechtenstein,LIE,SDGs,0.671,1967
Liechtenstein,LIE,SDGs,0.671,1968
Liechtenstein,LIE,SDGs,0.671,1969
Liechtenstein,LIE,SDGs,0.671,1970
Liechtenstein,LIE,SDGs,0.671,1971
Liechtenstein,LIE,SDGs,0.671,1972
Liechtenstein,LIE,SDGs,0.671,1973
Liechtenstein,LIE,SDGs,0.671,1974
Liechtenstein,LIE,SDGs,0.671,1975
Liechtenstein,LIE,SDGs,0.671,1976
Liechtenstein,LIE,SDGs,0.671,1977
Liechtenstein,LIE,SDGs,0.671,1978
Liechtenstein,LIE,SDGs,0.671,1979
Liechtenstein,LIE,SDGs,0.671,1980
Liechtenstein,LIE,SDGs,0.671,1981
Liechtenstein,LIE,SDGs,0.671,1982
Liechtenstein,LIE,SDGs,0.671,1983
Liechtenstein,LIE,SDGs,0.671,1984
Liechtenstein,LIE,SDGs,0.671,1985
Liechtenstein,LIE,SDGs,0.671,1986
Liechtenstein,LIE,SDGs,0.671,1987
Liechtenstein,LIE,SDGs,0.671,1988
Liechtenstein,LIE,SDGs,0.671,1989
Liechtenstein,LIE,SDGs,1.342,1990
Liechtenstein,LIE,SDGs,1.342,1991
Liechtenstein,LIE,SDGs,1.342,1992
Liechtenstein,LIE,SDGs,1.342,1993
Liechtenstein,LIE,SDGs,1.342,1994
Liechtenstein,LIE,SDGs,1.342,1995
Liechtenstein,LIE,SDGs,1.342,1996
Liechtenstein,LIE,SDGs,2.013,1997
Liechtenstein,LIE,SDGs,2.013,1998
Liechtenstein,LIE,SDGs,2.013,1999
Liechtenstein,LIE,SDGs,2.685,2000
Liechtenstein,LIE,SDGs,2.685,2001
Liechtenstein,LIE,SDGs,2.685,2002
Liechtenstein,LIE,SDGs,2.685,2003
Liechtenstein,LIE,SDGs,2.685,2004
Liechtenstein,LIE,SDGs,2.685,2005
Liechtenstein,LIE,SDGs,2.685,2006
Liechtenstein,LIE,SDGs,4.027,2007
Liechtenstein,LIE,SDGs,2.013,2008
Liechtenstein,LIE,SDGs,2.013,2009
Liechtenstein,LIE,SDGs,2.013,2010
Liechtenstein,LIE,SDGs,2.013,2011
Liechtenstein,LIE,SDGs,2.013,2012
Liechtenstein,LIE,SDGs,2.013,2013
Liechtenstein,LIE,SDGs,2.013,2014
Liechtenstein,LIE,SDGs,2.013,2015
Liechtenstein,LIE,SDGs,2.013,2016
Liechtenstein,LIE,SDGs,2.013,2017
Liechtenstein,LIE,SDGs,2.013,2018
Liechtenstein,LIE,SDGs,2.013,2019
Liechtenstein,LIE,SDGs,2.013,2020
Liechtenstein,LIE,SDGs,2.013,2021
Liechtenstein,LIE,SDGs,2.013,2022
Liechtenstein,LIE,SDGs,0.671,2023
Liechtenstein,LIE,Technology,0.000,1960
Liechtenstein,LIE,Technology,0.000,1961
Liechtenstein,LIE,Technology,0.000,1962
Liechtenstein,LIE,Technology,0.000,1963
Liechtenstein,LIE,Technology,0.000,1964
Liechtenstein,LIE,Technology,0.000,1965
Liechtenstein,LIE,Technology,0.000,1966
Liechtenstein,LIE,Technology,0.000,1967
Liechtenstein,LIE,Technology,0.000,1968
Liechtenstein,LIE,Technology,0.000,1969
Liechtenstein,LIE,Technology,0.000,1970
Liechtenstein,LIE,Technology,0.000,1971
Liechtenstein,LIE,Technology,0.000,1972
Liechtenstein,LIE,Technology,0.000,1973
Liechtenstein,LIE,Technology,0.000,1974
Liechtenstein,LIE,Technology,0.000,1975
Liechtenstein,LIE,Technology,0.000,1976
Liechtenstein,LIE,Technology,0.000,1977
Liechtenstein,LIE,Technology,0.000,1978
Liechtenstein,LIE,Technology,0.000,1979
Liechtenstein,LIE,Technology,0.000,1980
Liechtenstein,LIE,Technology,0.000,1981
Liechtenstein,LIE,Technology,0.000,1982
Liechtenstein,LIE,Technology,0.000,1983
Liechtenstein,LIE,Technology,0.000,1984
Liechtenstein,LIE,Technology,0.000,1985
Liechtenstein,LIE,Technology,0.000,1986
Liechtenstein,LIE,Technology,0.000,1987
Liechtenstein,LIE,Technology,0.000,1988
Liechtenstein,LIE,Technology,0.000,1989
Liechtenstein,LIE,Technology,2.222,1990
Liechtenstein,LIE,Technology,2.222,1991
Liechtenstein,LIE,Technology,2.222,1992
Liechtenstein,LIE,Technology,2.222,1993
Liechtenstein,LIE,Technology,2.222,1994
Liechtenstein,LIE,Technology,2.222,1995
Liechtenstein,LIE,Technology,0.000,1996
Liechtenstein,LIE,Technology,0.000,1997
Liechtenstein,LIE,Technology,0.000,1998
Liechtenstein,LIE,Technology,0.000,1999
Liechtenstein,LIE,Technology,2.222,2000
Liechtenstein,LIE,Technology,2.222,2001
Liechtenstein,LIE,Technology,2.222,2002
Liechtenstein,LIE,Technology,6.667,2003
Liechtenstein,LIE,Technology,4.444,2004
Liechtenstein,LIE,Technology,2.222,2005
Liechtenstein,LIE,Technology,4.444,2006
Liechtenstein,LIE,Technology,4.444,2007
Liechtenstein,LIE,Technology,4.444,2008
Liechtenstein,LIE,Technology,4.444,2009
Liechtenstein,LIE,Technology,4.444,2010
Liechtenstein,LIE,Technology,6.667,2011
Liechtenstein,LIE,Technology,4.444,2012
Liechtenstein,LIE,Technology,2.222,2013
Liechtenstein,LIE,Technology,2.222,2014
Liechtenstein,LIE,Technology,2.222,2015
Liechtenstein,LIE,Technology,2.222,2016
Liechtenstein,LIE,Technology,2.222,2017
Liechtenstein,LIE,Technology,0.000,2018
Liechtenstein,LIE,Technology,2.222,2019
Liechtenstein,LIE,Technology,2.222,2020
Liechtenstein,LIE,Technology,2.222,2021
Liechtenstein,LIE,Technology,2.222,2022
Liechtenstein,LIE,Technology,0.000,2023
Liechtenstein,LIE,Violence,0.000,1960
Liechtenstein,LIE,Violence,0.000,1961
Liechtenstein,LIE,Violence,0.000,1962
Liechtenstein,LIE,Violence,0.000,1963
Liechtenstein,LIE,Violence,0.000,1964
Liechtenstein,LIE,Violence,0.000,1965
Liechtenstein,LIE,Violence,0.000,1966
Liechtenstein,LIE,Violence,0.000,1967
Liechtenstein,LIE,Violence,0.000,1968
Liechtenstein,LIE,Violence,0.000,1969
Liechtenstein,LIE,Violence,0.000,1970
Liechtenstein,LIE,Violence,0.000,1971
Liechtenstein,LIE,Violence,0.000,1972
Liechtenstein,LIE,Violence,0.000,1973
Liechtenstein,LIE,Violence,0.000,1974
Liechtenstein,LIE,Violence,0.000,1975
Liechtenstein,LIE,Violence,0.000,1976
Liechtenstein,LIE,Violence,0.000,1977
Liechtenstein,LIE,Violence,0.000,1978
Liechtenstein,LIE,Violence,0.000,1979
Liechtenstein,LIE,Violence,0.000,1980
Liechtenstein,LIE,Violence,0.000,1981
Liechtenstein,LIE,Violence,0.000,1982
Liechtenstein,LIE,Violence,0.000,1983
Liechtenstein,LIE,Violence,0.000,1984
Liechtenstein,LIE,Violence,0.000,1985
Liechtenstein,LIE,Violence,0.000,1986
Liechtenstein,LIE,Violence,0.000,1987
Liechtenstein,LIE,Violence,0.000,1988
Liechtenstein,LIE,Violence,0.000,1989
Liechtenstein,LIE,Violence,0.000,1990
Liechtenstein,LIE,Violence,0.000,1991
Liechtenstein,LIE,Violence,0.000,1992
Liechtenstein,LIE,Violence,0.000,1993
Liechtenstein,LIE,Violence,0.714,1994
Liechtenstein,LIE,Violence,0.714,1995
Liechtenstein,LIE,Violence,0.714,1996
Liechtenstein,LIE,Violence,0.714,1997
Liechtenstein,LIE,Violence,0.714,1998
Liechtenstein,LIE,Violence,0.714,1999
Liechtenstein,LIE,Violence,0.714,2000
Liechtenstein,LIE,Violence,0.714,2001
Liechtenstein,LIE,Violence,0.714,2002
Liechtenstein,LIE,Violence,0.714,2003
Liechtenstein,LIE,Violence,0.714,2004
Liechtenstein,LIE,Violence,0.000,2005
Liechtenstein,LIE,Violence,0.000,2006
Liechtenstein,LIE,Violence,0.714,2007
Liechtenstein,LIE,Violence,0.714,2008
Liechtenstein,LIE,Violence,2.143,2009
Liechtenstein,LIE,Violence,2.143,2010
Liechtenstein,LIE,Violence,2.143,2011
Liechtenstein,LIE,Violence,2.143,2012
Liechtenstein,LIE,Violence,2.143,2013
Liechtenstein,LIE,Violence,2.143,2014
Liechtenstein,LIE,Violence,2.143,2015
Liechtenstein,LIE,Violence,2.143,2016
Liechtenstein,LIE,Violence,2.143,2017
Liechtenstein,LIE,Violence,2.143,2018
Liechtenstein,LIE,Violence,0.714,2019
Liechtenstein,LIE,Violence,2.143,2020
Liechtenstein,LIE,Violence,2.143,2021
Liechtenstein,LIE,Violence,0.000,2022
Liechtenstein,LIE,Violence,0.000,2023
Liechtenstein,LIE,Youth 15-24,7.339,1960
Liechtenstein,LIE,Youth 15-24,4.587,1961
Liechtenstein,LIE,Youth 15-24,4.587,1962
Liechtenstein,LIE,Youth 15-24,4.587,1963
Liechtenstein,LIE,Youth 15-24,4.587,1964
Liechtenstein,LIE,Youth 15-24,4.587,1965
Liechtenstein,LIE,Youth 15-24,4.587,1966
Liechtenstein,LIE,Youth 15-24,4.587,1967
Liechtenstein,LIE,Youth 15-24,4.587,1968
Liechtenstein,LIE,Youth 15-24,4.587,1969
Liechtenstein,LIE,Youth 15-24,10.092,1970
Liechtenstein,LIE,Youth 15-24,8.257,1971
Liechtenstein,LIE,Youth 15-24,8.257,1972
Liechtenstein,LIE,Youth 15-24,8.257,1973
Liechtenstein,LIE,Youth 15-24,8.257,1974
Liechtenstein,LIE,Youth 15-24,8.257,1975
Liechtenstein,LIE,Youth 15-24,8.257,1976
Liechtenstein,LIE,Youth 15-24,8.257,1977
Liechtenstein,LIE,Youth 15-24,8.257,1978
Liechtenstein,LIE,Youth 15-24,8.257,1979
Liechtenstein,LIE,Youth 15-24,11.009,1980
Liechtenstein,LIE,Youth 15-24,8.257,1981
Liechtenstein,LIE,Youth 15-24,8.257,1982
Liechtenstein,LIE,Youth 15-24,8.257,1983
Liechtenstein,LIE,Youth 15-24,8.257,1984
Liechtenstein,LIE,Youth 15-24,8.257,1985
Liechtenstein,LIE,Youth 15-24,8.257,1986
Liechtenstein,LIE,Youth 15-24,8.257,1987
Liechtenstein,LIE,Youth 15-24,8.257,1988
Liechtenstein,LIE,Youth 15-24,8.257,1989
Liechtenstein,LIE,Youth 15-24,8.257,1990
Liechtenstein,LIE,Youth 15-24,8.257,1991
Liechtenstein,LIE,Youth 15-24,8.257,1992
Liechtenstein,LIE,Youth 15-24,8.257,1993
Liechtenstein,LIE,Youth 15-24,8.257,1994
Liechtenstein,LIE,Youth 15-24,8.257,1995
Liechtenstein,LIE,Youth 15-24,4.587,1996
Liechtenstein,LIE,Youth 15-24,4.587,1997
Liechtenstein,LIE,Youth 15-24,4.587,1998
Liechtenstein,LIE,Youth 15-24,4.587,1999
Liechtenstein,LIE,Youth 15-24,15.596,2000
Liechtenstein,LIE,Youth 15-24,10.092,2001
Liechtenstein,LIE,Youth 15-24,10.092,2002
Liechtenstein,LIE,Youth 15-24,42.202,2003
Liechtenstein,LIE,Youth 15-24,40.367,2004
Liechtenstein,LIE,Youth 15-24,33.028,2005
Liechtenstein,LIE,Youth 15-24,38.532,2006
Liechtenstein,LIE,Youth 15-24,40.367,2007
Liechtenstein,LIE,Youth 15-24,44.037,2008
Liechtenstein,LIE,Youth 15-24,41.284,2009
Liechtenstein,LIE,Youth 15-24,40.367,2010
Liechtenstein,LIE,Youth 15-24,38.532,2011
Liechtenstein,LIE,Youth 15-24,37.615,2012
Liechtenstein,LIE,Youth 15-24,10.092,2013
Liechtenstein,LIE,Youth 15-24,33.945,2014
Liechtenstein,LIE,Youth 15-24,35.780,2015
Liechtenstein,LIE,Youth 15-24,27.523,2016
Liechtenstein,LIE,Youth 15-24,26.606,2017
Liechtenstein,LIE,Youth 15-24,19.266,2018
Liechtenstein,LIE,Youth 15-24,16.514,2019
Liechtenstein,LIE,Youth 15-24,16.514,2020
Liechtenstein,LIE,Youth 15-24,11.927,2021
Liechtenstein,LIE,Youth 15-24,4.587,2022
Liechtenstein,LIE,Youth 15-24,3.670,2023
