Country Name,Country Code,Topic,% of available indicators,Year
Bermuda,BMU,Assets,0.000,1960
Bermuda,BMU,Assets,0.000,1961
Bermuda,BMU,Assets,0.000,1962
Bermuda,BMU,Assets,0.000,1963
Bermuda,BMU,Assets,0.000,1964
Bermuda,BMU,Assets,0.000,1965
Bermuda,BMU,Assets,0.000,1966
Bermuda,BMU,Assets,0.000,1967
Bermuda,BMU,Assets,0.000,1968
Bermuda,BMU,Assets,0.000,1969
Bermuda,BMU,Assets,0.000,1970
Bermuda,BMU,Assets,0.000,1971
Bermuda,BMU,Assets,0.000,1972
Bermuda,BMU,Assets,0.000,1973
Bermuda,BMU,Assets,0.000,1974
Bermuda,BMU,Assets,0.000,1975
Bermuda,BMU,Assets,0.000,1976
Bermuda,BMU,Assets,0.000,1977
Bermuda,BMU,Assets,0.000,1978
Bermuda,BMU,Assets,0.000,1979
Bermuda,BMU,Assets,0.000,1980
Bermuda,BMU,Assets,0.000,1981
Bermuda,BMU,Assets,0.000,1982
Bermuda,BMU,Assets,0.000,1983
Bermuda,BMU,Assets,0.000,1984
Bermuda,BMU,Assets,0.000,1985
Bermuda,BMU,Assets,0.000,1986
Bermuda,BMU,Assets,0.000,1987
Bermuda,BMU,Assets,0.000,1988
Bermuda,BMU,Assets,0.000,1989
Bermuda,BMU,Assets,0.000,1990
Bermuda,BMU,Assets,0.000,1991
Bermuda,BMU,Assets,0.000,1992
Bermuda,BMU,Assets,0.000,1993
Bermuda,BMU,Assets,0.000,1994
Bermuda,BMU,Assets,0.000,1995
Bermuda,BMU,Assets,0.000,1996
Bermuda,BMU,Assets,0.000,1997
Bermuda,BMU,Assets,0.000,1998
Bermuda,BMU,Assets,0.000,1999
Bermuda,BMU,Assets,0.000,2000
Bermuda,BMU,Assets,0.000,2001
Bermuda,BMU,Assets,0.000,2002
Bermuda,BMU,Assets,0.000,2003
Bermuda,BMU,Assets,0.000,2004
Bermuda,BMU,Assets,0.000,2005
Bermuda,BMU,Assets,0.000,2006
Bermuda,BMU,Assets,0.000,2007
Bermuda,BMU,Assets,0.000,2008
Bermuda,BMU,Assets,0.000,2009
Bermuda,BMU,Assets,0.000,2010
Bermuda,BMU,Assets,0.000,2011
Bermuda,BMU,Assets,0.000,2012
Bermuda,BMU,Assets,0.000,2013
Bermuda,BMU,Assets,0.000,2014
Bermuda,BMU,Assets,0.000,2015
Bermuda,BMU,Assets,0.000,2016
Bermuda,BMU,Assets,0.000,2017
Bermuda,BMU,Assets,0.000,2018
Bermuda,BMU,Assets,0.000,2019
Bermuda,BMU,Assets,0.000,2020
Bermuda,BMU,Assets,0.000,2021
Bermuda,BMU,Assets,0.000,2022
Bermuda,BMU,Assets,0.000,2023
Bermuda,BMU,Children 0-14,10.769,1960
Bermuda,BMU,Children 0-14,10.769,1961
Bermuda,BMU,Children 0-14,10.769,1962
Bermuda,BMU,Children 0-14,10.769,1963
Bermuda,BMU,Children 0-14,10.769,1964
Bermuda,BMU,Children 0-14,10.769,1965
Bermuda,BMU,Children 0-14,10.769,1966
Bermuda,BMU,Children 0-14,10.769,1967
Bermuda,BMU,Children 0-14,10.769,1968
Bermuda,BMU,Children 0-14,10.769,1969
Bermuda,BMU,Children 0-14,13.077,1970
Bermuda,BMU,Children 0-14,16.923,1971
Bermuda,BMU,Children 0-14,14.615,1972
Bermuda,BMU,Children 0-14,14.615,1973
Bermuda,BMU,Children 0-14,14.615,1974
Bermuda,BMU,Children 0-14,17.692,1975
Bermuda,BMU,Children 0-14,14.615,1976
Bermuda,BMU,Children 0-14,16.923,1977
Bermuda,BMU,Children 0-14,22.308,1978
Bermuda,BMU,Children 0-14,24.615,1979
Bermuda,BMU,Children 0-14,16.923,1980
Bermuda,BMU,Children 0-14,16.923,1981
Bermuda,BMU,Children 0-14,16.923,1982
Bermuda,BMU,Children 0-14,16.923,1983
Bermuda,BMU,Children 0-14,23.077,1984
Bermuda,BMU,Children 0-14,23.077,1985
Bermuda,BMU,Children 0-14,10.769,1986
Bermuda,BMU,Children 0-14,10.769,1987
Bermuda,BMU,Children 0-14,10.769,1988
Bermuda,BMU,Children 0-14,10.769,1989
Bermuda,BMU,Children 0-14,10.769,1990
Bermuda,BMU,Children 0-14,13.077,1991
Bermuda,BMU,Children 0-14,10.769,1992
Bermuda,BMU,Children 0-14,10.769,1993
Bermuda,BMU,Children 0-14,10.769,1994
Bermuda,BMU,Children 0-14,14.615,1995
Bermuda,BMU,Children 0-14,10.769,1996
Bermuda,BMU,Children 0-14,14.615,1997
Bermuda,BMU,Children 0-14,10.769,1998
Bermuda,BMU,Children 0-14,10.769,1999
Bermuda,BMU,Children 0-14,13.077,2000
Bermuda,BMU,Children 0-14,22.308,2001
Bermuda,BMU,Children 0-14,23.846,2002
Bermuda,BMU,Children 0-14,22.308,2003
Bermuda,BMU,Children 0-14,20.769,2004
Bermuda,BMU,Children 0-14,22.308,2005
Bermuda,BMU,Children 0-14,19.231,2006
Bermuda,BMU,Children 0-14,10.769,2007
Bermuda,BMU,Children 0-14,10.769,2008
Bermuda,BMU,Children 0-14,10.769,2009
Bermuda,BMU,Children 0-14,19.231,2010
Bermuda,BMU,Children 0-14,30.769,2011
Bermuda,BMU,Children 0-14,30.769,2012
Bermuda,BMU,Children 0-14,20.000,2013
Bermuda,BMU,Children 0-14,18.462,2014
Bermuda,BMU,Children 0-14,20.000,2015
Bermuda,BMU,Children 0-14,13.077,2016
Bermuda,BMU,Children 0-14,13.077,2017
Bermuda,BMU,Children 0-14,13.077,2018
Bermuda,BMU,Children 0-14,13.077,2019
Bermuda,BMU,Children 0-14,13.077,2020
Bermuda,BMU,Children 0-14,13.077,2021
Bermuda,BMU,Children 0-14,13.077,2022
Bermuda,BMU,Children 0-14,10.000,2023
Bermuda,BMU,Education,0.000,1960
Bermuda,BMU,Education,0.000,1961
Bermuda,BMU,Education,0.000,1962
Bermuda,BMU,Education,0.000,1963
Bermuda,BMU,Education,0.000,1964
Bermuda,BMU,Education,0.000,1965
Bermuda,BMU,Education,0.000,1966
Bermuda,BMU,Education,0.000,1967
Bermuda,BMU,Education,0.000,1968
Bermuda,BMU,Education,0.000,1969
Bermuda,BMU,Education,5.521,1970
Bermuda,BMU,Education,12.883,1971
Bermuda,BMU,Education,11.043,1972
Bermuda,BMU,Education,10.429,1973
Bermuda,BMU,Education,10.429,1974
Bermuda,BMU,Education,13.497,1975
Bermuda,BMU,Education,9.202,1976
Bermuda,BMU,Education,12.270,1977
Bermuda,BMU,Education,18.405,1978
Bermuda,BMU,Education,22.699,1979
Bermuda,BMU,Education,16.564,1980
Bermuda,BMU,Education,8.589,1981
Bermuda,BMU,Education,5.521,1982
Bermuda,BMU,Education,5.521,1983
Bermuda,BMU,Education,10.429,1984
Bermuda,BMU,Education,11.043,1985
Bermuda,BMU,Education,0.000,1986
Bermuda,BMU,Education,0.000,1987
Bermuda,BMU,Education,0.000,1988
Bermuda,BMU,Education,0.000,1989
Bermuda,BMU,Education,0.613,1990
Bermuda,BMU,Education,6.135,1991
Bermuda,BMU,Education,0.613,1992
Bermuda,BMU,Education,0.000,1993
Bermuda,BMU,Education,0.000,1994
Bermuda,BMU,Education,3.681,1995
Bermuda,BMU,Education,0.000,1996
Bermuda,BMU,Education,3.681,1997
Bermuda,BMU,Education,0.613,1998
Bermuda,BMU,Education,0.000,1999
Bermuda,BMU,Education,7.362,2000
Bermuda,BMU,Education,21.472,2001
Bermuda,BMU,Education,17.791,2002
Bermuda,BMU,Education,15.337,2003
Bermuda,BMU,Education,15.337,2004
Bermuda,BMU,Education,23.926,2005
Bermuda,BMU,Education,15.951,2006
Bermuda,BMU,Education,9.816,2007
Bermuda,BMU,Education,2.454,2008
Bermuda,BMU,Education,9.816,2009
Bermuda,BMU,Education,38.037,2010
Bermuda,BMU,Education,37.423,2011
Bermuda,BMU,Education,31.902,2012
Bermuda,BMU,Education,17.178,2013
Bermuda,BMU,Education,20.859,2014
Bermuda,BMU,Education,23.926,2015
Bermuda,BMU,Education,17.178,2016
Bermuda,BMU,Education,15.337,2017
Bermuda,BMU,Education,15.337,2018
Bermuda,BMU,Education,4.294,2019
Bermuda,BMU,Education,4.294,2020
Bermuda,BMU,Education,4.294,2021
Bermuda,BMU,Education,4.294,2022
Bermuda,BMU,Education,9.202,2023
Bermuda,BMU,Employment and Time Use,0.000,1960
Bermuda,BMU,Employment and Time Use,0.000,1961
Bermuda,BMU,Employment and Time Use,0.000,1962
Bermuda,BMU,Employment and Time Use,0.000,1963
Bermuda,BMU,Employment and Time Use,0.000,1964
Bermuda,BMU,Employment and Time Use,0.000,1965
Bermuda,BMU,Employment and Time Use,0.000,1966
Bermuda,BMU,Employment and Time Use,0.000,1967
Bermuda,BMU,Employment and Time Use,0.000,1968
Bermuda,BMU,Employment and Time Use,0.000,1969
Bermuda,BMU,Employment and Time Use,5.109,1970
Bermuda,BMU,Employment and Time Use,0.000,1971
Bermuda,BMU,Employment and Time Use,0.000,1972
Bermuda,BMU,Employment and Time Use,0.000,1973
Bermuda,BMU,Employment and Time Use,0.000,1974
Bermuda,BMU,Employment and Time Use,0.000,1975
Bermuda,BMU,Employment and Time Use,5.109,1976
Bermuda,BMU,Employment and Time Use,0.000,1977
Bermuda,BMU,Employment and Time Use,0.000,1978
Bermuda,BMU,Employment and Time Use,0.000,1979
Bermuda,BMU,Employment and Time Use,5.109,1980
Bermuda,BMU,Employment and Time Use,0.000,1981
Bermuda,BMU,Employment and Time Use,0.000,1982
Bermuda,BMU,Employment and Time Use,0.000,1983
Bermuda,BMU,Employment and Time Use,0.000,1984
Bermuda,BMU,Employment and Time Use,0.000,1985
Bermuda,BMU,Employment and Time Use,0.000,1986
Bermuda,BMU,Employment and Time Use,0.000,1987
Bermuda,BMU,Employment and Time Use,0.000,1988
Bermuda,BMU,Employment and Time Use,0.000,1989
Bermuda,BMU,Employment and Time Use,0.000,1990
Bermuda,BMU,Employment and Time Use,5.109,1991
Bermuda,BMU,Employment and Time Use,0.000,1992
Bermuda,BMU,Employment and Time Use,0.000,1993
Bermuda,BMU,Employment and Time Use,0.000,1994
Bermuda,BMU,Employment and Time Use,0.000,1995
Bermuda,BMU,Employment and Time Use,0.000,1996
Bermuda,BMU,Employment and Time Use,0.000,1997
Bermuda,BMU,Employment and Time Use,0.000,1998
Bermuda,BMU,Employment and Time Use,0.000,1999
Bermuda,BMU,Employment and Time Use,18.978,2000
Bermuda,BMU,Employment and Time Use,0.000,2001
Bermuda,BMU,Employment and Time Use,0.000,2002
Bermuda,BMU,Employment and Time Use,0.000,2003
Bermuda,BMU,Employment and Time Use,0.000,2004
Bermuda,BMU,Employment and Time Use,0.000,2005
Bermuda,BMU,Employment and Time Use,0.000,2006
Bermuda,BMU,Employment and Time Use,0.000,2007
Bermuda,BMU,Employment and Time Use,0.000,2008
Bermuda,BMU,Employment and Time Use,18.248,2009
Bermuda,BMU,Employment and Time Use,21.168,2010
Bermuda,BMU,Employment and Time Use,0.000,2011
Bermuda,BMU,Employment and Time Use,10.219,2012
Bermuda,BMU,Employment and Time Use,2.190,2013
Bermuda,BMU,Employment and Time Use,5.109,2014
Bermuda,BMU,Employment and Time Use,0.000,2015
Bermuda,BMU,Employment and Time Use,0.000,2016
Bermuda,BMU,Employment and Time Use,0.000,2017
Bermuda,BMU,Employment and Time Use,0.000,2018
Bermuda,BMU,Employment and Time Use,0.000,2019
Bermuda,BMU,Employment and Time Use,0.000,2020
Bermuda,BMU,Employment and Time Use,0.000,2021
Bermuda,BMU,Employment and Time Use,0.000,2022
Bermuda,BMU,Employment and Time Use,0.000,2023
Bermuda,BMU,Entrepreneurship,0.000,1960
Bermuda,BMU,Entrepreneurship,0.000,1961
Bermuda,BMU,Entrepreneurship,0.000,1962
Bermuda,BMU,Entrepreneurship,0.000,1963
Bermuda,BMU,Entrepreneurship,0.000,1964
Bermuda,BMU,Entrepreneurship,0.000,1965
Bermuda,BMU,Entrepreneurship,0.000,1966
Bermuda,BMU,Entrepreneurship,0.000,1967
Bermuda,BMU,Entrepreneurship,0.000,1968
Bermuda,BMU,Entrepreneurship,0.000,1969
Bermuda,BMU,Entrepreneurship,0.000,1970
Bermuda,BMU,Entrepreneurship,0.000,1971
Bermuda,BMU,Entrepreneurship,0.000,1972
Bermuda,BMU,Entrepreneurship,0.000,1973
Bermuda,BMU,Entrepreneurship,0.000,1974
Bermuda,BMU,Entrepreneurship,0.000,1975
Bermuda,BMU,Entrepreneurship,0.000,1976
Bermuda,BMU,Entrepreneurship,0.000,1977
Bermuda,BMU,Entrepreneurship,0.000,1978
Bermuda,BMU,Entrepreneurship,0.000,1979
Bermuda,BMU,Entrepreneurship,0.000,1980
Bermuda,BMU,Entrepreneurship,0.000,1981
Bermuda,BMU,Entrepreneurship,0.000,1982
Bermuda,BMU,Entrepreneurship,0.000,1983
Bermuda,BMU,Entrepreneurship,0.000,1984
Bermuda,BMU,Entrepreneurship,0.000,1985
Bermuda,BMU,Entrepreneurship,0.000,1986
Bermuda,BMU,Entrepreneurship,0.000,1987
Bermuda,BMU,Entrepreneurship,0.000,1988
Bermuda,BMU,Entrepreneurship,0.000,1989
Bermuda,BMU,Entrepreneurship,0.000,1990
Bermuda,BMU,Entrepreneurship,0.000,1991
Bermuda,BMU,Entrepreneurship,0.000,1992
Bermuda,BMU,Entrepreneurship,0.000,1993
Bermuda,BMU,Entrepreneurship,0.000,1994
Bermuda,BMU,Entrepreneurship,0.000,1995
Bermuda,BMU,Entrepreneurship,0.000,1996
Bermuda,BMU,Entrepreneurship,0.000,1997
Bermuda,BMU,Entrepreneurship,0.000,1998
Bermuda,BMU,Entrepreneurship,0.000,1999
Bermuda,BMU,Entrepreneurship,0.000,2000
Bermuda,BMU,Entrepreneurship,0.000,2001
Bermuda,BMU,Entrepreneurship,0.000,2002
Bermuda,BMU,Entrepreneurship,0.000,2003
Bermuda,BMU,Entrepreneurship,0.000,2004
Bermuda,BMU,Entrepreneurship,0.000,2005
Bermuda,BMU,Entrepreneurship,0.000,2006
Bermuda,BMU,Entrepreneurship,0.000,2007
Bermuda,BMU,Entrepreneurship,0.000,2008
Bermuda,BMU,Entrepreneurship,0.000,2009
Bermuda,BMU,Entrepreneurship,0.000,2010
Bermuda,BMU,Entrepreneurship,0.000,2011
Bermuda,BMU,Entrepreneurship,0.000,2012
Bermuda,BMU,Entrepreneurship,0.000,2013
Bermuda,BMU,Entrepreneurship,0.000,2014
Bermuda,BMU,Entrepreneurship,0.000,2015
Bermuda,BMU,Entrepreneurship,0.000,2016
Bermuda,BMU,Entrepreneurship,0.000,2017
Bermuda,BMU,Entrepreneurship,0.000,2018
Bermuda,BMU,Entrepreneurship,0.000,2019
Bermuda,BMU,Entrepreneurship,0.000,2020
Bermuda,BMU,Entrepreneurship,0.000,2021
Bermuda,BMU,Entrepreneurship,0.000,2022
Bermuda,BMU,Entrepreneurship,0.000,2023
Bermuda,BMU,Environment,0.000,1960
Bermuda,BMU,Environment,0.000,1961
Bermuda,BMU,Environment,0.000,1962
Bermuda,BMU,Environment,0.000,1963
Bermuda,BMU,Environment,0.000,1964
Bermuda,BMU,Environment,0.000,1965
Bermuda,BMU,Environment,0.000,1966
Bermuda,BMU,Environment,0.000,1967
Bermuda,BMU,Environment,0.000,1968
Bermuda,BMU,Environment,0.000,1969
Bermuda,BMU,Environment,0.000,1970
Bermuda,BMU,Environment,0.000,1971
Bermuda,BMU,Environment,0.000,1972
Bermuda,BMU,Environment,0.000,1973
Bermuda,BMU,Environment,0.000,1974
Bermuda,BMU,Environment,0.000,1975
Bermuda,BMU,Environment,0.000,1976
Bermuda,BMU,Environment,0.000,1977
Bermuda,BMU,Environment,0.000,1978
Bermuda,BMU,Environment,0.000,1979
Bermuda,BMU,Environment,0.000,1980
Bermuda,BMU,Environment,0.000,1981
Bermuda,BMU,Environment,0.000,1982
Bermuda,BMU,Environment,0.000,1983
Bermuda,BMU,Environment,0.000,1984
Bermuda,BMU,Environment,0.000,1985
Bermuda,BMU,Environment,0.000,1986
Bermuda,BMU,Environment,0.000,1987
Bermuda,BMU,Environment,0.000,1988
Bermuda,BMU,Environment,0.000,1989
Bermuda,BMU,Environment,0.000,1990
Bermuda,BMU,Environment,0.000,1991
Bermuda,BMU,Environment,0.000,1992
Bermuda,BMU,Environment,0.000,1993
Bermuda,BMU,Environment,0.000,1994
Bermuda,BMU,Environment,0.000,1995
Bermuda,BMU,Environment,0.000,1996
Bermuda,BMU,Environment,0.000,1997
Bermuda,BMU,Environment,0.000,1998
Bermuda,BMU,Environment,0.000,1999
Bermuda,BMU,Environment,6.667,2000
Bermuda,BMU,Environment,6.667,2001
Bermuda,BMU,Environment,6.667,2002
Bermuda,BMU,Environment,6.667,2003
Bermuda,BMU,Environment,6.667,2004
Bermuda,BMU,Environment,6.667,2005
Bermuda,BMU,Environment,6.667,2006
Bermuda,BMU,Environment,6.667,2007
Bermuda,BMU,Environment,6.667,2008
Bermuda,BMU,Environment,6.667,2009
Bermuda,BMU,Environment,6.667,2010
Bermuda,BMU,Environment,6.667,2011
Bermuda,BMU,Environment,6.667,2012
Bermuda,BMU,Environment,6.667,2013
Bermuda,BMU,Environment,6.667,2014
Bermuda,BMU,Environment,6.667,2015
Bermuda,BMU,Environment,6.667,2016
Bermuda,BMU,Environment,6.667,2017
Bermuda,BMU,Environment,6.667,2018
Bermuda,BMU,Environment,6.667,2019
Bermuda,BMU,Environment,6.667,2020
Bermuda,BMU,Environment,6.667,2021
Bermuda,BMU,Environment,6.667,2022
Bermuda,BMU,Environment,0.000,2023
Bermuda,BMU,Health,3.030,1960
Bermuda,BMU,Health,3.030,1961
Bermuda,BMU,Health,3.030,1962
Bermuda,BMU,Health,3.030,1963
Bermuda,BMU,Health,3.030,1964
Bermuda,BMU,Health,3.030,1965
Bermuda,BMU,Health,3.030,1966
Bermuda,BMU,Health,3.030,1967
Bermuda,BMU,Health,3.030,1968
Bermuda,BMU,Health,3.030,1969
Bermuda,BMU,Health,3.030,1970
Bermuda,BMU,Health,3.030,1971
Bermuda,BMU,Health,3.030,1972
Bermuda,BMU,Health,3.030,1973
Bermuda,BMU,Health,3.030,1974
Bermuda,BMU,Health,3.030,1975
Bermuda,BMU,Health,3.030,1976
Bermuda,BMU,Health,3.030,1977
Bermuda,BMU,Health,3.030,1978
Bermuda,BMU,Health,3.030,1979
Bermuda,BMU,Health,3.030,1980
Bermuda,BMU,Health,3.030,1981
Bermuda,BMU,Health,3.030,1982
Bermuda,BMU,Health,3.030,1983
Bermuda,BMU,Health,3.030,1984
Bermuda,BMU,Health,3.030,1985
Bermuda,BMU,Health,3.030,1986
Bermuda,BMU,Health,3.030,1987
Bermuda,BMU,Health,3.030,1988
Bermuda,BMU,Health,3.030,1989
Bermuda,BMU,Health,3.030,1990
Bermuda,BMU,Health,3.030,1991
Bermuda,BMU,Health,3.030,1992
Bermuda,BMU,Health,3.030,1993
Bermuda,BMU,Health,3.030,1994
Bermuda,BMU,Health,3.030,1995
Bermuda,BMU,Health,3.030,1996
Bermuda,BMU,Health,3.030,1997
Bermuda,BMU,Health,3.030,1998
Bermuda,BMU,Health,3.030,1999
Bermuda,BMU,Health,4.040,2000
Bermuda,BMU,Health,4.040,2001
Bermuda,BMU,Health,4.040,2002
Bermuda,BMU,Health,4.040,2003
Bermuda,BMU,Health,4.040,2004
Bermuda,BMU,Health,4.040,2005
Bermuda,BMU,Health,4.040,2006
Bermuda,BMU,Health,4.040,2007
Bermuda,BMU,Health,4.040,2008
Bermuda,BMU,Health,4.040,2009
Bermuda,BMU,Health,4.040,2010
Bermuda,BMU,Health,4.040,2011
Bermuda,BMU,Health,4.040,2012
Bermuda,BMU,Health,4.040,2013
Bermuda,BMU,Health,4.040,2014
Bermuda,BMU,Health,4.040,2015
Bermuda,BMU,Health,4.040,2016
Bermuda,BMU,Health,4.040,2017
Bermuda,BMU,Health,4.545,2018
Bermuda,BMU,Health,4.040,2019
Bermuda,BMU,Health,4.040,2020
Bermuda,BMU,Health,4.040,2021
Bermuda,BMU,Health,4.040,2022
Bermuda,BMU,Health,0.000,2023
Bermuda,BMU,Leadership,0.000,1960
Bermuda,BMU,Leadership,0.000,1961
Bermuda,BMU,Leadership,0.000,1962
Bermuda,BMU,Leadership,0.000,1963
Bermuda,BMU,Leadership,0.000,1964
Bermuda,BMU,Leadership,0.000,1965
Bermuda,BMU,Leadership,0.000,1966
Bermuda,BMU,Leadership,0.000,1967
Bermuda,BMU,Leadership,0.000,1968
Bermuda,BMU,Leadership,0.000,1969
Bermuda,BMU,Leadership,0.000,1970
Bermuda,BMU,Leadership,0.000,1971
Bermuda,BMU,Leadership,0.000,1972
Bermuda,BMU,Leadership,0.000,1973
Bermuda,BMU,Leadership,0.000,1974
Bermuda,BMU,Leadership,0.000,1975
Bermuda,BMU,Leadership,0.000,1976
Bermuda,BMU,Leadership,0.000,1977
Bermuda,BMU,Leadership,0.000,1978
Bermuda,BMU,Leadership,0.000,1979
Bermuda,BMU,Leadership,0.000,1980
Bermuda,BMU,Leadership,0.000,1981
Bermuda,BMU,Leadership,0.000,1982
Bermuda,BMU,Leadership,0.000,1983
Bermuda,BMU,Leadership,0.000,1984
Bermuda,BMU,Leadership,0.000,1985
Bermuda,BMU,Leadership,0.000,1986
Bermuda,BMU,Leadership,0.000,1987
Bermuda,BMU,Leadership,0.000,1988
Bermuda,BMU,Leadership,0.000,1989
Bermuda,BMU,Leadership,0.000,1990
Bermuda,BMU,Leadership,0.000,1991
Bermuda,BMU,Leadership,0.000,1992
Bermuda,BMU,Leadership,0.000,1993
Bermuda,BMU,Leadership,0.000,1994
Bermuda,BMU,Leadership,0.000,1995
Bermuda,BMU,Leadership,0.000,1996
Bermuda,BMU,Leadership,0.000,1997
Bermuda,BMU,Leadership,0.000,1998
Bermuda,BMU,Leadership,0.000,1999
Bermuda,BMU,Leadership,0.000,2000
Bermuda,BMU,Leadership,0.000,2001
Bermuda,BMU,Leadership,0.000,2002
Bermuda,BMU,Leadership,0.000,2003
Bermuda,BMU,Leadership,0.000,2004
Bermuda,BMU,Leadership,0.000,2005
Bermuda,BMU,Leadership,0.000,2006
Bermuda,BMU,Leadership,0.000,2007
Bermuda,BMU,Leadership,0.000,2008
Bermuda,BMU,Leadership,0.000,2009
Bermuda,BMU,Leadership,0.000,2010
Bermuda,BMU,Leadership,0.000,2011
Bermuda,BMU,Leadership,0.000,2012
Bermuda,BMU,Leadership,0.000,2013
Bermuda,BMU,Leadership,0.000,2014
Bermuda,BMU,Leadership,0.000,2015
Bermuda,BMU,Leadership,0.000,2016
Bermuda,BMU,Leadership,0.000,2017
Bermuda,BMU,Leadership,0.000,2018
Bermuda,BMU,Leadership,0.000,2019
Bermuda,BMU,Leadership,0.000,2020
Bermuda,BMU,Leadership,0.000,2021
Bermuda,BMU,Leadership,0.000,2022
Bermuda,BMU,Leadership,0.000,2023
Bermuda,BMU,Norms and Decision-making,0.000,1960
Bermuda,BMU,Norms and Decision-making,0.000,1961
Bermuda,BMU,Norms and Decision-making,0.000,1962
Bermuda,BMU,Norms and Decision-making,0.000,1963
Bermuda,BMU,Norms and Decision-making,0.000,1964
Bermuda,BMU,Norms and Decision-making,0.000,1965
Bermuda,BMU,Norms and Decision-making,0.000,1966
Bermuda,BMU,Norms and Decision-making,0.000,1967
Bermuda,BMU,Norms and Decision-making,0.000,1968
Bermuda,BMU,Norms and Decision-making,0.000,1969
Bermuda,BMU,Norms and Decision-making,0.000,1970
Bermuda,BMU,Norms and Decision-making,0.000,1971
Bermuda,BMU,Norms and Decision-making,0.000,1972
Bermuda,BMU,Norms and Decision-making,0.000,1973
Bermuda,BMU,Norms and Decision-making,0.000,1974
Bermuda,BMU,Norms and Decision-making,0.000,1975
Bermuda,BMU,Norms and Decision-making,0.000,1976
Bermuda,BMU,Norms and Decision-making,0.000,1977
Bermuda,BMU,Norms and Decision-making,0.000,1978
Bermuda,BMU,Norms and Decision-making,0.000,1979
Bermuda,BMU,Norms and Decision-making,1.481,1980
Bermuda,BMU,Norms and Decision-making,0.000,1981
Bermuda,BMU,Norms and Decision-making,0.000,1982
Bermuda,BMU,Norms and Decision-making,0.000,1983
Bermuda,BMU,Norms and Decision-making,0.000,1984
Bermuda,BMU,Norms and Decision-making,0.000,1985
Bermuda,BMU,Norms and Decision-making,0.000,1986
Bermuda,BMU,Norms and Decision-making,0.000,1987
Bermuda,BMU,Norms and Decision-making,0.000,1988
Bermuda,BMU,Norms and Decision-making,0.000,1989
Bermuda,BMU,Norms and Decision-making,0.000,1990
Bermuda,BMU,Norms and Decision-making,1.481,1991
Bermuda,BMU,Norms and Decision-making,0.000,1992
Bermuda,BMU,Norms and Decision-making,0.000,1993
Bermuda,BMU,Norms and Decision-making,0.000,1994
Bermuda,BMU,Norms and Decision-making,0.000,1995
Bermuda,BMU,Norms and Decision-making,0.000,1996
Bermuda,BMU,Norms and Decision-making,0.000,1997
Bermuda,BMU,Norms and Decision-making,0.000,1998
Bermuda,BMU,Norms and Decision-making,0.000,1999
Bermuda,BMU,Norms and Decision-making,1.481,2000
Bermuda,BMU,Norms and Decision-making,0.000,2001
Bermuda,BMU,Norms and Decision-making,0.000,2002
Bermuda,BMU,Norms and Decision-making,0.000,2003
Bermuda,BMU,Norms and Decision-making,0.000,2004
Bermuda,BMU,Norms and Decision-making,0.000,2005
Bermuda,BMU,Norms and Decision-making,0.000,2006
Bermuda,BMU,Norms and Decision-making,0.000,2007
Bermuda,BMU,Norms and Decision-making,0.000,2008
Bermuda,BMU,Norms and Decision-making,0.000,2009
Bermuda,BMU,Norms and Decision-making,1.481,2010
Bermuda,BMU,Norms and Decision-making,0.000,2011
Bermuda,BMU,Norms and Decision-making,0.000,2012
Bermuda,BMU,Norms and Decision-making,0.000,2013
Bermuda,BMU,Norms and Decision-making,0.000,2014
Bermuda,BMU,Norms and Decision-making,0.000,2015
Bermuda,BMU,Norms and Decision-making,1.481,2016
Bermuda,BMU,Norms and Decision-making,0.000,2017
Bermuda,BMU,Norms and Decision-making,0.000,2018
Bermuda,BMU,Norms and Decision-making,0.000,2019
Bermuda,BMU,Norms and Decision-making,0.000,2020
Bermuda,BMU,Norms and Decision-making,0.000,2021
Bermuda,BMU,Norms and Decision-making,0.000,2022
Bermuda,BMU,Norms and Decision-making,0.000,2023
Bermuda,BMU,Population,86.905,1960
Bermuda,BMU,Population,85.714,1961
Bermuda,BMU,Population,86.905,1962
Bermuda,BMU,Population,85.714,1963
Bermuda,BMU,Population,85.714,1964
Bermuda,BMU,Population,85.714,1965
Bermuda,BMU,Population,86.905,1966
Bermuda,BMU,Population,85.714,1967
Bermuda,BMU,Population,85.714,1968
Bermuda,BMU,Population,85.714,1969
Bermuda,BMU,Population,86.905,1970
Bermuda,BMU,Population,85.714,1971
Bermuda,BMU,Population,85.714,1972
Bermuda,BMU,Population,85.714,1973
Bermuda,BMU,Population,85.714,1974
Bermuda,BMU,Population,85.714,1975
Bermuda,BMU,Population,86.905,1976
Bermuda,BMU,Population,86.905,1977
Bermuda,BMU,Population,86.905,1978
Bermuda,BMU,Population,86.905,1979
Bermuda,BMU,Population,89.286,1980
Bermuda,BMU,Population,85.714,1981
Bermuda,BMU,Population,85.714,1982
Bermuda,BMU,Population,85.714,1983
Bermuda,BMU,Population,86.905,1984
Bermuda,BMU,Population,85.714,1985
Bermuda,BMU,Population,85.714,1986
Bermuda,BMU,Population,85.714,1987
Bermuda,BMU,Population,85.714,1988
Bermuda,BMU,Population,86.905,1989
Bermuda,BMU,Population,88.095,1990
Bermuda,BMU,Population,89.286,1991
Bermuda,BMU,Population,86.905,1992
Bermuda,BMU,Population,86.905,1993
Bermuda,BMU,Population,86.905,1994
Bermuda,BMU,Population,88.095,1995
Bermuda,BMU,Population,86.905,1996
Bermuda,BMU,Population,85.714,1997
Bermuda,BMU,Population,85.714,1998
Bermuda,BMU,Population,85.714,1999
Bermuda,BMU,Population,90.476,2000
Bermuda,BMU,Population,86.905,2001
Bermuda,BMU,Population,86.905,2002
Bermuda,BMU,Population,86.905,2003
Bermuda,BMU,Population,86.905,2004
Bermuda,BMU,Population,88.095,2005
Bermuda,BMU,Population,86.905,2006
Bermuda,BMU,Population,86.905,2007
Bermuda,BMU,Population,86.905,2008
Bermuda,BMU,Population,86.905,2009
Bermuda,BMU,Population,90.476,2010
Bermuda,BMU,Population,86.905,2011
Bermuda,BMU,Population,86.905,2012
Bermuda,BMU,Population,86.905,2013
Bermuda,BMU,Population,86.905,2014
Bermuda,BMU,Population,88.095,2015
Bermuda,BMU,Population,89.286,2016
Bermuda,BMU,Population,86.905,2017
Bermuda,BMU,Population,86.905,2018
Bermuda,BMU,Population,86.905,2019
Bermuda,BMU,Population,88.095,2020
Bermuda,BMU,Population,86.905,2021
Bermuda,BMU,Population,86.905,2022
Bermuda,BMU,Population,77.381,2023
Bermuda,BMU,SDGs,0.671,1960
Bermuda,BMU,SDGs,0.671,1961
Bermuda,BMU,SDGs,0.671,1962
Bermuda,BMU,SDGs,0.671,1963
Bermuda,BMU,SDGs,0.671,1964
Bermuda,BMU,SDGs,0.671,1965
Bermuda,BMU,SDGs,0.671,1966
Bermuda,BMU,SDGs,0.671,1967
Bermuda,BMU,SDGs,0.671,1968
Bermuda,BMU,SDGs,0.671,1969
Bermuda,BMU,SDGs,0.671,1970
Bermuda,BMU,SDGs,0.671,1971
Bermuda,BMU,SDGs,0.671,1972
Bermuda,BMU,SDGs,0.671,1973
Bermuda,BMU,SDGs,0.671,1974
Bermuda,BMU,SDGs,0.671,1975
Bermuda,BMU,SDGs,0.671,1976
Bermuda,BMU,SDGs,0.671,1977
Bermuda,BMU,SDGs,0.671,1978
Bermuda,BMU,SDGs,0.671,1979
Bermuda,BMU,SDGs,0.671,1980
Bermuda,BMU,SDGs,0.671,1981
Bermuda,BMU,SDGs,0.671,1982
Bermuda,BMU,SDGs,0.671,1983
Bermuda,BMU,SDGs,0.671,1984
Bermuda,BMU,SDGs,0.671,1985
Bermuda,BMU,SDGs,0.671,1986
Bermuda,BMU,SDGs,0.671,1987
Bermuda,BMU,SDGs,0.671,1988
Bermuda,BMU,SDGs,0.671,1989
Bermuda,BMU,SDGs,0.671,1990
Bermuda,BMU,SDGs,0.671,1991
Bermuda,BMU,SDGs,0.671,1992
Bermuda,BMU,SDGs,0.671,1993
Bermuda,BMU,SDGs,0.671,1994
Bermuda,BMU,SDGs,0.671,1995
Bermuda,BMU,SDGs,0.671,1996
Bermuda,BMU,SDGs,0.671,1997
Bermuda,BMU,SDGs,0.671,1998
Bermuda,BMU,SDGs,0.671,1999
Bermuda,BMU,SDGs,6.040,2000
Bermuda,BMU,SDGs,2.013,2001
Bermuda,BMU,SDGs,2.013,2002
Bermuda,BMU,SDGs,2.013,2003
Bermuda,BMU,SDGs,2.013,2004
Bermuda,BMU,SDGs,2.013,2005
Bermuda,BMU,SDGs,2.013,2006
Bermuda,BMU,SDGs,2.013,2007
Bermuda,BMU,SDGs,2.013,2008
Bermuda,BMU,SDGs,6.040,2009
Bermuda,BMU,SDGs,6.040,2010
Bermuda,BMU,SDGs,2.013,2011
Bermuda,BMU,SDGs,4.027,2012
Bermuda,BMU,SDGs,4.027,2013
Bermuda,BMU,SDGs,6.040,2014
Bermuda,BMU,SDGs,2.013,2015
Bermuda,BMU,SDGs,2.013,2016
Bermuda,BMU,SDGs,2.013,2017
Bermuda,BMU,SDGs,2.685,2018
Bermuda,BMU,SDGs,2.013,2019
Bermuda,BMU,SDGs,2.013,2020
Bermuda,BMU,SDGs,2.013,2021
Bermuda,BMU,SDGs,2.013,2022
Bermuda,BMU,SDGs,0.000,2023
Bermuda,BMU,Technology,0.000,1960
Bermuda,BMU,Technology,0.000,1961
Bermuda,BMU,Technology,0.000,1962
Bermuda,BMU,Technology,0.000,1963
Bermuda,BMU,Technology,0.000,1964
Bermuda,BMU,Technology,0.000,1965
Bermuda,BMU,Technology,0.000,1966
Bermuda,BMU,Technology,0.000,1967
Bermuda,BMU,Technology,0.000,1968
Bermuda,BMU,Technology,0.000,1969
Bermuda,BMU,Technology,0.000,1970
Bermuda,BMU,Technology,0.000,1971
Bermuda,BMU,Technology,0.000,1972
Bermuda,BMU,Technology,0.000,1973
Bermuda,BMU,Technology,0.000,1974
Bermuda,BMU,Technology,0.000,1975
Bermuda,BMU,Technology,0.000,1976
Bermuda,BMU,Technology,0.000,1977
Bermuda,BMU,Technology,0.000,1978
Bermuda,BMU,Technology,0.000,1979
Bermuda,BMU,Technology,0.000,1980
Bermuda,BMU,Technology,0.000,1981
Bermuda,BMU,Technology,0.000,1982
Bermuda,BMU,Technology,0.000,1983
Bermuda,BMU,Technology,0.000,1984
Bermuda,BMU,Technology,0.000,1985
Bermuda,BMU,Technology,0.000,1986
Bermuda,BMU,Technology,0.000,1987
Bermuda,BMU,Technology,0.000,1988
Bermuda,BMU,Technology,0.000,1989
Bermuda,BMU,Technology,2.222,1990
Bermuda,BMU,Technology,2.222,1991
Bermuda,BMU,Technology,2.222,1992
Bermuda,BMU,Technology,2.222,1993
Bermuda,BMU,Technology,2.222,1994
Bermuda,BMU,Technology,2.222,1995
Bermuda,BMU,Technology,2.222,1996
Bermuda,BMU,Technology,2.222,1997
Bermuda,BMU,Technology,2.222,1998
Bermuda,BMU,Technology,2.222,1999
Bermuda,BMU,Technology,2.222,2000
Bermuda,BMU,Technology,6.667,2001
Bermuda,BMU,Technology,2.222,2002
Bermuda,BMU,Technology,2.222,2003
Bermuda,BMU,Technology,2.222,2004
Bermuda,BMU,Technology,8.889,2005
Bermuda,BMU,Technology,2.222,2006
Bermuda,BMU,Technology,8.889,2007
Bermuda,BMU,Technology,2.222,2008
Bermuda,BMU,Technology,8.889,2009
Bermuda,BMU,Technology,8.889,2010
Bermuda,BMU,Technology,8.889,2011
Bermuda,BMU,Technology,8.889,2012
Bermuda,BMU,Technology,2.222,2013
Bermuda,BMU,Technology,4.444,2014
Bermuda,BMU,Technology,8.889,2015
Bermuda,BMU,Technology,2.222,2016
Bermuda,BMU,Technology,8.889,2017
Bermuda,BMU,Technology,6.667,2018
Bermuda,BMU,Technology,0.000,2019
Bermuda,BMU,Technology,0.000,2020
Bermuda,BMU,Technology,0.000,2021
Bermuda,BMU,Technology,0.000,2022
Bermuda,BMU,Technology,0.000,2023
Bermuda,BMU,Violence,0.000,1960
Bermuda,BMU,Violence,0.000,1961
Bermuda,BMU,Violence,0.000,1962
Bermuda,BMU,Violence,0.000,1963
Bermuda,BMU,Violence,0.000,1964
Bermuda,BMU,Violence,0.000,1965
Bermuda,BMU,Violence,0.000,1966
Bermuda,BMU,Violence,0.000,1967
Bermuda,BMU,Violence,0.000,1968
Bermuda,BMU,Violence,0.000,1969
Bermuda,BMU,Violence,0.000,1970
Bermuda,BMU,Violence,0.000,1971
Bermuda,BMU,Violence,0.000,1972
Bermuda,BMU,Violence,0.000,1973
Bermuda,BMU,Violence,0.000,1974
Bermuda,BMU,Violence,0.000,1975
Bermuda,BMU,Violence,0.000,1976
Bermuda,BMU,Violence,0.000,1977
Bermuda,BMU,Violence,0.000,1978
Bermuda,BMU,Violence,0.000,1979
Bermuda,BMU,Violence,0.000,1980
Bermuda,BMU,Violence,0.000,1981
Bermuda,BMU,Violence,0.000,1982
Bermuda,BMU,Violence,0.000,1983
Bermuda,BMU,Violence,0.000,1984
Bermuda,BMU,Violence,0.000,1985
Bermuda,BMU,Violence,0.000,1986
Bermuda,BMU,Violence,0.000,1987
Bermuda,BMU,Violence,0.000,1988
Bermuda,BMU,Violence,0.000,1989
Bermuda,BMU,Violence,2.143,1990
Bermuda,BMU,Violence,2.143,1991
Bermuda,BMU,Violence,2.143,1992
Bermuda,BMU,Violence,0.714,1993
Bermuda,BMU,Violence,0.714,1994
Bermuda,BMU,Violence,0.000,1995
Bermuda,BMU,Violence,2.143,1996
Bermuda,BMU,Violence,0.714,1997
Bermuda,BMU,Violence,0.714,1998
Bermuda,BMU,Violence,0.714,1999
Bermuda,BMU,Violence,0.714,2000
Bermuda,BMU,Violence,0.714,2001
Bermuda,BMU,Violence,0.714,2002
Bermuda,BMU,Violence,0.714,2003
Bermuda,BMU,Violence,2.143,2004
Bermuda,BMU,Violence,2.143,2005
Bermuda,BMU,Violence,0.714,2006
Bermuda,BMU,Violence,0.714,2007
Bermuda,BMU,Violence,0.714,2008
Bermuda,BMU,Violence,2.143,2009
Bermuda,BMU,Violence,2.143,2010
Bermuda,BMU,Violence,2.143,2011
Bermuda,BMU,Violence,2.143,2012
Bermuda,BMU,Violence,2.143,2013
Bermuda,BMU,Violence,2.143,2014
Bermuda,BMU,Violence,2.143,2015
Bermuda,BMU,Violence,2.143,2016
Bermuda,BMU,Violence,2.143,2017
Bermuda,BMU,Violence,0.000,2018
Bermuda,BMU,Violence,2.143,2019
Bermuda,BMU,Violence,0.714,2020
Bermuda,BMU,Violence,0.714,2021
Bermuda,BMU,Violence,0.000,2022
Bermuda,BMU,Violence,0.000,2023
Bermuda,BMU,Youth 15-24,4.587,1960
Bermuda,BMU,Youth 15-24,4.587,1961
Bermuda,BMU,Youth 15-24,4.587,1962
Bermuda,BMU,Youth 15-24,4.587,1963
Bermuda,BMU,Youth 15-24,4.587,1964
Bermuda,BMU,Youth 15-24,4.587,1965
Bermuda,BMU,Youth 15-24,4.587,1966
Bermuda,BMU,Youth 15-24,4.587,1967
Bermuda,BMU,Youth 15-24,4.587,1968
Bermuda,BMU,Youth 15-24,4.587,1969
Bermuda,BMU,Youth 15-24,12.844,1970
Bermuda,BMU,Youth 15-24,14.679,1971
Bermuda,BMU,Youth 15-24,14.679,1972
Bermuda,BMU,Youth 15-24,14.679,1973
Bermuda,BMU,Youth 15-24,13.761,1974
Bermuda,BMU,Youth 15-24,13.761,1975
Bermuda,BMU,Youth 15-24,16.514,1976
Bermuda,BMU,Youth 15-24,13.761,1977
Bermuda,BMU,Youth 15-24,16.514,1978
Bermuda,BMU,Youth 15-24,18.349,1979
Bermuda,BMU,Youth 15-24,21.101,1980
Bermuda,BMU,Youth 15-24,8.257,1981
Bermuda,BMU,Youth 15-24,4.587,1982
Bermuda,BMU,Youth 15-24,4.587,1983
Bermuda,BMU,Youth 15-24,4.587,1984
Bermuda,BMU,Youth 15-24,4.587,1985
Bermuda,BMU,Youth 15-24,4.587,1986
Bermuda,BMU,Youth 15-24,4.587,1987
Bermuda,BMU,Youth 15-24,4.587,1988
Bermuda,BMU,Youth 15-24,4.587,1989
Bermuda,BMU,Youth 15-24,4.587,1990
Bermuda,BMU,Youth 15-24,12.844,1991
Bermuda,BMU,Youth 15-24,4.587,1992
Bermuda,BMU,Youth 15-24,4.587,1993
Bermuda,BMU,Youth 15-24,4.587,1994
Bermuda,BMU,Youth 15-24,4.587,1995
Bermuda,BMU,Youth 15-24,4.587,1996
Bermuda,BMU,Youth 15-24,4.587,1997
Bermuda,BMU,Youth 15-24,4.587,1998
Bermuda,BMU,Youth 15-24,4.587,1999
Bermuda,BMU,Youth 15-24,19.266,2000
Bermuda,BMU,Youth 15-24,20.183,2001
Bermuda,BMU,Youth 15-24,12.844,2002
Bermuda,BMU,Youth 15-24,11.009,2003
Bermuda,BMU,Youth 15-24,11.009,2004
Bermuda,BMU,Youth 15-24,21.101,2005
Bermuda,BMU,Youth 15-24,13.761,2006
Bermuda,BMU,Youth 15-24,18.349,2007
Bermuda,BMU,Youth 15-24,8.257,2008
Bermuda,BMU,Youth 15-24,21.101,2009
Bermuda,BMU,Youth 15-24,43.119,2010
Bermuda,BMU,Youth 15-24,30.275,2011
Bermuda,BMU,Youth 15-24,22.018,2012
Bermuda,BMU,Youth 15-24,13.761,2013
Bermuda,BMU,Youth 15-24,22.018,2014
Bermuda,BMU,Youth 15-24,22.936,2015
Bermuda,BMU,Youth 15-24,19.266,2016
Bermuda,BMU,Youth 15-24,22.936,2017
Bermuda,BMU,Youth 15-24,22.936,2018
Bermuda,BMU,Youth 15-24,7.339,2019
Bermuda,BMU,Youth 15-24,7.339,2020
Bermuda,BMU,Youth 15-24,7.339,2021
Bermuda,BMU,Youth 15-24,7.339,2022
Bermuda,BMU,Youth 15-24,10.092,2023
