Country Name,Country Code,Topic,% of available indicators,Year
Burkina Faso,BFA,Assets,0.000,1960
Burkina Faso,BFA,Assets,0.000,1961
Burkina Faso,BFA,Assets,0.000,1962
Burkina Faso,BFA,Assets,0.000,1963
Burkina Faso,BFA,Assets,0.000,1964
Burkina Faso,BFA,Assets,0.000,1965
Burkina Faso,BFA,Assets,0.000,1966
Burkina Faso,BFA,Assets,0.000,1967
Burkina Faso,BFA,Assets,0.000,1968
Burkina Faso,BFA,Assets,0.000,1969
Burkina Faso,BFA,Assets,2.208,1970
Burkina Faso,BFA,Assets,2.208,1971
Burkina Faso,BFA,Assets,2.208,1972
Burkina Faso,BFA,Assets,2.208,1973
Burkina Faso,BFA,Assets,2.208,1974
Burkina Faso,BFA,Assets,2.208,1975
Burkina Faso,BFA,Assets,2.208,1976
Burkina Faso,BFA,Assets,2.208,1977
Burkina Faso,BFA,Assets,2.208,1978
Burkina Faso,BFA,Assets,2.208,1979
Burkina Faso,BFA,Assets,2.208,1980
Burkina Faso,BFA,Assets,2.208,1981
Burkina Faso,BFA,Assets,2.208,1982
Burkina Faso,BFA,Assets,2.208,1983
Burkina Faso,BFA,Assets,2.208,1984
Burkina Faso,BFA,Assets,2.208,1985
Burkina Faso,BFA,Assets,2.208,1986
Burkina Faso,BFA,Assets,2.208,1987
Burkina Faso,BFA,Assets,2.208,1988
Burkina Faso,BFA,Assets,2.208,1989
Burkina Faso,BFA,Assets,2.208,1990
Burkina Faso,BFA,Assets,2.208,1991
Burkina Faso,BFA,Assets,2.208,1992
Burkina Faso,BFA,Assets,2.208,1993
Burkina Faso,BFA,Assets,2.208,1994
Burkina Faso,BFA,Assets,2.208,1995
Burkina Faso,BFA,Assets,2.208,1996
Burkina Faso,BFA,Assets,2.208,1997
Burkina Faso,BFA,Assets,2.208,1998
Burkina Faso,BFA,Assets,2.208,1999
Burkina Faso,BFA,Assets,2.208,2000
Burkina Faso,BFA,Assets,2.208,2001
Burkina Faso,BFA,Assets,2.208,2002
Burkina Faso,BFA,Assets,2.208,2003
Burkina Faso,BFA,Assets,2.208,2004
Burkina Faso,BFA,Assets,2.208,2005
Burkina Faso,BFA,Assets,2.208,2006
Burkina Faso,BFA,Assets,2.208,2007
Burkina Faso,BFA,Assets,2.208,2008
Burkina Faso,BFA,Assets,2.208,2009
Burkina Faso,BFA,Assets,32.492,2010
Burkina Faso,BFA,Assets,11.672,2011
Burkina Faso,BFA,Assets,2.208,2012
Burkina Faso,BFA,Assets,2.208,2013
Burkina Faso,BFA,Assets,31.546,2014
Burkina Faso,BFA,Assets,2.208,2015
Burkina Faso,BFA,Assets,2.208,2016
Burkina Faso,BFA,Assets,34.069,2017
Burkina Faso,BFA,Assets,2.208,2018
Burkina Faso,BFA,Assets,2.208,2019
Burkina Faso,BFA,Assets,2.208,2020
Burkina Faso,BFA,Assets,93.375,2021
Burkina Faso,BFA,Assets,2.208,2022
Burkina Faso,BFA,Assets,2.208,2023
Burkina Faso,BFA,Children 0-14,19.231,1960
Burkina Faso,BFA,Children 0-14,19.231,1961
Burkina Faso,BFA,Children 0-14,19.231,1962
Burkina Faso,BFA,Children 0-14,19.231,1963
Burkina Faso,BFA,Children 0-14,19.231,1964
Burkina Faso,BFA,Children 0-14,19.231,1965
Burkina Faso,BFA,Children 0-14,19.231,1966
Burkina Faso,BFA,Children 0-14,19.231,1967
Burkina Faso,BFA,Children 0-14,19.231,1968
Burkina Faso,BFA,Children 0-14,19.231,1969
Burkina Faso,BFA,Children 0-14,19.231,1970
Burkina Faso,BFA,Children 0-14,40.000,1971
Burkina Faso,BFA,Children 0-14,40.000,1972
Burkina Faso,BFA,Children 0-14,32.308,1973
Burkina Faso,BFA,Children 0-14,32.308,1974
Burkina Faso,BFA,Children 0-14,32.308,1975
Burkina Faso,BFA,Children 0-14,32.308,1976
Burkina Faso,BFA,Children 0-14,40.000,1977
Burkina Faso,BFA,Children 0-14,37.692,1978
Burkina Faso,BFA,Children 0-14,40.000,1979
Burkina Faso,BFA,Children 0-14,40.000,1980
Burkina Faso,BFA,Children 0-14,38.462,1981
Burkina Faso,BFA,Children 0-14,38.462,1982
Burkina Faso,BFA,Children 0-14,38.462,1983
Burkina Faso,BFA,Children 0-14,38.462,1984
Burkina Faso,BFA,Children 0-14,37.692,1985
Burkina Faso,BFA,Children 0-14,36.923,1986
Burkina Faso,BFA,Children 0-14,39.231,1987
Burkina Faso,BFA,Children 0-14,40.000,1988
Burkina Faso,BFA,Children 0-14,40.000,1989
Burkina Faso,BFA,Children 0-14,32.308,1990
Burkina Faso,BFA,Children 0-14,40.000,1991
Burkina Faso,BFA,Children 0-14,38.462,1992
Burkina Faso,BFA,Children 0-14,52.308,1993
Burkina Faso,BFA,Children 0-14,41.538,1994
Burkina Faso,BFA,Children 0-14,37.692,1995
Burkina Faso,BFA,Children 0-14,30.000,1996
Burkina Faso,BFA,Children 0-14,23.077,1997
Burkina Faso,BFA,Children 0-14,36.154,1998
Burkina Faso,BFA,Children 0-14,59.231,1999
Burkina Faso,BFA,Children 0-14,58.462,2000
Burkina Faso,BFA,Children 0-14,44.615,2001
Burkina Faso,BFA,Children 0-14,39.231,2002
Burkina Faso,BFA,Children 0-14,50.000,2003
Burkina Faso,BFA,Children 0-14,42.308,2004
Burkina Faso,BFA,Children 0-14,44.615,2005
Burkina Faso,BFA,Children 0-14,54.615,2006
Burkina Faso,BFA,Children 0-14,53.846,2007
Burkina Faso,BFA,Children 0-14,45.385,2008
Burkina Faso,BFA,Children 0-14,56.154,2009
Burkina Faso,BFA,Children 0-14,80.769,2010
Burkina Faso,BFA,Children 0-14,60.769,2011
Burkina Faso,BFA,Children 0-14,60.769,2012
Burkina Faso,BFA,Children 0-14,60.769,2013
Burkina Faso,BFA,Children 0-14,69.231,2014
Burkina Faso,BFA,Children 0-14,72.308,2015
Burkina Faso,BFA,Children 0-14,58.462,2016
Burkina Faso,BFA,Children 0-14,61.538,2017
Burkina Faso,BFA,Children 0-14,67.692,2018
Burkina Faso,BFA,Children 0-14,68.462,2019
Burkina Faso,BFA,Children 0-14,51.538,2020
Burkina Faso,BFA,Children 0-14,56.923,2021
Burkina Faso,BFA,Children 0-14,36.923,2022
Burkina Faso,BFA,Children 0-14,23.846,2023
Burkina Faso,BFA,Education,0.000,1960
Burkina Faso,BFA,Education,0.000,1961
Burkina Faso,BFA,Education,0.000,1962
Burkina Faso,BFA,Education,0.000,1963
Burkina Faso,BFA,Education,0.000,1964
Burkina Faso,BFA,Education,0.000,1965
Burkina Faso,BFA,Education,0.000,1966
Burkina Faso,BFA,Education,0.000,1967
Burkina Faso,BFA,Education,0.000,1968
Burkina Faso,BFA,Education,0.000,1969
Burkina Faso,BFA,Education,0.000,1970
Burkina Faso,BFA,Education,30.061,1971
Burkina Faso,BFA,Education,30.675,1972
Burkina Faso,BFA,Education,23.313,1973
Burkina Faso,BFA,Education,24.540,1974
Burkina Faso,BFA,Education,31.288,1975
Burkina Faso,BFA,Education,24.540,1976
Burkina Faso,BFA,Education,28.221,1977
Burkina Faso,BFA,Education,22.086,1978
Burkina Faso,BFA,Education,30.675,1979
Burkina Faso,BFA,Education,29.448,1980
Burkina Faso,BFA,Education,27.607,1981
Burkina Faso,BFA,Education,27.607,1982
Burkina Faso,BFA,Education,31.288,1983
Burkina Faso,BFA,Education,26.994,1984
Burkina Faso,BFA,Education,26.380,1985
Burkina Faso,BFA,Education,26.380,1986
Burkina Faso,BFA,Education,20.859,1987
Burkina Faso,BFA,Education,22.086,1988
Burkina Faso,BFA,Education,23.313,1989
Burkina Faso,BFA,Education,15.337,1990
Burkina Faso,BFA,Education,28.221,1991
Burkina Faso,BFA,Education,21.472,1992
Burkina Faso,BFA,Education,23.926,1993
Burkina Faso,BFA,Education,27.607,1994
Burkina Faso,BFA,Education,16.564,1995
Burkina Faso,BFA,Education,17.791,1996
Burkina Faso,BFA,Education,4.294,1997
Burkina Faso,BFA,Education,14.724,1998
Burkina Faso,BFA,Education,38.037,1999
Burkina Faso,BFA,Education,30.675,2000
Burkina Faso,BFA,Education,33.129,2001
Burkina Faso,BFA,Education,19.632,2002
Burkina Faso,BFA,Education,43.558,2003
Burkina Faso,BFA,Education,31.902,2004
Burkina Faso,BFA,Education,49.693,2005
Burkina Faso,BFA,Education,60.736,2006
Burkina Faso,BFA,Education,63.190,2007
Burkina Faso,BFA,Education,41.718,2008
Burkina Faso,BFA,Education,41.104,2009
Burkina Faso,BFA,Education,51.534,2010
Burkina Faso,BFA,Education,55.215,2011
Burkina Faso,BFA,Education,55.215,2012
Burkina Faso,BFA,Education,51.534,2013
Burkina Faso,BFA,Education,77.914,2014
Burkina Faso,BFA,Education,50.920,2015
Burkina Faso,BFA,Education,49.080,2016
Burkina Faso,BFA,Education,59.509,2017
Burkina Faso,BFA,Education,83.436,2018
Burkina Faso,BFA,Education,47.239,2019
Burkina Faso,BFA,Education,34.969,2020
Burkina Faso,BFA,Education,35.583,2021
Burkina Faso,BFA,Education,39.264,2022
Burkina Faso,BFA,Education,33.129,2023
Burkina Faso,BFA,Employment and Time Use,0.000,1960
Burkina Faso,BFA,Employment and Time Use,0.000,1961
Burkina Faso,BFA,Employment and Time Use,0.000,1962
Burkina Faso,BFA,Employment and Time Use,0.000,1963
Burkina Faso,BFA,Employment and Time Use,0.000,1964
Burkina Faso,BFA,Employment and Time Use,0.000,1965
Burkina Faso,BFA,Employment and Time Use,0.000,1966
Burkina Faso,BFA,Employment and Time Use,0.000,1967
Burkina Faso,BFA,Employment and Time Use,0.000,1968
Burkina Faso,BFA,Employment and Time Use,0.000,1969
Burkina Faso,BFA,Employment and Time Use,21.168,1970
Burkina Faso,BFA,Employment and Time Use,21.168,1971
Burkina Faso,BFA,Employment and Time Use,21.168,1972
Burkina Faso,BFA,Employment and Time Use,21.168,1973
Burkina Faso,BFA,Employment and Time Use,21.168,1974
Burkina Faso,BFA,Employment and Time Use,24.088,1975
Burkina Faso,BFA,Employment and Time Use,21.168,1976
Burkina Faso,BFA,Employment and Time Use,21.168,1977
Burkina Faso,BFA,Employment and Time Use,21.168,1978
Burkina Faso,BFA,Employment and Time Use,21.168,1979
Burkina Faso,BFA,Employment and Time Use,21.168,1980
Burkina Faso,BFA,Employment and Time Use,21.168,1981
Burkina Faso,BFA,Employment and Time Use,21.168,1982
Burkina Faso,BFA,Employment and Time Use,21.168,1983
Burkina Faso,BFA,Employment and Time Use,21.168,1984
Burkina Faso,BFA,Employment and Time Use,30.657,1985
Burkina Faso,BFA,Employment and Time Use,21.168,1986
Burkina Faso,BFA,Employment and Time Use,21.168,1987
Burkina Faso,BFA,Employment and Time Use,21.168,1988
Burkina Faso,BFA,Employment and Time Use,21.168,1989
Burkina Faso,BFA,Employment and Time Use,31.387,1990
Burkina Faso,BFA,Employment and Time Use,61.314,1991
Burkina Faso,BFA,Employment and Time Use,56.204,1992
Burkina Faso,BFA,Employment and Time Use,56.204,1993
Burkina Faso,BFA,Employment and Time Use,62.044,1994
Burkina Faso,BFA,Employment and Time Use,56.204,1995
Burkina Faso,BFA,Employment and Time Use,56.204,1996
Burkina Faso,BFA,Employment and Time Use,56.204,1997
Burkina Faso,BFA,Employment and Time Use,58.394,1998
Burkina Faso,BFA,Employment and Time Use,56.204,1999
Burkina Faso,BFA,Employment and Time Use,56.204,2000
Burkina Faso,BFA,Employment and Time Use,56.204,2001
Burkina Faso,BFA,Employment and Time Use,56.204,2002
Burkina Faso,BFA,Employment and Time Use,59.854,2003
Burkina Faso,BFA,Employment and Time Use,56.204,2004
Burkina Faso,BFA,Employment and Time Use,59.854,2005
Burkina Faso,BFA,Employment and Time Use,67.883,2006
Burkina Faso,BFA,Employment and Time Use,61.314,2007
Burkina Faso,BFA,Employment and Time Use,56.204,2008
Burkina Faso,BFA,Employment and Time Use,56.204,2009
Burkina Faso,BFA,Employment and Time Use,58.394,2010
Burkina Faso,BFA,Employment and Time Use,56.204,2011
Burkina Faso,BFA,Employment and Time Use,56.204,2012
Burkina Faso,BFA,Employment and Time Use,56.204,2013
Burkina Faso,BFA,Employment and Time Use,86.131,2014
Burkina Faso,BFA,Employment and Time Use,56.204,2015
Burkina Faso,BFA,Employment and Time Use,56.204,2016
Burkina Faso,BFA,Employment and Time Use,56.204,2017
Burkina Faso,BFA,Employment and Time Use,89.781,2018
Burkina Faso,BFA,Employment and Time Use,86.131,2019
Burkina Faso,BFA,Employment and Time Use,56.204,2020
Burkina Faso,BFA,Employment and Time Use,56.204,2021
Burkina Faso,BFA,Employment and Time Use,86.861,2022
Burkina Faso,BFA,Employment and Time Use,89.781,2023
Burkina Faso,BFA,Entrepreneurship,0.000,1960
Burkina Faso,BFA,Entrepreneurship,0.000,1961
Burkina Faso,BFA,Entrepreneurship,0.000,1962
Burkina Faso,BFA,Entrepreneurship,0.000,1963
Burkina Faso,BFA,Entrepreneurship,0.000,1964
Burkina Faso,BFA,Entrepreneurship,0.000,1965
Burkina Faso,BFA,Entrepreneurship,0.000,1966
Burkina Faso,BFA,Entrepreneurship,0.000,1967
Burkina Faso,BFA,Entrepreneurship,0.000,1968
Burkina Faso,BFA,Entrepreneurship,0.000,1969
Burkina Faso,BFA,Entrepreneurship,9.375,1970
Burkina Faso,BFA,Entrepreneurship,9.375,1971
Burkina Faso,BFA,Entrepreneurship,9.375,1972
Burkina Faso,BFA,Entrepreneurship,9.375,1973
Burkina Faso,BFA,Entrepreneurship,9.375,1974
Burkina Faso,BFA,Entrepreneurship,9.375,1975
Burkina Faso,BFA,Entrepreneurship,9.375,1976
Burkina Faso,BFA,Entrepreneurship,9.375,1977
Burkina Faso,BFA,Entrepreneurship,9.375,1978
Burkina Faso,BFA,Entrepreneurship,9.375,1979
Burkina Faso,BFA,Entrepreneurship,9.375,1980
Burkina Faso,BFA,Entrepreneurship,9.375,1981
Burkina Faso,BFA,Entrepreneurship,9.375,1982
Burkina Faso,BFA,Entrepreneurship,9.375,1983
Burkina Faso,BFA,Entrepreneurship,9.375,1984
Burkina Faso,BFA,Entrepreneurship,9.375,1985
Burkina Faso,BFA,Entrepreneurship,9.375,1986
Burkina Faso,BFA,Entrepreneurship,9.375,1987
Burkina Faso,BFA,Entrepreneurship,9.375,1988
Burkina Faso,BFA,Entrepreneurship,9.375,1989
Burkina Faso,BFA,Entrepreneurship,9.375,1990
Burkina Faso,BFA,Entrepreneurship,9.375,1991
Burkina Faso,BFA,Entrepreneurship,9.375,1992
Burkina Faso,BFA,Entrepreneurship,9.375,1993
Burkina Faso,BFA,Entrepreneurship,9.375,1994
Burkina Faso,BFA,Entrepreneurship,9.375,1995
Burkina Faso,BFA,Entrepreneurship,9.375,1996
Burkina Faso,BFA,Entrepreneurship,9.375,1997
Burkina Faso,BFA,Entrepreneurship,9.375,1998
Burkina Faso,BFA,Entrepreneurship,9.375,1999
Burkina Faso,BFA,Entrepreneurship,9.375,2000
Burkina Faso,BFA,Entrepreneurship,9.375,2001
Burkina Faso,BFA,Entrepreneurship,9.375,2002
Burkina Faso,BFA,Entrepreneurship,37.500,2003
Burkina Faso,BFA,Entrepreneurship,37.500,2004
Burkina Faso,BFA,Entrepreneurship,37.500,2005
Burkina Faso,BFA,Entrepreneurship,40.625,2006
Burkina Faso,BFA,Entrepreneurship,37.500,2007
Burkina Faso,BFA,Entrepreneurship,37.500,2008
Burkina Faso,BFA,Entrepreneurship,43.750,2009
Burkina Faso,BFA,Entrepreneurship,37.500,2010
Burkina Faso,BFA,Entrepreneurship,37.500,2011
Burkina Faso,BFA,Entrepreneurship,37.500,2012
Burkina Faso,BFA,Entrepreneurship,37.500,2013
Burkina Faso,BFA,Entrepreneurship,56.250,2014
Burkina Faso,BFA,Entrepreneurship,37.500,2015
Burkina Faso,BFA,Entrepreneurship,37.500,2016
Burkina Faso,BFA,Entrepreneurship,56.250,2017
Burkina Faso,BFA,Entrepreneurship,37.500,2018
Burkina Faso,BFA,Entrepreneurship,37.500,2019
Burkina Faso,BFA,Entrepreneurship,9.375,2020
Burkina Faso,BFA,Entrepreneurship,9.375,2021
Burkina Faso,BFA,Entrepreneurship,9.375,2022
Burkina Faso,BFA,Entrepreneurship,9.375,2023
Burkina Faso,BFA,Environment,0.000,1960
Burkina Faso,BFA,Environment,0.000,1961
Burkina Faso,BFA,Environment,0.000,1962
Burkina Faso,BFA,Environment,0.000,1963
Burkina Faso,BFA,Environment,0.000,1964
Burkina Faso,BFA,Environment,0.000,1965
Burkina Faso,BFA,Environment,0.000,1966
Burkina Faso,BFA,Environment,0.000,1967
Burkina Faso,BFA,Environment,0.000,1968
Burkina Faso,BFA,Environment,0.000,1969
Burkina Faso,BFA,Environment,0.000,1970
Burkina Faso,BFA,Environment,0.000,1971
Burkina Faso,BFA,Environment,0.000,1972
Burkina Faso,BFA,Environment,0.000,1973
Burkina Faso,BFA,Environment,0.000,1974
Burkina Faso,BFA,Environment,0.000,1975
Burkina Faso,BFA,Environment,0.000,1976
Burkina Faso,BFA,Environment,0.000,1977
Burkina Faso,BFA,Environment,0.000,1978
Burkina Faso,BFA,Environment,0.000,1979
Burkina Faso,BFA,Environment,0.000,1980
Burkina Faso,BFA,Environment,0.000,1981
Burkina Faso,BFA,Environment,0.000,1982
Burkina Faso,BFA,Environment,0.000,1983
Burkina Faso,BFA,Environment,0.000,1984
Burkina Faso,BFA,Environment,0.000,1985
Burkina Faso,BFA,Environment,0.000,1986
Burkina Faso,BFA,Environment,0.000,1987
Burkina Faso,BFA,Environment,0.000,1988
Burkina Faso,BFA,Environment,0.000,1989
Burkina Faso,BFA,Environment,0.000,1990
Burkina Faso,BFA,Environment,0.000,1991
Burkina Faso,BFA,Environment,0.000,1992
Burkina Faso,BFA,Environment,10.000,1993
Burkina Faso,BFA,Environment,0.000,1994
Burkina Faso,BFA,Environment,0.000,1995
Burkina Faso,BFA,Environment,0.000,1996
Burkina Faso,BFA,Environment,0.000,1997
Burkina Faso,BFA,Environment,0.000,1998
Burkina Faso,BFA,Environment,10.000,1999
Burkina Faso,BFA,Environment,10.000,2000
Burkina Faso,BFA,Environment,10.000,2001
Burkina Faso,BFA,Environment,10.000,2002
Burkina Faso,BFA,Environment,36.667,2003
Burkina Faso,BFA,Environment,10.000,2004
Burkina Faso,BFA,Environment,10.000,2005
Burkina Faso,BFA,Environment,10.000,2006
Burkina Faso,BFA,Environment,10.000,2007
Burkina Faso,BFA,Environment,10.000,2008
Burkina Faso,BFA,Environment,10.000,2009
Burkina Faso,BFA,Environment,56.667,2010
Burkina Faso,BFA,Environment,13.333,2011
Burkina Faso,BFA,Environment,13.333,2012
Burkina Faso,BFA,Environment,13.333,2013
Burkina Faso,BFA,Environment,43.333,2014
Burkina Faso,BFA,Environment,13.333,2015
Burkina Faso,BFA,Environment,13.333,2016
Burkina Faso,BFA,Environment,33.333,2017
Burkina Faso,BFA,Environment,46.667,2018
Burkina Faso,BFA,Environment,40.000,2019
Burkina Faso,BFA,Environment,10.000,2020
Burkina Faso,BFA,Environment,20.000,2021
Burkina Faso,BFA,Environment,10.000,2022
Burkina Faso,BFA,Environment,0.000,2023
Burkina Faso,BFA,Health,8.586,1960
Burkina Faso,BFA,Health,8.586,1961
Burkina Faso,BFA,Health,8.586,1962
Burkina Faso,BFA,Health,8.586,1963
Burkina Faso,BFA,Health,8.586,1964
Burkina Faso,BFA,Health,8.586,1965
Burkina Faso,BFA,Health,8.586,1966
Burkina Faso,BFA,Health,8.586,1967
Burkina Faso,BFA,Health,8.586,1968
Burkina Faso,BFA,Health,8.586,1969
Burkina Faso,BFA,Health,8.586,1970
Burkina Faso,BFA,Health,8.586,1971
Burkina Faso,BFA,Health,8.586,1972
Burkina Faso,BFA,Health,8.586,1973
Burkina Faso,BFA,Health,8.586,1974
Burkina Faso,BFA,Health,11.111,1975
Burkina Faso,BFA,Health,11.111,1976
Burkina Faso,BFA,Health,11.111,1977
Burkina Faso,BFA,Health,11.111,1978
Burkina Faso,BFA,Health,11.111,1979
Burkina Faso,BFA,Health,11.111,1980
Burkina Faso,BFA,Health,11.111,1981
Burkina Faso,BFA,Health,11.111,1982
Burkina Faso,BFA,Health,11.111,1983
Burkina Faso,BFA,Health,11.111,1984
Burkina Faso,BFA,Health,12.121,1985
Burkina Faso,BFA,Health,12.121,1986
Burkina Faso,BFA,Health,12.121,1987
Burkina Faso,BFA,Health,12.121,1988
Burkina Faso,BFA,Health,12.121,1989
Burkina Faso,BFA,Health,17.172,1990
Burkina Faso,BFA,Health,16.667,1991
Burkina Faso,BFA,Health,16.667,1992
Burkina Faso,BFA,Health,34.848,1993
Burkina Faso,BFA,Health,16.667,1994
Burkina Faso,BFA,Health,16.667,1995
Burkina Faso,BFA,Health,16.667,1996
Burkina Faso,BFA,Health,16.667,1997
Burkina Faso,BFA,Health,16.667,1998
Burkina Faso,BFA,Health,39.394,1999
Burkina Faso,BFA,Health,56.566,2000
Burkina Faso,BFA,Health,31.818,2001
Burkina Faso,BFA,Health,31.818,2002
Burkina Faso,BFA,Health,53.030,2003
Burkina Faso,BFA,Health,31.818,2004
Burkina Faso,BFA,Health,33.333,2005
Burkina Faso,BFA,Health,35.354,2006
Burkina Faso,BFA,Health,31.818,2007
Burkina Faso,BFA,Health,31.818,2008
Burkina Faso,BFA,Health,37.879,2009
Burkina Faso,BFA,Health,90.909,2010
Burkina Faso,BFA,Health,41.414,2011
Burkina Faso,BFA,Health,39.899,2012
Burkina Faso,BFA,Health,39.394,2013
Burkina Faso,BFA,Health,44.949,2014
Burkina Faso,BFA,Health,67.172,2015
Burkina Faso,BFA,Health,41.414,2016
Burkina Faso,BFA,Health,48.485,2017
Burkina Faso,BFA,Health,44.949,2018
Burkina Faso,BFA,Health,70.202,2019
Burkina Faso,BFA,Health,37.374,2020
Burkina Faso,BFA,Health,37.879,2021
Burkina Faso,BFA,Health,17.172,2022
Burkina Faso,BFA,Health,1.010,2023
Burkina Faso,BFA,Leadership,0.000,1960
Burkina Faso,BFA,Leadership,0.000,1961
Burkina Faso,BFA,Leadership,0.000,1962
Burkina Faso,BFA,Leadership,0.000,1963
Burkina Faso,BFA,Leadership,0.000,1964
Burkina Faso,BFA,Leadership,0.000,1965
Burkina Faso,BFA,Leadership,0.000,1966
Burkina Faso,BFA,Leadership,0.000,1967
Burkina Faso,BFA,Leadership,0.000,1968
Burkina Faso,BFA,Leadership,0.000,1969
Burkina Faso,BFA,Leadership,0.000,1970
Burkina Faso,BFA,Leadership,0.000,1971
Burkina Faso,BFA,Leadership,0.000,1972
Burkina Faso,BFA,Leadership,0.000,1973
Burkina Faso,BFA,Leadership,0.000,1974
Burkina Faso,BFA,Leadership,0.000,1975
Burkina Faso,BFA,Leadership,0.000,1976
Burkina Faso,BFA,Leadership,0.000,1977
Burkina Faso,BFA,Leadership,0.000,1978
Burkina Faso,BFA,Leadership,0.000,1979
Burkina Faso,BFA,Leadership,0.000,1980
Burkina Faso,BFA,Leadership,0.000,1981
Burkina Faso,BFA,Leadership,0.000,1982
Burkina Faso,BFA,Leadership,0.000,1983
Burkina Faso,BFA,Leadership,0.000,1984
Burkina Faso,BFA,Leadership,0.000,1985
Burkina Faso,BFA,Leadership,0.000,1986
Burkina Faso,BFA,Leadership,0.000,1987
Burkina Faso,BFA,Leadership,0.000,1988
Burkina Faso,BFA,Leadership,0.000,1989
Burkina Faso,BFA,Leadership,0.000,1990
Burkina Faso,BFA,Leadership,0.000,1991
Burkina Faso,BFA,Leadership,0.000,1992
Burkina Faso,BFA,Leadership,0.000,1993
Burkina Faso,BFA,Leadership,0.000,1994
Burkina Faso,BFA,Leadership,0.000,1995
Burkina Faso,BFA,Leadership,0.000,1996
Burkina Faso,BFA,Leadership,25.000,1997
Burkina Faso,BFA,Leadership,25.000,1998
Burkina Faso,BFA,Leadership,25.000,1999
Burkina Faso,BFA,Leadership,25.000,2000
Burkina Faso,BFA,Leadership,25.000,2001
Burkina Faso,BFA,Leadership,25.000,2002
Burkina Faso,BFA,Leadership,25.000,2003
Burkina Faso,BFA,Leadership,25.000,2004
Burkina Faso,BFA,Leadership,50.000,2005
Burkina Faso,BFA,Leadership,25.000,2006
Burkina Faso,BFA,Leadership,25.000,2007
Burkina Faso,BFA,Leadership,50.000,2008
Burkina Faso,BFA,Leadership,50.000,2009
Burkina Faso,BFA,Leadership,50.000,2010
Burkina Faso,BFA,Leadership,25.000,2011
Burkina Faso,BFA,Leadership,50.000,2012
Burkina Faso,BFA,Leadership,25.000,2013
Burkina Faso,BFA,Leadership,25.000,2014
Burkina Faso,BFA,Leadership,50.000,2015
Burkina Faso,BFA,Leadership,50.000,2016
Burkina Faso,BFA,Leadership,25.000,2017
Burkina Faso,BFA,Leadership,75.000,2018
Burkina Faso,BFA,Leadership,50.000,2019
Burkina Faso,BFA,Leadership,50.000,2020
Burkina Faso,BFA,Leadership,25.000,2021
Burkina Faso,BFA,Leadership,75.000,2022
Burkina Faso,BFA,Leadership,50.000,2023
Burkina Faso,BFA,Norms and Decision-making,0.000,1960
Burkina Faso,BFA,Norms and Decision-making,1.481,1961
Burkina Faso,BFA,Norms and Decision-making,0.000,1962
Burkina Faso,BFA,Norms and Decision-making,0.000,1963
Burkina Faso,BFA,Norms and Decision-making,0.000,1964
Burkina Faso,BFA,Norms and Decision-making,0.000,1965
Burkina Faso,BFA,Norms and Decision-making,0.000,1966
Burkina Faso,BFA,Norms and Decision-making,0.000,1967
Burkina Faso,BFA,Norms and Decision-making,0.000,1968
Burkina Faso,BFA,Norms and Decision-making,0.000,1969
Burkina Faso,BFA,Norms and Decision-making,12.593,1970
Burkina Faso,BFA,Norms and Decision-making,12.593,1971
Burkina Faso,BFA,Norms and Decision-making,12.593,1972
Burkina Faso,BFA,Norms and Decision-making,12.593,1973
Burkina Faso,BFA,Norms and Decision-making,12.593,1974
Burkina Faso,BFA,Norms and Decision-making,14.074,1975
Burkina Faso,BFA,Norms and Decision-making,12.593,1976
Burkina Faso,BFA,Norms and Decision-making,12.593,1977
Burkina Faso,BFA,Norms and Decision-making,12.593,1978
Burkina Faso,BFA,Norms and Decision-making,12.593,1979
Burkina Faso,BFA,Norms and Decision-making,12.593,1980
Burkina Faso,BFA,Norms and Decision-making,12.593,1981
Burkina Faso,BFA,Norms and Decision-making,12.593,1982
Burkina Faso,BFA,Norms and Decision-making,12.593,1983
Burkina Faso,BFA,Norms and Decision-making,14.074,1984
Burkina Faso,BFA,Norms and Decision-making,14.074,1985
Burkina Faso,BFA,Norms and Decision-making,12.593,1986
Burkina Faso,BFA,Norms and Decision-making,12.593,1987
Burkina Faso,BFA,Norms and Decision-making,12.593,1988
Burkina Faso,BFA,Norms and Decision-making,12.593,1989
Burkina Faso,BFA,Norms and Decision-making,12.593,1990
Burkina Faso,BFA,Norms and Decision-making,14.074,1991
Burkina Faso,BFA,Norms and Decision-making,12.593,1992
Burkina Faso,BFA,Norms and Decision-making,21.481,1993
Burkina Faso,BFA,Norms and Decision-making,12.593,1994
Burkina Faso,BFA,Norms and Decision-making,12.593,1995
Burkina Faso,BFA,Norms and Decision-making,14.074,1996
Burkina Faso,BFA,Norms and Decision-making,12.593,1997
Burkina Faso,BFA,Norms and Decision-making,12.593,1998
Burkina Faso,BFA,Norms and Decision-making,24.444,1999
Burkina Faso,BFA,Norms and Decision-making,12.593,2000
Burkina Faso,BFA,Norms and Decision-making,12.593,2001
Burkina Faso,BFA,Norms and Decision-making,12.593,2002
Burkina Faso,BFA,Norms and Decision-making,98.519,2003
Burkina Faso,BFA,Norms and Decision-making,12.593,2004
Burkina Faso,BFA,Norms and Decision-making,12.593,2005
Burkina Faso,BFA,Norms and Decision-making,15.556,2006
Burkina Faso,BFA,Norms and Decision-making,12.593,2007
Burkina Faso,BFA,Norms and Decision-making,12.593,2008
Burkina Faso,BFA,Norms and Decision-making,12.593,2009
Burkina Faso,BFA,Norms and Decision-making,76.296,2010
Burkina Faso,BFA,Norms and Decision-making,12.593,2011
Burkina Faso,BFA,Norms and Decision-making,12.593,2012
Burkina Faso,BFA,Norms and Decision-making,12.593,2013
Burkina Faso,BFA,Norms and Decision-making,12.593,2014
Burkina Faso,BFA,Norms and Decision-making,14.074,2015
Burkina Faso,BFA,Norms and Decision-making,12.593,2016
Burkina Faso,BFA,Norms and Decision-making,14.074,2017
Burkina Faso,BFA,Norms and Decision-making,12.593,2018
Burkina Faso,BFA,Norms and Decision-making,12.593,2019
Burkina Faso,BFA,Norms and Decision-making,12.593,2020
Burkina Faso,BFA,Norms and Decision-making,50.370,2021
Burkina Faso,BFA,Norms and Decision-making,12.593,2022
Burkina Faso,BFA,Norms and Decision-making,12.593,2023
Burkina Faso,BFA,Population,86.905,1960
Burkina Faso,BFA,Population,89.286,1961
Burkina Faso,BFA,Population,86.905,1962
Burkina Faso,BFA,Population,86.905,1963
Burkina Faso,BFA,Population,86.905,1964
Burkina Faso,BFA,Population,86.905,1965
Burkina Faso,BFA,Population,86.905,1966
Burkina Faso,BFA,Population,86.905,1967
Burkina Faso,BFA,Population,86.905,1968
Burkina Faso,BFA,Population,86.905,1969
Burkina Faso,BFA,Population,86.905,1970
Burkina Faso,BFA,Population,86.905,1971
Burkina Faso,BFA,Population,86.905,1972
Burkina Faso,BFA,Population,86.905,1973
Burkina Faso,BFA,Population,86.905,1974
Burkina Faso,BFA,Population,89.286,1975
Burkina Faso,BFA,Population,86.905,1976
Burkina Faso,BFA,Population,86.905,1977
Burkina Faso,BFA,Population,86.905,1978
Burkina Faso,BFA,Population,86.905,1979
Burkina Faso,BFA,Population,91.667,1980
Burkina Faso,BFA,Population,86.905,1981
Burkina Faso,BFA,Population,86.905,1982
Burkina Faso,BFA,Population,86.905,1983
Burkina Faso,BFA,Population,89.286,1984
Burkina Faso,BFA,Population,94.048,1985
Burkina Faso,BFA,Population,86.905,1986
Burkina Faso,BFA,Population,86.905,1987
Burkina Faso,BFA,Population,86.905,1988
Burkina Faso,BFA,Population,86.905,1989
Burkina Faso,BFA,Population,92.857,1990
Burkina Faso,BFA,Population,89.286,1991
Burkina Faso,BFA,Population,86.905,1992
Burkina Faso,BFA,Population,90.476,1993
Burkina Faso,BFA,Population,86.905,1994
Burkina Faso,BFA,Population,92.857,1995
Burkina Faso,BFA,Population,89.286,1996
Burkina Faso,BFA,Population,86.905,1997
Burkina Faso,BFA,Population,86.905,1998
Burkina Faso,BFA,Population,90.476,1999
Burkina Faso,BFA,Population,92.857,2000
Burkina Faso,BFA,Population,86.905,2001
Burkina Faso,BFA,Population,86.905,2002
Burkina Faso,BFA,Population,90.476,2003
Burkina Faso,BFA,Population,86.905,2004
Burkina Faso,BFA,Population,92.857,2005
Burkina Faso,BFA,Population,90.476,2006
Burkina Faso,BFA,Population,86.905,2007
Burkina Faso,BFA,Population,86.905,2008
Burkina Faso,BFA,Population,86.905,2009
Burkina Faso,BFA,Population,100.000,2010
Burkina Faso,BFA,Population,86.905,2011
Burkina Faso,BFA,Population,86.905,2012
Burkina Faso,BFA,Population,86.905,2013
Burkina Faso,BFA,Population,88.095,2014
Burkina Faso,BFA,Population,92.857,2015
Burkina Faso,BFA,Population,86.905,2016
Burkina Faso,BFA,Population,89.286,2017
Burkina Faso,BFA,Population,88.095,2018
Burkina Faso,BFA,Population,86.905,2019
Burkina Faso,BFA,Population,88.095,2020
Burkina Faso,BFA,Population,88.095,2021
Burkina Faso,BFA,Population,86.905,2022
Burkina Faso,BFA,Population,77.381,2023
Burkina Faso,BFA,SDGs,2.685,1960
Burkina Faso,BFA,SDGs,2.685,1961
Burkina Faso,BFA,SDGs,2.685,1962
Burkina Faso,BFA,SDGs,2.685,1963
Burkina Faso,BFA,SDGs,2.685,1964
Burkina Faso,BFA,SDGs,2.685,1965
Burkina Faso,BFA,SDGs,2.685,1966
Burkina Faso,BFA,SDGs,2.685,1967
Burkina Faso,BFA,SDGs,2.685,1968
Burkina Faso,BFA,SDGs,2.685,1969
Burkina Faso,BFA,SDGs,11.409,1970
Burkina Faso,BFA,SDGs,11.409,1971
Burkina Faso,BFA,SDGs,11.409,1972
Burkina Faso,BFA,SDGs,11.409,1973
Burkina Faso,BFA,SDGs,11.409,1974
Burkina Faso,BFA,SDGs,11.409,1975
Burkina Faso,BFA,SDGs,11.409,1976
Burkina Faso,BFA,SDGs,11.409,1977
Burkina Faso,BFA,SDGs,11.409,1978
Burkina Faso,BFA,SDGs,11.409,1979
Burkina Faso,BFA,SDGs,11.409,1980
Burkina Faso,BFA,SDGs,11.409,1981
Burkina Faso,BFA,SDGs,11.409,1982
Burkina Faso,BFA,SDGs,11.409,1983
Burkina Faso,BFA,SDGs,11.409,1984
Burkina Faso,BFA,SDGs,14.094,1985
Burkina Faso,BFA,SDGs,12.081,1986
Burkina Faso,BFA,SDGs,12.081,1987
Burkina Faso,BFA,SDGs,12.081,1988
Burkina Faso,BFA,SDGs,12.081,1989
Burkina Faso,BFA,SDGs,16.107,1990
Burkina Faso,BFA,SDGs,20.134,1991
Burkina Faso,BFA,SDGs,20.134,1992
Burkina Faso,BFA,SDGs,22.819,1993
Burkina Faso,BFA,SDGs,20.805,1994
Burkina Faso,BFA,SDGs,20.134,1995
Burkina Faso,BFA,SDGs,20.134,1996
Burkina Faso,BFA,SDGs,20.805,1997
Burkina Faso,BFA,SDGs,22.819,1998
Burkina Faso,BFA,SDGs,28.188,1999
Burkina Faso,BFA,SDGs,65.772,2000
Burkina Faso,BFA,SDGs,33.557,2001
Burkina Faso,BFA,SDGs,33.557,2002
Burkina Faso,BFA,SDGs,40.940,2003
Burkina Faso,BFA,SDGs,33.557,2004
Burkina Faso,BFA,SDGs,36.242,2005
Burkina Faso,BFA,SDGs,34.899,2006
Burkina Faso,BFA,SDGs,35.570,2007
Burkina Faso,BFA,SDGs,33.557,2008
Burkina Faso,BFA,SDGs,33.557,2009
Burkina Faso,BFA,SDGs,74.497,2010
Burkina Faso,BFA,SDGs,35.570,2011
Burkina Faso,BFA,SDGs,33.557,2012
Burkina Faso,BFA,SDGs,33.557,2013
Burkina Faso,BFA,SDGs,40.940,2014
Burkina Faso,BFA,SDGs,67.785,2015
Burkina Faso,BFA,SDGs,33.557,2016
Burkina Faso,BFA,SDGs,35.570,2017
Burkina Faso,BFA,SDGs,40.940,2018
Burkina Faso,BFA,SDGs,73.826,2019
Burkina Faso,BFA,SDGs,27.517,2020
Burkina Faso,BFA,SDGs,30.201,2021
Burkina Faso,BFA,SDGs,26.846,2022
Burkina Faso,BFA,SDGs,18.121,2023
Burkina Faso,BFA,Technology,0.000,1960
Burkina Faso,BFA,Technology,0.000,1961
Burkina Faso,BFA,Technology,0.000,1962
Burkina Faso,BFA,Technology,0.000,1963
Burkina Faso,BFA,Technology,0.000,1964
Burkina Faso,BFA,Technology,0.000,1965
Burkina Faso,BFA,Technology,0.000,1966
Burkina Faso,BFA,Technology,0.000,1967
Burkina Faso,BFA,Technology,0.000,1968
Burkina Faso,BFA,Technology,0.000,1969
Burkina Faso,BFA,Technology,0.000,1970
Burkina Faso,BFA,Technology,0.000,1971
Burkina Faso,BFA,Technology,0.000,1972
Burkina Faso,BFA,Technology,0.000,1973
Burkina Faso,BFA,Technology,0.000,1974
Burkina Faso,BFA,Technology,0.000,1975
Burkina Faso,BFA,Technology,0.000,1976
Burkina Faso,BFA,Technology,0.000,1977
Burkina Faso,BFA,Technology,0.000,1978
Burkina Faso,BFA,Technology,0.000,1979
Burkina Faso,BFA,Technology,0.000,1980
Burkina Faso,BFA,Technology,0.000,1981
Burkina Faso,BFA,Technology,0.000,1982
Burkina Faso,BFA,Technology,0.000,1983
Burkina Faso,BFA,Technology,0.000,1984
Burkina Faso,BFA,Technology,0.000,1985
Burkina Faso,BFA,Technology,0.000,1986
Burkina Faso,BFA,Technology,0.000,1987
Burkina Faso,BFA,Technology,0.000,1988
Burkina Faso,BFA,Technology,0.000,1989
Burkina Faso,BFA,Technology,2.222,1990
Burkina Faso,BFA,Technology,2.222,1991
Burkina Faso,BFA,Technology,2.222,1992
Burkina Faso,BFA,Technology,2.222,1993
Burkina Faso,BFA,Technology,2.222,1994
Burkina Faso,BFA,Technology,2.222,1995
Burkina Faso,BFA,Technology,2.222,1996
Burkina Faso,BFA,Technology,2.222,1997
Burkina Faso,BFA,Technology,2.222,1998
Burkina Faso,BFA,Technology,2.222,1999
Burkina Faso,BFA,Technology,2.222,2000
Burkina Faso,BFA,Technology,2.222,2001
Burkina Faso,BFA,Technology,2.222,2002
Burkina Faso,BFA,Technology,2.222,2003
Burkina Faso,BFA,Technology,2.222,2004
Burkina Faso,BFA,Technology,2.222,2005
Burkina Faso,BFA,Technology,2.222,2006
Burkina Faso,BFA,Technology,2.222,2007
Burkina Faso,BFA,Technology,2.222,2008
Burkina Faso,BFA,Technology,2.222,2009
Burkina Faso,BFA,Technology,2.222,2010
Burkina Faso,BFA,Technology,15.556,2011
Burkina Faso,BFA,Technology,8.889,2012
Burkina Faso,BFA,Technology,4.444,2013
Burkina Faso,BFA,Technology,42.222,2014
Burkina Faso,BFA,Technology,8.889,2015
Burkina Faso,BFA,Technology,8.889,2016
Burkina Faso,BFA,Technology,60.000,2017
Burkina Faso,BFA,Technology,6.667,2018
Burkina Faso,BFA,Technology,6.667,2019
Burkina Faso,BFA,Technology,2.222,2020
Burkina Faso,BFA,Technology,82.222,2021
Burkina Faso,BFA,Technology,2.222,2022
Burkina Faso,BFA,Technology,0.000,2023
Burkina Faso,BFA,Violence,0.000,1960
Burkina Faso,BFA,Violence,0.000,1961
Burkina Faso,BFA,Violence,0.000,1962
Burkina Faso,BFA,Violence,0.000,1963
Burkina Faso,BFA,Violence,0.000,1964
Burkina Faso,BFA,Violence,0.000,1965
Burkina Faso,BFA,Violence,0.000,1966
Burkina Faso,BFA,Violence,0.000,1967
Burkina Faso,BFA,Violence,0.000,1968
Burkina Faso,BFA,Violence,0.000,1969
Burkina Faso,BFA,Violence,2.143,1970
Burkina Faso,BFA,Violence,2.143,1971
Burkina Faso,BFA,Violence,2.143,1972
Burkina Faso,BFA,Violence,2.143,1973
Burkina Faso,BFA,Violence,2.143,1974
Burkina Faso,BFA,Violence,2.143,1975
Burkina Faso,BFA,Violence,2.143,1976
Burkina Faso,BFA,Violence,2.143,1977
Burkina Faso,BFA,Violence,2.143,1978
Burkina Faso,BFA,Violence,2.143,1979
Burkina Faso,BFA,Violence,2.143,1980
Burkina Faso,BFA,Violence,2.143,1981
Burkina Faso,BFA,Violence,2.143,1982
Burkina Faso,BFA,Violence,2.143,1983
Burkina Faso,BFA,Violence,2.143,1984
Burkina Faso,BFA,Violence,2.143,1985
Burkina Faso,BFA,Violence,2.143,1986
Burkina Faso,BFA,Violence,2.143,1987
Burkina Faso,BFA,Violence,2.143,1988
Burkina Faso,BFA,Violence,2.143,1989
Burkina Faso,BFA,Violence,2.143,1990
Burkina Faso,BFA,Violence,2.143,1991
Burkina Faso,BFA,Violence,2.143,1992
Burkina Faso,BFA,Violence,5.714,1993
Burkina Faso,BFA,Violence,2.143,1994
Burkina Faso,BFA,Violence,2.143,1995
Burkina Faso,BFA,Violence,2.143,1996
Burkina Faso,BFA,Violence,2.143,1997
Burkina Faso,BFA,Violence,2.143,1998
Burkina Faso,BFA,Violence,12.143,1999
Burkina Faso,BFA,Violence,4.286,2000
Burkina Faso,BFA,Violence,4.286,2001
Burkina Faso,BFA,Violence,5.000,2002
Burkina Faso,BFA,Violence,67.857,2003
Burkina Faso,BFA,Violence,5.000,2004
Burkina Faso,BFA,Violence,5.000,2005
Burkina Faso,BFA,Violence,5.000,2006
Burkina Faso,BFA,Violence,5.000,2007
Burkina Faso,BFA,Violence,5.000,2008
Burkina Faso,BFA,Violence,5.000,2009
Burkina Faso,BFA,Violence,59.286,2010
Burkina Faso,BFA,Violence,5.000,2011
Burkina Faso,BFA,Violence,5.000,2012
Burkina Faso,BFA,Violence,5.000,2013
Burkina Faso,BFA,Violence,5.000,2014
Burkina Faso,BFA,Violence,6.429,2015
Burkina Faso,BFA,Violence,5.000,2016
Burkina Faso,BFA,Violence,5.000,2017
Burkina Faso,BFA,Violence,7.143,2018
Burkina Faso,BFA,Violence,4.286,2019
Burkina Faso,BFA,Violence,2.143,2020
Burkina Faso,BFA,Violence,47.143,2021
Burkina Faso,BFA,Violence,2.143,2022
Burkina Faso,BFA,Violence,2.143,2023
Burkina Faso,BFA,Youth 15-24,4.587,1960
Burkina Faso,BFA,Youth 15-24,4.587,1961
Burkina Faso,BFA,Youth 15-24,4.587,1962
Burkina Faso,BFA,Youth 15-24,4.587,1963
Burkina Faso,BFA,Youth 15-24,4.587,1964
Burkina Faso,BFA,Youth 15-24,4.587,1965
Burkina Faso,BFA,Youth 15-24,4.587,1966
Burkina Faso,BFA,Youth 15-24,4.587,1967
Burkina Faso,BFA,Youth 15-24,4.587,1968
Burkina Faso,BFA,Youth 15-24,4.587,1969
Burkina Faso,BFA,Youth 15-24,4.587,1970
Burkina Faso,BFA,Youth 15-24,21.101,1971
Burkina Faso,BFA,Youth 15-24,21.101,1972
Burkina Faso,BFA,Youth 15-24,21.101,1973
Burkina Faso,BFA,Youth 15-24,21.101,1974
Burkina Faso,BFA,Youth 15-24,28.440,1975
Burkina Faso,BFA,Youth 15-24,21.101,1976
Burkina Faso,BFA,Youth 15-24,18.349,1977
Burkina Faso,BFA,Youth 15-24,11.927,1978
Burkina Faso,BFA,Youth 15-24,21.101,1979
Burkina Faso,BFA,Youth 15-24,19.266,1980
Burkina Faso,BFA,Youth 15-24,19.266,1981
Burkina Faso,BFA,Youth 15-24,19.266,1982
Burkina Faso,BFA,Youth 15-24,22.018,1983
Burkina Faso,BFA,Youth 15-24,18.349,1984
Burkina Faso,BFA,Youth 15-24,22.018,1985
Burkina Faso,BFA,Youth 15-24,21.101,1986
Burkina Faso,BFA,Youth 15-24,11.927,1987
Burkina Faso,BFA,Youth 15-24,11.927,1988
Burkina Faso,BFA,Youth 15-24,14.679,1989
Burkina Faso,BFA,Youth 15-24,19.266,1990
Burkina Faso,BFA,Youth 15-24,35.780,1991
Burkina Faso,BFA,Youth 15-24,28.440,1992
Burkina Faso,BFA,Youth 15-24,34.862,1993
Burkina Faso,BFA,Youth 15-24,30.275,1994
Burkina Faso,BFA,Youth 15-24,22.018,1995
Burkina Faso,BFA,Youth 15-24,29.358,1996
Burkina Faso,BFA,Youth 15-24,22.018,1997
Burkina Faso,BFA,Youth 15-24,21.101,1998
Burkina Faso,BFA,Youth 15-24,48.624,1999
Burkina Faso,BFA,Youth 15-24,34.862,2000
Burkina Faso,BFA,Youth 15-24,37.615,2001
Burkina Faso,BFA,Youth 15-24,24.771,2002
Burkina Faso,BFA,Youth 15-24,53.211,2003
Burkina Faso,BFA,Youth 15-24,39.450,2004
Burkina Faso,BFA,Youth 15-24,54.128,2005
Burkina Faso,BFA,Youth 15-24,67.890,2006
Burkina Faso,BFA,Youth 15-24,62.385,2007
Burkina Faso,BFA,Youth 15-24,45.872,2008
Burkina Faso,BFA,Youth 15-24,43.119,2009
Burkina Faso,BFA,Youth 15-24,49.541,2010
Burkina Faso,BFA,Youth 15-24,58.716,2011
Burkina Faso,BFA,Youth 15-24,58.716,2012
Burkina Faso,BFA,Youth 15-24,53.211,2013
Burkina Faso,BFA,Youth 15-24,77.982,2014
Burkina Faso,BFA,Youth 15-24,56.881,2015
Burkina Faso,BFA,Youth 15-24,54.128,2016
Burkina Faso,BFA,Youth 15-24,53.211,2017
Burkina Faso,BFA,Youth 15-24,84.404,2018
Burkina Faso,BFA,Youth 15-24,56.881,2019
Burkina Faso,BFA,Youth 15-24,30.275,2020
Burkina Faso,BFA,Youth 15-24,47.706,2021
Burkina Faso,BFA,Youth 15-24,55.046,2022
Burkina Faso,BFA,Youth 15-24,43.119,2023
