Country Name,Country Code,Topic,% of available indicators,Year
Antigua and Barbuda,ATG,Assets,0.000,1960
Antigua and Barbuda,ATG,Assets,0.000,1961
Antigua and Barbuda,ATG,Assets,0.000,1962
Antigua and Barbuda,ATG,Assets,0.000,1963
Antigua and Barbuda,ATG,Assets,0.000,1964
Antigua and Barbuda,ATG,Assets,0.000,1965
Antigua and Barbuda,ATG,Assets,0.000,1966
Antigua and Barbuda,ATG,Assets,0.000,1967
Antigua and Barbuda,ATG,Assets,0.000,1968
Antigua and Barbuda,ATG,Assets,0.000,1969
Antigua and Barbuda,ATG,Assets,2.208,1970
Antigua and Barbuda,ATG,Assets,2.208,1971
Antigua and Barbuda,ATG,Assets,2.208,1972
Antigua and Barbuda,ATG,Assets,2.208,1973
Antigua and Barbuda,ATG,Assets,2.208,1974
Antigua and Barbuda,ATG,Assets,2.208,1975
Antigua and Barbuda,ATG,Assets,2.208,1976
Antigua and Barbuda,ATG,Assets,2.208,1977
Antigua and Barbuda,ATG,Assets,2.208,1978
Antigua and Barbuda,ATG,Assets,2.208,1979
Antigua and Barbuda,ATG,Assets,2.208,1980
Antigua and Barbuda,ATG,Assets,2.208,1981
Antigua and Barbuda,ATG,Assets,2.208,1982
Antigua and Barbuda,ATG,Assets,2.208,1983
Antigua and Barbuda,ATG,Assets,2.208,1984
Antigua and Barbuda,ATG,Assets,2.208,1985
Antigua and Barbuda,ATG,Assets,2.208,1986
Antigua and Barbuda,ATG,Assets,2.208,1987
Antigua and Barbuda,ATG,Assets,2.208,1988
Antigua and Barbuda,ATG,Assets,2.208,1989
Antigua and Barbuda,ATG,Assets,2.208,1990
Antigua and Barbuda,ATG,Assets,2.208,1991
Antigua and Barbuda,ATG,Assets,2.208,1992
Antigua and Barbuda,ATG,Assets,2.208,1993
Antigua and Barbuda,ATG,Assets,2.208,1994
Antigua and Barbuda,ATG,Assets,2.208,1995
Antigua and Barbuda,ATG,Assets,2.208,1996
Antigua and Barbuda,ATG,Assets,2.208,1997
Antigua and Barbuda,ATG,Assets,2.208,1998
Antigua and Barbuda,ATG,Assets,2.208,1999
Antigua and Barbuda,ATG,Assets,2.208,2000
Antigua and Barbuda,ATG,Assets,2.208,2001
Antigua and Barbuda,ATG,Assets,2.208,2002
Antigua and Barbuda,ATG,Assets,2.208,2003
Antigua and Barbuda,ATG,Assets,2.208,2004
Antigua and Barbuda,ATG,Assets,2.208,2005
Antigua and Barbuda,ATG,Assets,2.208,2006
Antigua and Barbuda,ATG,Assets,2.208,2007
Antigua and Barbuda,ATG,Assets,2.208,2008
Antigua and Barbuda,ATG,Assets,2.208,2009
Antigua and Barbuda,ATG,Assets,2.208,2010
Antigua and Barbuda,ATG,Assets,2.208,2011
Antigua and Barbuda,ATG,Assets,2.208,2012
Antigua and Barbuda,ATG,Assets,2.208,2013
Antigua and Barbuda,ATG,Assets,2.208,2014
Antigua and Barbuda,ATG,Assets,2.208,2015
Antigua and Barbuda,ATG,Assets,2.208,2016
Antigua and Barbuda,ATG,Assets,2.208,2017
Antigua and Barbuda,ATG,Assets,2.208,2018
Antigua and Barbuda,ATG,Assets,2.208,2019
Antigua and Barbuda,ATG,Assets,2.208,2020
Antigua and Barbuda,ATG,Assets,2.208,2021
Antigua and Barbuda,ATG,Assets,2.208,2022
Antigua and Barbuda,ATG,Assets,2.208,2023
Antigua and Barbuda,ATG,Children 0-14,19.231,1960
Antigua and Barbuda,ATG,Children 0-14,19.231,1961
Antigua and Barbuda,ATG,Children 0-14,19.231,1962
Antigua and Barbuda,ATG,Children 0-14,19.231,1963
Antigua and Barbuda,ATG,Children 0-14,19.231,1964
Antigua and Barbuda,ATG,Children 0-14,19.231,1965
Antigua and Barbuda,ATG,Children 0-14,19.231,1966
Antigua and Barbuda,ATG,Children 0-14,19.231,1967
Antigua and Barbuda,ATG,Children 0-14,19.231,1968
Antigua and Barbuda,ATG,Children 0-14,19.231,1969
Antigua and Barbuda,ATG,Children 0-14,19.231,1970
Antigua and Barbuda,ATG,Children 0-14,23.077,1971
Antigua and Barbuda,ATG,Children 0-14,20.000,1972
Antigua and Barbuda,ATG,Children 0-14,19.231,1973
Antigua and Barbuda,ATG,Children 0-14,23.077,1974
Antigua and Barbuda,ATG,Children 0-14,28.462,1975
Antigua and Barbuda,ATG,Children 0-14,28.462,1976
Antigua and Barbuda,ATG,Children 0-14,25.385,1977
Antigua and Barbuda,ATG,Children 0-14,25.385,1978
Antigua and Barbuda,ATG,Children 0-14,25.385,1979
Antigua and Barbuda,ATG,Children 0-14,20.000,1980
Antigua and Barbuda,ATG,Children 0-14,20.000,1981
Antigua and Barbuda,ATG,Children 0-14,20.000,1982
Antigua and Barbuda,ATG,Children 0-14,20.769,1983
Antigua and Barbuda,ATG,Children 0-14,26.923,1984
Antigua and Barbuda,ATG,Children 0-14,20.769,1985
Antigua and Barbuda,ATG,Children 0-14,20.769,1986
Antigua and Barbuda,ATG,Children 0-14,20.769,1987
Antigua and Barbuda,ATG,Children 0-14,20.769,1988
Antigua and Barbuda,ATG,Children 0-14,20.769,1989
Antigua and Barbuda,ATG,Children 0-14,20.769,1990
Antigua and Barbuda,ATG,Children 0-14,20.769,1991
Antigua and Barbuda,ATG,Children 0-14,30.000,1992
Antigua and Barbuda,ATG,Children 0-14,20.769,1993
Antigua and Barbuda,ATG,Children 0-14,20.769,1994
Antigua and Barbuda,ATG,Children 0-14,21.538,1995
Antigua and Barbuda,ATG,Children 0-14,20.769,1996
Antigua and Barbuda,ATG,Children 0-14,20.769,1997
Antigua and Barbuda,ATG,Children 0-14,20.769,1998
Antigua and Barbuda,ATG,Children 0-14,20.769,1999
Antigua and Barbuda,ATG,Children 0-14,40.769,2000
Antigua and Barbuda,ATG,Children 0-14,20.769,2001
Antigua and Barbuda,ATG,Children 0-14,20.769,2002
Antigua and Barbuda,ATG,Children 0-14,20.769,2003
Antigua and Barbuda,ATG,Children 0-14,20.769,2004
Antigua and Barbuda,ATG,Children 0-14,20.769,2005
Antigua and Barbuda,ATG,Children 0-14,20.769,2006
Antigua and Barbuda,ATG,Children 0-14,34.615,2007
Antigua and Barbuda,ATG,Children 0-14,40.769,2008
Antigua and Barbuda,ATG,Children 0-14,40.000,2009
Antigua and Barbuda,ATG,Children 0-14,57.692,2010
Antigua and Barbuda,ATG,Children 0-14,40.769,2011
Antigua and Barbuda,ATG,Children 0-14,43.846,2012
Antigua and Barbuda,ATG,Children 0-14,33.846,2013
Antigua and Barbuda,ATG,Children 0-14,49.231,2014
Antigua and Barbuda,ATG,Children 0-14,55.385,2015
Antigua and Barbuda,ATG,Children 0-14,31.538,2016
Antigua and Barbuda,ATG,Children 0-14,46.154,2017
Antigua and Barbuda,ATG,Children 0-14,45.385,2018
Antigua and Barbuda,ATG,Children 0-14,43.846,2019
Antigua and Barbuda,ATG,Children 0-14,23.077,2020
Antigua and Barbuda,ATG,Children 0-14,25.385,2021
Antigua and Barbuda,ATG,Children 0-14,20.769,2022
Antigua and Barbuda,ATG,Children 0-14,9.231,2023
Antigua and Barbuda,ATG,Education,0.000,1960
Antigua and Barbuda,ATG,Education,0.000,1961
Antigua and Barbuda,ATG,Education,0.000,1962
Antigua and Barbuda,ATG,Education,0.000,1963
Antigua and Barbuda,ATG,Education,0.000,1964
Antigua and Barbuda,ATG,Education,0.000,1965
Antigua and Barbuda,ATG,Education,0.000,1966
Antigua and Barbuda,ATG,Education,0.000,1967
Antigua and Barbuda,ATG,Education,0.000,1968
Antigua and Barbuda,ATG,Education,0.000,1969
Antigua and Barbuda,ATG,Education,0.000,1970
Antigua and Barbuda,ATG,Education,3.067,1971
Antigua and Barbuda,ATG,Education,7.975,1972
Antigua and Barbuda,ATG,Education,1.840,1973
Antigua and Barbuda,ATG,Education,11.043,1974
Antigua and Barbuda,ATG,Education,15.337,1975
Antigua and Barbuda,ATG,Education,10.429,1976
Antigua and Barbuda,ATG,Education,12.883,1977
Antigua and Barbuda,ATG,Education,12.883,1978
Antigua and Barbuda,ATG,Education,5.521,1979
Antigua and Barbuda,ATG,Education,0.000,1980
Antigua and Barbuda,ATG,Education,0.000,1981
Antigua and Barbuda,ATG,Education,0.000,1982
Antigua and Barbuda,ATG,Education,0.000,1983
Antigua and Barbuda,ATG,Education,4.908,1984
Antigua and Barbuda,ATG,Education,0.000,1985
Antigua and Barbuda,ATG,Education,0.000,1986
Antigua and Barbuda,ATG,Education,0.000,1987
Antigua and Barbuda,ATG,Education,0.000,1988
Antigua and Barbuda,ATG,Education,0.000,1989
Antigua and Barbuda,ATG,Education,0.000,1990
Antigua and Barbuda,ATG,Education,0.000,1991
Antigua and Barbuda,ATG,Education,13.497,1992
Antigua and Barbuda,ATG,Education,0.000,1993
Antigua and Barbuda,ATG,Education,0.000,1994
Antigua and Barbuda,ATG,Education,0.613,1995
Antigua and Barbuda,ATG,Education,0.000,1996
Antigua and Barbuda,ATG,Education,0.000,1997
Antigua and Barbuda,ATG,Education,0.000,1998
Antigua and Barbuda,ATG,Education,0.613,1999
Antigua and Barbuda,ATG,Education,19.018,2000
Antigua and Barbuda,ATG,Education,1.840,2001
Antigua and Barbuda,ATG,Education,0.613,2002
Antigua and Barbuda,ATG,Education,0.000,2003
Antigua and Barbuda,ATG,Education,0.000,2004
Antigua and Barbuda,ATG,Education,0.000,2005
Antigua and Barbuda,ATG,Education,0.000,2006
Antigua and Barbuda,ATG,Education,17.178,2007
Antigua and Barbuda,ATG,Education,25.767,2008
Antigua and Barbuda,ATG,Education,44.785,2009
Antigua and Barbuda,ATG,Education,41.104,2010
Antigua and Barbuda,ATG,Education,41.718,2011
Antigua and Barbuda,ATG,Education,42.945,2012
Antigua and Barbuda,ATG,Education,11.043,2013
Antigua and Barbuda,ATG,Education,36.196,2014
Antigua and Barbuda,ATG,Education,30.061,2015
Antigua and Barbuda,ATG,Education,9.202,2016
Antigua and Barbuda,ATG,Education,35.583,2017
Antigua and Barbuda,ATG,Education,42.331,2018
Antigua and Barbuda,ATG,Education,9.202,2019
Antigua and Barbuda,ATG,Education,11.656,2020
Antigua and Barbuda,ATG,Education,7.975,2021
Antigua and Barbuda,ATG,Education,0.613,2022
Antigua and Barbuda,ATG,Education,0.000,2023
Antigua and Barbuda,ATG,Employment and Time Use,2.920,1960
Antigua and Barbuda,ATG,Employment and Time Use,0.000,1961
Antigua and Barbuda,ATG,Employment and Time Use,0.000,1962
Antigua and Barbuda,ATG,Employment and Time Use,0.000,1963
Antigua and Barbuda,ATG,Employment and Time Use,0.000,1964
Antigua and Barbuda,ATG,Employment and Time Use,0.000,1965
Antigua and Barbuda,ATG,Employment and Time Use,0.000,1966
Antigua and Barbuda,ATG,Employment and Time Use,0.000,1967
Antigua and Barbuda,ATG,Employment and Time Use,0.000,1968
Antigua and Barbuda,ATG,Employment and Time Use,0.000,1969
Antigua and Barbuda,ATG,Employment and Time Use,26.277,1970
Antigua and Barbuda,ATG,Employment and Time Use,21.168,1971
Antigua and Barbuda,ATG,Employment and Time Use,21.168,1972
Antigua and Barbuda,ATG,Employment and Time Use,23.358,1973
Antigua and Barbuda,ATG,Employment and Time Use,23.358,1974
Antigua and Barbuda,ATG,Employment and Time Use,23.358,1975
Antigua and Barbuda,ATG,Employment and Time Use,23.358,1976
Antigua and Barbuda,ATG,Employment and Time Use,21.168,1977
Antigua and Barbuda,ATG,Employment and Time Use,21.168,1978
Antigua and Barbuda,ATG,Employment and Time Use,21.168,1979
Antigua and Barbuda,ATG,Employment and Time Use,21.168,1980
Antigua and Barbuda,ATG,Employment and Time Use,21.168,1981
Antigua and Barbuda,ATG,Employment and Time Use,21.168,1982
Antigua and Barbuda,ATG,Employment and Time Use,21.168,1983
Antigua and Barbuda,ATG,Employment and Time Use,21.168,1984
Antigua and Barbuda,ATG,Employment and Time Use,21.168,1985
Antigua and Barbuda,ATG,Employment and Time Use,21.168,1986
Antigua and Barbuda,ATG,Employment and Time Use,21.168,1987
Antigua and Barbuda,ATG,Employment and Time Use,21.168,1988
Antigua and Barbuda,ATG,Employment and Time Use,21.168,1989
Antigua and Barbuda,ATG,Employment and Time Use,21.168,1990
Antigua and Barbuda,ATG,Employment and Time Use,27.007,1991
Antigua and Barbuda,ATG,Employment and Time Use,21.168,1992
Antigua and Barbuda,ATG,Employment and Time Use,21.168,1993
Antigua and Barbuda,ATG,Employment and Time Use,21.168,1994
Antigua and Barbuda,ATG,Employment and Time Use,21.168,1995
Antigua and Barbuda,ATG,Employment and Time Use,21.168,1996
Antigua and Barbuda,ATG,Employment and Time Use,21.168,1997
Antigua and Barbuda,ATG,Employment and Time Use,21.168,1998
Antigua and Barbuda,ATG,Employment and Time Use,21.168,1999
Antigua and Barbuda,ATG,Employment and Time Use,21.168,2000
Antigua and Barbuda,ATG,Employment and Time Use,33.577,2001
Antigua and Barbuda,ATG,Employment and Time Use,21.168,2002
Antigua and Barbuda,ATG,Employment and Time Use,21.168,2003
Antigua and Barbuda,ATG,Employment and Time Use,21.168,2004
Antigua and Barbuda,ATG,Employment and Time Use,21.168,2005
Antigua and Barbuda,ATG,Employment and Time Use,21.168,2006
Antigua and Barbuda,ATG,Employment and Time Use,21.168,2007
Antigua and Barbuda,ATG,Employment and Time Use,21.168,2008
Antigua and Barbuda,ATG,Employment and Time Use,21.168,2009
Antigua and Barbuda,ATG,Employment and Time Use,21.168,2010
Antigua and Barbuda,ATG,Employment and Time Use,21.168,2011
Antigua and Barbuda,ATG,Employment and Time Use,21.168,2012
Antigua and Barbuda,ATG,Employment and Time Use,21.168,2013
Antigua and Barbuda,ATG,Employment and Time Use,21.168,2014
Antigua and Barbuda,ATG,Employment and Time Use,21.168,2015
Antigua and Barbuda,ATG,Employment and Time Use,21.168,2016
Antigua and Barbuda,ATG,Employment and Time Use,21.168,2017
Antigua and Barbuda,ATG,Employment and Time Use,54.015,2018
Antigua and Barbuda,ATG,Employment and Time Use,21.168,2019
Antigua and Barbuda,ATG,Employment and Time Use,21.168,2020
Antigua and Barbuda,ATG,Employment and Time Use,21.168,2021
Antigua and Barbuda,ATG,Employment and Time Use,21.168,2022
Antigua and Barbuda,ATG,Employment and Time Use,22.628,2023
Antigua and Barbuda,ATG,Entrepreneurship,0.000,1960
Antigua and Barbuda,ATG,Entrepreneurship,0.000,1961
Antigua and Barbuda,ATG,Entrepreneurship,0.000,1962
Antigua and Barbuda,ATG,Entrepreneurship,0.000,1963
Antigua and Barbuda,ATG,Entrepreneurship,0.000,1964
Antigua and Barbuda,ATG,Entrepreneurship,0.000,1965
Antigua and Barbuda,ATG,Entrepreneurship,0.000,1966
Antigua and Barbuda,ATG,Entrepreneurship,0.000,1967
Antigua and Barbuda,ATG,Entrepreneurship,0.000,1968
Antigua and Barbuda,ATG,Entrepreneurship,0.000,1969
Antigua and Barbuda,ATG,Entrepreneurship,9.375,1970
Antigua and Barbuda,ATG,Entrepreneurship,9.375,1971
Antigua and Barbuda,ATG,Entrepreneurship,9.375,1972
Antigua and Barbuda,ATG,Entrepreneurship,9.375,1973
Antigua and Barbuda,ATG,Entrepreneurship,9.375,1974
Antigua and Barbuda,ATG,Entrepreneurship,9.375,1975
Antigua and Barbuda,ATG,Entrepreneurship,9.375,1976
Antigua and Barbuda,ATG,Entrepreneurship,9.375,1977
Antigua and Barbuda,ATG,Entrepreneurship,9.375,1978
Antigua and Barbuda,ATG,Entrepreneurship,9.375,1979
Antigua and Barbuda,ATG,Entrepreneurship,9.375,1980
Antigua and Barbuda,ATG,Entrepreneurship,9.375,1981
Antigua and Barbuda,ATG,Entrepreneurship,9.375,1982
Antigua and Barbuda,ATG,Entrepreneurship,9.375,1983
Antigua and Barbuda,ATG,Entrepreneurship,9.375,1984
Antigua and Barbuda,ATG,Entrepreneurship,9.375,1985
Antigua and Barbuda,ATG,Entrepreneurship,9.375,1986
Antigua and Barbuda,ATG,Entrepreneurship,9.375,1987
Antigua and Barbuda,ATG,Entrepreneurship,9.375,1988
Antigua and Barbuda,ATG,Entrepreneurship,9.375,1989
Antigua and Barbuda,ATG,Entrepreneurship,9.375,1990
Antigua and Barbuda,ATG,Entrepreneurship,9.375,1991
Antigua and Barbuda,ATG,Entrepreneurship,9.375,1992
Antigua and Barbuda,ATG,Entrepreneurship,9.375,1993
Antigua and Barbuda,ATG,Entrepreneurship,9.375,1994
Antigua and Barbuda,ATG,Entrepreneurship,9.375,1995
Antigua and Barbuda,ATG,Entrepreneurship,9.375,1996
Antigua and Barbuda,ATG,Entrepreneurship,9.375,1997
Antigua and Barbuda,ATG,Entrepreneurship,9.375,1998
Antigua and Barbuda,ATG,Entrepreneurship,9.375,1999
Antigua and Barbuda,ATG,Entrepreneurship,9.375,2000
Antigua and Barbuda,ATG,Entrepreneurship,9.375,2001
Antigua and Barbuda,ATG,Entrepreneurship,9.375,2002
Antigua and Barbuda,ATG,Entrepreneurship,9.375,2003
Antigua and Barbuda,ATG,Entrepreneurship,9.375,2004
Antigua and Barbuda,ATG,Entrepreneurship,37.500,2005
Antigua and Barbuda,ATG,Entrepreneurship,37.500,2006
Antigua and Barbuda,ATG,Entrepreneurship,37.500,2007
Antigua and Barbuda,ATG,Entrepreneurship,37.500,2008
Antigua and Barbuda,ATG,Entrepreneurship,37.500,2009
Antigua and Barbuda,ATG,Entrepreneurship,43.750,2010
Antigua and Barbuda,ATG,Entrepreneurship,37.500,2011
Antigua and Barbuda,ATG,Entrepreneurship,37.500,2012
Antigua and Barbuda,ATG,Entrepreneurship,37.500,2013
Antigua and Barbuda,ATG,Entrepreneurship,37.500,2014
Antigua and Barbuda,ATG,Entrepreneurship,37.500,2015
Antigua and Barbuda,ATG,Entrepreneurship,37.500,2016
Antigua and Barbuda,ATG,Entrepreneurship,37.500,2017
Antigua and Barbuda,ATG,Entrepreneurship,37.500,2018
Antigua and Barbuda,ATG,Entrepreneurship,37.500,2019
Antigua and Barbuda,ATG,Entrepreneurship,9.375,2020
Antigua and Barbuda,ATG,Entrepreneurship,9.375,2021
Antigua and Barbuda,ATG,Entrepreneurship,9.375,2022
Antigua and Barbuda,ATG,Entrepreneurship,9.375,2023
Antigua and Barbuda,ATG,Environment,0.000,1960
Antigua and Barbuda,ATG,Environment,0.000,1961
Antigua and Barbuda,ATG,Environment,0.000,1962
Antigua and Barbuda,ATG,Environment,0.000,1963
Antigua and Barbuda,ATG,Environment,0.000,1964
Antigua and Barbuda,ATG,Environment,0.000,1965
Antigua and Barbuda,ATG,Environment,0.000,1966
Antigua and Barbuda,ATG,Environment,0.000,1967
Antigua and Barbuda,ATG,Environment,0.000,1968
Antigua and Barbuda,ATG,Environment,0.000,1969
Antigua and Barbuda,ATG,Environment,0.000,1970
Antigua and Barbuda,ATG,Environment,0.000,1971
Antigua and Barbuda,ATG,Environment,0.000,1972
Antigua and Barbuda,ATG,Environment,0.000,1973
Antigua and Barbuda,ATG,Environment,0.000,1974
Antigua and Barbuda,ATG,Environment,0.000,1975
Antigua and Barbuda,ATG,Environment,0.000,1976
Antigua and Barbuda,ATG,Environment,0.000,1977
Antigua and Barbuda,ATG,Environment,0.000,1978
Antigua and Barbuda,ATG,Environment,0.000,1979
Antigua and Barbuda,ATG,Environment,0.000,1980
Antigua and Barbuda,ATG,Environment,0.000,1981
Antigua and Barbuda,ATG,Environment,0.000,1982
Antigua and Barbuda,ATG,Environment,0.000,1983
Antigua and Barbuda,ATG,Environment,0.000,1984
Antigua and Barbuda,ATG,Environment,0.000,1985
Antigua and Barbuda,ATG,Environment,0.000,1986
Antigua and Barbuda,ATG,Environment,0.000,1987
Antigua and Barbuda,ATG,Environment,0.000,1988
Antigua and Barbuda,ATG,Environment,0.000,1989
Antigua and Barbuda,ATG,Environment,0.000,1990
Antigua and Barbuda,ATG,Environment,0.000,1991
Antigua and Barbuda,ATG,Environment,0.000,1992
Antigua and Barbuda,ATG,Environment,0.000,1993
Antigua and Barbuda,ATG,Environment,0.000,1994
Antigua and Barbuda,ATG,Environment,0.000,1995
Antigua and Barbuda,ATG,Environment,0.000,1996
Antigua and Barbuda,ATG,Environment,0.000,1997
Antigua and Barbuda,ATG,Environment,0.000,1998
Antigua and Barbuda,ATG,Environment,0.000,1999
Antigua and Barbuda,ATG,Environment,0.000,2000
Antigua and Barbuda,ATG,Environment,0.000,2001
Antigua and Barbuda,ATG,Environment,0.000,2002
Antigua and Barbuda,ATG,Environment,0.000,2003
Antigua and Barbuda,ATG,Environment,0.000,2004
Antigua and Barbuda,ATG,Environment,0.000,2005
Antigua and Barbuda,ATG,Environment,0.000,2006
Antigua and Barbuda,ATG,Environment,0.000,2007
Antigua and Barbuda,ATG,Environment,0.000,2008
Antigua and Barbuda,ATG,Environment,10.000,2009
Antigua and Barbuda,ATG,Environment,10.000,2010
Antigua and Barbuda,ATG,Environment,10.000,2011
Antigua and Barbuda,ATG,Environment,10.000,2012
Antigua and Barbuda,ATG,Environment,10.000,2013
Antigua and Barbuda,ATG,Environment,10.000,2014
Antigua and Barbuda,ATG,Environment,10.000,2015
Antigua and Barbuda,ATG,Environment,10.000,2016
Antigua and Barbuda,ATG,Environment,10.000,2017
Antigua and Barbuda,ATG,Environment,10.000,2018
Antigua and Barbuda,ATG,Environment,30.000,2019
Antigua and Barbuda,ATG,Environment,10.000,2020
Antigua and Barbuda,ATG,Environment,10.000,2021
Antigua and Barbuda,ATG,Environment,10.000,2022
Antigua and Barbuda,ATG,Environment,0.000,2023
Antigua and Barbuda,ATG,Health,8.586,1960
Antigua and Barbuda,ATG,Health,8.586,1961
Antigua and Barbuda,ATG,Health,8.586,1962
Antigua and Barbuda,ATG,Health,8.586,1963
Antigua and Barbuda,ATG,Health,8.586,1964
Antigua and Barbuda,ATG,Health,8.586,1965
Antigua and Barbuda,ATG,Health,8.586,1966
Antigua and Barbuda,ATG,Health,8.586,1967
Antigua and Barbuda,ATG,Health,8.586,1968
Antigua and Barbuda,ATG,Health,8.586,1969
Antigua and Barbuda,ATG,Health,8.586,1970
Antigua and Barbuda,ATG,Health,8.586,1971
Antigua and Barbuda,ATG,Health,8.586,1972
Antigua and Barbuda,ATG,Health,8.586,1973
Antigua and Barbuda,ATG,Health,8.586,1974
Antigua and Barbuda,ATG,Health,11.111,1975
Antigua and Barbuda,ATG,Health,11.111,1976
Antigua and Barbuda,ATG,Health,11.111,1977
Antigua and Barbuda,ATG,Health,11.111,1978
Antigua and Barbuda,ATG,Health,11.111,1979
Antigua and Barbuda,ATG,Health,11.616,1980
Antigua and Barbuda,ATG,Health,12.626,1981
Antigua and Barbuda,ATG,Health,11.616,1982
Antigua and Barbuda,ATG,Health,12.121,1983
Antigua and Barbuda,ATG,Health,12.121,1984
Antigua and Barbuda,ATG,Health,12.121,1985
Antigua and Barbuda,ATG,Health,12.121,1986
Antigua and Barbuda,ATG,Health,12.121,1987
Antigua and Barbuda,ATG,Health,12.626,1988
Antigua and Barbuda,ATG,Health,12.121,1989
Antigua and Barbuda,ATG,Health,12.121,1990
Antigua and Barbuda,ATG,Health,12.121,1991
Antigua and Barbuda,ATG,Health,12.121,1992
Antigua and Barbuda,ATG,Health,12.121,1993
Antigua and Barbuda,ATG,Health,12.121,1994
Antigua and Barbuda,ATG,Health,12.626,1995
Antigua and Barbuda,ATG,Health,12.626,1996
Antigua and Barbuda,ATG,Health,12.121,1997
Antigua and Barbuda,ATG,Health,13.131,1998
Antigua and Barbuda,ATG,Health,12.121,1999
Antigua and Barbuda,ATG,Health,47.980,2000
Antigua and Barbuda,ATG,Health,24.747,2001
Antigua and Barbuda,ATG,Health,25.253,2002
Antigua and Barbuda,ATG,Health,24.747,2003
Antigua and Barbuda,ATG,Health,25.253,2004
Antigua and Barbuda,ATG,Health,25.253,2005
Antigua and Barbuda,ATG,Health,24.747,2006
Antigua and Barbuda,ATG,Health,25.253,2007
Antigua and Barbuda,ATG,Health,25.253,2008
Antigua and Barbuda,ATG,Health,26.263,2009
Antigua and Barbuda,ATG,Health,53.535,2010
Antigua and Barbuda,ATG,Health,25.758,2011
Antigua and Barbuda,ATG,Health,26.768,2012
Antigua and Barbuda,ATG,Health,26.768,2013
Antigua and Barbuda,ATG,Health,26.768,2014
Antigua and Barbuda,ATG,Health,49.495,2015
Antigua and Barbuda,ATG,Health,26.263,2016
Antigua and Barbuda,ATG,Health,24.242,2017
Antigua and Barbuda,ATG,Health,26.768,2018
Antigua and Barbuda,ATG,Health,48.990,2019
Antigua and Barbuda,ATG,Health,19.192,2020
Antigua and Barbuda,ATG,Health,12.626,2021
Antigua and Barbuda,ATG,Health,11.616,2022
Antigua and Barbuda,ATG,Health,1.010,2023
Antigua and Barbuda,ATG,Leadership,0.000,1960
Antigua and Barbuda,ATG,Leadership,0.000,1961
Antigua and Barbuda,ATG,Leadership,0.000,1962
Antigua and Barbuda,ATG,Leadership,0.000,1963
Antigua and Barbuda,ATG,Leadership,0.000,1964
Antigua and Barbuda,ATG,Leadership,0.000,1965
Antigua and Barbuda,ATG,Leadership,0.000,1966
Antigua and Barbuda,ATG,Leadership,0.000,1967
Antigua and Barbuda,ATG,Leadership,0.000,1968
Antigua and Barbuda,ATG,Leadership,0.000,1969
Antigua and Barbuda,ATG,Leadership,0.000,1970
Antigua and Barbuda,ATG,Leadership,0.000,1971
Antigua and Barbuda,ATG,Leadership,0.000,1972
Antigua and Barbuda,ATG,Leadership,0.000,1973
Antigua and Barbuda,ATG,Leadership,0.000,1974
Antigua and Barbuda,ATG,Leadership,0.000,1975
Antigua and Barbuda,ATG,Leadership,0.000,1976
Antigua and Barbuda,ATG,Leadership,0.000,1977
Antigua and Barbuda,ATG,Leadership,0.000,1978
Antigua and Barbuda,ATG,Leadership,0.000,1979
Antigua and Barbuda,ATG,Leadership,0.000,1980
Antigua and Barbuda,ATG,Leadership,0.000,1981
Antigua and Barbuda,ATG,Leadership,0.000,1982
Antigua and Barbuda,ATG,Leadership,0.000,1983
Antigua and Barbuda,ATG,Leadership,0.000,1984
Antigua and Barbuda,ATG,Leadership,0.000,1985
Antigua and Barbuda,ATG,Leadership,0.000,1986
Antigua and Barbuda,ATG,Leadership,0.000,1987
Antigua and Barbuda,ATG,Leadership,0.000,1988
Antigua and Barbuda,ATG,Leadership,0.000,1989
Antigua and Barbuda,ATG,Leadership,0.000,1990
Antigua and Barbuda,ATG,Leadership,0.000,1991
Antigua and Barbuda,ATG,Leadership,0.000,1992
Antigua and Barbuda,ATG,Leadership,0.000,1993
Antigua and Barbuda,ATG,Leadership,0.000,1994
Antigua and Barbuda,ATG,Leadership,0.000,1995
Antigua and Barbuda,ATG,Leadership,0.000,1996
Antigua and Barbuda,ATG,Leadership,25.000,1997
Antigua and Barbuda,ATG,Leadership,25.000,1998
Antigua and Barbuda,ATG,Leadership,0.000,1999
Antigua and Barbuda,ATG,Leadership,25.000,2000
Antigua and Barbuda,ATG,Leadership,25.000,2001
Antigua and Barbuda,ATG,Leadership,25.000,2002
Antigua and Barbuda,ATG,Leadership,25.000,2003
Antigua and Barbuda,ATG,Leadership,25.000,2004
Antigua and Barbuda,ATG,Leadership,50.000,2005
Antigua and Barbuda,ATG,Leadership,25.000,2006
Antigua and Barbuda,ATG,Leadership,25.000,2007
Antigua and Barbuda,ATG,Leadership,50.000,2008
Antigua and Barbuda,ATG,Leadership,25.000,2009
Antigua and Barbuda,ATG,Leadership,75.000,2010
Antigua and Barbuda,ATG,Leadership,25.000,2011
Antigua and Barbuda,ATG,Leadership,50.000,2012
Antigua and Barbuda,ATG,Leadership,25.000,2013
Antigua and Barbuda,ATG,Leadership,50.000,2014
Antigua and Barbuda,ATG,Leadership,50.000,2015
Antigua and Barbuda,ATG,Leadership,50.000,2016
Antigua and Barbuda,ATG,Leadership,25.000,2017
Antigua and Barbuda,ATG,Leadership,50.000,2018
Antigua and Barbuda,ATG,Leadership,50.000,2019
Antigua and Barbuda,ATG,Leadership,50.000,2020
Antigua and Barbuda,ATG,Leadership,25.000,2021
Antigua and Barbuda,ATG,Leadership,50.000,2022
Antigua and Barbuda,ATG,Leadership,25.000,2023
Antigua and Barbuda,ATG,Norms and Decision-making,0.000,1960
Antigua and Barbuda,ATG,Norms and Decision-making,0.000,1961
Antigua and Barbuda,ATG,Norms and Decision-making,0.000,1962
Antigua and Barbuda,ATG,Norms and Decision-making,0.000,1963
Antigua and Barbuda,ATG,Norms and Decision-making,0.000,1964
Antigua and Barbuda,ATG,Norms and Decision-making,0.000,1965
Antigua and Barbuda,ATG,Norms and Decision-making,0.000,1966
Antigua and Barbuda,ATG,Norms and Decision-making,0.000,1967
Antigua and Barbuda,ATG,Norms and Decision-making,0.000,1968
Antigua and Barbuda,ATG,Norms and Decision-making,0.000,1969
Antigua and Barbuda,ATG,Norms and Decision-making,12.593,1970
Antigua and Barbuda,ATG,Norms and Decision-making,12.593,1971
Antigua and Barbuda,ATG,Norms and Decision-making,12.593,1972
Antigua and Barbuda,ATG,Norms and Decision-making,12.593,1973
Antigua and Barbuda,ATG,Norms and Decision-making,12.593,1974
Antigua and Barbuda,ATG,Norms and Decision-making,12.593,1975
Antigua and Barbuda,ATG,Norms and Decision-making,12.593,1976
Antigua and Barbuda,ATG,Norms and Decision-making,12.593,1977
Antigua and Barbuda,ATG,Norms and Decision-making,12.593,1978
Antigua and Barbuda,ATG,Norms and Decision-making,12.593,1979
Antigua and Barbuda,ATG,Norms and Decision-making,12.593,1980
Antigua and Barbuda,ATG,Norms and Decision-making,12.593,1981
Antigua and Barbuda,ATG,Norms and Decision-making,12.593,1982
Antigua and Barbuda,ATG,Norms and Decision-making,12.593,1983
Antigua and Barbuda,ATG,Norms and Decision-making,12.593,1984
Antigua and Barbuda,ATG,Norms and Decision-making,12.593,1985
Antigua and Barbuda,ATG,Norms and Decision-making,12.593,1986
Antigua and Barbuda,ATG,Norms and Decision-making,12.593,1987
Antigua and Barbuda,ATG,Norms and Decision-making,12.593,1988
Antigua and Barbuda,ATG,Norms and Decision-making,12.593,1989
Antigua and Barbuda,ATG,Norms and Decision-making,12.593,1990
Antigua and Barbuda,ATG,Norms and Decision-making,14.074,1991
Antigua and Barbuda,ATG,Norms and Decision-making,12.593,1992
Antigua and Barbuda,ATG,Norms and Decision-making,12.593,1993
Antigua and Barbuda,ATG,Norms and Decision-making,12.593,1994
Antigua and Barbuda,ATG,Norms and Decision-making,12.593,1995
Antigua and Barbuda,ATG,Norms and Decision-making,12.593,1996
Antigua and Barbuda,ATG,Norms and Decision-making,12.593,1997
Antigua and Barbuda,ATG,Norms and Decision-making,12.593,1998
Antigua and Barbuda,ATG,Norms and Decision-making,12.593,1999
Antigua and Barbuda,ATG,Norms and Decision-making,12.593,2000
Antigua and Barbuda,ATG,Norms and Decision-making,14.074,2001
Antigua and Barbuda,ATG,Norms and Decision-making,12.593,2002
Antigua and Barbuda,ATG,Norms and Decision-making,12.593,2003
Antigua and Barbuda,ATG,Norms and Decision-making,12.593,2004
Antigua and Barbuda,ATG,Norms and Decision-making,12.593,2005
Antigua and Barbuda,ATG,Norms and Decision-making,12.593,2006
Antigua and Barbuda,ATG,Norms and Decision-making,12.593,2007
Antigua and Barbuda,ATG,Norms and Decision-making,12.593,2008
Antigua and Barbuda,ATG,Norms and Decision-making,12.593,2009
Antigua and Barbuda,ATG,Norms and Decision-making,14.074,2010
Antigua and Barbuda,ATG,Norms and Decision-making,12.593,2011
Antigua and Barbuda,ATG,Norms and Decision-making,12.593,2012
Antigua and Barbuda,ATG,Norms and Decision-making,12.593,2013
Antigua and Barbuda,ATG,Norms and Decision-making,12.593,2014
Antigua and Barbuda,ATG,Norms and Decision-making,12.593,2015
Antigua and Barbuda,ATG,Norms and Decision-making,12.593,2016
Antigua and Barbuda,ATG,Norms and Decision-making,12.593,2017
Antigua and Barbuda,ATG,Norms and Decision-making,12.593,2018
Antigua and Barbuda,ATG,Norms and Decision-making,12.593,2019
Antigua and Barbuda,ATG,Norms and Decision-making,12.593,2020
Antigua and Barbuda,ATG,Norms and Decision-making,12.593,2021
Antigua and Barbuda,ATG,Norms and Decision-making,12.593,2022
Antigua and Barbuda,ATG,Norms and Decision-making,12.593,2023
Antigua and Barbuda,ATG,Population,86.905,1960
Antigua and Barbuda,ATG,Population,86.905,1961
Antigua and Barbuda,ATG,Population,86.905,1962
Antigua and Barbuda,ATG,Population,86.905,1963
Antigua and Barbuda,ATG,Population,86.905,1964
Antigua and Barbuda,ATG,Population,86.905,1965
Antigua and Barbuda,ATG,Population,86.905,1966
Antigua and Barbuda,ATG,Population,86.905,1967
Antigua and Barbuda,ATG,Population,86.905,1968
Antigua and Barbuda,ATG,Population,86.905,1969
Antigua and Barbuda,ATG,Population,86.905,1970
Antigua and Barbuda,ATG,Population,86.905,1971
Antigua and Barbuda,ATG,Population,86.905,1972
Antigua and Barbuda,ATG,Population,86.905,1973
Antigua and Barbuda,ATG,Population,86.905,1974
Antigua and Barbuda,ATG,Population,86.905,1975
Antigua and Barbuda,ATG,Population,86.905,1976
Antigua and Barbuda,ATG,Population,86.905,1977
Antigua and Barbuda,ATG,Population,86.905,1978
Antigua and Barbuda,ATG,Population,86.905,1979
Antigua and Barbuda,ATG,Population,91.667,1980
Antigua and Barbuda,ATG,Population,86.905,1981
Antigua and Barbuda,ATG,Population,86.905,1982
Antigua and Barbuda,ATG,Population,86.905,1983
Antigua and Barbuda,ATG,Population,86.905,1984
Antigua and Barbuda,ATG,Population,91.667,1985
Antigua and Barbuda,ATG,Population,86.905,1986
Antigua and Barbuda,ATG,Population,86.905,1987
Antigua and Barbuda,ATG,Population,86.905,1988
Antigua and Barbuda,ATG,Population,86.905,1989
Antigua and Barbuda,ATG,Population,92.857,1990
Antigua and Barbuda,ATG,Population,89.286,1991
Antigua and Barbuda,ATG,Population,86.905,1992
Antigua and Barbuda,ATG,Population,86.905,1993
Antigua and Barbuda,ATG,Population,86.905,1994
Antigua and Barbuda,ATG,Population,92.857,1995
Antigua and Barbuda,ATG,Population,86.905,1996
Antigua and Barbuda,ATG,Population,86.905,1997
Antigua and Barbuda,ATG,Population,86.905,1998
Antigua and Barbuda,ATG,Population,86.905,1999
Antigua and Barbuda,ATG,Population,92.857,2000
Antigua and Barbuda,ATG,Population,89.286,2001
Antigua and Barbuda,ATG,Population,86.905,2002
Antigua and Barbuda,ATG,Population,86.905,2003
Antigua and Barbuda,ATG,Population,86.905,2004
Antigua and Barbuda,ATG,Population,92.857,2005
Antigua and Barbuda,ATG,Population,86.905,2006
Antigua and Barbuda,ATG,Population,86.905,2007
Antigua and Barbuda,ATG,Population,86.905,2008
Antigua and Barbuda,ATG,Population,86.905,2009
Antigua and Barbuda,ATG,Population,92.857,2010
Antigua and Barbuda,ATG,Population,86.905,2011
Antigua and Barbuda,ATG,Population,86.905,2012
Antigua and Barbuda,ATG,Population,86.905,2013
Antigua and Barbuda,ATG,Population,86.905,2014
Antigua and Barbuda,ATG,Population,92.857,2015
Antigua and Barbuda,ATG,Population,86.905,2016
Antigua and Barbuda,ATG,Population,86.905,2017
Antigua and Barbuda,ATG,Population,86.905,2018
Antigua and Barbuda,ATG,Population,86.905,2019
Antigua and Barbuda,ATG,Population,88.095,2020
Antigua and Barbuda,ATG,Population,86.905,2021
Antigua and Barbuda,ATG,Population,86.905,2022
Antigua and Barbuda,ATG,Population,77.381,2023
Antigua and Barbuda,ATG,SDGs,2.685,1960
Antigua and Barbuda,ATG,SDGs,2.685,1961
Antigua and Barbuda,ATG,SDGs,2.685,1962
Antigua and Barbuda,ATG,SDGs,2.685,1963
Antigua and Barbuda,ATG,SDGs,2.685,1964
Antigua and Barbuda,ATG,SDGs,2.685,1965
Antigua and Barbuda,ATG,SDGs,2.685,1966
Antigua and Barbuda,ATG,SDGs,2.685,1967
Antigua and Barbuda,ATG,SDGs,2.685,1968
Antigua and Barbuda,ATG,SDGs,2.685,1969
Antigua and Barbuda,ATG,SDGs,11.409,1970
Antigua and Barbuda,ATG,SDGs,11.409,1971
Antigua and Barbuda,ATG,SDGs,11.409,1972
Antigua and Barbuda,ATG,SDGs,13.423,1973
Antigua and Barbuda,ATG,SDGs,13.423,1974
Antigua and Barbuda,ATG,SDGs,13.423,1975
Antigua and Barbuda,ATG,SDGs,13.423,1976
Antigua and Barbuda,ATG,SDGs,11.409,1977
Antigua and Barbuda,ATG,SDGs,11.409,1978
Antigua and Barbuda,ATG,SDGs,11.409,1979
Antigua and Barbuda,ATG,SDGs,12.081,1980
Antigua and Barbuda,ATG,SDGs,12.081,1981
Antigua and Barbuda,ATG,SDGs,12.081,1982
Antigua and Barbuda,ATG,SDGs,12.081,1983
Antigua and Barbuda,ATG,SDGs,12.081,1984
Antigua and Barbuda,ATG,SDGs,12.081,1985
Antigua and Barbuda,ATG,SDGs,12.081,1986
Antigua and Barbuda,ATG,SDGs,12.081,1987
Antigua and Barbuda,ATG,SDGs,12.081,1988
Antigua and Barbuda,ATG,SDGs,12.081,1989
Antigua and Barbuda,ATG,SDGs,12.081,1990
Antigua and Barbuda,ATG,SDGs,12.752,1991
Antigua and Barbuda,ATG,SDGs,12.081,1992
Antigua and Barbuda,ATG,SDGs,12.081,1993
Antigua and Barbuda,ATG,SDGs,12.081,1994
Antigua and Barbuda,ATG,SDGs,12.752,1995
Antigua and Barbuda,ATG,SDGs,12.752,1996
Antigua and Barbuda,ATG,SDGs,12.752,1997
Antigua and Barbuda,ATG,SDGs,13.423,1998
Antigua and Barbuda,ATG,SDGs,12.081,1999
Antigua and Barbuda,ATG,SDGs,54.362,2000
Antigua and Barbuda,ATG,SDGs,28.188,2001
Antigua and Barbuda,ATG,SDGs,24.161,2002
Antigua and Barbuda,ATG,SDGs,24.161,2003
Antigua and Barbuda,ATG,SDGs,24.161,2004
Antigua and Barbuda,ATG,SDGs,24.161,2005
Antigua and Barbuda,ATG,SDGs,24.161,2006
Antigua and Barbuda,ATG,SDGs,24.161,2007
Antigua and Barbuda,ATG,SDGs,24.161,2008
Antigua and Barbuda,ATG,SDGs,26.174,2009
Antigua and Barbuda,ATG,SDGs,56.376,2010
Antigua and Barbuda,ATG,SDGs,25.503,2011
Antigua and Barbuda,ATG,SDGs,26.174,2012
Antigua and Barbuda,ATG,SDGs,26.174,2013
Antigua and Barbuda,ATG,SDGs,26.174,2014
Antigua and Barbuda,ATG,SDGs,56.376,2015
Antigua and Barbuda,ATG,SDGs,25.503,2016
Antigua and Barbuda,ATG,SDGs,26.174,2017
Antigua and Barbuda,ATG,SDGs,29.530,2018
Antigua and Barbuda,ATG,SDGs,59.732,2019
Antigua and Barbuda,ATG,SDGs,18.121,2020
Antigua and Barbuda,ATG,SDGs,14.765,2021
Antigua and Barbuda,ATG,SDGs,14.765,2022
Antigua and Barbuda,ATG,SDGs,10.067,2023
Antigua and Barbuda,ATG,Technology,0.000,1960
Antigua and Barbuda,ATG,Technology,0.000,1961
Antigua and Barbuda,ATG,Technology,0.000,1962
Antigua and Barbuda,ATG,Technology,0.000,1963
Antigua and Barbuda,ATG,Technology,0.000,1964
Antigua and Barbuda,ATG,Technology,0.000,1965
Antigua and Barbuda,ATG,Technology,0.000,1966
Antigua and Barbuda,ATG,Technology,0.000,1967
Antigua and Barbuda,ATG,Technology,0.000,1968
Antigua and Barbuda,ATG,Technology,0.000,1969
Antigua and Barbuda,ATG,Technology,0.000,1970
Antigua and Barbuda,ATG,Technology,0.000,1971
Antigua and Barbuda,ATG,Technology,0.000,1972
Antigua and Barbuda,ATG,Technology,0.000,1973
Antigua and Barbuda,ATG,Technology,0.000,1974
Antigua and Barbuda,ATG,Technology,0.000,1975
Antigua and Barbuda,ATG,Technology,0.000,1976
Antigua and Barbuda,ATG,Technology,0.000,1977
Antigua and Barbuda,ATG,Technology,0.000,1978
Antigua and Barbuda,ATG,Technology,0.000,1979
Antigua and Barbuda,ATG,Technology,0.000,1980
Antigua and Barbuda,ATG,Technology,0.000,1981
Antigua and Barbuda,ATG,Technology,0.000,1982
Antigua and Barbuda,ATG,Technology,0.000,1983
Antigua and Barbuda,ATG,Technology,0.000,1984
Antigua and Barbuda,ATG,Technology,0.000,1985
Antigua and Barbuda,ATG,Technology,0.000,1986
Antigua and Barbuda,ATG,Technology,0.000,1987
Antigua and Barbuda,ATG,Technology,0.000,1988
Antigua and Barbuda,ATG,Technology,0.000,1989
Antigua and Barbuda,ATG,Technology,2.222,1990
Antigua and Barbuda,ATG,Technology,2.222,1991
Antigua and Barbuda,ATG,Technology,2.222,1992
Antigua and Barbuda,ATG,Technology,2.222,1993
Antigua and Barbuda,ATG,Technology,2.222,1994
Antigua and Barbuda,ATG,Technology,2.222,1995
Antigua and Barbuda,ATG,Technology,2.222,1996
Antigua and Barbuda,ATG,Technology,2.222,1997
Antigua and Barbuda,ATG,Technology,2.222,1998
Antigua and Barbuda,ATG,Technology,2.222,1999
Antigua and Barbuda,ATG,Technology,2.222,2000
Antigua and Barbuda,ATG,Technology,2.222,2001
Antigua and Barbuda,ATG,Technology,2.222,2002
Antigua and Barbuda,ATG,Technology,2.222,2003
Antigua and Barbuda,ATG,Technology,2.222,2004
Antigua and Barbuda,ATG,Technology,2.222,2005
Antigua and Barbuda,ATG,Technology,2.222,2006
Antigua and Barbuda,ATG,Technology,2.222,2007
Antigua and Barbuda,ATG,Technology,2.222,2008
Antigua and Barbuda,ATG,Technology,8.889,2009
Antigua and Barbuda,ATG,Technology,8.889,2010
Antigua and Barbuda,ATG,Technology,8.889,2011
Antigua and Barbuda,ATG,Technology,8.889,2012
Antigua and Barbuda,ATG,Technology,2.222,2013
Antigua and Barbuda,ATG,Technology,2.222,2014
Antigua and Barbuda,ATG,Technology,2.222,2015
Antigua and Barbuda,ATG,Technology,2.222,2016
Antigua and Barbuda,ATG,Technology,2.222,2017
Antigua and Barbuda,ATG,Technology,2.222,2018
Antigua and Barbuda,ATG,Technology,2.222,2019
Antigua and Barbuda,ATG,Technology,2.222,2020
Antigua and Barbuda,ATG,Technology,2.222,2021
Antigua and Barbuda,ATG,Technology,2.222,2022
Antigua and Barbuda,ATG,Technology,0.000,2023
Antigua and Barbuda,ATG,Violence,0.000,1960
Antigua and Barbuda,ATG,Violence,0.000,1961
Antigua and Barbuda,ATG,Violence,0.000,1962
Antigua and Barbuda,ATG,Violence,0.000,1963
Antigua and Barbuda,ATG,Violence,0.000,1964
Antigua and Barbuda,ATG,Violence,0.000,1965
Antigua and Barbuda,ATG,Violence,0.000,1966
Antigua and Barbuda,ATG,Violence,0.000,1967
Antigua and Barbuda,ATG,Violence,0.000,1968
Antigua and Barbuda,ATG,Violence,0.000,1969
Antigua and Barbuda,ATG,Violence,2.143,1970
Antigua and Barbuda,ATG,Violence,2.143,1971
Antigua and Barbuda,ATG,Violence,2.143,1972
Antigua and Barbuda,ATG,Violence,2.143,1973
Antigua and Barbuda,ATG,Violence,2.143,1974
Antigua and Barbuda,ATG,Violence,2.143,1975
Antigua and Barbuda,ATG,Violence,2.143,1976
Antigua and Barbuda,ATG,Violence,2.143,1977
Antigua and Barbuda,ATG,Violence,2.143,1978
Antigua and Barbuda,ATG,Violence,2.143,1979
Antigua and Barbuda,ATG,Violence,2.143,1980
Antigua and Barbuda,ATG,Violence,2.143,1981
Antigua and Barbuda,ATG,Violence,2.143,1982
Antigua and Barbuda,ATG,Violence,2.143,1983
Antigua and Barbuda,ATG,Violence,2.143,1984
Antigua and Barbuda,ATG,Violence,2.143,1985
Antigua and Barbuda,ATG,Violence,2.143,1986
Antigua and Barbuda,ATG,Violence,2.143,1987
Antigua and Barbuda,ATG,Violence,2.143,1988
Antigua and Barbuda,ATG,Violence,2.143,1989
Antigua and Barbuda,ATG,Violence,4.286,1990
Antigua and Barbuda,ATG,Violence,4.286,1991
Antigua and Barbuda,ATG,Violence,4.286,1992
Antigua and Barbuda,ATG,Violence,4.286,1993
Antigua and Barbuda,ATG,Violence,4.286,1994
Antigua and Barbuda,ATG,Violence,4.286,1995
Antigua and Barbuda,ATG,Violence,4.286,1996
Antigua and Barbuda,ATG,Violence,4.286,1997
Antigua and Barbuda,ATG,Violence,2.143,1998
Antigua and Barbuda,ATG,Violence,2.143,1999
Antigua and Barbuda,ATG,Violence,5.000,2000
Antigua and Barbuda,ATG,Violence,6.429,2001
Antigua and Barbuda,ATG,Violence,6.429,2002
Antigua and Barbuda,ATG,Violence,5.000,2003
Antigua and Barbuda,ATG,Violence,5.000,2004
Antigua and Barbuda,ATG,Violence,5.000,2005
Antigua and Barbuda,ATG,Violence,5.000,2006
Antigua and Barbuda,ATG,Violence,5.000,2007
Antigua and Barbuda,ATG,Violence,6.429,2008
Antigua and Barbuda,ATG,Violence,5.000,2009
Antigua and Barbuda,ATG,Violence,5.000,2010
Antigua and Barbuda,ATG,Violence,4.286,2011
Antigua and Barbuda,ATG,Violence,5.000,2012
Antigua and Barbuda,ATG,Violence,4.286,2013
Antigua and Barbuda,ATG,Violence,4.286,2014
Antigua and Barbuda,ATG,Violence,5.714,2015
Antigua and Barbuda,ATG,Violence,5.714,2016
Antigua and Barbuda,ATG,Violence,6.429,2017
Antigua and Barbuda,ATG,Violence,6.429,2018
Antigua and Barbuda,ATG,Violence,6.429,2019
Antigua and Barbuda,ATG,Violence,4.286,2020
Antigua and Barbuda,ATG,Violence,4.286,2021
Antigua and Barbuda,ATG,Violence,2.143,2022
Antigua and Barbuda,ATG,Violence,2.143,2023
Antigua and Barbuda,ATG,Youth 15-24,4.587,1960
Antigua and Barbuda,ATG,Youth 15-24,4.587,1961
Antigua and Barbuda,ATG,Youth 15-24,4.587,1962
Antigua and Barbuda,ATG,Youth 15-24,4.587,1963
Antigua and Barbuda,ATG,Youth 15-24,4.587,1964
Antigua and Barbuda,ATG,Youth 15-24,4.587,1965
Antigua and Barbuda,ATG,Youth 15-24,4.587,1966
Antigua and Barbuda,ATG,Youth 15-24,4.587,1967
Antigua and Barbuda,ATG,Youth 15-24,4.587,1968
Antigua and Barbuda,ATG,Youth 15-24,4.587,1969
Antigua and Barbuda,ATG,Youth 15-24,7.339,1970
Antigua and Barbuda,ATG,Youth 15-24,4.587,1971
Antigua and Barbuda,ATG,Youth 15-24,13.761,1972
Antigua and Barbuda,ATG,Youth 15-24,7.339,1973
Antigua and Barbuda,ATG,Youth 15-24,14.679,1974
Antigua and Barbuda,ATG,Youth 15-24,14.679,1975
Antigua and Barbuda,ATG,Youth 15-24,7.339,1976
Antigua and Barbuda,ATG,Youth 15-24,14.679,1977
Antigua and Barbuda,ATG,Youth 15-24,14.679,1978
Antigua and Barbuda,ATG,Youth 15-24,4.587,1979
Antigua and Barbuda,ATG,Youth 15-24,4.587,1980
Antigua and Barbuda,ATG,Youth 15-24,4.587,1981
Antigua and Barbuda,ATG,Youth 15-24,4.587,1982
Antigua and Barbuda,ATG,Youth 15-24,4.587,1983
Antigua and Barbuda,ATG,Youth 15-24,4.587,1984
Antigua and Barbuda,ATG,Youth 15-24,4.587,1985
Antigua and Barbuda,ATG,Youth 15-24,4.587,1986
Antigua and Barbuda,ATG,Youth 15-24,4.587,1987
Antigua and Barbuda,ATG,Youth 15-24,4.587,1988
Antigua and Barbuda,ATG,Youth 15-24,4.587,1989
Antigua and Barbuda,ATG,Youth 15-24,4.587,1990
Antigua and Barbuda,ATG,Youth 15-24,4.587,1991
Antigua and Barbuda,ATG,Youth 15-24,13.761,1992
Antigua and Barbuda,ATG,Youth 15-24,4.587,1993
Antigua and Barbuda,ATG,Youth 15-24,4.587,1994
Antigua and Barbuda,ATG,Youth 15-24,4.587,1995
Antigua and Barbuda,ATG,Youth 15-24,4.587,1996
Antigua and Barbuda,ATG,Youth 15-24,4.587,1997
Antigua and Barbuda,ATG,Youth 15-24,4.587,1998
Antigua and Barbuda,ATG,Youth 15-24,4.587,1999
Antigua and Barbuda,ATG,Youth 15-24,23.853,2000
Antigua and Barbuda,ATG,Youth 15-24,11.009,2001
Antigua and Barbuda,ATG,Youth 15-24,4.587,2002
Antigua and Barbuda,ATG,Youth 15-24,4.587,2003
Antigua and Barbuda,ATG,Youth 15-24,4.587,2004
Antigua and Barbuda,ATG,Youth 15-24,4.587,2005
Antigua and Barbuda,ATG,Youth 15-24,4.587,2006
Antigua and Barbuda,ATG,Youth 15-24,10.092,2007
Antigua and Barbuda,ATG,Youth 15-24,18.349,2008
Antigua and Barbuda,ATG,Youth 15-24,40.367,2009
Antigua and Barbuda,ATG,Youth 15-24,35.780,2010
Antigua and Barbuda,ATG,Youth 15-24,36.697,2011
Antigua and Barbuda,ATG,Youth 15-24,34.862,2012
Antigua and Barbuda,ATG,Youth 15-24,4.587,2013
Antigua and Barbuda,ATG,Youth 15-24,22.018,2014
Antigua and Barbuda,ATG,Youth 15-24,22.018,2015
Antigua and Barbuda,ATG,Youth 15-24,4.587,2016
Antigua and Barbuda,ATG,Youth 15-24,24.771,2017
Antigua and Barbuda,ATG,Youth 15-24,31.193,2018
Antigua and Barbuda,ATG,Youth 15-24,4.587,2019
Antigua and Barbuda,ATG,Youth 15-24,4.587,2020
Antigua and Barbuda,ATG,Youth 15-24,10.092,2021
Antigua and Barbuda,ATG,Youth 15-24,4.587,2022
Antigua and Barbuda,ATG,Youth 15-24,3.670,2023
