Country Name,Country Code,Topic,% of available indicators,Year
Indonesia,IDN,Assets,0.000,1960
Indonesia,IDN,Assets,0.000,1961
Indonesia,IDN,Assets,0.000,1962
Indonesia,IDN,Assets,0.000,1963
Indonesia,IDN,Assets,0.000,1964
Indonesia,IDN,Assets,0.000,1965
Indonesia,IDN,Assets,0.000,1966
Indonesia,IDN,Assets,0.000,1967
Indonesia,IDN,Assets,0.000,1968
Indonesia,IDN,Assets,0.000,1969
Indonesia,IDN,Assets,2.208,1970
Indonesia,IDN,Assets,2.208,1971
Indonesia,IDN,Assets,2.208,1972
Indonesia,IDN,Assets,2.208,1973
Indonesia,IDN,Assets,2.208,1974
Indonesia,IDN,Assets,2.208,1975
Indonesia,IDN,Assets,2.208,1976
Indonesia,IDN,Assets,2.208,1977
Indonesia,IDN,Assets,2.208,1978
Indonesia,IDN,Assets,2.208,1979
Indonesia,IDN,Assets,2.208,1980
Indonesia,IDN,Assets,2.208,1981
Indonesia,IDN,Assets,2.208,1982
Indonesia,IDN,Assets,2.208,1983
Indonesia,IDN,Assets,2.208,1984
Indonesia,IDN,Assets,2.208,1985
Indonesia,IDN,Assets,2.208,1986
Indonesia,IDN,Assets,2.208,1987
Indonesia,IDN,Assets,2.208,1988
Indonesia,IDN,Assets,2.208,1989
Indonesia,IDN,Assets,2.208,1990
Indonesia,IDN,Assets,2.208,1991
Indonesia,IDN,Assets,2.208,1992
Indonesia,IDN,Assets,2.208,1993
Indonesia,IDN,Assets,2.208,1994
Indonesia,IDN,Assets,2.208,1995
Indonesia,IDN,Assets,2.208,1996
Indonesia,IDN,Assets,2.208,1997
Indonesia,IDN,Assets,2.208,1998
Indonesia,IDN,Assets,2.208,1999
Indonesia,IDN,Assets,2.208,2000
Indonesia,IDN,Assets,2.208,2001
Indonesia,IDN,Assets,2.208,2002
Indonesia,IDN,Assets,2.208,2003
Indonesia,IDN,Assets,2.208,2004
Indonesia,IDN,Assets,2.208,2005
Indonesia,IDN,Assets,2.208,2006
Indonesia,IDN,Assets,2.208,2007
Indonesia,IDN,Assets,2.208,2008
Indonesia,IDN,Assets,2.208,2009
Indonesia,IDN,Assets,2.208,2010
Indonesia,IDN,Assets,11.672,2011
Indonesia,IDN,Assets,32.492,2012
Indonesia,IDN,Assets,2.208,2013
Indonesia,IDN,Assets,31.546,2014
Indonesia,IDN,Assets,2.208,2015
Indonesia,IDN,Assets,2.208,2016
Indonesia,IDN,Assets,49.211,2017
Indonesia,IDN,Assets,2.208,2018
Indonesia,IDN,Assets,2.208,2019
Indonesia,IDN,Assets,2.208,2020
Indonesia,IDN,Assets,63.091,2021
Indonesia,IDN,Assets,2.208,2022
Indonesia,IDN,Assets,2.208,2023
Indonesia,IDN,Children 0-14,19.231,1960
Indonesia,IDN,Children 0-14,19.231,1961
Indonesia,IDN,Children 0-14,19.231,1962
Indonesia,IDN,Children 0-14,19.231,1963
Indonesia,IDN,Children 0-14,19.231,1964
Indonesia,IDN,Children 0-14,19.231,1965
Indonesia,IDN,Children 0-14,19.231,1966
Indonesia,IDN,Children 0-14,19.231,1967
Indonesia,IDN,Children 0-14,19.231,1968
Indonesia,IDN,Children 0-14,19.231,1969
Indonesia,IDN,Children 0-14,23.846,1970
Indonesia,IDN,Children 0-14,38.462,1971
Indonesia,IDN,Children 0-14,34.615,1972
Indonesia,IDN,Children 0-14,26.923,1973
Indonesia,IDN,Children 0-14,34.615,1974
Indonesia,IDN,Children 0-14,34.615,1975
Indonesia,IDN,Children 0-14,33.077,1976
Indonesia,IDN,Children 0-14,30.000,1977
Indonesia,IDN,Children 0-14,33.077,1978
Indonesia,IDN,Children 0-14,21.538,1979
Indonesia,IDN,Children 0-14,24.615,1980
Indonesia,IDN,Children 0-14,33.846,1981
Indonesia,IDN,Children 0-14,29.231,1982
Indonesia,IDN,Children 0-14,30.000,1983
Indonesia,IDN,Children 0-14,30.769,1984
Indonesia,IDN,Children 0-14,30.769,1985
Indonesia,IDN,Children 0-14,30.769,1986
Indonesia,IDN,Children 0-14,33.846,1987
Indonesia,IDN,Children 0-14,30.769,1988
Indonesia,IDN,Children 0-14,36.923,1989
Indonesia,IDN,Children 0-14,36.923,1990
Indonesia,IDN,Children 0-14,36.154,1991
Indonesia,IDN,Children 0-14,36.923,1992
Indonesia,IDN,Children 0-14,34.615,1993
Indonesia,IDN,Children 0-14,37.692,1994
Indonesia,IDN,Children 0-14,41.538,1995
Indonesia,IDN,Children 0-14,42.308,1996
Indonesia,IDN,Children 0-14,37.692,1997
Indonesia,IDN,Children 0-14,27.692,1998
Indonesia,IDN,Children 0-14,30.000,1999
Indonesia,IDN,Children 0-14,55.385,2000
Indonesia,IDN,Children 0-14,53.077,2001
Indonesia,IDN,Children 0-14,46.923,2002
Indonesia,IDN,Children 0-14,46.154,2003
Indonesia,IDN,Children 0-14,55.385,2004
Indonesia,IDN,Children 0-14,42.308,2005
Indonesia,IDN,Children 0-14,50.769,2006
Indonesia,IDN,Children 0-14,49.231,2007
Indonesia,IDN,Children 0-14,56.923,2008
Indonesia,IDN,Children 0-14,46.154,2009
Indonesia,IDN,Children 0-14,78.462,2010
Indonesia,IDN,Children 0-14,47.692,2011
Indonesia,IDN,Children 0-14,47.692,2012
Indonesia,IDN,Children 0-14,59.231,2013
Indonesia,IDN,Children 0-14,46.923,2014
Indonesia,IDN,Children 0-14,53.846,2015
Indonesia,IDN,Children 0-14,51.538,2016
Indonesia,IDN,Children 0-14,59.231,2017
Indonesia,IDN,Children 0-14,64.615,2018
Indonesia,IDN,Children 0-14,47.692,2019
Indonesia,IDN,Children 0-14,38.462,2020
Indonesia,IDN,Children 0-14,34.615,2021
Indonesia,IDN,Children 0-14,33.846,2022
Indonesia,IDN,Children 0-14,22.308,2023
Indonesia,IDN,Education,0.000,1960
Indonesia,IDN,Education,0.000,1961
Indonesia,IDN,Education,0.000,1962
Indonesia,IDN,Education,0.000,1963
Indonesia,IDN,Education,0.000,1964
Indonesia,IDN,Education,0.000,1965
Indonesia,IDN,Education,0.000,1966
Indonesia,IDN,Education,0.000,1967
Indonesia,IDN,Education,0.000,1968
Indonesia,IDN,Education,0.000,1969
Indonesia,IDN,Education,15.337,1970
Indonesia,IDN,Education,23.926,1971
Indonesia,IDN,Education,26.380,1972
Indonesia,IDN,Education,16.564,1973
Indonesia,IDN,Education,22.699,1974
Indonesia,IDN,Education,22.086,1975
Indonesia,IDN,Education,25.153,1976
Indonesia,IDN,Education,19.018,1977
Indonesia,IDN,Education,21.472,1978
Indonesia,IDN,Education,2.454,1979
Indonesia,IDN,Education,15.337,1980
Indonesia,IDN,Education,19.018,1981
Indonesia,IDN,Education,18.405,1982
Indonesia,IDN,Education,20.245,1983
Indonesia,IDN,Education,20.245,1984
Indonesia,IDN,Education,11.656,1985
Indonesia,IDN,Education,11.043,1986
Indonesia,IDN,Education,14.110,1987
Indonesia,IDN,Education,17.178,1988
Indonesia,IDN,Education,20.859,1989
Indonesia,IDN,Education,30.675,1990
Indonesia,IDN,Education,19.632,1991
Indonesia,IDN,Education,20.245,1992
Indonesia,IDN,Education,23.926,1993
Indonesia,IDN,Education,23.926,1994
Indonesia,IDN,Education,31.288,1995
Indonesia,IDN,Education,29.448,1996
Indonesia,IDN,Education,17.791,1997
Indonesia,IDN,Education,9.202,1998
Indonesia,IDN,Education,22.699,1999
Indonesia,IDN,Education,23.313,2000
Indonesia,IDN,Education,41.104,2001
Indonesia,IDN,Education,42.945,2002
Indonesia,IDN,Education,41.718,2003
Indonesia,IDN,Education,49.693,2004
Indonesia,IDN,Education,34.969,2005
Indonesia,IDN,Education,56.442,2006
Indonesia,IDN,Education,49.080,2007
Indonesia,IDN,Education,55.828,2008
Indonesia,IDN,Education,52.147,2009
Indonesia,IDN,Education,59.509,2010
Indonesia,IDN,Education,60.736,2011
Indonesia,IDN,Education,55.215,2012
Indonesia,IDN,Education,53.988,2013
Indonesia,IDN,Education,67.485,2014
Indonesia,IDN,Education,60.736,2015
Indonesia,IDN,Education,69.325,2016
Indonesia,IDN,Education,76.074,2017
Indonesia,IDN,Education,77.914,2018
Indonesia,IDN,Education,31.902,2019
Indonesia,IDN,Education,45.399,2020
Indonesia,IDN,Education,31.902,2021
Indonesia,IDN,Education,33.742,2022
Indonesia,IDN,Education,32.515,2023
Indonesia,IDN,Employment and Time Use,0.000,1960
Indonesia,IDN,Employment and Time Use,5.109,1961
Indonesia,IDN,Employment and Time Use,0.000,1962
Indonesia,IDN,Employment and Time Use,0.000,1963
Indonesia,IDN,Employment and Time Use,0.000,1964
Indonesia,IDN,Employment and Time Use,0.000,1965
Indonesia,IDN,Employment and Time Use,0.000,1966
Indonesia,IDN,Employment and Time Use,0.000,1967
Indonesia,IDN,Employment and Time Use,0.000,1968
Indonesia,IDN,Employment and Time Use,0.000,1969
Indonesia,IDN,Employment and Time Use,21.168,1970
Indonesia,IDN,Employment and Time Use,26.277,1971
Indonesia,IDN,Employment and Time Use,21.168,1972
Indonesia,IDN,Employment and Time Use,21.168,1973
Indonesia,IDN,Employment and Time Use,21.168,1974
Indonesia,IDN,Employment and Time Use,21.168,1975
Indonesia,IDN,Employment and Time Use,28.467,1976
Indonesia,IDN,Employment and Time Use,28.467,1977
Indonesia,IDN,Employment and Time Use,28.467,1978
Indonesia,IDN,Employment and Time Use,21.168,1979
Indonesia,IDN,Employment and Time Use,28.467,1980
Indonesia,IDN,Employment and Time Use,21.168,1981
Indonesia,IDN,Employment and Time Use,28.467,1982
Indonesia,IDN,Employment and Time Use,21.168,1983
Indonesia,IDN,Employment and Time Use,21.168,1984
Indonesia,IDN,Employment and Time Use,23.358,1985
Indonesia,IDN,Employment and Time Use,28.467,1986
Indonesia,IDN,Employment and Time Use,23.358,1987
Indonesia,IDN,Employment and Time Use,28.467,1988
Indonesia,IDN,Employment and Time Use,23.358,1989
Indonesia,IDN,Employment and Time Use,61.314,1990
Indonesia,IDN,Employment and Time Use,86.131,1991
Indonesia,IDN,Employment and Time Use,86.131,1992
Indonesia,IDN,Employment and Time Use,86.131,1993
Indonesia,IDN,Employment and Time Use,86.131,1994
Indonesia,IDN,Employment and Time Use,56.934,1995
Indonesia,IDN,Employment and Time Use,88.321,1996
Indonesia,IDN,Employment and Time Use,88.321,1997
Indonesia,IDN,Employment and Time Use,88.321,1998
Indonesia,IDN,Employment and Time Use,88.321,1999
Indonesia,IDN,Employment and Time Use,90.511,2000
Indonesia,IDN,Employment and Time Use,88.321,2001
Indonesia,IDN,Employment and Time Use,88.321,2002
Indonesia,IDN,Employment and Time Use,88.321,2003
Indonesia,IDN,Employment and Time Use,88.321,2004
Indonesia,IDN,Employment and Time Use,88.321,2005
Indonesia,IDN,Employment and Time Use,88.321,2006
Indonesia,IDN,Employment and Time Use,89.051,2007
Indonesia,IDN,Employment and Time Use,89.051,2008
Indonesia,IDN,Employment and Time Use,91.241,2009
Indonesia,IDN,Employment and Time Use,91.241,2010
Indonesia,IDN,Employment and Time Use,88.321,2011
Indonesia,IDN,Employment and Time Use,88.321,2012
Indonesia,IDN,Employment and Time Use,88.321,2013
Indonesia,IDN,Employment and Time Use,88.321,2014
Indonesia,IDN,Employment and Time Use,89.781,2015
Indonesia,IDN,Employment and Time Use,91.241,2016
Indonesia,IDN,Employment and Time Use,91.241,2017
Indonesia,IDN,Employment and Time Use,91.241,2018
Indonesia,IDN,Employment and Time Use,91.241,2019
Indonesia,IDN,Employment and Time Use,89.781,2020
Indonesia,IDN,Employment and Time Use,89.781,2021
Indonesia,IDN,Employment and Time Use,89.781,2022
Indonesia,IDN,Employment and Time Use,93.431,2023
Indonesia,IDN,Entrepreneurship,0.000,1960
Indonesia,IDN,Entrepreneurship,0.000,1961
Indonesia,IDN,Entrepreneurship,0.000,1962
Indonesia,IDN,Entrepreneurship,0.000,1963
Indonesia,IDN,Entrepreneurship,0.000,1964
Indonesia,IDN,Entrepreneurship,0.000,1965
Indonesia,IDN,Entrepreneurship,0.000,1966
Indonesia,IDN,Entrepreneurship,0.000,1967
Indonesia,IDN,Entrepreneurship,0.000,1968
Indonesia,IDN,Entrepreneurship,0.000,1969
Indonesia,IDN,Entrepreneurship,9.375,1970
Indonesia,IDN,Entrepreneurship,9.375,1971
Indonesia,IDN,Entrepreneurship,9.375,1972
Indonesia,IDN,Entrepreneurship,9.375,1973
Indonesia,IDN,Entrepreneurship,9.375,1974
Indonesia,IDN,Entrepreneurship,9.375,1975
Indonesia,IDN,Entrepreneurship,9.375,1976
Indonesia,IDN,Entrepreneurship,9.375,1977
Indonesia,IDN,Entrepreneurship,9.375,1978
Indonesia,IDN,Entrepreneurship,9.375,1979
Indonesia,IDN,Entrepreneurship,9.375,1980
Indonesia,IDN,Entrepreneurship,9.375,1981
Indonesia,IDN,Entrepreneurship,9.375,1982
Indonesia,IDN,Entrepreneurship,9.375,1983
Indonesia,IDN,Entrepreneurship,9.375,1984
Indonesia,IDN,Entrepreneurship,9.375,1985
Indonesia,IDN,Entrepreneurship,9.375,1986
Indonesia,IDN,Entrepreneurship,9.375,1987
Indonesia,IDN,Entrepreneurship,9.375,1988
Indonesia,IDN,Entrepreneurship,9.375,1989
Indonesia,IDN,Entrepreneurship,9.375,1990
Indonesia,IDN,Entrepreneurship,9.375,1991
Indonesia,IDN,Entrepreneurship,9.375,1992
Indonesia,IDN,Entrepreneurship,9.375,1993
Indonesia,IDN,Entrepreneurship,9.375,1994
Indonesia,IDN,Entrepreneurship,9.375,1995
Indonesia,IDN,Entrepreneurship,9.375,1996
Indonesia,IDN,Entrepreneurship,9.375,1997
Indonesia,IDN,Entrepreneurship,9.375,1998
Indonesia,IDN,Entrepreneurship,9.375,1999
Indonesia,IDN,Entrepreneurship,9.375,2000
Indonesia,IDN,Entrepreneurship,9.375,2001
Indonesia,IDN,Entrepreneurship,9.375,2002
Indonesia,IDN,Entrepreneurship,9.375,2003
Indonesia,IDN,Entrepreneurship,9.375,2004
Indonesia,IDN,Entrepreneurship,9.375,2005
Indonesia,IDN,Entrepreneurship,9.375,2006
Indonesia,IDN,Entrepreneurship,9.375,2007
Indonesia,IDN,Entrepreneurship,9.375,2008
Indonesia,IDN,Entrepreneurship,15.625,2009
Indonesia,IDN,Entrepreneurship,9.375,2010
Indonesia,IDN,Entrepreneurship,9.375,2011
Indonesia,IDN,Entrepreneurship,9.375,2012
Indonesia,IDN,Entrepreneurship,37.500,2013
Indonesia,IDN,Entrepreneurship,56.250,2014
Indonesia,IDN,Entrepreneurship,43.750,2015
Indonesia,IDN,Entrepreneurship,37.500,2016
Indonesia,IDN,Entrepreneurship,56.250,2017
Indonesia,IDN,Entrepreneurship,37.500,2018
Indonesia,IDN,Entrepreneurship,37.500,2019
Indonesia,IDN,Entrepreneurship,9.375,2020
Indonesia,IDN,Entrepreneurship,9.375,2021
Indonesia,IDN,Entrepreneurship,9.375,2022
Indonesia,IDN,Entrepreneurship,15.625,2023
Indonesia,IDN,Environment,0.000,1960
Indonesia,IDN,Environment,0.000,1961
Indonesia,IDN,Environment,0.000,1962
Indonesia,IDN,Environment,0.000,1963
Indonesia,IDN,Environment,0.000,1964
Indonesia,IDN,Environment,0.000,1965
Indonesia,IDN,Environment,0.000,1966
Indonesia,IDN,Environment,0.000,1967
Indonesia,IDN,Environment,0.000,1968
Indonesia,IDN,Environment,0.000,1969
Indonesia,IDN,Environment,0.000,1970
Indonesia,IDN,Environment,0.000,1971
Indonesia,IDN,Environment,0.000,1972
Indonesia,IDN,Environment,0.000,1973
Indonesia,IDN,Environment,0.000,1974
Indonesia,IDN,Environment,0.000,1975
Indonesia,IDN,Environment,0.000,1976
Indonesia,IDN,Environment,0.000,1977
Indonesia,IDN,Environment,0.000,1978
Indonesia,IDN,Environment,0.000,1979
Indonesia,IDN,Environment,0.000,1980
Indonesia,IDN,Environment,0.000,1981
Indonesia,IDN,Environment,0.000,1982
Indonesia,IDN,Environment,0.000,1983
Indonesia,IDN,Environment,0.000,1984
Indonesia,IDN,Environment,0.000,1985
Indonesia,IDN,Environment,0.000,1986
Indonesia,IDN,Environment,0.000,1987
Indonesia,IDN,Environment,0.000,1988
Indonesia,IDN,Environment,0.000,1989
Indonesia,IDN,Environment,0.000,1990
Indonesia,IDN,Environment,10.000,1991
Indonesia,IDN,Environment,0.000,1992
Indonesia,IDN,Environment,0.000,1993
Indonesia,IDN,Environment,10.000,1994
Indonesia,IDN,Environment,0.000,1995
Indonesia,IDN,Environment,0.000,1996
Indonesia,IDN,Environment,10.000,1997
Indonesia,IDN,Environment,0.000,1998
Indonesia,IDN,Environment,0.000,1999
Indonesia,IDN,Environment,10.000,2000
Indonesia,IDN,Environment,10.000,2001
Indonesia,IDN,Environment,10.000,2002
Indonesia,IDN,Environment,33.333,2003
Indonesia,IDN,Environment,10.000,2004
Indonesia,IDN,Environment,10.000,2005
Indonesia,IDN,Environment,10.000,2006
Indonesia,IDN,Environment,50.000,2007
Indonesia,IDN,Environment,10.000,2008
Indonesia,IDN,Environment,10.000,2009
Indonesia,IDN,Environment,10.000,2010
Indonesia,IDN,Environment,10.000,2011
Indonesia,IDN,Environment,50.000,2012
Indonesia,IDN,Environment,10.000,2013
Indonesia,IDN,Environment,23.333,2014
Indonesia,IDN,Environment,13.333,2015
Indonesia,IDN,Environment,23.333,2016
Indonesia,IDN,Environment,66.667,2017
Indonesia,IDN,Environment,13.333,2018
Indonesia,IDN,Environment,30.000,2019
Indonesia,IDN,Environment,10.000,2020
Indonesia,IDN,Environment,20.000,2021
Indonesia,IDN,Environment,10.000,2022
Indonesia,IDN,Environment,0.000,2023
Indonesia,IDN,Health,8.586,1960
Indonesia,IDN,Health,8.586,1961
Indonesia,IDN,Health,8.586,1962
Indonesia,IDN,Health,8.586,1963
Indonesia,IDN,Health,8.586,1964
Indonesia,IDN,Health,8.586,1965
Indonesia,IDN,Health,8.586,1966
Indonesia,IDN,Health,8.586,1967
Indonesia,IDN,Health,8.586,1968
Indonesia,IDN,Health,8.586,1969
Indonesia,IDN,Health,8.586,1970
Indonesia,IDN,Health,8.586,1971
Indonesia,IDN,Health,8.586,1972
Indonesia,IDN,Health,9.596,1973
Indonesia,IDN,Health,8.586,1974
Indonesia,IDN,Health,11.111,1975
Indonesia,IDN,Health,12.121,1976
Indonesia,IDN,Health,11.111,1977
Indonesia,IDN,Health,11.111,1978
Indonesia,IDN,Health,12.121,1979
Indonesia,IDN,Health,11.111,1980
Indonesia,IDN,Health,11.616,1981
Indonesia,IDN,Health,11.616,1982
Indonesia,IDN,Health,12.121,1983
Indonesia,IDN,Health,12.121,1984
Indonesia,IDN,Health,13.131,1985
Indonesia,IDN,Health,12.121,1986
Indonesia,IDN,Health,16.667,1987
Indonesia,IDN,Health,12.121,1988
Indonesia,IDN,Health,13.636,1989
Indonesia,IDN,Health,17.677,1990
Indonesia,IDN,Health,24.242,1991
Indonesia,IDN,Health,18.687,1992
Indonesia,IDN,Health,17.677,1993
Indonesia,IDN,Health,24.747,1994
Indonesia,IDN,Health,18.182,1995
Indonesia,IDN,Health,19.697,1996
Indonesia,IDN,Health,24.242,1997
Indonesia,IDN,Health,19.697,1998
Indonesia,IDN,Health,19.192,1999
Indonesia,IDN,Health,66.667,2000
Indonesia,IDN,Health,40.404,2001
Indonesia,IDN,Health,34.343,2002
Indonesia,IDN,Health,49.495,2003
Indonesia,IDN,Health,40.404,2004
Indonesia,IDN,Health,36.364,2005
Indonesia,IDN,Health,33.333,2006
Indonesia,IDN,Health,47.980,2007
Indonesia,IDN,Health,41.919,2008
Indonesia,IDN,Health,33.333,2009
Indonesia,IDN,Health,70.202,2010
Indonesia,IDN,Health,32.828,2011
Indonesia,IDN,Health,48.990,2012
Indonesia,IDN,Health,42.424,2013
Indonesia,IDN,Health,34.848,2014
Indonesia,IDN,Health,58.081,2015
Indonesia,IDN,Health,37.374,2016
Indonesia,IDN,Health,49.495,2017
Indonesia,IDN,Health,43.939,2018
Indonesia,IDN,Health,57.576,2019
Indonesia,IDN,Health,28.283,2020
Indonesia,IDN,Health,20.202,2021
Indonesia,IDN,Health,17.677,2022
Indonesia,IDN,Health,1.010,2023
Indonesia,IDN,Leadership,0.000,1960
Indonesia,IDN,Leadership,0.000,1961
Indonesia,IDN,Leadership,0.000,1962
Indonesia,IDN,Leadership,0.000,1963
Indonesia,IDN,Leadership,0.000,1964
Indonesia,IDN,Leadership,0.000,1965
Indonesia,IDN,Leadership,0.000,1966
Indonesia,IDN,Leadership,0.000,1967
Indonesia,IDN,Leadership,0.000,1968
Indonesia,IDN,Leadership,0.000,1969
Indonesia,IDN,Leadership,0.000,1970
Indonesia,IDN,Leadership,0.000,1971
Indonesia,IDN,Leadership,0.000,1972
Indonesia,IDN,Leadership,0.000,1973
Indonesia,IDN,Leadership,0.000,1974
Indonesia,IDN,Leadership,0.000,1975
Indonesia,IDN,Leadership,0.000,1976
Indonesia,IDN,Leadership,0.000,1977
Indonesia,IDN,Leadership,0.000,1978
Indonesia,IDN,Leadership,0.000,1979
Indonesia,IDN,Leadership,0.000,1980
Indonesia,IDN,Leadership,0.000,1981
Indonesia,IDN,Leadership,0.000,1982
Indonesia,IDN,Leadership,0.000,1983
Indonesia,IDN,Leadership,0.000,1984
Indonesia,IDN,Leadership,0.000,1985
Indonesia,IDN,Leadership,0.000,1986
Indonesia,IDN,Leadership,0.000,1987
Indonesia,IDN,Leadership,0.000,1988
Indonesia,IDN,Leadership,0.000,1989
Indonesia,IDN,Leadership,0.000,1990
Indonesia,IDN,Leadership,0.000,1991
Indonesia,IDN,Leadership,0.000,1992
Indonesia,IDN,Leadership,0.000,1993
Indonesia,IDN,Leadership,0.000,1994
Indonesia,IDN,Leadership,0.000,1995
Indonesia,IDN,Leadership,0.000,1996
Indonesia,IDN,Leadership,25.000,1997
Indonesia,IDN,Leadership,25.000,1998
Indonesia,IDN,Leadership,0.000,1999
Indonesia,IDN,Leadership,25.000,2000
Indonesia,IDN,Leadership,25.000,2001
Indonesia,IDN,Leadership,25.000,2002
Indonesia,IDN,Leadership,25.000,2003
Indonesia,IDN,Leadership,25.000,2004
Indonesia,IDN,Leadership,50.000,2005
Indonesia,IDN,Leadership,25.000,2006
Indonesia,IDN,Leadership,50.000,2007
Indonesia,IDN,Leadership,75.000,2008
Indonesia,IDN,Leadership,75.000,2009
Indonesia,IDN,Leadership,75.000,2010
Indonesia,IDN,Leadership,25.000,2011
Indonesia,IDN,Leadership,50.000,2012
Indonesia,IDN,Leadership,25.000,2013
Indonesia,IDN,Leadership,50.000,2014
Indonesia,IDN,Leadership,75.000,2015
Indonesia,IDN,Leadership,50.000,2016
Indonesia,IDN,Leadership,25.000,2017
Indonesia,IDN,Leadership,50.000,2018
Indonesia,IDN,Leadership,50.000,2019
Indonesia,IDN,Leadership,50.000,2020
Indonesia,IDN,Leadership,25.000,2021
Indonesia,IDN,Leadership,50.000,2022
Indonesia,IDN,Leadership,75.000,2023
Indonesia,IDN,Norms and Decision-making,0.000,1960
Indonesia,IDN,Norms and Decision-making,0.000,1961
Indonesia,IDN,Norms and Decision-making,0.000,1962
Indonesia,IDN,Norms and Decision-making,0.000,1963
Indonesia,IDN,Norms and Decision-making,0.000,1964
Indonesia,IDN,Norms and Decision-making,0.000,1965
Indonesia,IDN,Norms and Decision-making,0.000,1966
Indonesia,IDN,Norms and Decision-making,0.000,1967
Indonesia,IDN,Norms and Decision-making,0.000,1968
Indonesia,IDN,Norms and Decision-making,0.000,1969
Indonesia,IDN,Norms and Decision-making,12.593,1970
Indonesia,IDN,Norms and Decision-making,14.074,1971
Indonesia,IDN,Norms and Decision-making,12.593,1972
Indonesia,IDN,Norms and Decision-making,12.593,1973
Indonesia,IDN,Norms and Decision-making,12.593,1974
Indonesia,IDN,Norms and Decision-making,12.593,1975
Indonesia,IDN,Norms and Decision-making,14.074,1976
Indonesia,IDN,Norms and Decision-making,12.593,1977
Indonesia,IDN,Norms and Decision-making,12.593,1978
Indonesia,IDN,Norms and Decision-making,12.593,1979
Indonesia,IDN,Norms and Decision-making,14.074,1980
Indonesia,IDN,Norms and Decision-making,12.593,1981
Indonesia,IDN,Norms and Decision-making,12.593,1982
Indonesia,IDN,Norms and Decision-making,12.593,1983
Indonesia,IDN,Norms and Decision-making,12.593,1984
Indonesia,IDN,Norms and Decision-making,14.074,1985
Indonesia,IDN,Norms and Decision-making,12.593,1986
Indonesia,IDN,Norms and Decision-making,16.296,1987
Indonesia,IDN,Norms and Decision-making,12.593,1988
Indonesia,IDN,Norms and Decision-making,12.593,1989
Indonesia,IDN,Norms and Decision-making,14.074,1990
Indonesia,IDN,Norms and Decision-making,16.296,1991
Indonesia,IDN,Norms and Decision-making,12.593,1992
Indonesia,IDN,Norms and Decision-making,12.593,1993
Indonesia,IDN,Norms and Decision-making,16.296,1994
Indonesia,IDN,Norms and Decision-making,14.074,1995
Indonesia,IDN,Norms and Decision-making,12.593,1996
Indonesia,IDN,Norms and Decision-making,17.037,1997
Indonesia,IDN,Norms and Decision-making,12.593,1998
Indonesia,IDN,Norms and Decision-making,12.593,1999
Indonesia,IDN,Norms and Decision-making,14.815,2000
Indonesia,IDN,Norms and Decision-making,12.593,2001
Indonesia,IDN,Norms and Decision-making,12.593,2002
Indonesia,IDN,Norms and Decision-making,92.593,2003
Indonesia,IDN,Norms and Decision-making,12.593,2004
Indonesia,IDN,Norms and Decision-making,14.074,2005
Indonesia,IDN,Norms and Decision-making,12.593,2006
Indonesia,IDN,Norms and Decision-making,92.593,2007
Indonesia,IDN,Norms and Decision-making,12.593,2008
Indonesia,IDN,Norms and Decision-making,12.593,2009
Indonesia,IDN,Norms and Decision-making,14.074,2010
Indonesia,IDN,Norms and Decision-making,12.593,2011
Indonesia,IDN,Norms and Decision-making,91.852,2012
Indonesia,IDN,Norms and Decision-making,12.593,2013
Indonesia,IDN,Norms and Decision-making,12.593,2014
Indonesia,IDN,Norms and Decision-making,12.593,2015
Indonesia,IDN,Norms and Decision-making,12.593,2016
Indonesia,IDN,Norms and Decision-making,70.370,2017
Indonesia,IDN,Norms and Decision-making,12.593,2018
Indonesia,IDN,Norms and Decision-making,12.593,2019
Indonesia,IDN,Norms and Decision-making,12.593,2020
Indonesia,IDN,Norms and Decision-making,12.593,2021
Indonesia,IDN,Norms and Decision-making,12.593,2022
Indonesia,IDN,Norms and Decision-making,12.593,2023
Indonesia,IDN,Population,86.905,1960
Indonesia,IDN,Population,86.905,1961
Indonesia,IDN,Population,86.905,1962
Indonesia,IDN,Population,86.905,1963
Indonesia,IDN,Population,86.905,1964
Indonesia,IDN,Population,86.905,1965
Indonesia,IDN,Population,86.905,1966
Indonesia,IDN,Population,86.905,1967
Indonesia,IDN,Population,86.905,1968
Indonesia,IDN,Population,86.905,1969
Indonesia,IDN,Population,86.905,1970
Indonesia,IDN,Population,89.286,1971
Indonesia,IDN,Population,86.905,1972
Indonesia,IDN,Population,86.905,1973
Indonesia,IDN,Population,86.905,1974
Indonesia,IDN,Population,86.905,1975
Indonesia,IDN,Population,89.286,1976
Indonesia,IDN,Population,86.905,1977
Indonesia,IDN,Population,86.905,1978
Indonesia,IDN,Population,86.905,1979
Indonesia,IDN,Population,94.048,1980
Indonesia,IDN,Population,86.905,1981
Indonesia,IDN,Population,86.905,1982
Indonesia,IDN,Population,86.905,1983
Indonesia,IDN,Population,86.905,1984
Indonesia,IDN,Population,94.048,1985
Indonesia,IDN,Population,86.905,1986
Indonesia,IDN,Population,88.095,1987
Indonesia,IDN,Population,86.905,1988
Indonesia,IDN,Population,86.905,1989
Indonesia,IDN,Population,95.238,1990
Indonesia,IDN,Population,89.286,1991
Indonesia,IDN,Population,86.905,1992
Indonesia,IDN,Population,86.905,1993
Indonesia,IDN,Population,89.286,1994
Indonesia,IDN,Population,95.238,1995
Indonesia,IDN,Population,86.905,1996
Indonesia,IDN,Population,90.476,1997
Indonesia,IDN,Population,86.905,1998
Indonesia,IDN,Population,86.905,1999
Indonesia,IDN,Population,95.238,2000
Indonesia,IDN,Population,86.905,2001
Indonesia,IDN,Population,88.095,2002
Indonesia,IDN,Population,90.476,2003
Indonesia,IDN,Population,86.905,2004
Indonesia,IDN,Population,95.238,2005
Indonesia,IDN,Population,86.905,2006
Indonesia,IDN,Population,94.048,2007
Indonesia,IDN,Population,86.905,2008
Indonesia,IDN,Population,86.905,2009
Indonesia,IDN,Population,95.238,2010
Indonesia,IDN,Population,86.905,2011
Indonesia,IDN,Population,92.857,2012
Indonesia,IDN,Population,88.095,2013
Indonesia,IDN,Population,86.905,2014
Indonesia,IDN,Population,92.857,2015
Indonesia,IDN,Population,88.095,2016
Indonesia,IDN,Population,94.048,2017
Indonesia,IDN,Population,88.095,2018
Indonesia,IDN,Population,86.905,2019
Indonesia,IDN,Population,88.095,2020
Indonesia,IDN,Population,88.095,2021
Indonesia,IDN,Population,86.905,2022
Indonesia,IDN,Population,77.381,2023
Indonesia,IDN,SDGs,2.685,1960
Indonesia,IDN,SDGs,2.685,1961
Indonesia,IDN,SDGs,2.685,1962
Indonesia,IDN,SDGs,2.685,1963
Indonesia,IDN,SDGs,2.685,1964
Indonesia,IDN,SDGs,2.685,1965
Indonesia,IDN,SDGs,2.685,1966
Indonesia,IDN,SDGs,2.685,1967
Indonesia,IDN,SDGs,2.685,1968
Indonesia,IDN,SDGs,2.685,1969
Indonesia,IDN,SDGs,11.409,1970
Indonesia,IDN,SDGs,11.409,1971
Indonesia,IDN,SDGs,11.409,1972
Indonesia,IDN,SDGs,11.409,1973
Indonesia,IDN,SDGs,11.409,1974
Indonesia,IDN,SDGs,11.409,1975
Indonesia,IDN,SDGs,13.423,1976
Indonesia,IDN,SDGs,13.423,1977
Indonesia,IDN,SDGs,13.423,1978
Indonesia,IDN,SDGs,11.409,1979
Indonesia,IDN,SDGs,13.423,1980
Indonesia,IDN,SDGs,12.081,1981
Indonesia,IDN,SDGs,14.094,1982
Indonesia,IDN,SDGs,12.081,1983
Indonesia,IDN,SDGs,12.081,1984
Indonesia,IDN,SDGs,14.094,1985
Indonesia,IDN,SDGs,14.094,1986
Indonesia,IDN,SDGs,16.107,1987
Indonesia,IDN,SDGs,14.094,1988
Indonesia,IDN,SDGs,12.081,1989
Indonesia,IDN,SDGs,20.805,1990
Indonesia,IDN,SDGs,26.846,1991
Indonesia,IDN,SDGs,24.832,1992
Indonesia,IDN,SDGs,24.161,1993
Indonesia,IDN,SDGs,27.517,1994
Indonesia,IDN,SDGs,20.805,1995
Indonesia,IDN,SDGs,24.161,1996
Indonesia,IDN,SDGs,27.517,1997
Indonesia,IDN,SDGs,25.503,1998
Indonesia,IDN,SDGs,24.161,1999
Indonesia,IDN,SDGs,70.470,2000
Indonesia,IDN,SDGs,37.584,2001
Indonesia,IDN,SDGs,38.255,2002
Indonesia,IDN,SDGs,40.940,2003
Indonesia,IDN,SDGs,38.255,2004
Indonesia,IDN,SDGs,39.597,2005
Indonesia,IDN,SDGs,39.597,2006
Indonesia,IDN,SDGs,40.940,2007
Indonesia,IDN,SDGs,38.255,2008
Indonesia,IDN,SDGs,37.584,2009
Indonesia,IDN,SDGs,70.470,2010
Indonesia,IDN,SDGs,41.611,2011
Indonesia,IDN,SDGs,40.940,2012
Indonesia,IDN,SDGs,38.255,2013
Indonesia,IDN,SDGs,39.597,2014
Indonesia,IDN,SDGs,69.799,2015
Indonesia,IDN,SDGs,38.255,2016
Indonesia,IDN,SDGs,42.282,2017
Indonesia,IDN,SDGs,41.611,2018
Indonesia,IDN,SDGs,74.497,2019
Indonesia,IDN,SDGs,31.544,2020
Indonesia,IDN,SDGs,28.859,2021
Indonesia,IDN,SDGs,26.846,2022
Indonesia,IDN,SDGs,18.121,2023
Indonesia,IDN,Technology,0.000,1960
Indonesia,IDN,Technology,0.000,1961
Indonesia,IDN,Technology,0.000,1962
Indonesia,IDN,Technology,0.000,1963
Indonesia,IDN,Technology,0.000,1964
Indonesia,IDN,Technology,0.000,1965
Indonesia,IDN,Technology,0.000,1966
Indonesia,IDN,Technology,0.000,1967
Indonesia,IDN,Technology,0.000,1968
Indonesia,IDN,Technology,0.000,1969
Indonesia,IDN,Technology,0.000,1970
Indonesia,IDN,Technology,0.000,1971
Indonesia,IDN,Technology,0.000,1972
Indonesia,IDN,Technology,0.000,1973
Indonesia,IDN,Technology,0.000,1974
Indonesia,IDN,Technology,0.000,1975
Indonesia,IDN,Technology,0.000,1976
Indonesia,IDN,Technology,0.000,1977
Indonesia,IDN,Technology,0.000,1978
Indonesia,IDN,Technology,0.000,1979
Indonesia,IDN,Technology,0.000,1980
Indonesia,IDN,Technology,0.000,1981
Indonesia,IDN,Technology,0.000,1982
Indonesia,IDN,Technology,0.000,1983
Indonesia,IDN,Technology,0.000,1984
Indonesia,IDN,Technology,0.000,1985
Indonesia,IDN,Technology,0.000,1986
Indonesia,IDN,Technology,0.000,1987
Indonesia,IDN,Technology,0.000,1988
Indonesia,IDN,Technology,0.000,1989
Indonesia,IDN,Technology,2.222,1990
Indonesia,IDN,Technology,2.222,1991
Indonesia,IDN,Technology,2.222,1992
Indonesia,IDN,Technology,2.222,1993
Indonesia,IDN,Technology,2.222,1994
Indonesia,IDN,Technology,2.222,1995
Indonesia,IDN,Technology,2.222,1996
Indonesia,IDN,Technology,2.222,1997
Indonesia,IDN,Technology,2.222,1998
Indonesia,IDN,Technology,2.222,1999
Indonesia,IDN,Technology,2.222,2000
Indonesia,IDN,Technology,2.222,2001
Indonesia,IDN,Technology,2.222,2002
Indonesia,IDN,Technology,2.222,2003
Indonesia,IDN,Technology,2.222,2004
Indonesia,IDN,Technology,2.222,2005
Indonesia,IDN,Technology,2.222,2006
Indonesia,IDN,Technology,2.222,2007
Indonesia,IDN,Technology,2.222,2008
Indonesia,IDN,Technology,2.222,2009
Indonesia,IDN,Technology,6.667,2010
Indonesia,IDN,Technology,8.889,2011
Indonesia,IDN,Technology,2.222,2012
Indonesia,IDN,Technology,6.667,2013
Indonesia,IDN,Technology,46.667,2014
Indonesia,IDN,Technology,13.333,2015
Indonesia,IDN,Technology,13.333,2016
Indonesia,IDN,Technology,66.667,2017
Indonesia,IDN,Technology,13.333,2018
Indonesia,IDN,Technology,6.667,2019
Indonesia,IDN,Technology,6.667,2020
Indonesia,IDN,Technology,86.667,2021
Indonesia,IDN,Technology,6.667,2022
Indonesia,IDN,Technology,6.667,2023
Indonesia,IDN,Violence,0.000,1960
Indonesia,IDN,Violence,0.000,1961
Indonesia,IDN,Violence,0.000,1962
Indonesia,IDN,Violence,0.000,1963
Indonesia,IDN,Violence,0.000,1964
Indonesia,IDN,Violence,0.000,1965
Indonesia,IDN,Violence,0.000,1966
Indonesia,IDN,Violence,0.000,1967
Indonesia,IDN,Violence,0.000,1968
Indonesia,IDN,Violence,0.000,1969
Indonesia,IDN,Violence,2.143,1970
Indonesia,IDN,Violence,2.143,1971
Indonesia,IDN,Violence,2.143,1972
Indonesia,IDN,Violence,2.143,1973
Indonesia,IDN,Violence,2.143,1974
Indonesia,IDN,Violence,2.143,1975
Indonesia,IDN,Violence,2.143,1976
Indonesia,IDN,Violence,2.143,1977
Indonesia,IDN,Violence,2.143,1978
Indonesia,IDN,Violence,2.143,1979
Indonesia,IDN,Violence,2.143,1980
Indonesia,IDN,Violence,2.143,1981
Indonesia,IDN,Violence,2.143,1982
Indonesia,IDN,Violence,2.143,1983
Indonesia,IDN,Violence,2.143,1984
Indonesia,IDN,Violence,2.143,1985
Indonesia,IDN,Violence,2.143,1986
Indonesia,IDN,Violence,3.571,1987
Indonesia,IDN,Violence,2.143,1988
Indonesia,IDN,Violence,2.143,1989
Indonesia,IDN,Violence,2.143,1990
Indonesia,IDN,Violence,5.000,1991
Indonesia,IDN,Violence,2.143,1992
Indonesia,IDN,Violence,2.143,1993
Indonesia,IDN,Violence,5.000,1994
Indonesia,IDN,Violence,2.143,1995
Indonesia,IDN,Violence,2.143,1996
Indonesia,IDN,Violence,5.000,1997
Indonesia,IDN,Violence,2.857,1998
Indonesia,IDN,Violence,2.857,1999
Indonesia,IDN,Violence,5.000,2000
Indonesia,IDN,Violence,4.286,2001
Indonesia,IDN,Violence,4.286,2002
Indonesia,IDN,Violence,59.286,2003
Indonesia,IDN,Violence,5.000,2004
Indonesia,IDN,Violence,4.286,2005
Indonesia,IDN,Violence,4.286,2006
Indonesia,IDN,Violence,58.571,2007
Indonesia,IDN,Violence,4.286,2008
Indonesia,IDN,Violence,4.286,2009
Indonesia,IDN,Violence,4.286,2010
Indonesia,IDN,Violence,4.286,2011
Indonesia,IDN,Violence,58.571,2012
Indonesia,IDN,Violence,4.286,2013
Indonesia,IDN,Violence,4.286,2014
Indonesia,IDN,Violence,4.286,2015
Indonesia,IDN,Violence,4.286,2016
Indonesia,IDN,Violence,41.429,2017
Indonesia,IDN,Violence,7.143,2018
Indonesia,IDN,Violence,4.286,2019
Indonesia,IDN,Violence,2.143,2020
Indonesia,IDN,Violence,2.143,2021
Indonesia,IDN,Violence,2.143,2022
Indonesia,IDN,Violence,2.143,2023
Indonesia,IDN,Youth 15-24,4.587,1960
Indonesia,IDN,Youth 15-24,7.339,1961
Indonesia,IDN,Youth 15-24,4.587,1962
Indonesia,IDN,Youth 15-24,4.587,1963
Indonesia,IDN,Youth 15-24,4.587,1964
Indonesia,IDN,Youth 15-24,4.587,1965
Indonesia,IDN,Youth 15-24,4.587,1966
Indonesia,IDN,Youth 15-24,4.587,1967
Indonesia,IDN,Youth 15-24,4.587,1968
Indonesia,IDN,Youth 15-24,4.587,1969
Indonesia,IDN,Youth 15-24,18.349,1970
Indonesia,IDN,Youth 15-24,20.183,1971
Indonesia,IDN,Youth 15-24,21.101,1972
Indonesia,IDN,Youth 15-24,18.349,1973
Indonesia,IDN,Youth 15-24,18.349,1974
Indonesia,IDN,Youth 15-24,18.349,1975
Indonesia,IDN,Youth 15-24,21.101,1976
Indonesia,IDN,Youth 15-24,18.349,1977
Indonesia,IDN,Youth 15-24,18.349,1978
Indonesia,IDN,Youth 15-24,5.505,1979
Indonesia,IDN,Youth 15-24,21.101,1980
Indonesia,IDN,Youth 15-24,15.596,1981
Indonesia,IDN,Youth 15-24,18.349,1982
Indonesia,IDN,Youth 15-24,19.266,1983
Indonesia,IDN,Youth 15-24,19.266,1984
Indonesia,IDN,Youth 15-24,9.174,1985
Indonesia,IDN,Youth 15-24,8.257,1986
Indonesia,IDN,Youth 15-24,11.927,1987
Indonesia,IDN,Youth 15-24,15.596,1988
Indonesia,IDN,Youth 15-24,15.596,1989
Indonesia,IDN,Youth 15-24,42.202,1990
Indonesia,IDN,Youth 15-24,42.202,1991
Indonesia,IDN,Youth 15-24,38.532,1992
Indonesia,IDN,Youth 15-24,41.284,1993
Indonesia,IDN,Youth 15-24,44.954,1994
Indonesia,IDN,Youth 15-24,34.862,1995
Indonesia,IDN,Youth 15-24,44.037,1996
Indonesia,IDN,Youth 15-24,37.615,1997
Indonesia,IDN,Youth 15-24,34.862,1998
Indonesia,IDN,Youth 15-24,47.706,1999
Indonesia,IDN,Youth 15-24,48.624,2000
Indonesia,IDN,Youth 15-24,57.798,2001
Indonesia,IDN,Youth 15-24,57.798,2002
Indonesia,IDN,Youth 15-24,61.468,2003
Indonesia,IDN,Youth 15-24,65.138,2004
Indonesia,IDN,Youth 15-24,52.294,2005
Indonesia,IDN,Youth 15-24,67.890,2006
Indonesia,IDN,Youth 15-24,66.972,2007
Indonesia,IDN,Youth 15-24,70.642,2008
Indonesia,IDN,Youth 15-24,66.972,2009
Indonesia,IDN,Youth 15-24,58.716,2010
Indonesia,IDN,Youth 15-24,71.560,2011
Indonesia,IDN,Youth 15-24,72.477,2012
Indonesia,IDN,Youth 15-24,63.303,2013
Indonesia,IDN,Youth 15-24,75.229,2014
Indonesia,IDN,Youth 15-24,80.734,2015
Indonesia,IDN,Youth 15-24,80.734,2016
Indonesia,IDN,Youth 15-24,80.734,2017
Indonesia,IDN,Youth 15-24,80.734,2018
Indonesia,IDN,Youth 15-24,48.624,2019
Indonesia,IDN,Youth 15-24,49.541,2020
Indonesia,IDN,Youth 15-24,48.624,2021
Indonesia,IDN,Youth 15-24,51.376,2022
Indonesia,IDN,Youth 15-24,43.119,2023
