Country Name,Country Code,Topic,% of available indicators,Year
"Yemen, Rep.",YEM,Assets,0.000,1960
"Yemen, Rep.",YEM,Assets,0.000,1961
"Yemen, Rep.",YEM,Assets,0.000,1962
"Yemen, Rep.",YEM,Assets,0.000,1963
"Yemen, Rep.",YEM,Assets,0.000,1964
"Yemen, Rep.",YEM,Assets,0.000,1965
"Yemen, Rep.",YEM,Assets,0.000,1966
"Yemen, Rep.",YEM,Assets,0.000,1967
"Yemen, Rep.",YEM,Assets,0.000,1968
"Yemen, Rep.",YEM,Assets,0.000,1969
"Yemen, Rep.",YEM,Assets,2.208,1970
"Yemen, Rep.",YEM,Assets,2.208,1971
"Yemen, Rep.",YEM,Assets,2.208,1972
"Yemen, Rep.",YEM,Assets,2.208,1973
"Yemen, Rep.",YEM,Assets,2.208,1974
"Yemen, Rep.",YEM,Assets,2.208,1975
"Yemen, Rep.",YEM,Assets,2.208,1976
"Yemen, Rep.",YEM,Assets,2.208,1977
"Yemen, Rep.",YEM,Assets,2.208,1978
"Yemen, Rep.",YEM,Assets,2.208,1979
"Yemen, Rep.",YEM,Assets,2.208,1980
"Yemen, Rep.",YEM,Assets,2.208,1981
"Yemen, Rep.",YEM,Assets,2.208,1982
"Yemen, Rep.",YEM,Assets,2.208,1983
"Yemen, Rep.",YEM,Assets,2.208,1984
"Yemen, Rep.",YEM,Assets,2.208,1985
"Yemen, Rep.",YEM,Assets,2.208,1986
"Yemen, Rep.",YEM,Assets,2.208,1987
"Yemen, Rep.",YEM,Assets,2.208,1988
"Yemen, Rep.",YEM,Assets,2.208,1989
"Yemen, Rep.",YEM,Assets,2.208,1990
"Yemen, Rep.",YEM,Assets,2.208,1991
"Yemen, Rep.",YEM,Assets,2.208,1992
"Yemen, Rep.",YEM,Assets,2.208,1993
"Yemen, Rep.",YEM,Assets,2.208,1994
"Yemen, Rep.",YEM,Assets,2.208,1995
"Yemen, Rep.",YEM,Assets,2.208,1996
"Yemen, Rep.",YEM,Assets,2.208,1997
"Yemen, Rep.",YEM,Assets,2.208,1998
"Yemen, Rep.",YEM,Assets,2.208,1999
"Yemen, Rep.",YEM,Assets,2.208,2000
"Yemen, Rep.",YEM,Assets,2.208,2001
"Yemen, Rep.",YEM,Assets,2.208,2002
"Yemen, Rep.",YEM,Assets,2.208,2003
"Yemen, Rep.",YEM,Assets,2.208,2004
"Yemen, Rep.",YEM,Assets,2.208,2005
"Yemen, Rep.",YEM,Assets,2.208,2006
"Yemen, Rep.",YEM,Assets,2.208,2007
"Yemen, Rep.",YEM,Assets,2.208,2008
"Yemen, Rep.",YEM,Assets,2.208,2009
"Yemen, Rep.",YEM,Assets,2.208,2010
"Yemen, Rep.",YEM,Assets,11.672,2011
"Yemen, Rep.",YEM,Assets,2.208,2012
"Yemen, Rep.",YEM,Assets,2.208,2013
"Yemen, Rep.",YEM,Assets,29.653,2014
"Yemen, Rep.",YEM,Assets,2.208,2015
"Yemen, Rep.",YEM,Assets,2.208,2016
"Yemen, Rep.",YEM,Assets,2.839,2017
"Yemen, Rep.",YEM,Assets,2.208,2018
"Yemen, Rep.",YEM,Assets,2.208,2019
"Yemen, Rep.",YEM,Assets,2.208,2020
"Yemen, Rep.",YEM,Assets,2.208,2021
"Yemen, Rep.",YEM,Assets,60.568,2022
"Yemen, Rep.",YEM,Assets,2.208,2023
"Yemen, Rep.",YEM,Children 0-14,11.538,1960
"Yemen, Rep.",YEM,Children 0-14,11.538,1961
"Yemen, Rep.",YEM,Children 0-14,11.538,1962
"Yemen, Rep.",YEM,Children 0-14,11.538,1963
"Yemen, Rep.",YEM,Children 0-14,15.385,1964
"Yemen, Rep.",YEM,Children 0-14,17.692,1965
"Yemen, Rep.",YEM,Children 0-14,17.692,1966
"Yemen, Rep.",YEM,Children 0-14,17.692,1967
"Yemen, Rep.",YEM,Children 0-14,17.692,1968
"Yemen, Rep.",YEM,Children 0-14,19.231,1969
"Yemen, Rep.",YEM,Children 0-14,19.231,1970
"Yemen, Rep.",YEM,Children 0-14,19.231,1971
"Yemen, Rep.",YEM,Children 0-14,19.231,1972
"Yemen, Rep.",YEM,Children 0-14,19.231,1973
"Yemen, Rep.",YEM,Children 0-14,19.231,1974
"Yemen, Rep.",YEM,Children 0-14,19.231,1975
"Yemen, Rep.",YEM,Children 0-14,19.231,1976
"Yemen, Rep.",YEM,Children 0-14,19.231,1977
"Yemen, Rep.",YEM,Children 0-14,19.231,1978
"Yemen, Rep.",YEM,Children 0-14,19.231,1979
"Yemen, Rep.",YEM,Children 0-14,20.769,1980
"Yemen, Rep.",YEM,Children 0-14,20.769,1981
"Yemen, Rep.",YEM,Children 0-14,20.769,1982
"Yemen, Rep.",YEM,Children 0-14,20.769,1983
"Yemen, Rep.",YEM,Children 0-14,20.769,1984
"Yemen, Rep.",YEM,Children 0-14,20.769,1985
"Yemen, Rep.",YEM,Children 0-14,20.769,1986
"Yemen, Rep.",YEM,Children 0-14,20.769,1987
"Yemen, Rep.",YEM,Children 0-14,20.769,1988
"Yemen, Rep.",YEM,Children 0-14,20.769,1989
"Yemen, Rep.",YEM,Children 0-14,20.769,1990
"Yemen, Rep.",YEM,Children 0-14,34.615,1991
"Yemen, Rep.",YEM,Children 0-14,23.077,1992
"Yemen, Rep.",YEM,Children 0-14,20.769,1993
"Yemen, Rep.",YEM,Children 0-14,23.077,1994
"Yemen, Rep.",YEM,Children 0-14,20.769,1995
"Yemen, Rep.",YEM,Children 0-14,26.154,1996
"Yemen, Rep.",YEM,Children 0-14,32.308,1997
"Yemen, Rep.",YEM,Children 0-14,20.769,1998
"Yemen, Rep.",YEM,Children 0-14,44.615,1999
"Yemen, Rep.",YEM,Children 0-14,34.615,2000
"Yemen, Rep.",YEM,Children 0-14,36.923,2001
"Yemen, Rep.",YEM,Children 0-14,29.231,2002
"Yemen, Rep.",YEM,Children 0-14,56.923,2003
"Yemen, Rep.",YEM,Children 0-14,39.231,2004
"Yemen, Rep.",YEM,Children 0-14,51.538,2005
"Yemen, Rep.",YEM,Children 0-14,23.846,2006
"Yemen, Rep.",YEM,Children 0-14,26.923,2007
"Yemen, Rep.",YEM,Children 0-14,40.000,2008
"Yemen, Rep.",YEM,Children 0-14,20.769,2009
"Yemen, Rep.",YEM,Children 0-14,63.077,2010
"Yemen, Rep.",YEM,Children 0-14,46.923,2011
"Yemen, Rep.",YEM,Children 0-14,42.308,2012
"Yemen, Rep.",YEM,Children 0-14,56.923,2013
"Yemen, Rep.",YEM,Children 0-14,25.385,2014
"Yemen, Rep.",YEM,Children 0-14,34.615,2015
"Yemen, Rep.",YEM,Children 0-14,44.615,2016
"Yemen, Rep.",YEM,Children 0-14,25.385,2017
"Yemen, Rep.",YEM,Children 0-14,25.385,2018
"Yemen, Rep.",YEM,Children 0-14,34.615,2019
"Yemen, Rep.",YEM,Children 0-14,25.385,2020
"Yemen, Rep.",YEM,Children 0-14,20.769,2021
"Yemen, Rep.",YEM,Children 0-14,20.769,2022
"Yemen, Rep.",YEM,Children 0-14,13.846,2023
"Yemen, Rep.",YEM,Education,0.000,1960
"Yemen, Rep.",YEM,Education,0.000,1961
"Yemen, Rep.",YEM,Education,0.000,1962
"Yemen, Rep.",YEM,Education,0.000,1963
"Yemen, Rep.",YEM,Education,0.000,1964
"Yemen, Rep.",YEM,Education,0.000,1965
"Yemen, Rep.",YEM,Education,0.000,1966
"Yemen, Rep.",YEM,Education,0.000,1967
"Yemen, Rep.",YEM,Education,0.000,1968
"Yemen, Rep.",YEM,Education,0.000,1969
"Yemen, Rep.",YEM,Education,0.000,1970
"Yemen, Rep.",YEM,Education,0.000,1971
"Yemen, Rep.",YEM,Education,0.000,1972
"Yemen, Rep.",YEM,Education,0.000,1973
"Yemen, Rep.",YEM,Education,0.000,1974
"Yemen, Rep.",YEM,Education,0.000,1975
"Yemen, Rep.",YEM,Education,0.000,1976
"Yemen, Rep.",YEM,Education,0.000,1977
"Yemen, Rep.",YEM,Education,0.000,1978
"Yemen, Rep.",YEM,Education,0.000,1979
"Yemen, Rep.",YEM,Education,0.000,1980
"Yemen, Rep.",YEM,Education,0.000,1981
"Yemen, Rep.",YEM,Education,0.000,1982
"Yemen, Rep.",YEM,Education,0.000,1983
"Yemen, Rep.",YEM,Education,0.000,1984
"Yemen, Rep.",YEM,Education,0.000,1985
"Yemen, Rep.",YEM,Education,0.000,1986
"Yemen, Rep.",YEM,Education,0.000,1987
"Yemen, Rep.",YEM,Education,0.000,1988
"Yemen, Rep.",YEM,Education,0.000,1989
"Yemen, Rep.",YEM,Education,0.000,1990
"Yemen, Rep.",YEM,Education,1.840,1991
"Yemen, Rep.",YEM,Education,4.908,1992
"Yemen, Rep.",YEM,Education,0.000,1993
"Yemen, Rep.",YEM,Education,8.589,1994
"Yemen, Rep.",YEM,Education,0.000,1995
"Yemen, Rep.",YEM,Education,1.840,1996
"Yemen, Rep.",YEM,Education,3.681,1997
"Yemen, Rep.",YEM,Education,0.000,1998
"Yemen, Rep.",YEM,Education,35.583,1999
"Yemen, Rep.",YEM,Education,0.613,2000
"Yemen, Rep.",YEM,Education,19.632,2001
"Yemen, Rep.",YEM,Education,9.816,2002
"Yemen, Rep.",YEM,Education,33.742,2003
"Yemen, Rep.",YEM,Education,39.877,2004
"Yemen, Rep.",YEM,Education,32.515,2005
"Yemen, Rep.",YEM,Education,4.294,2006
"Yemen, Rep.",YEM,Education,8.589,2007
"Yemen, Rep.",YEM,Education,23.926,2008
"Yemen, Rep.",YEM,Education,1.227,2009
"Yemen, Rep.",YEM,Education,36.810,2010
"Yemen, Rep.",YEM,Education,27.607,2011
"Yemen, Rep.",YEM,Education,31.288,2012
"Yemen, Rep.",YEM,Education,30.675,2013
"Yemen, Rep.",YEM,Education,20.245,2014
"Yemen, Rep.",YEM,Education,0.000,2015
"Yemen, Rep.",YEM,Education,31.902,2016
"Yemen, Rep.",YEM,Education,11.043,2017
"Yemen, Rep.",YEM,Education,11.043,2018
"Yemen, Rep.",YEM,Education,0.000,2019
"Yemen, Rep.",YEM,Education,11.043,2020
"Yemen, Rep.",YEM,Education,0.000,2021
"Yemen, Rep.",YEM,Education,0.000,2022
"Yemen, Rep.",YEM,Education,8.589,2023
"Yemen, Rep.",YEM,Employment and Time Use,0.000,1960
"Yemen, Rep.",YEM,Employment and Time Use,0.000,1961
"Yemen, Rep.",YEM,Employment and Time Use,0.000,1962
"Yemen, Rep.",YEM,Employment and Time Use,0.000,1963
"Yemen, Rep.",YEM,Employment and Time Use,0.000,1964
"Yemen, Rep.",YEM,Employment and Time Use,0.000,1965
"Yemen, Rep.",YEM,Employment and Time Use,0.000,1966
"Yemen, Rep.",YEM,Employment and Time Use,0.000,1967
"Yemen, Rep.",YEM,Employment and Time Use,0.000,1968
"Yemen, Rep.",YEM,Employment and Time Use,0.000,1969
"Yemen, Rep.",YEM,Employment and Time Use,21.168,1970
"Yemen, Rep.",YEM,Employment and Time Use,21.168,1971
"Yemen, Rep.",YEM,Employment and Time Use,21.168,1972
"Yemen, Rep.",YEM,Employment and Time Use,24.088,1973
"Yemen, Rep.",YEM,Employment and Time Use,21.168,1974
"Yemen, Rep.",YEM,Employment and Time Use,21.168,1975
"Yemen, Rep.",YEM,Employment and Time Use,21.168,1976
"Yemen, Rep.",YEM,Employment and Time Use,21.168,1977
"Yemen, Rep.",YEM,Employment and Time Use,21.168,1978
"Yemen, Rep.",YEM,Employment and Time Use,21.168,1979
"Yemen, Rep.",YEM,Employment and Time Use,21.168,1980
"Yemen, Rep.",YEM,Employment and Time Use,21.168,1981
"Yemen, Rep.",YEM,Employment and Time Use,21.168,1982
"Yemen, Rep.",YEM,Employment and Time Use,21.168,1983
"Yemen, Rep.",YEM,Employment and Time Use,21.168,1984
"Yemen, Rep.",YEM,Employment and Time Use,21.168,1985
"Yemen, Rep.",YEM,Employment and Time Use,21.168,1986
"Yemen, Rep.",YEM,Employment and Time Use,21.168,1987
"Yemen, Rep.",YEM,Employment and Time Use,21.168,1988
"Yemen, Rep.",YEM,Employment and Time Use,21.168,1989
"Yemen, Rep.",YEM,Employment and Time Use,31.387,1990
"Yemen, Rep.",YEM,Employment and Time Use,56.204,1991
"Yemen, Rep.",YEM,Employment and Time Use,56.204,1992
"Yemen, Rep.",YEM,Employment and Time Use,56.204,1993
"Yemen, Rep.",YEM,Employment and Time Use,66.423,1994
"Yemen, Rep.",YEM,Employment and Time Use,56.204,1995
"Yemen, Rep.",YEM,Employment and Time Use,56.204,1996
"Yemen, Rep.",YEM,Employment and Time Use,56.204,1997
"Yemen, Rep.",YEM,Employment and Time Use,56.204,1998
"Yemen, Rep.",YEM,Employment and Time Use,70.803,1999
"Yemen, Rep.",YEM,Employment and Time Use,56.204,2000
"Yemen, Rep.",YEM,Employment and Time Use,56.204,2001
"Yemen, Rep.",YEM,Employment and Time Use,56.204,2002
"Yemen, Rep.",YEM,Employment and Time Use,56.204,2003
"Yemen, Rep.",YEM,Employment and Time Use,63.504,2004
"Yemen, Rep.",YEM,Employment and Time Use,63.504,2005
"Yemen, Rep.",YEM,Employment and Time Use,65.693,2006
"Yemen, Rep.",YEM,Employment and Time Use,63.504,2007
"Yemen, Rep.",YEM,Employment and Time Use,63.504,2008
"Yemen, Rep.",YEM,Employment and Time Use,63.504,2009
"Yemen, Rep.",YEM,Employment and Time Use,88.321,2010
"Yemen, Rep.",YEM,Employment and Time Use,56.204,2011
"Yemen, Rep.",YEM,Employment and Time Use,56.204,2012
"Yemen, Rep.",YEM,Employment and Time Use,56.204,2013
"Yemen, Rep.",YEM,Employment and Time Use,91.971,2014
"Yemen, Rep.",YEM,Employment and Time Use,56.204,2015
"Yemen, Rep.",YEM,Employment and Time Use,56.204,2016
"Yemen, Rep.",YEM,Employment and Time Use,56.204,2017
"Yemen, Rep.",YEM,Employment and Time Use,56.204,2018
"Yemen, Rep.",YEM,Employment and Time Use,56.204,2019
"Yemen, Rep.",YEM,Employment and Time Use,56.204,2020
"Yemen, Rep.",YEM,Employment and Time Use,56.204,2021
"Yemen, Rep.",YEM,Employment and Time Use,56.204,2022
"Yemen, Rep.",YEM,Employment and Time Use,60.584,2023
"Yemen, Rep.",YEM,Entrepreneurship,0.000,1960
"Yemen, Rep.",YEM,Entrepreneurship,0.000,1961
"Yemen, Rep.",YEM,Entrepreneurship,0.000,1962
"Yemen, Rep.",YEM,Entrepreneurship,0.000,1963
"Yemen, Rep.",YEM,Entrepreneurship,0.000,1964
"Yemen, Rep.",YEM,Entrepreneurship,0.000,1965
"Yemen, Rep.",YEM,Entrepreneurship,0.000,1966
"Yemen, Rep.",YEM,Entrepreneurship,0.000,1967
"Yemen, Rep.",YEM,Entrepreneurship,0.000,1968
"Yemen, Rep.",YEM,Entrepreneurship,0.000,1969
"Yemen, Rep.",YEM,Entrepreneurship,9.375,1970
"Yemen, Rep.",YEM,Entrepreneurship,9.375,1971
"Yemen, Rep.",YEM,Entrepreneurship,9.375,1972
"Yemen, Rep.",YEM,Entrepreneurship,9.375,1973
"Yemen, Rep.",YEM,Entrepreneurship,9.375,1974
"Yemen, Rep.",YEM,Entrepreneurship,9.375,1975
"Yemen, Rep.",YEM,Entrepreneurship,9.375,1976
"Yemen, Rep.",YEM,Entrepreneurship,9.375,1977
"Yemen, Rep.",YEM,Entrepreneurship,9.375,1978
"Yemen, Rep.",YEM,Entrepreneurship,9.375,1979
"Yemen, Rep.",YEM,Entrepreneurship,9.375,1980
"Yemen, Rep.",YEM,Entrepreneurship,9.375,1981
"Yemen, Rep.",YEM,Entrepreneurship,9.375,1982
"Yemen, Rep.",YEM,Entrepreneurship,9.375,1983
"Yemen, Rep.",YEM,Entrepreneurship,9.375,1984
"Yemen, Rep.",YEM,Entrepreneurship,9.375,1985
"Yemen, Rep.",YEM,Entrepreneurship,9.375,1986
"Yemen, Rep.",YEM,Entrepreneurship,9.375,1987
"Yemen, Rep.",YEM,Entrepreneurship,9.375,1988
"Yemen, Rep.",YEM,Entrepreneurship,9.375,1989
"Yemen, Rep.",YEM,Entrepreneurship,9.375,1990
"Yemen, Rep.",YEM,Entrepreneurship,9.375,1991
"Yemen, Rep.",YEM,Entrepreneurship,9.375,1992
"Yemen, Rep.",YEM,Entrepreneurship,9.375,1993
"Yemen, Rep.",YEM,Entrepreneurship,9.375,1994
"Yemen, Rep.",YEM,Entrepreneurship,9.375,1995
"Yemen, Rep.",YEM,Entrepreneurship,9.375,1996
"Yemen, Rep.",YEM,Entrepreneurship,9.375,1997
"Yemen, Rep.",YEM,Entrepreneurship,9.375,1998
"Yemen, Rep.",YEM,Entrepreneurship,9.375,1999
"Yemen, Rep.",YEM,Entrepreneurship,9.375,2000
"Yemen, Rep.",YEM,Entrepreneurship,9.375,2001
"Yemen, Rep.",YEM,Entrepreneurship,9.375,2002
"Yemen, Rep.",YEM,Entrepreneurship,37.500,2003
"Yemen, Rep.",YEM,Entrepreneurship,37.500,2004
"Yemen, Rep.",YEM,Entrepreneurship,37.500,2005
"Yemen, Rep.",YEM,Entrepreneurship,37.500,2006
"Yemen, Rep.",YEM,Entrepreneurship,37.500,2007
"Yemen, Rep.",YEM,Entrepreneurship,37.500,2008
"Yemen, Rep.",YEM,Entrepreneurship,37.500,2009
"Yemen, Rep.",YEM,Entrepreneurship,43.750,2010
"Yemen, Rep.",YEM,Entrepreneurship,37.500,2011
"Yemen, Rep.",YEM,Entrepreneurship,37.500,2012
"Yemen, Rep.",YEM,Entrepreneurship,43.750,2013
"Yemen, Rep.",YEM,Entrepreneurship,56.250,2014
"Yemen, Rep.",YEM,Entrepreneurship,37.500,2015
"Yemen, Rep.",YEM,Entrepreneurship,37.500,2016
"Yemen, Rep.",YEM,Entrepreneurship,37.500,2017
"Yemen, Rep.",YEM,Entrepreneurship,37.500,2018
"Yemen, Rep.",YEM,Entrepreneurship,37.500,2019
"Yemen, Rep.",YEM,Entrepreneurship,9.375,2020
"Yemen, Rep.",YEM,Entrepreneurship,9.375,2021
"Yemen, Rep.",YEM,Entrepreneurship,9.375,2022
"Yemen, Rep.",YEM,Entrepreneurship,9.375,2023
"Yemen, Rep.",YEM,Environment,0.000,1960
"Yemen, Rep.",YEM,Environment,0.000,1961
"Yemen, Rep.",YEM,Environment,0.000,1962
"Yemen, Rep.",YEM,Environment,0.000,1963
"Yemen, Rep.",YEM,Environment,0.000,1964
"Yemen, Rep.",YEM,Environment,0.000,1965
"Yemen, Rep.",YEM,Environment,0.000,1966
"Yemen, Rep.",YEM,Environment,0.000,1967
"Yemen, Rep.",YEM,Environment,0.000,1968
"Yemen, Rep.",YEM,Environment,0.000,1969
"Yemen, Rep.",YEM,Environment,0.000,1970
"Yemen, Rep.",YEM,Environment,0.000,1971
"Yemen, Rep.",YEM,Environment,0.000,1972
"Yemen, Rep.",YEM,Environment,0.000,1973
"Yemen, Rep.",YEM,Environment,0.000,1974
"Yemen, Rep.",YEM,Environment,0.000,1975
"Yemen, Rep.",YEM,Environment,0.000,1976
"Yemen, Rep.",YEM,Environment,0.000,1977
"Yemen, Rep.",YEM,Environment,0.000,1978
"Yemen, Rep.",YEM,Environment,0.000,1979
"Yemen, Rep.",YEM,Environment,0.000,1980
"Yemen, Rep.",YEM,Environment,0.000,1981
"Yemen, Rep.",YEM,Environment,0.000,1982
"Yemen, Rep.",YEM,Environment,0.000,1983
"Yemen, Rep.",YEM,Environment,0.000,1984
"Yemen, Rep.",YEM,Environment,0.000,1985
"Yemen, Rep.",YEM,Environment,0.000,1986
"Yemen, Rep.",YEM,Environment,0.000,1987
"Yemen, Rep.",YEM,Environment,0.000,1988
"Yemen, Rep.",YEM,Environment,0.000,1989
"Yemen, Rep.",YEM,Environment,0.000,1990
"Yemen, Rep.",YEM,Environment,0.000,1991
"Yemen, Rep.",YEM,Environment,10.000,1992
"Yemen, Rep.",YEM,Environment,0.000,1993
"Yemen, Rep.",YEM,Environment,0.000,1994
"Yemen, Rep.",YEM,Environment,0.000,1995
"Yemen, Rep.",YEM,Environment,0.000,1996
"Yemen, Rep.",YEM,Environment,10.000,1997
"Yemen, Rep.",YEM,Environment,0.000,1998
"Yemen, Rep.",YEM,Environment,0.000,1999
"Yemen, Rep.",YEM,Environment,10.000,2000
"Yemen, Rep.",YEM,Environment,10.000,2001
"Yemen, Rep.",YEM,Environment,10.000,2002
"Yemen, Rep.",YEM,Environment,10.000,2003
"Yemen, Rep.",YEM,Environment,10.000,2004
"Yemen, Rep.",YEM,Environment,10.000,2005
"Yemen, Rep.",YEM,Environment,10.000,2006
"Yemen, Rep.",YEM,Environment,10.000,2007
"Yemen, Rep.",YEM,Environment,10.000,2008
"Yemen, Rep.",YEM,Environment,10.000,2009
"Yemen, Rep.",YEM,Environment,10.000,2010
"Yemen, Rep.",YEM,Environment,10.000,2011
"Yemen, Rep.",YEM,Environment,10.000,2012
"Yemen, Rep.",YEM,Environment,46.667,2013
"Yemen, Rep.",YEM,Environment,20.000,2014
"Yemen, Rep.",YEM,Environment,10.000,2015
"Yemen, Rep.",YEM,Environment,10.000,2016
"Yemen, Rep.",YEM,Environment,10.000,2017
"Yemen, Rep.",YEM,Environment,10.000,2018
"Yemen, Rep.",YEM,Environment,30.000,2019
"Yemen, Rep.",YEM,Environment,10.000,2020
"Yemen, Rep.",YEM,Environment,10.000,2021
"Yemen, Rep.",YEM,Environment,20.000,2022
"Yemen, Rep.",YEM,Environment,0.000,2023
"Yemen, Rep.",YEM,Health,3.535,1960
"Yemen, Rep.",YEM,Health,3.535,1961
"Yemen, Rep.",YEM,Health,3.535,1962
"Yemen, Rep.",YEM,Health,3.535,1963
"Yemen, Rep.",YEM,Health,6.061,1964
"Yemen, Rep.",YEM,Health,7.576,1965
"Yemen, Rep.",YEM,Health,7.576,1966
"Yemen, Rep.",YEM,Health,7.576,1967
"Yemen, Rep.",YEM,Health,7.576,1968
"Yemen, Rep.",YEM,Health,8.586,1969
"Yemen, Rep.",YEM,Health,8.586,1970
"Yemen, Rep.",YEM,Health,8.586,1971
"Yemen, Rep.",YEM,Health,8.586,1972
"Yemen, Rep.",YEM,Health,8.586,1973
"Yemen, Rep.",YEM,Health,8.586,1974
"Yemen, Rep.",YEM,Health,11.111,1975
"Yemen, Rep.",YEM,Health,11.111,1976
"Yemen, Rep.",YEM,Health,11.111,1977
"Yemen, Rep.",YEM,Health,11.111,1978
"Yemen, Rep.",YEM,Health,12.121,1979
"Yemen, Rep.",YEM,Health,12.121,1980
"Yemen, Rep.",YEM,Health,12.121,1981
"Yemen, Rep.",YEM,Health,12.121,1982
"Yemen, Rep.",YEM,Health,12.121,1983
"Yemen, Rep.",YEM,Health,12.121,1984
"Yemen, Rep.",YEM,Health,12.121,1985
"Yemen, Rep.",YEM,Health,12.121,1986
"Yemen, Rep.",YEM,Health,12.121,1987
"Yemen, Rep.",YEM,Health,12.121,1988
"Yemen, Rep.",YEM,Health,12.121,1989
"Yemen, Rep.",YEM,Health,16.667,1990
"Yemen, Rep.",YEM,Health,24.242,1991
"Yemen, Rep.",YEM,Health,22.727,1992
"Yemen, Rep.",YEM,Health,16.667,1993
"Yemen, Rep.",YEM,Health,16.667,1994
"Yemen, Rep.",YEM,Health,16.667,1995
"Yemen, Rep.",YEM,Health,18.687,1996
"Yemen, Rep.",YEM,Health,35.354,1997
"Yemen, Rep.",YEM,Health,16.667,1998
"Yemen, Rep.",YEM,Health,16.667,1999
"Yemen, Rep.",YEM,Health,56.566,2000
"Yemen, Rep.",YEM,Health,31.818,2001
"Yemen, Rep.",YEM,Health,31.818,2002
"Yemen, Rep.",YEM,Health,42.424,2003
"Yemen, Rep.",YEM,Health,31.818,2004
"Yemen, Rep.",YEM,Health,40.909,2005
"Yemen, Rep.",YEM,Health,35.354,2006
"Yemen, Rep.",YEM,Health,31.818,2007
"Yemen, Rep.",YEM,Health,31.818,2008
"Yemen, Rep.",YEM,Health,31.818,2009
"Yemen, Rep.",YEM,Health,61.111,2010
"Yemen, Rep.",YEM,Health,39.394,2011
"Yemen, Rep.",YEM,Health,32.323,2012
"Yemen, Rep.",YEM,Health,54.545,2013
"Yemen, Rep.",YEM,Health,33.333,2014
"Yemen, Rep.",YEM,Health,56.061,2015
"Yemen, Rep.",YEM,Health,31.818,2016
"Yemen, Rep.",YEM,Health,33.838,2017
"Yemen, Rep.",YEM,Health,35.354,2018
"Yemen, Rep.",YEM,Health,56.566,2019
"Yemen, Rep.",YEM,Health,27.778,2020
"Yemen, Rep.",YEM,Health,18.182,2021
"Yemen, Rep.",YEM,Health,18.687,2022
"Yemen, Rep.",YEM,Health,1.010,2023
"Yemen, Rep.",YEM,Leadership,0.000,1960
"Yemen, Rep.",YEM,Leadership,0.000,1961
"Yemen, Rep.",YEM,Leadership,0.000,1962
"Yemen, Rep.",YEM,Leadership,0.000,1963
"Yemen, Rep.",YEM,Leadership,0.000,1964
"Yemen, Rep.",YEM,Leadership,0.000,1965
"Yemen, Rep.",YEM,Leadership,0.000,1966
"Yemen, Rep.",YEM,Leadership,0.000,1967
"Yemen, Rep.",YEM,Leadership,0.000,1968
"Yemen, Rep.",YEM,Leadership,0.000,1969
"Yemen, Rep.",YEM,Leadership,0.000,1970
"Yemen, Rep.",YEM,Leadership,0.000,1971
"Yemen, Rep.",YEM,Leadership,0.000,1972
"Yemen, Rep.",YEM,Leadership,0.000,1973
"Yemen, Rep.",YEM,Leadership,0.000,1974
"Yemen, Rep.",YEM,Leadership,0.000,1975
"Yemen, Rep.",YEM,Leadership,0.000,1976
"Yemen, Rep.",YEM,Leadership,0.000,1977
"Yemen, Rep.",YEM,Leadership,0.000,1978
"Yemen, Rep.",YEM,Leadership,0.000,1979
"Yemen, Rep.",YEM,Leadership,0.000,1980
"Yemen, Rep.",YEM,Leadership,0.000,1981
"Yemen, Rep.",YEM,Leadership,0.000,1982
"Yemen, Rep.",YEM,Leadership,0.000,1983
"Yemen, Rep.",YEM,Leadership,0.000,1984
"Yemen, Rep.",YEM,Leadership,0.000,1985
"Yemen, Rep.",YEM,Leadership,0.000,1986
"Yemen, Rep.",YEM,Leadership,0.000,1987
"Yemen, Rep.",YEM,Leadership,0.000,1988
"Yemen, Rep.",YEM,Leadership,0.000,1989
"Yemen, Rep.",YEM,Leadership,0.000,1990
"Yemen, Rep.",YEM,Leadership,0.000,1991
"Yemen, Rep.",YEM,Leadership,0.000,1992
"Yemen, Rep.",YEM,Leadership,0.000,1993
"Yemen, Rep.",YEM,Leadership,0.000,1994
"Yemen, Rep.",YEM,Leadership,0.000,1995
"Yemen, Rep.",YEM,Leadership,0.000,1996
"Yemen, Rep.",YEM,Leadership,0.000,1997
"Yemen, Rep.",YEM,Leadership,25.000,1998
"Yemen, Rep.",YEM,Leadership,25.000,1999
"Yemen, Rep.",YEM,Leadership,25.000,2000
"Yemen, Rep.",YEM,Leadership,25.000,2001
"Yemen, Rep.",YEM,Leadership,25.000,2002
"Yemen, Rep.",YEM,Leadership,25.000,2003
"Yemen, Rep.",YEM,Leadership,25.000,2004
"Yemen, Rep.",YEM,Leadership,50.000,2005
"Yemen, Rep.",YEM,Leadership,25.000,2006
"Yemen, Rep.",YEM,Leadership,25.000,2007
"Yemen, Rep.",YEM,Leadership,50.000,2008
"Yemen, Rep.",YEM,Leadership,25.000,2009
"Yemen, Rep.",YEM,Leadership,75.000,2010
"Yemen, Rep.",YEM,Leadership,25.000,2011
"Yemen, Rep.",YEM,Leadership,50.000,2012
"Yemen, Rep.",YEM,Leadership,50.000,2013
"Yemen, Rep.",YEM,Leadership,75.000,2014
"Yemen, Rep.",YEM,Leadership,50.000,2015
"Yemen, Rep.",YEM,Leadership,50.000,2016
"Yemen, Rep.",YEM,Leadership,25.000,2017
"Yemen, Rep.",YEM,Leadership,50.000,2018
"Yemen, Rep.",YEM,Leadership,50.000,2019
"Yemen, Rep.",YEM,Leadership,50.000,2020
"Yemen, Rep.",YEM,Leadership,25.000,2021
"Yemen, Rep.",YEM,Leadership,50.000,2022
"Yemen, Rep.",YEM,Leadership,25.000,2023
"Yemen, Rep.",YEM,Norms and Decision-making,0.000,1960
"Yemen, Rep.",YEM,Norms and Decision-making,0.000,1961
"Yemen, Rep.",YEM,Norms and Decision-making,0.000,1962
"Yemen, Rep.",YEM,Norms and Decision-making,0.000,1963
"Yemen, Rep.",YEM,Norms and Decision-making,0.000,1964
"Yemen, Rep.",YEM,Norms and Decision-making,0.000,1965
"Yemen, Rep.",YEM,Norms and Decision-making,0.000,1966
"Yemen, Rep.",YEM,Norms and Decision-making,0.000,1967
"Yemen, Rep.",YEM,Norms and Decision-making,0.000,1968
"Yemen, Rep.",YEM,Norms and Decision-making,0.000,1969
"Yemen, Rep.",YEM,Norms and Decision-making,12.593,1970
"Yemen, Rep.",YEM,Norms and Decision-making,12.593,1971
"Yemen, Rep.",YEM,Norms and Decision-making,12.593,1972
"Yemen, Rep.",YEM,Norms and Decision-making,12.593,1973
"Yemen, Rep.",YEM,Norms and Decision-making,12.593,1974
"Yemen, Rep.",YEM,Norms and Decision-making,14.074,1975
"Yemen, Rep.",YEM,Norms and Decision-making,12.593,1976
"Yemen, Rep.",YEM,Norms and Decision-making,12.593,1977
"Yemen, Rep.",YEM,Norms and Decision-making,12.593,1978
"Yemen, Rep.",YEM,Norms and Decision-making,12.593,1979
"Yemen, Rep.",YEM,Norms and Decision-making,12.593,1980
"Yemen, Rep.",YEM,Norms and Decision-making,12.593,1981
"Yemen, Rep.",YEM,Norms and Decision-making,12.593,1982
"Yemen, Rep.",YEM,Norms and Decision-making,12.593,1983
"Yemen, Rep.",YEM,Norms and Decision-making,12.593,1984
"Yemen, Rep.",YEM,Norms and Decision-making,12.593,1985
"Yemen, Rep.",YEM,Norms and Decision-making,14.074,1986
"Yemen, Rep.",YEM,Norms and Decision-making,12.593,1987
"Yemen, Rep.",YEM,Norms and Decision-making,12.593,1988
"Yemen, Rep.",YEM,Norms and Decision-making,12.593,1989
"Yemen, Rep.",YEM,Norms and Decision-making,12.593,1990
"Yemen, Rep.",YEM,Norms and Decision-making,12.593,1991
"Yemen, Rep.",YEM,Norms and Decision-making,17.037,1992
"Yemen, Rep.",YEM,Norms and Decision-making,12.593,1993
"Yemen, Rep.",YEM,Norms and Decision-making,14.074,1994
"Yemen, Rep.",YEM,Norms and Decision-making,12.593,1995
"Yemen, Rep.",YEM,Norms and Decision-making,12.593,1996
"Yemen, Rep.",YEM,Norms and Decision-making,17.037,1997
"Yemen, Rep.",YEM,Norms and Decision-making,12.593,1998
"Yemen, Rep.",YEM,Norms and Decision-making,12.593,1999
"Yemen, Rep.",YEM,Norms and Decision-making,12.593,2000
"Yemen, Rep.",YEM,Norms and Decision-making,12.593,2001
"Yemen, Rep.",YEM,Norms and Decision-making,12.593,2002
"Yemen, Rep.",YEM,Norms and Decision-making,14.074,2003
"Yemen, Rep.",YEM,Norms and Decision-making,12.593,2004
"Yemen, Rep.",YEM,Norms and Decision-making,12.593,2005
"Yemen, Rep.",YEM,Norms and Decision-making,15.556,2006
"Yemen, Rep.",YEM,Norms and Decision-making,12.593,2007
"Yemen, Rep.",YEM,Norms and Decision-making,12.593,2008
"Yemen, Rep.",YEM,Norms and Decision-making,12.593,2009
"Yemen, Rep.",YEM,Norms and Decision-making,12.593,2010
"Yemen, Rep.",YEM,Norms and Decision-making,12.593,2011
"Yemen, Rep.",YEM,Norms and Decision-making,12.593,2012
"Yemen, Rep.",YEM,Norms and Decision-making,55.556,2013
"Yemen, Rep.",YEM,Norms and Decision-making,12.593,2014
"Yemen, Rep.",YEM,Norms and Decision-making,12.593,2015
"Yemen, Rep.",YEM,Norms and Decision-making,12.593,2016
"Yemen, Rep.",YEM,Norms and Decision-making,12.593,2017
"Yemen, Rep.",YEM,Norms and Decision-making,12.593,2018
"Yemen, Rep.",YEM,Norms and Decision-making,12.593,2019
"Yemen, Rep.",YEM,Norms and Decision-making,12.593,2020
"Yemen, Rep.",YEM,Norms and Decision-making,12.593,2021
"Yemen, Rep.",YEM,Norms and Decision-making,12.593,2022
"Yemen, Rep.",YEM,Norms and Decision-making,14.074,2023
"Yemen, Rep.",YEM,Population,86.905,1960
"Yemen, Rep.",YEM,Population,86.905,1961
"Yemen, Rep.",YEM,Population,86.905,1962
"Yemen, Rep.",YEM,Population,86.905,1963
"Yemen, Rep.",YEM,Population,86.905,1964
"Yemen, Rep.",YEM,Population,86.905,1965
"Yemen, Rep.",YEM,Population,86.905,1966
"Yemen, Rep.",YEM,Population,86.905,1967
"Yemen, Rep.",YEM,Population,86.905,1968
"Yemen, Rep.",YEM,Population,86.905,1969
"Yemen, Rep.",YEM,Population,86.905,1970
"Yemen, Rep.",YEM,Population,86.905,1971
"Yemen, Rep.",YEM,Population,86.905,1972
"Yemen, Rep.",YEM,Population,86.905,1973
"Yemen, Rep.",YEM,Population,86.905,1974
"Yemen, Rep.",YEM,Population,89.286,1975
"Yemen, Rep.",YEM,Population,86.905,1976
"Yemen, Rep.",YEM,Population,86.905,1977
"Yemen, Rep.",YEM,Population,86.905,1978
"Yemen, Rep.",YEM,Population,86.905,1979
"Yemen, Rep.",YEM,Population,91.667,1980
"Yemen, Rep.",YEM,Population,86.905,1981
"Yemen, Rep.",YEM,Population,86.905,1982
"Yemen, Rep.",YEM,Population,86.905,1983
"Yemen, Rep.",YEM,Population,86.905,1984
"Yemen, Rep.",YEM,Population,91.667,1985
"Yemen, Rep.",YEM,Population,89.286,1986
"Yemen, Rep.",YEM,Population,86.905,1987
"Yemen, Rep.",YEM,Population,86.905,1988
"Yemen, Rep.",YEM,Population,86.905,1989
"Yemen, Rep.",YEM,Population,92.857,1990
"Yemen, Rep.",YEM,Population,86.905,1991
"Yemen, Rep.",YEM,Population,90.476,1992
"Yemen, Rep.",YEM,Population,86.905,1993
"Yemen, Rep.",YEM,Population,89.286,1994
"Yemen, Rep.",YEM,Population,92.857,1995
"Yemen, Rep.",YEM,Population,86.905,1996
"Yemen, Rep.",YEM,Population,89.286,1997
"Yemen, Rep.",YEM,Population,86.905,1998
"Yemen, Rep.",YEM,Population,86.905,1999
"Yemen, Rep.",YEM,Population,92.857,2000
"Yemen, Rep.",YEM,Population,86.905,2001
"Yemen, Rep.",YEM,Population,86.905,2002
"Yemen, Rep.",YEM,Population,89.286,2003
"Yemen, Rep.",YEM,Population,86.905,2004
"Yemen, Rep.",YEM,Population,92.857,2005
"Yemen, Rep.",YEM,Population,90.476,2006
"Yemen, Rep.",YEM,Population,86.905,2007
"Yemen, Rep.",YEM,Population,86.905,2008
"Yemen, Rep.",YEM,Population,86.905,2009
"Yemen, Rep.",YEM,Population,92.857,2010
"Yemen, Rep.",YEM,Population,86.905,2011
"Yemen, Rep.",YEM,Population,88.095,2012
"Yemen, Rep.",YEM,Population,94.048,2013
"Yemen, Rep.",YEM,Population,86.905,2014
"Yemen, Rep.",YEM,Population,92.857,2015
"Yemen, Rep.",YEM,Population,86.905,2016
"Yemen, Rep.",YEM,Population,86.905,2017
"Yemen, Rep.",YEM,Population,86.905,2018
"Yemen, Rep.",YEM,Population,86.905,2019
"Yemen, Rep.",YEM,Population,88.095,2020
"Yemen, Rep.",YEM,Population,86.905,2021
"Yemen, Rep.",YEM,Population,86.905,2022
"Yemen, Rep.",YEM,Population,77.381,2023
"Yemen, Rep.",YEM,SDGs,1.342,1960
"Yemen, Rep.",YEM,SDGs,1.342,1961
"Yemen, Rep.",YEM,SDGs,1.342,1962
"Yemen, Rep.",YEM,SDGs,1.342,1963
"Yemen, Rep.",YEM,SDGs,2.685,1964
"Yemen, Rep.",YEM,SDGs,2.685,1965
"Yemen, Rep.",YEM,SDGs,2.685,1966
"Yemen, Rep.",YEM,SDGs,2.685,1967
"Yemen, Rep.",YEM,SDGs,2.685,1968
"Yemen, Rep.",YEM,SDGs,2.685,1969
"Yemen, Rep.",YEM,SDGs,11.409,1970
"Yemen, Rep.",YEM,SDGs,11.409,1971
"Yemen, Rep.",YEM,SDGs,11.409,1972
"Yemen, Rep.",YEM,SDGs,11.409,1973
"Yemen, Rep.",YEM,SDGs,11.409,1974
"Yemen, Rep.",YEM,SDGs,11.409,1975
"Yemen, Rep.",YEM,SDGs,11.409,1976
"Yemen, Rep.",YEM,SDGs,11.409,1977
"Yemen, Rep.",YEM,SDGs,11.409,1978
"Yemen, Rep.",YEM,SDGs,11.409,1979
"Yemen, Rep.",YEM,SDGs,12.081,1980
"Yemen, Rep.",YEM,SDGs,12.081,1981
"Yemen, Rep.",YEM,SDGs,12.081,1982
"Yemen, Rep.",YEM,SDGs,12.081,1983
"Yemen, Rep.",YEM,SDGs,12.081,1984
"Yemen, Rep.",YEM,SDGs,12.081,1985
"Yemen, Rep.",YEM,SDGs,12.081,1986
"Yemen, Rep.",YEM,SDGs,12.081,1987
"Yemen, Rep.",YEM,SDGs,12.081,1988
"Yemen, Rep.",YEM,SDGs,12.081,1989
"Yemen, Rep.",YEM,SDGs,16.107,1990
"Yemen, Rep.",YEM,SDGs,20.134,1991
"Yemen, Rep.",YEM,SDGs,22.819,1992
"Yemen, Rep.",YEM,SDGs,20.134,1993
"Yemen, Rep.",YEM,SDGs,24.161,1994
"Yemen, Rep.",YEM,SDGs,20.134,1995
"Yemen, Rep.",YEM,SDGs,20.134,1996
"Yemen, Rep.",YEM,SDGs,27.517,1997
"Yemen, Rep.",YEM,SDGs,20.805,1998
"Yemen, Rep.",YEM,SDGs,24.832,1999
"Yemen, Rep.",YEM,SDGs,65.772,2000
"Yemen, Rep.",YEM,SDGs,33.557,2001
"Yemen, Rep.",YEM,SDGs,33.557,2002
"Yemen, Rep.",YEM,SDGs,36.913,2003
"Yemen, Rep.",YEM,SDGs,35.570,2004
"Yemen, Rep.",YEM,SDGs,37.584,2005
"Yemen, Rep.",YEM,SDGs,36.242,2006
"Yemen, Rep.",YEM,SDGs,37.584,2007
"Yemen, Rep.",YEM,SDGs,35.570,2008
"Yemen, Rep.",YEM,SDGs,35.570,2009
"Yemen, Rep.",YEM,SDGs,69.799,2010
"Yemen, Rep.",YEM,SDGs,37.584,2011
"Yemen, Rep.",YEM,SDGs,34.228,2012
"Yemen, Rep.",YEM,SDGs,40.940,2013
"Yemen, Rep.",YEM,SDGs,39.597,2014
"Yemen, Rep.",YEM,SDGs,65.772,2015
"Yemen, Rep.",YEM,SDGs,33.557,2016
"Yemen, Rep.",YEM,SDGs,33.557,2017
"Yemen, Rep.",YEM,SDGs,35.570,2018
"Yemen, Rep.",YEM,SDGs,69.799,2019
"Yemen, Rep.",YEM,SDGs,27.517,2020
"Yemen, Rep.",YEM,SDGs,22.819,2021
"Yemen, Rep.",YEM,SDGs,24.832,2022
"Yemen, Rep.",YEM,SDGs,15.436,2023
"Yemen, Rep.",YEM,Technology,0.000,1960
"Yemen, Rep.",YEM,Technology,0.000,1961
"Yemen, Rep.",YEM,Technology,0.000,1962
"Yemen, Rep.",YEM,Technology,0.000,1963
"Yemen, Rep.",YEM,Technology,0.000,1964
"Yemen, Rep.",YEM,Technology,0.000,1965
"Yemen, Rep.",YEM,Technology,0.000,1966
"Yemen, Rep.",YEM,Technology,0.000,1967
"Yemen, Rep.",YEM,Technology,0.000,1968
"Yemen, Rep.",YEM,Technology,0.000,1969
"Yemen, Rep.",YEM,Technology,0.000,1970
"Yemen, Rep.",YEM,Technology,0.000,1971
"Yemen, Rep.",YEM,Technology,0.000,1972
"Yemen, Rep.",YEM,Technology,0.000,1973
"Yemen, Rep.",YEM,Technology,0.000,1974
"Yemen, Rep.",YEM,Technology,0.000,1975
"Yemen, Rep.",YEM,Technology,0.000,1976
"Yemen, Rep.",YEM,Technology,0.000,1977
"Yemen, Rep.",YEM,Technology,0.000,1978
"Yemen, Rep.",YEM,Technology,0.000,1979
"Yemen, Rep.",YEM,Technology,0.000,1980
"Yemen, Rep.",YEM,Technology,0.000,1981
"Yemen, Rep.",YEM,Technology,0.000,1982
"Yemen, Rep.",YEM,Technology,0.000,1983
"Yemen, Rep.",YEM,Technology,0.000,1984
"Yemen, Rep.",YEM,Technology,0.000,1985
"Yemen, Rep.",YEM,Technology,0.000,1986
"Yemen, Rep.",YEM,Technology,0.000,1987
"Yemen, Rep.",YEM,Technology,0.000,1988
"Yemen, Rep.",YEM,Technology,0.000,1989
"Yemen, Rep.",YEM,Technology,2.222,1990
"Yemen, Rep.",YEM,Technology,2.222,1991
"Yemen, Rep.",YEM,Technology,2.222,1992
"Yemen, Rep.",YEM,Technology,2.222,1993
"Yemen, Rep.",YEM,Technology,2.222,1994
"Yemen, Rep.",YEM,Technology,2.222,1995
"Yemen, Rep.",YEM,Technology,2.222,1996
"Yemen, Rep.",YEM,Technology,2.222,1997
"Yemen, Rep.",YEM,Technology,2.222,1998
"Yemen, Rep.",YEM,Technology,2.222,1999
"Yemen, Rep.",YEM,Technology,2.222,2000
"Yemen, Rep.",YEM,Technology,2.222,2001
"Yemen, Rep.",YEM,Technology,2.222,2002
"Yemen, Rep.",YEM,Technology,2.222,2003
"Yemen, Rep.",YEM,Technology,2.222,2004
"Yemen, Rep.",YEM,Technology,2.222,2005
"Yemen, Rep.",YEM,Technology,2.222,2006
"Yemen, Rep.",YEM,Technology,2.222,2007
"Yemen, Rep.",YEM,Technology,2.222,2008
"Yemen, Rep.",YEM,Technology,2.222,2009
"Yemen, Rep.",YEM,Technology,2.222,2010
"Yemen, Rep.",YEM,Technology,8.889,2011
"Yemen, Rep.",YEM,Technology,2.222,2012
"Yemen, Rep.",YEM,Technology,2.222,2013
"Yemen, Rep.",YEM,Technology,28.889,2014
"Yemen, Rep.",YEM,Technology,2.222,2015
"Yemen, Rep.",YEM,Technology,2.222,2016
"Yemen, Rep.",YEM,Technology,2.222,2017
"Yemen, Rep.",YEM,Technology,0.000,2018
"Yemen, Rep.",YEM,Technology,0.000,2019
"Yemen, Rep.",YEM,Technology,2.222,2020
"Yemen, Rep.",YEM,Technology,2.222,2021
"Yemen, Rep.",YEM,Technology,68.889,2022
"Yemen, Rep.",YEM,Technology,0.000,2023
"Yemen, Rep.",YEM,Violence,0.000,1960
"Yemen, Rep.",YEM,Violence,0.000,1961
"Yemen, Rep.",YEM,Violence,0.000,1962
"Yemen, Rep.",YEM,Violence,0.000,1963
"Yemen, Rep.",YEM,Violence,0.000,1964
"Yemen, Rep.",YEM,Violence,0.000,1965
"Yemen, Rep.",YEM,Violence,0.000,1966
"Yemen, Rep.",YEM,Violence,0.000,1967
"Yemen, Rep.",YEM,Violence,0.000,1968
"Yemen, Rep.",YEM,Violence,0.000,1969
"Yemen, Rep.",YEM,Violence,2.143,1970
"Yemen, Rep.",YEM,Violence,2.143,1971
"Yemen, Rep.",YEM,Violence,2.143,1972
"Yemen, Rep.",YEM,Violence,2.143,1973
"Yemen, Rep.",YEM,Violence,2.143,1974
"Yemen, Rep.",YEM,Violence,2.143,1975
"Yemen, Rep.",YEM,Violence,2.143,1976
"Yemen, Rep.",YEM,Violence,2.143,1977
"Yemen, Rep.",YEM,Violence,2.143,1978
"Yemen, Rep.",YEM,Violence,2.143,1979
"Yemen, Rep.",YEM,Violence,2.143,1980
"Yemen, Rep.",YEM,Violence,2.143,1981
"Yemen, Rep.",YEM,Violence,2.143,1982
"Yemen, Rep.",YEM,Violence,2.143,1983
"Yemen, Rep.",YEM,Violence,2.143,1984
"Yemen, Rep.",YEM,Violence,2.143,1985
"Yemen, Rep.",YEM,Violence,2.143,1986
"Yemen, Rep.",YEM,Violence,2.143,1987
"Yemen, Rep.",YEM,Violence,2.143,1988
"Yemen, Rep.",YEM,Violence,2.143,1989
"Yemen, Rep.",YEM,Violence,2.143,1990
"Yemen, Rep.",YEM,Violence,2.143,1991
"Yemen, Rep.",YEM,Violence,3.571,1992
"Yemen, Rep.",YEM,Violence,2.143,1993
"Yemen, Rep.",YEM,Violence,2.143,1994
"Yemen, Rep.",YEM,Violence,2.143,1995
"Yemen, Rep.",YEM,Violence,2.143,1996
"Yemen, Rep.",YEM,Violence,8.571,1997
"Yemen, Rep.",YEM,Violence,2.857,1998
"Yemen, Rep.",YEM,Violence,2.857,1999
"Yemen, Rep.",YEM,Violence,5.000,2000
"Yemen, Rep.",YEM,Violence,4.286,2001
"Yemen, Rep.",YEM,Violence,4.286,2002
"Yemen, Rep.",YEM,Violence,5.000,2003
"Yemen, Rep.",YEM,Violence,5.000,2004
"Yemen, Rep.",YEM,Violence,4.286,2005
"Yemen, Rep.",YEM,Violence,4.286,2006
"Yemen, Rep.",YEM,Violence,4.286,2007
"Yemen, Rep.",YEM,Violence,4.286,2008
"Yemen, Rep.",YEM,Violence,5.000,2009
"Yemen, Rep.",YEM,Violence,5.000,2010
"Yemen, Rep.",YEM,Violence,5.000,2011
"Yemen, Rep.",YEM,Violence,5.000,2012
"Yemen, Rep.",YEM,Violence,37.857,2013
"Yemen, Rep.",YEM,Violence,4.286,2014
"Yemen, Rep.",YEM,Violence,4.286,2015
"Yemen, Rep.",YEM,Violence,4.286,2016
"Yemen, Rep.",YEM,Violence,4.286,2017
"Yemen, Rep.",YEM,Violence,4.286,2018
"Yemen, Rep.",YEM,Violence,4.286,2019
"Yemen, Rep.",YEM,Violence,2.143,2020
"Yemen, Rep.",YEM,Violence,2.143,2021
"Yemen, Rep.",YEM,Violence,2.143,2022
"Yemen, Rep.",YEM,Violence,3.571,2023
"Yemen, Rep.",YEM,Youth 15-24,4.587,1960
"Yemen, Rep.",YEM,Youth 15-24,4.587,1961
"Yemen, Rep.",YEM,Youth 15-24,4.587,1962
"Yemen, Rep.",YEM,Youth 15-24,4.587,1963
"Yemen, Rep.",YEM,Youth 15-24,4.587,1964
"Yemen, Rep.",YEM,Youth 15-24,4.587,1965
"Yemen, Rep.",YEM,Youth 15-24,4.587,1966
"Yemen, Rep.",YEM,Youth 15-24,4.587,1967
"Yemen, Rep.",YEM,Youth 15-24,4.587,1968
"Yemen, Rep.",YEM,Youth 15-24,4.587,1969
"Yemen, Rep.",YEM,Youth 15-24,4.587,1970
"Yemen, Rep.",YEM,Youth 15-24,4.587,1971
"Yemen, Rep.",YEM,Youth 15-24,4.587,1972
"Yemen, Rep.",YEM,Youth 15-24,4.587,1973
"Yemen, Rep.",YEM,Youth 15-24,4.587,1974
"Yemen, Rep.",YEM,Youth 15-24,4.587,1975
"Yemen, Rep.",YEM,Youth 15-24,4.587,1976
"Yemen, Rep.",YEM,Youth 15-24,4.587,1977
"Yemen, Rep.",YEM,Youth 15-24,4.587,1978
"Yemen, Rep.",YEM,Youth 15-24,4.587,1979
"Yemen, Rep.",YEM,Youth 15-24,4.587,1980
"Yemen, Rep.",YEM,Youth 15-24,4.587,1981
"Yemen, Rep.",YEM,Youth 15-24,4.587,1982
"Yemen, Rep.",YEM,Youth 15-24,4.587,1983
"Yemen, Rep.",YEM,Youth 15-24,4.587,1984
"Yemen, Rep.",YEM,Youth 15-24,4.587,1985
"Yemen, Rep.",YEM,Youth 15-24,4.587,1986
"Yemen, Rep.",YEM,Youth 15-24,4.587,1987
"Yemen, Rep.",YEM,Youth 15-24,4.587,1988
"Yemen, Rep.",YEM,Youth 15-24,4.587,1989
"Yemen, Rep.",YEM,Youth 15-24,11.927,1990
"Yemen, Rep.",YEM,Youth 15-24,18.349,1991
"Yemen, Rep.",YEM,Youth 15-24,23.853,1992
"Yemen, Rep.",YEM,Youth 15-24,18.349,1993
"Yemen, Rep.",YEM,Youth 15-24,32.110,1994
"Yemen, Rep.",YEM,Youth 15-24,18.349,1995
"Yemen, Rep.",YEM,Youth 15-24,18.349,1996
"Yemen, Rep.",YEM,Youth 15-24,25.688,1997
"Yemen, Rep.",YEM,Youth 15-24,18.349,1998
"Yemen, Rep.",YEM,Youth 15-24,46.789,1999
"Yemen, Rep.",YEM,Youth 15-24,18.349,2000
"Yemen, Rep.",YEM,Youth 15-24,27.523,2001
"Yemen, Rep.",YEM,Youth 15-24,22.018,2002
"Yemen, Rep.",YEM,Youth 15-24,35.780,2003
"Yemen, Rep.",YEM,Youth 15-24,49.541,2004
"Yemen, Rep.",YEM,Youth 15-24,39.450,2005
"Yemen, Rep.",YEM,Youth 15-24,22.936,2006
"Yemen, Rep.",YEM,Youth 15-24,22.018,2007
"Yemen, Rep.",YEM,Youth 15-24,27.523,2008
"Yemen, Rep.",YEM,Youth 15-24,19.266,2009
"Yemen, Rep.",YEM,Youth 15-24,49.541,2010
"Yemen, Rep.",YEM,Youth 15-24,35.780,2011
"Yemen, Rep.",YEM,Youth 15-24,39.450,2012
"Yemen, Rep.",YEM,Youth 15-24,39.450,2013
"Yemen, Rep.",YEM,Youth 15-24,41.284,2014
"Yemen, Rep.",YEM,Youth 15-24,18.349,2015
"Yemen, Rep.",YEM,Youth 15-24,36.697,2016
"Yemen, Rep.",YEM,Youth 15-24,18.349,2017
"Yemen, Rep.",YEM,Youth 15-24,18.349,2018
"Yemen, Rep.",YEM,Youth 15-24,18.349,2019
"Yemen, Rep.",YEM,Youth 15-24,18.349,2020
"Yemen, Rep.",YEM,Youth 15-24,18.349,2021
"Yemen, Rep.",YEM,Youth 15-24,18.349,2022
"Yemen, Rep.",YEM,Youth 15-24,21.101,2023
