Country Name,Country Code,Topic,% of available indicators,Year
Sri Lanka,LKA,Assets,0.000,1960
Sri Lanka,LKA,Assets,0.000,1961
Sri Lanka,LKA,Assets,0.000,1962
Sri Lanka,LKA,Assets,0.000,1963
Sri Lanka,LKA,Assets,0.000,1964
Sri Lanka,LKA,Assets,0.000,1965
Sri Lanka,LKA,Assets,0.000,1966
Sri Lanka,LKA,Assets,0.000,1967
Sri Lanka,LKA,Assets,0.000,1968
Sri Lanka,LKA,Assets,0.000,1969
Sri Lanka,LKA,Assets,2.208,1970
Sri Lanka,LKA,Assets,2.208,1971
Sri Lanka,LKA,Assets,2.208,1972
Sri Lanka,LKA,Assets,2.208,1973
Sri Lanka,LKA,Assets,2.208,1974
Sri Lanka,LKA,Assets,2.208,1975
Sri Lanka,LKA,Assets,2.208,1976
Sri Lanka,LKA,Assets,2.208,1977
Sri Lanka,LKA,Assets,2.208,1978
Sri Lanka,LKA,Assets,2.208,1979
Sri Lanka,LKA,Assets,2.208,1980
Sri Lanka,LKA,Assets,2.208,1981
Sri Lanka,LKA,Assets,2.208,1982
Sri Lanka,LKA,Assets,2.208,1983
Sri Lanka,LKA,Assets,2.208,1984
Sri Lanka,LKA,Assets,2.208,1985
Sri Lanka,LKA,Assets,2.208,1986
Sri Lanka,LKA,Assets,2.208,1987
Sri Lanka,LKA,Assets,2.208,1988
Sri Lanka,LKA,Assets,2.208,1989
Sri Lanka,LKA,Assets,2.208,1990
Sri Lanka,LKA,Assets,2.208,1991
Sri Lanka,LKA,Assets,2.208,1992
Sri Lanka,LKA,Assets,2.208,1993
Sri Lanka,LKA,Assets,2.208,1994
Sri Lanka,LKA,Assets,2.208,1995
Sri Lanka,LKA,Assets,2.208,1996
Sri Lanka,LKA,Assets,2.208,1997
Sri Lanka,LKA,Assets,2.208,1998
Sri Lanka,LKA,Assets,2.208,1999
Sri Lanka,LKA,Assets,2.208,2000
Sri Lanka,LKA,Assets,2.208,2001
Sri Lanka,LKA,Assets,2.208,2002
Sri Lanka,LKA,Assets,2.208,2003
Sri Lanka,LKA,Assets,2.208,2004
Sri Lanka,LKA,Assets,2.208,2005
Sri Lanka,LKA,Assets,2.208,2006
Sri Lanka,LKA,Assets,2.208,2007
Sri Lanka,LKA,Assets,2.208,2008
Sri Lanka,LKA,Assets,2.208,2009
Sri Lanka,LKA,Assets,2.208,2010
Sri Lanka,LKA,Assets,11.672,2011
Sri Lanka,LKA,Assets,2.208,2012
Sri Lanka,LKA,Assets,2.208,2013
Sri Lanka,LKA,Assets,31.546,2014
Sri Lanka,LKA,Assets,2.208,2015
Sri Lanka,LKA,Assets,2.208,2016
Sri Lanka,LKA,Assets,34.069,2017
Sri Lanka,LKA,Assets,2.208,2018
Sri Lanka,LKA,Assets,2.208,2019
Sri Lanka,LKA,Assets,2.208,2020
Sri Lanka,LKA,Assets,63.091,2021
Sri Lanka,LKA,Assets,2.208,2022
Sri Lanka,LKA,Assets,2.208,2023
Sri Lanka,LKA,Children 0-14,19.231,1960
Sri Lanka,LKA,Children 0-14,19.231,1961
Sri Lanka,LKA,Children 0-14,19.231,1962
Sri Lanka,LKA,Children 0-14,19.231,1963
Sri Lanka,LKA,Children 0-14,19.231,1964
Sri Lanka,LKA,Children 0-14,19.231,1965
Sri Lanka,LKA,Children 0-14,19.231,1966
Sri Lanka,LKA,Children 0-14,19.231,1967
Sri Lanka,LKA,Children 0-14,19.231,1968
Sri Lanka,LKA,Children 0-14,19.231,1969
Sri Lanka,LKA,Children 0-14,28.462,1970
Sri Lanka,LKA,Children 0-14,26.154,1971
Sri Lanka,LKA,Children 0-14,22.308,1972
Sri Lanka,LKA,Children 0-14,20.769,1973
Sri Lanka,LKA,Children 0-14,22.308,1974
Sri Lanka,LKA,Children 0-14,25.385,1975
Sri Lanka,LKA,Children 0-14,25.385,1976
Sri Lanka,LKA,Children 0-14,28.462,1977
Sri Lanka,LKA,Children 0-14,24.615,1978
Sri Lanka,LKA,Children 0-14,22.308,1979
Sri Lanka,LKA,Children 0-14,26.154,1980
Sri Lanka,LKA,Children 0-14,28.462,1981
Sri Lanka,LKA,Children 0-14,27.692,1982
Sri Lanka,LKA,Children 0-14,27.692,1983
Sri Lanka,LKA,Children 0-14,26.923,1984
Sri Lanka,LKA,Children 0-14,31.538,1985
Sri Lanka,LKA,Children 0-14,34.615,1986
Sri Lanka,LKA,Children 0-14,36.923,1987
Sri Lanka,LKA,Children 0-14,26.154,1988
Sri Lanka,LKA,Children 0-14,31.538,1989
Sri Lanka,LKA,Children 0-14,31.538,1990
Sri Lanka,LKA,Children 0-14,31.538,1991
Sri Lanka,LKA,Children 0-14,30.000,1992
Sri Lanka,LKA,Children 0-14,31.538,1993
Sri Lanka,LKA,Children 0-14,24.615,1994
Sri Lanka,LKA,Children 0-14,26.923,1995
Sri Lanka,LKA,Children 0-14,24.615,1996
Sri Lanka,LKA,Children 0-14,20.769,1997
Sri Lanka,LKA,Children 0-14,30.000,1998
Sri Lanka,LKA,Children 0-14,23.077,1999
Sri Lanka,LKA,Children 0-14,46.154,2000
Sri Lanka,LKA,Children 0-14,43.077,2001
Sri Lanka,LKA,Children 0-14,38.462,2002
Sri Lanka,LKA,Children 0-14,40.000,2003
Sri Lanka,LKA,Children 0-14,29.231,2004
Sri Lanka,LKA,Children 0-14,39.231,2005
Sri Lanka,LKA,Children 0-14,43.846,2006
Sri Lanka,LKA,Children 0-14,53.846,2007
Sri Lanka,LKA,Children 0-14,36.923,2008
Sri Lanka,LKA,Children 0-14,53.077,2009
Sri Lanka,LKA,Children 0-14,64.615,2010
Sri Lanka,LKA,Children 0-14,46.154,2011
Sri Lanka,LKA,Children 0-14,53.077,2012
Sri Lanka,LKA,Children 0-14,48.462,2013
Sri Lanka,LKA,Children 0-14,46.154,2014
Sri Lanka,LKA,Children 0-14,58.462,2015
Sri Lanka,LKA,Children 0-14,56.923,2016
Sri Lanka,LKA,Children 0-14,50.769,2017
Sri Lanka,LKA,Children 0-14,44.615,2018
Sri Lanka,LKA,Children 0-14,53.846,2019
Sri Lanka,LKA,Children 0-14,43.077,2020
Sri Lanka,LKA,Children 0-14,33.846,2021
Sri Lanka,LKA,Children 0-14,33.846,2022
Sri Lanka,LKA,Children 0-14,9.231,2023
Sri Lanka,LKA,Education,0.000,1960
Sri Lanka,LKA,Education,0.000,1961
Sri Lanka,LKA,Education,0.000,1962
Sri Lanka,LKA,Education,0.000,1963
Sri Lanka,LKA,Education,0.000,1964
Sri Lanka,LKA,Education,0.000,1965
Sri Lanka,LKA,Education,0.000,1966
Sri Lanka,LKA,Education,0.000,1967
Sri Lanka,LKA,Education,0.000,1968
Sri Lanka,LKA,Education,0.000,1969
Sri Lanka,LKA,Education,12.883,1970
Sri Lanka,LKA,Education,15.337,1971
Sri Lanka,LKA,Education,4.294,1972
Sri Lanka,LKA,Education,7.975,1973
Sri Lanka,LKA,Education,8.589,1974
Sri Lanka,LKA,Education,8.589,1975
Sri Lanka,LKA,Education,12.270,1976
Sri Lanka,LKA,Education,9.816,1977
Sri Lanka,LKA,Education,7.975,1978
Sri Lanka,LKA,Education,6.135,1979
Sri Lanka,LKA,Education,7.975,1980
Sri Lanka,LKA,Education,26.994,1981
Sri Lanka,LKA,Education,14.724,1982
Sri Lanka,LKA,Education,18.405,1983
Sri Lanka,LKA,Education,17.791,1984
Sri Lanka,LKA,Education,21.472,1985
Sri Lanka,LKA,Education,25.767,1986
Sri Lanka,LKA,Education,14.110,1987
Sri Lanka,LKA,Education,12.883,1988
Sri Lanka,LKA,Education,17.178,1989
Sri Lanka,LKA,Education,17.178,1990
Sri Lanka,LKA,Education,17.178,1991
Sri Lanka,LKA,Education,14.724,1992
Sri Lanka,LKA,Education,10.429,1993
Sri Lanka,LKA,Education,15.337,1994
Sri Lanka,LKA,Education,8.589,1995
Sri Lanka,LKA,Education,4.294,1996
Sri Lanka,LKA,Education,0.000,1997
Sri Lanka,LKA,Education,9.816,1998
Sri Lanka,LKA,Education,0.000,1999
Sri Lanka,LKA,Education,0.000,2000
Sri Lanka,LKA,Education,31.902,2001
Sri Lanka,LKA,Education,16.564,2002
Sri Lanka,LKA,Education,15.951,2003
Sri Lanka,LKA,Education,7.362,2004
Sri Lanka,LKA,Education,17.178,2005
Sri Lanka,LKA,Education,31.288,2006
Sri Lanka,LKA,Education,19.632,2007
Sri Lanka,LKA,Education,25.767,2008
Sri Lanka,LKA,Education,22.086,2009
Sri Lanka,LKA,Education,70.552,2010
Sri Lanka,LKA,Education,61.350,2011
Sri Lanka,LKA,Education,39.264,2012
Sri Lanka,LKA,Education,57.055,2013
Sri Lanka,LKA,Education,49.693,2014
Sri Lanka,LKA,Education,45.399,2015
Sri Lanka,LKA,Education,61.963,2016
Sri Lanka,LKA,Education,76.074,2017
Sri Lanka,LKA,Education,69.325,2018
Sri Lanka,LKA,Education,38.650,2019
Sri Lanka,LKA,Education,42.945,2020
Sri Lanka,LKA,Education,34.356,2021
Sri Lanka,LKA,Education,34.969,2022
Sri Lanka,LKA,Education,0.613,2023
Sri Lanka,LKA,Employment and Time Use,0.000,1960
Sri Lanka,LKA,Employment and Time Use,0.000,1961
Sri Lanka,LKA,Employment and Time Use,0.000,1962
Sri Lanka,LKA,Employment and Time Use,5.109,1963
Sri Lanka,LKA,Employment and Time Use,0.000,1964
Sri Lanka,LKA,Employment and Time Use,0.000,1965
Sri Lanka,LKA,Employment and Time Use,0.000,1966
Sri Lanka,LKA,Employment and Time Use,0.000,1967
Sri Lanka,LKA,Employment and Time Use,0.000,1968
Sri Lanka,LKA,Employment and Time Use,0.000,1969
Sri Lanka,LKA,Employment and Time Use,24.088,1970
Sri Lanka,LKA,Employment and Time Use,26.277,1971
Sri Lanka,LKA,Employment and Time Use,21.168,1972
Sri Lanka,LKA,Employment and Time Use,21.168,1973
Sri Lanka,LKA,Employment and Time Use,21.168,1974
Sri Lanka,LKA,Employment and Time Use,21.168,1975
Sri Lanka,LKA,Employment and Time Use,21.168,1976
Sri Lanka,LKA,Employment and Time Use,21.168,1977
Sri Lanka,LKA,Employment and Time Use,21.168,1978
Sri Lanka,LKA,Employment and Time Use,21.168,1979
Sri Lanka,LKA,Employment and Time Use,21.168,1980
Sri Lanka,LKA,Employment and Time Use,26.277,1981
Sri Lanka,LKA,Employment and Time Use,21.168,1982
Sri Lanka,LKA,Employment and Time Use,21.168,1983
Sri Lanka,LKA,Employment and Time Use,21.168,1984
Sri Lanka,LKA,Employment and Time Use,28.467,1985
Sri Lanka,LKA,Employment and Time Use,26.277,1986
Sri Lanka,LKA,Employment and Time Use,21.168,1987
Sri Lanka,LKA,Employment and Time Use,21.168,1988
Sri Lanka,LKA,Employment and Time Use,21.168,1989
Sri Lanka,LKA,Employment and Time Use,37.226,1990
Sri Lanka,LKA,Employment and Time Use,57.664,1991
Sri Lanka,LKA,Employment and Time Use,62.044,1992
Sri Lanka,LKA,Employment and Time Use,64.234,1993
Sri Lanka,LKA,Employment and Time Use,64.964,1994
Sri Lanka,LKA,Employment and Time Use,64.964,1995
Sri Lanka,LKA,Employment and Time Use,64.964,1996
Sri Lanka,LKA,Employment and Time Use,64.964,1997
Sri Lanka,LKA,Employment and Time Use,64.964,1998
Sri Lanka,LKA,Employment and Time Use,70.803,1999
Sri Lanka,LKA,Employment and Time Use,66.423,2000
Sri Lanka,LKA,Employment and Time Use,63.504,2001
Sri Lanka,LKA,Employment and Time Use,63.504,2002
Sri Lanka,LKA,Employment and Time Use,66.423,2003
Sri Lanka,LKA,Employment and Time Use,66.423,2004
Sri Lanka,LKA,Employment and Time Use,68.613,2005
Sri Lanka,LKA,Employment and Time Use,64.234,2006
Sri Lanka,LKA,Employment and Time Use,66.423,2007
Sri Lanka,LKA,Employment and Time Use,64.234,2008
Sri Lanka,LKA,Employment and Time Use,77.372,2009
Sri Lanka,LKA,Employment and Time Use,91.971,2010
Sri Lanka,LKA,Employment and Time Use,91.971,2011
Sri Lanka,LKA,Employment and Time Use,87.591,2012
Sri Lanka,LKA,Employment and Time Use,91.971,2013
Sri Lanka,LKA,Employment and Time Use,91.971,2014
Sri Lanka,LKA,Employment and Time Use,91.971,2015
Sri Lanka,LKA,Employment and Time Use,91.971,2016
Sri Lanka,LKA,Employment and Time Use,91.971,2017
Sri Lanka,LKA,Employment and Time Use,91.971,2018
Sri Lanka,LKA,Employment and Time Use,90.511,2019
Sri Lanka,LKA,Employment and Time Use,90.511,2020
Sri Lanka,LKA,Employment and Time Use,90.511,2021
Sri Lanka,LKA,Employment and Time Use,90.511,2022
Sri Lanka,LKA,Employment and Time Use,57.664,2023
Sri Lanka,LKA,Entrepreneurship,0.000,1960
Sri Lanka,LKA,Entrepreneurship,0.000,1961
Sri Lanka,LKA,Entrepreneurship,0.000,1962
Sri Lanka,LKA,Entrepreneurship,0.000,1963
Sri Lanka,LKA,Entrepreneurship,0.000,1964
Sri Lanka,LKA,Entrepreneurship,0.000,1965
Sri Lanka,LKA,Entrepreneurship,0.000,1966
Sri Lanka,LKA,Entrepreneurship,0.000,1967
Sri Lanka,LKA,Entrepreneurship,0.000,1968
Sri Lanka,LKA,Entrepreneurship,0.000,1969
Sri Lanka,LKA,Entrepreneurship,9.375,1970
Sri Lanka,LKA,Entrepreneurship,9.375,1971
Sri Lanka,LKA,Entrepreneurship,9.375,1972
Sri Lanka,LKA,Entrepreneurship,9.375,1973
Sri Lanka,LKA,Entrepreneurship,9.375,1974
Sri Lanka,LKA,Entrepreneurship,9.375,1975
Sri Lanka,LKA,Entrepreneurship,9.375,1976
Sri Lanka,LKA,Entrepreneurship,9.375,1977
Sri Lanka,LKA,Entrepreneurship,9.375,1978
Sri Lanka,LKA,Entrepreneurship,9.375,1979
Sri Lanka,LKA,Entrepreneurship,9.375,1980
Sri Lanka,LKA,Entrepreneurship,9.375,1981
Sri Lanka,LKA,Entrepreneurship,9.375,1982
Sri Lanka,LKA,Entrepreneurship,9.375,1983
Sri Lanka,LKA,Entrepreneurship,9.375,1984
Sri Lanka,LKA,Entrepreneurship,9.375,1985
Sri Lanka,LKA,Entrepreneurship,9.375,1986
Sri Lanka,LKA,Entrepreneurship,9.375,1987
Sri Lanka,LKA,Entrepreneurship,9.375,1988
Sri Lanka,LKA,Entrepreneurship,9.375,1989
Sri Lanka,LKA,Entrepreneurship,9.375,1990
Sri Lanka,LKA,Entrepreneurship,9.375,1991
Sri Lanka,LKA,Entrepreneurship,9.375,1992
Sri Lanka,LKA,Entrepreneurship,9.375,1993
Sri Lanka,LKA,Entrepreneurship,9.375,1994
Sri Lanka,LKA,Entrepreneurship,9.375,1995
Sri Lanka,LKA,Entrepreneurship,9.375,1996
Sri Lanka,LKA,Entrepreneurship,9.375,1997
Sri Lanka,LKA,Entrepreneurship,9.375,1998
Sri Lanka,LKA,Entrepreneurship,9.375,1999
Sri Lanka,LKA,Entrepreneurship,9.375,2000
Sri Lanka,LKA,Entrepreneurship,9.375,2001
Sri Lanka,LKA,Entrepreneurship,9.375,2002
Sri Lanka,LKA,Entrepreneurship,37.500,2003
Sri Lanka,LKA,Entrepreneurship,37.500,2004
Sri Lanka,LKA,Entrepreneurship,37.500,2005
Sri Lanka,LKA,Entrepreneurship,37.500,2006
Sri Lanka,LKA,Entrepreneurship,37.500,2007
Sri Lanka,LKA,Entrepreneurship,37.500,2008
Sri Lanka,LKA,Entrepreneurship,37.500,2009
Sri Lanka,LKA,Entrepreneurship,37.500,2010
Sri Lanka,LKA,Entrepreneurship,43.750,2011
Sri Lanka,LKA,Entrepreneurship,37.500,2012
Sri Lanka,LKA,Entrepreneurship,37.500,2013
Sri Lanka,LKA,Entrepreneurship,56.250,2014
Sri Lanka,LKA,Entrepreneurship,37.500,2015
Sri Lanka,LKA,Entrepreneurship,37.500,2016
Sri Lanka,LKA,Entrepreneurship,56.250,2017
Sri Lanka,LKA,Entrepreneurship,37.500,2018
Sri Lanka,LKA,Entrepreneurship,37.500,2019
Sri Lanka,LKA,Entrepreneurship,9.375,2020
Sri Lanka,LKA,Entrepreneurship,9.375,2021
Sri Lanka,LKA,Entrepreneurship,9.375,2022
Sri Lanka,LKA,Entrepreneurship,9.375,2023
Sri Lanka,LKA,Environment,0.000,1960
Sri Lanka,LKA,Environment,0.000,1961
Sri Lanka,LKA,Environment,0.000,1962
Sri Lanka,LKA,Environment,0.000,1963
Sri Lanka,LKA,Environment,0.000,1964
Sri Lanka,LKA,Environment,0.000,1965
Sri Lanka,LKA,Environment,0.000,1966
Sri Lanka,LKA,Environment,0.000,1967
Sri Lanka,LKA,Environment,0.000,1968
Sri Lanka,LKA,Environment,0.000,1969
Sri Lanka,LKA,Environment,0.000,1970
Sri Lanka,LKA,Environment,0.000,1971
Sri Lanka,LKA,Environment,0.000,1972
Sri Lanka,LKA,Environment,0.000,1973
Sri Lanka,LKA,Environment,0.000,1974
Sri Lanka,LKA,Environment,0.000,1975
Sri Lanka,LKA,Environment,0.000,1976
Sri Lanka,LKA,Environment,0.000,1977
Sri Lanka,LKA,Environment,0.000,1978
Sri Lanka,LKA,Environment,0.000,1979
Sri Lanka,LKA,Environment,0.000,1980
Sri Lanka,LKA,Environment,0.000,1981
Sri Lanka,LKA,Environment,0.000,1982
Sri Lanka,LKA,Environment,0.000,1983
Sri Lanka,LKA,Environment,0.000,1984
Sri Lanka,LKA,Environment,0.000,1985
Sri Lanka,LKA,Environment,0.000,1986
Sri Lanka,LKA,Environment,0.000,1987
Sri Lanka,LKA,Environment,0.000,1988
Sri Lanka,LKA,Environment,0.000,1989
Sri Lanka,LKA,Environment,0.000,1990
Sri Lanka,LKA,Environment,0.000,1991
Sri Lanka,LKA,Environment,0.000,1992
Sri Lanka,LKA,Environment,0.000,1993
Sri Lanka,LKA,Environment,0.000,1994
Sri Lanka,LKA,Environment,0.000,1995
Sri Lanka,LKA,Environment,0.000,1996
Sri Lanka,LKA,Environment,0.000,1997
Sri Lanka,LKA,Environment,0.000,1998
Sri Lanka,LKA,Environment,0.000,1999
Sri Lanka,LKA,Environment,10.000,2000
Sri Lanka,LKA,Environment,10.000,2001
Sri Lanka,LKA,Environment,10.000,2002
Sri Lanka,LKA,Environment,10.000,2003
Sri Lanka,LKA,Environment,10.000,2004
Sri Lanka,LKA,Environment,10.000,2005
Sri Lanka,LKA,Environment,10.000,2006
Sri Lanka,LKA,Environment,10.000,2007
Sri Lanka,LKA,Environment,10.000,2008
Sri Lanka,LKA,Environment,10.000,2009
Sri Lanka,LKA,Environment,13.333,2010
Sri Lanka,LKA,Environment,13.333,2011
Sri Lanka,LKA,Environment,13.333,2012
Sri Lanka,LKA,Environment,13.333,2013
Sri Lanka,LKA,Environment,23.333,2014
Sri Lanka,LKA,Environment,13.333,2015
Sri Lanka,LKA,Environment,13.333,2016
Sri Lanka,LKA,Environment,23.333,2017
Sri Lanka,LKA,Environment,13.333,2018
Sri Lanka,LKA,Environment,30.000,2019
Sri Lanka,LKA,Environment,10.000,2020
Sri Lanka,LKA,Environment,20.000,2021
Sri Lanka,LKA,Environment,10.000,2022
Sri Lanka,LKA,Environment,0.000,2023
Sri Lanka,LKA,Health,8.586,1960
Sri Lanka,LKA,Health,8.586,1961
Sri Lanka,LKA,Health,8.586,1962
Sri Lanka,LKA,Health,8.586,1963
Sri Lanka,LKA,Health,8.586,1964
Sri Lanka,LKA,Health,8.586,1965
Sri Lanka,LKA,Health,8.586,1966
Sri Lanka,LKA,Health,8.586,1967
Sri Lanka,LKA,Health,8.586,1968
Sri Lanka,LKA,Health,8.586,1969
Sri Lanka,LKA,Health,8.586,1970
Sri Lanka,LKA,Health,8.586,1971
Sri Lanka,LKA,Health,8.586,1972
Sri Lanka,LKA,Health,8.586,1973
Sri Lanka,LKA,Health,8.586,1974
Sri Lanka,LKA,Health,12.121,1975
Sri Lanka,LKA,Health,11.111,1976
Sri Lanka,LKA,Health,12.121,1977
Sri Lanka,LKA,Health,11.111,1978
Sri Lanka,LKA,Health,11.111,1979
Sri Lanka,LKA,Health,11.616,1980
Sri Lanka,LKA,Health,11.616,1981
Sri Lanka,LKA,Health,12.626,1982
Sri Lanka,LKA,Health,11.616,1983
Sri Lanka,LKA,Health,12.121,1984
Sri Lanka,LKA,Health,12.626,1985
Sri Lanka,LKA,Health,12.626,1986
Sri Lanka,LKA,Health,20.707,1987
Sri Lanka,LKA,Health,12.121,1988
Sri Lanka,LKA,Health,12.121,1989
Sri Lanka,LKA,Health,16.667,1990
Sri Lanka,LKA,Health,16.667,1991
Sri Lanka,LKA,Health,16.667,1992
Sri Lanka,LKA,Health,23.232,1993
Sri Lanka,LKA,Health,16.667,1994
Sri Lanka,LKA,Health,18.182,1995
Sri Lanka,LKA,Health,17.172,1996
Sri Lanka,LKA,Health,17.172,1997
Sri Lanka,LKA,Health,17.172,1998
Sri Lanka,LKA,Health,17.172,1999
Sri Lanka,LKA,Health,66.162,2000
Sri Lanka,LKA,Health,31.818,2001
Sri Lanka,LKA,Health,31.818,2002
Sri Lanka,LKA,Health,31.818,2003
Sri Lanka,LKA,Health,31.818,2004
Sri Lanka,LKA,Health,33.333,2005
Sri Lanka,LKA,Health,31.818,2006
Sri Lanka,LKA,Health,42.424,2007
Sri Lanka,LKA,Health,31.818,2008
Sri Lanka,LKA,Health,39.394,2009
Sri Lanka,LKA,Health,60.606,2010
Sri Lanka,LKA,Health,32.323,2011
Sri Lanka,LKA,Health,39.899,2012
Sri Lanka,LKA,Health,31.818,2013
Sri Lanka,LKA,Health,34.848,2014
Sri Lanka,LKA,Health,56.566,2015
Sri Lanka,LKA,Health,42.424,2016
Sri Lanka,LKA,Health,35.859,2017
Sri Lanka,LKA,Health,35.859,2018
Sri Lanka,LKA,Health,56.566,2019
Sri Lanka,LKA,Health,27.778,2020
Sri Lanka,LKA,Health,19.697,2021
Sri Lanka,LKA,Health,16.667,2022
Sri Lanka,LKA,Health,1.010,2023
Sri Lanka,LKA,Leadership,0.000,1960
Sri Lanka,LKA,Leadership,0.000,1961
Sri Lanka,LKA,Leadership,0.000,1962
Sri Lanka,LKA,Leadership,0.000,1963
Sri Lanka,LKA,Leadership,0.000,1964
Sri Lanka,LKA,Leadership,0.000,1965
Sri Lanka,LKA,Leadership,0.000,1966
Sri Lanka,LKA,Leadership,0.000,1967
Sri Lanka,LKA,Leadership,0.000,1968
Sri Lanka,LKA,Leadership,0.000,1969
Sri Lanka,LKA,Leadership,0.000,1970
Sri Lanka,LKA,Leadership,0.000,1971
Sri Lanka,LKA,Leadership,0.000,1972
Sri Lanka,LKA,Leadership,0.000,1973
Sri Lanka,LKA,Leadership,0.000,1974
Sri Lanka,LKA,Leadership,0.000,1975
Sri Lanka,LKA,Leadership,0.000,1976
Sri Lanka,LKA,Leadership,0.000,1977
Sri Lanka,LKA,Leadership,0.000,1978
Sri Lanka,LKA,Leadership,0.000,1979
Sri Lanka,LKA,Leadership,0.000,1980
Sri Lanka,LKA,Leadership,0.000,1981
Sri Lanka,LKA,Leadership,0.000,1982
Sri Lanka,LKA,Leadership,0.000,1983
Sri Lanka,LKA,Leadership,0.000,1984
Sri Lanka,LKA,Leadership,0.000,1985
Sri Lanka,LKA,Leadership,0.000,1986
Sri Lanka,LKA,Leadership,0.000,1987
Sri Lanka,LKA,Leadership,0.000,1988
Sri Lanka,LKA,Leadership,0.000,1989
Sri Lanka,LKA,Leadership,0.000,1990
Sri Lanka,LKA,Leadership,0.000,1991
Sri Lanka,LKA,Leadership,0.000,1992
Sri Lanka,LKA,Leadership,0.000,1993
Sri Lanka,LKA,Leadership,0.000,1994
Sri Lanka,LKA,Leadership,0.000,1995
Sri Lanka,LKA,Leadership,0.000,1996
Sri Lanka,LKA,Leadership,25.000,1997
Sri Lanka,LKA,Leadership,25.000,1998
Sri Lanka,LKA,Leadership,25.000,1999
Sri Lanka,LKA,Leadership,0.000,2000
Sri Lanka,LKA,Leadership,0.000,2001
Sri Lanka,LKA,Leadership,25.000,2002
Sri Lanka,LKA,Leadership,25.000,2003
Sri Lanka,LKA,Leadership,25.000,2004
Sri Lanka,LKA,Leadership,50.000,2005
Sri Lanka,LKA,Leadership,25.000,2006
Sri Lanka,LKA,Leadership,25.000,2007
Sri Lanka,LKA,Leadership,50.000,2008
Sri Lanka,LKA,Leadership,25.000,2009
Sri Lanka,LKA,Leadership,75.000,2010
Sri Lanka,LKA,Leadership,75.000,2011
Sri Lanka,LKA,Leadership,25.000,2012
Sri Lanka,LKA,Leadership,50.000,2013
Sri Lanka,LKA,Leadership,75.000,2014
Sri Lanka,LKA,Leadership,75.000,2015
Sri Lanka,LKA,Leadership,75.000,2016
Sri Lanka,LKA,Leadership,50.000,2017
Sri Lanka,LKA,Leadership,75.000,2018
Sri Lanka,LKA,Leadership,75.000,2019
Sri Lanka,LKA,Leadership,75.000,2020
Sri Lanka,LKA,Leadership,50.000,2021
Sri Lanka,LKA,Leadership,75.000,2022
Sri Lanka,LKA,Leadership,25.000,2023
Sri Lanka,LKA,Norms and Decision-making,0.000,1960
Sri Lanka,LKA,Norms and Decision-making,0.000,1961
Sri Lanka,LKA,Norms and Decision-making,0.000,1962
Sri Lanka,LKA,Norms and Decision-making,0.000,1963
Sri Lanka,LKA,Norms and Decision-making,0.000,1964
Sri Lanka,LKA,Norms and Decision-making,0.000,1965
Sri Lanka,LKA,Norms and Decision-making,0.000,1966
Sri Lanka,LKA,Norms and Decision-making,0.000,1967
Sri Lanka,LKA,Norms and Decision-making,0.000,1968
Sri Lanka,LKA,Norms and Decision-making,0.000,1969
Sri Lanka,LKA,Norms and Decision-making,12.593,1970
Sri Lanka,LKA,Norms and Decision-making,14.074,1971
Sri Lanka,LKA,Norms and Decision-making,12.593,1972
Sri Lanka,LKA,Norms and Decision-making,12.593,1973
Sri Lanka,LKA,Norms and Decision-making,12.593,1974
Sri Lanka,LKA,Norms and Decision-making,12.593,1975
Sri Lanka,LKA,Norms and Decision-making,12.593,1976
Sri Lanka,LKA,Norms and Decision-making,12.593,1977
Sri Lanka,LKA,Norms and Decision-making,12.593,1978
Sri Lanka,LKA,Norms and Decision-making,12.593,1979
Sri Lanka,LKA,Norms and Decision-making,12.593,1980
Sri Lanka,LKA,Norms and Decision-making,14.074,1981
Sri Lanka,LKA,Norms and Decision-making,12.593,1982
Sri Lanka,LKA,Norms and Decision-making,12.593,1983
Sri Lanka,LKA,Norms and Decision-making,12.593,1984
Sri Lanka,LKA,Norms and Decision-making,12.593,1985
Sri Lanka,LKA,Norms and Decision-making,12.593,1986
Sri Lanka,LKA,Norms and Decision-making,16.296,1987
Sri Lanka,LKA,Norms and Decision-making,12.593,1988
Sri Lanka,LKA,Norms and Decision-making,12.593,1989
Sri Lanka,LKA,Norms and Decision-making,12.593,1990
Sri Lanka,LKA,Norms and Decision-making,12.593,1991
Sri Lanka,LKA,Norms and Decision-making,12.593,1992
Sri Lanka,LKA,Norms and Decision-making,12.593,1993
Sri Lanka,LKA,Norms and Decision-making,12.593,1994
Sri Lanka,LKA,Norms and Decision-making,12.593,1995
Sri Lanka,LKA,Norms and Decision-making,12.593,1996
Sri Lanka,LKA,Norms and Decision-making,12.593,1997
Sri Lanka,LKA,Norms and Decision-making,12.593,1998
Sri Lanka,LKA,Norms and Decision-making,12.593,1999
Sri Lanka,LKA,Norms and Decision-making,12.593,2000
Sri Lanka,LKA,Norms and Decision-making,14.074,2001
Sri Lanka,LKA,Norms and Decision-making,12.593,2002
Sri Lanka,LKA,Norms and Decision-making,12.593,2003
Sri Lanka,LKA,Norms and Decision-making,12.593,2004
Sri Lanka,LKA,Norms and Decision-making,12.593,2005
Sri Lanka,LKA,Norms and Decision-making,12.593,2006
Sri Lanka,LKA,Norms and Decision-making,13.333,2007
Sri Lanka,LKA,Norms and Decision-making,12.593,2008
Sri Lanka,LKA,Norms and Decision-making,12.593,2009
Sri Lanka,LKA,Norms and Decision-making,12.593,2010
Sri Lanka,LKA,Norms and Decision-making,12.593,2011
Sri Lanka,LKA,Norms and Decision-making,14.074,2012
Sri Lanka,LKA,Norms and Decision-making,12.593,2013
Sri Lanka,LKA,Norms and Decision-making,12.593,2014
Sri Lanka,LKA,Norms and Decision-making,12.593,2015
Sri Lanka,LKA,Norms and Decision-making,14.815,2016
Sri Lanka,LKA,Norms and Decision-making,12.593,2017
Sri Lanka,LKA,Norms and Decision-making,12.593,2018
Sri Lanka,LKA,Norms and Decision-making,12.593,2019
Sri Lanka,LKA,Norms and Decision-making,12.593,2020
Sri Lanka,LKA,Norms and Decision-making,12.593,2021
Sri Lanka,LKA,Norms and Decision-making,12.593,2022
Sri Lanka,LKA,Norms and Decision-making,12.593,2023
Sri Lanka,LKA,Population,86.905,1960
Sri Lanka,LKA,Population,86.905,1961
Sri Lanka,LKA,Population,86.905,1962
Sri Lanka,LKA,Population,86.905,1963
Sri Lanka,LKA,Population,86.905,1964
Sri Lanka,LKA,Population,86.905,1965
Sri Lanka,LKA,Population,86.905,1966
Sri Lanka,LKA,Population,86.905,1967
Sri Lanka,LKA,Population,86.905,1968
Sri Lanka,LKA,Population,86.905,1969
Sri Lanka,LKA,Population,86.905,1970
Sri Lanka,LKA,Population,89.286,1971
Sri Lanka,LKA,Population,86.905,1972
Sri Lanka,LKA,Population,86.905,1973
Sri Lanka,LKA,Population,86.905,1974
Sri Lanka,LKA,Population,86.905,1975
Sri Lanka,LKA,Population,86.905,1976
Sri Lanka,LKA,Population,86.905,1977
Sri Lanka,LKA,Population,86.905,1978
Sri Lanka,LKA,Population,86.905,1979
Sri Lanka,LKA,Population,91.667,1980
Sri Lanka,LKA,Population,89.286,1981
Sri Lanka,LKA,Population,86.905,1982
Sri Lanka,LKA,Population,86.905,1983
Sri Lanka,LKA,Population,86.905,1984
Sri Lanka,LKA,Population,91.667,1985
Sri Lanka,LKA,Population,86.905,1986
Sri Lanka,LKA,Population,88.095,1987
Sri Lanka,LKA,Population,86.905,1988
Sri Lanka,LKA,Population,86.905,1989
Sri Lanka,LKA,Population,92.857,1990
Sri Lanka,LKA,Population,86.905,1991
Sri Lanka,LKA,Population,86.905,1992
Sri Lanka,LKA,Population,86.905,1993
Sri Lanka,LKA,Population,86.905,1994
Sri Lanka,LKA,Population,92.857,1995
Sri Lanka,LKA,Population,86.905,1996
Sri Lanka,LKA,Population,86.905,1997
Sri Lanka,LKA,Population,86.905,1998
Sri Lanka,LKA,Population,86.905,1999
Sri Lanka,LKA,Population,92.857,2000
Sri Lanka,LKA,Population,89.286,2001
Sri Lanka,LKA,Population,86.905,2002
Sri Lanka,LKA,Population,86.905,2003
Sri Lanka,LKA,Population,86.905,2004
Sri Lanka,LKA,Population,92.857,2005
Sri Lanka,LKA,Population,86.905,2006
Sri Lanka,LKA,Population,91.667,2007
Sri Lanka,LKA,Population,86.905,2008
Sri Lanka,LKA,Population,86.905,2009
Sri Lanka,LKA,Population,92.857,2010
Sri Lanka,LKA,Population,86.905,2011
Sri Lanka,LKA,Population,89.286,2012
Sri Lanka,LKA,Population,86.905,2013
Sri Lanka,LKA,Population,86.905,2014
Sri Lanka,LKA,Population,92.857,2015
Sri Lanka,LKA,Population,88.095,2016
Sri Lanka,LKA,Population,86.905,2017
Sri Lanka,LKA,Population,86.905,2018
Sri Lanka,LKA,Population,86.905,2019
Sri Lanka,LKA,Population,88.095,2020
Sri Lanka,LKA,Population,86.905,2021
Sri Lanka,LKA,Population,86.905,2022
Sri Lanka,LKA,Population,77.381,2023
Sri Lanka,LKA,SDGs,2.685,1960
Sri Lanka,LKA,SDGs,2.685,1961
Sri Lanka,LKA,SDGs,2.685,1962
Sri Lanka,LKA,SDGs,2.685,1963
Sri Lanka,LKA,SDGs,2.685,1964
Sri Lanka,LKA,SDGs,2.685,1965
Sri Lanka,LKA,SDGs,2.685,1966
Sri Lanka,LKA,SDGs,2.685,1967
Sri Lanka,LKA,SDGs,2.685,1968
Sri Lanka,LKA,SDGs,2.685,1969
Sri Lanka,LKA,SDGs,11.409,1970
Sri Lanka,LKA,SDGs,11.409,1971
Sri Lanka,LKA,SDGs,11.409,1972
Sri Lanka,LKA,SDGs,11.409,1973
Sri Lanka,LKA,SDGs,11.409,1974
Sri Lanka,LKA,SDGs,11.409,1975
Sri Lanka,LKA,SDGs,11.409,1976
Sri Lanka,LKA,SDGs,11.409,1977
Sri Lanka,LKA,SDGs,11.409,1978
Sri Lanka,LKA,SDGs,11.409,1979
Sri Lanka,LKA,SDGs,12.081,1980
Sri Lanka,LKA,SDGs,12.081,1981
Sri Lanka,LKA,SDGs,12.081,1982
Sri Lanka,LKA,SDGs,12.081,1983
Sri Lanka,LKA,SDGs,12.081,1984
Sri Lanka,LKA,SDGs,12.752,1985
Sri Lanka,LKA,SDGs,12.752,1986
Sri Lanka,LKA,SDGs,14.094,1987
Sri Lanka,LKA,SDGs,12.081,1988
Sri Lanka,LKA,SDGs,12.081,1989
Sri Lanka,LKA,SDGs,16.779,1990
Sri Lanka,LKA,SDGs,20.805,1991
Sri Lanka,LKA,SDGs,20.805,1992
Sri Lanka,LKA,SDGs,23.490,1993
Sri Lanka,LKA,SDGs,21.477,1994
Sri Lanka,LKA,SDGs,21.477,1995
Sri Lanka,LKA,SDGs,22.148,1996
Sri Lanka,LKA,SDGs,22.819,1997
Sri Lanka,LKA,SDGs,22.819,1998
Sri Lanka,LKA,SDGs,25.503,1999
Sri Lanka,LKA,SDGs,70.470,2000
Sri Lanka,LKA,SDGs,35.570,2001
Sri Lanka,LKA,SDGs,36.242,2002
Sri Lanka,LKA,SDGs,38.255,2003
Sri Lanka,LKA,SDGs,38.255,2004
Sri Lanka,LKA,SDGs,40.268,2005
Sri Lanka,LKA,SDGs,38.255,2006
Sri Lanka,LKA,SDGs,38.926,2007
Sri Lanka,LKA,SDGs,38.255,2008
Sri Lanka,LKA,SDGs,38.255,2009
Sri Lanka,LKA,SDGs,70.470,2010
Sri Lanka,LKA,SDGs,40.268,2011
Sri Lanka,LKA,SDGs,38.255,2012
Sri Lanka,LKA,SDGs,38.255,2013
Sri Lanka,LKA,SDGs,40.940,2014
Sri Lanka,LKA,SDGs,71.141,2015
Sri Lanka,LKA,SDGs,40.268,2016
Sri Lanka,LKA,SDGs,40.268,2017
Sri Lanka,LKA,SDGs,41.611,2018
Sri Lanka,LKA,SDGs,73.826,2019
Sri Lanka,LKA,SDGs,31.544,2020
Sri Lanka,LKA,SDGs,28.859,2021
Sri Lanka,LKA,SDGs,26.846,2022
Sri Lanka,LKA,SDGs,14.094,2023
Sri Lanka,LKA,Technology,0.000,1960
Sri Lanka,LKA,Technology,0.000,1961
Sri Lanka,LKA,Technology,0.000,1962
Sri Lanka,LKA,Technology,0.000,1963
Sri Lanka,LKA,Technology,0.000,1964
Sri Lanka,LKA,Technology,0.000,1965
Sri Lanka,LKA,Technology,0.000,1966
Sri Lanka,LKA,Technology,0.000,1967
Sri Lanka,LKA,Technology,0.000,1968
Sri Lanka,LKA,Technology,0.000,1969
Sri Lanka,LKA,Technology,0.000,1970
Sri Lanka,LKA,Technology,0.000,1971
Sri Lanka,LKA,Technology,0.000,1972
Sri Lanka,LKA,Technology,0.000,1973
Sri Lanka,LKA,Technology,0.000,1974
Sri Lanka,LKA,Technology,0.000,1975
Sri Lanka,LKA,Technology,0.000,1976
Sri Lanka,LKA,Technology,0.000,1977
Sri Lanka,LKA,Technology,0.000,1978
Sri Lanka,LKA,Technology,0.000,1979
Sri Lanka,LKA,Technology,0.000,1980
Sri Lanka,LKA,Technology,0.000,1981
Sri Lanka,LKA,Technology,0.000,1982
Sri Lanka,LKA,Technology,0.000,1983
Sri Lanka,LKA,Technology,0.000,1984
Sri Lanka,LKA,Technology,0.000,1985
Sri Lanka,LKA,Technology,0.000,1986
Sri Lanka,LKA,Technology,0.000,1987
Sri Lanka,LKA,Technology,0.000,1988
Sri Lanka,LKA,Technology,0.000,1989
Sri Lanka,LKA,Technology,2.222,1990
Sri Lanka,LKA,Technology,2.222,1991
Sri Lanka,LKA,Technology,2.222,1992
Sri Lanka,LKA,Technology,2.222,1993
Sri Lanka,LKA,Technology,2.222,1994
Sri Lanka,LKA,Technology,2.222,1995
Sri Lanka,LKA,Technology,2.222,1996
Sri Lanka,LKA,Technology,2.222,1997
Sri Lanka,LKA,Technology,2.222,1998
Sri Lanka,LKA,Technology,2.222,1999
Sri Lanka,LKA,Technology,2.222,2000
Sri Lanka,LKA,Technology,2.222,2001
Sri Lanka,LKA,Technology,2.222,2002
Sri Lanka,LKA,Technology,2.222,2003
Sri Lanka,LKA,Technology,2.222,2004
Sri Lanka,LKA,Technology,2.222,2005
Sri Lanka,LKA,Technology,2.222,2006
Sri Lanka,LKA,Technology,2.222,2007
Sri Lanka,LKA,Technology,0.000,2008
Sri Lanka,LKA,Technology,0.000,2009
Sri Lanka,LKA,Technology,2.222,2010
Sri Lanka,LKA,Technology,8.889,2011
Sri Lanka,LKA,Technology,2.222,2012
Sri Lanka,LKA,Technology,2.222,2013
Sri Lanka,LKA,Technology,37.778,2014
Sri Lanka,LKA,Technology,8.889,2015
Sri Lanka,LKA,Technology,8.889,2016
Sri Lanka,LKA,Technology,62.222,2017
Sri Lanka,LKA,Technology,8.889,2018
Sri Lanka,LKA,Technology,2.222,2019
Sri Lanka,LKA,Technology,6.667,2020
Sri Lanka,LKA,Technology,86.667,2021
Sri Lanka,LKA,Technology,2.222,2022
Sri Lanka,LKA,Technology,0.000,2023
Sri Lanka,LKA,Violence,0.000,1960
Sri Lanka,LKA,Violence,0.000,1961
Sri Lanka,LKA,Violence,0.000,1962
Sri Lanka,LKA,Violence,0.000,1963
Sri Lanka,LKA,Violence,0.000,1964
Sri Lanka,LKA,Violence,0.000,1965
Sri Lanka,LKA,Violence,0.000,1966
Sri Lanka,LKA,Violence,0.000,1967
Sri Lanka,LKA,Violence,0.000,1968
Sri Lanka,LKA,Violence,0.000,1969
Sri Lanka,LKA,Violence,2.143,1970
Sri Lanka,LKA,Violence,2.143,1971
Sri Lanka,LKA,Violence,2.143,1972
Sri Lanka,LKA,Violence,2.143,1973
Sri Lanka,LKA,Violence,2.143,1974
Sri Lanka,LKA,Violence,2.143,1975
Sri Lanka,LKA,Violence,2.143,1976
Sri Lanka,LKA,Violence,2.143,1977
Sri Lanka,LKA,Violence,2.143,1978
Sri Lanka,LKA,Violence,2.143,1979
Sri Lanka,LKA,Violence,2.143,1980
Sri Lanka,LKA,Violence,2.143,1981
Sri Lanka,LKA,Violence,2.143,1982
Sri Lanka,LKA,Violence,2.143,1983
Sri Lanka,LKA,Violence,2.143,1984
Sri Lanka,LKA,Violence,2.143,1985
Sri Lanka,LKA,Violence,2.143,1986
Sri Lanka,LKA,Violence,3.571,1987
Sri Lanka,LKA,Violence,2.143,1988
Sri Lanka,LKA,Violence,2.143,1989
Sri Lanka,LKA,Violence,2.857,1990
Sri Lanka,LKA,Violence,2.143,1991
Sri Lanka,LKA,Violence,2.143,1992
Sri Lanka,LKA,Violence,2.143,1993
Sri Lanka,LKA,Violence,2.143,1994
Sri Lanka,LKA,Violence,2.857,1995
Sri Lanka,LKA,Violence,2.857,1996
Sri Lanka,LKA,Violence,2.857,1997
Sri Lanka,LKA,Violence,2.143,1998
Sri Lanka,LKA,Violence,2.857,1999
Sri Lanka,LKA,Violence,4.286,2000
Sri Lanka,LKA,Violence,4.286,2001
Sri Lanka,LKA,Violence,4.286,2002
Sri Lanka,LKA,Violence,4.286,2003
Sri Lanka,LKA,Violence,4.286,2004
Sri Lanka,LKA,Violence,5.000,2005
Sri Lanka,LKA,Violence,5.000,2006
Sri Lanka,LKA,Violence,4.286,2007
Sri Lanka,LKA,Violence,6.429,2008
Sri Lanka,LKA,Violence,6.429,2009
Sri Lanka,LKA,Violence,6.429,2010
Sri Lanka,LKA,Violence,6.429,2011
Sri Lanka,LKA,Violence,6.429,2012
Sri Lanka,LKA,Violence,6.429,2013
Sri Lanka,LKA,Violence,6.429,2014
Sri Lanka,LKA,Violence,6.429,2015
Sri Lanka,LKA,Violence,7.857,2016
Sri Lanka,LKA,Violence,6.429,2017
Sri Lanka,LKA,Violence,9.286,2018
Sri Lanka,LKA,Violence,6.429,2019
Sri Lanka,LKA,Violence,2.143,2020
Sri Lanka,LKA,Violence,2.143,2021
Sri Lanka,LKA,Violence,2.143,2022
Sri Lanka,LKA,Violence,2.143,2023
Sri Lanka,LKA,Youth 15-24,4.587,1960
Sri Lanka,LKA,Youth 15-24,4.587,1961
Sri Lanka,LKA,Youth 15-24,4.587,1962
Sri Lanka,LKA,Youth 15-24,7.339,1963
Sri Lanka,LKA,Youth 15-24,4.587,1964
Sri Lanka,LKA,Youth 15-24,4.587,1965
Sri Lanka,LKA,Youth 15-24,4.587,1966
Sri Lanka,LKA,Youth 15-24,4.587,1967
Sri Lanka,LKA,Youth 15-24,4.587,1968
Sri Lanka,LKA,Youth 15-24,4.587,1969
Sri Lanka,LKA,Youth 15-24,11.009,1970
Sri Lanka,LKA,Youth 15-24,20.183,1971
Sri Lanka,LKA,Youth 15-24,7.339,1972
Sri Lanka,LKA,Youth 15-24,11.927,1973
Sri Lanka,LKA,Youth 15-24,11.927,1974
Sri Lanka,LKA,Youth 15-24,9.174,1975
Sri Lanka,LKA,Youth 15-24,15.596,1976
Sri Lanka,LKA,Youth 15-24,8.257,1977
Sri Lanka,LKA,Youth 15-24,9.174,1978
Sri Lanka,LKA,Youth 15-24,9.174,1979
Sri Lanka,LKA,Youth 15-24,8.257,1980
Sri Lanka,LKA,Youth 15-24,28.440,1981
Sri Lanka,LKA,Youth 15-24,15.596,1982
Sri Lanka,LKA,Youth 15-24,18.349,1983
Sri Lanka,LKA,Youth 15-24,20.183,1984
Sri Lanka,LKA,Youth 15-24,22.936,1985
Sri Lanka,LKA,Youth 15-24,25.688,1986
Sri Lanka,LKA,Youth 15-24,15.596,1987
Sri Lanka,LKA,Youth 15-24,16.514,1988
Sri Lanka,LKA,Youth 15-24,16.514,1989
Sri Lanka,LKA,Youth 15-24,26.606,1990
Sri Lanka,LKA,Youth 15-24,30.275,1991
Sri Lanka,LKA,Youth 15-24,30.275,1992
Sri Lanka,LKA,Youth 15-24,31.193,1993
Sri Lanka,LKA,Youth 15-24,34.862,1994
Sri Lanka,LKA,Youth 15-24,27.523,1995
Sri Lanka,LKA,Youth 15-24,22.018,1996
Sri Lanka,LKA,Youth 15-24,22.018,1997
Sri Lanka,LKA,Youth 15-24,24.771,1998
Sri Lanka,LKA,Youth 15-24,24.771,1999
Sri Lanka,LKA,Youth 15-24,24.771,2000
Sri Lanka,LKA,Youth 15-24,36.697,2001
Sri Lanka,LKA,Youth 15-24,21.101,2002
Sri Lanka,LKA,Youth 15-24,24.771,2003
Sri Lanka,LKA,Youth 15-24,24.771,2004
Sri Lanka,LKA,Youth 15-24,27.523,2005
Sri Lanka,LKA,Youth 15-24,34.862,2006
Sri Lanka,LKA,Youth 15-24,27.523,2007
Sri Lanka,LKA,Youth 15-24,37.615,2008
Sri Lanka,LKA,Youth 15-24,30.275,2009
Sri Lanka,LKA,Youth 15-24,85.321,2010
Sri Lanka,LKA,Youth 15-24,77.064,2011
Sri Lanka,LKA,Youth 15-24,55.046,2012
Sri Lanka,LKA,Youth 15-24,68.807,2013
Sri Lanka,LKA,Youth 15-24,58.716,2014
Sri Lanka,LKA,Youth 15-24,58.716,2015
Sri Lanka,LKA,Youth 15-24,77.982,2016
Sri Lanka,LKA,Youth 15-24,87.156,2017
Sri Lanka,LKA,Youth 15-24,84.404,2018
Sri Lanka,LKA,Youth 15-24,51.376,2019
Sri Lanka,LKA,Youth 15-24,51.376,2020
Sri Lanka,LKA,Youth 15-24,52.294,2021
Sri Lanka,LKA,Youth 15-24,52.294,2022
Sri Lanka,LKA,Youth 15-24,12.844,2023
