Country Name,Country Code,Topic,% of available indicators,Year
Colombia,COL,Assets,0.000,1960
Colombia,COL,Assets,0.000,1961
Colombia,COL,Assets,0.000,1962
Colombia,COL,Assets,0.000,1963
Colombia,COL,Assets,0.000,1964
Colombia,COL,Assets,0.000,1965
Colombia,COL,Assets,0.000,1966
Colombia,COL,Assets,0.000,1967
Colombia,COL,Assets,0.000,1968
Colombia,COL,Assets,0.000,1969
Colombia,COL,Assets,2.208,1970
Colombia,COL,Assets,2.208,1971
Colombia,COL,Assets,2.208,1972
Colombia,COL,Assets,2.208,1973
Colombia,COL,Assets,2.208,1974
Colombia,COL,Assets,2.208,1975
Colombia,COL,Assets,2.208,1976
Colombia,COL,Assets,2.208,1977
Colombia,COL,Assets,2.208,1978
Colombia,COL,Assets,2.208,1979
Colombia,COL,Assets,2.208,1980
Colombia,COL,Assets,2.208,1981
Colombia,COL,Assets,2.208,1982
Colombia,COL,Assets,2.208,1983
Colombia,COL,Assets,2.208,1984
Colombia,COL,Assets,2.208,1985
Colombia,COL,Assets,2.208,1986
Colombia,COL,Assets,2.208,1987
Colombia,COL,Assets,2.208,1988
Colombia,COL,Assets,2.208,1989
Colombia,COL,Assets,2.208,1990
Colombia,COL,Assets,2.208,1991
Colombia,COL,Assets,2.208,1992
Colombia,COL,Assets,2.208,1993
Colombia,COL,Assets,2.208,1994
Colombia,COL,Assets,2.208,1995
Colombia,COL,Assets,2.208,1996
Colombia,COL,Assets,2.208,1997
Colombia,COL,Assets,2.208,1998
Colombia,COL,Assets,2.208,1999
Colombia,COL,Assets,2.208,2000
Colombia,COL,Assets,2.208,2001
Colombia,COL,Assets,2.208,2002
Colombia,COL,Assets,2.208,2003
Colombia,COL,Assets,2.208,2004
Colombia,COL,Assets,2.208,2005
Colombia,COL,Assets,2.208,2006
Colombia,COL,Assets,2.208,2007
Colombia,COL,Assets,2.208,2008
Colombia,COL,Assets,2.208,2009
Colombia,COL,Assets,2.208,2010
Colombia,COL,Assets,11.672,2011
Colombia,COL,Assets,2.208,2012
Colombia,COL,Assets,2.208,2013
Colombia,COL,Assets,31.546,2014
Colombia,COL,Assets,32.492,2015
Colombia,COL,Assets,2.208,2016
Colombia,COL,Assets,34.069,2017
Colombia,COL,Assets,2.208,2018
Colombia,COL,Assets,2.208,2019
Colombia,COL,Assets,2.208,2020
Colombia,COL,Assets,63.091,2021
Colombia,COL,Assets,2.208,2022
Colombia,COL,Assets,2.208,2023
Colombia,COL,Children 0-14,19.231,1960
Colombia,COL,Children 0-14,19.231,1961
Colombia,COL,Children 0-14,19.231,1962
Colombia,COL,Children 0-14,19.231,1963
Colombia,COL,Children 0-14,19.231,1964
Colombia,COL,Children 0-14,19.231,1965
Colombia,COL,Children 0-14,19.231,1966
Colombia,COL,Children 0-14,19.231,1967
Colombia,COL,Children 0-14,19.231,1968
Colombia,COL,Children 0-14,19.231,1969
Colombia,COL,Children 0-14,27.692,1970
Colombia,COL,Children 0-14,27.692,1971
Colombia,COL,Children 0-14,28.462,1972
Colombia,COL,Children 0-14,28.462,1973
Colombia,COL,Children 0-14,26.923,1974
Colombia,COL,Children 0-14,23.846,1975
Colombia,COL,Children 0-14,23.846,1976
Colombia,COL,Children 0-14,23.846,1977
Colombia,COL,Children 0-14,23.846,1978
Colombia,COL,Children 0-14,23.846,1979
Colombia,COL,Children 0-14,25.385,1980
Colombia,COL,Children 0-14,26.923,1981
Colombia,COL,Children 0-14,33.077,1982
Colombia,COL,Children 0-14,32.308,1983
Colombia,COL,Children 0-14,36.923,1984
Colombia,COL,Children 0-14,36.923,1985
Colombia,COL,Children 0-14,48.462,1986
Colombia,COL,Children 0-14,36.923,1987
Colombia,COL,Children 0-14,39.231,1988
Colombia,COL,Children 0-14,35.385,1989
Colombia,COL,Children 0-14,29.231,1990
Colombia,COL,Children 0-14,36.154,1991
Colombia,COL,Children 0-14,34.615,1992
Colombia,COL,Children 0-14,36.923,1993
Colombia,COL,Children 0-14,33.077,1994
Colombia,COL,Children 0-14,44.615,1995
Colombia,COL,Children 0-14,33.077,1996
Colombia,COL,Children 0-14,20.769,1997
Colombia,COL,Children 0-14,36.923,1998
Colombia,COL,Children 0-14,39.231,1999
Colombia,COL,Children 0-14,62.308,2000
Colombia,COL,Children 0-14,36.154,2001
Colombia,COL,Children 0-14,42.308,2002
Colombia,COL,Children 0-14,25.385,2003
Colombia,COL,Children 0-14,46.154,2004
Colombia,COL,Children 0-14,55.385,2005
Colombia,COL,Children 0-14,45.385,2006
Colombia,COL,Children 0-14,44.615,2007
Colombia,COL,Children 0-14,41.538,2008
Colombia,COL,Children 0-14,46.923,2009
Colombia,COL,Children 0-14,79.231,2010
Colombia,COL,Children 0-14,44.615,2011
Colombia,COL,Children 0-14,50.769,2012
Colombia,COL,Children 0-14,51.538,2013
Colombia,COL,Children 0-14,47.692,2014
Colombia,COL,Children 0-14,70.000,2015
Colombia,COL,Children 0-14,60.000,2016
Colombia,COL,Children 0-14,53.077,2017
Colombia,COL,Children 0-14,53.077,2018
Colombia,COL,Children 0-14,52.308,2019
Colombia,COL,Children 0-14,44.615,2020
Colombia,COL,Children 0-14,36.923,2021
Colombia,COL,Children 0-14,35.385,2022
Colombia,COL,Children 0-14,13.846,2023
Colombia,COL,Education,0.000,1960
Colombia,COL,Education,0.000,1961
Colombia,COL,Education,0.000,1962
Colombia,COL,Education,0.000,1963
Colombia,COL,Education,0.000,1964
Colombia,COL,Education,0.000,1965
Colombia,COL,Education,0.000,1966
Colombia,COL,Education,0.000,1967
Colombia,COL,Education,0.000,1968
Colombia,COL,Education,0.000,1969
Colombia,COL,Education,18.405,1970
Colombia,COL,Education,15.951,1971
Colombia,COL,Education,15.951,1972
Colombia,COL,Education,13.497,1973
Colombia,COL,Education,15.337,1974
Colombia,COL,Education,15.951,1975
Colombia,COL,Education,9.816,1976
Colombia,COL,Education,15.951,1977
Colombia,COL,Education,15.951,1978
Colombia,COL,Education,16.564,1979
Colombia,COL,Education,17.178,1980
Colombia,COL,Education,18.405,1981
Colombia,COL,Education,22.699,1982
Colombia,COL,Education,19.632,1983
Colombia,COL,Education,26.994,1984
Colombia,COL,Education,27.607,1985
Colombia,COL,Education,30.675,1986
Colombia,COL,Education,26.380,1987
Colombia,COL,Education,26.380,1988
Colombia,COL,Education,23.926,1989
Colombia,COL,Education,6.748,1990
Colombia,COL,Education,23.926,1991
Colombia,COL,Education,18.405,1992
Colombia,COL,Education,26.994,1993
Colombia,COL,Education,12.270,1994
Colombia,COL,Education,16.564,1995
Colombia,COL,Education,28.834,1996
Colombia,COL,Education,3.067,1997
Colombia,COL,Education,25.767,1998
Colombia,COL,Education,28.834,1999
Colombia,COL,Education,28.221,2000
Colombia,COL,Education,20.859,2001
Colombia,COL,Education,46.012,2002
Colombia,COL,Education,9.816,2003
Colombia,COL,Education,55.828,2004
Colombia,COL,Education,51.534,2005
Colombia,COL,Education,54.601,2006
Colombia,COL,Education,57.669,2007
Colombia,COL,Education,55.828,2008
Colombia,COL,Education,59.509,2009
Colombia,COL,Education,71.779,2010
Colombia,COL,Education,65.031,2011
Colombia,COL,Education,64.417,2012
Colombia,COL,Education,61.963,2013
Colombia,COL,Education,68.712,2014
Colombia,COL,Education,66.871,2015
Colombia,COL,Education,66.871,2016
Colombia,COL,Education,67.485,2017
Colombia,COL,Education,76.687,2018
Colombia,COL,Education,41.104,2019
Colombia,COL,Education,51.534,2020
Colombia,COL,Education,29.448,2021
Colombia,COL,Education,35.583,2022
Colombia,COL,Education,16.564,2023
Colombia,COL,Employment and Time Use,0.000,1960
Colombia,COL,Employment and Time Use,0.000,1961
Colombia,COL,Employment and Time Use,0.000,1962
Colombia,COL,Employment and Time Use,0.000,1963
Colombia,COL,Employment and Time Use,5.109,1964
Colombia,COL,Employment and Time Use,0.000,1965
Colombia,COL,Employment and Time Use,0.000,1966
Colombia,COL,Employment and Time Use,0.000,1967
Colombia,COL,Employment and Time Use,0.000,1968
Colombia,COL,Employment and Time Use,0.000,1969
Colombia,COL,Employment and Time Use,21.168,1970
Colombia,COL,Employment and Time Use,21.168,1971
Colombia,COL,Employment and Time Use,21.168,1972
Colombia,COL,Employment and Time Use,26.277,1973
Colombia,COL,Employment and Time Use,21.168,1974
Colombia,COL,Employment and Time Use,23.358,1975
Colombia,COL,Employment and Time Use,21.168,1976
Colombia,COL,Employment and Time Use,23.358,1977
Colombia,COL,Employment and Time Use,21.168,1978
Colombia,COL,Employment and Time Use,21.168,1979
Colombia,COL,Employment and Time Use,28.467,1980
Colombia,COL,Employment and Time Use,21.898,1981
Colombia,COL,Employment and Time Use,21.898,1982
Colombia,COL,Employment and Time Use,23.358,1983
Colombia,COL,Employment and Time Use,23.358,1984
Colombia,COL,Employment and Time Use,28.467,1985
Colombia,COL,Employment and Time Use,26.277,1986
Colombia,COL,Employment and Time Use,26.277,1987
Colombia,COL,Employment and Time Use,21.168,1988
Colombia,COL,Employment and Time Use,26.277,1989
Colombia,COL,Employment and Time Use,33.577,1990
Colombia,COL,Employment and Time Use,63.504,1991
Colombia,COL,Employment and Time Use,63.504,1992
Colombia,COL,Employment and Time Use,65.693,1993
Colombia,COL,Employment and Time Use,63.504,1994
Colombia,COL,Employment and Time Use,58.394,1995
Colombia,COL,Employment and Time Use,64.234,1996
Colombia,COL,Employment and Time Use,60.584,1997
Colombia,COL,Employment and Time Use,60.584,1998
Colombia,COL,Employment and Time Use,60.584,1999
Colombia,COL,Employment and Time Use,63.504,2000
Colombia,COL,Employment and Time Use,70.803,2001
Colombia,COL,Employment and Time Use,90.511,2002
Colombia,COL,Employment and Time Use,90.511,2003
Colombia,COL,Employment and Time Use,90.511,2004
Colombia,COL,Employment and Time Use,92.701,2005
Colombia,COL,Employment and Time Use,56.204,2006
Colombia,COL,Employment and Time Use,92.701,2007
Colombia,COL,Employment and Time Use,90.511,2008
Colombia,COL,Employment and Time Use,92.701,2009
Colombia,COL,Employment and Time Use,91.971,2010
Colombia,COL,Employment and Time Use,91.971,2011
Colombia,COL,Employment and Time Use,94.161,2012
Colombia,COL,Employment and Time Use,91.971,2013
Colombia,COL,Employment and Time Use,94.161,2014
Colombia,COL,Employment and Time Use,94.161,2015
Colombia,COL,Employment and Time Use,91.971,2016
Colombia,COL,Employment and Time Use,93.431,2017
Colombia,COL,Employment and Time Use,91.971,2018
Colombia,COL,Employment and Time Use,91.971,2019
Colombia,COL,Employment and Time Use,73.723,2020
Colombia,COL,Employment and Time Use,91.971,2021
Colombia,COL,Employment and Time Use,90.511,2022
Colombia,COL,Employment and Time Use,91.971,2023
Colombia,COL,Entrepreneurship,0.000,1960
Colombia,COL,Entrepreneurship,0.000,1961
Colombia,COL,Entrepreneurship,0.000,1962
Colombia,COL,Entrepreneurship,0.000,1963
Colombia,COL,Entrepreneurship,0.000,1964
Colombia,COL,Entrepreneurship,0.000,1965
Colombia,COL,Entrepreneurship,0.000,1966
Colombia,COL,Entrepreneurship,0.000,1967
Colombia,COL,Entrepreneurship,0.000,1968
Colombia,COL,Entrepreneurship,0.000,1969
Colombia,COL,Entrepreneurship,9.375,1970
Colombia,COL,Entrepreneurship,9.375,1971
Colombia,COL,Entrepreneurship,9.375,1972
Colombia,COL,Entrepreneurship,9.375,1973
Colombia,COL,Entrepreneurship,9.375,1974
Colombia,COL,Entrepreneurship,9.375,1975
Colombia,COL,Entrepreneurship,9.375,1976
Colombia,COL,Entrepreneurship,9.375,1977
Colombia,COL,Entrepreneurship,9.375,1978
Colombia,COL,Entrepreneurship,9.375,1979
Colombia,COL,Entrepreneurship,9.375,1980
Colombia,COL,Entrepreneurship,9.375,1981
Colombia,COL,Entrepreneurship,9.375,1982
Colombia,COL,Entrepreneurship,9.375,1983
Colombia,COL,Entrepreneurship,9.375,1984
Colombia,COL,Entrepreneurship,9.375,1985
Colombia,COL,Entrepreneurship,9.375,1986
Colombia,COL,Entrepreneurship,9.375,1987
Colombia,COL,Entrepreneurship,9.375,1988
Colombia,COL,Entrepreneurship,9.375,1989
Colombia,COL,Entrepreneurship,9.375,1990
Colombia,COL,Entrepreneurship,9.375,1991
Colombia,COL,Entrepreneurship,9.375,1992
Colombia,COL,Entrepreneurship,9.375,1993
Colombia,COL,Entrepreneurship,9.375,1994
Colombia,COL,Entrepreneurship,9.375,1995
Colombia,COL,Entrepreneurship,9.375,1996
Colombia,COL,Entrepreneurship,9.375,1997
Colombia,COL,Entrepreneurship,9.375,1998
Colombia,COL,Entrepreneurship,9.375,1999
Colombia,COL,Entrepreneurship,9.375,2000
Colombia,COL,Entrepreneurship,9.375,2001
Colombia,COL,Entrepreneurship,9.375,2002
Colombia,COL,Entrepreneurship,37.500,2003
Colombia,COL,Entrepreneurship,37.500,2004
Colombia,COL,Entrepreneurship,37.500,2005
Colombia,COL,Entrepreneurship,40.625,2006
Colombia,COL,Entrepreneurship,37.500,2007
Colombia,COL,Entrepreneurship,37.500,2008
Colombia,COL,Entrepreneurship,37.500,2009
Colombia,COL,Entrepreneurship,43.750,2010
Colombia,COL,Entrepreneurship,37.500,2011
Colombia,COL,Entrepreneurship,37.500,2012
Colombia,COL,Entrepreneurship,37.500,2013
Colombia,COL,Entrepreneurship,56.250,2014
Colombia,COL,Entrepreneurship,37.500,2015
Colombia,COL,Entrepreneurship,37.500,2016
Colombia,COL,Entrepreneurship,62.500,2017
Colombia,COL,Entrepreneurship,37.500,2018
Colombia,COL,Entrepreneurship,37.500,2019
Colombia,COL,Entrepreneurship,21.875,2020
Colombia,COL,Entrepreneurship,21.875,2021
Colombia,COL,Entrepreneurship,21.875,2022
Colombia,COL,Entrepreneurship,15.625,2023
Colombia,COL,Environment,0.000,1960
Colombia,COL,Environment,0.000,1961
Colombia,COL,Environment,0.000,1962
Colombia,COL,Environment,0.000,1963
Colombia,COL,Environment,0.000,1964
Colombia,COL,Environment,0.000,1965
Colombia,COL,Environment,0.000,1966
Colombia,COL,Environment,0.000,1967
Colombia,COL,Environment,0.000,1968
Colombia,COL,Environment,0.000,1969
Colombia,COL,Environment,0.000,1970
Colombia,COL,Environment,0.000,1971
Colombia,COL,Environment,0.000,1972
Colombia,COL,Environment,0.000,1973
Colombia,COL,Environment,0.000,1974
Colombia,COL,Environment,0.000,1975
Colombia,COL,Environment,0.000,1976
Colombia,COL,Environment,0.000,1977
Colombia,COL,Environment,0.000,1978
Colombia,COL,Environment,0.000,1979
Colombia,COL,Environment,0.000,1980
Colombia,COL,Environment,0.000,1981
Colombia,COL,Environment,0.000,1982
Colombia,COL,Environment,0.000,1983
Colombia,COL,Environment,0.000,1984
Colombia,COL,Environment,0.000,1985
Colombia,COL,Environment,0.000,1986
Colombia,COL,Environment,0.000,1987
Colombia,COL,Environment,0.000,1988
Colombia,COL,Environment,0.000,1989
Colombia,COL,Environment,10.000,1990
Colombia,COL,Environment,0.000,1991
Colombia,COL,Environment,0.000,1992
Colombia,COL,Environment,0.000,1993
Colombia,COL,Environment,0.000,1994
Colombia,COL,Environment,20.000,1995
Colombia,COL,Environment,0.000,1996
Colombia,COL,Environment,0.000,1997
Colombia,COL,Environment,0.000,1998
Colombia,COL,Environment,0.000,1999
Colombia,COL,Environment,33.333,2000
Colombia,COL,Environment,10.000,2001
Colombia,COL,Environment,13.333,2002
Colombia,COL,Environment,10.000,2003
Colombia,COL,Environment,13.333,2004
Colombia,COL,Environment,36.667,2005
Colombia,COL,Environment,13.333,2006
Colombia,COL,Environment,13.333,2007
Colombia,COL,Environment,13.333,2008
Colombia,COL,Environment,13.333,2009
Colombia,COL,Environment,36.667,2010
Colombia,COL,Environment,13.333,2011
Colombia,COL,Environment,13.333,2012
Colombia,COL,Environment,13.333,2013
Colombia,COL,Environment,23.333,2014
Colombia,COL,Environment,36.667,2015
Colombia,COL,Environment,13.333,2016
Colombia,COL,Environment,23.333,2017
Colombia,COL,Environment,13.333,2018
Colombia,COL,Environment,30.000,2019
Colombia,COL,Environment,10.000,2020
Colombia,COL,Environment,20.000,2021
Colombia,COL,Environment,10.000,2022
Colombia,COL,Environment,0.000,2023
Colombia,COL,Health,8.586,1960
Colombia,COL,Health,8.586,1961
Colombia,COL,Health,8.586,1962
Colombia,COL,Health,8.586,1963
Colombia,COL,Health,8.586,1964
Colombia,COL,Health,8.586,1965
Colombia,COL,Health,8.586,1966
Colombia,COL,Health,8.586,1967
Colombia,COL,Health,8.586,1968
Colombia,COL,Health,9.596,1969
Colombia,COL,Health,8.586,1970
Colombia,COL,Health,8.586,1971
Colombia,COL,Health,8.586,1972
Colombia,COL,Health,8.586,1973
Colombia,COL,Health,8.586,1974
Colombia,COL,Health,11.111,1975
Colombia,COL,Health,12.121,1976
Colombia,COL,Health,11.111,1977
Colombia,COL,Health,11.111,1978
Colombia,COL,Health,11.111,1979
Colombia,COL,Health,13.131,1980
Colombia,COL,Health,12.121,1981
Colombia,COL,Health,12.121,1982
Colombia,COL,Health,12.121,1983
Colombia,COL,Health,12.121,1984
Colombia,COL,Health,12.626,1985
Colombia,COL,Health,22.727,1986
Colombia,COL,Health,12.626,1987
Colombia,COL,Health,14.141,1988
Colombia,COL,Health,12.626,1989
Colombia,COL,Health,25.758,1990
Colombia,COL,Health,17.172,1991
Colombia,COL,Health,17.172,1992
Colombia,COL,Health,17.172,1993
Colombia,COL,Health,17.172,1994
Colombia,COL,Health,33.333,1995
Colombia,COL,Health,17.172,1996
Colombia,COL,Health,17.172,1997
Colombia,COL,Health,17.677,1998
Colombia,COL,Health,17.677,1999
Colombia,COL,Health,77.273,2000
Colombia,COL,Health,32.828,2001
Colombia,COL,Health,32.323,2002
Colombia,COL,Health,32.828,2003
Colombia,COL,Health,33.838,2004
Colombia,COL,Health,54.545,2005
Colombia,COL,Health,32.828,2006
Colombia,COL,Health,32.828,2007
Colombia,COL,Health,32.828,2008
Colombia,COL,Health,32.828,2009
Colombia,COL,Health,82.828,2010
Colombia,COL,Health,33.333,2011
Colombia,COL,Health,33.333,2012
Colombia,COL,Health,32.828,2013
Colombia,COL,Health,34.343,2014
Colombia,COL,Health,74.747,2015
Colombia,COL,Health,43.434,2016
Colombia,COL,Health,36.869,2017
Colombia,COL,Health,36.364,2018
Colombia,COL,Health,57.576,2019
Colombia,COL,Health,27.778,2020
Colombia,COL,Health,19.192,2021
Colombia,COL,Health,15.657,2022
Colombia,COL,Health,1.010,2023
Colombia,COL,Leadership,0.000,1960
Colombia,COL,Leadership,0.000,1961
Colombia,COL,Leadership,0.000,1962
Colombia,COL,Leadership,0.000,1963
Colombia,COL,Leadership,0.000,1964
Colombia,COL,Leadership,0.000,1965
Colombia,COL,Leadership,0.000,1966
Colombia,COL,Leadership,0.000,1967
Colombia,COL,Leadership,0.000,1968
Colombia,COL,Leadership,0.000,1969
Colombia,COL,Leadership,0.000,1970
Colombia,COL,Leadership,0.000,1971
Colombia,COL,Leadership,0.000,1972
Colombia,COL,Leadership,0.000,1973
Colombia,COL,Leadership,0.000,1974
Colombia,COL,Leadership,0.000,1975
Colombia,COL,Leadership,0.000,1976
Colombia,COL,Leadership,0.000,1977
Colombia,COL,Leadership,0.000,1978
Colombia,COL,Leadership,0.000,1979
Colombia,COL,Leadership,0.000,1980
Colombia,COL,Leadership,0.000,1981
Colombia,COL,Leadership,0.000,1982
Colombia,COL,Leadership,0.000,1983
Colombia,COL,Leadership,0.000,1984
Colombia,COL,Leadership,0.000,1985
Colombia,COL,Leadership,0.000,1986
Colombia,COL,Leadership,0.000,1987
Colombia,COL,Leadership,0.000,1988
Colombia,COL,Leadership,0.000,1989
Colombia,COL,Leadership,0.000,1990
Colombia,COL,Leadership,0.000,1991
Colombia,COL,Leadership,0.000,1992
Colombia,COL,Leadership,0.000,1993
Colombia,COL,Leadership,0.000,1994
Colombia,COL,Leadership,0.000,1995
Colombia,COL,Leadership,0.000,1996
Colombia,COL,Leadership,25.000,1997
Colombia,COL,Leadership,0.000,1998
Colombia,COL,Leadership,25.000,1999
Colombia,COL,Leadership,25.000,2000
Colombia,COL,Leadership,25.000,2001
Colombia,COL,Leadership,50.000,2002
Colombia,COL,Leadership,50.000,2003
Colombia,COL,Leadership,50.000,2004
Colombia,COL,Leadership,75.000,2005
Colombia,COL,Leadership,25.000,2006
Colombia,COL,Leadership,50.000,2007
Colombia,COL,Leadership,75.000,2008
Colombia,COL,Leadership,50.000,2009
Colombia,COL,Leadership,100.000,2010
Colombia,COL,Leadership,50.000,2011
Colombia,COL,Leadership,75.000,2012
Colombia,COL,Leadership,50.000,2013
Colombia,COL,Leadership,75.000,2014
Colombia,COL,Leadership,75.000,2015
Colombia,COL,Leadership,75.000,2016
Colombia,COL,Leadership,75.000,2017
Colombia,COL,Leadership,75.000,2018
Colombia,COL,Leadership,75.000,2019
Colombia,COL,Leadership,75.000,2020
Colombia,COL,Leadership,50.000,2021
Colombia,COL,Leadership,75.000,2022
Colombia,COL,Leadership,75.000,2023
Colombia,COL,Norms and Decision-making,0.000,1960
Colombia,COL,Norms and Decision-making,0.000,1961
Colombia,COL,Norms and Decision-making,0.000,1962
Colombia,COL,Norms and Decision-making,0.000,1963
Colombia,COL,Norms and Decision-making,0.000,1964
Colombia,COL,Norms and Decision-making,0.000,1965
Colombia,COL,Norms and Decision-making,0.000,1966
Colombia,COL,Norms and Decision-making,0.000,1967
Colombia,COL,Norms and Decision-making,0.000,1968
Colombia,COL,Norms and Decision-making,0.000,1969
Colombia,COL,Norms and Decision-making,12.593,1970
Colombia,COL,Norms and Decision-making,12.593,1971
Colombia,COL,Norms and Decision-making,12.593,1972
Colombia,COL,Norms and Decision-making,14.074,1973
Colombia,COL,Norms and Decision-making,12.593,1974
Colombia,COL,Norms and Decision-making,12.593,1975
Colombia,COL,Norms and Decision-making,12.593,1976
Colombia,COL,Norms and Decision-making,12.593,1977
Colombia,COL,Norms and Decision-making,12.593,1978
Colombia,COL,Norms and Decision-making,12.593,1979
Colombia,COL,Norms and Decision-making,12.593,1980
Colombia,COL,Norms and Decision-making,12.593,1981
Colombia,COL,Norms and Decision-making,12.593,1982
Colombia,COL,Norms and Decision-making,12.593,1983
Colombia,COL,Norms and Decision-making,12.593,1984
Colombia,COL,Norms and Decision-making,14.074,1985
Colombia,COL,Norms and Decision-making,17.778,1986
Colombia,COL,Norms and Decision-making,12.593,1987
Colombia,COL,Norms and Decision-making,12.593,1988
Colombia,COL,Norms and Decision-making,12.593,1989
Colombia,COL,Norms and Decision-making,17.778,1990
Colombia,COL,Norms and Decision-making,12.593,1991
Colombia,COL,Norms and Decision-making,12.593,1992
Colombia,COL,Norms and Decision-making,14.074,1993
Colombia,COL,Norms and Decision-making,12.593,1994
Colombia,COL,Norms and Decision-making,18.519,1995
Colombia,COL,Norms and Decision-making,12.593,1996
Colombia,COL,Norms and Decision-making,12.593,1997
Colombia,COL,Norms and Decision-making,12.593,1998
Colombia,COL,Norms and Decision-making,12.593,1999
Colombia,COL,Norms and Decision-making,36.296,2000
Colombia,COL,Norms and Decision-making,12.593,2001
Colombia,COL,Norms and Decision-making,12.593,2002
Colombia,COL,Norms and Decision-making,12.593,2003
Colombia,COL,Norms and Decision-making,12.593,2004
Colombia,COL,Norms and Decision-making,36.296,2005
Colombia,COL,Norms and Decision-making,14.074,2006
Colombia,COL,Norms and Decision-making,12.593,2007
Colombia,COL,Norms and Decision-making,12.593,2008
Colombia,COL,Norms and Decision-making,12.593,2009
Colombia,COL,Norms and Decision-making,91.111,2010
Colombia,COL,Norms and Decision-making,12.593,2011
Colombia,COL,Norms and Decision-making,12.593,2012
Colombia,COL,Norms and Decision-making,12.593,2013
Colombia,COL,Norms and Decision-making,12.593,2014
Colombia,COL,Norms and Decision-making,95.556,2015
Colombia,COL,Norms and Decision-making,12.593,2016
Colombia,COL,Norms and Decision-making,12.593,2017
Colombia,COL,Norms and Decision-making,12.593,2018
Colombia,COL,Norms and Decision-making,12.593,2019
Colombia,COL,Norms and Decision-making,12.593,2020
Colombia,COL,Norms and Decision-making,12.593,2021
Colombia,COL,Norms and Decision-making,12.593,2022
Colombia,COL,Norms and Decision-making,12.593,2023
Colombia,COL,Population,86.905,1960
Colombia,COL,Population,86.905,1961
Colombia,COL,Population,86.905,1962
Colombia,COL,Population,86.905,1963
Colombia,COL,Population,86.905,1964
Colombia,COL,Population,86.905,1965
Colombia,COL,Population,86.905,1966
Colombia,COL,Population,86.905,1967
Colombia,COL,Population,86.905,1968
Colombia,COL,Population,86.905,1969
Colombia,COL,Population,86.905,1970
Colombia,COL,Population,86.905,1971
Colombia,COL,Population,86.905,1972
Colombia,COL,Population,89.286,1973
Colombia,COL,Population,86.905,1974
Colombia,COL,Population,86.905,1975
Colombia,COL,Population,86.905,1976
Colombia,COL,Population,86.905,1977
Colombia,COL,Population,86.905,1978
Colombia,COL,Population,86.905,1979
Colombia,COL,Population,91.667,1980
Colombia,COL,Population,86.905,1981
Colombia,COL,Population,86.905,1982
Colombia,COL,Population,86.905,1983
Colombia,COL,Population,86.905,1984
Colombia,COL,Population,94.048,1985
Colombia,COL,Population,88.095,1986
Colombia,COL,Population,86.905,1987
Colombia,COL,Population,86.905,1988
Colombia,COL,Population,86.905,1989
Colombia,COL,Population,95.238,1990
Colombia,COL,Population,86.905,1991
Colombia,COL,Population,86.905,1992
Colombia,COL,Population,89.286,1993
Colombia,COL,Population,86.905,1994
Colombia,COL,Population,96.429,1995
Colombia,COL,Population,86.905,1996
Colombia,COL,Population,86.905,1997
Colombia,COL,Population,86.905,1998
Colombia,COL,Population,86.905,1999
Colombia,COL,Population,96.429,2000
Colombia,COL,Population,86.905,2001
Colombia,COL,Population,86.905,2002
Colombia,COL,Population,86.905,2003
Colombia,COL,Population,86.905,2004
Colombia,COL,Population,97.619,2005
Colombia,COL,Population,89.286,2006
Colombia,COL,Population,86.905,2007
Colombia,COL,Population,86.905,2008
Colombia,COL,Population,86.905,2009
Colombia,COL,Population,97.619,2010
Colombia,COL,Population,86.905,2011
Colombia,COL,Population,86.905,2012
Colombia,COL,Population,86.905,2013
Colombia,COL,Population,86.905,2014
Colombia,COL,Population,100.000,2015
Colombia,COL,Population,86.905,2016
Colombia,COL,Population,86.905,2017
Colombia,COL,Population,86.905,2018
Colombia,COL,Population,86.905,2019
Colombia,COL,Population,88.095,2020
Colombia,COL,Population,86.905,2021
Colombia,COL,Population,86.905,2022
Colombia,COL,Population,77.381,2023
Colombia,COL,SDGs,2.685,1960
Colombia,COL,SDGs,2.685,1961
Colombia,COL,SDGs,2.685,1962
Colombia,COL,SDGs,2.685,1963
Colombia,COL,SDGs,2.685,1964
Colombia,COL,SDGs,2.685,1965
Colombia,COL,SDGs,2.685,1966
Colombia,COL,SDGs,2.685,1967
Colombia,COL,SDGs,2.685,1968
Colombia,COL,SDGs,2.685,1969
Colombia,COL,SDGs,11.409,1970
Colombia,COL,SDGs,11.409,1971
Colombia,COL,SDGs,11.409,1972
Colombia,COL,SDGs,11.409,1973
Colombia,COL,SDGs,11.409,1974
Colombia,COL,SDGs,13.423,1975
Colombia,COL,SDGs,11.409,1976
Colombia,COL,SDGs,13.423,1977
Colombia,COL,SDGs,11.409,1978
Colombia,COL,SDGs,11.409,1979
Colombia,COL,SDGs,14.094,1980
Colombia,COL,SDGs,12.752,1981
Colombia,COL,SDGs,12.752,1982
Colombia,COL,SDGs,14.094,1983
Colombia,COL,SDGs,14.094,1984
Colombia,COL,SDGs,14.765,1985
Colombia,COL,SDGs,16.779,1986
Colombia,COL,SDGs,14.765,1987
Colombia,COL,SDGs,12.752,1988
Colombia,COL,SDGs,12.752,1989
Colombia,COL,SDGs,19.463,1990
Colombia,COL,SDGs,24.832,1991
Colombia,COL,SDGs,24.832,1992
Colombia,COL,SDGs,22.819,1993
Colombia,COL,SDGs,24.832,1994
Colombia,COL,SDGs,25.503,1995
Colombia,COL,SDGs,24.832,1996
Colombia,COL,SDGs,23.490,1997
Colombia,COL,SDGs,23.490,1998
Colombia,COL,SDGs,24.161,1999
Colombia,COL,SDGs,71.141,2000
Colombia,COL,SDGs,38.926,2001
Colombia,COL,SDGs,38.255,2002
Colombia,COL,SDGs,38.926,2003
Colombia,COL,SDGs,38.926,2004
Colombia,COL,SDGs,42.953,2005
Colombia,COL,SDGs,36.913,2006
Colombia,COL,SDGs,38.926,2007
Colombia,COL,SDGs,38.926,2008
Colombia,COL,SDGs,38.926,2009
Colombia,COL,SDGs,73.154,2010
Colombia,COL,SDGs,40.940,2011
Colombia,COL,SDGs,38.926,2012
Colombia,COL,SDGs,40.940,2013
Colombia,COL,SDGs,40.940,2014
Colombia,COL,SDGs,73.826,2015
Colombia,COL,SDGs,38.926,2016
Colombia,COL,SDGs,42.282,2017
Colombia,COL,SDGs,41.611,2018
Colombia,COL,SDGs,74.497,2019
Colombia,COL,SDGs,31.544,2020
Colombia,COL,SDGs,30.201,2021
Colombia,COL,SDGs,26.846,2022
Colombia,COL,SDGs,18.121,2023
Colombia,COL,Technology,0.000,1960
Colombia,COL,Technology,0.000,1961
Colombia,COL,Technology,0.000,1962
Colombia,COL,Technology,0.000,1963
Colombia,COL,Technology,0.000,1964
Colombia,COL,Technology,0.000,1965
Colombia,COL,Technology,0.000,1966
Colombia,COL,Technology,0.000,1967
Colombia,COL,Technology,0.000,1968
Colombia,COL,Technology,0.000,1969
Colombia,COL,Technology,0.000,1970
Colombia,COL,Technology,0.000,1971
Colombia,COL,Technology,0.000,1972
Colombia,COL,Technology,0.000,1973
Colombia,COL,Technology,0.000,1974
Colombia,COL,Technology,0.000,1975
Colombia,COL,Technology,0.000,1976
Colombia,COL,Technology,0.000,1977
Colombia,COL,Technology,0.000,1978
Colombia,COL,Technology,0.000,1979
Colombia,COL,Technology,0.000,1980
Colombia,COL,Technology,0.000,1981
Colombia,COL,Technology,0.000,1982
Colombia,COL,Technology,0.000,1983
Colombia,COL,Technology,0.000,1984
Colombia,COL,Technology,0.000,1985
Colombia,COL,Technology,0.000,1986
Colombia,COL,Technology,0.000,1987
Colombia,COL,Technology,0.000,1988
Colombia,COL,Technology,0.000,1989
Colombia,COL,Technology,2.222,1990
Colombia,COL,Technology,2.222,1991
Colombia,COL,Technology,2.222,1992
Colombia,COL,Technology,2.222,1993
Colombia,COL,Technology,2.222,1994
Colombia,COL,Technology,2.222,1995
Colombia,COL,Technology,2.222,1996
Colombia,COL,Technology,2.222,1997
Colombia,COL,Technology,2.222,1998
Colombia,COL,Technology,2.222,1999
Colombia,COL,Technology,2.222,2000
Colombia,COL,Technology,2.222,2001
Colombia,COL,Technology,6.667,2002
Colombia,COL,Technology,2.222,2003
Colombia,COL,Technology,4.444,2004
Colombia,COL,Technology,4.444,2005
Colombia,COL,Technology,4.444,2006
Colombia,COL,Technology,4.444,2007
Colombia,COL,Technology,4.444,2008
Colombia,COL,Technology,4.444,2009
Colombia,COL,Technology,8.889,2010
Colombia,COL,Technology,20.000,2011
Colombia,COL,Technology,13.333,2012
Colombia,COL,Technology,8.889,2013
Colombia,COL,Technology,46.667,2014
Colombia,COL,Technology,13.333,2015
Colombia,COL,Technology,13.333,2016
Colombia,COL,Technology,66.667,2017
Colombia,COL,Technology,13.333,2018
Colombia,COL,Technology,6.667,2019
Colombia,COL,Technology,6.667,2020
Colombia,COL,Technology,86.667,2021
Colombia,COL,Technology,6.667,2022
Colombia,COL,Technology,0.000,2023
Colombia,COL,Violence,0.000,1960
Colombia,COL,Violence,0.000,1961
Colombia,COL,Violence,0.000,1962
Colombia,COL,Violence,0.000,1963
Colombia,COL,Violence,0.000,1964
Colombia,COL,Violence,0.000,1965
Colombia,COL,Violence,0.000,1966
Colombia,COL,Violence,0.000,1967
Colombia,COL,Violence,0.000,1968
Colombia,COL,Violence,0.000,1969
Colombia,COL,Violence,2.143,1970
Colombia,COL,Violence,2.143,1971
Colombia,COL,Violence,2.143,1972
Colombia,COL,Violence,2.143,1973
Colombia,COL,Violence,2.143,1974
Colombia,COL,Violence,2.143,1975
Colombia,COL,Violence,2.143,1976
Colombia,COL,Violence,2.143,1977
Colombia,COL,Violence,2.143,1978
Colombia,COL,Violence,2.143,1979
Colombia,COL,Violence,2.143,1980
Colombia,COL,Violence,2.143,1981
Colombia,COL,Violence,2.143,1982
Colombia,COL,Violence,2.143,1983
Colombia,COL,Violence,2.143,1984
Colombia,COL,Violence,2.143,1985
Colombia,COL,Violence,3.571,1986
Colombia,COL,Violence,2.143,1987
Colombia,COL,Violence,2.143,1988
Colombia,COL,Violence,2.143,1989
Colombia,COL,Violence,7.143,1990
Colombia,COL,Violence,4.286,1991
Colombia,COL,Violence,4.286,1992
Colombia,COL,Violence,4.286,1993
Colombia,COL,Violence,4.286,1994
Colombia,COL,Violence,7.143,1995
Colombia,COL,Violence,4.286,1996
Colombia,COL,Violence,4.286,1997
Colombia,COL,Violence,4.286,1998
Colombia,COL,Violence,4.286,1999
Colombia,COL,Violence,19.286,2000
Colombia,COL,Violence,6.429,2001
Colombia,COL,Violence,6.429,2002
Colombia,COL,Violence,6.429,2003
Colombia,COL,Violence,6.429,2004
Colombia,COL,Violence,19.286,2005
Colombia,COL,Violence,6.429,2006
Colombia,COL,Violence,6.429,2007
Colombia,COL,Violence,6.429,2008
Colombia,COL,Violence,6.429,2009
Colombia,COL,Violence,72.143,2010
Colombia,COL,Violence,6.429,2011
Colombia,COL,Violence,6.429,2012
Colombia,COL,Violence,6.429,2013
Colombia,COL,Violence,6.429,2014
Colombia,COL,Violence,62.857,2015
Colombia,COL,Violence,6.429,2016
Colombia,COL,Violence,6.429,2017
Colombia,COL,Violence,9.286,2018
Colombia,COL,Violence,6.429,2019
Colombia,COL,Violence,4.286,2020
Colombia,COL,Violence,4.286,2021
Colombia,COL,Violence,2.143,2022
Colombia,COL,Violence,2.143,2023
Colombia,COL,Youth 15-24,4.587,1960
Colombia,COL,Youth 15-24,4.587,1961
Colombia,COL,Youth 15-24,4.587,1962
Colombia,COL,Youth 15-24,4.587,1963
Colombia,COL,Youth 15-24,7.339,1964
Colombia,COL,Youth 15-24,4.587,1965
Colombia,COL,Youth 15-24,4.587,1966
Colombia,COL,Youth 15-24,4.587,1967
Colombia,COL,Youth 15-24,4.587,1968
Colombia,COL,Youth 15-24,4.587,1969
Colombia,COL,Youth 15-24,18.349,1970
Colombia,COL,Youth 15-24,15.596,1971
Colombia,COL,Youth 15-24,15.596,1972
Colombia,COL,Youth 15-24,15.596,1973
Colombia,COL,Youth 15-24,15.596,1974
Colombia,COL,Youth 15-24,18.349,1975
Colombia,COL,Youth 15-24,12.844,1976
Colombia,COL,Youth 15-24,18.349,1977
Colombia,COL,Youth 15-24,18.349,1978
Colombia,COL,Youth 15-24,18.349,1979
Colombia,COL,Youth 15-24,18.349,1980
Colombia,COL,Youth 15-24,18.349,1981
Colombia,COL,Youth 15-24,19.266,1982
Colombia,COL,Youth 15-24,18.349,1983
Colombia,COL,Youth 15-24,21.101,1984
Colombia,COL,Youth 15-24,23.853,1985
Colombia,COL,Youth 15-24,22.936,1986
Colombia,COL,Youth 15-24,21.101,1987
Colombia,COL,Youth 15-24,21.101,1988
Colombia,COL,Youth 15-24,18.349,1989
Colombia,COL,Youth 15-24,16.514,1990
Colombia,COL,Youth 15-24,35.780,1991
Colombia,COL,Youth 15-24,30.275,1992
Colombia,COL,Youth 15-24,38.532,1993
Colombia,COL,Youth 15-24,23.853,1994
Colombia,COL,Youth 15-24,31.193,1995
Colombia,COL,Youth 15-24,43.119,1996
Colombia,COL,Youth 15-24,22.018,1997
Colombia,COL,Youth 15-24,31.193,1998
Colombia,COL,Youth 15-24,31.193,1999
Colombia,COL,Youth 15-24,38.532,2000
Colombia,COL,Youth 15-24,35.780,2001
Colombia,COL,Youth 15-24,65.138,2002
Colombia,COL,Youth 15-24,36.697,2003
Colombia,COL,Youth 15-24,70.642,2004
Colombia,COL,Youth 15-24,76.147,2005
Colombia,COL,Youth 15-24,62.385,2006
Colombia,COL,Youth 15-24,75.229,2007
Colombia,COL,Youth 15-24,75.229,2008
Colombia,COL,Youth 15-24,75.229,2009
Colombia,COL,Youth 15-24,84.404,2010
Colombia,COL,Youth 15-24,84.404,2011
Colombia,COL,Youth 15-24,81.651,2012
Colombia,COL,Youth 15-24,73.394,2013
Colombia,COL,Youth 15-24,82.569,2014
Colombia,COL,Youth 15-24,87.156,2015
Colombia,COL,Youth 15-24,81.651,2016
Colombia,COL,Youth 15-24,72.477,2017
Colombia,COL,Youth 15-24,81.651,2018
Colombia,COL,Youth 15-24,56.881,2019
Colombia,COL,Youth 15-24,54.128,2020
Colombia,COL,Youth 15-24,46.789,2021
Colombia,COL,Youth 15-24,52.294,2022
Colombia,COL,Youth 15-24,35.780,2023
