Country Name,Country Code,Topic,% of available indicators,Year
Djibouti,DJI,Assets,0.000,1960
Djibouti,DJI,Assets,0.000,1961
Djibouti,DJI,Assets,0.000,1962
Djibouti,DJI,Assets,0.000,1963
Djibouti,DJI,Assets,0.000,1964
Djibouti,DJI,Assets,0.000,1965
Djibouti,DJI,Assets,0.000,1966
Djibouti,DJI,Assets,0.000,1967
Djibouti,DJI,Assets,0.000,1968
Djibouti,DJI,Assets,0.000,1969
Djibouti,DJI,Assets,2.208,1970
Djibouti,DJI,Assets,2.208,1971
Djibouti,DJI,Assets,2.208,1972
Djibouti,DJI,Assets,2.208,1973
Djibouti,DJI,Assets,2.208,1974
Djibouti,DJI,Assets,2.208,1975
Djibouti,DJI,Assets,2.208,1976
Djibouti,DJI,Assets,2.208,1977
Djibouti,DJI,Assets,2.208,1978
Djibouti,DJI,Assets,2.208,1979
Djibouti,DJI,Assets,2.208,1980
Djibouti,DJI,Assets,2.208,1981
Djibouti,DJI,Assets,2.208,1982
Djibouti,DJI,Assets,2.208,1983
Djibouti,DJI,Assets,2.208,1984
Djibouti,DJI,Assets,2.208,1985
Djibouti,DJI,Assets,2.208,1986
Djibouti,DJI,Assets,2.208,1987
Djibouti,DJI,Assets,2.208,1988
Djibouti,DJI,Assets,2.208,1989
Djibouti,DJI,Assets,2.208,1990
Djibouti,DJI,Assets,2.208,1991
Djibouti,DJI,Assets,2.208,1992
Djibouti,DJI,Assets,2.208,1993
Djibouti,DJI,Assets,2.208,1994
Djibouti,DJI,Assets,2.208,1995
Djibouti,DJI,Assets,2.208,1996
Djibouti,DJI,Assets,2.208,1997
Djibouti,DJI,Assets,2.208,1998
Djibouti,DJI,Assets,2.208,1999
Djibouti,DJI,Assets,2.208,2000
Djibouti,DJI,Assets,2.208,2001
Djibouti,DJI,Assets,2.208,2002
Djibouti,DJI,Assets,2.208,2003
Djibouti,DJI,Assets,2.208,2004
Djibouti,DJI,Assets,2.208,2005
Djibouti,DJI,Assets,2.208,2006
Djibouti,DJI,Assets,2.208,2007
Djibouti,DJI,Assets,2.208,2008
Djibouti,DJI,Assets,2.208,2009
Djibouti,DJI,Assets,2.208,2010
Djibouti,DJI,Assets,10.726,2011
Djibouti,DJI,Assets,2.208,2012
Djibouti,DJI,Assets,2.208,2013
Djibouti,DJI,Assets,2.208,2014
Djibouti,DJI,Assets,2.208,2015
Djibouti,DJI,Assets,2.208,2016
Djibouti,DJI,Assets,2.208,2017
Djibouti,DJI,Assets,2.208,2018
Djibouti,DJI,Assets,2.208,2019
Djibouti,DJI,Assets,2.208,2020
Djibouti,DJI,Assets,2.208,2021
Djibouti,DJI,Assets,2.208,2022
Djibouti,DJI,Assets,2.208,2023
Djibouti,DJI,Children 0-14,10.769,1960
Djibouti,DJI,Children 0-14,10.769,1961
Djibouti,DJI,Children 0-14,10.769,1962
Djibouti,DJI,Children 0-14,10.769,1963
Djibouti,DJI,Children 0-14,10.769,1964
Djibouti,DJI,Children 0-14,10.769,1965
Djibouti,DJI,Children 0-14,10.769,1966
Djibouti,DJI,Children 0-14,10.769,1967
Djibouti,DJI,Children 0-14,10.769,1968
Djibouti,DJI,Children 0-14,10.769,1969
Djibouti,DJI,Children 0-14,10.769,1970
Djibouti,DJI,Children 0-14,13.077,1971
Djibouti,DJI,Children 0-14,15.385,1972
Djibouti,DJI,Children 0-14,15.385,1973
Djibouti,DJI,Children 0-14,15.385,1974
Djibouti,DJI,Children 0-14,15.385,1975
Djibouti,DJI,Children 0-14,20.000,1976
Djibouti,DJI,Children 0-14,17.692,1977
Djibouti,DJI,Children 0-14,17.692,1978
Djibouti,DJI,Children 0-14,18.462,1979
Djibouti,DJI,Children 0-14,17.692,1980
Djibouti,DJI,Children 0-14,19.231,1981
Djibouti,DJI,Children 0-14,22.308,1982
Djibouti,DJI,Children 0-14,22.308,1983
Djibouti,DJI,Children 0-14,22.308,1984
Djibouti,DJI,Children 0-14,29.231,1985
Djibouti,DJI,Children 0-14,30.000,1986
Djibouti,DJI,Children 0-14,30.000,1987
Djibouti,DJI,Children 0-14,30.000,1988
Djibouti,DJI,Children 0-14,32.308,1989
Djibouti,DJI,Children 0-14,30.000,1990
Djibouti,DJI,Children 0-14,26.923,1991
Djibouti,DJI,Children 0-14,30.000,1992
Djibouti,DJI,Children 0-14,30.000,1993
Djibouti,DJI,Children 0-14,30.000,1994
Djibouti,DJI,Children 0-14,30.000,1995
Djibouti,DJI,Children 0-14,41.538,1996
Djibouti,DJI,Children 0-14,30.000,1997
Djibouti,DJI,Children 0-14,25.385,1998
Djibouti,DJI,Children 0-14,36.923,1999
Djibouti,DJI,Children 0-14,49.231,2000
Djibouti,DJI,Children 0-14,33.077,2001
Djibouti,DJI,Children 0-14,33.077,2002
Djibouti,DJI,Children 0-14,20.769,2003
Djibouti,DJI,Children 0-14,34.615,2004
Djibouti,DJI,Children 0-14,34.615,2005
Djibouti,DJI,Children 0-14,37.692,2006
Djibouti,DJI,Children 0-14,35.385,2007
Djibouti,DJI,Children 0-14,33.077,2008
Djibouti,DJI,Children 0-14,35.385,2009
Djibouti,DJI,Children 0-14,34.615,2010
Djibouti,DJI,Children 0-14,39.231,2011
Djibouti,DJI,Children 0-14,31.538,2012
Djibouti,DJI,Children 0-14,41.538,2013
Djibouti,DJI,Children 0-14,30.000,2014
Djibouti,DJI,Children 0-14,46.154,2015
Djibouti,DJI,Children 0-14,32.308,2016
Djibouti,DJI,Children 0-14,39.231,2017
Djibouti,DJI,Children 0-14,34.615,2018
Djibouti,DJI,Children 0-14,54.615,2019
Djibouti,DJI,Children 0-14,25.385,2020
Djibouti,DJI,Children 0-14,25.385,2021
Djibouti,DJI,Children 0-14,22.308,2022
Djibouti,DJI,Children 0-14,9.231,2023
Djibouti,DJI,Education,0.000,1960
Djibouti,DJI,Education,0.000,1961
Djibouti,DJI,Education,0.000,1962
Djibouti,DJI,Education,0.000,1963
Djibouti,DJI,Education,0.000,1964
Djibouti,DJI,Education,0.000,1965
Djibouti,DJI,Education,0.000,1966
Djibouti,DJI,Education,0.000,1967
Djibouti,DJI,Education,0.000,1968
Djibouti,DJI,Education,0.000,1969
Djibouti,DJI,Education,0.000,1970
Djibouti,DJI,Education,7.362,1971
Djibouti,DJI,Education,7.975,1972
Djibouti,DJI,Education,11.656,1973
Djibouti,DJI,Education,11.656,1974
Djibouti,DJI,Education,11.656,1975
Djibouti,DJI,Education,11.656,1976
Djibouti,DJI,Education,1.227,1977
Djibouti,DJI,Education,1.227,1978
Djibouti,DJI,Education,1.840,1979
Djibouti,DJI,Education,1.840,1980
Djibouti,DJI,Education,3.681,1981
Djibouti,DJI,Education,6.135,1982
Djibouti,DJI,Education,6.135,1983
Djibouti,DJI,Education,6.135,1984
Djibouti,DJI,Education,14.110,1985
Djibouti,DJI,Education,18.405,1986
Djibouti,DJI,Education,14.724,1987
Djibouti,DJI,Education,14.724,1988
Djibouti,DJI,Education,12.270,1989
Djibouti,DJI,Education,9.202,1990
Djibouti,DJI,Education,9.202,1991
Djibouti,DJI,Education,15.337,1992
Djibouti,DJI,Education,14.724,1993
Djibouti,DJI,Education,15.951,1994
Djibouti,DJI,Education,12.883,1995
Djibouti,DJI,Education,16.564,1996
Djibouti,DJI,Education,19.018,1997
Djibouti,DJI,Education,4.294,1998
Djibouti,DJI,Education,32.515,1999
Djibouti,DJI,Education,24.540,2000
Djibouti,DJI,Education,26.380,2001
Djibouti,DJI,Education,26.994,2002
Djibouti,DJI,Education,4.294,2003
Djibouti,DJI,Education,31.902,2004
Djibouti,DJI,Education,28.834,2005
Djibouti,DJI,Education,25.153,2006
Djibouti,DJI,Education,26.994,2007
Djibouti,DJI,Education,26.994,2008
Djibouti,DJI,Education,23.313,2009
Djibouti,DJI,Education,3.067,2010
Djibouti,DJI,Education,22.086,2011
Djibouti,DJI,Education,17.791,2012
Djibouti,DJI,Education,18.405,2013
Djibouti,DJI,Education,18.405,2014
Djibouti,DJI,Education,23.926,2015
Djibouti,DJI,Education,23.926,2016
Djibouti,DJI,Education,41.104,2017
Djibouti,DJI,Education,22.699,2018
Djibouti,DJI,Education,20.859,2019
Djibouti,DJI,Education,7.362,2020
Djibouti,DJI,Education,6.748,2021
Djibouti,DJI,Education,3.067,2022
Djibouti,DJI,Education,1.840,2023
Djibouti,DJI,Employment and Time Use,0.000,1960
Djibouti,DJI,Employment and Time Use,0.000,1961
Djibouti,DJI,Employment and Time Use,0.000,1962
Djibouti,DJI,Employment and Time Use,0.000,1963
Djibouti,DJI,Employment and Time Use,0.000,1964
Djibouti,DJI,Employment and Time Use,0.000,1965
Djibouti,DJI,Employment and Time Use,0.000,1966
Djibouti,DJI,Employment and Time Use,0.000,1967
Djibouti,DJI,Employment and Time Use,0.000,1968
Djibouti,DJI,Employment and Time Use,0.000,1969
Djibouti,DJI,Employment and Time Use,21.168,1970
Djibouti,DJI,Employment and Time Use,21.168,1971
Djibouti,DJI,Employment and Time Use,21.168,1972
Djibouti,DJI,Employment and Time Use,21.168,1973
Djibouti,DJI,Employment and Time Use,21.168,1974
Djibouti,DJI,Employment and Time Use,21.168,1975
Djibouti,DJI,Employment and Time Use,21.168,1976
Djibouti,DJI,Employment and Time Use,21.168,1977
Djibouti,DJI,Employment and Time Use,21.168,1978
Djibouti,DJI,Employment and Time Use,21.168,1979
Djibouti,DJI,Employment and Time Use,21.168,1980
Djibouti,DJI,Employment and Time Use,21.168,1981
Djibouti,DJI,Employment and Time Use,21.168,1982
Djibouti,DJI,Employment and Time Use,21.168,1983
Djibouti,DJI,Employment and Time Use,21.168,1984
Djibouti,DJI,Employment and Time Use,21.168,1985
Djibouti,DJI,Employment and Time Use,21.168,1986
Djibouti,DJI,Employment and Time Use,21.168,1987
Djibouti,DJI,Employment and Time Use,21.168,1988
Djibouti,DJI,Employment and Time Use,21.168,1989
Djibouti,DJI,Employment and Time Use,31.387,1990
Djibouti,DJI,Employment and Time Use,56.204,1991
Djibouti,DJI,Employment and Time Use,56.204,1992
Djibouti,DJI,Employment and Time Use,56.204,1993
Djibouti,DJI,Employment and Time Use,56.204,1994
Djibouti,DJI,Employment and Time Use,56.204,1995
Djibouti,DJI,Employment and Time Use,59.124,1996
Djibouti,DJI,Employment and Time Use,56.204,1997
Djibouti,DJI,Employment and Time Use,56.204,1998
Djibouti,DJI,Employment and Time Use,56.204,1999
Djibouti,DJI,Employment and Time Use,56.204,2000
Djibouti,DJI,Employment and Time Use,56.204,2001
Djibouti,DJI,Employment and Time Use,56.204,2002
Djibouti,DJI,Employment and Time Use,56.204,2003
Djibouti,DJI,Employment and Time Use,56.204,2004
Djibouti,DJI,Employment and Time Use,56.204,2005
Djibouti,DJI,Employment and Time Use,56.204,2006
Djibouti,DJI,Employment and Time Use,56.204,2007
Djibouti,DJI,Employment and Time Use,56.204,2008
Djibouti,DJI,Employment and Time Use,56.204,2009
Djibouti,DJI,Employment and Time Use,56.204,2010
Djibouti,DJI,Employment and Time Use,56.204,2011
Djibouti,DJI,Employment and Time Use,56.204,2012
Djibouti,DJI,Employment and Time Use,56.204,2013
Djibouti,DJI,Employment and Time Use,56.204,2014
Djibouti,DJI,Employment and Time Use,56.204,2015
Djibouti,DJI,Employment and Time Use,56.204,2016
Djibouti,DJI,Employment and Time Use,86.131,2017
Djibouti,DJI,Employment and Time Use,56.204,2018
Djibouti,DJI,Employment and Time Use,56.204,2019
Djibouti,DJI,Employment and Time Use,56.204,2020
Djibouti,DJI,Employment and Time Use,56.204,2021
Djibouti,DJI,Employment and Time Use,56.204,2022
Djibouti,DJI,Employment and Time Use,59.124,2023
Djibouti,DJI,Entrepreneurship,0.000,1960
Djibouti,DJI,Entrepreneurship,0.000,1961
Djibouti,DJI,Entrepreneurship,0.000,1962
Djibouti,DJI,Entrepreneurship,0.000,1963
Djibouti,DJI,Entrepreneurship,0.000,1964
Djibouti,DJI,Entrepreneurship,0.000,1965
Djibouti,DJI,Entrepreneurship,0.000,1966
Djibouti,DJI,Entrepreneurship,0.000,1967
Djibouti,DJI,Entrepreneurship,0.000,1968
Djibouti,DJI,Entrepreneurship,0.000,1969
Djibouti,DJI,Entrepreneurship,9.375,1970
Djibouti,DJI,Entrepreneurship,9.375,1971
Djibouti,DJI,Entrepreneurship,9.375,1972
Djibouti,DJI,Entrepreneurship,9.375,1973
Djibouti,DJI,Entrepreneurship,9.375,1974
Djibouti,DJI,Entrepreneurship,9.375,1975
Djibouti,DJI,Entrepreneurship,9.375,1976
Djibouti,DJI,Entrepreneurship,9.375,1977
Djibouti,DJI,Entrepreneurship,9.375,1978
Djibouti,DJI,Entrepreneurship,9.375,1979
Djibouti,DJI,Entrepreneurship,9.375,1980
Djibouti,DJI,Entrepreneurship,9.375,1981
Djibouti,DJI,Entrepreneurship,9.375,1982
Djibouti,DJI,Entrepreneurship,9.375,1983
Djibouti,DJI,Entrepreneurship,9.375,1984
Djibouti,DJI,Entrepreneurship,9.375,1985
Djibouti,DJI,Entrepreneurship,9.375,1986
Djibouti,DJI,Entrepreneurship,9.375,1987
Djibouti,DJI,Entrepreneurship,9.375,1988
Djibouti,DJI,Entrepreneurship,9.375,1989
Djibouti,DJI,Entrepreneurship,9.375,1990
Djibouti,DJI,Entrepreneurship,9.375,1991
Djibouti,DJI,Entrepreneurship,9.375,1992
Djibouti,DJI,Entrepreneurship,9.375,1993
Djibouti,DJI,Entrepreneurship,9.375,1994
Djibouti,DJI,Entrepreneurship,9.375,1995
Djibouti,DJI,Entrepreneurship,9.375,1996
Djibouti,DJI,Entrepreneurship,9.375,1997
Djibouti,DJI,Entrepreneurship,9.375,1998
Djibouti,DJI,Entrepreneurship,9.375,1999
Djibouti,DJI,Entrepreneurship,9.375,2000
Djibouti,DJI,Entrepreneurship,9.375,2001
Djibouti,DJI,Entrepreneurship,9.375,2002
Djibouti,DJI,Entrepreneurship,9.375,2003
Djibouti,DJI,Entrepreneurship,9.375,2004
Djibouti,DJI,Entrepreneurship,37.500,2005
Djibouti,DJI,Entrepreneurship,37.500,2006
Djibouti,DJI,Entrepreneurship,37.500,2007
Djibouti,DJI,Entrepreneurship,37.500,2008
Djibouti,DJI,Entrepreneurship,37.500,2009
Djibouti,DJI,Entrepreneurship,37.500,2010
Djibouti,DJI,Entrepreneurship,37.500,2011
Djibouti,DJI,Entrepreneurship,37.500,2012
Djibouti,DJI,Entrepreneurship,43.750,2013
Djibouti,DJI,Entrepreneurship,37.500,2014
Djibouti,DJI,Entrepreneurship,37.500,2015
Djibouti,DJI,Entrepreneurship,37.500,2016
Djibouti,DJI,Entrepreneurship,37.500,2017
Djibouti,DJI,Entrepreneurship,37.500,2018
Djibouti,DJI,Entrepreneurship,37.500,2019
Djibouti,DJI,Entrepreneurship,9.375,2020
Djibouti,DJI,Entrepreneurship,9.375,2021
Djibouti,DJI,Entrepreneurship,9.375,2022
Djibouti,DJI,Entrepreneurship,9.375,2023
Djibouti,DJI,Environment,0.000,1960
Djibouti,DJI,Environment,0.000,1961
Djibouti,DJI,Environment,0.000,1962
Djibouti,DJI,Environment,0.000,1963
Djibouti,DJI,Environment,0.000,1964
Djibouti,DJI,Environment,0.000,1965
Djibouti,DJI,Environment,0.000,1966
Djibouti,DJI,Environment,0.000,1967
Djibouti,DJI,Environment,0.000,1968
Djibouti,DJI,Environment,0.000,1969
Djibouti,DJI,Environment,0.000,1970
Djibouti,DJI,Environment,0.000,1971
Djibouti,DJI,Environment,0.000,1972
Djibouti,DJI,Environment,0.000,1973
Djibouti,DJI,Environment,0.000,1974
Djibouti,DJI,Environment,0.000,1975
Djibouti,DJI,Environment,0.000,1976
Djibouti,DJI,Environment,0.000,1977
Djibouti,DJI,Environment,0.000,1978
Djibouti,DJI,Environment,0.000,1979
Djibouti,DJI,Environment,0.000,1980
Djibouti,DJI,Environment,0.000,1981
Djibouti,DJI,Environment,0.000,1982
Djibouti,DJI,Environment,0.000,1983
Djibouti,DJI,Environment,0.000,1984
Djibouti,DJI,Environment,0.000,1985
Djibouti,DJI,Environment,0.000,1986
Djibouti,DJI,Environment,0.000,1987
Djibouti,DJI,Environment,0.000,1988
Djibouti,DJI,Environment,0.000,1989
Djibouti,DJI,Environment,0.000,1990
Djibouti,DJI,Environment,0.000,1991
Djibouti,DJI,Environment,0.000,1992
Djibouti,DJI,Environment,0.000,1993
Djibouti,DJI,Environment,0.000,1994
Djibouti,DJI,Environment,0.000,1995
Djibouti,DJI,Environment,0.000,1996
Djibouti,DJI,Environment,0.000,1997
Djibouti,DJI,Environment,0.000,1998
Djibouti,DJI,Environment,0.000,1999
Djibouti,DJI,Environment,10.000,2000
Djibouti,DJI,Environment,10.000,2001
Djibouti,DJI,Environment,10.000,2002
Djibouti,DJI,Environment,10.000,2003
Djibouti,DJI,Environment,10.000,2004
Djibouti,DJI,Environment,10.000,2005
Djibouti,DJI,Environment,10.000,2006
Djibouti,DJI,Environment,10.000,2007
Djibouti,DJI,Environment,10.000,2008
Djibouti,DJI,Environment,10.000,2009
Djibouti,DJI,Environment,10.000,2010
Djibouti,DJI,Environment,10.000,2011
Djibouti,DJI,Environment,10.000,2012
Djibouti,DJI,Environment,10.000,2013
Djibouti,DJI,Environment,10.000,2014
Djibouti,DJI,Environment,10.000,2015
Djibouti,DJI,Environment,10.000,2016
Djibouti,DJI,Environment,10.000,2017
Djibouti,DJI,Environment,10.000,2018
Djibouti,DJI,Environment,30.000,2019
Djibouti,DJI,Environment,10.000,2020
Djibouti,DJI,Environment,10.000,2021
Djibouti,DJI,Environment,10.000,2022
Djibouti,DJI,Environment,0.000,2023
Djibouti,DJI,Health,3.030,1960
Djibouti,DJI,Health,3.030,1961
Djibouti,DJI,Health,3.030,1962
Djibouti,DJI,Health,3.030,1963
Djibouti,DJI,Health,3.030,1964
Djibouti,DJI,Health,3.030,1965
Djibouti,DJI,Health,3.030,1966
Djibouti,DJI,Health,3.030,1967
Djibouti,DJI,Health,3.030,1968
Djibouti,DJI,Health,3.030,1969
Djibouti,DJI,Health,3.030,1970
Djibouti,DJI,Health,3.030,1971
Djibouti,DJI,Health,3.030,1972
Djibouti,DJI,Health,3.030,1973
Djibouti,DJI,Health,3.030,1974
Djibouti,DJI,Health,5.556,1975
Djibouti,DJI,Health,8.586,1976
Djibouti,DJI,Health,10.101,1977
Djibouti,DJI,Health,10.101,1978
Djibouti,DJI,Health,10.101,1979
Djibouti,DJI,Health,10.101,1980
Djibouti,DJI,Health,11.111,1981
Djibouti,DJI,Health,12.121,1982
Djibouti,DJI,Health,12.121,1983
Djibouti,DJI,Health,12.121,1984
Djibouti,DJI,Health,12.121,1985
Djibouti,DJI,Health,12.121,1986
Djibouti,DJI,Health,12.121,1987
Djibouti,DJI,Health,12.121,1988
Djibouti,DJI,Health,13.636,1989
Djibouti,DJI,Health,12.626,1990
Djibouti,DJI,Health,12.626,1991
Djibouti,DJI,Health,12.626,1992
Djibouti,DJI,Health,12.626,1993
Djibouti,DJI,Health,12.626,1994
Djibouti,DJI,Health,12.626,1995
Djibouti,DJI,Health,20.202,1996
Djibouti,DJI,Health,12.626,1997
Djibouti,DJI,Health,12.626,1998
Djibouti,DJI,Health,12.626,1999
Djibouti,DJI,Health,49.495,2000
Djibouti,DJI,Health,26.263,2001
Djibouti,DJI,Health,27.778,2002
Djibouti,DJI,Health,27.273,2003
Djibouti,DJI,Health,26.263,2004
Djibouti,DJI,Health,27.273,2005
Djibouti,DJI,Health,29.293,2006
Djibouti,DJI,Health,26.263,2007
Djibouti,DJI,Health,26.263,2008
Djibouti,DJI,Health,26.263,2009
Djibouti,DJI,Health,49.495,2010
Djibouti,DJI,Health,30.808,2011
Djibouti,DJI,Health,28.788,2012
Djibouti,DJI,Health,33.838,2013
Djibouti,DJI,Health,26.263,2014
Djibouti,DJI,Health,48.990,2015
Djibouti,DJI,Health,26.263,2016
Djibouti,DJI,Health,23.737,2017
Djibouti,DJI,Health,23.737,2018
Djibouti,DJI,Health,54.545,2019
Djibouti,DJI,Health,16.162,2020
Djibouti,DJI,Health,12.626,2021
Djibouti,DJI,Health,11.616,2022
Djibouti,DJI,Health,1.010,2023
Djibouti,DJI,Leadership,0.000,1960
Djibouti,DJI,Leadership,0.000,1961
Djibouti,DJI,Leadership,0.000,1962
Djibouti,DJI,Leadership,0.000,1963
Djibouti,DJI,Leadership,0.000,1964
Djibouti,DJI,Leadership,0.000,1965
Djibouti,DJI,Leadership,0.000,1966
Djibouti,DJI,Leadership,0.000,1967
Djibouti,DJI,Leadership,0.000,1968
Djibouti,DJI,Leadership,0.000,1969
Djibouti,DJI,Leadership,0.000,1970
Djibouti,DJI,Leadership,0.000,1971
Djibouti,DJI,Leadership,0.000,1972
Djibouti,DJI,Leadership,0.000,1973
Djibouti,DJI,Leadership,0.000,1974
Djibouti,DJI,Leadership,0.000,1975
Djibouti,DJI,Leadership,0.000,1976
Djibouti,DJI,Leadership,0.000,1977
Djibouti,DJI,Leadership,0.000,1978
Djibouti,DJI,Leadership,0.000,1979
Djibouti,DJI,Leadership,0.000,1980
Djibouti,DJI,Leadership,0.000,1981
Djibouti,DJI,Leadership,0.000,1982
Djibouti,DJI,Leadership,0.000,1983
Djibouti,DJI,Leadership,0.000,1984
Djibouti,DJI,Leadership,0.000,1985
Djibouti,DJI,Leadership,0.000,1986
Djibouti,DJI,Leadership,0.000,1987
Djibouti,DJI,Leadership,0.000,1988
Djibouti,DJI,Leadership,0.000,1989
Djibouti,DJI,Leadership,0.000,1990
Djibouti,DJI,Leadership,0.000,1991
Djibouti,DJI,Leadership,0.000,1992
Djibouti,DJI,Leadership,0.000,1993
Djibouti,DJI,Leadership,0.000,1994
Djibouti,DJI,Leadership,0.000,1995
Djibouti,DJI,Leadership,0.000,1996
Djibouti,DJI,Leadership,0.000,1997
Djibouti,DJI,Leadership,25.000,1998
Djibouti,DJI,Leadership,25.000,1999
Djibouti,DJI,Leadership,25.000,2000
Djibouti,DJI,Leadership,25.000,2001
Djibouti,DJI,Leadership,25.000,2002
Djibouti,DJI,Leadership,25.000,2003
Djibouti,DJI,Leadership,25.000,2004
Djibouti,DJI,Leadership,50.000,2005
Djibouti,DJI,Leadership,25.000,2006
Djibouti,DJI,Leadership,25.000,2007
Djibouti,DJI,Leadership,50.000,2008
Djibouti,DJI,Leadership,25.000,2009
Djibouti,DJI,Leadership,50.000,2010
Djibouti,DJI,Leadership,25.000,2011
Djibouti,DJI,Leadership,50.000,2012
Djibouti,DJI,Leadership,50.000,2013
Djibouti,DJI,Leadership,50.000,2014
Djibouti,DJI,Leadership,50.000,2015
Djibouti,DJI,Leadership,50.000,2016
Djibouti,DJI,Leadership,25.000,2017
Djibouti,DJI,Leadership,50.000,2018
Djibouti,DJI,Leadership,50.000,2019
Djibouti,DJI,Leadership,50.000,2020
Djibouti,DJI,Leadership,25.000,2021
Djibouti,DJI,Leadership,50.000,2022
Djibouti,DJI,Leadership,25.000,2023
Djibouti,DJI,Norms and Decision-making,0.000,1960
Djibouti,DJI,Norms and Decision-making,0.000,1961
Djibouti,DJI,Norms and Decision-making,0.000,1962
Djibouti,DJI,Norms and Decision-making,0.000,1963
Djibouti,DJI,Norms and Decision-making,0.000,1964
Djibouti,DJI,Norms and Decision-making,0.000,1965
Djibouti,DJI,Norms and Decision-making,0.000,1966
Djibouti,DJI,Norms and Decision-making,0.000,1967
Djibouti,DJI,Norms and Decision-making,0.000,1968
Djibouti,DJI,Norms and Decision-making,0.000,1969
Djibouti,DJI,Norms and Decision-making,12.593,1970
Djibouti,DJI,Norms and Decision-making,12.593,1971
Djibouti,DJI,Norms and Decision-making,12.593,1972
Djibouti,DJI,Norms and Decision-making,12.593,1973
Djibouti,DJI,Norms and Decision-making,12.593,1974
Djibouti,DJI,Norms and Decision-making,12.593,1975
Djibouti,DJI,Norms and Decision-making,12.593,1976
Djibouti,DJI,Norms and Decision-making,12.593,1977
Djibouti,DJI,Norms and Decision-making,12.593,1978
Djibouti,DJI,Norms and Decision-making,12.593,1979
Djibouti,DJI,Norms and Decision-making,12.593,1980
Djibouti,DJI,Norms and Decision-making,12.593,1981
Djibouti,DJI,Norms and Decision-making,12.593,1982
Djibouti,DJI,Norms and Decision-making,12.593,1983
Djibouti,DJI,Norms and Decision-making,12.593,1984
Djibouti,DJI,Norms and Decision-making,12.593,1985
Djibouti,DJI,Norms and Decision-making,12.593,1986
Djibouti,DJI,Norms and Decision-making,12.593,1987
Djibouti,DJI,Norms and Decision-making,12.593,1988
Djibouti,DJI,Norms and Decision-making,12.593,1989
Djibouti,DJI,Norms and Decision-making,12.593,1990
Djibouti,DJI,Norms and Decision-making,14.074,1991
Djibouti,DJI,Norms and Decision-making,12.593,1992
Djibouti,DJI,Norms and Decision-making,12.593,1993
Djibouti,DJI,Norms and Decision-making,12.593,1994
Djibouti,DJI,Norms and Decision-making,12.593,1995
Djibouti,DJI,Norms and Decision-making,12.593,1996
Djibouti,DJI,Norms and Decision-making,12.593,1997
Djibouti,DJI,Norms and Decision-making,12.593,1998
Djibouti,DJI,Norms and Decision-making,12.593,1999
Djibouti,DJI,Norms and Decision-making,12.593,2000
Djibouti,DJI,Norms and Decision-making,12.593,2001
Djibouti,DJI,Norms and Decision-making,14.074,2002
Djibouti,DJI,Norms and Decision-making,12.593,2003
Djibouti,DJI,Norms and Decision-making,12.593,2004
Djibouti,DJI,Norms and Decision-making,14.074,2005
Djibouti,DJI,Norms and Decision-making,14.815,2006
Djibouti,DJI,Norms and Decision-making,12.593,2007
Djibouti,DJI,Norms and Decision-making,12.593,2008
Djibouti,DJI,Norms and Decision-making,12.593,2009
Djibouti,DJI,Norms and Decision-making,12.593,2010
Djibouti,DJI,Norms and Decision-making,12.593,2011
Djibouti,DJI,Norms and Decision-making,14.074,2012
Djibouti,DJI,Norms and Decision-making,12.593,2013
Djibouti,DJI,Norms and Decision-making,12.593,2014
Djibouti,DJI,Norms and Decision-making,12.593,2015
Djibouti,DJI,Norms and Decision-making,12.593,2016
Djibouti,DJI,Norms and Decision-making,12.593,2017
Djibouti,DJI,Norms and Decision-making,12.593,2018
Djibouti,DJI,Norms and Decision-making,14.074,2019
Djibouti,DJI,Norms and Decision-making,12.593,2020
Djibouti,DJI,Norms and Decision-making,12.593,2021
Djibouti,DJI,Norms and Decision-making,12.593,2022
Djibouti,DJI,Norms and Decision-making,12.593,2023
Djibouti,DJI,Population,86.905,1960
Djibouti,DJI,Population,86.905,1961
Djibouti,DJI,Population,86.905,1962
Djibouti,DJI,Population,86.905,1963
Djibouti,DJI,Population,86.905,1964
Djibouti,DJI,Population,86.905,1965
Djibouti,DJI,Population,86.905,1966
Djibouti,DJI,Population,86.905,1967
Djibouti,DJI,Population,86.905,1968
Djibouti,DJI,Population,86.905,1969
Djibouti,DJI,Population,86.905,1970
Djibouti,DJI,Population,86.905,1971
Djibouti,DJI,Population,86.905,1972
Djibouti,DJI,Population,86.905,1973
Djibouti,DJI,Population,86.905,1974
Djibouti,DJI,Population,86.905,1975
Djibouti,DJI,Population,86.905,1976
Djibouti,DJI,Population,86.905,1977
Djibouti,DJI,Population,86.905,1978
Djibouti,DJI,Population,86.905,1979
Djibouti,DJI,Population,91.667,1980
Djibouti,DJI,Population,86.905,1981
Djibouti,DJI,Population,86.905,1982
Djibouti,DJI,Population,86.905,1983
Djibouti,DJI,Population,86.905,1984
Djibouti,DJI,Population,91.667,1985
Djibouti,DJI,Population,86.905,1986
Djibouti,DJI,Population,86.905,1987
Djibouti,DJI,Population,86.905,1988
Djibouti,DJI,Population,86.905,1989
Djibouti,DJI,Population,92.857,1990
Djibouti,DJI,Population,89.286,1991
Djibouti,DJI,Population,86.905,1992
Djibouti,DJI,Population,86.905,1993
Djibouti,DJI,Population,86.905,1994
Djibouti,DJI,Population,92.857,1995
Djibouti,DJI,Population,86.905,1996
Djibouti,DJI,Population,86.905,1997
Djibouti,DJI,Population,86.905,1998
Djibouti,DJI,Population,86.905,1999
Djibouti,DJI,Population,92.857,2000
Djibouti,DJI,Population,86.905,2001
Djibouti,DJI,Population,89.286,2002
Djibouti,DJI,Population,86.905,2003
Djibouti,DJI,Population,86.905,2004
Djibouti,DJI,Population,92.857,2005
Djibouti,DJI,Population,91.667,2006
Djibouti,DJI,Population,86.905,2007
Djibouti,DJI,Population,86.905,2008
Djibouti,DJI,Population,86.905,2009
Djibouti,DJI,Population,92.857,2010
Djibouti,DJI,Population,86.905,2011
Djibouti,DJI,Population,89.286,2012
Djibouti,DJI,Population,86.905,2013
Djibouti,DJI,Population,86.905,2014
Djibouti,DJI,Population,92.857,2015
Djibouti,DJI,Population,86.905,2016
Djibouti,DJI,Population,86.905,2017
Djibouti,DJI,Population,86.905,2018
Djibouti,DJI,Population,86.905,2019
Djibouti,DJI,Population,88.095,2020
Djibouti,DJI,Population,86.905,2021
Djibouti,DJI,Population,86.905,2022
Djibouti,DJI,Population,77.381,2023
Djibouti,DJI,SDGs,0.671,1960
Djibouti,DJI,SDGs,0.671,1961
Djibouti,DJI,SDGs,0.671,1962
Djibouti,DJI,SDGs,0.671,1963
Djibouti,DJI,SDGs,0.671,1964
Djibouti,DJI,SDGs,0.671,1965
Djibouti,DJI,SDGs,0.671,1966
Djibouti,DJI,SDGs,0.671,1967
Djibouti,DJI,SDGs,0.671,1968
Djibouti,DJI,SDGs,0.671,1969
Djibouti,DJI,SDGs,9.396,1970
Djibouti,DJI,SDGs,9.396,1971
Djibouti,DJI,SDGs,9.396,1972
Djibouti,DJI,SDGs,9.396,1973
Djibouti,DJI,SDGs,9.396,1974
Djibouti,DJI,SDGs,9.396,1975
Djibouti,DJI,SDGs,11.409,1976
Djibouti,DJI,SDGs,11.409,1977
Djibouti,DJI,SDGs,11.409,1978
Djibouti,DJI,SDGs,11.409,1979
Djibouti,DJI,SDGs,11.409,1980
Djibouti,DJI,SDGs,11.409,1981
Djibouti,DJI,SDGs,12.081,1982
Djibouti,DJI,SDGs,12.081,1983
Djibouti,DJI,SDGs,12.081,1984
Djibouti,DJI,SDGs,12.081,1985
Djibouti,DJI,SDGs,12.081,1986
Djibouti,DJI,SDGs,12.081,1987
Djibouti,DJI,SDGs,12.081,1988
Djibouti,DJI,SDGs,12.081,1989
Djibouti,DJI,SDGs,12.081,1990
Djibouti,DJI,SDGs,16.107,1991
Djibouti,DJI,SDGs,16.107,1992
Djibouti,DJI,SDGs,16.107,1993
Djibouti,DJI,SDGs,16.107,1994
Djibouti,DJI,SDGs,16.107,1995
Djibouti,DJI,SDGs,16.107,1996
Djibouti,DJI,SDGs,16.107,1997
Djibouti,DJI,SDGs,16.779,1998
Djibouti,DJI,SDGs,16.779,1999
Djibouti,DJI,SDGs,59.732,2000
Djibouti,DJI,SDGs,29.530,2001
Djibouti,DJI,SDGs,29.530,2002
Djibouti,DJI,SDGs,30.201,2003
Djibouti,DJI,SDGs,29.530,2004
Djibouti,DJI,SDGs,29.530,2005
Djibouti,DJI,SDGs,30.201,2006
Djibouti,DJI,SDGs,29.530,2007
Djibouti,DJI,SDGs,29.530,2008
Djibouti,DJI,SDGs,29.530,2009
Djibouti,DJI,SDGs,59.732,2010
Djibouti,DJI,SDGs,31.544,2011
Djibouti,DJI,SDGs,30.201,2012
Djibouti,DJI,SDGs,29.530,2013
Djibouti,DJI,SDGs,29.530,2014
Djibouti,DJI,SDGs,59.732,2015
Djibouti,DJI,SDGs,29.530,2016
Djibouti,DJI,SDGs,33.557,2017
Djibouti,DJI,SDGs,29.530,2018
Djibouti,DJI,SDGs,65.772,2019
Djibouti,DJI,SDGs,21.477,2020
Djibouti,DJI,SDGs,18.792,2021
Djibouti,DJI,SDGs,18.792,2022
Djibouti,DJI,SDGs,14.094,2023
Djibouti,DJI,Technology,0.000,1960
Djibouti,DJI,Technology,0.000,1961
Djibouti,DJI,Technology,0.000,1962
Djibouti,DJI,Technology,0.000,1963
Djibouti,DJI,Technology,0.000,1964
Djibouti,DJI,Technology,0.000,1965
Djibouti,DJI,Technology,0.000,1966
Djibouti,DJI,Technology,0.000,1967
Djibouti,DJI,Technology,0.000,1968
Djibouti,DJI,Technology,0.000,1969
Djibouti,DJI,Technology,0.000,1970
Djibouti,DJI,Technology,0.000,1971
Djibouti,DJI,Technology,0.000,1972
Djibouti,DJI,Technology,0.000,1973
Djibouti,DJI,Technology,0.000,1974
Djibouti,DJI,Technology,0.000,1975
Djibouti,DJI,Technology,0.000,1976
Djibouti,DJI,Technology,0.000,1977
Djibouti,DJI,Technology,0.000,1978
Djibouti,DJI,Technology,0.000,1979
Djibouti,DJI,Technology,0.000,1980
Djibouti,DJI,Technology,0.000,1981
Djibouti,DJI,Technology,0.000,1982
Djibouti,DJI,Technology,0.000,1983
Djibouti,DJI,Technology,0.000,1984
Djibouti,DJI,Technology,0.000,1985
Djibouti,DJI,Technology,0.000,1986
Djibouti,DJI,Technology,0.000,1987
Djibouti,DJI,Technology,0.000,1988
Djibouti,DJI,Technology,0.000,1989
Djibouti,DJI,Technology,2.222,1990
Djibouti,DJI,Technology,2.222,1991
Djibouti,DJI,Technology,2.222,1992
Djibouti,DJI,Technology,2.222,1993
Djibouti,DJI,Technology,2.222,1994
Djibouti,DJI,Technology,2.222,1995
Djibouti,DJI,Technology,2.222,1996
Djibouti,DJI,Technology,2.222,1997
Djibouti,DJI,Technology,2.222,1998
Djibouti,DJI,Technology,2.222,1999
Djibouti,DJI,Technology,2.222,2000
Djibouti,DJI,Technology,2.222,2001
Djibouti,DJI,Technology,2.222,2002
Djibouti,DJI,Technology,2.222,2003
Djibouti,DJI,Technology,2.222,2004
Djibouti,DJI,Technology,2.222,2005
Djibouti,DJI,Technology,2.222,2006
Djibouti,DJI,Technology,2.222,2007
Djibouti,DJI,Technology,2.222,2008
Djibouti,DJI,Technology,2.222,2009
Djibouti,DJI,Technology,2.222,2010
Djibouti,DJI,Technology,8.889,2011
Djibouti,DJI,Technology,2.222,2012
Djibouti,DJI,Technology,2.222,2013
Djibouti,DJI,Technology,2.222,2014
Djibouti,DJI,Technology,2.222,2015
Djibouti,DJI,Technology,2.222,2016
Djibouti,DJI,Technology,6.667,2017
Djibouti,DJI,Technology,2.222,2018
Djibouti,DJI,Technology,2.222,2019
Djibouti,DJI,Technology,2.222,2020
Djibouti,DJI,Technology,2.222,2021
Djibouti,DJI,Technology,2.222,2022
Djibouti,DJI,Technology,0.000,2023
Djibouti,DJI,Violence,0.000,1960
Djibouti,DJI,Violence,0.000,1961
Djibouti,DJI,Violence,0.000,1962
Djibouti,DJI,Violence,0.000,1963
Djibouti,DJI,Violence,0.000,1964
Djibouti,DJI,Violence,0.000,1965
Djibouti,DJI,Violence,0.000,1966
Djibouti,DJI,Violence,0.000,1967
Djibouti,DJI,Violence,0.000,1968
Djibouti,DJI,Violence,0.000,1969
Djibouti,DJI,Violence,2.143,1970
Djibouti,DJI,Violence,2.143,1971
Djibouti,DJI,Violence,2.143,1972
Djibouti,DJI,Violence,2.143,1973
Djibouti,DJI,Violence,2.143,1974
Djibouti,DJI,Violence,2.143,1975
Djibouti,DJI,Violence,2.143,1976
Djibouti,DJI,Violence,2.143,1977
Djibouti,DJI,Violence,2.143,1978
Djibouti,DJI,Violence,2.143,1979
Djibouti,DJI,Violence,2.143,1980
Djibouti,DJI,Violence,2.143,1981
Djibouti,DJI,Violence,2.143,1982
Djibouti,DJI,Violence,2.143,1983
Djibouti,DJI,Violence,2.143,1984
Djibouti,DJI,Violence,2.143,1985
Djibouti,DJI,Violence,2.143,1986
Djibouti,DJI,Violence,2.143,1987
Djibouti,DJI,Violence,2.143,1988
Djibouti,DJI,Violence,2.143,1989
Djibouti,DJI,Violence,2.143,1990
Djibouti,DJI,Violence,2.143,1991
Djibouti,DJI,Violence,2.143,1992
Djibouti,DJI,Violence,2.143,1993
Djibouti,DJI,Violence,2.143,1994
Djibouti,DJI,Violence,2.143,1995
Djibouti,DJI,Violence,2.143,1996
Djibouti,DJI,Violence,2.143,1997
Djibouti,DJI,Violence,2.143,1998
Djibouti,DJI,Violence,2.143,1999
Djibouti,DJI,Violence,4.286,2000
Djibouti,DJI,Violence,4.286,2001
Djibouti,DJI,Violence,4.286,2002
Djibouti,DJI,Violence,4.286,2003
Djibouti,DJI,Violence,4.286,2004
Djibouti,DJI,Violence,4.286,2005
Djibouti,DJI,Violence,4.286,2006
Djibouti,DJI,Violence,4.286,2007
Djibouti,DJI,Violence,4.286,2008
Djibouti,DJI,Violence,4.286,2009
Djibouti,DJI,Violence,4.286,2010
Djibouti,DJI,Violence,4.286,2011
Djibouti,DJI,Violence,4.286,2012
Djibouti,DJI,Violence,4.286,2013
Djibouti,DJI,Violence,4.286,2014
Djibouti,DJI,Violence,4.286,2015
Djibouti,DJI,Violence,4.286,2016
Djibouti,DJI,Violence,4.286,2017
Djibouti,DJI,Violence,4.286,2018
Djibouti,DJI,Violence,6.429,2019
Djibouti,DJI,Violence,2.143,2020
Djibouti,DJI,Violence,2.143,2021
Djibouti,DJI,Violence,2.143,2022
Djibouti,DJI,Violence,2.143,2023
Djibouti,DJI,Youth 15-24,4.587,1960
Djibouti,DJI,Youth 15-24,4.587,1961
Djibouti,DJI,Youth 15-24,4.587,1962
Djibouti,DJI,Youth 15-24,4.587,1963
Djibouti,DJI,Youth 15-24,4.587,1964
Djibouti,DJI,Youth 15-24,4.587,1965
Djibouti,DJI,Youth 15-24,4.587,1966
Djibouti,DJI,Youth 15-24,4.587,1967
Djibouti,DJI,Youth 15-24,4.587,1968
Djibouti,DJI,Youth 15-24,4.587,1969
Djibouti,DJI,Youth 15-24,4.587,1970
Djibouti,DJI,Youth 15-24,11.927,1971
Djibouti,DJI,Youth 15-24,9.174,1972
Djibouti,DJI,Youth 15-24,14.679,1973
Djibouti,DJI,Youth 15-24,14.679,1974
Djibouti,DJI,Youth 15-24,14.679,1975
Djibouti,DJI,Youth 15-24,14.679,1976
Djibouti,DJI,Youth 15-24,6.422,1977
Djibouti,DJI,Youth 15-24,6.422,1978
Djibouti,DJI,Youth 15-24,6.422,1979
Djibouti,DJI,Youth 15-24,7.339,1980
Djibouti,DJI,Youth 15-24,10.092,1981
Djibouti,DJI,Youth 15-24,11.927,1982
Djibouti,DJI,Youth 15-24,11.927,1983
Djibouti,DJI,Youth 15-24,11.927,1984
Djibouti,DJI,Youth 15-24,15.596,1985
Djibouti,DJI,Youth 15-24,18.349,1986
Djibouti,DJI,Youth 15-24,15.596,1987
Djibouti,DJI,Youth 15-24,15.596,1988
Djibouti,DJI,Youth 15-24,11.927,1989
Djibouti,DJI,Youth 15-24,10.092,1990
Djibouti,DJI,Youth 15-24,19.266,1991
Djibouti,DJI,Youth 15-24,25.688,1992
Djibouti,DJI,Youth 15-24,24.771,1993
Djibouti,DJI,Youth 15-24,24.771,1994
Djibouti,DJI,Youth 15-24,22.018,1995
Djibouti,DJI,Youth 15-24,25.688,1996
Djibouti,DJI,Youth 15-24,27.523,1997
Djibouti,DJI,Youth 15-24,13.761,1998
Djibouti,DJI,Youth 15-24,39.450,1999
Djibouti,DJI,Youth 15-24,31.193,2000
Djibouti,DJI,Youth 15-24,33.945,2001
Djibouti,DJI,Youth 15-24,33.945,2002
Djibouti,DJI,Youth 15-24,18.349,2003
Djibouti,DJI,Youth 15-24,39.450,2004
Djibouti,DJI,Youth 15-24,38.532,2005
Djibouti,DJI,Youth 15-24,29.358,2006
Djibouti,DJI,Youth 15-24,32.110,2007
Djibouti,DJI,Youth 15-24,36.697,2008
Djibouti,DJI,Youth 15-24,29.358,2009
Djibouti,DJI,Youth 15-24,17.431,2010
Djibouti,DJI,Youth 15-24,31.193,2011
Djibouti,DJI,Youth 15-24,24.771,2012
Djibouti,DJI,Youth 15-24,27.523,2013
Djibouti,DJI,Youth 15-24,27.523,2014
Djibouti,DJI,Youth 15-24,32.110,2015
Djibouti,DJI,Youth 15-24,31.193,2016
Djibouti,DJI,Youth 15-24,54.128,2017
Djibouti,DJI,Youth 15-24,28.440,2018
Djibouti,DJI,Youth 15-24,30.275,2019
Djibouti,DJI,Youth 15-24,17.431,2020
Djibouti,DJI,Youth 15-24,16.514,2021
Djibouti,DJI,Youth 15-24,14.679,2022
Djibouti,DJI,Youth 15-24,13.761,2023
