Country Name,Country Code,Topic,% of available indicators,Year
"Iran, Islamic Rep.",IRN,Assets,0.000,1960
"Iran, Islamic Rep.",IRN,Assets,0.000,1961
"Iran, Islamic Rep.",IRN,Assets,0.000,1962
"Iran, Islamic Rep.",IRN,Assets,0.000,1963
"Iran, Islamic Rep.",IRN,Assets,0.000,1964
"Iran, Islamic Rep.",IRN,Assets,0.000,1965
"Iran, Islamic Rep.",IRN,Assets,0.000,1966
"Iran, Islamic Rep.",IRN,Assets,0.000,1967
"Iran, Islamic Rep.",IRN,Assets,0.000,1968
"Iran, Islamic Rep.",IRN,Assets,0.000,1969
"Iran, Islamic Rep.",IRN,Assets,2.208,1970
"Iran, Islamic Rep.",IRN,Assets,2.208,1971
"Iran, Islamic Rep.",IRN,Assets,2.208,1972
"Iran, Islamic Rep.",IRN,Assets,2.208,1973
"Iran, Islamic Rep.",IRN,Assets,2.208,1974
"Iran, Islamic Rep.",IRN,Assets,2.208,1975
"Iran, Islamic Rep.",IRN,Assets,2.208,1976
"Iran, Islamic Rep.",IRN,Assets,2.208,1977
"Iran, Islamic Rep.",IRN,Assets,2.208,1978
"Iran, Islamic Rep.",IRN,Assets,2.208,1979
"Iran, Islamic Rep.",IRN,Assets,2.208,1980
"Iran, Islamic Rep.",IRN,Assets,2.208,1981
"Iran, Islamic Rep.",IRN,Assets,2.208,1982
"Iran, Islamic Rep.",IRN,Assets,2.208,1983
"Iran, Islamic Rep.",IRN,Assets,2.208,1984
"Iran, Islamic Rep.",IRN,Assets,2.208,1985
"Iran, Islamic Rep.",IRN,Assets,2.208,1986
"Iran, Islamic Rep.",IRN,Assets,2.208,1987
"Iran, Islamic Rep.",IRN,Assets,2.208,1988
"Iran, Islamic Rep.",IRN,Assets,2.208,1989
"Iran, Islamic Rep.",IRN,Assets,2.208,1990
"Iran, Islamic Rep.",IRN,Assets,2.208,1991
"Iran, Islamic Rep.",IRN,Assets,2.208,1992
"Iran, Islamic Rep.",IRN,Assets,2.208,1993
"Iran, Islamic Rep.",IRN,Assets,2.208,1994
"Iran, Islamic Rep.",IRN,Assets,2.208,1995
"Iran, Islamic Rep.",IRN,Assets,2.208,1996
"Iran, Islamic Rep.",IRN,Assets,2.208,1997
"Iran, Islamic Rep.",IRN,Assets,2.208,1998
"Iran, Islamic Rep.",IRN,Assets,2.208,1999
"Iran, Islamic Rep.",IRN,Assets,2.208,2000
"Iran, Islamic Rep.",IRN,Assets,2.208,2001
"Iran, Islamic Rep.",IRN,Assets,2.208,2002
"Iran, Islamic Rep.",IRN,Assets,2.208,2003
"Iran, Islamic Rep.",IRN,Assets,2.208,2004
"Iran, Islamic Rep.",IRN,Assets,2.208,2005
"Iran, Islamic Rep.",IRN,Assets,2.208,2006
"Iran, Islamic Rep.",IRN,Assets,2.208,2007
"Iran, Islamic Rep.",IRN,Assets,2.208,2008
"Iran, Islamic Rep.",IRN,Assets,2.208,2009
"Iran, Islamic Rep.",IRN,Assets,2.208,2010
"Iran, Islamic Rep.",IRN,Assets,11.672,2011
"Iran, Islamic Rep.",IRN,Assets,2.208,2012
"Iran, Islamic Rep.",IRN,Assets,2.208,2013
"Iran, Islamic Rep.",IRN,Assets,31.546,2014
"Iran, Islamic Rep.",IRN,Assets,2.208,2015
"Iran, Islamic Rep.",IRN,Assets,2.208,2016
"Iran, Islamic Rep.",IRN,Assets,27.760,2017
"Iran, Islamic Rep.",IRN,Assets,2.208,2018
"Iran, Islamic Rep.",IRN,Assets,2.208,2019
"Iran, Islamic Rep.",IRN,Assets,2.208,2020
"Iran, Islamic Rep.",IRN,Assets,53.628,2021
"Iran, Islamic Rep.",IRN,Assets,2.208,2022
"Iran, Islamic Rep.",IRN,Assets,2.208,2023
"Iran, Islamic Rep.",IRN,Children 0-14,10.769,1960
"Iran, Islamic Rep.",IRN,Children 0-14,10.769,1961
"Iran, Islamic Rep.",IRN,Children 0-14,10.769,1962
"Iran, Islamic Rep.",IRN,Children 0-14,10.769,1963
"Iran, Islamic Rep.",IRN,Children 0-14,10.769,1964
"Iran, Islamic Rep.",IRN,Children 0-14,10.769,1965
"Iran, Islamic Rep.",IRN,Children 0-14,10.769,1966
"Iran, Islamic Rep.",IRN,Children 0-14,10.769,1967
"Iran, Islamic Rep.",IRN,Children 0-14,10.769,1968
"Iran, Islamic Rep.",IRN,Children 0-14,10.769,1969
"Iran, Islamic Rep.",IRN,Children 0-14,10.769,1970
"Iran, Islamic Rep.",IRN,Children 0-14,27.692,1971
"Iran, Islamic Rep.",IRN,Children 0-14,23.846,1972
"Iran, Islamic Rep.",IRN,Children 0-14,23.846,1973
"Iran, Islamic Rep.",IRN,Children 0-14,23.846,1974
"Iran, Islamic Rep.",IRN,Children 0-14,23.846,1975
"Iran, Islamic Rep.",IRN,Children 0-14,25.385,1976
"Iran, Islamic Rep.",IRN,Children 0-14,25.385,1977
"Iran, Islamic Rep.",IRN,Children 0-14,25.385,1978
"Iran, Islamic Rep.",IRN,Children 0-14,20.769,1979
"Iran, Islamic Rep.",IRN,Children 0-14,22.308,1980
"Iran, Islamic Rep.",IRN,Children 0-14,22.308,1981
"Iran, Islamic Rep.",IRN,Children 0-14,26.923,1982
"Iran, Islamic Rep.",IRN,Children 0-14,26.923,1983
"Iran, Islamic Rep.",IRN,Children 0-14,36.923,1984
"Iran, Islamic Rep.",IRN,Children 0-14,36.923,1985
"Iran, Islamic Rep.",IRN,Children 0-14,38.462,1986
"Iran, Islamic Rep.",IRN,Children 0-14,41.538,1987
"Iran, Islamic Rep.",IRN,Children 0-14,41.538,1988
"Iran, Islamic Rep.",IRN,Children 0-14,41.538,1989
"Iran, Islamic Rep.",IRN,Children 0-14,40.000,1990
"Iran, Islamic Rep.",IRN,Children 0-14,33.846,1991
"Iran, Islamic Rep.",IRN,Children 0-14,37.692,1992
"Iran, Islamic Rep.",IRN,Children 0-14,33.846,1993
"Iran, Islamic Rep.",IRN,Children 0-14,33.846,1994
"Iran, Islamic Rep.",IRN,Children 0-14,33.077,1995
"Iran, Islamic Rep.",IRN,Children 0-14,24.615,1996
"Iran, Islamic Rep.",IRN,Children 0-14,37.692,1997
"Iran, Islamic Rep.",IRN,Children 0-14,30.000,1998
"Iran, Islamic Rep.",IRN,Children 0-14,35.385,1999
"Iran, Islamic Rep.",IRN,Children 0-14,55.385,2000
"Iran, Islamic Rep.",IRN,Children 0-14,40.000,2001
"Iran, Islamic Rep.",IRN,Children 0-14,40.000,2002
"Iran, Islamic Rep.",IRN,Children 0-14,40.769,2003
"Iran, Islamic Rep.",IRN,Children 0-14,38.462,2004
"Iran, Islamic Rep.",IRN,Children 0-14,36.154,2005
"Iran, Islamic Rep.",IRN,Children 0-14,50.000,2006
"Iran, Islamic Rep.",IRN,Children 0-14,40.769,2007
"Iran, Islamic Rep.",IRN,Children 0-14,36.154,2008
"Iran, Islamic Rep.",IRN,Children 0-14,47.692,2009
"Iran, Islamic Rep.",IRN,Children 0-14,77.692,2010
"Iran, Islamic Rep.",IRN,Children 0-14,56.154,2011
"Iran, Islamic Rep.",IRN,Children 0-14,48.462,2012
"Iran, Islamic Rep.",IRN,Children 0-14,40.769,2013
"Iran, Islamic Rep.",IRN,Children 0-14,44.615,2014
"Iran, Islamic Rep.",IRN,Children 0-14,55.385,2015
"Iran, Islamic Rep.",IRN,Children 0-14,56.154,2016
"Iran, Islamic Rep.",IRN,Children 0-14,63.846,2017
"Iran, Islamic Rep.",IRN,Children 0-14,30.000,2018
"Iran, Islamic Rep.",IRN,Children 0-14,50.000,2019
"Iran, Islamic Rep.",IRN,Children 0-14,40.769,2020
"Iran, Islamic Rep.",IRN,Children 0-14,27.692,2021
"Iran, Islamic Rep.",IRN,Children 0-14,25.385,2022
"Iran, Islamic Rep.",IRN,Children 0-14,9.231,2023
"Iran, Islamic Rep.",IRN,Education,0.000,1960
"Iran, Islamic Rep.",IRN,Education,0.000,1961
"Iran, Islamic Rep.",IRN,Education,0.000,1962
"Iran, Islamic Rep.",IRN,Education,0.000,1963
"Iran, Islamic Rep.",IRN,Education,0.000,1964
"Iran, Islamic Rep.",IRN,Education,0.000,1965
"Iran, Islamic Rep.",IRN,Education,0.000,1966
"Iran, Islamic Rep.",IRN,Education,0.000,1967
"Iran, Islamic Rep.",IRN,Education,0.000,1968
"Iran, Islamic Rep.",IRN,Education,0.000,1969
"Iran, Islamic Rep.",IRN,Education,0.000,1970
"Iran, Islamic Rep.",IRN,Education,23.313,1971
"Iran, Islamic Rep.",IRN,Education,18.405,1972
"Iran, Islamic Rep.",IRN,Education,18.405,1973
"Iran, Islamic Rep.",IRN,Education,18.405,1974
"Iran, Islamic Rep.",IRN,Education,18.405,1975
"Iran, Islamic Rep.",IRN,Education,23.926,1976
"Iran, Islamic Rep.",IRN,Education,18.405,1977
"Iran, Islamic Rep.",IRN,Education,8.589,1978
"Iran, Islamic Rep.",IRN,Education,1.227,1979
"Iran, Islamic Rep.",IRN,Education,1.227,1980
"Iran, Islamic Rep.",IRN,Education,1.840,1981
"Iran, Islamic Rep.",IRN,Education,6.135,1982
"Iran, Islamic Rep.",IRN,Education,6.748,1983
"Iran, Islamic Rep.",IRN,Education,15.337,1984
"Iran, Islamic Rep.",IRN,Education,22.086,1985
"Iran, Islamic Rep.",IRN,Education,23.926,1986
"Iran, Islamic Rep.",IRN,Education,19.632,1987
"Iran, Islamic Rep.",IRN,Education,26.380,1988
"Iran, Islamic Rep.",IRN,Education,19.632,1989
"Iran, Islamic Rep.",IRN,Education,24.540,1990
"Iran, Islamic Rep.",IRN,Education,25.767,1991
"Iran, Islamic Rep.",IRN,Education,23.926,1992
"Iran, Islamic Rep.",IRN,Education,20.859,1993
"Iran, Islamic Rep.",IRN,Education,18.405,1994
"Iran, Islamic Rep.",IRN,Education,17.178,1995
"Iran, Islamic Rep.",IRN,Education,14.110,1996
"Iran, Islamic Rep.",IRN,Education,18.405,1997
"Iran, Islamic Rep.",IRN,Education,5.521,1998
"Iran, Islamic Rep.",IRN,Education,29.448,1999
"Iran, Islamic Rep.",IRN,Education,36.196,2000
"Iran, Islamic Rep.",IRN,Education,36.196,2001
"Iran, Islamic Rep.",IRN,Education,38.037,2002
"Iran, Islamic Rep.",IRN,Education,36.810,2003
"Iran, Islamic Rep.",IRN,Education,39.877,2004
"Iran, Islamic Rep.",IRN,Education,47.853,2005
"Iran, Islamic Rep.",IRN,Education,64.417,2006
"Iran, Islamic Rep.",IRN,Education,44.785,2007
"Iran, Islamic Rep.",IRN,Education,44.785,2008
"Iran, Islamic Rep.",IRN,Education,53.988,2009
"Iran, Islamic Rep.",IRN,Education,69.939,2010
"Iran, Islamic Rep.",IRN,Education,71.166,2011
"Iran, Islamic Rep.",IRN,Education,72.393,2012
"Iran, Islamic Rep.",IRN,Education,61.350,2013
"Iran, Islamic Rep.",IRN,Education,66.258,2014
"Iran, Islamic Rep.",IRN,Education,45.399,2015
"Iran, Islamic Rep.",IRN,Education,76.687,2016
"Iran, Islamic Rep.",IRN,Education,76.074,2017
"Iran, Islamic Rep.",IRN,Education,34.969,2018
"Iran, Islamic Rep.",IRN,Education,30.675,2019
"Iran, Islamic Rep.",IRN,Education,49.080,2020
"Iran, Islamic Rep.",IRN,Education,20.859,2021
"Iran, Islamic Rep.",IRN,Education,23.926,2022
"Iran, Islamic Rep.",IRN,Education,0.613,2023
"Iran, Islamic Rep.",IRN,Employment and Time Use,0.000,1960
"Iran, Islamic Rep.",IRN,Employment and Time Use,0.000,1961
"Iran, Islamic Rep.",IRN,Employment and Time Use,0.000,1962
"Iran, Islamic Rep.",IRN,Employment and Time Use,0.000,1963
"Iran, Islamic Rep.",IRN,Employment and Time Use,0.000,1964
"Iran, Islamic Rep.",IRN,Employment and Time Use,0.000,1965
"Iran, Islamic Rep.",IRN,Employment and Time Use,5.109,1966
"Iran, Islamic Rep.",IRN,Employment and Time Use,0.000,1967
"Iran, Islamic Rep.",IRN,Employment and Time Use,0.000,1968
"Iran, Islamic Rep.",IRN,Employment and Time Use,0.000,1969
"Iran, Islamic Rep.",IRN,Employment and Time Use,21.168,1970
"Iran, Islamic Rep.",IRN,Employment and Time Use,21.168,1971
"Iran, Islamic Rep.",IRN,Employment and Time Use,26.277,1972
"Iran, Islamic Rep.",IRN,Employment and Time Use,21.168,1973
"Iran, Islamic Rep.",IRN,Employment and Time Use,21.168,1974
"Iran, Islamic Rep.",IRN,Employment and Time Use,21.168,1975
"Iran, Islamic Rep.",IRN,Employment and Time Use,26.277,1976
"Iran, Islamic Rep.",IRN,Employment and Time Use,21.168,1977
"Iran, Islamic Rep.",IRN,Employment and Time Use,21.168,1978
"Iran, Islamic Rep.",IRN,Employment and Time Use,21.168,1979
"Iran, Islamic Rep.",IRN,Employment and Time Use,21.168,1980
"Iran, Islamic Rep.",IRN,Employment and Time Use,21.168,1981
"Iran, Islamic Rep.",IRN,Employment and Time Use,21.168,1982
"Iran, Islamic Rep.",IRN,Employment and Time Use,21.168,1983
"Iran, Islamic Rep.",IRN,Employment and Time Use,21.168,1984
"Iran, Islamic Rep.",IRN,Employment and Time Use,21.168,1985
"Iran, Islamic Rep.",IRN,Employment and Time Use,30.657,1986
"Iran, Islamic Rep.",IRN,Employment and Time Use,21.168,1987
"Iran, Islamic Rep.",IRN,Employment and Time Use,21.168,1988
"Iran, Islamic Rep.",IRN,Employment and Time Use,21.168,1989
"Iran, Islamic Rep.",IRN,Employment and Time Use,31.387,1990
"Iran, Islamic Rep.",IRN,Employment and Time Use,65.693,1991
"Iran, Islamic Rep.",IRN,Employment and Time Use,56.204,1992
"Iran, Islamic Rep.",IRN,Employment and Time Use,56.204,1993
"Iran, Islamic Rep.",IRN,Employment and Time Use,56.204,1994
"Iran, Islamic Rep.",IRN,Employment and Time Use,56.204,1995
"Iran, Islamic Rep.",IRN,Employment and Time Use,65.693,1996
"Iran, Islamic Rep.",IRN,Employment and Time Use,56.204,1997
"Iran, Islamic Rep.",IRN,Employment and Time Use,56.204,1998
"Iran, Islamic Rep.",IRN,Employment and Time Use,56.204,1999
"Iran, Islamic Rep.",IRN,Employment and Time Use,56.204,2000
"Iran, Islamic Rep.",IRN,Employment and Time Use,56.204,2001
"Iran, Islamic Rep.",IRN,Employment and Time Use,58.394,2002
"Iran, Islamic Rep.",IRN,Employment and Time Use,56.204,2003
"Iran, Islamic Rep.",IRN,Employment and Time Use,58.394,2004
"Iran, Islamic Rep.",IRN,Employment and Time Use,89.781,2005
"Iran, Islamic Rep.",IRN,Employment and Time Use,89.781,2006
"Iran, Islamic Rep.",IRN,Employment and Time Use,89.781,2007
"Iran, Islamic Rep.",IRN,Employment and Time Use,89.781,2008
"Iran, Islamic Rep.",IRN,Employment and Time Use,90.511,2009
"Iran, Islamic Rep.",IRN,Employment and Time Use,90.511,2010
"Iran, Islamic Rep.",IRN,Employment and Time Use,90.511,2011
"Iran, Islamic Rep.",IRN,Employment and Time Use,90.511,2012
"Iran, Islamic Rep.",IRN,Employment and Time Use,90.511,2013
"Iran, Islamic Rep.",IRN,Employment and Time Use,90.511,2014
"Iran, Islamic Rep.",IRN,Employment and Time Use,90.511,2015
"Iran, Islamic Rep.",IRN,Employment and Time Use,90.511,2016
"Iran, Islamic Rep.",IRN,Employment and Time Use,77.372,2017
"Iran, Islamic Rep.",IRN,Employment and Time Use,90.511,2018
"Iran, Islamic Rep.",IRN,Employment and Time Use,90.511,2019
"Iran, Islamic Rep.",IRN,Employment and Time Use,90.511,2020
"Iran, Islamic Rep.",IRN,Employment and Time Use,90.511,2021
"Iran, Islamic Rep.",IRN,Employment and Time Use,90.511,2022
"Iran, Islamic Rep.",IRN,Employment and Time Use,59.124,2023
"Iran, Islamic Rep.",IRN,Entrepreneurship,0.000,1960
"Iran, Islamic Rep.",IRN,Entrepreneurship,0.000,1961
"Iran, Islamic Rep.",IRN,Entrepreneurship,0.000,1962
"Iran, Islamic Rep.",IRN,Entrepreneurship,0.000,1963
"Iran, Islamic Rep.",IRN,Entrepreneurship,0.000,1964
"Iran, Islamic Rep.",IRN,Entrepreneurship,0.000,1965
"Iran, Islamic Rep.",IRN,Entrepreneurship,0.000,1966
"Iran, Islamic Rep.",IRN,Entrepreneurship,0.000,1967
"Iran, Islamic Rep.",IRN,Entrepreneurship,0.000,1968
"Iran, Islamic Rep.",IRN,Entrepreneurship,0.000,1969
"Iran, Islamic Rep.",IRN,Entrepreneurship,9.375,1970
"Iran, Islamic Rep.",IRN,Entrepreneurship,9.375,1971
"Iran, Islamic Rep.",IRN,Entrepreneurship,9.375,1972
"Iran, Islamic Rep.",IRN,Entrepreneurship,9.375,1973
"Iran, Islamic Rep.",IRN,Entrepreneurship,9.375,1974
"Iran, Islamic Rep.",IRN,Entrepreneurship,9.375,1975
"Iran, Islamic Rep.",IRN,Entrepreneurship,9.375,1976
"Iran, Islamic Rep.",IRN,Entrepreneurship,9.375,1977
"Iran, Islamic Rep.",IRN,Entrepreneurship,9.375,1978
"Iran, Islamic Rep.",IRN,Entrepreneurship,9.375,1979
"Iran, Islamic Rep.",IRN,Entrepreneurship,9.375,1980
"Iran, Islamic Rep.",IRN,Entrepreneurship,9.375,1981
"Iran, Islamic Rep.",IRN,Entrepreneurship,9.375,1982
"Iran, Islamic Rep.",IRN,Entrepreneurship,9.375,1983
"Iran, Islamic Rep.",IRN,Entrepreneurship,9.375,1984
"Iran, Islamic Rep.",IRN,Entrepreneurship,9.375,1985
"Iran, Islamic Rep.",IRN,Entrepreneurship,9.375,1986
"Iran, Islamic Rep.",IRN,Entrepreneurship,9.375,1987
"Iran, Islamic Rep.",IRN,Entrepreneurship,9.375,1988
"Iran, Islamic Rep.",IRN,Entrepreneurship,9.375,1989
"Iran, Islamic Rep.",IRN,Entrepreneurship,9.375,1990
"Iran, Islamic Rep.",IRN,Entrepreneurship,9.375,1991
"Iran, Islamic Rep.",IRN,Entrepreneurship,9.375,1992
"Iran, Islamic Rep.",IRN,Entrepreneurship,9.375,1993
"Iran, Islamic Rep.",IRN,Entrepreneurship,9.375,1994
"Iran, Islamic Rep.",IRN,Entrepreneurship,9.375,1995
"Iran, Islamic Rep.",IRN,Entrepreneurship,9.375,1996
"Iran, Islamic Rep.",IRN,Entrepreneurship,9.375,1997
"Iran, Islamic Rep.",IRN,Entrepreneurship,9.375,1998
"Iran, Islamic Rep.",IRN,Entrepreneurship,9.375,1999
"Iran, Islamic Rep.",IRN,Entrepreneurship,9.375,2000
"Iran, Islamic Rep.",IRN,Entrepreneurship,9.375,2001
"Iran, Islamic Rep.",IRN,Entrepreneurship,9.375,2002
"Iran, Islamic Rep.",IRN,Entrepreneurship,37.500,2003
"Iran, Islamic Rep.",IRN,Entrepreneurship,37.500,2004
"Iran, Islamic Rep.",IRN,Entrepreneurship,37.500,2005
"Iran, Islamic Rep.",IRN,Entrepreneurship,37.500,2006
"Iran, Islamic Rep.",IRN,Entrepreneurship,37.500,2007
"Iran, Islamic Rep.",IRN,Entrepreneurship,37.500,2008
"Iran, Islamic Rep.",IRN,Entrepreneurship,37.500,2009
"Iran, Islamic Rep.",IRN,Entrepreneurship,37.500,2010
"Iran, Islamic Rep.",IRN,Entrepreneurship,37.500,2011
"Iran, Islamic Rep.",IRN,Entrepreneurship,37.500,2012
"Iran, Islamic Rep.",IRN,Entrepreneurship,37.500,2013
"Iran, Islamic Rep.",IRN,Entrepreneurship,56.250,2014
"Iran, Islamic Rep.",IRN,Entrepreneurship,37.500,2015
"Iran, Islamic Rep.",IRN,Entrepreneurship,37.500,2016
"Iran, Islamic Rep.",IRN,Entrepreneurship,56.250,2017
"Iran, Islamic Rep.",IRN,Entrepreneurship,37.500,2018
"Iran, Islamic Rep.",IRN,Entrepreneurship,37.500,2019
"Iran, Islamic Rep.",IRN,Entrepreneurship,9.375,2020
"Iran, Islamic Rep.",IRN,Entrepreneurship,9.375,2021
"Iran, Islamic Rep.",IRN,Entrepreneurship,9.375,2022
"Iran, Islamic Rep.",IRN,Entrepreneurship,9.375,2023
"Iran, Islamic Rep.",IRN,Environment,0.000,1960
"Iran, Islamic Rep.",IRN,Environment,0.000,1961
"Iran, Islamic Rep.",IRN,Environment,0.000,1962
"Iran, Islamic Rep.",IRN,Environment,0.000,1963
"Iran, Islamic Rep.",IRN,Environment,0.000,1964
"Iran, Islamic Rep.",IRN,Environment,0.000,1965
"Iran, Islamic Rep.",IRN,Environment,0.000,1966
"Iran, Islamic Rep.",IRN,Environment,0.000,1967
"Iran, Islamic Rep.",IRN,Environment,0.000,1968
"Iran, Islamic Rep.",IRN,Environment,0.000,1969
"Iran, Islamic Rep.",IRN,Environment,0.000,1970
"Iran, Islamic Rep.",IRN,Environment,0.000,1971
"Iran, Islamic Rep.",IRN,Environment,0.000,1972
"Iran, Islamic Rep.",IRN,Environment,0.000,1973
"Iran, Islamic Rep.",IRN,Environment,0.000,1974
"Iran, Islamic Rep.",IRN,Environment,0.000,1975
"Iran, Islamic Rep.",IRN,Environment,0.000,1976
"Iran, Islamic Rep.",IRN,Environment,0.000,1977
"Iran, Islamic Rep.",IRN,Environment,0.000,1978
"Iran, Islamic Rep.",IRN,Environment,0.000,1979
"Iran, Islamic Rep.",IRN,Environment,0.000,1980
"Iran, Islamic Rep.",IRN,Environment,0.000,1981
"Iran, Islamic Rep.",IRN,Environment,0.000,1982
"Iran, Islamic Rep.",IRN,Environment,0.000,1983
"Iran, Islamic Rep.",IRN,Environment,0.000,1984
"Iran, Islamic Rep.",IRN,Environment,0.000,1985
"Iran, Islamic Rep.",IRN,Environment,0.000,1986
"Iran, Islamic Rep.",IRN,Environment,0.000,1987
"Iran, Islamic Rep.",IRN,Environment,0.000,1988
"Iran, Islamic Rep.",IRN,Environment,0.000,1989
"Iran, Islamic Rep.",IRN,Environment,0.000,1990
"Iran, Islamic Rep.",IRN,Environment,0.000,1991
"Iran, Islamic Rep.",IRN,Environment,0.000,1992
"Iran, Islamic Rep.",IRN,Environment,0.000,1993
"Iran, Islamic Rep.",IRN,Environment,0.000,1994
"Iran, Islamic Rep.",IRN,Environment,0.000,1995
"Iran, Islamic Rep.",IRN,Environment,0.000,1996
"Iran, Islamic Rep.",IRN,Environment,0.000,1997
"Iran, Islamic Rep.",IRN,Environment,0.000,1998
"Iran, Islamic Rep.",IRN,Environment,0.000,1999
"Iran, Islamic Rep.",IRN,Environment,10.000,2000
"Iran, Islamic Rep.",IRN,Environment,10.000,2001
"Iran, Islamic Rep.",IRN,Environment,10.000,2002
"Iran, Islamic Rep.",IRN,Environment,10.000,2003
"Iran, Islamic Rep.",IRN,Environment,13.333,2004
"Iran, Islamic Rep.",IRN,Environment,13.333,2005
"Iran, Islamic Rep.",IRN,Environment,13.333,2006
"Iran, Islamic Rep.",IRN,Environment,13.333,2007
"Iran, Islamic Rep.",IRN,Environment,10.000,2008
"Iran, Islamic Rep.",IRN,Environment,13.333,2009
"Iran, Islamic Rep.",IRN,Environment,10.000,2010
"Iran, Islamic Rep.",IRN,Environment,13.333,2011
"Iran, Islamic Rep.",IRN,Environment,13.333,2012
"Iran, Islamic Rep.",IRN,Environment,13.333,2013
"Iran, Islamic Rep.",IRN,Environment,23.333,2014
"Iran, Islamic Rep.",IRN,Environment,10.000,2015
"Iran, Islamic Rep.",IRN,Environment,13.333,2016
"Iran, Islamic Rep.",IRN,Environment,6.667,2017
"Iran, Islamic Rep.",IRN,Environment,3.333,2018
"Iran, Islamic Rep.",IRN,Environment,23.333,2019
"Iran, Islamic Rep.",IRN,Environment,3.333,2020
"Iran, Islamic Rep.",IRN,Environment,3.333,2021
"Iran, Islamic Rep.",IRN,Environment,3.333,2022
"Iran, Islamic Rep.",IRN,Environment,0.000,2023
"Iran, Islamic Rep.",IRN,Health,3.030,1960
"Iran, Islamic Rep.",IRN,Health,3.030,1961
"Iran, Islamic Rep.",IRN,Health,3.030,1962
"Iran, Islamic Rep.",IRN,Health,3.030,1963
"Iran, Islamic Rep.",IRN,Health,3.030,1964
"Iran, Islamic Rep.",IRN,Health,3.030,1965
"Iran, Islamic Rep.",IRN,Health,3.030,1966
"Iran, Islamic Rep.",IRN,Health,3.030,1967
"Iran, Islamic Rep.",IRN,Health,3.030,1968
"Iran, Islamic Rep.",IRN,Health,3.030,1969
"Iran, Islamic Rep.",IRN,Health,3.030,1970
"Iran, Islamic Rep.",IRN,Health,6.061,1971
"Iran, Islamic Rep.",IRN,Health,7.576,1972
"Iran, Islamic Rep.",IRN,Health,7.576,1973
"Iran, Islamic Rep.",IRN,Health,7.576,1974
"Iran, Islamic Rep.",IRN,Health,10.101,1975
"Iran, Islamic Rep.",IRN,Health,11.111,1976
"Iran, Islamic Rep.",IRN,Health,12.121,1977
"Iran, Islamic Rep.",IRN,Health,11.111,1978
"Iran, Islamic Rep.",IRN,Health,11.111,1979
"Iran, Islamic Rep.",IRN,Health,12.121,1980
"Iran, Islamic Rep.",IRN,Health,12.121,1981
"Iran, Islamic Rep.",IRN,Health,12.121,1982
"Iran, Islamic Rep.",IRN,Health,12.121,1983
"Iran, Islamic Rep.",IRN,Health,12.121,1984
"Iran, Islamic Rep.",IRN,Health,12.121,1985
"Iran, Islamic Rep.",IRN,Health,12.121,1986
"Iran, Islamic Rep.",IRN,Health,12.121,1987
"Iran, Islamic Rep.",IRN,Health,12.121,1988
"Iran, Islamic Rep.",IRN,Health,13.131,1989
"Iran, Islamic Rep.",IRN,Health,16.667,1990
"Iran, Islamic Rep.",IRN,Health,16.667,1991
"Iran, Islamic Rep.",IRN,Health,17.677,1992
"Iran, Islamic Rep.",IRN,Health,17.677,1993
"Iran, Islamic Rep.",IRN,Health,17.677,1994
"Iran, Islamic Rep.",IRN,Health,19.697,1995
"Iran, Islamic Rep.",IRN,Health,18.182,1996
"Iran, Islamic Rep.",IRN,Health,18.687,1997
"Iran, Islamic Rep.",IRN,Health,18.687,1998
"Iran, Islamic Rep.",IRN,Health,16.667,1999
"Iran, Islamic Rep.",IRN,Health,57.576,2000
"Iran, Islamic Rep.",IRN,Health,31.818,2001
"Iran, Islamic Rep.",IRN,Health,32.828,2002
"Iran, Islamic Rep.",IRN,Health,32.323,2003
"Iran, Islamic Rep.",IRN,Health,33.838,2004
"Iran, Islamic Rep.",IRN,Health,35.354,2005
"Iran, Islamic Rep.",IRN,Health,32.323,2006
"Iran, Islamic Rep.",IRN,Health,32.323,2007
"Iran, Islamic Rep.",IRN,Health,32.323,2008
"Iran, Islamic Rep.",IRN,Health,32.828,2009
"Iran, Islamic Rep.",IRN,Health,68.182,2010
"Iran, Islamic Rep.",IRN,Health,34.343,2011
"Iran, Islamic Rep.",IRN,Health,32.828,2012
"Iran, Islamic Rep.",IRN,Health,32.828,2013
"Iran, Islamic Rep.",IRN,Health,34.343,2014
"Iran, Islamic Rep.",IRN,Health,56.566,2015
"Iran, Islamic Rep.",IRN,Health,31.818,2016
"Iran, Islamic Rep.",IRN,Health,41.414,2017
"Iran, Islamic Rep.",IRN,Health,33.333,2018
"Iran, Islamic Rep.",IRN,Health,56.061,2019
"Iran, Islamic Rep.",IRN,Health,25.758,2020
"Iran, Islamic Rep.",IRN,Health,19.192,2021
"Iran, Islamic Rep.",IRN,Health,16.667,2022
"Iran, Islamic Rep.",IRN,Health,1.010,2023
"Iran, Islamic Rep.",IRN,Leadership,0.000,1960
"Iran, Islamic Rep.",IRN,Leadership,0.000,1961
"Iran, Islamic Rep.",IRN,Leadership,0.000,1962
"Iran, Islamic Rep.",IRN,Leadership,0.000,1963
"Iran, Islamic Rep.",IRN,Leadership,0.000,1964
"Iran, Islamic Rep.",IRN,Leadership,0.000,1965
"Iran, Islamic Rep.",IRN,Leadership,0.000,1966
"Iran, Islamic Rep.",IRN,Leadership,0.000,1967
"Iran, Islamic Rep.",IRN,Leadership,0.000,1968
"Iran, Islamic Rep.",IRN,Leadership,0.000,1969
"Iran, Islamic Rep.",IRN,Leadership,0.000,1970
"Iran, Islamic Rep.",IRN,Leadership,0.000,1971
"Iran, Islamic Rep.",IRN,Leadership,0.000,1972
"Iran, Islamic Rep.",IRN,Leadership,0.000,1973
"Iran, Islamic Rep.",IRN,Leadership,0.000,1974
"Iran, Islamic Rep.",IRN,Leadership,0.000,1975
"Iran, Islamic Rep.",IRN,Leadership,0.000,1976
"Iran, Islamic Rep.",IRN,Leadership,0.000,1977
"Iran, Islamic Rep.",IRN,Leadership,0.000,1978
"Iran, Islamic Rep.",IRN,Leadership,0.000,1979
"Iran, Islamic Rep.",IRN,Leadership,0.000,1980
"Iran, Islamic Rep.",IRN,Leadership,0.000,1981
"Iran, Islamic Rep.",IRN,Leadership,0.000,1982
"Iran, Islamic Rep.",IRN,Leadership,0.000,1983
"Iran, Islamic Rep.",IRN,Leadership,0.000,1984
"Iran, Islamic Rep.",IRN,Leadership,0.000,1985
"Iran, Islamic Rep.",IRN,Leadership,0.000,1986
"Iran, Islamic Rep.",IRN,Leadership,0.000,1987
"Iran, Islamic Rep.",IRN,Leadership,0.000,1988
"Iran, Islamic Rep.",IRN,Leadership,0.000,1989
"Iran, Islamic Rep.",IRN,Leadership,0.000,1990
"Iran, Islamic Rep.",IRN,Leadership,0.000,1991
"Iran, Islamic Rep.",IRN,Leadership,0.000,1992
"Iran, Islamic Rep.",IRN,Leadership,0.000,1993
"Iran, Islamic Rep.",IRN,Leadership,0.000,1994
"Iran, Islamic Rep.",IRN,Leadership,0.000,1995
"Iran, Islamic Rep.",IRN,Leadership,0.000,1996
"Iran, Islamic Rep.",IRN,Leadership,25.000,1997
"Iran, Islamic Rep.",IRN,Leadership,25.000,1998
"Iran, Islamic Rep.",IRN,Leadership,25.000,1999
"Iran, Islamic Rep.",IRN,Leadership,25.000,2000
"Iran, Islamic Rep.",IRN,Leadership,25.000,2001
"Iran, Islamic Rep.",IRN,Leadership,25.000,2002
"Iran, Islamic Rep.",IRN,Leadership,25.000,2003
"Iran, Islamic Rep.",IRN,Leadership,25.000,2004
"Iran, Islamic Rep.",IRN,Leadership,50.000,2005
"Iran, Islamic Rep.",IRN,Leadership,25.000,2006
"Iran, Islamic Rep.",IRN,Leadership,25.000,2007
"Iran, Islamic Rep.",IRN,Leadership,50.000,2008
"Iran, Islamic Rep.",IRN,Leadership,50.000,2009
"Iran, Islamic Rep.",IRN,Leadership,75.000,2010
"Iran, Islamic Rep.",IRN,Leadership,50.000,2011
"Iran, Islamic Rep.",IRN,Leadership,75.000,2012
"Iran, Islamic Rep.",IRN,Leadership,50.000,2013
"Iran, Islamic Rep.",IRN,Leadership,75.000,2014
"Iran, Islamic Rep.",IRN,Leadership,75.000,2015
"Iran, Islamic Rep.",IRN,Leadership,75.000,2016
"Iran, Islamic Rep.",IRN,Leadership,50.000,2017
"Iran, Islamic Rep.",IRN,Leadership,75.000,2018
"Iran, Islamic Rep.",IRN,Leadership,75.000,2019
"Iran, Islamic Rep.",IRN,Leadership,75.000,2020
"Iran, Islamic Rep.",IRN,Leadership,50.000,2021
"Iran, Islamic Rep.",IRN,Leadership,75.000,2022
"Iran, Islamic Rep.",IRN,Leadership,25.000,2023
"Iran, Islamic Rep.",IRN,Norms and Decision-making,0.000,1960
"Iran, Islamic Rep.",IRN,Norms and Decision-making,0.000,1961
"Iran, Islamic Rep.",IRN,Norms and Decision-making,0.000,1962
"Iran, Islamic Rep.",IRN,Norms and Decision-making,0.000,1963
"Iran, Islamic Rep.",IRN,Norms and Decision-making,0.000,1964
"Iran, Islamic Rep.",IRN,Norms and Decision-making,0.000,1965
"Iran, Islamic Rep.",IRN,Norms and Decision-making,0.000,1966
"Iran, Islamic Rep.",IRN,Norms and Decision-making,0.000,1967
"Iran, Islamic Rep.",IRN,Norms and Decision-making,0.000,1968
"Iran, Islamic Rep.",IRN,Norms and Decision-making,0.000,1969
"Iran, Islamic Rep.",IRN,Norms and Decision-making,12.593,1970
"Iran, Islamic Rep.",IRN,Norms and Decision-making,14.074,1971
"Iran, Islamic Rep.",IRN,Norms and Decision-making,12.593,1972
"Iran, Islamic Rep.",IRN,Norms and Decision-making,12.593,1973
"Iran, Islamic Rep.",IRN,Norms and Decision-making,12.593,1974
"Iran, Islamic Rep.",IRN,Norms and Decision-making,12.593,1975
"Iran, Islamic Rep.",IRN,Norms and Decision-making,14.074,1976
"Iran, Islamic Rep.",IRN,Norms and Decision-making,12.593,1977
"Iran, Islamic Rep.",IRN,Norms and Decision-making,12.593,1978
"Iran, Islamic Rep.",IRN,Norms and Decision-making,12.593,1979
"Iran, Islamic Rep.",IRN,Norms and Decision-making,12.593,1980
"Iran, Islamic Rep.",IRN,Norms and Decision-making,12.593,1981
"Iran, Islamic Rep.",IRN,Norms and Decision-making,12.593,1982
"Iran, Islamic Rep.",IRN,Norms and Decision-making,12.593,1983
"Iran, Islamic Rep.",IRN,Norms and Decision-making,12.593,1984
"Iran, Islamic Rep.",IRN,Norms and Decision-making,12.593,1985
"Iran, Islamic Rep.",IRN,Norms and Decision-making,14.074,1986
"Iran, Islamic Rep.",IRN,Norms and Decision-making,12.593,1987
"Iran, Islamic Rep.",IRN,Norms and Decision-making,12.593,1988
"Iran, Islamic Rep.",IRN,Norms and Decision-making,12.593,1989
"Iran, Islamic Rep.",IRN,Norms and Decision-making,12.593,1990
"Iran, Islamic Rep.",IRN,Norms and Decision-making,14.074,1991
"Iran, Islamic Rep.",IRN,Norms and Decision-making,12.593,1992
"Iran, Islamic Rep.",IRN,Norms and Decision-making,12.593,1993
"Iran, Islamic Rep.",IRN,Norms and Decision-making,12.593,1994
"Iran, Islamic Rep.",IRN,Norms and Decision-making,12.593,1995
"Iran, Islamic Rep.",IRN,Norms and Decision-making,14.074,1996
"Iran, Islamic Rep.",IRN,Norms and Decision-making,12.593,1997
"Iran, Islamic Rep.",IRN,Norms and Decision-making,12.593,1998
"Iran, Islamic Rep.",IRN,Norms and Decision-making,12.593,1999
"Iran, Islamic Rep.",IRN,Norms and Decision-making,12.593,2000
"Iran, Islamic Rep.",IRN,Norms and Decision-making,12.593,2001
"Iran, Islamic Rep.",IRN,Norms and Decision-making,12.593,2002
"Iran, Islamic Rep.",IRN,Norms and Decision-making,12.593,2003
"Iran, Islamic Rep.",IRN,Norms and Decision-making,12.593,2004
"Iran, Islamic Rep.",IRN,Norms and Decision-making,12.593,2005
"Iran, Islamic Rep.",IRN,Norms and Decision-making,14.074,2006
"Iran, Islamic Rep.",IRN,Norms and Decision-making,12.593,2007
"Iran, Islamic Rep.",IRN,Norms and Decision-making,12.593,2008
"Iran, Islamic Rep.",IRN,Norms and Decision-making,12.593,2009
"Iran, Islamic Rep.",IRN,Norms and Decision-making,14.815,2010
"Iran, Islamic Rep.",IRN,Norms and Decision-making,14.074,2011
"Iran, Islamic Rep.",IRN,Norms and Decision-making,12.593,2012
"Iran, Islamic Rep.",IRN,Norms and Decision-making,12.593,2013
"Iran, Islamic Rep.",IRN,Norms and Decision-making,12.593,2014
"Iran, Islamic Rep.",IRN,Norms and Decision-making,12.593,2015
"Iran, Islamic Rep.",IRN,Norms and Decision-making,14.074,2016
"Iran, Islamic Rep.",IRN,Norms and Decision-making,12.593,2017
"Iran, Islamic Rep.",IRN,Norms and Decision-making,12.593,2018
"Iran, Islamic Rep.",IRN,Norms and Decision-making,12.593,2019
"Iran, Islamic Rep.",IRN,Norms and Decision-making,12.593,2020
"Iran, Islamic Rep.",IRN,Norms and Decision-making,12.593,2021
"Iran, Islamic Rep.",IRN,Norms and Decision-making,12.593,2022
"Iran, Islamic Rep.",IRN,Norms and Decision-making,12.593,2023
"Iran, Islamic Rep.",IRN,Population,86.905,1960
"Iran, Islamic Rep.",IRN,Population,86.905,1961
"Iran, Islamic Rep.",IRN,Population,86.905,1962
"Iran, Islamic Rep.",IRN,Population,86.905,1963
"Iran, Islamic Rep.",IRN,Population,86.905,1964
"Iran, Islamic Rep.",IRN,Population,86.905,1965
"Iran, Islamic Rep.",IRN,Population,86.905,1966
"Iran, Islamic Rep.",IRN,Population,86.905,1967
"Iran, Islamic Rep.",IRN,Population,86.905,1968
"Iran, Islamic Rep.",IRN,Population,86.905,1969
"Iran, Islamic Rep.",IRN,Population,86.905,1970
"Iran, Islamic Rep.",IRN,Population,89.286,1971
"Iran, Islamic Rep.",IRN,Population,86.905,1972
"Iran, Islamic Rep.",IRN,Population,86.905,1973
"Iran, Islamic Rep.",IRN,Population,86.905,1974
"Iran, Islamic Rep.",IRN,Population,86.905,1975
"Iran, Islamic Rep.",IRN,Population,89.286,1976
"Iran, Islamic Rep.",IRN,Population,86.905,1977
"Iran, Islamic Rep.",IRN,Population,86.905,1978
"Iran, Islamic Rep.",IRN,Population,86.905,1979
"Iran, Islamic Rep.",IRN,Population,91.667,1980
"Iran, Islamic Rep.",IRN,Population,86.905,1981
"Iran, Islamic Rep.",IRN,Population,86.905,1982
"Iran, Islamic Rep.",IRN,Population,86.905,1983
"Iran, Islamic Rep.",IRN,Population,86.905,1984
"Iran, Islamic Rep.",IRN,Population,91.667,1985
"Iran, Islamic Rep.",IRN,Population,89.286,1986
"Iran, Islamic Rep.",IRN,Population,86.905,1987
"Iran, Islamic Rep.",IRN,Population,86.905,1988
"Iran, Islamic Rep.",IRN,Population,86.905,1989
"Iran, Islamic Rep.",IRN,Population,92.857,1990
"Iran, Islamic Rep.",IRN,Population,89.286,1991
"Iran, Islamic Rep.",IRN,Population,86.905,1992
"Iran, Islamic Rep.",IRN,Population,86.905,1993
"Iran, Islamic Rep.",IRN,Population,86.905,1994
"Iran, Islamic Rep.",IRN,Population,92.857,1995
"Iran, Islamic Rep.",IRN,Population,89.286,1996
"Iran, Islamic Rep.",IRN,Population,86.905,1997
"Iran, Islamic Rep.",IRN,Population,86.905,1998
"Iran, Islamic Rep.",IRN,Population,86.905,1999
"Iran, Islamic Rep.",IRN,Population,92.857,2000
"Iran, Islamic Rep.",IRN,Population,86.905,2001
"Iran, Islamic Rep.",IRN,Population,86.905,2002
"Iran, Islamic Rep.",IRN,Population,86.905,2003
"Iran, Islamic Rep.",IRN,Population,86.905,2004
"Iran, Islamic Rep.",IRN,Population,92.857,2005
"Iran, Islamic Rep.",IRN,Population,89.286,2006
"Iran, Islamic Rep.",IRN,Population,86.905,2007
"Iran, Islamic Rep.",IRN,Population,86.905,2008
"Iran, Islamic Rep.",IRN,Population,86.905,2009
"Iran, Islamic Rep.",IRN,Population,96.429,2010
"Iran, Islamic Rep.",IRN,Population,89.286,2011
"Iran, Islamic Rep.",IRN,Population,86.905,2012
"Iran, Islamic Rep.",IRN,Population,86.905,2013
"Iran, Islamic Rep.",IRN,Population,86.905,2014
"Iran, Islamic Rep.",IRN,Population,92.857,2015
"Iran, Islamic Rep.",IRN,Population,89.286,2016
"Iran, Islamic Rep.",IRN,Population,86.905,2017
"Iran, Islamic Rep.",IRN,Population,86.905,2018
"Iran, Islamic Rep.",IRN,Population,86.905,2019
"Iran, Islamic Rep.",IRN,Population,88.095,2020
"Iran, Islamic Rep.",IRN,Population,86.905,2021
"Iran, Islamic Rep.",IRN,Population,86.905,2022
"Iran, Islamic Rep.",IRN,Population,77.381,2023
"Iran, Islamic Rep.",IRN,SDGs,0.671,1960
"Iran, Islamic Rep.",IRN,SDGs,0.671,1961
"Iran, Islamic Rep.",IRN,SDGs,0.671,1962
"Iran, Islamic Rep.",IRN,SDGs,0.671,1963
"Iran, Islamic Rep.",IRN,SDGs,0.671,1964
"Iran, Islamic Rep.",IRN,SDGs,0.671,1965
"Iran, Islamic Rep.",IRN,SDGs,0.671,1966
"Iran, Islamic Rep.",IRN,SDGs,0.671,1967
"Iran, Islamic Rep.",IRN,SDGs,0.671,1968
"Iran, Islamic Rep.",IRN,SDGs,0.671,1969
"Iran, Islamic Rep.",IRN,SDGs,9.396,1970
"Iran, Islamic Rep.",IRN,SDGs,11.409,1971
"Iran, Islamic Rep.",IRN,SDGs,11.409,1972
"Iran, Islamic Rep.",IRN,SDGs,11.409,1973
"Iran, Islamic Rep.",IRN,SDGs,11.409,1974
"Iran, Islamic Rep.",IRN,SDGs,11.409,1975
"Iran, Islamic Rep.",IRN,SDGs,11.409,1976
"Iran, Islamic Rep.",IRN,SDGs,11.409,1977
"Iran, Islamic Rep.",IRN,SDGs,11.409,1978
"Iran, Islamic Rep.",IRN,SDGs,11.409,1979
"Iran, Islamic Rep.",IRN,SDGs,12.081,1980
"Iran, Islamic Rep.",IRN,SDGs,12.081,1981
"Iran, Islamic Rep.",IRN,SDGs,12.081,1982
"Iran, Islamic Rep.",IRN,SDGs,12.081,1983
"Iran, Islamic Rep.",IRN,SDGs,12.081,1984
"Iran, Islamic Rep.",IRN,SDGs,12.081,1985
"Iran, Islamic Rep.",IRN,SDGs,14.094,1986
"Iran, Islamic Rep.",IRN,SDGs,12.081,1987
"Iran, Islamic Rep.",IRN,SDGs,12.081,1988
"Iran, Islamic Rep.",IRN,SDGs,12.081,1989
"Iran, Islamic Rep.",IRN,SDGs,16.107,1990
"Iran, Islamic Rep.",IRN,SDGs,22.148,1991
"Iran, Islamic Rep.",IRN,SDGs,20.134,1992
"Iran, Islamic Rep.",IRN,SDGs,20.134,1993
"Iran, Islamic Rep.",IRN,SDGs,20.134,1994
"Iran, Islamic Rep.",IRN,SDGs,20.134,1995
"Iran, Islamic Rep.",IRN,SDGs,22.819,1996
"Iran, Islamic Rep.",IRN,SDGs,21.477,1997
"Iran, Islamic Rep.",IRN,SDGs,20.805,1998
"Iran, Islamic Rep.",IRN,SDGs,20.805,1999
"Iran, Islamic Rep.",IRN,SDGs,66.443,2000
"Iran, Islamic Rep.",IRN,SDGs,35.570,2001
"Iran, Islamic Rep.",IRN,SDGs,35.570,2002
"Iran, Islamic Rep.",IRN,SDGs,34.228,2003
"Iran, Islamic Rep.",IRN,SDGs,36.242,2004
"Iran, Islamic Rep.",IRN,SDGs,40.940,2005
"Iran, Islamic Rep.",IRN,SDGs,40.268,2006
"Iran, Islamic Rep.",IRN,SDGs,38.255,2007
"Iran, Islamic Rep.",IRN,SDGs,38.255,2008
"Iran, Islamic Rep.",IRN,SDGs,38.926,2009
"Iran, Islamic Rep.",IRN,SDGs,72.483,2010
"Iran, Islamic Rep.",IRN,SDGs,42.953,2011
"Iran, Islamic Rep.",IRN,SDGs,38.926,2012
"Iran, Islamic Rep.",IRN,SDGs,38.926,2013
"Iran, Islamic Rep.",IRN,SDGs,40.940,2014
"Iran, Islamic Rep.",IRN,SDGs,70.470,2015
"Iran, Islamic Rep.",IRN,SDGs,39.597,2016
"Iran, Islamic Rep.",IRN,SDGs,38.255,2017
"Iran, Islamic Rep.",IRN,SDGs,39.597,2018
"Iran, Islamic Rep.",IRN,SDGs,72.483,2019
"Iran, Islamic Rep.",IRN,SDGs,30.201,2020
"Iran, Islamic Rep.",IRN,SDGs,27.517,2021
"Iran, Islamic Rep.",IRN,SDGs,25.503,2022
"Iran, Islamic Rep.",IRN,SDGs,14.094,2023
"Iran, Islamic Rep.",IRN,Technology,0.000,1960
"Iran, Islamic Rep.",IRN,Technology,0.000,1961
"Iran, Islamic Rep.",IRN,Technology,0.000,1962
"Iran, Islamic Rep.",IRN,Technology,0.000,1963
"Iran, Islamic Rep.",IRN,Technology,0.000,1964
"Iran, Islamic Rep.",IRN,Technology,0.000,1965
"Iran, Islamic Rep.",IRN,Technology,0.000,1966
"Iran, Islamic Rep.",IRN,Technology,0.000,1967
"Iran, Islamic Rep.",IRN,Technology,0.000,1968
"Iran, Islamic Rep.",IRN,Technology,0.000,1969
"Iran, Islamic Rep.",IRN,Technology,0.000,1970
"Iran, Islamic Rep.",IRN,Technology,0.000,1971
"Iran, Islamic Rep.",IRN,Technology,0.000,1972
"Iran, Islamic Rep.",IRN,Technology,0.000,1973
"Iran, Islamic Rep.",IRN,Technology,0.000,1974
"Iran, Islamic Rep.",IRN,Technology,0.000,1975
"Iran, Islamic Rep.",IRN,Technology,0.000,1976
"Iran, Islamic Rep.",IRN,Technology,0.000,1977
"Iran, Islamic Rep.",IRN,Technology,0.000,1978
"Iran, Islamic Rep.",IRN,Technology,0.000,1979
"Iran, Islamic Rep.",IRN,Technology,0.000,1980
"Iran, Islamic Rep.",IRN,Technology,0.000,1981
"Iran, Islamic Rep.",IRN,Technology,0.000,1982
"Iran, Islamic Rep.",IRN,Technology,0.000,1983
"Iran, Islamic Rep.",IRN,Technology,0.000,1984
"Iran, Islamic Rep.",IRN,Technology,0.000,1985
"Iran, Islamic Rep.",IRN,Technology,0.000,1986
"Iran, Islamic Rep.",IRN,Technology,0.000,1987
"Iran, Islamic Rep.",IRN,Technology,0.000,1988
"Iran, Islamic Rep.",IRN,Technology,0.000,1989
"Iran, Islamic Rep.",IRN,Technology,2.222,1990
"Iran, Islamic Rep.",IRN,Technology,2.222,1991
"Iran, Islamic Rep.",IRN,Technology,2.222,1992
"Iran, Islamic Rep.",IRN,Technology,2.222,1993
"Iran, Islamic Rep.",IRN,Technology,2.222,1994
"Iran, Islamic Rep.",IRN,Technology,2.222,1995
"Iran, Islamic Rep.",IRN,Technology,2.222,1996
"Iran, Islamic Rep.",IRN,Technology,2.222,1997
"Iran, Islamic Rep.",IRN,Technology,2.222,1998
"Iran, Islamic Rep.",IRN,Technology,2.222,1999
"Iran, Islamic Rep.",IRN,Technology,2.222,2000
"Iran, Islamic Rep.",IRN,Technology,2.222,2001
"Iran, Islamic Rep.",IRN,Technology,2.222,2002
"Iran, Islamic Rep.",IRN,Technology,2.222,2003
"Iran, Islamic Rep.",IRN,Technology,8.889,2004
"Iran, Islamic Rep.",IRN,Technology,8.889,2005
"Iran, Islamic Rep.",IRN,Technology,8.889,2006
"Iran, Islamic Rep.",IRN,Technology,8.889,2007
"Iran, Islamic Rep.",IRN,Technology,2.222,2008
"Iran, Islamic Rep.",IRN,Technology,13.333,2009
"Iran, Islamic Rep.",IRN,Technology,6.667,2010
"Iran, Islamic Rep.",IRN,Technology,15.556,2011
"Iran, Islamic Rep.",IRN,Technology,8.889,2012
"Iran, Islamic Rep.",IRN,Technology,8.889,2013
"Iran, Islamic Rep.",IRN,Technology,37.778,2014
"Iran, Islamic Rep.",IRN,Technology,6.667,2015
"Iran, Islamic Rep.",IRN,Technology,13.333,2016
"Iran, Islamic Rep.",IRN,Technology,66.667,2017
"Iran, Islamic Rep.",IRN,Technology,6.667,2018
"Iran, Islamic Rep.",IRN,Technology,6.667,2019
"Iran, Islamic Rep.",IRN,Technology,6.667,2020
"Iran, Islamic Rep.",IRN,Technology,86.667,2021
"Iran, Islamic Rep.",IRN,Technology,2.222,2022
"Iran, Islamic Rep.",IRN,Technology,0.000,2023
"Iran, Islamic Rep.",IRN,Violence,0.000,1960
"Iran, Islamic Rep.",IRN,Violence,0.000,1961
"Iran, Islamic Rep.",IRN,Violence,0.000,1962
"Iran, Islamic Rep.",IRN,Violence,0.000,1963
"Iran, Islamic Rep.",IRN,Violence,0.000,1964
"Iran, Islamic Rep.",IRN,Violence,0.000,1965
"Iran, Islamic Rep.",IRN,Violence,0.000,1966
"Iran, Islamic Rep.",IRN,Violence,0.000,1967
"Iran, Islamic Rep.",IRN,Violence,0.000,1968
"Iran, Islamic Rep.",IRN,Violence,0.000,1969
"Iran, Islamic Rep.",IRN,Violence,2.143,1970
"Iran, Islamic Rep.",IRN,Violence,2.143,1971
"Iran, Islamic Rep.",IRN,Violence,2.143,1972
"Iran, Islamic Rep.",IRN,Violence,2.143,1973
"Iran, Islamic Rep.",IRN,Violence,2.143,1974
"Iran, Islamic Rep.",IRN,Violence,2.143,1975
"Iran, Islamic Rep.",IRN,Violence,2.143,1976
"Iran, Islamic Rep.",IRN,Violence,2.143,1977
"Iran, Islamic Rep.",IRN,Violence,2.143,1978
"Iran, Islamic Rep.",IRN,Violence,2.143,1979
"Iran, Islamic Rep.",IRN,Violence,2.143,1980
"Iran, Islamic Rep.",IRN,Violence,2.143,1981
"Iran, Islamic Rep.",IRN,Violence,2.143,1982
"Iran, Islamic Rep.",IRN,Violence,2.143,1983
"Iran, Islamic Rep.",IRN,Violence,2.143,1984
"Iran, Islamic Rep.",IRN,Violence,2.143,1985
"Iran, Islamic Rep.",IRN,Violence,2.143,1986
"Iran, Islamic Rep.",IRN,Violence,2.143,1987
"Iran, Islamic Rep.",IRN,Violence,2.143,1988
"Iran, Islamic Rep.",IRN,Violence,2.143,1989
"Iran, Islamic Rep.",IRN,Violence,2.143,1990
"Iran, Islamic Rep.",IRN,Violence,2.143,1991
"Iran, Islamic Rep.",IRN,Violence,2.143,1992
"Iran, Islamic Rep.",IRN,Violence,2.143,1993
"Iran, Islamic Rep.",IRN,Violence,2.143,1994
"Iran, Islamic Rep.",IRN,Violence,2.143,1995
"Iran, Islamic Rep.",IRN,Violence,2.143,1996
"Iran, Islamic Rep.",IRN,Violence,2.143,1997
"Iran, Islamic Rep.",IRN,Violence,2.143,1998
"Iran, Islamic Rep.",IRN,Violence,2.143,1999
"Iran, Islamic Rep.",IRN,Violence,4.286,2000
"Iran, Islamic Rep.",IRN,Violence,4.286,2001
"Iran, Islamic Rep.",IRN,Violence,4.286,2002
"Iran, Islamic Rep.",IRN,Violence,4.286,2003
"Iran, Islamic Rep.",IRN,Violence,4.286,2004
"Iran, Islamic Rep.",IRN,Violence,4.286,2005
"Iran, Islamic Rep.",IRN,Violence,4.286,2006
"Iran, Islamic Rep.",IRN,Violence,4.286,2007
"Iran, Islamic Rep.",IRN,Violence,4.286,2008
"Iran, Islamic Rep.",IRN,Violence,5.000,2009
"Iran, Islamic Rep.",IRN,Violence,5.714,2010
"Iran, Islamic Rep.",IRN,Violence,4.286,2011
"Iran, Islamic Rep.",IRN,Violence,4.286,2012
"Iran, Islamic Rep.",IRN,Violence,6.429,2013
"Iran, Islamic Rep.",IRN,Violence,6.429,2014
"Iran, Islamic Rep.",IRN,Violence,4.286,2015
"Iran, Islamic Rep.",IRN,Violence,4.286,2016
"Iran, Islamic Rep.",IRN,Violence,4.286,2017
"Iran, Islamic Rep.",IRN,Violence,7.143,2018
"Iran, Islamic Rep.",IRN,Violence,4.286,2019
"Iran, Islamic Rep.",IRN,Violence,2.143,2020
"Iran, Islamic Rep.",IRN,Violence,2.143,2021
"Iran, Islamic Rep.",IRN,Violence,2.143,2022
"Iran, Islamic Rep.",IRN,Violence,2.143,2023
"Iran, Islamic Rep.",IRN,Youth 15-24,4.587,1960
"Iran, Islamic Rep.",IRN,Youth 15-24,4.587,1961
"Iran, Islamic Rep.",IRN,Youth 15-24,4.587,1962
"Iran, Islamic Rep.",IRN,Youth 15-24,4.587,1963
"Iran, Islamic Rep.",IRN,Youth 15-24,4.587,1964
"Iran, Islamic Rep.",IRN,Youth 15-24,4.587,1965
"Iran, Islamic Rep.",IRN,Youth 15-24,7.339,1966
"Iran, Islamic Rep.",IRN,Youth 15-24,4.587,1967
"Iran, Islamic Rep.",IRN,Youth 15-24,4.587,1968
"Iran, Islamic Rep.",IRN,Youth 15-24,4.587,1969
"Iran, Islamic Rep.",IRN,Youth 15-24,4.587,1970
"Iran, Islamic Rep.",IRN,Youth 15-24,18.349,1971
"Iran, Islamic Rep.",IRN,Youth 15-24,21.101,1972
"Iran, Islamic Rep.",IRN,Youth 15-24,18.349,1973
"Iran, Islamic Rep.",IRN,Youth 15-24,18.349,1974
"Iran, Islamic Rep.",IRN,Youth 15-24,18.349,1975
"Iran, Islamic Rep.",IRN,Youth 15-24,28.440,1976
"Iran, Islamic Rep.",IRN,Youth 15-24,18.349,1977
"Iran, Islamic Rep.",IRN,Youth 15-24,8.257,1978
"Iran, Islamic Rep.",IRN,Youth 15-24,4.587,1979
"Iran, Islamic Rep.",IRN,Youth 15-24,4.587,1980
"Iran, Islamic Rep.",IRN,Youth 15-24,4.587,1981
"Iran, Islamic Rep.",IRN,Youth 15-24,4.587,1982
"Iran, Islamic Rep.",IRN,Youth 15-24,5.505,1983
"Iran, Islamic Rep.",IRN,Youth 15-24,5.505,1984
"Iran, Islamic Rep.",IRN,Youth 15-24,15.596,1985
"Iran, Islamic Rep.",IRN,Youth 15-24,17.431,1986
"Iran, Islamic Rep.",IRN,Youth 15-24,7.339,1987
"Iran, Islamic Rep.",IRN,Youth 15-24,17.431,1988
"Iran, Islamic Rep.",IRN,Youth 15-24,7.339,1989
"Iran, Islamic Rep.",IRN,Youth 15-24,24.771,1990
"Iran, Islamic Rep.",IRN,Youth 15-24,38.532,1991
"Iran, Islamic Rep.",IRN,Youth 15-24,31.193,1992
"Iran, Islamic Rep.",IRN,Youth 15-24,31.193,1993
"Iran, Islamic Rep.",IRN,Youth 15-24,28.440,1994
"Iran, Islamic Rep.",IRN,Youth 15-24,29.358,1995
"Iran, Islamic Rep.",IRN,Youth 15-24,32.110,1996
"Iran, Islamic Rep.",IRN,Youth 15-24,23.853,1997
"Iran, Islamic Rep.",IRN,Youth 15-24,18.349,1998
"Iran, Islamic Rep.",IRN,Youth 15-24,39.450,1999
"Iran, Islamic Rep.",IRN,Youth 15-24,42.202,2000
"Iran, Islamic Rep.",IRN,Youth 15-24,42.202,2001
"Iran, Islamic Rep.",IRN,Youth 15-24,42.202,2002
"Iran, Islamic Rep.",IRN,Youth 15-24,42.202,2003
"Iran, Islamic Rep.",IRN,Youth 15-24,53.211,2004
"Iran, Islamic Rep.",IRN,Youth 15-24,71.560,2005
"Iran, Islamic Rep.",IRN,Youth 15-24,79.817,2006
"Iran, Islamic Rep.",IRN,Youth 15-24,64.220,2007
"Iran, Islamic Rep.",IRN,Youth 15-24,66.972,2008
"Iran, Islamic Rep.",IRN,Youth 15-24,68.807,2009
"Iran, Islamic Rep.",IRN,Youth 15-24,70.642,2010
"Iran, Islamic Rep.",IRN,Youth 15-24,79.817,2011
"Iran, Islamic Rep.",IRN,Youth 15-24,88.073,2012
"Iran, Islamic Rep.",IRN,Youth 15-24,78.899,2013
"Iran, Islamic Rep.",IRN,Youth 15-24,76.147,2014
"Iran, Islamic Rep.",IRN,Youth 15-24,57.798,2015
"Iran, Islamic Rep.",IRN,Youth 15-24,83.486,2016
"Iran, Islamic Rep.",IRN,Youth 15-24,77.064,2017
"Iran, Islamic Rep.",IRN,Youth 15-24,47.706,2018
"Iran, Islamic Rep.",IRN,Youth 15-24,47.706,2019
"Iran, Islamic Rep.",IRN,Youth 15-24,53.211,2020
"Iran, Islamic Rep.",IRN,Youth 15-24,44.954,2021
"Iran, Islamic Rep.",IRN,Youth 15-24,48.624,2022
"Iran, Islamic Rep.",IRN,Youth 15-24,12.844,2023
