Country Name,Country Code,Topic,% of available indicators,Year
Samoa,WSM,Assets,0.000,1960
Samoa,WSM,Assets,0.000,1961
Samoa,WSM,Assets,0.000,1962
Samoa,WSM,Assets,0.000,1963
Samoa,WSM,Assets,0.000,1964
Samoa,WSM,Assets,0.000,1965
Samoa,WSM,Assets,0.000,1966
Samoa,WSM,Assets,0.000,1967
Samoa,WSM,Assets,0.000,1968
Samoa,WSM,Assets,0.000,1969
Samoa,WSM,Assets,2.208,1970
Samoa,WSM,Assets,2.208,1971
Samoa,WSM,Assets,2.208,1972
Samoa,WSM,Assets,2.208,1973
Samoa,WSM,Assets,2.208,1974
Samoa,WSM,Assets,2.208,1975
Samoa,WSM,Assets,2.208,1976
Samoa,WSM,Assets,2.208,1977
Samoa,WSM,Assets,2.208,1978
Samoa,WSM,Assets,2.208,1979
Samoa,WSM,Assets,2.208,1980
Samoa,WSM,Assets,2.208,1981
Samoa,WSM,Assets,2.208,1982
Samoa,WSM,Assets,2.208,1983
Samoa,WSM,Assets,2.208,1984
Samoa,WSM,Assets,2.208,1985
Samoa,WSM,Assets,2.208,1986
Samoa,WSM,Assets,2.208,1987
Samoa,WSM,Assets,2.208,1988
Samoa,WSM,Assets,2.208,1989
Samoa,WSM,Assets,2.208,1990
Samoa,WSM,Assets,2.208,1991
Samoa,WSM,Assets,2.208,1992
Samoa,WSM,Assets,2.208,1993
Samoa,WSM,Assets,2.208,1994
Samoa,WSM,Assets,2.208,1995
Samoa,WSM,Assets,2.208,1996
Samoa,WSM,Assets,2.208,1997
Samoa,WSM,Assets,2.208,1998
Samoa,WSM,Assets,2.208,1999
Samoa,WSM,Assets,2.208,2000
Samoa,WSM,Assets,2.208,2001
Samoa,WSM,Assets,2.208,2002
Samoa,WSM,Assets,2.208,2003
Samoa,WSM,Assets,2.208,2004
Samoa,WSM,Assets,2.208,2005
Samoa,WSM,Assets,2.208,2006
Samoa,WSM,Assets,2.208,2007
Samoa,WSM,Assets,2.208,2008
Samoa,WSM,Assets,2.208,2009
Samoa,WSM,Assets,2.208,2010
Samoa,WSM,Assets,2.208,2011
Samoa,WSM,Assets,2.208,2012
Samoa,WSM,Assets,2.208,2013
Samoa,WSM,Assets,2.208,2014
Samoa,WSM,Assets,2.208,2015
Samoa,WSM,Assets,2.208,2016
Samoa,WSM,Assets,2.208,2017
Samoa,WSM,Assets,2.208,2018
Samoa,WSM,Assets,2.208,2019
Samoa,WSM,Assets,2.208,2020
Samoa,WSM,Assets,2.208,2021
Samoa,WSM,Assets,2.208,2022
Samoa,WSM,Assets,2.208,2023
Samoa,WSM,Children 0-14,19.231,1960
Samoa,WSM,Children 0-14,19.231,1961
Samoa,WSM,Children 0-14,19.231,1962
Samoa,WSM,Children 0-14,19.231,1963
Samoa,WSM,Children 0-14,19.231,1964
Samoa,WSM,Children 0-14,19.231,1965
Samoa,WSM,Children 0-14,19.231,1966
Samoa,WSM,Children 0-14,19.231,1967
Samoa,WSM,Children 0-14,19.231,1968
Samoa,WSM,Children 0-14,19.231,1969
Samoa,WSM,Children 0-14,25.385,1970
Samoa,WSM,Children 0-14,25.385,1971
Samoa,WSM,Children 0-14,23.077,1972
Samoa,WSM,Children 0-14,25.385,1973
Samoa,WSM,Children 0-14,21.538,1974
Samoa,WSM,Children 0-14,25.385,1975
Samoa,WSM,Children 0-14,27.692,1976
Samoa,WSM,Children 0-14,23.077,1977
Samoa,WSM,Children 0-14,23.077,1978
Samoa,WSM,Children 0-14,23.077,1979
Samoa,WSM,Children 0-14,23.846,1980
Samoa,WSM,Children 0-14,28.462,1981
Samoa,WSM,Children 0-14,24.615,1982
Samoa,WSM,Children 0-14,24.615,1983
Samoa,WSM,Children 0-14,20.769,1984
Samoa,WSM,Children 0-14,20.769,1985
Samoa,WSM,Children 0-14,24.615,1986
Samoa,WSM,Children 0-14,20.769,1987
Samoa,WSM,Children 0-14,20.769,1988
Samoa,WSM,Children 0-14,20.769,1989
Samoa,WSM,Children 0-14,20.769,1990
Samoa,WSM,Children 0-14,20.769,1991
Samoa,WSM,Children 0-14,21.538,1992
Samoa,WSM,Children 0-14,20.769,1993
Samoa,WSM,Children 0-14,34.615,1994
Samoa,WSM,Children 0-14,27.692,1995
Samoa,WSM,Children 0-14,27.692,1996
Samoa,WSM,Children 0-14,26.923,1997
Samoa,WSM,Children 0-14,39.231,1998
Samoa,WSM,Children 0-14,43.077,1999
Samoa,WSM,Children 0-14,52.308,2000
Samoa,WSM,Children 0-14,39.231,2001
Samoa,WSM,Children 0-14,26.923,2002
Samoa,WSM,Children 0-14,26.923,2003
Samoa,WSM,Children 0-14,26.923,2004
Samoa,WSM,Children 0-14,26.923,2005
Samoa,WSM,Children 0-14,28.462,2006
Samoa,WSM,Children 0-14,35.385,2007
Samoa,WSM,Children 0-14,23.077,2008
Samoa,WSM,Children 0-14,40.000,2009
Samoa,WSM,Children 0-14,56.923,2010
Samoa,WSM,Children 0-14,40.769,2011
Samoa,WSM,Children 0-14,39.231,2012
Samoa,WSM,Children 0-14,23.846,2013
Samoa,WSM,Children 0-14,50.769,2014
Samoa,WSM,Children 0-14,53.077,2015
Samoa,WSM,Children 0-14,39.231,2016
Samoa,WSM,Children 0-14,41.538,2017
Samoa,WSM,Children 0-14,43.846,2018
Samoa,WSM,Children 0-14,65.385,2019
Samoa,WSM,Children 0-14,38.462,2020
Samoa,WSM,Children 0-14,32.308,2021
Samoa,WSM,Children 0-14,33.846,2022
Samoa,WSM,Children 0-14,19.231,2023
Samoa,WSM,Education,0.000,1960
Samoa,WSM,Education,0.000,1961
Samoa,WSM,Education,0.000,1962
Samoa,WSM,Education,0.000,1963
Samoa,WSM,Education,0.000,1964
Samoa,WSM,Education,0.000,1965
Samoa,WSM,Education,0.000,1966
Samoa,WSM,Education,0.000,1967
Samoa,WSM,Education,0.000,1968
Samoa,WSM,Education,0.000,1969
Samoa,WSM,Education,16.564,1970
Samoa,WSM,Education,11.043,1971
Samoa,WSM,Education,3.067,1972
Samoa,WSM,Education,7.975,1973
Samoa,WSM,Education,1.840,1974
Samoa,WSM,Education,16.564,1975
Samoa,WSM,Education,17.791,1976
Samoa,WSM,Education,15.337,1977
Samoa,WSM,Education,11.656,1978
Samoa,WSM,Education,10.429,1979
Samoa,WSM,Education,10.429,1980
Samoa,WSM,Education,15.337,1981
Samoa,WSM,Education,5.521,1982
Samoa,WSM,Education,6.135,1983
Samoa,WSM,Education,0.000,1984
Samoa,WSM,Education,0.000,1985
Samoa,WSM,Education,5.521,1986
Samoa,WSM,Education,0.000,1987
Samoa,WSM,Education,0.000,1988
Samoa,WSM,Education,0.000,1989
Samoa,WSM,Education,0.000,1990
Samoa,WSM,Education,6.748,1991
Samoa,WSM,Education,0.613,1992
Samoa,WSM,Education,0.000,1993
Samoa,WSM,Education,15.337,1994
Samoa,WSM,Education,15.337,1995
Samoa,WSM,Education,13.497,1996
Samoa,WSM,Education,9.202,1997
Samoa,WSM,Education,39.877,1998
Samoa,WSM,Education,43.558,1999
Samoa,WSM,Education,41.718,2000
Samoa,WSM,Education,30.675,2001
Samoa,WSM,Education,10.429,2002
Samoa,WSM,Education,9.202,2003
Samoa,WSM,Education,9.202,2004
Samoa,WSM,Education,9.202,2005
Samoa,WSM,Education,10.429,2006
Samoa,WSM,Education,15.337,2007
Samoa,WSM,Education,2.454,2008
Samoa,WSM,Education,23.313,2009
Samoa,WSM,Education,25.767,2010
Samoa,WSM,Education,35.583,2011
Samoa,WSM,Education,27.607,2012
Samoa,WSM,Education,3.067,2013
Samoa,WSM,Education,23.313,2014
Samoa,WSM,Education,23.926,2015
Samoa,WSM,Education,25.153,2016
Samoa,WSM,Education,29.448,2017
Samoa,WSM,Education,33.742,2018
Samoa,WSM,Education,28.834,2019
Samoa,WSM,Education,25.153,2020
Samoa,WSM,Education,19.018,2021
Samoa,WSM,Education,23.926,2022
Samoa,WSM,Education,12.270,2023
Samoa,WSM,Employment and Time Use,0.000,1960
Samoa,WSM,Employment and Time Use,5.109,1961
Samoa,WSM,Employment and Time Use,0.000,1962
Samoa,WSM,Employment and Time Use,0.000,1963
Samoa,WSM,Employment and Time Use,0.000,1964
Samoa,WSM,Employment and Time Use,0.000,1965
Samoa,WSM,Employment and Time Use,5.109,1966
Samoa,WSM,Employment and Time Use,0.000,1967
Samoa,WSM,Employment and Time Use,0.000,1968
Samoa,WSM,Employment and Time Use,0.000,1969
Samoa,WSM,Employment and Time Use,21.168,1970
Samoa,WSM,Employment and Time Use,26.277,1971
Samoa,WSM,Employment and Time Use,21.168,1972
Samoa,WSM,Employment and Time Use,21.168,1973
Samoa,WSM,Employment and Time Use,21.168,1974
Samoa,WSM,Employment and Time Use,21.168,1975
Samoa,WSM,Employment and Time Use,28.467,1976
Samoa,WSM,Employment and Time Use,21.168,1977
Samoa,WSM,Employment and Time Use,21.168,1978
Samoa,WSM,Employment and Time Use,21.168,1979
Samoa,WSM,Employment and Time Use,21.168,1980
Samoa,WSM,Employment and Time Use,26.277,1981
Samoa,WSM,Employment and Time Use,21.168,1982
Samoa,WSM,Employment and Time Use,21.168,1983
Samoa,WSM,Employment and Time Use,21.168,1984
Samoa,WSM,Employment and Time Use,21.168,1985
Samoa,WSM,Employment and Time Use,21.168,1986
Samoa,WSM,Employment and Time Use,21.168,1987
Samoa,WSM,Employment and Time Use,21.168,1988
Samoa,WSM,Employment and Time Use,21.168,1989
Samoa,WSM,Employment and Time Use,31.387,1990
Samoa,WSM,Employment and Time Use,62.044,1991
Samoa,WSM,Employment and Time Use,56.204,1992
Samoa,WSM,Employment and Time Use,56.204,1993
Samoa,WSM,Employment and Time Use,56.204,1994
Samoa,WSM,Employment and Time Use,56.204,1995
Samoa,WSM,Employment and Time Use,56.204,1996
Samoa,WSM,Employment and Time Use,56.204,1997
Samoa,WSM,Employment and Time Use,56.204,1998
Samoa,WSM,Employment and Time Use,56.204,1999
Samoa,WSM,Employment and Time Use,56.204,2000
Samoa,WSM,Employment and Time Use,68.613,2001
Samoa,WSM,Employment and Time Use,56.204,2002
Samoa,WSM,Employment and Time Use,56.204,2003
Samoa,WSM,Employment and Time Use,56.204,2004
Samoa,WSM,Employment and Time Use,56.204,2005
Samoa,WSM,Employment and Time Use,65.693,2006
Samoa,WSM,Employment and Time Use,56.204,2007
Samoa,WSM,Employment and Time Use,60.584,2008
Samoa,WSM,Employment and Time Use,56.934,2009
Samoa,WSM,Employment and Time Use,56.204,2010
Samoa,WSM,Employment and Time Use,64.964,2011
Samoa,WSM,Employment and Time Use,89.781,2012
Samoa,WSM,Employment and Time Use,56.204,2013
Samoa,WSM,Employment and Time Use,70.803,2014
Samoa,WSM,Employment and Time Use,56.204,2015
Samoa,WSM,Employment and Time Use,56.204,2016
Samoa,WSM,Employment and Time Use,91.971,2017
Samoa,WSM,Employment and Time Use,56.204,2018
Samoa,WSM,Employment and Time Use,56.204,2019
Samoa,WSM,Employment and Time Use,56.204,2020
Samoa,WSM,Employment and Time Use,56.204,2021
Samoa,WSM,Employment and Time Use,90.511,2022
Samoa,WSM,Employment and Time Use,57.664,2023
Samoa,WSM,Entrepreneurship,0.000,1960
Samoa,WSM,Entrepreneurship,0.000,1961
Samoa,WSM,Entrepreneurship,0.000,1962
Samoa,WSM,Entrepreneurship,0.000,1963
Samoa,WSM,Entrepreneurship,0.000,1964
Samoa,WSM,Entrepreneurship,0.000,1965
Samoa,WSM,Entrepreneurship,0.000,1966
Samoa,WSM,Entrepreneurship,0.000,1967
Samoa,WSM,Entrepreneurship,0.000,1968
Samoa,WSM,Entrepreneurship,0.000,1969
Samoa,WSM,Entrepreneurship,9.375,1970
Samoa,WSM,Entrepreneurship,9.375,1971
Samoa,WSM,Entrepreneurship,9.375,1972
Samoa,WSM,Entrepreneurship,9.375,1973
Samoa,WSM,Entrepreneurship,9.375,1974
Samoa,WSM,Entrepreneurship,9.375,1975
Samoa,WSM,Entrepreneurship,9.375,1976
Samoa,WSM,Entrepreneurship,9.375,1977
Samoa,WSM,Entrepreneurship,9.375,1978
Samoa,WSM,Entrepreneurship,9.375,1979
Samoa,WSM,Entrepreneurship,9.375,1980
Samoa,WSM,Entrepreneurship,9.375,1981
Samoa,WSM,Entrepreneurship,9.375,1982
Samoa,WSM,Entrepreneurship,9.375,1983
Samoa,WSM,Entrepreneurship,9.375,1984
Samoa,WSM,Entrepreneurship,9.375,1985
Samoa,WSM,Entrepreneurship,9.375,1986
Samoa,WSM,Entrepreneurship,9.375,1987
Samoa,WSM,Entrepreneurship,9.375,1988
Samoa,WSM,Entrepreneurship,9.375,1989
Samoa,WSM,Entrepreneurship,9.375,1990
Samoa,WSM,Entrepreneurship,9.375,1991
Samoa,WSM,Entrepreneurship,9.375,1992
Samoa,WSM,Entrepreneurship,9.375,1993
Samoa,WSM,Entrepreneurship,9.375,1994
Samoa,WSM,Entrepreneurship,9.375,1995
Samoa,WSM,Entrepreneurship,9.375,1996
Samoa,WSM,Entrepreneurship,9.375,1997
Samoa,WSM,Entrepreneurship,9.375,1998
Samoa,WSM,Entrepreneurship,9.375,1999
Samoa,WSM,Entrepreneurship,9.375,2000
Samoa,WSM,Entrepreneurship,9.375,2001
Samoa,WSM,Entrepreneurship,9.375,2002
Samoa,WSM,Entrepreneurship,37.500,2003
Samoa,WSM,Entrepreneurship,37.500,2004
Samoa,WSM,Entrepreneurship,37.500,2005
Samoa,WSM,Entrepreneurship,37.500,2006
Samoa,WSM,Entrepreneurship,37.500,2007
Samoa,WSM,Entrepreneurship,37.500,2008
Samoa,WSM,Entrepreneurship,40.625,2009
Samoa,WSM,Entrepreneurship,37.500,2010
Samoa,WSM,Entrepreneurship,37.500,2011
Samoa,WSM,Entrepreneurship,37.500,2012
Samoa,WSM,Entrepreneurship,37.500,2013
Samoa,WSM,Entrepreneurship,62.500,2014
Samoa,WSM,Entrepreneurship,62.500,2015
Samoa,WSM,Entrepreneurship,62.500,2016
Samoa,WSM,Entrepreneurship,62.500,2017
Samoa,WSM,Entrepreneurship,62.500,2018
Samoa,WSM,Entrepreneurship,62.500,2019
Samoa,WSM,Entrepreneurship,34.375,2020
Samoa,WSM,Entrepreneurship,9.375,2021
Samoa,WSM,Entrepreneurship,9.375,2022
Samoa,WSM,Entrepreneurship,15.625,2023
Samoa,WSM,Environment,0.000,1960
Samoa,WSM,Environment,0.000,1961
Samoa,WSM,Environment,0.000,1962
Samoa,WSM,Environment,0.000,1963
Samoa,WSM,Environment,0.000,1964
Samoa,WSM,Environment,0.000,1965
Samoa,WSM,Environment,0.000,1966
Samoa,WSM,Environment,0.000,1967
Samoa,WSM,Environment,0.000,1968
Samoa,WSM,Environment,0.000,1969
Samoa,WSM,Environment,0.000,1970
Samoa,WSM,Environment,0.000,1971
Samoa,WSM,Environment,0.000,1972
Samoa,WSM,Environment,0.000,1973
Samoa,WSM,Environment,0.000,1974
Samoa,WSM,Environment,0.000,1975
Samoa,WSM,Environment,0.000,1976
Samoa,WSM,Environment,0.000,1977
Samoa,WSM,Environment,0.000,1978
Samoa,WSM,Environment,0.000,1979
Samoa,WSM,Environment,0.000,1980
Samoa,WSM,Environment,0.000,1981
Samoa,WSM,Environment,0.000,1982
Samoa,WSM,Environment,0.000,1983
Samoa,WSM,Environment,0.000,1984
Samoa,WSM,Environment,0.000,1985
Samoa,WSM,Environment,0.000,1986
Samoa,WSM,Environment,0.000,1987
Samoa,WSM,Environment,0.000,1988
Samoa,WSM,Environment,0.000,1989
Samoa,WSM,Environment,0.000,1990
Samoa,WSM,Environment,0.000,1991
Samoa,WSM,Environment,0.000,1992
Samoa,WSM,Environment,0.000,1993
Samoa,WSM,Environment,0.000,1994
Samoa,WSM,Environment,0.000,1995
Samoa,WSM,Environment,0.000,1996
Samoa,WSM,Environment,0.000,1997
Samoa,WSM,Environment,3.333,1998
Samoa,WSM,Environment,3.333,1999
Samoa,WSM,Environment,13.333,2000
Samoa,WSM,Environment,10.000,2001
Samoa,WSM,Environment,10.000,2002
Samoa,WSM,Environment,10.000,2003
Samoa,WSM,Environment,10.000,2004
Samoa,WSM,Environment,10.000,2005
Samoa,WSM,Environment,10.000,2006
Samoa,WSM,Environment,10.000,2007
Samoa,WSM,Environment,10.000,2008
Samoa,WSM,Environment,10.000,2009
Samoa,WSM,Environment,10.000,2010
Samoa,WSM,Environment,10.000,2011
Samoa,WSM,Environment,10.000,2012
Samoa,WSM,Environment,10.000,2013
Samoa,WSM,Environment,10.000,2014
Samoa,WSM,Environment,10.000,2015
Samoa,WSM,Environment,10.000,2016
Samoa,WSM,Environment,10.000,2017
Samoa,WSM,Environment,10.000,2018
Samoa,WSM,Environment,30.000,2019
Samoa,WSM,Environment,20.000,2020
Samoa,WSM,Environment,10.000,2021
Samoa,WSM,Environment,10.000,2022
Samoa,WSM,Environment,0.000,2023
Samoa,WSM,Health,8.586,1960
Samoa,WSM,Health,8.586,1961
Samoa,WSM,Health,8.586,1962
Samoa,WSM,Health,8.586,1963
Samoa,WSM,Health,8.586,1964
Samoa,WSM,Health,8.586,1965
Samoa,WSM,Health,8.586,1966
Samoa,WSM,Health,8.586,1967
Samoa,WSM,Health,8.586,1968
Samoa,WSM,Health,8.586,1969
Samoa,WSM,Health,8.586,1970
Samoa,WSM,Health,8.586,1971
Samoa,WSM,Health,8.586,1972
Samoa,WSM,Health,8.586,1973
Samoa,WSM,Health,8.586,1974
Samoa,WSM,Health,11.111,1975
Samoa,WSM,Health,11.111,1976
Samoa,WSM,Health,11.111,1977
Samoa,WSM,Health,11.111,1978
Samoa,WSM,Health,11.111,1979
Samoa,WSM,Health,11.616,1980
Samoa,WSM,Health,11.616,1981
Samoa,WSM,Health,12.121,1982
Samoa,WSM,Health,12.121,1983
Samoa,WSM,Health,12.121,1984
Samoa,WSM,Health,12.121,1985
Samoa,WSM,Health,12.121,1986
Samoa,WSM,Health,12.121,1987
Samoa,WSM,Health,12.121,1988
Samoa,WSM,Health,12.121,1989
Samoa,WSM,Health,12.626,1990
Samoa,WSM,Health,12.121,1991
Samoa,WSM,Health,12.121,1992
Samoa,WSM,Health,12.121,1993
Samoa,WSM,Health,12.121,1994
Samoa,WSM,Health,12.121,1995
Samoa,WSM,Health,12.121,1996
Samoa,WSM,Health,12.121,1997
Samoa,WSM,Health,12.626,1998
Samoa,WSM,Health,14.141,1999
Samoa,WSM,Health,50.505,2000
Samoa,WSM,Health,25.758,2001
Samoa,WSM,Health,25.758,2002
Samoa,WSM,Health,25.758,2003
Samoa,WSM,Health,26.263,2004
Samoa,WSM,Health,27.273,2005
Samoa,WSM,Health,25.758,2006
Samoa,WSM,Health,25.758,2007
Samoa,WSM,Health,25.758,2008
Samoa,WSM,Health,30.808,2009
Samoa,WSM,Health,53.030,2010
Samoa,WSM,Health,26.263,2011
Samoa,WSM,Health,25.758,2012
Samoa,WSM,Health,26.263,2013
Samoa,WSM,Health,36.869,2014
Samoa,WSM,Health,50.505,2015
Samoa,WSM,Health,26.263,2016
Samoa,WSM,Health,23.737,2017
Samoa,WSM,Health,29.798,2018
Samoa,WSM,Health,58.586,2019
Samoa,WSM,Health,29.293,2020
Samoa,WSM,Health,12.121,2021
Samoa,WSM,Health,11.111,2022
Samoa,WSM,Health,1.010,2023
Samoa,WSM,Leadership,0.000,1960
Samoa,WSM,Leadership,0.000,1961
Samoa,WSM,Leadership,0.000,1962
Samoa,WSM,Leadership,0.000,1963
Samoa,WSM,Leadership,0.000,1964
Samoa,WSM,Leadership,0.000,1965
Samoa,WSM,Leadership,0.000,1966
Samoa,WSM,Leadership,0.000,1967
Samoa,WSM,Leadership,0.000,1968
Samoa,WSM,Leadership,0.000,1969
Samoa,WSM,Leadership,0.000,1970
Samoa,WSM,Leadership,0.000,1971
Samoa,WSM,Leadership,0.000,1972
Samoa,WSM,Leadership,0.000,1973
Samoa,WSM,Leadership,0.000,1974
Samoa,WSM,Leadership,0.000,1975
Samoa,WSM,Leadership,0.000,1976
Samoa,WSM,Leadership,0.000,1977
Samoa,WSM,Leadership,0.000,1978
Samoa,WSM,Leadership,0.000,1979
Samoa,WSM,Leadership,0.000,1980
Samoa,WSM,Leadership,0.000,1981
Samoa,WSM,Leadership,0.000,1982
Samoa,WSM,Leadership,0.000,1983
Samoa,WSM,Leadership,0.000,1984
Samoa,WSM,Leadership,0.000,1985
Samoa,WSM,Leadership,0.000,1986
Samoa,WSM,Leadership,0.000,1987
Samoa,WSM,Leadership,0.000,1988
Samoa,WSM,Leadership,0.000,1989
Samoa,WSM,Leadership,0.000,1990
Samoa,WSM,Leadership,0.000,1991
Samoa,WSM,Leadership,0.000,1992
Samoa,WSM,Leadership,0.000,1993
Samoa,WSM,Leadership,0.000,1994
Samoa,WSM,Leadership,0.000,1995
Samoa,WSM,Leadership,0.000,1996
Samoa,WSM,Leadership,25.000,1997
Samoa,WSM,Leadership,25.000,1998
Samoa,WSM,Leadership,25.000,1999
Samoa,WSM,Leadership,25.000,2000
Samoa,WSM,Leadership,25.000,2001
Samoa,WSM,Leadership,25.000,2002
Samoa,WSM,Leadership,25.000,2003
Samoa,WSM,Leadership,25.000,2004
Samoa,WSM,Leadership,50.000,2005
Samoa,WSM,Leadership,25.000,2006
Samoa,WSM,Leadership,25.000,2007
Samoa,WSM,Leadership,50.000,2008
Samoa,WSM,Leadership,25.000,2009
Samoa,WSM,Leadership,50.000,2010
Samoa,WSM,Leadership,25.000,2011
Samoa,WSM,Leadership,75.000,2012
Samoa,WSM,Leadership,25.000,2013
Samoa,WSM,Leadership,50.000,2014
Samoa,WSM,Leadership,50.000,2015
Samoa,WSM,Leadership,50.000,2016
Samoa,WSM,Leadership,50.000,2017
Samoa,WSM,Leadership,50.000,2018
Samoa,WSM,Leadership,50.000,2019
Samoa,WSM,Leadership,50.000,2020
Samoa,WSM,Leadership,25.000,2021
Samoa,WSM,Leadership,75.000,2022
Samoa,WSM,Leadership,50.000,2023
Samoa,WSM,Norms and Decision-making,0.000,1960
Samoa,WSM,Norms and Decision-making,0.000,1961
Samoa,WSM,Norms and Decision-making,0.000,1962
Samoa,WSM,Norms and Decision-making,0.000,1963
Samoa,WSM,Norms and Decision-making,0.000,1964
Samoa,WSM,Norms and Decision-making,0.000,1965
Samoa,WSM,Norms and Decision-making,0.000,1966
Samoa,WSM,Norms and Decision-making,0.000,1967
Samoa,WSM,Norms and Decision-making,0.000,1968
Samoa,WSM,Norms and Decision-making,0.000,1969
Samoa,WSM,Norms and Decision-making,12.593,1970
Samoa,WSM,Norms and Decision-making,14.074,1971
Samoa,WSM,Norms and Decision-making,12.593,1972
Samoa,WSM,Norms and Decision-making,12.593,1973
Samoa,WSM,Norms and Decision-making,12.593,1974
Samoa,WSM,Norms and Decision-making,12.593,1975
Samoa,WSM,Norms and Decision-making,14.074,1976
Samoa,WSM,Norms and Decision-making,12.593,1977
Samoa,WSM,Norms and Decision-making,12.593,1978
Samoa,WSM,Norms and Decision-making,12.593,1979
Samoa,WSM,Norms and Decision-making,12.593,1980
Samoa,WSM,Norms and Decision-making,14.074,1981
Samoa,WSM,Norms and Decision-making,12.593,1982
Samoa,WSM,Norms and Decision-making,12.593,1983
Samoa,WSM,Norms and Decision-making,12.593,1984
Samoa,WSM,Norms and Decision-making,12.593,1985
Samoa,WSM,Norms and Decision-making,14.074,1986
Samoa,WSM,Norms and Decision-making,12.593,1987
Samoa,WSM,Norms and Decision-making,12.593,1988
Samoa,WSM,Norms and Decision-making,12.593,1989
Samoa,WSM,Norms and Decision-making,12.593,1990
Samoa,WSM,Norms and Decision-making,14.074,1991
Samoa,WSM,Norms and Decision-making,12.593,1992
Samoa,WSM,Norms and Decision-making,12.593,1993
Samoa,WSM,Norms and Decision-making,12.593,1994
Samoa,WSM,Norms and Decision-making,12.593,1995
Samoa,WSM,Norms and Decision-making,12.593,1996
Samoa,WSM,Norms and Decision-making,12.593,1997
Samoa,WSM,Norms and Decision-making,12.593,1998
Samoa,WSM,Norms and Decision-making,12.593,1999
Samoa,WSM,Norms and Decision-making,12.593,2000
Samoa,WSM,Norms and Decision-making,14.074,2001
Samoa,WSM,Norms and Decision-making,12.593,2002
Samoa,WSM,Norms and Decision-making,12.593,2003
Samoa,WSM,Norms and Decision-making,12.593,2004
Samoa,WSM,Norms and Decision-making,12.593,2005
Samoa,WSM,Norms and Decision-making,14.074,2006
Samoa,WSM,Norms and Decision-making,12.593,2007
Samoa,WSM,Norms and Decision-making,12.593,2008
Samoa,WSM,Norms and Decision-making,17.037,2009
Samoa,WSM,Norms and Decision-making,12.593,2010
Samoa,WSM,Norms and Decision-making,14.074,2011
Samoa,WSM,Norms and Decision-making,12.593,2012
Samoa,WSM,Norms and Decision-making,12.593,2013
Samoa,WSM,Norms and Decision-making,12.593,2014
Samoa,WSM,Norms and Decision-making,12.593,2015
Samoa,WSM,Norms and Decision-making,14.074,2016
Samoa,WSM,Norms and Decision-making,12.593,2017
Samoa,WSM,Norms and Decision-making,12.593,2018
Samoa,WSM,Norms and Decision-making,12.593,2019
Samoa,WSM,Norms and Decision-making,14.074,2020
Samoa,WSM,Norms and Decision-making,12.593,2021
Samoa,WSM,Norms and Decision-making,12.593,2022
Samoa,WSM,Norms and Decision-making,12.593,2023
Samoa,WSM,Population,86.905,1960
Samoa,WSM,Population,86.905,1961
Samoa,WSM,Population,86.905,1962
Samoa,WSM,Population,86.905,1963
Samoa,WSM,Population,86.905,1964
Samoa,WSM,Population,86.905,1965
Samoa,WSM,Population,86.905,1966
Samoa,WSM,Population,86.905,1967
Samoa,WSM,Population,86.905,1968
Samoa,WSM,Population,86.905,1969
Samoa,WSM,Population,86.905,1970
Samoa,WSM,Population,89.286,1971
Samoa,WSM,Population,86.905,1972
Samoa,WSM,Population,86.905,1973
Samoa,WSM,Population,86.905,1974
Samoa,WSM,Population,86.905,1975
Samoa,WSM,Population,89.286,1976
Samoa,WSM,Population,86.905,1977
Samoa,WSM,Population,86.905,1978
Samoa,WSM,Population,86.905,1979
Samoa,WSM,Population,91.667,1980
Samoa,WSM,Population,89.286,1981
Samoa,WSM,Population,86.905,1982
Samoa,WSM,Population,86.905,1983
Samoa,WSM,Population,86.905,1984
Samoa,WSM,Population,91.667,1985
Samoa,WSM,Population,89.286,1986
Samoa,WSM,Population,86.905,1987
Samoa,WSM,Population,86.905,1988
Samoa,WSM,Population,86.905,1989
Samoa,WSM,Population,92.857,1990
Samoa,WSM,Population,89.286,1991
Samoa,WSM,Population,86.905,1992
Samoa,WSM,Population,86.905,1993
Samoa,WSM,Population,86.905,1994
Samoa,WSM,Population,92.857,1995
Samoa,WSM,Population,86.905,1996
Samoa,WSM,Population,86.905,1997
Samoa,WSM,Population,86.905,1998
Samoa,WSM,Population,86.905,1999
Samoa,WSM,Population,92.857,2000
Samoa,WSM,Population,89.286,2001
Samoa,WSM,Population,86.905,2002
Samoa,WSM,Population,86.905,2003
Samoa,WSM,Population,86.905,2004
Samoa,WSM,Population,92.857,2005
Samoa,WSM,Population,89.286,2006
Samoa,WSM,Population,86.905,2007
Samoa,WSM,Population,86.905,2008
Samoa,WSM,Population,90.476,2009
Samoa,WSM,Population,92.857,2010
Samoa,WSM,Population,89.286,2011
Samoa,WSM,Population,86.905,2012
Samoa,WSM,Population,86.905,2013
Samoa,WSM,Population,88.095,2014
Samoa,WSM,Population,92.857,2015
Samoa,WSM,Population,89.286,2016
Samoa,WSM,Population,86.905,2017
Samoa,WSM,Population,86.905,2018
Samoa,WSM,Population,86.905,2019
Samoa,WSM,Population,91.667,2020
Samoa,WSM,Population,86.905,2021
Samoa,WSM,Population,86.905,2022
Samoa,WSM,Population,77.381,2023
Samoa,WSM,SDGs,2.685,1960
Samoa,WSM,SDGs,2.685,1961
Samoa,WSM,SDGs,2.685,1962
Samoa,WSM,SDGs,2.685,1963
Samoa,WSM,SDGs,2.685,1964
Samoa,WSM,SDGs,2.685,1965
Samoa,WSM,SDGs,2.685,1966
Samoa,WSM,SDGs,2.685,1967
Samoa,WSM,SDGs,2.685,1968
Samoa,WSM,SDGs,2.685,1969
Samoa,WSM,SDGs,11.409,1970
Samoa,WSM,SDGs,11.409,1971
Samoa,WSM,SDGs,11.409,1972
Samoa,WSM,SDGs,11.409,1973
Samoa,WSM,SDGs,11.409,1974
Samoa,WSM,SDGs,11.409,1975
Samoa,WSM,SDGs,11.409,1976
Samoa,WSM,SDGs,11.409,1977
Samoa,WSM,SDGs,11.409,1978
Samoa,WSM,SDGs,11.409,1979
Samoa,WSM,SDGs,12.081,1980
Samoa,WSM,SDGs,12.081,1981
Samoa,WSM,SDGs,12.081,1982
Samoa,WSM,SDGs,12.081,1983
Samoa,WSM,SDGs,12.081,1984
Samoa,WSM,SDGs,12.081,1985
Samoa,WSM,SDGs,12.081,1986
Samoa,WSM,SDGs,12.081,1987
Samoa,WSM,SDGs,12.081,1988
Samoa,WSM,SDGs,12.081,1989
Samoa,WSM,SDGs,12.752,1990
Samoa,WSM,SDGs,16.779,1991
Samoa,WSM,SDGs,16.107,1992
Samoa,WSM,SDGs,16.107,1993
Samoa,WSM,SDGs,16.107,1994
Samoa,WSM,SDGs,16.107,1995
Samoa,WSM,SDGs,16.107,1996
Samoa,WSM,SDGs,16.779,1997
Samoa,WSM,SDGs,17.450,1998
Samoa,WSM,SDGs,16.779,1999
Samoa,WSM,SDGs,63.087,2000
Samoa,WSM,SDGs,33.557,2001
Samoa,WSM,SDGs,29.530,2002
Samoa,WSM,SDGs,29.530,2003
Samoa,WSM,SDGs,30.201,2004
Samoa,WSM,SDGs,31.544,2005
Samoa,WSM,SDGs,31.544,2006
Samoa,WSM,SDGs,29.530,2007
Samoa,WSM,SDGs,29.530,2008
Samoa,WSM,SDGs,30.201,2009
Samoa,WSM,SDGs,61.745,2010
Samoa,WSM,SDGs,33.557,2011
Samoa,WSM,SDGs,33.557,2012
Samoa,WSM,SDGs,29.530,2013
Samoa,WSM,SDGs,34.228,2014
Samoa,WSM,SDGs,61.745,2015
Samoa,WSM,SDGs,29.530,2016
Samoa,WSM,SDGs,33.557,2017
Samoa,WSM,SDGs,32.886,2018
Samoa,WSM,SDGs,65.772,2019
Samoa,WSM,SDGs,25.503,2020
Samoa,WSM,SDGs,18.792,2021
Samoa,WSM,SDGs,22.819,2022
Samoa,WSM,SDGs,14.094,2023
Samoa,WSM,Technology,0.000,1960
Samoa,WSM,Technology,0.000,1961
Samoa,WSM,Technology,0.000,1962
Samoa,WSM,Technology,0.000,1963
Samoa,WSM,Technology,0.000,1964
Samoa,WSM,Technology,0.000,1965
Samoa,WSM,Technology,0.000,1966
Samoa,WSM,Technology,0.000,1967
Samoa,WSM,Technology,0.000,1968
Samoa,WSM,Technology,0.000,1969
Samoa,WSM,Technology,0.000,1970
Samoa,WSM,Technology,0.000,1971
Samoa,WSM,Technology,0.000,1972
Samoa,WSM,Technology,0.000,1973
Samoa,WSM,Technology,0.000,1974
Samoa,WSM,Technology,0.000,1975
Samoa,WSM,Technology,0.000,1976
Samoa,WSM,Technology,0.000,1977
Samoa,WSM,Technology,0.000,1978
Samoa,WSM,Technology,0.000,1979
Samoa,WSM,Technology,0.000,1980
Samoa,WSM,Technology,0.000,1981
Samoa,WSM,Technology,0.000,1982
Samoa,WSM,Technology,0.000,1983
Samoa,WSM,Technology,0.000,1984
Samoa,WSM,Technology,0.000,1985
Samoa,WSM,Technology,0.000,1986
Samoa,WSM,Technology,0.000,1987
Samoa,WSM,Technology,0.000,1988
Samoa,WSM,Technology,0.000,1989
Samoa,WSM,Technology,2.222,1990
Samoa,WSM,Technology,2.222,1991
Samoa,WSM,Technology,2.222,1992
Samoa,WSM,Technology,2.222,1993
Samoa,WSM,Technology,2.222,1994
Samoa,WSM,Technology,2.222,1995
Samoa,WSM,Technology,0.000,1996
Samoa,WSM,Technology,2.222,1997
Samoa,WSM,Technology,8.889,1998
Samoa,WSM,Technology,8.889,1999
Samoa,WSM,Technology,8.889,2000
Samoa,WSM,Technology,2.222,2001
Samoa,WSM,Technology,2.222,2002
Samoa,WSM,Technology,2.222,2003
Samoa,WSM,Technology,2.222,2004
Samoa,WSM,Technology,2.222,2005
Samoa,WSM,Technology,2.222,2006
Samoa,WSM,Technology,2.222,2007
Samoa,WSM,Technology,2.222,2008
Samoa,WSM,Technology,2.222,2009
Samoa,WSM,Technology,2.222,2010
Samoa,WSM,Technology,2.222,2011
Samoa,WSM,Technology,2.222,2012
Samoa,WSM,Technology,2.222,2013
Samoa,WSM,Technology,2.222,2014
Samoa,WSM,Technology,2.222,2015
Samoa,WSM,Technology,2.222,2016
Samoa,WSM,Technology,2.222,2017
Samoa,WSM,Technology,2.222,2018
Samoa,WSM,Technology,2.222,2019
Samoa,WSM,Technology,2.222,2020
Samoa,WSM,Technology,2.222,2021
Samoa,WSM,Technology,2.222,2022
Samoa,WSM,Technology,0.000,2023
Samoa,WSM,Violence,0.000,1960
Samoa,WSM,Violence,0.000,1961
Samoa,WSM,Violence,0.000,1962
Samoa,WSM,Violence,0.000,1963
Samoa,WSM,Violence,0.000,1964
Samoa,WSM,Violence,0.000,1965
Samoa,WSM,Violence,0.000,1966
Samoa,WSM,Violence,0.000,1967
Samoa,WSM,Violence,0.000,1968
Samoa,WSM,Violence,0.000,1969
Samoa,WSM,Violence,2.143,1970
Samoa,WSM,Violence,2.143,1971
Samoa,WSM,Violence,2.143,1972
Samoa,WSM,Violence,2.143,1973
Samoa,WSM,Violence,2.143,1974
Samoa,WSM,Violence,2.143,1975
Samoa,WSM,Violence,2.143,1976
Samoa,WSM,Violence,2.143,1977
Samoa,WSM,Violence,2.143,1978
Samoa,WSM,Violence,2.143,1979
Samoa,WSM,Violence,2.143,1980
Samoa,WSM,Violence,2.143,1981
Samoa,WSM,Violence,2.143,1982
Samoa,WSM,Violence,2.143,1983
Samoa,WSM,Violence,2.143,1984
Samoa,WSM,Violence,2.143,1985
Samoa,WSM,Violence,2.143,1986
Samoa,WSM,Violence,2.143,1987
Samoa,WSM,Violence,2.143,1988
Samoa,WSM,Violence,2.143,1989
Samoa,WSM,Violence,2.143,1990
Samoa,WSM,Violence,2.143,1991
Samoa,WSM,Violence,2.143,1992
Samoa,WSM,Violence,2.143,1993
Samoa,WSM,Violence,2.143,1994
Samoa,WSM,Violence,2.143,1995
Samoa,WSM,Violence,2.143,1996
Samoa,WSM,Violence,2.143,1997
Samoa,WSM,Violence,2.143,1998
Samoa,WSM,Violence,2.143,1999
Samoa,WSM,Violence,5.000,2000
Samoa,WSM,Violence,4.286,2001
Samoa,WSM,Violence,4.286,2002
Samoa,WSM,Violence,4.286,2003
Samoa,WSM,Violence,4.286,2004
Samoa,WSM,Violence,4.286,2005
Samoa,WSM,Violence,4.286,2006
Samoa,WSM,Violence,4.286,2007
Samoa,WSM,Violence,4.286,2008
Samoa,WSM,Violence,5.000,2009
Samoa,WSM,Violence,5.000,2010
Samoa,WSM,Violence,4.286,2011
Samoa,WSM,Violence,4.286,2012
Samoa,WSM,Violence,5.000,2013
Samoa,WSM,Violence,4.286,2014
Samoa,WSM,Violence,4.286,2015
Samoa,WSM,Violence,4.286,2016
Samoa,WSM,Violence,6.429,2017
Samoa,WSM,Violence,9.286,2018
Samoa,WSM,Violence,4.286,2019
Samoa,WSM,Violence,3.571,2020
Samoa,WSM,Violence,2.143,2021
Samoa,WSM,Violence,2.143,2022
Samoa,WSM,Violence,2.143,2023
Samoa,WSM,Youth 15-24,4.587,1960
Samoa,WSM,Youth 15-24,7.339,1961
Samoa,WSM,Youth 15-24,4.587,1962
Samoa,WSM,Youth 15-24,4.587,1963
Samoa,WSM,Youth 15-24,4.587,1964
Samoa,WSM,Youth 15-24,4.587,1965
Samoa,WSM,Youth 15-24,7.339,1966
Samoa,WSM,Youth 15-24,4.587,1967
Samoa,WSM,Youth 15-24,4.587,1968
Samoa,WSM,Youth 15-24,4.587,1969
Samoa,WSM,Youth 15-24,18.349,1970
Samoa,WSM,Youth 15-24,16.514,1971
Samoa,WSM,Youth 15-24,4.587,1972
Samoa,WSM,Youth 15-24,8.257,1973
Samoa,WSM,Youth 15-24,4.587,1974
Samoa,WSM,Youth 15-24,18.349,1975
Samoa,WSM,Youth 15-24,22.936,1976
Samoa,WSM,Youth 15-24,18.349,1977
Samoa,WSM,Youth 15-24,15.596,1978
Samoa,WSM,Youth 15-24,14.679,1979
Samoa,WSM,Youth 15-24,14.679,1980
Samoa,WSM,Youth 15-24,19.266,1981
Samoa,WSM,Youth 15-24,7.339,1982
Samoa,WSM,Youth 15-24,8.257,1983
Samoa,WSM,Youth 15-24,4.587,1984
Samoa,WSM,Youth 15-24,4.587,1985
Samoa,WSM,Youth 15-24,7.339,1986
Samoa,WSM,Youth 15-24,4.587,1987
Samoa,WSM,Youth 15-24,4.587,1988
Samoa,WSM,Youth 15-24,4.587,1989
Samoa,WSM,Youth 15-24,7.339,1990
Samoa,WSM,Youth 15-24,23.853,1991
Samoa,WSM,Youth 15-24,13.761,1992
Samoa,WSM,Youth 15-24,13.761,1993
Samoa,WSM,Youth 15-24,20.183,1994
Samoa,WSM,Youth 15-24,26.606,1995
Samoa,WSM,Youth 15-24,23.853,1996
Samoa,WSM,Youth 15-24,20.183,1997
Samoa,WSM,Youth 15-24,46.789,1998
Samoa,WSM,Youth 15-24,47.706,1999
Samoa,WSM,Youth 15-24,46.789,2000
Samoa,WSM,Youth 15-24,39.450,2001
Samoa,WSM,Youth 15-24,20.183,2002
Samoa,WSM,Youth 15-24,20.183,2003
Samoa,WSM,Youth 15-24,20.183,2004
Samoa,WSM,Youth 15-24,20.183,2005
Samoa,WSM,Youth 15-24,22.936,2006
Samoa,WSM,Youth 15-24,19.266,2007
Samoa,WSM,Youth 15-24,16.514,2008
Samoa,WSM,Youth 15-24,26.606,2009
Samoa,WSM,Youth 15-24,26.606,2010
Samoa,WSM,Youth 15-24,43.119,2011
Samoa,WSM,Youth 15-24,41.284,2012
Samoa,WSM,Youth 15-24,13.761,2013
Samoa,WSM,Youth 15-24,35.780,2014
Samoa,WSM,Youth 15-24,26.606,2015
Samoa,WSM,Youth 15-24,26.606,2016
Samoa,WSM,Youth 15-24,40.367,2017
Samoa,WSM,Youth 15-24,23.853,2018
Samoa,WSM,Youth 15-24,29.358,2019
Samoa,WSM,Youth 15-24,22.018,2020
Samoa,WSM,Youth 15-24,23.853,2021
Samoa,WSM,Youth 15-24,40.367,2022
Samoa,WSM,Youth 15-24,16.514,2023
