Country Name,Country Code,Topic,% of available indicators,Year
Denmark,DNK,Assets,0.000,1960
Denmark,DNK,Assets,0.000,1961
Denmark,DNK,Assets,0.000,1962
Denmark,DNK,Assets,0.000,1963
Denmark,DNK,Assets,0.000,1964
Denmark,DNK,Assets,0.000,1965
Denmark,DNK,Assets,0.000,1966
Denmark,DNK,Assets,0.000,1967
Denmark,DNK,Assets,0.000,1968
Denmark,DNK,Assets,0.000,1969
Denmark,DNK,Assets,2.208,1970
Denmark,DNK,Assets,2.208,1971
Denmark,DNK,Assets,2.208,1972
Denmark,DNK,Assets,2.208,1973
Denmark,DNK,Assets,2.208,1974
Denmark,DNK,Assets,2.208,1975
Denmark,DNK,Assets,2.208,1976
Denmark,DNK,Assets,2.208,1977
Denmark,DNK,Assets,2.208,1978
Denmark,DNK,Assets,2.208,1979
Denmark,DNK,Assets,2.208,1980
Denmark,DNK,Assets,2.208,1981
Denmark,DNK,Assets,2.208,1982
Denmark,DNK,Assets,2.208,1983
Denmark,DNK,Assets,2.208,1984
Denmark,DNK,Assets,2.208,1985
Denmark,DNK,Assets,2.208,1986
Denmark,DNK,Assets,2.208,1987
Denmark,DNK,Assets,2.208,1988
Denmark,DNK,Assets,2.208,1989
Denmark,DNK,Assets,2.208,1990
Denmark,DNK,Assets,2.208,1991
Denmark,DNK,Assets,2.208,1992
Denmark,DNK,Assets,2.208,1993
Denmark,DNK,Assets,2.208,1994
Denmark,DNK,Assets,2.208,1995
Denmark,DNK,Assets,2.208,1996
Denmark,DNK,Assets,2.208,1997
Denmark,DNK,Assets,2.208,1998
Denmark,DNK,Assets,2.208,1999
Denmark,DNK,Assets,2.208,2000
Denmark,DNK,Assets,2.208,2001
Denmark,DNK,Assets,2.208,2002
Denmark,DNK,Assets,2.208,2003
Denmark,DNK,Assets,2.208,2004
Denmark,DNK,Assets,2.208,2005
Denmark,DNK,Assets,2.208,2006
Denmark,DNK,Assets,2.208,2007
Denmark,DNK,Assets,2.208,2008
Denmark,DNK,Assets,2.208,2009
Denmark,DNK,Assets,2.208,2010
Denmark,DNK,Assets,10.726,2011
Denmark,DNK,Assets,2.208,2012
Denmark,DNK,Assets,2.208,2013
Denmark,DNK,Assets,24.921,2014
Denmark,DNK,Assets,2.208,2015
Denmark,DNK,Assets,2.208,2016
Denmark,DNK,Assets,26.814,2017
Denmark,DNK,Assets,2.208,2018
Denmark,DNK,Assets,2.208,2019
Denmark,DNK,Assets,2.208,2020
Denmark,DNK,Assets,51.735,2021
Denmark,DNK,Assets,2.208,2022
Denmark,DNK,Assets,2.208,2023
Denmark,DNK,Children 0-14,19.231,1960
Denmark,DNK,Children 0-14,19.231,1961
Denmark,DNK,Children 0-14,19.231,1962
Denmark,DNK,Children 0-14,19.231,1963
Denmark,DNK,Children 0-14,19.231,1964
Denmark,DNK,Children 0-14,19.231,1965
Denmark,DNK,Children 0-14,19.231,1966
Denmark,DNK,Children 0-14,19.231,1967
Denmark,DNK,Children 0-14,19.231,1968
Denmark,DNK,Children 0-14,19.231,1969
Denmark,DNK,Children 0-14,19.231,1970
Denmark,DNK,Children 0-14,30.000,1971
Denmark,DNK,Children 0-14,30.000,1972
Denmark,DNK,Children 0-14,30.000,1973
Denmark,DNK,Children 0-14,28.462,1974
Denmark,DNK,Children 0-14,26.923,1975
Denmark,DNK,Children 0-14,26.923,1976
Denmark,DNK,Children 0-14,26.923,1977
Denmark,DNK,Children 0-14,26.923,1978
Denmark,DNK,Children 0-14,26.923,1979
Denmark,DNK,Children 0-14,27.692,1980
Denmark,DNK,Children 0-14,38.462,1981
Denmark,DNK,Children 0-14,38.462,1982
Denmark,DNK,Children 0-14,38.462,1983
Denmark,DNK,Children 0-14,38.462,1984
Denmark,DNK,Children 0-14,38.462,1985
Denmark,DNK,Children 0-14,38.462,1986
Denmark,DNK,Children 0-14,39.231,1987
Denmark,DNK,Children 0-14,37.692,1988
Denmark,DNK,Children 0-14,37.692,1989
Denmark,DNK,Children 0-14,37.692,1990
Denmark,DNK,Children 0-14,40.000,1991
Denmark,DNK,Children 0-14,39.231,1992
Denmark,DNK,Children 0-14,37.692,1993
Denmark,DNK,Children 0-14,37.692,1994
Denmark,DNK,Children 0-14,34.615,1995
Denmark,DNK,Children 0-14,34.615,1996
Denmark,DNK,Children 0-14,20.769,1997
Denmark,DNK,Children 0-14,36.154,1998
Denmark,DNK,Children 0-14,36.154,1999
Denmark,DNK,Children 0-14,52.308,2000
Denmark,DNK,Children 0-14,34.615,2001
Denmark,DNK,Children 0-14,33.077,2002
Denmark,DNK,Children 0-14,27.692,2003
Denmark,DNK,Children 0-14,39.231,2004
Denmark,DNK,Children 0-14,41.538,2005
Denmark,DNK,Children 0-14,43.846,2006
Denmark,DNK,Children 0-14,41.538,2007
Denmark,DNK,Children 0-14,44.615,2008
Denmark,DNK,Children 0-14,49.231,2009
Denmark,DNK,Children 0-14,63.077,2010
Denmark,DNK,Children 0-14,54.615,2011
Denmark,DNK,Children 0-14,49.231,2012
Denmark,DNK,Children 0-14,48.462,2013
Denmark,DNK,Children 0-14,49.231,2014
Denmark,DNK,Children 0-14,60.000,2015
Denmark,DNK,Children 0-14,51.538,2016
Denmark,DNK,Children 0-14,48.462,2017
Denmark,DNK,Children 0-14,42.308,2018
Denmark,DNK,Children 0-14,55.385,2019
Denmark,DNK,Children 0-14,42.308,2020
Denmark,DNK,Children 0-14,39.231,2021
Denmark,DNK,Children 0-14,35.385,2022
Denmark,DNK,Children 0-14,9.231,2023
Denmark,DNK,Education,0.000,1960
Denmark,DNK,Education,0.000,1961
Denmark,DNK,Education,0.000,1962
Denmark,DNK,Education,0.000,1963
Denmark,DNK,Education,0.000,1964
Denmark,DNK,Education,0.000,1965
Denmark,DNK,Education,0.000,1966
Denmark,DNK,Education,0.000,1967
Denmark,DNK,Education,0.000,1968
Denmark,DNK,Education,0.000,1969
Denmark,DNK,Education,0.613,1970
Denmark,DNK,Education,14.110,1971
Denmark,DNK,Education,11.656,1972
Denmark,DNK,Education,11.656,1973
Denmark,DNK,Education,10.429,1974
Denmark,DNK,Education,7.362,1975
Denmark,DNK,Education,8.589,1976
Denmark,DNK,Education,9.202,1977
Denmark,DNK,Education,17.791,1978
Denmark,DNK,Education,17.791,1979
Denmark,DNK,Education,17.791,1980
Denmark,DNK,Education,27.607,1981
Denmark,DNK,Education,27.607,1982
Denmark,DNK,Education,29.448,1983
Denmark,DNK,Education,29.448,1984
Denmark,DNK,Education,30.061,1985
Denmark,DNK,Education,30.675,1986
Denmark,DNK,Education,30.675,1987
Denmark,DNK,Education,28.834,1988
Denmark,DNK,Education,28.834,1989
Denmark,DNK,Education,28.221,1990
Denmark,DNK,Education,34.356,1991
Denmark,DNK,Education,29.448,1992
Denmark,DNK,Education,30.675,1993
Denmark,DNK,Education,34.356,1994
Denmark,DNK,Education,31.902,1995
Denmark,DNK,Education,26.380,1996
Denmark,DNK,Education,1.840,1997
Denmark,DNK,Education,38.037,1998
Denmark,DNK,Education,42.331,1999
Denmark,DNK,Education,46.012,2000
Denmark,DNK,Education,46.012,2001
Denmark,DNK,Education,41.718,2002
Denmark,DNK,Education,36.196,2003
Denmark,DNK,Education,49.693,2004
Denmark,DNK,Education,47.853,2005
Denmark,DNK,Education,49.693,2006
Denmark,DNK,Education,51.534,2007
Denmark,DNK,Education,53.988,2008
Denmark,DNK,Education,59.509,2009
Denmark,DNK,Education,73.006,2010
Denmark,DNK,Education,68.712,2011
Denmark,DNK,Education,65.031,2012
Denmark,DNK,Education,64.417,2013
Denmark,DNK,Education,68.098,2014
Denmark,DNK,Education,61.350,2015
Denmark,DNK,Education,64.417,2016
Denmark,DNK,Education,70.552,2017
Denmark,DNK,Education,53.374,2018
Denmark,DNK,Education,40.491,2019
Denmark,DNK,Education,51.534,2020
Denmark,DNK,Education,38.650,2021
Denmark,DNK,Education,33.742,2022
Denmark,DNK,Education,1.840,2023
Denmark,DNK,Employment and Time Use,5.109,1960
Denmark,DNK,Employment and Time Use,0.000,1961
Denmark,DNK,Employment and Time Use,0.000,1962
Denmark,DNK,Employment and Time Use,0.000,1963
Denmark,DNK,Employment and Time Use,0.000,1964
Denmark,DNK,Employment and Time Use,5.109,1965
Denmark,DNK,Employment and Time Use,0.000,1966
Denmark,DNK,Employment and Time Use,0.000,1967
Denmark,DNK,Employment and Time Use,0.000,1968
Denmark,DNK,Employment and Time Use,0.000,1969
Denmark,DNK,Employment and Time Use,26.277,1970
Denmark,DNK,Employment and Time Use,21.168,1971
Denmark,DNK,Employment and Time Use,21.168,1972
Denmark,DNK,Employment and Time Use,23.358,1973
Denmark,DNK,Employment and Time Use,30.657,1974
Denmark,DNK,Employment and Time Use,23.358,1975
Denmark,DNK,Employment and Time Use,30.657,1976
Denmark,DNK,Employment and Time Use,30.657,1977
Denmark,DNK,Employment and Time Use,30.657,1978
Denmark,DNK,Employment and Time Use,30.657,1979
Denmark,DNK,Employment and Time Use,23.358,1980
Denmark,DNK,Employment and Time Use,30.657,1981
Denmark,DNK,Employment and Time Use,23.358,1982
Denmark,DNK,Employment and Time Use,40.146,1983
Denmark,DNK,Employment and Time Use,40.146,1984
Denmark,DNK,Employment and Time Use,40.146,1985
Denmark,DNK,Employment and Time Use,40.146,1986
Denmark,DNK,Employment and Time Use,40.146,1987
Denmark,DNK,Employment and Time Use,40.146,1988
Denmark,DNK,Employment and Time Use,40.146,1989
Denmark,DNK,Employment and Time Use,50.365,1990
Denmark,DNK,Employment and Time Use,75.182,1991
Denmark,DNK,Employment and Time Use,88.321,1992
Denmark,DNK,Employment and Time Use,88.321,1993
Denmark,DNK,Employment and Time Use,88.321,1994
Denmark,DNK,Employment and Time Use,88.321,1995
Denmark,DNK,Employment and Time Use,88.321,1996
Denmark,DNK,Employment and Time Use,88.321,1997
Denmark,DNK,Employment and Time Use,88.321,1998
Denmark,DNK,Employment and Time Use,88.321,1999
Denmark,DNK,Employment and Time Use,90.511,2000
Denmark,DNK,Employment and Time Use,91.971,2001
Denmark,DNK,Employment and Time Use,89.781,2002
Denmark,DNK,Employment and Time Use,90.511,2003
Denmark,DNK,Employment and Time Use,90.511,2004
Denmark,DNK,Employment and Time Use,90.511,2005
Denmark,DNK,Employment and Time Use,90.511,2006
Denmark,DNK,Employment and Time Use,90.511,2007
Denmark,DNK,Employment and Time Use,90.511,2008
Denmark,DNK,Employment and Time Use,91.971,2009
Denmark,DNK,Employment and Time Use,90.511,2010
Denmark,DNK,Employment and Time Use,90.511,2011
Denmark,DNK,Employment and Time Use,90.511,2012
Denmark,DNK,Employment and Time Use,90.511,2013
Denmark,DNK,Employment and Time Use,90.511,2014
Denmark,DNK,Employment and Time Use,90.511,2015
Denmark,DNK,Employment and Time Use,90.511,2016
Denmark,DNK,Employment and Time Use,90.511,2017
Denmark,DNK,Employment and Time Use,90.511,2018
Denmark,DNK,Employment and Time Use,90.511,2019
Denmark,DNK,Employment and Time Use,90.511,2020
Denmark,DNK,Employment and Time Use,90.511,2021
Denmark,DNK,Employment and Time Use,90.511,2022
Denmark,DNK,Employment and Time Use,91.241,2023
Denmark,DNK,Entrepreneurship,0.000,1960
Denmark,DNK,Entrepreneurship,0.000,1961
Denmark,DNK,Entrepreneurship,0.000,1962
Denmark,DNK,Entrepreneurship,0.000,1963
Denmark,DNK,Entrepreneurship,0.000,1964
Denmark,DNK,Entrepreneurship,0.000,1965
Denmark,DNK,Entrepreneurship,0.000,1966
Denmark,DNK,Entrepreneurship,0.000,1967
Denmark,DNK,Entrepreneurship,0.000,1968
Denmark,DNK,Entrepreneurship,0.000,1969
Denmark,DNK,Entrepreneurship,9.375,1970
Denmark,DNK,Entrepreneurship,9.375,1971
Denmark,DNK,Entrepreneurship,9.375,1972
Denmark,DNK,Entrepreneurship,9.375,1973
Denmark,DNK,Entrepreneurship,9.375,1974
Denmark,DNK,Entrepreneurship,9.375,1975
Denmark,DNK,Entrepreneurship,9.375,1976
Denmark,DNK,Entrepreneurship,9.375,1977
Denmark,DNK,Entrepreneurship,9.375,1978
Denmark,DNK,Entrepreneurship,9.375,1979
Denmark,DNK,Entrepreneurship,9.375,1980
Denmark,DNK,Entrepreneurship,9.375,1981
Denmark,DNK,Entrepreneurship,9.375,1982
Denmark,DNK,Entrepreneurship,9.375,1983
Denmark,DNK,Entrepreneurship,9.375,1984
Denmark,DNK,Entrepreneurship,9.375,1985
Denmark,DNK,Entrepreneurship,9.375,1986
Denmark,DNK,Entrepreneurship,9.375,1987
Denmark,DNK,Entrepreneurship,9.375,1988
Denmark,DNK,Entrepreneurship,9.375,1989
Denmark,DNK,Entrepreneurship,9.375,1990
Denmark,DNK,Entrepreneurship,9.375,1991
Denmark,DNK,Entrepreneurship,9.375,1992
Denmark,DNK,Entrepreneurship,9.375,1993
Denmark,DNK,Entrepreneurship,9.375,1994
Denmark,DNK,Entrepreneurship,9.375,1995
Denmark,DNK,Entrepreneurship,9.375,1996
Denmark,DNK,Entrepreneurship,9.375,1997
Denmark,DNK,Entrepreneurship,9.375,1998
Denmark,DNK,Entrepreneurship,9.375,1999
Denmark,DNK,Entrepreneurship,9.375,2000
Denmark,DNK,Entrepreneurship,9.375,2001
Denmark,DNK,Entrepreneurship,9.375,2002
Denmark,DNK,Entrepreneurship,37.500,2003
Denmark,DNK,Entrepreneurship,37.500,2004
Denmark,DNK,Entrepreneurship,37.500,2005
Denmark,DNK,Entrepreneurship,37.500,2006
Denmark,DNK,Entrepreneurship,37.500,2007
Denmark,DNK,Entrepreneurship,37.500,2008
Denmark,DNK,Entrepreneurship,37.500,2009
Denmark,DNK,Entrepreneurship,37.500,2010
Denmark,DNK,Entrepreneurship,37.500,2011
Denmark,DNK,Entrepreneurship,37.500,2012
Denmark,DNK,Entrepreneurship,37.500,2013
Denmark,DNK,Entrepreneurship,93.750,2014
Denmark,DNK,Entrepreneurship,75.000,2015
Denmark,DNK,Entrepreneurship,75.000,2016
Denmark,DNK,Entrepreneurship,93.750,2017
Denmark,DNK,Entrepreneurship,75.000,2018
Denmark,DNK,Entrepreneurship,75.000,2019
Denmark,DNK,Entrepreneurship,53.125,2020
Denmark,DNK,Entrepreneurship,46.875,2021
Denmark,DNK,Entrepreneurship,46.875,2022
Denmark,DNK,Entrepreneurship,9.375,2023
Denmark,DNK,Environment,0.000,1960
Denmark,DNK,Environment,0.000,1961
Denmark,DNK,Environment,0.000,1962
Denmark,DNK,Environment,0.000,1963
Denmark,DNK,Environment,0.000,1964
Denmark,DNK,Environment,0.000,1965
Denmark,DNK,Environment,0.000,1966
Denmark,DNK,Environment,0.000,1967
Denmark,DNK,Environment,0.000,1968
Denmark,DNK,Environment,0.000,1969
Denmark,DNK,Environment,0.000,1970
Denmark,DNK,Environment,0.000,1971
Denmark,DNK,Environment,0.000,1972
Denmark,DNK,Environment,0.000,1973
Denmark,DNK,Environment,0.000,1974
Denmark,DNK,Environment,0.000,1975
Denmark,DNK,Environment,0.000,1976
Denmark,DNK,Environment,0.000,1977
Denmark,DNK,Environment,0.000,1978
Denmark,DNK,Environment,0.000,1979
Denmark,DNK,Environment,0.000,1980
Denmark,DNK,Environment,0.000,1981
Denmark,DNK,Environment,0.000,1982
Denmark,DNK,Environment,0.000,1983
Denmark,DNK,Environment,0.000,1984
Denmark,DNK,Environment,0.000,1985
Denmark,DNK,Environment,0.000,1986
Denmark,DNK,Environment,0.000,1987
Denmark,DNK,Environment,0.000,1988
Denmark,DNK,Environment,0.000,1989
Denmark,DNK,Environment,0.000,1990
Denmark,DNK,Environment,0.000,1991
Denmark,DNK,Environment,0.000,1992
Denmark,DNK,Environment,0.000,1993
Denmark,DNK,Environment,0.000,1994
Denmark,DNK,Environment,0.000,1995
Denmark,DNK,Environment,0.000,1996
Denmark,DNK,Environment,0.000,1997
Denmark,DNK,Environment,0.000,1998
Denmark,DNK,Environment,3.333,1999
Denmark,DNK,Environment,13.333,2000
Denmark,DNK,Environment,13.333,2001
Denmark,DNK,Environment,13.333,2002
Denmark,DNK,Environment,13.333,2003
Denmark,DNK,Environment,13.333,2004
Denmark,DNK,Environment,13.333,2005
Denmark,DNK,Environment,13.333,2006
Denmark,DNK,Environment,13.333,2007
Denmark,DNK,Environment,13.333,2008
Denmark,DNK,Environment,13.333,2009
Denmark,DNK,Environment,13.333,2010
Denmark,DNK,Environment,13.333,2011
Denmark,DNK,Environment,13.333,2012
Denmark,DNK,Environment,13.333,2013
Denmark,DNK,Environment,13.333,2014
Denmark,DNK,Environment,13.333,2015
Denmark,DNK,Environment,13.333,2016
Denmark,DNK,Environment,13.333,2017
Denmark,DNK,Environment,10.000,2018
Denmark,DNK,Environment,30.000,2019
Denmark,DNK,Environment,10.000,2020
Denmark,DNK,Environment,10.000,2021
Denmark,DNK,Environment,10.000,2022
Denmark,DNK,Environment,0.000,2023
Denmark,DNK,Health,8.586,1960
Denmark,DNK,Health,8.586,1961
Denmark,DNK,Health,8.586,1962
Denmark,DNK,Health,8.586,1963
Denmark,DNK,Health,8.586,1964
Denmark,DNK,Health,8.586,1965
Denmark,DNK,Health,8.586,1966
Denmark,DNK,Health,8.586,1967
Denmark,DNK,Health,8.586,1968
Denmark,DNK,Health,8.586,1969
Denmark,DNK,Health,9.596,1970
Denmark,DNK,Health,8.586,1971
Denmark,DNK,Health,8.586,1972
Denmark,DNK,Health,8.586,1973
Denmark,DNK,Health,8.586,1974
Denmark,DNK,Health,12.121,1975
Denmark,DNK,Health,11.111,1976
Denmark,DNK,Health,11.111,1977
Denmark,DNK,Health,11.111,1978
Denmark,DNK,Health,11.111,1979
Denmark,DNK,Health,11.616,1980
Denmark,DNK,Health,11.616,1981
Denmark,DNK,Health,11.616,1982
Denmark,DNK,Health,11.616,1983
Denmark,DNK,Health,11.616,1984
Denmark,DNK,Health,11.616,1985
Denmark,DNK,Health,11.616,1986
Denmark,DNK,Health,12.626,1987
Denmark,DNK,Health,12.121,1988
Denmark,DNK,Health,12.121,1989
Denmark,DNK,Health,16.667,1990
Denmark,DNK,Health,16.667,1991
Denmark,DNK,Health,17.172,1992
Denmark,DNK,Health,16.667,1993
Denmark,DNK,Health,16.667,1994
Denmark,DNK,Health,17.172,1995
Denmark,DNK,Health,17.172,1996
Denmark,DNK,Health,17.677,1997
Denmark,DNK,Health,17.677,1998
Denmark,DNK,Health,17.677,1999
Denmark,DNK,Health,56.566,2000
Denmark,DNK,Health,32.323,2001
Denmark,DNK,Health,31.818,2002
Denmark,DNK,Health,31.818,2003
Denmark,DNK,Health,31.818,2004
Denmark,DNK,Health,33.333,2005
Denmark,DNK,Health,31.818,2006
Denmark,DNK,Health,32.323,2007
Denmark,DNK,Health,31.818,2008
Denmark,DNK,Health,32.323,2009
Denmark,DNK,Health,59.596,2010
Denmark,DNK,Health,32.323,2011
Denmark,DNK,Health,32.828,2012
Denmark,DNK,Health,32.323,2013
Denmark,DNK,Health,33.838,2014
Denmark,DNK,Health,56.566,2015
Denmark,DNK,Health,31.818,2016
Denmark,DNK,Health,33.838,2017
Denmark,DNK,Health,33.838,2018
Denmark,DNK,Health,55.556,2019
Denmark,DNK,Health,25.758,2020
Denmark,DNK,Health,19.192,2021
Denmark,DNK,Health,13.636,2022
Denmark,DNK,Health,1.010,2023
Denmark,DNK,Leadership,0.000,1960
Denmark,DNK,Leadership,0.000,1961
Denmark,DNK,Leadership,0.000,1962
Denmark,DNK,Leadership,0.000,1963
Denmark,DNK,Leadership,0.000,1964
Denmark,DNK,Leadership,0.000,1965
Denmark,DNK,Leadership,0.000,1966
Denmark,DNK,Leadership,0.000,1967
Denmark,DNK,Leadership,0.000,1968
Denmark,DNK,Leadership,0.000,1969
Denmark,DNK,Leadership,0.000,1970
Denmark,DNK,Leadership,0.000,1971
Denmark,DNK,Leadership,0.000,1972
Denmark,DNK,Leadership,0.000,1973
Denmark,DNK,Leadership,0.000,1974
Denmark,DNK,Leadership,0.000,1975
Denmark,DNK,Leadership,0.000,1976
Denmark,DNK,Leadership,0.000,1977
Denmark,DNK,Leadership,0.000,1978
Denmark,DNK,Leadership,0.000,1979
Denmark,DNK,Leadership,0.000,1980
Denmark,DNK,Leadership,0.000,1981
Denmark,DNK,Leadership,0.000,1982
Denmark,DNK,Leadership,0.000,1983
Denmark,DNK,Leadership,0.000,1984
Denmark,DNK,Leadership,0.000,1985
Denmark,DNK,Leadership,0.000,1986
Denmark,DNK,Leadership,0.000,1987
Denmark,DNK,Leadership,0.000,1988
Denmark,DNK,Leadership,0.000,1989
Denmark,DNK,Leadership,0.000,1990
Denmark,DNK,Leadership,0.000,1991
Denmark,DNK,Leadership,0.000,1992
Denmark,DNK,Leadership,0.000,1993
Denmark,DNK,Leadership,0.000,1994
Denmark,DNK,Leadership,0.000,1995
Denmark,DNK,Leadership,0.000,1996
Denmark,DNK,Leadership,25.000,1997
Denmark,DNK,Leadership,25.000,1998
Denmark,DNK,Leadership,25.000,1999
Denmark,DNK,Leadership,50.000,2000
Denmark,DNK,Leadership,25.000,2001
Denmark,DNK,Leadership,50.000,2002
Denmark,DNK,Leadership,50.000,2003
Denmark,DNK,Leadership,50.000,2004
Denmark,DNK,Leadership,75.000,2005
Denmark,DNK,Leadership,50.000,2006
Denmark,DNK,Leadership,50.000,2007
Denmark,DNK,Leadership,75.000,2008
Denmark,DNK,Leadership,50.000,2009
Denmark,DNK,Leadership,75.000,2010
Denmark,DNK,Leadership,50.000,2011
Denmark,DNK,Leadership,75.000,2012
Denmark,DNK,Leadership,50.000,2013
Denmark,DNK,Leadership,75.000,2014
Denmark,DNK,Leadership,75.000,2015
Denmark,DNK,Leadership,75.000,2016
Denmark,DNK,Leadership,50.000,2017
Denmark,DNK,Leadership,75.000,2018
Denmark,DNK,Leadership,75.000,2019
Denmark,DNK,Leadership,100.000,2020
Denmark,DNK,Leadership,50.000,2021
Denmark,DNK,Leadership,75.000,2022
Denmark,DNK,Leadership,25.000,2023
Denmark,DNK,Norms and Decision-making,0.000,1960
Denmark,DNK,Norms and Decision-making,0.000,1961
Denmark,DNK,Norms and Decision-making,0.000,1962
Denmark,DNK,Norms and Decision-making,0.000,1963
Denmark,DNK,Norms and Decision-making,0.000,1964
Denmark,DNK,Norms and Decision-making,0.000,1965
Denmark,DNK,Norms and Decision-making,0.000,1966
Denmark,DNK,Norms and Decision-making,0.000,1967
Denmark,DNK,Norms and Decision-making,0.000,1968
Denmark,DNK,Norms and Decision-making,0.000,1969
Denmark,DNK,Norms and Decision-making,14.074,1970
Denmark,DNK,Norms and Decision-making,14.074,1971
Denmark,DNK,Norms and Decision-making,14.074,1972
Denmark,DNK,Norms and Decision-making,14.074,1973
Denmark,DNK,Norms and Decision-making,14.074,1974
Denmark,DNK,Norms and Decision-making,14.074,1975
Denmark,DNK,Norms and Decision-making,14.074,1976
Denmark,DNK,Norms and Decision-making,14.074,1977
Denmark,DNK,Norms and Decision-making,14.074,1978
Denmark,DNK,Norms and Decision-making,14.074,1979
Denmark,DNK,Norms and Decision-making,14.074,1980
Denmark,DNK,Norms and Decision-making,14.074,1981
Denmark,DNK,Norms and Decision-making,14.074,1982
Denmark,DNK,Norms and Decision-making,14.074,1983
Denmark,DNK,Norms and Decision-making,14.074,1984
Denmark,DNK,Norms and Decision-making,14.074,1985
Denmark,DNK,Norms and Decision-making,14.074,1986
Denmark,DNK,Norms and Decision-making,14.074,1987
Denmark,DNK,Norms and Decision-making,14.074,1988
Denmark,DNK,Norms and Decision-making,12.593,1989
Denmark,DNK,Norms and Decision-making,14.074,1990
Denmark,DNK,Norms and Decision-making,14.074,1991
Denmark,DNK,Norms and Decision-making,14.074,1992
Denmark,DNK,Norms and Decision-making,12.593,1993
Denmark,DNK,Norms and Decision-making,14.074,1994
Denmark,DNK,Norms and Decision-making,14.074,1995
Denmark,DNK,Norms and Decision-making,14.074,1996
Denmark,DNK,Norms and Decision-making,14.074,1997
Denmark,DNK,Norms and Decision-making,12.593,1998
Denmark,DNK,Norms and Decision-making,12.593,1999
Denmark,DNK,Norms and Decision-making,12.593,2000
Denmark,DNK,Norms and Decision-making,14.074,2001
Denmark,DNK,Norms and Decision-making,14.074,2002
Denmark,DNK,Norms and Decision-making,14.074,2003
Denmark,DNK,Norms and Decision-making,14.074,2004
Denmark,DNK,Norms and Decision-making,14.074,2005
Denmark,DNK,Norms and Decision-making,14.074,2006
Denmark,DNK,Norms and Decision-making,14.074,2007
Denmark,DNK,Norms and Decision-making,14.074,2008
Denmark,DNK,Norms and Decision-making,14.074,2009
Denmark,DNK,Norms and Decision-making,14.074,2010
Denmark,DNK,Norms and Decision-making,14.074,2011
Denmark,DNK,Norms and Decision-making,14.074,2012
Denmark,DNK,Norms and Decision-making,14.074,2013
Denmark,DNK,Norms and Decision-making,14.074,2014
Denmark,DNK,Norms and Decision-making,14.074,2015
Denmark,DNK,Norms and Decision-making,14.074,2016
Denmark,DNK,Norms and Decision-making,14.074,2017
Denmark,DNK,Norms and Decision-making,14.074,2018
Denmark,DNK,Norms and Decision-making,12.593,2019
Denmark,DNK,Norms and Decision-making,12.593,2020
Denmark,DNK,Norms and Decision-making,13.333,2021
Denmark,DNK,Norms and Decision-making,12.593,2022
Denmark,DNK,Norms and Decision-making,12.593,2023
Denmark,DNK,Population,86.905,1960
Denmark,DNK,Population,86.905,1961
Denmark,DNK,Population,86.905,1962
Denmark,DNK,Population,86.905,1963
Denmark,DNK,Population,86.905,1964
Denmark,DNK,Population,86.905,1965
Denmark,DNK,Population,86.905,1966
Denmark,DNK,Population,86.905,1967
Denmark,DNK,Population,86.905,1968
Denmark,DNK,Population,86.905,1969
Denmark,DNK,Population,89.286,1970
Denmark,DNK,Population,89.286,1971
Denmark,DNK,Population,89.286,1972
Denmark,DNK,Population,89.286,1973
Denmark,DNK,Population,89.286,1974
Denmark,DNK,Population,89.286,1975
Denmark,DNK,Population,89.286,1976
Denmark,DNK,Population,89.286,1977
Denmark,DNK,Population,89.286,1978
Denmark,DNK,Population,89.286,1979
Denmark,DNK,Population,94.048,1980
Denmark,DNK,Population,89.286,1981
Denmark,DNK,Population,89.286,1982
Denmark,DNK,Population,89.286,1983
Denmark,DNK,Population,89.286,1984
Denmark,DNK,Population,94.048,1985
Denmark,DNK,Population,89.286,1986
Denmark,DNK,Population,89.286,1987
Denmark,DNK,Population,89.286,1988
Denmark,DNK,Population,86.905,1989
Denmark,DNK,Population,95.238,1990
Denmark,DNK,Population,89.286,1991
Denmark,DNK,Population,89.286,1992
Denmark,DNK,Population,86.905,1993
Denmark,DNK,Population,89.286,1994
Denmark,DNK,Population,95.238,1995
Denmark,DNK,Population,89.286,1996
Denmark,DNK,Population,89.286,1997
Denmark,DNK,Population,86.905,1998
Denmark,DNK,Population,86.905,1999
Denmark,DNK,Population,92.857,2000
Denmark,DNK,Population,89.286,2001
Denmark,DNK,Population,89.286,2002
Denmark,DNK,Population,89.286,2003
Denmark,DNK,Population,89.286,2004
Denmark,DNK,Population,95.238,2005
Denmark,DNK,Population,89.286,2006
Denmark,DNK,Population,89.286,2007
Denmark,DNK,Population,89.286,2008
Denmark,DNK,Population,89.286,2009
Denmark,DNK,Population,95.238,2010
Denmark,DNK,Population,90.476,2011
Denmark,DNK,Population,89.286,2012
Denmark,DNK,Population,89.286,2013
Denmark,DNK,Population,90.476,2014
Denmark,DNK,Population,95.238,2015
Denmark,DNK,Population,89.286,2016
Denmark,DNK,Population,90.476,2017
Denmark,DNK,Population,89.286,2018
Denmark,DNK,Population,90.476,2019
Denmark,DNK,Population,88.095,2020
Denmark,DNK,Population,86.905,2021
Denmark,DNK,Population,86.905,2022
Denmark,DNK,Population,77.381,2023
Denmark,DNK,SDGs,2.685,1960
Denmark,DNK,SDGs,2.685,1961
Denmark,DNK,SDGs,2.685,1962
Denmark,DNK,SDGs,2.685,1963
Denmark,DNK,SDGs,2.685,1964
Denmark,DNK,SDGs,2.685,1965
Denmark,DNK,SDGs,2.685,1966
Denmark,DNK,SDGs,2.685,1967
Denmark,DNK,SDGs,2.685,1968
Denmark,DNK,SDGs,2.685,1969
Denmark,DNK,SDGs,11.409,1970
Denmark,DNK,SDGs,11.409,1971
Denmark,DNK,SDGs,11.409,1972
Denmark,DNK,SDGs,13.423,1973
Denmark,DNK,SDGs,13.423,1974
Denmark,DNK,SDGs,13.423,1975
Denmark,DNK,SDGs,13.423,1976
Denmark,DNK,SDGs,13.423,1977
Denmark,DNK,SDGs,13.423,1978
Denmark,DNK,SDGs,13.423,1979
Denmark,DNK,SDGs,14.094,1980
Denmark,DNK,SDGs,14.094,1981
Denmark,DNK,SDGs,14.094,1982
Denmark,DNK,SDGs,16.107,1983
Denmark,DNK,SDGs,16.107,1984
Denmark,DNK,SDGs,16.107,1985
Denmark,DNK,SDGs,16.107,1986
Denmark,DNK,SDGs,16.779,1987
Denmark,DNK,SDGs,16.107,1988
Denmark,DNK,SDGs,16.107,1989
Denmark,DNK,SDGs,20.134,1990
Denmark,DNK,SDGs,24.161,1991
Denmark,DNK,SDGs,24.161,1992
Denmark,DNK,SDGs,24.161,1993
Denmark,DNK,SDGs,24.161,1994
Denmark,DNK,SDGs,24.832,1995
Denmark,DNK,SDGs,24.832,1996
Denmark,DNK,SDGs,26.174,1997
Denmark,DNK,SDGs,26.174,1998
Denmark,DNK,SDGs,26.174,1999
Denmark,DNK,SDGs,71.141,2000
Denmark,DNK,SDGs,39.597,2001
Denmark,DNK,SDGs,38.255,2002
Denmark,DNK,SDGs,38.255,2003
Denmark,DNK,SDGs,38.255,2004
Denmark,DNK,SDGs,40.268,2005
Denmark,DNK,SDGs,40.268,2006
Denmark,DNK,SDGs,38.926,2007
Denmark,DNK,SDGs,38.255,2008
Denmark,DNK,SDGs,40.268,2009
Denmark,DNK,SDGs,70.470,2010
Denmark,DNK,SDGs,42.953,2011
Denmark,DNK,SDGs,39.597,2012
Denmark,DNK,SDGs,38.926,2013
Denmark,DNK,SDGs,40.940,2014
Denmark,DNK,SDGs,70.470,2015
Denmark,DNK,SDGs,40.268,2016
Denmark,DNK,SDGs,40.268,2017
Denmark,DNK,SDGs,41.611,2018
Denmark,DNK,SDGs,73.154,2019
Denmark,DNK,SDGs,31.544,2020
Denmark,DNK,SDGs,29.530,2021
Denmark,DNK,SDGs,22.819,2022
Denmark,DNK,SDGs,18.121,2023
Denmark,DNK,Technology,0.000,1960
Denmark,DNK,Technology,0.000,1961
Denmark,DNK,Technology,0.000,1962
Denmark,DNK,Technology,0.000,1963
Denmark,DNK,Technology,0.000,1964
Denmark,DNK,Technology,0.000,1965
Denmark,DNK,Technology,0.000,1966
Denmark,DNK,Technology,0.000,1967
Denmark,DNK,Technology,0.000,1968
Denmark,DNK,Technology,0.000,1969
Denmark,DNK,Technology,0.000,1970
Denmark,DNK,Technology,0.000,1971
Denmark,DNK,Technology,0.000,1972
Denmark,DNK,Technology,0.000,1973
Denmark,DNK,Technology,0.000,1974
Denmark,DNK,Technology,0.000,1975
Denmark,DNK,Technology,0.000,1976
Denmark,DNK,Technology,0.000,1977
Denmark,DNK,Technology,0.000,1978
Denmark,DNK,Technology,0.000,1979
Denmark,DNK,Technology,0.000,1980
Denmark,DNK,Technology,0.000,1981
Denmark,DNK,Technology,0.000,1982
Denmark,DNK,Technology,0.000,1983
Denmark,DNK,Technology,0.000,1984
Denmark,DNK,Technology,0.000,1985
Denmark,DNK,Technology,0.000,1986
Denmark,DNK,Technology,0.000,1987
Denmark,DNK,Technology,0.000,1988
Denmark,DNK,Technology,0.000,1989
Denmark,DNK,Technology,2.222,1990
Denmark,DNK,Technology,2.222,1991
Denmark,DNK,Technology,2.222,1992
Denmark,DNK,Technology,2.222,1993
Denmark,DNK,Technology,2.222,1994
Denmark,DNK,Technology,2.222,1995
Denmark,DNK,Technology,2.222,1996
Denmark,DNK,Technology,2.222,1997
Denmark,DNK,Technology,2.222,1998
Denmark,DNK,Technology,8.889,1999
Denmark,DNK,Technology,8.889,2000
Denmark,DNK,Technology,8.889,2001
Denmark,DNK,Technology,13.333,2002
Denmark,DNK,Technology,13.333,2003
Denmark,DNK,Technology,13.333,2004
Denmark,DNK,Technology,13.333,2005
Denmark,DNK,Technology,13.333,2006
Denmark,DNK,Technology,13.333,2007
Denmark,DNK,Technology,13.333,2008
Denmark,DNK,Technology,13.333,2009
Denmark,DNK,Technology,13.333,2010
Denmark,DNK,Technology,20.000,2011
Denmark,DNK,Technology,13.333,2012
Denmark,DNK,Technology,13.333,2013
Denmark,DNK,Technology,40.000,2014
Denmark,DNK,Technology,13.333,2015
Denmark,DNK,Technology,13.333,2016
Denmark,DNK,Technology,60.000,2017
Denmark,DNK,Technology,6.667,2018
Denmark,DNK,Technology,6.667,2019
Denmark,DNK,Technology,6.667,2020
Denmark,DNK,Technology,73.333,2021
Denmark,DNK,Technology,6.667,2022
Denmark,DNK,Technology,6.667,2023
Denmark,DNK,Violence,0.000,1960
Denmark,DNK,Violence,0.000,1961
Denmark,DNK,Violence,0.000,1962
Denmark,DNK,Violence,0.000,1963
Denmark,DNK,Violence,0.000,1964
Denmark,DNK,Violence,0.000,1965
Denmark,DNK,Violence,0.000,1966
Denmark,DNK,Violence,0.000,1967
Denmark,DNK,Violence,0.000,1968
Denmark,DNK,Violence,0.000,1969
Denmark,DNK,Violence,2.143,1970
Denmark,DNK,Violence,2.143,1971
Denmark,DNK,Violence,2.143,1972
Denmark,DNK,Violence,2.143,1973
Denmark,DNK,Violence,2.143,1974
Denmark,DNK,Violence,2.143,1975
Denmark,DNK,Violence,2.143,1976
Denmark,DNK,Violence,2.143,1977
Denmark,DNK,Violence,2.143,1978
Denmark,DNK,Violence,2.143,1979
Denmark,DNK,Violence,2.143,1980
Denmark,DNK,Violence,2.143,1981
Denmark,DNK,Violence,2.143,1982
Denmark,DNK,Violence,2.143,1983
Denmark,DNK,Violence,2.143,1984
Denmark,DNK,Violence,2.143,1985
Denmark,DNK,Violence,2.143,1986
Denmark,DNK,Violence,2.143,1987
Denmark,DNK,Violence,2.143,1988
Denmark,DNK,Violence,2.143,1989
Denmark,DNK,Violence,4.286,1990
Denmark,DNK,Violence,4.286,1991
Denmark,DNK,Violence,4.286,1992
Denmark,DNK,Violence,4.286,1993
Denmark,DNK,Violence,4.286,1994
Denmark,DNK,Violence,4.286,1995
Denmark,DNK,Violence,4.286,1996
Denmark,DNK,Violence,4.286,1997
Denmark,DNK,Violence,4.286,1998
Denmark,DNK,Violence,4.286,1999
Denmark,DNK,Violence,6.429,2000
Denmark,DNK,Violence,6.429,2001
Denmark,DNK,Violence,6.429,2002
Denmark,DNK,Violence,5.714,2003
Denmark,DNK,Violence,5.714,2004
Denmark,DNK,Violence,5.714,2005
Denmark,DNK,Violence,5.714,2006
Denmark,DNK,Violence,5.714,2007
Denmark,DNK,Violence,5.714,2008
Denmark,DNK,Violence,5.714,2009
Denmark,DNK,Violence,6.429,2010
Denmark,DNK,Violence,6.429,2011
Denmark,DNK,Violence,7.143,2012
Denmark,DNK,Violence,6.429,2013
Denmark,DNK,Violence,6.429,2014
Denmark,DNK,Violence,6.429,2015
Denmark,DNK,Violence,6.429,2016
Denmark,DNK,Violence,6.429,2017
Denmark,DNK,Violence,9.286,2018
Denmark,DNK,Violence,6.429,2019
Denmark,DNK,Violence,4.286,2020
Denmark,DNK,Violence,5.000,2021
Denmark,DNK,Violence,2.143,2022
Denmark,DNK,Violence,2.143,2023
Denmark,DNK,Youth 15-24,7.339,1960
Denmark,DNK,Youth 15-24,4.587,1961
Denmark,DNK,Youth 15-24,4.587,1962
Denmark,DNK,Youth 15-24,4.587,1963
Denmark,DNK,Youth 15-24,4.587,1964
Denmark,DNK,Youth 15-24,7.339,1965
Denmark,DNK,Youth 15-24,4.587,1966
Denmark,DNK,Youth 15-24,4.587,1967
Denmark,DNK,Youth 15-24,4.587,1968
Denmark,DNK,Youth 15-24,4.587,1969
Denmark,DNK,Youth 15-24,7.339,1970
Denmark,DNK,Youth 15-24,11.009,1971
Denmark,DNK,Youth 15-24,8.257,1972
Denmark,DNK,Youth 15-24,8.257,1973
Denmark,DNK,Youth 15-24,11.009,1974
Denmark,DNK,Youth 15-24,5.505,1975
Denmark,DNK,Youth 15-24,11.009,1976
Denmark,DNK,Youth 15-24,11.009,1977
Denmark,DNK,Youth 15-24,21.101,1978
Denmark,DNK,Youth 15-24,21.101,1979
Denmark,DNK,Youth 15-24,18.349,1980
Denmark,DNK,Youth 15-24,23.853,1981
Denmark,DNK,Youth 15-24,21.101,1982
Denmark,DNK,Youth 15-24,33.028,1983
Denmark,DNK,Youth 15-24,33.028,1984
Denmark,DNK,Youth 15-24,33.028,1985
Denmark,DNK,Youth 15-24,33.028,1986
Denmark,DNK,Youth 15-24,33.028,1987
Denmark,DNK,Youth 15-24,33.028,1988
Denmark,DNK,Youth 15-24,33.028,1989
Denmark,DNK,Youth 15-24,40.367,1990
Denmark,DNK,Youth 15-24,52.294,1991
Denmark,DNK,Youth 15-24,46.789,1992
Denmark,DNK,Youth 15-24,46.789,1993
Denmark,DNK,Youth 15-24,52.294,1994
Denmark,DNK,Youth 15-24,52.294,1995
Denmark,DNK,Youth 15-24,46.789,1996
Denmark,DNK,Youth 15-24,30.275,1997
Denmark,DNK,Youth 15-24,58.716,1998
Denmark,DNK,Youth 15-24,65.138,1999
Denmark,DNK,Youth 15-24,67.890,2000
Denmark,DNK,Youth 15-24,72.477,2001
Denmark,DNK,Youth 15-24,69.725,2002
Denmark,DNK,Youth 15-24,71.560,2003
Denmark,DNK,Youth 15-24,74.312,2004
Denmark,DNK,Youth 15-24,68.807,2005
Denmark,DNK,Youth 15-24,68.807,2006
Denmark,DNK,Youth 15-24,74.312,2007
Denmark,DNK,Youth 15-24,74.312,2008
Denmark,DNK,Youth 15-24,77.064,2009
Denmark,DNK,Youth 15-24,77.064,2010
Denmark,DNK,Youth 15-24,79.817,2011
Denmark,DNK,Youth 15-24,79.817,2012
Denmark,DNK,Youth 15-24,79.817,2013
Denmark,DNK,Youth 15-24,79.817,2014
Denmark,DNK,Youth 15-24,77.982,2015
Denmark,DNK,Youth 15-24,77.982,2016
Denmark,DNK,Youth 15-24,77.982,2017
Denmark,DNK,Youth 15-24,55.963,2018
Denmark,DNK,Youth 15-24,53.211,2019
Denmark,DNK,Youth 15-24,53.211,2020
Denmark,DNK,Youth 15-24,52.294,2021
Denmark,DNK,Youth 15-24,45.872,2022
Denmark,DNK,Youth 15-24,24.771,2023
