Country Name,Country Code,Topic,% of available indicators,Year
Libya,LBY,Assets,0.000,1960
Libya,LBY,Assets,0.000,1961
Libya,LBY,Assets,0.000,1962
Libya,LBY,Assets,0.000,1963
Libya,LBY,Assets,0.000,1964
Libya,LBY,Assets,0.000,1965
Libya,LBY,Assets,0.000,1966
Libya,LBY,Assets,0.000,1967
Libya,LBY,Assets,0.000,1968
Libya,LBY,Assets,0.000,1969
Libya,LBY,Assets,2.208,1970
Libya,LBY,Assets,2.208,1971
Libya,LBY,Assets,2.208,1972
Libya,LBY,Assets,2.208,1973
Libya,LBY,Assets,2.208,1974
Libya,LBY,Assets,2.208,1975
Libya,LBY,Assets,2.208,1976
Libya,LBY,Assets,2.208,1977
Libya,LBY,Assets,2.208,1978
Libya,LBY,Assets,2.208,1979
Libya,LBY,Assets,2.208,1980
Libya,LBY,Assets,2.208,1981
Libya,LBY,Assets,2.208,1982
Libya,LBY,Assets,2.208,1983
Libya,LBY,Assets,2.208,1984
Libya,LBY,Assets,2.208,1985
Libya,LBY,Assets,2.208,1986
Libya,LBY,Assets,2.208,1987
Libya,LBY,Assets,2.208,1988
Libya,LBY,Assets,2.208,1989
Libya,LBY,Assets,2.208,1990
Libya,LBY,Assets,2.208,1991
Libya,LBY,Assets,2.208,1992
Libya,LBY,Assets,2.208,1993
Libya,LBY,Assets,2.208,1994
Libya,LBY,Assets,2.208,1995
Libya,LBY,Assets,2.208,1996
Libya,LBY,Assets,2.208,1997
Libya,LBY,Assets,2.208,1998
Libya,LBY,Assets,2.208,1999
Libya,LBY,Assets,2.208,2000
Libya,LBY,Assets,2.208,2001
Libya,LBY,Assets,2.208,2002
Libya,LBY,Assets,2.208,2003
Libya,LBY,Assets,2.208,2004
Libya,LBY,Assets,2.208,2005
Libya,LBY,Assets,2.208,2006
Libya,LBY,Assets,2.208,2007
Libya,LBY,Assets,2.208,2008
Libya,LBY,Assets,2.208,2009
Libya,LBY,Assets,2.208,2010
Libya,LBY,Assets,2.208,2011
Libya,LBY,Assets,2.208,2012
Libya,LBY,Assets,2.208,2013
Libya,LBY,Assets,2.208,2014
Libya,LBY,Assets,2.208,2015
Libya,LBY,Assets,2.208,2016
Libya,LBY,Assets,26.814,2017
Libya,LBY,Assets,2.208,2018
Libya,LBY,Assets,2.208,2019
Libya,LBY,Assets,2.208,2020
Libya,LBY,Assets,2.208,2021
Libya,LBY,Assets,2.208,2022
Libya,LBY,Assets,2.208,2023
Libya,LBY,Children 0-14,17.692,1960
Libya,LBY,Children 0-14,17.692,1961
Libya,LBY,Children 0-14,17.692,1962
Libya,LBY,Children 0-14,19.231,1963
Libya,LBY,Children 0-14,19.231,1964
Libya,LBY,Children 0-14,19.231,1965
Libya,LBY,Children 0-14,19.231,1966
Libya,LBY,Children 0-14,19.231,1967
Libya,LBY,Children 0-14,19.231,1968
Libya,LBY,Children 0-14,19.231,1969
Libya,LBY,Children 0-14,19.231,1970
Libya,LBY,Children 0-14,37.692,1971
Libya,LBY,Children 0-14,37.692,1972
Libya,LBY,Children 0-14,34.615,1973
Libya,LBY,Children 0-14,33.077,1974
Libya,LBY,Children 0-14,33.077,1975
Libya,LBY,Children 0-14,34.615,1976
Libya,LBY,Children 0-14,34.615,1977
Libya,LBY,Children 0-14,34.615,1978
Libya,LBY,Children 0-14,27.692,1979
Libya,LBY,Children 0-14,33.077,1980
Libya,LBY,Children 0-14,34.615,1981
Libya,LBY,Children 0-14,20.769,1982
Libya,LBY,Children 0-14,31.538,1983
Libya,LBY,Children 0-14,27.692,1984
Libya,LBY,Children 0-14,23.077,1985
Libya,LBY,Children 0-14,26.923,1986
Libya,LBY,Children 0-14,20.769,1987
Libya,LBY,Children 0-14,20.769,1988
Libya,LBY,Children 0-14,20.769,1989
Libya,LBY,Children 0-14,20.769,1990
Libya,LBY,Children 0-14,20.769,1991
Libya,LBY,Children 0-14,20.769,1992
Libya,LBY,Children 0-14,20.769,1993
Libya,LBY,Children 0-14,20.769,1994
Libya,LBY,Children 0-14,32.308,1995
Libya,LBY,Children 0-14,20.769,1996
Libya,LBY,Children 0-14,20.769,1997
Libya,LBY,Children 0-14,20.769,1998
Libya,LBY,Children 0-14,26.923,1999
Libya,LBY,Children 0-14,34.615,2000
Libya,LBY,Children 0-14,30.000,2001
Libya,LBY,Children 0-14,30.000,2002
Libya,LBY,Children 0-14,27.692,2003
Libya,LBY,Children 0-14,24.615,2004
Libya,LBY,Children 0-14,24.615,2005
Libya,LBY,Children 0-14,26.923,2006
Libya,LBY,Children 0-14,32.308,2007
Libya,LBY,Children 0-14,20.769,2008
Libya,LBY,Children 0-14,20.769,2009
Libya,LBY,Children 0-14,34.615,2010
Libya,LBY,Children 0-14,20.769,2011
Libya,LBY,Children 0-14,20.769,2012
Libya,LBY,Children 0-14,20.769,2013
Libya,LBY,Children 0-14,32.308,2014
Libya,LBY,Children 0-14,34.615,2015
Libya,LBY,Children 0-14,20.769,2016
Libya,LBY,Children 0-14,20.769,2017
Libya,LBY,Children 0-14,20.769,2018
Libya,LBY,Children 0-14,34.615,2019
Libya,LBY,Children 0-14,20.769,2020
Libya,LBY,Children 0-14,20.769,2021
Libya,LBY,Children 0-14,20.769,2022
Libya,LBY,Children 0-14,9.231,2023
Libya,LBY,Education,0.000,1960
Libya,LBY,Education,0.000,1961
Libya,LBY,Education,0.000,1962
Libya,LBY,Education,0.000,1963
Libya,LBY,Education,0.000,1964
Libya,LBY,Education,0.000,1965
Libya,LBY,Education,0.000,1966
Libya,LBY,Education,0.000,1967
Libya,LBY,Education,0.000,1968
Libya,LBY,Education,0.000,1969
Libya,LBY,Education,0.000,1970
Libya,LBY,Education,30.061,1971
Libya,LBY,Education,29.448,1972
Libya,LBY,Education,27.607,1973
Libya,LBY,Education,25.767,1974
Libya,LBY,Education,24.540,1975
Libya,LBY,Education,27.607,1976
Libya,LBY,Education,28.834,1977
Libya,LBY,Education,28.221,1978
Libya,LBY,Education,22.699,1979
Libya,LBY,Education,25.767,1980
Libya,LBY,Education,25.153,1981
Libya,LBY,Education,2.454,1982
Libya,LBY,Education,22.699,1983
Libya,LBY,Education,15.951,1984
Libya,LBY,Education,2.454,1985
Libya,LBY,Education,11.656,1986
Libya,LBY,Education,0.000,1987
Libya,LBY,Education,0.000,1988
Libya,LBY,Education,0.000,1989
Libya,LBY,Education,0.613,1990
Libya,LBY,Education,0.613,1991
Libya,LBY,Education,3.067,1992
Libya,LBY,Education,0.613,1993
Libya,LBY,Education,7.362,1994
Libya,LBY,Education,0.000,1995
Libya,LBY,Education,0.000,1996
Libya,LBY,Education,0.000,1997
Libya,LBY,Education,0.000,1998
Libya,LBY,Education,8.589,1999
Libya,LBY,Education,3.067,2000
Libya,LBY,Education,10.429,2001
Libya,LBY,Education,21.472,2002
Libya,LBY,Education,19.018,2003
Libya,LBY,Education,5.521,2004
Libya,LBY,Education,6.748,2005
Libya,LBY,Education,8.589,2006
Libya,LBY,Education,0.000,2007
Libya,LBY,Education,0.000,2008
Libya,LBY,Education,0.000,2009
Libya,LBY,Education,0.000,2010
Libya,LBY,Education,0.000,2011
Libya,LBY,Education,0.000,2012
Libya,LBY,Education,0.000,2013
Libya,LBY,Education,0.000,2014
Libya,LBY,Education,0.000,2015
Libya,LBY,Education,0.000,2016
Libya,LBY,Education,0.000,2017
Libya,LBY,Education,0.000,2018
Libya,LBY,Education,0.000,2019
Libya,LBY,Education,0.000,2020
Libya,LBY,Education,0.000,2021
Libya,LBY,Education,0.000,2022
Libya,LBY,Education,0.000,2023
Libya,LBY,Employment and Time Use,0.000,1960
Libya,LBY,Employment and Time Use,0.000,1961
Libya,LBY,Employment and Time Use,0.000,1962
Libya,LBY,Employment and Time Use,0.000,1963
Libya,LBY,Employment and Time Use,5.109,1964
Libya,LBY,Employment and Time Use,0.000,1965
Libya,LBY,Employment and Time Use,0.000,1966
Libya,LBY,Employment and Time Use,0.000,1967
Libya,LBY,Employment and Time Use,0.000,1968
Libya,LBY,Employment and Time Use,0.000,1969
Libya,LBY,Employment and Time Use,21.168,1970
Libya,LBY,Employment and Time Use,21.168,1971
Libya,LBY,Employment and Time Use,21.168,1972
Libya,LBY,Employment and Time Use,26.277,1973
Libya,LBY,Employment and Time Use,21.168,1974
Libya,LBY,Employment and Time Use,21.168,1975
Libya,LBY,Employment and Time Use,21.168,1976
Libya,LBY,Employment and Time Use,21.168,1977
Libya,LBY,Employment and Time Use,21.168,1978
Libya,LBY,Employment and Time Use,21.168,1979
Libya,LBY,Employment and Time Use,21.168,1980
Libya,LBY,Employment and Time Use,21.168,1981
Libya,LBY,Employment and Time Use,21.168,1982
Libya,LBY,Employment and Time Use,21.168,1983
Libya,LBY,Employment and Time Use,21.168,1984
Libya,LBY,Employment and Time Use,21.168,1985
Libya,LBY,Employment and Time Use,21.168,1986
Libya,LBY,Employment and Time Use,21.168,1987
Libya,LBY,Employment and Time Use,21.168,1988
Libya,LBY,Employment and Time Use,21.168,1989
Libya,LBY,Employment and Time Use,31.387,1990
Libya,LBY,Employment and Time Use,56.204,1991
Libya,LBY,Employment and Time Use,56.204,1992
Libya,LBY,Employment and Time Use,56.204,1993
Libya,LBY,Employment and Time Use,56.204,1994
Libya,LBY,Employment and Time Use,56.204,1995
Libya,LBY,Employment and Time Use,56.204,1996
Libya,LBY,Employment and Time Use,56.204,1997
Libya,LBY,Employment and Time Use,56.204,1998
Libya,LBY,Employment and Time Use,56.204,1999
Libya,LBY,Employment and Time Use,56.204,2000
Libya,LBY,Employment and Time Use,56.204,2001
Libya,LBY,Employment and Time Use,56.204,2002
Libya,LBY,Employment and Time Use,56.204,2003
Libya,LBY,Employment and Time Use,56.204,2004
Libya,LBY,Employment and Time Use,56.204,2005
Libya,LBY,Employment and Time Use,56.204,2006
Libya,LBY,Employment and Time Use,56.204,2007
Libya,LBY,Employment and Time Use,56.204,2008
Libya,LBY,Employment and Time Use,56.204,2009
Libya,LBY,Employment and Time Use,56.204,2010
Libya,LBY,Employment and Time Use,56.204,2011
Libya,LBY,Employment and Time Use,70.803,2012
Libya,LBY,Employment and Time Use,56.204,2013
Libya,LBY,Employment and Time Use,56.204,2014
Libya,LBY,Employment and Time Use,56.204,2015
Libya,LBY,Employment and Time Use,56.204,2016
Libya,LBY,Employment and Time Use,56.204,2017
Libya,LBY,Employment and Time Use,56.204,2018
Libya,LBY,Employment and Time Use,56.204,2019
Libya,LBY,Employment and Time Use,56.204,2020
Libya,LBY,Employment and Time Use,56.204,2021
Libya,LBY,Employment and Time Use,56.204,2022
Libya,LBY,Employment and Time Use,59.124,2023
Libya,LBY,Entrepreneurship,0.000,1960
Libya,LBY,Entrepreneurship,0.000,1961
Libya,LBY,Entrepreneurship,0.000,1962
Libya,LBY,Entrepreneurship,0.000,1963
Libya,LBY,Entrepreneurship,0.000,1964
Libya,LBY,Entrepreneurship,0.000,1965
Libya,LBY,Entrepreneurship,0.000,1966
Libya,LBY,Entrepreneurship,0.000,1967
Libya,LBY,Entrepreneurship,0.000,1968
Libya,LBY,Entrepreneurship,0.000,1969
Libya,LBY,Entrepreneurship,9.375,1970
Libya,LBY,Entrepreneurship,9.375,1971
Libya,LBY,Entrepreneurship,9.375,1972
Libya,LBY,Entrepreneurship,9.375,1973
Libya,LBY,Entrepreneurship,9.375,1974
Libya,LBY,Entrepreneurship,9.375,1975
Libya,LBY,Entrepreneurship,9.375,1976
Libya,LBY,Entrepreneurship,9.375,1977
Libya,LBY,Entrepreneurship,9.375,1978
Libya,LBY,Entrepreneurship,9.375,1979
Libya,LBY,Entrepreneurship,9.375,1980
Libya,LBY,Entrepreneurship,9.375,1981
Libya,LBY,Entrepreneurship,9.375,1982
Libya,LBY,Entrepreneurship,9.375,1983
Libya,LBY,Entrepreneurship,9.375,1984
Libya,LBY,Entrepreneurship,9.375,1985
Libya,LBY,Entrepreneurship,9.375,1986
Libya,LBY,Entrepreneurship,9.375,1987
Libya,LBY,Entrepreneurship,9.375,1988
Libya,LBY,Entrepreneurship,9.375,1989
Libya,LBY,Entrepreneurship,9.375,1990
Libya,LBY,Entrepreneurship,9.375,1991
Libya,LBY,Entrepreneurship,9.375,1992
Libya,LBY,Entrepreneurship,9.375,1993
Libya,LBY,Entrepreneurship,9.375,1994
Libya,LBY,Entrepreneurship,9.375,1995
Libya,LBY,Entrepreneurship,9.375,1996
Libya,LBY,Entrepreneurship,9.375,1997
Libya,LBY,Entrepreneurship,9.375,1998
Libya,LBY,Entrepreneurship,9.375,1999
Libya,LBY,Entrepreneurship,9.375,2000
Libya,LBY,Entrepreneurship,9.375,2001
Libya,LBY,Entrepreneurship,9.375,2002
Libya,LBY,Entrepreneurship,9.375,2003
Libya,LBY,Entrepreneurship,9.375,2004
Libya,LBY,Entrepreneurship,9.375,2005
Libya,LBY,Entrepreneurship,9.375,2006
Libya,LBY,Entrepreneurship,9.375,2007
Libya,LBY,Entrepreneurship,9.375,2008
Libya,LBY,Entrepreneurship,9.375,2009
Libya,LBY,Entrepreneurship,9.375,2010
Libya,LBY,Entrepreneurship,9.375,2011
Libya,LBY,Entrepreneurship,37.500,2012
Libya,LBY,Entrepreneurship,37.500,2013
Libya,LBY,Entrepreneurship,37.500,2014
Libya,LBY,Entrepreneurship,37.500,2015
Libya,LBY,Entrepreneurship,37.500,2016
Libya,LBY,Entrepreneurship,56.250,2017
Libya,LBY,Entrepreneurship,37.500,2018
Libya,LBY,Entrepreneurship,37.500,2019
Libya,LBY,Entrepreneurship,9.375,2020
Libya,LBY,Entrepreneurship,9.375,2021
Libya,LBY,Entrepreneurship,9.375,2022
Libya,LBY,Entrepreneurship,9.375,2023
Libya,LBY,Environment,0.000,1960
Libya,LBY,Environment,0.000,1961
Libya,LBY,Environment,0.000,1962
Libya,LBY,Environment,0.000,1963
Libya,LBY,Environment,0.000,1964
Libya,LBY,Environment,0.000,1965
Libya,LBY,Environment,0.000,1966
Libya,LBY,Environment,0.000,1967
Libya,LBY,Environment,0.000,1968
Libya,LBY,Environment,0.000,1969
Libya,LBY,Environment,0.000,1970
Libya,LBY,Environment,0.000,1971
Libya,LBY,Environment,0.000,1972
Libya,LBY,Environment,0.000,1973
Libya,LBY,Environment,0.000,1974
Libya,LBY,Environment,0.000,1975
Libya,LBY,Environment,0.000,1976
Libya,LBY,Environment,0.000,1977
Libya,LBY,Environment,0.000,1978
Libya,LBY,Environment,0.000,1979
Libya,LBY,Environment,0.000,1980
Libya,LBY,Environment,0.000,1981
Libya,LBY,Environment,0.000,1982
Libya,LBY,Environment,0.000,1983
Libya,LBY,Environment,0.000,1984
Libya,LBY,Environment,0.000,1985
Libya,LBY,Environment,0.000,1986
Libya,LBY,Environment,0.000,1987
Libya,LBY,Environment,0.000,1988
Libya,LBY,Environment,0.000,1989
Libya,LBY,Environment,0.000,1990
Libya,LBY,Environment,0.000,1991
Libya,LBY,Environment,0.000,1992
Libya,LBY,Environment,0.000,1993
Libya,LBY,Environment,0.000,1994
Libya,LBY,Environment,0.000,1995
Libya,LBY,Environment,0.000,1996
Libya,LBY,Environment,0.000,1997
Libya,LBY,Environment,0.000,1998
Libya,LBY,Environment,0.000,1999
Libya,LBY,Environment,0.000,2000
Libya,LBY,Environment,0.000,2001
Libya,LBY,Environment,0.000,2002
Libya,LBY,Environment,0.000,2003
Libya,LBY,Environment,0.000,2004
Libya,LBY,Environment,0.000,2005
Libya,LBY,Environment,0.000,2006
Libya,LBY,Environment,0.000,2007
Libya,LBY,Environment,3.333,2008
Libya,LBY,Environment,3.333,2009
Libya,LBY,Environment,3.333,2010
Libya,LBY,Environment,3.333,2011
Libya,LBY,Environment,3.333,2012
Libya,LBY,Environment,3.333,2013
Libya,LBY,Environment,3.333,2014
Libya,LBY,Environment,3.333,2015
Libya,LBY,Environment,3.333,2016
Libya,LBY,Environment,3.333,2017
Libya,LBY,Environment,3.333,2018
Libya,LBY,Environment,23.333,2019
Libya,LBY,Environment,3.333,2020
Libya,LBY,Environment,3.333,2021
Libya,LBY,Environment,3.333,2022
Libya,LBY,Environment,0.000,2023
Libya,LBY,Health,7.576,1960
Libya,LBY,Health,7.576,1961
Libya,LBY,Health,7.576,1962
Libya,LBY,Health,8.586,1963
Libya,LBY,Health,8.586,1964
Libya,LBY,Health,8.586,1965
Libya,LBY,Health,8.586,1966
Libya,LBY,Health,8.586,1967
Libya,LBY,Health,8.586,1968
Libya,LBY,Health,8.586,1969
Libya,LBY,Health,8.586,1970
Libya,LBY,Health,8.586,1971
Libya,LBY,Health,8.586,1972
Libya,LBY,Health,8.586,1973
Libya,LBY,Health,8.586,1974
Libya,LBY,Health,11.111,1975
Libya,LBY,Health,11.111,1976
Libya,LBY,Health,11.111,1977
Libya,LBY,Health,11.111,1978
Libya,LBY,Health,11.111,1979
Libya,LBY,Health,12.121,1980
Libya,LBY,Health,12.121,1981
Libya,LBY,Health,12.121,1982
Libya,LBY,Health,12.121,1983
Libya,LBY,Health,12.121,1984
Libya,LBY,Health,12.121,1985
Libya,LBY,Health,12.121,1986
Libya,LBY,Health,12.121,1987
Libya,LBY,Health,12.121,1988
Libya,LBY,Health,12.121,1989
Libya,LBY,Health,13.636,1990
Libya,LBY,Health,13.636,1991
Libya,LBY,Health,13.636,1992
Libya,LBY,Health,13.636,1993
Libya,LBY,Health,13.636,1994
Libya,LBY,Health,23.232,1995
Libya,LBY,Health,13.636,1996
Libya,LBY,Health,13.636,1997
Libya,LBY,Health,13.636,1998
Libya,LBY,Health,14.141,1999
Libya,LBY,Health,50.000,2000
Libya,LBY,Health,27.273,2001
Libya,LBY,Health,27.273,2002
Libya,LBY,Health,28.283,2003
Libya,LBY,Health,27.273,2004
Libya,LBY,Health,27.273,2005
Libya,LBY,Health,27.273,2006
Libya,LBY,Health,37.374,2007
Libya,LBY,Health,28.283,2008
Libya,LBY,Health,27.778,2009
Libya,LBY,Health,51.010,2010
Libya,LBY,Health,28.283,2011
Libya,LBY,Health,28.283,2012
Libya,LBY,Health,28.283,2013
Libya,LBY,Health,36.869,2014
Libya,LBY,Health,50.505,2015
Libya,LBY,Health,27.778,2016
Libya,LBY,Health,26.768,2017
Libya,LBY,Health,25.253,2018
Libya,LBY,Health,51.010,2019
Libya,LBY,Health,17.677,2020
Libya,LBY,Health,14.141,2021
Libya,LBY,Health,13.131,2022
Libya,LBY,Health,1.010,2023
Libya,LBY,Leadership,0.000,1960
Libya,LBY,Leadership,0.000,1961
Libya,LBY,Leadership,0.000,1962
Libya,LBY,Leadership,0.000,1963
Libya,LBY,Leadership,0.000,1964
Libya,LBY,Leadership,0.000,1965
Libya,LBY,Leadership,0.000,1966
Libya,LBY,Leadership,0.000,1967
Libya,LBY,Leadership,0.000,1968
Libya,LBY,Leadership,0.000,1969
Libya,LBY,Leadership,0.000,1970
Libya,LBY,Leadership,0.000,1971
Libya,LBY,Leadership,0.000,1972
Libya,LBY,Leadership,0.000,1973
Libya,LBY,Leadership,0.000,1974
Libya,LBY,Leadership,0.000,1975
Libya,LBY,Leadership,0.000,1976
Libya,LBY,Leadership,0.000,1977
Libya,LBY,Leadership,0.000,1978
Libya,LBY,Leadership,0.000,1979
Libya,LBY,Leadership,0.000,1980
Libya,LBY,Leadership,0.000,1981
Libya,LBY,Leadership,0.000,1982
Libya,LBY,Leadership,0.000,1983
Libya,LBY,Leadership,0.000,1984
Libya,LBY,Leadership,0.000,1985
Libya,LBY,Leadership,0.000,1986
Libya,LBY,Leadership,0.000,1987
Libya,LBY,Leadership,0.000,1988
Libya,LBY,Leadership,0.000,1989
Libya,LBY,Leadership,0.000,1990
Libya,LBY,Leadership,0.000,1991
Libya,LBY,Leadership,0.000,1992
Libya,LBY,Leadership,0.000,1993
Libya,LBY,Leadership,0.000,1994
Libya,LBY,Leadership,0.000,1995
Libya,LBY,Leadership,0.000,1996
Libya,LBY,Leadership,0.000,1997
Libya,LBY,Leadership,0.000,1998
Libya,LBY,Leadership,0.000,1999
Libya,LBY,Leadership,0.000,2000
Libya,LBY,Leadership,0.000,2001
Libya,LBY,Leadership,0.000,2002
Libya,LBY,Leadership,0.000,2003
Libya,LBY,Leadership,0.000,2004
Libya,LBY,Leadership,25.000,2005
Libya,LBY,Leadership,25.000,2006
Libya,LBY,Leadership,25.000,2007
Libya,LBY,Leadership,50.000,2008
Libya,LBY,Leadership,25.000,2009
Libya,LBY,Leadership,50.000,2010
Libya,LBY,Leadership,0.000,2011
Libya,LBY,Leadership,50.000,2012
Libya,LBY,Leadership,25.000,2013
Libya,LBY,Leadership,50.000,2014
Libya,LBY,Leadership,25.000,2015
Libya,LBY,Leadership,25.000,2016
Libya,LBY,Leadership,25.000,2017
Libya,LBY,Leadership,25.000,2018
Libya,LBY,Leadership,25.000,2019
Libya,LBY,Leadership,50.000,2020
Libya,LBY,Leadership,25.000,2021
Libya,LBY,Leadership,50.000,2022
Libya,LBY,Leadership,25.000,2023
Libya,LBY,Norms and Decision-making,0.000,1960
Libya,LBY,Norms and Decision-making,0.000,1961
Libya,LBY,Norms and Decision-making,0.000,1962
Libya,LBY,Norms and Decision-making,0.000,1963
Libya,LBY,Norms and Decision-making,0.000,1964
Libya,LBY,Norms and Decision-making,0.000,1965
Libya,LBY,Norms and Decision-making,0.000,1966
Libya,LBY,Norms and Decision-making,0.000,1967
Libya,LBY,Norms and Decision-making,0.000,1968
Libya,LBY,Norms and Decision-making,0.000,1969
Libya,LBY,Norms and Decision-making,12.593,1970
Libya,LBY,Norms and Decision-making,12.593,1971
Libya,LBY,Norms and Decision-making,12.593,1972
Libya,LBY,Norms and Decision-making,14.074,1973
Libya,LBY,Norms and Decision-making,12.593,1974
Libya,LBY,Norms and Decision-making,12.593,1975
Libya,LBY,Norms and Decision-making,12.593,1976
Libya,LBY,Norms and Decision-making,12.593,1977
Libya,LBY,Norms and Decision-making,12.593,1978
Libya,LBY,Norms and Decision-making,12.593,1979
Libya,LBY,Norms and Decision-making,12.593,1980
Libya,LBY,Norms and Decision-making,12.593,1981
Libya,LBY,Norms and Decision-making,12.593,1982
Libya,LBY,Norms and Decision-making,12.593,1983
Libya,LBY,Norms and Decision-making,14.074,1984
Libya,LBY,Norms and Decision-making,12.593,1985
Libya,LBY,Norms and Decision-making,12.593,1986
Libya,LBY,Norms and Decision-making,12.593,1987
Libya,LBY,Norms and Decision-making,12.593,1988
Libya,LBY,Norms and Decision-making,12.593,1989
Libya,LBY,Norms and Decision-making,12.593,1990
Libya,LBY,Norms and Decision-making,12.593,1991
Libya,LBY,Norms and Decision-making,12.593,1992
Libya,LBY,Norms and Decision-making,12.593,1993
Libya,LBY,Norms and Decision-making,12.593,1994
Libya,LBY,Norms and Decision-making,14.074,1995
Libya,LBY,Norms and Decision-making,12.593,1996
Libya,LBY,Norms and Decision-making,12.593,1997
Libya,LBY,Norms and Decision-making,12.593,1998
Libya,LBY,Norms and Decision-making,12.593,1999
Libya,LBY,Norms and Decision-making,12.593,2000
Libya,LBY,Norms and Decision-making,12.593,2001
Libya,LBY,Norms and Decision-making,12.593,2002
Libya,LBY,Norms and Decision-making,12.593,2003
Libya,LBY,Norms and Decision-making,12.593,2004
Libya,LBY,Norms and Decision-making,12.593,2005
Libya,LBY,Norms and Decision-making,12.593,2006
Libya,LBY,Norms and Decision-making,12.593,2007
Libya,LBY,Norms and Decision-making,12.593,2008
Libya,LBY,Norms and Decision-making,12.593,2009
Libya,LBY,Norms and Decision-making,12.593,2010
Libya,LBY,Norms and Decision-making,12.593,2011
Libya,LBY,Norms and Decision-making,12.593,2012
Libya,LBY,Norms and Decision-making,12.593,2013
Libya,LBY,Norms and Decision-making,12.593,2014
Libya,LBY,Norms and Decision-making,12.593,2015
Libya,LBY,Norms and Decision-making,12.593,2016
Libya,LBY,Norms and Decision-making,12.593,2017
Libya,LBY,Norms and Decision-making,12.593,2018
Libya,LBY,Norms and Decision-making,12.593,2019
Libya,LBY,Norms and Decision-making,12.593,2020
Libya,LBY,Norms and Decision-making,12.593,2021
Libya,LBY,Norms and Decision-making,12.593,2022
Libya,LBY,Norms and Decision-making,12.593,2023
Libya,LBY,Population,86.905,1960
Libya,LBY,Population,86.905,1961
Libya,LBY,Population,86.905,1962
Libya,LBY,Population,86.905,1963
Libya,LBY,Population,86.905,1964
Libya,LBY,Population,86.905,1965
Libya,LBY,Population,86.905,1966
Libya,LBY,Population,86.905,1967
Libya,LBY,Population,86.905,1968
Libya,LBY,Population,86.905,1969
Libya,LBY,Population,86.905,1970
Libya,LBY,Population,86.905,1971
Libya,LBY,Population,86.905,1972
Libya,LBY,Population,89.286,1973
Libya,LBY,Population,86.905,1974
Libya,LBY,Population,86.905,1975
Libya,LBY,Population,86.905,1976
Libya,LBY,Population,86.905,1977
Libya,LBY,Population,86.905,1978
Libya,LBY,Population,86.905,1979
Libya,LBY,Population,91.667,1980
Libya,LBY,Population,86.905,1981
Libya,LBY,Population,86.905,1982
Libya,LBY,Population,86.905,1983
Libya,LBY,Population,89.286,1984
Libya,LBY,Population,91.667,1985
Libya,LBY,Population,86.905,1986
Libya,LBY,Population,86.905,1987
Libya,LBY,Population,86.905,1988
Libya,LBY,Population,86.905,1989
Libya,LBY,Population,92.857,1990
Libya,LBY,Population,86.905,1991
Libya,LBY,Population,86.905,1992
Libya,LBY,Population,86.905,1993
Libya,LBY,Population,86.905,1994
Libya,LBY,Population,95.238,1995
Libya,LBY,Population,86.905,1996
Libya,LBY,Population,86.905,1997
Libya,LBY,Population,86.905,1998
Libya,LBY,Population,86.905,1999
Libya,LBY,Population,92.857,2000
Libya,LBY,Population,86.905,2001
Libya,LBY,Population,86.905,2002
Libya,LBY,Population,86.905,2003
Libya,LBY,Population,86.905,2004
Libya,LBY,Population,92.857,2005
Libya,LBY,Population,86.905,2006
Libya,LBY,Population,86.905,2007
Libya,LBY,Population,86.905,2008
Libya,LBY,Population,86.905,2009
Libya,LBY,Population,92.857,2010
Libya,LBY,Population,86.905,2011
Libya,LBY,Population,86.905,2012
Libya,LBY,Population,86.905,2013
Libya,LBY,Population,86.905,2014
Libya,LBY,Population,92.857,2015
Libya,LBY,Population,86.905,2016
Libya,LBY,Population,86.905,2017
Libya,LBY,Population,86.905,2018
Libya,LBY,Population,86.905,2019
Libya,LBY,Population,88.095,2020
Libya,LBY,Population,86.905,2021
Libya,LBY,Population,86.905,2022
Libya,LBY,Population,77.381,2023
Libya,LBY,SDGs,2.685,1960
Libya,LBY,SDGs,2.685,1961
Libya,LBY,SDGs,2.685,1962
Libya,LBY,SDGs,2.685,1963
Libya,LBY,SDGs,2.685,1964
Libya,LBY,SDGs,2.685,1965
Libya,LBY,SDGs,2.685,1966
Libya,LBY,SDGs,2.685,1967
Libya,LBY,SDGs,2.685,1968
Libya,LBY,SDGs,2.685,1969
Libya,LBY,SDGs,11.409,1970
Libya,LBY,SDGs,11.409,1971
Libya,LBY,SDGs,11.409,1972
Libya,LBY,SDGs,11.409,1973
Libya,LBY,SDGs,11.409,1974
Libya,LBY,SDGs,11.409,1975
Libya,LBY,SDGs,11.409,1976
Libya,LBY,SDGs,11.409,1977
Libya,LBY,SDGs,11.409,1978
Libya,LBY,SDGs,11.409,1979
Libya,LBY,SDGs,12.081,1980
Libya,LBY,SDGs,12.081,1981
Libya,LBY,SDGs,12.081,1982
Libya,LBY,SDGs,12.081,1983
Libya,LBY,SDGs,12.081,1984
Libya,LBY,SDGs,12.081,1985
Libya,LBY,SDGs,12.081,1986
Libya,LBY,SDGs,12.081,1987
Libya,LBY,SDGs,12.081,1988
Libya,LBY,SDGs,12.081,1989
Libya,LBY,SDGs,12.081,1990
Libya,LBY,SDGs,16.107,1991
Libya,LBY,SDGs,16.107,1992
Libya,LBY,SDGs,16.107,1993
Libya,LBY,SDGs,16.107,1994
Libya,LBY,SDGs,16.779,1995
Libya,LBY,SDGs,16.107,1996
Libya,LBY,SDGs,16.107,1997
Libya,LBY,SDGs,16.107,1998
Libya,LBY,SDGs,16.779,1999
Libya,LBY,SDGs,57.047,2000
Libya,LBY,SDGs,26.846,2001
Libya,LBY,SDGs,26.846,2002
Libya,LBY,SDGs,26.846,2003
Libya,LBY,SDGs,26.846,2004
Libya,LBY,SDGs,27.517,2005
Libya,LBY,SDGs,27.517,2006
Libya,LBY,SDGs,28.188,2007
Libya,LBY,SDGs,28.859,2008
Libya,LBY,SDGs,28.188,2009
Libya,LBY,SDGs,59.060,2010
Libya,LBY,SDGs,28.188,2011
Libya,LBY,SDGs,32.886,2012
Libya,LBY,SDGs,28.859,2013
Libya,LBY,SDGs,28.188,2014
Libya,LBY,SDGs,58.389,2015
Libya,LBY,SDGs,28.188,2016
Libya,LBY,SDGs,30.201,2017
Libya,LBY,SDGs,28.188,2018
Libya,LBY,SDGs,62.416,2019
Libya,LBY,SDGs,20.134,2020
Libya,LBY,SDGs,17.450,2021
Libya,LBY,SDGs,17.450,2022
Libya,LBY,SDGs,14.094,2023
Libya,LBY,Technology,0.000,1960
Libya,LBY,Technology,0.000,1961
Libya,LBY,Technology,0.000,1962
Libya,LBY,Technology,0.000,1963
Libya,LBY,Technology,0.000,1964
Libya,LBY,Technology,0.000,1965
Libya,LBY,Technology,0.000,1966
Libya,LBY,Technology,0.000,1967
Libya,LBY,Technology,0.000,1968
Libya,LBY,Technology,0.000,1969
Libya,LBY,Technology,0.000,1970
Libya,LBY,Technology,0.000,1971
Libya,LBY,Technology,0.000,1972
Libya,LBY,Technology,0.000,1973
Libya,LBY,Technology,0.000,1974
Libya,LBY,Technology,0.000,1975
Libya,LBY,Technology,0.000,1976
Libya,LBY,Technology,0.000,1977
Libya,LBY,Technology,0.000,1978
Libya,LBY,Technology,0.000,1979
Libya,LBY,Technology,0.000,1980
Libya,LBY,Technology,0.000,1981
Libya,LBY,Technology,0.000,1982
Libya,LBY,Technology,0.000,1983
Libya,LBY,Technology,0.000,1984
Libya,LBY,Technology,0.000,1985
Libya,LBY,Technology,0.000,1986
Libya,LBY,Technology,0.000,1987
Libya,LBY,Technology,0.000,1988
Libya,LBY,Technology,0.000,1989
Libya,LBY,Technology,2.222,1990
Libya,LBY,Technology,2.222,1991
Libya,LBY,Technology,2.222,1992
Libya,LBY,Technology,2.222,1993
Libya,LBY,Technology,2.222,1994
Libya,LBY,Technology,2.222,1995
Libya,LBY,Technology,0.000,1996
Libya,LBY,Technology,0.000,1997
Libya,LBY,Technology,0.000,1998
Libya,LBY,Technology,2.222,1999
Libya,LBY,Technology,2.222,2000
Libya,LBY,Technology,2.222,2001
Libya,LBY,Technology,2.222,2002
Libya,LBY,Technology,2.222,2003
Libya,LBY,Technology,2.222,2004
Libya,LBY,Technology,2.222,2005
Libya,LBY,Technology,2.222,2006
Libya,LBY,Technology,2.222,2007
Libya,LBY,Technology,2.222,2008
Libya,LBY,Technology,2.222,2009
Libya,LBY,Technology,2.222,2010
Libya,LBY,Technology,2.222,2011
Libya,LBY,Technology,2.222,2012
Libya,LBY,Technology,2.222,2013
Libya,LBY,Technology,2.222,2014
Libya,LBY,Technology,0.000,2015
Libya,LBY,Technology,0.000,2016
Libya,LBY,Technology,46.667,2017
Libya,LBY,Technology,0.000,2018
Libya,LBY,Technology,0.000,2019
Libya,LBY,Technology,2.222,2020
Libya,LBY,Technology,2.222,2021
Libya,LBY,Technology,2.222,2022
Libya,LBY,Technology,0.000,2023
Libya,LBY,Violence,0.000,1960
Libya,LBY,Violence,0.000,1961
Libya,LBY,Violence,0.000,1962
Libya,LBY,Violence,0.000,1963
Libya,LBY,Violence,0.000,1964
Libya,LBY,Violence,0.000,1965
Libya,LBY,Violence,0.000,1966
Libya,LBY,Violence,0.000,1967
Libya,LBY,Violence,0.000,1968
Libya,LBY,Violence,0.000,1969
Libya,LBY,Violence,2.143,1970
Libya,LBY,Violence,2.143,1971
Libya,LBY,Violence,2.143,1972
Libya,LBY,Violence,2.143,1973
Libya,LBY,Violence,2.143,1974
Libya,LBY,Violence,2.143,1975
Libya,LBY,Violence,2.143,1976
Libya,LBY,Violence,2.143,1977
Libya,LBY,Violence,2.143,1978
Libya,LBY,Violence,2.143,1979
Libya,LBY,Violence,2.143,1980
Libya,LBY,Violence,2.143,1981
Libya,LBY,Violence,2.143,1982
Libya,LBY,Violence,2.143,1983
Libya,LBY,Violence,2.143,1984
Libya,LBY,Violence,2.143,1985
Libya,LBY,Violence,2.143,1986
Libya,LBY,Violence,2.143,1987
Libya,LBY,Violence,2.143,1988
Libya,LBY,Violence,2.143,1989
Libya,LBY,Violence,2.143,1990
Libya,LBY,Violence,2.143,1991
Libya,LBY,Violence,2.143,1992
Libya,LBY,Violence,2.143,1993
Libya,LBY,Violence,2.143,1994
Libya,LBY,Violence,2.143,1995
Libya,LBY,Violence,2.143,1996
Libya,LBY,Violence,2.143,1997
Libya,LBY,Violence,2.143,1998
Libya,LBY,Violence,2.143,1999
Libya,LBY,Violence,4.286,2000
Libya,LBY,Violence,4.286,2001
Libya,LBY,Violence,4.286,2002
Libya,LBY,Violence,4.286,2003
Libya,LBY,Violence,4.286,2004
Libya,LBY,Violence,4.286,2005
Libya,LBY,Violence,4.286,2006
Libya,LBY,Violence,4.286,2007
Libya,LBY,Violence,4.286,2008
Libya,LBY,Violence,4.286,2009
Libya,LBY,Violence,4.286,2010
Libya,LBY,Violence,4.286,2011
Libya,LBY,Violence,4.286,2012
Libya,LBY,Violence,4.286,2013
Libya,LBY,Violence,4.286,2014
Libya,LBY,Violence,4.286,2015
Libya,LBY,Violence,4.286,2016
Libya,LBY,Violence,4.286,2017
Libya,LBY,Violence,4.286,2018
Libya,LBY,Violence,4.286,2019
Libya,LBY,Violence,2.143,2020
Libya,LBY,Violence,2.143,2021
Libya,LBY,Violence,2.143,2022
Libya,LBY,Violence,2.143,2023
Libya,LBY,Youth 15-24,4.587,1960
Libya,LBY,Youth 15-24,4.587,1961
Libya,LBY,Youth 15-24,4.587,1962
Libya,LBY,Youth 15-24,4.587,1963
Libya,LBY,Youth 15-24,7.339,1964
Libya,LBY,Youth 15-24,4.587,1965
Libya,LBY,Youth 15-24,4.587,1966
Libya,LBY,Youth 15-24,4.587,1967
Libya,LBY,Youth 15-24,4.587,1968
Libya,LBY,Youth 15-24,4.587,1969
Libya,LBY,Youth 15-24,4.587,1970
Libya,LBY,Youth 15-24,22.018,1971
Libya,LBY,Youth 15-24,22.018,1972
Libya,LBY,Youth 15-24,24.771,1973
Libya,LBY,Youth 15-24,22.018,1974
Libya,LBY,Youth 15-24,20.183,1975
Libya,LBY,Youth 15-24,22.018,1976
Libya,LBY,Youth 15-24,23.853,1977
Libya,LBY,Youth 15-24,23.853,1978
Libya,LBY,Youth 15-24,23.853,1979
Libya,LBY,Youth 15-24,23.853,1980
Libya,LBY,Youth 15-24,21.101,1981
Libya,LBY,Youth 15-24,8.257,1982
Libya,LBY,Youth 15-24,21.101,1983
Libya,LBY,Youth 15-24,17.431,1984
Libya,LBY,Youth 15-24,5.505,1985
Libya,LBY,Youth 15-24,14.679,1986
Libya,LBY,Youth 15-24,4.587,1987
Libya,LBY,Youth 15-24,4.587,1988
Libya,LBY,Youth 15-24,4.587,1989
Libya,LBY,Youth 15-24,10.092,1990
Libya,LBY,Youth 15-24,16.514,1991
Libya,LBY,Youth 15-24,20.183,1992
Libya,LBY,Youth 15-24,16.514,1993
Libya,LBY,Youth 15-24,23.853,1994
Libya,LBY,Youth 15-24,15.596,1995
Libya,LBY,Youth 15-24,15.596,1996
Libya,LBY,Youth 15-24,15.596,1997
Libya,LBY,Youth 15-24,15.596,1998
Libya,LBY,Youth 15-24,19.266,1999
Libya,LBY,Youth 15-24,19.266,2000
Libya,LBY,Youth 15-24,19.266,2001
Libya,LBY,Youth 15-24,33.028,2002
Libya,LBY,Youth 15-24,33.028,2003
Libya,LBY,Youth 15-24,19.266,2004
Libya,LBY,Youth 15-24,21.101,2005
Libya,LBY,Youth 15-24,21.101,2006
Libya,LBY,Youth 15-24,15.596,2007
Libya,LBY,Youth 15-24,15.596,2008
Libya,LBY,Youth 15-24,15.596,2009
Libya,LBY,Youth 15-24,15.596,2010
Libya,LBY,Youth 15-24,15.596,2011
Libya,LBY,Youth 15-24,24.771,2012
Libya,LBY,Youth 15-24,15.596,2013
Libya,LBY,Youth 15-24,15.596,2014
Libya,LBY,Youth 15-24,15.596,2015
Libya,LBY,Youth 15-24,15.596,2016
Libya,LBY,Youth 15-24,15.596,2017
Libya,LBY,Youth 15-24,15.596,2018
Libya,LBY,Youth 15-24,15.596,2019
Libya,LBY,Youth 15-24,15.596,2020
Libya,LBY,Youth 15-24,15.596,2021
Libya,LBY,Youth 15-24,15.596,2022
Libya,LBY,Youth 15-24,12.844,2023
