Country Name,Country Code,Topic,% of available indicators,Year
Saudi Arabia,SAU,Assets,0.000,1960
Saudi Arabia,SAU,Assets,0.000,1961
Saudi Arabia,SAU,Assets,0.000,1962
Saudi Arabia,SAU,Assets,0.000,1963
Saudi Arabia,SAU,Assets,0.000,1964
Saudi Arabia,SAU,Assets,0.000,1965
Saudi Arabia,SAU,Assets,0.000,1966
Saudi Arabia,SAU,Assets,0.000,1967
Saudi Arabia,SAU,Assets,0.000,1968
Saudi Arabia,SAU,Assets,0.000,1969
Saudi Arabia,SAU,Assets,2.208,1970
Saudi Arabia,SAU,Assets,2.208,1971
Saudi Arabia,SAU,Assets,2.208,1972
Saudi Arabia,SAU,Assets,2.208,1973
Saudi Arabia,SAU,Assets,2.208,1974
Saudi Arabia,SAU,Assets,2.208,1975
Saudi Arabia,SAU,Assets,2.208,1976
Saudi Arabia,SAU,Assets,2.208,1977
Saudi Arabia,SAU,Assets,2.208,1978
Saudi Arabia,SAU,Assets,2.208,1979
Saudi Arabia,SAU,Assets,2.208,1980
Saudi Arabia,SAU,Assets,2.208,1981
Saudi Arabia,SAU,Assets,2.208,1982
Saudi Arabia,SAU,Assets,2.208,1983
Saudi Arabia,SAU,Assets,2.208,1984
Saudi Arabia,SAU,Assets,2.208,1985
Saudi Arabia,SAU,Assets,2.208,1986
Saudi Arabia,SAU,Assets,2.208,1987
Saudi Arabia,SAU,Assets,2.208,1988
Saudi Arabia,SAU,Assets,2.208,1989
Saudi Arabia,SAU,Assets,2.208,1990
Saudi Arabia,SAU,Assets,2.208,1991
Saudi Arabia,SAU,Assets,2.208,1992
Saudi Arabia,SAU,Assets,2.208,1993
Saudi Arabia,SAU,Assets,2.208,1994
Saudi Arabia,SAU,Assets,2.208,1995
Saudi Arabia,SAU,Assets,2.208,1996
Saudi Arabia,SAU,Assets,2.208,1997
Saudi Arabia,SAU,Assets,2.208,1998
Saudi Arabia,SAU,Assets,2.208,1999
Saudi Arabia,SAU,Assets,2.208,2000
Saudi Arabia,SAU,Assets,2.208,2001
Saudi Arabia,SAU,Assets,2.208,2002
Saudi Arabia,SAU,Assets,2.208,2003
Saudi Arabia,SAU,Assets,2.208,2004
Saudi Arabia,SAU,Assets,2.208,2005
Saudi Arabia,SAU,Assets,2.208,2006
Saudi Arabia,SAU,Assets,2.208,2007
Saudi Arabia,SAU,Assets,2.208,2008
Saudi Arabia,SAU,Assets,2.208,2009
Saudi Arabia,SAU,Assets,2.208,2010
Saudi Arabia,SAU,Assets,10.726,2011
Saudi Arabia,SAU,Assets,2.208,2012
Saudi Arabia,SAU,Assets,2.208,2013
Saudi Arabia,SAU,Assets,24.921,2014
Saudi Arabia,SAU,Assets,2.208,2015
Saudi Arabia,SAU,Assets,2.208,2016
Saudi Arabia,SAU,Assets,26.814,2017
Saudi Arabia,SAU,Assets,2.208,2018
Saudi Arabia,SAU,Assets,2.208,2019
Saudi Arabia,SAU,Assets,2.208,2020
Saudi Arabia,SAU,Assets,51.735,2021
Saudi Arabia,SAU,Assets,2.208,2022
Saudi Arabia,SAU,Assets,2.208,2023
Saudi Arabia,SAU,Children 0-14,10.769,1960
Saudi Arabia,SAU,Children 0-14,10.769,1961
Saudi Arabia,SAU,Children 0-14,10.769,1962
Saudi Arabia,SAU,Children 0-14,10.769,1963
Saudi Arabia,SAU,Children 0-14,10.769,1964
Saudi Arabia,SAU,Children 0-14,10.769,1965
Saudi Arabia,SAU,Children 0-14,10.769,1966
Saudi Arabia,SAU,Children 0-14,10.769,1967
Saudi Arabia,SAU,Children 0-14,10.769,1968
Saudi Arabia,SAU,Children 0-14,10.769,1969
Saudi Arabia,SAU,Children 0-14,10.769,1970
Saudi Arabia,SAU,Children 0-14,10.769,1971
Saudi Arabia,SAU,Children 0-14,15.385,1972
Saudi Arabia,SAU,Children 0-14,17.692,1973
Saudi Arabia,SAU,Children 0-14,17.692,1974
Saudi Arabia,SAU,Children 0-14,17.692,1975
Saudi Arabia,SAU,Children 0-14,17.692,1976
Saudi Arabia,SAU,Children 0-14,19.231,1977
Saudi Arabia,SAU,Children 0-14,19.231,1978
Saudi Arabia,SAU,Children 0-14,38.462,1979
Saudi Arabia,SAU,Children 0-14,20.769,1980
Saudi Arabia,SAU,Children 0-14,20.769,1981
Saudi Arabia,SAU,Children 0-14,20.769,1982
Saudi Arabia,SAU,Children 0-14,20.769,1983
Saudi Arabia,SAU,Children 0-14,20.769,1984
Saudi Arabia,SAU,Children 0-14,20.769,1985
Saudi Arabia,SAU,Children 0-14,20.769,1986
Saudi Arabia,SAU,Children 0-14,20.769,1987
Saudi Arabia,SAU,Children 0-14,20.769,1988
Saudi Arabia,SAU,Children 0-14,20.769,1989
Saudi Arabia,SAU,Children 0-14,20.769,1990
Saudi Arabia,SAU,Children 0-14,20.769,1991
Saudi Arabia,SAU,Children 0-14,20.769,1992
Saudi Arabia,SAU,Children 0-14,20.769,1993
Saudi Arabia,SAU,Children 0-14,23.846,1994
Saudi Arabia,SAU,Children 0-14,20.769,1995
Saudi Arabia,SAU,Children 0-14,20.769,1996
Saudi Arabia,SAU,Children 0-14,20.769,1997
Saudi Arabia,SAU,Children 0-14,20.769,1998
Saudi Arabia,SAU,Children 0-14,20.769,1999
Saudi Arabia,SAU,Children 0-14,39.231,2000
Saudi Arabia,SAU,Children 0-14,20.769,2001
Saudi Arabia,SAU,Children 0-14,20.769,2002
Saudi Arabia,SAU,Children 0-14,20.769,2003
Saudi Arabia,SAU,Children 0-14,36.923,2004
Saudi Arabia,SAU,Children 0-14,35.385,2005
Saudi Arabia,SAU,Children 0-14,20.769,2006
Saudi Arabia,SAU,Children 0-14,36.923,2007
Saudi Arabia,SAU,Children 0-14,35.385,2008
Saudi Arabia,SAU,Children 0-14,36.923,2009
Saudi Arabia,SAU,Children 0-14,54.615,2010
Saudi Arabia,SAU,Children 0-14,45.385,2011
Saudi Arabia,SAU,Children 0-14,33.846,2012
Saudi Arabia,SAU,Children 0-14,46.923,2013
Saudi Arabia,SAU,Children 0-14,36.154,2014
Saudi Arabia,SAU,Children 0-14,54.615,2015
Saudi Arabia,SAU,Children 0-14,45.385,2016
Saudi Arabia,SAU,Children 0-14,56.923,2017
Saudi Arabia,SAU,Children 0-14,54.615,2018
Saudi Arabia,SAU,Children 0-14,51.538,2019
Saudi Arabia,SAU,Children 0-14,47.692,2020
Saudi Arabia,SAU,Children 0-14,40.769,2021
Saudi Arabia,SAU,Children 0-14,34.615,2022
Saudi Arabia,SAU,Children 0-14,13.846,2023
Saudi Arabia,SAU,Education,0.000,1960
Saudi Arabia,SAU,Education,0.000,1961
Saudi Arabia,SAU,Education,0.000,1962
Saudi Arabia,SAU,Education,0.000,1963
Saudi Arabia,SAU,Education,0.000,1964
Saudi Arabia,SAU,Education,0.000,1965
Saudi Arabia,SAU,Education,0.000,1966
Saudi Arabia,SAU,Education,0.000,1967
Saudi Arabia,SAU,Education,0.000,1968
Saudi Arabia,SAU,Education,0.000,1969
Saudi Arabia,SAU,Education,0.000,1970
Saudi Arabia,SAU,Education,3.067,1971
Saudi Arabia,SAU,Education,3.067,1972
Saudi Arabia,SAU,Education,3.067,1973
Saudi Arabia,SAU,Education,3.067,1974
Saudi Arabia,SAU,Education,3.067,1975
Saudi Arabia,SAU,Education,3.067,1976
Saudi Arabia,SAU,Education,3.067,1977
Saudi Arabia,SAU,Education,3.067,1978
Saudi Arabia,SAU,Education,26.994,1979
Saudi Arabia,SAU,Education,3.067,1980
Saudi Arabia,SAU,Education,3.681,1981
Saudi Arabia,SAU,Education,3.681,1982
Saudi Arabia,SAU,Education,3.681,1983
Saudi Arabia,SAU,Education,3.681,1984
Saudi Arabia,SAU,Education,3.067,1985
Saudi Arabia,SAU,Education,3.681,1986
Saudi Arabia,SAU,Education,3.067,1987
Saudi Arabia,SAU,Education,0.000,1988
Saudi Arabia,SAU,Education,0.613,1989
Saudi Arabia,SAU,Education,0.613,1990
Saudi Arabia,SAU,Education,3.681,1991
Saudi Arabia,SAU,Education,10.429,1992
Saudi Arabia,SAU,Education,3.681,1993
Saudi Arabia,SAU,Education,3.067,1994
Saudi Arabia,SAU,Education,3.067,1995
Saudi Arabia,SAU,Education,3.681,1996
Saudi Arabia,SAU,Education,3.681,1997
Saudi Arabia,SAU,Education,10.429,1998
Saudi Arabia,SAU,Education,9.202,1999
Saudi Arabia,SAU,Education,24.540,2000
Saudi Arabia,SAU,Education,5.521,2001
Saudi Arabia,SAU,Education,9.202,2002
Saudi Arabia,SAU,Education,9.202,2003
Saudi Arabia,SAU,Education,31.288,2004
Saudi Arabia,SAU,Education,36.810,2005
Saudi Arabia,SAU,Education,12.883,2006
Saudi Arabia,SAU,Education,32.515,2007
Saudi Arabia,SAU,Education,25.767,2008
Saudi Arabia,SAU,Education,41.104,2009
Saudi Arabia,SAU,Education,38.037,2010
Saudi Arabia,SAU,Education,34.356,2011
Saudi Arabia,SAU,Education,25.767,2012
Saudi Arabia,SAU,Education,57.055,2013
Saudi Arabia,SAU,Education,32.515,2014
Saudi Arabia,SAU,Education,39.877,2015
Saudi Arabia,SAU,Education,47.239,2016
Saudi Arabia,SAU,Education,82.209,2017
Saudi Arabia,SAU,Education,58.282,2018
Saudi Arabia,SAU,Education,22.699,2019
Saudi Arabia,SAU,Education,53.988,2020
Saudi Arabia,SAU,Education,40.491,2021
Saudi Arabia,SAU,Education,34.356,2022
Saudi Arabia,SAU,Education,17.178,2023
Saudi Arabia,SAU,Employment and Time Use,0.000,1960
Saudi Arabia,SAU,Employment and Time Use,0.000,1961
Saudi Arabia,SAU,Employment and Time Use,0.000,1962
Saudi Arabia,SAU,Employment and Time Use,0.000,1963
Saudi Arabia,SAU,Employment and Time Use,0.000,1964
Saudi Arabia,SAU,Employment and Time Use,0.000,1965
Saudi Arabia,SAU,Employment and Time Use,0.000,1966
Saudi Arabia,SAU,Employment and Time Use,0.000,1967
Saudi Arabia,SAU,Employment and Time Use,0.000,1968
Saudi Arabia,SAU,Employment and Time Use,0.000,1969
Saudi Arabia,SAU,Employment and Time Use,21.168,1970
Saudi Arabia,SAU,Employment and Time Use,21.168,1971
Saudi Arabia,SAU,Employment and Time Use,21.168,1972
Saudi Arabia,SAU,Employment and Time Use,21.168,1973
Saudi Arabia,SAU,Employment and Time Use,21.168,1974
Saudi Arabia,SAU,Employment and Time Use,21.168,1975
Saudi Arabia,SAU,Employment and Time Use,21.168,1976
Saudi Arabia,SAU,Employment and Time Use,21.168,1977
Saudi Arabia,SAU,Employment and Time Use,21.168,1978
Saudi Arabia,SAU,Employment and Time Use,21.168,1979
Saudi Arabia,SAU,Employment and Time Use,21.168,1980
Saudi Arabia,SAU,Employment and Time Use,21.168,1981
Saudi Arabia,SAU,Employment and Time Use,21.168,1982
Saudi Arabia,SAU,Employment and Time Use,21.168,1983
Saudi Arabia,SAU,Employment and Time Use,21.168,1984
Saudi Arabia,SAU,Employment and Time Use,21.168,1985
Saudi Arabia,SAU,Employment and Time Use,21.168,1986
Saudi Arabia,SAU,Employment and Time Use,21.168,1987
Saudi Arabia,SAU,Employment and Time Use,21.168,1988
Saudi Arabia,SAU,Employment and Time Use,21.168,1989
Saudi Arabia,SAU,Employment and Time Use,31.387,1990
Saudi Arabia,SAU,Employment and Time Use,56.204,1991
Saudi Arabia,SAU,Employment and Time Use,67.883,1992
Saudi Arabia,SAU,Employment and Time Use,56.204,1993
Saudi Arabia,SAU,Employment and Time Use,56.204,1994
Saudi Arabia,SAU,Employment and Time Use,56.204,1995
Saudi Arabia,SAU,Employment and Time Use,56.204,1996
Saudi Arabia,SAU,Employment and Time Use,56.204,1997
Saudi Arabia,SAU,Employment and Time Use,56.204,1998
Saudi Arabia,SAU,Employment and Time Use,65.693,1999
Saudi Arabia,SAU,Employment and Time Use,65.693,2000
Saudi Arabia,SAU,Employment and Time Use,65.693,2001
Saudi Arabia,SAU,Employment and Time Use,65.693,2002
Saudi Arabia,SAU,Employment and Time Use,58.394,2003
Saudi Arabia,SAU,Employment and Time Use,58.394,2004
Saudi Arabia,SAU,Employment and Time Use,58.394,2005
Saudi Arabia,SAU,Employment and Time Use,65.693,2006
Saudi Arabia,SAU,Employment and Time Use,66.423,2007
Saudi Arabia,SAU,Employment and Time Use,66.423,2008
Saudi Arabia,SAU,Employment and Time Use,70.803,2009
Saudi Arabia,SAU,Employment and Time Use,58.394,2010
Saudi Arabia,SAU,Employment and Time Use,59.124,2011
Saudi Arabia,SAU,Employment and Time Use,68.613,2012
Saudi Arabia,SAU,Employment and Time Use,67.883,2013
Saudi Arabia,SAU,Employment and Time Use,68.613,2014
Saudi Arabia,SAU,Employment and Time Use,63.504,2015
Saudi Arabia,SAU,Employment and Time Use,61.314,2016
Saudi Arabia,SAU,Employment and Time Use,83.942,2017
Saudi Arabia,SAU,Employment and Time Use,83.942,2018
Saudi Arabia,SAU,Employment and Time Use,86.131,2019
Saudi Arabia,SAU,Employment and Time Use,86.131,2020
Saudi Arabia,SAU,Employment and Time Use,86.131,2021
Saudi Arabia,SAU,Employment and Time Use,86.131,2022
Saudi Arabia,SAU,Employment and Time Use,89.051,2023
Saudi Arabia,SAU,Entrepreneurship,0.000,1960
Saudi Arabia,SAU,Entrepreneurship,0.000,1961
Saudi Arabia,SAU,Entrepreneurship,0.000,1962
Saudi Arabia,SAU,Entrepreneurship,0.000,1963
Saudi Arabia,SAU,Entrepreneurship,0.000,1964
Saudi Arabia,SAU,Entrepreneurship,0.000,1965
Saudi Arabia,SAU,Entrepreneurship,0.000,1966
Saudi Arabia,SAU,Entrepreneurship,0.000,1967
Saudi Arabia,SAU,Entrepreneurship,0.000,1968
Saudi Arabia,SAU,Entrepreneurship,0.000,1969
Saudi Arabia,SAU,Entrepreneurship,9.375,1970
Saudi Arabia,SAU,Entrepreneurship,9.375,1971
Saudi Arabia,SAU,Entrepreneurship,9.375,1972
Saudi Arabia,SAU,Entrepreneurship,9.375,1973
Saudi Arabia,SAU,Entrepreneurship,9.375,1974
Saudi Arabia,SAU,Entrepreneurship,9.375,1975
Saudi Arabia,SAU,Entrepreneurship,9.375,1976
Saudi Arabia,SAU,Entrepreneurship,9.375,1977
Saudi Arabia,SAU,Entrepreneurship,9.375,1978
Saudi Arabia,SAU,Entrepreneurship,9.375,1979
Saudi Arabia,SAU,Entrepreneurship,9.375,1980
Saudi Arabia,SAU,Entrepreneurship,9.375,1981
Saudi Arabia,SAU,Entrepreneurship,9.375,1982
Saudi Arabia,SAU,Entrepreneurship,9.375,1983
Saudi Arabia,SAU,Entrepreneurship,9.375,1984
Saudi Arabia,SAU,Entrepreneurship,9.375,1985
Saudi Arabia,SAU,Entrepreneurship,9.375,1986
Saudi Arabia,SAU,Entrepreneurship,9.375,1987
Saudi Arabia,SAU,Entrepreneurship,9.375,1988
Saudi Arabia,SAU,Entrepreneurship,9.375,1989
Saudi Arabia,SAU,Entrepreneurship,9.375,1990
Saudi Arabia,SAU,Entrepreneurship,9.375,1991
Saudi Arabia,SAU,Entrepreneurship,9.375,1992
Saudi Arabia,SAU,Entrepreneurship,9.375,1993
Saudi Arabia,SAU,Entrepreneurship,9.375,1994
Saudi Arabia,SAU,Entrepreneurship,9.375,1995
Saudi Arabia,SAU,Entrepreneurship,9.375,1996
Saudi Arabia,SAU,Entrepreneurship,9.375,1997
Saudi Arabia,SAU,Entrepreneurship,9.375,1998
Saudi Arabia,SAU,Entrepreneurship,9.375,1999
Saudi Arabia,SAU,Entrepreneurship,9.375,2000
Saudi Arabia,SAU,Entrepreneurship,9.375,2001
Saudi Arabia,SAU,Entrepreneurship,9.375,2002
Saudi Arabia,SAU,Entrepreneurship,37.500,2003
Saudi Arabia,SAU,Entrepreneurship,37.500,2004
Saudi Arabia,SAU,Entrepreneurship,37.500,2005
Saudi Arabia,SAU,Entrepreneurship,37.500,2006
Saudi Arabia,SAU,Entrepreneurship,37.500,2007
Saudi Arabia,SAU,Entrepreneurship,37.500,2008
Saudi Arabia,SAU,Entrepreneurship,37.500,2009
Saudi Arabia,SAU,Entrepreneurship,37.500,2010
Saudi Arabia,SAU,Entrepreneurship,37.500,2011
Saudi Arabia,SAU,Entrepreneurship,37.500,2012
Saudi Arabia,SAU,Entrepreneurship,37.500,2013
Saudi Arabia,SAU,Entrepreneurship,93.750,2014
Saudi Arabia,SAU,Entrepreneurship,75.000,2015
Saudi Arabia,SAU,Entrepreneurship,75.000,2016
Saudi Arabia,SAU,Entrepreneurship,93.750,2017
Saudi Arabia,SAU,Entrepreneurship,75.000,2018
Saudi Arabia,SAU,Entrepreneurship,75.000,2019
Saudi Arabia,SAU,Entrepreneurship,46.875,2020
Saudi Arabia,SAU,Entrepreneurship,46.875,2021
Saudi Arabia,SAU,Entrepreneurship,53.125,2022
Saudi Arabia,SAU,Entrepreneurship,9.375,2023
Saudi Arabia,SAU,Environment,0.000,1960
Saudi Arabia,SAU,Environment,0.000,1961
Saudi Arabia,SAU,Environment,0.000,1962
Saudi Arabia,SAU,Environment,0.000,1963
Saudi Arabia,SAU,Environment,0.000,1964
Saudi Arabia,SAU,Environment,0.000,1965
Saudi Arabia,SAU,Environment,0.000,1966
Saudi Arabia,SAU,Environment,0.000,1967
Saudi Arabia,SAU,Environment,0.000,1968
Saudi Arabia,SAU,Environment,0.000,1969
Saudi Arabia,SAU,Environment,0.000,1970
Saudi Arabia,SAU,Environment,0.000,1971
Saudi Arabia,SAU,Environment,0.000,1972
Saudi Arabia,SAU,Environment,0.000,1973
Saudi Arabia,SAU,Environment,0.000,1974
Saudi Arabia,SAU,Environment,0.000,1975
Saudi Arabia,SAU,Environment,0.000,1976
Saudi Arabia,SAU,Environment,0.000,1977
Saudi Arabia,SAU,Environment,0.000,1978
Saudi Arabia,SAU,Environment,0.000,1979
Saudi Arabia,SAU,Environment,0.000,1980
Saudi Arabia,SAU,Environment,0.000,1981
Saudi Arabia,SAU,Environment,0.000,1982
Saudi Arabia,SAU,Environment,0.000,1983
Saudi Arabia,SAU,Environment,0.000,1984
Saudi Arabia,SAU,Environment,0.000,1985
Saudi Arabia,SAU,Environment,0.000,1986
Saudi Arabia,SAU,Environment,0.000,1987
Saudi Arabia,SAU,Environment,0.000,1988
Saudi Arabia,SAU,Environment,0.000,1989
Saudi Arabia,SAU,Environment,0.000,1990
Saudi Arabia,SAU,Environment,0.000,1991
Saudi Arabia,SAU,Environment,0.000,1992
Saudi Arabia,SAU,Environment,0.000,1993
Saudi Arabia,SAU,Environment,0.000,1994
Saudi Arabia,SAU,Environment,0.000,1995
Saudi Arabia,SAU,Environment,0.000,1996
Saudi Arabia,SAU,Environment,0.000,1997
Saudi Arabia,SAU,Environment,3.333,1998
Saudi Arabia,SAU,Environment,3.333,1999
Saudi Arabia,SAU,Environment,13.333,2000
Saudi Arabia,SAU,Environment,10.000,2001
Saudi Arabia,SAU,Environment,13.333,2002
Saudi Arabia,SAU,Environment,13.333,2003
Saudi Arabia,SAU,Environment,13.333,2004
Saudi Arabia,SAU,Environment,13.333,2005
Saudi Arabia,SAU,Environment,13.333,2006
Saudi Arabia,SAU,Environment,13.333,2007
Saudi Arabia,SAU,Environment,13.333,2008
Saudi Arabia,SAU,Environment,13.333,2009
Saudi Arabia,SAU,Environment,13.333,2010
Saudi Arabia,SAU,Environment,13.333,2011
Saudi Arabia,SAU,Environment,13.333,2012
Saudi Arabia,SAU,Environment,13.333,2013
Saudi Arabia,SAU,Environment,13.333,2014
Saudi Arabia,SAU,Environment,13.333,2015
Saudi Arabia,SAU,Environment,13.333,2016
Saudi Arabia,SAU,Environment,13.333,2017
Saudi Arabia,SAU,Environment,13.333,2018
Saudi Arabia,SAU,Environment,30.000,2019
Saudi Arabia,SAU,Environment,10.000,2020
Saudi Arabia,SAU,Environment,10.000,2021
Saudi Arabia,SAU,Environment,10.000,2022
Saudi Arabia,SAU,Environment,0.000,2023
Saudi Arabia,SAU,Health,3.030,1960
Saudi Arabia,SAU,Health,3.030,1961
Saudi Arabia,SAU,Health,3.030,1962
Saudi Arabia,SAU,Health,3.030,1963
Saudi Arabia,SAU,Health,3.030,1964
Saudi Arabia,SAU,Health,3.030,1965
Saudi Arabia,SAU,Health,3.030,1966
Saudi Arabia,SAU,Health,3.030,1967
Saudi Arabia,SAU,Health,3.030,1968
Saudi Arabia,SAU,Health,3.030,1969
Saudi Arabia,SAU,Health,3.030,1970
Saudi Arabia,SAU,Health,3.030,1971
Saudi Arabia,SAU,Health,6.061,1972
Saudi Arabia,SAU,Health,7.576,1973
Saudi Arabia,SAU,Health,7.576,1974
Saudi Arabia,SAU,Health,10.101,1975
Saudi Arabia,SAU,Health,10.101,1976
Saudi Arabia,SAU,Health,11.111,1977
Saudi Arabia,SAU,Health,11.111,1978
Saudi Arabia,SAU,Health,11.111,1979
Saudi Arabia,SAU,Health,12.121,1980
Saudi Arabia,SAU,Health,12.121,1981
Saudi Arabia,SAU,Health,12.121,1982
Saudi Arabia,SAU,Health,12.121,1983
Saudi Arabia,SAU,Health,12.121,1984
Saudi Arabia,SAU,Health,12.121,1985
Saudi Arabia,SAU,Health,12.121,1986
Saudi Arabia,SAU,Health,12.121,1987
Saudi Arabia,SAU,Health,12.121,1988
Saudi Arabia,SAU,Health,12.121,1989
Saudi Arabia,SAU,Health,17.172,1990
Saudi Arabia,SAU,Health,16.667,1991
Saudi Arabia,SAU,Health,16.667,1992
Saudi Arabia,SAU,Health,16.667,1993
Saudi Arabia,SAU,Health,18.687,1994
Saudi Arabia,SAU,Health,17.172,1995
Saudi Arabia,SAU,Health,17.677,1996
Saudi Arabia,SAU,Health,17.677,1997
Saudi Arabia,SAU,Health,17.172,1998
Saudi Arabia,SAU,Health,17.172,1999
Saudi Arabia,SAU,Health,56.061,2000
Saudi Arabia,SAU,Health,31.313,2001
Saudi Arabia,SAU,Health,31.313,2002
Saudi Arabia,SAU,Health,31.313,2003
Saudi Arabia,SAU,Health,39.394,2004
Saudi Arabia,SAU,Health,33.333,2005
Saudi Arabia,SAU,Health,31.818,2006
Saudi Arabia,SAU,Health,32.323,2007
Saudi Arabia,SAU,Health,32.323,2008
Saudi Arabia,SAU,Health,31.818,2009
Saudi Arabia,SAU,Health,59.091,2010
Saudi Arabia,SAU,Health,31.313,2011
Saudi Arabia,SAU,Health,31.313,2012
Saudi Arabia,SAU,Health,32.323,2013
Saudi Arabia,SAU,Health,33.333,2014
Saudi Arabia,SAU,Health,59.091,2015
Saudi Arabia,SAU,Health,35.859,2016
Saudi Arabia,SAU,Health,38.889,2017
Saudi Arabia,SAU,Health,38.889,2018
Saudi Arabia,SAU,Health,62.121,2019
Saudi Arabia,SAU,Health,30.303,2020
Saudi Arabia,SAU,Health,19.192,2021
Saudi Arabia,SAU,Health,17.172,2022
Saudi Arabia,SAU,Health,1.010,2023
Saudi Arabia,SAU,Leadership,0.000,1960
Saudi Arabia,SAU,Leadership,0.000,1961
Saudi Arabia,SAU,Leadership,0.000,1962
Saudi Arabia,SAU,Leadership,0.000,1963
Saudi Arabia,SAU,Leadership,0.000,1964
Saudi Arabia,SAU,Leadership,0.000,1965
Saudi Arabia,SAU,Leadership,0.000,1966
Saudi Arabia,SAU,Leadership,0.000,1967
Saudi Arabia,SAU,Leadership,0.000,1968
Saudi Arabia,SAU,Leadership,0.000,1969
Saudi Arabia,SAU,Leadership,0.000,1970
Saudi Arabia,SAU,Leadership,0.000,1971
Saudi Arabia,SAU,Leadership,0.000,1972
Saudi Arabia,SAU,Leadership,0.000,1973
Saudi Arabia,SAU,Leadership,0.000,1974
Saudi Arabia,SAU,Leadership,0.000,1975
Saudi Arabia,SAU,Leadership,0.000,1976
Saudi Arabia,SAU,Leadership,0.000,1977
Saudi Arabia,SAU,Leadership,0.000,1978
Saudi Arabia,SAU,Leadership,0.000,1979
Saudi Arabia,SAU,Leadership,0.000,1980
Saudi Arabia,SAU,Leadership,0.000,1981
Saudi Arabia,SAU,Leadership,0.000,1982
Saudi Arabia,SAU,Leadership,0.000,1983
Saudi Arabia,SAU,Leadership,0.000,1984
Saudi Arabia,SAU,Leadership,0.000,1985
Saudi Arabia,SAU,Leadership,0.000,1986
Saudi Arabia,SAU,Leadership,0.000,1987
Saudi Arabia,SAU,Leadership,0.000,1988
Saudi Arabia,SAU,Leadership,0.000,1989
Saudi Arabia,SAU,Leadership,0.000,1990
Saudi Arabia,SAU,Leadership,0.000,1991
Saudi Arabia,SAU,Leadership,0.000,1992
Saudi Arabia,SAU,Leadership,0.000,1993
Saudi Arabia,SAU,Leadership,0.000,1994
Saudi Arabia,SAU,Leadership,0.000,1995
Saudi Arabia,SAU,Leadership,0.000,1996
Saudi Arabia,SAU,Leadership,0.000,1997
Saudi Arabia,SAU,Leadership,0.000,1998
Saudi Arabia,SAU,Leadership,0.000,1999
Saudi Arabia,SAU,Leadership,0.000,2000
Saudi Arabia,SAU,Leadership,0.000,2001
Saudi Arabia,SAU,Leadership,0.000,2002
Saudi Arabia,SAU,Leadership,25.000,2003
Saudi Arabia,SAU,Leadership,25.000,2004
Saudi Arabia,SAU,Leadership,50.000,2005
Saudi Arabia,SAU,Leadership,25.000,2006
Saudi Arabia,SAU,Leadership,25.000,2007
Saudi Arabia,SAU,Leadership,50.000,2008
Saudi Arabia,SAU,Leadership,25.000,2009
Saudi Arabia,SAU,Leadership,50.000,2010
Saudi Arabia,SAU,Leadership,25.000,2011
Saudi Arabia,SAU,Leadership,50.000,2012
Saudi Arabia,SAU,Leadership,25.000,2013
Saudi Arabia,SAU,Leadership,50.000,2014
Saudi Arabia,SAU,Leadership,50.000,2015
Saudi Arabia,SAU,Leadership,50.000,2016
Saudi Arabia,SAU,Leadership,25.000,2017
Saudi Arabia,SAU,Leadership,50.000,2018
Saudi Arabia,SAU,Leadership,50.000,2019
Saudi Arabia,SAU,Leadership,50.000,2020
Saudi Arabia,SAU,Leadership,25.000,2021
Saudi Arabia,SAU,Leadership,75.000,2022
Saudi Arabia,SAU,Leadership,25.000,2023
Saudi Arabia,SAU,Norms and Decision-making,0.000,1960
Saudi Arabia,SAU,Norms and Decision-making,0.000,1961
Saudi Arabia,SAU,Norms and Decision-making,0.000,1962
Saudi Arabia,SAU,Norms and Decision-making,0.000,1963
Saudi Arabia,SAU,Norms and Decision-making,0.000,1964
Saudi Arabia,SAU,Norms and Decision-making,0.000,1965
Saudi Arabia,SAU,Norms and Decision-making,0.000,1966
Saudi Arabia,SAU,Norms and Decision-making,0.000,1967
Saudi Arabia,SAU,Norms and Decision-making,0.000,1968
Saudi Arabia,SAU,Norms and Decision-making,0.000,1969
Saudi Arabia,SAU,Norms and Decision-making,12.593,1970
Saudi Arabia,SAU,Norms and Decision-making,12.593,1971
Saudi Arabia,SAU,Norms and Decision-making,12.593,1972
Saudi Arabia,SAU,Norms and Decision-making,12.593,1973
Saudi Arabia,SAU,Norms and Decision-making,12.593,1974
Saudi Arabia,SAU,Norms and Decision-making,12.593,1975
Saudi Arabia,SAU,Norms and Decision-making,12.593,1976
Saudi Arabia,SAU,Norms and Decision-making,12.593,1977
Saudi Arabia,SAU,Norms and Decision-making,12.593,1978
Saudi Arabia,SAU,Norms and Decision-making,12.593,1979
Saudi Arabia,SAU,Norms and Decision-making,12.593,1980
Saudi Arabia,SAU,Norms and Decision-making,12.593,1981
Saudi Arabia,SAU,Norms and Decision-making,12.593,1982
Saudi Arabia,SAU,Norms and Decision-making,12.593,1983
Saudi Arabia,SAU,Norms and Decision-making,12.593,1984
Saudi Arabia,SAU,Norms and Decision-making,12.593,1985
Saudi Arabia,SAU,Norms and Decision-making,12.593,1986
Saudi Arabia,SAU,Norms and Decision-making,14.074,1987
Saudi Arabia,SAU,Norms and Decision-making,12.593,1988
Saudi Arabia,SAU,Norms and Decision-making,12.593,1989
Saudi Arabia,SAU,Norms and Decision-making,12.593,1990
Saudi Arabia,SAU,Norms and Decision-making,12.593,1991
Saudi Arabia,SAU,Norms and Decision-making,12.593,1992
Saudi Arabia,SAU,Norms and Decision-making,12.593,1993
Saudi Arabia,SAU,Norms and Decision-making,12.593,1994
Saudi Arabia,SAU,Norms and Decision-making,12.593,1995
Saudi Arabia,SAU,Norms and Decision-making,14.074,1996
Saudi Arabia,SAU,Norms and Decision-making,12.593,1997
Saudi Arabia,SAU,Norms and Decision-making,12.593,1998
Saudi Arabia,SAU,Norms and Decision-making,14.074,1999
Saudi Arabia,SAU,Norms and Decision-making,12.593,2000
Saudi Arabia,SAU,Norms and Decision-making,12.593,2001
Saudi Arabia,SAU,Norms and Decision-making,12.593,2002
Saudi Arabia,SAU,Norms and Decision-making,12.593,2003
Saudi Arabia,SAU,Norms and Decision-making,14.074,2004
Saudi Arabia,SAU,Norms and Decision-making,12.593,2005
Saudi Arabia,SAU,Norms and Decision-making,12.593,2006
Saudi Arabia,SAU,Norms and Decision-making,14.074,2007
Saudi Arabia,SAU,Norms and Decision-making,12.593,2008
Saudi Arabia,SAU,Norms and Decision-making,12.593,2009
Saudi Arabia,SAU,Norms and Decision-making,14.074,2010
Saudi Arabia,SAU,Norms and Decision-making,12.593,2011
Saudi Arabia,SAU,Norms and Decision-making,12.593,2012
Saudi Arabia,SAU,Norms and Decision-making,12.593,2013
Saudi Arabia,SAU,Norms and Decision-making,12.593,2014
Saudi Arabia,SAU,Norms and Decision-making,12.593,2015
Saudi Arabia,SAU,Norms and Decision-making,14.074,2016
Saudi Arabia,SAU,Norms and Decision-making,14.074,2017
Saudi Arabia,SAU,Norms and Decision-making,12.593,2018
Saudi Arabia,SAU,Norms and Decision-making,12.593,2019
Saudi Arabia,SAU,Norms and Decision-making,12.593,2020
Saudi Arabia,SAU,Norms and Decision-making,12.593,2021
Saudi Arabia,SAU,Norms and Decision-making,12.593,2022
Saudi Arabia,SAU,Norms and Decision-making,12.593,2023
Saudi Arabia,SAU,Population,86.905,1960
Saudi Arabia,SAU,Population,86.905,1961
Saudi Arabia,SAU,Population,86.905,1962
Saudi Arabia,SAU,Population,86.905,1963
Saudi Arabia,SAU,Population,86.905,1964
Saudi Arabia,SAU,Population,86.905,1965
Saudi Arabia,SAU,Population,86.905,1966
Saudi Arabia,SAU,Population,86.905,1967
Saudi Arabia,SAU,Population,86.905,1968
Saudi Arabia,SAU,Population,86.905,1969
Saudi Arabia,SAU,Population,86.905,1970
Saudi Arabia,SAU,Population,86.905,1971
Saudi Arabia,SAU,Population,86.905,1972
Saudi Arabia,SAU,Population,86.905,1973
Saudi Arabia,SAU,Population,86.905,1974
Saudi Arabia,SAU,Population,86.905,1975
Saudi Arabia,SAU,Population,86.905,1976
Saudi Arabia,SAU,Population,86.905,1977
Saudi Arabia,SAU,Population,86.905,1978
Saudi Arabia,SAU,Population,86.905,1979
Saudi Arabia,SAU,Population,91.667,1980
Saudi Arabia,SAU,Population,86.905,1981
Saudi Arabia,SAU,Population,86.905,1982
Saudi Arabia,SAU,Population,86.905,1983
Saudi Arabia,SAU,Population,86.905,1984
Saudi Arabia,SAU,Population,91.667,1985
Saudi Arabia,SAU,Population,86.905,1986
Saudi Arabia,SAU,Population,89.286,1987
Saudi Arabia,SAU,Population,86.905,1988
Saudi Arabia,SAU,Population,86.905,1989
Saudi Arabia,SAU,Population,92.857,1990
Saudi Arabia,SAU,Population,86.905,1991
Saudi Arabia,SAU,Population,86.905,1992
Saudi Arabia,SAU,Population,86.905,1993
Saudi Arabia,SAU,Population,86.905,1994
Saudi Arabia,SAU,Population,92.857,1995
Saudi Arabia,SAU,Population,89.286,1996
Saudi Arabia,SAU,Population,86.905,1997
Saudi Arabia,SAU,Population,86.905,1998
Saudi Arabia,SAU,Population,89.286,1999
Saudi Arabia,SAU,Population,92.857,2000
Saudi Arabia,SAU,Population,86.905,2001
Saudi Arabia,SAU,Population,86.905,2002
Saudi Arabia,SAU,Population,86.905,2003
Saudi Arabia,SAU,Population,89.286,2004
Saudi Arabia,SAU,Population,92.857,2005
Saudi Arabia,SAU,Population,86.905,2006
Saudi Arabia,SAU,Population,89.286,2007
Saudi Arabia,SAU,Population,86.905,2008
Saudi Arabia,SAU,Population,86.905,2009
Saudi Arabia,SAU,Population,95.238,2010
Saudi Arabia,SAU,Population,86.905,2011
Saudi Arabia,SAU,Population,86.905,2012
Saudi Arabia,SAU,Population,86.905,2013
Saudi Arabia,SAU,Population,86.905,2014
Saudi Arabia,SAU,Population,92.857,2015
Saudi Arabia,SAU,Population,89.286,2016
Saudi Arabia,SAU,Population,89.286,2017
Saudi Arabia,SAU,Population,90.476,2018
Saudi Arabia,SAU,Population,86.905,2019
Saudi Arabia,SAU,Population,88.095,2020
Saudi Arabia,SAU,Population,86.905,2021
Saudi Arabia,SAU,Population,86.905,2022
Saudi Arabia,SAU,Population,77.381,2023
Saudi Arabia,SAU,SDGs,0.671,1960
Saudi Arabia,SAU,SDGs,0.671,1961
Saudi Arabia,SAU,SDGs,0.671,1962
Saudi Arabia,SAU,SDGs,0.671,1963
Saudi Arabia,SAU,SDGs,0.671,1964
Saudi Arabia,SAU,SDGs,0.671,1965
Saudi Arabia,SAU,SDGs,0.671,1966
Saudi Arabia,SAU,SDGs,0.671,1967
Saudi Arabia,SAU,SDGs,0.671,1968
Saudi Arabia,SAU,SDGs,0.671,1969
Saudi Arabia,SAU,SDGs,9.396,1970
Saudi Arabia,SAU,SDGs,9.396,1971
Saudi Arabia,SAU,SDGs,11.409,1972
Saudi Arabia,SAU,SDGs,11.409,1973
Saudi Arabia,SAU,SDGs,11.409,1974
Saudi Arabia,SAU,SDGs,11.409,1975
Saudi Arabia,SAU,SDGs,11.409,1976
Saudi Arabia,SAU,SDGs,11.409,1977
Saudi Arabia,SAU,SDGs,11.409,1978
Saudi Arabia,SAU,SDGs,11.409,1979
Saudi Arabia,SAU,SDGs,12.081,1980
Saudi Arabia,SAU,SDGs,12.081,1981
Saudi Arabia,SAU,SDGs,12.081,1982
Saudi Arabia,SAU,SDGs,12.081,1983
Saudi Arabia,SAU,SDGs,12.081,1984
Saudi Arabia,SAU,SDGs,12.081,1985
Saudi Arabia,SAU,SDGs,12.081,1986
Saudi Arabia,SAU,SDGs,12.081,1987
Saudi Arabia,SAU,SDGs,12.081,1988
Saudi Arabia,SAU,SDGs,12.081,1989
Saudi Arabia,SAU,SDGs,16.779,1990
Saudi Arabia,SAU,SDGs,20.134,1991
Saudi Arabia,SAU,SDGs,22.148,1992
Saudi Arabia,SAU,SDGs,20.134,1993
Saudi Arabia,SAU,SDGs,20.134,1994
Saudi Arabia,SAU,SDGs,20.805,1995
Saudi Arabia,SAU,SDGs,20.805,1996
Saudi Arabia,SAU,SDGs,20.134,1997
Saudi Arabia,SAU,SDGs,20.805,1998
Saudi Arabia,SAU,SDGs,22.148,1999
Saudi Arabia,SAU,SDGs,67.785,2000
Saudi Arabia,SAU,SDGs,34.899,2001
Saudi Arabia,SAU,SDGs,34.899,2002
Saudi Arabia,SAU,SDGs,35.570,2003
Saudi Arabia,SAU,SDGs,36.242,2004
Saudi Arabia,SAU,SDGs,38.255,2005
Saudi Arabia,SAU,SDGs,36.242,2006
Saudi Arabia,SAU,SDGs,38.255,2007
Saudi Arabia,SAU,SDGs,38.255,2008
Saudi Arabia,SAU,SDGs,38.255,2009
Saudi Arabia,SAU,SDGs,68.456,2010
Saudi Arabia,SAU,SDGs,37.584,2011
Saudi Arabia,SAU,SDGs,37.584,2012
Saudi Arabia,SAU,SDGs,36.242,2013
Saudi Arabia,SAU,SDGs,39.597,2014
Saudi Arabia,SAU,SDGs,68.456,2015
Saudi Arabia,SAU,SDGs,36.913,2016
Saudi Arabia,SAU,SDGs,40.268,2017
Saudi Arabia,SAU,SDGs,40.268,2018
Saudi Arabia,SAU,SDGs,74.497,2019
Saudi Arabia,SAU,SDGs,31.544,2020
Saudi Arabia,SAU,SDGs,28.859,2021
Saudi Arabia,SAU,SDGs,26.846,2022
Saudi Arabia,SAU,SDGs,18.121,2023
Saudi Arabia,SAU,Technology,0.000,1960
Saudi Arabia,SAU,Technology,0.000,1961
Saudi Arabia,SAU,Technology,0.000,1962
Saudi Arabia,SAU,Technology,0.000,1963
Saudi Arabia,SAU,Technology,0.000,1964
Saudi Arabia,SAU,Technology,0.000,1965
Saudi Arabia,SAU,Technology,0.000,1966
Saudi Arabia,SAU,Technology,0.000,1967
Saudi Arabia,SAU,Technology,0.000,1968
Saudi Arabia,SAU,Technology,0.000,1969
Saudi Arabia,SAU,Technology,0.000,1970
Saudi Arabia,SAU,Technology,0.000,1971
Saudi Arabia,SAU,Technology,0.000,1972
Saudi Arabia,SAU,Technology,0.000,1973
Saudi Arabia,SAU,Technology,0.000,1974
Saudi Arabia,SAU,Technology,0.000,1975
Saudi Arabia,SAU,Technology,0.000,1976
Saudi Arabia,SAU,Technology,0.000,1977
Saudi Arabia,SAU,Technology,0.000,1978
Saudi Arabia,SAU,Technology,0.000,1979
Saudi Arabia,SAU,Technology,0.000,1980
Saudi Arabia,SAU,Technology,0.000,1981
Saudi Arabia,SAU,Technology,0.000,1982
Saudi Arabia,SAU,Technology,0.000,1983
Saudi Arabia,SAU,Technology,0.000,1984
Saudi Arabia,SAU,Technology,0.000,1985
Saudi Arabia,SAU,Technology,0.000,1986
Saudi Arabia,SAU,Technology,0.000,1987
Saudi Arabia,SAU,Technology,0.000,1988
Saudi Arabia,SAU,Technology,0.000,1989
Saudi Arabia,SAU,Technology,2.222,1990
Saudi Arabia,SAU,Technology,2.222,1991
Saudi Arabia,SAU,Technology,2.222,1992
Saudi Arabia,SAU,Technology,2.222,1993
Saudi Arabia,SAU,Technology,2.222,1994
Saudi Arabia,SAU,Technology,2.222,1995
Saudi Arabia,SAU,Technology,2.222,1996
Saudi Arabia,SAU,Technology,2.222,1997
Saudi Arabia,SAU,Technology,4.444,1998
Saudi Arabia,SAU,Technology,4.444,1999
Saudi Arabia,SAU,Technology,4.444,2000
Saudi Arabia,SAU,Technology,2.222,2001
Saudi Arabia,SAU,Technology,4.444,2002
Saudi Arabia,SAU,Technology,4.444,2003
Saudi Arabia,SAU,Technology,8.889,2004
Saudi Arabia,SAU,Technology,8.889,2005
Saudi Arabia,SAU,Technology,8.889,2006
Saudi Arabia,SAU,Technology,8.889,2007
Saudi Arabia,SAU,Technology,8.889,2008
Saudi Arabia,SAU,Technology,8.889,2009
Saudi Arabia,SAU,Technology,8.889,2010
Saudi Arabia,SAU,Technology,15.556,2011
Saudi Arabia,SAU,Technology,8.889,2012
Saudi Arabia,SAU,Technology,4.444,2013
Saudi Arabia,SAU,Technology,35.556,2014
Saudi Arabia,SAU,Technology,13.333,2015
Saudi Arabia,SAU,Technology,13.333,2016
Saudi Arabia,SAU,Technology,60.000,2017
Saudi Arabia,SAU,Technology,13.333,2018
Saudi Arabia,SAU,Technology,6.667,2019
Saudi Arabia,SAU,Technology,6.667,2020
Saudi Arabia,SAU,Technology,73.333,2021
Saudi Arabia,SAU,Technology,6.667,2022
Saudi Arabia,SAU,Technology,6.667,2023
Saudi Arabia,SAU,Violence,0.000,1960
Saudi Arabia,SAU,Violence,0.000,1961
Saudi Arabia,SAU,Violence,0.000,1962
Saudi Arabia,SAU,Violence,0.000,1963
Saudi Arabia,SAU,Violence,0.000,1964
Saudi Arabia,SAU,Violence,0.000,1965
Saudi Arabia,SAU,Violence,0.000,1966
Saudi Arabia,SAU,Violence,0.000,1967
Saudi Arabia,SAU,Violence,0.000,1968
Saudi Arabia,SAU,Violence,0.000,1969
Saudi Arabia,SAU,Violence,2.143,1970
Saudi Arabia,SAU,Violence,2.143,1971
Saudi Arabia,SAU,Violence,2.143,1972
Saudi Arabia,SAU,Violence,2.143,1973
Saudi Arabia,SAU,Violence,2.143,1974
Saudi Arabia,SAU,Violence,2.143,1975
Saudi Arabia,SAU,Violence,2.143,1976
Saudi Arabia,SAU,Violence,2.143,1977
Saudi Arabia,SAU,Violence,2.143,1978
Saudi Arabia,SAU,Violence,2.143,1979
Saudi Arabia,SAU,Violence,2.143,1980
Saudi Arabia,SAU,Violence,2.143,1981
Saudi Arabia,SAU,Violence,2.143,1982
Saudi Arabia,SAU,Violence,2.143,1983
Saudi Arabia,SAU,Violence,2.143,1984
Saudi Arabia,SAU,Violence,2.143,1985
Saudi Arabia,SAU,Violence,2.143,1986
Saudi Arabia,SAU,Violence,2.143,1987
Saudi Arabia,SAU,Violence,2.143,1988
Saudi Arabia,SAU,Violence,2.143,1989
Saudi Arabia,SAU,Violence,2.143,1990
Saudi Arabia,SAU,Violence,2.143,1991
Saudi Arabia,SAU,Violence,2.143,1992
Saudi Arabia,SAU,Violence,2.143,1993
Saudi Arabia,SAU,Violence,2.143,1994
Saudi Arabia,SAU,Violence,2.143,1995
Saudi Arabia,SAU,Violence,2.143,1996
Saudi Arabia,SAU,Violence,2.143,1997
Saudi Arabia,SAU,Violence,2.143,1998
Saudi Arabia,SAU,Violence,2.857,1999
Saudi Arabia,SAU,Violence,5.000,2000
Saudi Arabia,SAU,Violence,5.000,2001
Saudi Arabia,SAU,Violence,5.000,2002
Saudi Arabia,SAU,Violence,5.000,2003
Saudi Arabia,SAU,Violence,5.000,2004
Saudi Arabia,SAU,Violence,5.000,2005
Saudi Arabia,SAU,Violence,5.000,2006
Saudi Arabia,SAU,Violence,5.000,2007
Saudi Arabia,SAU,Violence,4.286,2008
Saudi Arabia,SAU,Violence,4.286,2009
Saudi Arabia,SAU,Violence,4.286,2010
Saudi Arabia,SAU,Violence,4.286,2011
Saudi Arabia,SAU,Violence,4.286,2012
Saudi Arabia,SAU,Violence,4.286,2013
Saudi Arabia,SAU,Violence,4.286,2014
Saudi Arabia,SAU,Violence,4.286,2015
Saudi Arabia,SAU,Violence,4.286,2016
Saudi Arabia,SAU,Violence,5.714,2017
Saudi Arabia,SAU,Violence,5.000,2018
Saudi Arabia,SAU,Violence,5.000,2019
Saudi Arabia,SAU,Violence,2.143,2020
Saudi Arabia,SAU,Violence,2.143,2021
Saudi Arabia,SAU,Violence,2.143,2022
Saudi Arabia,SAU,Violence,2.143,2023
Saudi Arabia,SAU,Youth 15-24,4.587,1960
Saudi Arabia,SAU,Youth 15-24,4.587,1961
Saudi Arabia,SAU,Youth 15-24,4.587,1962
Saudi Arabia,SAU,Youth 15-24,4.587,1963
Saudi Arabia,SAU,Youth 15-24,4.587,1964
Saudi Arabia,SAU,Youth 15-24,4.587,1965
Saudi Arabia,SAU,Youth 15-24,4.587,1966
Saudi Arabia,SAU,Youth 15-24,4.587,1967
Saudi Arabia,SAU,Youth 15-24,4.587,1968
Saudi Arabia,SAU,Youth 15-24,4.587,1969
Saudi Arabia,SAU,Youth 15-24,4.587,1970
Saudi Arabia,SAU,Youth 15-24,8.257,1971
Saudi Arabia,SAU,Youth 15-24,8.257,1972
Saudi Arabia,SAU,Youth 15-24,8.257,1973
Saudi Arabia,SAU,Youth 15-24,8.257,1974
Saudi Arabia,SAU,Youth 15-24,8.257,1975
Saudi Arabia,SAU,Youth 15-24,8.257,1976
Saudi Arabia,SAU,Youth 15-24,8.257,1977
Saudi Arabia,SAU,Youth 15-24,8.257,1978
Saudi Arabia,SAU,Youth 15-24,16.514,1979
Saudi Arabia,SAU,Youth 15-24,8.257,1980
Saudi Arabia,SAU,Youth 15-24,8.257,1981
Saudi Arabia,SAU,Youth 15-24,8.257,1982
Saudi Arabia,SAU,Youth 15-24,8.257,1983
Saudi Arabia,SAU,Youth 15-24,8.257,1984
Saudi Arabia,SAU,Youth 15-24,8.257,1985
Saudi Arabia,SAU,Youth 15-24,8.257,1986
Saudi Arabia,SAU,Youth 15-24,8.257,1987
Saudi Arabia,SAU,Youth 15-24,4.587,1988
Saudi Arabia,SAU,Youth 15-24,5.505,1989
Saudi Arabia,SAU,Youth 15-24,12.844,1990
Saudi Arabia,SAU,Youth 15-24,22.018,1991
Saudi Arabia,SAU,Youth 15-24,34.862,1992
Saudi Arabia,SAU,Youth 15-24,22.018,1993
Saudi Arabia,SAU,Youth 15-24,22.018,1994
Saudi Arabia,SAU,Youth 15-24,22.018,1995
Saudi Arabia,SAU,Youth 15-24,22.018,1996
Saudi Arabia,SAU,Youth 15-24,22.018,1997
Saudi Arabia,SAU,Youth 15-24,32.110,1998
Saudi Arabia,SAU,Youth 15-24,33.028,1999
Saudi Arabia,SAU,Youth 15-24,47.706,2000
Saudi Arabia,SAU,Youth 15-24,27.523,2001
Saudi Arabia,SAU,Youth 15-24,33.028,2002
Saudi Arabia,SAU,Youth 15-24,30.275,2003
Saudi Arabia,SAU,Youth 15-24,55.046,2004
Saudi Arabia,SAU,Youth 15-24,49.541,2005
Saudi Arabia,SAU,Youth 15-24,38.532,2006
Saudi Arabia,SAU,Youth 15-24,46.789,2007
Saudi Arabia,SAU,Youth 15-24,40.367,2008
Saudi Arabia,SAU,Youth 15-24,64.220,2009
Saudi Arabia,SAU,Youth 15-24,35.780,2010
Saudi Arabia,SAU,Youth 15-24,38.532,2011
Saudi Arabia,SAU,Youth 15-24,45.872,2012
Saudi Arabia,SAU,Youth 15-24,66.972,2013
Saudi Arabia,SAU,Youth 15-24,46.789,2014
Saudi Arabia,SAU,Youth 15-24,55.963,2015
Saudi Arabia,SAU,Youth 15-24,58.716,2016
Saudi Arabia,SAU,Youth 15-24,88.073,2017
Saudi Arabia,SAU,Youth 15-24,66.055,2018
Saudi Arabia,SAU,Youth 15-24,44.037,2019
Saudi Arabia,SAU,Youth 15-24,56.881,2020
Saudi Arabia,SAU,Youth 15-24,53.211,2021
Saudi Arabia,SAU,Youth 15-24,51.376,2022
Saudi Arabia,SAU,Youth 15-24,35.780,2023
