Country Name,Country Code,Topic,% of available indicators,Year
Andorra,AND,Assets,0.000,1960
Andorra,AND,Assets,0.000,1961
Andorra,AND,Assets,0.000,1962
Andorra,AND,Assets,0.000,1963
Andorra,AND,Assets,0.000,1964
Andorra,AND,Assets,0.000,1965
Andorra,AND,Assets,0.000,1966
Andorra,AND,Assets,0.000,1967
Andorra,AND,Assets,0.000,1968
Andorra,AND,Assets,0.000,1969
Andorra,AND,Assets,0.000,1970
Andorra,AND,Assets,0.000,1971
Andorra,AND,Assets,0.000,1972
Andorra,AND,Assets,0.000,1973
Andorra,AND,Assets,0.000,1974
Andorra,AND,Assets,0.000,1975
Andorra,AND,Assets,0.000,1976
Andorra,AND,Assets,0.000,1977
Andorra,AND,Assets,0.000,1978
Andorra,AND,Assets,0.000,1979
Andorra,AND,Assets,0.000,1980
Andorra,AND,Assets,0.000,1981
Andorra,AND,Assets,0.000,1982
Andorra,AND,Assets,0.000,1983
Andorra,AND,Assets,0.000,1984
Andorra,AND,Assets,0.000,1985
Andorra,AND,Assets,0.000,1986
Andorra,AND,Assets,0.000,1987
Andorra,AND,Assets,0.000,1988
Andorra,AND,Assets,0.000,1989
Andorra,AND,Assets,0.000,1990
Andorra,AND,Assets,0.000,1991
Andorra,AND,Assets,0.000,1992
Andorra,AND,Assets,0.000,1993
Andorra,AND,Assets,0.000,1994
Andorra,AND,Assets,0.000,1995
Andorra,AND,Assets,0.000,1996
Andorra,AND,Assets,0.000,1997
Andorra,AND,Assets,0.000,1998
Andorra,AND,Assets,0.000,1999
Andorra,AND,Assets,0.000,2000
Andorra,AND,Assets,0.000,2001
Andorra,AND,Assets,0.000,2002
Andorra,AND,Assets,0.000,2003
Andorra,AND,Assets,0.000,2004
Andorra,AND,Assets,0.000,2005
Andorra,AND,Assets,0.000,2006
Andorra,AND,Assets,0.000,2007
Andorra,AND,Assets,0.000,2008
Andorra,AND,Assets,0.000,2009
Andorra,AND,Assets,0.000,2010
Andorra,AND,Assets,0.000,2011
Andorra,AND,Assets,0.000,2012
Andorra,AND,Assets,0.000,2013
Andorra,AND,Assets,0.000,2014
Andorra,AND,Assets,0.000,2015
Andorra,AND,Assets,0.000,2016
Andorra,AND,Assets,0.000,2017
Andorra,AND,Assets,0.000,2018
Andorra,AND,Assets,0.000,2019
Andorra,AND,Assets,0.000,2020
Andorra,AND,Assets,0.000,2021
Andorra,AND,Assets,0.000,2022
Andorra,AND,Assets,0.000,2023
Andorra,AND,Children 0-14,8.462,1960
Andorra,AND,Children 0-14,8.462,1961
Andorra,AND,Children 0-14,8.462,1962
Andorra,AND,Children 0-14,8.462,1963
Andorra,AND,Children 0-14,8.462,1964
Andorra,AND,Children 0-14,8.462,1965
Andorra,AND,Children 0-14,8.462,1966
Andorra,AND,Children 0-14,8.462,1967
Andorra,AND,Children 0-14,8.462,1968
Andorra,AND,Children 0-14,8.462,1969
Andorra,AND,Children 0-14,8.462,1970
Andorra,AND,Children 0-14,8.462,1971
Andorra,AND,Children 0-14,8.462,1972
Andorra,AND,Children 0-14,8.462,1973
Andorra,AND,Children 0-14,8.462,1974
Andorra,AND,Children 0-14,14.615,1975
Andorra,AND,Children 0-14,8.462,1976
Andorra,AND,Children 0-14,8.462,1977
Andorra,AND,Children 0-14,8.462,1978
Andorra,AND,Children 0-14,8.462,1979
Andorra,AND,Children 0-14,8.462,1980
Andorra,AND,Children 0-14,8.462,1981
Andorra,AND,Children 0-14,8.462,1982
Andorra,AND,Children 0-14,14.615,1983
Andorra,AND,Children 0-14,8.462,1984
Andorra,AND,Children 0-14,13.077,1985
Andorra,AND,Children 0-14,15.385,1986
Andorra,AND,Children 0-14,15.385,1987
Andorra,AND,Children 0-14,15.385,1988
Andorra,AND,Children 0-14,15.385,1989
Andorra,AND,Children 0-14,16.923,1990
Andorra,AND,Children 0-14,16.923,1991
Andorra,AND,Children 0-14,16.923,1992
Andorra,AND,Children 0-14,16.923,1993
Andorra,AND,Children 0-14,16.923,1994
Andorra,AND,Children 0-14,16.923,1995
Andorra,AND,Children 0-14,16.923,1996
Andorra,AND,Children 0-14,18.462,1997
Andorra,AND,Children 0-14,18.462,1998
Andorra,AND,Children 0-14,18.462,1999
Andorra,AND,Children 0-14,18.462,2000
Andorra,AND,Children 0-14,18.462,2001
Andorra,AND,Children 0-14,23.846,2002
Andorra,AND,Children 0-14,26.154,2003
Andorra,AND,Children 0-14,26.154,2004
Andorra,AND,Children 0-14,23.846,2005
Andorra,AND,Children 0-14,25.385,2006
Andorra,AND,Children 0-14,25.385,2007
Andorra,AND,Children 0-14,25.385,2008
Andorra,AND,Children 0-14,25.385,2009
Andorra,AND,Children 0-14,26.923,2010
Andorra,AND,Children 0-14,26.923,2011
Andorra,AND,Children 0-14,27.692,2012
Andorra,AND,Children 0-14,26.923,2013
Andorra,AND,Children 0-14,33.846,2014
Andorra,AND,Children 0-14,33.846,2015
Andorra,AND,Children 0-14,35.385,2016
Andorra,AND,Children 0-14,30.000,2017
Andorra,AND,Children 0-14,29.231,2018
Andorra,AND,Children 0-14,28.462,2019
Andorra,AND,Children 0-14,30.000,2020
Andorra,AND,Children 0-14,28.462,2021
Andorra,AND,Children 0-14,29.231,2022
Andorra,AND,Children 0-14,17.692,2023
Andorra,AND,Education,0.000,1960
Andorra,AND,Education,0.000,1961
Andorra,AND,Education,0.000,1962
Andorra,AND,Education,0.000,1963
Andorra,AND,Education,0.000,1964
Andorra,AND,Education,0.000,1965
Andorra,AND,Education,0.000,1966
Andorra,AND,Education,0.000,1967
Andorra,AND,Education,0.000,1968
Andorra,AND,Education,0.000,1969
Andorra,AND,Education,0.000,1970
Andorra,AND,Education,5.521,1971
Andorra,AND,Education,5.521,1972
Andorra,AND,Education,5.521,1973
Andorra,AND,Education,5.521,1974
Andorra,AND,Education,11.656,1975
Andorra,AND,Education,5.521,1976
Andorra,AND,Education,0.000,1977
Andorra,AND,Education,0.000,1978
Andorra,AND,Education,0.000,1979
Andorra,AND,Education,0.000,1980
Andorra,AND,Education,0.000,1981
Andorra,AND,Education,0.000,1982
Andorra,AND,Education,11.656,1983
Andorra,AND,Education,0.000,1984
Andorra,AND,Education,0.000,1985
Andorra,AND,Education,0.000,1986
Andorra,AND,Education,0.000,1987
Andorra,AND,Education,0.000,1988
Andorra,AND,Education,0.000,1989
Andorra,AND,Education,0.000,1990
Andorra,AND,Education,0.000,1991
Andorra,AND,Education,0.000,1992
Andorra,AND,Education,0.000,1993
Andorra,AND,Education,0.000,1994
Andorra,AND,Education,0.000,1995
Andorra,AND,Education,0.000,1996
Andorra,AND,Education,0.613,1997
Andorra,AND,Education,0.000,1998
Andorra,AND,Education,0.000,1999
Andorra,AND,Education,0.000,2000
Andorra,AND,Education,0.000,2001
Andorra,AND,Education,25.153,2002
Andorra,AND,Education,31.288,2003
Andorra,AND,Education,34.356,2004
Andorra,AND,Education,31.902,2005
Andorra,AND,Education,33.742,2006
Andorra,AND,Education,18.405,2007
Andorra,AND,Education,27.607,2008
Andorra,AND,Education,19.018,2009
Andorra,AND,Education,19.632,2010
Andorra,AND,Education,17.178,2011
Andorra,AND,Education,27.607,2012
Andorra,AND,Education,30.061,2013
Andorra,AND,Education,44.785,2014
Andorra,AND,Education,47.239,2015
Andorra,AND,Education,47.853,2016
Andorra,AND,Education,34.356,2017
Andorra,AND,Education,33.742,2018
Andorra,AND,Education,20.245,2019
Andorra,AND,Education,19.018,2020
Andorra,AND,Education,19.018,2021
Andorra,AND,Education,30.061,2022
Andorra,AND,Education,17.791,2023
Andorra,AND,Employment and Time Use,0.000,1960
Andorra,AND,Employment and Time Use,0.000,1961
Andorra,AND,Employment and Time Use,0.000,1962
Andorra,AND,Employment and Time Use,0.000,1963
Andorra,AND,Employment and Time Use,0.000,1964
Andorra,AND,Employment and Time Use,0.000,1965
Andorra,AND,Employment and Time Use,0.000,1966
Andorra,AND,Employment and Time Use,0.000,1967
Andorra,AND,Employment and Time Use,0.000,1968
Andorra,AND,Employment and Time Use,0.000,1969
Andorra,AND,Employment and Time Use,0.000,1970
Andorra,AND,Employment and Time Use,0.000,1971
Andorra,AND,Employment and Time Use,0.000,1972
Andorra,AND,Employment and Time Use,0.000,1973
Andorra,AND,Employment and Time Use,0.000,1974
Andorra,AND,Employment and Time Use,0.000,1975
Andorra,AND,Employment and Time Use,0.000,1976
Andorra,AND,Employment and Time Use,0.000,1977
Andorra,AND,Employment and Time Use,0.000,1978
Andorra,AND,Employment and Time Use,0.000,1979
Andorra,AND,Employment and Time Use,0.000,1980
Andorra,AND,Employment and Time Use,0.000,1981
Andorra,AND,Employment and Time Use,0.000,1982
Andorra,AND,Employment and Time Use,0.000,1983
Andorra,AND,Employment and Time Use,0.000,1984
Andorra,AND,Employment and Time Use,0.000,1985
Andorra,AND,Employment and Time Use,0.000,1986
Andorra,AND,Employment and Time Use,0.000,1987
Andorra,AND,Employment and Time Use,0.000,1988
Andorra,AND,Employment and Time Use,0.000,1989
Andorra,AND,Employment and Time Use,0.000,1990
Andorra,AND,Employment and Time Use,0.000,1991
Andorra,AND,Employment and Time Use,0.000,1992
Andorra,AND,Employment and Time Use,0.000,1993
Andorra,AND,Employment and Time Use,0.000,1994
Andorra,AND,Employment and Time Use,0.000,1995
Andorra,AND,Employment and Time Use,0.000,1996
Andorra,AND,Employment and Time Use,0.000,1997
Andorra,AND,Employment and Time Use,0.000,1998
Andorra,AND,Employment and Time Use,0.000,1999
Andorra,AND,Employment and Time Use,0.000,2000
Andorra,AND,Employment and Time Use,0.000,2001
Andorra,AND,Employment and Time Use,0.000,2002
Andorra,AND,Employment and Time Use,0.000,2003
Andorra,AND,Employment and Time Use,0.000,2004
Andorra,AND,Employment and Time Use,0.000,2005
Andorra,AND,Employment and Time Use,1.460,2006
Andorra,AND,Employment and Time Use,1.460,2007
Andorra,AND,Employment and Time Use,1.460,2008
Andorra,AND,Employment and Time Use,0.000,2009
Andorra,AND,Employment and Time Use,0.000,2010
Andorra,AND,Employment and Time Use,0.000,2011
Andorra,AND,Employment and Time Use,0.000,2012
Andorra,AND,Employment and Time Use,0.000,2013
Andorra,AND,Employment and Time Use,0.000,2014
Andorra,AND,Employment and Time Use,0.000,2015
Andorra,AND,Employment and Time Use,0.000,2016
Andorra,AND,Employment and Time Use,0.000,2017
Andorra,AND,Employment and Time Use,0.000,2018
Andorra,AND,Employment and Time Use,0.000,2019
Andorra,AND,Employment and Time Use,0.000,2020
Andorra,AND,Employment and Time Use,0.000,2021
Andorra,AND,Employment and Time Use,0.000,2022
Andorra,AND,Employment and Time Use,0.000,2023
Andorra,AND,Entrepreneurship,0.000,1960
Andorra,AND,Entrepreneurship,0.000,1961
Andorra,AND,Entrepreneurship,0.000,1962
Andorra,AND,Entrepreneurship,0.000,1963
Andorra,AND,Entrepreneurship,0.000,1964
Andorra,AND,Entrepreneurship,0.000,1965
Andorra,AND,Entrepreneurship,0.000,1966
Andorra,AND,Entrepreneurship,0.000,1967
Andorra,AND,Entrepreneurship,0.000,1968
Andorra,AND,Entrepreneurship,0.000,1969
Andorra,AND,Entrepreneurship,0.000,1970
Andorra,AND,Entrepreneurship,0.000,1971
Andorra,AND,Entrepreneurship,0.000,1972
Andorra,AND,Entrepreneurship,0.000,1973
Andorra,AND,Entrepreneurship,0.000,1974
Andorra,AND,Entrepreneurship,0.000,1975
Andorra,AND,Entrepreneurship,0.000,1976
Andorra,AND,Entrepreneurship,0.000,1977
Andorra,AND,Entrepreneurship,0.000,1978
Andorra,AND,Entrepreneurship,0.000,1979
Andorra,AND,Entrepreneurship,0.000,1980
Andorra,AND,Entrepreneurship,0.000,1981
Andorra,AND,Entrepreneurship,0.000,1982
Andorra,AND,Entrepreneurship,0.000,1983
Andorra,AND,Entrepreneurship,0.000,1984
Andorra,AND,Entrepreneurship,0.000,1985
Andorra,AND,Entrepreneurship,0.000,1986
Andorra,AND,Entrepreneurship,0.000,1987
Andorra,AND,Entrepreneurship,0.000,1988
Andorra,AND,Entrepreneurship,0.000,1989
Andorra,AND,Entrepreneurship,0.000,1990
Andorra,AND,Entrepreneurship,0.000,1991
Andorra,AND,Entrepreneurship,0.000,1992
Andorra,AND,Entrepreneurship,0.000,1993
Andorra,AND,Entrepreneurship,0.000,1994
Andorra,AND,Entrepreneurship,0.000,1995
Andorra,AND,Entrepreneurship,0.000,1996
Andorra,AND,Entrepreneurship,0.000,1997
Andorra,AND,Entrepreneurship,0.000,1998
Andorra,AND,Entrepreneurship,0.000,1999
Andorra,AND,Entrepreneurship,0.000,2000
Andorra,AND,Entrepreneurship,0.000,2001
Andorra,AND,Entrepreneurship,0.000,2002
Andorra,AND,Entrepreneurship,0.000,2003
Andorra,AND,Entrepreneurship,0.000,2004
Andorra,AND,Entrepreneurship,0.000,2005
Andorra,AND,Entrepreneurship,0.000,2006
Andorra,AND,Entrepreneurship,0.000,2007
Andorra,AND,Entrepreneurship,0.000,2008
Andorra,AND,Entrepreneurship,0.000,2009
Andorra,AND,Entrepreneurship,0.000,2010
Andorra,AND,Entrepreneurship,0.000,2011
Andorra,AND,Entrepreneurship,0.000,2012
Andorra,AND,Entrepreneurship,0.000,2013
Andorra,AND,Entrepreneurship,0.000,2014
Andorra,AND,Entrepreneurship,0.000,2015
Andorra,AND,Entrepreneurship,0.000,2016
Andorra,AND,Entrepreneurship,0.000,2017
Andorra,AND,Entrepreneurship,0.000,2018
Andorra,AND,Entrepreneurship,0.000,2019
Andorra,AND,Entrepreneurship,0.000,2020
Andorra,AND,Entrepreneurship,0.000,2021
Andorra,AND,Entrepreneurship,0.000,2022
Andorra,AND,Entrepreneurship,0.000,2023
Andorra,AND,Environment,0.000,1960
Andorra,AND,Environment,0.000,1961
Andorra,AND,Environment,0.000,1962
Andorra,AND,Environment,0.000,1963
Andorra,AND,Environment,0.000,1964
Andorra,AND,Environment,0.000,1965
Andorra,AND,Environment,0.000,1966
Andorra,AND,Environment,0.000,1967
Andorra,AND,Environment,0.000,1968
Andorra,AND,Environment,0.000,1969
Andorra,AND,Environment,0.000,1970
Andorra,AND,Environment,0.000,1971
Andorra,AND,Environment,0.000,1972
Andorra,AND,Environment,0.000,1973
Andorra,AND,Environment,0.000,1974
Andorra,AND,Environment,0.000,1975
Andorra,AND,Environment,0.000,1976
Andorra,AND,Environment,0.000,1977
Andorra,AND,Environment,0.000,1978
Andorra,AND,Environment,0.000,1979
Andorra,AND,Environment,0.000,1980
Andorra,AND,Environment,0.000,1981
Andorra,AND,Environment,0.000,1982
Andorra,AND,Environment,0.000,1983
Andorra,AND,Environment,0.000,1984
Andorra,AND,Environment,0.000,1985
Andorra,AND,Environment,0.000,1986
Andorra,AND,Environment,0.000,1987
Andorra,AND,Environment,0.000,1988
Andorra,AND,Environment,0.000,1989
Andorra,AND,Environment,0.000,1990
Andorra,AND,Environment,0.000,1991
Andorra,AND,Environment,0.000,1992
Andorra,AND,Environment,0.000,1993
Andorra,AND,Environment,0.000,1994
Andorra,AND,Environment,0.000,1995
Andorra,AND,Environment,0.000,1996
Andorra,AND,Environment,0.000,1997
Andorra,AND,Environment,0.000,1998
Andorra,AND,Environment,0.000,1999
Andorra,AND,Environment,10.000,2000
Andorra,AND,Environment,10.000,2001
Andorra,AND,Environment,10.000,2002
Andorra,AND,Environment,10.000,2003
Andorra,AND,Environment,10.000,2004
Andorra,AND,Environment,10.000,2005
Andorra,AND,Environment,10.000,2006
Andorra,AND,Environment,10.000,2007
Andorra,AND,Environment,10.000,2008
Andorra,AND,Environment,10.000,2009
Andorra,AND,Environment,10.000,2010
Andorra,AND,Environment,10.000,2011
Andorra,AND,Environment,10.000,2012
Andorra,AND,Environment,10.000,2013
Andorra,AND,Environment,10.000,2014
Andorra,AND,Environment,10.000,2015
Andorra,AND,Environment,10.000,2016
Andorra,AND,Environment,10.000,2017
Andorra,AND,Environment,10.000,2018
Andorra,AND,Environment,10.000,2019
Andorra,AND,Environment,10.000,2020
Andorra,AND,Environment,10.000,2021
Andorra,AND,Environment,10.000,2022
Andorra,AND,Environment,0.000,2023
Andorra,AND,Health,1.515,1960
Andorra,AND,Health,1.515,1961
Andorra,AND,Health,1.515,1962
Andorra,AND,Health,1.515,1963
Andorra,AND,Health,1.515,1964
Andorra,AND,Health,1.515,1965
Andorra,AND,Health,1.515,1966
Andorra,AND,Health,1.515,1967
Andorra,AND,Health,1.515,1968
Andorra,AND,Health,1.515,1969
Andorra,AND,Health,1.515,1970
Andorra,AND,Health,1.515,1971
Andorra,AND,Health,1.515,1972
Andorra,AND,Health,1.515,1973
Andorra,AND,Health,1.515,1974
Andorra,AND,Health,4.040,1975
Andorra,AND,Health,4.040,1976
Andorra,AND,Health,4.040,1977
Andorra,AND,Health,4.040,1978
Andorra,AND,Health,4.040,1979
Andorra,AND,Health,4.040,1980
Andorra,AND,Health,4.040,1981
Andorra,AND,Health,4.040,1982
Andorra,AND,Health,4.040,1983
Andorra,AND,Health,4.040,1984
Andorra,AND,Health,7.071,1985
Andorra,AND,Health,8.586,1986
Andorra,AND,Health,8.586,1987
Andorra,AND,Health,8.586,1988
Andorra,AND,Health,8.586,1989
Andorra,AND,Health,9.596,1990
Andorra,AND,Health,9.596,1991
Andorra,AND,Health,9.596,1992
Andorra,AND,Health,9.596,1993
Andorra,AND,Health,9.596,1994
Andorra,AND,Health,9.596,1995
Andorra,AND,Health,9.596,1996
Andorra,AND,Health,10.606,1997
Andorra,AND,Health,10.606,1998
Andorra,AND,Health,10.606,1999
Andorra,AND,Health,17.677,2000
Andorra,AND,Health,16.162,2001
Andorra,AND,Health,16.162,2002
Andorra,AND,Health,16.162,2003
Andorra,AND,Health,16.162,2004
Andorra,AND,Health,17.677,2005
Andorra,AND,Health,16.667,2006
Andorra,AND,Health,16.667,2007
Andorra,AND,Health,16.667,2008
Andorra,AND,Health,16.667,2009
Andorra,AND,Health,18.182,2010
Andorra,AND,Health,16.162,2011
Andorra,AND,Health,16.162,2012
Andorra,AND,Health,16.667,2013
Andorra,AND,Health,16.162,2014
Andorra,AND,Health,18.182,2015
Andorra,AND,Health,16.667,2016
Andorra,AND,Health,14.141,2017
Andorra,AND,Health,15.152,2018
Andorra,AND,Health,15.152,2019
Andorra,AND,Health,13.636,2020
Andorra,AND,Health,10.606,2021
Andorra,AND,Health,9.596,2022
Andorra,AND,Health,1.010,2023
Andorra,AND,Leadership,0.000,1960
Andorra,AND,Leadership,0.000,1961
Andorra,AND,Leadership,0.000,1962
Andorra,AND,Leadership,0.000,1963
Andorra,AND,Leadership,0.000,1964
Andorra,AND,Leadership,0.000,1965
Andorra,AND,Leadership,0.000,1966
Andorra,AND,Leadership,0.000,1967
Andorra,AND,Leadership,0.000,1968
Andorra,AND,Leadership,0.000,1969
Andorra,AND,Leadership,0.000,1970
Andorra,AND,Leadership,0.000,1971
Andorra,AND,Leadership,0.000,1972
Andorra,AND,Leadership,0.000,1973
Andorra,AND,Leadership,0.000,1974
Andorra,AND,Leadership,0.000,1975
Andorra,AND,Leadership,0.000,1976
Andorra,AND,Leadership,0.000,1977
Andorra,AND,Leadership,0.000,1978
Andorra,AND,Leadership,0.000,1979
Andorra,AND,Leadership,0.000,1980
Andorra,AND,Leadership,0.000,1981
Andorra,AND,Leadership,0.000,1982
Andorra,AND,Leadership,0.000,1983
Andorra,AND,Leadership,0.000,1984
Andorra,AND,Leadership,0.000,1985
Andorra,AND,Leadership,0.000,1986
Andorra,AND,Leadership,0.000,1987
Andorra,AND,Leadership,0.000,1988
Andorra,AND,Leadership,0.000,1989
Andorra,AND,Leadership,0.000,1990
Andorra,AND,Leadership,0.000,1991
Andorra,AND,Leadership,0.000,1992
Andorra,AND,Leadership,0.000,1993
Andorra,AND,Leadership,0.000,1994
Andorra,AND,Leadership,0.000,1995
Andorra,AND,Leadership,0.000,1996
Andorra,AND,Leadership,25.000,1997
Andorra,AND,Leadership,25.000,1998
Andorra,AND,Leadership,25.000,1999
Andorra,AND,Leadership,25.000,2000
Andorra,AND,Leadership,25.000,2001
Andorra,AND,Leadership,25.000,2002
Andorra,AND,Leadership,25.000,2003
Andorra,AND,Leadership,25.000,2004
Andorra,AND,Leadership,50.000,2005
Andorra,AND,Leadership,25.000,2006
Andorra,AND,Leadership,25.000,2007
Andorra,AND,Leadership,50.000,2008
Andorra,AND,Leadership,25.000,2009
Andorra,AND,Leadership,50.000,2010
Andorra,AND,Leadership,25.000,2011
Andorra,AND,Leadership,50.000,2012
Andorra,AND,Leadership,25.000,2013
Andorra,AND,Leadership,50.000,2014
Andorra,AND,Leadership,50.000,2015
Andorra,AND,Leadership,50.000,2016
Andorra,AND,Leadership,25.000,2017
Andorra,AND,Leadership,50.000,2018
Andorra,AND,Leadership,50.000,2019
Andorra,AND,Leadership,50.000,2020
Andorra,AND,Leadership,25.000,2021
Andorra,AND,Leadership,50.000,2022
Andorra,AND,Leadership,25.000,2023
Andorra,AND,Norms and Decision-making,0.000,1960
Andorra,AND,Norms and Decision-making,0.000,1961
Andorra,AND,Norms and Decision-making,0.000,1962
Andorra,AND,Norms and Decision-making,0.000,1963
Andorra,AND,Norms and Decision-making,0.000,1964
Andorra,AND,Norms and Decision-making,0.000,1965
Andorra,AND,Norms and Decision-making,0.000,1966
Andorra,AND,Norms and Decision-making,0.000,1967
Andorra,AND,Norms and Decision-making,0.000,1968
Andorra,AND,Norms and Decision-making,0.000,1969
Andorra,AND,Norms and Decision-making,0.000,1970
Andorra,AND,Norms and Decision-making,0.000,1971
Andorra,AND,Norms and Decision-making,0.000,1972
Andorra,AND,Norms and Decision-making,0.000,1973
Andorra,AND,Norms and Decision-making,0.000,1974
Andorra,AND,Norms and Decision-making,0.000,1975
Andorra,AND,Norms and Decision-making,0.000,1976
Andorra,AND,Norms and Decision-making,0.000,1977
Andorra,AND,Norms and Decision-making,0.000,1978
Andorra,AND,Norms and Decision-making,0.000,1979
Andorra,AND,Norms and Decision-making,0.000,1980
Andorra,AND,Norms and Decision-making,0.000,1981
Andorra,AND,Norms and Decision-making,0.000,1982
Andorra,AND,Norms and Decision-making,0.000,1983
Andorra,AND,Norms and Decision-making,0.000,1984
Andorra,AND,Norms and Decision-making,0.000,1985
Andorra,AND,Norms and Decision-making,0.000,1986
Andorra,AND,Norms and Decision-making,0.000,1987
Andorra,AND,Norms and Decision-making,0.000,1988
Andorra,AND,Norms and Decision-making,0.000,1989
Andorra,AND,Norms and Decision-making,0.000,1990
Andorra,AND,Norms and Decision-making,0.000,1991
Andorra,AND,Norms and Decision-making,0.000,1992
Andorra,AND,Norms and Decision-making,0.000,1993
Andorra,AND,Norms and Decision-making,0.000,1994
Andorra,AND,Norms and Decision-making,0.000,1995
Andorra,AND,Norms and Decision-making,0.000,1996
Andorra,AND,Norms and Decision-making,0.000,1997
Andorra,AND,Norms and Decision-making,0.000,1998
Andorra,AND,Norms and Decision-making,0.000,1999
Andorra,AND,Norms and Decision-making,0.000,2000
Andorra,AND,Norms and Decision-making,0.000,2001
Andorra,AND,Norms and Decision-making,0.000,2002
Andorra,AND,Norms and Decision-making,0.000,2003
Andorra,AND,Norms and Decision-making,0.000,2004
Andorra,AND,Norms and Decision-making,0.000,2005
Andorra,AND,Norms and Decision-making,0.000,2006
Andorra,AND,Norms and Decision-making,0.000,2007
Andorra,AND,Norms and Decision-making,0.000,2008
Andorra,AND,Norms and Decision-making,0.000,2009
Andorra,AND,Norms and Decision-making,0.000,2010
Andorra,AND,Norms and Decision-making,0.000,2011
Andorra,AND,Norms and Decision-making,0.000,2012
Andorra,AND,Norms and Decision-making,0.000,2013
Andorra,AND,Norms and Decision-making,0.000,2014
Andorra,AND,Norms and Decision-making,0.000,2015
Andorra,AND,Norms and Decision-making,0.000,2016
Andorra,AND,Norms and Decision-making,0.000,2017
Andorra,AND,Norms and Decision-making,0.000,2018
Andorra,AND,Norms and Decision-making,0.000,2019
Andorra,AND,Norms and Decision-making,0.000,2020
Andorra,AND,Norms and Decision-making,0.000,2021
Andorra,AND,Norms and Decision-making,0.000,2022
Andorra,AND,Norms and Decision-making,0.000,2023
Andorra,AND,Population,80.952,1960
Andorra,AND,Population,80.952,1961
Andorra,AND,Population,80.952,1962
Andorra,AND,Population,80.952,1963
Andorra,AND,Population,80.952,1964
Andorra,AND,Population,80.952,1965
Andorra,AND,Population,80.952,1966
Andorra,AND,Population,80.952,1967
Andorra,AND,Population,80.952,1968
Andorra,AND,Population,80.952,1969
Andorra,AND,Population,80.952,1970
Andorra,AND,Population,80.952,1971
Andorra,AND,Population,80.952,1972
Andorra,AND,Population,80.952,1973
Andorra,AND,Population,80.952,1974
Andorra,AND,Population,80.952,1975
Andorra,AND,Population,80.952,1976
Andorra,AND,Population,80.952,1977
Andorra,AND,Population,80.952,1978
Andorra,AND,Population,80.952,1979
Andorra,AND,Population,80.952,1980
Andorra,AND,Population,80.952,1981
Andorra,AND,Population,80.952,1982
Andorra,AND,Population,80.952,1983
Andorra,AND,Population,80.952,1984
Andorra,AND,Population,80.952,1985
Andorra,AND,Population,82.143,1986
Andorra,AND,Population,82.143,1987
Andorra,AND,Population,82.143,1988
Andorra,AND,Population,82.143,1989
Andorra,AND,Population,83.333,1990
Andorra,AND,Population,82.143,1991
Andorra,AND,Population,82.143,1992
Andorra,AND,Population,82.143,1993
Andorra,AND,Population,82.143,1994
Andorra,AND,Population,83.333,1995
Andorra,AND,Population,82.143,1996
Andorra,AND,Population,82.143,1997
Andorra,AND,Population,82.143,1998
Andorra,AND,Population,82.143,1999
Andorra,AND,Population,83.333,2000
Andorra,AND,Population,82.143,2001
Andorra,AND,Population,82.143,2002
Andorra,AND,Population,82.143,2003
Andorra,AND,Population,82.143,2004
Andorra,AND,Population,83.333,2005
Andorra,AND,Population,83.333,2006
Andorra,AND,Population,83.333,2007
Andorra,AND,Population,83.333,2008
Andorra,AND,Population,83.333,2009
Andorra,AND,Population,84.524,2010
Andorra,AND,Population,80.952,2011
Andorra,AND,Population,83.333,2012
Andorra,AND,Population,80.952,2013
Andorra,AND,Population,80.952,2014
Andorra,AND,Population,82.143,2015
Andorra,AND,Population,82.143,2016
Andorra,AND,Population,82.143,2017
Andorra,AND,Population,82.143,2018
Andorra,AND,Population,82.143,2019
Andorra,AND,Population,84.524,2020
Andorra,AND,Population,80.952,2021
Andorra,AND,Population,83.333,2022
Andorra,AND,Population,77.381,2023
Andorra,AND,SDGs,0.671,1960
Andorra,AND,SDGs,0.671,1961
Andorra,AND,SDGs,0.671,1962
Andorra,AND,SDGs,0.671,1963
Andorra,AND,SDGs,0.671,1964
Andorra,AND,SDGs,0.671,1965
Andorra,AND,SDGs,0.671,1966
Andorra,AND,SDGs,0.671,1967
Andorra,AND,SDGs,0.671,1968
Andorra,AND,SDGs,0.671,1969
Andorra,AND,SDGs,0.671,1970
Andorra,AND,SDGs,0.671,1971
Andorra,AND,SDGs,0.671,1972
Andorra,AND,SDGs,0.671,1973
Andorra,AND,SDGs,0.671,1974
Andorra,AND,SDGs,0.671,1975
Andorra,AND,SDGs,0.671,1976
Andorra,AND,SDGs,0.671,1977
Andorra,AND,SDGs,0.671,1978
Andorra,AND,SDGs,0.671,1979
Andorra,AND,SDGs,0.671,1980
Andorra,AND,SDGs,0.671,1981
Andorra,AND,SDGs,0.671,1982
Andorra,AND,SDGs,0.671,1983
Andorra,AND,SDGs,0.671,1984
Andorra,AND,SDGs,2.685,1985
Andorra,AND,SDGs,2.685,1986
Andorra,AND,SDGs,2.685,1987
Andorra,AND,SDGs,2.685,1988
Andorra,AND,SDGs,2.685,1989
Andorra,AND,SDGs,2.685,1990
Andorra,AND,SDGs,2.685,1991
Andorra,AND,SDGs,2.685,1992
Andorra,AND,SDGs,2.685,1993
Andorra,AND,SDGs,2.685,1994
Andorra,AND,SDGs,2.685,1995
Andorra,AND,SDGs,2.685,1996
Andorra,AND,SDGs,4.027,1997
Andorra,AND,SDGs,4.027,1998
Andorra,AND,SDGs,4.027,1999
Andorra,AND,SDGs,10.067,2000
Andorra,AND,SDGs,8.054,2001
Andorra,AND,SDGs,8.054,2002
Andorra,AND,SDGs,8.054,2003
Andorra,AND,SDGs,8.054,2004
Andorra,AND,SDGs,10.067,2005
Andorra,AND,SDGs,8.054,2006
Andorra,AND,SDGs,8.054,2007
Andorra,AND,SDGs,8.054,2008
Andorra,AND,SDGs,8.054,2009
Andorra,AND,SDGs,10.067,2010
Andorra,AND,SDGs,8.054,2011
Andorra,AND,SDGs,8.054,2012
Andorra,AND,SDGs,8.725,2013
Andorra,AND,SDGs,8.054,2014
Andorra,AND,SDGs,10.738,2015
Andorra,AND,SDGs,8.725,2016
Andorra,AND,SDGs,8.725,2017
Andorra,AND,SDGs,10.067,2018
Andorra,AND,SDGs,10.067,2019
Andorra,AND,SDGs,10.067,2020
Andorra,AND,SDGs,6.040,2021
Andorra,AND,SDGs,6.040,2022
Andorra,AND,SDGs,1.342,2023
Andorra,AND,Technology,0.000,1960
Andorra,AND,Technology,0.000,1961
Andorra,AND,Technology,0.000,1962
Andorra,AND,Technology,0.000,1963
Andorra,AND,Technology,0.000,1964
Andorra,AND,Technology,0.000,1965
Andorra,AND,Technology,0.000,1966
Andorra,AND,Technology,0.000,1967
Andorra,AND,Technology,0.000,1968
Andorra,AND,Technology,0.000,1969
Andorra,AND,Technology,0.000,1970
Andorra,AND,Technology,0.000,1971
Andorra,AND,Technology,0.000,1972
Andorra,AND,Technology,0.000,1973
Andorra,AND,Technology,0.000,1974
Andorra,AND,Technology,0.000,1975
Andorra,AND,Technology,0.000,1976
Andorra,AND,Technology,0.000,1977
Andorra,AND,Technology,0.000,1978
Andorra,AND,Technology,0.000,1979
Andorra,AND,Technology,0.000,1980
Andorra,AND,Technology,0.000,1981
Andorra,AND,Technology,0.000,1982
Andorra,AND,Technology,0.000,1983
Andorra,AND,Technology,0.000,1984
Andorra,AND,Technology,0.000,1985
Andorra,AND,Technology,0.000,1986
Andorra,AND,Technology,0.000,1987
Andorra,AND,Technology,0.000,1988
Andorra,AND,Technology,0.000,1989
Andorra,AND,Technology,2.222,1990
Andorra,AND,Technology,2.222,1991
Andorra,AND,Technology,2.222,1992
Andorra,AND,Technology,2.222,1993
Andorra,AND,Technology,2.222,1994
Andorra,AND,Technology,2.222,1995
Andorra,AND,Technology,2.222,1996
Andorra,AND,Technology,2.222,1997
Andorra,AND,Technology,2.222,1998
Andorra,AND,Technology,2.222,1999
Andorra,AND,Technology,6.667,2000
Andorra,AND,Technology,0.000,2001
Andorra,AND,Technology,6.667,2002
Andorra,AND,Technology,6.667,2003
Andorra,AND,Technology,6.667,2004
Andorra,AND,Technology,6.667,2005
Andorra,AND,Technology,6.667,2006
Andorra,AND,Technology,2.222,2007
Andorra,AND,Technology,6.667,2008
Andorra,AND,Technology,2.222,2009
Andorra,AND,Technology,2.222,2010
Andorra,AND,Technology,2.222,2011
Andorra,AND,Technology,8.889,2012
Andorra,AND,Technology,4.444,2013
Andorra,AND,Technology,4.444,2014
Andorra,AND,Technology,6.667,2015
Andorra,AND,Technology,8.889,2016
Andorra,AND,Technology,13.333,2017
Andorra,AND,Technology,6.667,2018
Andorra,AND,Technology,2.222,2019
Andorra,AND,Technology,2.222,2020
Andorra,AND,Technology,2.222,2021
Andorra,AND,Technology,2.222,2022
Andorra,AND,Technology,0.000,2023
Andorra,AND,Violence,0.000,1960
Andorra,AND,Violence,0.000,1961
Andorra,AND,Violence,0.000,1962
Andorra,AND,Violence,0.000,1963
Andorra,AND,Violence,0.000,1964
Andorra,AND,Violence,0.000,1965
Andorra,AND,Violence,0.000,1966
Andorra,AND,Violence,0.000,1967
Andorra,AND,Violence,0.000,1968
Andorra,AND,Violence,0.000,1969
Andorra,AND,Violence,0.000,1970
Andorra,AND,Violence,0.000,1971
Andorra,AND,Violence,0.000,1972
Andorra,AND,Violence,0.000,1973
Andorra,AND,Violence,0.000,1974
Andorra,AND,Violence,0.000,1975
Andorra,AND,Violence,0.000,1976
Andorra,AND,Violence,0.000,1977
Andorra,AND,Violence,0.000,1978
Andorra,AND,Violence,0.000,1979
Andorra,AND,Violence,0.000,1980
Andorra,AND,Violence,0.000,1981
Andorra,AND,Violence,0.000,1982
Andorra,AND,Violence,0.000,1983
Andorra,AND,Violence,0.000,1984
Andorra,AND,Violence,0.000,1985
Andorra,AND,Violence,0.000,1986
Andorra,AND,Violence,0.000,1987
Andorra,AND,Violence,0.000,1988
Andorra,AND,Violence,0.000,1989
Andorra,AND,Violence,0.000,1990
Andorra,AND,Violence,0.000,1991
Andorra,AND,Violence,0.000,1992
Andorra,AND,Violence,0.000,1993
Andorra,AND,Violence,0.000,1994
Andorra,AND,Violence,0.000,1995
Andorra,AND,Violence,0.000,1996
Andorra,AND,Violence,0.000,1997
Andorra,AND,Violence,0.000,1998
Andorra,AND,Violence,0.000,1999
Andorra,AND,Violence,0.000,2000
Andorra,AND,Violence,0.000,2001
Andorra,AND,Violence,0.000,2002
Andorra,AND,Violence,0.000,2003
Andorra,AND,Violence,0.714,2004
Andorra,AND,Violence,0.000,2005
Andorra,AND,Violence,0.000,2006
Andorra,AND,Violence,2.143,2007
Andorra,AND,Violence,2.143,2008
Andorra,AND,Violence,2.143,2009
Andorra,AND,Violence,2.143,2010
Andorra,AND,Violence,2.143,2011
Andorra,AND,Violence,2.143,2012
Andorra,AND,Violence,2.143,2013
Andorra,AND,Violence,2.143,2014
Andorra,AND,Violence,2.143,2015
Andorra,AND,Violence,0.000,2016
Andorra,AND,Violence,0.000,2017
Andorra,AND,Violence,0.000,2018
Andorra,AND,Violence,0.000,2019
Andorra,AND,Violence,1.429,2020
Andorra,AND,Violence,0.000,2021
Andorra,AND,Violence,0.000,2022
Andorra,AND,Violence,0.000,2023
Andorra,AND,Youth 15-24,4.587,1960
Andorra,AND,Youth 15-24,4.587,1961
Andorra,AND,Youth 15-24,4.587,1962
Andorra,AND,Youth 15-24,4.587,1963
Andorra,AND,Youth 15-24,4.587,1964
Andorra,AND,Youth 15-24,4.587,1965
Andorra,AND,Youth 15-24,4.587,1966
Andorra,AND,Youth 15-24,4.587,1967
Andorra,AND,Youth 15-24,4.587,1968
Andorra,AND,Youth 15-24,4.587,1969
Andorra,AND,Youth 15-24,4.587,1970
Andorra,AND,Youth 15-24,12.844,1971
Andorra,AND,Youth 15-24,12.844,1972
Andorra,AND,Youth 15-24,12.844,1973
Andorra,AND,Youth 15-24,12.844,1974
Andorra,AND,Youth 15-24,13.761,1975
Andorra,AND,Youth 15-24,12.844,1976
Andorra,AND,Youth 15-24,4.587,1977
Andorra,AND,Youth 15-24,4.587,1978
Andorra,AND,Youth 15-24,4.587,1979
Andorra,AND,Youth 15-24,4.587,1980
Andorra,AND,Youth 15-24,4.587,1981
Andorra,AND,Youth 15-24,4.587,1982
Andorra,AND,Youth 15-24,13.761,1983
Andorra,AND,Youth 15-24,4.587,1984
Andorra,AND,Youth 15-24,4.587,1985
Andorra,AND,Youth 15-24,4.587,1986
Andorra,AND,Youth 15-24,4.587,1987
Andorra,AND,Youth 15-24,4.587,1988
Andorra,AND,Youth 15-24,4.587,1989
Andorra,AND,Youth 15-24,4.587,1990
Andorra,AND,Youth 15-24,4.587,1991
Andorra,AND,Youth 15-24,4.587,1992
Andorra,AND,Youth 15-24,4.587,1993
Andorra,AND,Youth 15-24,4.587,1994
Andorra,AND,Youth 15-24,4.587,1995
Andorra,AND,Youth 15-24,4.587,1996
Andorra,AND,Youth 15-24,4.587,1997
Andorra,AND,Youth 15-24,4.587,1998
Andorra,AND,Youth 15-24,4.587,1999
Andorra,AND,Youth 15-24,4.587,2000
Andorra,AND,Youth 15-24,4.587,2001
Andorra,AND,Youth 15-24,27.523,2002
Andorra,AND,Youth 15-24,36.697,2003
Andorra,AND,Youth 15-24,38.532,2004
Andorra,AND,Youth 15-24,38.532,2005
Andorra,AND,Youth 15-24,40.367,2006
Andorra,AND,Youth 15-24,21.101,2007
Andorra,AND,Youth 15-24,33.028,2008
Andorra,AND,Youth 15-24,20.183,2009
Andorra,AND,Youth 15-24,20.183,2010
Andorra,AND,Youth 15-24,16.514,2011
Andorra,AND,Youth 15-24,30.275,2012
Andorra,AND,Youth 15-24,31.193,2013
Andorra,AND,Youth 15-24,42.202,2014
Andorra,AND,Youth 15-24,45.872,2015
Andorra,AND,Youth 15-24,44.954,2016
Andorra,AND,Youth 15-24,34.862,2017
Andorra,AND,Youth 15-24,33.945,2018
Andorra,AND,Youth 15-24,16.514,2019
Andorra,AND,Youth 15-24,14.679,2020
Andorra,AND,Youth 15-24,14.679,2021
Andorra,AND,Youth 15-24,25.688,2022
Andorra,AND,Youth 15-24,13.761,2023
