Country Name,Country Code,Topic,% of available indicators,Year
South Africa,ZAF,Assets,0.000,1960
South Africa,ZAF,Assets,0.000,1961
South Africa,ZAF,Assets,0.000,1962
South Africa,ZAF,Assets,0.000,1963
South Africa,ZAF,Assets,0.000,1964
South Africa,ZAF,Assets,0.000,1965
South Africa,ZAF,Assets,0.000,1966
South Africa,ZAF,Assets,0.000,1967
South Africa,ZAF,Assets,0.000,1968
South Africa,ZAF,Assets,0.000,1969
South Africa,ZAF,Assets,2.208,1970
South Africa,ZAF,Assets,2.208,1971
South Africa,ZAF,Assets,2.208,1972
South Africa,ZAF,Assets,2.208,1973
South Africa,ZAF,Assets,2.208,1974
South Africa,ZAF,Assets,2.208,1975
South Africa,ZAF,Assets,2.208,1976
South Africa,ZAF,Assets,2.208,1977
South Africa,ZAF,Assets,2.208,1978
South Africa,ZAF,Assets,2.208,1979
South Africa,ZAF,Assets,2.208,1980
South Africa,ZAF,Assets,2.208,1981
South Africa,ZAF,Assets,2.208,1982
South Africa,ZAF,Assets,2.208,1983
South Africa,ZAF,Assets,2.208,1984
South Africa,ZAF,Assets,2.208,1985
South Africa,ZAF,Assets,2.208,1986
South Africa,ZAF,Assets,2.208,1987
South Africa,ZAF,Assets,2.208,1988
South Africa,ZAF,Assets,2.208,1989
South Africa,ZAF,Assets,2.208,1990
South Africa,ZAF,Assets,2.208,1991
South Africa,ZAF,Assets,2.208,1992
South Africa,ZAF,Assets,2.208,1993
South Africa,ZAF,Assets,2.208,1994
South Africa,ZAF,Assets,2.208,1995
South Africa,ZAF,Assets,2.208,1996
South Africa,ZAF,Assets,2.208,1997
South Africa,ZAF,Assets,2.208,1998
South Africa,ZAF,Assets,2.208,1999
South Africa,ZAF,Assets,2.208,2000
South Africa,ZAF,Assets,2.208,2001
South Africa,ZAF,Assets,2.208,2002
South Africa,ZAF,Assets,2.208,2003
South Africa,ZAF,Assets,2.208,2004
South Africa,ZAF,Assets,2.208,2005
South Africa,ZAF,Assets,2.208,2006
South Africa,ZAF,Assets,2.208,2007
South Africa,ZAF,Assets,2.208,2008
South Africa,ZAF,Assets,2.208,2009
South Africa,ZAF,Assets,2.208,2010
South Africa,ZAF,Assets,11.672,2011
South Africa,ZAF,Assets,2.208,2012
South Africa,ZAF,Assets,2.208,2013
South Africa,ZAF,Assets,31.546,2014
South Africa,ZAF,Assets,2.208,2015
South Africa,ZAF,Assets,17.350,2016
South Africa,ZAF,Assets,34.069,2017
South Africa,ZAF,Assets,2.208,2018
South Africa,ZAF,Assets,2.208,2019
South Africa,ZAF,Assets,2.208,2020
South Africa,ZAF,Assets,63.091,2021
South Africa,ZAF,Assets,2.208,2022
South Africa,ZAF,Assets,2.208,2023
South Africa,ZAF,Children 0-14,10.769,1960
South Africa,ZAF,Children 0-14,10.769,1961
South Africa,ZAF,Children 0-14,10.769,1962
South Africa,ZAF,Children 0-14,10.769,1963
South Africa,ZAF,Children 0-14,10.769,1964
South Africa,ZAF,Children 0-14,10.769,1965
South Africa,ZAF,Children 0-14,10.769,1966
South Africa,ZAF,Children 0-14,10.769,1967
South Africa,ZAF,Children 0-14,10.769,1968
South Africa,ZAF,Children 0-14,10.769,1969
South Africa,ZAF,Children 0-14,26.923,1970
South Africa,ZAF,Children 0-14,10.769,1971
South Africa,ZAF,Children 0-14,10.769,1972
South Africa,ZAF,Children 0-14,10.769,1973
South Africa,ZAF,Children 0-14,15.385,1974
South Africa,ZAF,Children 0-14,18.462,1975
South Africa,ZAF,Children 0-14,17.692,1976
South Africa,ZAF,Children 0-14,18.462,1977
South Africa,ZAF,Children 0-14,18.462,1978
South Africa,ZAF,Children 0-14,20.000,1979
South Africa,ZAF,Children 0-14,20.769,1980
South Africa,ZAF,Children 0-14,20.000,1981
South Africa,ZAF,Children 0-14,20.000,1982
South Africa,ZAF,Children 0-14,20.769,1983
South Africa,ZAF,Children 0-14,20.769,1984
South Africa,ZAF,Children 0-14,25.385,1985
South Africa,ZAF,Children 0-14,24.615,1986
South Africa,ZAF,Children 0-14,24.615,1987
South Africa,ZAF,Children 0-14,24.615,1988
South Africa,ZAF,Children 0-14,24.615,1989
South Africa,ZAF,Children 0-14,26.154,1990
South Africa,ZAF,Children 0-14,37.692,1991
South Africa,ZAF,Children 0-14,20.769,1992
South Africa,ZAF,Children 0-14,20.769,1993
South Africa,ZAF,Children 0-14,37.692,1994
South Africa,ZAF,Children 0-14,32.308,1995
South Africa,ZAF,Children 0-14,23.077,1996
South Africa,ZAF,Children 0-14,24.615,1997
South Africa,ZAF,Children 0-14,43.077,1998
South Africa,ZAF,Children 0-14,47.692,1999
South Africa,ZAF,Children 0-14,51.538,2000
South Africa,ZAF,Children 0-14,41.538,2001
South Africa,ZAF,Children 0-14,46.154,2002
South Africa,ZAF,Children 0-14,46.154,2003
South Africa,ZAF,Children 0-14,44.615,2004
South Africa,ZAF,Children 0-14,40.000,2005
South Africa,ZAF,Children 0-14,30.000,2006
South Africa,ZAF,Children 0-14,29.231,2007
South Africa,ZAF,Children 0-14,36.923,2008
South Africa,ZAF,Children 0-14,30.000,2009
South Africa,ZAF,Children 0-14,50.769,2010
South Africa,ZAF,Children 0-14,32.308,2011
South Africa,ZAF,Children 0-14,33.077,2012
South Africa,ZAF,Children 0-14,32.308,2013
South Africa,ZAF,Children 0-14,32.308,2014
South Africa,ZAF,Children 0-14,60.000,2015
South Africa,ZAF,Children 0-14,60.000,2016
South Africa,ZAF,Children 0-14,54.615,2017
South Africa,ZAF,Children 0-14,44.615,2018
South Africa,ZAF,Children 0-14,53.846,2019
South Africa,ZAF,Children 0-14,44.615,2020
South Africa,ZAF,Children 0-14,37.692,2021
South Africa,ZAF,Children 0-14,35.385,2022
South Africa,ZAF,Children 0-14,13.846,2023
South Africa,ZAF,Education,0.000,1960
South Africa,ZAF,Education,0.000,1961
South Africa,ZAF,Education,0.000,1962
South Africa,ZAF,Education,0.000,1963
South Africa,ZAF,Education,0.000,1964
South Africa,ZAF,Education,0.000,1965
South Africa,ZAF,Education,0.000,1966
South Africa,ZAF,Education,0.000,1967
South Africa,ZAF,Education,0.000,1968
South Africa,ZAF,Education,0.000,1969
South Africa,ZAF,Education,17.178,1970
South Africa,ZAF,Education,0.000,1971
South Africa,ZAF,Education,0.000,1972
South Africa,ZAF,Education,0.613,1973
South Africa,ZAF,Education,0.000,1974
South Africa,ZAF,Education,0.613,1975
South Africa,ZAF,Education,0.000,1976
South Africa,ZAF,Education,0.613,1977
South Africa,ZAF,Education,0.613,1978
South Africa,ZAF,Education,0.613,1979
South Africa,ZAF,Education,9.202,1980
South Africa,ZAF,Education,0.613,1981
South Africa,ZAF,Education,0.613,1982
South Africa,ZAF,Education,0.000,1983
South Africa,ZAF,Education,0.000,1984
South Africa,ZAF,Education,7.362,1985
South Africa,ZAF,Education,3.067,1986
South Africa,ZAF,Education,3.681,1987
South Africa,ZAF,Education,6.748,1988
South Africa,ZAF,Education,15.337,1989
South Africa,ZAF,Education,18.405,1990
South Africa,ZAF,Education,26.380,1991
South Africa,ZAF,Education,2.454,1992
South Africa,ZAF,Education,3.681,1993
South Africa,ZAF,Education,26.994,1994
South Africa,ZAF,Education,9.816,1995
South Africa,ZAF,Education,9.202,1996
South Africa,ZAF,Education,3.681,1997
South Africa,ZAF,Education,26.994,1998
South Africa,ZAF,Education,36.810,1999
South Africa,ZAF,Education,33.129,2000
South Africa,ZAF,Education,41.718,2001
South Africa,ZAF,Education,49.080,2002
South Africa,ZAF,Education,49.080,2003
South Africa,ZAF,Education,46.012,2004
South Africa,ZAF,Education,42.331,2005
South Africa,ZAF,Education,28.221,2006
South Africa,ZAF,Education,34.969,2007
South Africa,ZAF,Education,24.540,2008
South Africa,ZAF,Education,36.196,2009
South Africa,ZAF,Education,54.601,2010
South Africa,ZAF,Education,43.558,2011
South Africa,ZAF,Education,44.785,2012
South Africa,ZAF,Education,35.583,2013
South Africa,ZAF,Education,59.509,2014
South Africa,ZAF,Education,67.485,2015
South Africa,ZAF,Education,61.350,2016
South Africa,ZAF,Education,79.755,2017
South Africa,ZAF,Education,53.374,2018
South Africa,ZAF,Education,43.558,2019
South Africa,ZAF,Education,50.307,2020
South Africa,ZAF,Education,40.491,2021
South Africa,ZAF,Education,34.356,2022
South Africa,ZAF,Education,15.337,2023
South Africa,ZAF,Employment and Time Use,5.109,1960
South Africa,ZAF,Employment and Time Use,0.000,1961
South Africa,ZAF,Employment and Time Use,0.000,1962
South Africa,ZAF,Employment and Time Use,0.000,1963
South Africa,ZAF,Employment and Time Use,0.000,1964
South Africa,ZAF,Employment and Time Use,0.000,1965
South Africa,ZAF,Employment and Time Use,0.000,1966
South Africa,ZAF,Employment and Time Use,0.000,1967
South Africa,ZAF,Employment and Time Use,0.000,1968
South Africa,ZAF,Employment and Time Use,0.000,1969
South Africa,ZAF,Employment and Time Use,26.277,1970
South Africa,ZAF,Employment and Time Use,21.168,1971
South Africa,ZAF,Employment and Time Use,21.168,1972
South Africa,ZAF,Employment and Time Use,21.168,1973
South Africa,ZAF,Employment and Time Use,21.168,1974
South Africa,ZAF,Employment and Time Use,21.168,1975
South Africa,ZAF,Employment and Time Use,21.168,1976
South Africa,ZAF,Employment and Time Use,21.168,1977
South Africa,ZAF,Employment and Time Use,21.168,1978
South Africa,ZAF,Employment and Time Use,21.168,1979
South Africa,ZAF,Employment and Time Use,26.277,1980
South Africa,ZAF,Employment and Time Use,21.168,1981
South Africa,ZAF,Employment and Time Use,21.168,1982
South Africa,ZAF,Employment and Time Use,21.168,1983
South Africa,ZAF,Employment and Time Use,21.168,1984
South Africa,ZAF,Employment and Time Use,26.277,1985
South Africa,ZAF,Employment and Time Use,21.168,1986
South Africa,ZAF,Employment and Time Use,21.168,1987
South Africa,ZAF,Employment and Time Use,21.168,1988
South Africa,ZAF,Employment and Time Use,21.168,1989
South Africa,ZAF,Employment and Time Use,31.387,1990
South Africa,ZAF,Employment and Time Use,61.314,1991
South Africa,ZAF,Employment and Time Use,56.204,1992
South Africa,ZAF,Employment and Time Use,56.204,1993
South Africa,ZAF,Employment and Time Use,61.314,1994
South Africa,ZAF,Employment and Time Use,59.124,1995
South Africa,ZAF,Employment and Time Use,61.314,1996
South Africa,ZAF,Employment and Time Use,63.504,1997
South Africa,ZAF,Employment and Time Use,65.693,1998
South Africa,ZAF,Employment and Time Use,67.883,1999
South Africa,ZAF,Employment and Time Use,91.971,2000
South Africa,ZAF,Employment and Time Use,90.511,2001
South Africa,ZAF,Employment and Time Use,90.511,2002
South Africa,ZAF,Employment and Time Use,90.511,2003
South Africa,ZAF,Employment and Time Use,90.511,2004
South Africa,ZAF,Employment and Time Use,90.511,2005
South Africa,ZAF,Employment and Time Use,90.511,2006
South Africa,ZAF,Employment and Time Use,90.511,2007
South Africa,ZAF,Employment and Time Use,89.781,2008
South Africa,ZAF,Employment and Time Use,89.781,2009
South Africa,ZAF,Employment and Time Use,91.241,2010
South Africa,ZAF,Employment and Time Use,89.781,2011
South Africa,ZAF,Employment and Time Use,76.642,2012
South Africa,ZAF,Employment and Time Use,91.971,2013
South Africa,ZAF,Employment and Time Use,91.971,2014
South Africa,ZAF,Employment and Time Use,91.971,2015
South Africa,ZAF,Employment and Time Use,91.971,2016
South Africa,ZAF,Employment and Time Use,91.971,2017
South Africa,ZAF,Employment and Time Use,91.971,2018
South Africa,ZAF,Employment and Time Use,91.971,2019
South Africa,ZAF,Employment and Time Use,90.511,2020
South Africa,ZAF,Employment and Time Use,90.511,2021
South Africa,ZAF,Employment and Time Use,90.511,2022
South Africa,ZAF,Employment and Time Use,90.511,2023
South Africa,ZAF,Entrepreneurship,0.000,1960
South Africa,ZAF,Entrepreneurship,0.000,1961
South Africa,ZAF,Entrepreneurship,0.000,1962
South Africa,ZAF,Entrepreneurship,0.000,1963
South Africa,ZAF,Entrepreneurship,0.000,1964
South Africa,ZAF,Entrepreneurship,0.000,1965
South Africa,ZAF,Entrepreneurship,0.000,1966
South Africa,ZAF,Entrepreneurship,0.000,1967
South Africa,ZAF,Entrepreneurship,0.000,1968
South Africa,ZAF,Entrepreneurship,0.000,1969
South Africa,ZAF,Entrepreneurship,9.375,1970
South Africa,ZAF,Entrepreneurship,9.375,1971
South Africa,ZAF,Entrepreneurship,9.375,1972
South Africa,ZAF,Entrepreneurship,9.375,1973
South Africa,ZAF,Entrepreneurship,9.375,1974
South Africa,ZAF,Entrepreneurship,9.375,1975
South Africa,ZAF,Entrepreneurship,9.375,1976
South Africa,ZAF,Entrepreneurship,9.375,1977
South Africa,ZAF,Entrepreneurship,9.375,1978
South Africa,ZAF,Entrepreneurship,9.375,1979
South Africa,ZAF,Entrepreneurship,9.375,1980
South Africa,ZAF,Entrepreneurship,9.375,1981
South Africa,ZAF,Entrepreneurship,9.375,1982
South Africa,ZAF,Entrepreneurship,9.375,1983
South Africa,ZAF,Entrepreneurship,9.375,1984
South Africa,ZAF,Entrepreneurship,9.375,1985
South Africa,ZAF,Entrepreneurship,9.375,1986
South Africa,ZAF,Entrepreneurship,9.375,1987
South Africa,ZAF,Entrepreneurship,9.375,1988
South Africa,ZAF,Entrepreneurship,9.375,1989
South Africa,ZAF,Entrepreneurship,9.375,1990
South Africa,ZAF,Entrepreneurship,9.375,1991
South Africa,ZAF,Entrepreneurship,9.375,1992
South Africa,ZAF,Entrepreneurship,9.375,1993
South Africa,ZAF,Entrepreneurship,9.375,1994
South Africa,ZAF,Entrepreneurship,9.375,1995
South Africa,ZAF,Entrepreneurship,9.375,1996
South Africa,ZAF,Entrepreneurship,9.375,1997
South Africa,ZAF,Entrepreneurship,9.375,1998
South Africa,ZAF,Entrepreneurship,9.375,1999
South Africa,ZAF,Entrepreneurship,9.375,2000
South Africa,ZAF,Entrepreneurship,9.375,2001
South Africa,ZAF,Entrepreneurship,9.375,2002
South Africa,ZAF,Entrepreneurship,37.500,2003
South Africa,ZAF,Entrepreneurship,37.500,2004
South Africa,ZAF,Entrepreneurship,37.500,2005
South Africa,ZAF,Entrepreneurship,37.500,2006
South Africa,ZAF,Entrepreneurship,40.625,2007
South Africa,ZAF,Entrepreneurship,37.500,2008
South Africa,ZAF,Entrepreneurship,37.500,2009
South Africa,ZAF,Entrepreneurship,37.500,2010
South Africa,ZAF,Entrepreneurship,37.500,2011
South Africa,ZAF,Entrepreneurship,37.500,2012
South Africa,ZAF,Entrepreneurship,37.500,2013
South Africa,ZAF,Entrepreneurship,68.750,2014
South Africa,ZAF,Entrepreneurship,50.000,2015
South Africa,ZAF,Entrepreneurship,50.000,2016
South Africa,ZAF,Entrepreneurship,68.750,2017
South Africa,ZAF,Entrepreneurship,50.000,2018
South Africa,ZAF,Entrepreneurship,50.000,2019
South Africa,ZAF,Entrepreneurship,28.125,2020
South Africa,ZAF,Entrepreneurship,21.875,2021
South Africa,ZAF,Entrepreneurship,21.875,2022
South Africa,ZAF,Entrepreneurship,9.375,2023
South Africa,ZAF,Environment,0.000,1960
South Africa,ZAF,Environment,0.000,1961
South Africa,ZAF,Environment,0.000,1962
South Africa,ZAF,Environment,0.000,1963
South Africa,ZAF,Environment,0.000,1964
South Africa,ZAF,Environment,0.000,1965
South Africa,ZAF,Environment,0.000,1966
South Africa,ZAF,Environment,0.000,1967
South Africa,ZAF,Environment,0.000,1968
South Africa,ZAF,Environment,0.000,1969
South Africa,ZAF,Environment,0.000,1970
South Africa,ZAF,Environment,0.000,1971
South Africa,ZAF,Environment,0.000,1972
South Africa,ZAF,Environment,0.000,1973
South Africa,ZAF,Environment,0.000,1974
South Africa,ZAF,Environment,0.000,1975
South Africa,ZAF,Environment,0.000,1976
South Africa,ZAF,Environment,0.000,1977
South Africa,ZAF,Environment,0.000,1978
South Africa,ZAF,Environment,0.000,1979
South Africa,ZAF,Environment,0.000,1980
South Africa,ZAF,Environment,0.000,1981
South Africa,ZAF,Environment,0.000,1982
South Africa,ZAF,Environment,0.000,1983
South Africa,ZAF,Environment,0.000,1984
South Africa,ZAF,Environment,0.000,1985
South Africa,ZAF,Environment,0.000,1986
South Africa,ZAF,Environment,0.000,1987
South Africa,ZAF,Environment,0.000,1988
South Africa,ZAF,Environment,0.000,1989
South Africa,ZAF,Environment,0.000,1990
South Africa,ZAF,Environment,0.000,1991
South Africa,ZAF,Environment,0.000,1992
South Africa,ZAF,Environment,0.000,1993
South Africa,ZAF,Environment,0.000,1994
South Africa,ZAF,Environment,0.000,1995
South Africa,ZAF,Environment,0.000,1996
South Africa,ZAF,Environment,0.000,1997
South Africa,ZAF,Environment,10.000,1998
South Africa,ZAF,Environment,0.000,1999
South Africa,ZAF,Environment,10.000,2000
South Africa,ZAF,Environment,10.000,2001
South Africa,ZAF,Environment,10.000,2002
South Africa,ZAF,Environment,10.000,2003
South Africa,ZAF,Environment,10.000,2004
South Africa,ZAF,Environment,10.000,2005
South Africa,ZAF,Environment,10.000,2006
South Africa,ZAF,Environment,10.000,2007
South Africa,ZAF,Environment,10.000,2008
South Africa,ZAF,Environment,10.000,2009
South Africa,ZAF,Environment,10.000,2010
South Africa,ZAF,Environment,10.000,2011
South Africa,ZAF,Environment,13.333,2012
South Africa,ZAF,Environment,13.333,2013
South Africa,ZAF,Environment,23.333,2014
South Africa,ZAF,Environment,13.333,2015
South Africa,ZAF,Environment,53.333,2016
South Africa,ZAF,Environment,23.333,2017
South Africa,ZAF,Environment,10.000,2018
South Africa,ZAF,Environment,30.000,2019
South Africa,ZAF,Environment,10.000,2020
South Africa,ZAF,Environment,20.000,2021
South Africa,ZAF,Environment,10.000,2022
South Africa,ZAF,Environment,0.000,2023
South Africa,ZAF,Health,3.030,1960
South Africa,ZAF,Health,3.030,1961
South Africa,ZAF,Health,3.030,1962
South Africa,ZAF,Health,3.030,1963
South Africa,ZAF,Health,3.030,1964
South Africa,ZAF,Health,3.030,1965
South Africa,ZAF,Health,3.030,1966
South Africa,ZAF,Health,3.030,1967
South Africa,ZAF,Health,3.030,1968
South Africa,ZAF,Health,3.030,1969
South Africa,ZAF,Health,3.030,1970
South Africa,ZAF,Health,3.030,1971
South Africa,ZAF,Health,3.030,1972
South Africa,ZAF,Health,3.030,1973
South Africa,ZAF,Health,6.061,1974
South Africa,ZAF,Health,10.101,1975
South Africa,ZAF,Health,10.101,1976
South Africa,ZAF,Health,10.101,1977
South Africa,ZAF,Health,10.101,1978
South Africa,ZAF,Health,11.111,1979
South Africa,ZAF,Health,11.111,1980
South Africa,ZAF,Health,11.111,1981
South Africa,ZAF,Health,11.111,1982
South Africa,ZAF,Health,12.121,1983
South Africa,ZAF,Health,12.121,1984
South Africa,ZAF,Health,12.121,1985
South Africa,ZAF,Health,12.121,1986
South Africa,ZAF,Health,12.121,1987
South Africa,ZAF,Health,13.131,1988
South Africa,ZAF,Health,12.121,1989
South Africa,ZAF,Health,16.667,1990
South Africa,ZAF,Health,16.667,1991
South Africa,ZAF,Health,16.667,1992
South Africa,ZAF,Health,16.667,1993
South Africa,ZAF,Health,19.697,1994
South Africa,ZAF,Health,18.182,1995
South Africa,ZAF,Health,17.172,1996
South Africa,ZAF,Health,17.172,1997
South Africa,ZAF,Health,27.273,1998
South Africa,ZAF,Health,19.192,1999
South Africa,ZAF,Health,57.071,2000
South Africa,ZAF,Health,32.323,2001
South Africa,ZAF,Health,32.323,2002
South Africa,ZAF,Health,34.343,2003
South Africa,ZAF,Health,35.354,2004
South Africa,ZAF,Health,33.838,2005
South Africa,ZAF,Health,32.323,2006
South Africa,ZAF,Health,32.323,2007
South Africa,ZAF,Health,38.384,2008
South Africa,ZAF,Health,32.323,2009
South Africa,ZAF,Health,61.111,2010
South Africa,ZAF,Health,32.828,2011
South Africa,ZAF,Health,33.333,2012
South Africa,ZAF,Health,32.323,2013
South Africa,ZAF,Health,33.838,2014
South Africa,ZAF,Health,61.111,2015
South Africa,ZAF,Health,55.556,2016
South Africa,ZAF,Health,39.899,2017
South Africa,ZAF,Health,35.859,2018
South Africa,ZAF,Health,57.071,2019
South Africa,ZAF,Health,27.778,2020
South Africa,ZAF,Health,19.697,2021
South Africa,ZAF,Health,17.172,2022
South Africa,ZAF,Health,1.010,2023
South Africa,ZAF,Leadership,0.000,1960
South Africa,ZAF,Leadership,0.000,1961
South Africa,ZAF,Leadership,0.000,1962
South Africa,ZAF,Leadership,0.000,1963
South Africa,ZAF,Leadership,0.000,1964
South Africa,ZAF,Leadership,0.000,1965
South Africa,ZAF,Leadership,0.000,1966
South Africa,ZAF,Leadership,0.000,1967
South Africa,ZAF,Leadership,0.000,1968
South Africa,ZAF,Leadership,0.000,1969
South Africa,ZAF,Leadership,0.000,1970
South Africa,ZAF,Leadership,0.000,1971
South Africa,ZAF,Leadership,0.000,1972
South Africa,ZAF,Leadership,0.000,1973
South Africa,ZAF,Leadership,0.000,1974
South Africa,ZAF,Leadership,0.000,1975
South Africa,ZAF,Leadership,0.000,1976
South Africa,ZAF,Leadership,0.000,1977
South Africa,ZAF,Leadership,0.000,1978
South Africa,ZAF,Leadership,0.000,1979
South Africa,ZAF,Leadership,0.000,1980
South Africa,ZAF,Leadership,0.000,1981
South Africa,ZAF,Leadership,0.000,1982
South Africa,ZAF,Leadership,0.000,1983
South Africa,ZAF,Leadership,0.000,1984
South Africa,ZAF,Leadership,0.000,1985
South Africa,ZAF,Leadership,0.000,1986
South Africa,ZAF,Leadership,0.000,1987
South Africa,ZAF,Leadership,0.000,1988
South Africa,ZAF,Leadership,0.000,1989
South Africa,ZAF,Leadership,0.000,1990
South Africa,ZAF,Leadership,0.000,1991
South Africa,ZAF,Leadership,0.000,1992
South Africa,ZAF,Leadership,0.000,1993
South Africa,ZAF,Leadership,0.000,1994
South Africa,ZAF,Leadership,0.000,1995
South Africa,ZAF,Leadership,0.000,1996
South Africa,ZAF,Leadership,25.000,1997
South Africa,ZAF,Leadership,25.000,1998
South Africa,ZAF,Leadership,25.000,1999
South Africa,ZAF,Leadership,50.000,2000
South Africa,ZAF,Leadership,50.000,2001
South Africa,ZAF,Leadership,50.000,2002
South Africa,ZAF,Leadership,50.000,2003
South Africa,ZAF,Leadership,50.000,2004
South Africa,ZAF,Leadership,75.000,2005
South Africa,ZAF,Leadership,50.000,2006
South Africa,ZAF,Leadership,50.000,2007
South Africa,ZAF,Leadership,75.000,2008
South Africa,ZAF,Leadership,50.000,2009
South Africa,ZAF,Leadership,75.000,2010
South Africa,ZAF,Leadership,50.000,2011
South Africa,ZAF,Leadership,75.000,2012
South Africa,ZAF,Leadership,50.000,2013
South Africa,ZAF,Leadership,75.000,2014
South Africa,ZAF,Leadership,75.000,2015
South Africa,ZAF,Leadership,75.000,2016
South Africa,ZAF,Leadership,50.000,2017
South Africa,ZAF,Leadership,75.000,2018
South Africa,ZAF,Leadership,75.000,2019
South Africa,ZAF,Leadership,100.000,2020
South Africa,ZAF,Leadership,50.000,2021
South Africa,ZAF,Leadership,75.000,2022
South Africa,ZAF,Leadership,50.000,2023
South Africa,ZAF,Norms and Decision-making,0.000,1960
South Africa,ZAF,Norms and Decision-making,0.000,1961
South Africa,ZAF,Norms and Decision-making,0.000,1962
South Africa,ZAF,Norms and Decision-making,0.000,1963
South Africa,ZAF,Norms and Decision-making,0.000,1964
South Africa,ZAF,Norms and Decision-making,0.000,1965
South Africa,ZAF,Norms and Decision-making,0.000,1966
South Africa,ZAF,Norms and Decision-making,0.000,1967
South Africa,ZAF,Norms and Decision-making,0.000,1968
South Africa,ZAF,Norms and Decision-making,0.000,1969
South Africa,ZAF,Norms and Decision-making,12.593,1970
South Africa,ZAF,Norms and Decision-making,12.593,1971
South Africa,ZAF,Norms and Decision-making,12.593,1972
South Africa,ZAF,Norms and Decision-making,12.593,1973
South Africa,ZAF,Norms and Decision-making,12.593,1974
South Africa,ZAF,Norms and Decision-making,12.593,1975
South Africa,ZAF,Norms and Decision-making,12.593,1976
South Africa,ZAF,Norms and Decision-making,12.593,1977
South Africa,ZAF,Norms and Decision-making,12.593,1978
South Africa,ZAF,Norms and Decision-making,12.593,1979
South Africa,ZAF,Norms and Decision-making,14.074,1980
South Africa,ZAF,Norms and Decision-making,12.593,1981
South Africa,ZAF,Norms and Decision-making,12.593,1982
South Africa,ZAF,Norms and Decision-making,12.593,1983
South Africa,ZAF,Norms and Decision-making,12.593,1984
South Africa,ZAF,Norms and Decision-making,14.074,1985
South Africa,ZAF,Norms and Decision-making,12.593,1986
South Africa,ZAF,Norms and Decision-making,12.593,1987
South Africa,ZAF,Norms and Decision-making,12.593,1988
South Africa,ZAF,Norms and Decision-making,12.593,1989
South Africa,ZAF,Norms and Decision-making,12.593,1990
South Africa,ZAF,Norms and Decision-making,14.074,1991
South Africa,ZAF,Norms and Decision-making,12.593,1992
South Africa,ZAF,Norms and Decision-making,12.593,1993
South Africa,ZAF,Norms and Decision-making,12.593,1994
South Africa,ZAF,Norms and Decision-making,12.593,1995
South Africa,ZAF,Norms and Decision-making,14.074,1996
South Africa,ZAF,Norms and Decision-making,12.593,1997
South Africa,ZAF,Norms and Decision-making,20.000,1998
South Africa,ZAF,Norms and Decision-making,12.593,1999
South Africa,ZAF,Norms and Decision-making,12.593,2000
South Africa,ZAF,Norms and Decision-making,12.593,2001
South Africa,ZAF,Norms and Decision-making,12.593,2002
South Africa,ZAF,Norms and Decision-making,14.074,2003
South Africa,ZAF,Norms and Decision-making,12.593,2004
South Africa,ZAF,Norms and Decision-making,12.593,2005
South Africa,ZAF,Norms and Decision-making,12.593,2006
South Africa,ZAF,Norms and Decision-making,12.593,2007
South Africa,ZAF,Norms and Decision-making,12.593,2008
South Africa,ZAF,Norms and Decision-making,12.593,2009
South Africa,ZAF,Norms and Decision-making,12.593,2010
South Africa,ZAF,Norms and Decision-making,14.074,2011
South Africa,ZAF,Norms and Decision-making,14.074,2012
South Africa,ZAF,Norms and Decision-making,12.593,2013
South Africa,ZAF,Norms and Decision-making,12.593,2014
South Africa,ZAF,Norms and Decision-making,12.593,2015
South Africa,ZAF,Norms and Decision-making,65.926,2016
South Africa,ZAF,Norms and Decision-making,14.074,2017
South Africa,ZAF,Norms and Decision-making,12.593,2018
South Africa,ZAF,Norms and Decision-making,12.593,2019
South Africa,ZAF,Norms and Decision-making,12.593,2020
South Africa,ZAF,Norms and Decision-making,12.593,2021
South Africa,ZAF,Norms and Decision-making,12.593,2022
South Africa,ZAF,Norms and Decision-making,12.593,2023
South Africa,ZAF,Population,86.905,1960
South Africa,ZAF,Population,86.905,1961
South Africa,ZAF,Population,86.905,1962
South Africa,ZAF,Population,86.905,1963
South Africa,ZAF,Population,86.905,1964
South Africa,ZAF,Population,86.905,1965
South Africa,ZAF,Population,86.905,1966
South Africa,ZAF,Population,86.905,1967
South Africa,ZAF,Population,86.905,1968
South Africa,ZAF,Population,86.905,1969
South Africa,ZAF,Population,86.905,1970
South Africa,ZAF,Population,86.905,1971
South Africa,ZAF,Population,86.905,1972
South Africa,ZAF,Population,86.905,1973
South Africa,ZAF,Population,86.905,1974
South Africa,ZAF,Population,86.905,1975
South Africa,ZAF,Population,86.905,1976
South Africa,ZAF,Population,86.905,1977
South Africa,ZAF,Population,86.905,1978
South Africa,ZAF,Population,86.905,1979
South Africa,ZAF,Population,94.048,1980
South Africa,ZAF,Population,86.905,1981
South Africa,ZAF,Population,86.905,1982
South Africa,ZAF,Population,86.905,1983
South Africa,ZAF,Population,86.905,1984
South Africa,ZAF,Population,94.048,1985
South Africa,ZAF,Population,86.905,1986
South Africa,ZAF,Population,86.905,1987
South Africa,ZAF,Population,86.905,1988
South Africa,ZAF,Population,86.905,1989
South Africa,ZAF,Population,92.857,1990
South Africa,ZAF,Population,89.286,1991
South Africa,ZAF,Population,86.905,1992
South Africa,ZAF,Population,86.905,1993
South Africa,ZAF,Population,86.905,1994
South Africa,ZAF,Population,92.857,1995
South Africa,ZAF,Population,89.286,1996
South Africa,ZAF,Population,86.905,1997
South Africa,ZAF,Population,89.286,1998
South Africa,ZAF,Population,86.905,1999
South Africa,ZAF,Population,92.857,2000
South Africa,ZAF,Population,86.905,2001
South Africa,ZAF,Population,86.905,2002
South Africa,ZAF,Population,89.286,2003
South Africa,ZAF,Population,86.905,2004
South Africa,ZAF,Population,92.857,2005
South Africa,ZAF,Population,88.095,2006
South Africa,ZAF,Population,86.905,2007
South Africa,ZAF,Population,88.095,2008
South Africa,ZAF,Population,86.905,2009
South Africa,ZAF,Population,92.857,2010
South Africa,ZAF,Population,89.286,2011
South Africa,ZAF,Population,88.095,2012
South Africa,ZAF,Population,86.905,2013
South Africa,ZAF,Population,86.905,2014
South Africa,ZAF,Population,92.857,2015
South Africa,ZAF,Population,90.476,2016
South Africa,ZAF,Population,88.095,2017
South Africa,ZAF,Population,86.905,2018
South Africa,ZAF,Population,86.905,2019
South Africa,ZAF,Population,88.095,2020
South Africa,ZAF,Population,86.905,2021
South Africa,ZAF,Population,86.905,2022
South Africa,ZAF,Population,77.381,2023
South Africa,ZAF,SDGs,0.671,1960
South Africa,ZAF,SDGs,0.671,1961
South Africa,ZAF,SDGs,0.671,1962
South Africa,ZAF,SDGs,0.671,1963
South Africa,ZAF,SDGs,0.671,1964
South Africa,ZAF,SDGs,0.671,1965
South Africa,ZAF,SDGs,0.671,1966
South Africa,ZAF,SDGs,0.671,1967
South Africa,ZAF,SDGs,0.671,1968
South Africa,ZAF,SDGs,0.671,1969
South Africa,ZAF,SDGs,9.396,1970
South Africa,ZAF,SDGs,9.396,1971
South Africa,ZAF,SDGs,9.396,1972
South Africa,ZAF,SDGs,9.396,1973
South Africa,ZAF,SDGs,11.409,1974
South Africa,ZAF,SDGs,11.409,1975
South Africa,ZAF,SDGs,11.409,1976
South Africa,ZAF,SDGs,11.409,1977
South Africa,ZAF,SDGs,11.409,1978
South Africa,ZAF,SDGs,11.409,1979
South Africa,ZAF,SDGs,11.409,1980
South Africa,ZAF,SDGs,11.409,1981
South Africa,ZAF,SDGs,11.409,1982
South Africa,ZAF,SDGs,12.081,1983
South Africa,ZAF,SDGs,12.081,1984
South Africa,ZAF,SDGs,12.081,1985
South Africa,ZAF,SDGs,12.081,1986
South Africa,ZAF,SDGs,12.081,1987
South Africa,ZAF,SDGs,12.081,1988
South Africa,ZAF,SDGs,12.081,1989
South Africa,ZAF,SDGs,16.107,1990
South Africa,ZAF,SDGs,20.134,1991
South Africa,ZAF,SDGs,20.134,1992
South Africa,ZAF,SDGs,20.134,1993
South Africa,ZAF,SDGs,21.477,1994
South Africa,ZAF,SDGs,21.477,1995
South Africa,ZAF,SDGs,20.805,1996
South Africa,ZAF,SDGs,21.477,1997
South Africa,ZAF,SDGs,26.174,1998
South Africa,ZAF,SDGs,23.490,1999
South Africa,ZAF,SDGs,71.812,2000
South Africa,ZAF,SDGs,38.255,2001
South Africa,ZAF,SDGs,38.255,2002
South Africa,ZAF,SDGs,38.926,2003
South Africa,ZAF,SDGs,38.926,2004
South Africa,ZAF,SDGs,40.268,2005
South Africa,ZAF,SDGs,38.255,2006
South Africa,ZAF,SDGs,38.255,2007
South Africa,ZAF,SDGs,38.926,2008
South Africa,ZAF,SDGs,38.255,2009
South Africa,ZAF,SDGs,71.812,2010
South Africa,ZAF,SDGs,40.268,2011
South Africa,ZAF,SDGs,38.255,2012
South Africa,ZAF,SDGs,38.255,2013
South Africa,ZAF,SDGs,40.268,2014
South Africa,ZAF,SDGs,70.470,2015
South Africa,ZAF,SDGs,42.953,2016
South Africa,ZAF,SDGs,39.597,2017
South Africa,ZAF,SDGs,40.940,2018
South Africa,ZAF,SDGs,73.826,2019
South Africa,ZAF,SDGs,31.544,2020
South Africa,ZAF,SDGs,28.859,2021
South Africa,ZAF,SDGs,26.846,2022
South Africa,ZAF,SDGs,18.121,2023
South Africa,ZAF,Technology,0.000,1960
South Africa,ZAF,Technology,0.000,1961
South Africa,ZAF,Technology,0.000,1962
South Africa,ZAF,Technology,0.000,1963
South Africa,ZAF,Technology,0.000,1964
South Africa,ZAF,Technology,0.000,1965
South Africa,ZAF,Technology,0.000,1966
South Africa,ZAF,Technology,0.000,1967
South Africa,ZAF,Technology,0.000,1968
South Africa,ZAF,Technology,0.000,1969
South Africa,ZAF,Technology,0.000,1970
South Africa,ZAF,Technology,0.000,1971
South Africa,ZAF,Technology,0.000,1972
South Africa,ZAF,Technology,0.000,1973
South Africa,ZAF,Technology,0.000,1974
South Africa,ZAF,Technology,0.000,1975
South Africa,ZAF,Technology,0.000,1976
South Africa,ZAF,Technology,0.000,1977
South Africa,ZAF,Technology,0.000,1978
South Africa,ZAF,Technology,0.000,1979
South Africa,ZAF,Technology,0.000,1980
South Africa,ZAF,Technology,0.000,1981
South Africa,ZAF,Technology,0.000,1982
South Africa,ZAF,Technology,0.000,1983
South Africa,ZAF,Technology,0.000,1984
South Africa,ZAF,Technology,0.000,1985
South Africa,ZAF,Technology,0.000,1986
South Africa,ZAF,Technology,0.000,1987
South Africa,ZAF,Technology,0.000,1988
South Africa,ZAF,Technology,0.000,1989
South Africa,ZAF,Technology,2.222,1990
South Africa,ZAF,Technology,2.222,1991
South Africa,ZAF,Technology,2.222,1992
South Africa,ZAF,Technology,2.222,1993
South Africa,ZAF,Technology,2.222,1994
South Africa,ZAF,Technology,2.222,1995
South Africa,ZAF,Technology,2.222,1996
South Africa,ZAF,Technology,2.222,1997
South Africa,ZAF,Technology,2.222,1998
South Africa,ZAF,Technology,2.222,1999
South Africa,ZAF,Technology,2.222,2000
South Africa,ZAF,Technology,2.222,2001
South Africa,ZAF,Technology,2.222,2002
South Africa,ZAF,Technology,2.222,2003
South Africa,ZAF,Technology,2.222,2004
South Africa,ZAF,Technology,2.222,2005
South Africa,ZAF,Technology,2.222,2006
South Africa,ZAF,Technology,2.222,2007
South Africa,ZAF,Technology,2.222,2008
South Africa,ZAF,Technology,2.222,2009
South Africa,ZAF,Technology,2.222,2010
South Africa,ZAF,Technology,8.889,2011
South Africa,ZAF,Technology,4.444,2012
South Africa,ZAF,Technology,4.444,2013
South Africa,ZAF,Technology,42.222,2014
South Africa,ZAF,Technology,8.889,2015
South Africa,ZAF,Technology,8.889,2016
South Africa,ZAF,Technology,62.222,2017
South Africa,ZAF,Technology,2.222,2018
South Africa,ZAF,Technology,2.222,2019
South Africa,ZAF,Technology,2.222,2020
South Africa,ZAF,Technology,82.222,2021
South Africa,ZAF,Technology,2.222,2022
South Africa,ZAF,Technology,0.000,2023
South Africa,ZAF,Violence,0.000,1960
South Africa,ZAF,Violence,0.000,1961
South Africa,ZAF,Violence,0.000,1962
South Africa,ZAF,Violence,0.000,1963
South Africa,ZAF,Violence,0.000,1964
South Africa,ZAF,Violence,0.000,1965
South Africa,ZAF,Violence,0.000,1966
South Africa,ZAF,Violence,0.000,1967
South Africa,ZAF,Violence,0.000,1968
South Africa,ZAF,Violence,0.000,1969
South Africa,ZAF,Violence,2.143,1970
South Africa,ZAF,Violence,2.143,1971
South Africa,ZAF,Violence,2.143,1972
South Africa,ZAF,Violence,2.143,1973
South Africa,ZAF,Violence,2.143,1974
South Africa,ZAF,Violence,2.143,1975
South Africa,ZAF,Violence,2.143,1976
South Africa,ZAF,Violence,2.143,1977
South Africa,ZAF,Violence,2.143,1978
South Africa,ZAF,Violence,2.143,1979
South Africa,ZAF,Violence,2.143,1980
South Africa,ZAF,Violence,2.143,1981
South Africa,ZAF,Violence,2.143,1982
South Africa,ZAF,Violence,2.143,1983
South Africa,ZAF,Violence,2.143,1984
South Africa,ZAF,Violence,2.143,1985
South Africa,ZAF,Violence,2.143,1986
South Africa,ZAF,Violence,2.143,1987
South Africa,ZAF,Violence,2.143,1988
South Africa,ZAF,Violence,2.143,1989
South Africa,ZAF,Violence,2.143,1990
South Africa,ZAF,Violence,2.143,1991
South Africa,ZAF,Violence,2.143,1992
South Africa,ZAF,Violence,2.143,1993
South Africa,ZAF,Violence,2.857,1994
South Africa,ZAF,Violence,2.857,1995
South Africa,ZAF,Violence,2.857,1996
South Africa,ZAF,Violence,2.857,1997
South Africa,ZAF,Violence,5.714,1998
South Africa,ZAF,Violence,2.857,1999
South Africa,ZAF,Violence,5.000,2000
South Africa,ZAF,Violence,5.000,2001
South Africa,ZAF,Violence,5.000,2002
South Africa,ZAF,Violence,5.000,2003
South Africa,ZAF,Violence,5.000,2004
South Africa,ZAF,Violence,5.000,2005
South Africa,ZAF,Violence,6.429,2006
South Africa,ZAF,Violence,6.429,2007
South Africa,ZAF,Violence,6.429,2008
South Africa,ZAF,Violence,6.429,2009
South Africa,ZAF,Violence,6.429,2010
South Africa,ZAF,Violence,6.429,2011
South Africa,ZAF,Violence,5.000,2012
South Africa,ZAF,Violence,5.000,2013
South Africa,ZAF,Violence,5.000,2014
South Africa,ZAF,Violence,5.000,2015
South Africa,ZAF,Violence,42.143,2016
South Africa,ZAF,Violence,6.429,2017
South Africa,ZAF,Violence,9.286,2018
South Africa,ZAF,Violence,6.429,2019
South Africa,ZAF,Violence,2.857,2020
South Africa,ZAF,Violence,2.857,2021
South Africa,ZAF,Violence,2.143,2022
South Africa,ZAF,Violence,2.143,2023
South Africa,ZAF,Youth 15-24,7.339,1960
South Africa,ZAF,Youth 15-24,4.587,1961
South Africa,ZAF,Youth 15-24,4.587,1962
South Africa,ZAF,Youth 15-24,4.587,1963
South Africa,ZAF,Youth 15-24,4.587,1964
South Africa,ZAF,Youth 15-24,4.587,1965
South Africa,ZAF,Youth 15-24,4.587,1966
South Africa,ZAF,Youth 15-24,4.587,1967
South Africa,ZAF,Youth 15-24,4.587,1968
South Africa,ZAF,Youth 15-24,4.587,1969
South Africa,ZAF,Youth 15-24,13.761,1970
South Africa,ZAF,Youth 15-24,4.587,1971
South Africa,ZAF,Youth 15-24,4.587,1972
South Africa,ZAF,Youth 15-24,5.505,1973
South Africa,ZAF,Youth 15-24,4.587,1974
South Africa,ZAF,Youth 15-24,4.587,1975
South Africa,ZAF,Youth 15-24,4.587,1976
South Africa,ZAF,Youth 15-24,4.587,1977
South Africa,ZAF,Youth 15-24,4.587,1978
South Africa,ZAF,Youth 15-24,4.587,1979
South Africa,ZAF,Youth 15-24,16.514,1980
South Africa,ZAF,Youth 15-24,4.587,1981
South Africa,ZAF,Youth 15-24,4.587,1982
South Africa,ZAF,Youth 15-24,4.587,1983
South Africa,ZAF,Youth 15-24,4.587,1984
South Africa,ZAF,Youth 15-24,12.844,1985
South Africa,ZAF,Youth 15-24,4.587,1986
South Africa,ZAF,Youth 15-24,4.587,1987
South Africa,ZAF,Youth 15-24,8.257,1988
South Africa,ZAF,Youth 15-24,18.349,1989
South Africa,ZAF,Youth 15-24,28.440,1990
South Africa,ZAF,Youth 15-24,34.862,1991
South Africa,ZAF,Youth 15-24,22.018,1992
South Africa,ZAF,Youth 15-24,22.018,1993
South Africa,ZAF,Youth 15-24,36.697,1994
South Africa,ZAF,Youth 15-24,18.349,1995
South Africa,ZAF,Youth 15-24,25.688,1996
South Africa,ZAF,Youth 15-24,21.101,1997
South Africa,ZAF,Youth 15-24,39.450,1998
South Africa,ZAF,Youth 15-24,45.872,1999
South Africa,ZAF,Youth 15-24,52.294,2000
South Africa,ZAF,Youth 15-24,60.550,2001
South Africa,ZAF,Youth 15-24,63.303,2002
South Africa,ZAF,Youth 15-24,63.303,2003
South Africa,ZAF,Youth 15-24,60.550,2004
South Africa,ZAF,Youth 15-24,60.550,2005
South Africa,ZAF,Youth 15-24,52.294,2006
South Africa,ZAF,Youth 15-24,59.633,2007
South Africa,ZAF,Youth 15-24,49.541,2008
South Africa,ZAF,Youth 15-24,60.550,2009
South Africa,ZAF,Youth 15-24,64.220,2010
South Africa,ZAF,Youth 15-24,64.220,2011
South Africa,ZAF,Youth 15-24,71.560,2012
South Africa,ZAF,Youth 15-24,59.633,2013
South Africa,ZAF,Youth 15-24,83.486,2014
South Africa,ZAF,Youth 15-24,91.743,2015
South Africa,ZAF,Youth 15-24,88.073,2016
South Africa,ZAF,Youth 15-24,88.991,2017
South Africa,ZAF,Youth 15-24,56.881,2018
South Africa,ZAF,Youth 15-24,56.881,2019
South Africa,ZAF,Youth 15-24,53.211,2020
South Africa,ZAF,Youth 15-24,55.046,2021
South Africa,ZAF,Youth 15-24,51.376,2022
South Africa,ZAF,Youth 15-24,35.780,2023
