Country Name,Country Code,Topic,% of available indicators,Year
Palau,PLW,Assets,0.000,1960
Palau,PLW,Assets,0.000,1961
Palau,PLW,Assets,0.000,1962
Palau,PLW,Assets,0.000,1963
Palau,PLW,Assets,0.000,1964
Palau,PLW,Assets,0.000,1965
Palau,PLW,Assets,0.000,1966
Palau,PLW,Assets,0.000,1967
Palau,PLW,Assets,0.000,1968
Palau,PLW,Assets,0.000,1969
Palau,PLW,Assets,2.208,1970
Palau,PLW,Assets,2.208,1971
Palau,PLW,Assets,2.208,1972
Palau,PLW,Assets,2.208,1973
Palau,PLW,Assets,2.208,1974
Palau,PLW,Assets,2.208,1975
Palau,PLW,Assets,2.208,1976
Palau,PLW,Assets,2.208,1977
Palau,PLW,Assets,2.208,1978
Palau,PLW,Assets,2.208,1979
Palau,PLW,Assets,2.208,1980
Palau,PLW,Assets,2.208,1981
Palau,PLW,Assets,2.208,1982
Palau,PLW,Assets,2.208,1983
Palau,PLW,Assets,2.208,1984
Palau,PLW,Assets,2.208,1985
Palau,PLW,Assets,2.208,1986
Palau,PLW,Assets,2.208,1987
Palau,PLW,Assets,2.208,1988
Palau,PLW,Assets,2.208,1989
Palau,PLW,Assets,2.208,1990
Palau,PLW,Assets,2.208,1991
Palau,PLW,Assets,2.208,1992
Palau,PLW,Assets,2.208,1993
Palau,PLW,Assets,2.208,1994
Palau,PLW,Assets,2.208,1995
Palau,PLW,Assets,2.208,1996
Palau,PLW,Assets,2.208,1997
Palau,PLW,Assets,2.208,1998
Palau,PLW,Assets,2.208,1999
Palau,PLW,Assets,2.208,2000
Palau,PLW,Assets,2.208,2001
Palau,PLW,Assets,2.208,2002
Palau,PLW,Assets,2.208,2003
Palau,PLW,Assets,2.208,2004
Palau,PLW,Assets,2.208,2005
Palau,PLW,Assets,2.208,2006
Palau,PLW,Assets,2.208,2007
Palau,PLW,Assets,2.208,2008
Palau,PLW,Assets,2.208,2009
Palau,PLW,Assets,2.208,2010
Palau,PLW,Assets,2.208,2011
Palau,PLW,Assets,2.208,2012
Palau,PLW,Assets,2.208,2013
Palau,PLW,Assets,2.208,2014
Palau,PLW,Assets,2.208,2015
Palau,PLW,Assets,2.208,2016
Palau,PLW,Assets,2.208,2017
Palau,PLW,Assets,2.208,2018
Palau,PLW,Assets,2.208,2019
Palau,PLW,Assets,2.208,2020
Palau,PLW,Assets,2.208,2021
Palau,PLW,Assets,2.208,2022
Palau,PLW,Assets,2.208,2023
Palau,PLW,Children 0-14,8.462,1960
Palau,PLW,Children 0-14,8.462,1961
Palau,PLW,Children 0-14,8.462,1962
Palau,PLW,Children 0-14,8.462,1963
Palau,PLW,Children 0-14,8.462,1964
Palau,PLW,Children 0-14,9.231,1965
Palau,PLW,Children 0-14,9.231,1966
Palau,PLW,Children 0-14,9.231,1967
Palau,PLW,Children 0-14,9.231,1968
Palau,PLW,Children 0-14,9.231,1969
Palau,PLW,Children 0-14,9.231,1970
Palau,PLW,Children 0-14,9.231,1971
Palau,PLW,Children 0-14,9.231,1972
Palau,PLW,Children 0-14,9.231,1973
Palau,PLW,Children 0-14,9.231,1974
Palau,PLW,Children 0-14,9.231,1975
Palau,PLW,Children 0-14,9.231,1976
Palau,PLW,Children 0-14,9.231,1977
Palau,PLW,Children 0-14,9.231,1978
Palau,PLW,Children 0-14,9.231,1979
Palau,PLW,Children 0-14,9.231,1980
Palau,PLW,Children 0-14,9.231,1981
Palau,PLW,Children 0-14,9.231,1982
Palau,PLW,Children 0-14,9.231,1983
Palau,PLW,Children 0-14,9.231,1984
Palau,PLW,Children 0-14,13.077,1985
Palau,PLW,Children 0-14,16.923,1986
Palau,PLW,Children 0-14,16.923,1987
Palau,PLW,Children 0-14,16.923,1988
Palau,PLW,Children 0-14,16.923,1989
Palau,PLW,Children 0-14,20.769,1990
Palau,PLW,Children 0-14,18.462,1991
Palau,PLW,Children 0-14,18.462,1992
Palau,PLW,Children 0-14,18.462,1993
Palau,PLW,Children 0-14,18.462,1994
Palau,PLW,Children 0-14,20.769,1995
Palau,PLW,Children 0-14,18.462,1996
Palau,PLW,Children 0-14,18.462,1997
Palau,PLW,Children 0-14,18.462,1998
Palau,PLW,Children 0-14,24.615,1999
Palau,PLW,Children 0-14,30.000,2000
Palau,PLW,Children 0-14,18.462,2001
Palau,PLW,Children 0-14,19.231,2002
Palau,PLW,Children 0-14,21.538,2003
Palau,PLW,Children 0-14,26.923,2004
Palau,PLW,Children 0-14,21.538,2005
Palau,PLW,Children 0-14,19.231,2006
Palau,PLW,Children 0-14,19.231,2007
Palau,PLW,Children 0-14,18.462,2008
Palau,PLW,Children 0-14,18.462,2009
Palau,PLW,Children 0-14,20.769,2010
Palau,PLW,Children 0-14,18.462,2011
Palau,PLW,Children 0-14,18.462,2012
Palau,PLW,Children 0-14,35.385,2013
Palau,PLW,Children 0-14,39.231,2014
Palau,PLW,Children 0-14,18.462,2015
Palau,PLW,Children 0-14,18.462,2016
Palau,PLW,Children 0-14,18.462,2017
Palau,PLW,Children 0-14,20.769,2018
Palau,PLW,Children 0-14,18.462,2019
Palau,PLW,Children 0-14,32.308,2020
Palau,PLW,Children 0-14,29.231,2021
Palau,PLW,Children 0-14,28.462,2022
Palau,PLW,Children 0-14,19.231,2023
Palau,PLW,Education,0.000,1960
Palau,PLW,Education,0.000,1961
Palau,PLW,Education,0.000,1962
Palau,PLW,Education,0.000,1963
Palau,PLW,Education,0.000,1964
Palau,PLW,Education,0.000,1965
Palau,PLW,Education,0.000,1966
Palau,PLW,Education,0.000,1967
Palau,PLW,Education,0.000,1968
Palau,PLW,Education,0.000,1969
Palau,PLW,Education,0.000,1970
Palau,PLW,Education,0.000,1971
Palau,PLW,Education,0.000,1972
Palau,PLW,Education,0.000,1973
Palau,PLW,Education,0.000,1974
Palau,PLW,Education,0.000,1975
Palau,PLW,Education,0.000,1976
Palau,PLW,Education,0.000,1977
Palau,PLW,Education,0.000,1978
Palau,PLW,Education,0.000,1979
Palau,PLW,Education,6.748,1980
Palau,PLW,Education,0.000,1981
Palau,PLW,Education,0.000,1982
Palau,PLW,Education,0.000,1983
Palau,PLW,Education,0.000,1984
Palau,PLW,Education,0.000,1985
Palau,PLW,Education,0.000,1986
Palau,PLW,Education,0.000,1987
Palau,PLW,Education,0.000,1988
Palau,PLW,Education,0.000,1989
Palau,PLW,Education,0.000,1990
Palau,PLW,Education,0.000,1991
Palau,PLW,Education,0.000,1992
Palau,PLW,Education,0.000,1993
Palau,PLW,Education,0.000,1994
Palau,PLW,Education,0.000,1995
Palau,PLW,Education,0.000,1996
Palau,PLW,Education,0.000,1997
Palau,PLW,Education,0.000,1998
Palau,PLW,Education,9.816,1999
Palau,PLW,Education,19.632,2000
Palau,PLW,Education,3.681,2001
Palau,PLW,Education,4.294,2002
Palau,PLW,Education,3.681,2003
Palau,PLW,Education,10.429,2004
Palau,PLW,Education,1.227,2005
Palau,PLW,Education,1.227,2006
Palau,PLW,Education,1.227,2007
Palau,PLW,Education,0.000,2008
Palau,PLW,Education,0.000,2009
Palau,PLW,Education,0.000,2010
Palau,PLW,Education,0.000,2011
Palau,PLW,Education,0.000,2012
Palau,PLW,Education,38.037,2013
Palau,PLW,Education,33.129,2014
Palau,PLW,Education,6.748,2015
Palau,PLW,Education,0.000,2016
Palau,PLW,Education,0.000,2017
Palau,PLW,Education,11.043,2018
Palau,PLW,Education,0.000,2019
Palau,PLW,Education,36.810,2020
Palau,PLW,Education,11.656,2021
Palau,PLW,Education,15.951,2022
Palau,PLW,Education,15.951,2023
Palau,PLW,Employment and Time Use,0.000,1960
Palau,PLW,Employment and Time Use,0.000,1961
Palau,PLW,Employment and Time Use,0.000,1962
Palau,PLW,Employment and Time Use,0.000,1963
Palau,PLW,Employment and Time Use,0.000,1964
Palau,PLW,Employment and Time Use,0.000,1965
Palau,PLW,Employment and Time Use,0.000,1966
Palau,PLW,Employment and Time Use,0.000,1967
Palau,PLW,Employment and Time Use,0.000,1968
Palau,PLW,Employment and Time Use,0.000,1969
Palau,PLW,Employment and Time Use,21.168,1970
Palau,PLW,Employment and Time Use,21.168,1971
Palau,PLW,Employment and Time Use,21.168,1972
Palau,PLW,Employment and Time Use,21.168,1973
Palau,PLW,Employment and Time Use,21.168,1974
Palau,PLW,Employment and Time Use,21.168,1975
Palau,PLW,Employment and Time Use,21.168,1976
Palau,PLW,Employment and Time Use,21.168,1977
Palau,PLW,Employment and Time Use,21.168,1978
Palau,PLW,Employment and Time Use,21.168,1979
Palau,PLW,Employment and Time Use,21.168,1980
Palau,PLW,Employment and Time Use,21.168,1981
Palau,PLW,Employment and Time Use,21.168,1982
Palau,PLW,Employment and Time Use,21.168,1983
Palau,PLW,Employment and Time Use,21.168,1984
Palau,PLW,Employment and Time Use,21.168,1985
Palau,PLW,Employment and Time Use,21.168,1986
Palau,PLW,Employment and Time Use,21.168,1987
Palau,PLW,Employment and Time Use,21.168,1988
Palau,PLW,Employment and Time Use,21.168,1989
Palau,PLW,Employment and Time Use,23.358,1990
Palau,PLW,Employment and Time Use,21.168,1991
Palau,PLW,Employment and Time Use,21.168,1992
Palau,PLW,Employment and Time Use,21.168,1993
Palau,PLW,Employment and Time Use,21.168,1994
Palau,PLW,Employment and Time Use,31.387,1995
Palau,PLW,Employment and Time Use,21.168,1996
Palau,PLW,Employment and Time Use,21.168,1997
Palau,PLW,Employment and Time Use,21.168,1998
Palau,PLW,Employment and Time Use,21.168,1999
Palau,PLW,Employment and Time Use,51.095,2000
Palau,PLW,Employment and Time Use,21.168,2001
Palau,PLW,Employment and Time Use,21.168,2002
Palau,PLW,Employment and Time Use,21.168,2003
Palau,PLW,Employment and Time Use,21.168,2004
Palau,PLW,Employment and Time Use,30.657,2005
Palau,PLW,Employment and Time Use,21.898,2006
Palau,PLW,Employment and Time Use,21.168,2007
Palau,PLW,Employment and Time Use,21.168,2008
Palau,PLW,Employment and Time Use,21.168,2009
Palau,PLW,Employment and Time Use,21.168,2010
Palau,PLW,Employment and Time Use,21.168,2011
Palau,PLW,Employment and Time Use,21.168,2012
Palau,PLW,Employment and Time Use,21.168,2013
Palau,PLW,Employment and Time Use,48.905,2014
Palau,PLW,Employment and Time Use,21.168,2015
Palau,PLW,Employment and Time Use,21.168,2016
Palau,PLW,Employment and Time Use,21.168,2017
Palau,PLW,Employment and Time Use,21.168,2018
Palau,PLW,Employment and Time Use,21.168,2019
Palau,PLW,Employment and Time Use,54.015,2020
Palau,PLW,Employment and Time Use,21.168,2021
Palau,PLW,Employment and Time Use,21.168,2022
Palau,PLW,Employment and Time Use,24.088,2023
Palau,PLW,Entrepreneurship,0.000,1960
Palau,PLW,Entrepreneurship,0.000,1961
Palau,PLW,Entrepreneurship,0.000,1962
Palau,PLW,Entrepreneurship,0.000,1963
Palau,PLW,Entrepreneurship,0.000,1964
Palau,PLW,Entrepreneurship,0.000,1965
Palau,PLW,Entrepreneurship,0.000,1966
Palau,PLW,Entrepreneurship,0.000,1967
Palau,PLW,Entrepreneurship,0.000,1968
Palau,PLW,Entrepreneurship,0.000,1969
Palau,PLW,Entrepreneurship,9.375,1970
Palau,PLW,Entrepreneurship,9.375,1971
Palau,PLW,Entrepreneurship,9.375,1972
Palau,PLW,Entrepreneurship,9.375,1973
Palau,PLW,Entrepreneurship,9.375,1974
Palau,PLW,Entrepreneurship,9.375,1975
Palau,PLW,Entrepreneurship,9.375,1976
Palau,PLW,Entrepreneurship,9.375,1977
Palau,PLW,Entrepreneurship,9.375,1978
Palau,PLW,Entrepreneurship,9.375,1979
Palau,PLW,Entrepreneurship,9.375,1980
Palau,PLW,Entrepreneurship,9.375,1981
Palau,PLW,Entrepreneurship,9.375,1982
Palau,PLW,Entrepreneurship,9.375,1983
Palau,PLW,Entrepreneurship,9.375,1984
Palau,PLW,Entrepreneurship,9.375,1985
Palau,PLW,Entrepreneurship,9.375,1986
Palau,PLW,Entrepreneurship,9.375,1987
Palau,PLW,Entrepreneurship,9.375,1988
Palau,PLW,Entrepreneurship,9.375,1989
Palau,PLW,Entrepreneurship,9.375,1990
Palau,PLW,Entrepreneurship,9.375,1991
Palau,PLW,Entrepreneurship,9.375,1992
Palau,PLW,Entrepreneurship,9.375,1993
Palau,PLW,Entrepreneurship,9.375,1994
Palau,PLW,Entrepreneurship,9.375,1995
Palau,PLW,Entrepreneurship,9.375,1996
Palau,PLW,Entrepreneurship,9.375,1997
Palau,PLW,Entrepreneurship,9.375,1998
Palau,PLW,Entrepreneurship,9.375,1999
Palau,PLW,Entrepreneurship,9.375,2000
Palau,PLW,Entrepreneurship,9.375,2001
Palau,PLW,Entrepreneurship,9.375,2002
Palau,PLW,Entrepreneurship,37.500,2003
Palau,PLW,Entrepreneurship,37.500,2004
Palau,PLW,Entrepreneurship,37.500,2005
Palau,PLW,Entrepreneurship,37.500,2006
Palau,PLW,Entrepreneurship,37.500,2007
Palau,PLW,Entrepreneurship,37.500,2008
Palau,PLW,Entrepreneurship,37.500,2009
Palau,PLW,Entrepreneurship,37.500,2010
Palau,PLW,Entrepreneurship,37.500,2011
Palau,PLW,Entrepreneurship,37.500,2012
Palau,PLW,Entrepreneurship,37.500,2013
Palau,PLW,Entrepreneurship,37.500,2014
Palau,PLW,Entrepreneurship,37.500,2015
Palau,PLW,Entrepreneurship,37.500,2016
Palau,PLW,Entrepreneurship,37.500,2017
Palau,PLW,Entrepreneurship,37.500,2018
Palau,PLW,Entrepreneurship,37.500,2019
Palau,PLW,Entrepreneurship,9.375,2020
Palau,PLW,Entrepreneurship,9.375,2021
Palau,PLW,Entrepreneurship,9.375,2022
Palau,PLW,Entrepreneurship,9.375,2023
Palau,PLW,Environment,0.000,1960
Palau,PLW,Environment,0.000,1961
Palau,PLW,Environment,0.000,1962
Palau,PLW,Environment,0.000,1963
Palau,PLW,Environment,0.000,1964
Palau,PLW,Environment,0.000,1965
Palau,PLW,Environment,0.000,1966
Palau,PLW,Environment,0.000,1967
Palau,PLW,Environment,0.000,1968
Palau,PLW,Environment,0.000,1969
Palau,PLW,Environment,0.000,1970
Palau,PLW,Environment,0.000,1971
Palau,PLW,Environment,0.000,1972
Palau,PLW,Environment,0.000,1973
Palau,PLW,Environment,0.000,1974
Palau,PLW,Environment,0.000,1975
Palau,PLW,Environment,0.000,1976
Palau,PLW,Environment,0.000,1977
Palau,PLW,Environment,0.000,1978
Palau,PLW,Environment,0.000,1979
Palau,PLW,Environment,0.000,1980
Palau,PLW,Environment,0.000,1981
Palau,PLW,Environment,0.000,1982
Palau,PLW,Environment,0.000,1983
Palau,PLW,Environment,0.000,1984
Palau,PLW,Environment,0.000,1985
Palau,PLW,Environment,0.000,1986
Palau,PLW,Environment,0.000,1987
Palau,PLW,Environment,0.000,1988
Palau,PLW,Environment,0.000,1989
Palau,PLW,Environment,0.000,1990
Palau,PLW,Environment,0.000,1991
Palau,PLW,Environment,0.000,1992
Palau,PLW,Environment,0.000,1993
Palau,PLW,Environment,0.000,1994
Palau,PLW,Environment,0.000,1995
Palau,PLW,Environment,0.000,1996
Palau,PLW,Environment,0.000,1997
Palau,PLW,Environment,0.000,1998
Palau,PLW,Environment,0.000,1999
Palau,PLW,Environment,10.000,2000
Palau,PLW,Environment,10.000,2001
Palau,PLW,Environment,10.000,2002
Palau,PLW,Environment,10.000,2003
Palau,PLW,Environment,10.000,2004
Palau,PLW,Environment,10.000,2005
Palau,PLW,Environment,10.000,2006
Palau,PLW,Environment,10.000,2007
Palau,PLW,Environment,10.000,2008
Palau,PLW,Environment,10.000,2009
Palau,PLW,Environment,10.000,2010
Palau,PLW,Environment,10.000,2011
Palau,PLW,Environment,10.000,2012
Palau,PLW,Environment,13.333,2013
Palau,PLW,Environment,10.000,2014
Palau,PLW,Environment,10.000,2015
Palau,PLW,Environment,10.000,2016
Palau,PLW,Environment,10.000,2017
Palau,PLW,Environment,10.000,2018
Palau,PLW,Environment,10.000,2019
Palau,PLW,Environment,10.000,2020
Palau,PLW,Environment,10.000,2021
Palau,PLW,Environment,10.000,2022
Palau,PLW,Environment,0.000,2023
Palau,PLW,Health,1.515,1960
Palau,PLW,Health,1.515,1961
Palau,PLW,Health,1.515,1962
Palau,PLW,Health,1.515,1963
Palau,PLW,Health,1.515,1964
Palau,PLW,Health,2.020,1965
Palau,PLW,Health,2.020,1966
Palau,PLW,Health,2.020,1967
Palau,PLW,Health,2.020,1968
Palau,PLW,Health,2.020,1969
Palau,PLW,Health,2.020,1970
Palau,PLW,Health,2.020,1971
Palau,PLW,Health,2.020,1972
Palau,PLW,Health,2.020,1973
Palau,PLW,Health,2.020,1974
Palau,PLW,Health,4.545,1975
Palau,PLW,Health,4.545,1976
Palau,PLW,Health,4.545,1977
Palau,PLW,Health,4.545,1978
Palau,PLW,Health,4.545,1979
Palau,PLW,Health,4.545,1980
Palau,PLW,Health,4.545,1981
Palau,PLW,Health,4.545,1982
Palau,PLW,Health,4.545,1983
Palau,PLW,Health,4.545,1984
Palau,PLW,Health,7.071,1985
Palau,PLW,Health,9.596,1986
Palau,PLW,Health,9.596,1987
Palau,PLW,Health,9.596,1988
Palau,PLW,Health,9.596,1989
Palau,PLW,Health,11.616,1990
Palau,PLW,Health,10.606,1991
Palau,PLW,Health,10.606,1992
Palau,PLW,Health,10.606,1993
Palau,PLW,Health,10.606,1994
Palau,PLW,Health,11.616,1995
Palau,PLW,Health,10.606,1996
Palau,PLW,Health,10.606,1997
Palau,PLW,Health,11.111,1998
Palau,PLW,Health,10.606,1999
Palau,PLW,Health,17.172,2000
Palau,PLW,Health,14.646,2001
Palau,PLW,Health,15.152,2002
Palau,PLW,Health,14.646,2003
Palau,PLW,Health,14.646,2004
Palau,PLW,Health,16.667,2005
Palau,PLW,Health,15.152,2006
Palau,PLW,Health,16.162,2007
Palau,PLW,Health,15.657,2008
Palau,PLW,Health,15.152,2009
Palau,PLW,Health,19.192,2010
Palau,PLW,Health,15.657,2011
Palau,PLW,Health,16.162,2012
Palau,PLW,Health,15.657,2013
Palau,PLW,Health,15.657,2014
Palau,PLW,Health,17.677,2015
Palau,PLW,Health,15.152,2016
Palau,PLW,Health,12.626,2017
Palau,PLW,Health,17.172,2018
Palau,PLW,Health,14.141,2019
Palau,PLW,Health,16.162,2020
Palau,PLW,Health,10.606,2021
Palau,PLW,Health,9.596,2022
Palau,PLW,Health,1.010,2023
Palau,PLW,Leadership,0.000,1960
Palau,PLW,Leadership,0.000,1961
Palau,PLW,Leadership,0.000,1962
Palau,PLW,Leadership,0.000,1963
Palau,PLW,Leadership,0.000,1964
Palau,PLW,Leadership,0.000,1965
Palau,PLW,Leadership,0.000,1966
Palau,PLW,Leadership,0.000,1967
Palau,PLW,Leadership,0.000,1968
Palau,PLW,Leadership,0.000,1969
Palau,PLW,Leadership,0.000,1970
Palau,PLW,Leadership,0.000,1971
Palau,PLW,Leadership,0.000,1972
Palau,PLW,Leadership,0.000,1973
Palau,PLW,Leadership,0.000,1974
Palau,PLW,Leadership,0.000,1975
Palau,PLW,Leadership,0.000,1976
Palau,PLW,Leadership,0.000,1977
Palau,PLW,Leadership,0.000,1978
Palau,PLW,Leadership,0.000,1979
Palau,PLW,Leadership,0.000,1980
Palau,PLW,Leadership,0.000,1981
Palau,PLW,Leadership,0.000,1982
Palau,PLW,Leadership,0.000,1983
Palau,PLW,Leadership,0.000,1984
Palau,PLW,Leadership,0.000,1985
Palau,PLW,Leadership,0.000,1986
Palau,PLW,Leadership,0.000,1987
Palau,PLW,Leadership,0.000,1988
Palau,PLW,Leadership,0.000,1989
Palau,PLW,Leadership,0.000,1990
Palau,PLW,Leadership,0.000,1991
Palau,PLW,Leadership,0.000,1992
Palau,PLW,Leadership,0.000,1993
Palau,PLW,Leadership,0.000,1994
Palau,PLW,Leadership,0.000,1995
Palau,PLW,Leadership,0.000,1996
Palau,PLW,Leadership,25.000,1997
Palau,PLW,Leadership,25.000,1998
Palau,PLW,Leadership,25.000,1999
Palau,PLW,Leadership,25.000,2000
Palau,PLW,Leadership,25.000,2001
Palau,PLW,Leadership,25.000,2002
Palau,PLW,Leadership,25.000,2003
Palau,PLW,Leadership,25.000,2004
Palau,PLW,Leadership,50.000,2005
Palau,PLW,Leadership,25.000,2006
Palau,PLW,Leadership,25.000,2007
Palau,PLW,Leadership,50.000,2008
Palau,PLW,Leadership,25.000,2009
Palau,PLW,Leadership,50.000,2010
Palau,PLW,Leadership,25.000,2011
Palau,PLW,Leadership,50.000,2012
Palau,PLW,Leadership,25.000,2013
Palau,PLW,Leadership,75.000,2014
Palau,PLW,Leadership,50.000,2015
Palau,PLW,Leadership,50.000,2016
Palau,PLW,Leadership,25.000,2017
Palau,PLW,Leadership,50.000,2018
Palau,PLW,Leadership,50.000,2019
Palau,PLW,Leadership,50.000,2020
Palau,PLW,Leadership,25.000,2021
Palau,PLW,Leadership,50.000,2022
Palau,PLW,Leadership,25.000,2023
Palau,PLW,Norms and Decision-making,0.000,1960
Palau,PLW,Norms and Decision-making,0.000,1961
Palau,PLW,Norms and Decision-making,0.000,1962
Palau,PLW,Norms and Decision-making,0.000,1963
Palau,PLW,Norms and Decision-making,0.000,1964
Palau,PLW,Norms and Decision-making,0.000,1965
Palau,PLW,Norms and Decision-making,0.000,1966
Palau,PLW,Norms and Decision-making,0.000,1967
Palau,PLW,Norms and Decision-making,0.000,1968
Palau,PLW,Norms and Decision-making,0.000,1969
Palau,PLW,Norms and Decision-making,12.593,1970
Palau,PLW,Norms and Decision-making,12.593,1971
Palau,PLW,Norms and Decision-making,12.593,1972
Palau,PLW,Norms and Decision-making,12.593,1973
Palau,PLW,Norms and Decision-making,12.593,1974
Palau,PLW,Norms and Decision-making,12.593,1975
Palau,PLW,Norms and Decision-making,12.593,1976
Palau,PLW,Norms and Decision-making,12.593,1977
Palau,PLW,Norms and Decision-making,12.593,1978
Palau,PLW,Norms and Decision-making,12.593,1979
Palau,PLW,Norms and Decision-making,12.593,1980
Palau,PLW,Norms and Decision-making,12.593,1981
Palau,PLW,Norms and Decision-making,12.593,1982
Palau,PLW,Norms and Decision-making,12.593,1983
Palau,PLW,Norms and Decision-making,12.593,1984
Palau,PLW,Norms and Decision-making,12.593,1985
Palau,PLW,Norms and Decision-making,12.593,1986
Palau,PLW,Norms and Decision-making,12.593,1987
Palau,PLW,Norms and Decision-making,12.593,1988
Palau,PLW,Norms and Decision-making,12.593,1989
Palau,PLW,Norms and Decision-making,12.593,1990
Palau,PLW,Norms and Decision-making,12.593,1991
Palau,PLW,Norms and Decision-making,12.593,1992
Palau,PLW,Norms and Decision-making,12.593,1993
Palau,PLW,Norms and Decision-making,12.593,1994
Palau,PLW,Norms and Decision-making,12.593,1995
Palau,PLW,Norms and Decision-making,12.593,1996
Palau,PLW,Norms and Decision-making,12.593,1997
Palau,PLW,Norms and Decision-making,12.593,1998
Palau,PLW,Norms and Decision-making,12.593,1999
Palau,PLW,Norms and Decision-making,12.593,2000
Palau,PLW,Norms and Decision-making,12.593,2001
Palau,PLW,Norms and Decision-making,12.593,2002
Palau,PLW,Norms and Decision-making,12.593,2003
Palau,PLW,Norms and Decision-making,12.593,2004
Palau,PLW,Norms and Decision-making,12.593,2005
Palau,PLW,Norms and Decision-making,12.593,2006
Palau,PLW,Norms and Decision-making,12.593,2007
Palau,PLW,Norms and Decision-making,12.593,2008
Palau,PLW,Norms and Decision-making,12.593,2009
Palau,PLW,Norms and Decision-making,12.593,2010
Palau,PLW,Norms and Decision-making,12.593,2011
Palau,PLW,Norms and Decision-making,12.593,2012
Palau,PLW,Norms and Decision-making,12.593,2013
Palau,PLW,Norms and Decision-making,12.593,2014
Palau,PLW,Norms and Decision-making,14.074,2015
Palau,PLW,Norms and Decision-making,12.593,2016
Palau,PLW,Norms and Decision-making,12.593,2017
Palau,PLW,Norms and Decision-making,12.593,2018
Palau,PLW,Norms and Decision-making,12.593,2019
Palau,PLW,Norms and Decision-making,12.593,2020
Palau,PLW,Norms and Decision-making,12.593,2021
Palau,PLW,Norms and Decision-making,12.593,2022
Palau,PLW,Norms and Decision-making,12.593,2023
Palau,PLW,Population,80.952,1960
Palau,PLW,Population,80.952,1961
Palau,PLW,Population,80.952,1962
Palau,PLW,Population,80.952,1963
Palau,PLW,Population,80.952,1964
Palau,PLW,Population,80.952,1965
Palau,PLW,Population,80.952,1966
Palau,PLW,Population,80.952,1967
Palau,PLW,Population,80.952,1968
Palau,PLW,Population,80.952,1969
Palau,PLW,Population,80.952,1970
Palau,PLW,Population,80.952,1971
Palau,PLW,Population,80.952,1972
Palau,PLW,Population,80.952,1973
Palau,PLW,Population,80.952,1974
Palau,PLW,Population,80.952,1975
Palau,PLW,Population,80.952,1976
Palau,PLW,Population,80.952,1977
Palau,PLW,Population,80.952,1978
Palau,PLW,Population,80.952,1979
Palau,PLW,Population,80.952,1980
Palau,PLW,Population,80.952,1981
Palau,PLW,Population,80.952,1982
Palau,PLW,Population,80.952,1983
Palau,PLW,Population,80.952,1984
Palau,PLW,Population,80.952,1985
Palau,PLW,Population,80.952,1986
Palau,PLW,Population,80.952,1987
Palau,PLW,Population,80.952,1988
Palau,PLW,Population,80.952,1989
Palau,PLW,Population,88.095,1990
Palau,PLW,Population,82.143,1991
Palau,PLW,Population,82.143,1992
Palau,PLW,Population,82.143,1993
Palau,PLW,Population,82.143,1994
Palau,PLW,Population,88.095,1995
Palau,PLW,Population,82.143,1996
Palau,PLW,Population,82.143,1997
Palau,PLW,Population,82.143,1998
Palau,PLW,Population,82.143,1999
Palau,PLW,Population,88.095,2000
Palau,PLW,Population,82.143,2001
Palau,PLW,Population,82.143,2002
Palau,PLW,Population,82.143,2003
Palau,PLW,Population,82.143,2004
Palau,PLW,Population,88.095,2005
Palau,PLW,Population,82.143,2006
Palau,PLW,Population,82.143,2007
Palau,PLW,Population,82.143,2008
Palau,PLW,Population,82.143,2009
Palau,PLW,Population,83.333,2010
Palau,PLW,Population,82.143,2011
Palau,PLW,Population,83.333,2012
Palau,PLW,Population,82.143,2013
Palau,PLW,Population,82.143,2014
Palau,PLW,Population,86.905,2015
Palau,PLW,Population,82.143,2016
Palau,PLW,Population,82.143,2017
Palau,PLW,Population,82.143,2018
Palau,PLW,Population,82.143,2019
Palau,PLW,Population,84.524,2020
Palau,PLW,Population,82.143,2021
Palau,PLW,Population,82.143,2022
Palau,PLW,Population,77.381,2023
Palau,PLW,SDGs,0.671,1960
Palau,PLW,SDGs,0.671,1961
Palau,PLW,SDGs,0.671,1962
Palau,PLW,SDGs,0.671,1963
Palau,PLW,SDGs,0.671,1964
Palau,PLW,SDGs,1.342,1965
Palau,PLW,SDGs,1.342,1966
Palau,PLW,SDGs,1.342,1967
Palau,PLW,SDGs,1.342,1968
Palau,PLW,SDGs,1.342,1969
Palau,PLW,SDGs,10.067,1970
Palau,PLW,SDGs,10.067,1971
Palau,PLW,SDGs,10.067,1972
Palau,PLW,SDGs,10.067,1973
Palau,PLW,SDGs,10.067,1974
Palau,PLW,SDGs,10.067,1975
Palau,PLW,SDGs,10.067,1976
Palau,PLW,SDGs,10.067,1977
Palau,PLW,SDGs,10.067,1978
Palau,PLW,SDGs,10.067,1979
Palau,PLW,SDGs,10.067,1980
Palau,PLW,SDGs,10.067,1981
Palau,PLW,SDGs,10.067,1982
Palau,PLW,SDGs,10.067,1983
Palau,PLW,SDGs,10.067,1984
Palau,PLW,SDGs,11.409,1985
Palau,PLW,SDGs,12.081,1986
Palau,PLW,SDGs,12.081,1987
Palau,PLW,SDGs,12.081,1988
Palau,PLW,SDGs,12.081,1989
Palau,PLW,SDGs,14.765,1990
Palau,PLW,SDGs,12.081,1991
Palau,PLW,SDGs,12.081,1992
Palau,PLW,SDGs,12.081,1993
Palau,PLW,SDGs,12.081,1994
Palau,PLW,SDGs,16.779,1995
Palau,PLW,SDGs,12.081,1996
Palau,PLW,SDGs,12.752,1997
Palau,PLW,SDGs,13.423,1998
Palau,PLW,SDGs,12.752,1999
Palau,PLW,SDGs,21.477,2000
Palau,PLW,SDGs,14.765,2001
Palau,PLW,SDGs,15.436,2002
Palau,PLW,SDGs,14.765,2003
Palau,PLW,SDGs,14.765,2004
Palau,PLW,SDGs,18.792,2005
Palau,PLW,SDGs,15.436,2006
Palau,PLW,SDGs,15.436,2007
Palau,PLW,SDGs,15.436,2008
Palau,PLW,SDGs,15.436,2009
Palau,PLW,SDGs,17.450,2010
Palau,PLW,SDGs,15.436,2011
Palau,PLW,SDGs,15.436,2012
Palau,PLW,SDGs,16.779,2013
Palau,PLW,SDGs,18.121,2014
Palau,PLW,SDGs,17.450,2015
Palau,PLW,SDGs,15.436,2016
Palau,PLW,SDGs,15.436,2017
Palau,PLW,SDGs,18.792,2018
Palau,PLW,SDGs,17.450,2019
Palau,PLW,SDGs,21.477,2020
Palau,PLW,SDGs,14.765,2021
Palau,PLW,SDGs,14.765,2022
Palau,PLW,SDGs,10.067,2023
Palau,PLW,Technology,0.000,1960
Palau,PLW,Technology,0.000,1961
Palau,PLW,Technology,0.000,1962
Palau,PLW,Technology,0.000,1963
Palau,PLW,Technology,0.000,1964
Palau,PLW,Technology,0.000,1965
Palau,PLW,Technology,0.000,1966
Palau,PLW,Technology,0.000,1967
Palau,PLW,Technology,0.000,1968
Palau,PLW,Technology,0.000,1969
Palau,PLW,Technology,0.000,1970
Palau,PLW,Technology,0.000,1971
Palau,PLW,Technology,0.000,1972
Palau,PLW,Technology,0.000,1973
Palau,PLW,Technology,0.000,1974
Palau,PLW,Technology,0.000,1975
Palau,PLW,Technology,0.000,1976
Palau,PLW,Technology,0.000,1977
Palau,PLW,Technology,0.000,1978
Palau,PLW,Technology,0.000,1979
Palau,PLW,Technology,0.000,1980
Palau,PLW,Technology,0.000,1981
Palau,PLW,Technology,0.000,1982
Palau,PLW,Technology,0.000,1983
Palau,PLW,Technology,0.000,1984
Palau,PLW,Technology,0.000,1985
Palau,PLW,Technology,0.000,1986
Palau,PLW,Technology,0.000,1987
Palau,PLW,Technology,0.000,1988
Palau,PLW,Technology,0.000,1989
Palau,PLW,Technology,2.222,1990
Palau,PLW,Technology,2.222,1991
Palau,PLW,Technology,2.222,1992
Palau,PLW,Technology,2.222,1993
Palau,PLW,Technology,2.222,1994
Palau,PLW,Technology,2.222,1995
Palau,PLW,Technology,0.000,1996
Palau,PLW,Technology,0.000,1997
Palau,PLW,Technology,0.000,1998
Palau,PLW,Technology,0.000,1999
Palau,PLW,Technology,0.000,2000
Palau,PLW,Technology,0.000,2001
Palau,PLW,Technology,2.222,2002
Palau,PLW,Technology,2.222,2003
Palau,PLW,Technology,2.222,2004
Palau,PLW,Technology,0.000,2005
Palau,PLW,Technology,0.000,2006
Palau,PLW,Technology,0.000,2007
Palau,PLW,Technology,0.000,2008
Palau,PLW,Technology,0.000,2009
Palau,PLW,Technology,0.000,2010
Palau,PLW,Technology,0.000,2011
Palau,PLW,Technology,0.000,2012
Palau,PLW,Technology,2.222,2013
Palau,PLW,Technology,0.000,2014
Palau,PLW,Technology,0.000,2015
Palau,PLW,Technology,0.000,2016
Palau,PLW,Technology,0.000,2017
Palau,PLW,Technology,0.000,2018
Palau,PLW,Technology,0.000,2019
Palau,PLW,Technology,0.000,2020
Palau,PLW,Technology,0.000,2021
Palau,PLW,Technology,0.000,2022
Palau,PLW,Technology,0.000,2023
Palau,PLW,Violence,0.000,1960
Palau,PLW,Violence,0.000,1961
Palau,PLW,Violence,0.000,1962
Palau,PLW,Violence,0.000,1963
Palau,PLW,Violence,0.000,1964
Palau,PLW,Violence,0.000,1965
Palau,PLW,Violence,0.000,1966
Palau,PLW,Violence,0.000,1967
Palau,PLW,Violence,0.000,1968
Palau,PLW,Violence,0.000,1969
Palau,PLW,Violence,2.143,1970
Palau,PLW,Violence,2.143,1971
Palau,PLW,Violence,2.143,1972
Palau,PLW,Violence,2.143,1973
Palau,PLW,Violence,2.143,1974
Palau,PLW,Violence,2.143,1975
Palau,PLW,Violence,2.143,1976
Palau,PLW,Violence,2.143,1977
Palau,PLW,Violence,2.143,1978
Palau,PLW,Violence,2.143,1979
Palau,PLW,Violence,2.143,1980
Palau,PLW,Violence,2.143,1981
Palau,PLW,Violence,2.143,1982
Palau,PLW,Violence,2.143,1983
Palau,PLW,Violence,2.143,1984
Palau,PLW,Violence,2.143,1985
Palau,PLW,Violence,2.143,1986
Palau,PLW,Violence,2.143,1987
Palau,PLW,Violence,2.143,1988
Palau,PLW,Violence,2.143,1989
Palau,PLW,Violence,2.143,1990
Palau,PLW,Violence,2.143,1991
Palau,PLW,Violence,2.143,1992
Palau,PLW,Violence,2.143,1993
Palau,PLW,Violence,2.143,1994
Palau,PLW,Violence,2.143,1995
Palau,PLW,Violence,2.143,1996
Palau,PLW,Violence,2.143,1997
Palau,PLW,Violence,2.143,1998
Palau,PLW,Violence,2.143,1999
Palau,PLW,Violence,2.143,2000
Palau,PLW,Violence,2.143,2001
Palau,PLW,Violence,2.143,2002
Palau,PLW,Violence,2.143,2003
Palau,PLW,Violence,2.143,2004
Palau,PLW,Violence,2.143,2005
Palau,PLW,Violence,2.143,2006
Palau,PLW,Violence,2.143,2007
Palau,PLW,Violence,2.143,2008
Palau,PLW,Violence,2.143,2009
Palau,PLW,Violence,2.143,2010
Palau,PLW,Violence,2.143,2011
Palau,PLW,Violence,2.143,2012
Palau,PLW,Violence,2.857,2013
Palau,PLW,Violence,2.143,2014
Palau,PLW,Violence,2.857,2015
Palau,PLW,Violence,2.857,2016
Palau,PLW,Violence,2.857,2017
Palau,PLW,Violence,5.714,2018
Palau,PLW,Violence,2.143,2019
Palau,PLW,Violence,2.143,2020
Palau,PLW,Violence,2.143,2021
Palau,PLW,Violence,2.143,2022
Palau,PLW,Violence,2.143,2023
Palau,PLW,Youth 15-24,4.587,1960
Palau,PLW,Youth 15-24,4.587,1961
Palau,PLW,Youth 15-24,4.587,1962
Palau,PLW,Youth 15-24,4.587,1963
Palau,PLW,Youth 15-24,4.587,1964
Palau,PLW,Youth 15-24,4.587,1965
Palau,PLW,Youth 15-24,4.587,1966
Palau,PLW,Youth 15-24,4.587,1967
Palau,PLW,Youth 15-24,4.587,1968
Palau,PLW,Youth 15-24,4.587,1969
Palau,PLW,Youth 15-24,4.587,1970
Palau,PLW,Youth 15-24,4.587,1971
Palau,PLW,Youth 15-24,4.587,1972
Palau,PLW,Youth 15-24,4.587,1973
Palau,PLW,Youth 15-24,4.587,1974
Palau,PLW,Youth 15-24,4.587,1975
Palau,PLW,Youth 15-24,4.587,1976
Palau,PLW,Youth 15-24,4.587,1977
Palau,PLW,Youth 15-24,4.587,1978
Palau,PLW,Youth 15-24,4.587,1979
Palau,PLW,Youth 15-24,11.927,1980
Palau,PLW,Youth 15-24,4.587,1981
Palau,PLW,Youth 15-24,4.587,1982
Palau,PLW,Youth 15-24,4.587,1983
Palau,PLW,Youth 15-24,4.587,1984
Palau,PLW,Youth 15-24,4.587,1985
Palau,PLW,Youth 15-24,4.587,1986
Palau,PLW,Youth 15-24,4.587,1987
Palau,PLW,Youth 15-24,4.587,1988
Palau,PLW,Youth 15-24,4.587,1989
Palau,PLW,Youth 15-24,4.587,1990
Palau,PLW,Youth 15-24,4.587,1991
Palau,PLW,Youth 15-24,4.587,1992
Palau,PLW,Youth 15-24,4.587,1993
Palau,PLW,Youth 15-24,4.587,1994
Palau,PLW,Youth 15-24,11.009,1995
Palau,PLW,Youth 15-24,4.587,1996
Palau,PLW,Youth 15-24,4.587,1997
Palau,PLW,Youth 15-24,4.587,1998
Palau,PLW,Youth 15-24,10.092,1999
Palau,PLW,Youth 15-24,25.688,2000
Palau,PLW,Youth 15-24,8.257,2001
Palau,PLW,Youth 15-24,8.257,2002
Palau,PLW,Youth 15-24,6.422,2003
Palau,PLW,Youth 15-24,10.092,2004
Palau,PLW,Youth 15-24,8.257,2005
Palau,PLW,Youth 15-24,5.505,2006
Palau,PLW,Youth 15-24,5.505,2007
Palau,PLW,Youth 15-24,4.587,2008
Palau,PLW,Youth 15-24,4.587,2009
Palau,PLW,Youth 15-24,4.587,2010
Palau,PLW,Youth 15-24,4.587,2011
Palau,PLW,Youth 15-24,4.587,2012
Palau,PLW,Youth 15-24,34.862,2013
Palau,PLW,Youth 15-24,30.275,2014
Palau,PLW,Youth 15-24,11.927,2015
Palau,PLW,Youth 15-24,4.587,2016
Palau,PLW,Youth 15-24,4.587,2017
Palau,PLW,Youth 15-24,4.587,2018
Palau,PLW,Youth 15-24,4.587,2019
Palau,PLW,Youth 15-24,32.110,2020
Palau,PLW,Youth 15-24,7.339,2021
Palau,PLW,Youth 15-24,11.009,2022
Palau,PLW,Youth 15-24,10.092,2023
