Country Name,Country Code,Topic,% of available indicators,Year
Sao Tome and Principe,STP,Assets,0.000,1960
Sao Tome and Principe,STP,Assets,0.000,1961
Sao Tome and Principe,STP,Assets,0.000,1962
Sao Tome and Principe,STP,Assets,0.000,1963
Sao Tome and Principe,STP,Assets,0.000,1964
Sao Tome and Principe,STP,Assets,0.000,1965
Sao Tome and Principe,STP,Assets,0.000,1966
Sao Tome and Principe,STP,Assets,0.000,1967
Sao Tome and Principe,STP,Assets,0.000,1968
Sao Tome and Principe,STP,Assets,0.000,1969
Sao Tome and Principe,STP,Assets,2.208,1970
Sao Tome and Principe,STP,Assets,2.208,1971
Sao Tome and Principe,STP,Assets,2.208,1972
Sao Tome and Principe,STP,Assets,2.208,1973
Sao Tome and Principe,STP,Assets,2.208,1974
Sao Tome and Principe,STP,Assets,2.208,1975
Sao Tome and Principe,STP,Assets,2.208,1976
Sao Tome and Principe,STP,Assets,2.208,1977
Sao Tome and Principe,STP,Assets,2.208,1978
Sao Tome and Principe,STP,Assets,2.208,1979
Sao Tome and Principe,STP,Assets,2.208,1980
Sao Tome and Principe,STP,Assets,2.208,1981
Sao Tome and Principe,STP,Assets,2.208,1982
Sao Tome and Principe,STP,Assets,2.208,1983
Sao Tome and Principe,STP,Assets,2.208,1984
Sao Tome and Principe,STP,Assets,2.208,1985
Sao Tome and Principe,STP,Assets,2.208,1986
Sao Tome and Principe,STP,Assets,2.208,1987
Sao Tome and Principe,STP,Assets,2.208,1988
Sao Tome and Principe,STP,Assets,2.208,1989
Sao Tome and Principe,STP,Assets,2.208,1990
Sao Tome and Principe,STP,Assets,2.208,1991
Sao Tome and Principe,STP,Assets,2.208,1992
Sao Tome and Principe,STP,Assets,2.208,1993
Sao Tome and Principe,STP,Assets,2.208,1994
Sao Tome and Principe,STP,Assets,2.208,1995
Sao Tome and Principe,STP,Assets,2.208,1996
Sao Tome and Principe,STP,Assets,2.208,1997
Sao Tome and Principe,STP,Assets,2.208,1998
Sao Tome and Principe,STP,Assets,2.208,1999
Sao Tome and Principe,STP,Assets,2.208,2000
Sao Tome and Principe,STP,Assets,2.208,2001
Sao Tome and Principe,STP,Assets,2.208,2002
Sao Tome and Principe,STP,Assets,2.208,2003
Sao Tome and Principe,STP,Assets,2.208,2004
Sao Tome and Principe,STP,Assets,2.208,2005
Sao Tome and Principe,STP,Assets,2.208,2006
Sao Tome and Principe,STP,Assets,2.208,2007
Sao Tome and Principe,STP,Assets,2.208,2008
Sao Tome and Principe,STP,Assets,2.208,2009
Sao Tome and Principe,STP,Assets,2.208,2010
Sao Tome and Principe,STP,Assets,2.208,2011
Sao Tome and Principe,STP,Assets,2.208,2012
Sao Tome and Principe,STP,Assets,2.208,2013
Sao Tome and Principe,STP,Assets,2.208,2014
Sao Tome and Principe,STP,Assets,2.208,2015
Sao Tome and Principe,STP,Assets,2.208,2016
Sao Tome and Principe,STP,Assets,2.208,2017
Sao Tome and Principe,STP,Assets,2.208,2018
Sao Tome and Principe,STP,Assets,2.208,2019
Sao Tome and Principe,STP,Assets,2.208,2020
Sao Tome and Principe,STP,Assets,2.208,2021
Sao Tome and Principe,STP,Assets,2.208,2022
Sao Tome and Principe,STP,Assets,2.208,2023
Sao Tome and Principe,STP,Children 0-14,10.769,1960
Sao Tome and Principe,STP,Children 0-14,10.769,1961
Sao Tome and Principe,STP,Children 0-14,10.769,1962
Sao Tome and Principe,STP,Children 0-14,10.769,1963
Sao Tome and Principe,STP,Children 0-14,10.769,1964
Sao Tome and Principe,STP,Children 0-14,15.385,1965
Sao Tome and Principe,STP,Children 0-14,17.692,1966
Sao Tome and Principe,STP,Children 0-14,17.692,1967
Sao Tome and Principe,STP,Children 0-14,17.692,1968
Sao Tome and Principe,STP,Children 0-14,17.692,1969
Sao Tome and Principe,STP,Children 0-14,19.231,1970
Sao Tome and Principe,STP,Children 0-14,25.385,1971
Sao Tome and Principe,STP,Children 0-14,25.385,1972
Sao Tome and Principe,STP,Children 0-14,23.077,1973
Sao Tome and Principe,STP,Children 0-14,20.000,1974
Sao Tome and Principe,STP,Children 0-14,20.000,1975
Sao Tome and Principe,STP,Children 0-14,20.000,1976
Sao Tome and Principe,STP,Children 0-14,30.769,1977
Sao Tome and Principe,STP,Children 0-14,27.692,1978
Sao Tome and Principe,STP,Children 0-14,19.231,1979
Sao Tome and Principe,STP,Children 0-14,22.308,1980
Sao Tome and Principe,STP,Children 0-14,28.462,1981
Sao Tome and Principe,STP,Children 0-14,23.846,1982
Sao Tome and Principe,STP,Children 0-14,36.154,1983
Sao Tome and Principe,STP,Children 0-14,37.692,1984
Sao Tome and Principe,STP,Children 0-14,23.846,1985
Sao Tome and Principe,STP,Children 0-14,23.077,1986
Sao Tome and Principe,STP,Children 0-14,31.538,1987
Sao Tome and Principe,STP,Children 0-14,40.000,1988
Sao Tome and Principe,STP,Children 0-14,20.769,1989
Sao Tome and Principe,STP,Children 0-14,34.615,1990
Sao Tome and Principe,STP,Children 0-14,24.615,1991
Sao Tome and Principe,STP,Children 0-14,24.615,1992
Sao Tome and Principe,STP,Children 0-14,20.769,1993
Sao Tome and Principe,STP,Children 0-14,20.769,1994
Sao Tome and Principe,STP,Children 0-14,20.769,1995
Sao Tome and Principe,STP,Children 0-14,25.385,1996
Sao Tome and Principe,STP,Children 0-14,20.769,1997
Sao Tome and Principe,STP,Children 0-14,24.615,1998
Sao Tome and Principe,STP,Children 0-14,37.692,1999
Sao Tome and Principe,STP,Children 0-14,34.615,2000
Sao Tome and Principe,STP,Children 0-14,25.385,2001
Sao Tome and Principe,STP,Children 0-14,39.231,2002
Sao Tome and Principe,STP,Children 0-14,41.538,2003
Sao Tome and Principe,STP,Children 0-14,43.846,2004
Sao Tome and Principe,STP,Children 0-14,40.000,2005
Sao Tome and Principe,STP,Children 0-14,21.538,2006
Sao Tome and Principe,STP,Children 0-14,43.846,2007
Sao Tome and Principe,STP,Children 0-14,43.846,2008
Sao Tome and Principe,STP,Children 0-14,44.615,2009
Sao Tome and Principe,STP,Children 0-14,56.923,2010
Sao Tome and Principe,STP,Children 0-14,35.385,2011
Sao Tome and Principe,STP,Children 0-14,40.000,2012
Sao Tome and Principe,STP,Children 0-14,42.308,2013
Sao Tome and Principe,STP,Children 0-14,56.923,2014
Sao Tome and Principe,STP,Children 0-14,58.462,2015
Sao Tome and Principe,STP,Children 0-14,32.308,2016
Sao Tome and Principe,STP,Children 0-14,44.615,2017
Sao Tome and Principe,STP,Children 0-14,30.769,2018
Sao Tome and Principe,STP,Children 0-14,58.462,2019
Sao Tome and Principe,STP,Children 0-14,20.769,2020
Sao Tome and Principe,STP,Children 0-14,26.154,2021
Sao Tome and Principe,STP,Children 0-14,20.769,2022
Sao Tome and Principe,STP,Children 0-14,9.231,2023
Sao Tome and Principe,STP,Education,0.000,1960
Sao Tome and Principe,STP,Education,0.000,1961
Sao Tome and Principe,STP,Education,0.000,1962
Sao Tome and Principe,STP,Education,0.000,1963
Sao Tome and Principe,STP,Education,0.000,1964
Sao Tome and Principe,STP,Education,0.000,1965
Sao Tome and Principe,STP,Education,0.000,1966
Sao Tome and Principe,STP,Education,0.000,1967
Sao Tome and Principe,STP,Education,0.000,1968
Sao Tome and Principe,STP,Education,0.000,1969
Sao Tome and Principe,STP,Education,0.000,1970
Sao Tome and Principe,STP,Education,11.656,1971
Sao Tome and Principe,STP,Education,11.656,1972
Sao Tome and Principe,STP,Education,3.067,1973
Sao Tome and Principe,STP,Education,0.613,1974
Sao Tome and Principe,STP,Education,0.613,1975
Sao Tome and Principe,STP,Education,2.454,1976
Sao Tome and Principe,STP,Education,15.951,1977
Sao Tome and Principe,STP,Education,7.362,1978
Sao Tome and Principe,STP,Education,0.000,1979
Sao Tome and Principe,STP,Education,2.454,1980
Sao Tome and Principe,STP,Education,18.405,1981
Sao Tome and Principe,STP,Education,4.294,1982
Sao Tome and Principe,STP,Education,14.724,1983
Sao Tome and Principe,STP,Education,15.951,1984
Sao Tome and Principe,STP,Education,3.067,1985
Sao Tome and Principe,STP,Education,0.000,1986
Sao Tome and Principe,STP,Education,11.043,1987
Sao Tome and Principe,STP,Education,24.540,1988
Sao Tome and Principe,STP,Education,0.000,1989
Sao Tome and Principe,STP,Education,11.656,1990
Sao Tome and Principe,STP,Education,9.816,1991
Sao Tome and Principe,STP,Education,3.067,1992
Sao Tome and Principe,STP,Education,0.000,1993
Sao Tome and Principe,STP,Education,0.000,1994
Sao Tome and Principe,STP,Education,0.000,1995
Sao Tome and Principe,STP,Education,3.681,1996
Sao Tome and Principe,STP,Education,0.000,1997
Sao Tome and Principe,STP,Education,3.067,1998
Sao Tome and Principe,STP,Education,14.110,1999
Sao Tome and Principe,STP,Education,0.613,2000
Sao Tome and Principe,STP,Education,11.043,2001
Sao Tome and Principe,STP,Education,17.791,2002
Sao Tome and Principe,STP,Education,31.902,2003
Sao Tome and Principe,STP,Education,34.356,2004
Sao Tome and Principe,STP,Education,30.061,2005
Sao Tome and Principe,STP,Education,1.227,2006
Sao Tome and Principe,STP,Education,33.742,2007
Sao Tome and Principe,STP,Education,35.583,2008
Sao Tome and Principe,STP,Education,32.515,2009
Sao Tome and Principe,STP,Education,38.037,2010
Sao Tome and Principe,STP,Education,26.380,2011
Sao Tome and Principe,STP,Education,47.239,2012
Sao Tome and Principe,STP,Education,33.742,2013
Sao Tome and Principe,STP,Education,39.877,2014
Sao Tome and Principe,STP,Education,38.037,2015
Sao Tome and Principe,STP,Education,24.540,2016
Sao Tome and Principe,STP,Education,39.877,2017
Sao Tome and Principe,STP,Education,15.337,2018
Sao Tome and Principe,STP,Education,20.245,2019
Sao Tome and Principe,STP,Education,0.613,2020
Sao Tome and Principe,STP,Education,9.816,2021
Sao Tome and Principe,STP,Education,4.908,2022
Sao Tome and Principe,STP,Education,0.000,2023
Sao Tome and Principe,STP,Employment and Time Use,0.000,1960
Sao Tome and Principe,STP,Employment and Time Use,0.000,1961
Sao Tome and Principe,STP,Employment and Time Use,0.000,1962
Sao Tome and Principe,STP,Employment and Time Use,0.000,1963
Sao Tome and Principe,STP,Employment and Time Use,0.000,1964
Sao Tome and Principe,STP,Employment and Time Use,0.000,1965
Sao Tome and Principe,STP,Employment and Time Use,0.000,1966
Sao Tome and Principe,STP,Employment and Time Use,0.000,1967
Sao Tome and Principe,STP,Employment and Time Use,0.000,1968
Sao Tome and Principe,STP,Employment and Time Use,0.000,1969
Sao Tome and Principe,STP,Employment and Time Use,21.168,1970
Sao Tome and Principe,STP,Employment and Time Use,21.168,1971
Sao Tome and Principe,STP,Employment and Time Use,21.168,1972
Sao Tome and Principe,STP,Employment and Time Use,21.168,1973
Sao Tome and Principe,STP,Employment and Time Use,21.168,1974
Sao Tome and Principe,STP,Employment and Time Use,21.168,1975
Sao Tome and Principe,STP,Employment and Time Use,21.168,1976
Sao Tome and Principe,STP,Employment and Time Use,21.168,1977
Sao Tome and Principe,STP,Employment and Time Use,21.168,1978
Sao Tome and Principe,STP,Employment and Time Use,23.358,1979
Sao Tome and Principe,STP,Employment and Time Use,23.358,1980
Sao Tome and Principe,STP,Employment and Time Use,28.467,1981
Sao Tome and Principe,STP,Employment and Time Use,23.358,1982
Sao Tome and Principe,STP,Employment and Time Use,23.358,1983
Sao Tome and Principe,STP,Employment and Time Use,23.358,1984
Sao Tome and Principe,STP,Employment and Time Use,21.168,1985
Sao Tome and Principe,STP,Employment and Time Use,21.168,1986
Sao Tome and Principe,STP,Employment and Time Use,21.168,1987
Sao Tome and Principe,STP,Employment and Time Use,21.168,1988
Sao Tome and Principe,STP,Employment and Time Use,21.168,1989
Sao Tome and Principe,STP,Employment and Time Use,31.387,1990
Sao Tome and Principe,STP,Employment and Time Use,56.204,1991
Sao Tome and Principe,STP,Employment and Time Use,56.204,1992
Sao Tome and Principe,STP,Employment and Time Use,56.204,1993
Sao Tome and Principe,STP,Employment and Time Use,56.204,1994
Sao Tome and Principe,STP,Employment and Time Use,56.204,1995
Sao Tome and Principe,STP,Employment and Time Use,56.204,1996
Sao Tome and Principe,STP,Employment and Time Use,56.204,1997
Sao Tome and Principe,STP,Employment and Time Use,56.204,1998
Sao Tome and Principe,STP,Employment and Time Use,56.204,1999
Sao Tome and Principe,STP,Employment and Time Use,63.504,2000
Sao Tome and Principe,STP,Employment and Time Use,58.394,2001
Sao Tome and Principe,STP,Employment and Time Use,58.394,2002
Sao Tome and Principe,STP,Employment and Time Use,58.394,2003
Sao Tome and Principe,STP,Employment and Time Use,58.394,2004
Sao Tome and Principe,STP,Employment and Time Use,58.394,2005
Sao Tome and Principe,STP,Employment and Time Use,63.504,2006
Sao Tome and Principe,STP,Employment and Time Use,56.204,2007
Sao Tome and Principe,STP,Employment and Time Use,56.204,2008
Sao Tome and Principe,STP,Employment and Time Use,56.204,2009
Sao Tome and Principe,STP,Employment and Time Use,56.204,2010
Sao Tome and Principe,STP,Employment and Time Use,56.204,2011
Sao Tome and Principe,STP,Employment and Time Use,57.664,2012
Sao Tome and Principe,STP,Employment and Time Use,56.204,2013
Sao Tome and Principe,STP,Employment and Time Use,56.204,2014
Sao Tome and Principe,STP,Employment and Time Use,56.204,2015
Sao Tome and Principe,STP,Employment and Time Use,56.204,2016
Sao Tome and Principe,STP,Employment and Time Use,83.212,2017
Sao Tome and Principe,STP,Employment and Time Use,56.204,2018
Sao Tome and Principe,STP,Employment and Time Use,56.204,2019
Sao Tome and Principe,STP,Employment and Time Use,56.204,2020
Sao Tome and Principe,STP,Employment and Time Use,56.204,2021
Sao Tome and Principe,STP,Employment and Time Use,56.204,2022
Sao Tome and Principe,STP,Employment and Time Use,59.124,2023
Sao Tome and Principe,STP,Entrepreneurship,0.000,1960
Sao Tome and Principe,STP,Entrepreneurship,0.000,1961
Sao Tome and Principe,STP,Entrepreneurship,0.000,1962
Sao Tome and Principe,STP,Entrepreneurship,0.000,1963
Sao Tome and Principe,STP,Entrepreneurship,0.000,1964
Sao Tome and Principe,STP,Entrepreneurship,0.000,1965
Sao Tome and Principe,STP,Entrepreneurship,0.000,1966
Sao Tome and Principe,STP,Entrepreneurship,0.000,1967
Sao Tome and Principe,STP,Entrepreneurship,0.000,1968
Sao Tome and Principe,STP,Entrepreneurship,0.000,1969
Sao Tome and Principe,STP,Entrepreneurship,9.375,1970
Sao Tome and Principe,STP,Entrepreneurship,9.375,1971
Sao Tome and Principe,STP,Entrepreneurship,9.375,1972
Sao Tome and Principe,STP,Entrepreneurship,9.375,1973
Sao Tome and Principe,STP,Entrepreneurship,9.375,1974
Sao Tome and Principe,STP,Entrepreneurship,9.375,1975
Sao Tome and Principe,STP,Entrepreneurship,9.375,1976
Sao Tome and Principe,STP,Entrepreneurship,9.375,1977
Sao Tome and Principe,STP,Entrepreneurship,9.375,1978
Sao Tome and Principe,STP,Entrepreneurship,9.375,1979
Sao Tome and Principe,STP,Entrepreneurship,9.375,1980
Sao Tome and Principe,STP,Entrepreneurship,9.375,1981
Sao Tome and Principe,STP,Entrepreneurship,9.375,1982
Sao Tome and Principe,STP,Entrepreneurship,9.375,1983
Sao Tome and Principe,STP,Entrepreneurship,9.375,1984
Sao Tome and Principe,STP,Entrepreneurship,9.375,1985
Sao Tome and Principe,STP,Entrepreneurship,9.375,1986
Sao Tome and Principe,STP,Entrepreneurship,9.375,1987
Sao Tome and Principe,STP,Entrepreneurship,9.375,1988
Sao Tome and Principe,STP,Entrepreneurship,9.375,1989
Sao Tome and Principe,STP,Entrepreneurship,9.375,1990
Sao Tome and Principe,STP,Entrepreneurship,9.375,1991
Sao Tome and Principe,STP,Entrepreneurship,9.375,1992
Sao Tome and Principe,STP,Entrepreneurship,9.375,1993
Sao Tome and Principe,STP,Entrepreneurship,9.375,1994
Sao Tome and Principe,STP,Entrepreneurship,9.375,1995
Sao Tome and Principe,STP,Entrepreneurship,9.375,1996
Sao Tome and Principe,STP,Entrepreneurship,9.375,1997
Sao Tome and Principe,STP,Entrepreneurship,9.375,1998
Sao Tome and Principe,STP,Entrepreneurship,9.375,1999
Sao Tome and Principe,STP,Entrepreneurship,9.375,2000
Sao Tome and Principe,STP,Entrepreneurship,9.375,2001
Sao Tome and Principe,STP,Entrepreneurship,9.375,2002
Sao Tome and Principe,STP,Entrepreneurship,9.375,2003
Sao Tome and Principe,STP,Entrepreneurship,37.500,2004
Sao Tome and Principe,STP,Entrepreneurship,37.500,2005
Sao Tome and Principe,STP,Entrepreneurship,37.500,2006
Sao Tome and Principe,STP,Entrepreneurship,37.500,2007
Sao Tome and Principe,STP,Entrepreneurship,37.500,2008
Sao Tome and Principe,STP,Entrepreneurship,37.500,2009
Sao Tome and Principe,STP,Entrepreneurship,37.500,2010
Sao Tome and Principe,STP,Entrepreneurship,37.500,2011
Sao Tome and Principe,STP,Entrepreneurship,37.500,2012
Sao Tome and Principe,STP,Entrepreneurship,37.500,2013
Sao Tome and Principe,STP,Entrepreneurship,37.500,2014
Sao Tome and Principe,STP,Entrepreneurship,37.500,2015
Sao Tome and Principe,STP,Entrepreneurship,37.500,2016
Sao Tome and Principe,STP,Entrepreneurship,37.500,2017
Sao Tome and Principe,STP,Entrepreneurship,37.500,2018
Sao Tome and Principe,STP,Entrepreneurship,37.500,2019
Sao Tome and Principe,STP,Entrepreneurship,9.375,2020
Sao Tome and Principe,STP,Entrepreneurship,9.375,2021
Sao Tome and Principe,STP,Entrepreneurship,9.375,2022
Sao Tome and Principe,STP,Entrepreneurship,9.375,2023
Sao Tome and Principe,STP,Environment,0.000,1960
Sao Tome and Principe,STP,Environment,0.000,1961
Sao Tome and Principe,STP,Environment,0.000,1962
Sao Tome and Principe,STP,Environment,0.000,1963
Sao Tome and Principe,STP,Environment,0.000,1964
Sao Tome and Principe,STP,Environment,0.000,1965
Sao Tome and Principe,STP,Environment,0.000,1966
Sao Tome and Principe,STP,Environment,0.000,1967
Sao Tome and Principe,STP,Environment,0.000,1968
Sao Tome and Principe,STP,Environment,0.000,1969
Sao Tome and Principe,STP,Environment,0.000,1970
Sao Tome and Principe,STP,Environment,0.000,1971
Sao Tome and Principe,STP,Environment,0.000,1972
Sao Tome and Principe,STP,Environment,0.000,1973
Sao Tome and Principe,STP,Environment,0.000,1974
Sao Tome and Principe,STP,Environment,0.000,1975
Sao Tome and Principe,STP,Environment,0.000,1976
Sao Tome and Principe,STP,Environment,0.000,1977
Sao Tome and Principe,STP,Environment,0.000,1978
Sao Tome and Principe,STP,Environment,0.000,1979
Sao Tome and Principe,STP,Environment,0.000,1980
Sao Tome and Principe,STP,Environment,0.000,1981
Sao Tome and Principe,STP,Environment,0.000,1982
Sao Tome and Principe,STP,Environment,0.000,1983
Sao Tome and Principe,STP,Environment,0.000,1984
Sao Tome and Principe,STP,Environment,0.000,1985
Sao Tome and Principe,STP,Environment,0.000,1986
Sao Tome and Principe,STP,Environment,0.000,1987
Sao Tome and Principe,STP,Environment,0.000,1988
Sao Tome and Principe,STP,Environment,0.000,1989
Sao Tome and Principe,STP,Environment,0.000,1990
Sao Tome and Principe,STP,Environment,0.000,1991
Sao Tome and Principe,STP,Environment,0.000,1992
Sao Tome and Principe,STP,Environment,0.000,1993
Sao Tome and Principe,STP,Environment,0.000,1994
Sao Tome and Principe,STP,Environment,0.000,1995
Sao Tome and Principe,STP,Environment,0.000,1996
Sao Tome and Principe,STP,Environment,0.000,1997
Sao Tome and Principe,STP,Environment,0.000,1998
Sao Tome and Principe,STP,Environment,0.000,1999
Sao Tome and Principe,STP,Environment,10.000,2000
Sao Tome and Principe,STP,Environment,10.000,2001
Sao Tome and Principe,STP,Environment,10.000,2002
Sao Tome and Principe,STP,Environment,10.000,2003
Sao Tome and Principe,STP,Environment,10.000,2004
Sao Tome and Principe,STP,Environment,10.000,2005
Sao Tome and Principe,STP,Environment,10.000,2006
Sao Tome and Principe,STP,Environment,10.000,2007
Sao Tome and Principe,STP,Environment,10.000,2008
Sao Tome and Principe,STP,Environment,46.667,2009
Sao Tome and Principe,STP,Environment,10.000,2010
Sao Tome and Principe,STP,Environment,10.000,2011
Sao Tome and Principe,STP,Environment,10.000,2012
Sao Tome and Principe,STP,Environment,10.000,2013
Sao Tome and Principe,STP,Environment,10.000,2014
Sao Tome and Principe,STP,Environment,10.000,2015
Sao Tome and Principe,STP,Environment,10.000,2016
Sao Tome and Principe,STP,Environment,10.000,2017
Sao Tome and Principe,STP,Environment,10.000,2018
Sao Tome and Principe,STP,Environment,40.000,2019
Sao Tome and Principe,STP,Environment,10.000,2020
Sao Tome and Principe,STP,Environment,10.000,2021
Sao Tome and Principe,STP,Environment,10.000,2022
Sao Tome and Principe,STP,Environment,0.000,2023
Sao Tome and Principe,STP,Health,3.030,1960
Sao Tome and Principe,STP,Health,3.030,1961
Sao Tome and Principe,STP,Health,3.030,1962
Sao Tome and Principe,STP,Health,3.030,1963
Sao Tome and Principe,STP,Health,3.030,1964
Sao Tome and Principe,STP,Health,6.061,1965
Sao Tome and Principe,STP,Health,7.576,1966
Sao Tome and Principe,STP,Health,7.576,1967
Sao Tome and Principe,STP,Health,7.576,1968
Sao Tome and Principe,STP,Health,7.576,1969
Sao Tome and Principe,STP,Health,8.586,1970
Sao Tome and Principe,STP,Health,8.586,1971
Sao Tome and Principe,STP,Health,8.586,1972
Sao Tome and Principe,STP,Health,8.586,1973
Sao Tome and Principe,STP,Health,8.586,1974
Sao Tome and Principe,STP,Health,11.111,1975
Sao Tome and Principe,STP,Health,11.111,1976
Sao Tome and Principe,STP,Health,11.111,1977
Sao Tome and Principe,STP,Health,11.111,1978
Sao Tome and Principe,STP,Health,11.111,1979
Sao Tome and Principe,STP,Health,11.111,1980
Sao Tome and Principe,STP,Health,12.121,1981
Sao Tome and Principe,STP,Health,12.121,1982
Sao Tome and Principe,STP,Health,12.121,1983
Sao Tome and Principe,STP,Health,12.121,1984
Sao Tome and Principe,STP,Health,12.626,1985
Sao Tome and Principe,STP,Health,13.636,1986
Sao Tome and Principe,STP,Health,12.626,1987
Sao Tome and Principe,STP,Health,12.121,1988
Sao Tome and Principe,STP,Health,12.121,1989
Sao Tome and Principe,STP,Health,16.667,1990
Sao Tome and Principe,STP,Health,16.667,1991
Sao Tome and Principe,STP,Health,16.667,1992
Sao Tome and Principe,STP,Health,16.667,1993
Sao Tome and Principe,STP,Health,16.667,1994
Sao Tome and Principe,STP,Health,16.667,1995
Sao Tome and Principe,STP,Health,16.667,1996
Sao Tome and Principe,STP,Health,16.667,1997
Sao Tome and Principe,STP,Health,16.667,1998
Sao Tome and Principe,STP,Health,16.667,1999
Sao Tome and Principe,STP,Health,59.091,2000
Sao Tome and Principe,STP,Health,31.818,2001
Sao Tome and Principe,STP,Health,31.818,2002
Sao Tome and Principe,STP,Health,32.323,2003
Sao Tome and Principe,STP,Health,31.818,2004
Sao Tome and Principe,STP,Health,33.333,2005
Sao Tome and Principe,STP,Health,34.343,2006
Sao Tome and Principe,STP,Health,31.818,2007
Sao Tome and Principe,STP,Health,32.828,2008
Sao Tome and Principe,STP,Health,50.000,2009
Sao Tome and Principe,STP,Health,56.061,2010
Sao Tome and Principe,STP,Health,32.323,2011
Sao Tome and Principe,STP,Health,32.323,2012
Sao Tome and Principe,STP,Health,31.818,2013
Sao Tome and Principe,STP,Health,45.960,2014
Sao Tome and Principe,STP,Health,56.566,2015
Sao Tome and Principe,STP,Health,31.818,2016
Sao Tome and Principe,STP,Health,29.798,2017
Sao Tome and Principe,STP,Health,31.313,2018
Sao Tome and Principe,STP,Health,73.737,2019
Sao Tome and Principe,STP,Health,23.232,2020
Sao Tome and Principe,STP,Health,18.182,2021
Sao Tome and Principe,STP,Health,17.172,2022
Sao Tome and Principe,STP,Health,1.010,2023
Sao Tome and Principe,STP,Leadership,0.000,1960
Sao Tome and Principe,STP,Leadership,0.000,1961
Sao Tome and Principe,STP,Leadership,0.000,1962
Sao Tome and Principe,STP,Leadership,0.000,1963
Sao Tome and Principe,STP,Leadership,0.000,1964
Sao Tome and Principe,STP,Leadership,0.000,1965
Sao Tome and Principe,STP,Leadership,0.000,1966
Sao Tome and Principe,STP,Leadership,0.000,1967
Sao Tome and Principe,STP,Leadership,0.000,1968
Sao Tome and Principe,STP,Leadership,0.000,1969
Sao Tome and Principe,STP,Leadership,0.000,1970
Sao Tome and Principe,STP,Leadership,0.000,1971
Sao Tome and Principe,STP,Leadership,0.000,1972
Sao Tome and Principe,STP,Leadership,0.000,1973
Sao Tome and Principe,STP,Leadership,0.000,1974
Sao Tome and Principe,STP,Leadership,0.000,1975
Sao Tome and Principe,STP,Leadership,0.000,1976
Sao Tome and Principe,STP,Leadership,0.000,1977
Sao Tome and Principe,STP,Leadership,0.000,1978
Sao Tome and Principe,STP,Leadership,0.000,1979
Sao Tome and Principe,STP,Leadership,0.000,1980
Sao Tome and Principe,STP,Leadership,0.000,1981
Sao Tome and Principe,STP,Leadership,0.000,1982
Sao Tome and Principe,STP,Leadership,0.000,1983
Sao Tome and Principe,STP,Leadership,0.000,1984
Sao Tome and Principe,STP,Leadership,0.000,1985
Sao Tome and Principe,STP,Leadership,0.000,1986
Sao Tome and Principe,STP,Leadership,0.000,1987
Sao Tome and Principe,STP,Leadership,0.000,1988
Sao Tome and Principe,STP,Leadership,0.000,1989
Sao Tome and Principe,STP,Leadership,0.000,1990
Sao Tome and Principe,STP,Leadership,0.000,1991
Sao Tome and Principe,STP,Leadership,0.000,1992
Sao Tome and Principe,STP,Leadership,0.000,1993
Sao Tome and Principe,STP,Leadership,0.000,1994
Sao Tome and Principe,STP,Leadership,0.000,1995
Sao Tome and Principe,STP,Leadership,0.000,1996
Sao Tome and Principe,STP,Leadership,25.000,1997
Sao Tome and Principe,STP,Leadership,25.000,1998
Sao Tome and Principe,STP,Leadership,25.000,1999
Sao Tome and Principe,STP,Leadership,25.000,2000
Sao Tome and Principe,STP,Leadership,25.000,2001
Sao Tome and Principe,STP,Leadership,0.000,2002
Sao Tome and Principe,STP,Leadership,25.000,2003
Sao Tome and Principe,STP,Leadership,25.000,2004
Sao Tome and Principe,STP,Leadership,50.000,2005
Sao Tome and Principe,STP,Leadership,25.000,2006
Sao Tome and Principe,STP,Leadership,25.000,2007
Sao Tome and Principe,STP,Leadership,50.000,2008
Sao Tome and Principe,STP,Leadership,25.000,2009
Sao Tome and Principe,STP,Leadership,50.000,2010
Sao Tome and Principe,STP,Leadership,25.000,2011
Sao Tome and Principe,STP,Leadership,50.000,2012
Sao Tome and Principe,STP,Leadership,25.000,2013
Sao Tome and Principe,STP,Leadership,50.000,2014
Sao Tome and Principe,STP,Leadership,50.000,2015
Sao Tome and Principe,STP,Leadership,50.000,2016
Sao Tome and Principe,STP,Leadership,50.000,2017
Sao Tome and Principe,STP,Leadership,50.000,2018
Sao Tome and Principe,STP,Leadership,50.000,2019
Sao Tome and Principe,STP,Leadership,50.000,2020
Sao Tome and Principe,STP,Leadership,25.000,2021
Sao Tome and Principe,STP,Leadership,50.000,2022
Sao Tome and Principe,STP,Leadership,25.000,2023
Sao Tome and Principe,STP,Norms and Decision-making,0.000,1960
Sao Tome and Principe,STP,Norms and Decision-making,0.000,1961
Sao Tome and Principe,STP,Norms and Decision-making,0.000,1962
Sao Tome and Principe,STP,Norms and Decision-making,0.000,1963
Sao Tome and Principe,STP,Norms and Decision-making,0.000,1964
Sao Tome and Principe,STP,Norms and Decision-making,0.000,1965
Sao Tome and Principe,STP,Norms and Decision-making,0.000,1966
Sao Tome and Principe,STP,Norms and Decision-making,0.000,1967
Sao Tome and Principe,STP,Norms and Decision-making,0.000,1968
Sao Tome and Principe,STP,Norms and Decision-making,0.000,1969
Sao Tome and Principe,STP,Norms and Decision-making,12.593,1970
Sao Tome and Principe,STP,Norms and Decision-making,12.593,1971
Sao Tome and Principe,STP,Norms and Decision-making,12.593,1972
Sao Tome and Principe,STP,Norms and Decision-making,12.593,1973
Sao Tome and Principe,STP,Norms and Decision-making,12.593,1974
Sao Tome and Principe,STP,Norms and Decision-making,12.593,1975
Sao Tome and Principe,STP,Norms and Decision-making,12.593,1976
Sao Tome and Principe,STP,Norms and Decision-making,12.593,1977
Sao Tome and Principe,STP,Norms and Decision-making,12.593,1978
Sao Tome and Principe,STP,Norms and Decision-making,12.593,1979
Sao Tome and Principe,STP,Norms and Decision-making,12.593,1980
Sao Tome and Principe,STP,Norms and Decision-making,14.074,1981
Sao Tome and Principe,STP,Norms and Decision-making,12.593,1982
Sao Tome and Principe,STP,Norms and Decision-making,12.593,1983
Sao Tome and Principe,STP,Norms and Decision-making,12.593,1984
Sao Tome and Principe,STP,Norms and Decision-making,12.593,1985
Sao Tome and Principe,STP,Norms and Decision-making,12.593,1986
Sao Tome and Principe,STP,Norms and Decision-making,12.593,1987
Sao Tome and Principe,STP,Norms and Decision-making,12.593,1988
Sao Tome and Principe,STP,Norms and Decision-making,12.593,1989
Sao Tome and Principe,STP,Norms and Decision-making,12.593,1990
Sao Tome and Principe,STP,Norms and Decision-making,14.074,1991
Sao Tome and Principe,STP,Norms and Decision-making,12.593,1992
Sao Tome and Principe,STP,Norms and Decision-making,12.593,1993
Sao Tome and Principe,STP,Norms and Decision-making,12.593,1994
Sao Tome and Principe,STP,Norms and Decision-making,12.593,1995
Sao Tome and Principe,STP,Norms and Decision-making,12.593,1996
Sao Tome and Principe,STP,Norms and Decision-making,12.593,1997
Sao Tome and Principe,STP,Norms and Decision-making,12.593,1998
Sao Tome and Principe,STP,Norms and Decision-making,12.593,1999
Sao Tome and Principe,STP,Norms and Decision-making,15.556,2000
Sao Tome and Principe,STP,Norms and Decision-making,13.333,2001
Sao Tome and Principe,STP,Norms and Decision-making,12.593,2002
Sao Tome and Principe,STP,Norms and Decision-making,12.593,2003
Sao Tome and Principe,STP,Norms and Decision-making,12.593,2004
Sao Tome and Principe,STP,Norms and Decision-making,12.593,2005
Sao Tome and Principe,STP,Norms and Decision-making,13.333,2006
Sao Tome and Principe,STP,Norms and Decision-making,12.593,2007
Sao Tome and Principe,STP,Norms and Decision-making,13.333,2008
Sao Tome and Principe,STP,Norms and Decision-making,82.222,2009
Sao Tome and Principe,STP,Norms and Decision-making,12.593,2010
Sao Tome and Principe,STP,Norms and Decision-making,12.593,2011
Sao Tome and Principe,STP,Norms and Decision-making,12.593,2012
Sao Tome and Principe,STP,Norms and Decision-making,12.593,2013
Sao Tome and Principe,STP,Norms and Decision-making,16.296,2014
Sao Tome and Principe,STP,Norms and Decision-making,12.593,2015
Sao Tome and Principe,STP,Norms and Decision-making,12.593,2016
Sao Tome and Principe,STP,Norms and Decision-making,12.593,2017
Sao Tome and Principe,STP,Norms and Decision-making,12.593,2018
Sao Tome and Principe,STP,Norms and Decision-making,17.037,2019
Sao Tome and Principe,STP,Norms and Decision-making,12.593,2020
Sao Tome and Principe,STP,Norms and Decision-making,12.593,2021
Sao Tome and Principe,STP,Norms and Decision-making,12.593,2022
Sao Tome and Principe,STP,Norms and Decision-making,12.593,2023
Sao Tome and Principe,STP,Population,86.905,1960
Sao Tome and Principe,STP,Population,86.905,1961
Sao Tome and Principe,STP,Population,86.905,1962
Sao Tome and Principe,STP,Population,86.905,1963
Sao Tome and Principe,STP,Population,86.905,1964
Sao Tome and Principe,STP,Population,86.905,1965
Sao Tome and Principe,STP,Population,86.905,1966
Sao Tome and Principe,STP,Population,86.905,1967
Sao Tome and Principe,STP,Population,86.905,1968
Sao Tome and Principe,STP,Population,86.905,1969
Sao Tome and Principe,STP,Population,86.905,1970
Sao Tome and Principe,STP,Population,86.905,1971
Sao Tome and Principe,STP,Population,86.905,1972
Sao Tome and Principe,STP,Population,86.905,1973
Sao Tome and Principe,STP,Population,86.905,1974
Sao Tome and Principe,STP,Population,86.905,1975
Sao Tome and Principe,STP,Population,86.905,1976
Sao Tome and Principe,STP,Population,86.905,1977
Sao Tome and Principe,STP,Population,86.905,1978
Sao Tome and Principe,STP,Population,86.905,1979
Sao Tome and Principe,STP,Population,91.667,1980
Sao Tome and Principe,STP,Population,89.286,1981
Sao Tome and Principe,STP,Population,86.905,1982
Sao Tome and Principe,STP,Population,86.905,1983
Sao Tome and Principe,STP,Population,86.905,1984
Sao Tome and Principe,STP,Population,91.667,1985
Sao Tome and Principe,STP,Population,86.905,1986
Sao Tome and Principe,STP,Population,86.905,1987
Sao Tome and Principe,STP,Population,86.905,1988
Sao Tome and Principe,STP,Population,86.905,1989
Sao Tome and Principe,STP,Population,92.857,1990
Sao Tome and Principe,STP,Population,89.286,1991
Sao Tome and Principe,STP,Population,86.905,1992
Sao Tome and Principe,STP,Population,86.905,1993
Sao Tome and Principe,STP,Population,86.905,1994
Sao Tome and Principe,STP,Population,92.857,1995
Sao Tome and Principe,STP,Population,86.905,1996
Sao Tome and Principe,STP,Population,86.905,1997
Sao Tome and Principe,STP,Population,86.905,1998
Sao Tome and Principe,STP,Population,86.905,1999
Sao Tome and Principe,STP,Population,95.238,2000
Sao Tome and Principe,STP,Population,88.095,2001
Sao Tome and Principe,STP,Population,86.905,2002
Sao Tome and Principe,STP,Population,86.905,2003
Sao Tome and Principe,STP,Population,86.905,2004
Sao Tome and Principe,STP,Population,92.857,2005
Sao Tome and Principe,STP,Population,88.095,2006
Sao Tome and Principe,STP,Population,86.905,2007
Sao Tome and Principe,STP,Population,86.905,2008
Sao Tome and Principe,STP,Population,94.048,2009
Sao Tome and Principe,STP,Population,92.857,2010
Sao Tome and Principe,STP,Population,86.905,2011
Sao Tome and Principe,STP,Population,86.905,2012
Sao Tome and Principe,STP,Population,86.905,2013
Sao Tome and Principe,STP,Population,89.286,2014
Sao Tome and Principe,STP,Population,92.857,2015
Sao Tome and Principe,STP,Population,86.905,2016
Sao Tome and Principe,STP,Population,86.905,2017
Sao Tome and Principe,STP,Population,86.905,2018
Sao Tome and Principe,STP,Population,90.476,2019
Sao Tome and Principe,STP,Population,88.095,2020
Sao Tome and Principe,STP,Population,86.905,2021
Sao Tome and Principe,STP,Population,86.905,2022
Sao Tome and Principe,STP,Population,77.381,2023
Sao Tome and Principe,STP,SDGs,0.671,1960
Sao Tome and Principe,STP,SDGs,0.671,1961
Sao Tome and Principe,STP,SDGs,0.671,1962
Sao Tome and Principe,STP,SDGs,0.671,1963
Sao Tome and Principe,STP,SDGs,0.671,1964
Sao Tome and Principe,STP,SDGs,2.685,1965
Sao Tome and Principe,STP,SDGs,2.685,1966
Sao Tome and Principe,STP,SDGs,2.685,1967
Sao Tome and Principe,STP,SDGs,2.685,1968
Sao Tome and Principe,STP,SDGs,2.685,1969
Sao Tome and Principe,STP,SDGs,11.409,1970
Sao Tome and Principe,STP,SDGs,11.409,1971
Sao Tome and Principe,STP,SDGs,11.409,1972
Sao Tome and Principe,STP,SDGs,11.409,1973
Sao Tome and Principe,STP,SDGs,11.409,1974
Sao Tome and Principe,STP,SDGs,11.409,1975
Sao Tome and Principe,STP,SDGs,11.409,1976
Sao Tome and Principe,STP,SDGs,11.409,1977
Sao Tome and Principe,STP,SDGs,11.409,1978
Sao Tome and Principe,STP,SDGs,13.423,1979
Sao Tome and Principe,STP,SDGs,13.423,1980
Sao Tome and Principe,STP,SDGs,14.094,1981
Sao Tome and Principe,STP,SDGs,14.094,1982
Sao Tome and Principe,STP,SDGs,14.094,1983
Sao Tome and Principe,STP,SDGs,14.094,1984
Sao Tome and Principe,STP,SDGs,12.752,1985
Sao Tome and Principe,STP,SDGs,12.081,1986
Sao Tome and Principe,STP,SDGs,12.752,1987
Sao Tome and Principe,STP,SDGs,12.081,1988
Sao Tome and Principe,STP,SDGs,12.081,1989
Sao Tome and Principe,STP,SDGs,16.107,1990
Sao Tome and Principe,STP,SDGs,20.134,1991
Sao Tome and Principe,STP,SDGs,20.134,1992
Sao Tome and Principe,STP,SDGs,20.134,1993
Sao Tome and Principe,STP,SDGs,20.134,1994
Sao Tome and Principe,STP,SDGs,20.134,1995
Sao Tome and Principe,STP,SDGs,20.134,1996
Sao Tome and Principe,STP,SDGs,20.805,1997
Sao Tome and Principe,STP,SDGs,20.805,1998
Sao Tome and Principe,STP,SDGs,20.805,1999
Sao Tome and Principe,STP,SDGs,68.456,2000
Sao Tome and Principe,STP,SDGs,35.570,2001
Sao Tome and Principe,STP,SDGs,34.899,2002
Sao Tome and Principe,STP,SDGs,36.242,2003
Sao Tome and Principe,STP,SDGs,35.570,2004
Sao Tome and Principe,STP,SDGs,37.584,2005
Sao Tome and Principe,STP,SDGs,36.242,2006
Sao Tome and Principe,STP,SDGs,33.557,2007
Sao Tome and Principe,STP,SDGs,34.899,2008
Sao Tome and Principe,STP,SDGs,36.913,2009
Sao Tome and Principe,STP,SDGs,65.772,2010
Sao Tome and Principe,STP,SDGs,33.557,2011
Sao Tome and Principe,STP,SDGs,34.899,2012
Sao Tome and Principe,STP,SDGs,33.557,2013
Sao Tome and Principe,STP,SDGs,34.899,2014
Sao Tome and Principe,STP,SDGs,65.772,2015
Sao Tome and Principe,STP,SDGs,33.557,2016
Sao Tome and Principe,STP,SDGs,37.584,2017
Sao Tome and Principe,STP,SDGs,36.913,2018
Sao Tome and Principe,STP,SDGs,71.812,2019
Sao Tome and Principe,STP,SDGs,27.517,2020
Sao Tome and Principe,STP,SDGs,22.819,2021
Sao Tome and Principe,STP,SDGs,22.819,2022
Sao Tome and Principe,STP,SDGs,14.094,2023
Sao Tome and Principe,STP,Technology,0.000,1960
Sao Tome and Principe,STP,Technology,0.000,1961
Sao Tome and Principe,STP,Technology,0.000,1962
Sao Tome and Principe,STP,Technology,0.000,1963
Sao Tome and Principe,STP,Technology,0.000,1964
Sao Tome and Principe,STP,Technology,0.000,1965
Sao Tome and Principe,STP,Technology,0.000,1966
Sao Tome and Principe,STP,Technology,0.000,1967
Sao Tome and Principe,STP,Technology,0.000,1968
Sao Tome and Principe,STP,Technology,0.000,1969
Sao Tome and Principe,STP,Technology,0.000,1970
Sao Tome and Principe,STP,Technology,0.000,1971
Sao Tome and Principe,STP,Technology,0.000,1972
Sao Tome and Principe,STP,Technology,0.000,1973
Sao Tome and Principe,STP,Technology,0.000,1974
Sao Tome and Principe,STP,Technology,0.000,1975
Sao Tome and Principe,STP,Technology,0.000,1976
Sao Tome and Principe,STP,Technology,0.000,1977
Sao Tome and Principe,STP,Technology,0.000,1978
Sao Tome and Principe,STP,Technology,0.000,1979
Sao Tome and Principe,STP,Technology,0.000,1980
Sao Tome and Principe,STP,Technology,0.000,1981
Sao Tome and Principe,STP,Technology,0.000,1982
Sao Tome and Principe,STP,Technology,0.000,1983
Sao Tome and Principe,STP,Technology,0.000,1984
Sao Tome and Principe,STP,Technology,0.000,1985
Sao Tome and Principe,STP,Technology,0.000,1986
Sao Tome and Principe,STP,Technology,0.000,1987
Sao Tome and Principe,STP,Technology,0.000,1988
Sao Tome and Principe,STP,Technology,0.000,1989
Sao Tome and Principe,STP,Technology,2.222,1990
Sao Tome and Principe,STP,Technology,2.222,1991
Sao Tome and Principe,STP,Technology,2.222,1992
Sao Tome and Principe,STP,Technology,2.222,1993
Sao Tome and Principe,STP,Technology,2.222,1994
Sao Tome and Principe,STP,Technology,2.222,1995
Sao Tome and Principe,STP,Technology,0.000,1996
Sao Tome and Principe,STP,Technology,0.000,1997
Sao Tome and Principe,STP,Technology,2.222,1998
Sao Tome and Principe,STP,Technology,4.444,1999
Sao Tome and Principe,STP,Technology,4.444,2000
Sao Tome and Principe,STP,Technology,4.444,2001
Sao Tome and Principe,STP,Technology,4.444,2002
Sao Tome and Principe,STP,Technology,4.444,2003
Sao Tome and Principe,STP,Technology,2.222,2004
Sao Tome and Principe,STP,Technology,4.444,2005
Sao Tome and Principe,STP,Technology,4.444,2006
Sao Tome and Principe,STP,Technology,4.444,2007
Sao Tome and Principe,STP,Technology,4.444,2008
Sao Tome and Principe,STP,Technology,2.222,2009
Sao Tome and Principe,STP,Technology,2.222,2010
Sao Tome and Principe,STP,Technology,2.222,2011
Sao Tome and Principe,STP,Technology,2.222,2012
Sao Tome and Principe,STP,Technology,2.222,2013
Sao Tome and Principe,STP,Technology,2.222,2014
Sao Tome and Principe,STP,Technology,2.222,2015
Sao Tome and Principe,STP,Technology,2.222,2016
Sao Tome and Principe,STP,Technology,2.222,2017
Sao Tome and Principe,STP,Technology,2.222,2018
Sao Tome and Principe,STP,Technology,2.222,2019
Sao Tome and Principe,STP,Technology,2.222,2020
Sao Tome and Principe,STP,Technology,2.222,2021
Sao Tome and Principe,STP,Technology,2.222,2022
Sao Tome and Principe,STP,Technology,0.000,2023
Sao Tome and Principe,STP,Violence,0.000,1960
Sao Tome and Principe,STP,Violence,0.000,1961
Sao Tome and Principe,STP,Violence,0.000,1962
Sao Tome and Principe,STP,Violence,0.000,1963
Sao Tome and Principe,STP,Violence,0.000,1964
Sao Tome and Principe,STP,Violence,0.000,1965
Sao Tome and Principe,STP,Violence,0.000,1966
Sao Tome and Principe,STP,Violence,0.000,1967
Sao Tome and Principe,STP,Violence,0.000,1968
Sao Tome and Principe,STP,Violence,0.000,1969
Sao Tome and Principe,STP,Violence,2.143,1970
Sao Tome and Principe,STP,Violence,2.143,1971
Sao Tome and Principe,STP,Violence,2.143,1972
Sao Tome and Principe,STP,Violence,2.143,1973
Sao Tome and Principe,STP,Violence,2.143,1974
Sao Tome and Principe,STP,Violence,2.143,1975
Sao Tome and Principe,STP,Violence,2.143,1976
Sao Tome and Principe,STP,Violence,2.143,1977
Sao Tome and Principe,STP,Violence,2.143,1978
Sao Tome and Principe,STP,Violence,2.143,1979
Sao Tome and Principe,STP,Violence,2.143,1980
Sao Tome and Principe,STP,Violence,2.143,1981
Sao Tome and Principe,STP,Violence,2.143,1982
Sao Tome and Principe,STP,Violence,2.143,1983
Sao Tome and Principe,STP,Violence,2.143,1984
Sao Tome and Principe,STP,Violence,2.143,1985
Sao Tome and Principe,STP,Violence,2.143,1986
Sao Tome and Principe,STP,Violence,2.143,1987
Sao Tome and Principe,STP,Violence,2.143,1988
Sao Tome and Principe,STP,Violence,2.143,1989
Sao Tome and Principe,STP,Violence,2.857,1990
Sao Tome and Principe,STP,Violence,2.857,1991
Sao Tome and Principe,STP,Violence,2.857,1992
Sao Tome and Principe,STP,Violence,2.857,1993
Sao Tome and Principe,STP,Violence,2.857,1994
Sao Tome and Principe,STP,Violence,2.143,1995
Sao Tome and Principe,STP,Violence,2.143,1996
Sao Tome and Principe,STP,Violence,2.143,1997
Sao Tome and Principe,STP,Violence,2.143,1998
Sao Tome and Principe,STP,Violence,2.143,1999
Sao Tome and Principe,STP,Violence,4.286,2000
Sao Tome and Principe,STP,Violence,4.286,2001
Sao Tome and Principe,STP,Violence,4.286,2002
Sao Tome and Principe,STP,Violence,4.286,2003
Sao Tome and Principe,STP,Violence,4.286,2004
Sao Tome and Principe,STP,Violence,4.286,2005
Sao Tome and Principe,STP,Violence,6.429,2006
Sao Tome and Principe,STP,Violence,6.429,2007
Sao Tome and Principe,STP,Violence,6.429,2008
Sao Tome and Principe,STP,Violence,65.000,2009
Sao Tome and Principe,STP,Violence,6.429,2010
Sao Tome and Principe,STP,Violence,6.429,2011
Sao Tome and Principe,STP,Violence,4.286,2012
Sao Tome and Principe,STP,Violence,4.286,2013
Sao Tome and Principe,STP,Violence,4.286,2014
Sao Tome and Principe,STP,Violence,4.286,2015
Sao Tome and Principe,STP,Violence,4.286,2016
Sao Tome and Principe,STP,Violence,4.286,2017
Sao Tome and Principe,STP,Violence,7.143,2018
Sao Tome and Principe,STP,Violence,5.714,2019
Sao Tome and Principe,STP,Violence,2.143,2020
Sao Tome and Principe,STP,Violence,2.143,2021
Sao Tome and Principe,STP,Violence,2.143,2022
Sao Tome and Principe,STP,Violence,2.143,2023
Sao Tome and Principe,STP,Youth 15-24,4.587,1960
Sao Tome and Principe,STP,Youth 15-24,4.587,1961
Sao Tome and Principe,STP,Youth 15-24,4.587,1962
Sao Tome and Principe,STP,Youth 15-24,4.587,1963
Sao Tome and Principe,STP,Youth 15-24,4.587,1964
Sao Tome and Principe,STP,Youth 15-24,4.587,1965
Sao Tome and Principe,STP,Youth 15-24,4.587,1966
Sao Tome and Principe,STP,Youth 15-24,4.587,1967
Sao Tome and Principe,STP,Youth 15-24,4.587,1968
Sao Tome and Principe,STP,Youth 15-24,4.587,1969
Sao Tome and Principe,STP,Youth 15-24,4.587,1970
Sao Tome and Principe,STP,Youth 15-24,14.679,1971
Sao Tome and Principe,STP,Youth 15-24,14.679,1972
Sao Tome and Principe,STP,Youth 15-24,4.587,1973
Sao Tome and Principe,STP,Youth 15-24,4.587,1974
Sao Tome and Principe,STP,Youth 15-24,4.587,1975
Sao Tome and Principe,STP,Youth 15-24,7.339,1976
Sao Tome and Principe,STP,Youth 15-24,14.679,1977
Sao Tome and Principe,STP,Youth 15-24,4.587,1978
Sao Tome and Principe,STP,Youth 15-24,4.587,1979
Sao Tome and Principe,STP,Youth 15-24,4.587,1980
Sao Tome and Principe,STP,Youth 15-24,22.936,1981
Sao Tome and Principe,STP,Youth 15-24,7.339,1982
Sao Tome and Principe,STP,Youth 15-24,8.257,1983
Sao Tome and Principe,STP,Youth 15-24,7.339,1984
Sao Tome and Principe,STP,Youth 15-24,5.505,1985
Sao Tome and Principe,STP,Youth 15-24,4.587,1986
Sao Tome and Principe,STP,Youth 15-24,7.339,1987
Sao Tome and Principe,STP,Youth 15-24,17.431,1988
Sao Tome and Principe,STP,Youth 15-24,4.587,1989
Sao Tome and Principe,STP,Youth 15-24,11.927,1990
Sao Tome and Principe,STP,Youth 15-24,25.688,1991
Sao Tome and Principe,STP,Youth 15-24,18.349,1992
Sao Tome and Principe,STP,Youth 15-24,18.349,1993
Sao Tome and Principe,STP,Youth 15-24,18.349,1994
Sao Tome and Principe,STP,Youth 15-24,18.349,1995
Sao Tome and Principe,STP,Youth 15-24,18.349,1996
Sao Tome and Principe,STP,Youth 15-24,18.349,1997
Sao Tome and Principe,STP,Youth 15-24,18.349,1998
Sao Tome and Principe,STP,Youth 15-24,19.266,1999
Sao Tome and Principe,STP,Youth 15-24,19.266,2000
Sao Tome and Principe,STP,Youth 15-24,26.606,2001
Sao Tome and Principe,STP,Youth 15-24,22.018,2002
Sao Tome and Principe,STP,Youth 15-24,40.367,2003
Sao Tome and Principe,STP,Youth 15-24,39.450,2004
Sao Tome and Principe,STP,Youth 15-24,37.615,2005
Sao Tome and Principe,STP,Youth 15-24,19.266,2006
Sao Tome and Principe,STP,Youth 15-24,40.367,2007
Sao Tome and Principe,STP,Youth 15-24,40.367,2008
Sao Tome and Principe,STP,Youth 15-24,51.376,2009
Sao Tome and Principe,STP,Youth 15-24,43.119,2010
Sao Tome and Principe,STP,Youth 15-24,38.532,2011
Sao Tome and Principe,STP,Youth 15-24,52.294,2012
Sao Tome and Principe,STP,Youth 15-24,39.450,2013
Sao Tome and Principe,STP,Youth 15-24,41.284,2014
Sao Tome and Principe,STP,Youth 15-24,40.367,2015
Sao Tome and Principe,STP,Youth 15-24,38.532,2016
Sao Tome and Principe,STP,Youth 15-24,55.963,2017
Sao Tome and Principe,STP,Youth 15-24,27.523,2018
Sao Tome and Principe,STP,Youth 15-24,33.945,2019
Sao Tome and Principe,STP,Youth 15-24,18.349,2020
Sao Tome and Principe,STP,Youth 15-24,25.688,2021
Sao Tome and Principe,STP,Youth 15-24,22.018,2022
Sao Tome and Principe,STP,Youth 15-24,12.844,2023
