Country Name,Country Code,Topic,% of available indicators,Year
American Samoa,ASM,Assets,0.000,1960
American Samoa,ASM,Assets,0.000,1961
American Samoa,ASM,Assets,0.000,1962
American Samoa,ASM,Assets,0.000,1963
American Samoa,ASM,Assets,0.000,1964
American Samoa,ASM,Assets,0.000,1965
American Samoa,ASM,Assets,0.000,1966
American Samoa,ASM,Assets,0.000,1967
American Samoa,ASM,Assets,0.000,1968
American Samoa,ASM,Assets,0.000,1969
American Samoa,ASM,Assets,0.000,1970
American Samoa,ASM,Assets,0.000,1971
American Samoa,ASM,Assets,0.000,1972
American Samoa,ASM,Assets,0.000,1973
American Samoa,ASM,Assets,0.000,1974
American Samoa,ASM,Assets,0.000,1975
American Samoa,ASM,Assets,0.000,1976
American Samoa,ASM,Assets,0.000,1977
American Samoa,ASM,Assets,0.000,1978
American Samoa,ASM,Assets,0.000,1979
American Samoa,ASM,Assets,0.000,1980
American Samoa,ASM,Assets,0.000,1981
American Samoa,ASM,Assets,0.000,1982
American Samoa,ASM,Assets,0.000,1983
American Samoa,ASM,Assets,0.000,1984
American Samoa,ASM,Assets,0.000,1985
American Samoa,ASM,Assets,0.000,1986
American Samoa,ASM,Assets,0.000,1987
American Samoa,ASM,Assets,0.000,1988
American Samoa,ASM,Assets,0.000,1989
American Samoa,ASM,Assets,0.000,1990
American Samoa,ASM,Assets,0.000,1991
American Samoa,ASM,Assets,0.000,1992
American Samoa,ASM,Assets,0.000,1993
American Samoa,ASM,Assets,0.000,1994
American Samoa,ASM,Assets,0.000,1995
American Samoa,ASM,Assets,0.000,1996
American Samoa,ASM,Assets,0.000,1997
American Samoa,ASM,Assets,0.000,1998
American Samoa,ASM,Assets,0.000,1999
American Samoa,ASM,Assets,0.000,2000
American Samoa,ASM,Assets,0.000,2001
American Samoa,ASM,Assets,0.000,2002
American Samoa,ASM,Assets,0.000,2003
American Samoa,ASM,Assets,0.000,2004
American Samoa,ASM,Assets,0.000,2005
American Samoa,ASM,Assets,0.000,2006
American Samoa,ASM,Assets,0.000,2007
American Samoa,ASM,Assets,0.000,2008
American Samoa,ASM,Assets,0.000,2009
American Samoa,ASM,Assets,0.000,2010
American Samoa,ASM,Assets,0.000,2011
American Samoa,ASM,Assets,0.000,2012
American Samoa,ASM,Assets,0.000,2013
American Samoa,ASM,Assets,0.000,2014
American Samoa,ASM,Assets,0.000,2015
American Samoa,ASM,Assets,0.000,2016
American Samoa,ASM,Assets,0.000,2017
American Samoa,ASM,Assets,0.000,2018
American Samoa,ASM,Assets,0.000,2019
American Samoa,ASM,Assets,0.000,2020
American Samoa,ASM,Assets,0.000,2021
American Samoa,ASM,Assets,0.000,2022
American Samoa,ASM,Assets,0.000,2023
American Samoa,ASM,Children 0-14,8.462,1960
American Samoa,ASM,Children 0-14,8.462,1961
American Samoa,ASM,Children 0-14,8.462,1962
American Samoa,ASM,Children 0-14,8.462,1963
American Samoa,ASM,Children 0-14,8.462,1964
American Samoa,ASM,Children 0-14,8.462,1965
American Samoa,ASM,Children 0-14,8.462,1966
American Samoa,ASM,Children 0-14,8.462,1967
American Samoa,ASM,Children 0-14,8.462,1968
American Samoa,ASM,Children 0-14,8.462,1969
American Samoa,ASM,Children 0-14,8.462,1970
American Samoa,ASM,Children 0-14,8.462,1971
American Samoa,ASM,Children 0-14,8.462,1972
American Samoa,ASM,Children 0-14,8.462,1973
American Samoa,ASM,Children 0-14,13.077,1974
American Samoa,ASM,Children 0-14,8.462,1975
American Samoa,ASM,Children 0-14,8.462,1976
American Samoa,ASM,Children 0-14,8.462,1977
American Samoa,ASM,Children 0-14,8.462,1978
American Samoa,ASM,Children 0-14,8.462,1979
American Samoa,ASM,Children 0-14,13.077,1980
American Samoa,ASM,Children 0-14,10.769,1981
American Samoa,ASM,Children 0-14,13.077,1982
American Samoa,ASM,Children 0-14,13.077,1983
American Samoa,ASM,Children 0-14,14.615,1984
American Samoa,ASM,Children 0-14,14.615,1985
American Samoa,ASM,Children 0-14,14.615,1986
American Samoa,ASM,Children 0-14,14.615,1987
American Samoa,ASM,Children 0-14,14.615,1988
American Samoa,ASM,Children 0-14,14.615,1989
American Samoa,ASM,Children 0-14,19.231,1990
American Samoa,ASM,Children 0-14,13.077,1991
American Samoa,ASM,Children 0-14,13.077,1992
American Samoa,ASM,Children 0-14,8.462,1993
American Samoa,ASM,Children 0-14,8.462,1994
American Samoa,ASM,Children 0-14,8.462,1995
American Samoa,ASM,Children 0-14,8.462,1996
American Samoa,ASM,Children 0-14,8.462,1997
American Samoa,ASM,Children 0-14,8.462,1998
American Samoa,ASM,Children 0-14,8.462,1999
American Samoa,ASM,Children 0-14,8.462,2000
American Samoa,ASM,Children 0-14,8.462,2001
American Samoa,ASM,Children 0-14,8.462,2002
American Samoa,ASM,Children 0-14,8.462,2003
American Samoa,ASM,Children 0-14,8.462,2004
American Samoa,ASM,Children 0-14,8.462,2005
American Samoa,ASM,Children 0-14,8.462,2006
American Samoa,ASM,Children 0-14,8.462,2007
American Samoa,ASM,Children 0-14,8.462,2008
American Samoa,ASM,Children 0-14,8.462,2009
American Samoa,ASM,Children 0-14,8.462,2010
American Samoa,ASM,Children 0-14,8.462,2011
American Samoa,ASM,Children 0-14,8.462,2012
American Samoa,ASM,Children 0-14,8.462,2013
American Samoa,ASM,Children 0-14,8.462,2014
American Samoa,ASM,Children 0-14,8.462,2015
American Samoa,ASM,Children 0-14,8.462,2016
American Samoa,ASM,Children 0-14,8.462,2017
American Samoa,ASM,Children 0-14,8.462,2018
American Samoa,ASM,Children 0-14,8.462,2019
American Samoa,ASM,Children 0-14,8.462,2020
American Samoa,ASM,Children 0-14,8.462,2021
American Samoa,ASM,Children 0-14,8.462,2022
American Samoa,ASM,Children 0-14,7.692,2023
American Samoa,ASM,Education,0.000,1960
American Samoa,ASM,Education,0.000,1961
American Samoa,ASM,Education,0.000,1962
American Samoa,ASM,Education,0.000,1963
American Samoa,ASM,Education,0.000,1964
American Samoa,ASM,Education,0.000,1965
American Samoa,ASM,Education,0.000,1966
American Samoa,ASM,Education,0.000,1967
American Samoa,ASM,Education,0.000,1968
American Samoa,ASM,Education,0.000,1969
American Samoa,ASM,Education,0.000,1970
American Samoa,ASM,Education,1.840,1971
American Samoa,ASM,Education,3.681,1972
American Samoa,ASM,Education,3.681,1973
American Samoa,ASM,Education,11.043,1974
American Samoa,ASM,Education,3.681,1975
American Samoa,ASM,Education,2.454,1976
American Samoa,ASM,Education,3.681,1977
American Samoa,ASM,Education,3.681,1978
American Samoa,ASM,Education,3.681,1979
American Samoa,ASM,Education,17.791,1980
American Samoa,ASM,Education,4.294,1981
American Samoa,ASM,Education,6.748,1982
American Samoa,ASM,Education,6.748,1983
American Samoa,ASM,Education,9.202,1984
American Samoa,ASM,Education,9.202,1985
American Samoa,ASM,Education,9.202,1986
American Samoa,ASM,Education,9.816,1987
American Samoa,ASM,Education,9.816,1988
American Samoa,ASM,Education,17.178,1989
American Samoa,ASM,Education,18.405,1990
American Samoa,ASM,Education,11.656,1991
American Samoa,ASM,Education,11.656,1992
American Samoa,ASM,Education,1.227,1993
American Samoa,ASM,Education,1.227,1994
American Samoa,ASM,Education,1.227,1995
American Samoa,ASM,Education,1.227,1996
American Samoa,ASM,Education,1.227,1997
American Samoa,ASM,Education,0.000,1998
American Samoa,ASM,Education,0.000,1999
American Samoa,ASM,Education,0.000,2000
American Samoa,ASM,Education,0.000,2001
American Samoa,ASM,Education,0.000,2002
American Samoa,ASM,Education,0.000,2003
American Samoa,ASM,Education,0.000,2004
American Samoa,ASM,Education,0.000,2005
American Samoa,ASM,Education,0.613,2006
American Samoa,ASM,Education,5.521,2007
American Samoa,ASM,Education,0.000,2008
American Samoa,ASM,Education,0.000,2009
American Samoa,ASM,Education,0.000,2010
American Samoa,ASM,Education,0.000,2011
American Samoa,ASM,Education,0.000,2012
American Samoa,ASM,Education,0.000,2013
American Samoa,ASM,Education,0.000,2014
American Samoa,ASM,Education,0.000,2015
American Samoa,ASM,Education,0.000,2016
American Samoa,ASM,Education,0.000,2017
American Samoa,ASM,Education,0.000,2018
American Samoa,ASM,Education,0.000,2019
American Samoa,ASM,Education,0.000,2020
American Samoa,ASM,Education,0.000,2021
American Samoa,ASM,Education,0.000,2022
American Samoa,ASM,Education,0.000,2023
American Samoa,ASM,Employment and Time Use,5.109,1960
American Samoa,ASM,Employment and Time Use,0.000,1961
American Samoa,ASM,Employment and Time Use,0.000,1962
American Samoa,ASM,Employment and Time Use,0.000,1963
American Samoa,ASM,Employment and Time Use,0.000,1964
American Samoa,ASM,Employment and Time Use,0.000,1965
American Samoa,ASM,Employment and Time Use,0.000,1966
American Samoa,ASM,Employment and Time Use,0.000,1967
American Samoa,ASM,Employment and Time Use,0.000,1968
American Samoa,ASM,Employment and Time Use,0.000,1969
American Samoa,ASM,Employment and Time Use,2.920,1970
American Samoa,ASM,Employment and Time Use,0.000,1971
American Samoa,ASM,Employment and Time Use,0.000,1972
American Samoa,ASM,Employment and Time Use,0.000,1973
American Samoa,ASM,Employment and Time Use,6.569,1974
American Samoa,ASM,Employment and Time Use,0.730,1975
American Samoa,ASM,Employment and Time Use,0.730,1976
American Samoa,ASM,Employment and Time Use,0.730,1977
American Samoa,ASM,Employment and Time Use,0.730,1978
American Samoa,ASM,Employment and Time Use,0.730,1979
American Samoa,ASM,Employment and Time Use,5.839,1980
American Samoa,ASM,Employment and Time Use,0.730,1981
American Samoa,ASM,Employment and Time Use,0.730,1982
American Samoa,ASM,Employment and Time Use,0.730,1983
American Samoa,ASM,Employment and Time Use,0.730,1984
American Samoa,ASM,Employment and Time Use,0.730,1985
American Samoa,ASM,Employment and Time Use,0.730,1986
American Samoa,ASM,Employment and Time Use,0.000,1987
American Samoa,ASM,Employment and Time Use,0.000,1988
American Samoa,ASM,Employment and Time Use,0.000,1989
American Samoa,ASM,Employment and Time Use,12.409,1990
American Samoa,ASM,Employment and Time Use,0.000,1991
American Samoa,ASM,Employment and Time Use,0.000,1992
American Samoa,ASM,Employment and Time Use,0.000,1993
American Samoa,ASM,Employment and Time Use,0.000,1994
American Samoa,ASM,Employment and Time Use,0.000,1995
American Samoa,ASM,Employment and Time Use,0.000,1996
American Samoa,ASM,Employment and Time Use,0.000,1997
American Samoa,ASM,Employment and Time Use,0.000,1998
American Samoa,ASM,Employment and Time Use,0.000,1999
American Samoa,ASM,Employment and Time Use,3.650,2000
American Samoa,ASM,Employment and Time Use,0.000,2001
American Samoa,ASM,Employment and Time Use,0.000,2002
American Samoa,ASM,Employment and Time Use,0.000,2003
American Samoa,ASM,Employment and Time Use,0.000,2004
American Samoa,ASM,Employment and Time Use,2.190,2005
American Samoa,ASM,Employment and Time Use,0.000,2006
American Samoa,ASM,Employment and Time Use,0.000,2007
American Samoa,ASM,Employment and Time Use,0.000,2008
American Samoa,ASM,Employment and Time Use,0.000,2009
American Samoa,ASM,Employment and Time Use,2.190,2010
American Samoa,ASM,Employment and Time Use,0.000,2011
American Samoa,ASM,Employment and Time Use,0.000,2012
American Samoa,ASM,Employment and Time Use,0.000,2013
American Samoa,ASM,Employment and Time Use,0.000,2014
American Samoa,ASM,Employment and Time Use,0.000,2015
American Samoa,ASM,Employment and Time Use,0.000,2016
American Samoa,ASM,Employment and Time Use,0.000,2017
American Samoa,ASM,Employment and Time Use,0.000,2018
American Samoa,ASM,Employment and Time Use,0.000,2019
American Samoa,ASM,Employment and Time Use,0.000,2020
American Samoa,ASM,Employment and Time Use,0.000,2021
American Samoa,ASM,Employment and Time Use,0.000,2022
American Samoa,ASM,Employment and Time Use,0.000,2023
American Samoa,ASM,Entrepreneurship,0.000,1960
American Samoa,ASM,Entrepreneurship,0.000,1961
American Samoa,ASM,Entrepreneurship,0.000,1962
American Samoa,ASM,Entrepreneurship,0.000,1963
American Samoa,ASM,Entrepreneurship,0.000,1964
American Samoa,ASM,Entrepreneurship,0.000,1965
American Samoa,ASM,Entrepreneurship,0.000,1966
American Samoa,ASM,Entrepreneurship,0.000,1967
American Samoa,ASM,Entrepreneurship,0.000,1968
American Samoa,ASM,Entrepreneurship,0.000,1969
American Samoa,ASM,Entrepreneurship,0.000,1970
American Samoa,ASM,Entrepreneurship,0.000,1971
American Samoa,ASM,Entrepreneurship,0.000,1972
American Samoa,ASM,Entrepreneurship,0.000,1973
American Samoa,ASM,Entrepreneurship,0.000,1974
American Samoa,ASM,Entrepreneurship,0.000,1975
American Samoa,ASM,Entrepreneurship,0.000,1976
American Samoa,ASM,Entrepreneurship,0.000,1977
American Samoa,ASM,Entrepreneurship,0.000,1978
American Samoa,ASM,Entrepreneurship,0.000,1979
American Samoa,ASM,Entrepreneurship,0.000,1980
American Samoa,ASM,Entrepreneurship,0.000,1981
American Samoa,ASM,Entrepreneurship,0.000,1982
American Samoa,ASM,Entrepreneurship,0.000,1983
American Samoa,ASM,Entrepreneurship,0.000,1984
American Samoa,ASM,Entrepreneurship,0.000,1985
American Samoa,ASM,Entrepreneurship,0.000,1986
American Samoa,ASM,Entrepreneurship,0.000,1987
American Samoa,ASM,Entrepreneurship,0.000,1988
American Samoa,ASM,Entrepreneurship,0.000,1989
American Samoa,ASM,Entrepreneurship,0.000,1990
American Samoa,ASM,Entrepreneurship,0.000,1991
American Samoa,ASM,Entrepreneurship,0.000,1992
American Samoa,ASM,Entrepreneurship,0.000,1993
American Samoa,ASM,Entrepreneurship,0.000,1994
American Samoa,ASM,Entrepreneurship,0.000,1995
American Samoa,ASM,Entrepreneurship,0.000,1996
American Samoa,ASM,Entrepreneurship,0.000,1997
American Samoa,ASM,Entrepreneurship,0.000,1998
American Samoa,ASM,Entrepreneurship,0.000,1999
American Samoa,ASM,Entrepreneurship,0.000,2000
American Samoa,ASM,Entrepreneurship,0.000,2001
American Samoa,ASM,Entrepreneurship,0.000,2002
American Samoa,ASM,Entrepreneurship,0.000,2003
American Samoa,ASM,Entrepreneurship,0.000,2004
American Samoa,ASM,Entrepreneurship,0.000,2005
American Samoa,ASM,Entrepreneurship,0.000,2006
American Samoa,ASM,Entrepreneurship,0.000,2007
American Samoa,ASM,Entrepreneurship,0.000,2008
American Samoa,ASM,Entrepreneurship,0.000,2009
American Samoa,ASM,Entrepreneurship,0.000,2010
American Samoa,ASM,Entrepreneurship,0.000,2011
American Samoa,ASM,Entrepreneurship,0.000,2012
American Samoa,ASM,Entrepreneurship,0.000,2013
American Samoa,ASM,Entrepreneurship,0.000,2014
American Samoa,ASM,Entrepreneurship,0.000,2015
American Samoa,ASM,Entrepreneurship,0.000,2016
American Samoa,ASM,Entrepreneurship,0.000,2017
American Samoa,ASM,Entrepreneurship,0.000,2018
American Samoa,ASM,Entrepreneurship,0.000,2019
American Samoa,ASM,Entrepreneurship,0.000,2020
American Samoa,ASM,Entrepreneurship,0.000,2021
American Samoa,ASM,Entrepreneurship,0.000,2022
American Samoa,ASM,Entrepreneurship,0.000,2023
American Samoa,ASM,Environment,0.000,1960
American Samoa,ASM,Environment,0.000,1961
American Samoa,ASM,Environment,0.000,1962
American Samoa,ASM,Environment,0.000,1963
American Samoa,ASM,Environment,0.000,1964
American Samoa,ASM,Environment,0.000,1965
American Samoa,ASM,Environment,0.000,1966
American Samoa,ASM,Environment,0.000,1967
American Samoa,ASM,Environment,0.000,1968
American Samoa,ASM,Environment,0.000,1969
American Samoa,ASM,Environment,0.000,1970
American Samoa,ASM,Environment,0.000,1971
American Samoa,ASM,Environment,0.000,1972
American Samoa,ASM,Environment,0.000,1973
American Samoa,ASM,Environment,0.000,1974
American Samoa,ASM,Environment,0.000,1975
American Samoa,ASM,Environment,0.000,1976
American Samoa,ASM,Environment,0.000,1977
American Samoa,ASM,Environment,0.000,1978
American Samoa,ASM,Environment,0.000,1979
American Samoa,ASM,Environment,0.000,1980
American Samoa,ASM,Environment,0.000,1981
American Samoa,ASM,Environment,0.000,1982
American Samoa,ASM,Environment,0.000,1983
American Samoa,ASM,Environment,0.000,1984
American Samoa,ASM,Environment,0.000,1985
American Samoa,ASM,Environment,0.000,1986
American Samoa,ASM,Environment,0.000,1987
American Samoa,ASM,Environment,0.000,1988
American Samoa,ASM,Environment,0.000,1989
American Samoa,ASM,Environment,0.000,1990
American Samoa,ASM,Environment,0.000,1991
American Samoa,ASM,Environment,0.000,1992
American Samoa,ASM,Environment,0.000,1993
American Samoa,ASM,Environment,0.000,1994
American Samoa,ASM,Environment,0.000,1995
American Samoa,ASM,Environment,0.000,1996
American Samoa,ASM,Environment,0.000,1997
American Samoa,ASM,Environment,0.000,1998
American Samoa,ASM,Environment,0.000,1999
American Samoa,ASM,Environment,3.333,2000
American Samoa,ASM,Environment,3.333,2001
American Samoa,ASM,Environment,3.333,2002
American Samoa,ASM,Environment,3.333,2003
American Samoa,ASM,Environment,3.333,2004
American Samoa,ASM,Environment,3.333,2005
American Samoa,ASM,Environment,3.333,2006
American Samoa,ASM,Environment,6.667,2007
American Samoa,ASM,Environment,3.333,2008
American Samoa,ASM,Environment,3.333,2009
American Samoa,ASM,Environment,3.333,2010
American Samoa,ASM,Environment,3.333,2011
American Samoa,ASM,Environment,3.333,2012
American Samoa,ASM,Environment,3.333,2013
American Samoa,ASM,Environment,3.333,2014
American Samoa,ASM,Environment,3.333,2015
American Samoa,ASM,Environment,3.333,2016
American Samoa,ASM,Environment,3.333,2017
American Samoa,ASM,Environment,3.333,2018
American Samoa,ASM,Environment,3.333,2019
American Samoa,ASM,Environment,3.333,2020
American Samoa,ASM,Environment,3.333,2021
American Samoa,ASM,Environment,0.000,2022
American Samoa,ASM,Environment,0.000,2023
American Samoa,ASM,Health,1.515,1960
American Samoa,ASM,Health,1.515,1961
American Samoa,ASM,Health,1.515,1962
American Samoa,ASM,Health,1.515,1963
American Samoa,ASM,Health,1.515,1964
American Samoa,ASM,Health,1.515,1965
American Samoa,ASM,Health,1.515,1966
American Samoa,ASM,Health,1.515,1967
American Samoa,ASM,Health,1.515,1968
American Samoa,ASM,Health,1.515,1969
American Samoa,ASM,Health,1.515,1970
American Samoa,ASM,Health,1.515,1971
American Samoa,ASM,Health,1.515,1972
American Samoa,ASM,Health,1.515,1973
American Samoa,ASM,Health,1.515,1974
American Samoa,ASM,Health,1.515,1975
American Samoa,ASM,Health,1.515,1976
American Samoa,ASM,Health,1.515,1977
American Samoa,ASM,Health,1.515,1978
American Samoa,ASM,Health,1.515,1979
American Samoa,ASM,Health,1.515,1980
American Samoa,ASM,Health,1.515,1981
American Samoa,ASM,Health,1.515,1982
American Samoa,ASM,Health,1.515,1983
American Samoa,ASM,Health,1.515,1984
American Samoa,ASM,Health,1.515,1985
American Samoa,ASM,Health,1.515,1986
American Samoa,ASM,Health,1.515,1987
American Samoa,ASM,Health,1.515,1988
American Samoa,ASM,Health,1.515,1989
American Samoa,ASM,Health,1.515,1990
American Samoa,ASM,Health,1.515,1991
American Samoa,ASM,Health,1.515,1992
American Samoa,ASM,Health,1.515,1993
American Samoa,ASM,Health,1.515,1994
American Samoa,ASM,Health,1.515,1995
American Samoa,ASM,Health,1.515,1996
American Samoa,ASM,Health,1.515,1997
American Samoa,ASM,Health,1.515,1998
American Samoa,ASM,Health,1.515,1999
American Samoa,ASM,Health,2.020,2000
American Samoa,ASM,Health,2.020,2001
American Samoa,ASM,Health,2.525,2002
American Samoa,ASM,Health,2.020,2003
American Samoa,ASM,Health,2.020,2004
American Samoa,ASM,Health,2.020,2005
American Samoa,ASM,Health,2.020,2006
American Samoa,ASM,Health,2.020,2007
American Samoa,ASM,Health,2.020,2008
American Samoa,ASM,Health,2.020,2009
American Samoa,ASM,Health,2.020,2010
American Samoa,ASM,Health,2.020,2011
American Samoa,ASM,Health,2.020,2012
American Samoa,ASM,Health,2.020,2013
American Samoa,ASM,Health,2.020,2014
American Samoa,ASM,Health,2.020,2015
American Samoa,ASM,Health,2.020,2016
American Samoa,ASM,Health,2.020,2017
American Samoa,ASM,Health,2.020,2018
American Samoa,ASM,Health,2.020,2019
American Samoa,ASM,Health,2.020,2020
American Samoa,ASM,Health,2.020,2021
American Samoa,ASM,Health,1.515,2022
American Samoa,ASM,Health,0.000,2023
American Samoa,ASM,Leadership,0.000,1960
American Samoa,ASM,Leadership,0.000,1961
American Samoa,ASM,Leadership,0.000,1962
American Samoa,ASM,Leadership,0.000,1963
American Samoa,ASM,Leadership,0.000,1964
American Samoa,ASM,Leadership,0.000,1965
American Samoa,ASM,Leadership,0.000,1966
American Samoa,ASM,Leadership,0.000,1967
American Samoa,ASM,Leadership,0.000,1968
American Samoa,ASM,Leadership,0.000,1969
American Samoa,ASM,Leadership,0.000,1970
American Samoa,ASM,Leadership,0.000,1971
American Samoa,ASM,Leadership,0.000,1972
American Samoa,ASM,Leadership,0.000,1973
American Samoa,ASM,Leadership,0.000,1974
American Samoa,ASM,Leadership,0.000,1975
American Samoa,ASM,Leadership,0.000,1976
American Samoa,ASM,Leadership,0.000,1977
American Samoa,ASM,Leadership,0.000,1978
American Samoa,ASM,Leadership,0.000,1979
American Samoa,ASM,Leadership,0.000,1980
American Samoa,ASM,Leadership,0.000,1981
American Samoa,ASM,Leadership,0.000,1982
American Samoa,ASM,Leadership,0.000,1983
American Samoa,ASM,Leadership,0.000,1984
American Samoa,ASM,Leadership,0.000,1985
American Samoa,ASM,Leadership,0.000,1986
American Samoa,ASM,Leadership,0.000,1987
American Samoa,ASM,Leadership,0.000,1988
American Samoa,ASM,Leadership,0.000,1989
American Samoa,ASM,Leadership,0.000,1990
American Samoa,ASM,Leadership,0.000,1991
American Samoa,ASM,Leadership,0.000,1992
American Samoa,ASM,Leadership,0.000,1993
American Samoa,ASM,Leadership,0.000,1994
American Samoa,ASM,Leadership,0.000,1995
American Samoa,ASM,Leadership,0.000,1996
American Samoa,ASM,Leadership,0.000,1997
American Samoa,ASM,Leadership,0.000,1998
American Samoa,ASM,Leadership,0.000,1999
American Samoa,ASM,Leadership,0.000,2000
American Samoa,ASM,Leadership,0.000,2001
American Samoa,ASM,Leadership,0.000,2002
American Samoa,ASM,Leadership,0.000,2003
American Samoa,ASM,Leadership,0.000,2004
American Samoa,ASM,Leadership,0.000,2005
American Samoa,ASM,Leadership,0.000,2006
American Samoa,ASM,Leadership,0.000,2007
American Samoa,ASM,Leadership,0.000,2008
American Samoa,ASM,Leadership,0.000,2009
American Samoa,ASM,Leadership,0.000,2010
American Samoa,ASM,Leadership,0.000,2011
American Samoa,ASM,Leadership,0.000,2012
American Samoa,ASM,Leadership,0.000,2013
American Samoa,ASM,Leadership,0.000,2014
American Samoa,ASM,Leadership,0.000,2015
American Samoa,ASM,Leadership,0.000,2016
American Samoa,ASM,Leadership,0.000,2017
American Samoa,ASM,Leadership,0.000,2018
American Samoa,ASM,Leadership,0.000,2019
American Samoa,ASM,Leadership,0.000,2020
American Samoa,ASM,Leadership,0.000,2021
American Samoa,ASM,Leadership,0.000,2022
American Samoa,ASM,Leadership,0.000,2023
American Samoa,ASM,Norms and Decision-making,0.000,1960
American Samoa,ASM,Norms and Decision-making,0.000,1961
American Samoa,ASM,Norms and Decision-making,0.000,1962
American Samoa,ASM,Norms and Decision-making,0.000,1963
American Samoa,ASM,Norms and Decision-making,0.000,1964
American Samoa,ASM,Norms and Decision-making,0.000,1965
American Samoa,ASM,Norms and Decision-making,0.000,1966
American Samoa,ASM,Norms and Decision-making,0.000,1967
American Samoa,ASM,Norms and Decision-making,0.000,1968
American Samoa,ASM,Norms and Decision-making,0.000,1969
American Samoa,ASM,Norms and Decision-making,0.000,1970
American Samoa,ASM,Norms and Decision-making,0.000,1971
American Samoa,ASM,Norms and Decision-making,0.000,1972
American Samoa,ASM,Norms and Decision-making,0.000,1973
American Samoa,ASM,Norms and Decision-making,1.481,1974
American Samoa,ASM,Norms and Decision-making,0.000,1975
American Samoa,ASM,Norms and Decision-making,0.000,1976
American Samoa,ASM,Norms and Decision-making,0.000,1977
American Samoa,ASM,Norms and Decision-making,0.000,1978
American Samoa,ASM,Norms and Decision-making,0.000,1979
American Samoa,ASM,Norms and Decision-making,0.000,1980
American Samoa,ASM,Norms and Decision-making,0.000,1981
American Samoa,ASM,Norms and Decision-making,0.000,1982
American Samoa,ASM,Norms and Decision-making,0.000,1983
American Samoa,ASM,Norms and Decision-making,0.000,1984
American Samoa,ASM,Norms and Decision-making,0.000,1985
American Samoa,ASM,Norms and Decision-making,0.000,1986
American Samoa,ASM,Norms and Decision-making,0.000,1987
American Samoa,ASM,Norms and Decision-making,0.000,1988
American Samoa,ASM,Norms and Decision-making,0.000,1989
American Samoa,ASM,Norms and Decision-making,1.481,1990
American Samoa,ASM,Norms and Decision-making,0.000,1991
American Samoa,ASM,Norms and Decision-making,0.000,1992
American Samoa,ASM,Norms and Decision-making,0.000,1993
American Samoa,ASM,Norms and Decision-making,0.000,1994
American Samoa,ASM,Norms and Decision-making,0.000,1995
American Samoa,ASM,Norms and Decision-making,0.000,1996
American Samoa,ASM,Norms and Decision-making,0.000,1997
American Samoa,ASM,Norms and Decision-making,0.000,1998
American Samoa,ASM,Norms and Decision-making,0.000,1999
American Samoa,ASM,Norms and Decision-making,0.000,2000
American Samoa,ASM,Norms and Decision-making,0.000,2001
American Samoa,ASM,Norms and Decision-making,0.000,2002
American Samoa,ASM,Norms and Decision-making,0.000,2003
American Samoa,ASM,Norms and Decision-making,0.000,2004
American Samoa,ASM,Norms and Decision-making,0.000,2005
American Samoa,ASM,Norms and Decision-making,0.000,2006
American Samoa,ASM,Norms and Decision-making,0.000,2007
American Samoa,ASM,Norms and Decision-making,0.000,2008
American Samoa,ASM,Norms and Decision-making,0.000,2009
American Samoa,ASM,Norms and Decision-making,0.000,2010
American Samoa,ASM,Norms and Decision-making,0.000,2011
American Samoa,ASM,Norms and Decision-making,0.000,2012
American Samoa,ASM,Norms and Decision-making,0.000,2013
American Samoa,ASM,Norms and Decision-making,0.000,2014
American Samoa,ASM,Norms and Decision-making,0.000,2015
American Samoa,ASM,Norms and Decision-making,0.000,2016
American Samoa,ASM,Norms and Decision-making,0.000,2017
American Samoa,ASM,Norms and Decision-making,0.000,2018
American Samoa,ASM,Norms and Decision-making,0.000,2019
American Samoa,ASM,Norms and Decision-making,0.000,2020
American Samoa,ASM,Norms and Decision-making,0.000,2021
American Samoa,ASM,Norms and Decision-making,0.000,2022
American Samoa,ASM,Norms and Decision-making,0.000,2023
American Samoa,ASM,Population,80.952,1960
American Samoa,ASM,Population,80.952,1961
American Samoa,ASM,Population,80.952,1962
American Samoa,ASM,Population,80.952,1963
American Samoa,ASM,Population,80.952,1964
American Samoa,ASM,Population,80.952,1965
American Samoa,ASM,Population,80.952,1966
American Samoa,ASM,Population,80.952,1967
American Samoa,ASM,Population,80.952,1968
American Samoa,ASM,Population,80.952,1969
American Samoa,ASM,Population,80.952,1970
American Samoa,ASM,Population,80.952,1971
American Samoa,ASM,Population,80.952,1972
American Samoa,ASM,Population,80.952,1973
American Samoa,ASM,Population,83.333,1974
American Samoa,ASM,Population,80.952,1975
American Samoa,ASM,Population,80.952,1976
American Samoa,ASM,Population,80.952,1977
American Samoa,ASM,Population,80.952,1978
American Samoa,ASM,Population,80.952,1979
American Samoa,ASM,Population,80.952,1980
American Samoa,ASM,Population,80.952,1981
American Samoa,ASM,Population,80.952,1982
American Samoa,ASM,Population,80.952,1983
American Samoa,ASM,Population,80.952,1984
American Samoa,ASM,Population,80.952,1985
American Samoa,ASM,Population,80.952,1986
American Samoa,ASM,Population,80.952,1987
American Samoa,ASM,Population,80.952,1988
American Samoa,ASM,Population,80.952,1989
American Samoa,ASM,Population,84.524,1990
American Samoa,ASM,Population,80.952,1991
American Samoa,ASM,Population,80.952,1992
American Samoa,ASM,Population,80.952,1993
American Samoa,ASM,Population,80.952,1994
American Samoa,ASM,Population,82.143,1995
American Samoa,ASM,Population,80.952,1996
American Samoa,ASM,Population,80.952,1997
American Samoa,ASM,Population,80.952,1998
American Samoa,ASM,Population,80.952,1999
American Samoa,ASM,Population,82.143,2000
American Samoa,ASM,Population,80.952,2001
American Samoa,ASM,Population,80.952,2002
American Samoa,ASM,Population,80.952,2003
American Samoa,ASM,Population,80.952,2004
American Samoa,ASM,Population,82.143,2005
American Samoa,ASM,Population,82.143,2006
American Samoa,ASM,Population,80.952,2007
American Samoa,ASM,Population,80.952,2008
American Samoa,ASM,Population,80.952,2009
American Samoa,ASM,Population,83.333,2010
American Samoa,ASM,Population,80.952,2011
American Samoa,ASM,Population,80.952,2012
American Samoa,ASM,Population,80.952,2013
American Samoa,ASM,Population,82.143,2014
American Samoa,ASM,Population,82.143,2015
American Samoa,ASM,Population,80.952,2016
American Samoa,ASM,Population,82.143,2017
American Samoa,ASM,Population,80.952,2018
American Samoa,ASM,Population,80.952,2019
American Samoa,ASM,Population,83.333,2020
American Samoa,ASM,Population,80.952,2021
American Samoa,ASM,Population,82.143,2022
American Samoa,ASM,Population,77.381,2023
American Samoa,ASM,SDGs,0.671,1960
American Samoa,ASM,SDGs,0.671,1961
American Samoa,ASM,SDGs,0.671,1962
American Samoa,ASM,SDGs,0.671,1963
American Samoa,ASM,SDGs,0.671,1964
American Samoa,ASM,SDGs,0.671,1965
American Samoa,ASM,SDGs,0.671,1966
American Samoa,ASM,SDGs,0.671,1967
American Samoa,ASM,SDGs,0.671,1968
American Samoa,ASM,SDGs,0.671,1969
American Samoa,ASM,SDGs,0.671,1970
American Samoa,ASM,SDGs,0.671,1971
American Samoa,ASM,SDGs,0.671,1972
American Samoa,ASM,SDGs,0.671,1973
American Samoa,ASM,SDGs,1.342,1974
American Samoa,ASM,SDGs,1.342,1975
American Samoa,ASM,SDGs,1.342,1976
American Samoa,ASM,SDGs,1.342,1977
American Samoa,ASM,SDGs,1.342,1978
American Samoa,ASM,SDGs,1.342,1979
American Samoa,ASM,SDGs,1.342,1980
American Samoa,ASM,SDGs,1.342,1981
American Samoa,ASM,SDGs,1.342,1982
American Samoa,ASM,SDGs,1.342,1983
American Samoa,ASM,SDGs,1.342,1984
American Samoa,ASM,SDGs,1.342,1985
American Samoa,ASM,SDGs,1.342,1986
American Samoa,ASM,SDGs,0.671,1987
American Samoa,ASM,SDGs,0.671,1988
American Samoa,ASM,SDGs,0.671,1989
American Samoa,ASM,SDGs,4.698,1990
American Samoa,ASM,SDGs,0.671,1991
American Samoa,ASM,SDGs,0.671,1992
American Samoa,ASM,SDGs,0.671,1993
American Samoa,ASM,SDGs,0.671,1994
American Samoa,ASM,SDGs,0.671,1995
American Samoa,ASM,SDGs,0.671,1996
American Samoa,ASM,SDGs,0.671,1997
American Samoa,ASM,SDGs,0.671,1998
American Samoa,ASM,SDGs,0.671,1999
American Samoa,ASM,SDGs,3.356,2000
American Samoa,ASM,SDGs,1.342,2001
American Samoa,ASM,SDGs,2.013,2002
American Samoa,ASM,SDGs,1.342,2003
American Samoa,ASM,SDGs,1.342,2004
American Samoa,ASM,SDGs,2.013,2005
American Samoa,ASM,SDGs,1.342,2006
American Samoa,ASM,SDGs,1.342,2007
American Samoa,ASM,SDGs,1.342,2008
American Samoa,ASM,SDGs,1.342,2009
American Samoa,ASM,SDGs,2.013,2010
American Samoa,ASM,SDGs,1.342,2011
American Samoa,ASM,SDGs,1.342,2012
American Samoa,ASM,SDGs,1.342,2013
American Samoa,ASM,SDGs,1.342,2014
American Samoa,ASM,SDGs,1.342,2015
American Samoa,ASM,SDGs,1.342,2016
American Samoa,ASM,SDGs,1.342,2017
American Samoa,ASM,SDGs,1.342,2018
American Samoa,ASM,SDGs,1.342,2019
American Samoa,ASM,SDGs,1.342,2020
American Samoa,ASM,SDGs,1.342,2021
American Samoa,ASM,SDGs,0.671,2022
American Samoa,ASM,SDGs,0.000,2023
American Samoa,ASM,Technology,0.000,1960
American Samoa,ASM,Technology,0.000,1961
American Samoa,ASM,Technology,0.000,1962
American Samoa,ASM,Technology,0.000,1963
American Samoa,ASM,Technology,0.000,1964
American Samoa,ASM,Technology,0.000,1965
American Samoa,ASM,Technology,0.000,1966
American Samoa,ASM,Technology,0.000,1967
American Samoa,ASM,Technology,0.000,1968
American Samoa,ASM,Technology,0.000,1969
American Samoa,ASM,Technology,0.000,1970
American Samoa,ASM,Technology,0.000,1971
American Samoa,ASM,Technology,0.000,1972
American Samoa,ASM,Technology,0.000,1973
American Samoa,ASM,Technology,0.000,1974
American Samoa,ASM,Technology,0.000,1975
American Samoa,ASM,Technology,0.000,1976
American Samoa,ASM,Technology,0.000,1977
American Samoa,ASM,Technology,0.000,1978
American Samoa,ASM,Technology,0.000,1979
American Samoa,ASM,Technology,0.000,1980
American Samoa,ASM,Technology,0.000,1981
American Samoa,ASM,Technology,0.000,1982
American Samoa,ASM,Technology,0.000,1983
American Samoa,ASM,Technology,0.000,1984
American Samoa,ASM,Technology,0.000,1985
American Samoa,ASM,Technology,0.000,1986
American Samoa,ASM,Technology,0.000,1987
American Samoa,ASM,Technology,0.000,1988
American Samoa,ASM,Technology,0.000,1989
American Samoa,ASM,Technology,2.222,1990
American Samoa,ASM,Technology,2.222,1991
American Samoa,ASM,Technology,2.222,1992
American Samoa,ASM,Technology,2.222,1993
American Samoa,ASM,Technology,2.222,1994
American Samoa,ASM,Technology,2.222,1995
American Samoa,ASM,Technology,0.000,1996
American Samoa,ASM,Technology,0.000,1997
American Samoa,ASM,Technology,0.000,1998
American Samoa,ASM,Technology,0.000,1999
American Samoa,ASM,Technology,0.000,2000
American Samoa,ASM,Technology,0.000,2001
American Samoa,ASM,Technology,0.000,2002
American Samoa,ASM,Technology,0.000,2003
American Samoa,ASM,Technology,0.000,2004
American Samoa,ASM,Technology,0.000,2005
American Samoa,ASM,Technology,0.000,2006
American Samoa,ASM,Technology,4.444,2007
American Samoa,ASM,Technology,0.000,2008
American Samoa,ASM,Technology,0.000,2009
American Samoa,ASM,Technology,0.000,2010
American Samoa,ASM,Technology,0.000,2011
American Samoa,ASM,Technology,0.000,2012
American Samoa,ASM,Technology,0.000,2013
American Samoa,ASM,Technology,0.000,2014
American Samoa,ASM,Technology,0.000,2015
American Samoa,ASM,Technology,0.000,2016
American Samoa,ASM,Technology,0.000,2017
American Samoa,ASM,Technology,0.000,2018
American Samoa,ASM,Technology,0.000,2019
American Samoa,ASM,Technology,0.000,2020
American Samoa,ASM,Technology,0.000,2021
American Samoa,ASM,Technology,0.000,2022
American Samoa,ASM,Technology,0.000,2023
American Samoa,ASM,Violence,0.000,1960
American Samoa,ASM,Violence,0.000,1961
American Samoa,ASM,Violence,0.000,1962
American Samoa,ASM,Violence,0.000,1963
American Samoa,ASM,Violence,0.000,1964
American Samoa,ASM,Violence,0.000,1965
American Samoa,ASM,Violence,0.000,1966
American Samoa,ASM,Violence,0.000,1967
American Samoa,ASM,Violence,0.000,1968
American Samoa,ASM,Violence,0.000,1969
American Samoa,ASM,Violence,0.000,1970
American Samoa,ASM,Violence,0.000,1971
American Samoa,ASM,Violence,0.000,1972
American Samoa,ASM,Violence,0.000,1973
American Samoa,ASM,Violence,0.000,1974
American Samoa,ASM,Violence,0.000,1975
American Samoa,ASM,Violence,0.000,1976
American Samoa,ASM,Violence,0.000,1977
American Samoa,ASM,Violence,0.000,1978
American Samoa,ASM,Violence,0.000,1979
American Samoa,ASM,Violence,0.000,1980
American Samoa,ASM,Violence,0.000,1981
American Samoa,ASM,Violence,0.000,1982
American Samoa,ASM,Violence,0.000,1983
American Samoa,ASM,Violence,0.000,1984
American Samoa,ASM,Violence,0.000,1985
American Samoa,ASM,Violence,0.000,1986
American Samoa,ASM,Violence,0.000,1987
American Samoa,ASM,Violence,0.000,1988
American Samoa,ASM,Violence,0.000,1989
American Samoa,ASM,Violence,0.000,1990
American Samoa,ASM,Violence,0.000,1991
American Samoa,ASM,Violence,0.000,1992
American Samoa,ASM,Violence,0.000,1993
American Samoa,ASM,Violence,0.000,1994
American Samoa,ASM,Violence,0.000,1995
American Samoa,ASM,Violence,0.000,1996
American Samoa,ASM,Violence,0.000,1997
American Samoa,ASM,Violence,0.000,1998
American Samoa,ASM,Violence,0.000,1999
American Samoa,ASM,Violence,0.000,2000
American Samoa,ASM,Violence,0.714,2001
American Samoa,ASM,Violence,0.714,2002
American Samoa,ASM,Violence,0.714,2003
American Samoa,ASM,Violence,0.714,2004
American Samoa,ASM,Violence,0.714,2005
American Samoa,ASM,Violence,0.714,2006
American Samoa,ASM,Violence,0.714,2007
American Samoa,ASM,Violence,0.714,2008
American Samoa,ASM,Violence,0.714,2009
American Samoa,ASM,Violence,0.714,2010
American Samoa,ASM,Violence,0.714,2011
American Samoa,ASM,Violence,0.714,2012
American Samoa,ASM,Violence,0.714,2013
American Samoa,ASM,Violence,0.714,2014
American Samoa,ASM,Violence,0.714,2015
American Samoa,ASM,Violence,2.143,2016
American Samoa,ASM,Violence,2.143,2017
American Samoa,ASM,Violence,2.143,2018
American Samoa,ASM,Violence,2.143,2019
American Samoa,ASM,Violence,0.000,2020
American Samoa,ASM,Violence,0.000,2021
American Samoa,ASM,Violence,0.000,2022
American Samoa,ASM,Violence,0.000,2023
American Samoa,ASM,Youth 15-24,7.339,1960
American Samoa,ASM,Youth 15-24,4.587,1961
American Samoa,ASM,Youth 15-24,4.587,1962
American Samoa,ASM,Youth 15-24,4.587,1963
American Samoa,ASM,Youth 15-24,4.587,1964
American Samoa,ASM,Youth 15-24,4.587,1965
American Samoa,ASM,Youth 15-24,4.587,1966
American Samoa,ASM,Youth 15-24,4.587,1967
American Samoa,ASM,Youth 15-24,4.587,1968
American Samoa,ASM,Youth 15-24,4.587,1969
American Samoa,ASM,Youth 15-24,4.587,1970
American Samoa,ASM,Youth 15-24,7.339,1971
American Samoa,ASM,Youth 15-24,9.174,1972
American Samoa,ASM,Youth 15-24,9.174,1973
American Samoa,ASM,Youth 15-24,17.431,1974
American Samoa,ASM,Youth 15-24,9.174,1975
American Samoa,ASM,Youth 15-24,8.257,1976
American Samoa,ASM,Youth 15-24,9.174,1977
American Samoa,ASM,Youth 15-24,9.174,1978
American Samoa,ASM,Youth 15-24,9.174,1979
American Samoa,ASM,Youth 15-24,24.771,1980
American Samoa,ASM,Youth 15-24,8.257,1981
American Samoa,ASM,Youth 15-24,9.174,1982
American Samoa,ASM,Youth 15-24,9.174,1983
American Samoa,ASM,Youth 15-24,9.174,1984
American Samoa,ASM,Youth 15-24,9.174,1985
American Samoa,ASM,Youth 15-24,9.174,1986
American Samoa,ASM,Youth 15-24,10.092,1987
American Samoa,ASM,Youth 15-24,10.092,1988
American Samoa,ASM,Youth 15-24,18.349,1989
American Samoa,ASM,Youth 15-24,23.853,1990
American Samoa,ASM,Youth 15-24,14.679,1991
American Samoa,ASM,Youth 15-24,14.679,1992
American Samoa,ASM,Youth 15-24,6.422,1993
American Samoa,ASM,Youth 15-24,6.422,1994
American Samoa,ASM,Youth 15-24,6.422,1995
American Samoa,ASM,Youth 15-24,6.422,1996
American Samoa,ASM,Youth 15-24,6.422,1997
American Samoa,ASM,Youth 15-24,4.587,1998
American Samoa,ASM,Youth 15-24,4.587,1999
American Samoa,ASM,Youth 15-24,4.587,2000
American Samoa,ASM,Youth 15-24,4.587,2001
American Samoa,ASM,Youth 15-24,4.587,2002
American Samoa,ASM,Youth 15-24,4.587,2003
American Samoa,ASM,Youth 15-24,4.587,2004
American Samoa,ASM,Youth 15-24,4.587,2005
American Samoa,ASM,Youth 15-24,4.587,2006
American Samoa,ASM,Youth 15-24,11.927,2007
American Samoa,ASM,Youth 15-24,4.587,2008
American Samoa,ASM,Youth 15-24,4.587,2009
American Samoa,ASM,Youth 15-24,4.587,2010
American Samoa,ASM,Youth 15-24,4.587,2011
American Samoa,ASM,Youth 15-24,4.587,2012
American Samoa,ASM,Youth 15-24,4.587,2013
American Samoa,ASM,Youth 15-24,4.587,2014
American Samoa,ASM,Youth 15-24,4.587,2015
American Samoa,ASM,Youth 15-24,4.587,2016
American Samoa,ASM,Youth 15-24,4.587,2017
American Samoa,ASM,Youth 15-24,4.587,2018
American Samoa,ASM,Youth 15-24,4.587,2019
American Samoa,ASM,Youth 15-24,4.587,2020
American Samoa,ASM,Youth 15-24,4.587,2021
American Samoa,ASM,Youth 15-24,4.587,2022
American Samoa,ASM,Youth 15-24,3.670,2023
