Country Name,Country Code,Topic,% of available indicators,Year
Armenia,ARM,Assets,0.000,1960
Armenia,ARM,Assets,0.000,1961
Armenia,ARM,Assets,0.000,1962
Armenia,ARM,Assets,0.000,1963
Armenia,ARM,Assets,0.000,1964
Armenia,ARM,Assets,0.000,1965
Armenia,ARM,Assets,0.000,1966
Armenia,ARM,Assets,0.000,1967
Armenia,ARM,Assets,0.000,1968
Armenia,ARM,Assets,0.000,1969
Armenia,ARM,Assets,2.208,1970
Armenia,ARM,Assets,2.208,1971
Armenia,ARM,Assets,2.208,1972
Armenia,ARM,Assets,2.208,1973
Armenia,ARM,Assets,2.208,1974
Armenia,ARM,Assets,2.208,1975
Armenia,ARM,Assets,2.208,1976
Armenia,ARM,Assets,2.208,1977
Armenia,ARM,Assets,2.208,1978
Armenia,ARM,Assets,2.208,1979
Armenia,ARM,Assets,2.208,1980
Armenia,ARM,Assets,2.208,1981
Armenia,ARM,Assets,2.208,1982
Armenia,ARM,Assets,2.208,1983
Armenia,ARM,Assets,2.208,1984
Armenia,ARM,Assets,2.208,1985
Armenia,ARM,Assets,2.208,1986
Armenia,ARM,Assets,2.208,1987
Armenia,ARM,Assets,2.208,1988
Armenia,ARM,Assets,2.208,1989
Armenia,ARM,Assets,2.208,1990
Armenia,ARM,Assets,2.208,1991
Armenia,ARM,Assets,2.208,1992
Armenia,ARM,Assets,2.208,1993
Armenia,ARM,Assets,2.208,1994
Armenia,ARM,Assets,2.208,1995
Armenia,ARM,Assets,2.208,1996
Armenia,ARM,Assets,2.208,1997
Armenia,ARM,Assets,2.208,1998
Armenia,ARM,Assets,2.208,1999
Armenia,ARM,Assets,2.208,2000
Armenia,ARM,Assets,2.208,2001
Armenia,ARM,Assets,2.208,2002
Armenia,ARM,Assets,2.208,2003
Armenia,ARM,Assets,2.208,2004
Armenia,ARM,Assets,2.208,2005
Armenia,ARM,Assets,2.208,2006
Armenia,ARM,Assets,2.208,2007
Armenia,ARM,Assets,2.208,2008
Armenia,ARM,Assets,2.208,2009
Armenia,ARM,Assets,32.492,2010
Armenia,ARM,Assets,11.672,2011
Armenia,ARM,Assets,2.208,2012
Armenia,ARM,Assets,2.208,2013
Armenia,ARM,Assets,31.546,2014
Armenia,ARM,Assets,2.208,2015
Armenia,ARM,Assets,32.492,2016
Armenia,ARM,Assets,33.438,2017
Armenia,ARM,Assets,2.208,2018
Armenia,ARM,Assets,2.208,2019
Armenia,ARM,Assets,2.208,2020
Armenia,ARM,Assets,63.091,2021
Armenia,ARM,Assets,2.208,2022
Armenia,ARM,Assets,2.208,2023
Armenia,ARM,Children 0-14,10.769,1960
Armenia,ARM,Children 0-14,10.769,1961
Armenia,ARM,Children 0-14,10.769,1962
Armenia,ARM,Children 0-14,10.769,1963
Armenia,ARM,Children 0-14,10.769,1964
Armenia,ARM,Children 0-14,10.769,1965
Armenia,ARM,Children 0-14,10.769,1966
Armenia,ARM,Children 0-14,10.769,1967
Armenia,ARM,Children 0-14,10.769,1968
Armenia,ARM,Children 0-14,10.769,1969
Armenia,ARM,Children 0-14,10.769,1970
Armenia,ARM,Children 0-14,10.769,1971
Armenia,ARM,Children 0-14,10.769,1972
Armenia,ARM,Children 0-14,10.769,1973
Armenia,ARM,Children 0-14,10.769,1974
Armenia,ARM,Children 0-14,10.769,1975
Armenia,ARM,Children 0-14,15.385,1976
Armenia,ARM,Children 0-14,17.692,1977
Armenia,ARM,Children 0-14,17.692,1978
Armenia,ARM,Children 0-14,17.692,1979
Armenia,ARM,Children 0-14,18.462,1980
Armenia,ARM,Children 0-14,19.231,1981
Armenia,ARM,Children 0-14,19.231,1982
Armenia,ARM,Children 0-14,19.231,1983
Armenia,ARM,Children 0-14,19.231,1984
Armenia,ARM,Children 0-14,19.231,1985
Armenia,ARM,Children 0-14,20.000,1986
Armenia,ARM,Children 0-14,20.000,1987
Armenia,ARM,Children 0-14,20.000,1988
Armenia,ARM,Children 0-14,20.000,1989
Armenia,ARM,Children 0-14,20.000,1990
Armenia,ARM,Children 0-14,23.846,1991
Armenia,ARM,Children 0-14,25.385,1992
Armenia,ARM,Children 0-14,25.385,1993
Armenia,ARM,Children 0-14,27.692,1994
Armenia,ARM,Children 0-14,26.154,1995
Armenia,ARM,Children 0-14,26.154,1996
Armenia,ARM,Children 0-14,26.923,1997
Armenia,ARM,Children 0-14,33.846,1998
Armenia,ARM,Children 0-14,25.385,1999
Armenia,ARM,Children 0-14,53.846,2000
Armenia,ARM,Children 0-14,29.231,2001
Armenia,ARM,Children 0-14,40.000,2002
Armenia,ARM,Children 0-14,46.154,2003
Armenia,ARM,Children 0-14,32.308,2004
Armenia,ARM,Children 0-14,54.615,2005
Armenia,ARM,Children 0-14,37.692,2006
Armenia,ARM,Children 0-14,45.385,2007
Armenia,ARM,Children 0-14,32.308,2008
Armenia,ARM,Children 0-14,30.000,2009
Armenia,ARM,Children 0-14,73.846,2010
Armenia,ARM,Children 0-14,48.462,2011
Armenia,ARM,Children 0-14,40.000,2012
Armenia,ARM,Children 0-14,37.692,2013
Armenia,ARM,Children 0-14,44.615,2014
Armenia,ARM,Children 0-14,65.385,2015
Armenia,ARM,Children 0-14,66.923,2016
Armenia,ARM,Children 0-14,52.308,2017
Armenia,ARM,Children 0-14,52.308,2018
Armenia,ARM,Children 0-14,54.615,2019
Armenia,ARM,Children 0-14,43.077,2020
Armenia,ARM,Children 0-14,38.462,2021
Armenia,ARM,Children 0-14,35.385,2022
Armenia,ARM,Children 0-14,19.231,2023
Armenia,ARM,Education,0.000,1960
Armenia,ARM,Education,0.000,1961
Armenia,ARM,Education,0.000,1962
Armenia,ARM,Education,0.000,1963
Armenia,ARM,Education,0.000,1964
Armenia,ARM,Education,0.000,1965
Armenia,ARM,Education,0.000,1966
Armenia,ARM,Education,0.000,1967
Armenia,ARM,Education,0.000,1968
Armenia,ARM,Education,0.000,1969
Armenia,ARM,Education,0.000,1970
Armenia,ARM,Education,0.000,1971
Armenia,ARM,Education,0.000,1972
Armenia,ARM,Education,0.000,1973
Armenia,ARM,Education,0.000,1974
Armenia,ARM,Education,0.000,1975
Armenia,ARM,Education,0.000,1976
Armenia,ARM,Education,0.000,1977
Armenia,ARM,Education,0.000,1978
Armenia,ARM,Education,0.000,1979
Armenia,ARM,Education,0.613,1980
Armenia,ARM,Education,0.000,1981
Armenia,ARM,Education,0.000,1982
Armenia,ARM,Education,0.000,1983
Armenia,ARM,Education,0.000,1984
Armenia,ARM,Education,0.000,1985
Armenia,ARM,Education,1.227,1986
Armenia,ARM,Education,0.613,1987
Armenia,ARM,Education,1.227,1988
Armenia,ARM,Education,7.975,1989
Armenia,ARM,Education,1.227,1990
Armenia,ARM,Education,6.748,1991
Armenia,ARM,Education,5.521,1992
Armenia,ARM,Education,5.521,1993
Armenia,ARM,Education,9.816,1994
Armenia,ARM,Education,4.908,1995
Armenia,ARM,Education,9.202,1996
Armenia,ARM,Education,7.975,1997
Armenia,ARM,Education,4.908,1998
Armenia,ARM,Education,8.589,1999
Armenia,ARM,Education,20.245,2000
Armenia,ARM,Education,28.221,2001
Armenia,ARM,Education,23.313,2002
Armenia,ARM,Education,28.221,2003
Armenia,ARM,Education,20.245,2004
Armenia,ARM,Education,25.153,2005
Armenia,ARM,Education,25.153,2006
Armenia,ARM,Education,43.558,2007
Armenia,ARM,Education,30.675,2008
Armenia,ARM,Education,28.834,2009
Armenia,ARM,Education,53.374,2010
Armenia,ARM,Education,63.190,2011
Armenia,ARM,Education,34.969,2012
Armenia,ARM,Education,50.307,2013
Armenia,ARM,Education,55.215,2014
Armenia,ARM,Education,60.736,2015
Armenia,ARM,Education,47.239,2016
Armenia,ARM,Education,66.258,2017
Armenia,ARM,Education,70.552,2018
Armenia,ARM,Education,42.945,2019
Armenia,ARM,Education,54.601,2020
Armenia,ARM,Education,39.264,2021
Armenia,ARM,Education,31.902,2022
Armenia,ARM,Education,19.018,2023
Armenia,ARM,Employment and Time Use,0.000,1960
Armenia,ARM,Employment and Time Use,0.000,1961
Armenia,ARM,Employment and Time Use,0.000,1962
Armenia,ARM,Employment and Time Use,0.000,1963
Armenia,ARM,Employment and Time Use,0.000,1964
Armenia,ARM,Employment and Time Use,0.000,1965
Armenia,ARM,Employment and Time Use,0.000,1966
Armenia,ARM,Employment and Time Use,0.000,1967
Armenia,ARM,Employment and Time Use,0.000,1968
Armenia,ARM,Employment and Time Use,0.000,1969
Armenia,ARM,Employment and Time Use,21.168,1970
Armenia,ARM,Employment and Time Use,21.168,1971
Armenia,ARM,Employment and Time Use,21.168,1972
Armenia,ARM,Employment and Time Use,21.168,1973
Armenia,ARM,Employment and Time Use,21.168,1974
Armenia,ARM,Employment and Time Use,21.168,1975
Armenia,ARM,Employment and Time Use,21.168,1976
Armenia,ARM,Employment and Time Use,21.168,1977
Armenia,ARM,Employment and Time Use,21.168,1978
Armenia,ARM,Employment and Time Use,21.168,1979
Armenia,ARM,Employment and Time Use,21.168,1980
Armenia,ARM,Employment and Time Use,21.168,1981
Armenia,ARM,Employment and Time Use,21.168,1982
Armenia,ARM,Employment and Time Use,21.168,1983
Armenia,ARM,Employment and Time Use,21.168,1984
Armenia,ARM,Employment and Time Use,21.168,1985
Armenia,ARM,Employment and Time Use,21.168,1986
Armenia,ARM,Employment and Time Use,21.168,1987
Armenia,ARM,Employment and Time Use,21.168,1988
Armenia,ARM,Employment and Time Use,21.168,1989
Armenia,ARM,Employment and Time Use,31.387,1990
Armenia,ARM,Employment and Time Use,56.204,1991
Armenia,ARM,Employment and Time Use,58.394,1992
Armenia,ARM,Employment and Time Use,58.394,1993
Armenia,ARM,Employment and Time Use,58.394,1994
Armenia,ARM,Employment and Time Use,58.394,1995
Armenia,ARM,Employment and Time Use,58.394,1996
Armenia,ARM,Employment and Time Use,63.504,1997
Armenia,ARM,Employment and Time Use,58.394,1998
Armenia,ARM,Employment and Time Use,58.394,1999
Armenia,ARM,Employment and Time Use,61.314,2000
Armenia,ARM,Employment and Time Use,56.204,2001
Armenia,ARM,Employment and Time Use,56.204,2002
Armenia,ARM,Employment and Time Use,56.204,2003
Armenia,ARM,Employment and Time Use,57.664,2004
Armenia,ARM,Employment and Time Use,56.204,2005
Armenia,ARM,Employment and Time Use,56.204,2006
Armenia,ARM,Employment and Time Use,88.321,2007
Armenia,ARM,Employment and Time Use,91.241,2008
Armenia,ARM,Employment and Time Use,87.591,2009
Armenia,ARM,Employment and Time Use,88.321,2010
Armenia,ARM,Employment and Time Use,91.241,2011
Armenia,ARM,Employment and Time Use,91.241,2012
Armenia,ARM,Employment and Time Use,91.241,2013
Armenia,ARM,Employment and Time Use,91.241,2014
Armenia,ARM,Employment and Time Use,91.241,2015
Armenia,ARM,Employment and Time Use,91.241,2016
Armenia,ARM,Employment and Time Use,91.241,2017
Armenia,ARM,Employment and Time Use,89.781,2018
Armenia,ARM,Employment and Time Use,86.131,2019
Armenia,ARM,Employment and Time Use,86.131,2020
Armenia,ARM,Employment and Time Use,86.131,2021
Armenia,ARM,Employment and Time Use,56.204,2022
Armenia,ARM,Employment and Time Use,59.124,2023
Armenia,ARM,Entrepreneurship,0.000,1960
Armenia,ARM,Entrepreneurship,0.000,1961
Armenia,ARM,Entrepreneurship,0.000,1962
Armenia,ARM,Entrepreneurship,0.000,1963
Armenia,ARM,Entrepreneurship,0.000,1964
Armenia,ARM,Entrepreneurship,0.000,1965
Armenia,ARM,Entrepreneurship,0.000,1966
Armenia,ARM,Entrepreneurship,0.000,1967
Armenia,ARM,Entrepreneurship,0.000,1968
Armenia,ARM,Entrepreneurship,0.000,1969
Armenia,ARM,Entrepreneurship,9.375,1970
Armenia,ARM,Entrepreneurship,9.375,1971
Armenia,ARM,Entrepreneurship,9.375,1972
Armenia,ARM,Entrepreneurship,9.375,1973
Armenia,ARM,Entrepreneurship,9.375,1974
Armenia,ARM,Entrepreneurship,9.375,1975
Armenia,ARM,Entrepreneurship,9.375,1976
Armenia,ARM,Entrepreneurship,9.375,1977
Armenia,ARM,Entrepreneurship,9.375,1978
Armenia,ARM,Entrepreneurship,9.375,1979
Armenia,ARM,Entrepreneurship,9.375,1980
Armenia,ARM,Entrepreneurship,9.375,1981
Armenia,ARM,Entrepreneurship,9.375,1982
Armenia,ARM,Entrepreneurship,9.375,1983
Armenia,ARM,Entrepreneurship,9.375,1984
Armenia,ARM,Entrepreneurship,9.375,1985
Armenia,ARM,Entrepreneurship,9.375,1986
Armenia,ARM,Entrepreneurship,9.375,1987
Armenia,ARM,Entrepreneurship,9.375,1988
Armenia,ARM,Entrepreneurship,9.375,1989
Armenia,ARM,Entrepreneurship,9.375,1990
Armenia,ARM,Entrepreneurship,9.375,1991
Armenia,ARM,Entrepreneurship,9.375,1992
Armenia,ARM,Entrepreneurship,9.375,1993
Armenia,ARM,Entrepreneurship,9.375,1994
Armenia,ARM,Entrepreneurship,9.375,1995
Armenia,ARM,Entrepreneurship,9.375,1996
Armenia,ARM,Entrepreneurship,9.375,1997
Armenia,ARM,Entrepreneurship,9.375,1998
Armenia,ARM,Entrepreneurship,9.375,1999
Armenia,ARM,Entrepreneurship,9.375,2000
Armenia,ARM,Entrepreneurship,9.375,2001
Armenia,ARM,Entrepreneurship,9.375,2002
Armenia,ARM,Entrepreneurship,37.500,2003
Armenia,ARM,Entrepreneurship,37.500,2004
Armenia,ARM,Entrepreneurship,40.625,2005
Armenia,ARM,Entrepreneurship,37.500,2006
Armenia,ARM,Entrepreneurship,37.500,2007
Armenia,ARM,Entrepreneurship,37.500,2008
Armenia,ARM,Entrepreneurship,43.750,2009
Armenia,ARM,Entrepreneurship,37.500,2010
Armenia,ARM,Entrepreneurship,37.500,2011
Armenia,ARM,Entrepreneurship,37.500,2012
Armenia,ARM,Entrepreneurship,43.750,2013
Armenia,ARM,Entrepreneurship,56.250,2014
Armenia,ARM,Entrepreneurship,37.500,2015
Armenia,ARM,Entrepreneurship,37.500,2016
Armenia,ARM,Entrepreneurship,56.250,2017
Armenia,ARM,Entrepreneurship,37.500,2018
Armenia,ARM,Entrepreneurship,37.500,2019
Armenia,ARM,Entrepreneurship,15.625,2020
Armenia,ARM,Entrepreneurship,9.375,2021
Armenia,ARM,Entrepreneurship,9.375,2022
Armenia,ARM,Entrepreneurship,9.375,2023
Armenia,ARM,Environment,0.000,1960
Armenia,ARM,Environment,0.000,1961
Armenia,ARM,Environment,0.000,1962
Armenia,ARM,Environment,0.000,1963
Armenia,ARM,Environment,0.000,1964
Armenia,ARM,Environment,0.000,1965
Armenia,ARM,Environment,0.000,1966
Armenia,ARM,Environment,0.000,1967
Armenia,ARM,Environment,0.000,1968
Armenia,ARM,Environment,0.000,1969
Armenia,ARM,Environment,0.000,1970
Armenia,ARM,Environment,0.000,1971
Armenia,ARM,Environment,0.000,1972
Armenia,ARM,Environment,0.000,1973
Armenia,ARM,Environment,0.000,1974
Armenia,ARM,Environment,0.000,1975
Armenia,ARM,Environment,0.000,1976
Armenia,ARM,Environment,0.000,1977
Armenia,ARM,Environment,0.000,1978
Armenia,ARM,Environment,0.000,1979
Armenia,ARM,Environment,0.000,1980
Armenia,ARM,Environment,0.000,1981
Armenia,ARM,Environment,0.000,1982
Armenia,ARM,Environment,0.000,1983
Armenia,ARM,Environment,0.000,1984
Armenia,ARM,Environment,0.000,1985
Armenia,ARM,Environment,0.000,1986
Armenia,ARM,Environment,0.000,1987
Armenia,ARM,Environment,0.000,1988
Armenia,ARM,Environment,0.000,1989
Armenia,ARM,Environment,0.000,1990
Armenia,ARM,Environment,0.000,1991
Armenia,ARM,Environment,0.000,1992
Armenia,ARM,Environment,0.000,1993
Armenia,ARM,Environment,0.000,1994
Armenia,ARM,Environment,0.000,1995
Armenia,ARM,Environment,0.000,1996
Armenia,ARM,Environment,0.000,1997
Armenia,ARM,Environment,0.000,1998
Armenia,ARM,Environment,0.000,1999
Armenia,ARM,Environment,36.667,2000
Armenia,ARM,Environment,10.000,2001
Armenia,ARM,Environment,10.000,2002
Armenia,ARM,Environment,10.000,2003
Armenia,ARM,Environment,10.000,2004
Armenia,ARM,Environment,36.667,2005
Armenia,ARM,Environment,10.000,2006
Armenia,ARM,Environment,10.000,2007
Armenia,ARM,Environment,10.000,2008
Armenia,ARM,Environment,10.000,2009
Armenia,ARM,Environment,53.333,2010
Armenia,ARM,Environment,10.000,2011
Armenia,ARM,Environment,10.000,2012
Armenia,ARM,Environment,13.333,2013
Armenia,ARM,Environment,23.333,2014
Armenia,ARM,Environment,13.333,2015
Armenia,ARM,Environment,56.667,2016
Armenia,ARM,Environment,23.333,2017
Armenia,ARM,Environment,13.333,2018
Armenia,ARM,Environment,30.000,2019
Armenia,ARM,Environment,10.000,2020
Armenia,ARM,Environment,20.000,2021
Armenia,ARM,Environment,10.000,2022
Armenia,ARM,Environment,0.000,2023
Armenia,ARM,Health,3.030,1960
Armenia,ARM,Health,3.030,1961
Armenia,ARM,Health,3.030,1962
Armenia,ARM,Health,3.030,1963
Armenia,ARM,Health,3.030,1964
Armenia,ARM,Health,3.030,1965
Armenia,ARM,Health,3.030,1966
Armenia,ARM,Health,3.030,1967
Armenia,ARM,Health,3.030,1968
Armenia,ARM,Health,3.030,1969
Armenia,ARM,Health,3.030,1970
Armenia,ARM,Health,3.030,1971
Armenia,ARM,Health,3.030,1972
Armenia,ARM,Health,3.030,1973
Armenia,ARM,Health,3.030,1974
Armenia,ARM,Health,5.556,1975
Armenia,ARM,Health,8.586,1976
Armenia,ARM,Health,10.101,1977
Armenia,ARM,Health,10.101,1978
Armenia,ARM,Health,10.101,1979
Armenia,ARM,Health,10.101,1980
Armenia,ARM,Health,11.111,1981
Armenia,ARM,Health,11.111,1982
Armenia,ARM,Health,11.111,1983
Armenia,ARM,Health,11.111,1984
Armenia,ARM,Health,11.616,1985
Armenia,ARM,Health,11.616,1986
Armenia,ARM,Health,11.616,1987
Armenia,ARM,Health,11.616,1988
Armenia,ARM,Health,12.121,1989
Armenia,ARM,Health,16.667,1990
Armenia,ARM,Health,17.677,1991
Armenia,ARM,Health,17.677,1992
Armenia,ARM,Health,17.677,1993
Armenia,ARM,Health,17.677,1994
Armenia,ARM,Health,17.677,1995
Armenia,ARM,Health,17.677,1996
Armenia,ARM,Health,18.182,1997
Armenia,ARM,Health,25.253,1998
Armenia,ARM,Health,17.677,1999
Armenia,ARM,Health,79.293,2000
Armenia,ARM,Health,32.323,2001
Armenia,ARM,Health,32.323,2002
Armenia,ARM,Health,32.323,2003
Armenia,ARM,Health,32.323,2004
Armenia,ARM,Health,58.586,2005
Armenia,ARM,Health,32.323,2006
Armenia,ARM,Health,32.323,2007
Armenia,ARM,Health,32.323,2008
Armenia,ARM,Health,32.323,2009
Armenia,ARM,Health,85.859,2010
Armenia,ARM,Health,32.323,2011
Armenia,ARM,Health,32.828,2012
Armenia,ARM,Health,32.828,2013
Armenia,ARM,Health,33.838,2014
Armenia,ARM,Health,57.071,2015
Armenia,ARM,Health,57.576,2016
Armenia,ARM,Health,35.859,2017
Armenia,ARM,Health,35.354,2018
Armenia,ARM,Health,56.566,2019
Armenia,ARM,Health,27.273,2020
Armenia,ARM,Health,19.192,2021
Armenia,ARM,Health,16.667,2022
Armenia,ARM,Health,1.010,2023
Armenia,ARM,Leadership,0.000,1960
Armenia,ARM,Leadership,0.000,1961
Armenia,ARM,Leadership,0.000,1962
Armenia,ARM,Leadership,0.000,1963
Armenia,ARM,Leadership,0.000,1964
Armenia,ARM,Leadership,0.000,1965
Armenia,ARM,Leadership,0.000,1966
Armenia,ARM,Leadership,0.000,1967
Armenia,ARM,Leadership,0.000,1968
Armenia,ARM,Leadership,0.000,1969
Armenia,ARM,Leadership,0.000,1970
Armenia,ARM,Leadership,0.000,1971
Armenia,ARM,Leadership,0.000,1972
Armenia,ARM,Leadership,0.000,1973
Armenia,ARM,Leadership,0.000,1974
Armenia,ARM,Leadership,0.000,1975
Armenia,ARM,Leadership,0.000,1976
Armenia,ARM,Leadership,0.000,1977
Armenia,ARM,Leadership,0.000,1978
Armenia,ARM,Leadership,0.000,1979
Armenia,ARM,Leadership,0.000,1980
Armenia,ARM,Leadership,0.000,1981
Armenia,ARM,Leadership,0.000,1982
Armenia,ARM,Leadership,0.000,1983
Armenia,ARM,Leadership,0.000,1984
Armenia,ARM,Leadership,0.000,1985
Armenia,ARM,Leadership,0.000,1986
Armenia,ARM,Leadership,0.000,1987
Armenia,ARM,Leadership,0.000,1988
Armenia,ARM,Leadership,0.000,1989
Armenia,ARM,Leadership,0.000,1990
Armenia,ARM,Leadership,0.000,1991
Armenia,ARM,Leadership,0.000,1992
Armenia,ARM,Leadership,0.000,1993
Armenia,ARM,Leadership,0.000,1994
Armenia,ARM,Leadership,0.000,1995
Armenia,ARM,Leadership,0.000,1996
Armenia,ARM,Leadership,25.000,1997
Armenia,ARM,Leadership,25.000,1998
Armenia,ARM,Leadership,25.000,1999
Armenia,ARM,Leadership,25.000,2000
Armenia,ARM,Leadership,25.000,2001
Armenia,ARM,Leadership,25.000,2002
Armenia,ARM,Leadership,25.000,2003
Armenia,ARM,Leadership,25.000,2004
Armenia,ARM,Leadership,50.000,2005
Armenia,ARM,Leadership,25.000,2006
Armenia,ARM,Leadership,25.000,2007
Armenia,ARM,Leadership,50.000,2008
Armenia,ARM,Leadership,50.000,2009
Armenia,ARM,Leadership,50.000,2010
Armenia,ARM,Leadership,25.000,2011
Armenia,ARM,Leadership,50.000,2012
Armenia,ARM,Leadership,50.000,2013
Armenia,ARM,Leadership,50.000,2014
Armenia,ARM,Leadership,50.000,2015
Armenia,ARM,Leadership,50.000,2016
Armenia,ARM,Leadership,25.000,2017
Armenia,ARM,Leadership,50.000,2018
Armenia,ARM,Leadership,50.000,2019
Armenia,ARM,Leadership,75.000,2020
Armenia,ARM,Leadership,25.000,2021
Armenia,ARM,Leadership,50.000,2022
Armenia,ARM,Leadership,25.000,2023
Armenia,ARM,Norms and Decision-making,0.000,1960
Armenia,ARM,Norms and Decision-making,0.000,1961
Armenia,ARM,Norms and Decision-making,0.000,1962
Armenia,ARM,Norms and Decision-making,0.000,1963
Armenia,ARM,Norms and Decision-making,0.000,1964
Armenia,ARM,Norms and Decision-making,0.000,1965
Armenia,ARM,Norms and Decision-making,0.000,1966
Armenia,ARM,Norms and Decision-making,0.000,1967
Armenia,ARM,Norms and Decision-making,0.000,1968
Armenia,ARM,Norms and Decision-making,0.000,1969
Armenia,ARM,Norms and Decision-making,12.593,1970
Armenia,ARM,Norms and Decision-making,12.593,1971
Armenia,ARM,Norms and Decision-making,12.593,1972
Armenia,ARM,Norms and Decision-making,12.593,1973
Armenia,ARM,Norms and Decision-making,12.593,1974
Armenia,ARM,Norms and Decision-making,12.593,1975
Armenia,ARM,Norms and Decision-making,12.593,1976
Armenia,ARM,Norms and Decision-making,12.593,1977
Armenia,ARM,Norms and Decision-making,12.593,1978
Armenia,ARM,Norms and Decision-making,12.593,1979
Armenia,ARM,Norms and Decision-making,12.593,1980
Armenia,ARM,Norms and Decision-making,12.593,1981
Armenia,ARM,Norms and Decision-making,12.593,1982
Armenia,ARM,Norms and Decision-making,12.593,1983
Armenia,ARM,Norms and Decision-making,12.593,1984
Armenia,ARM,Norms and Decision-making,12.593,1985
Armenia,ARM,Norms and Decision-making,12.593,1986
Armenia,ARM,Norms and Decision-making,12.593,1987
Armenia,ARM,Norms and Decision-making,12.593,1988
Armenia,ARM,Norms and Decision-making,12.593,1989
Armenia,ARM,Norms and Decision-making,12.593,1990
Armenia,ARM,Norms and Decision-making,12.593,1991
Armenia,ARM,Norms and Decision-making,12.593,1992
Armenia,ARM,Norms and Decision-making,12.593,1993
Armenia,ARM,Norms and Decision-making,12.593,1994
Armenia,ARM,Norms and Decision-making,12.593,1995
Armenia,ARM,Norms and Decision-making,12.593,1996
Armenia,ARM,Norms and Decision-making,12.593,1997
Armenia,ARM,Norms and Decision-making,12.593,1998
Armenia,ARM,Norms and Decision-making,12.593,1999
Armenia,ARM,Norms and Decision-making,92.593,2000
Armenia,ARM,Norms and Decision-making,14.074,2001
Armenia,ARM,Norms and Decision-making,12.593,2002
Armenia,ARM,Norms and Decision-making,12.593,2003
Armenia,ARM,Norms and Decision-making,12.593,2004
Armenia,ARM,Norms and Decision-making,81.481,2005
Armenia,ARM,Norms and Decision-making,12.593,2006
Armenia,ARM,Norms and Decision-making,12.593,2007
Armenia,ARM,Norms and Decision-making,12.593,2008
Armenia,ARM,Norms and Decision-making,12.593,2009
Armenia,ARM,Norms and Decision-making,71.852,2010
Armenia,ARM,Norms and Decision-making,14.074,2011
Armenia,ARM,Norms and Decision-making,12.593,2012
Armenia,ARM,Norms and Decision-making,12.593,2013
Armenia,ARM,Norms and Decision-making,12.593,2014
Armenia,ARM,Norms and Decision-making,14.074,2015
Armenia,ARM,Norms and Decision-making,71.852,2016
Armenia,ARM,Norms and Decision-making,12.593,2017
Armenia,ARM,Norms and Decision-making,12.593,2018
Armenia,ARM,Norms and Decision-making,12.593,2019
Armenia,ARM,Norms and Decision-making,12.593,2020
Armenia,ARM,Norms and Decision-making,12.593,2021
Armenia,ARM,Norms and Decision-making,12.593,2022
Armenia,ARM,Norms and Decision-making,12.593,2023
Armenia,ARM,Population,86.905,1960
Armenia,ARM,Population,86.905,1961
Armenia,ARM,Population,86.905,1962
Armenia,ARM,Population,86.905,1963
Armenia,ARM,Population,86.905,1964
Armenia,ARM,Population,86.905,1965
Armenia,ARM,Population,86.905,1966
Armenia,ARM,Population,86.905,1967
Armenia,ARM,Population,86.905,1968
Armenia,ARM,Population,86.905,1969
Armenia,ARM,Population,86.905,1970
Armenia,ARM,Population,86.905,1971
Armenia,ARM,Population,86.905,1972
Armenia,ARM,Population,86.905,1973
Armenia,ARM,Population,86.905,1974
Armenia,ARM,Population,86.905,1975
Armenia,ARM,Population,86.905,1976
Armenia,ARM,Population,86.905,1977
Armenia,ARM,Population,86.905,1978
Armenia,ARM,Population,86.905,1979
Armenia,ARM,Population,91.667,1980
Armenia,ARM,Population,86.905,1981
Armenia,ARM,Population,86.905,1982
Armenia,ARM,Population,86.905,1983
Armenia,ARM,Population,86.905,1984
Armenia,ARM,Population,91.667,1985
Armenia,ARM,Population,86.905,1986
Armenia,ARM,Population,86.905,1987
Armenia,ARM,Population,86.905,1988
Armenia,ARM,Population,86.905,1989
Armenia,ARM,Population,92.857,1990
Armenia,ARM,Population,86.905,1991
Armenia,ARM,Population,86.905,1992
Armenia,ARM,Population,86.905,1993
Armenia,ARM,Population,86.905,1994
Armenia,ARM,Population,92.857,1995
Armenia,ARM,Population,86.905,1996
Armenia,ARM,Population,86.905,1997
Armenia,ARM,Population,86.905,1998
Armenia,ARM,Population,86.905,1999
Armenia,ARM,Population,96.429,2000
Armenia,ARM,Population,89.286,2001
Armenia,ARM,Population,86.905,2002
Armenia,ARM,Population,86.905,2003
Armenia,ARM,Population,86.905,2004
Armenia,ARM,Population,100.000,2005
Armenia,ARM,Population,86.905,2006
Armenia,ARM,Population,86.905,2007
Armenia,ARM,Population,86.905,2008
Armenia,ARM,Population,86.905,2009
Armenia,ARM,Population,100.000,2010
Armenia,ARM,Population,89.286,2011
Armenia,ARM,Population,86.905,2012
Armenia,ARM,Population,86.905,2013
Armenia,ARM,Population,86.905,2014
Armenia,ARM,Population,95.238,2015
Armenia,ARM,Population,91.667,2016
Armenia,ARM,Population,86.905,2017
Armenia,ARM,Population,86.905,2018
Armenia,ARM,Population,86.905,2019
Armenia,ARM,Population,88.095,2020
Armenia,ARM,Population,86.905,2021
Armenia,ARM,Population,86.905,2022
Armenia,ARM,Population,77.381,2023
Armenia,ARM,SDGs,0.671,1960
Armenia,ARM,SDGs,0.671,1961
Armenia,ARM,SDGs,0.671,1962
Armenia,ARM,SDGs,0.671,1963
Armenia,ARM,SDGs,0.671,1964
Armenia,ARM,SDGs,0.671,1965
Armenia,ARM,SDGs,0.671,1966
Armenia,ARM,SDGs,0.671,1967
Armenia,ARM,SDGs,0.671,1968
Armenia,ARM,SDGs,0.671,1969
Armenia,ARM,SDGs,9.396,1970
Armenia,ARM,SDGs,9.396,1971
Armenia,ARM,SDGs,9.396,1972
Armenia,ARM,SDGs,9.396,1973
Armenia,ARM,SDGs,9.396,1974
Armenia,ARM,SDGs,9.396,1975
Armenia,ARM,SDGs,11.409,1976
Armenia,ARM,SDGs,11.409,1977
Armenia,ARM,SDGs,11.409,1978
Armenia,ARM,SDGs,11.409,1979
Armenia,ARM,SDGs,11.409,1980
Armenia,ARM,SDGs,11.409,1981
Armenia,ARM,SDGs,11.409,1982
Armenia,ARM,SDGs,11.409,1983
Armenia,ARM,SDGs,11.409,1984
Armenia,ARM,SDGs,12.081,1985
Armenia,ARM,SDGs,12.081,1986
Armenia,ARM,SDGs,12.081,1987
Armenia,ARM,SDGs,12.081,1988
Armenia,ARM,SDGs,12.752,1989
Armenia,ARM,SDGs,16.779,1990
Armenia,ARM,SDGs,20.805,1991
Armenia,ARM,SDGs,23.490,1992
Armenia,ARM,SDGs,23.490,1993
Armenia,ARM,SDGs,23.490,1994
Armenia,ARM,SDGs,23.490,1995
Armenia,ARM,SDGs,23.490,1996
Armenia,ARM,SDGs,24.161,1997
Armenia,ARM,SDGs,24.161,1998
Armenia,ARM,SDGs,24.161,1999
Armenia,ARM,SDGs,69.128,2000
Armenia,ARM,SDGs,34.899,2001
Armenia,ARM,SDGs,34.899,2002
Armenia,ARM,SDGs,36.913,2003
Armenia,ARM,SDGs,36.242,2004
Armenia,ARM,SDGs,38.926,2005
Armenia,ARM,SDGs,34.899,2006
Armenia,ARM,SDGs,40.940,2007
Armenia,ARM,SDGs,40.268,2008
Armenia,ARM,SDGs,38.926,2009
Armenia,ARM,SDGs,73.826,2010
Armenia,ARM,SDGs,42.953,2011
Armenia,ARM,SDGs,38.926,2012
Armenia,ARM,SDGs,38.926,2013
Armenia,ARM,SDGs,40.940,2014
Armenia,ARM,SDGs,72.483,2015
Armenia,ARM,SDGs,42.282,2016
Armenia,ARM,SDGs,40.268,2017
Armenia,ARM,SDGs,40.940,2018
Armenia,ARM,SDGs,73.826,2019
Armenia,ARM,SDGs,31.544,2020
Armenia,ARM,SDGs,28.859,2021
Armenia,ARM,SDGs,22.819,2022
Armenia,ARM,SDGs,14.094,2023
Armenia,ARM,Technology,0.000,1960
Armenia,ARM,Technology,0.000,1961
Armenia,ARM,Technology,0.000,1962
Armenia,ARM,Technology,0.000,1963
Armenia,ARM,Technology,0.000,1964
Armenia,ARM,Technology,0.000,1965
Armenia,ARM,Technology,0.000,1966
Armenia,ARM,Technology,0.000,1967
Armenia,ARM,Technology,0.000,1968
Armenia,ARM,Technology,0.000,1969
Armenia,ARM,Technology,0.000,1970
Armenia,ARM,Technology,0.000,1971
Armenia,ARM,Technology,0.000,1972
Armenia,ARM,Technology,0.000,1973
Armenia,ARM,Technology,0.000,1974
Armenia,ARM,Technology,0.000,1975
Armenia,ARM,Technology,0.000,1976
Armenia,ARM,Technology,0.000,1977
Armenia,ARM,Technology,0.000,1978
Armenia,ARM,Technology,0.000,1979
Armenia,ARM,Technology,0.000,1980
Armenia,ARM,Technology,0.000,1981
Armenia,ARM,Technology,0.000,1982
Armenia,ARM,Technology,0.000,1983
Armenia,ARM,Technology,0.000,1984
Armenia,ARM,Technology,0.000,1985
Armenia,ARM,Technology,0.000,1986
Armenia,ARM,Technology,0.000,1987
Armenia,ARM,Technology,0.000,1988
Armenia,ARM,Technology,0.000,1989
Armenia,ARM,Technology,2.222,1990
Armenia,ARM,Technology,2.222,1991
Armenia,ARM,Technology,2.222,1992
Armenia,ARM,Technology,2.222,1993
Armenia,ARM,Technology,2.222,1994
Armenia,ARM,Technology,2.222,1995
Armenia,ARM,Technology,2.222,1996
Armenia,ARM,Technology,2.222,1997
Armenia,ARM,Technology,2.222,1998
Armenia,ARM,Technology,2.222,1999
Armenia,ARM,Technology,2.222,2000
Armenia,ARM,Technology,2.222,2001
Armenia,ARM,Technology,2.222,2002
Armenia,ARM,Technology,2.222,2003
Armenia,ARM,Technology,2.222,2004
Armenia,ARM,Technology,2.222,2005
Armenia,ARM,Technology,2.222,2006
Armenia,ARM,Technology,2.222,2007
Armenia,ARM,Technology,2.222,2008
Armenia,ARM,Technology,2.222,2009
Armenia,ARM,Technology,8.889,2010
Armenia,ARM,Technology,8.889,2011
Armenia,ARM,Technology,2.222,2012
Armenia,ARM,Technology,8.889,2013
Armenia,ARM,Technology,42.222,2014
Armenia,ARM,Technology,13.333,2015
Armenia,ARM,Technology,13.333,2016
Armenia,ARM,Technology,66.667,2017
Armenia,ARM,Technology,13.333,2018
Armenia,ARM,Technology,6.667,2019
Armenia,ARM,Technology,6.667,2020
Armenia,ARM,Technology,86.667,2021
Armenia,ARM,Technology,6.667,2022
Armenia,ARM,Technology,0.000,2023
Armenia,ARM,Violence,0.000,1960
Armenia,ARM,Violence,0.000,1961
Armenia,ARM,Violence,0.000,1962
Armenia,ARM,Violence,0.000,1963
Armenia,ARM,Violence,0.000,1964
Armenia,ARM,Violence,0.000,1965
Armenia,ARM,Violence,0.000,1966
Armenia,ARM,Violence,0.000,1967
Armenia,ARM,Violence,0.000,1968
Armenia,ARM,Violence,0.000,1969
Armenia,ARM,Violence,2.143,1970
Armenia,ARM,Violence,2.143,1971
Armenia,ARM,Violence,2.143,1972
Armenia,ARM,Violence,2.143,1973
Armenia,ARM,Violence,2.143,1974
Armenia,ARM,Violence,2.143,1975
Armenia,ARM,Violence,2.143,1976
Armenia,ARM,Violence,2.143,1977
Armenia,ARM,Violence,2.143,1978
Armenia,ARM,Violence,2.143,1979
Armenia,ARM,Violence,2.143,1980
Armenia,ARM,Violence,2.143,1981
Armenia,ARM,Violence,2.143,1982
Armenia,ARM,Violence,2.143,1983
Armenia,ARM,Violence,2.143,1984
Armenia,ARM,Violence,2.143,1985
Armenia,ARM,Violence,2.143,1986
Armenia,ARM,Violence,2.143,1987
Armenia,ARM,Violence,2.143,1988
Armenia,ARM,Violence,2.143,1989
Armenia,ARM,Violence,4.286,1990
Armenia,ARM,Violence,4.286,1991
Armenia,ARM,Violence,2.857,1992
Armenia,ARM,Violence,4.286,1993
Armenia,ARM,Violence,4.286,1994
Armenia,ARM,Violence,4.286,1995
Armenia,ARM,Violence,4.286,1996
Armenia,ARM,Violence,4.286,1997
Armenia,ARM,Violence,4.286,1998
Armenia,ARM,Violence,4.286,1999
Armenia,ARM,Violence,62.143,2000
Armenia,ARM,Violence,6.429,2001
Armenia,ARM,Violence,6.429,2002
Armenia,ARM,Violence,5.714,2003
Armenia,ARM,Violence,6.429,2004
Armenia,ARM,Violence,49.286,2005
Armenia,ARM,Violence,6.429,2006
Armenia,ARM,Violence,6.429,2007
Armenia,ARM,Violence,6.429,2008
Armenia,ARM,Violence,6.429,2009
Armenia,ARM,Violence,40.000,2010
Armenia,ARM,Violence,6.429,2011
Armenia,ARM,Violence,6.429,2012
Armenia,ARM,Violence,6.429,2013
Armenia,ARM,Violence,6.429,2014
Armenia,ARM,Violence,6.429,2015
Armenia,ARM,Violence,56.429,2016
Armenia,ARM,Violence,6.429,2017
Armenia,ARM,Violence,9.286,2018
Armenia,ARM,Violence,6.429,2019
Armenia,ARM,Violence,4.286,2020
Armenia,ARM,Violence,4.286,2021
Armenia,ARM,Violence,2.143,2022
Armenia,ARM,Violence,2.143,2023
Armenia,ARM,Youth 15-24,4.587,1960
Armenia,ARM,Youth 15-24,4.587,1961
Armenia,ARM,Youth 15-24,4.587,1962
Armenia,ARM,Youth 15-24,4.587,1963
Armenia,ARM,Youth 15-24,4.587,1964
Armenia,ARM,Youth 15-24,4.587,1965
Armenia,ARM,Youth 15-24,4.587,1966
Armenia,ARM,Youth 15-24,4.587,1967
Armenia,ARM,Youth 15-24,4.587,1968
Armenia,ARM,Youth 15-24,4.587,1969
Armenia,ARM,Youth 15-24,4.587,1970
Armenia,ARM,Youth 15-24,4.587,1971
Armenia,ARM,Youth 15-24,4.587,1972
Armenia,ARM,Youth 15-24,4.587,1973
Armenia,ARM,Youth 15-24,4.587,1974
Armenia,ARM,Youth 15-24,4.587,1975
Armenia,ARM,Youth 15-24,4.587,1976
Armenia,ARM,Youth 15-24,4.587,1977
Armenia,ARM,Youth 15-24,4.587,1978
Armenia,ARM,Youth 15-24,4.587,1979
Armenia,ARM,Youth 15-24,4.587,1980
Armenia,ARM,Youth 15-24,4.587,1981
Armenia,ARM,Youth 15-24,4.587,1982
Armenia,ARM,Youth 15-24,4.587,1983
Armenia,ARM,Youth 15-24,4.587,1984
Armenia,ARM,Youth 15-24,4.587,1985
Armenia,ARM,Youth 15-24,5.505,1986
Armenia,ARM,Youth 15-24,4.587,1987
Armenia,ARM,Youth 15-24,5.505,1988
Armenia,ARM,Youth 15-24,12.844,1989
Armenia,ARM,Youth 15-24,12.844,1990
Armenia,ARM,Youth 15-24,20.183,1991
Armenia,ARM,Youth 15-24,20.183,1992
Armenia,ARM,Youth 15-24,20.183,1993
Armenia,ARM,Youth 15-24,22.018,1994
Armenia,ARM,Youth 15-24,19.266,1995
Armenia,ARM,Youth 15-24,22.018,1996
Armenia,ARM,Youth 15-24,24.771,1997
Armenia,ARM,Youth 15-24,22.936,1998
Armenia,ARM,Youth 15-24,22.936,1999
Armenia,ARM,Youth 15-24,44.954,2000
Armenia,ARM,Youth 15-24,44.037,2001
Armenia,ARM,Youth 15-24,27.523,2002
Armenia,ARM,Youth 15-24,27.523,2003
Armenia,ARM,Youth 15-24,31.193,2004
Armenia,ARM,Youth 15-24,37.615,2005
Armenia,ARM,Youth 15-24,32.110,2006
Armenia,ARM,Youth 15-24,57.798,2007
Armenia,ARM,Youth 15-24,55.046,2008
Armenia,ARM,Youth 15-24,52.294,2009
Armenia,ARM,Youth 15-24,79.817,2010
Armenia,ARM,Youth 15-24,76.147,2011
Armenia,ARM,Youth 15-24,47.706,2012
Armenia,ARM,Youth 15-24,70.642,2013
Armenia,ARM,Youth 15-24,67.890,2014
Armenia,ARM,Youth 15-24,76.147,2015
Armenia,ARM,Youth 15-24,66.055,2016
Armenia,ARM,Youth 15-24,69.725,2017
Armenia,ARM,Youth 15-24,73.394,2018
Armenia,ARM,Youth 15-24,55.963,2019
Armenia,ARM,Youth 15-24,56.881,2020
Armenia,ARM,Youth 15-24,53.211,2021
Armenia,ARM,Youth 15-24,36.697,2022
Armenia,ARM,Youth 15-24,22.936,2023
